# t (s)	mx ()	my ()	mz ()	E_total (J)	J (A/m2)	T (K)
0	0	0	1	-4.1875195e-17	0	300
1e-13	0.19400948	-8.797252e-08	0.98097837	-4.3464526e-17	-4.796119e+07	300
2e-13	0.19400948	-1.8094035e-07	0.98097837	-4.3464526e-17	-4.796119e+07	300
3.4999999999999997e-13	0.19400948	-3.3048786e-07	0.98097837	-4.346452e-17	-5.3942856e+07	300
4.4999999999999995e-13	0.19400948	-4.3739237e-07	0.98097837	-4.3464526e-17	-5.3942856e+07	300
5.5e-13	0.19400948	-5.5047457e-07	0.98097837	-4.3464526e-17	-6.24797e+07	300
6.5e-13	0.1940095	-6.701051e-07	0.98097837	-4.3464526e-17	-6.24797e+07	300
7.499999999999999e-13	0.19400948	-7.966835e-07	0.98097837	-4.3464526e-17	-7.02721e+07	300
8.499999999999999e-13	0.1940095	-9.30631e-07	0.98097837	-4.346452e-17	-7.02721e+07	300
9.5e-13	0.19400948	-1.0723934e-06	0.98097837	-4.3464526e-17	-8.139315e+07	300
1.05e-12	0.19400948	-1.2224407e-06	0.98097837	-4.3464526e-17	-8.139315e+07	300
1.15e-12	0.19400948	-1.3812796e-06	0.98097837	-4.3464526e-17	-9.15444e+07	300
1.25e-12	0.19400948	-1.5494442e-06	0.98097837	-4.346452e-17	-9.15444e+07	300
1.35e-12	0.19400948	-1.7274988e-06	0.98097837	-4.3464526e-17	-1.02961704e+08	300
1.4499999999999999e-12	0.19400948	-1.9160461e-06	0.98097837	-4.3464526e-17	-1.02961704e+08	300
1.5499999999999999e-12	0.19400948	-2.1157207e-06	0.98097837	-4.3464533e-17	-1.1580294e+08	300
1.6499999999999998e-12	0.19400948	-2.3271928e-06	0.98097837	-4.3464526e-17	-1.1580294e+08	300
1.7499999999999998e-12	0.1940095	-2.5511804e-06	0.98097837	-4.3464526e-17	-1.3024573e+08	300
1.85e-12	0.19400948	-2.7884398e-06	0.98097837	-4.3464533e-17	-1.3024573e+08	300
1.95e-12	0.19400948	-3.0397687e-06	0.98097837	-4.3464526e-17	-1.464898e+08	300
2.05e-12	0.19400948	-3.3060228e-06	0.98097837	-4.3464526e-17	-1.464898e+08	300
2.15e-12	0.19400948	-3.5881098e-06	0.98097837	-4.3464526e-17	-1.6475978e+08	300
2.25e-12	0.19400948	-3.8869885e-06	0.98097837	-4.3464526e-17	-1.6475978e+08	300
2.35e-12	0.19400948	-4.2036777e-06	0.98097837	-4.3464526e-17	-1.8530835e+08	300
2.45e-12	0.19400948	-4.539251e-06	0.98097837	-4.346454e-17	-1.8530835e+08	300
2.55e-12	0.1940095	-4.8948336e-06	0.98097837	-4.346452e-17	-2.084197e+08	300
2.65e-12	0.1940095	-5.2715945e-06	0.98097837	-4.346452e-17	-2.084197e+08	300
2.7499999999999998e-12	0.19400948	-5.6708263e-06	0.98097837	-4.3464526e-17	-2.3441342e+08	300
2.8499999999999998e-12	0.1940095	-6.093905e-06	0.98097837	-4.346452e-17	-2.3441342e+08	300
2.9499999999999997e-12	0.19400951	-6.542255e-06	0.98097837	-4.3464526e-17	-2.6364902e+08	300
3.0499999999999997e-12	0.19400954	-7.017316e-06	0.98097837	-4.3464526e-17	-2.6364902e+08	300
3.1499999999999997e-12	0.19400959	-7.5203643e-06	0.98097837	-4.3464536e-17	-2.9653078e+08	300
3.2499999999999997e-12	0.19400965	-8.052873e-06	0.9809783	-4.3464543e-17	-2.9653078e+08	300
3.3499999999999997e-12	0.1940097	-8.616697e-06	0.9809783	-4.3464543e-17	-3.3351347e+08	300
3.4499999999999996e-12	0.19400975	-9.2137725e-06	0.9809783	-4.346454e-17	-3.3351347e+08	300
3.5499999999999996e-12	0.19400983	-9.846144e-06	0.9809783	-4.346454e-17	-3.7510848e+08	300
3.65e-12	0.19400987	-1.0515945e-05	0.9809783	-4.346454e-17	-3.7510848e+08	300
3.75e-12	0.19400993	-1.1225537e-05	0.9809783	-4.3464546e-17	-4.2189107e+08	300
3.85e-12	0.19401	-1.1977357e-05	0.9809783	-4.346455e-17	-4.2189107e+08	300
3.95e-12	0.1940101	-1.2773866e-05	0.98097825	-4.3464543e-17	-4.7450816e+08	300
4.05e-12	0.19401018	-1.3617668e-05	0.98097825	-4.3464553e-17	-4.7450816e+08	300
4.15e-12	0.1940103	-1.45114545e-05	0.98097825	-4.346454e-17	-5.3368742e+08	300
4.25e-12	0.1940104	-1.5458021e-05	0.98097825	-4.3464543e-17	-5.3368742e+08	300
4.35e-12	0.19401053	-1.6460768e-05	0.98097825	-4.3464556e-17	-6.002472e+08	300
4.45e-12	0.19401065	-1.7523229e-05	0.98097825	-4.346454e-17	-6.002472e+08	300
4.55e-12	0.19401076	-1.864897e-05	0.98097813	-4.3464543e-17	-6.751079e+08	300
4.65e-12	0.19401093	-1.9841815e-05	0.98097813	-4.346454e-17	-6.751079e+08	300
4.75e-12	0.19401109	-2.1105734e-05	0.9809781	-4.346454e-17	-7.5930477e+08	300
4.85e-12	0.19401124	-2.2444843e-05	0.9809781	-4.3464543e-17	-7.5930477e+08	300
4.95e-12	0.19401143	-2.3863808e-05	0.980978	-4.3464546e-17	-8.5400205e+08	300
5.05e-12	0.19401161	-2.53676e-05	0.98097795	-4.3464543e-17	-8.5400205e+08	300
5.15e-12	0.19401178	-2.6961507e-05	0.980978	-4.346454e-17	-9.6050925e+08	300
5.25e-12	0.19401194	-2.8651157e-05	0.98097783	-4.346453e-17	-9.6050925e+08	300
5.35e-12	0.19401214	-3.0442374e-05	0.98097783	-4.3464533e-17	-1.0802991e+09	300
5.45e-12	0.19401233	-3.2341366e-05	0.98097783	-4.3464543e-17	-1.0802991e+09	300
5.5499999999999996e-12	0.19401255	-3.435453e-05	0.9809778	-4.3464546e-17	-1.215028e+09	300
5.6499999999999996e-12	0.19401278	-3.648856e-05	0.9809778	-4.3464543e-17	-1.215028e+09	300
5.7499999999999995e-12	0.19401303	-3.8750903e-05	0.98097765	-4.3464533e-17	-1.3665587e+09	300
5.8499999999999995e-12	0.19401334	-4.1149182e-05	0.98097765	-4.3464533e-17	-1.3665587e+09	300
5.9499999999999995e-12	0.19401363	-4.3691438e-05	0.9809776	-4.3464536e-17	-1.5369865e+09	300
6.0499999999999995e-12	0.19401395	-4.638654e-05	0.98097754	-4.346455e-17	-1.5369865e+09	300
6.1499999999999994e-12	0.19401431	-4.9243474e-05	0.9809774	-4.3464543e-17	-1.7286678e+09	300
6.2499999999999994e-12	0.19401464	-5.227221e-05	0.98097736	-4.346454e-17	-1.7286678e+09	300
6.349999999999999e-12	0.194015	-5.548337e-05	0.9809773	-4.3464546e-17	-1.9442525e+09	300
6.449999999999999e-12	0.19401537	-5.8888196e-05	0.9809773	-4.346454e-17	-1.9442525e+09	300
6.549999999999999e-12	0.19401579	-6.249809e-05	0.9809771	-4.346453e-17	-2.1867215e+09	300
6.649999999999999e-12	0.19401622	-6.632571e-05	0.98097706	-4.346455e-17	-2.1867215e+09	300
6.749999999999999e-12	0.19401671	-7.038375e-05	0.98097694	-4.3464536e-17	-2.4594266e+09	300
6.849999999999999e-12	0.19401723	-7.468633e-05	0.9809769	-4.346454e-17	-2.4594266e+09	300
6.949999999999999e-12	0.19401775	-7.9248115e-05	0.9809767	-4.346456e-17	-2.7661373e+09	300
7.049999999999999e-12	0.1940183	-8.4085164e-05	0.98097664	-4.3464536e-17	-2.7661373e+09	300
7.149999999999999e-12	0.1940189	-8.9213936e-05	0.9809765	-4.3464546e-17	-3.111094e+09	300
7.249999999999999e-12	0.19401956	-9.4652125e-05	0.9809764	-4.3464533e-17	-3.111094e+09	300
7.35e-12	0.19402023	-0.00010041841	0.98097634	-4.346455e-17	-3.4990646e+09	300
7.400000000000002e-12	0.19402057	-0.00010343062	0.98097616	-4.3464543e-17	-3.4990646e+09	300
7.500000000000003e-12	0.19402128	-0.00010972656	0.9809761	-4.346455e-17	-3.4990646e+09	300
7.600000000000005e-12	0.19402209	-0.000116402756	0.9809759	-4.3464536e-17	-3.9354112e+09	300
7.700000000000006e-12	0.19402291	-0.00012348185	0.9809757	-4.3464536e-17	-3.9354112e+09	300
7.800000000000008e-12	0.19402383	-0.00013098816	0.9809756	-4.346455e-17	-4.426164e+09	300
7.90000000000001e-12	0.19402479	-0.00013894727	0.9809754	-4.3464543e-17	-4.426164e+09	300
8.000000000000011e-12	0.19402581	-0.00014738653	0.9809752	-4.346454e-17	-4.978106e+09	300
8.100000000000013e-12	0.19402692	-0.00015633479	0.9809749	-4.3464546e-17	-4.978106e+09	300
8.200000000000014e-12	0.1940281	-0.00016582306	0.98097473	-4.3464543e-17	-5.598862e+09	300
8.300000000000016e-12	0.19402933	-0.0001758841	0.98097444	-4.346454e-17	-5.598862e+09	300
8.400000000000018e-12	0.19403061	-0.00018655238	0.98097426	-4.3464546e-17	-6.2970097e+09	300
8.500000000000019e-12	0.19403197	-0.00019786491	0.9809739	-4.3464536e-17	-6.2970097e+09	300
8.60000000000002e-12	0.19403344	-0.00020986065	0.9809737	-4.3464543e-17	-7.0821934e+09	300
8.700000000000022e-12	0.194035	-0.00022258084	0.98097336	-4.3464543e-17	-7.0821934e+09	300
8.800000000000024e-12	0.19403662	-0.00023607015	0.98097295	-4.346453e-17	-7.965259e+09	300.00003
8.900000000000025e-12	0.19403836	-0.0002503745	0.98097265	-4.3464526e-17	-7.965259e+09	300.00003
9.000000000000027e-12	0.19404024	-0.00026554166	0.98097235	-4.3464543e-17	-8.9584e+09	300.00003
9.100000000000029e-12	0.19404224	-0.00028162496	0.98097193	-4.3464546e-17	-8.9584e+09	300.00003
9.20000000000003e-12	0.19404429	-0.0002986797	0.98097146	-4.346454e-17	-1.0075333e+10	300.00003
9.300000000000032e-12	0.19404654	-0.00031676464	0.98097104	-4.346454e-17	-1.0075333e+10	300.00003
9.400000000000033e-12	0.19404888	-0.0003359424	0.98097056	-4.3464533e-17	-1.1331474e+10	300.00003
9.500000000000035e-12	0.19405136	-0.00035627896	0.9809701	-4.3464543e-17	-1.1331474e+10	300.00003
9.600000000000037e-12	0.19405401	-0.00037784546	0.98096955	-4.346454e-17	-1.2744162e+10	300.00006
9.700000000000038e-12	0.19405684	-0.00040071522	0.9809691	-4.3464523e-17	-1.2744162e+10	300.00006
9.80000000000004e-12	0.19405985	-0.00042496657	0.9809684	-4.346454e-17	-1.4332891e+10	300.00006
9.900000000000041e-12	0.19406301	-0.00045068312	0.9809677	-4.3464516e-17	-1.4332891e+10	300.00006
1.0000000000000043e-11	0.19406636	-0.0004779542	0.98096704	-4.3464506e-17	-1.6119576e+10	300.0001
1.0100000000000045e-11	0.19406989	-0.00050687336	0.98096645	-4.346452e-17	-1.6119576e+10	300.0001
1.0200000000000046e-11	0.19407365	-0.00053754053	0.9809656	-4.3464516e-17	-1.8128857e+10	300.0001
1.0300000000000048e-11	0.19407761	-0.0005700615	0.9809647	-4.346451e-17	-1.8128857e+10	300.0001
1.040000000000005e-11	0.19408178	-0.0006045485	0.9809638	-4.3464516e-17	-2.038843e+10	300.00012
1.0500000000000051e-11	0.19408625	-0.0006411205	0.9809631	-4.3464506e-17	-2.038843e+10	300.00012
1.0600000000000053e-11	0.19409099	-0.00067990454	0.98096216	-4.3464487e-17	-2.2929435e+10	300.00015
1.0700000000000054e-11	0.19409603	-0.0007210328	0.98096097	-4.3464473e-17	-2.2929435e+10	300.00015
1.0800000000000056e-11	0.19410136	-0.0007646474	0.98095995	-4.3464463e-17	-2.5786868e+10	300.00018
1.0900000000000057e-11	0.19410703	-0.0008108979	0.9809588	-4.3464467e-17	-2.5786868e+10	300.00018
1.1000000000000059e-11	0.19411302	-0.0008599439	0.9809575	-4.3464437e-17	-2.9000067e+10	300.00024
1.110000000000006e-11	0.1941194	-0.0009119542	0.9809564	-4.3464447e-17	-2.9000067e+10	300.00024
1.1200000000000062e-11	0.19412613	-0.00096710783	0.98095495	-4.346443e-17	-3.2613243e+10	300.0003
1.1300000000000064e-11	0.19413328	-0.0010255942	0.98095345	-4.3464424e-17	-3.2613243e+10	300.0003
1.1400000000000065e-11	0.19414085	-0.0010876161	0.9809518	-4.34644e-17	-3.667607e+10	300.0004
1.1500000000000067e-11	0.19414887	-0.0011533862	0.98095024	-4.3464404e-17	-3.667607e+10	300.0004
1.1600000000000069e-11	0.19415739	-0.0012231309	0.98094845	-4.3464357e-17	-4.124438e+10	300.00052
1.170000000000007e-11	0.19416644	-0.0012970894	0.98094654	-4.3464364e-17	-4.124438e+10	300.00052
1.1800000000000072e-11	0.19417603	-0.0013755189	0.9809445	-4.3464305e-17	-4.6380884e+10	300.00064
1.1900000000000073e-11	0.19418618	-0.0014586858	0.9809425	-4.3464298e-17	-4.6380884e+10	300.00064
1.2000000000000075e-11	0.19419695	-0.0015468786	0.9809401	-4.3464225e-17	-5.215603e+10	300.0008
1.2100000000000076e-11	0.19420837	-0.001640398	0.98093766	-4.3464225e-17	-5.215603e+10	300.0008
1.2200000000000078e-11	0.19422048	-0.0017395669	0.9809352	-4.346417e-17	-5.8648953e+10	300.001
1.230000000000008e-11	0.19423333	-0.0018447238	0.9809324	-4.346415e-17	-5.8648953e+10	300.001
1.2400000000000081e-11	0.19424693	-0.0019562328	0.98092943	-4.3464063e-17	-6.594851e+10	300.00128
1.2500000000000083e-11	0.19426136	-0.002074474	0.9809265	-4.346405e-17	-6.594851e+10	300.00128
1.2600000000000084e-11	0.19427665	-0.0021998563	0.9809232	-4.346394e-17	-7.415447e+10	300.00162
1.2700000000000086e-11	0.19429292	-0.0023328054	0.9809196	-4.3463917e-17	-7.415447e+10	300.00162
1.2800000000000088e-11	0.1943101	-0.0024737827	0.98091596	-4.346378e-17	-8.337882e+10	300.00208
1.290000000000009e-11	0.19432835	-0.002623265	0.98091185	-4.3463742e-17	-8.337882e+10	300.00208
1.3000000000000091e-11	0.1943477	-0.0027817704	0.9809077	-4.3463583e-17	-9.374725e+10	300.00262
1.3100000000000092e-11	0.1943682	-0.002949835	0.9809031	-4.3463537e-17	-9.374725e+10	300.00262
1.3200000000000094e-11	0.19438994	-0.0031280415	0.9808982	-4.3463332e-17	-1.05400754e+11	300.0033
1.3300000000000096e-11	0.19441298	-0.003316991	0.98089314	-4.346327e-17	-1.05400754e+11	300.0033
1.3400000000000097e-11	0.1944374	-0.0035173402	0.98088753	-4.3462994e-17	-1.1849748e+11	300.00418
1.3500000000000099e-11	0.19446331	-0.0037297606	0.98088163	-4.3462925e-17	-1.1849748e+11	300.00418
1.36000000000001e-11	0.19449079	-0.0039549908	0.98087525	-4.346259e-17	-1.3321473e+11	300.00528
1.3700000000000102e-11	0.19451985	-0.004193784	0.9808685	-4.346249e-17	-1.3321473e+11	300.00528
1.3800000000000104e-11	0.19455074	-0.0044469703	0.98086137	-4.3462078e-17	-1.4975123e+11	300.00665
1.3900000000000105e-11	0.19458343	-0.0047153947	0.98085356	-4.3461972e-17	-1.4975123e+11	300.00665
1.4000000000000107e-11	0.1946181	-0.0049999896	0.9808453	-4.346142e-17	-1.6832958e+11	300.00842
1.4100000000000108e-11	0.19465485	-0.0053016995	0.98083645	-4.3461294e-17	-1.6832958e+11	300.00842
1.420000000000011e-11	0.19469382	-0.0056215767	0.98082685	-4.3460605e-17	-1.8919902e+11	300.01065
1.4300000000000112e-11	0.19473512	-0.005960676	0.9808167	-4.3460437e-17	-1.8919902e+11	300.01065
1.4400000000000113e-11	0.19477889	-0.0063201804	0.9808058	-4.345955e-17	-2.1263847e+11	300.01346
1.4500000000000115e-11	0.19482526	-0.0067012687	0.9807941	-4.345933e-17	-2.1263847e+11	300.01346
1.4600000000000116e-11	0.19487444	-0.0071052723	0.98078156	-4.3458233e-17	-2.389598e+11	300.017
1.4700000000000115e-11	0.19492653	-0.0075335065	0.980768	-4.3457962e-17	-2.389598e+11	300.017
1.4800000000000113e-11	0.19498175	-0.007987469	0.98075336	-4.3456575e-17	-2.685116e+11	300.02148
1.490000000000011e-11	0.19504026	-0.008468628	0.9807378	-4.3456235e-17	-2.685116e+11	300.02148
1.500000000000011e-11	0.19510224	-0.008978647	0.98072094	-4.3454014e-17	-3.1059123e+11	300.02896
1.5100000000000108e-11	0.19516793	-0.009519229	0.9807028	-4.3453594e-17	-3.1059123e+11	300.02896
1.5200000000000106e-11	0.19523752	-0.010092132	0.9806832	-4.3453108e-17	-3.1059123e+11	300.02896
1.5300000000000105e-11	0.19531125	-0.010699399	0.98066205	-4.3450117e-17	-3.5918994e+11	300.03897
1.5400000000000103e-11	0.19538938	-0.011342918	0.98063934	-4.3449508e-17	-3.5918994e+11	300.03897
1.55000000000001e-11	0.19547212	-0.012024911	0.9806148	-4.3445587e-17	-4.1529216e+11	300.05237
1.56000000000001e-11	0.19555977	-0.012747634	0.98058814	-4.3444816e-17	-4.1529216e+11	300.05237
1.5700000000000098e-11	0.19565259	-0.013513384	0.98055947	-4.344395e-17	-4.1529216e+11	300.05237
1.5800000000000097e-11	0.19575095	-0.014324928	0.98052835	-4.3438626e-17	-4.8002236e+11	300.07025
1.5900000000000095e-11	0.19585507	-0.015184682	0.9804947	-4.3437517e-17	-4.8002236e+11	300.07025
1.6000000000000093e-11	0.19596536	-0.016095623	0.9804581	-4.3430493e-17	-5.546619e+11	300.09412
1.6100000000000092e-11	0.1960821	-0.017060718	0.98041844	-4.3429116e-17	-5.546619e+11	300.09412
1.620000000000009e-11	0.19620568	-0.01808294	0.9803754	-4.342759e-17	-5.546619e+11	300.09412
1.630000000000009e-11	0.19633652	-0.019166043	0.98032874	-4.3418095e-17	-6.4066716e+11	300.12598
1.6400000000000087e-11	0.196475	-0.020313067	0.9802779	-4.341614e-17	-6.4066716e+11	300.12598
1.6500000000000085e-11	0.19662155	-0.021527996	0.9802227	-4.340363e-17	-7.39688e+11	300.16846
1.6600000000000084e-11	0.19677664	-0.022814706	0.98016244	-4.340118e-17	-7.39688e+11	300.16846
1.6700000000000082e-11	0.19694069	-0.024176983	0.9800969	-4.3398448e-17	-7.39688e+11	300.16846
1.680000000000008e-11	0.19711424	-0.025619954	0.9800255	-4.338159e-17	-8.535867e+11	300.22498
1.690000000000008e-11	0.19729783	-0.027147328	0.9799474	-4.3378132e-17	-8.535867e+11	300.22498
1.7000000000000077e-11	0.19749193	-0.028764434	0.97986233	-4.3355957e-17	-9.844558e+11	300.3002
1.7100000000000075e-11	0.19769716	-0.030476287	0.9797692	-4.3351616e-17	-9.844558e+11	300.3002
1.7200000000000074e-11	0.19791403	-0.032287598	0.9796675	-4.3346752e-17	-9.844558e+11	300.3002
1.7300000000000072e-11	0.19814329	-0.034205437	0.9795561	-4.3317e-17	-1.1346345e+12	300.40012
1.740000000000007e-11	0.19838549	-0.036234085	0.9794342	-4.3310915e-17	-1.1346345e+12	300.40012
1.750000000000007e-11	0.19864129	-0.03838069	0.9793006	-4.3271836e-17	-1.3067209e+12	300.53262
1.7600000000000067e-11	0.19891141	-0.040651653	0.9791542	-4.3264176e-17	-1.3067209e+12	300.53262
1.7700000000000066e-11	0.19919656	-0.04305261	0.9789938	-4.3255594e-17	-1.3067209e+12	300.53262
1.7800000000000064e-11	0.19949743	-0.045593474	0.97881746	-4.3203362e-17	-1.503579e+12	300.70807
1.7900000000000062e-11	0.19981486	-0.048278663	0.97862417	-4.319262e-17	-1.503579e+12	300.70807
1.800000000000006e-11	0.20014955	-0.051117826	0.9784117	-4.312434e-17	-1.7283375e+12	300.93988
1.810000000000006e-11	0.20050235	-0.054118954	0.9781781	-4.3110897e-17	-1.7283375e+12	300.93988
1.8200000000000057e-11	0.20087413	-0.057288382	0.97792137	-4.3095885e-17	-1.7283375e+12	300.93988
1.8300000000000056e-11	0.20126544	-0.06064024	0.9776389	-4.3005034e-17	-1.9843752e+12	301.24545
1.8400000000000054e-11	0.20167749	-0.06417806	0.9773282	-4.298628e-17	-1.9843752e+12	301.24545
1.8500000000000052e-11	0.2021108	-0.067914926	0.9769863	-4.2868182e-17	-2.2752906e+12	301.6472
1.860000000000005e-11	0.20256631	-0.07186057	0.97660965	-4.2844822e-17	-2.2752906e+12	301.6472
1.870000000000005e-11	0.20304526	-0.076021165	0.9761953	-4.2818776e-17	-2.2752906e+12	301.6472
1.8800000000000048e-11	0.20354721	-0.080417484	0.9757385	-4.2662733e-17	-2.604849e+12	302.1737
1.8900000000000046e-11	0.20407447	-0.08504974	0.97523564	-4.263039e-17	-2.604849e+12	302.1737
1.9000000000000044e-11	0.2046267	-0.08993599	0.97468156	-4.2428966e-17	-2.9768986e+12	302.86133
1.9100000000000043e-11	0.20520477	-0.095087506	0.9740711	-4.2388966e-17	-2.9768986e+12	302.86133
1.920000000000004e-11	0.2058107	-0.10050844	0.97339886	-4.2344438e-17	-2.9768986e+12	302.86133
1.930000000000004e-11	0.20644139	-0.10623023	0.9726577	-4.2080766e-17	-3.395255e+12	303.7558
1.9400000000000038e-11	0.20710143	-0.112244934	0.9718417	-4.202592e-17	-3.395255e+12	303.7558
1.9500000000000036e-11	0.2077884	-0.11857796	0.97094274	-4.1689102e-17	-3.8635357e+12	304.91394
1.9600000000000034e-11	0.20850278	-0.1252414	0.9699526	-4.1621846e-17	-3.8635357e+12	304.91394
1.9700000000000033e-11	0.2092482	-0.13223344	0.9688637	-4.1547313e-17	-3.8635357e+12	304.91394
1.980000000000003e-11	0.21001518	-0.13960345	0.9676632	-4.111194e-17	-4.3849474e+12	306.4057
1.990000000000003e-11	0.21081366	-0.14732575	0.96634406	-4.1021124e-17	-4.3849474e+12	306.4057
2.0000000000000028e-11	0.21163611	-0.15543708	0.96489275	-4.0472597e-17	-4.9620137e+12	308.31583
2.0100000000000026e-11	0.21248223	-0.16394891	0.963297	-4.036259e-17	-4.9620137e+12	308.31583
2.0200000000000025e-11	0.21335928	-0.17284569	0.9615464	-4.0241338e-17	-4.9620137e+12	308.31583
2.0300000000000023e-11	0.21424343	-0.18220735	0.95961976	-3.9544812e-17	-5.5962433e+12	310.74527
2.040000000000002e-11	0.21515664	-0.1919732	0.9575094	-3.9399324e-17	-5.5962433e+12	310.74527
2.050000000000002e-11	0.21608065	-0.20219813	0.9551941	-3.8538338e-17	-6.2877383e+12	313.81195
2.0600000000000018e-11	0.21701333	-0.21288975	0.9526564	-3.8365242e-17	-6.2877383e+12	313.81195
2.0700000000000016e-11	0.21797019	-0.22400568	0.94988525	-3.8175825e-17	-6.2877383e+12	313.81195
2.0800000000000015e-11	0.21889783	-0.23567726	0.9468432	-3.7108798e-17	-7.034756e+12	317.6502
2.0900000000000013e-11	0.21984375	-0.24777977	0.9435286	-3.688639e-17	-7.034756e+12	317.6502
2.100000000000001e-11	0.22076833	-0.26039708	0.93990827	-3.5601096e-17	-7.833243e+12	322.40872
2.110000000000001e-11	0.22166678	-0.27352804	0.9359591	-3.5343115e-17	-7.833243e+12	322.40872
2.1200000000000008e-11	0.22257176	-0.28708237	0.9316753	-3.5063478e-17	-7.833243e+12	322.40872
2.1300000000000007e-11	0.22337392	-0.30127507	0.92699033	-3.3522967e-17	-8.676377e+12	328.24597
2.1400000000000005e-11	0.22417107	-0.31587335	0.9219248	-3.3204512e-17	-8.676377e+12	328.24597
2.1500000000000003e-11	0.22488563	-0.33100614	0.9164254	-3.1412693e-17	-9.554165e+12	335.32297
2.1600000000000002e-11	0.22550929	-0.34665656	0.91046643	-3.105602e-17	-9.554165e+12	335.32297
2.175e-11	0.22629774	-0.37096602	0.9006375	-2.8821054e-17	-1.0453164e+13	343.79288
2.1849999999999998e-11	0.22664681	-0.38781127	0.8934249	-2.8416605e-17	-1.0453164e+13	343.79288
2.1949999999999996e-11	0.22695151	-0.40493444	0.88571745	-2.798699e-17	-1.0453164e+13	343.79288
2.2049999999999994e-11	0.2269403	-0.4227567	0.8773535	-2.5707294e-17	-1.1356396e+13	353.78766
2.2149999999999993e-11	0.22686686	-0.44077706	0.868459	-2.5250052e-17	-1.1356396e+13	353.78766
2.224999999999999e-11	0.22655451	-0.45923007	0.8589264	-2.2791104e-17	-1.2243539e+13	365.402
2.234999999999999e-11	0.22599317	-0.4780615	0.8487389	-2.2316956e-17	-1.2243539e+13	365.402
2.2449999999999988e-11	0.2253486	-0.49693784	0.83799994	-2.1822366e-17	-1.2243539e+13	365.402
2.2549999999999986e-11	0.22418329	-0.516464	0.8264258	-1.9267004e-17	-1.309145e+13	378.67673
2.2649999999999984e-11	0.22292303	-0.5359062	0.81429845	-1.8773054e-17	-1.309145e+13	378.67673
2.2749999999999983e-11	0.22130254	-0.55558825	0.80144775	-1.6200916e-17	-1.3875068e+13	393.5829
2.284999999999998e-11	0.21931912	-0.5754284	0.78787845	-1.572391e-17	-1.3875068e+13	393.5829
2.294999999999998e-11	0.21723957	-0.5949761	0.7738094	-1.5237089e-17	-1.3875068e+13	393.5829
2.3049999999999978e-11	0.21444108	-0.6150161	0.7587756	-1.278807e-17	-1.4568678e+13	410.0096
2.3149999999999976e-11	0.21155721	-0.63460165	0.74329925	-1.2339421e-17	-1.4568678e+13	410.0096
2.3249999999999975e-11	0.20823881	-0.65413976	0.72712225	-1.0075791e-17	-1.5147475e+13	427.75848
2.3349999999999973e-11	0.20450073	-0.6735321	0.7102834	-9.679002e-18	-1.5147475e+13	427.75848
2.344999999999997e-11	0.20071657	-0.69225705	0.69315296	-9.283927e-18	-1.5147475e+13	427.75848
2.354999999999997e-11	0.19611584	-0.7112124	0.6750431	-7.343365e-18	-1.5589294e+13	446.54636
2.3649999999999968e-11	0.19151479	-0.7293477	0.65676594	-7.012554e-18	-1.5589294e+13	446.54636
2.3749999999999966e-11	0.1865147	-0.7471179	0.6379612	-5.3875564e-18	-1.5876314e+13	466.01807
2.3849999999999965e-11	0.18115233	-0.7644332	0.61870265	-5.123289e-18	-1.5876314e+13	466.01807
2.3949999999999963e-11	0.17587106	-0.7807884	0.5995049	-4.866694e-18	-1.5876314e+13	466.01807
2.404999999999996e-11	0.16985112	-0.7970741	0.5794749	-3.6269467e-18	-1.5996547e+13	485.76822
2.414999999999996e-11	0.16398533	-0.8123082	0.5596714	-3.433526e-18	-1.5996547e+13	485.76822
2.4249999999999958e-11	0.15787798	-0.82693696	0.5396463	-2.4988403e-18	-1.5944871e+13	505.36972
2.4349999999999957e-11	0.1515784	-0.8409055	0.5194911	-2.35984e-18	-1.5944871e+13	505.36972
2.4449999999999955e-11	0.14552438	-0.853813	0.49979556	-2.2276855e-18	-1.5944871e+13	505.36972
2.4549999999999953e-11	0.1389657	-0.86641735	0.47956222	-1.592912e-18	-1.5723494e+13	524.40546
2.4649999999999952e-11	0.13272265	-0.87795794	0.45994124	-1.5026088e-18	-1.5723494e+13	524.40546
2.474999999999995e-11	0.12645063	-0.8888123	0.4404488	-1.068903e-18	-1.5341753e+13	542.4986
2.484999999999995e-11	0.120192185	-0.89897037	0.42116463	-1.0093359e-18	-1.5341753e+13	542.4986
2.4949999999999947e-11	0.1143049	-0.90817636	0.40264702	-9.532607e-19	-1.5341753e+13	542.4986
2.5049999999999945e-11	0.108193226	-0.9169812	0.3839472	-6.860562e-19	-1.4815294e+13	559.3374
2.5149999999999944e-11	0.102490135	-0.92490053	0.3661033	-6.497545e-19	-1.4815294e+13	559.3374
2.5249999999999942e-11	0.09692925	-0.93220866	0.3486684	-4.801008e-19	-1.4164741e+13	574.69135
2.534999999999994e-11	0.09153286	-0.9389272	0.3316878	-4.5647967e-19	-1.4164741e+13	574.69135
2.544999999999994e-11	0.08654354	-0.94492793	0.31559747	-4.3410134e-19	-1.4164741e+13	574.69135
2.5549999999999937e-11	0.08154627	-0.95055395	0.29963154	-3.350563e-19	-1.3414053e+13	588.418
2.5649999999999935e-11	0.07695466	-0.9555531	0.28456783	-3.198795e-19	-1.3414053e+13	588.418
2.5749999999999934e-11	0.072584674	-0.9600969	0.27005392	-2.585892e-19	-1.2588784e+13	600.46014
2.5849999999999932e-11	0.06843838	-0.9642174	0.25609735	-2.4769148e-19	-1.2588784e+13	600.46014
2.594999999999993e-11	0.06465386	-0.9678673	0.24297811	-2.3729098e-19	-1.2588784e+13	600.46014
2.604999999999993e-11	0.06097372	-0.97123194	0.23016827	-2.0111855e-19	-1.1714425e+13	610.8358
2.6149999999999927e-11	0.057629757	-0.9742053	0.2181518	-1.9316006e-19	-1.1714425e+13	610.8358
2.6249999999999926e-11	0.05450722	-0.9768813	0.20668876	-1.7001684e-19	-1.0815016e+13	619.62354
2.6349999999999924e-11	0.051596813	-0.9792876	0.19576135	-1.6362542e-19	-1.0815016e+13	619.62354
2.6449999999999922e-11	0.04896486	-0.9814154	0.18551551	-1.5761562e-19	-1.0815016e+13	619.62354
2.654999999999992e-11	0.046466798	-0.98335314	0.17563516	-1.4307526e-19	-9.912091e+12	626.9454
2.664999999999992e-11	0.044215556	-0.98506707	0.16637011	-1.381559e-19	-9.912091e+12	626.9454
2.6749999999999917e-11	0.042145506	-0.98660296	0.15757564	-1.2824365e-19	-9.024007e+12	632.9506
2.6849999999999916e-11	0.040244587	-0.98798007	0.1492245	-1.2418501e-19	-9.024007e+12	632.9506
2.6949999999999914e-11	0.038539384	-0.9892019	0.1413754	-1.2048612e-19	-9.024007e+12	632.9506
2.7049999999999912e-11	0.03695462	-0.99030757	0.13385934	-1.139148e-19	-8.1656236e+12	637.80115
2.714999999999991e-11	0.035538606	-0.9912905	0.12678167	-1.1093118e-19	-8.1656236e+12	637.80115
2.724999999999991e-11	0.034256056	-0.9921721	0.12006202	-1.06285044e-19	-7.3482895e+12	641.65967
2.7349999999999907e-11	0.033096667	-0.9929637	0.11367449	-1.0393398e-19	-7.3482895e+12	641.65967
2.7449999999999906e-11	0.032068618	-0.99367064	0.10763314	-1.01892845e-19	-7.3482895e+12	641.65967
2.7549999999999904e-11	0.03113467	-0.9943093	0.101854354	-9.886715e-20	-6.5800524e+12	644.6812
2.7649999999999903e-11	0.030312724	-0.9948813	0.09637141	-9.7371424e-20	-6.5800524e+12	644.6812
2.77499999999999e-11	0.029584462	-0.9953961	0.09114142	-9.532569e-20	-5.8660204e+12	647.00793
2.78499999999999e-11	0.028942503	-0.9958599	0.086144075	-9.432303e-20	-5.8660204e+12	647.00793
2.7949999999999898e-11	0.028387817	-0.99627703	0.08137577	-9.3566445e-20	-5.8660204e+12	647.00793
2.8049999999999896e-11	0.027902508	-0.9966543	0.07679655	-9.247891e-20	-5.2088044e+12	648.7656
2.8149999999999894e-11	0.027491763	-0.996994	0.07241042	-9.214478e-20	-5.2088044e+12	648.7656
2.8249999999999893e-11	0.027146203	-0.99730086	0.06819447	-9.164699e-20	-4.6089844e+12	650.0632
2.834999999999989e-11	0.02686095	-0.99757785	0.064134255	-9.169514e-20	-4.6089844e+12	650.0632
2.844999999999989e-11	0.026634702	-0.9978279	0.060221717	-9.193124e-20	-4.6089844e+12	650.0632
2.8549999999999888e-11	0.026458973	-0.9980538	0.056437474	-9.2078166e-20	-4.0655648e+12	650.9924
2.8649999999999886e-11	0.026334226	-0.9982575	0.052776612	-9.264047e-20	-4.0655648e+12	650.9924
2.8749999999999885e-11	0.026255626	-0.9984409	0.049226414	-9.318614e-20	-3.576385e+12	651.62964
2.8849999999999883e-11	0.026220053	-0.998606	0.04577715	-9.4043825e-20	-3.576385e+12	651.62964
2.894999999999988e-11	0.026225813	-0.99875414	0.042421326	-9.504375e-20	-3.576385e+12	651.62964
2.904999999999988e-11	0.026268905	-0.9988866	0.039148998	-9.605847e-20	-3.1384753e+12	652.03735
2.914999999999988e-11	0.026348304	-0.99900466	0.03595414	-9.731121e-20	-3.1384753e+12	652.03735
2.9249999999999886e-11	0.026461199	-0.99910927	0.032829087	-9.862101e-20	-2.822733e+12	652.24603
2.934999999999989e-11	0.026606211	-0.9992013	0.02976803	-1.0010379e-19	-2.822733e+12	652.24603
2.9449999999999896e-11	0.026781216	-0.99928164	0.026764808	-1.0165881e-19	-2.5356615e+12	652.3587
2.95499999999999e-11	0.02698486	-0.99935097	0.023814278	-1.0334975e-19	-2.5356615e+12	652.3587
2.9649999999999905e-11	0.02721553	-0.9994096	0.020911433	-1.05126255e-19	-2.2752906e+12	652.39325
2.974999999999991e-11	0.027471919	-0.9994584	0.018051803	-1.07005855e-19	-2.2752906e+12	652.39325
2.9849999999999915e-11	0.02775281	-0.99949753	0.015231284	-1.0898324e-19	-2.0396495e+12	652.3645
2.994999999999992e-11	0.028056977	-0.9995277	0.012446064	-1.1103408e-19	-2.0396495e+12	652.3645
3.0049999999999925e-11	0.028383499	-0.999549	0.009692729	-1.1319428e-19	-1.826802e+12	652.2844
3.014999999999993e-11	0.02873124	-0.9995618	0.006968082	-1.1540083e-19	-1.826802e+12	652.2844
3.0249999999999934e-11	0.029099492	-0.99956644	0.0042692674	-1.177279e-19	-1.6348751e+12	652.1631
3.034999999999994e-11	0.029487234	-0.99956286	0.0015936312	-1.2007633e-19	-1.6348751e+12	652.1631
3.0449999999999944e-11	0.029893903	-0.9995515	-0.0010612299	-1.2255619e-19	-1.4620792e+12	652.00854
3.054999999999995e-11	0.03031858	-0.99953234	-0.0036974899	-1.2503386e-19	-1.4620792e+12	652.00854
3.0649999999999954e-11	0.030760828	-0.9995058	-0.0063171843	-1.2765391e-19	-1.3067209e+12	651.82733
3.074999999999996e-11	0.031219829	-0.9994718	-0.00892207	-1.3024971e-19	-1.3067209e+12	651.82733
3.0849999999999963e-11	0.031695213	-0.9994303	-0.0115138795	-1.3299871e-19	-1.1672114e+12	651.62476
3.094999999999997e-11	0.032186273	-0.9993816	-0.014094013	-1.3570238e-19	-1.1672114e+12	651.62476
3.104999999999997e-11	0.032692693	-0.99932563	-0.016663948	-1.3857027e-19	-1.0420705e+12	651.4051
3.114999999999998e-11	0.033213858	-0.9992624	-0.01922478	-1.4137266e-19	-1.0420705e+12	651.4051
3.124999999999998e-11	0.033749495	-0.9991921	-0.021777773	-1.4435037e-19	-9.2992766e+11	651.1719
3.134999999999999e-11	0.03429906	-0.99911463	-0.024323769	-1.4724324e-19	-9.2992766e+11	651.1719
3.144999999999999e-11	0.03486232	-0.9990301	-0.02686386	-1.5032254e-19	-8.295197e+11	650.9278
3.155e-11	0.035438806	-0.99893844	-0.029398657	-1.5329831e-19	-8.295197e+11	650.9278
3.165e-11	0.036028303	-0.9988396	-0.0319291	-1.5647193e-19	-7.39688e+11	650.6752
3.1700000000000004e-11	0.036327787	-0.9987877	-0.033192825	-1.579937e-19	-7.39688e+11	650.6752
3.180000000000001e-11	0.036936115	-0.9986782	-0.03571774	-1.6123582e-19	-6.593736e+11	650.4158
3.1900000000000014e-11	0.037556674	-0.99856174	-0.03823971	-1.643422e-19	-6.593736e+11	650.4158
3.200000000000002e-11	0.038189195	-0.99843806	-0.04075923	-1.6766736e-19	-5.876122e+11	650.151
3.2100000000000024e-11	0.038833432	-0.99830735	-0.04327672	-1.7083945e-19	-5.876122e+11	650.151
3.220000000000003e-11	0.03948915	-0.9981693	-0.045792587	-1.7424218e-19	-5.2352788e+11	649.882
3.230000000000003e-11	0.040156126	-0.9980243	-0.048307147	-1.7747477e-19	-5.2352788e+11	649.882
3.240000000000004e-11	0.04083416	-0.9978718	-0.050820712	-1.809501e-19	-4.6632698e+11	649.60974
3.250000000000004e-11	0.04152305	-0.9977123	-0.053333525	-1.8423842e-19	-4.6632698e+11	649.60974
3.260000000000005e-11	0.0422226	-0.9975455	-0.055845812	-1.8778195e-19	-4.1529216e+11	649.33484
3.270000000000005e-11	0.042932644	-0.9973713	-0.058357764	-1.911217e-19	-4.1529216e+11	649.33484
3.280000000000006e-11	0.04365301	-0.9971899	-0.060869537	-1.9472934e-19	-3.6977623e+11	649.058
3.290000000000006e-11	0.04438354	-0.9970011	-0.063381255	-1.9811668e-19	-3.6977623e+11	649.058
3.300000000000007e-11	0.045124076	-0.996805	-0.06589305	-2.0178491e-19	-3.2919624e+11	648.77954
3.310000000000007e-11	0.045874476	-0.99660164	-0.06840497	-2.0521627e-19	-3.2919624e+11	648.77954
3.3200000000000077e-11	0.046634596	-0.99639076	-0.07091711	-2.0894184e-19	-2.9302787e+11	648.49994
3.330000000000008e-11	0.047404304	-0.9961723	-0.07342951	-2.1241405e-19	-2.9302787e+11	648.49994
3.3400000000000086e-11	0.04818348	-0.9959466	-0.0759422	-2.1619412e-19	-2.6080023e+11	648.2195
3.350000000000009e-11	0.04897199	-0.99571335	-0.0784552	-2.1970437e-19	-2.6080023e+11	648.2195
3.3600000000000096e-11	0.04976973	-0.99547255	-0.08096853	-2.235364e-19	-2.320909e+11	647.93835
3.37000000000001e-11	0.050576583	-0.9952242	-0.08348216	-2.27082e-19	-2.320909e+11	647.93835
3.3800000000000106e-11	0.051392436	-0.99496835	-0.08599608	-2.309637e-19	-2.065212e+11	647.65674
3.390000000000011e-11	0.052217197	-0.9947049	-0.08851026	-2.345423e-19	-2.065212e+11	647.65674
3.4000000000000115e-11	0.053050756	-0.9944339	-0.09102467	-2.3847172e-19	-1.8375216e+11	647.3748
3.410000000000012e-11	0.053893026	-0.9941552	-0.09353927	-2.4208133e-19	-1.8375216e+11	647.3748
3.4200000000000125e-11	0.0547439	-0.9938688	-0.096054	-2.4605666e-19	-1.6348042e+11	647.09265
3.430000000000013e-11	0.05560331	-0.9935748	-0.098568834	-2.4969538e-19	-1.6348042e+11	647.09265
3.4400000000000135e-11	0.056471154	-0.9932732	-0.10108369	-2.537151e-19	-1.454348e+11	646.8104
3.450000000000014e-11	0.057347357	-0.9929639	-0.103598505	-2.5738115e-19	-1.454348e+11	646.8104
3.4600000000000144e-11	0.05823184	-0.99264675	-0.10611324	-2.6144393e-19	-1.2937301e+11	646.52814
3.470000000000015e-11	0.05912451	-0.99232185	-0.10862779	-2.6513587e-19	-1.2937301e+11	646.52814
3.4800000000000154e-11	0.060025312	-0.99198943	-0.111142114	-2.6924057e-19	-1.1507864e+11	646.24585
3.490000000000016e-11	0.06093416	-0.99164903	-0.11365612	-2.7295707e-19	-1.1507864e+11	646.24585
3.5000000000000163e-11	0.061850984	-0.9913009	-0.11616972	-2.7710264e-19	-1.02358565e+11	645.9636
3.510000000000017e-11	0.062775716	-0.990945	-0.11868288	-2.808425e-19	-1.02358565e+11	645.9636
3.520000000000017e-11	0.06370828	-0.9905813	-0.12119549	-2.850281e-19	-9.104045e+10	645.6815
3.530000000000018e-11	0.064648636	-0.9902097	-0.123707496	-2.8879023e-19	-9.104045e+10	645.6815
3.540000000000018e-11	0.0655967	-0.9898304	-0.1262188	-2.9301516e-19	-8.097064e+10	645.3995
3.550000000000019e-11	0.0665524	-0.98944324	-0.12872931	-2.9679869e-19	-8.097064e+10	645.3995
3.560000000000019e-11	0.06751569	-0.98904806	-0.131239	-3.010623e-19	-7.20121e+10	645.1176
3.57000000000002e-11	0.06848652	-0.98864526	-0.13374776	-3.0486633e-19	-7.20121e+10	645.1176
3.58000000000002e-11	0.06946481	-0.98823434	-0.13625549	-3.0916832e-19	-6.404274e+10	644.83594
3.590000000000021e-11	0.07045052	-0.98781574	-0.13876213	-3.1299212e-19	-6.404274e+10	644.83594
3.600000000000021e-11	0.07144359	-0.98738915	-0.14126764	-3.1733197e-19	-5.695375e+10	644.55444
3.6100000000000217e-11	0.07244395	-0.9869547	-0.1437719	-3.21175e-19	-5.695375e+10	644.55444
3.620000000000022e-11	0.07345156	-0.98651236	-0.14627488	-3.2555247e-19	-5.0648203e+10	644.2731
3.6300000000000226e-11	0.07446637	-0.98606193	-0.14877647	-3.294141e-19	-5.0648203e+10	644.2731
3.640000000000023e-11	0.07548832	-0.9856037	-0.15127659	-3.3382905e-19	-4.5039776e+10	643.99194
3.6500000000000236e-11	0.07651737	-0.9851376	-0.1537752	-3.3770882e-19	-4.5039776e+10	643.99194
3.660000000000024e-11	0.07755346	-0.98466355	-0.15627223	-3.4216104e-19	-4.005161e+10	643.711
3.6700000000000245e-11	0.07859654	-0.9841814	-0.1587676	-3.460586e-19	-4.005161e+10	643.711
3.680000000000025e-11	0.07964657	-0.98369145	-0.16126123	-3.5054792e-19	-3.561527e+10	643.4303
3.6900000000000255e-11	0.0807035	-0.9831935	-0.16375309	-3.54463e-19	-3.561527e+10	643.4303
3.700000000000026e-11	0.081767276	-0.98268753	-0.16624309	-3.589895e-19	-3.1669834e+10	643.1498
3.7100000000000265e-11	0.08283786	-0.98217374	-0.16873115	-3.6292167e-19	-3.1669834e+10	643.1498
3.720000000000027e-11	0.08391519	-0.9816519	-0.17121726	-3.674855e-19	-2.8161085e+10	642.8695
3.7300000000000274e-11	0.08499923	-0.98112196	-0.17370135	-3.714345e-19	-2.8161085e+10	642.8695
3.740000000000028e-11	0.086089954	-0.9805841	-0.17618333	-3.760357e-19	-2.5040771e+10	642.5894
3.7500000000000284e-11	0.08718729	-0.98003817	-0.17866313	-3.8000145e-19	-2.5040771e+10	642.5894
3.760000000000029e-11	0.0882912	-0.9794844	-0.18114075	-3.846402e-19	-2.2265956e+10	642.3096
3.7700000000000294e-11	0.089401655	-0.9789226	-0.18361607	-3.8862238e-19	-2.2265956e+10	642.3096
3.78000000000003e-11	0.090518594	-0.97835267	-0.18608913	-3.9329887e-19	-1.9798432e+10	642.0299
3.7900000000000303e-11	0.09164199	-0.97777486	-0.18855977	-3.9729748e-19	-1.9798432e+10	642.0299
3.800000000000031e-11	0.09277178	-0.97718894	-0.19102801	-4.0201195e-19	-1.7604209e+10	641.7505
3.810000000000031e-11	0.09390794	-0.97659504	-0.19349378	-4.0602675e-19	-1.7604209e+10	641.7505
3.820000000000032e-11	0.09505041	-0.9759932	-0.19595703	-4.1077934e-19	-1.5653048e+10	641.4713
3.830000000000032e-11	0.09619917	-0.97538316	-0.19841772	-4.148104e-19	-1.5653048e+10	641.4713
3.840000000000033e-11	0.09735417	-0.9747652	-0.2008758	-4.1960158e-19	-1.391805e+10	641.1924
3.850000000000033e-11	0.09851538	-0.97413915	-0.2033312	-4.2364872e-19	-1.391805e+10	641.1924
3.860000000000034e-11	0.09968272	-0.9735051	-0.20578395	-4.2847873e-19	-1.2375287e+10	640.91364
3.870000000000034e-11	0.100856185	-0.97286296	-0.20823391	-4.3254197e-19	-1.2375287e+10	640.91364
3.880000000000035e-11	0.10203572	-0.9722128	-0.2106811	-4.374111e-19	-1.1003475e+10	640.63513
3.890000000000035e-11	0.103221305	-0.97155464	-0.21312548	-4.4149054e-19	-1.1003475e+10	640.63513
3.9000000000000356e-11	0.10441287	-0.97088826	-0.21556696	-4.463991e-19	-9.783682e+09	640.3568
3.910000000000036e-11	0.1056104	-0.9702139	-0.21800555	-4.504946e-19	-9.783682e+09	640.3568
3.9200000000000366e-11	0.10681384	-0.96953154	-0.22044118	-4.554432e-19	-8.699073e+09	640.0788
3.930000000000037e-11	0.10802315	-0.96884114	-0.2228739	-4.595548e-19	-8.699073e+09	640.0788
3.9400000000000376e-11	0.1092383	-0.96814245	-0.22530355	-4.6454344e-19	-7.7346734e+09	639.80096
3.950000000000038e-11	0.11045924	-0.96743584	-0.22773015	-4.686713e-19	-7.7346734e+09	639.80096
3.9600000000000385e-11	0.11168595	-0.9667211	-0.23015364	-4.737007e-19	-6.8771666e+09	639.5233
3.970000000000039e-11	0.11291837	-0.96599835	-0.23257406	-4.778447e-19	-6.8771666e+09	639.5233
3.9800000000000395e-11	0.11415646	-0.96526736	-0.2349913	-4.8291507e-19	-6.1147095e+09	639.246
3.99000000000004e-11	0.1154002	-0.9645284	-0.23740536	-4.870755e-19	-6.1147095e+09	639.246
4.0000000000000405e-11	0.11664952	-0.9637813	-0.23981619	-4.9218725e-19	-5.43677e+09	638.9688
4.010000000000041e-11	0.117904425	-0.963026	-0.24222378	-4.9636405e-19	-5.43677e+09	638.9688
4.0200000000000414e-11	0.11916483	-0.9622628	-0.24462812	-5.0151764e-19	-4.8339825e+09	638.6919
4.030000000000042e-11	0.12043074	-0.96149135	-0.24702913	-5.057107e-19	-4.8339825e+09	638.6919
4.0400000000000424e-11	0.12170205	-0.96071184	-0.24942678	-5.1090666e-19	-4.2980183e+09	638.41516
4.050000000000043e-11	0.12297879	-0.9599242	-0.25182107	-5.151164e-19	-4.2980183e+09	638.41516
4.0600000000000434e-11	0.12426089	-0.95912844	-0.25421196	-5.203551e-19	-3.8214717e+09	638.13873
4.070000000000044e-11	0.12554833	-0.95832455	-0.2565995	-5.2458114e-19	-3.8214717e+09	638.13873
4.0800000000000443e-11	0.12684105	-0.95751244	-0.25898352	-5.2986336e-19	-3.397757e+09	637.8625
4.090000000000045e-11	0.128139	-0.9566924	-0.26136407	-5.3410597e-19	-3.397757e+09	637.8625
4.100000000000045e-11	0.12944216	-0.955864	-0.26374114	-5.394316e-19	-3.0210184e+09	637.5864
4.110000000000046e-11	0.1307505	-0.95502764	-0.26611468	-5.4369103e-19	-3.0210184e+09	637.5864
4.120000000000046e-11	0.13206398	-0.954183	-0.26848465	-5.490608e-19	-2.6860483e+09	637.3106
4.130000000000047e-11	0.13338254	-0.95333034	-0.27085105	-5.5333715e-19	-2.6860483e+09	637.3106
4.140000000000047e-11	0.13470614	-0.9524694	-0.27321383	-5.587514e-19	-2.388217e+09	637.03503
4.150000000000048e-11	0.13603476	-0.9516004	-0.27557302	-5.630445e-19	-2.388217e+09	637.03503
4.160000000000048e-11	0.13736835	-0.9507231	-0.27792856	-5.6850397e-19	-2.1234072e+09	636.7597
4.1700000000000487e-11	0.13870688	-0.94983774	-0.28028038	-5.7281394e-19	-2.1234072e+09	636.7597
4.180000000000049e-11	0.14005029	-0.9489442	-0.28262854	-5.783189e-19	-1.8879584e+09	636.4846
4.1900000000000496e-11	0.14139856	-0.9480425	-0.284973	-5.8264596e-19	-1.8879584e+09	636.4846
4.20000000000005e-11	0.14275166	-0.94713265	-0.28731364	-5.8819697e-19	-1.6786153e+09	636.2097
4.2100000000000506e-11	0.14410952	-0.9462146	-0.2896506	-5.92541e-19	-1.6786153e+09	636.2097
4.220000000000051e-11	0.14547211	-0.9452884	-0.29198372	-5.981385e-19	-1.4924838e+09	635.935
4.2300000000000516e-11	0.14683941	-0.94435394	-0.29431304	-6.024998e-19	-1.4924838e+09	635.935
4.240000000000052e-11	0.14821136	-0.9434112	-0.29663855	-6.08144e-19	-1.3269905e+09	635.6606
4.2500000000000525e-11	0.14958793	-0.94246036	-0.2989602	-6.125227e-19	-1.3269905e+09	635.6606
4.260000000000053e-11	0.15096907	-0.94150144	-0.301278	-6.1821427e-19	-1.179847e+09	635.38635
4.2700000000000535e-11	0.15235476	-0.9405342	-0.30359188	-6.226104e-19	-1.179847e+09	635.38635
4.280000000000054e-11	0.15374494	-0.9395588	-0.30590186	-6.2834976e-19	-1.04901914e+09	635.11237
4.2900000000000545e-11	0.15513958	-0.9385751	-0.3082079	-6.3276324e-19	-1.04901914e+09	635.11237
4.300000000000055e-11	0.15653862	-0.9375833	-0.31050998	-6.385508e-19	-9.326977e+08	634.83856
4.3100000000000554e-11	0.15794207	-0.9365832	-0.31280813	-6.4298176e-19	-9.326977e+08	634.83856
4.320000000000056e-11	0.15934983	-0.935575	-0.31510222	-6.488186e-19	-8.292744e+08	634.565
4.3300000000000564e-11	0.1607619	-0.9345585	-0.31739235	-6.53267e-19	-8.292744e+08	634.565
4.340000000000057e-11	0.16217822	-0.9335338	-0.31967843	-6.591527e-19	-7.37319e+08	634.2917
4.3500000000000574e-11	0.16359875	-0.93250084	-0.32196048	-6.636189e-19	-7.37319e+08	634.2917
4.360000000000058e-11	0.16502346	-0.9314597	-0.3242384	-6.695542e-19	-6.5556e+08	634.01855
4.370000000000058e-11	0.1664523	-0.93041027	-0.32651228	-6.740382e-19	-6.5556e+08	634.01855
4.380000000000059e-11	0.16788524	-0.9293525	-0.32878205	-6.80024e-19	-5.828668e+08	633.74567
4.390000000000059e-11	0.16932222	-0.9282867	-0.33104768	-6.8452535e-19	-5.828668e+08	633.74567
4.40000000000006e-11	0.17076322	-0.9272126	-0.33330914	-6.905616e-19	-5.182343e+08	633.473
4.41000000000006e-11	0.1722082	-0.92613006	-0.33556646	-6.9508095e-19	-5.182343e+08	633.473
4.420000000000061e-11	0.1736571	-0.92503947	-0.33781964	-7.011683e-19	-4.6076858e+08	633.20056
4.430000000000061e-11	0.1751099	-0.92394066	-0.34006855	-7.0570583e-19	-4.6076858e+08	633.20056
4.440000000000062e-11	0.17656651	-0.92283356	-0.34231323	-7.118447e-19	-4.09675e+08	632.92834
4.450000000000062e-11	0.17802696	-0.92171824	-0.34455374	-7.164e-19	-4.09675e+08	632.92834
4.4600000000000627e-11	0.17949118	-0.9205946	-0.34679	-7.2259055e-19	-3.64247e+08	632.6564
4.470000000000063e-11	0.18095912	-0.9194627	-0.3490219	-7.2716393e-19	-3.64247e+08	632.6564
4.4800000000000636e-11	0.18243073	-0.91832256	-0.35124958	-7.3340687e-19	-3.238564e+08	632.3846
4.490000000000064e-11	0.18390599	-0.91717404	-0.35347292	-7.379981e-19	-3.238564e+08	632.3846
4.5000000000000646e-11	0.18538484	-0.91601735	-0.35569197	-7.4429406e-19	-2.8794458e+08	632.11304
4.510000000000065e-11	0.18686727	-0.9148524	-0.35790664	-7.4890374e-19	-2.8794458e+08	632.11304
4.5200000000000656e-11	0.18835318	-0.9136792	-0.36011693	-7.5525276e-19	-2.560149e+08	631.84174
4.530000000000066e-11	0.1898426	-0.9124977	-0.36232284	-7.5988027e-19	-2.560149e+08	631.84174
4.5400000000000665e-11	0.19133542	-0.91130793	-0.3645244	-7.6628337e-19	-2.2762584e+08	631.5706
4.550000000000067e-11	0.19283164	-0.91010994	-0.36672148	-7.709289e-19	-2.2762584e+08	631.5706
4.5600000000000675e-11	0.19433121	-0.90890354	-0.3689142	-7.773859e-19	-2.0238477e+08	631.29974
4.570000000000068e-11	0.1958341	-0.907689	-0.37110236	-7.8204985e-19	-2.0238477e+08	631.29974
4.5800000000000685e-11	0.19734022	-0.9064661	-0.3732862	-7.885614e-19	-1.7994262e+08	631.02905
4.590000000000069e-11	0.1988496	-0.905235	-0.37546542	-7.9324367e-19	-1.7994262e+08	631.02905
4.6000000000000694e-11	0.20036213	-0.9039955	-0.3776402	-7.998103e-19	-1.5998904e+08	630.7586
4.61000000000007e-11	0.20187783	-0.9027478	-0.37981042	-8.045107e-19	-1.5998904e+08	630.7586
4.6200000000000704e-11	0.20339659	-0.9014918	-0.3819761	-8.1113253e-19	-1.4224808e+08	630.4884
4.630000000000071e-11	0.20491841	-0.90022755	-0.38413727	-8.158515e-19	-1.4224808e+08	630.4884
4.6400000000000713e-11	0.20644328	-0.8989549	-0.3862939	-8.225289e-19	-1.2647437e+08	630.2184
4.650000000000072e-11	0.20797107	-0.8976741	-0.38844585	-8.2726597e-19	-1.2647437e+08	630.2184
4.660000000000072e-11	0.2095018	-0.89638495	-0.39059326	-8.339999e-19	-1.1244979e+08	629.9486
4.670000000000073e-11	0.21103542	-0.89508754	-0.392736	-8.387554e-19	-1.1244979e+08	629.9486
4.680000000000073e-11	0.21257184	-0.89378184	-0.3948741	-8.455456e-19	-9.998037e+07	629.6791
4.690000000000074e-11	0.21411112	-0.89246786	-0.39700755	-8.5031954e-19	-9.998037e+07	629.6791
4.700000000000074e-11	0.21565309	-0.8911456	-0.39913633	-8.571667e-19	-8.889366e+07	629.4097
4.710000000000075e-11	0.21719779	-0.88981503	-0.40126044	-8.61959e-19	-8.889366e+07	629.4097
4.720000000000075e-11	0.21874519	-0.8884763	-0.40337983	-8.688632e-19	-7.9036344e+07	629.1406
4.730000000000076e-11	0.22029519	-0.8871291	-0.40549445	-8.73674e-19	-7.9036344e+07	629.1406
4.740000000000076e-11	0.22184776	-0.88577384	-0.4076044	-8.806365e-19	-7.02721e+07	628.8717
4.7500000000000767e-11	0.22340287	-0.88441014	-0.4097095	-8.854654e-19	-7.02721e+07	628.8717
4.760000000000077e-11	0.22496046	-0.8830381	-0.41180986	-8.924855e-19	-6.24797e+07	628.603
4.7700000000000776e-11	0.22652051	-0.881658	-0.4139055	-8.973328e-19	-6.24797e+07	628.603
4.780000000000078e-11	0.228083	-0.88026935	-0.41599625	-9.044119e-19	-5.555139e+07	628.3346
4.7900000000000786e-11	0.22964783	-0.87887263	-0.4180822	-9.092777e-19	-5.555139e+07	628.3346
4.800000000000079e-11	0.23121499	-0.87746763	-0.42016324	-9.164155e-19	-4.9391356e+07	628.06635
4.8100000000000795e-11	0.23278442	-0.87605435	-0.42223948	-9.212992e-19	-4.9391356e+07	628.06635
4.82000000000008e-11	0.23435608	-0.8746327	-0.42431083	-9.284961e-19	-4.39144e+07	627.7983
4.8300000000000805e-11	0.23592994	-0.8732029	-0.42637724	-9.333989e-19	-4.39144e+07	627.7983
4.840000000000081e-11	0.23750594	-0.8717647	-0.42843878	-9.40655e-19	-3.9044776e+07	627.5305
4.8500000000000815e-11	0.23908404	-0.8703184	-0.4304954	-9.455759e-19	-3.9044776e+07	627.5305
4.860000000000082e-11	0.24066421	-0.8688639	-0.4325471	-9.528922e-19	-3.471514e+07	627.26294
4.8700000000000824e-11	0.24224639	-0.867401	-0.4345938	-9.578312e-19	-3.471514e+07	627.26294
4.880000000000083e-11	0.24383056	-0.86592984	-0.4366355	-9.652076e-19	-3.0865612e+07	626.99554
4.8900000000000834e-11	0.24541664	-0.8644504	-0.43867216	-9.701651e-19	-3.0865612e+07	626.99554
4.900000000000084e-11	0.2470046	-0.86296284	-0.44070387	-9.776024e-19	-2.7442954e+07	626.7284
4.9100000000000844e-11	0.24859442	-0.861467	-0.44273055	-9.825782e-19	-2.7442954e+07	626.7284
4.920000000000085e-11	0.25018603	-0.8599629	-0.4447522	-9.900759e-19	-2.4399832e+07	626.4615
4.9300000000000853e-11	0.25177938	-0.85845053	-0.44676873	-9.950695e-19	-2.4399832e+07	626.4615
4.940000000000086e-11	0.25337446	-0.85693	-0.44878024	-1.002629e-18	-2.1694158e+07	626.19476
4.950000000000086e-11	0.25497118	-0.8554013	-0.45078653	-1.0076409e-18	-2.1694158e+07	626.19476
4.960000000000087e-11	0.25656953	-0.85386425	-0.45278782	-1.0152618e-18	-1.9288512e+07	625.9283
4.970000000000087e-11	0.25816947	-0.85231906	-0.45478392	-1.0202919e-18	-1.9288512e+07	625.9283
4.980000000000088e-11	0.25977096	-0.8507656	-0.45677492	-1.0279745e-18	-1.7149628e+07	625.662
4.990000000000088e-11	0.2613739	-0.84920406	-0.45876074	-1.0330225e-18	-1.7149628e+07	625.662
5.000000000000089e-11	0.26297835	-0.84763414	-0.46074137	-1.0407674e-18	-1.5247921e+07	625.39594
5.010000000000089e-11	0.26458412	-0.84605616	-0.46271676	-1.0458335e-18	-1.5247921e+07	625.39594
5.02000000000009e-11	0.2661913	-0.84446985	-0.46468702	-1.0536406e-18	-1.3557093e+07	625.1301
5.03000000000009e-11	0.2677998	-0.84287554	-0.46665195	-1.0587252e-18	-1.3557093e+07	625.1301
5.0400000000000906e-11	0.26940957	-0.84127295	-0.4686117	-1.0665954e-18	-1.2053759e+07	624.8645
5.050000000000091e-11	0.27102056	-0.8396622	-0.47056612	-1.0716973e-18	-1.2053759e+07	624.8645
5.0600000000000916e-11	0.27263272	-0.8380433	-0.47251529	-1.0796304e-18	-1.0717129e+07	624.59906
5.070000000000092e-11	0.27424604	-0.83641624	-0.47445917	-1.084751e-18	-1.0717129e+07	624.59906
5.0800000000000926e-11	0.27586043	-0.83478093	-0.47639772	-1.0927463e-18	-9.528716e+06	624.33386
5.090000000000093e-11	0.2774759	-0.8331376	-0.47833097	-1.0978844e-18	-9.528716e+06	624.33386
5.1000000000000935e-11	0.27909237	-0.8314861	-0.48025888	-1.1059449e-18	-8.472086e+06	624.0689
5.110000000000094e-11	0.2807098	-0.82982635	-0.48218134	-1.1111002e-18	-8.472086e+06	624.0689
5.1200000000000945e-11	0.28232813	-0.82815874	-0.48409843	-1.119224e-18	0	623.80414
5.130000000000095e-11	0.28394738	-0.82648283	-0.48601013	-1.1243972e-18	0	623.80414
5.1400000000000955e-11	0.28556854	-0.8247986	-0.48791626	-1.1295782e-18	0	623.80414
5.150000000000096e-11	0.28719148	-0.82310605	-0.48981667	-1.1347662e-18	0	623.80414
5.1600000000000964e-11	0.28881627	-0.8214051	-0.4917115	-1.1399612e-18	0	623.80414
5.170000000000097e-11	0.29044282	-0.81969583	-0.49360052	-1.1451631e-18	0	623.80414
5.1800000000000974e-11	0.29207107	-0.81797814	-0.49548388	-1.1503725e-18	0	623.80414
5.190000000000098e-11	0.29370108	-0.8162523	-0.49736157	-1.1555896e-18	0	623.80414
5.2000000000000984e-11	0.2953327	-0.81451803	-0.49923345	-1.1608136e-18	0	623.80414
5.210000000000099e-11	0.29696596	-0.8127755	-0.5010996	-1.1660448e-18	0	623.80414
5.2200000000000993e-11	0.2986008	-0.8110246	-0.50295997	-1.1712831e-18	0	623.80414
5.2300000000001e-11	0.30023718	-0.80926526	-0.50481445	-1.1765289e-18	0	623.80414
5.2400000000001e-11	0.30187505	-0.80749774	-0.5066632	-1.1817818e-18	0	623.80414
5.250000000000101e-11	0.3035144	-0.8057218	-0.5085061	-1.1870423e-18	0	623.80414
5.260000000000101e-11	0.30515516	-0.8039377	-0.5103431	-1.1923092e-18	0	623.80414
5.270000000000102e-11	0.3067973	-0.8021452	-0.51217425	-1.1975841e-18	0	623.80414
5.280000000000102e-11	0.3084408	-0.8003442	-0.5139995	-1.2028661e-18	0	623.80414
5.290000000000103e-11	0.3100856	-0.7985351	-0.5158188	-1.2081554e-18	0	623.80414
5.300000000000103e-11	0.31173167	-0.7967177	-0.51763225	-1.2134519e-18	0	623.80414
5.3100000000001037e-11	0.31337896	-0.79489195	-0.51943976	-1.2187553e-18	0	623.80414
5.320000000000104e-11	0.31502742	-0.7930579	-0.5212412	-1.2240664e-18	0	623.80414
5.3300000000001046e-11	0.31667703	-0.7912156	-0.5230367	-1.2293847e-18	0	623.80414
5.340000000000105e-11	0.31832778	-0.78936493	-0.52482617	-1.2347103e-18	0	623.80414
5.3500000000001056e-11	0.3199796	-0.7875059	-0.52660966	-1.240043e-18	0	623.80414
5.360000000000106e-11	0.32163244	-0.78563875	-0.5283871	-1.2453831e-18	0	623.80414
5.3700000000001066e-11	0.3232862	-0.7837632	-0.53015846	-1.2507306e-18	0	623.80414
5.380000000000107e-11	0.324941	-0.7818794	-0.5319238	-1.2560845e-18	0	623.80414
5.3900000000001075e-11	0.32659668	-0.7799874	-0.533683	-1.2614468e-18	0	623.80414
5.400000000000108e-11	0.3282532	-0.7780871	-0.53543603	-1.2668153e-18	0	623.80414
5.4100000000001085e-11	0.32991064	-0.77617854	-0.537183	-1.2721921e-18	0	623.80414
5.420000000000109e-11	0.33156878	-0.7742616	-0.5389238	-1.277576e-18	0	623.80414
5.4300000000001095e-11	0.3332277	-0.7723366	-0.54065835	-1.2829661e-18	0	623.80414
5.44000000000011e-11	0.33488733	-0.7704034	-0.5423868	-1.2883643e-18	0	623.80414
5.4500000000001104e-11	0.3365476	-0.7684617	-0.544109	-1.2937694e-18	0	623.80414
5.460000000000111e-11	0.33820853	-0.766512	-0.54582494	-1.2991822e-18	0	623.80414
5.4700000000001114e-11	0.33987004	-0.76455384	-0.5475347	-1.3046024e-18	0	623.80414
5.480000000000112e-11	0.3415321	-0.76258767	-0.54923815	-1.3100291e-18	0	623.80414
5.4900000000001124e-11	0.34319466	-0.7606132	-0.5509353	-1.3154633e-18	0	623.80414
5.500000000000113e-11	0.34485766	-0.7586305	-0.55262625	-1.3209049e-18	0	623.80414
5.510000000000113e-11	0.34652114	-0.7566397	-0.5543108	-1.326353e-18	0	623.80414
5.520000000000114e-11	0.348185	-0.7546406	-0.555989	-1.331809e-18	0	623.80414
5.530000000000114e-11	0.3498492	-0.75263345	-0.5576609	-1.3372728e-18	0	623.80414
5.540000000000115e-11	0.35151362	-0.750618	-0.5593264	-1.3427426e-18	0	623.80414
5.550000000000115e-11	0.3531784	-0.7485944	-0.5609854	-1.3482198e-18	0	623.80414
5.560000000000116e-11	0.35484335	-0.74656254	-0.5626382	-1.3537044e-18	0	623.80414
5.570000000000116e-11	0.3565085	-0.7445227	-0.56428444	-1.3591959e-18	0	623.80414
5.580000000000117e-11	0.3581738	-0.7424746	-0.5659242	-1.3646956e-18	0	623.80414
5.590000000000117e-11	0.35983917	-0.74041843	-0.5675576	-1.3702012e-18	0	623.80414
5.6000000000001177e-11	0.3615046	-0.7383541	-0.5691844	-1.3757145e-18	0	623.80414
5.610000000000118e-11	0.3631701	-0.7362817	-0.5708048	-1.3812348e-18	0	623.80414
5.6200000000001186e-11	0.3648355	-0.734201	-0.5724186	-1.3867623e-18	0	623.80414
5.630000000000119e-11	0.36650088	-0.7321124	-0.5740259	-1.3922971e-18	0	623.80414
5.6400000000001196e-11	0.36816615	-0.73001564	-0.5756266	-1.3978388e-18	0	623.80414
5.65000000000012e-11	0.36983126	-0.72791076	-0.5772208	-1.4033871e-18	0	623.80414
5.6600000000001206e-11	0.3714962	-0.72579783	-0.57880837	-1.4089433e-18	0	623.80414
5.670000000000121e-11	0.3731609	-0.7236769	-0.5803893	-1.414506e-18	0	623.80414
5.6800000000001215e-11	0.37482533	-0.72154784	-0.58196366	-1.4200765e-18	0	623.80414
5.690000000000122e-11	0.3764894	-0.71941066	-0.58353126	-1.4256532e-18	0	623.80414
5.7000000000001225e-11	0.37815318	-0.7172656	-0.5850923	-1.4312373e-18	0	623.80414
5.710000000000123e-11	0.37981653	-0.71511245	-0.5866466	-1.4368285e-18	0	623.80414
5.7200000000001235e-11	0.38147947	-0.71295124	-0.5881942	-1.4424262e-18	0	623.80414
5.730000000000124e-11	0.3831419	-0.71078205	-0.5897351	-1.4480321e-18	0	623.80414
5.7400000000001244e-11	0.38480383	-0.70860493	-0.5912692	-1.4536446e-18	0	623.80414
5.750000000000125e-11	0.3864652	-0.70641977	-0.5927966	-1.4592627e-18	0	623.80414
5.7600000000001254e-11	0.388126	-0.7042267	-0.59431726	-1.4648887e-18	0	623.80414
5.770000000000126e-11	0.38978606	-0.7020256	-0.59583104	-1.4705216e-18	0	623.80414
5.7800000000001263e-11	0.39144552	-0.69981664	-0.5973381	-1.4761618e-18	0	623.80414
5.790000000000127e-11	0.3931042	-0.6975996	-0.5988382	-1.4818098e-18	0	623.80414
5.800000000000127e-11	0.3947622	-0.6953748	-0.60033154	-1.4874626e-18	0	623.80414
5.810000000000128e-11	0.3964193	-0.69314206	-0.60181797	-1.4931231e-18	0	623.80414
5.820000000000128e-11	0.39807558	-0.6909014	-0.6032976	-1.498791e-18	0	623.80414
5.830000000000129e-11	0.39973095	-0.6886529	-0.6047703	-1.5044651e-18	0	623.80414
5.840000000000129e-11	0.4013854	-0.6863965	-0.606236	-1.5101462e-18	0	623.80414
5.85000000000013e-11	0.4030389	-0.6841322	-0.6076948	-1.5158344e-18	0	623.80414
5.86000000000013e-11	0.40469134	-0.6818601	-0.60914665	-1.5215289e-18	0	623.80414
5.870000000000131e-11	0.40634274	-0.6795802	-0.6105916	-1.5272306e-18	0	623.80414
5.880000000000131e-11	0.40799302	-0.67729247	-0.61202943	-1.5329387e-18	0	623.80414
5.890000000000132e-11	0.4096422	-0.674997	-0.6134603	-1.5386545e-18	0	623.80414
5.900000000000132e-11	0.41129017	-0.6726937	-0.61488426	-1.544376e-18	0	623.80414
5.910000000000133e-11	0.41293693	-0.6703826	-0.61630106	-1.5501045e-18	0	623.80414
5.920000000000133e-11	0.41458243	-0.66806394	-0.6177108	-1.5558397e-18	0	623.80414
5.930000000000134e-11	0.41622666	-0.6657373	-0.6191135	-1.5615816e-18	0	623.80414
5.940000000000134e-11	0.41786945	-0.663403	-0.620509	-1.5673296e-18	0	623.80414
5.950000000000135e-11	0.4195109	-0.661061	-0.6218976	-1.573085e-18	0	623.80414
5.960000000000135e-11	0.4211509	-0.65871143	-0.62327886	-1.578847e-18	0	623.80414
5.970000000000136e-11	0.42278945	-0.6563541	-0.6246531	-1.5846154e-18	0	623.80414
5.980000000000136e-11	0.4244265	-0.6539892	-0.62602013	-1.5903902e-18	0	623.80414
5.990000000000136e-11	0.42606202	-0.65161645	-0.6273799	-1.5961713e-18	0	623.80414
6.000000000000137e-11	0.42769587	-0.64923626	-0.6287325	-1.6019597e-18	0	623.80414
6.010000000000137e-11	0.42932814	-0.64684844	-0.63007796	-1.6077541e-18	0	623.80414
6.020000000000138e-11	0.43095875	-0.64445305	-0.63141614	-1.6135546e-18	0	623.80414
6.030000000000138e-11	0.43258756	-0.64205	-0.63274705	-1.6193625e-18	0	623.80414
6.040000000000139e-11	0.43421465	-0.63963956	-0.6340707	-1.625176e-18	0	623.80414
6.05000000000014e-11	0.43583995	-0.6372215	-0.6353871	-1.6309968e-18	0	623.80414
6.06000000000014e-11	0.4374634	-0.6347959	-0.6366961	-1.6368228e-18	0	623.80414
6.07000000000014e-11	0.43908492	-0.63236284	-0.63799787	-1.6426562e-18	0	623.80414
6.080000000000141e-11	0.4407046	-0.62992245	-0.63929224	-1.6484953e-18	0	623.80414
6.090000000000141e-11	0.44232234	-0.6274745	-0.6405793	-1.6543402e-18	0	623.80414
6.100000000000142e-11	0.443938	-0.6250191	-0.641859	-1.6601936e-18	0	623.80414
6.110000000000142e-11	0.44555163	-0.6225562	-0.64313126	-1.6660511e-18	0	623.80414
6.120000000000143e-11	0.44710281	-0.6201171	-0.644408	-1.935217e-18	0	610.8385
6.130000000000143e-11	0.44859177	-0.6177021	-0.64568925	-1.9411034e-18	0	610.8385
6.140000000000144e-11	0.45007893	-0.6152805	-0.6469632	-1.946995e-18	0	610.8385
6.150000000000144e-11	0.45156413	-0.61285204	-0.64822996	-1.9528915e-18	0	610.8385
6.160000000000145e-11	0.45304742	-0.6104168	-0.64948934	-1.9587937e-18	0	610.8385
6.170000000000145e-11	0.45452875	-0.60797495	-0.65074146	-1.9647014e-18	0	610.8385
6.180000000000146e-11	0.4560081	-0.6055263	-0.65198636	-1.9706145e-18	0	610.8385
6.190000000000146e-11	0.4574854	-0.6030711	-0.6532238	-1.9765328e-18	0	610.8385
6.200000000000147e-11	0.45896065	-0.60060906	-0.654454	-1.9824566e-18	0	610.8385
6.210000000000147e-11	0.46043375	-0.59814054	-0.65567684	-1.9883832e-18	0	610.8385
6.220000000000148e-11	0.46190476	-0.5956654	-0.65689224	-1.9943155e-18	0	610.8385
6.230000000000148e-11	0.4633736	-0.5931837	-0.65810037	-2.0002553e-18	0	610.8385
6.240000000000149e-11	0.46484026	-0.59069526	-0.65930104	-2.0061982e-18	0	610.8385
6.250000000000149e-11	0.46630466	-0.58820045	-0.6604942	-2.0121466e-18	0	610.8385
6.26000000000015e-11	0.46776676	-0.5856991	-0.66168004	-2.0180996e-18	0	610.8385
6.27000000000015e-11	0.4692266	-0.5831913	-0.6628585	-2.0240572e-18	0	610.8385
6.28000000000015e-11	0.47068405	-0.58067685	-0.6640294	-2.0300208e-18	0	610.8385
6.290000000000151e-11	0.47213918	-0.5781561	-0.66519284	-2.0359887e-18	0	610.8385
6.300000000000151e-11	0.47359186	-0.57562894	-0.66634876	-2.0419621e-18	0	610.8385
6.310000000000152e-11	0.47504216	-0.5730953	-0.66749716	-2.047941e-18	0	610.8385
6.320000000000152e-11	0.47648996	-0.5705553	-0.6686381	-2.0539228e-18	0	610.8385
6.330000000000153e-11	0.47793525	-0.5680089	-0.66977155	-2.0599107e-18	0	610.8385
6.340000000000153e-11	0.47937799	-0.5654563	-0.6708974	-2.065903e-18	0	610.8385
6.350000000000154e-11	0.48081815	-0.5628973	-0.6720157	-2.0719e-18	0	610.8385
6.360000000000154e-11	0.4822557	-0.5603321	-0.67312646	-2.0779019e-18	0	610.8385
6.370000000000155e-11	0.4836906	-0.5577606	-0.6742296	-2.083908e-18	0	610.8385
6.380000000000155e-11	0.48512286	-0.5551828	-0.67532516	-2.0899188e-18	0	610.8385
6.390000000000156e-11	0.48655242	-0.5525989	-0.67641306	-2.095935e-18	0	610.8385
6.400000000000156e-11	0.48797923	-0.5500088	-0.67749333	-2.101955e-18	0	610.8385
6.410000000000157e-11	0.4894032	-0.5474126	-0.67856586	-2.1079809e-18	0	610.8385
6.420000000000157e-11	0.49082443	-0.5448101	-0.6796309	-2.11401e-18	0	610.8385
6.430000000000158e-11	0.49224284	-0.54220164	-0.68068826	-2.1200434e-18	0	610.8385
6.440000000000158e-11	0.49365836	-0.539587	-0.68173784	-2.1260819e-18	0	610.8385
6.450000000000159e-11	0.49507093	-0.53696644	-0.6827798	-2.132125e-18	0	610.8385
6.460000000000159e-11	0.49648064	-0.5343397	-0.6838139	-2.1381723e-18	0	610.8385
6.47000000000016e-11	0.4978873	-0.53170717	-0.68484044	-2.144224e-18	0	610.8385
6.48000000000016e-11	0.49929106	-0.5290686	-0.6858591	-2.1502802e-18	0	610.8385
6.49000000000016e-11	0.5006917	-0.52642405	-0.68687016	-2.156341e-18	0	610.8385
6.500000000000161e-11	0.5020893	-0.5237736	-0.6878733	-2.1624056e-18	0	610.8385
6.510000000000162e-11	0.50348383	-0.5211172	-0.68886876	-2.168473e-18	0	610.8385
6.520000000000162e-11	0.5048752	-0.5184551	-0.68985635	-2.1745476e-18	0	610.8385
6.530000000000163e-11	0.5062634	-0.51578707	-0.69083613	-2.1806247e-18	0	610.8385
6.540000000000163e-11	0.5076484	-0.5131132	-0.69180816	-2.1867067e-18	0	610.8385
6.550000000000163e-11	0.5090303	-0.5104337	-0.6927723	-2.1927917e-18	0	610.8385
6.560000000000164e-11	0.5104088	-0.50774837	-0.6937287	-2.1988814e-18	0	610.8385
6.570000000000164e-11	0.5117841	-0.5050573	-0.6946772	-2.2049744e-18	0	610.8385
6.580000000000165e-11	0.513156	-0.50236064	-0.69561774	-2.2110728e-18	0	610.8385
6.590000000000165e-11	0.5145246	-0.49965826	-0.69655037	-2.2171751e-18	0	610.8385
6.600000000000166e-11	0.5158898	-0.49695027	-0.69747525	-2.2232805e-18	0	610.8385
6.610000000000166e-11	0.5172516	-0.49423668	-0.69839215	-2.2293899e-18	0	610.8385
6.620000000000167e-11	0.51861	-0.49151757	-0.6993011	-2.2355036e-18	0	610.8385
6.630000000000167e-11	0.5199649	-0.4887929	-0.7002021	-2.2416208e-18	0	610.8385
6.640000000000168e-11	0.5213163	-0.4860627	-0.7010952	-2.247742e-18	0	610.8385
6.650000000000168e-11	0.52266425	-0.4833271	-0.70198035	-2.2538672e-18	0	610.8385
6.660000000000169e-11	0.5240085	-0.480586	-0.70285755	-2.259995e-18	0	610.8385
6.670000000000169e-11	0.52534926	-0.4778395	-0.70372665	-2.2661285e-18	0	610.8385
6.68000000000017e-11	0.5266864	-0.4750876	-0.7045878	-2.2722643e-18	0	610.8385
6.69000000000017e-11	0.52801985	-0.4723304	-0.705441	-2.278405e-18	0	610.8385
6.700000000000171e-11	0.5293496	-0.4695679	-0.7062862	-2.2845475e-18	0	610.8385
6.710000000000171e-11	0.53067565	-0.4668001	-0.7071232	-2.2906937e-18	0	610.8385
6.720000000000172e-11	0.531998	-0.46402702	-0.7079524	-2.2968434e-18	0	610.8385
6.730000000000172e-11	0.5333166	-0.46124876	-0.7087733	-2.3029984e-18	0	610.8385
6.740000000000173e-11	0.5346313	-0.45846528	-0.7095862	-2.3091551e-18	0	610.8385
6.750000000000173e-11	0.5359423	-0.4556767	-0.7103911	-2.3153147e-18	0	610.8385
6.760000000000174e-11	0.53724945	-0.45288298	-0.7111879	-2.3214793e-18	0	610.8385
6.770000000000174e-11	0.53855264	-0.45008415	-0.7119766	-2.3276465e-18	0	610.8385
6.780000000000175e-11	0.53985196	-0.4472803	-0.7127571	-2.3338169e-18	0	610.8385
6.790000000000175e-11	0.5411473	-0.4444714	-0.7135296	-2.3399908e-18	0	610.8385
6.800000000000176e-11	0.54243875	-0.44165754	-0.7142938	-2.346168e-18	0	610.8385
6.810000000000176e-11	0.54372615	-0.43883872	-0.71505004	-2.352348e-18	0	610.8385
6.820000000000177e-11	0.54500955	-0.43601498	-0.715798	-2.3585304e-18	0	610.8385
6.830000000000177e-11	0.5462888	-0.4331864	-0.71653783	-2.3647162e-18	0	610.8385
6.840000000000177e-11	0.54756415	-0.43035293	-0.7172695	-2.370906e-18	0	610.8385
6.850000000000178e-11	0.5488353	-0.4275147	-0.71799296	-2.3770991e-18	0	610.8385
6.860000000000178e-11	0.55010235	-0.42467162	-0.71870816	-2.383293e-18	0	610.8385
6.870000000000179e-11	0.55136526	-0.42182386	-0.7194152	-2.389492e-18	0	610.8385
6.88000000000018e-11	0.5526239	-0.41897136	-0.72011405	-2.3956933e-18	0	610.8385
6.89000000000018e-11	0.5538784	-0.41611415	-0.72080463	-2.4018972e-18	0	610.8385
6.90000000000018e-11	0.55512863	-0.41325238	-0.721487	-2.4081033e-18	0	610.8385
6.910000000000181e-11	0.55637467	-0.410386	-0.72216105	-2.4143121e-18	0	610.8385
6.920000000000181e-11	0.55761635	-0.40751505	-0.72282696	-2.4205253e-18	0	610.8385
6.930000000000182e-11	0.5588538	-0.4046396	-0.7234845	-2.4267397e-18	0	610.8385
6.940000000000182e-11	0.5600869	-0.40175965	-0.72413385	-2.432956e-18	0	610.8385
6.950000000000183e-11	0.56131554	-0.3988752	-0.7247748	-2.4391765e-18	0	610.8385
6.960000000000183e-11	0.5625398	-0.39598635	-0.72540754	-2.4453992e-18	0	610.8385
6.970000000000184e-11	0.56375974	-0.39309317	-0.72603184	-2.4516231e-18	0	610.8385
6.980000000000184e-11	0.5649752	-0.3901956	-0.72664803	-2.4578506e-18	0	610.8385
6.990000000000185e-11	0.56618613	-0.38729376	-0.7272557	-2.4640798e-18	0	610.8385
7.000000000000185e-11	0.5673927	-0.38438764	-0.727855	-2.4703129e-18	0	610.8385
7.010000000000186e-11	0.56859463	-0.3814773	-0.7284461	-2.4765471e-18	0	610.8385
7.020000000000186e-11	0.5697921	-0.37856275	-0.72902894	-2.4827828e-18	0	610.8385
7.030000000000187e-11	0.570985	-0.37564412	-0.7296033	-2.4890212e-18	0	610.8385
7.040000000000187e-11	0.57217336	-0.37272128	-0.73016924	-2.495262e-18	0	610.8385
7.050000000000188e-11	0.57335705	-0.36979443	-0.73072684	-2.501506e-18	0	610.8385
7.060000000000188e-11	0.5745361	-0.36686355	-0.7312759	-2.5077508e-18	0	610.8385
7.070000000000189e-11	0.57571054	-0.36392865	-0.7318169	-2.5139975e-18	0	610.8385
7.080000000000189e-11	0.5768802	-0.36098978	-0.7323492	-2.5202477e-18	0	610.8385
7.09000000000019e-11	0.57804525	-0.35804707	-0.73287326	-2.5264985e-18	0	610.8385
7.10000000000019e-11	0.5792055	-0.35510042	-0.7333888	-2.5327516e-18	0	610.8385
7.11000000000019e-11	0.5803612	-0.35214993	-0.73389596	-2.5390052e-18	0	610.8385
7.120000000000191e-11	0.5814612	-0.34925476	-0.73440653	-2.9355277e-18	0	598.392
7.130000000000191e-11	0.5825062	-0.34641537	-0.7349211	-2.9415872e-18	0	598.392
7.140000000000192e-11	0.58354723	-0.34357274	-0.7354275	-2.947649e-18	0	598.392
7.150000000000192e-11	0.5845841	-0.34072694	-0.73592573	-2.9537104e-18	0	598.392
7.160000000000193e-11	0.5856171	-0.33787802	-0.7364159	-2.9597732e-18	0	598.392
7.170000000000193e-11	0.58664596	-0.33502597	-0.73689795	-2.965837e-18	0	598.392
7.180000000000194e-11	0.5876706	-0.33217087	-0.73737186	-2.9719015e-18	0	598.392
7.190000000000194e-11	0.5886913	-0.32931274	-0.73783755	-2.9779673e-18	0	598.392
7.200000000000195e-11	0.5897078	-0.3264516	-0.7382951	-2.984033e-18	0	598.392
7.210000000000195e-11	0.59072024	-0.32358754	-0.73874456	-2.9901003e-18	0	598.392
7.220000000000196e-11	0.59172845	-0.32072052	-0.7391858	-2.9961667e-18	0	598.392
7.230000000000196e-11	0.5927324	-0.31785062	-0.73961896	-3.0022342e-18	0	598.392
7.240000000000197e-11	0.59373236	-0.31497788	-0.7400439	-3.0083039e-18	0	598.392
7.250000000000197e-11	0.594728	-0.31210232	-0.7404606	-3.0143731e-18	0	598.392
7.260000000000198e-11	0.5957195	-0.309224	-0.7408691	-3.0204428e-18	0	598.392
7.270000000000198e-11	0.5967067	-0.30634296	-0.7412696	-3.0265126e-18	0	598.392
7.280000000000199e-11	0.5976896	-0.30345923	-0.7416618	-3.0325829e-18	0	598.392
7.290000000000199e-11	0.5986684	-0.30057284	-0.74204576	-3.0386538e-18	0	598.392
7.3000000000002e-11	0.59964275	-0.29768378	-0.74242157	-3.0447257e-18	0	598.392
7.3100000000002e-11	0.60061294	-0.29479218	-0.74278915	-3.050798e-18	0	598.392
7.3200000000002e-11	0.6015788	-0.291898	-0.74314857	-3.0568701e-18	0	598.392
7.330000000000201e-11	0.6025402	-0.28900132	-0.7434997	-3.062943e-18	0	598.392
7.340000000000202e-11	0.6034974	-0.2861022	-0.7438426	-3.0690146e-18	0	598.392
7.350000000000202e-11	0.6044502	-0.28320062	-0.7441774	-3.0750871e-18	0	598.392
7.360000000000203e-11	0.6053987	-0.28029668	-0.74450386	-3.0811593e-18	0	598.392
7.370000000000203e-11	0.6063428	-0.2773904	-0.7448222	-3.0872326e-18	0	598.392
7.380000000000204e-11	0.6072825	-0.27448174	-0.74513227	-3.0933048e-18	0	598.392
7.390000000000204e-11	0.6082178	-0.27157086	-0.745434	-3.0993781e-18	0	598.392
7.400000000000205e-11	0.6091487	-0.26865774	-0.7457276	-3.10545e-18	0	598.392
7.410000000000205e-11	0.6100751	-0.2657424	-0.7460129	-3.111523e-18	0	598.392
7.420000000000205e-11	0.6109971	-0.26282492	-0.74629	-3.117595e-18	0	598.392
7.430000000000206e-11	0.61191475	-0.2599053	-0.7465588	-3.1236673e-18	0	598.392
7.440000000000206e-11	0.6128278	-0.2569836	-0.74681944	-3.1297392e-18	0	598.392
7.450000000000207e-11	0.61373645	-0.25405988	-0.74707174	-3.1358107e-18	0	598.392
7.460000000000207e-11	0.6146406	-0.25113416	-0.74731576	-3.1418824e-18	0	598.392
7.470000000000208e-11	0.61554015	-0.24820647	-0.74755156	-3.1479522e-18	0	598.392
7.480000000000208e-11	0.61643535	-0.24527685	-0.7477791	-3.1540238e-18	0	598.392
7.490000000000209e-11	0.61732596	-0.24234536	-0.74799836	-3.160093e-18	0	598.392
7.500000000000209e-11	0.61821204	-0.23941202	-0.7482093	-3.1661637e-18	0	598.392
7.51000000000021e-11	0.61909354	-0.23647688	-0.748412	-3.1722319e-18	0	598.392
7.52000000000021e-11	0.61997056	-0.23354	-0.74860656	-3.1783009e-18	0	598.392
7.530000000000211e-11	0.62084293	-0.23060137	-0.74879265	-3.184368e-18	0	598.392
7.540000000000211e-11	0.6217107	-0.22766107	-0.74897057	-3.1904344e-18	0	598.392
7.550000000000212e-11	0.62257403	-0.22471912	-0.74914014	-3.196501e-18	0	598.392
7.560000000000212e-11	0.6234327	-0.22177559	-0.7493016	-3.2025666e-18	0	598.392
7.570000000000213e-11	0.6242868	-0.2188305	-0.7494546	-3.2086321e-18	0	598.392
7.580000000000213e-11	0.62513614	-0.21588387	-0.74959934	-3.2146948e-18	0	598.392
7.590000000000214e-11	0.625981	-0.21293579	-0.74973583	-3.2207576e-18	0	598.392
7.600000000000214e-11	0.62682116	-0.20998624	-0.74986404	-3.2268187e-18	0	598.392
7.610000000000215e-11	0.6276567	-0.20703532	-0.74998397	-3.2328797e-18	0	598.392
7.620000000000215e-11	0.6284876	-0.20408303	-0.7500956	-3.2389386e-18	0	598.392
7.630000000000216e-11	0.6293138	-0.20112944	-0.75019896	-3.244998e-18	0	598.392
7.640000000000216e-11	0.63013536	-0.19817457	-0.75029397	-3.2510574e-18	0	598.392
7.650000000000217e-11	0.6309523	-0.19521847	-0.75038075	-3.257111e-18	0	598.392
7.660000000000217e-11	0.63176453	-0.19226117	-0.75045925	-3.263167e-18	0	598.392
7.670000000000218e-11	0.63257205	-0.18930273	-0.7505294	-3.269221e-18	0	598.392
7.680000000000218e-11	0.6333749	-0.1863432	-0.7505913	-3.2752719e-18	0	598.392
7.690000000000218e-11	0.63417304	-0.18338257	-0.75064486	-3.281323e-18	0	598.392
7.700000000000219e-11	0.63496643	-0.18042094	-0.7506901	-3.2873735e-18	0	598.392
7.71000000000022e-11	0.6357551	-0.1774583	-0.7507272	-3.293421e-18	0	598.392
7.72000000000022e-11	0.6365391	-0.17449474	-0.75075585	-3.299467e-18	0	598.392
7.73000000000022e-11	0.6373184	-0.17153026	-0.75077635	-3.3055128e-18	0	598.392
7.740000000000221e-11	0.6380929	-0.16856496	-0.75078845	-3.3115558e-18	0	598.392
7.750000000000221e-11	0.63886267	-0.16559882	-0.75079226	-3.3175967e-18	0	598.392
7.760000000000222e-11	0.63962764	-0.16263191	-0.75078773	-3.3236371e-18	0	598.392
7.770000000000222e-11	0.64038795	-0.15966426	-0.75077516	-3.3296758e-18	0	598.392
7.780000000000223e-11	0.64114344	-0.15669593	-0.7507541	-3.3357123e-18	0	598.392
7.790000000000223e-11	0.6418942	-0.15372695	-0.7507248	-3.3417462e-18	0	598.392
7.800000000000224e-11	0.64264023	-0.15075739	-0.75068724	-3.3477784e-18	0	598.392
7.810000000000224e-11	0.64338136	-0.14778724	-0.75064135	-3.3538096e-18	0	598.392
7.820000000000225e-11	0.64411783	-0.14481656	-0.75058717	-3.359839e-18	0	598.392
7.830000000000225e-11	0.6448495	-0.14184542	-0.75052476	-3.3658637e-18	0	598.392
7.840000000000226e-11	0.64557636	-0.13887385	-0.75045407	-3.3718887e-18	0	598.392
7.850000000000226e-11	0.6462984	-0.13590187	-0.7503751	-3.3779116e-18	0	598.392
7.860000000000227e-11	0.64701575	-0.13292953	-0.7502879	-3.383932e-18	0	598.392
7.870000000000227e-11	0.6477282	-0.1299569	-0.75019234	-3.3899495e-18	0	598.392
7.880000000000228e-11	0.6484359	-0.126984	-0.7500886	-3.3959646e-18	0	598.392
7.890000000000228e-11	0.64913887	-0.12401088	-0.74997646	-3.4019792e-18	0	598.392
7.900000000000229e-11	0.6498369	-0.12103759	-0.74985623	-3.4079883e-18	0	598.392
7.910000000000229e-11	0.6505302	-0.11806414	-0.74972755	-3.4139967e-18	0	598.392
7.92000000000023e-11	0.65121865	-0.115090616	-0.74959075	-3.4200035e-18	0	598.392
7.93000000000023e-11	0.6519023	-0.11211702	-0.7494457	-3.4260055e-18	0	598.392
7.94000000000023e-11	0.65258116	-0.109143436	-0.74929225	-3.432007e-18	0	598.392
7.950000000000231e-11	0.65325516	-0.106169865	-0.74913067	-3.4380056e-18	0	598.392
7.960000000000232e-11	0.6539244	-0.10319639	-0.74896085	-3.4440006e-18	0	598.392
7.970000000000232e-11	0.65458876	-0.10022303	-0.7487828	-3.4499919e-18	0	598.392
7.980000000000232e-11	0.65524834	-0.09724982	-0.74859643	-3.4559825e-18	0	598.392
7.990000000000233e-11	0.6559031	-0.09427683	-0.7484019	-3.461971e-18	0	598.392
8.000000000000233e-11	0.65655315	-0.091304086	-0.74819916	-3.4679543e-18	0	598.392
8.010000000000234e-11	0.6571982	-0.08833164	-0.74798816	-3.4739356e-18	0	598.392
8.020000000000234e-11	0.6578385	-0.08535952	-0.747769	-3.479915e-18	0	598.392
8.030000000000235e-11	0.658474	-0.082387775	-0.7475414	-3.485889e-18	0	598.392
8.040000000000235e-11	0.65910465	-0.07941646	-0.7473058	-3.491862e-18	0	598.392
8.050000000000236e-11	0.65973055	-0.07644561	-0.74706185	-3.497831e-18	0	598.392
8.060000000000236e-11	0.6603515	-0.073475264	-0.74680984	-3.5037973e-18	0	598.392
8.070000000000237e-11	0.66096777	-0.07050547	-0.7465496	-3.509759e-18	0	598.392
8.080000000000237e-11	0.66157913	-0.067536265	-0.74628115	-3.515718e-18	0	598.392
8.090000000000238e-11	0.6621857	-0.0645677	-0.74600446	-3.5216743e-18	0	598.392
8.100000000000238e-11	0.6627875	-0.06159982	-0.74571955	-3.527628e-18	0	598.392
8.110000000000239e-11	0.66338444	-0.058632664	-0.7454266	-3.5335766e-18	0	598.392
8.120000000000239e-11	0.6639552	-0.055748504	-0.7451382	-4.012034e-18	0	586.4439
8.13000000000024e-11	0.6645005	-0.052947484	-0.744855	-4.0176063e-18	0	586.4439
8.14000000000024e-11	0.6650418	-0.05014744	-0.744564	-4.023174e-18	0	586.4439
8.150000000000241e-11	0.66557944	-0.04734841	-0.7442653	-4.0287377e-18	0	586.4439
8.160000000000241e-11	0.6661132	-0.044550437	-0.743959	-4.034299e-18	0	586.4439
8.170000000000242e-11	0.66664314	-0.04175355	-0.7436449	-4.0398566e-18	0	586.4439
8.180000000000242e-11	0.66716933	-0.038957782	-0.74332315	-4.0454095e-18	0	586.4439
8.190000000000243e-11	0.66769165	-0.036163177	-0.74299383	-4.0509603e-18	0	586.4439
8.200000000000243e-11	0.6682102	-0.033369772	-0.7426568	-4.056507e-18	0	586.4439
8.210000000000244e-11	0.6687249	-0.030577602	-0.74231213	-4.0620487e-18	0	586.4439
8.220000000000244e-11	0.6692358	-0.0277867	-0.74195987	-4.0675866e-18	0	586.4439
8.230000000000245e-11	0.669743	-0.024997106	-0.7415999	-4.073122e-18	0	586.4439
8.240000000000245e-11	0.67024636	-0.022208853	-0.74123245	-4.0786522e-18	0	586.4439
8.250000000000246e-11	0.67074597	-0.01942198	-0.74085724	-4.0841795e-18	0	586.4439
8.260000000000246e-11	0.6712417	-0.016636522	-0.74047446	-4.0897013e-18	0	586.4439
8.270000000000246e-11	0.6717336	-0.013852516	-0.74008405	-4.095221e-18	0	586.4439
8.280000000000247e-11	0.6722218	-0.011069999	-0.739686	-4.100736e-18	0	586.4439
8.290000000000247e-11	0.6727063	-0.008289007	-0.7392805	-4.1062453e-18	0	586.4439
8.300000000000248e-11	0.67318696	-0.005509577	-0.7388673	-4.1117535e-18	0	586.4439
8.310000000000248e-11	0.6736639	-0.002731744	-0.7384466	-4.1172563e-18	0	586.4439
8.320000000000249e-11	0.67413694	4.4455635e-05	-0.7380184	-4.1227554e-18	0	586.4439
8.33000000000025e-11	0.6746064	0.002818985	-0.73758256	-4.1282496e-18	0	586.4439
8.34000000000025e-11	0.675072	0.0055918084	-0.7371391	-4.1337387e-18	0	586.4439
8.35000000000025e-11	0.6755339	0.008362889	-0.7366882	-4.1392234e-18	0	586.4439
8.360000000000251e-11	0.67599213	0.011132192	-0.7362298	-4.144705e-18	0	586.4439
8.370000000000251e-11	0.67644656	0.01389968	-0.73576385	-4.150181e-18	0	586.4439
8.380000000000252e-11	0.67689717	0.016665317	-0.73529035	-4.1556537e-18	0	586.4439
8.390000000000252e-11	0.67734414	0.019429069	-0.7348093	-4.1611217e-18	0	586.4439
8.400000000000253e-11	0.67778736	0.022190897	-0.73432076	-4.166584e-18	0	586.4439
8.410000000000253e-11	0.678227	0.024950765	-0.7338248	-4.172044e-18	0	586.4439
8.420000000000254e-11	0.6786629	0.027708638	-0.73332137	-4.177498e-18	0	586.4439
8.430000000000254e-11	0.679095	0.030464483	-0.73281044	-4.182948e-18	0	586.4439
8.440000000000255e-11	0.6795234	0.03321826	-0.732292	-4.1883922e-18	0	586.4439
8.450000000000255e-11	0.6799482	0.035969935	-0.73176616	-4.193833e-18	0	586.4439
8.460000000000256e-11	0.6803693	0.03871947	-0.7312329	-4.199269e-18	0	586.4439
8.470000000000256e-11	0.6807868	0.041466836	-0.73069227	-4.204699e-18	0	586.4439
8.480000000000257e-11	0.68120056	0.04421199	-0.73014414	-4.210125e-18	0	586.4439
8.490000000000257e-11	0.68161064	0.0469549	-0.7295886	-4.215546e-18	0	586.4439
8.500000000000258e-11	0.68201715	0.049695525	-0.7290256	-4.220963e-18	0	586.4439
8.510000000000258e-11	0.68242	0.052433833	-0.72845536	-4.226375e-18	0	586.4439
8.520000000000259e-11	0.6828192	0.05516979	-0.7278776	-4.231781e-18	0	586.4439
8.530000000000259e-11	0.6832148	0.057903364	-0.72729254	-4.237184e-18	0	586.4439
8.54000000000026e-11	0.6836068	0.06063451	-0.72670007	-4.24258e-18	0	586.4439
8.55000000000026e-11	0.68399507	0.063363194	-0.7261003	-4.247972e-18	0	586.4439
8.56000000000026e-11	0.68437994	0.06608939	-0.72549313	-4.253357e-18	0	586.4439
8.570000000000261e-11	0.68476105	0.068813056	-0.7248787	-4.25874e-18	0	586.4439
8.580000000000261e-11	0.6851387	0.07153416	-0.72425693	-4.2641152e-18	0	586.4439
8.590000000000262e-11	0.6855127	0.07425265	-0.7236279	-4.269486e-18	0	586.4439
8.600000000000262e-11	0.68588316	0.07696852	-0.7229915	-4.2748516e-18	0	586.4439
8.610000000000263e-11	0.6862501	0.07968172	-0.72234786	-4.280212e-18	0	586.4439
8.620000000000263e-11	0.68661344	0.08239221	-0.7216969	-4.285567e-18	0	586.4439
8.630000000000264e-11	0.6869732	0.08509995	-0.72103876	-4.290918e-18	0	586.4439
8.640000000000264e-11	0.68732953	0.08780493	-0.7203733	-4.2962624e-18	0	586.4439
8.650000000000265e-11	0.68768233	0.0905071	-0.71970063	-4.3016006e-18	0	586.4439
8.660000000000265e-11	0.68803155	0.09320641	-0.71902066	-4.3069355e-18	0	586.4439
8.670000000000266e-11	0.6883773	0.09590286	-0.7183336	-4.312263e-18	0	586.4439
8.680000000000266e-11	0.68871963	0.09859638	-0.7176393	-4.3175846e-18	0	586.4439
8.690000000000267e-11	0.6890584	0.10128695	-0.7169378	-4.3229038e-18	0	586.4439
8.700000000000267e-11	0.6893937	0.10397454	-0.7162291	-4.3282147e-18	0	586.4439
8.710000000000268e-11	0.68972564	0.106659114	-0.71551317	-4.333522e-18	0	586.4439
8.720000000000268e-11	0.690054	0.109340645	-0.7147903	-4.3388216e-18	0	586.4439
8.730000000000269e-11	0.69037896	0.112019084	-0.7140601	-4.3441177e-18	0	586.4439
8.740000000000269e-11	0.69070065	0.11469439	-0.7133228	-4.3494062e-18	0	586.4439
8.75000000000027e-11	0.6910187	0.11736655	-0.7125784	-4.354688e-18	0	586.4439
8.76000000000027e-11	0.69133353	0.120035514	-0.7118269	-4.3599664e-18	0	586.4439
8.77000000000027e-11	0.6916449	0.12270126	-0.71106833	-4.3652376e-18	0	586.4439
8.780000000000271e-11	0.6919528	0.12536374	-0.7103027	-4.3705014e-18	0	586.4439
8.790000000000272e-11	0.6922574	0.12802292	-0.70953	-4.375764e-18	0	586.4439
8.800000000000272e-11	0.69255865	0.13067879	-0.7087501	-4.3810174e-18	0	586.4439
8.810000000000273e-11	0.6928566	0.13333131	-0.7079634	-4.3862666e-18	0	586.4439
8.820000000000273e-11	0.6931511	0.13598041	-0.70716953	-4.391507e-18	0	586.4439
8.830000000000273e-11	0.6934424	0.1386261	-0.7063687	-4.3967445e-18	0	586.4439
8.840000000000274e-11	0.6937304	0.14126833	-0.7055609	-4.4019744e-18	0	586.4439
8.850000000000274e-11	0.69401497	0.14390706	-0.70474607	-4.4071993e-18	0	586.4439
8.860000000000275e-11	0.6942963	0.14654225	-0.70392424	-4.4124163e-18	0	586.4439
8.870000000000275e-11	0.6945745	0.1491739	-0.70309556	-4.417629e-18	0	586.4439
8.880000000000276e-11	0.69484913	0.15180194	-0.70225996	-4.422834e-18	0	586.4439
8.890000000000276e-11	0.6951208	0.15442635	-0.70141727	-4.4280343e-18	0	586.4439
8.900000000000277e-11	0.6953892	0.15704711	-0.7005678	-4.4332265e-18	0	586.4439
8.910000000000277e-11	0.69565415	0.15966418	-0.6997114	-4.438413e-18	0	586.4439
8.920000000000278e-11	0.69591606	0.1622775	-0.69884807	-4.443594e-18	0	586.4439
8.930000000000278e-11	0.6961748	0.16488709	-0.6979779	-4.448769e-18	0	586.4439
8.940000000000279e-11	0.6964303	0.16749288	-0.6971009	-4.453936e-18	0	586.4439
8.950000000000279e-11	0.6966827	0.1700948	-0.69621694	-4.4590966e-18	0	586.4439
8.96000000000028e-11	0.69693184	0.17269291	-0.6953264	-4.464252e-18	0	586.4439
8.97000000000028e-11	0.69717777	0.17528713	-0.69442886	-4.4694e-18	0	586.4439
8.980000000000281e-11	0.6974208	0.17787743	-0.69352454	-4.4745425e-18	0	586.4439
8.990000000000281e-11	0.69766057	0.18046373	-0.69261354	-4.479678e-18	0	586.4439
9.000000000000282e-11	0.6978972	0.18304607	-0.69169575	-4.4848066e-18	0	586.4439
9.010000000000282e-11	0.69813085	0.18562439	-0.6907711	-4.4899297e-18	0	586.4439
9.020000000000283e-11	0.6983614	0.18819866	-0.68983984	-4.495046e-18	0	586.4439
9.030000000000283e-11	0.69858885	0.19076885	-0.68890184	-4.5001533e-18	0	586.4439
9.040000000000284e-11	0.69881326	0.19333492	-0.6879571	-4.5052574e-18	0	586.4439
9.050000000000284e-11	0.69903463	0.19589685	-0.68700564	-4.5103524e-18	0	586.4439
9.060000000000285e-11	0.69925296	0.19845459	-0.6860476	-4.5154417e-18	0	586.4439
9.070000000000285e-11	0.69946843	0.20100813	-0.6850829	-4.5205234e-18	0	586.4439
9.080000000000286e-11	0.6996808	0.2035574	-0.68411154	-4.525599e-18	0	586.4439
9.090000000000286e-11	0.69989014	0.20610242	-0.68313354	-4.5306676e-18	0	586.4439
9.100000000000287e-11	0.7000966	0.20864312	-0.682149	-4.5357283e-18	0	586.4439
9.110000000000287e-11	0.7003001	0.2111795	-0.6811578	-4.540784e-18	0	586.4439
9.120000000000287e-11	0.7005133	0.21362159	-0.68017524	-5.027867e-18	0	574.97424
9.130000000000288e-11	0.7007368	0.2159696	-0.67920154	-5.0324907e-18	0	574.97424
9.140000000000288e-11	0.70095813	0.21831352	-0.6782218	-5.0371105e-18	0	574.97424
9.150000000000289e-11	0.7011774	0.22065328	-0.6772361	-5.041725e-18	0	574.97424
9.16000000000029e-11	0.7013945	0.2229889	-0.6762443	-5.0463303e-18	0	574.97424
9.17000000000029e-11	0.7016095	0.22532034	-0.6752465	-5.0509303e-18	0	574.97424
9.18000000000029e-11	0.70182216	0.22764753	-0.67424273	-5.0555252e-18	0	574.97424
9.190000000000291e-11	0.702033	0.2299705	-0.67323303	-5.060114e-18	0	574.97424
9.200000000000291e-11	0.70224166	0.23228921	-0.67221737	-5.064697e-18	0	574.97424
9.210000000000292e-11	0.7024481	0.23460364	-0.6711956	-5.0692742e-18	0	574.97424
9.220000000000292e-11	0.7026527	0.23691374	-0.67016804	-5.073843e-18	0	574.97424
9.230000000000293e-11	0.7028551	0.2392195	-0.6691346	-5.078408e-18	0	574.97424
9.240000000000293e-11	0.7030555	0.24152094	-0.6680953	-5.082965e-18	0	574.97424
9.250000000000294e-11	0.70325387	0.24381797	-0.66705006	-5.0875185e-18	0	574.97424
9.260000000000294e-11	0.7034502	0.24611062	-0.665999	-5.092064e-18	0	574.97424
9.270000000000295e-11	0.70364463	0.2483988	-0.6649421	-5.096603e-18	0	574.97424
9.280000000000295e-11	0.70383686	0.25068253	-0.6638793	-5.101137e-18	0	574.97424
9.290000000000296e-11	0.7040273	0.25296178	-0.66281074	-5.1056652e-18	0	574.97424
9.300000000000296e-11	0.7042157	0.2552365	-0.66173637	-5.110184e-18	0	574.97424
9.310000000000297e-11	0.7044021	0.25750676	-0.6606563	-5.1146993e-18	0	574.97424
9.320000000000297e-11	0.70458657	0.25977245	-0.6595704	-5.1192086e-18	0	574.97424
9.330000000000298e-11	0.7047692	0.26203352	-0.65847874	-5.12371e-18	0	574.97424
9.340000000000298e-11	0.70494974	0.26429003	-0.6573814	-5.128206e-18	0	574.97424
9.350000000000299e-11	0.70512855	0.2665419	-0.65627825	-5.132695e-18	0	574.97424
9.360000000000299e-11	0.7053053	0.26878914	-0.6551695	-5.1371787e-18	0	574.97424
9.3700000000003e-11	0.70548016	0.2710317	-0.65405506	-5.1416554e-18	0	574.97424
9.3800000000003e-11	0.70565325	0.27326953	-0.652935	-5.1461247e-18	0	574.97424
9.3900000000003e-11	0.70582443	0.2755027	-0.6518092	-5.15059e-18	0	574.97424
9.400000000000301e-11	0.70599383	0.27773112	-0.65067786	-5.1550475e-18	0	574.97424
9.410000000000301e-11	0.70616126	0.2799548	-0.6495409	-5.1594977e-18	0	574.97424
9.420000000000302e-11	0.70632696	0.28217366	-0.6483983	-5.1639417e-18	0	574.97424
9.430000000000302e-11	0.7064908	0.28438774	-0.6472502	-5.1683812e-18	0	574.97424
9.440000000000303e-11	0.70665294	0.28659698	-0.64609647	-5.1728124e-18	0	574.97424
9.450000000000303e-11	0.7068133	0.28880134	-0.6449372	-5.1772374e-18	0	574.97424
9.460000000000304e-11	0.70697165	0.29100084	-0.6437725	-5.1816554e-18	0	574.97424
9.470000000000304e-11	0.70712847	0.2931955	-0.6426022	-5.186068e-18	0	574.97424
9.480000000000305e-11	0.7072834	0.29538515	-0.6414265	-5.190473e-18	0	574.97424
9.490000000000305e-11	0.7074367	0.2975699	-0.64024526	-5.1948713e-18	0	574.97424
9.500000000000306e-11	0.7075882	0.2997497	-0.6390586	-5.1992657e-18	0	574.97424
9.510000000000306e-11	0.70773804	0.30192447	-0.6378665	-5.2036514e-18	0	574.97424
9.520000000000307e-11	0.70788604	0.30409428	-0.6366689	-5.2080313e-18	0	574.97424
9.530000000000307e-11	0.7080326	0.30625904	-0.63546604	-5.2124034e-18	0	574.97424
9.540000000000308e-11	0.70817727	0.30841875	-0.6342577	-5.216769e-18	0	574.97424
9.550000000000308e-11	0.7083205	0.3105734	-0.6330441	-5.2211293e-18	0	574.97424
9.560000000000309e-11	0.7084619	0.31272295	-0.6318251	-5.2254827e-18	0	574.97424
9.570000000000309e-11	0.7086018	0.3148674	-0.6306008	-5.2298275e-18	0	574.97424
9.58000000000031e-11	0.7087399	0.31700674	-0.62937117	-5.2341685e-18	0	574.97424
9.59000000000031e-11	0.7088765	0.31914085	-0.6281362	-5.2385005e-18	0	574.97424
9.60000000000031e-11	0.7090115	0.3212698	-0.626896	-5.2428262e-18	0	574.97424
9.610000000000311e-11	0.70914495	0.32339358	-0.6256505	-5.247146e-18	0	574.97424
9.620000000000312e-11	0.70927674	0.3255121	-0.6243999	-5.2514583e-18	0	574.97424
9.630000000000312e-11	0.7094072	0.32762542	-0.62314403	-5.255764e-18	0	574.97424
9.640000000000313e-11	0.7095359	0.3297335	-0.6218829	-5.2600643e-18	0	574.97424
9.650000000000313e-11	0.7096632	0.33183622	-0.6206167	-5.264356e-18	0	574.97424
9.660000000000314e-11	0.7097889	0.33393365	-0.61934525	-5.2686425e-18	0	574.97424
9.670000000000314e-11	0.70991313	0.33602583	-0.6180687	-5.2729228e-18	0	574.97424
9.680000000000315e-11	0.7100358	0.33811262	-0.616787	-5.2771927e-18	0	574.97424
9.690000000000315e-11	0.71015716	0.34019402	-0.6155003	-5.28146e-18	0	574.97424
9.700000000000315e-11	0.7102769	0.34227008	-0.61420834	-5.285718e-18	0	574.97424
9.710000000000316e-11	0.71039534	0.34434074	-0.61291146	-5.28997e-18	0	574.97424
9.720000000000316e-11	0.7105123	0.34640598	-0.61160946	-5.294214e-18	0	574.97424
9.730000000000317e-11	0.7106277	0.34846568	-0.61030245	-5.298452e-18	0	574.97424
9.740000000000317e-11	0.7107419	0.35052	-0.60899043	-5.302684e-18	0	574.97424
9.750000000000318e-11	0.71085453	0.35256886	-0.60767347	-5.3069087e-18	0	574.97424
9.760000000000318e-11	0.7109659	0.35461217	-0.6063515	-5.3111245e-18	0	574.97424
9.770000000000319e-11	0.71107584	0.35665	-0.6050245	-5.3153365e-18	0	574.97424
9.780000000000319e-11	0.7111845	0.35868227	-0.60369277	-5.3195406e-18	0	574.97424
9.79000000000032e-11	0.71129173	0.36070898	-0.60235596	-5.3237373e-18	0	574.97424
9.80000000000032e-11	0.7113977	0.3627301	-0.6010144	-5.3279274e-18	0	574.97424
9.810000000000321e-11	0.7115023	0.36474565	-0.5996678	-5.3321105e-18	0	574.97424
9.820000000000321e-11	0.7116057	0.36675555	-0.5983164	-5.336287e-18	0	574.97424
9.830000000000322e-11	0.71170783	0.3687598	-0.59696025	-5.3404555e-18	0	574.97424
9.840000000000322e-11	0.7118087	0.37075844	-0.5955992	-5.344618e-18	0	574.97424
9.850000000000323e-11	0.7119081	0.3727514	-0.5942334	-5.3487736e-18	0	574.97424
9.860000000000323e-11	0.71200645	0.3747387	-0.5928628	-5.3529223e-18	0	574.97424
9.870000000000324e-11	0.71210355	0.37672025	-0.59148747	-5.3570636e-18	0	574.97424
9.880000000000324e-11	0.7121994	0.37869608	-0.5901074	-5.361197e-18	0	574.97424
9.890000000000325e-11	0.7122941	0.38066617	-0.5887227	-5.365326e-18	0	574.97424
9.900000000000325e-11	0.71238756	0.38263047	-0.58733314	-5.369446e-18	0	574.97424
9.910000000000326e-11	0.7124798	0.38458902	-0.58593905	-5.3735592e-18	0	574.97424
9.920000000000326e-11	0.712571	0.38654178	-0.58454025	-5.3776666e-18	0	574.97424
9.930000000000327e-11	0.712661	0.38848865	-0.58313674	-5.3817653e-18	0	574.97424
9.940000000000327e-11	0.71274984	0.39042974	-0.5817287	-5.385858e-18	0	574.97424
9.950000000000328e-11	0.7128376	0.392365	-0.58031607	-5.389944e-18	0	574.97424
9.960000000000328e-11	0.7129243	0.39429438	-0.5788988	-5.394021e-18	0	574.97424
9.970000000000328e-11	0.7130099	0.39621788	-0.5774771	-5.398094e-18	0	574.97424
9.980000000000329e-11	0.71309435	0.39813542	-0.57605076	-5.402158e-18	0	574.97424
9.99000000000033e-11	0.71317774	0.4000471	-0.5746199	-5.4062147e-18	0	574.97424
1.000000000000033e-10	0.71326023	0.40195283	-0.5731846	-5.410266e-18	0	574.97424
1.001000000000033e-10	0.71334153	0.40385258	-0.57174486	-5.41431e-18	0	574.97424
1.0020000000000331e-10	0.7134218	0.4057464	-0.57030064	-5.418345e-18	0	574.97424
1.0030000000000331e-10	0.7135012	0.40763426	-0.56885195	-5.422374e-18	0	574.97424
1.0040000000000332e-10	0.7135796	0.40951604	-0.5673989	-5.4263966e-18	0	574.97424
1.0050000000000332e-10	0.7136568	0.41139182	-0.56594145	-5.4304114e-18	0	574.97424
1.0060000000000333e-10	0.71373326	0.4132616	-0.5644796	-5.43442e-18	0	574.97424
1.0070000000000333e-10	0.7138088	0.4151253	-0.5630134	-5.438421e-18	0	574.97424
1.0080000000000334e-10	0.7138833	0.41698295	-0.561543	-5.442414e-18	0	574.97424
1.0090000000000334e-10	0.71395683	0.4188345	-0.56006813	-5.4464e-18	0	574.97424
1.0100000000000335e-10	0.7140295	0.42068	-0.5585891	-5.4503807e-18	0	574.97424
1.0110000000000335e-10	0.7141013	0.4225193	-0.5571057	-5.4543524e-18	0	574.97424
1.0120000000000336e-10	0.71420705	0.42427182	-0.5556347	-5.8861486e-18	0	563.9638
1.0130000000000336e-10	0.714347	0.425938	-0.5541765	-5.889798e-18	0	563.9638
1.0140000000000337e-10	0.71448636	0.4275985	-0.55271447	-5.893443e-18	0	563.9638
1.0150000000000337e-10	0.71462506	0.42925355	-0.5512486	-5.897083e-18	0	563.9638
1.0160000000000338e-10	0.7147632	0.43090284	-0.54977894	-5.900716e-18	0	563.9638
1.0170000000000338e-10	0.71490085	0.43254665	-0.5483056	-5.9043445e-18	0	563.9638
1.0180000000000339e-10	0.7150378	0.43418482	-0.5468284	-5.9079663e-18	0	563.9638
1.0190000000000339e-10	0.7151743	0.43581733	-0.5453475	-5.911584e-18	0	563.9638
1.020000000000034e-10	0.7153102	0.4374442	-0.5438628	-5.915195e-18	0	563.9638
1.021000000000034e-10	0.71544564	0.4390654	-0.5423746	-5.9188003e-18	0	563.9638
1.022000000000034e-10	0.71558046	0.44068095	-0.5408826	-5.9224006e-18	0	563.9638
1.0230000000000341e-10	0.7157149	0.44229084	-0.53938705	-5.925995e-18	0	563.9638
1.0240000000000342e-10	0.7158487	0.443895	-0.5378877	-5.9295847e-18	0	563.9638
1.0250000000000342e-10	0.7159819	0.44549346	-0.5363849	-5.933167e-18	0	563.9638
1.0260000000000342e-10	0.7161147	0.44708622	-0.53487843	-5.9367447e-18	0	563.9638
1.0270000000000343e-10	0.7162471	0.44867328	-0.5333684	-5.9403177e-18	0	563.9638
1.0280000000000343e-10	0.71637905	0.45025456	-0.53185475	-5.943884e-18	0	563.9638
1.0290000000000344e-10	0.7165104	0.4518301	-0.53033763	-5.947445e-18	0	563.9638
1.0300000000000344e-10	0.7166413	0.45339984	-0.52881694	-5.9510004e-18	0	563.9638
1.0310000000000345e-10	0.71677184	0.4549639	-0.5272928	-5.9545502e-18	0	563.9638
1.0320000000000345e-10	0.71690196	0.4565221	-0.5257652	-5.958096e-18	0	563.9638
1.0330000000000346e-10	0.7170315	0.45807457	-0.524234	-5.9616338e-18	0	563.9638
1.0340000000000346e-10	0.71716076	0.4596212	-0.5226995	-5.965166e-18	0	563.9638
1.0350000000000347e-10	0.7172895	0.46116203	-0.5211615	-5.9686946e-18	0	563.9638
1.0360000000000347e-10	0.7174179	0.46269703	-0.51962006	-5.9722167e-18	0	563.9638
1.0370000000000348e-10	0.71754587	0.46422625	-0.51807535	-5.975733e-18	0	563.9638
1.0380000000000348e-10	0.7176735	0.46574956	-0.5165272	-5.979244e-18	0	563.9638
1.0390000000000349e-10	0.7178007	0.46726704	-0.51497567	-5.9827505e-18	0	563.9638
1.0400000000000349e-10	0.7179275	0.46877867	-0.5134208	-5.9862503e-18	0	563.9638
1.041000000000035e-10	0.71805394	0.47028437	-0.5118626	-5.9897447e-18	0	563.9638
1.042000000000035e-10	0.7181801	0.47178423	-0.5103012	-5.9932337e-18	0	563.9638
1.0430000000000351e-10	0.7183058	0.4732782	-0.50873643	-5.996717e-18	0	563.9638
1.0440000000000351e-10	0.71843123	0.47476625	-0.5071685	-6.000195e-18	0	563.9638
1.0450000000000352e-10	0.7185564	0.47624838	-0.50559723	-6.003668e-18	0	563.9638
1.0460000000000352e-10	0.7186812	0.4777246	-0.50402284	-6.007134e-18	0	563.9638
1.0470000000000353e-10	0.7188057	0.47919494	-0.5024453	-6.0105954e-18	0	563.9638
1.0480000000000353e-10	0.71892977	0.48065928	-0.50086445	-6.0140514e-18	0	563.9638
1.0490000000000354e-10	0.71905375	0.48211762	-0.49928048	-6.017501e-18	0	563.9638
1.0500000000000354e-10	0.7191773	0.4835701	-0.49769336	-6.020946e-18	0	563.9638
1.0510000000000355e-10	0.7193006	0.48501658	-0.49610323	-6.0243854e-18	0	563.9638
1.0520000000000355e-10	0.71942365	0.48645702	-0.49450988	-6.027819e-18	0	563.9638
1.0530000000000356e-10	0.7195464	0.48789153	-0.49291342	-6.0312464e-18	0	563.9638
1.0540000000000356e-10	0.719669	0.48932004	-0.491314	-6.03467e-18	0	563.9638
1.0550000000000356e-10	0.71979123	0.49074253	-0.48971152	-6.038087e-18	0	563.9638
1.0560000000000357e-10	0.71991324	0.492159	-0.48810598	-6.041498e-18	0	563.9638
1.0570000000000357e-10	0.7200351	0.49356946	-0.4864975	-6.044905e-18	0	563.9638
1.0580000000000358e-10	0.72015667	0.4949739	-0.484886	-6.0483066e-18	0	563.9638
1.0590000000000358e-10	0.720278	0.49637225	-0.4832715	-6.0517018e-18	0	563.9638
1.0600000000000359e-10	0.72039926	0.49776462	-0.4816541	-6.0550903e-18	0	563.9638
1.061000000000036e-10	0.7205202	0.49915087	-0.48003376	-6.0584755e-18	0	563.9638
1.062000000000036e-10	0.7206411	0.5005311	-0.4784105	-6.061855e-18	0	563.9638
1.063000000000036e-10	0.72076166	0.5019052	-0.47678435	-6.065227e-18	0	563.9638
1.0640000000000361e-10	0.7208822	0.50327325	-0.4751554	-6.068595e-18	0	563.9638
1.0650000000000361e-10	0.7210024	0.5046352	-0.47352356	-6.0719586e-18	0	563.9638
1.0660000000000362e-10	0.7211225	0.50599104	-0.47188887	-6.0753153e-18	0	563.9638
1.0670000000000362e-10	0.72124255	0.50734085	-0.4702514	-6.078667e-18	0	563.9638
1.0680000000000363e-10	0.72136235	0.50868446	-0.4686111	-6.082013e-18	0	563.9638
1.0690000000000363e-10	0.7214821	0.5100219	-0.46696812	-6.0853544e-18	0	563.9638
1.0700000000000364e-10	0.72160167	0.5113534	-0.46532232	-6.088689e-18	0	563.9638
1.0710000000000364e-10	0.7217212	0.5126786	-0.46367377	-6.0920198e-18	0	563.9638
1.0720000000000365e-10	0.7218405	0.51399773	-0.46202257	-6.095344e-18	0	563.9638
1.0730000000000365e-10	0.7219597	0.51531065	-0.46036866	-6.0986637e-18	0	563.9638
1.0740000000000366e-10	0.722079	0.5166175	-0.45871204	-6.1019765e-18	0	563.9638
1.0750000000000366e-10	0.72219807	0.5179181	-0.45705283	-6.1052853e-18	0	563.9638
1.0760000000000367e-10	0.72231704	0.5192126	-0.45539096	-6.108588e-18	0	563.9638
1.0770000000000367e-10	0.7224361	0.52050084	-0.45372647	-6.1118853e-18	0	563.9638
1.0780000000000368e-10	0.7225549	0.521783	-0.4520594	-6.1151788e-18	0	563.9638
1.0790000000000368e-10	0.7226739	0.52305883	-0.45038974	-6.1184647e-18	0	563.9638
1.0800000000000369e-10	0.7227926	0.52432853	-0.4487176	-6.121746e-18	0	563.9638
1.0810000000000369e-10	0.72291136	0.52559197	-0.44704282	-6.125023e-18	0	563.9638
1.082000000000037e-10	0.7230301	0.52684927	-0.44536558	-6.128293e-18	0	563.9638
1.083000000000037e-10	0.72314876	0.5281004	-0.44368586	-6.1315594e-18	0	563.9638
1.084000000000037e-10	0.72326756	0.5293451	-0.44200364	-6.134818e-18	0	563.9638
1.0850000000000371e-10	0.7233862	0.5305838	-0.440319	-6.138074e-18	0	563.9638
1.0860000000000371e-10	0.72350496	0.5318161	-0.4386319	-6.141324e-18	0	563.9638
1.0870000000000372e-10	0.72362363	0.5330422	-0.4369424	-6.1445677e-18	0	563.9638
1.0880000000000372e-10	0.7237425	0.53426206	-0.4352505	-6.147806e-18	0	563.9638
1.0890000000000373e-10	0.72386116	0.5354756	-0.43355617	-6.1510404e-18	0	563.9638
1.0900000000000373e-10	0.72397995	0.5366829	-0.43185955	-6.1542684e-18	0	563.9638
1.0910000000000374e-10	0.7240988	0.537884	-0.43016058	-6.1574915e-18	0	563.9638
1.0920000000000374e-10	0.72421765	0.5390788	-0.4284593	-6.1607093e-18	0	563.9638
1.0930000000000375e-10	0.7243365	0.5402673	-0.4267557	-6.1639212e-18	0	563.9638
1.0940000000000375e-10	0.72445554	0.5414495	-0.4250498	-6.167128e-18	0	563.9638
1.0950000000000376e-10	0.72457457	0.5426253	-0.42334172	-6.1703306e-18	0	563.9638
1.0960000000000376e-10	0.7246937	0.543795	-0.42163134	-6.1735277e-18	0	563.9638
1.0970000000000377e-10	0.724813	0.5449583	-0.4199188	-6.1767185e-18	0	563.9638
1.0980000000000377e-10	0.72493225	0.5461153	-0.418204	-6.179904e-18	0	563.9638
1.0990000000000378e-10	0.72505176	0.54726595	-0.4164871	-6.1830857e-18	0	563.9638
1.1000000000000378e-10	0.7251712	0.5484103	-0.41476795	-6.1862625e-18	0	563.9638
1.1010000000000379e-10	0.72529083	0.5495484	-0.41304672	-6.1894323e-18	0	563.9638
1.1020000000000379e-10	0.7254105	0.5506801	-0.41132334	-6.192598e-18	0	563.9638
1.103000000000038e-10	0.72553045	0.55180544	-0.40959787	-6.195758e-18	0	563.9638
1.104000000000038e-10	0.7256505	0.55292445	-0.40787035	-6.198913e-18	0	563.9638
1.105000000000038e-10	0.7257706	0.5540371	-0.40614074	-6.202062e-18	0	563.9638
1.1060000000000381e-10	0.7258909	0.5551435	-0.40440914	-6.205207e-18	0	563.9638
1.1070000000000382e-10	0.72601134	0.5562434	-0.40267545	-6.208347e-18	0	563.9638
1.1080000000000382e-10	0.726132	0.55733705	-0.4009398	-6.211481e-18	0	563.9638
1.1090000000000383e-10	0.72625273	0.5584243	-0.39920217	-6.214611e-18	0	563.9638
1.1100000000000383e-10	0.72637373	0.55950516	-0.39746258	-6.2177355e-18	0	563.9638
1.1110000000000383e-10	0.72649485	0.56057966	-0.39572105	-6.2208536e-18	0	563.9638
1.1120000000000384e-10	0.7266543	0.56158787	-0.39399248	-6.5697703e-18	0	553.3942
1.1130000000000384e-10	0.7268518	0.5625303	-0.39227715	-6.5727544e-18	0	553.3942
1.1140000000000385e-10	0.7270494	0.56346685	-0.39056012	-6.575736e-18	0	553.3942
1.1150000000000385e-10	0.72724706	0.5643978	-0.3888414	-6.5787118e-18	0	553.3942
1.1160000000000386e-10	0.72744465	0.56532294	-0.38712108	-6.5816846e-18	0	553.3942
1.1170000000000386e-10	0.7276423	0.56624246	-0.3853991	-6.5846534e-18	0	553.3942
1.1180000000000387e-10	0.72784007	0.5671562	-0.38367555	-6.587618e-18	0	553.3942
1.1190000000000387e-10	0.7280378	0.5680642	-0.38195032	-6.5905806e-18	0	553.3942
1.1200000000000388e-10	0.72823554	0.5689664	-0.38022363	-6.593537e-18	0	553.3942
1.1210000000000388e-10	0.7284333	0.5698629	-0.37849528	-6.596491e-18	0	553.3942
1.1220000000000389e-10	0.72863114	0.5707536	-0.37676546	-6.599441e-18	0	553.3942
1.1230000000000389e-10	0.728829	0.57163864	-0.37503406	-6.602387e-18	0	553.3942
1.124000000000039e-10	0.72902703	0.5725178	-0.37330118	-6.605329e-18	0	553.3942
1.125000000000039e-10	0.72922504	0.5733914	-0.37156683	-6.608268e-18	0	553.3942
1.1260000000000391e-10	0.72942305	0.5742591	-0.36983097	-6.6112034e-18	0	553.3942
1.1270000000000391e-10	0.7296211	0.57512105	-0.3680937	-6.6141337e-18	0	553.3942
1.1280000000000392e-10	0.72981936	0.5759772	-0.36635494	-6.6170607e-18	0	553.3942
1.1290000000000392e-10	0.73001754	0.5768277	-0.36461478	-6.619985e-18	0	553.3942
1.1300000000000393e-10	0.7302159	0.57767236	-0.36287326	-6.6229043e-18	0	553.3942
1.1310000000000393e-10	0.7304143	0.57851124	-0.3611303	-6.6258213e-18	0	553.3942
1.1320000000000394e-10	0.73061275	0.5793444	-0.35938597	-6.628734e-18	0	553.3942
1.1330000000000394e-10	0.73081124	0.5801717	-0.35764033	-6.6316426e-18	0	553.3942
1.1340000000000395e-10	0.73100984	0.58099335	-0.35589328	-6.634548e-18	0	553.3942
1.1350000000000395e-10	0.7312085	0.58180916	-0.354145	-6.637449e-18	0	553.3942
1.1360000000000396e-10	0.7314073	0.5826192	-0.35239542	-6.6403462e-18	0	553.3942
1.1370000000000396e-10	0.73160625	0.58342344	-0.35064453	-6.6432405e-18	0	553.3942
1.1380000000000397e-10	0.7318052	0.58422196	-0.34889236	-6.6461307e-18	0	553.3942
1.1390000000000397e-10	0.7320043	0.5850146	-0.34713894	-6.6490184e-18	0	553.3942
1.1400000000000397e-10	0.73220336	0.58580154	-0.3453843	-6.6519007e-18	0	553.3942
1.1410000000000398e-10	0.7324026	0.58658266	-0.3436285	-6.65478e-18	0	553.3942
1.1420000000000398e-10	0.732602	0.587358	-0.3418714	-6.657656e-18	0	553.3942
1.1430000000000399e-10	0.7328015	0.5881275	-0.34011322	-6.6605278e-18	0	553.3942
1.14400000000004e-10	0.7330011	0.58889127	-0.33835384	-6.6633964e-18	0	553.3942
1.14500000000004e-10	0.7332008	0.58964926	-0.3365933	-6.6662606e-18	0	553.3942
1.14600000000004e-10	0.7334006	0.5904014	-0.33483166	-6.6691226e-18	0	553.3942
1.1470000000000401e-10	0.7336005	0.59114784	-0.33306888	-6.671979e-18	0	553.3942
1.1480000000000401e-10	0.7338006	0.5918884	-0.33130503	-6.674834e-18	0	553.3942
1.1490000000000402e-10	0.73400074	0.59262323	-0.32954007	-6.6776835e-18	0	553.3942
1.1500000000000402e-10	0.7342011	0.5933522	-0.3277741	-6.680531e-18	0	553.3942
1.1510000000000403e-10	0.73440146	0.5940754	-0.3260071	-6.683374e-18	0	553.3942
1.1520000000000403e-10	0.73460203	0.59479284	-0.324239	-6.686214e-18	0	553.3942
1.1530000000000404e-10	0.7348027	0.59550446	-0.32246995	-6.6890498e-18	0	553.3942
1.1540000000000404e-10	0.7350036	0.59621024	-0.3206999	-6.6918816e-18	0	553.3942
1.1550000000000405e-10	0.7352046	0.59691024	-0.3189289	-6.694712e-18	0	553.3942
1.1560000000000405e-10	0.7354057	0.59760445	-0.31715688	-6.6975367e-18	0	553.3942
1.1570000000000406e-10	0.7356069	0.5982929	-0.315384	-6.700358e-18	0	553.3942
1.1580000000000406e-10	0.7358083	0.59897554	-0.31361014	-6.703177e-18	0	553.3942
1.1590000000000407e-10	0.73600984	0.5996523	-0.3118354	-6.7059913e-18	0	553.3942
1.1600000000000407e-10	0.73621154	0.6003233	-0.3100598	-6.7088033e-18	0	553.3942
1.1610000000000408e-10	0.7364135	0.60098857	-0.30828327	-6.71161e-18	0	553.3942
1.1620000000000408e-10	0.7366154	0.6016479	-0.30650592	-6.714414e-18	0	553.3942
1.1630000000000409e-10	0.73681766	0.60230154	-0.30472773	-6.7172145e-18	0	553.3942
1.1640000000000409e-10	0.7370199	0.6029493	-0.3029487	-6.720012e-18	0	553.3942
1.1650000000000407e-10	0.73722243	0.60359126	-0.30116892	-6.7228058e-18	0	553.3942
1.1660000000000405e-10	0.7374251	0.60422754	-0.29938832	-6.7255967e-18	0	553.3942
1.1670000000000403e-10	0.737628	0.60485786	-0.29760695	-6.728382e-18	0	553.3942
1.16800000000004e-10	0.73783094	0.6054825	-0.2958248	-6.731166e-18	0	553.3942
1.1690000000000399e-10	0.7380341	0.6061013	-0.294042	-6.7339454e-18	0	553.3942
1.1700000000000396e-10	0.7382375	0.6067143	-0.2922584	-6.7367227e-18	0	553.3942
1.1710000000000394e-10	0.738441	0.60732144	-0.29047415	-6.7394954e-18	0	553.3942
1.1720000000000392e-10	0.7386447	0.60792285	-0.2886892	-6.742265e-18	0	553.3942
1.173000000000039e-10	0.7388486	0.6085184	-0.28690356	-6.7450297e-18	0	553.3942
1.1740000000000388e-10	0.7390527	0.60910815	-0.28511727	-6.747793e-18	0	553.3942
1.1750000000000386e-10	0.7392569	0.60969216	-0.28333038	-6.7505523e-18	0	553.3942
1.1760000000000384e-10	0.7394614	0.61027044	-0.2815429	-6.7533085e-18	0	553.3942
1.1770000000000382e-10	0.739666	0.6108427	-0.27975476	-6.7560597e-18	0	553.3942
1.178000000000038e-10	0.73987085	0.61140937	-0.27796605	-6.7588084e-18	0	553.3942
1.1790000000000378e-10	0.7400759	0.6119701	-0.27617678	-6.7615547e-18	0	553.3942
1.1800000000000375e-10	0.74028105	0.61252505	-0.27438697	-6.7642968e-18	0	553.3942
1.1810000000000373e-10	0.7404865	0.61307436	-0.27259663	-6.7670356e-18	0	553.3942
1.182000000000037e-10	0.7406921	0.6136178	-0.27080575	-6.7697715e-18	0	553.3942
1.183000000000037e-10	0.74089795	0.6141553	-0.26901442	-6.7725036e-18	0	553.3942
1.1840000000000367e-10	0.74110395	0.6146872	-0.26722255	-6.775232e-18	0	553.3942
1.1850000000000365e-10	0.7413102	0.6152132	-0.26543024	-6.7779576e-18	0	553.3942
1.1860000000000363e-10	0.74151665	0.6157334	-0.26363754	-6.78068e-18	0	553.3942
1.187000000000036e-10	0.7417233	0.61624783	-0.2618443	-6.7833976e-18	0	553.3942
1.1880000000000359e-10	0.7419301	0.61675656	-0.26005068	-6.786114e-18	0	553.3942
1.1890000000000357e-10	0.7421372	0.61725944	-0.25825673	-6.7888256e-18	0	553.3942
1.1900000000000354e-10	0.7423445	0.6177565	-0.25646234	-6.791535e-18	0	553.3942
1.1910000000000352e-10	0.742552	0.6182478	-0.2546676	-6.7942403e-18	0	553.3942
1.192000000000035e-10	0.74275976	0.6187333	-0.2528725	-6.7969435e-18	0	553.3942
1.1930000000000348e-10	0.74296767	0.619213	-0.2510771	-6.7996426e-18	0	553.3942
1.1940000000000346e-10	0.7431759	0.61968696	-0.24928132	-6.802338e-18	0	553.3942
1.1950000000000344e-10	0.74338424	0.6201552	-0.24748528	-6.80503e-18	0	553.3942
1.1960000000000342e-10	0.7435929	0.6206176	-0.24568897	-6.8077196e-18	0	553.3942
1.197000000000034e-10	0.7438017	0.6210742	-0.24389239	-6.8104046e-18	0	553.3942
1.1980000000000338e-10	0.7440108	0.6215251	-0.24209556	-6.813088e-18	0	553.3942
1.1990000000000335e-10	0.74422014	0.6219702	-0.24029846	-6.815767e-18	0	553.3942
1.2000000000000333e-10	0.74442965	0.6224095	-0.23850118	-6.818443e-18	0	553.3942
1.201000000000033e-10	0.7446394	0.622843	-0.23670371	-6.8211166e-18	0	553.3942
1.202000000000033e-10	0.74484944	0.62327087	-0.23490603	-6.823787e-18	0	553.3942
1.2030000000000327e-10	0.7450598	0.6236929	-0.2331082	-6.8264523e-18	0	553.3942
1.2040000000000325e-10	0.7452702	0.62410915	-0.23131022	-6.829116e-18	0	553.3942
1.2050000000000323e-10	0.745481	0.62451965	-0.2295121	-6.831776e-18	0	553.3942
1.206000000000032e-10	0.74569196	0.6249244	-0.22771388	-6.8344346e-18	0	553.3942
1.2070000000000319e-10	0.74590313	0.62532336	-0.22591552	-6.837087e-18	0	553.3942
1.2080000000000317e-10	0.7461147	0.6257167	-0.22411712	-6.8397385e-18	0	553.3942
1.2090000000000314e-10	0.74632627	0.6261041	-0.22231862	-6.8423855e-18	0	553.3942
1.2100000000000312e-10	0.7465383	0.6264859	-0.22052006	-6.8450304e-18	0	553.3942
1.211000000000031e-10	0.74675053	0.6268619	-0.21872151	-6.8476716e-18	0	553.3942
1.2120000000000308e-10	0.74696296	0.6272321	-0.21692292	-6.85031e-18	0	553.3942
1.2130000000000306e-10	0.74722683	0.627529	-0.21514335	-7.128535e-18	0	543.19824
1.2140000000000304e-10	0.74749047	0.62782073	-0.21336381	-7.131189e-18	0	543.19824
1.2150000000000302e-10	0.747754	0.6281074	-0.21158434	-7.133841e-18	0	543.19824
1.21600000000003e-10	0.7480173	0.628389	-0.20980492	-7.136491e-18	0	543.19824
1.2170000000000298e-10	0.7482806	0.6286654	-0.20802559	-7.139137e-18	0	543.19824
1.2180000000000296e-10	0.7485436	0.6289367	-0.20624635	-7.141781e-18	0	543.19824
1.2190000000000293e-10	0.7488065	0.62920296	-0.20446722	-7.144422e-18	0	543.19824
1.2200000000000291e-10	0.7490692	0.62946415	-0.20268819	-7.147061e-18	0	543.19824
1.221000000000029e-10	0.7493318	0.6297202	-0.20090933	-7.1496976e-18	0	543.19824
1.2220000000000287e-10	0.7495941	0.62997115	-0.19913058	-7.152331e-18	0	543.19824
1.2230000000000285e-10	0.7498564	0.630217	-0.19735202	-7.1549626e-18	0	543.19824
1.2240000000000283e-10	0.7501185	0.63045776	-0.19557363	-7.157591e-18	0	543.19824
1.225000000000028e-10	0.7503804	0.63069355	-0.19379544	-7.160217e-18	0	543.19824
1.226000000000028e-10	0.75064206	0.63092417	-0.19201744	-7.162841e-18	0	543.19824
1.2270000000000277e-10	0.75090367	0.63114977	-0.19023967	-7.165462e-18	0	543.19824
1.2280000000000275e-10	0.75116515	0.6313702	-0.18846214	-7.168082e-18	0	543.19824
1.2290000000000272e-10	0.75142634	0.6315856	-0.18668485	-7.170698e-18	0	543.19824
1.230000000000027e-10	0.75168747	0.63179594	-0.1849078	-7.173312e-18	0	543.19824
1.2310000000000268e-10	0.75194854	0.6320012	-0.18313107	-7.175923e-18	0	543.19824
1.2320000000000266e-10	0.7522093	0.63220143	-0.1813546	-7.1785314e-18	0	543.19824
1.2330000000000264e-10	0.7524699	0.63239664	-0.17957848	-7.181137e-18	0	543.19824
1.2340000000000262e-10	0.7527304	0.6325868	-0.17780264	-7.183742e-18	0	543.19824
1.235000000000026e-10	0.7529907	0.6327718	-0.17602713	-7.186343e-18	0	543.19824
1.2360000000000258e-10	0.75325096	0.63295186	-0.17425199	-7.188942e-18	0	543.19824
1.2370000000000256e-10	0.753511	0.6331268	-0.17247719	-7.191539e-18	0	543.19824
1.2380000000000253e-10	0.7537708	0.6332968	-0.17070276	-7.194133e-18	0	543.19824
1.2390000000000251e-10	0.7540305	0.63346165	-0.16892874	-7.1967244e-18	0	543.19824
1.240000000000025e-10	0.75429004	0.6336216	-0.16715512	-7.199312e-18	0	543.19824
1.2410000000000247e-10	0.7545495	0.63377637	-0.16538191	-7.201899e-18	0	543.19824
1.2420000000000245e-10	0.7548087	0.63392615	-0.16360912	-7.2044826e-18	0	543.19824
1.2430000000000243e-10	0.7550677	0.634071	-0.1618368	-7.207064e-18	0	543.19824
1.244000000000024e-10	0.7553267	0.6342107	-0.16006492	-7.2096425e-18	0	543.19824
1.245000000000024e-10	0.7555855	0.63434553	-0.1582935	-7.212219e-18	0	543.19824
1.2460000000000237e-10	0.755844	0.6344753	-0.15652259	-7.214793e-18	0	543.19824
1.2470000000000235e-10	0.75610244	0.63460004	-0.15475217	-7.217365e-18	0	543.19824
1.2480000000000232e-10	0.7563607	0.63471985	-0.15298226	-7.219934e-18	0	543.19824
1.249000000000023e-10	0.75661886	0.6348345	-0.15121287	-7.222502e-18	0	543.19824
1.2500000000000228e-10	0.7568769	0.6349443	-0.14944404	-7.225065e-18	0	543.19824
1.2510000000000226e-10	0.7571348	0.6350491	-0.14767575	-7.227627e-18	0	543.19824
1.2520000000000224e-10	0.75739235	0.6351489	-0.14590804	-7.230186e-18	0	543.19824
1.2530000000000222e-10	0.7576499	0.63524365	-0.14414091	-7.232742e-18	0	543.19824
1.254000000000022e-10	0.7579073	0.63533354	-0.14237437	-7.235298e-18	0	543.19824
1.2550000000000218e-10	0.75816447	0.63541836	-0.14060844	-7.237849e-18	0	543.19824
1.2560000000000216e-10	0.7584215	0.6354982	-0.13884312	-7.2403996e-18	0	543.19824
1.2570000000000214e-10	0.7586784	0.63557315	-0.13707845	-7.242947e-18	0	543.19824
1.2580000000000211e-10	0.7589351	0.6356431	-0.13531443	-7.245492e-18	0	543.19824
1.259000000000021e-10	0.7591917	0.6357081	-0.13355106	-7.248034e-18	0	543.19824
1.2600000000000207e-10	0.75944823	0.6357682	-0.13178839	-7.250573e-18	0	543.19824
1.2610000000000205e-10	0.7597044	0.63582325	-0.1300264	-7.253111e-18	0	543.19824
1.2620000000000203e-10	0.75996053	0.63587344	-0.12826511	-7.255646e-18	0	543.19824
1.26300000000002e-10	0.7602165	0.6359186	-0.12650454	-7.258178e-18	0	543.19824
1.26400000000002e-10	0.7604723	0.6359589	-0.1247447	-7.260709e-18	0	543.19824
1.2650000000000197e-10	0.76072794	0.63599426	-0.122985594	-7.263237e-18	0	543.19824
1.2660000000000195e-10	0.76098347	0.6360247	-0.121227264	-7.265762e-18	0	543.19824
1.2670000000000193e-10	0.7612388	0.6360502	-0.119469695	-7.268285e-18	0	543.19824
1.268000000000019e-10	0.761494	0.6360708	-0.117712915	-7.270806e-18	0	543.19824
1.2690000000000188e-10	0.761749	0.63608646	-0.11595692	-7.273325e-18	0	543.19824
1.2700000000000186e-10	0.76200384	0.63609725	-0.11420174	-7.2758385e-18	0	543.19824
1.2710000000000184e-10	0.76225865	0.6361031	-0.11244739	-7.278352e-18	0	543.19824
1.2720000000000182e-10	0.76251316	0.6361041	-0.11069387	-7.280863e-18	0	543.19824
1.273000000000018e-10	0.76276755	0.6361002	-0.10894122	-7.283372e-18	0	543.19824
1.2740000000000178e-10	0.7630218	0.63609135	-0.10718942	-7.285878e-18	0	543.19824
1.2750000000000176e-10	0.763276	0.6360777	-0.1054385	-7.288382e-18	0	543.19824
1.2760000000000174e-10	0.7635299	0.6360591	-0.10368846	-7.290883e-18	0	543.19824
1.2770000000000171e-10	0.76378363	0.6360357	-0.10193933	-7.293383e-18	0	543.19824
1.278000000000017e-10	0.7640373	0.63600737	-0.10019113	-7.295879e-18	0	543.19824
1.2790000000000167e-10	0.7642908	0.63597417	-0.09844384	-7.298373e-18	0	543.19824
1.2800000000000165e-10	0.7645442	0.63593614	-0.0966975	-7.300865e-18	0	543.19824
1.2810000000000163e-10	0.7647973	0.6358933	-0.09495212	-7.3033555e-18	0	543.19824
1.282000000000016e-10	0.7650503	0.63584554	-0.09320772	-7.305843e-18	0	543.19824
1.283000000000016e-10	0.7653032	0.635793	-0.09146427	-7.308328e-18	0	543.19824
1.2840000000000157e-10	0.7655559	0.6357355	-0.08972184	-7.310809e-18	0	543.19824
1.2850000000000155e-10	0.76580846	0.6356732	-0.08798043	-7.31329e-18	0	543.19824
1.2860000000000153e-10	0.7660608	0.63560617	-0.08624001	-7.315768e-18	0	543.19824
1.287000000000015e-10	0.7663131	0.63553435	-0.08450064	-7.318243e-18	0	543.19824
1.2880000000000148e-10	0.7665653	0.63545763	-0.082762316	-7.3207155e-18	0	543.19824
1.2890000000000146e-10	0.76681715	0.63537604	-0.08102505	-7.323186e-18	0	543.19824
1.2900000000000144e-10	0.7670689	0.6352897	-0.079288855	-7.325655e-18	0	543.19824
1.2910000000000142e-10	0.7673205	0.63519865	-0.07755376	-7.328121e-18	0	543.19824
1.292000000000014e-10	0.76757205	0.6351026	-0.075819746	-7.330585e-18	0	543.19824
1.2930000000000138e-10	0.76782334	0.63500196	-0.07408685	-7.333046e-18	0	543.19824
1.2940000000000136e-10	0.7680745	0.6348965	-0.07235508	-7.335505e-18	0	543.19824
1.2950000000000134e-10	0.76832557	0.6347862	-0.07062444	-7.337961e-18	0	543.19824
1.2960000000000132e-10	0.7685764	0.6346712	-0.06889496	-7.340416e-18	0	543.19824
1.297000000000013e-10	0.76882714	0.6345514	-0.067166634	-7.342867e-18	0	543.19824
1.2980000000000127e-10	0.7690776	0.6344268	-0.06543949	-7.345317e-18	0	543.19824
1.2990000000000125e-10	0.769328	0.6342975	-0.063713536	-7.347764e-18	0	543.19824
1.3000000000000123e-10	0.7695782	0.63416344	-0.061988764	-7.3502095e-18	0	543.19824
1.301000000000012e-10	0.7698284	0.6340246	-0.060265224	-7.352652e-18	0	543.19824
1.302000000000012e-10	0.7700783	0.63388103	-0.0585429	-7.355092e-18	0	543.19824
1.3030000000000117e-10	0.770328	0.63373274	-0.056821823	-7.35753e-18	0	543.19824
1.3040000000000115e-10	0.7705776	0.63357973	-0.05510199	-7.359966e-18	0	543.19824
1.3050000000000113e-10	0.7708271	0.633422	-0.053383425	-7.362399e-18	0	543.19824
1.306000000000011e-10	0.77107644	0.6332595	-0.051666133	-7.36483e-18	0	543.19824
1.3070000000000108e-10	0.7713255	0.63309234	-0.04995013	-7.367259e-18	0	543.19824
1.3080000000000106e-10	0.7715745	0.6329205	-0.04823543	-7.3696854e-18	0	543.19824
1.3090000000000104e-10	0.7718234	0.63274384	-0.046522044	-7.372109e-18	0	543.19824
1.3100000000000102e-10	0.7720721	0.63256264	-0.044809982	-7.374531e-18	0	543.19824
1.31100000000001e-10	0.7723207	0.63237673	-0.043099258	-7.3769506e-18	0	543.19824
1.3120000000000098e-10	0.772569	0.6321861	-0.041389886	-7.379368e-18	0	543.19824
1.3130000000000096e-10	0.7728224	0.63198435	-0.03968377	-7.620813e-18	0	533.4125
1.3140000000000094e-10	0.7730804	0.631772	-0.03798084	-7.623301e-18	0	533.4125
1.3150000000000092e-10	0.77333784	0.63155544	-0.036279168	-7.625784e-18	0	533.4125
1.316000000000009e-10	0.7735946	0.6313348	-0.034578763	-7.628266e-18	0	533.4125
1.3170000000000087e-10	0.7738508	0.63111013	-0.032879643	-7.630747e-18	0	533.4125
1.3180000000000085e-10	0.7741065	0.6308813	-0.03118182	-7.633225e-18	0	533.4125
1.3190000000000083e-10	0.77436155	0.63064843	-0.0294853	-7.6357e-18	0	533.4125
1.320000000000008e-10	0.774616	0.63041145	-0.027790094	-7.638173e-18	0	533.4125
1.321000000000008e-10	0.7748699	0.6301703	-0.026096215	-7.640644e-18	0	533.4125
1.3220000000000077e-10	0.7751232	0.6299252	-0.024403673	-7.643113e-18	0	533.4125
1.3230000000000075e-10	0.77537584	0.62967604	-0.022712477	-7.645579e-18	0	533.4125
1.3240000000000073e-10	0.77562785	0.6294227	-0.021022642	-7.6480425e-18	0	533.4125
1.325000000000007e-10	0.77587944	0.6291655	-0.019334175	-7.650503e-18	0	533.4125
1.3260000000000068e-10	0.7761303	0.6289041	-0.017647091	-7.652963e-18	0	533.4125
1.3270000000000066e-10	0.7763806	0.6286386	-0.015961394	-7.655419e-18	0	533.4125
1.3280000000000064e-10	0.77663034	0.6283693	-0.014277102	-7.657875e-18	0	533.4125
1.3290000000000062e-10	0.7768795	0.62809575	-0.012594222	-7.660327e-18	0	533.4125
1.330000000000006e-10	0.777128	0.6278183	-0.010912764	-7.662777e-18	0	533.4125
1.3310000000000058e-10	0.77737594	0.6275368	-0.00923274	-7.6652255e-18	0	533.4125
1.3320000000000056e-10	0.7776234	0.62725127	-0.0075541614	-7.667671e-18	0	533.4125
1.3330000000000054e-10	0.7778702	0.6269617	-0.0058770366	-7.670113e-18	0	533.4125
1.3340000000000052e-10	0.7781164	0.62666816	-0.0042013777	-7.672554e-18	0	533.4125
1.335000000000005e-10	0.77836204	0.6263706	-0.002527195	-7.674994e-18	0	533.4125
1.3360000000000047e-10	0.778607	0.62606907	-0.0008544993	-7.67743e-18	0	533.4125
1.3370000000000045e-10	0.7788515	0.6257636	0.00081669923	-7.6798624e-18	0	533.4125
1.3380000000000043e-10	0.7790954	0.62545407	0.00248639	-7.682294e-18	0	533.4125
1.339000000000004e-10	0.7793387	0.6251406	0.0041545625	-7.684724e-18	0	533.4125
1.340000000000004e-10	0.77958137	0.6248232	0.0058212057	-7.687151e-18	0	533.4125
1.3410000000000037e-10	0.7798235	0.6245018	0.007486311	-7.689575e-18	0	533.4125
1.3420000000000035e-10	0.78006506	0.6241764	0.009149865	-7.691997e-18	0	533.4125
1.3430000000000033e-10	0.7803061	0.6238472	0.01081186	-7.694417e-18	0	533.4125
1.344000000000003e-10	0.7805464	0.6235139	0.012472283	-7.6968345e-18	0	533.4125
1.3450000000000029e-10	0.7807862	0.62317675	0.014131127	-7.699249e-18	0	533.4125
1.3460000000000026e-10	0.78102547	0.6228357	0.01578838	-7.701662e-18	0	533.4125
1.3470000000000024e-10	0.78126425	0.62249064	0.01744403	-7.704072e-18	0	533.4125
1.3480000000000022e-10	0.7815021	0.6221418	0.01909807	-7.706481e-18	0	533.4125
1.349000000000002e-10	0.7817398	0.62178886	0.020750487	-7.7088866e-18	0	533.4125
1.3500000000000018e-10	0.78197676	0.6214321	0.022401271	-7.71129e-18	0	533.4125
1.3510000000000016e-10	0.78221315	0.62107146	0.024050415	-7.7136925e-18	0	533.4125
1.3520000000000014e-10	0.78244895	0.6207069	0.025697902	-7.7160905e-18	0	533.4125
1.3530000000000012e-10	0.7826841	0.62033844	0.027343728	-7.7184885e-18	0	533.4125
1.354000000000001e-10	0.7829188	0.61996615	0.028987879	-7.7208815e-18	0	533.4125
1.3550000000000007e-10	0.78315294	0.61959	0.03063035	-7.723273e-18	0	533.4125
1.3560000000000005e-10	0.7833864	0.6192099	0.032271124	-7.725663e-18	0	533.4125
1.3570000000000003e-10	0.7836193	0.61882603	0.0339102	-7.72805e-18	0	533.4125
1.358e-10	0.7838517	0.61843824	0.035547554	-7.730435e-18	0	533.4125
1.3594999999999998e-10	0.7841993	0.6178494	0.038000356	-7.734008e-18	0	533.4125
1.3604999999999996e-10	0.7844302	0.617452	0.039633386	-7.736387e-18	0	533.4125
1.3614999999999994e-10	0.78466064	0.6170508	0.04126467	-7.738764e-18	0	533.4125
1.3624999999999992e-10	0.78489053	0.6166459	0.042894192	-7.741138e-18	0	533.4125
1.363499999999999e-10	0.7851198	0.616237	0.044521946	-7.74351e-18	0	533.4125
1.3644999999999988e-10	0.7853484	0.61582434	0.04614792	-7.74588e-18	0	533.4125
1.3654999999999985e-10	0.7855767	0.6154079	0.047772113	-7.748246e-18	0	533.4125
1.3664999999999983e-10	0.78580433	0.6149876	0.0493945	-7.750611e-18	0	533.4125
1.367499999999998e-10	0.7860313	0.61456364	0.051015075	-7.7529745e-18	0	533.4125
1.368499999999998e-10	0.7862578	0.6141358	0.05263384	-7.755335e-18	0	533.4125
1.3694999999999977e-10	0.78648376	0.61370414	0.05425077	-7.757693e-18	0	533.4125
1.3704999999999975e-10	0.78670913	0.61326873	0.05586587	-7.760048e-18	0	533.4125
1.3714999999999973e-10	0.7869339	0.61282957	0.057479117	-7.762402e-18	0	533.4125
1.372499999999997e-10	0.7871582	0.6123867	0.059090514	-7.764753e-18	0	533.4125
1.3734999999999969e-10	0.787382	0.61194	0.060700037	-7.7671e-18	0	533.4125
1.3744999999999966e-10	0.78760505	0.61148965	0.06230768	-7.769447e-18	0	533.4125
1.3754999999999964e-10	0.78782773	0.6110355	0.063913435	-7.77179e-18	0	533.4125
1.3764999999999962e-10	0.7880498	0.61057764	0.0655173	-7.774132e-18	0	533.4125
1.377499999999996e-10	0.7882713	0.6101161	0.067119256	-7.7764705e-18	0	533.4125
1.3784999999999958e-10	0.7884923	0.60965073	0.0687193	-7.778807e-18	0	533.4125
1.3794999999999956e-10	0.78871274	0.6091817	0.07031741	-7.781142e-18	0	533.4125
1.3804999999999954e-10	0.78893256	0.608709	0.0719136	-7.7834734e-18	0	533.4125
1.3814999999999952e-10	0.7891519	0.60823256	0.07350784	-7.785803e-18	0	533.4125
1.382499999999995e-10	0.7893708	0.60775244	0.075100124	-7.7881305e-18	0	533.4125
1.3834999999999948e-10	0.789589	0.6072687	0.07669045	-7.790456e-18	0	533.4125
1.3844999999999945e-10	0.78980666	0.6067812	0.078278795	-7.792778e-18	0	533.4125
1.3854999999999943e-10	0.7900238	0.6062901	0.07986516	-7.795098e-18	0	533.4125
1.386499999999994e-10	0.7902404	0.60579526	0.08144953	-7.797416e-18	0	533.4125
1.387499999999994e-10	0.7904566	0.60529685	0.0830319	-7.79973e-18	0	533.4125
1.3884999999999937e-10	0.79067206	0.6047947	0.084612265	-7.802044e-18	0	533.4125
1.3894999999999935e-10	0.7908872	0.60428894	0.08619061	-7.804355e-18	0	533.4125
1.3904999999999933e-10	0.7911016	0.60377955	0.08776691	-7.806663e-18	0	533.4125
1.391499999999993e-10	0.7913156	0.6032666	0.0893412	-7.80897e-18	0	533.4125
1.3924999999999929e-10	0.791529	0.60274994	0.09091343	-7.8112725e-18	0	533.4125
1.3934999999999927e-10	0.79174185	0.6022297	0.092483595	-7.813574e-18	0	533.4125
1.3944999999999924e-10	0.79195416	0.6017059	0.09405169	-7.815873e-18	0	533.4125
1.3954999999999922e-10	0.79216605	0.6011784	0.09561772	-7.8181695e-18	0	533.4125
1.396499999999992e-10	0.7923773	0.60064745	0.09718166	-7.820463e-18	0	533.4125
1.3974999999999918e-10	0.7925881	0.60011286	0.098743506	-7.822754e-18	0	533.4125
1.3984999999999916e-10	0.79279834	0.5995746	0.10030325	-7.825044e-18	0	533.4125
1.3994999999999914e-10	0.7930081	0.5990329	0.10186088	-7.827331e-18	0	533.4125
1.4004999999999912e-10	0.79321724	0.5984876	0.10341639	-7.829615e-18	0	533.4125
1.401499999999991e-10	0.793426	0.5979388	0.10496978	-7.8318974e-18	0	533.4125
1.4024999999999908e-10	0.7936341	0.5973863	0.106521025	-7.834178e-18	0	533.4125
1.4034999999999906e-10	0.79384184	0.59683037	0.10807011	-7.836454e-18	0	533.4125
1.4044999999999903e-10	0.7940489	0.59627086	0.109617054	-7.83873e-18	0	533.4125
1.4054999999999901e-10	0.7942555	0.59570783	0.11116182	-7.841002e-18	0	533.4125
1.40649999999999e-10	0.7944616	0.5951413	0.11270442	-7.843273e-18	0	533.4125
1.4074999999999897e-10	0.7946672	0.5945713	0.11424481	-7.845541e-18	0	533.4125
1.4084999999999895e-10	0.79487216	0.5939977	0.115783036	-7.8478066e-18	0	533.4125
1.4094999999999893e-10	0.7950767	0.5934207	0.11731905	-7.85007e-18	0	533.4125
1.410499999999989e-10	0.7952807	0.5928402	0.118852854	-7.85233e-18	0	533.4125
1.4114999999999889e-10	0.79548424	0.5922562	0.12038444	-7.854589e-18	0	533.4125
1.4124999999999887e-10	0.7956873	0.59166867	0.12191379	-7.856844e-18	0	533.4125
1.4134999999999884e-10	0.7958745	0.5910974	0.12344658	-8.103249e-18	0	524.02045
1.4144999999999882e-10	0.79604536	0.59054244	0.12498294	-8.105546e-18	0	524.02045
1.415499999999988e-10	0.7962156	0.5899846	0.1265173	-8.1078416e-18	0	524.02045
1.4164999999999878e-10	0.7963849	0.5894238	0.12804963	-8.110134e-18	0	524.02045
1.4174999999999876e-10	0.79655325	0.5888599	0.12957993	-8.112424e-18	0	524.02045
1.4184999999999874e-10	0.796721	0.588293	0.13110821	-8.114711e-18	0	524.02045
1.4194999999999872e-10	0.79688764	0.58772326	0.13263443	-8.116997e-18	0	524.02045
1.420499999999987e-10	0.7970536	0.58715045	0.13415861	-8.119278e-18	0	524.02045
1.4214999999999868e-10	0.7972187	0.58657473	0.13568072	-8.121558e-18	0	524.02045
1.4224999999999866e-10	0.7973829	0.58599603	0.13720076	-8.123835e-18	0	524.02045
1.4234999999999863e-10	0.7975464	0.58541447	0.13871872	-8.126109e-18	0	524.02045
1.4244999999999861e-10	0.797709	0.5848298	0.14023459	-8.12838e-18	0	524.02045
1.425499999999986e-10	0.79787076	0.5842423	0.1417484	-8.130649e-18	0	524.02045
1.4264999999999857e-10	0.7980317	0.5836519	0.14326009	-8.132917e-18	0	524.02045
1.4274999999999855e-10	0.7981919	0.5830585	0.14476967	-8.13518e-18	0	524.02045
1.4284999999999853e-10	0.79835117	0.5824622	0.14627714	-8.1374406e-18	0	524.02045
1.429499999999985e-10	0.7985097	0.5818629	0.1477825	-8.1397e-18	0	524.02045
1.430499999999985e-10	0.79866743	0.5812609	0.14928572	-8.141955e-18	0	524.02045
1.4314999999999847e-10	0.7988243	0.5806558	0.15078679	-8.144209e-18	0	524.02045
1.4324999999999845e-10	0.79898036	0.5800479	0.15228574	-8.146459e-18	0	524.02045
1.4334999999999842e-10	0.7991356	0.5794372	0.15378253	-8.148708e-18	0	524.02045
1.434499999999984e-10	0.7992902	0.57882357	0.15527716	-8.150953e-18	0	524.02045
1.4354999999999838e-10	0.7994439	0.5782069	0.15676963	-8.153195e-18	0	524.02045
1.4364999999999836e-10	0.7995968	0.5775875	0.1582599	-8.155436e-18	0	524.02045
1.4374999999999834e-10	0.79974884	0.5769653	0.159748	-8.1576726e-18	0	524.02045
1.4384999999999832e-10	0.7999002	0.57634014	0.16123393	-8.1599084e-18	0	524.02045
1.439499999999983e-10	0.80005074	0.57571214	0.16271764	-8.162139e-18	0	524.02045
1.4404999999999828e-10	0.80020046	0.57508135	0.16419914	-8.164369e-18	0	524.02045
1.4414999999999826e-10	0.8003495	0.5744477	0.16567846	-8.166596e-18	0	524.02045
1.4424999999999824e-10	0.80049765	0.5738112	0.16715553	-8.1688205e-18	0	524.02045
1.4434999999999821e-10	0.8006451	0.5731719	0.16863039	-8.1710415e-18	0	524.02045
1.444499999999982e-10	0.80079174	0.57252973	0.17010303	-8.17326e-18	0	524.02045
1.4454999999999817e-10	0.80093765	0.5718848	0.1715734	-8.175476e-18	0	524.02045
1.4464999999999815e-10	0.8010828	0.57123715	0.17304152	-8.1776895e-18	0	524.02045
1.4474999999999813e-10	0.8012271	0.57058656	0.17450741	-8.1799006e-18	0	524.02045
1.448499999999981e-10	0.80137074	0.56993324	0.17597103	-8.182108e-18	0	524.02045
1.449499999999981e-10	0.8015135	0.5692771	0.17743237	-8.184314e-18	0	524.02045
1.4504999999999807e-10	0.80165553	0.5686183	0.17889145	-8.186518e-18	0	524.02045
1.4514999999999805e-10	0.8017969	0.56795657	0.18034823	-8.188718e-18	0	524.02045
1.4524999999999803e-10	0.80193746	0.56729215	0.18180272	-8.190916e-18	0	524.02045
1.45349999999998e-10	0.8020773	0.56662506	0.18325491	-8.19311e-18	0	524.02045
1.4544999999999798e-10	0.80221653	0.5659551	0.18470481	-8.195303e-18	0	524.02045
1.4554999999999796e-10	0.8023548	0.5652824	0.18615238	-8.197492e-18	0	524.02045
1.4564999999999794e-10	0.8024924	0.564607	0.18759766	-8.19968e-18	0	524.02045
1.4574999999999792e-10	0.80262923	0.5639289	0.18904059	-8.201863e-18	0	524.02045
1.458499999999979e-10	0.80276537	0.56324804	0.19048119	-8.204045e-18	0	524.02045
1.4594999999999788e-10	0.8029008	0.56256443	0.19191943	-8.206224e-18	0	524.02045
1.4604999999999786e-10	0.8030356	0.5618782	0.19335534	-8.2084e-18	0	524.02045
1.4614999999999784e-10	0.80316955	0.5611892	0.1947889	-8.210574e-18	0	524.02045
1.4624999999999781e-10	0.8033028	0.56049746	0.1962201	-8.212745e-18	0	524.02045
1.463499999999978e-10	0.8034353	0.5598031	0.19764894	-8.214913e-18	0	524.02045
1.4644999999999777e-10	0.8035673	0.559106	0.19907537	-8.217077e-18	0	524.02045
1.4654999999999775e-10	0.80369836	0.5584063	0.20049943	-8.219241e-18	0	524.02045
1.4664999999999773e-10	0.8038287	0.55770385	0.20192114	-8.221401e-18	0	524.02045
1.467499999999977e-10	0.8039585	0.55699885	0.20334041	-8.223558e-18	0	524.02045
1.468499999999977e-10	0.8040875	0.5562911	0.20475727	-8.225712e-18	0	524.02045
1.4694999999999767e-10	0.8042157	0.5555807	0.20617177	-8.227865e-18	0	524.02045
1.4704999999999765e-10	0.8043434	0.5548676	0.20758383	-8.230015e-18	0	524.02045
1.4714999999999763e-10	0.8044703	0.554152	0.20899345	-8.23216e-18	0	524.02045
1.472499999999976e-10	0.80459654	0.5534337	0.21040066	-8.234305e-18	0	524.02045
1.4734999999999758e-10	0.8047221	0.5527128	0.21180542	-8.236446e-18	0	524.02045
1.4744999999999756e-10	0.8048469	0.5519892	0.21320775	-8.238584e-18	0	524.02045
1.4754999999999754e-10	0.8049711	0.55126315	0.21460763	-8.24072e-18	0	524.02045
1.4764999999999752e-10	0.80509466	0.55053437	0.21600504	-8.242853e-18	0	524.02045
1.477499999999975e-10	0.8052175	0.549803	0.21740001	-8.244984e-18	0	524.02045
1.4784999999999748e-10	0.8053397	0.54906905	0.21879247	-8.247112e-18	0	524.02045
1.4794999999999746e-10	0.80546117	0.5483326	0.2201825	-8.249238e-18	0	524.02045
1.4804999999999744e-10	0.80558205	0.5475935	0.22157004	-8.251359e-18	0	524.02045
1.4814999999999742e-10	0.8057022	0.54685175	0.22295508	-8.253479e-18	0	524.02045
1.482499999999974e-10	0.80582166	0.54610753	0.22433761	-8.255595e-18	0	524.02045
1.4834999999999737e-10	0.80594057	0.54536074	0.22571766	-8.25771e-18	0	524.02045
1.4844999999999735e-10	0.8060589	0.5446114	0.2270952	-8.259821e-18	0	524.02045
1.4854999999999733e-10	0.8061764	0.5438596	0.2284702	-8.2619304e-18	0	524.02045
1.486499999999973e-10	0.80629325	0.5431051	0.22984271	-8.2640364e-18	0	524.02045
1.487499999999973e-10	0.8064096	0.5423482	0.23121268	-8.26614e-18	0	524.02045
1.4884999999999727e-10	0.80652535	0.5415888	0.23258011	-8.268241e-18	0	524.02045
1.4894999999999725e-10	0.80664027	0.5408268	0.23394501	-8.270338e-18	0	524.02045
1.4904999999999723e-10	0.80675465	0.5400623	0.23530737	-8.272433e-18	0	524.02045
1.491499999999972e-10	0.8068684	0.5392953	0.23666717	-8.274526e-18	0	524.02045
1.4924999999999718e-10	0.8069815	0.5385258	0.23802441	-8.276616e-18	0	524.02045
1.4934999999999716e-10	0.807094	0.5377539	0.23937908	-8.278704e-18	0	524.02045
1.4944999999999714e-10	0.8072059	0.5369795	0.2407312	-8.280788e-18	0	524.02045
1.4954999999999712e-10	0.80731714	0.53620255	0.2420807	-8.282869e-18	0	524.02045
1.496499999999971e-10	0.8074278	0.5354233	0.24342766	-8.284949e-18	0	524.02045
1.4974999999999708e-10	0.80753785	0.5346414	0.24477202	-8.287025e-18	0	524.02045
1.4984999999999706e-10	0.8076472	0.5338571	0.24611373	-8.2890975e-18	0	524.02045
1.4994999999999704e-10	0.80775607	0.5330704	0.24745288	-8.291169e-18	0	524.02045
1.5004999999999702e-10	0.8078644	0.5322812	0.24878943	-8.293237e-18	0	524.02045
1.50149999999997e-10	0.80797195	0.5314897	0.25012335	-8.295303e-18	0	524.02045
1.5024999999999697e-10	0.80807906	0.5306956	0.2514547	-8.297365e-18	0	524.02045
1.5034999999999695e-10	0.8081856	0.5298992	0.25278336	-8.2994265e-18	0	524.02045
1.5044999999999693e-10	0.8082913	0.52910036	0.2541094	-8.301483e-18	0	524.02045
1.505499999999969e-10	0.8083967	0.5282991	0.2554328	-8.303538e-18	0	524.02045
1.506499999999969e-10	0.80850136	0.52749544	0.25675356	-8.305589e-18	0	524.02045
1.5074999999999687e-10	0.8086055	0.5266894	0.2580717	-8.307639e-18	0	524.02045
1.5084999999999685e-10	0.80870897	0.52588105	0.25938717	-8.309685e-18	0	524.02045
1.5094999999999683e-10	0.8088121	0.52507025	0.26069996	-8.311728e-18	0	524.02045
1.510499999999968e-10	0.8089144	0.5242571	0.2620101	-8.31377e-18	0	524.02045
1.5114999999999678e-10	0.8090163	0.5234416	0.26331753	-8.315808e-18	0	524.02045
1.5124999999999676e-10	0.8091176	0.5226238	0.26462233	-8.317843e-18	0	524.02045
1.5134999999999674e-10	0.8092183	0.52180356	0.2659244	-8.319875e-18	0	524.02045
1.5144999999999672e-10	0.8092563	0.52106595	0.26724705	-8.6057174e-18	0	515.0064
1.515499999999967e-10	0.80929345	0.52032626	0.2685674	-8.607728e-18	0	515.0064
1.5164999999999668e-10	0.80933	0.51958466	0.26988536	-8.609738e-18	0	515.0064
1.5174999999999666e-10	0.80936563	0.518841	0.2712009	-8.6117434e-18	0	515.0064
1.5184999999999664e-10	0.80940056	0.5180954	0.2725141	-8.613747e-18	0	515.0064
1.5194999999999662e-10	0.8094348	0.51734775	0.27382487	-8.615747e-18	0	515.0064
1.520499999999966e-10	0.8094682	0.51659817	0.27513325	-8.617745e-18	0	515.0064
1.5214999999999657e-10	0.8095009	0.5158466	0.27643925	-8.619739e-18	0	515.0064
1.5224999999999655e-10	0.80953276	0.515093	0.27774283	-8.621731e-18	0	515.0064
1.5234999999999653e-10	0.809564	0.5143376	0.27904403	-8.62372e-18	0	515.0064
1.524499999999965e-10	0.8095946	0.51358014	0.28034276	-8.6257054e-18	0	515.0064
1.525499999999965e-10	0.80962414	0.51282084	0.28163913	-8.627688e-18	0	515.0064
1.5264999999999647e-10	0.8096533	0.51205945	0.28293303	-8.6296684e-18	0	515.0064
1.5274999999999645e-10	0.80968153	0.51129615	0.2842245	-8.631646e-18	0	515.0064
1.5284999999999643e-10	0.80970913	0.51053095	0.28551355	-8.633621e-18	0	515.0064
1.529499999999964e-10	0.80973595	0.50976384	0.28680015	-8.635593e-18	0	515.0064
1.5304999999999639e-10	0.8097622	0.5089948	0.2880843	-8.63756e-18	0	515.0064
1.5314999999999636e-10	0.80978763	0.5082238	0.28936598	-8.639526e-18	0	515.0064
1.5324999999999634e-10	0.80981255	0.5074509	0.29064524	-8.641489e-18	0	515.0064
1.5334999999999632e-10	0.8098365	0.5066761	0.29192203	-8.6434484e-18	0	515.0064
1.534499999999963e-10	0.80986	0.50589937	0.29319635	-8.645406e-18	0	515.0064
1.5354999999999628e-10	0.80988264	0.50512075	0.2944682	-8.647361e-18	0	515.0064
1.5364999999999626e-10	0.80990475	0.5043403	0.29573756	-8.649312e-18	0	515.0064
1.5374999999999624e-10	0.80992615	0.5035579	0.29700446	-8.651261e-18	0	515.0064
1.5384999999999622e-10	0.8099469	0.50277364	0.29826885	-8.653207e-18	0	515.0064
1.539499999999962e-10	0.80996686	0.5019875	0.29953077	-8.655149e-18	0	515.0064
1.5404999999999617e-10	0.8099863	0.5011995	0.3007902	-8.6570895e-18	0	515.0064
1.5414999999999615e-10	0.810005	0.50040966	0.30204707	-8.659027e-18	0	515.0064
1.5424999999999613e-10	0.8100231	0.499618	0.3033015	-8.660961e-18	0	515.0064
1.543499999999961e-10	0.8100406	0.4988243	0.30455342	-8.662892e-18	0	515.0064
1.544499999999961e-10	0.81005746	0.49802893	0.30580276	-8.664821e-18	0	515.0064
1.5454999999999607e-10	0.8100737	0.49723166	0.30704963	-8.666746e-18	0	515.0064
1.5464999999999605e-10	0.8100892	0.49643257	0.30829403	-8.668669e-18	0	515.0064
1.5474999999999603e-10	0.8101041	0.49563166	0.3095358	-8.670588e-18	0	515.0064
1.54849999999996e-10	0.8101184	0.49482888	0.31077504	-8.672505e-18	0	515.0064
1.5494999999999599e-10	0.81013215	0.49402434	0.3120118	-8.6744206e-18	0	515.0064
1.5504999999999596e-10	0.81014514	0.49321792	0.31324598	-8.676331e-18	0	515.0064
1.5514999999999594e-10	0.81015766	0.49240977	0.31447762	-8.678239e-18	0	515.0064
1.5524999999999592e-10	0.8101695	0.49159977	0.31570673	-8.680145e-18	0	515.0064
1.553499999999959e-10	0.8101808	0.4907879	0.31693327	-8.682047e-18	0	515.0064
1.5544999999999588e-10	0.8101915	0.48997432	0.31815726	-8.683946e-18	0	515.0064
1.5554999999999586e-10	0.81020164	0.48915896	0.3193786	-8.685844e-18	0	515.0064
1.5564999999999584e-10	0.81021106	0.4883418	0.32059747	-8.6877365e-18	0	515.0064
1.5574999999999582e-10	0.8102201	0.48752284	0.32181373	-8.689628e-18	0	515.0064
1.558499999999958e-10	0.81022847	0.48670217	0.3230274	-8.691515e-18	0	515.0064
1.5594999999999578e-10	0.8102362	0.4858797	0.32423848	-8.693401e-18	0	515.0064
1.5604999999999575e-10	0.8102434	0.48505548	0.325447	-8.695284e-18	0	515.0064
1.5614999999999573e-10	0.81025004	0.48422945	0.3266529	-8.697163e-18	0	515.0064
1.562499999999957e-10	0.81025624	0.48340172	0.3278562	-8.699039e-18	0	515.0064
1.563499999999957e-10	0.81026185	0.4825723	0.32905692	-8.700913e-18	0	515.0064
1.5644999999999567e-10	0.8102668	0.48174107	0.330255	-8.702784e-18	0	515.0064
1.5654999999999565e-10	0.8102713	0.4809081	0.33145052	-8.704651e-18	0	515.0064
1.5664999999999563e-10	0.81027526	0.48007345	0.33264336	-8.706516e-18	0	515.0064
1.567499999999956e-10	0.8102787	0.47923702	0.3338336	-8.708378e-18	0	515.0064
1.5684999999999559e-10	0.8102816	0.47839898	0.33502123	-8.710238e-18	0	515.0064
1.5694999999999557e-10	0.8102839	0.47755915	0.3362063	-8.7120945e-18	0	515.0064
1.5704999999999554e-10	0.81028575	0.47671765	0.33738863	-8.713947e-18	0	515.0064
1.5714999999999552e-10	0.8102871	0.4758744	0.33856833	-8.715798e-18	0	515.0064
1.572499999999955e-10	0.81028795	0.4750295	0.33974543	-8.7176465e-18	0	515.0064
1.5734999999999548e-10	0.8102883	0.4741829	0.34091985	-8.719491e-18	0	515.0064
1.5744999999999546e-10	0.8102882	0.47333464	0.34209168	-8.7213325e-18	0	515.0064
1.5754999999999544e-10	0.8102875	0.4724847	0.34326077	-8.723171e-18	0	515.0064
1.5764999999999542e-10	0.8102863	0.47163308	0.3444273	-8.725008e-18	0	515.0064
1.577499999999954e-10	0.8102847	0.47077978	0.34559107	-8.726841e-18	0	515.0064
1.5784999999999538e-10	0.8102825	0.46992487	0.3467522	-8.728672e-18	0	515.0064
1.5794999999999535e-10	0.81027997	0.4690683	0.34791064	-8.730499e-18	0	515.0064
1.5804999999999533e-10	0.8102769	0.46821004	0.3490665	-8.732323e-18	0	515.0064
1.581499999999953e-10	0.8102734	0.46735016	0.3502196	-8.7341455e-18	0	515.0064
1.582499999999953e-10	0.81026936	0.46648866	0.35137004	-8.735965e-18	0	515.0064
1.5834999999999527e-10	0.81026495	0.46562552	0.35251778	-8.737781e-18	0	515.0064
1.5844999999999525e-10	0.8102601	0.46476072	0.35366282	-8.739593e-18	0	515.0064
1.5854999999999523e-10	0.8102547	0.4638944	0.35480517	-8.741404e-18	0	515.0064
1.586499999999952e-10	0.810249	0.46302637	0.3559448	-8.743212e-18	0	515.0064
1.5874999999999519e-10	0.8102427	0.46215677	0.3570818	-8.7450155e-18	0	515.0064
1.5884999999999517e-10	0.8102361	0.46128556	0.35821605	-8.746817e-18	0	515.0064
1.5894999999999514e-10	0.810229	0.46041277	0.35934758	-8.748616e-18	0	515.0064
1.5904999999999512e-10	0.81022155	0.4595384	0.36047634	-8.750413e-18	0	515.0064
1.591499999999951e-10	0.81021357	0.45866242	0.3616025	-8.752206e-18	0	515.0064
1.5924999999999508e-10	0.8102052	0.45778486	0.36272582	-8.753997e-18	0	515.0064
1.5934999999999506e-10	0.8101965	0.45690575	0.36384648	-8.755782e-18	0	515.0064
1.5944999999999504e-10	0.81018734	0.45602506	0.3649644	-8.757567e-18	0	515.0064
1.5954999999999502e-10	0.81017786	0.4551428	0.3660796	-8.759348e-18	0	515.0064
1.59649999999995e-10	0.8101679	0.45425898	0.36719203	-8.761128e-18	0	515.0064
1.5974999999999498e-10	0.8101576	0.45337367	0.36830172	-8.762903e-18	0	515.0064
1.5984999999999496e-10	0.81014687	0.45248678	0.36940867	-8.764677e-18	0	515.0064
1.5994999999999493e-10	0.81013584	0.45159832	0.3705129	-8.766447e-18	0	515.0064
1.6004999999999491e-10	0.8101243	0.45070836	0.37161434	-8.7682146e-18	0	515.0064
1.601499999999949e-10	0.8101124	0.44981688	0.372713	-8.769978e-18	0	515.0064
1.6024999999999487e-10	0.8101002	0.44892386	0.37380895	-8.77174e-18	0	515.0064
1.6034999999999485e-10	0.8100876	0.44802934	0.37490213	-8.773498e-18	0	515.0064
1.6044999999999483e-10	0.8100747	0.44713327	0.3759925	-8.775255e-18	0	515.0064
1.605499999999948e-10	0.81006134	0.44623572	0.3770801	-8.7770075e-18	0	515.0064
1.606499999999948e-10	0.8100478	0.44533673	0.378165	-8.778758e-18	0	515.0064
1.6074999999999477e-10	0.8100338	0.44443622	0.37924707	-8.780505e-18	0	515.0064
1.6084999999999475e-10	0.8100195	0.4435342	0.38032633	-8.7822485e-18	0	515.0064
1.6094999999999472e-10	0.8100049	0.44263068	0.38140285	-8.7839906e-18	0	515.0064
1.610499999999947e-10	0.8099898	0.44172573	0.3824765	-8.7857285e-18	0	515.0064
1.6114999999999468e-10	0.80997455	0.44081926	0.38354743	-8.7874656e-18	0	515.0064
1.6124999999999466e-10	0.8099588	0.4399114	0.38461557	-8.7891985e-18	0	515.0064
1.6134999999999464e-10	0.80994296	0.43900204	0.38568088	-8.790927e-18	0	515.0064
1.6144999999999462e-10	0.8098866	0.43815207	0.38675877	-9.137343e-18	0	506.355
1.615499999999946e-10	0.8097894	0.43736148	0.3878495	-9.138994e-18	0	506.355
1.6164999999999458e-10	0.809692	0.4365697	0.38893783	-9.140641e-18	0	506.355
1.6174999999999456e-10	0.80959404	0.43577665	0.39002377	-9.142286e-18	0	506.355
1.6184999999999453e-10	0.80949575	0.43498236	0.3911072	-9.143928e-18	0	506.355
1.6194999999999451e-10	0.80939704	0.43418682	0.39218828	-9.145567e-18	0	506.355
1.620499999999945e-10	0.8092979	0.43339005	0.39326692	-9.147203e-18	0	506.355
1.6214999999999447e-10	0.80919844	0.432592	0.39434308	-9.148838e-18	0	506.355
1.6224999999999445e-10	0.8090984	0.43179274	0.39541683	-9.150468e-18	0	506.355
1.6234999999999443e-10	0.8089981	0.43099225	0.39648807	-9.152096e-18	0	506.355
1.624499999999944e-10	0.80889744	0.4301905	0.39755702	-9.153721e-18	0	506.355
1.625499999999944e-10	0.8087963	0.42938757	0.3986234	-9.155344e-18	0	506.355
1.6264999999999437e-10	0.80869484	0.4285834	0.39968732	-9.156963e-18	0	506.355
1.6274999999999435e-10	0.808593	0.42777804	0.40074882	-9.158581e-18	0	506.355
1.6284999999999432e-10	0.80849075	0.42697152	0.40180784	-9.160194e-18	0	506.355
1.629499999999943e-10	0.8083883	0.42616373	0.40286446	-9.161805e-18	0	506.355
1.6304999999999428e-10	0.80828536	0.42535475	0.40391853	-9.163413e-18	0	506.355
1.6314999999999426e-10	0.80818206	0.4245445	0.4049702	-9.165019e-18	0	506.355
1.6324999999999424e-10	0.8080785	0.42373314	0.40601936	-9.166622e-18	0	506.355
1.6334999999999422e-10	0.8079746	0.4229206	0.40706605	-9.1682226e-18	0	506.355
1.634499999999942e-10	0.80787027	0.42210683	0.40811026	-9.169819e-18	0	506.355
1.6354999999999418e-10	0.80776566	0.42129192	0.40915203	-9.171414e-18	0	506.355
1.6364999999999416e-10	0.8076608	0.42047578	0.41019127	-9.173005e-18	0	506.355
1.6374999999999414e-10	0.8075555	0.41965854	0.411228	-9.174594e-18	0	506.355
1.6384999999999411e-10	0.80744994	0.41884	0.41226232	-9.176182e-18	0	506.355
1.639499999999941e-10	0.8073441	0.41802046	0.4132941	-9.177764e-18	0	506.355
1.6404999999999407e-10	0.807238	0.41719967	0.4143234	-9.179346e-18	0	506.355
1.6414999999999405e-10	0.8071316	0.4163777	0.41535017	-9.180922e-18	0	506.355
1.6424999999999403e-10	0.80702484	0.41555464	0.41637444	-9.182499e-18	0	506.355
1.64349999999994e-10	0.8069178	0.41473037	0.41739625	-9.18407e-18	0	506.355
1.64449999999994e-10	0.80681056	0.413905	0.41841552	-9.18564e-18	0	506.355
1.6454999999999397e-10	0.806703	0.41307846	0.41943228	-9.187207e-18	0	506.355
1.6464999999999395e-10	0.806595	0.4122508	0.42044657	-9.18877e-18	0	506.355
1.6474999999999393e-10	0.806487	0.411422	0.42145827	-9.1903315e-18	0	506.355
1.648499999999939e-10	0.8063787	0.41059205	0.42246747	-9.191891e-18	0	506.355
1.6494999999999388e-10	0.8062701	0.40976095	0.42347416	-9.193446e-18	0	506.355
1.6504999999999386e-10	0.8061612	0.40892878	0.42447835	-9.194999e-18	0	506.355
1.6514999999999384e-10	0.8060521	0.4080955	0.42547998	-9.196548e-18	0	506.355
1.6524999999999382e-10	0.8059429	0.40726107	0.42647907	-9.198095e-18	0	506.355
1.653499999999938e-10	0.80583334	0.40642557	0.42747566	-9.1996406e-18	0	506.355
1.6544999999999378e-10	0.8057235	0.40558892	0.42846963	-9.201182e-18	0	506.355
1.6554999999999376e-10	0.8056135	0.40475118	0.42946118	-9.20272e-18	0	506.355
1.6564999999999374e-10	0.80550337	0.4039124	0.43045008	-9.204258e-18	0	506.355
1.6574999999999371e-10	0.805393	0.40307242	0.43143654	-9.20579e-18	0	506.355
1.658499999999937e-10	0.8052823	0.40223145	0.4324204	-9.207322e-18	0	506.355
1.6594999999999367e-10	0.8051715	0.4013894	0.4334017	-9.20885e-18	0	506.355
1.6604999999999365e-10	0.8050605	0.40054622	0.43438047	-9.210375e-18	0	506.355
1.6614999999999363e-10	0.80494934	0.39970195	0.43535668	-9.211898e-18	0	506.355
1.662499999999936e-10	0.80483794	0.39885667	0.43633032	-9.213417e-18	0	506.355
1.663499999999936e-10	0.80472636	0.39801025	0.43730137	-9.2149335e-18	0	506.355
1.6644999999999357e-10	0.8046146	0.3971628	0.43826988	-9.216448e-18	0	506.355
1.6654999999999355e-10	0.8045028	0.39631423	0.43923587	-9.21796e-18	0	506.355
1.6664999999999353e-10	0.8043907	0.39546472	0.4401992	-9.219469e-18	0	506.355
1.667499999999935e-10	0.8042785	0.3946141	0.44116005	-9.220974e-18	0	506.355
1.6684999999999348e-10	0.8041662	0.39376247	0.44211823	-9.222477e-18	0	506.355
1.6694999999999346e-10	0.80405366	0.39290974	0.44307393	-9.223979e-18	0	506.355
1.6704999999999344e-10	0.8039411	0.392056	0.44402698	-9.225475e-18	0	506.355
1.6714999999999342e-10	0.8038283	0.3912012	0.44497752	-9.226971e-18	0	506.355
1.672499999999934e-10	0.8037154	0.39034536	0.4459254	-9.228464e-18	0	506.355
1.6734999999999338e-10	0.80360234	0.38948855	0.44687074	-9.2299534e-18	0	506.355
1.6744999999999336e-10	0.80348915	0.3886307	0.44781348	-9.231438e-18	0	506.355
1.6754999999999334e-10	0.80337596	0.3877718	0.4487536	-9.232923e-18	0	506.355
1.6764999999999332e-10	0.8032626	0.38691196	0.44969115	-9.2344045e-18	0	506.355
1.677499999999933e-10	0.8031491	0.38605103	0.45062613	-9.235884e-18	0	506.355
1.6784999999999327e-10	0.80303556	0.38518915	0.45155847	-9.237358e-18	0	506.355
1.6794999999999325e-10	0.8029219	0.38432625	0.4524882	-9.238831e-18	0	506.355
1.6804999999999323e-10	0.80280817	0.38346234	0.45341533	-9.240303e-18	0	506.355
1.681499999999932e-10	0.80269426	0.38259745	0.45433986	-9.2417705e-18	0	506.355
1.682499999999932e-10	0.8025804	0.38173157	0.45526183	-9.243236e-18	0	506.355
1.6834999999999317e-10	0.8024664	0.3808647	0.4561811	-9.244698e-18	0	506.355
1.6844999999999315e-10	0.8023523	0.37999684	0.45709783	-9.246158e-18	0	506.355
1.6854999999999313e-10	0.80223817	0.379128	0.4580119	-9.247615e-18	0	506.355
1.686499999999931e-10	0.80212414	0.37825823	0.45892334	-9.249068e-18	0	506.355
1.6874999999999308e-10	0.80200976	0.37738746	0.45983222	-9.25052e-18	0	506.355
1.6884999999999306e-10	0.80189556	0.37651578	0.4607384	-9.25197e-18	0	506.355
1.6894999999999304e-10	0.8017813	0.3756431	0.46164203	-9.253415e-18	0	506.355
1.6904999999999302e-10	0.8016669	0.37476948	0.46254298	-9.254857e-18	0	506.355
1.69149999999993e-10	0.80155253	0.3738949	0.46344137	-9.256298e-18	0	506.355
1.6924999999999298e-10	0.8014381	0.3730194	0.46433702	-9.257736e-18	0	506.355
1.6934999999999296e-10	0.80132365	0.37214297	0.4652301	-9.25917e-18	0	506.355
1.6944999999999294e-10	0.80120915	0.37126553	0.46612054	-9.260605e-18	0	506.355
1.6954999999999292e-10	0.8010948	0.3703872	0.46700838	-9.262034e-18	0	506.355
1.696499999999929e-10	0.8009802	0.36950797	0.4678935	-9.26346e-18	0	506.355
1.6974999999999287e-10	0.8008658	0.3686278	0.46877602	-9.2648844e-18	0	506.355
1.6984999999999285e-10	0.8007513	0.36774668	0.46965587	-9.266307e-18	0	506.355
1.6994999999999283e-10	0.8006369	0.36686468	0.47053307	-9.267726e-18	0	506.355
1.700499999999928e-10	0.80052245	0.36598176	0.47140768	-9.269143e-18	0	506.355
1.701499999999928e-10	0.800408	0.36509794	0.4722796	-9.2705556e-18	0	506.355
1.7024999999999277e-10	0.8002936	0.36421323	0.47314885	-9.2719676e-18	0	506.355
1.7034999999999275e-10	0.8001792	0.36332762	0.47401547	-9.2733754e-18	0	506.355
1.7044999999999273e-10	0.8000649	0.36244112	0.47487944	-9.274781e-18	0	506.355
1.705499999999927e-10	0.7999505	0.36155373	0.47574067	-9.276184e-18	0	506.355
1.7064999999999268e-10	0.7998364	0.3606654	0.47659934	-9.277584e-18	0	506.355
1.7074999999999266e-10	0.7997221	0.35977632	0.4774553	-9.278983e-18	0	506.355
1.7084999999999264e-10	0.799608	0.35888627	0.4783086	-9.2803775e-18	0	506.355
1.7094999999999262e-10	0.79949373	0.35799536	0.4791592	-9.2817705e-18	0	506.355
1.710499999999926e-10	0.7993799	0.35710362	0.48000714	-9.2831585e-18	0	506.355
1.7114999999999258e-10	0.7992658	0.35621098	0.48085245	-9.284547e-18	0	506.355
1.7124999999999256e-10	0.7991519	0.3553175	0.48169512	-9.285932e-18	0	506.355
1.7134999999999254e-10	0.79903805	0.35442314	0.482535	-9.287313e-18	0	506.355
1.7144999999999252e-10	0.79892427	0.353528	0.48337227	-9.288692e-18	0	506.355
1.715499999999925e-10	0.79872406	0.3527804	0.48424134	-9.703093e-18	0	498.05173
1.7164999999999247e-10	0.7985238	0.35203204	0.4851082	-9.7043556e-18	0	498.05173
1.7174999999999245e-10	0.7983235	0.35128284	0.48597273	-9.705615e-18	0	498.05173
1.7184999999999243e-10	0.7981233	0.3505329	0.4868351	-9.7068735e-18	0	498.05173
1.719499999999924e-10	0.7979231	0.34978217	0.48769516	-9.708129e-18	0	498.05173
1.720499999999924e-10	0.7977228	0.34903055	0.488553	-9.7093815e-18	0	498.05173
1.7214999999999237e-10	0.79752266	0.34827825	0.48940852	-9.710633e-18	0	498.05173
1.7224999999999235e-10	0.7973225	0.34752512	0.49026185	-9.711882e-18	0	498.05173
1.7234999999999233e-10	0.7971225	0.34677124	0.4911129	-9.713125e-18	0	498.05173
1.724499999999923e-10	0.7969224	0.34601656	0.49196172	-9.7143686e-18	0	498.05173
1.7254999999999229e-10	0.79672235	0.3452611	0.4928082	-9.71561e-18	0	498.05173
1.7264999999999226e-10	0.7965224	0.3445049	0.49365243	-9.7168485e-18	0	498.05173
1.7274999999999224e-10	0.79632246	0.3437479	0.4944945	-9.7180835e-18	0	498.05173
1.7284999999999222e-10	0.79612267	0.34299016	0.49533418	-9.719317e-18	0	498.05173
1.729499999999922e-10	0.79592294	0.3422316	0.4961716	-9.72055e-18	0	498.05173
1.7304999999999218e-10	0.79572314	0.34147236	0.49700674	-9.7217785e-18	0	498.05173
1.7314999999999216e-10	0.7955235	0.3407123	0.49783963	-9.723004e-18	0	498.05173
1.7324999999999214e-10	0.795324	0.3399515	0.49867028	-9.724228e-18	0	498.05173
1.7334999999999212e-10	0.7951246	0.33918995	0.49949858	-9.725451e-18	0	498.05173
1.734499999999921e-10	0.79492533	0.33842763	0.50032467	-9.72667e-18	0	498.05173
1.7354999999999207e-10	0.7947261	0.3376646	0.5011484	-9.727885e-18	0	498.05173
1.7364999999999205e-10	0.79452693	0.33690083	0.50196993	-9.729102e-18	0	498.05173
1.7374999999999203e-10	0.7943279	0.33613628	0.5027891	-9.730312e-18	0	498.05173
1.73849999999992e-10	0.79412895	0.335371	0.503606	-9.731522e-18	0	498.05173
1.73949999999992e-10	0.7939302	0.33460498	0.50442064	-9.7327295e-18	0	498.05173
1.7404999999999197e-10	0.79373163	0.33383825	0.50523293	-9.733934e-18	0	498.05173
1.7414999999999195e-10	0.7935331	0.33307076	0.50604296	-9.735137e-18	0	498.05173
1.7424999999999193e-10	0.7933347	0.33230263	0.5068507	-9.736336e-18	0	498.05173
1.743499999999919e-10	0.7931365	0.33153367	0.50765604	-9.737532e-18	0	498.05173
1.7444999999999189e-10	0.79293835	0.330764	0.5084592	-9.738728e-18	0	498.05173
1.7454999999999186e-10	0.7927404	0.32999367	0.50926006	-9.739923e-18	0	498.05173
1.7464999999999184e-10	0.7925426	0.32922256	0.5100585	-9.741112e-18	0	498.05173
1.7474999999999182e-10	0.79234505	0.32845074	0.5108547	-9.742299e-18	0	498.05173
1.748499999999918e-10	0.79214764	0.32767832	0.51164865	-9.743487e-18	0	498.05173
1.7494999999999178e-10	0.7919503	0.32690507	0.51244026	-9.744669e-18	0	498.05173
1.7504999999999176e-10	0.7917532	0.32613117	0.5132295	-9.745851e-18	0	498.05173
1.7514999999999174e-10	0.7915563	0.32535654	0.51401657	-9.747027e-18	0	498.05173
1.7524999999999172e-10	0.7913596	0.32458124	0.51480114	-9.748204e-18	0	498.05173
1.753499999999917e-10	0.7911631	0.3238052	0.5155835	-9.749381e-18	0	498.05173
1.7544999999999168e-10	0.7909667	0.32302853	0.5163635	-9.7505495e-18	0	498.05173
1.7554999999999165e-10	0.7907706	0.32225114	0.5171412	-9.751719e-18	0	498.05173
1.7564999999999163e-10	0.7905746	0.3214731	0.5179166	-9.7528854e-18	0	498.05173
1.757499999999916e-10	0.7903789	0.32069433	0.5186897	-9.754049e-18	0	498.05173
1.758499999999916e-10	0.79018337	0.31991488	0.51946044	-9.755212e-18	0	498.05173
1.7594999999999157e-10	0.7899881	0.31913477	0.52022886	-9.756371e-18	0	498.05173
1.7604999999999155e-10	0.789793	0.318354	0.5209949	-9.757528e-18	0	498.05173
1.7614999999999153e-10	0.7895982	0.31757253	0.5217587	-9.758684e-18	0	498.05173
1.762499999999915e-10	0.7894037	0.3167904	0.52252007	-9.759837e-18	0	498.05173
1.7634999999999149e-10	0.7892093	0.31600764	0.5232792	-9.760986e-18	0	498.05173
1.7644999999999147e-10	0.7890152	0.3152242	0.52403593	-9.762136e-18	0	498.05173
1.7654999999999144e-10	0.78882134	0.31444004	0.5247903	-9.763281e-18	0	498.05173
1.7664999999999142e-10	0.78862774	0.31365532	0.5255424	-9.764424e-18	0	498.05173
1.767499999999914e-10	0.7884344	0.3128699	0.5262921	-9.765565e-18	0	498.05173
1.7684999999999138e-10	0.78824127	0.31208384	0.5270395	-9.766703e-18	0	498.05173
1.7694999999999136e-10	0.78804857	0.31129715	0.5277846	-9.7678375e-18	0	498.05173
1.7704999999999134e-10	0.787856	0.31050977	0.52852726	-9.768973e-18	0	498.05173
1.7714999999999132e-10	0.78766376	0.30972177	0.52926767	-9.770104e-18	0	498.05173
1.772499999999913e-10	0.78747183	0.30893317	0.53000563	-9.771233e-18	0	498.05173
1.7734999999999128e-10	0.78728014	0.3081439	0.53074133	-9.7723606e-18	0	498.05173
1.7744999999999126e-10	0.78708875	0.30735397	0.5314747	-9.773486e-18	0	498.05173
1.7754999999999123e-10	0.7868977	0.3065635	0.5322057	-9.774606e-18	0	498.05173
1.7764999999999121e-10	0.786707	0.3057723	0.5329343	-9.775727e-18	0	498.05173
1.777499999999912e-10	0.7865164	0.3049806	0.53366053	-9.776846e-18	0	498.05173
1.7784999999999117e-10	0.7863263	0.3041882	0.5343845	-9.77796e-18	0	498.05173
1.7794999999999115e-10	0.7861365	0.3033952	0.53510606	-9.7790715e-18	0	498.05173
1.7804999999999113e-10	0.78594697	0.3026016	0.53582525	-9.780183e-18	0	498.05173
1.781499999999911e-10	0.7857577	0.3018074	0.5365421	-9.781291e-18	0	498.05173
1.7824999999999109e-10	0.7855689	0.3010126	0.53725654	-9.7823976e-18	0	498.05173
1.7834999999999107e-10	0.78538036	0.30021718	0.5379687	-9.783502e-18	0	498.05173
1.7844999999999104e-10	0.78519225	0.29942113	0.53867847	-9.784601e-18	0	498.05173
1.7854999999999102e-10	0.7850044	0.29862458	0.53938586	-9.7857005e-18	0	498.05173
1.78649999999991e-10	0.78481686	0.29782736	0.54009086	-9.786799e-18	0	498.05173
1.7874999999999098e-10	0.7846298	0.29702955	0.54079354	-9.787892e-18	0	498.05173
1.7884999999999096e-10	0.784443	0.29623118	0.5414939	-9.788985e-18	0	498.05173
1.7894999999999094e-10	0.7842566	0.29543224	0.5421918	-9.7900755e-18	0	498.05173
1.7904999999999092e-10	0.7840705	0.29463273	0.54288733	-9.791162e-18	0	498.05173
1.791499999999909e-10	0.7838848	0.2938326	0.54358053	-9.792248e-18	0	498.05173
1.7924999999999088e-10	0.7836995	0.2930319	0.5442713	-9.7933304e-18	0	498.05173
1.7934999999999086e-10	0.7835146	0.29223067	0.5449597	-9.79441e-18	0	498.05173
1.7944999999999083e-10	0.78333014	0.29142886	0.54564583	-9.795491e-18	0	498.05173
1.7954999999999081e-10	0.78314596	0.2906265	0.54632956	-9.7965655e-18	0	498.05173
1.796499999999908e-10	0.7829622	0.2898236	0.54701084	-9.79764e-18	0	498.05173
1.7974999999999077e-10	0.7827789	0.2890201	0.5476898	-9.798711e-18	0	498.05173
1.7984999999999075e-10	0.78259593	0.28821605	0.5483663	-9.799781e-18	0	498.05173
1.7994999999999073e-10	0.78241336	0.28741148	0.5490405	-9.8008495e-18	0	498.05173
1.800499999999907e-10	0.78223133	0.28660637	0.5497123	-9.801914e-18	0	498.05173
1.801499999999907e-10	0.7820496	0.2858007	0.5503817	-9.8029745e-18	0	498.05173
1.8024999999999067e-10	0.78186834	0.28499448	0.55104876	-9.8040374e-18	0	498.05173
1.8034999999999065e-10	0.7816875	0.28418773	0.55171335	-9.8050946e-18	0	498.05173
1.8044999999999062e-10	0.781507	0.2833805	0.5523756	-9.80615e-18	0	498.05173
1.805499999999906e-10	0.781327	0.2825727	0.5530355	-9.807202e-18	0	498.05173
1.8064999999999058e-10	0.78114754	0.28176436	0.55369294	-9.808258e-18	0	498.05173
1.8074999999999056e-10	0.7809684	0.28095555	0.554348	-9.809306e-18	0	498.05173
1.8084999999999054e-10	0.78078973	0.28014618	0.5550008	-9.810352e-18	0	498.05173
1.8094999999999052e-10	0.7806115	0.27933633	0.55565107	-9.8113985e-18	0	498.05173
1.810499999999905e-10	0.7804338	0.27852595	0.556299	-9.812438e-18	0	498.05173
1.8114999999999048e-10	0.78025645	0.27771506	0.55694443	-9.813479e-18	0	498.05173
1.8124999999999046e-10	0.7800797	0.2769037	0.5575876	-9.814518e-18	0	498.05173
1.8134999999999044e-10	0.7799033	0.27609178	0.5582283	-9.815553e-18	0	498.05173
1.8144999999999041e-10	0.77972746	0.27527943	0.5588666	-9.8165874e-18	0	498.05173
1.815499999999904e-10	0.7795099	0.2745495	0.5595202	-1.0296038e-17	0	490.08258
1.8164999999999037e-10	0.77925086	0.27390197	0.56018925	-1.0296943e-17	0	490.08258
1.8174999999999035e-10	0.77899206	0.2732539	0.56085646	-1.0297847e-17	0	490.08258
1.8184999999999033e-10	0.77873373	0.27260524	0.56152165	-1.0298746e-17	0	490.08258
1.819499999999903e-10	0.77847576	0.271956	0.5621849	-1.0299645e-17	0	490.08258
1.820499999999903e-10	0.7782182	0.2713062	0.5628462	-1.0300542e-17	0	490.08258
1.8214999999999027e-10	0.777961	0.2706558	0.56350565	-1.0301438e-17	0	490.08258
1.8224999999999025e-10	0.7777043	0.27000493	0.56416297	-1.030233e-17	0	490.08258
1.8234999999999022e-10	0.777448	0.26935342	0.5648185	-1.0303223e-17	0	490.08258
1.824499999999902e-10	0.777192	0.26870137	0.56547207	-1.0304113e-17	0	490.08258
1.8254999999999018e-10	0.77693653	0.26804876	0.56612366	-1.0305e-17	0	490.08258
1.8264999999999016e-10	0.7766814	0.26739562	0.56677324	-1.0305885e-17	0	490.08258
1.8274999999999014e-10	0.77642673	0.26674196	0.56742096	-1.03067705e-17	0	490.08258
1.8284999999999012e-10	0.7761725	0.2660877	0.5680667	-1.0307651e-17	0	490.08258
1.829499999999901e-10	0.7759187	0.2654329	0.56871045	-1.0308531e-17	0	490.08258
1.8304999999999008e-10	0.7756653	0.26477757	0.56935227	-1.0309409e-17	0	490.08258
1.8314999999999006e-10	0.77541244	0.26412168	0.5699921	-1.0310285e-17	0	490.08258
1.8324999999999004e-10	0.77515996	0.2634653	0.5706301	-1.031116e-17	0	490.08258
1.8334999999999001e-10	0.77490795	0.26280832	0.57126606	-1.0312033e-17	0	490.08258
1.8344999999999e-10	0.7746564	0.26215082	0.5719	-1.0312903e-17	0	490.08258
1.8354999999998997e-10	0.77440524	0.26149282	0.57253206	-1.0313774e-17	0	490.08258
1.8364999999998995e-10	0.7741546	0.26083428	0.5731622	-1.031464e-17	0	490.08258
1.8374999999998993e-10	0.7739044	0.26017517	0.57379025	-1.0315504e-17	0	490.08258
1.838499999999899e-10	0.77365476	0.25951558	0.57441634	-1.0316367e-17	0	490.08258
1.839499999999899e-10	0.7734055	0.25885546	0.5750406	-1.0317228e-17	0	490.08258
1.8404999999998987e-10	0.7731568	0.2581948	0.57566273	-1.0318089e-17	0	490.08258
1.8414999999998985e-10	0.77290857	0.2575336	0.576283	-1.0318946e-17	0	490.08258
1.8424999999998983e-10	0.7726608	0.2568719	0.5769012	-1.03198036e-17	0	490.08258
1.843499999999898e-10	0.77241355	0.25620973	0.57751745	-1.0320655e-17	0	490.08258
1.8444999999998978e-10	0.7721668	0.25554702	0.5781318	-1.0321507e-17	0	490.08258
1.8454999999998976e-10	0.7719205	0.25488377	0.5787441	-1.0322356e-17	0	490.08258
1.8464999999998974e-10	0.77167475	0.25422007	0.5793545	-1.0323205e-17	0	490.08258
1.8474999999998972e-10	0.77142954	0.25355583	0.57996297	-1.0324053e-17	0	490.08258
1.848499999999897e-10	0.7711848	0.2528911	0.5805693	-1.0324896e-17	0	490.08258
1.8494999999998968e-10	0.77094054	0.25222582	0.5811738	-1.032574e-17	0	490.08258
1.8504999999998966e-10	0.7706969	0.2515601	0.58177626	-1.0326579e-17	0	490.08258
1.8514999999998964e-10	0.7704537	0.25089386	0.5823767	-1.03274194e-17	0	490.08258
1.8524999999998962e-10	0.77021104	0.25022712	0.5829752	-1.03282565e-17	0	490.08258
1.853499999999896e-10	0.7699691	0.24955992	0.58357173	-1.0329092e-17	0	490.08258
1.8544999999998957e-10	0.76972747	0.2488922	0.5841662	-1.0329924e-17	0	490.08258
1.8554999999998955e-10	0.7694865	0.248224	0.5847588	-1.0330758e-17	0	490.08258
1.8564999999998953e-10	0.76924604	0.24755533	0.5853493	-1.0331586e-17	0	490.08258
1.857499999999895e-10	0.76900613	0.24688616	0.5859379	-1.0332416e-17	0	490.08258
1.858499999999895e-10	0.76876676	0.24621655	0.5865245	-1.0333241e-17	0	490.08258
1.8594999999998947e-10	0.7685279	0.24554642	0.5871091	-1.0334067e-17	0	490.08258
1.8604999999998945e-10	0.76828974	0.24487585	0.58769166	-1.03348856e-17	0	490.08258
1.8614999999998943e-10	0.76805204	0.24420476	0.5882722	-1.033571e-17	0	490.08258
1.862499999999894e-10	0.767815	0.24353325	0.5888509	-1.03365275e-17	0	490.08258
1.8634999999998938e-10	0.7675785	0.24286124	0.5894275	-1.0337344e-17	0	490.08258
1.8644999999998936e-10	0.76734257	0.24218881	0.5900021	-1.033816e-17	0	490.08258
1.8654999999998934e-10	0.7671072	0.24151589	0.59057474	-1.0338973e-17	0	490.08258
1.8664999999998932e-10	0.7668724	0.2408425	0.5911454	-1.0339785e-17	0	490.08258
1.867499999999893e-10	0.7666383	0.24016866	0.5917141	-1.0340595e-17	0	490.08258
1.8684999999998928e-10	0.76640475	0.23949437	0.59228075	-1.0341403e-17	0	490.08258
1.8694999999998926e-10	0.7661717	0.23881964	0.5928453	-1.03422094e-17	0	490.08258
1.8704999999998924e-10	0.76593935	0.23814447	0.593408	-1.03430134e-17	0	490.08258
1.8714999999998922e-10	0.7657076	0.23746884	0.59396863	-1.0343816e-17	0	490.08258
1.872499999999892e-10	0.7654765	0.23679274	0.59452724	-1.03446165e-17	0	490.08258
1.8734999999998917e-10	0.7652459	0.23611626	0.5950839	-1.03454156e-17	0	490.08258
1.8744999999998915e-10	0.7650161	0.2354393	0.5956386	-1.0346212e-17	0	490.08258
1.8754999999998913e-10	0.76478666	0.23476194	0.59619117	-1.03470095e-17	0	490.08258
1.876499999999891e-10	0.7645581	0.2340841	0.59674186	-1.0347801e-17	0	490.08258
1.877499999999891e-10	0.76432997	0.23340587	0.59729046	-1.0348592e-17	0	490.08258
1.8784999999998907e-10	0.7641026	0.2327272	0.59783703	-1.0349382e-17	0	490.08258
1.8794999999998905e-10	0.76387584	0.2320481	0.59838164	-1.0350172e-17	0	490.08258
1.8804999999998903e-10	0.76364964	0.23136859	0.5989242	-1.0350956e-17	0	490.08258
1.88149999999989e-10	0.7634242	0.23068865	0.59946483	-1.03517435e-17	0	490.08258
1.8824999999998898e-10	0.7631993	0.2300083	0.6000034	-1.0352525e-17	0	490.08258
1.8834999999998896e-10	0.76297516	0.22932754	0.6005399	-1.0353307e-17	0	490.08258
1.8844999999998894e-10	0.7627516	0.22864637	0.6010746	-1.03540844e-17	0	490.08258
1.8854999999998892e-10	0.7625288	0.2279648	0.6016071	-1.0354862e-17	0	490.08258
1.886499999999889e-10	0.7623066	0.22728282	0.60213757	-1.0355639e-17	0	490.08258
1.8874999999998888e-10	0.76208496	0.22660041	0.6026661	-1.0356414e-17	0	490.08258
1.8884999999998886e-10	0.76186407	0.22591764	0.6031926	-1.0357185e-17	0	490.08258
1.8894999999998884e-10	0.7616439	0.22523445	0.6037171	-1.0357954e-17	0	490.08258
1.8904999999998882e-10	0.76142436	0.22455086	0.6042396	-1.0358722e-17	0	490.08258
1.891499999999888e-10	0.76120555	0.22386691	0.60476005	-1.0359491e-17	0	490.08258
1.8924999999998877e-10	0.7609874	0.22318254	0.6052785	-1.0360256e-17	0	490.08258
1.8934999999998875e-10	0.76076996	0.22249782	0.6057949	-1.0361019e-17	0	490.08258
1.8944999999998873e-10	0.7605531	0.22181268	0.6063093	-1.036178e-17	0	490.08258
1.895499999999887e-10	0.760337	0.22112721	0.60682166	-1.036254e-17	0	490.08258
1.896499999999887e-10	0.76012164	0.22044131	0.60733205	-1.0363297e-17	0	490.08258
1.8974999999998867e-10	0.75990695	0.21975507	0.60784036	-1.03640544e-17	0	490.08258
1.8984999999998865e-10	0.759693	0.21906844	0.60834664	-1.0364811e-17	0	490.08258
1.8994999999998863e-10	0.7594797	0.21838146	0.60885096	-1.0365561e-17	0	490.08258
1.900499999999886e-10	0.7592671	0.21769413	0.6093533	-1.03663135e-17	0	490.08258
1.9014999999998858e-10	0.7590554	0.21700642	0.6098535	-1.036706e-17	0	490.08258
1.9024999999998856e-10	0.7588442	0.21631834	0.61035174	-1.036781e-17	0	490.08258
1.9034999999998854e-10	0.7586338	0.21562994	0.61084795	-1.0368554e-17	0	490.08258
1.9044999999998852e-10	0.75842416	0.21494114	0.6113422	-1.0369299e-17	0	490.08258
1.905499999999885e-10	0.7582152	0.21425201	0.6118343	-1.0370043e-17	0	490.08258
1.9064999999998848e-10	0.75800693	0.21356255	0.6123244	-1.0370784e-17	0	490.08258
1.9074999999998846e-10	0.75779945	0.21287273	0.6128125	-1.0371524e-17	0	490.08258
1.9084999999998844e-10	0.75759274	0.21218258	0.61329854	-1.0372259e-17	0	490.08258
1.9094999999998842e-10	0.7573867	0.21149208	0.61378264	-1.0372994e-17	0	490.08258
1.910499999999884e-10	0.7571814	0.21080124	0.61426467	-1.03737275e-17	0	490.08258
1.9114999999998837e-10	0.756977	0.21011008	0.61474466	-1.0374462e-17	0	490.08258
1.9124999999998835e-10	0.7567732	0.2094186	0.6152226	-1.037519e-17	0	490.08258
1.9134999999998833e-10	0.7565703	0.20872676	0.6156986	-1.0375921e-17	0	490.08258
1.914499999999883e-10	0.756368	0.20803463	0.61617255	-1.0376646e-17	0	490.08258
1.915499999999883e-10	0.75616646	0.20734218	0.6166443	-1.0377374e-17	0	490.08258
1.9164999999998827e-10	0.75588906	0.20682487	0.61714864	-1.09124164e-17	0	482.43408
1.9174999999998825e-10	0.7556122	0.20630705	0.61765146	-1.0913022e-17	0	482.43408
1.9184999999998823e-10	0.7553358	0.20578878	0.6181527	-1.09136225e-17	0	482.43408
1.919499999999882e-10	0.7550602	0.20526999	0.61865234	-1.0914224e-17	0	482.43408
1.9204999999998819e-10	0.7547852	0.20475072	0.6191504	-1.0914827e-17	0	482.43408
1.9214999999998816e-10	0.75451076	0.20423096	0.6196469	-1.0915424e-17	0	482.43408
1.9224999999998814e-10	0.75423706	0.20371073	0.62014186	-1.09160205e-17	0	482.43408
1.9234999999998812e-10	0.7539639	0.20319003	0.6206353	-1.0916618e-17	0	482.43408
1.924499999999881e-10	0.7536913	0.20266883	0.6211271	-1.0917213e-17	0	482.43408
1.9254999999998808e-10	0.7534195	0.20214716	0.62161744	-1.0917806e-17	0	482.43408
1.9264999999998806e-10	0.75314826	0.201625	0.62210613	-1.0918398e-17	0	482.43408
1.9274999999998804e-10	0.7528777	0.20110238	0.6225933	-1.0918991e-17	0	482.43408
1.9284999999998802e-10	0.75260776	0.2005793	0.6230788	-1.0919579e-17	0	482.43408
1.92949999999988e-10	0.7523385	0.20005575	0.62356275	-1.0920166e-17	0	482.43408
1.9304999999998798e-10	0.75206983	0.19953172	0.62404525	-1.0920753e-17	0	482.43408
1.9314999999998795e-10	0.75180197	0.19900723	0.6245261	-1.0921341e-17	0	482.43408
1.9324999999998793e-10	0.75153464	0.19848228	0.62500536	-1.0921923e-17	0	482.43408
1.933499999999879e-10	0.751268	0.19795686	0.62548304	-1.09225056e-17	0	482.43408
1.934499999999879e-10	0.7510021	0.197431	0.62595916	-1.0923086e-17	0	482.43408
1.9354999999998787e-10	0.7507368	0.19690466	0.62643373	-1.09236694e-17	0	482.43408
1.9364999999998785e-10	0.7504722	0.19637789	0.62690675	-1.0924245e-17	0	482.43408
1.9374999999998783e-10	0.75020826	0.19585064	0.6273781	-1.0924822e-17	0	482.43408
1.938499999999878e-10	0.74994504	0.19532298	0.6278479	-1.0925397e-17	0	482.43408
1.9394999999998779e-10	0.74968255	0.19479483	0.6283161	-1.0925973e-17	0	482.43408
1.9404999999998776e-10	0.7494206	0.19426624	0.62878287	-1.0926547e-17	0	482.43408
1.9414999999998774e-10	0.74915946	0.19373722	0.6292479	-1.0927119e-17	0	482.43408
1.9424999999998772e-10	0.748899	0.19320776	0.6297114	-1.0927691e-17	0	482.43408
1.943499999999877e-10	0.74863917	0.19267789	0.6301733	-1.0928259e-17	0	482.43408
1.9444999999998768e-10	0.74838006	0.19214751	0.6306336	-1.0928828e-17	0	482.43408
1.9454999999998766e-10	0.7481218	0.19161674	0.63109237	-1.0929396e-17	0	482.43408
1.9464999999998764e-10	0.74786407	0.19108555	0.63154954	-1.0929959e-17	0	482.43408
1.9474999999998762e-10	0.7476072	0.19055392	0.63200504	-1.0930525e-17	0	482.43408
1.948499999999876e-10	0.74735093	0.19002187	0.63245904	-1.0931087e-17	0	482.43408
1.9494999999998758e-10	0.74709535	0.18948935	0.63291144	-1.0931647e-17	0	482.43408
1.9504999999998755e-10	0.7468406	0.18895644	0.63336223	-1.0932208e-17	0	482.43408
1.9514999999998753e-10	0.74658656	0.18842313	0.6338115	-1.0932764e-17	0	482.43408
1.952499999999875e-10	0.74633324	0.18788937	0.634259	-1.0933325e-17	0	482.43408
1.953499999999875e-10	0.74608064	0.18735518	0.63470507	-1.093388e-17	0	482.43408
1.9544999999998747e-10	0.7458288	0.1868206	0.6351495	-1.0934435e-17	0	482.43408
1.9554999999998745e-10	0.7455777	0.18628559	0.63559234	-1.09349886e-17	0	482.43408
1.9564999999998743e-10	0.7453272	0.18575019	0.6360336	-1.093554e-17	0	482.43408
1.957499999999874e-10	0.7450775	0.18521439	0.6364732	-1.093609e-17	0	482.43408
1.9584999999998739e-10	0.74482864	0.18467815	0.6369112	-1.0936643e-17	0	482.43408
1.9594999999998737e-10	0.7445805	0.18414152	0.6373477	-1.09371905e-17	0	482.43408
1.9604999999998734e-10	0.7443331	0.1836045	0.6377825	-1.0937738e-17	0	482.43408
1.9614999999998732e-10	0.7440864	0.18306708	0.6382157	-1.09382816e-17	0	482.43408
1.962499999999873e-10	0.7438406	0.18252927	0.63864744	-1.0938829e-17	0	482.43408
1.9634999999998728e-10	0.7435954	0.18199104	0.6390775	-1.09393685e-17	0	482.43408
1.9644999999998726e-10	0.7433511	0.18145244	0.6395059	-1.0939912e-17	0	482.43408
1.9654999999998724e-10	0.7431075	0.18091345	0.63993275	-1.0940453e-17	0	482.43408
1.9664999999998722e-10	0.7428647	0.1803741	0.640358	-1.0940991e-17	0	482.43408
1.967499999999872e-10	0.7426226	0.1798343	0.64078164	-1.094153e-17	0	482.43408
1.9684999999998718e-10	0.74238133	0.17929417	0.64120364	-1.0942065e-17	0	482.43408
1.9694999999998716e-10	0.74214077	0.17875364	0.6416241	-1.09426e-17	0	482.43408
1.9704999999998713e-10	0.74190104	0.17821275	0.6420429	-1.0943136e-17	0	482.43408
1.9714999999998711e-10	0.74166214	0.17767148	0.6424601	-1.09436665e-17	0	482.43408
1.972499999999871e-10	0.74142396	0.17712983	0.6428757	-1.09442e-17	0	482.43408
1.9734999999998707e-10	0.7411866	0.17658782	0.6432897	-1.094473e-17	0	482.43408
1.9744999999998705e-10	0.7409501	0.17604545	0.64370215	-1.094526e-17	0	482.43408
1.9754999999998703e-10	0.7407143	0.1755027	0.6441129	-1.0945787e-17	0	482.43408
1.97649999999987e-10	0.74047935	0.17495959	0.6445221	-1.0946312e-17	0	482.43408
1.9774999999998699e-10	0.74024516	0.17441614	0.6449296	-1.0946836e-17	0	482.43408
1.9784999999998697e-10	0.74001175	0.1738723	0.6453356	-1.094736e-17	0	482.43408
1.9794999999998694e-10	0.73977923	0.17332813	0.6457399	-1.0947882e-17	0	482.43408
1.9804999999998692e-10	0.7395475	0.17278361	0.6461427	-1.0948404e-17	0	482.43408
1.981499999999869e-10	0.73931646	0.17223874	0.64654374	-1.0948928e-17	0	482.43408
1.9824999999998688e-10	0.7390864	0.17169353	0.6469433	-1.09494435e-17	0	482.43408
1.9834999999998686e-10	0.7388571	0.17114796	0.6473412	-1.0949959e-17	0	482.43408
1.9844999999998684e-10	0.7386286	0.17060205	0.6477375	-1.0950474e-17	0	482.43408
1.9854999999998682e-10	0.73840094	0.17005582	0.64813215	-1.095099e-17	0	482.43408
1.986499999999868e-10	0.7381741	0.16950925	0.6485251	-1.0951504e-17	0	482.43408
1.9874999999998678e-10	0.73794806	0.16896233	0.6489166	-1.0952017e-17	0	482.43408
1.9884999999998676e-10	0.7377229	0.16841507	0.64930636	-1.09525306e-17	0	482.43408
1.9894999999998673e-10	0.7374985	0.16786751	0.64969456	-1.09530385e-17	0	482.43408
1.9904999999998671e-10	0.73727494	0.16731961	0.65008116	-1.0953546e-17	0	482.43408
1.991499999999867e-10	0.7370523	0.16677141	0.65046614	-1.0954054e-17	0	482.43408
1.9924999999998667e-10	0.7368305	0.16622289	0.6508495	-1.0954558e-17	0	482.43408
1.9934999999998665e-10	0.73660946	0.16567402	0.65123117	-1.0955064e-17	0	482.43408
1.9944999999998663e-10	0.73638934	0.16512488	0.6516113	-1.095557e-17	0	482.43408
1.995499999999866e-10	0.73617005	0.16457538	0.6519898	-1.0956071e-17	0	482.43408
1.996499999999866e-10	0.73595154	0.16402562	0.6523667	-1.0956572e-17	0	482.43408
1.9974999999998657e-10	0.735734	0.16347553	0.6527419	-1.0957072e-17	0	482.43408
1.9984999999998655e-10	0.73551726	0.16292512	0.6531155	-1.0957572e-17	0	482.43408
1.9994999999998652e-10	0.73530143	0.16237444	0.6534875	-1.09580685e-17	0	482.43408
2.000499999999865e-10	0.7350864	0.16182344	0.6538579	-1.0958565e-17	0	482.43408
2.0014999999998648e-10	0.7348722	0.16127215	0.6542267	-1.0959057e-17	0	482.43408
2.0024999999998646e-10	0.73465896	0.16072057	0.65459377	-1.09595525e-17	0	482.43408
2.0034999999998644e-10	0.73444647	0.1601687	0.6549594	-1.09600455e-17	0	482.43408
2.0044999999998642e-10	0.7342349	0.15961654	0.6553232	-1.0960537e-17	0	482.43408
2.005499999999864e-10	0.7340243	0.15906411	0.6556854	-1.0961026e-17	0	482.43408
2.0064999999998638e-10	0.7338145	0.1585114	0.6560461	-1.09615146e-17	0	482.43408
2.0074999999998636e-10	0.7336056	0.15795839	0.65640515	-1.0962e-17	0	482.43408
2.0084999999998634e-10	0.73339754	0.15740514	0.6567625	-1.0962489e-17	0	482.43408
2.0094999999998631e-10	0.7331904	0.15685157	0.6571183	-1.0962972e-17	0	482.43408
2.010499999999863e-10	0.73298407	0.15629777	0.6574725	-1.0963461e-17	0	482.43408
2.0114999999998627e-10	0.7327787	0.15574369	0.657825	-1.09639415e-17	0	482.43408
2.0124999999998625e-10	0.7325742	0.15518934	0.6581758	-1.0964421e-17	0	482.43408
2.0134999999998623e-10	0.73237056	0.15463473	0.6585251	-1.0964901e-17	0	482.43408
2.014499999999862e-10	0.73216796	0.15407987	0.65887284	-1.0965381e-17	0	482.43408
2.015499999999862e-10	0.7319661	0.15352474	0.6592188	-1.0965859e-17	0	482.43408
2.0164999999998617e-10	0.7317313	0.15305902	0.6595796	-1.1544898e-17	0	475.09332
2.0174999999998615e-10	0.7314633	0.15268248	0.6599555	-1.15452774e-17	0	475.09332
2.0184999999998612e-10	0.7311961	0.15230548	0.6603302	-1.1545655e-17	0	475.09332
2.019499999999861e-10	0.7309295	0.15192801	0.6607038	-1.15460335e-17	0	475.09332
2.0204999999998608e-10	0.7306636	0.15155001	0.6610762	-1.1546408e-17	0	475.09332
2.0214999999998606e-10	0.7303983	0.15117157	0.6614474	-1.1546784e-17	0	475.09332
2.0224999999998604e-10	0.73013383	0.15079263	0.66181755	-1.1547158e-17	0	475.09332
2.0234999999998602e-10	0.7298699	0.15041322	0.66218644	-1.15475315e-17	0	475.09332
2.02449999999986e-10	0.72960675	0.15003331	0.66255426	-1.1547905e-17	0	475.09332
2.0254999999998598e-10	0.7293442	0.14965294	0.6629208	-1.1548276e-17	0	475.09332
2.0264999999998596e-10	0.72908247	0.14927211	0.6632863	-1.1548647e-17	0	475.09332
2.0274999999998594e-10	0.7288214	0.14889081	0.66365063	-1.1549018e-17	0	475.09332
2.0284999999998591e-10	0.728561	0.14850906	0.6640138	-1.1549386e-17	0	475.09332
2.029499999999859e-10	0.7283013	0.14812681	0.6643757	-1.1549757e-17	0	475.09332
2.0304999999998587e-10	0.72804236	0.14774412	0.6647365	-1.1550122e-17	0	475.09332
2.0314999999998585e-10	0.7277839	0.14736097	0.66509616	-1.1550489e-17	0	475.09332
2.0324999999998583e-10	0.7275264	0.14697735	0.6654547	-1.1550856e-17	0	475.09332
2.033499999999858e-10	0.7272696	0.14659327	0.66581196	-1.1551221e-17	0	475.09332
2.034499999999858e-10	0.7270134	0.14620873	0.6661681	-1.1551584e-17	0	475.09332
2.0354999999998577e-10	0.726758	0.14582375	0.66652304	-1.1551945e-17	0	475.09332
2.0364999999998575e-10	0.72650325	0.14543833	0.66687685	-1.1552311e-17	0	475.09332
2.0374999999998573e-10	0.7262492	0.14505243	0.66722953	-1.1552672e-17	0	475.09332
2.038499999999857e-10	0.72599596	0.14466612	0.66758096	-1.155303e-17	0	475.09332
2.0394999999998568e-10	0.7257434	0.14427933	0.6679313	-1.15533904e-17	0	475.09332
2.0404999999998566e-10	0.72549164	0.14389212	0.66828036	-1.1553747e-17	0	475.09332
2.0414999999998564e-10	0.7252406	0.14350449	0.6686284	-1.1554108e-17	0	475.09332
2.0424999999998562e-10	0.72499025	0.14311638	0.66897506	-1.1554465e-17	0	475.09332
2.043499999999856e-10	0.72474056	0.14272785	0.66932064	-1.1554821e-17	0	475.09332
2.0444999999998558e-10	0.7244917	0.14233889	0.6696651	-1.1555172e-17	0	475.09332
2.0454999999998556e-10	0.7242435	0.1419495	0.6700083	-1.155553e-17	0	475.09332
2.0464999999998554e-10	0.7239962	0.14155969	0.6703504	-1.1555881e-17	0	475.09332
2.0474999999998552e-10	0.7237496	0.14116944	0.67069125	-1.1556237e-17	0	475.09332
2.048499999999855e-10	0.72350365	0.14077878	0.6710309	-1.1556587e-17	0	475.09332
2.0494999999998547e-10	0.7232585	0.14038767	0.6713693	-1.1556938e-17	0	475.09332
2.0504999999998545e-10	0.7230142	0.13999617	0.67170674	-1.1557289e-17	0	475.09332
2.0514999999998543e-10	0.7227705	0.13960423	0.67204285	-1.1557638e-17	0	475.09332
2.052499999999854e-10	0.7225276	0.1392119	0.6723778	-1.15579854e-17	0	475.09332
2.053499999999854e-10	0.72228545	0.13881911	0.67271155	-1.1558332e-17	0	475.09332
2.0544999999998537e-10	0.7220441	0.13842596	0.67304415	-1.1558681e-17	0	475.09332
2.0554999999998535e-10	0.72180355	0.13803236	0.6733755	-1.1559026e-17	0	475.09332
2.0564999999998533e-10	0.72156364	0.13763838	0.6737058	-1.1559371e-17	0	475.09332
2.057499999999853e-10	0.7213247	0.13724399	0.6740347	-1.15597126e-17	0	475.09332
2.0584999999998528e-10	0.7210863	0.1368492	0.67436254	-1.1560057e-17	0	475.09332
2.0594999999998526e-10	0.7208488	0.136454	0.6746892	-1.15604e-17	0	475.09332
2.0604999999998524e-10	0.7206121	0.1360584	0.6750147	-1.1560741e-17	0	475.09332
2.0614999999998522e-10	0.72037613	0.13566244	0.67533886	-1.15610774e-17	0	475.09332
2.062499999999852e-10	0.72014093	0.13526604	0.675662	-1.1561422e-17	0	475.09332
2.0634999999998518e-10	0.71990645	0.13486928	0.67598385	-1.1561762e-17	0	475.09332
2.0644999999998516e-10	0.7196729	0.13447212	0.6763045	-1.1562098e-17	0	475.09332
2.0654999999998514e-10	0.71944004	0.13407458	0.67662394	-1.1562434e-17	0	475.09332
2.0664999999998512e-10	0.719208	0.13367665	0.6769422	-1.156277e-17	0	475.09332
2.067499999999851e-10	0.7189768	0.13327834	0.67725927	-1.1563105e-17	0	475.09332
2.0684999999998507e-10	0.7187463	0.13287966	0.6775751	-1.1563441e-17	0	475.09332
2.0694999999998505e-10	0.7185166	0.13248059	0.6778899	-1.1563775e-17	0	475.09332
2.0704999999998503e-10	0.7182877	0.13208115	0.67820334	-1.1564111e-17	0	475.09332
2.07149999999985e-10	0.71805966	0.13168135	0.6785156	-1.1564439e-17	0	475.09332
2.07249999999985e-10	0.71783245	0.13128117	0.67882675	-1.1564772e-17	0	475.09332
2.0734999999998497e-10	0.71760595	0.13088062	0.67913663	-1.1565102e-17	0	475.09332
2.0744999999998495e-10	0.7173802	0.13047971	0.6794454	-1.1565429e-17	0	475.09332
2.0754999999998493e-10	0.7171555	0.13007845	0.67975277	-1.1565758e-17	0	475.09332
2.076499999999849e-10	0.7169314	0.12967682	0.6800591	-1.1566089e-17	0	475.09332
2.0774999999998488e-10	0.7167082	0.12927483	0.68036425	-1.1566414e-17	0	475.09332
2.0784999999998486e-10	0.7164858	0.1288725	0.68066806	-1.1566739e-17	0	475.09332
2.0794999999998484e-10	0.7162641	0.12846981	0.68097067	-1.1567065e-17	0	475.09332
2.0804999999998482e-10	0.71604335	0.12806678	0.68127215	-1.1567391e-17	0	475.09332
2.081499999999848e-10	0.7158235	0.12766337	0.68157244	-1.1567713e-17	0	475.09332
2.0824999999998478e-10	0.71560425	0.12725967	0.6818715	-1.1568036e-17	0	475.09332
2.0834999999998476e-10	0.7153859	0.1268556	0.6821693	-1.1568357e-17	0	475.09332
2.0844999999998474e-10	0.71516836	0.12645116	0.682466	-1.15686776e-17	0	475.09332
2.0854999999998472e-10	0.71495175	0.12604643	0.68276143	-1.1568997e-17	0	475.09332
2.086499999999847e-10	0.71473587	0.12564135	0.6830557	-1.15693145e-17	0	475.09332
2.0874999999998467e-10	0.7145208	0.12523593	0.6833486	-1.1569636e-17	0	475.09332
2.0884999999998465e-10	0.71430665	0.124830194	0.6836404	-1.15699556e-17	0	475.09332
2.0894999999998463e-10	0.71409327	0.12442412	0.6839312	-1.1570274e-17	0	475.09332
2.090499999999846e-10	0.7138808	0.12401773	0.68422043	-1.1570588e-17	0	475.09332
2.091499999999846e-10	0.7136691	0.123611	0.6845086	-1.1570902e-17	0	475.09332
2.0924999999998457e-10	0.71345824	0.12320398	0.68479556	-1.1571216e-17	0	475.09332
2.0934999999998455e-10	0.71324825	0.12279663	0.68508136	-1.157153e-17	0	475.09332
2.0944999999998453e-10	0.7130391	0.122388974	0.6853658	-1.1571845e-17	0	475.09332
2.095499999999845e-10	0.7128308	0.121980995	0.6856492	-1.1572157e-17	0	475.09332
2.0964999999998449e-10	0.71262336	0.12157271	0.6859314	-1.1572466e-17	0	475.09332
2.0974999999998446e-10	0.7124167	0.12116413	0.6862122	-1.1572778e-17	0	475.09332
2.0984999999998444e-10	0.712211	0.12075524	0.68649197	-1.1573085e-17	0	475.09332
2.0994999999998442e-10	0.71200603	0.12034605	0.6867704	-1.1573395e-17	0	475.09332
2.100499999999844e-10	0.711802	0.11993656	0.6870476	-1.1573701e-17	0	475.09332
2.1014999999998438e-10	0.71159875	0.11952677	0.68732363	-1.1574009e-17	0	475.09332
2.1024999999998436e-10	0.71139646	0.1191167	0.6875985	-1.15743164e-17	0	475.09332
2.1034999999998434e-10	0.71119505	0.11870634	0.6878722	-1.157462e-17	0	475.09332
2.1044999999998432e-10	0.71099436	0.118295684	0.6881445	-1.1574927e-17	0	475.09332
2.105499999999843e-10	0.7107947	0.11788475	0.68841565	-1.1575228e-17	0	475.09332
2.1064999999998427e-10	0.7105958	0.11747353	0.68868566	-1.1575534e-17	0	475.09332
2.1074999999998425e-10	0.7103977	0.11706202	0.6889544	-1.1575835e-17	0	475.09332
2.1084999999998423e-10	0.7102005	0.116650246	0.68922186	-1.1576136e-17	0	475.09332
2.109499999999842e-10	0.71000427	0.11623821	0.68948823	-1.15764365e-17	0	475.09332
2.110499999999842e-10	0.7098088	0.11582588	0.6897533	-1.1576735e-17	0	475.09332
2.1114999999998417e-10	0.7096143	0.1154133	0.6900172	-1.15770346e-17	0	475.09332
2.1124999999998415e-10	0.7094207	0.115000434	0.69027984	-1.1577333e-17	0	475.09332
2.1134999999998413e-10	0.70922786	0.11458732	0.69054127	-1.1577633e-17	0	475.09332
2.114499999999841e-10	0.70903593	0.11417395	0.6908015	-1.15779296e-17	0	475.09332
2.1154999999998409e-10	0.7088449	0.11376031	0.6910605	-1.1578223e-17	0	475.09332
2.1164999999998406e-10	0.70865476	0.11334643	0.6913183	-1.1578518e-17	0	475.09332
2.1174999999998404e-10	0.7084059	0.11311132	0.6916058	-1.2190354e-17	0	468.04797
2.1184999999998402e-10	0.70815766	0.1128757	0.6918927	-1.21905825e-17	0	468.04797
2.11949999999984e-10	0.70791	0.11263955	0.6921788	-1.2190808e-17	0	468.04797
2.1204999999998398e-10	0.70766294	0.112402864	0.6924641	-1.2191035e-17	0	468.04797
2.1214999999998396e-10	0.7074164	0.11216567	0.69274867	-1.2191262e-17	0	468.04797
2.1224999999998394e-10	0.7071705	0.11192797	0.6930325	-1.219149e-17	0	468.04797
2.1234999999998392e-10	0.70692515	0.11168975	0.6933156	-1.2191717e-17	0	468.04797
2.124499999999839e-10	0.7066804	0.111451015	0.69359785	-1.21919424e-17	0	468.04797
2.1254999999998388e-10	0.70643616	0.11121176	0.6938795	-1.2192168e-17	0	468.04797
2.1264999999998385e-10	0.7061926	0.110971995	0.6941602	-1.2192392e-17	0	468.04797
2.1274999999998383e-10	0.7059496	0.11073173	0.69444025	-1.2192614e-17	0	468.04797
2.128499999999838e-10	0.7057071	0.110490955	0.69471955	-1.2192836e-17	0	468.04797
2.129499999999838e-10	0.7054653	0.110249676	0.694998	-1.2193062e-17	0	468.04797
2.1304999999998377e-10	0.70522416	0.1100079	0.6952758	-1.2193285e-17	0	468.04797
2.1314999999998375e-10	0.7049834	0.109765604	0.6955527	-1.2193504e-17	0	468.04797
2.1324999999998373e-10	0.7047434	0.109522834	0.6958289	-1.21937275e-17	0	468.04797
2.133499999999837e-10	0.70450395	0.10927955	0.6961043	-1.2193947e-17	0	468.04797
2.1344999999998369e-10	0.704265	0.109035775	0.69637895	-1.2194166e-17	0	468.04797
2.1354999999998367e-10	0.7040268	0.108791515	0.6966529	-1.2194387e-17	0	468.04797
2.1364999999998364e-10	0.70378923	0.10854675	0.69692606	-1.2194607e-17	0	468.04797
2.1374999999998362e-10	0.70355225	0.1083015	0.6971984	-1.2194824e-17	0	468.04797
2.138499999999836e-10	0.70331585	0.10805577	0.69746995	-1.2195043e-17	0	468.04797
2.1394999999998358e-10	0.70308	0.10780955	0.69774073	-1.21952636e-17	0	468.04797
2.1404999999998356e-10	0.7028448	0.10756285	0.6980108	-1.2195479e-17	0	468.04797
2.1414999999998354e-10	0.70261014	0.107315674	0.69828004	-1.2195695e-17	0	468.04797
2.1424999999998352e-10	0.7023763	0.107068	0.6985485	-1.2195911e-17	0	468.04797
2.143499999999835e-10	0.7021429	0.10681987	0.6988162	-1.2196126e-17	0	468.04797
2.1444999999998348e-10	0.7019102	0.10657125	0.6990831	-1.2196338e-17	0	468.04797
2.1454999999998345e-10	0.7016781	0.10632217	0.69934916	-1.2196557e-17	0	468.04797
2.1464999999998343e-10	0.70144665	0.10607262	0.6996145	-1.21967715e-17	0	468.04797
2.147499999999834e-10	0.7012158	0.105822586	0.69987905	-1.2196984e-17	0	468.04797
2.148499999999834e-10	0.70098567	0.10557209	0.70014286	-1.2197195e-17	0	468.04797
2.1494999999998337e-10	0.70075613	0.10532114	0.70040584	-1.2197412e-17	0	468.04797
2.1504999999998335e-10	0.7005271	0.10506972	0.7006681	-1.2197619e-17	0	468.04797
2.1514999999998333e-10	0.7002988	0.10481783	0.70092946	-1.2197831e-17	0	468.04797
2.152499999999833e-10	0.7000711	0.10456549	0.7011901	-1.2198042e-17	0	468.04797
2.1534999999998329e-10	0.69984406	0.10431269	0.7014499	-1.21982555e-17	0	468.04797
2.1544999999998327e-10	0.6996178	0.10405944	0.7017089	-1.2198463e-17	0	468.04797
2.1554999999998324e-10	0.699392	0.10380573	0.70196724	-1.2198676e-17	0	468.04797
2.1564999999998322e-10	0.6991669	0.10355158	0.70222473	-1.21988825e-17	0	468.04797
2.157499999999832e-10	0.6989425	0.10329697	0.7024814	-1.2199093e-17	0	468.04797
2.1584999999998318e-10	0.6987186	0.10304193	0.7027373	-1.21993e-17	0	468.04797
2.1594999999998316e-10	0.6984955	0.102786444	0.7029923	-1.2199506e-17	0	468.04797
2.1604999999998314e-10	0.698273	0.1025305	0.70324665	-1.2199713e-17	0	468.04797
2.1614999999998312e-10	0.6980511	0.10227413	0.70350015	-1.219992e-17	0	468.04797
2.162499999999831e-10	0.6978299	0.10201731	0.70375276	-1.2200123e-17	0	468.04797
2.1634999999998308e-10	0.69760936	0.10176006	0.70400476	-1.2200329e-17	0	468.04797
2.1644999999998306e-10	0.6973895	0.10150239	0.7042557	-1.2200536e-17	0	468.04797
2.1654999999998303e-10	0.69717026	0.10124428	0.704506	-1.22007395e-17	0	468.04797
2.1664999999998301e-10	0.6969516	0.10098572	0.70475554	-1.2200943e-17	0	468.04797
2.16749999999983e-10	0.69673383	0.10072676	0.70500416	-1.2201146e-17	0	468.04797
2.1684999999998297e-10	0.6965166	0.10046737	0.70525205	-1.22013475e-17	0	468.04797
2.1694999999998295e-10	0.6963	0.10020755	0.7054991	-1.2201551e-17	0	468.04797
2.1704999999998293e-10	0.69608414	0.099947326	0.70574546	-1.2201754e-17	0	468.04797
2.171499999999829e-10	0.6958689	0.09968666	0.7059909	-1.2201955e-17	0	468.04797
2.172499999999829e-10	0.69565433	0.0994256	0.7062355	-1.2202157e-17	0	468.04797
2.1734999999998287e-10	0.6954404	0.09916412	0.7064793	-1.2202354e-17	0	468.04797
2.1744999999998285e-10	0.69522727	0.098902225	0.7067224	-1.2202554e-17	0	468.04797
2.1754999999998282e-10	0.6950147	0.09863991	0.7069647	-1.2202753e-17	0	468.04797
2.176499999999828e-10	0.6948028	0.0983772	0.707206	-1.2202953e-17	0	468.04797
2.1774999999998278e-10	0.69459164	0.09811409	0.70744663	-1.2203148e-17	0	468.04797
2.1784999999998276e-10	0.6943812	0.09785056	0.7076864	-1.2203349e-17	0	468.04797
2.1794999999998274e-10	0.69417137	0.097586654	0.70792544	-1.2203548e-17	0	468.04797
2.1804999999998272e-10	0.6939623	0.09732233	0.7081635	-1.220374e-17	0	468.04797
2.181499999999827e-10	0.69375384	0.097057626	0.70840096	-1.2203938e-17	0	468.04797
2.1824999999998268e-10	0.6935461	0.09679252	0.7086374	-1.2204134e-17	0	468.04797
2.1834999999998266e-10	0.69333905	0.09652701	0.7088732	-1.2204327e-17	0	468.04797
2.1844999999998263e-10	0.69313264	0.09626112	0.709108	-1.2204522e-17	0	468.04797
2.1854999999998261e-10	0.692927	0.095994845	0.7093421	-1.2204717e-17	0	468.04797
2.186499999999826e-10	0.692722	0.095728196	0.7095754	-1.2204909e-17	0	468.04797
2.1874999999998257e-10	0.69251776	0.09546115	0.7098079	-1.22051045e-17	0	468.04797
2.1884999999998255e-10	0.6923141	0.095193736	0.7100395	-1.22052964e-17	0	468.04797
2.1894999999998253e-10	0.69211125	0.09492593	0.7102702	-1.220549e-17	0	468.04797
2.190499999999825e-10	0.691909	0.09465776	0.71050024	-1.2205681e-17	0	468.04797
2.191499999999825e-10	0.6917076	0.094389215	0.7107294	-1.2205874e-17	0	468.04797
2.1924999999998247e-10	0.6915068	0.0941203	0.71095777	-1.2206062e-17	0	468.04797
2.1934999999998245e-10	0.69130665	0.09385102	0.71118534	-1.22062535e-17	0	468.04797
2.1944999999998242e-10	0.6911074	0.09358136	0.71141195	-1.2206441e-17	0	468.04797
2.195499999999824e-10	0.6909087	0.09331135	0.71163785	-1.220663e-17	0	468.04797
2.1964999999998238e-10	0.6907107	0.09304097	0.7118629	-1.2206818e-17	0	468.04797
2.1974999999998236e-10	0.6905135	0.09277025	0.7120871	-1.2207006e-17	0	468.04797
2.1984999999998234e-10	0.6903169	0.09249915	0.7123105	-1.2207194e-17	0	468.04797
2.1994999999998232e-10	0.6901211	0.092227705	0.71253306	-1.2207382e-17	0	468.04797
2.200499999999823e-10	0.68992597	0.09195591	0.7127547	-1.2207565e-17	0	468.04797
2.2014999999998228e-10	0.6897316	0.09168376	0.71297574	-1.22077515e-17	0	468.04797
2.2024999999998226e-10	0.6895379	0.09141126	0.7131958	-1.22079385e-17	0	468.04797
2.2034999999998224e-10	0.689345	0.09113843	0.713415	-1.2208126e-17	0	468.04797
2.2044999999998221e-10	0.6891527	0.09086525	0.7136334	-1.2208309e-17	0	468.04797
2.205499999999822e-10	0.68896127	0.090591736	0.713851	-1.2208495e-17	0	468.04797
2.2064999999998217e-10	0.6887704	0.090317875	0.71406776	-1.2208678e-17	0	468.04797
2.2074999999998215e-10	0.68858033	0.09004367	0.7142837	-1.220886e-17	0	468.04797
2.2084999999998213e-10	0.688391	0.089769155	0.71449876	-1.2209044e-17	0	468.04797
2.209499999999821e-10	0.6882024	0.089494295	0.7147131	-1.22092255e-17	0	468.04797
2.210499999999821e-10	0.68801445	0.08921911	0.7149265	-1.2209405e-17	0	468.04797
2.2114999999998207e-10	0.6878272	0.0889436	0.71513903	-1.2209585e-17	0	468.04797
2.2124999999998205e-10	0.68764085	0.088667765	0.7153508	-1.2209769e-17	0	468.04797
2.2134999999998203e-10	0.6874552	0.08839161	0.71556175	-1.2209948e-17	0	468.04797
2.21449999999982e-10	0.6872702	0.08811514	0.7157718	-1.2210128e-17	0	468.04797
2.2154999999998198e-10	0.687086	0.08783836	0.715981	-1.2210305e-17	0	468.04797
2.2164999999998196e-10	0.6869025	0.08756125	0.71618944	-1.2210485e-17	0	468.04797
2.2174999999998194e-10	0.6866931	0.08737204	0.71641153	-1.28466e-17	0	461.2861
2.2184999999998192e-10	0.68645763	0.08727053	0.7166478	-1.28467485e-17	0	461.2861
2.219499999999819e-10	0.6862224	0.08716841	0.7168835	-1.28469e-17	0	461.2861
2.2204999999998188e-10	0.68598753	0.087065674	0.717119	-1.284705e-17	0	461.2861
2.2214999999998186e-10	0.685753	0.08696235	0.717354	-1.28471985e-17	0	461.2861
2.2224999999998184e-10	0.68551886	0.086858414	0.7175886	-1.28473515e-17	0	461.2861
2.2234999999998181e-10	0.685285	0.08675388	0.717823	-1.2847496e-17	0	461.2861
2.224499999999818e-10	0.6850515	0.08664876	0.7180568	-1.2847647e-17	0	461.2861
2.2254999999998177e-10	0.6848184	0.08654303	0.7182903	-1.2847795e-17	0	461.2861
2.2264999999998175e-10	0.68458563	0.08643672	0.7185234	-1.28479455e-17	0	461.2861
2.2274999999998173e-10	0.6843532	0.0863298	0.7187562	-1.2848092e-17	0	461.2861
2.228499999999817e-10	0.6841212	0.08622229	0.7189884	-1.2848239e-17	0	461.2861
2.229499999999817e-10	0.6838895	0.0861142	0.7192204	-1.284839e-17	0	461.2861
2.2304999999998167e-10	0.6836582	0.086005524	0.7194519	-1.2848534e-17	0	461.2861
2.2314999999998165e-10	0.6834272	0.085896246	0.71968305	-1.2848686e-17	0	461.2861
2.2324999999998163e-10	0.6831966	0.08578639	0.71991384	-1.28488305e-17	0	461.2861
2.233499999999816e-10	0.68296635	0.085675955	0.7201441	-1.2848976e-17	0	461.2861
2.2344999999998158e-10	0.6827366	0.08556492	0.72037405	-1.2849124e-17	0	461.2861
2.2354999999998156e-10	0.6825071	0.08545332	0.7206036	-1.2849268e-17	0	461.2861
2.2364999999998154e-10	0.682278	0.085341126	0.7208327	-1.28494145e-17	0	461.2861
2.2374999999998152e-10	0.6820493	0.085228354	0.72106135	-1.2849558e-17	0	461.2861
2.238499999999815e-10	0.68182087	0.085115016	0.7212897	-1.2849706e-17	0	461.2861
2.2394999999998148e-10	0.681593	0.08500109	0.7215176	-1.2849851e-17	0	461.2861
2.2404999999998146e-10	0.6813654	0.0848866	0.72174513	-1.28499936e-17	0	461.2861
2.2414999999998144e-10	0.6811381	0.08477154	0.72197217	-1.2850142e-17	0	461.2861
2.2424999999998142e-10	0.6809113	0.084655896	0.7221988	-1.28502856e-17	0	461.2861
2.243499999999814e-10	0.6806849	0.084539704	0.7224251	-1.2850427e-17	0	461.2861
2.2444999999998137e-10	0.6804588	0.084422916	0.72265095	-1.285057e-17	0	461.2861
2.2454999999998135e-10	0.6802332	0.084305584	0.7228763	-1.2850713e-17	0	461.2861
2.2464999999998133e-10	0.68000793	0.08418768	0.72310126	-1.28508604e-17	0	461.2861
2.247499999999813e-10	0.67978305	0.084069215	0.7233259	-1.2851003e-17	0	461.2861
2.248499999999813e-10	0.67955863	0.08395018	0.7235501	-1.2851145e-17	0	461.2861
2.2494999999998127e-10	0.6793345	0.083830595	0.7237738	-1.285129e-17	0	461.2861
2.2504999999998125e-10	0.6791109	0.08371044	0.723997	-1.2851432e-17	0	461.2861
2.2514999999998123e-10	0.6788876	0.08358974	0.72422	-1.2851569e-17	0	461.2861
2.252499999999812e-10	0.6786648	0.08346848	0.7244425	-1.2851713e-17	0	461.2861
2.2534999999998118e-10	0.67844236	0.083346665	0.72466445	-1.2851856e-17	0	461.2861
2.2544999999998116e-10	0.67822033	0.0832243	0.724886	-1.2851994e-17	0	461.2861
2.2554999999998114e-10	0.67799866	0.083101384	0.7251072	-1.2852137e-17	0	461.2861
2.2564999999998112e-10	0.6777774	0.08297791	0.7253279	-1.28522766e-17	0	461.2861
2.257499999999811e-10	0.67755663	0.08285391	0.72554815	-1.2852417e-17	0	461.2861
2.2584999999998108e-10	0.6773363	0.082729355	0.7257681	-1.2852555e-17	0	461.2861
2.2594999999998106e-10	0.6771163	0.08260425	0.72598755	-1.2852697e-17	0	461.2861
2.2604999999998104e-10	0.6768967	0.082478605	0.7262064	-1.2852835e-17	0	461.2861
2.2614999999998102e-10	0.6766776	0.08235242	0.72642505	-1.2852972e-17	0	461.2861
2.26249999999981e-10	0.67645884	0.0822257	0.72664315	-1.2853114e-17	0	461.2861
2.2634999999998097e-10	0.67624056	0.08209844	0.7268608	-1.2853251e-17	0	461.2861
2.2644999999998095e-10	0.67602265	0.081970654	0.72707796	-1.28533924e-17	0	461.2861
2.2654999999998093e-10	0.6758052	0.08184232	0.7272948	-1.2853528e-17	0	461.2861
2.266499999999809e-10	0.6755882	0.08171346	0.72751117	-1.2853668e-17	0	461.2861
2.267499999999809e-10	0.67537165	0.081584066	0.72772706	-1.28538036e-17	0	461.2861
2.2684999999998087e-10	0.6751555	0.08145414	0.72794247	-1.2853939e-17	0	461.2861
2.2694999999998085e-10	0.6749398	0.0813237	0.7281574	-1.285408e-17	0	461.2861
2.2704999999998083e-10	0.6747245	0.081192724	0.728372	-1.2854214e-17	0	461.2861
2.271499999999808e-10	0.6745097	0.08106122	0.7285861	-1.28543495e-17	0	461.2861
2.2724999999998078e-10	0.6742953	0.0809292	0.7287997	-1.2854488e-17	0	461.2861
2.2734999999998076e-10	0.67408144	0.08079667	0.72901285	-1.2854621e-17	0	461.2861
2.2744999999998074e-10	0.6738679	0.080663614	0.7292256	-1.2854757e-17	0	461.2861
2.2754999999998072e-10	0.6736548	0.08053004	0.7294378	-1.2854892e-17	0	461.2861
2.276499999999807e-10	0.67344224	0.08039594	0.72964966	-1.2855029e-17	0	461.2861
2.2774999999998068e-10	0.67322993	0.080261335	0.729861	-1.2855163e-17	0	461.2861
2.2784999999998066e-10	0.6730183	0.080126226	0.7300719	-1.2855299e-17	0	461.2861
2.2794999999998064e-10	0.672807	0.079990596	0.7302823	-1.285543e-17	0	461.2861
2.2804999999998062e-10	0.6725962	0.07985447	0.73049223	-1.28555655e-17	0	461.2861
2.281499999999806e-10	0.6723858	0.07971784	0.73070174	-1.2855699e-17	0	461.2861
2.2824999999998057e-10	0.6721759	0.079580694	0.7309107	-1.2855832e-17	0	461.2861
2.2834999999998055e-10	0.6719664	0.07944304	0.73111933	-1.2855964e-17	0	461.2861
2.2844999999998053e-10	0.67175746	0.07930489	0.7313274	-1.2856098e-17	0	461.2861
2.285499999999805e-10	0.67154884	0.079166256	0.731535	-1.285623e-17	0	461.2861
2.286499999999805e-10	0.6713408	0.07902711	0.73174214	-1.2856364e-17	0	461.2861
2.2874999999998047e-10	0.6711333	0.07888746	0.7319488	-1.2856496e-17	0	461.2861
2.2884999999998045e-10	0.67092603	0.07874733	0.7321551	-1.28566276e-17	0	461.2861
2.2894999999998043e-10	0.6707193	0.07860672	0.73236084	-1.2856758e-17	0	461.2861
2.290499999999804e-10	0.67051315	0.078465596	0.732566	-1.2856888e-17	0	461.2861
2.2914999999998039e-10	0.67030746	0.078324	0.7327709	-1.2857021e-17	0	461.2861
2.2924999999998036e-10	0.6701021	0.07818189	0.7329752	-1.285715e-17	0	461.2861
2.2934999999998034e-10	0.6698974	0.07803933	0.733179	-1.2857282e-17	0	461.2861
2.2944999999998032e-10	0.6696931	0.07789627	0.7333822	-1.2857409e-17	0	461.2861
2.295499999999803e-10	0.66948926	0.07775273	0.7335851	-1.285754e-17	0	461.2861
2.2964999999998028e-10	0.6692858	0.07760871	0.73378754	-1.2857672e-17	0	461.2861
2.2974999999998026e-10	0.66908294	0.077464215	0.7339895	-1.28578005e-17	0	461.2861
2.2984999999998024e-10	0.6688806	0.07731924	0.73419094	-1.2857926e-17	0	461.2861
2.2994999999998022e-10	0.66867864	0.07717381	0.73439187	-1.2858055e-17	0	461.2861
2.300499999999802e-10	0.6684772	0.07702789	0.73459226	-1.2858186e-17	0	461.2861
2.3014999999998017e-10	0.66827625	0.07688149	0.7347923	-1.2858312e-17	0	461.2861
2.3024999999998015e-10	0.66807574	0.07673465	0.73499167	-1.2858442e-17	0	461.2861
2.3034999999998013e-10	0.66787577	0.076587334	0.7351907	-1.2858567e-17	0	461.2861
2.304499999999801e-10	0.6676763	0.07643953	0.7353892	-1.2858695e-17	0	461.2861
2.305499999999801e-10	0.6674773	0.07629129	0.7355872	-1.2858821e-17	0	461.2861
2.3064999999998007e-10	0.6672788	0.07614258	0.7357847	-1.2858948e-17	0	461.2861
2.3074999999998005e-10	0.6670809	0.07599341	0.7359817	-1.2859077e-17	0	461.2861
2.3084999999998003e-10	0.66688323	0.07584379	0.7361783	-1.2859201e-17	0	461.2861
2.3094999999998e-10	0.66668624	0.075693704	0.73637426	-1.2859328e-17	0	461.2861
2.3104999999997999e-10	0.6664898	0.07554318	0.7365699	-1.2859453e-17	0	461.2861
2.3114999999997996e-10	0.6662937	0.075392194	0.73676485	-1.28595765e-17	0	461.2861
2.3124999999997994e-10	0.6660982	0.07524076	0.7369594	-1.2859702e-17	0	461.2861
2.3134999999997992e-10	0.6659032	0.07508888	0.7371534	-1.2859828e-17	0	461.2861
2.314499999999799e-10	0.66570866	0.074936554	0.73734695	-1.2859951e-17	0	461.2861
2.3154999999997988e-10	0.66551465	0.07478379	0.73753995	-1.2860079e-17	0	461.2861
2.3164999999997986e-10	0.6653212	0.07463058	0.7377325	-1.2860203e-17	0	461.2861
2.3174999999997984e-10	0.6651282	0.07447693	0.7379246	-1.2860327e-17	0	461.2861
2.3184999999997982e-10	0.6648859	0.07449481	0.73814356	-1.3515574e-17	0	454.7963
2.319499999999798e-10	0.6646436	0.074511945	0.73836243	-1.35157085e-17	0	454.7963
2.3204999999997978e-10	0.6644013	0.07452832	0.7385813	-1.3515846e-17	0	454.7963
2.3214999999997975e-10	0.6641591	0.07454394	0.7388	-1.3515983e-17	0	454.7963
2.3224999999997973e-10	0.66391695	0.07455881	0.73901874	-1.3516118e-17	0	454.7963
2.323499999999797e-10	0.66367483	0.074572936	0.7392374	-1.3516255e-17	0	454.7963
2.324499999999797e-10	0.66343284	0.0745863	0.739456	-1.3516386e-17	0	454.7963
2.3254999999997967e-10	0.6631907	0.074598916	0.73967445	-1.3516527e-17	0	454.7963
2.3264999999997965e-10	0.6629488	0.074610785	0.73989296	-1.3516659e-17	0	454.7963
2.3274999999997963e-10	0.6627068	0.07462189	0.74011135	-1.35167954e-17	0	454.7963
2.328499999999796e-10	0.6624649	0.074632265	0.7403296	-1.3516932e-17	0	454.7963
2.3294999999997964e-10	0.66222316	0.07464188	0.74054784	-1.3517064e-17	0	454.7963
2.3304999999997967e-10	0.66198146	0.07465076	0.740766	-1.3517201e-17	0	454.7963
2.331499999999797e-10	0.6617397	0.074658886	0.74098396	-1.3517336e-17	0	454.7963
2.3324999999997973e-10	0.66149807	0.07466626	0.7412019	-1.35174704e-17	0	454.7963
2.3334999999997976e-10	0.66125655	0.07467289	0.7414197	-1.3517605e-17	0	454.7963
2.334499999999798e-10	0.6610151	0.074678786	0.7416376	-1.35177384e-17	0	454.7963
2.335499999999798e-10	0.6607737	0.07468393	0.74185526	-1.3517877e-17	0	454.7963
2.3364999999997985e-10	0.66053236	0.07468833	0.74207276	-1.351801e-17	0	454.7963
2.337499999999799e-10	0.6602911	0.074691996	0.74229026	-1.3518143e-17	0	454.7963
2.338499999999799e-10	0.6600499	0.0746949	0.74250764	-1.3518279e-17	0	454.7963
2.3394999999997994e-10	0.6598088	0.074697085	0.74272496	-1.3518416e-17	0	454.7963
2.3404999999998e-10	0.65956783	0.07469852	0.74294215	-1.3518544e-17	0	454.7963
2.3414999999998e-10	0.65932685	0.07469922	0.7431592	-1.3518681e-17	0	454.7963
2.3424999999998004e-10	0.6590861	0.074699186	0.7433762	-1.3518817e-17	0	454.7963
2.3434999999998007e-10	0.65884537	0.0746984	0.74359304	-1.3518949e-17	0	454.7963
2.344499999999801e-10	0.65860474	0.07469689	0.74380976	-1.3519084e-17	0	454.7963
2.3454999999998013e-10	0.65836406	0.07469463	0.74402636	-1.35192174e-17	0	454.7963
2.3464999999998016e-10	0.65812373	0.07469165	0.7442429	-1.3519351e-17	0	454.7963
2.347499999999802e-10	0.65788335	0.074687935	0.74445933	-1.3519487e-17	0	454.7963
2.348499999999802e-10	0.6576431	0.07468348	0.7446756	-1.3519617e-17	0	454.7963
2.3494999999998025e-10	0.65740293	0.074678294	0.74489176	-1.3519748e-17	0	454.7963
2.350499999999803e-10	0.6571629	0.07467237	0.74510777	-1.3519883e-17	0	454.7963
2.351499999999803e-10	0.656923	0.074665725	0.7453238	-1.3520017e-17	0	454.7963
2.3524999999998034e-10	0.65668315	0.07465834	0.74553955	-1.3520149e-17	0	454.7963
2.3534999999998037e-10	0.6564435	0.074650235	0.7457552	-1.352028e-17	0	454.7963
2.354499999999804e-10	0.6562039	0.0746414	0.7459707	-1.3520415e-17	0	454.7963
2.3554999999998044e-10	0.6559645	0.07463183	0.74618614	-1.35205475e-17	0	454.7963
2.3564999999998047e-10	0.6557251	0.07462155	0.7464014	-1.3520679e-17	0	454.7963
2.357499999999805e-10	0.6554859	0.07461053	0.7466165	-1.3520809e-17	0	454.7963
2.3584999999998053e-10	0.6552468	0.07459879	0.7468314	-1.3520944e-17	0	454.7963
2.3594999999998056e-10	0.6550079	0.07458632	0.74704635	-1.3521077e-17	0	454.7963
2.360499999999806e-10	0.654769	0.07457314	0.747261	-1.352121e-17	0	454.7963
2.361499999999806e-10	0.65453035	0.07455922	0.74747556	-1.352134e-17	0	454.7963
2.3624999999998065e-10	0.65429187	0.07454458	0.74769	-1.35214715e-17	0	454.7963
2.363499999999807e-10	0.6540534	0.07452923	0.7479042	-1.3521602e-17	0	454.7963
2.364499999999807e-10	0.65381515	0.07451317	0.7481184	-1.35217345e-17	0	454.7963
2.3654999999998074e-10	0.65357697	0.074496366	0.7483324	-1.3521866e-17	0	454.7963
2.3664999999998077e-10	0.65333897	0.074478865	0.7485462	-1.3521999e-17	0	454.7963
2.367499999999808e-10	0.65310115	0.07446064	0.74875987	-1.352213e-17	0	454.7963
2.3684999999998083e-10	0.65286344	0.0744417	0.7489733	-1.352226e-17	0	454.7963
2.3694999999998086e-10	0.6526259	0.07442204	0.74918664	-1.3522391e-17	0	454.7963
2.370499999999809e-10	0.65238845	0.07440168	0.7493999	-1.3522524e-17	0	454.7963
2.3714999999998093e-10	0.65215117	0.0743806	0.7496128	-1.3522652e-17	0	454.7963
2.3724999999998096e-10	0.6519142	0.07435881	0.74982566	-1.3522786e-17	0	454.7963
2.37349999999981e-10	0.6516773	0.074336305	0.7500384	-1.35229166e-17	0	454.7963
2.37449999999981e-10	0.6514405	0.07431309	0.7502508	-1.3523044e-17	0	454.7963
2.3754999999998105e-10	0.65120393	0.074289165	0.7504632	-1.3523178e-17	0	454.7963
2.376499999999811e-10	0.6509675	0.07426455	0.7506753	-1.35233045e-17	0	454.7963
2.377499999999811e-10	0.65073127	0.0742392	0.7508873	-1.3523437e-17	0	454.7963
2.3784999999998114e-10	0.6504951	0.07421317	0.7510991	-1.3523563e-17	0	454.7963
2.3794999999998117e-10	0.65025926	0.07418642	0.7513108	-1.3523694e-17	0	454.7963
2.380499999999812e-10	0.6500235	0.074158974	0.7515222	-1.3523823e-17	0	454.7963
2.3814999999998123e-10	0.649788	0.07413082	0.7517335	-1.35239555e-17	0	454.7963
2.3824999999998126e-10	0.64955264	0.07410197	0.75194454	-1.3524083e-17	0	454.7963
2.383499999999813e-10	0.64931744	0.07407241	0.7521554	-1.3524214e-17	0	454.7963
2.384499999999813e-10	0.6490824	0.074042164	0.7523662	-1.3524342e-17	0	454.7963
2.3854999999998136e-10	0.6488475	0.07401121	0.7525767	-1.3524468e-17	0	454.7963
2.386499999999814e-10	0.648613	0.07397956	0.752787	-1.35246015e-17	0	454.7963
2.387499999999814e-10	0.6483785	0.07394722	0.7529971	-1.3524729e-17	0	454.7963
2.3884999999998145e-10	0.6481442	0.07391418	0.7532071	-1.3524857e-17	0	454.7963
2.389499999999815e-10	0.64791024	0.07388045	0.75341684	-1.3524986e-17	0	454.7963
2.390499999999815e-10	0.64767635	0.07384603	0.75362635	-1.3525114e-17	0	454.7963
2.3914999999998154e-10	0.6474427	0.073810905	0.7538357	-1.35252434e-17	0	454.7963
2.3924999999998157e-10	0.6472093	0.0737751	0.75404483	-1.3525371e-17	0	454.7963
2.393499999999816e-10	0.646976	0.0737386	0.75425375	-1.3525502e-17	0	454.7963
2.3944999999998163e-10	0.646743	0.07370142	0.7544625	-1.3525627e-17	0	454.7963
2.3954999999998166e-10	0.6465101	0.07366354	0.754671	-1.3525756e-17	0	454.7963
2.396499999999817e-10	0.6462774	0.07362498	0.75487924	-1.3525881e-17	0	454.7963
2.397499999999817e-10	0.6460451	0.07358574	0.7550874	-1.35260086e-17	0	454.7963
2.3984999999998175e-10	0.64581287	0.07354581	0.7552952	-1.35261384e-17	0	454.7963
2.399499999999818e-10	0.645581	0.07350521	0.75550294	-1.35262625e-17	0	454.7963
2.400499999999818e-10	0.64534914	0.07346392	0.7557104	-1.3526393e-17	0	454.7963
2.4014999999998185e-10	0.64511764	0.07342195	0.7559176	-1.3526517e-17	0	454.7963
2.402499999999819e-10	0.6448863	0.07337929	0.7561246	-1.3526643e-17	0	454.7963
2.403499999999819e-10	0.6446552	0.07333596	0.7563314	-1.3526771e-17	0	454.7963
2.4044999999998194e-10	0.6444244	0.073291965	0.75653803	-1.35268994e-17	0	454.7963
2.4054999999998197e-10	0.64419377	0.07324728	0.75674427	-1.3527024e-17	0	454.7963
2.40649999999982e-10	0.64396334	0.07320193	0.75695044	-1.3527151e-17	0	454.7963
2.4074999999998203e-10	0.64373326	0.0731559	0.7571563	-1.3527275e-17	0	454.7963
2.4084999999998206e-10	0.64350325	0.0731092	0.75736195	-1.3527402e-17	0	454.7963
2.409499999999821e-10	0.6432736	0.07306183	0.7575673	-1.3527529e-17	0	454.7963
2.410499999999821e-10	0.6430441	0.0730138	0.75777256	-1.3527655e-17	0	454.7963
2.4114999999998215e-10	0.642815	0.07296509	0.7579775	-1.352778e-17	0	454.7963
2.412499999999822e-10	0.64258593	0.07291572	0.7581821	-1.35279045e-17	0	454.7963
2.413499999999822e-10	0.6423573	0.07286568	0.75838655	-1.3528032e-17	0	454.7963
2.4144999999998225e-10	0.6421288	0.07281498	0.75859076	-1.3528156e-17	0	454.7963
2.415499999999823e-10	0.64190054	0.07276361	0.7587948	-1.3528282e-17	0	454.7963
2.416499999999823e-10	0.6416727	0.07271158	0.7589985	-1.35284066e-17	0	454.7963
2.4174999999998234e-10	0.6414449	0.07265889	0.759202	-1.3528528e-17	0	454.7963
2.4184999999998237e-10	0.6411687	0.07277091	0.7594307	-1.4197966e-17	0	448.598
2.419499999999824e-10	0.6408922	0.07288194	0.7596596	-1.4198137e-17	0	448.598
2.4204999999998243e-10	0.6406154	0.07299195	0.7598887	-1.4198315e-17	0	448.598
2.4214999999998246e-10	0.6403383	0.07310097	0.7601179	-1.419849e-17	0	448.598
2.422499999999825e-10	0.640061	0.07320897	0.76034737	-1.4198664e-17	0	448.598
2.423499999999825e-10	0.6397834	0.073315986	0.76057696	-1.4198836e-17	0	448.598
2.4244999999998255e-10	0.6395055	0.07342198	0.7608067	-1.4199012e-17	0	448.598
2.425499999999826e-10	0.63922745	0.07352698	0.7610366	-1.4199189e-17	0	448.598
2.426499999999826e-10	0.6389491	0.073630966	0.7612667	-1.4199361e-17	0	448.598
2.4274999999998264e-10	0.6386705	0.073733956	0.76149684	-1.4199536e-17	0	448.598
2.428499999999827e-10	0.6383916	0.07383593	0.76172715	-1.419971e-17	0	448.598
2.429499999999827e-10	0.6381124	0.0739369	0.76195765	-1.4199887e-17	0	448.598
2.4304999999998274e-10	0.6378331	0.07403687	0.76218826	-1.420006e-17	0	448.598
2.4314999999998277e-10	0.63755345	0.074135825	0.7624191	-1.4200236e-17	0	448.598
2.432499999999828e-10	0.63727367	0.07423377	0.76265	-1.4200411e-17	0	448.598
2.4334999999998283e-10	0.6369936	0.07433072	0.762881	-1.4200585e-17	0	448.598
2.4344999999998286e-10	0.6367133	0.07442666	0.7631122	-1.4200759e-17	0	448.598
2.435499999999829e-10	0.63643277	0.07452159	0.7633435	-1.4200934e-17	0	448.598
2.436499999999829e-10	0.636152	0.0746155	0.76357496	-1.4201108e-17	0	448.598
2.4374999999998295e-10	0.63587105	0.07470842	0.76380646	-1.4201287e-17	0	448.598
2.43849999999983e-10	0.6355899	0.07480032	0.76403815	-1.4201457e-17	0	448.598
2.43949999999983e-10	0.6353085	0.07489122	0.7642698	-1.4201634e-17	0	448.598
2.4404999999998304e-10	0.6350269	0.0749811	0.7645018	-1.4201806e-17	0	448.598
2.4414999999998307e-10	0.6347451	0.07506997	0.76473385	-1.4201983e-17	0	448.598
2.442499999999831e-10	0.63446313	0.075157836	0.76496595	-1.4202157e-17	0	448.598
2.4434999999998313e-10	0.6341809	0.0752447	0.76519823	-1.4202332e-17	0	448.598
2.4444999999998317e-10	0.6338985	0.075330555	0.7654305	-1.4202507e-17	0	448.598
2.445499999999832e-10	0.6336159	0.075415395	0.7656629	-1.4202681e-17	0	448.598
2.4464999999998323e-10	0.63333315	0.07549923	0.7658955	-1.4202855e-17	0	448.598
2.4474999999998326e-10	0.6330502	0.07558205	0.76612806	-1.4203035e-17	0	448.598
2.448499999999833e-10	0.6327671	0.07566387	0.76636076	-1.4203204e-17	0	448.598
2.449499999999833e-10	0.6324838	0.075744666	0.7665935	-1.4203378e-17	0	448.598
2.4504999999998335e-10	0.6322003	0.07582446	0.7668264	-1.4203553e-17	0	448.598
2.451499999999834e-10	0.6319166	0.075903244	0.7670594	-1.4203728e-17	0	448.598
2.452499999999834e-10	0.6316328	0.075981036	0.7672924	-1.4203902e-17	0	448.598
2.4534999999998344e-10	0.6313487	0.0760578	0.7675255	-1.4204076e-17	0	448.598
2.4544999999998347e-10	0.63106465	0.07613355	0.76775867	-1.4204251e-17	0	448.598
2.455499999999835e-10	0.6307803	0.0762083	0.76799196	-1.4204428e-17	0	448.598
2.4564999999998353e-10	0.6304959	0.07628205	0.7682253	-1.4204605e-17	0	448.598
2.4574999999998356e-10	0.63021123	0.07635477	0.76845866	-1.4204777e-17	0	448.598
2.458499999999836e-10	0.62992656	0.07642649	0.76869214	-1.420495e-17	0	448.598
2.459499999999836e-10	0.62964165	0.0764972	0.76892567	-1.4205125e-17	0	448.598
2.4604999999998366e-10	0.6293566	0.076566905	0.76915926	-1.4205303e-17	0	448.598
2.461499999999837e-10	0.6290715	0.0766356	0.7693928	-1.4205477e-17	0	448.598
2.462499999999837e-10	0.6287861	0.07670328	0.7696265	-1.4205649e-17	0	448.598
2.4634999999998375e-10	0.6285007	0.076769955	0.7698602	-1.4205826e-17	0	448.598
2.464499999999838e-10	0.62821513	0.07683562	0.770094	-1.4205998e-17	0	448.598
2.465499999999838e-10	0.6279295	0.07690027	0.7703278	-1.4206172e-17	0	448.598
2.4664999999998384e-10	0.62764364	0.07696393	0.7705617	-1.4206349e-17	0	448.598
2.4674999999998387e-10	0.6273577	0.07702656	0.7707955	-1.420652e-17	0	448.598
2.468499999999839e-10	0.6270717	0.07708819	0.7710294	-1.4206695e-17	0	448.598
2.4694999999998393e-10	0.6267856	0.07714882	0.7712633	-1.4206872e-17	0	448.598
2.4704999999998396e-10	0.6264994	0.077208444	0.7714973	-1.4207044e-17	0	448.598
2.47149999999984e-10	0.6262131	0.07726705	0.7717313	-1.4207219e-17	0	448.598
2.47249999999984e-10	0.6259266	0.077324644	0.7719653	-1.4207394e-17	0	448.598
2.4734999999998405e-10	0.62564015	0.07738123	0.7721993	-1.4207563e-17	0	448.598
2.474499999999841e-10	0.6253534	0.07743681	0.7724334	-1.4207737e-17	0	448.598
2.475499999999841e-10	0.6250667	0.077491395	0.7726674	-1.4207912e-17	0	448.598
2.4764999999998415e-10	0.62477994	0.07754497	0.7729015	-1.4208086e-17	0	448.598
2.477499999999842e-10	0.62449306	0.07759753	0.77313554	-1.4208265e-17	0	448.598
2.478499999999842e-10	0.6242061	0.07764909	0.77336967	-1.4208437e-17	0	448.598
2.4794999999998424e-10	0.6239191	0.07769964	0.7736038	-1.420861e-17	0	448.598
2.4804999999998427e-10	0.62363195	0.077749185	0.77383786	-1.4208782e-17	0	448.598
2.481499999999843e-10	0.62334484	0.077797726	0.77407193	-1.4208961e-17	0	448.598
2.4824999999998433e-10	0.6230576	0.07784526	0.7743059	-1.4209133e-17	0	448.598
2.4834999999998436e-10	0.62277025	0.07789179	0.77454	-1.4209305e-17	0	448.598
2.484499999999844e-10	0.62248296	0.07793731	0.7747741	-1.420948e-17	0	448.598
2.485499999999844e-10	0.62219554	0.07798184	0.7750081	-1.4209654e-17	0	448.598
2.4864999999998445e-10	0.62190807	0.078025356	0.7752422	-1.4209828e-17	0	448.598
2.487499999999845e-10	0.62162066	0.07806787	0.7754761	-1.4210003e-17	0	448.598
2.488499999999845e-10	0.62133306	0.07810938	0.7757101	-1.4210175e-17	0	448.598
2.4894999999998455e-10	0.6210455	0.078149885	0.77594405	-1.4210349e-17	0	448.598
2.490499999999846e-10	0.62075794	0.078189395	0.77617794	-1.4210523e-17	0	448.598
2.491499999999846e-10	0.6204703	0.07822789	0.7764118	-1.4210692e-17	0	448.598
2.4924999999998464e-10	0.6201826	0.078265406	0.77664566	-1.4210867e-17	0	448.598
2.4934999999998467e-10	0.61989486	0.0783019	0.77687943	-1.4211044e-17	0	448.598
2.494499999999847e-10	0.61960715	0.0783374	0.7771132	-1.4211213e-17	0	448.598
2.4954999999998473e-10	0.61931944	0.0783719	0.7773469	-1.4211388e-17	0	448.598
2.4964999999998476e-10	0.61903167	0.078405395	0.7775806	-1.421156e-17	0	448.598
2.497499999999848e-10	0.6187439	0.078437895	0.7778142	-1.4211736e-17	0	448.598
2.498499999999848e-10	0.6184561	0.078469396	0.77804786	-1.4211906e-17	0	448.598
2.4994999999998485e-10	0.61816835	0.0784999	0.7782814	-1.421208e-17	0	448.598
2.500499999999849e-10	0.6178806	0.0785294	0.77851474	-1.4212253e-17	0	448.598
2.501499999999849e-10	0.61759275	0.078557916	0.7787483	-1.4212425e-17	0	448.598
2.5024999999998494e-10	0.61730504	0.078585416	0.77898157	-1.4212597e-17	0	448.598
2.50349999999985e-10	0.61701727	0.07861194	0.77921486	-1.421277e-17	0	448.598
2.50449999999985e-10	0.6167295	0.07863746	0.77944803	-1.421294e-17	0	448.598
2.5054999999998504e-10	0.6164418	0.07866197	0.7796811	-1.4213114e-17	0	448.598
2.5064999999998507e-10	0.6161541	0.0786855	0.7799142	-1.4213287e-17	0	448.598
2.507499999999851e-10	0.6158664	0.07870803	0.7801472	-1.4213458e-17	0	448.598
2.5084999999998513e-10	0.6155788	0.07872957	0.78038013	-1.4213631e-17	0	448.598
2.5094999999998516e-10	0.6152911	0.07875012	0.78061295	-1.4213805e-17	0	448.598
2.510499999999852e-10	0.61500347	0.07876967	0.78084564	-1.4213976e-17	0	448.598
2.511499999999852e-10	0.6147158	0.07878823	0.7810783	-1.4214146e-17	0	448.598
2.5124999999998525e-10	0.61442834	0.078805804	0.7813108	-1.4214316e-17	0	448.598
2.513499999999853e-10	0.61414087	0.07882238	0.7815434	-1.421449e-17	0	448.598
2.514499999999853e-10	0.61385345	0.078837976	0.7817757	-1.4214662e-17	0	448.598
2.5154999999998534e-10	0.6135661	0.07885258	0.782008	-1.4214836e-17	0	448.598
2.5164999999998537e-10	0.6132788	0.078866184	0.7822401	-1.4215006e-17	0	448.598
2.517499999999854e-10	0.61299145	0.078878805	0.7824722	-1.4215177e-17	0	448.598
2.5184999999998544e-10	0.6126542	0.07904854	0.78272766	-1.4903523e-17	0	442.6479
2.5194999999998547e-10	0.6123165	0.07921691	0.7829834	-1.490378e-17	0	442.6479
2.520499999999855e-10	0.6119782	0.079383895	0.7832394	-1.4904024e-17	0	442.6479
2.5214999999998553e-10	0.61163944	0.079549514	0.7834957	-1.4904278e-17	0	442.6479
2.5224999999998556e-10	0.6113002	0.079713754	0.7837523	-1.4904526e-17	0	442.6479
2.523499999999856e-10	0.61096036	0.07987662	0.78400916	-1.4904779e-17	0	442.6479
2.524499999999856e-10	0.61062	0.08003811	0.7842664	-1.4905029e-17	0	442.6479
2.5254999999998565e-10	0.61027926	0.08019821	0.78452384	-1.4905277e-17	0	442.6479
2.526499999999857e-10	0.609938	0.08035694	0.7847814	-1.4905528e-17	0	442.6479
2.527499999999857e-10	0.6095963	0.08051428	0.78503937	-1.490578e-17	0	442.6479
2.5284999999998574e-10	0.609254	0.08067025	0.7852976	-1.4906026e-17	0	442.6479
2.5294999999998577e-10	0.6089113	0.08082482	0.785556	-1.4906278e-17	0	442.6479
2.530499999999858e-10	0.6085682	0.08097802	0.7858147	-1.4906532e-17	0	442.6479
2.5314999999998583e-10	0.6082245	0.08112983	0.7860736	-1.4906786e-17	0	442.6479
2.5324999999998586e-10	0.6078805	0.08128024	0.78633285	-1.4907034e-17	0	442.6479
2.533499999999859e-10	0.60753596	0.08142927	0.78659225	-1.4907287e-17	0	442.6479
2.5344999999998593e-10	0.607191	0.08157691	0.7868519	-1.4907537e-17	0	442.6479
2.5354999999998596e-10	0.6068456	0.08172316	0.78711176	-1.4907788e-17	0	442.6479
2.53649999999986e-10	0.6064998	0.08186802	0.7873718	-1.4908038e-17	0	442.6479
2.53749999999986e-10	0.6061535	0.08201148	0.78763217	-1.4908293e-17	0	442.6479
2.5384999999998605e-10	0.6058068	0.082153566	0.7878927	-1.4908541e-17	0	442.6479
2.539499999999861e-10	0.6054598	0.082294255	0.7881534	-1.4908796e-17	0	442.6479
2.540499999999861e-10	0.60511225	0.08243353	0.78841436	-1.4909042e-17	0	442.6479
2.5414999999998614e-10	0.6047643	0.08257142	0.7886755	-1.4909297e-17	0	442.6479
2.5424999999998617e-10	0.60441595	0.08270791	0.7889369	-1.4909545e-17	0	442.6479
2.543499999999862e-10	0.6040673	0.082843006	0.7891984	-1.49098e-17	0	442.6479
2.5444999999998623e-10	0.6037183	0.08297669	0.7894601	-1.4910046e-17	0	442.6479
2.5454999999998626e-10	0.60336876	0.08310899	0.789722	-1.4910301e-17	0	442.6479
2.546499999999863e-10	0.6030188	0.08323988	0.78998417	-1.4910553e-17	0	442.6479
2.547499999999863e-10	0.6026686	0.083369374	0.7902465	-1.49108e-17	0	442.6479
2.5484999999998636e-10	0.602318	0.083497465	0.79050887	-1.4911056e-17	0	442.6479
2.549499999999864e-10	0.601967	0.083624154	0.7907715	-1.4911302e-17	0	442.6479
2.550499999999864e-10	0.60161567	0.08374943	0.79103434	-1.4911557e-17	0	442.6479
2.5514999999998645e-10	0.601264	0.083873324	0.79129726	-1.4911812e-17	0	442.6479
2.552499999999865e-10	0.6009119	0.08399578	0.7915604	-1.4912061e-17	0	442.6479
2.553499999999865e-10	0.6005596	0.084116854	0.7918236	-1.4912313e-17	0	442.6479
2.5544999999998654e-10	0.6002069	0.08423652	0.792087	-1.4912563e-17	0	442.6479
2.5554999999998657e-10	0.5998538	0.08435478	0.7923506	-1.4912812e-17	0	442.6479
2.556499999999866e-10	0.5995004	0.08447162	0.79261434	-1.4913066e-17	0	442.6479
2.5574999999998663e-10	0.5991467	0.08458705	0.79287815	-1.4913312e-17	0	442.6479
2.5584999999998666e-10	0.59879273	0.08470109	0.7931421	-1.4913568e-17	0	442.6479
2.559499999999867e-10	0.5984384	0.08481371	0.79340625	-1.4913822e-17	0	442.6479
2.560499999999867e-10	0.59808373	0.08492491	0.7936704	-1.491407e-17	0	442.6479
2.5614999999998675e-10	0.59772885	0.085034706	0.79393476	-1.4914326e-17	0	442.6479
2.562499999999868e-10	0.5973736	0.08514309	0.7941993	-1.4914574e-17	0	442.6479
2.563499999999868e-10	0.5970181	0.08525007	0.7944639	-1.4914827e-17	0	442.6479
2.5644999999998685e-10	0.59666234	0.085355625	0.7947285	-1.491508e-17	0	442.6479
2.565499999999869e-10	0.5963062	0.08545978	0.7949934	-1.4915327e-17	0	442.6479
2.566499999999869e-10	0.5959499	0.08556251	0.7952583	-1.4915579e-17	0	442.6479
2.5674999999998694e-10	0.5955932	0.08566383	0.7955233	-1.4915832e-17	0	442.6479
2.5684999999998697e-10	0.59523636	0.08576373	0.7957883	-1.4916081e-17	0	442.6479
2.56949999999987e-10	0.59487927	0.085862234	0.79605347	-1.4916331e-17	0	442.6479
2.5704999999998703e-10	0.5945218	0.08595931	0.7963187	-1.4916581e-17	0	442.6479
2.5714999999998706e-10	0.5941642	0.086054966	0.796584	-1.4916836e-17	0	442.6479
2.572499999999871e-10	0.5938064	0.086149216	0.7968495	-1.4917087e-17	0	442.6479
2.573499999999871e-10	0.5934482	0.08624204	0.797115	-1.4917337e-17	0	442.6479
2.5744999999998715e-10	0.5930899	0.08633346	0.79738057	-1.4917587e-17	0	442.6479
2.575499999999872e-10	0.5927314	0.08642346	0.79764616	-1.4917838e-17	0	442.6479
2.576499999999872e-10	0.5923726	0.08651203	0.7979119	-1.4918095e-17	0	442.6479
2.5774999999998725e-10	0.5920136	0.0865992	0.7981776	-1.4918346e-17	0	442.6479
2.578499999999873e-10	0.5916544	0.086684935	0.7984434	-1.4918593e-17	0	442.6479
2.579499999999873e-10	0.59129506	0.08676926	0.7987093	-1.4918843e-17	0	442.6479
2.5804999999998734e-10	0.59093547	0.08685216	0.7989751	-1.4919094e-17	0	442.6479
2.5814999999998737e-10	0.59057564	0.08693366	0.79924107	-1.4919346e-17	0	442.6479
2.582499999999874e-10	0.5902157	0.08701374	0.799507	-1.4919595e-17	0	442.6479
2.5834999999998743e-10	0.58985555	0.08709238	0.799773	-1.4919847e-17	0	442.6479
2.5844999999998746e-10	0.5894952	0.08716962	0.800039	-1.4920097e-17	0	442.6479
2.585499999999875e-10	0.5891347	0.087245435	0.80030507	-1.4920348e-17	0	442.6479
2.586499999999875e-10	0.5887741	0.08731983	0.80057114	-1.4920598e-17	0	442.6479
2.5874999999998755e-10	0.58841324	0.08739281	0.8008373	-1.4920848e-17	0	442.6479
2.588499999999876e-10	0.5880523	0.087464355	0.8011034	-1.4921099e-17	0	442.6479
2.589499999999876e-10	0.5876912	0.0875345	0.8013695	-1.492135e-17	0	442.6479
2.5904999999998764e-10	0.58732986	0.08760323	0.8016355	-1.49216e-17	0	442.6479
2.591499999999877e-10	0.5869686	0.08767053	0.8019017	-1.492185e-17	0	442.6479
2.592499999999877e-10	0.58660704	0.08773641	0.8021678	-1.4922102e-17	0	442.6479
2.5934999999998774e-10	0.5862454	0.087800875	0.80243385	-1.4922351e-17	0	442.6479
2.5944999999998777e-10	0.5858836	0.08786392	0.8026999	-1.4922601e-17	0	442.6479
2.595499999999878e-10	0.5855217	0.08792555	0.80296594	-1.4922851e-17	0	442.6479
2.5964999999998783e-10	0.5851598	0.08798576	0.8032321	-1.4923101e-17	0	442.6479
2.5974999999998786e-10	0.5847977	0.088044554	0.803498	-1.4923349e-17	0	442.6479
2.598499999999879e-10	0.58443546	0.088101916	0.803764	-1.4923596e-17	0	442.6479
2.599499999999879e-10	0.5840732	0.088157885	0.80403	-1.4923847e-17	0	442.6479
2.6004999999998795e-10	0.5837108	0.08821242	0.8042959	-1.4924095e-17	0	442.6479
2.60149999999988e-10	0.5833484	0.088265546	0.8045618	-1.492435e-17	0	442.6479
2.60249999999988e-10	0.58298594	0.088317245	0.8048277	-1.4924596e-17	0	442.6479
2.6034999999998804e-10	0.5826233	0.08836753	0.8050934	-1.4924845e-17	0	442.6479
2.6044999999998807e-10	0.58226067	0.08841639	0.80535924	-1.4925091e-17	0	442.6479
2.605499999999881e-10	0.581898	0.08846385	0.80562496	-1.4925341e-17	0	442.6479
2.6064999999998813e-10	0.5815352	0.08850989	0.80589056	-1.492559e-17	0	442.6479
2.6074999999998817e-10	0.58117235	0.08855452	0.80615604	-1.4925837e-17	0	442.6479
2.608499999999882e-10	0.5808095	0.08859772	0.8064216	-1.4926089e-17	0	442.6479
2.6094999999998823e-10	0.5804466	0.08863952	0.80668694	-1.4926334e-17	0	442.6479
2.6104999999998826e-10	0.5800837	0.08867989	0.8069523	-1.4926583e-17	0	442.6479
2.611499999999883e-10	0.57972085	0.08871886	0.8072176	-1.4926833e-17	0	442.6479
2.612499999999883e-10	0.5793579	0.0887564	0.8074828	-1.4927076e-17	0	442.6479
2.6134999999998835e-10	0.57899487	0.08879255	0.80774784	-1.4927326e-17	0	442.6479
2.614499999999884e-10	0.5786319	0.088827275	0.80801284	-1.4927574e-17	0	442.6479
2.615499999999884e-10	0.57826895	0.08886059	0.8082778	-1.4927822e-17	0	442.6479
2.6164999999998844e-10	0.5779059	0.08889248	0.8085426	-1.4928072e-17	0	442.6479
2.6174999999998847e-10	0.577543	0.08892298	0.8088073	-1.4928319e-17	0	442.6479
2.618499999999885e-10	0.5771278	0.08910101	0.809093	-1.5638642e-17	0	436.93604
2.6194999999998853e-10	0.5767121	0.08927719	0.80937904	-1.5638983e-17	0	436.93604
2.6204999999998856e-10	0.57629585	0.08945153	0.8096653	-1.5639328e-17	0	436.93604
2.621499999999886e-10	0.575879	0.089624025	0.8099518	-1.563967e-17	0	436.93604
2.622499999999886e-10	0.57546157	0.089794666	0.81023854	-1.5640008e-17	0	436.93604
2.6234999999998866e-10	0.57504356	0.08996345	0.81052554	-1.5640348e-17	0	436.93604
2.624499999999887e-10	0.574625	0.09013038	0.8108127	-1.5640687e-17	0	436.93604
2.625499999999887e-10	0.57420594	0.09029547	0.8111002	-1.564103e-17	0	436.93604
2.6264999999998875e-10	0.5737864	0.09045869	0.8113879	-1.5641372e-17	0	436.93604
2.627499999999888e-10	0.5733662	0.09062006	0.81167585	-1.5641712e-17	0	436.93604
2.628499999999888e-10	0.57294554	0.09077958	0.8119639	-1.5642048e-17	0	436.93604
2.6294999999998884e-10	0.5725244	0.09093721	0.8122522	-1.5642392e-17	0	436.93604
2.6304999999998887e-10	0.5721027	0.091093004	0.81254077	-1.5642736e-17	0	436.93604
2.631499999999889e-10	0.5716806	0.09124693	0.81282955	-1.5643074e-17	0	436.93604
2.6324999999998893e-10	0.571258	0.09139898	0.81311846	-1.5643413e-17	0	436.93604
2.6334999999998896e-10	0.5708349	0.09154918	0.81340754	-1.5643754e-17	0	436.93604
2.63449999999989e-10	0.57041126	0.091697514	0.81369686	-1.5644095e-17	0	436.93604
2.63549999999989e-10	0.5699873	0.09184397	0.8139863	-1.5644435e-17	0	436.93604
2.6364999999998905e-10	0.5695628	0.09198856	0.814276	-1.5644776e-17	0	436.93604
2.637499999999891e-10	0.5691378	0.09213128	0.8145658	-1.5645115e-17	0	436.93604
2.638499999999891e-10	0.5687125	0.092272125	0.81485575	-1.5645456e-17	0	436.93604
2.6394999999998915e-10	0.56828666	0.0924111	0.8151459	-1.5645795e-17	0	436.93604
2.640499999999892e-10	0.5678604	0.0925482	0.81543607	-1.5646141e-17	0	436.93604
2.641499999999892e-10	0.5674338	0.09268343	0.8157264	-1.5646479e-17	0	436.93604
2.6424999999998924e-10	0.5670068	0.09281677	0.8160171	-1.564682e-17	0	436.93604
2.6434999999998927e-10	0.56657934	0.09294824	0.81630766	-1.5647157e-17	0	436.93604
2.644499999999893e-10	0.5661515	0.09307784	0.81659853	-1.5647498e-17	0	436.93604
2.6454999999998933e-10	0.5657233	0.093205556	0.8168895	-1.5647839e-17	0	436.93604
2.6464999999998936e-10	0.5652947	0.0933314	0.81718045	-1.5648178e-17	0	436.93604
2.647499999999894e-10	0.56486577	0.09345535	0.8174716	-1.5648518e-17	0	436.93604
2.648499999999894e-10	0.56443644	0.09357743	0.81776285	-1.5648853e-17	0	436.93604
2.6494999999998945e-10	0.5640068	0.09369762	0.81805426	-1.5649192e-17	0	436.93604
2.650499999999895e-10	0.5635768	0.093815945	0.81834567	-1.5649533e-17	0	436.93604
2.651499999999895e-10	0.56314653	0.093932375	0.81863725	-1.5649872e-17	0	436.93604
2.6524999999998955e-10	0.5627159	0.09404692	0.81892884	-1.5650211e-17	0	436.93604
2.653499999999896e-10	0.5622848	0.09415956	0.81922054	-1.565055e-17	0	436.93604
2.654499999999896e-10	0.56185365	0.09427034	0.81951237	-1.5650894e-17	0	436.93604
2.6554999999998964e-10	0.56142205	0.09437923	0.8198042	-1.565123e-17	0	436.93604
2.6564999999998967e-10	0.5609902	0.09448624	0.820096	-1.5651566e-17	0	436.93604
2.657499999999897e-10	0.560558	0.09459135	0.8203881	-1.56519e-17	0	436.93604
2.6584999999998973e-10	0.56012565	0.09469457	0.8206801	-1.5652246e-17	0	436.93604
2.6594999999998976e-10	0.5596929	0.09479591	0.82097214	-1.5652585e-17	0	436.93604
2.660499999999898e-10	0.55926	0.09489536	0.8212642	-1.565292e-17	0	436.93604
2.661499999999898e-10	0.55882674	0.09499292	0.8215563	-1.565326e-17	0	436.93604
2.6624999999998985e-10	0.55839336	0.0950886	0.8218485	-1.5653599e-17	0	436.93604
2.663499999999899e-10	0.5579597	0.09518238	0.82214075	-1.5653935e-17	0	436.93604
2.664499999999899e-10	0.55752575	0.09527427	0.82243294	-1.5654274e-17	0	436.93604
2.6654999999998994e-10	0.55709165	0.09536427	0.8227251	-1.5654611e-17	0	436.93604
2.6664999999999e-10	0.5566573	0.09545239	0.8230174	-1.5654944e-17	0	436.93604
2.6674999999999e-10	0.5562228	0.095538616	0.8233096	-1.5655286e-17	0	436.93604
2.6684999999999004e-10	0.55578804	0.09562294	0.82360184	-1.5655619e-17	0	436.93604
2.6694999999999007e-10	0.55535316	0.09570539	0.823894	-1.5655958e-17	0	436.93604
2.670499999999901e-10	0.5549181	0.09578594	0.82418627	-1.5656296e-17	0	436.93604
2.6714999999999013e-10	0.5544828	0.095864594	0.8244785	-1.5656633e-17	0	436.93604
2.6724999999999016e-10	0.5540474	0.09594137	0.82477057	-1.5656966e-17	0	436.93604
2.673499999999902e-10	0.5536119	0.09601626	0.8250629	-1.5657306e-17	0	436.93604
2.674499999999902e-10	0.5531761	0.096089244	0.8253549	-1.5657639e-17	0	436.93604
2.6754999999999025e-10	0.5527403	0.09616034	0.825647	-1.5657975e-17	0	436.93604
2.676499999999903e-10	0.55230427	0.096229546	0.825939	-1.565831e-17	0	436.93604
2.677499999999903e-10	0.55186814	0.09629687	0.82623094	-1.5658645e-17	0	436.93604
2.6784999999999034e-10	0.55143195	0.0963623	0.8265228	-1.5658982e-17	0	436.93604
2.6794999999999037e-10	0.55099565	0.09642584	0.8268147	-1.5659316e-17	0	436.93604
2.680499999999904e-10	0.5505592	0.096487485	0.82710654	-1.5659649e-17	0	436.93604
2.6814999999999044e-10	0.55012274	0.09654725	0.8273982	-1.5659982e-17	0	436.93604
2.6824999999999047e-10	0.5496862	0.09660512	0.8276899	-1.5660322e-17	0	436.93604
2.683499999999905e-10	0.5492496	0.0966611	0.8279814	-1.5660655e-17	0	436.93604
2.6844999999999053e-10	0.54881287	0.0967152	0.8282729	-1.5660992e-17	0	436.93604
2.6854999999999056e-10	0.5483761	0.09676741	0.8285642	-1.5661325e-17	0	436.93604
2.686499999999906e-10	0.54793924	0.09681773	0.8288556	-1.5661656e-17	0	436.93604
2.687499999999906e-10	0.54750246	0.09686616	0.8291467	-1.5661988e-17	0	436.93604
2.6884999999999065e-10	0.5470656	0.09691272	0.8294378	-1.5662322e-17	0	436.93604
2.689499999999907e-10	0.5466287	0.09695738	0.82972866	-1.5662652e-17	0	436.93604
2.690499999999907e-10	0.5461918	0.09700015	0.8300195	-1.5662994e-17	0	436.93604
2.6914999999999074e-10	0.5457549	0.097041056	0.8303102	-1.5663317e-17	0	436.93604
2.6924999999999077e-10	0.545318	0.097080074	0.83060074	-1.5663651e-17	0	436.93604
2.693499999999908e-10	0.5448811	0.0971172	0.83089125	-1.5663987e-17	0	436.93604
2.6944999999999083e-10	0.5444442	0.09715244	0.8311815	-1.5664316e-17	0	436.93604
2.6954999999999086e-10	0.5440074	0.09718581	0.8314718	-1.5664647e-17	0	436.93604
2.696499999999909e-10	0.54357064	0.09721731	0.8317618	-1.5664983e-17	0	436.93604
2.6974999999999093e-10	0.54313385	0.097246915	0.83205163	-1.5665314e-17	0	436.93604
2.6984999999999096e-10	0.5426972	0.097274646	0.83234125	-1.566564e-17	0	436.93604
2.69949999999991e-10	0.5422605	0.09730051	0.8326307	-1.5665972e-17	0	436.93604
2.70049999999991e-10	0.54182404	0.097324476	0.8329201	-1.56663e-17	0	436.93604
2.7014999999999105e-10	0.5413875	0.09734658	0.83320934	-1.5666635e-17	0	436.93604
2.702499999999911e-10	0.54095113	0.09736682	0.8334983	-1.566696e-17	0	436.93604
2.703499999999911e-10	0.5405148	0.09738517	0.8337871	-1.566729e-17	0	436.93604
2.7044999999999114e-10	0.54007864	0.097401656	0.8340757	-1.566762e-17	0	436.93604
2.7054999999999117e-10	0.5396425	0.097416274	0.8343641	-1.5667946e-17	0	436.93604
2.706499999999912e-10	0.5392066	0.09742902	0.8346523	-1.5668278e-17	0	436.93604
2.7074999999999123e-10	0.5387708	0.097439885	0.8349403	-1.5668604e-17	0	436.93604
2.7084999999999126e-10	0.5383351	0.09744891	0.8352281	-1.5668925e-17	0	436.93604
2.709499999999913e-10	0.5378996	0.09745605	0.8355158	-1.5669261e-17	0	436.93604
2.710499999999913e-10	0.53746414	0.09746133	0.83580315	-1.5669583e-17	0	436.93604
2.7114999999999136e-10	0.5370289	0.09746475	0.8360902	-1.5669916e-17	0	436.93604
2.712499999999914e-10	0.5365939	0.09746632	0.8363771	-1.5670234e-17	0	436.93604
2.713499999999914e-10	0.53615904	0.097466014	0.8366637	-1.5670564e-17	0	436.93604
2.7144999999999145e-10	0.53572434	0.097463846	0.8369502	-1.567089e-17	0	436.93604
2.715499999999915e-10	0.5352899	0.09745983	0.83723646	-1.567122e-17	0	436.93604
2.716499999999915e-10	0.5348556	0.09745397	0.8375222	-1.5671542e-17	0	436.93604
2.7174999999999154e-10	0.5344215	0.09744624	0.8378079	-1.567187e-17	0	436.93604
2.7184999999999157e-10	0.533934	0.09757442	0.8381117	-1.6406997e-17	0	431.45288
2.719499999999916e-10	0.53344613	0.097700275	0.8384156	-1.6407409e-17	0	431.45288
2.7204999999999163e-10	0.5329579	0.09782379	0.83871955	-1.6407824e-17	0	431.45288
2.7214999999999166e-10	0.5324694	0.097944975	0.8390236	-1.6408233e-17	0	431.45288
2.722499999999917e-10	0.53198045	0.09806382	0.83932763	-1.640865e-17	0	431.45288
2.723499999999917e-10	0.5314912	0.09818034	0.8396317	-1.640906e-17	0	431.45288
2.7244999999999175e-10	0.5310017	0.0982945	0.83993584	-1.640947e-17	0	431.45288
2.725499999999918e-10	0.53051186	0.09840633	0.8402399	-1.6409882e-17	0	431.45288
2.726499999999918e-10	0.5300217	0.09851583	0.84054416	-1.6410299e-17	0	431.45288
2.7274999999999185e-10	0.52953136	0.09862297	0.84084845	-1.6410706e-17	0	431.45288
2.728499999999919e-10	0.5290407	0.0987278	0.8411526	-1.6411114e-17	0	431.45288
2.729499999999919e-10	0.5285498	0.098830275	0.8414569	-1.6411526e-17	0	431.45288
2.7304999999999194e-10	0.52805865	0.0989304	0.8417611	-1.6411937e-17	0	431.45288
2.7314999999999197e-10	0.5275672	0.099028215	0.84206533	-1.6412349e-17	0	431.45288
2.73249999999992e-10	0.5270755	0.09912366	0.84236956	-1.6412756e-17	0	431.45288
2.7334999999999203e-10	0.52658373	0.099216774	0.8426738	-1.641317e-17	0	431.45288
2.7344999999999206e-10	0.5260917	0.099307574	0.84297794	-1.6413578e-17	0	431.45288
2.735499999999921e-10	0.5255995	0.09939601	0.843282	-1.641398e-17	0	431.45288
2.736499999999921e-10	0.525107	0.099482104	0.84358627	-1.641439e-17	0	431.45288
2.7374999999999215e-10	0.5246145	0.09956586	0.8438902	-1.64148e-17	0	431.45288
2.738499999999922e-10	0.52412176	0.09964728	0.8441942	-1.6415212e-17	0	431.45288
2.739499999999922e-10	0.52362895	0.099726364	0.84449816	-1.6415614e-17	0	431.45288
2.7404999999999224e-10	0.52313596	0.09980312	0.844802	-1.6416021e-17	0	431.45288
2.741499999999923e-10	0.5226428	0.09987753	0.8451059	-1.6416432e-17	0	431.45288
2.742499999999923e-10	0.5221496	0.09994959	0.8454095	-1.6416835e-17	0	431.45288
2.7434999999999234e-10	0.5216563	0.10001933	0.84571314	-1.6417242e-17	0	431.45288
2.7444999999999237e-10	0.52116287	0.100086726	0.84601676	-1.6417654e-17	0	431.45288
2.745499999999924e-10	0.52066934	0.10015179	0.8463202	-1.6418056e-17	0	431.45288
2.7464999999999243e-10	0.52017576	0.10021451	0.84662354	-1.641846e-17	0	431.45288
2.7474999999999246e-10	0.51968217	0.1002749	0.8469267	-1.6418865e-17	0	431.45288
2.748499999999925e-10	0.5191885	0.10033296	0.8472299	-1.6419265e-17	0	431.45288
2.749499999999925e-10	0.5186948	0.10038868	0.84753287	-1.6419676e-17	0	431.45288
2.7504999999999255e-10	0.5182012	0.100442074	0.8478356	-1.6420078e-17	0	431.45288
2.751499999999926e-10	0.5177074	0.10049313	0.8481384	-1.6420483e-17	0	431.45288
2.752499999999926e-10	0.5172137	0.10054186	0.84844095	-1.6420888e-17	0	431.45288
2.7534999999999264e-10	0.51672	0.10058827	0.84874344	-1.6421289e-17	0	431.45288
2.754499999999927e-10	0.51622635	0.10063235	0.84904575	-1.6421689e-17	0	431.45288
2.755499999999927e-10	0.51573277	0.100674085	0.84934783	-1.6422091e-17	0	431.45288
2.7564999999999274e-10	0.5152391	0.10071352	0.8496498	-1.6422495e-17	0	431.45288
2.7574999999999277e-10	0.5147456	0.10075061	0.8499515	-1.6422895e-17	0	431.45288
2.758499999999928e-10	0.5142522	0.10078539	0.850253	-1.6423294e-17	0	431.45288
2.7594999999999283e-10	0.5137588	0.10081784	0.85055447	-1.6423694e-17	0	431.45288
2.7604999999999286e-10	0.5132655	0.10084797	0.8508555	-1.6424098e-17	0	431.45288
2.761499999999929e-10	0.5127723	0.10087578	0.85115653	-1.6424497e-17	0	431.45288
2.762499999999929e-10	0.5122793	0.10090129	0.85145736	-1.6424899e-17	0	431.45288
2.7634999999999295e-10	0.51178634	0.10092446	0.8517579	-1.6425292e-17	0	431.45288
2.76449999999993e-10	0.51129353	0.100945346	0.85205823	-1.6425691e-17	0	431.45288
2.76549999999993e-10	0.51080084	0.10096389	0.85235834	-1.6426091e-17	0	431.45288
2.7664999999999304e-10	0.5103084	0.10098013	0.8526583	-1.6426488e-17	0	431.45288
2.7674999999999307e-10	0.50981605	0.100994065	0.85295784	-1.6426885e-17	0	431.45288
2.768499999999931e-10	0.5093239	0.1010057	0.8532573	-1.6427276e-17	0	431.45288
2.7694999999999313e-10	0.508832	0.10101502	0.85355645	-1.6427678e-17	0	431.45288
2.7704999999999317e-10	0.50834024	0.101022035	0.85385525	-1.642807e-17	0	431.45288
2.771499999999932e-10	0.5078487	0.10102676	0.85415393	-1.6428465e-17	0	431.45288
2.7724999999999323e-10	0.5073574	0.10102919	0.8544524	-1.642886e-17	0	431.45288
2.7734999999999326e-10	0.50686634	0.10102931	0.8547503	-1.6429256e-17	0	431.45288
2.774499999999933e-10	0.5063755	0.101027146	0.8550482	-1.642965e-17	0	431.45288
2.775499999999933e-10	0.50588495	0.101022676	0.8553457	-1.6430045e-17	0	431.45288
2.7764999999999335e-10	0.5053947	0.10101593	0.85564286	-1.6430437e-17	0	431.45288
2.777499999999934e-10	0.50490475	0.10100687	0.85593987	-1.6430823e-17	0	431.45288
2.778499999999934e-10	0.504415	0.100995556	0.85623646	-1.6431222e-17	0	431.45288
2.7794999999999344e-10	0.5039256	0.10098195	0.85653263	-1.6431609e-17	0	431.45288
2.7804999999999347e-10	0.5034365	0.100966066	0.8568286	-1.6432e-17	0	431.45288
2.781499999999935e-10	0.50294775	0.100947894	0.85712415	-1.64324e-17	0	431.45288
2.7824999999999353e-10	0.50245935	0.10092745	0.85741955	-1.6432782e-17	0	431.45288
2.7834999999999356e-10	0.5019713	0.10090474	0.8577145	-1.643317e-17	0	431.45288
2.784499999999936e-10	0.5014836	0.10087976	0.8580091	-1.6433561e-17	0	431.45288
2.785499999999936e-10	0.5009963	0.10085251	0.8583033	-1.6433945e-17	0	431.45288
2.7864999999999366e-10	0.5005094	0.10082301	0.8585972	-1.6434335e-17	0	431.45288
2.787499999999937e-10	0.50002277	0.10079122	0.85889083	-1.6434722e-17	0	431.45288
2.788499999999937e-10	0.4995367	0.1007572	0.8591839	-1.6435111e-17	0	431.45288
2.7894999999999375e-10	0.49905092	0.10072093	0.8594767	-1.6435491e-17	0	431.45288
2.790499999999938e-10	0.49856567	0.10068238	0.8597692	-1.6435877e-17	0	431.45288
2.791499999999938e-10	0.4980808	0.10064159	0.86006117	-1.6436269e-17	0	431.45288
2.7924999999999384e-10	0.49759632	0.10059856	0.86035275	-1.6436645e-17	0	431.45288
2.7934999999999387e-10	0.4971124	0.1005533	0.86064404	-1.643703e-17	0	431.45288
2.794499999999939e-10	0.49662894	0.10050577	0.86093485	-1.6437412e-17	0	431.45288
2.7954999999999393e-10	0.49614593	0.10045604	0.8612253	-1.6437801e-17	0	431.45288
2.7964999999999396e-10	0.49566346	0.10040406	0.86151534	-1.643818e-17	0	431.45288
2.79749999999994e-10	0.49518144	0.10034986	0.8618049	-1.6438559e-17	0	431.45288
2.79849999999994e-10	0.49469995	0.10029342	0.86209404	-1.643894e-17	0	431.45288
2.7994999999999405e-10	0.49421903	0.10023477	0.8623827	-1.6439321e-17	0	431.45288
2.800499999999941e-10	0.49373862	0.100173905	0.86267096	-1.6439699e-17	0	431.45288
2.801499999999941e-10	0.49325877	0.10011082	0.8629588	-1.644008e-17	0	431.45288
2.8024999999999415e-10	0.49277946	0.100045525	0.8632462	-1.644046e-17	0	431.45288
2.803499999999942e-10	0.4923007	0.09997802	0.8635331	-1.6440838e-17	0	431.45288
2.804499999999942e-10	0.49182257	0.09990833	0.8638196	-1.644121e-17	0	431.45288
2.8054999999999424e-10	0.491345	0.09983643	0.8641055	-1.6441588e-17	0	431.45288
2.8064999999999427e-10	0.49086806	0.099762335	0.86439097	-1.6441965e-17	0	431.45288
2.807499999999943e-10	0.49039167	0.09968605	0.8646761	-1.644234e-17	0	431.45288
2.8084999999999433e-10	0.48991597	0.09960758	0.8649607	-1.644272e-17	0	431.45288
2.8094999999999436e-10	0.4894409	0.099526934	0.8652447	-1.6443087e-17	0	431.45288
2.810499999999944e-10	0.48896644	0.0994441	0.8655283	-1.6443469e-17	0	431.45288
2.811499999999944e-10	0.48849267	0.09935909	0.8658113	-1.6443836e-17	0	431.45288
2.8124999999999445e-10	0.4880196	0.09927193	0.8660938	-1.6444213e-17	0	431.45288
2.813499999999945e-10	0.48754713	0.09918258	0.86637586	-1.6444579e-17	0	431.45288
2.814499999999945e-10	0.4870754	0.09909109	0.8666574	-1.6444956e-17	0	431.45288
2.8154999999999455e-10	0.48660433	0.09899743	0.86693823	-1.644532e-17	0	431.45288
2.816499999999946e-10	0.486134	0.098901644	0.8672188	-1.6445692e-17	0	431.45288
2.817499999999946e-10	0.4856644	0.09880368	0.86749876	-1.6446061e-17	0	431.45288
2.8184999999999464e-10	0.4851428	0.0988286	0.86779344	-1.7206315e-17	0	426.1893
2.8194999999999467e-10	0.4846214	0.098850854	0.86808807	-1.7206745e-17	0	426.1893
2.820499999999947e-10	0.48410022	0.09887047	0.8683823	-1.720717e-17	0	426.1893
2.8214999999999473e-10	0.4835792	0.09888744	0.86867625	-1.7207603e-17	0	426.1893
2.8224999999999476e-10	0.48305848	0.09890176	0.86897004	-1.7208032e-17	0	426.1893
2.823499999999948e-10	0.48253796	0.09891344	0.8692636	-1.7208462e-17	0	426.1893
2.824499999999948e-10	0.48201773	0.09892248	0.8695567	-1.7208887e-17	0	426.1893
2.8254999999999485e-10	0.48149773	0.0989289	0.8698497	-1.7209312e-17	0	426.1893
2.826499999999949e-10	0.48097798	0.09893268	0.87014234	-1.7209742e-17	0	426.1893
2.827499999999949e-10	0.48045865	0.098933816	0.87043476	-1.7210166e-17	0	426.1893
2.8284999999999494e-10	0.47993952	0.09893234	0.87072664	-1.7210594e-17	0	426.1893
2.82949999999995e-10	0.47942078	0.09892824	0.87101847	-1.7211018e-17	0	426.1893
2.83049999999995e-10	0.47890237	0.09892152	0.8713098	-1.721144e-17	0	426.1893
2.8314999999999504e-10	0.4783843	0.09891219	0.87160087	-1.7211858e-17	0	426.1893
2.8324999999999507e-10	0.4778666	0.09890023	0.8718916	-1.721228e-17	0	426.1893
2.833499999999951e-10	0.47734928	0.09888567	0.87218195	-1.7212705e-17	0	426.1893
2.8344999999999513e-10	0.4768323	0.098868504	0.87247205	-1.7213122e-17	0	426.1893
2.8354999999999516e-10	0.47631586	0.09884874	0.8727617	-1.7213552e-17	0	426.1893
2.836499999999952e-10	0.47579968	0.09882636	0.8730511	-1.7213963e-17	0	426.1893
2.837499999999952e-10	0.47528404	0.09880139	0.8733401	-1.721439e-17	0	426.1893
2.8384999999999525e-10	0.47476888	0.09877384	0.87362856	-1.7214808e-17	0	426.1893
2.839499999999953e-10	0.47425413	0.09874369	0.87391686	-1.7215227e-17	0	426.1893
2.840499999999953e-10	0.47373983	0.09871096	0.87420464	-1.7215637e-17	0	426.1893
2.8414999999999534e-10	0.47322613	0.09867565	0.87449205	-1.7216062e-17	0	426.1893
2.8424999999999537e-10	0.4727128	0.098637775	0.8747791	-1.7216476e-17	0	426.1893
2.843499999999954e-10	0.47220007	0.09859731	0.8750657	-1.7216891e-17	0	426.1893
2.8444999999999544e-10	0.47168785	0.09855428	0.87535185	-1.7217306e-17	0	426.1893
2.8454999999999547e-10	0.47117615	0.09850869	0.8756377	-1.721772e-17	0	426.1893
2.846499999999955e-10	0.47066504	0.09846054	0.875923	-1.721813e-17	0	426.1893
2.8474999999999553e-10	0.47015452	0.09840985	0.8762078	-1.721854e-17	0	426.1893
2.8484999999999556e-10	0.46964452	0.09835659	0.87649226	-1.7218949e-17	0	426.1893
2.849499999999956e-10	0.46913517	0.0983008	0.87677634	-1.7219363e-17	0	426.1893
2.850499999999956e-10	0.4686264	0.09824246	0.8770598	-1.7219774e-17	0	426.1893
2.8514999999999565e-10	0.46811828	0.09818159	0.87734294	-1.7220186e-17	0	426.1893
2.852499999999957e-10	0.46761084	0.098118186	0.8776256	-1.7220588e-17	0	426.1893
2.853499999999957e-10	0.467104	0.09805226	0.8779077	-1.7221e-17	0	426.1893
2.8544999999999574e-10	0.46659783	0.09798381	0.8781894	-1.7221409e-17	0	426.1893
2.8554999999999577e-10	0.46609235	0.09791284	0.87847054	-1.7221813e-17	0	426.1893
2.856499999999958e-10	0.4655875	0.09783936	0.8787513	-1.722222e-17	0	426.1893
2.8574999999999583e-10	0.46508345	0.097763374	0.8790313	-1.7222627e-17	0	426.1893
2.8584999999999586e-10	0.46458006	0.097684905	0.8793111	-1.7223027e-17	0	426.1893
2.859499999999959e-10	0.46407744	0.09760392	0.87959015	-1.7223432e-17	0	426.1893
2.860499999999959e-10	0.46357554	0.097520456	0.87986875	-1.7223838e-17	0	426.1893
2.8614999999999596e-10	0.46307442	0.0974345	0.88014686	-1.7224235e-17	0	426.1893
2.86249999999996e-10	0.46257406	0.09734606	0.8804244	-1.722464e-17	0	426.1893
2.86349999999996e-10	0.46207446	0.09725516	0.8807014	-1.7225039e-17	0	426.1893
2.8644999999999605e-10	0.46157566	0.09716178	0.88097787	-1.7225436e-17	0	426.1893
2.865499999999961e-10	0.46107772	0.097065955	0.8812537	-1.7225833e-17	0	426.1893
2.866499999999961e-10	0.4605806	0.09696766	0.8815291	-1.7226233e-17	0	426.1893
2.8674999999999614e-10	0.46008426	0.09686692	0.8818038	-1.722663e-17	0	426.1893
2.8684999999999617e-10	0.45958877	0.09676373	0.88207805	-1.7227027e-17	0	426.1893
2.869499999999962e-10	0.45909417	0.096658126	0.88235176	-1.7227424e-17	0	426.1893
2.8704999999999623e-10	0.45860046	0.09655007	0.88262486	-1.7227818e-17	0	426.1893
2.8714999999999626e-10	0.45810762	0.096439585	0.88289726	-1.7228207e-17	0	426.1893
2.872499999999963e-10	0.45761573	0.09632668	0.8831691	-1.7228609e-17	0	426.1893
2.873499999999963e-10	0.45712465	0.09621137	0.88344043	-1.7229e-17	0	426.1893
2.8744999999999636e-10	0.45663455	0.096093655	0.883711	-1.7229383e-17	0	426.1893
2.875499999999964e-10	0.4561454	0.095973544	0.8839811	-1.722978e-17	0	426.1893
2.876499999999964e-10	0.45565718	0.095851034	0.88425046	-1.7230169e-17	0	426.1893
2.8774999999999645e-10	0.45516992	0.095726125	0.8845192	-1.723056e-17	0	426.1893
2.878499999999965e-10	0.4546837	0.095598854	0.8847874	-1.723095e-17	0	426.1893
2.879499999999965e-10	0.45419842	0.09546921	0.8850549	-1.7231334e-17	0	426.1893
2.8804999999999654e-10	0.45371407	0.09533718	0.8853217	-1.723172e-17	0	426.1893
2.8814999999999657e-10	0.4532309	0.09520281	0.885588	-1.7232108e-17	0	426.1893
2.882499999999966e-10	0.45274863	0.09506608	0.8858535	-1.7232482e-17	0	426.1893
2.8834999999999663e-10	0.4522674	0.094927	0.88611835	-1.7232875e-17	0	426.1893
2.8844999999999666e-10	0.4517873	0.094785586	0.88638246	-1.7233253e-17	0	426.1893
2.885499999999967e-10	0.4513082	0.094641834	0.8866461	-1.7233638e-17	0	426.1893
2.886499999999967e-10	0.45083016	0.094495766	0.88690895	-1.7234022e-17	0	426.1893
2.8874999999999675e-10	0.45035326	0.09434738	0.8871712	-1.7234402e-17	0	426.1893
2.888499999999968e-10	0.44987744	0.09419669	0.88743263	-1.7234781e-17	0	426.1893
2.889499999999968e-10	0.44940272	0.09404369	0.8876934	-1.723516e-17	0	426.1893
2.8904999999999685e-10	0.44892916	0.09388839	0.8879535	-1.7235536e-17	0	426.1893
2.891499999999969e-10	0.4484567	0.09373082	0.8882128	-1.7235911e-17	0	426.1893
2.892499999999969e-10	0.44798544	0.093570955	0.8884715	-1.7236288e-17	0	426.1893
2.8934999999999694e-10	0.44751534	0.09340882	0.88872945	-1.723666e-17	0	426.1893
2.8944999999999697e-10	0.44704634	0.09324443	0.8889867	-1.7237041e-17	0	426.1893
2.89549999999997e-10	0.44657853	0.093077786	0.8892431	-1.7237408e-17	0	426.1893
2.8964999999999703e-10	0.44611198	0.09290889	0.8894989	-1.7237777e-17	0	426.1893
2.8974999999999706e-10	0.4456466	0.09273775	0.8897539	-1.7238154e-17	0	426.1893
2.898499999999971e-10	0.44518238	0.09256439	0.8900081	-1.723852e-17	0	426.1893
2.899499999999971e-10	0.4447195	0.092388794	0.8902616	-1.7238896e-17	0	426.1893
2.9004999999999715e-10	0.44425786	0.09221098	0.8905143	-1.7239265e-17	0	426.1893
2.901499999999972e-10	0.44379747	0.09203097	0.8907664	-1.723963e-17	0	426.1893
2.902499999999972e-10	0.44333827	0.09184876	0.89101756	-1.724e-17	0	426.1893
2.9034999999999724e-10	0.4428804	0.091664344	0.891268	-1.7240365e-17	0	426.1893
2.904499999999973e-10	0.44242382	0.09147777	0.89151764	-1.7240725e-17	0	426.1893
2.905499999999973e-10	0.4419685	0.091289006	0.8917665	-1.7241096e-17	0	426.1893
2.9064999999999734e-10	0.44151455	0.09109808	0.8920146	-1.724146e-17	0	426.1893
2.9074999999999737e-10	0.44106188	0.090904996	0.8922618	-1.7241819e-17	0	426.1893
2.908499999999974e-10	0.44061053	0.09070977	0.8925083	-1.7242178e-17	0	426.1893
2.9094999999999743e-10	0.44016057	0.0905124	0.892754	-1.7242537e-17	0	426.1893
2.9104999999999746e-10	0.43971193	0.090312906	0.89299893	-1.7242904e-17	0	426.1893
2.911499999999975e-10	0.4392647	0.090111285	0.89324296	-1.7243263e-17	0	426.1893
2.912499999999975e-10	0.43881887	0.089907564	0.89348614	-1.7243619e-17	0	426.1893
2.9134999999999755e-10	0.43837437	0.08970173	0.89372855	-1.724397e-17	0	426.1893
2.914499999999976e-10	0.4379313	0.08949379	0.89397013	-1.7244322e-17	0	426.1893
2.915499999999976e-10	0.4374896	0.08928379	0.8942108	-1.7244681e-17	0	426.1893
2.9164999999999764e-10	0.4370494	0.08907169	0.8944507	-1.7245038e-17	0	426.1893
2.917499999999977e-10	0.43661058	0.08885754	0.89468986	-1.724539e-17	0	426.1893
2.918499999999977e-10	0.43612504	0.08875341	0.8949405	-1.8026631e-17	0	421.13647
2.9194999999999774e-10	0.43564048	0.08864672	0.8951905	-1.8027e-17	0	421.13647
2.9204999999999777e-10	0.43515688	0.08853749	0.89544	-1.8027376e-17	0	421.13647
2.921499999999978e-10	0.4346743	0.088425726	0.89568883	-1.802775e-17	0	421.13647
2.9224999999999783e-10	0.43419266	0.08831144	0.8959372	-1.8028109e-17	0	421.13647
2.9234999999999786e-10	0.43371207	0.08819462	0.8961849	-1.8028483e-17	0	421.13647
2.924499999999979e-10	0.4332325	0.088075295	0.8964319	-1.8028846e-17	0	421.13647
2.925499999999979e-10	0.43275395	0.08795347	0.89667845	-1.8029224e-17	0	421.13647
2.9264999999999795e-10	0.43227652	0.087829135	0.89692414	-1.8029588e-17	0	421.13647
2.92749999999998e-10	0.43180007	0.087702334	0.89716935	-1.8029957e-17	0	421.13647
2.92849999999998e-10	0.43132478	0.08757304	0.8974139	-1.8030314e-17	0	421.13647
2.9294999999999804e-10	0.43085057	0.087441266	0.8976579	-1.803068e-17	0	421.13647
2.9304999999999807e-10	0.43037742	0.08730704	0.8979011	-1.8031043e-17	0	421.13647
2.931499999999981e-10	0.42990544	0.087170355	0.8981437	-1.8031407e-17	0	421.13647
2.9324999999999813e-10	0.4294346	0.087031215	0.8983856	-1.8031771e-17	0	421.13647
2.9334999999999816e-10	0.42896488	0.08688964	0.89862686	-1.8032132e-17	0	421.13647
2.934499999999982e-10	0.42849633	0.08674565	0.89886755	-1.803249e-17	0	421.13647
2.9354999999999823e-10	0.428029	0.086599216	0.8991075	-1.803285e-17	0	421.13647
2.9364999999999826e-10	0.42756286	0.08645038	0.8993467	-1.8033209e-17	0	421.13647
2.937499999999983e-10	0.4270979	0.08629914	0.89958525	-1.8033565e-17	0	421.13647
2.938499999999983e-10	0.4266341	0.0861455	0.89982307	-1.8033919e-17	0	421.13647
2.9394999999999835e-10	0.4261716	0.085989475	0.90006024	-1.8034283e-17	0	421.13647
2.940499999999984e-10	0.42571032	0.085831076	0.9002967	-1.8034632e-17	0	421.13647
2.941499999999984e-10	0.42525035	0.0856703	0.9005325	-1.8034986e-17	0	421.13647
2.9424999999999844e-10	0.4247916	0.08550717	0.9007675	-1.8035338e-17	0	421.13647
2.9434999999999847e-10	0.42433414	0.085341685	0.9010017	-1.8035689e-17	0	421.13647
2.944499999999985e-10	0.423878	0.08517387	0.9012353	-1.8036043e-17	0	421.13647
2.9454999999999853e-10	0.42342314	0.085003726	0.90146816	-1.8036387e-17	0	421.13647
2.9464999999999856e-10	0.42296964	0.08483125	0.90170014	-1.8036743e-17	0	421.13647
2.947499999999986e-10	0.42251736	0.08465646	0.9019315	-1.8037087e-17	0	421.13647
2.948499999999986e-10	0.42206657	0.08447938	0.9021622	-1.8037438e-17	0	421.13647
2.9494999999999866e-10	0.4216171	0.08429999	0.90239185	-1.8037772e-17	0	421.13647
2.950499999999987e-10	0.42116898	0.08411832	0.9026209	-1.8038119e-17	0	421.13647
2.951499999999987e-10	0.42072225	0.08393439	0.90284926	-1.803846e-17	0	421.13647
2.9524999999999875e-10	0.42027688	0.0837482	0.90307677	-1.803881e-17	0	421.13647
2.953499999999988e-10	0.41983294	0.08355973	0.90330344	-1.8039153e-17	0	421.13647
2.954499999999988e-10	0.41939047	0.08336903	0.9035295	-1.803949e-17	0	421.13647
2.9554999999999884e-10	0.41894943	0.0831761	0.9037546	-1.803983e-17	0	421.13647
2.9564999999999887e-10	0.41850978	0.082980946	0.90397894	-1.8040174e-17	0	421.13647
2.957499999999989e-10	0.4180716	0.08278357	0.9042025	-1.804051e-17	0	421.13647
2.9584999999999893e-10	0.41763496	0.082584	0.90442526	-1.8040847e-17	0	421.13647
2.9594999999999896e-10	0.41719976	0.08238225	0.90464723	-1.8041183e-17	0	421.13647
2.96049999999999e-10	0.41676602	0.08217829	0.90486836	-1.8041522e-17	0	421.13647
2.96149999999999e-10	0.41633382	0.081972174	0.90508866	-1.804185e-17	0	421.13647
2.9624999999999905e-10	0.4159031	0.08176389	0.9053081	-1.8042187e-17	0	421.13647
2.963499999999991e-10	0.4154739	0.08155345	0.90552676	-1.804252e-17	0	421.13647
2.964499999999991e-10	0.41504633	0.08134089	0.90574455	-1.804285e-17	0	421.13647
2.9654999999999915e-10	0.41462028	0.0811262	0.9059615	-1.804319e-17	0	421.13647
2.966499999999992e-10	0.41419575	0.08090937	0.90617764	-1.8043514e-17	0	421.13647
2.967499999999992e-10	0.41377282	0.08069045	0.906393	-1.8043838e-17	0	421.13647
2.9684999999999924e-10	0.41335148	0.08046943	0.9066074	-1.804417e-17	0	421.13647
2.9694999999999927e-10	0.41293177	0.08024633	0.906821	-1.8044492e-17	0	421.13647
2.970499999999993e-10	0.4125136	0.08002115	0.9070336	-1.8044824e-17	0	421.13647
2.9714999999999933e-10	0.4120971	0.079793915	0.90724546	-1.8045145e-17	0	421.13647
2.9724999999999936e-10	0.4116822	0.07956462	0.9074564	-1.8045468e-17	0	421.13647
2.973499999999994e-10	0.41126898	0.079333276	0.90766644	-1.8045795e-17	0	421.13647
2.974499999999994e-10	0.41085738	0.079099916	0.90787566	-1.8046111e-17	0	421.13647
2.9754999999999945e-10	0.41044742	0.078864545	0.9080839	-1.8046426e-17	0	421.13647
2.976499999999995e-10	0.41003922	0.078627154	0.9082913	-1.8046755e-17	0	421.13647
2.977499999999995e-10	0.40963262	0.078387775	0.9084979	-1.8047078e-17	0	421.13647
2.9784999999999955e-10	0.40922776	0.07814641	0.9087035	-1.8047394e-17	0	421.13647
2.979499999999996e-10	0.40882462	0.07790307	0.9089082	-1.8047708e-17	0	421.13647
2.980499999999996e-10	0.40842316	0.07765779	0.909112	-1.8048025e-17	0	421.13647
2.9814999999999964e-10	0.40802345	0.077410534	0.90931475	-1.804834e-17	0	421.13647
2.9824999999999967e-10	0.40762544	0.07716136	0.9095168	-1.8048656e-17	0	421.13647
2.983499999999997e-10	0.40722924	0.07691025	0.9097178	-1.8048968e-17	0	421.13647
2.9844999999999973e-10	0.40683472	0.076657236	0.90991783	-1.8049283e-17	0	421.13647
2.9854999999999976e-10	0.40644205	0.07640232	0.91011715	-1.8049587e-17	0	421.13647
2.986499999999998e-10	0.4060511	0.076145515	0.91031533	-1.8049903e-17	0	421.13647
2.987499999999998e-10	0.405662	0.07588682	0.9105126	-1.8050214e-17	0	421.13647
2.9884999999999985e-10	0.4052746	0.07562629	0.910709	-1.8050525e-17	0	421.13647
2.989499999999999e-10	0.40488905	0.07536389	0.9109044	-1.8050828e-17	0	421.13647
2.990499999999999e-10	0.40450534	0.075099654	0.9110989	-1.8051129e-17	0	421.13647
2.9914999999999994e-10	0.40412349	0.07483359	0.9112924	-1.805144e-17	0	421.13647
2.9925e-10	0.4037434	0.07456571	0.91148496	-1.8051743e-17	0	421.13647
2.9935e-10	0.4033652	0.07429603	0.9116765	-1.8052044e-17	0	421.13647
2.994e-10	0.40317678	0.07416052	0.911772	-1.8052198e-17	0	421.13647
2.9950000000000005e-10	0.40280136	0.07388816	0.91196215	-1.8052502e-17	0	421.13647
2.996000000000001e-10	0.40242782	0.07361402	0.9121512	-1.8052802e-17	0	421.13647
2.997000000000001e-10	0.40205613	0.07333813	0.91233945	-1.8053104e-17	0	421.13647
2.9980000000000014e-10	0.40168637	0.07306049	0.91252667	-1.8053404e-17	0	421.13647
2.9990000000000017e-10	0.40131846	0.07278112	0.9127129	-1.8053703e-17	0	421.13647
3.000000000000002e-10	0.40095243	0.07250003	0.9128981	-1.8053994e-17	0	421.13647
3.0010000000000024e-10	0.40058833	0.07221723	0.9130825	-1.8054297e-17	0	421.13647
3.0020000000000027e-10	0.4002262	0.07193273	0.91326565	-1.805459e-17	0	421.13647
3.003000000000003e-10	0.39986596	0.07164655	0.9134479	-1.805488e-17	0	421.13647
3.0040000000000033e-10	0.39950767	0.071358696	0.9136292	-1.8055177e-17	0	421.13647
3.0050000000000036e-10	0.39915138	0.071069196	0.9138095	-1.805547e-17	0	421.13647
3.006000000000004e-10	0.39879698	0.07077805	0.9139887	-1.8055758e-17	0	421.13647
3.007000000000004e-10	0.39844456	0.07048527	0.9141669	-1.8056046e-17	0	421.13647
3.0080000000000045e-10	0.3980941	0.07019088	0.91434413	-1.8056342e-17	0	421.13647
3.009000000000005e-10	0.39774564	0.06989487	0.9145204	-1.8056633e-17	0	421.13647
3.010000000000005e-10	0.39739913	0.06959729	0.9146956	-1.805691e-17	0	421.13647
3.0110000000000054e-10	0.39705464	0.06929811	0.9148697	-1.80572e-17	0	421.13647
3.0120000000000057e-10	0.39671218	0.06899738	0.9150429	-1.8057492e-17	0	421.13647
3.013000000000006e-10	0.39637172	0.0686951	0.91521496	-1.8057775e-17	0	421.13647
3.0140000000000063e-10	0.3960333	0.06839127	0.9153861	-1.8058056e-17	0	421.13647
3.0150000000000066e-10	0.39569688	0.068085924	0.9155562	-1.8058339e-17	0	421.13647
3.016000000000007e-10	0.3953625	0.06777906	0.9157252	-1.8058625e-17	0	421.13647
3.0170000000000073e-10	0.39503014	0.0674707	0.9158931	-1.8058905e-17	0	421.13647
3.0180000000000076e-10	0.39467978	0.06721142	0.916065	-1.8852078e-17	0	416.28595
3.019000000000008e-10	0.3943111	0.067000896	0.916241	-1.8852333e-17	0	416.28595
3.020000000000008e-10	0.39394403	0.06678847	0.9164161	-1.8852593e-17	0	416.28595
3.0210000000000085e-10	0.3935786	0.066574164	0.91659045	-1.8852854e-17	0	416.28595
3.022000000000009e-10	0.39321476	0.06635796	0.91676414	-1.8853109e-17	0	416.28595
3.023000000000009e-10	0.3928526	0.06613991	0.9169367	-1.8853369e-17	0	416.28595
3.0240000000000094e-10	0.39249206	0.06591998	0.91710865	-1.8853623e-17	0	416.28595
3.0250000000000097e-10	0.39213318	0.06569823	0.91727984	-1.8853873e-17	0	416.28595
3.02600000000001e-10	0.39177603	0.06547464	0.9174502	-1.8854133e-17	0	416.28595
3.0270000000000103e-10	0.39142048	0.06524922	0.9176195	-1.8854383e-17	0	416.28595
3.0280000000000106e-10	0.39106667	0.065022	0.9177882	-1.8854639e-17	0	416.28595
3.029000000000011e-10	0.39071456	0.06479299	0.91795594	-1.8854887e-17	0	416.28595
3.030000000000011e-10	0.39036414	0.064562194	0.91812295	-1.8855142e-17	0	416.28595
3.0310000000000116e-10	0.39001542	0.064329624	0.9182891	-1.8855385e-17	0	416.28595
3.032000000000012e-10	0.38966846	0.0640953	0.9184543	-1.8855632e-17	0	416.28595
3.033000000000012e-10	0.3893233	0.06385924	0.91861874	-1.8855883e-17	0	416.28595
3.0340000000000125e-10	0.3889798	0.06362144	0.91878235	-1.8856133e-17	0	416.28595
3.035000000000013e-10	0.38863808	0.06338192	0.9189451	-1.885638e-17	0	416.28595
3.036000000000013e-10	0.38829812	0.06314068	0.9191069	-1.8856626e-17	0	416.28595
3.0370000000000134e-10	0.38795993	0.06289776	0.91926783	-1.885687e-17	0	416.28595
3.0380000000000137e-10	0.3876236	0.062653154	0.91942793	-1.8857117e-17	0	416.28595
3.039000000000014e-10	0.387289	0.06240688	0.91958725	-1.8857357e-17	0	416.28595
3.0400000000000143e-10	0.38695621	0.062158946	0.9197456	-1.8857602e-17	0	416.28595
3.0410000000000146e-10	0.3866253	0.061909374	0.91990304	-1.8857844e-17	0	416.28595
3.042000000000015e-10	0.38629606	0.061658163	0.9200597	-1.8858075e-17	0	416.28595
3.043000000000015e-10	0.38596877	0.061405342	0.9202154	-1.8858317e-17	0	416.28595
3.0440000000000155e-10	0.38564327	0.061150916	0.9203703	-1.8858557e-17	0	416.28595
3.045000000000016e-10	0.38531962	0.060894888	0.9205242	-1.88588e-17	0	416.28595
3.046000000000016e-10	0.38499784	0.060637288	0.9206773	-1.885904e-17	0	416.28595
3.0470000000000165e-10	0.3846779	0.060378123	0.92082936	-1.8859275e-17	0	416.28595
3.048000000000017e-10	0.3843599	0.06011741	0.9209807	-1.885951e-17	0	416.28595
3.049000000000017e-10	0.38404363	0.05985515	0.92113096	-1.8859746e-17	0	416.28595
3.0500000000000174e-10	0.3837294	0.059591368	0.92128044	-1.8859976e-17	0	416.28595
3.0510000000000177e-10	0.38341698	0.05932607	0.92142904	-1.8860216e-17	0	416.28595
3.052000000000018e-10	0.38310647	0.059059273	0.92157656	-1.8860451e-17	0	416.28595
3.0530000000000183e-10	0.38279787	0.058790997	0.92172337	-1.8860671e-17	0	416.28595
3.0540000000000186e-10	0.38249117	0.05852124	0.92186904	-1.8860909e-17	0	416.28595
3.055000000000019e-10	0.3821864	0.058250025	0.922014	-1.8861142e-17	0	416.28595
3.056000000000019e-10	0.38188362	0.057977367	0.9221578	-1.8861369e-17	0	416.28595
3.0570000000000195e-10	0.38158268	0.057703275	0.9223009	-1.8861589e-17	0	416.28595
3.05800000000002e-10	0.38128373	0.057427756	0.922443	-1.8861824e-17	0	416.28595
3.05900000000002e-10	0.38098675	0.05715085	0.9225841	-1.8862049e-17	0	416.28595
3.0600000000000205e-10	0.38069174	0.05687254	0.92272437	-1.8862279e-17	0	416.28595
3.061000000000021e-10	0.38039866	0.05659285	0.9228636	-1.8862497e-17	0	416.28595
3.062000000000021e-10	0.38010758	0.056311794	0.923002	-1.8862729e-17	0	416.28595
3.0630000000000214e-10	0.37981844	0.056029387	0.92313945	-1.8862946e-17	0	416.28595
3.0640000000000217e-10	0.37953126	0.05574565	0.9232758	-1.8863174e-17	0	416.28595
3.065000000000022e-10	0.37924615	0.055460587	0.92341137	-1.8863397e-17	0	416.28595
3.0660000000000223e-10	0.37896305	0.05517421	0.9235459	-1.8863617e-17	0	416.28595
3.0670000000000226e-10	0.37868184	0.05488654	0.92367953	-1.886383e-17	0	416.28595
3.068000000000023e-10	0.37840274	0.054597594	0.92381215	-1.8864052e-17	0	416.28595
3.069000000000023e-10	0.37812564	0.05430737	0.9239439	-1.8864274e-17	0	416.28595
3.0700000000000235e-10	0.37785053	0.054015893	0.9240746	-1.8864489e-17	0	416.28595
3.071000000000024e-10	0.37757748	0.053723175	0.9242044	-1.886471e-17	0	416.28595
3.072000000000024e-10	0.37730643	0.053429235	0.9243333	-1.8864934e-17	0	416.28595
3.0730000000000244e-10	0.37703747	0.053134076	0.9244611	-1.8865146e-17	0	416.28595
3.074000000000025e-10	0.37677053	0.052837722	0.9245881	-1.8865354e-17	0	416.28595
3.075000000000025e-10	0.3765056	0.052540183	0.9247139	-1.8865574e-17	0	416.28595
3.0760000000000254e-10	0.37624276	0.05224147	0.92483884	-1.8865781e-17	0	416.28595
3.0770000000000257e-10	0.375982	0.051941603	0.9249628	-1.8866001e-17	0	416.28595
3.078000000000026e-10	0.37572327	0.051640593	0.9250859	-1.8866206e-17	0	416.28595
3.0790000000000263e-10	0.37546664	0.051338457	0.9252079	-1.8866423e-17	0	416.28595
3.0800000000000266e-10	0.37521207	0.051035196	0.925329	-1.886664e-17	0	416.28595
3.081000000000027e-10	0.37495962	0.050730847	0.925449	-1.886684e-17	0	416.28595
3.082000000000027e-10	0.37470925	0.05042541	0.92556816	-1.8867057e-17	0	416.28595
3.0830000000000275e-10	0.3744609	0.050118893	0.92568624	-1.8867262e-17	0	416.28595
3.084000000000028e-10	0.3742147	0.049811322	0.9258033	-1.8867469e-17	0	416.28595
3.085000000000028e-10	0.3739706	0.049502704	0.92591953	-1.886767e-17	0	416.28595
3.0860000000000284e-10	0.37372857	0.049193062	0.9260346	-1.8867879e-17	0	416.28595
3.0870000000000287e-10	0.3734887	0.048882395	0.9261488	-1.8868082e-17	0	416.28595
3.088000000000029e-10	0.37325093	0.048570737	0.92626196	-1.8868291e-17	0	416.28595
3.0890000000000293e-10	0.37301525	0.048258085	0.9263742	-1.8868491e-17	0	416.28595
3.0900000000000297e-10	0.37278172	0.047944464	0.92648536	-1.88687e-17	0	416.28595
3.09100000000003e-10	0.3725503	0.04762988	0.9265956	-1.88689e-17	0	416.28595
3.0920000000000303e-10	0.372321	0.047314353	0.92670476	-1.8869102e-17	0	416.28595
3.0930000000000306e-10	0.3720939	0.046997897	0.926813	-1.8869302e-17	0	416.28595
3.094000000000031e-10	0.37186885	0.046680525	0.92692024	-1.8869494e-17	0	416.28595
3.095000000000031e-10	0.371646	0.04636225	0.9270264	-1.8869702e-17	0	416.28595
3.0960000000000315e-10	0.37142524	0.046043087	0.9271316	-1.8869896e-17	0	416.28595
3.097000000000032e-10	0.37120667	0.04572305	0.92723584	-1.8870097e-17	0	416.28595
3.098000000000032e-10	0.37099022	0.045402154	0.9273391	-1.8870293e-17	0	416.28595
3.0990000000000324e-10	0.37077594	0.045080416	0.92744136	-1.8870493e-17	0	416.28595
3.1000000000000327e-10	0.3705638	0.044757843	0.9275424	-1.8870685e-17	0	416.28595
3.101000000000033e-10	0.37035388	0.04443446	0.9276427	-1.8870878e-17	0	416.28595
3.1020000000000333e-10	0.37014604	0.044110276	0.9277419	-1.887107e-17	0	416.28595
3.1030000000000336e-10	0.3699404	0.043785296	0.92784	-1.887127e-17	0	416.28595
3.104000000000034e-10	0.36973694	0.043459546	0.92793715	-1.8871466e-17	0	416.28595
3.105000000000034e-10	0.36953562	0.043133043	0.92803335	-1.8871646e-17	0	416.28595
3.1060000000000346e-10	0.3693365	0.04280579	0.9281286	-1.8871848e-17	0	416.28595
3.107000000000035e-10	0.36913955	0.042477805	0.9282228	-1.8872038e-17	0	416.28595
3.108000000000035e-10	0.36894482	0.04214911	0.9283159	-1.8872223e-17	0	416.28595
3.1090000000000355e-10	0.36875218	0.04181971	0.92840797	-1.8872412e-17	0	416.28595
3.110000000000036e-10	0.3685618	0.041489623	0.9284991	-1.887261e-17	0	416.28595
3.111000000000036e-10	0.36837354	0.041158862	0.9285892	-1.887279e-17	0	416.28595
3.1120000000000364e-10	0.36818752	0.040827442	0.92867833	-1.8872984e-17	0	416.28595
3.1130000000000367e-10	0.36800367	0.040495384	0.92876637	-1.8873173e-17	0	416.28595
3.114000000000037e-10	0.36782196	0.04016269	0.9288535	-1.8873358e-17	0	416.28595
3.1150000000000373e-10	0.36764252	0.03982938	0.9289396	-1.8873538e-17	0	416.28595
3.1160000000000376e-10	0.36746526	0.039495472	0.9290245	-1.8873724e-17	0	416.28595
3.117000000000038e-10	0.36729014	0.03916097	0.9291086	-1.8873902e-17	0	416.28595
3.118000000000038e-10	0.36710188	0.03887265	0.92919576	-1.9666892e-17	0	411.62967
3.1190000000000386e-10	0.36690015	0.038630247	0.92928624	-1.9667035e-17	0	411.62967
3.120000000000039e-10	0.36670014	0.03838694	0.9293759	-1.9667179e-17	0	411.62967
3.121000000000039e-10	0.36650187	0.038142737	0.9294647	-1.966731e-17	0	411.62967
3.1220000000000395e-10	0.36630535	0.037897646	0.92955285	-1.9667455e-17	0	411.62967
3.12300000000004e-10	0.36611062	0.03765169	0.9296402	-1.9667589e-17	0	411.62967
3.12400000000004e-10	0.36591765	0.03740488	0.9297266	-1.9667726e-17	0	411.62967
3.1250000000000404e-10	0.36572644	0.03715722	0.92981243	-1.966786e-17	0	411.62967
3.1260000000000407e-10	0.36553702	0.03690873	0.9298972	-1.9667998e-17	0	411.62967
3.127000000000041e-10	0.36534932	0.036659416	0.92998147	-1.9668132e-17	0	411.62967
3.1280000000000413e-10	0.36516348	0.036409296	0.93006486	-1.966827e-17	0	411.62967
3.1290000000000416e-10	0.3649794	0.036158383	0.93014735	-1.9668406e-17	0	411.62967
3.130000000000042e-10	0.36479706	0.03590668	0.9302292	-1.9668538e-17	0	411.62967
3.131000000000042e-10	0.36461657	0.035654213	0.9303102	-1.9668668e-17	0	411.62967
3.1320000000000425e-10	0.3644378	0.035400987	0.9303904	-1.9668798e-17	0	411.62967
3.133000000000043e-10	0.36426088	0.03514701	0.9304699	-1.9668942e-17	0	411.62967
3.134000000000043e-10	0.3640857	0.034892302	0.9305484	-1.9669068e-17	0	411.62967
3.1350000000000435e-10	0.3639124	0.034636874	0.9306263	-1.9669205e-17	0	411.62967
3.136000000000044e-10	0.36374083	0.03438074	0.9307033	-1.966933e-17	0	411.62967
3.137000000000044e-10	0.3635711	0.03412391	0.9307795	-1.9669462e-17	0	411.62967
3.1380000000000444e-10	0.3634032	0.03386639	0.930855	-1.9669594e-17	0	411.62967
3.1390000000000447e-10	0.36323705	0.033608206	0.93092954	-1.9669721e-17	0	411.62967
3.140000000000045e-10	0.36307275	0.033349358	0.9310034	-1.966985e-17	0	411.62967
3.1410000000000453e-10	0.36291027	0.03308987	0.93107647	-1.9669978e-17	0	411.62967
3.1420000000000456e-10	0.36274958	0.032829743	0.93114877	-1.9670105e-17	0	411.62967
3.143000000000046e-10	0.36259073	0.032569	0.9312201	-1.9670239e-17	0	411.62967
3.144000000000046e-10	0.36243367	0.03230764	0.93129075	-1.9670363e-17	0	411.62967
3.1450000000000465e-10	0.36227846	0.032045692	0.9313606	-1.9670489e-17	0	411.62967
3.146000000000047e-10	0.3621251	0.03178316	0.9314296	-1.967062e-17	0	411.62967
3.147000000000047e-10	0.36197346	0.031520054	0.9314978	-1.9670745e-17	0	411.62967
3.1480000000000474e-10	0.3618238	0.031256385	0.9315652	-1.9670866e-17	0	411.62967
3.149000000000048e-10	0.36167586	0.030992175	0.93163186	-1.9670992e-17	0	411.62967
3.150000000000048e-10	0.36152974	0.030727431	0.9316977	-1.9671114e-17	0	411.62967
3.1510000000000484e-10	0.36138552	0.030462163	0.93176264	-1.967124e-17	0	411.62967
3.1520000000000487e-10	0.36124307	0.030196385	0.931827	-1.9671366e-17	0	411.62967
3.153000000000049e-10	0.36110246	0.029930115	0.9318903	-1.967149e-17	0	411.62967
3.1540000000000493e-10	0.36096373	0.029663356	0.93195283	-1.9671614e-17	0	411.62967
3.1550000000000496e-10	0.36082682	0.029396126	0.9320148	-1.967173e-17	0	411.62967
3.15600000000005e-10	0.3606917	0.02912844	0.93207574	-1.9671849e-17	0	411.62967
3.15700000000005e-10	0.36055848	0.028860305	0.93213576	-1.9671975e-17	0	411.62967
3.1580000000000505e-10	0.36042708	0.028591732	0.93219525	-1.9672097e-17	0	411.62967
3.159000000000051e-10	0.3602975	0.028322738	0.9322537	-1.9672218e-17	0	411.62967
3.160000000000051e-10	0.36016977	0.028053334	0.93231153	-1.9672339e-17	0	411.62967
3.1610000000000514e-10	0.3600439	0.027783535	0.9323685	-1.967246e-17	0	411.62967
3.1620000000000517e-10	0.35991985	0.027513346	0.93242466	-1.9672572e-17	0	411.62967
3.163000000000052e-10	0.35979763	0.027242785	0.93248	-1.9672694e-17	0	411.62967
3.1640000000000524e-10	0.35967726	0.026971862	0.9325345	-1.9672817e-17	0	411.62967
3.1650000000000527e-10	0.3595587	0.026700594	0.9325883	-1.9672934e-17	0	411.62967
3.166000000000053e-10	0.359442	0.026428984	0.9326412	-1.9673052e-17	0	411.62967
3.1670000000000533e-10	0.3593272	0.026157055	0.9326933	-1.9673169e-17	0	411.62967
3.1680000000000536e-10	0.35921413	0.02588481	0.9327447	-1.9673283e-17	0	411.62967
3.169000000000054e-10	0.359103	0.025612269	0.93279517	-1.9673399e-17	0	411.62967
3.170000000000054e-10	0.35899368	0.025339436	0.9328449	-1.9673511e-17	0	411.62967
3.1710000000000545e-10	0.35888615	0.02506633	0.93289375	-1.9673634e-17	0	411.62967
3.172000000000055e-10	0.3587805	0.024792958	0.9329419	-1.967375e-17	0	411.62967
3.173000000000055e-10	0.35867667	0.02451934	0.9329892	-1.9673854e-17	0	411.62967
3.1740000000000554e-10	0.3585747	0.024245476	0.93303573	-1.9673971e-17	0	411.62967
3.1750000000000557e-10	0.35847455	0.023971386	0.9330814	-1.967409e-17	0	411.62967
3.176000000000056e-10	0.35837626	0.023697086	0.93312633	-1.9674205e-17	0	411.62967
3.1770000000000563e-10	0.35827976	0.02342258	0.93317044	-1.9674316e-17	0	411.62967
3.1780000000000566e-10	0.3581852	0.023147881	0.9332137	-1.9674425e-17	0	411.62967
3.179000000000057e-10	0.35809237	0.022873005	0.93325615	-1.9674536e-17	0	411.62967
3.1800000000000573e-10	0.3580014	0.022597961	0.9332979	-1.9674643e-17	0	411.62967
3.1810000000000576e-10	0.35791227	0.022322763	0.93333876	-1.9674762e-17	0	411.62967
3.182000000000058e-10	0.35782498	0.02204742	0.93337893	-1.9674875e-17	0	411.62967
3.183000000000058e-10	0.3577395	0.021771945	0.9334182	-1.9674984e-17	0	411.62967
3.1840000000000585e-10	0.35765588	0.021496354	0.93345666	-1.9675096e-17	0	411.62967
3.185000000000059e-10	0.35757405	0.02122065	0.93349445	-1.96752e-17	0	411.62967
3.186000000000059e-10	0.35749406	0.020944856	0.9335314	-1.967531e-17	0	411.62967
3.1870000000000594e-10	0.35741585	0.020668976	0.93356746	-1.9675422e-17	0	411.62967
3.1880000000000597e-10	0.3573395	0.020393021	0.93360287	-1.9675528e-17	0	411.62967
3.18900000000006e-10	0.357265	0.020117005	0.9336374	-1.9675636e-17	0	411.62967
3.1900000000000603e-10	0.35719228	0.019840943	0.9336711	-1.9675747e-17	0	411.62967
3.1910000000000606e-10	0.35712135	0.019564845	0.93370414	-1.9675849e-17	0	411.62967
3.192000000000061e-10	0.3570523	0.019288717	0.9337363	-1.9675958e-17	0	411.62967
3.193000000000061e-10	0.35698503	0.019012578	0.9337677	-1.9676069e-17	0	411.62967
3.1940000000000616e-10	0.3569196	0.018736435	0.93379825	-1.9676178e-17	0	411.62967
3.195000000000062e-10	0.3568559	0.018460302	0.9338281	-1.967628e-17	0	411.62967
3.196000000000062e-10	0.3567941	0.01818419	0.9338571	-1.9676387e-17	0	411.62967
3.1970000000000625e-10	0.35673404	0.017908107	0.93388534	-1.9676491e-17	0	411.62967
3.198000000000063e-10	0.3566758	0.01763207	0.93391293	-1.9676594e-17	0	411.62967
3.199000000000063e-10	0.35661936	0.01735609	0.9339395	-1.9676701e-17	0	411.62967
3.2000000000000634e-10	0.35656467	0.017080175	0.93396544	-1.9676805e-17	0	411.62967
3.2010000000000637e-10	0.35651183	0.016804338	0.93399066	-1.9676913e-17	0	411.62967
3.202000000000064e-10	0.35646075	0.016528588	0.9340149	-1.9677017e-17	0	411.62967
3.2030000000000643e-10	0.3564115	0.016252939	0.9340385	-1.9677115e-17	0	411.62967
3.2040000000000646e-10	0.35636398	0.015977403	0.93406135	-1.9677214e-17	0	411.62967
3.205000000000065e-10	0.3563183	0.01570199	0.93408334	-1.967732e-17	0	411.62967
3.206000000000065e-10	0.35627434	0.015426709	0.93410456	-1.9677424e-17	0	411.62967
3.2070000000000655e-10	0.35623217	0.015151575	0.9341251	-1.9677528e-17	0	411.62967
3.208000000000066e-10	0.35619178	0.014876595	0.93414485	-1.9677626e-17	0	411.62967
3.209000000000066e-10	0.35615316	0.014601783	0.9341637	-1.9677725e-17	0	411.62967
3.2100000000000665e-10	0.3561163	0.014327151	0.9341819	-1.9677831e-17	0	411.62967
3.211000000000067e-10	0.35608122	0.014052707	0.93419945	-1.967793e-17	0	411.62967
3.212000000000067e-10	0.35604787	0.013778463	0.934216	-1.9678031e-17	0	411.62967
3.2130000000000674e-10	0.35601628	0.013504431	0.93423194	-1.9678134e-17	0	411.62967
3.2140000000000677e-10	0.35598648	0.01323062	0.93424714	-1.9678228e-17	0	411.62967
3.215000000000068e-10	0.3559584	0.012957043	0.93426156	-1.9678336e-17	0	411.62967
3.2160000000000683e-10	0.35593206	0.012683709	0.93427515	-1.9678423e-17	0	411.62967
3.2170000000000686e-10	0.35590744	0.012410629	0.9342881	-1.9678528e-17	0	411.62967
3.218000000000069e-10	0.35587332	0.012182523	0.93430394	-2.0459585e-17	0	407.15985
3.219000000000069e-10	0.35582924	0.011999181	0.9343229	-2.045964e-17	0	407.15985
3.2200000000000695e-10	0.3557864	0.011815837	0.93434143	-2.0459702e-17	0	407.15985
3.22100000000007e-10	0.35574478	0.0116324965	0.93435943	-2.0459762e-17	0	407.15985
3.22200000000007e-10	0.35570446	0.011449171	0.9343768	-2.0459808e-17	0	407.15985
3.2230000000000705e-10	0.3556653	0.011265866	0.93439376	-2.0459859e-17	0	407.15985
3.224000000000071e-10	0.35562748	0.011082592	0.9344101	-2.0459917e-17	0	407.15985
3.225000000000071e-10	0.35559085	0.010899355	0.93442607	-2.0459975e-17	0	407.15985
3.2260000000000714e-10	0.35555544	0.010716163	0.9344414	-2.0460028e-17	0	407.15985
3.2270000000000717e-10	0.35552123	0.0105330255	0.9344563	-2.0460082e-17	0	407.15985
3.228000000000072e-10	0.35548833	0.010349948	0.93447065	-2.0460132e-17	0	407.15985
3.2290000000000723e-10	0.35545662	0.01016694	0.9344845	-2.0460187e-17	0	407.15985
3.2300000000000726e-10	0.3554262	0.009984012	0.9344978	-2.0460251e-17	0	407.15985
3.231000000000073e-10	0.35539693	0.009801167	0.93451065	-2.0460301e-17	0	407.15985
3.232000000000073e-10	0.3553689	0.0096184155	0.934523	-2.046035e-17	0	407.15985
3.2330000000000735e-10	0.35534206	0.009435767	0.9345347	-2.0460403e-17	0	407.15985
3.234000000000074e-10	0.35531652	0.009253227	0.934546	-2.0460456e-17	0	407.15985
3.235000000000074e-10	0.35529217	0.009070804	0.9345568	-2.0460511e-17	0	407.15985
3.2360000000000744e-10	0.35526899	0.008888505	0.9345671	-2.0460566e-17	0	407.15985
3.237000000000075e-10	0.35524705	0.00870634	0.9345769	-2.0460615e-17	0	407.15985
3.238000000000075e-10	0.35522637	0.0085243145	0.9345861	-2.0460665e-17	0	407.15985
3.2390000000000754e-10	0.35520685	0.008342437	0.9345949	-2.0460716e-17	0	407.15985
3.2400000000000757e-10	0.35518855	0.008160716	0.9346032	-2.046077e-17	0	407.15985
3.241000000000076e-10	0.3551714	0.007979159	0.93461096	-2.0460825e-17	0	407.15985
3.2420000000000763e-10	0.3551555	0.007797773	0.93461823	-2.0460872e-17	0	407.15985
3.2430000000000766e-10	0.35514084	0.0076165646	0.93462497	-2.046093e-17	0	407.15985
3.244000000000077e-10	0.35512727	0.007435544	0.9346313	-2.0460978e-17	0	407.15985
3.245000000000077e-10	0.355115	0.007254717	0.9346371	-2.046103e-17	0	407.15985
3.2460000000000775e-10	0.35510385	0.0070740907	0.9346424	-2.0461085e-17	0	407.15985
3.247000000000078e-10	0.35509387	0.006893674	0.9346472	-2.0461131e-17	0	407.15985
3.248000000000078e-10	0.3550851	0.0067134737	0.93465143	-2.0461178e-17	0	407.15985
3.2490000000000784e-10	0.35507753	0.006533498	0.9346553	-2.046123e-17	0	407.15985
3.2500000000000787e-10	0.35507113	0.0063537527	0.93465865	-2.0461282e-17	0	407.15985
3.251000000000079e-10	0.35506588	0.006174247	0.9346614	-2.0461328e-17	0	407.15985
3.2520000000000793e-10	0.35506183	0.0059949867	0.93466383	-2.0461373e-17	0	407.15985
3.2530000000000797e-10	0.35505897	0.0058159796	0.9346658	-2.0461432e-17	0	407.15985
3.25400000000008e-10	0.35505718	0.005637233	0.9346671	-2.0461484e-17	0	407.15985
3.2550000000000803e-10	0.35505664	0.0054587545	0.93466794	-2.0461532e-17	0	407.15985
3.2560000000000806e-10	0.35505724	0.005280551	0.9346684	-2.0461578e-17	0	407.15985
3.257000000000081e-10	0.35505897	0.00510263	0.93466836	-2.0461633e-17	0	407.15985
3.258000000000081e-10	0.35506183	0.0049249977	0.9346678	-2.0461676e-17	0	407.15985
3.2590000000000815e-10	0.3550659	0.0047476627	0.9346669	-2.0461727e-17	0	407.15985
3.260000000000082e-10	0.35507113	0.004570631	0.9346654	-2.0461773e-17	0	407.15985
3.261000000000082e-10	0.35507745	0.004393909	0.9346634	-2.0461816e-17	0	407.15985
3.2620000000000824e-10	0.35508487	0.004217505	0.9346609	-2.0461873e-17	0	407.15985
3.2630000000000827e-10	0.35509348	0.0040414254	0.93465805	-2.0461914e-17	0	407.15985
3.264000000000083e-10	0.35510325	0.0038656776	0.9346547	-2.0461962e-17	0	407.15985
3.2650000000000833e-10	0.35511404	0.003690268	0.9346509	-2.0462018e-17	0	407.15985
3.2660000000000836e-10	0.35512605	0.0035152037	0.9346466	-2.0462061e-17	0	407.15985
3.267000000000084e-10	0.35513914	0.0033404909	0.9346419	-2.0462109e-17	0	407.15985
3.268000000000084e-10	0.35515335	0.0031661373	0.9346366	-2.0462162e-17	0	407.15985
3.2690000000000846e-10	0.3551687	0.0029921492	0.934631	-2.04622e-17	0	407.15985
3.270000000000085e-10	0.3551851	0.0028185337	0.9346248	-2.0462248e-17	0	407.15985
3.271000000000085e-10	0.35520262	0.0026452965	0.93461823	-2.0462298e-17	0	407.15985
3.2720000000000855e-10	0.35522127	0.0024724456	0.9346111	-2.0462352e-17	0	407.15985
3.273000000000086e-10	0.35524097	0.0022999865	0.93460375	-2.04624e-17	0	407.15985
3.274000000000086e-10	0.35526183	0.002127926	0.9345957	-2.0462445e-17	0	407.15985
3.2750000000000864e-10	0.3552837	0.0019562715	0.93458736	-2.046249e-17	0	407.15985
3.2760000000000867e-10	0.35530668	0.0017850283	0.9345784	-2.046254e-17	0	407.15985
3.277000000000087e-10	0.35533077	0.0016142033	0.9345691	-2.0462584e-17	0	407.15985
3.2780000000000873e-10	0.3553559	0.0014438028	0.93455946	-2.046263e-17	0	407.15985
3.2790000000000876e-10	0.3553821	0.0012738338	0.9345492	-2.0462672e-17	0	407.15985
3.280000000000088e-10	0.3554094	0.001104302	0.9345386	-2.0462723e-17	0	407.15985
3.281000000000088e-10	0.3554377	0.0009352138	0.93452746	-2.0462761e-17	0	407.15985
3.2820000000000885e-10	0.35546714	0.0007665755	0.934516	-2.0462809e-17	0	407.15985
3.283000000000089e-10	0.3554976	0.00059839356	0.934504	-2.0462857e-17	0	407.15985
3.284000000000089e-10	0.35552907	0.00043067377	0.9344917	-2.0462898e-17	0	407.15985
3.2850000000000895e-10	0.3555616	0.00026342258	0.9344789	-2.0462951e-17	0	407.15985
3.28600000000009e-10	0.3555952	9.664587e-05	0.93446565	-2.0462993e-17	0	407.15985
3.28700000000009e-10	0.35562983	-6.965017e-05	0.934452	-2.0463034e-17	0	407.15985
3.2880000000000904e-10	0.35566548	-0.00023545945	0.9344379	-2.0463082e-17	0	407.15985
3.2890000000000907e-10	0.35570216	-0.00040077607	0.93442327	-2.046312e-17	0	407.15985
3.290000000000091e-10	0.35573983	-0.0005655942	0.93440837	-2.0463166e-17	0	407.15985
3.2910000000000913e-10	0.35577857	-0.00072990765	0.934393	-2.0463218e-17	0	407.15985
3.2920000000000916e-10	0.3558183	-0.0008937108	0.9343773	-2.046326e-17	0	407.15985
3.293000000000092e-10	0.35585898	-0.0010569978	0.9343611	-2.04633e-17	0	407.15985
3.294000000000092e-10	0.35590073	-0.0012197628	0.9343444	-2.0463352e-17	0	407.15985
3.2950000000000925e-10	0.3559435	-0.001382	0.9343275	-2.046339e-17	0	407.15985
3.296000000000093e-10	0.3559872	-0.0015437038	0.93431	-2.0463436e-17	0	407.15985
3.297000000000093e-10	0.35603192	-0.0017048685	0.93429214	-2.0463477e-17	0	407.15985
3.2980000000000935e-10	0.3560776	-0.0018654886	0.93427396	-2.0463519e-17	0	407.15985
3.299000000000094e-10	0.35612428	-0.0020255584	0.93425536	-2.0463567e-17	0	407.15985
3.300000000000094e-10	0.3561719	-0.0021850723	0.93423617	-2.046361e-17	0	407.15985
3.3010000000000944e-10	0.35622057	-0.002344025	0.93421674	-2.0463653e-17	0	407.15985
3.3020000000000947e-10	0.35627013	-0.002502411	0.9341969	-2.0463702e-17	0	407.15985
3.303000000000095e-10	0.35632068	-0.0026602251	0.93417656	-2.0463734e-17	0	407.15985
3.3040000000000953e-10	0.35637215	-0.0028174613	0.9341559	-2.0463785e-17	0	407.15985
3.3050000000000956e-10	0.3564246	-0.0029741148	0.9341349	-2.0463826e-17	0	407.15985
3.306000000000096e-10	0.356478	-0.00313018	0.93411344	-2.0463878e-17	0	407.15985
3.307000000000096e-10	0.3565323	-0.003285652	0.9340917	-2.0463909e-17	0	407.15985
3.3080000000000965e-10	0.35658756	-0.0034405254	0.93406945	-2.046395e-17	0	407.15985
3.309000000000097e-10	0.35664374	-0.0035947955	0.93404686	-2.0463992e-17	0	407.15985
3.310000000000097e-10	0.3567009	-0.0037484565	0.934024	-2.046404e-17	0	407.15985
3.3110000000000974e-10	0.35675886	-0.0039015037	0.9340006	-2.046408e-17	0	407.15985
3.312000000000098e-10	0.35681778	-0.0040539317	0.9339769	-2.0464124e-17	0	407.15985
3.313000000000098e-10	0.35687762	-0.0042057363	0.9339527	-2.0464164e-17	0	407.15985
3.3140000000000984e-10	0.3569384	-0.004356912	0.93392825	-2.0464208e-17	0	407.15985
3.3150000000000987e-10	0.35700002	-0.0045074536	0.93390334	-2.0464251e-17	0	407.15985
3.316000000000099e-10	0.35706255	-0.0046573575	0.93387824	-2.0464285e-17	0	407.15985
3.3170000000000993e-10	0.35712594	-0.004806617	0.9338527	-2.0464333e-17	0	407.15985
3.3180000000000996e-10	0.3571814	-0.004911492	0.9338303	-2.1225569e-17	0	402.869
3.3190000000001e-10	0.35722846	-0.004972165	0.9338115	-2.1225585e-17	0	402.869
3.3200000000001e-10	0.35727584	-0.0050324327	0.9337924	-2.12256e-17	0	402.869
3.3210000000001005e-10	0.3573236	-0.005092293	0.9337732	-2.1225613e-17	0	402.869
3.322000000000101e-10	0.35737163	-0.0051517463	0.93375385	-2.1225643e-17	0	402.869
3.323000000000101e-10	0.35741997	-0.0052107894	0.93373454	-2.1225656e-17	0	402.869
3.3240000000001014e-10	0.35746872	-0.005269421	0.93371487	-2.1225673e-17	0	402.869
3.3250000000001017e-10	0.35751772	-0.0053276396	0.9336953	-2.1225698e-17	0	402.869
3.326000000000102e-10	0.35756704	-0.0053854445	0.93367547	-2.122571e-17	0	402.869
3.3270000000001024e-10	0.35761672	-0.005442834	0.9336555	-2.1225727e-17	0	402.869
3.3280000000001027e-10	0.35766664	-0.0054998063	0.9336354	-2.1225752e-17	0	402.869
3.329000000000103e-10	0.35771695	-0.005556361	0.9336153	-2.1225767e-17	0	402.869
3.3300000000001033e-10	0.35776752	-0.005612495	0.93359494	-2.1225785e-17	0	402.869
3.3310000000001036e-10	0.35781837	-0.0056682085	0.9335746	-2.1225805e-17	0	402.869
3.332000000000104e-10	0.3578695	-0.005723499	0.93355405	-2.1225815e-17	0	402.869
3.333000000000104e-10	0.357921	-0.0057783662	0.93353325	-2.1225837e-17	0	402.869
3.3340000000001045e-10	0.35797274	-0.005832809	0.93351257	-2.1225858e-17	0	402.869
3.335000000000105e-10	0.3580248	-0.005886825	0.9334917	-2.1225871e-17	0	402.869
3.336000000000105e-10	0.35807714	-0.0059404136	0.93347067	-2.1225896e-17	0	402.869
3.3370000000001054e-10	0.3581297	-0.005993573	0.93344957	-2.1225913e-17	0	402.869
3.3380000000001057e-10	0.3581826	-0.006046303	0.9334284	-2.1225921e-17	0	402.869
3.339000000000106e-10	0.35823578	-0.0060986024	0.93340695	-2.1225941e-17	0	402.869
3.3400000000001063e-10	0.35828924	-0.0061504687	0.93338555	-2.122596e-17	0	402.869
3.3410000000001066e-10	0.35834292	-0.0062019015	0.933364	-2.1225982e-17	0	402.869
3.342000000000107e-10	0.35839692	-0.0062529007	0.93334234	-2.1226e-17	0	402.869
3.3430000000001073e-10	0.35845113	-0.006303464	0.93332046	-2.1226012e-17	0	402.869
3.3440000000001076e-10	0.3585056	-0.00635359	0.93329865	-2.1226025e-17	0	402.869
3.345000000000108e-10	0.35856038	-0.0064032795	0.9332766	-2.1226057e-17	0	402.869
3.346000000000108e-10	0.35861534	-0.006452529	0.9332546	-2.1226073e-17	0	402.869
3.3470000000001085e-10	0.3586706	-0.006501339	0.9332325	-2.1226082e-17	0	402.869
3.348000000000109e-10	0.35872608	-0.006549709	0.93321013	-2.1226103e-17	0	402.869
3.349000000000109e-10	0.3587818	-0.006597637	0.9331878	-2.1226116e-17	0	402.869
3.3500000000001094e-10	0.35883784	-0.006645122	0.9331654	-2.1226138e-17	0	402.869
3.3510000000001097e-10	0.35889405	-0.006692164	0.9331428	-2.1226153e-17	0	402.869
3.35200000000011e-10	0.35895047	-0.0067387624	0.9331201	-2.1226166e-17	0	402.869
3.3530000000001103e-10	0.35900718	-0.0067849145	0.9330973	-2.1226177e-17	0	402.869
3.3540000000001106e-10	0.35906404	-0.0068306206	0.93307453	-2.1226204e-17	0	402.869
3.355000000000111e-10	0.3591212	-0.006875881	0.93305165	-2.1226216e-17	0	402.869
3.356000000000111e-10	0.35917854	-0.006920693	0.9330286	-2.1226234e-17	0	402.869
3.3570000000001116e-10	0.3592361	-0.0069650565	0.9330055	-2.1226252e-17	0	402.869
3.358000000000112e-10	0.3592939	-0.00700897	0.9329824	-2.1226267e-17	0	402.869
3.359000000000112e-10	0.3593519	-0.0070524355	0.9329591	-2.1226282e-17	0	402.869
3.3600000000001125e-10	0.35941005	-0.0070954496	0.9329357	-2.1226303e-17	0	402.869
3.361000000000113e-10	0.3594685	-0.007138012	0.9329123	-2.1226313e-17	0	402.869
3.362000000000113e-10	0.35952705	-0.0071801227	0.93288887	-2.1226326e-17	0	402.869
3.3630000000001134e-10	0.35958582	-0.007221781	0.9328652	-2.1226356e-17	0	402.869
3.3640000000001137e-10	0.3596449	-0.0072629866	0.9328416	-2.1226368e-17	0	402.869
3.365000000000114e-10	0.35970408	-0.007303738	0.9328178	-2.1226391e-17	0	402.869
3.3660000000001143e-10	0.35976344	-0.0073440354	0.932794	-2.1226407e-17	0	402.869
3.3670000000001146e-10	0.359823	-0.0073838774	0.9327701	-2.1226419e-17	0	402.869
3.368000000000115e-10	0.35988274	-0.007423265	0.9327462	-2.1226432e-17	0	402.869
3.369000000000115e-10	0.35994262	-0.007462196	0.9327221	-2.1226444e-17	0	402.869
3.3700000000001155e-10	0.3600027	-0.007500671	0.93269813	-2.1226465e-17	0	402.869
3.371000000000116e-10	0.360063	-0.0075386893	0.93267393	-2.1226477e-17	0	402.869
3.372000000000116e-10	0.3601234	-0.007576251	0.9326496	-2.122649e-17	0	402.869
3.3730000000001165e-10	0.36018398	-0.007613354	0.9326254	-2.1226512e-17	0	402.869
3.374000000000117e-10	0.3602448	-0.00765	0.932601	-2.122653e-17	0	402.869
3.375000000000117e-10	0.36030567	-0.007686187	0.93257666	-2.1226543e-17	0	402.869
3.3760000000001174e-10	0.36036676	-0.0077219154	0.93255216	-2.1226555e-17	0	402.869
3.3770000000001177e-10	0.360428	-0.007757184	0.9325276	-2.1226568e-17	0	402.869
3.378000000000118e-10	0.36048937	-0.007791994	0.932503	-2.1226598e-17	0	402.869
3.3790000000001183e-10	0.36055085	-0.007826344	0.93247837	-2.1226601e-17	0	402.869
3.3800000000001186e-10	0.3606125	-0.007860235	0.93245363	-2.1226622e-17	0	402.869
3.381000000000119e-10	0.36067435	-0.007893665	0.93242896	-2.122663e-17	0	402.869
3.382000000000119e-10	0.36073625	-0.007926635	0.932404	-2.1226654e-17	0	402.869
3.3830000000001195e-10	0.3607983	-0.007959145	0.9323792	-2.122667e-17	0	402.869
3.38400000000012e-10	0.36086053	-0.007991194	0.9323543	-2.1226689e-17	0	402.869
3.38500000000012e-10	0.36092284	-0.008022781	0.9323293	-2.1226692e-17	0	402.869
3.3860000000001204e-10	0.3609853	-0.008053909	0.93230426	-2.1226715e-17	0	402.869
3.387000000000121e-10	0.36104786	-0.008084575	0.9322792	-2.122673e-17	0	402.869
3.388000000000121e-10	0.36111054	-0.008114779	0.9322541	-2.1226745e-17	0	402.869
3.3890000000001214e-10	0.36117336	-0.008144523	0.9322289	-2.122676e-17	0	402.869
3.3900000000001217e-10	0.36123627	-0.008173805	0.93220377	-2.1226786e-17	0	402.869
3.391000000000122e-10	0.36129925	-0.008202627	0.9321786	-2.1226793e-17	0	402.869
3.3920000000001223e-10	0.36136237	-0.008230986	0.93215334	-2.1226811e-17	0	402.869
3.3930000000001226e-10	0.36142564	-0.008258885	0.93212795	-2.1226821e-17	0	402.869
3.394000000000123e-10	0.36148894	-0.008286322	0.93210256	-2.1226831e-17	0	402.869
3.395000000000123e-10	0.36155236	-0.008313298	0.9320772	-2.1226847e-17	0	402.869
3.3960000000001235e-10	0.36161584	-0.008339813	0.93205184	-2.1226864e-17	0	402.869
3.397000000000124e-10	0.36167938	-0.008365867	0.9320263	-2.1226877e-17	0	402.869
3.398000000000124e-10	0.3617431	-0.0083914595	0.9320009	-2.1226897e-17	0	402.869
3.3990000000001244e-10	0.3618068	-0.008416592	0.9319754	-2.1226909e-17	0	402.869
3.400000000000125e-10	0.3618707	-0.008441264	0.9319498	-2.1226919e-17	0	402.869
3.401000000000125e-10	0.36193466	-0.0084654745	0.93192416	-2.1226932e-17	0	402.869
3.4020000000001254e-10	0.3619986	-0.008489227	0.9318986	-2.122695e-17	0	402.869
3.4030000000001257e-10	0.36206263	-0.008512517	0.93187296	-2.1226962e-17	0	402.869
3.404000000000126e-10	0.36212677	-0.008535349	0.93184733	-2.122698e-17	0	402.869
3.4050000000001263e-10	0.36219093	-0.00855772	0.93182164	-2.122699e-17	0	402.869
3.4060000000001266e-10	0.36225516	-0.008579634	0.93179595	-2.1227008e-17	0	402.869
3.407000000000127e-10	0.36231947	-0.008601087	0.93177027	-2.1227028e-17	0	402.869
3.408000000000127e-10	0.3623838	-0.008622083	0.93174446	-2.1227041e-17	0	402.869
3.4090000000001275e-10	0.36244822	-0.0086426195	0.93171877	-2.1227056e-17	0	402.869
3.410000000000128e-10	0.36251265	-0.008662699	0.93169296	-2.1227064e-17	0	402.869
3.411000000000128e-10	0.36257717	-0.008682321	0.9316671	-2.1227076e-17	0	402.869
3.4120000000001284e-10	0.3626417	-0.0087014865	0.9316414	-2.1227089e-17	0	402.869
3.4130000000001287e-10	0.36270624	-0.008720194	0.9316156	-2.1227109e-17	0	402.869
3.414000000000129e-10	0.3627709	-0.008738446	0.9315896	-2.1227115e-17	0	402.869
3.4150000000001293e-10	0.36283553	-0.008756244	0.93156385	-2.1227134e-17	0	402.869
3.4160000000001297e-10	0.3629002	-0.008773584	0.93153805	-2.1227145e-17	0	402.869
3.41700000000013e-10	0.3629649	-0.008790471	0.93151224	-2.1227167e-17	0	402.869
3.4180000000001303e-10	0.3630214	-0.008764037	0.93148994	-2.1965918e-17	0	398.74994
3.4190000000001306e-10	0.36306936	-0.008694473	0.93147135	-2.1965937e-17	0	398.74994
3.420000000000131e-10	0.36311668	-0.00862471	0.9314531	-2.1965952e-17	0	398.74994
3.421000000000131e-10	0.36316347	-0.008554754	0.931435	-2.1965966e-17	0	398.74994
3.4220000000001315e-10	0.36320978	-0.008484607	0.93141717	-2.1965986e-17	0	398.74994
3.423000000000132e-10	0.3632555	-0.008414274	0.9313994	-2.1966005e-17	0	398.74994
3.424000000000132e-10	0.36330062	-0.00834376	0.93138206	-2.1966026e-17	0	398.74994
3.4250000000001324e-10	0.36334515	-0.008273067	0.9313647	-2.1966034e-17	0	398.74994
3.4260000000001327e-10	0.3633892	-0.008202203	0.9313478	-2.1966057e-17	0	398.74994
3.427000000000133e-10	0.36343265	-0.008131169	0.931331	-2.1966072e-17	0	398.74994
3.4280000000001333e-10	0.36347556	-0.008059969	0.93131447	-2.1966089e-17	0	398.74994
3.4290000000001336e-10	0.3635179	-0.0079886075	0.93129814	-2.1966105e-17	0	398.74994
3.430000000000134e-10	0.36355972	-0.007917089	0.9312819	-2.1966119e-17	0	398.74994
3.431000000000134e-10	0.36360088	-0.0078454185	0.931266	-2.196614e-17	0	398.74994
3.4320000000001346e-10	0.36364156	-0.007773598	0.9312502	-2.1966152e-17	0	398.74994
3.433000000000135e-10	0.36368167	-0.0077016344	0.9312347	-2.1966165e-17	0	398.74994
3.434000000000135e-10	0.36372122	-0.007629529	0.9312195	-2.1966185e-17	0	398.74994
3.4350000000001355e-10	0.3637602	-0.0075572864	0.93120444	-2.1966201e-17	0	398.74994
3.436000000000136e-10	0.36379862	-0.007484911	0.9311895	-2.1966218e-17	0	398.74994
3.437000000000136e-10	0.3638365	-0.0074124085	0.9311749	-2.1966236e-17	0	398.74994
3.4380000000001364e-10	0.3638738	-0.007339779	0.9311605	-2.1966236e-17	0	398.74994
3.4390000000001367e-10	0.36391053	-0.00726703	0.9311463	-2.1966263e-17	0	398.74994
3.440000000000137e-10	0.36394674	-0.007194164	0.9311323	-2.1966282e-17	0	398.74994
3.4410000000001373e-10	0.36398235	-0.007121186	0.93111855	-2.1966292e-17	0	398.74994
3.4420000000001376e-10	0.36401743	-0.0070480974	0.9311049	-2.1966316e-17	0	398.74994
3.443000000000138e-10	0.36405194	-0.006974905	0.9310916	-2.1966324e-17	0	398.74994
3.444000000000138e-10	0.36408588	-0.0069016116	0.9310785	-2.1966337e-17	0	398.74994
3.4450000000001385e-10	0.36411926	-0.0068282215	0.93106556	-2.1966355e-17	0	398.74994
3.446000000000139e-10	0.36415213	-0.006754738	0.93105286	-2.1966367e-17	0	398.74994
3.447000000000139e-10	0.3641844	-0.0066811643	0.93104035	-2.1966388e-17	0	398.74994
3.4480000000001395e-10	0.36421615	-0.0066075074	0.9310281	-2.1966403e-17	0	398.74994
3.44900000000014e-10	0.36424732	-0.0065337676	0.9310161	-2.1966411e-17	0	398.74994
3.45000000000014e-10	0.3642779	-0.0064599514	0.9310042	-2.196643e-17	0	398.74994
3.4510000000001404e-10	0.36430794	-0.0063860617	0.9309926	-2.1966453e-17	0	398.74994
3.4520000000001407e-10	0.3643374	-0.0063121016	0.9309812	-2.1966458e-17	0	398.74994
3.453000000000141e-10	0.3643664	-0.0062380764	0.9309701	-2.1966471e-17	0	398.74994
3.4540000000001413e-10	0.36439478	-0.006163989	0.9309591	-2.1966481e-17	0	398.74994
3.4550000000001416e-10	0.36442262	-0.006089844	0.93094826	-2.1966502e-17	0	398.74994
3.456000000000142e-10	0.36444992	-0.006015644	0.93093777	-2.196651e-17	0	398.74994
3.457000000000142e-10	0.36447662	-0.0059413947	0.9309274	-2.1966532e-17	0	398.74994
3.4580000000001425e-10	0.36450285	-0.005867097	0.9309173	-2.1966549e-17	0	398.74994
3.459000000000143e-10	0.36452845	-0.0057927575	0.9309074	-2.1966565e-17	0	398.74994
3.460000000000143e-10	0.36455354	-0.005718379	0.9308978	-2.1966569e-17	0	398.74994
3.4610000000001435e-10	0.36457807	-0.005643965	0.93088824	-2.1966588e-17	0	398.74994
3.462000000000144e-10	0.364602	-0.005569521	0.930879	-2.1966597e-17	0	398.74994
3.463000000000144e-10	0.36462542	-0.005495047	0.9308699	-2.196662e-17	0	398.74994
3.4640000000001444e-10	0.36464834	-0.0054205502	0.93086106	-2.1966625e-17	0	398.74994
3.4650000000001447e-10	0.3646707	-0.0053460333	0.9308526	-2.1966646e-17	0	398.74994
3.466000000000145e-10	0.36469248	-0.0052715	0.93084407	-2.196666e-17	0	398.74994
3.4670000000001453e-10	0.3647137	-0.005196953	0.93083596	-2.1966673e-17	0	398.74994
3.4680000000001456e-10	0.3647344	-0.005122398	0.930828	-2.196669e-17	0	398.74994
3.469000000000146e-10	0.36475453	-0.005047837	0.93082017	-2.19667e-17	0	398.74994
3.470000000000146e-10	0.36477414	-0.0049732747	0.9308126	-2.1966708e-17	0	398.74994
3.4710000000001465e-10	0.3647932	-0.004898714	0.93080527	-2.1966727e-17	0	398.74994
3.472000000000147e-10	0.36481172	-0.0048241583	0.9307981	-2.1966742e-17	0	398.74994
3.473000000000147e-10	0.3648297	-0.004749612	0.93079114	-2.196675e-17	0	398.74994
3.4740000000001474e-10	0.36484715	-0.0046750787	0.93078434	-2.1966772e-17	0	398.74994
3.475000000000148e-10	0.36486405	-0.0046005617	0.93077785	-2.1966775e-17	0	398.74994
3.476000000000148e-10	0.3648804	-0.0045260647	0.93077165	-2.1966799e-17	0	398.74994
3.4770000000001484e-10	0.36489624	-0.0044515915	0.9307655	-2.1966809e-17	0	398.74994
3.4780000000001487e-10	0.36491156	-0.0043771453	0.9307596	-2.196682e-17	0	398.74994
3.479000000000149e-10	0.36492634	-0.00430273	0.930754	-2.196684e-17	0	398.74994
3.4800000000001493e-10	0.36494052	-0.0042283484	0.93074846	-2.1966847e-17	0	398.74994
3.4810000000001496e-10	0.36495423	-0.004154005	0.9307432	-2.1966861e-17	0	398.74994
3.48200000000015e-10	0.36496738	-0.0040797023	0.9307382	-2.1966875e-17	0	398.74994
3.48300000000015e-10	0.36498	-0.0040054447	0.93073326	-2.1966881e-17	0	398.74994
3.4840000000001505e-10	0.36499214	-0.003931235	0.93072873	-2.1966906e-17	0	398.74994
3.485000000000151e-10	0.3650037	-0.003857077	0.9307242	-2.1966911e-17	0	398.74994
3.486000000000151e-10	0.36501476	-0.0037829748	0.93072	-2.1966921e-17	0	398.74994
3.4870000000001514e-10	0.36502528	-0.0037089307	0.9307159	-2.196693e-17	0	398.74994
3.4880000000001517e-10	0.36503527	-0.003634948	0.9307121	-2.1966954e-17	0	398.74994
3.489000000000152e-10	0.36504477	-0.0035610318	0.9307085	-2.1966974e-17	0	398.74994
3.4900000000001524e-10	0.3650537	-0.003487184	0.93070513	-2.196697e-17	0	398.74994
3.4910000000001527e-10	0.36506218	-0.003413408	0.93070185	-2.1966995e-17	0	398.74994
3.492000000000153e-10	0.36507	-0.0033397083	0.9306989	-2.1967002e-17	0	398.74994
3.4930000000001533e-10	0.36507747	-0.0032660868	0.930696	-2.1967015e-17	0	398.74994
3.4940000000001536e-10	0.36508432	-0.0031925482	0.93069345	-2.1967035e-17	0	398.74994
3.495000000000154e-10	0.3650907	-0.0031190948	0.930691	-2.1967043e-17	0	398.74994
3.496000000000154e-10	0.36509657	-0.0030457298	0.93068886	-2.1967052e-17	0	398.74994
3.4970000000001545e-10	0.3651019	-0.002972458	0.9306868	-2.1967065e-17	0	398.74994
3.498000000000155e-10	0.36510676	-0.0028992805	0.93068504	-2.1967065e-17	0	398.74994
3.499000000000155e-10	0.36511108	-0.0028262022	0.9306834	-2.1967093e-17	0	398.74994
3.5000000000001554e-10	0.36511487	-0.0027532256	0.93068194	-2.1967101e-17	0	398.74994
3.5010000000001557e-10	0.3651182	-0.0026803543	0.9306807	-2.1967111e-17	0	398.74994
3.502000000000156e-10	0.36512104	-0.0026075912	0.9306797	-2.1967128e-17	0	398.74994
3.5030000000001563e-10	0.36512333	-0.00253494	0.93067896	-2.196714e-17	0	398.74994
3.5040000000001566e-10	0.36512512	-0.0024624027	0.93067825	-2.196715e-17	0	398.74994
3.505000000000157e-10	0.36512643	-0.0023899842	0.9306779	-2.1967164e-17	0	398.74994
3.506000000000157e-10	0.3651272	-0.0023176866	0.93067765	-2.1967174e-17	0	398.74994
3.5070000000001576e-10	0.36512753	-0.0022455128	0.93067765	-2.196719e-17	0	398.74994
3.508000000000158e-10	0.36512735	-0.0021734661	0.93067765	-2.19672e-17	0	398.74994
3.509000000000158e-10	0.36512667	-0.0021015499	0.9306781	-2.1967207e-17	0	398.74994
3.5100000000001585e-10	0.36512554	-0.0020297673	0.93067855	-2.1967225e-17	0	398.74994
3.511000000000159e-10	0.36512384	-0.0019581206	0.9306793	-2.1967234e-17	0	398.74994
3.512000000000159e-10	0.36512172	-0.0018866141	0.9306803	-2.1967247e-17	0	398.74994
3.5130000000001594e-10	0.3651191	-0.0018152497	0.9306814	-2.1967262e-17	0	398.74994
3.5140000000001597e-10	0.365116	-0.0017440309	0.9306826	-2.1967262e-17	0	398.74994
3.51500000000016e-10	0.36511236	-0.0016729605	0.9306841	-2.1967282e-17	0	398.74994
3.5160000000001603e-10	0.3651083	-0.001602042	0.9306859	-2.1967288e-17	0	398.74994
3.5170000000001606e-10	0.36510372	-0.0015312778	0.9306876	-2.1967295e-17	0	398.74994
3.518000000000161e-10	0.36508995	-0.0014193159	0.9306933	-2.2685319e-17	0	394.79584
3.519000000000161e-10	0.36506647	-0.0012663689	0.9307026	-2.2685362e-17	0	394.79584
3.5200000000001616e-10	0.36504194	-0.0011138675	0.9307125	-2.2685392e-17	0	394.79584
3.521000000000162e-10	0.3650164	-0.0009618187	0.9307226	-2.2685427e-17	0	394.79584
3.522000000000162e-10	0.36498973	-0.00081022875	0.9307332	-2.2685453e-17	0	394.79584
3.5230000000001625e-10	0.36496204	-0.00065910444	0.9307442	-2.2685491e-17	0	394.79584
3.524000000000163e-10	0.36493334	-0.0005084523	0.9307555	-2.2685528e-17	0	394.79584
3.525000000000163e-10	0.36490363	-0.0003582788	0.9307673	-2.268556e-17	0	394.79584
3.5260000000001634e-10	0.3648728	-0.00020859047	0.93077934	-2.2685589e-17	0	394.79584
3.5270000000001637e-10	0.36484104	-5.939376e-05	0.93079185	-2.2685622e-17	0	394.79584
3.528000000000164e-10	0.36480823	8.930531e-05	0.9308047	-2.2685658e-17	0	394.79584
3.5290000000001643e-10	0.36477438	0.00023749992	0.93081796	-2.2685695e-17	0	394.79584
3.5300000000001646e-10	0.36473954	0.00038518413	0.9308317	-2.2685718e-17	0	394.79584
3.531000000000165e-10	0.36470374	0.000532352	0.93084556	-2.2685758e-17	0	394.79584
3.532000000000165e-10	0.36466688	0.000678997	0.9308599	-2.2685784e-17	0	394.79584
3.5330000000001655e-10	0.36462906	0.000825113	0.9308747	-2.2685825e-17	0	394.79584
3.534000000000166e-10	0.3645903	0.0009706942	0.93088984	-2.268585e-17	0	394.79584
3.535000000000166e-10	0.36455047	0.0011157346	0.93090534	-2.2685885e-17	0	394.79584
3.5360000000001665e-10	0.3645097	0.0012602282	0.93092114	-2.2685916e-17	0	394.79584
3.537000000000167e-10	0.36446795	0.001404169	0.93093735	-2.2685938e-17	0	394.79584
3.538000000000167e-10	0.36442524	0.0015475512	0.9309539	-2.2685983e-17	0	394.79584
3.5390000000001674e-10	0.3643816	0.0016903692	0.93097085	-2.2686014e-17	0	394.79584
3.5400000000001677e-10	0.364337	0.001832617	0.93098813	-2.2686049e-17	0	394.79584
3.541000000000168e-10	0.3642914	0.0019742893	0.9310057	-2.268608e-17	0	394.79584
3.5420000000001683e-10	0.3642449	0.00211538	0.9310237	-2.2686105e-17	0	394.79584
3.5430000000001686e-10	0.3641975	0.0022558835	0.9310421	-2.2686143e-17	0	394.79584
3.544000000000169e-10	0.36414912	0.0023957947	0.9310607	-2.268618e-17	0	394.79584
3.545000000000169e-10	0.3640998	0.0025351075	0.9310796	-2.2686201e-17	0	394.79584
3.5460000000001695e-10	0.36404958	0.0026738169	0.93109906	-2.2686239e-17	0	394.79584
3.54700000000017e-10	0.36399844	0.0028119176	0.93111885	-2.2686264e-17	0	394.79584
3.54800000000017e-10	0.36394644	0.0029494036	0.9311388	-2.2686297e-17	0	394.79584
3.5490000000001704e-10	0.36389348	0.0030862703	0.9311592	-2.2686327e-17	0	394.79584
3.550000000000171e-10	0.3638397	0.0032225125	0.9311799	-2.2686353e-17	0	394.79584
3.551000000000171e-10	0.36378497	0.0033581243	0.93120086	-2.2686388e-17	0	394.79584
3.5520000000001714e-10	0.36372933	0.003493101	0.93122226	-2.2686424e-17	0	394.79584
3.5530000000001717e-10	0.36367285	0.0036274374	0.931244	-2.2686452e-17	0	394.79584
3.554000000000172e-10	0.3636155	0.0037611288	0.9312659	-2.2686479e-17	0	394.79584
3.5550000000001723e-10	0.3635573	0.0038941693	0.9312883	-2.2686515e-17	0	394.79584
3.5560000000001726e-10	0.3634982	0.004026555	0.9313109	-2.2686538e-17	0	394.79584
3.557000000000173e-10	0.36343828	0.0041582803	0.93133396	-2.2686571e-17	0	394.79584
3.558000000000173e-10	0.36337748	0.0042893407	0.93135715	-2.2686596e-17	0	394.79584
3.5590000000001735e-10	0.3633159	0.004419731	0.93138075	-2.2686636e-17	0	394.79584
3.560000000000174e-10	0.3632534	0.004549447	0.93140477	-2.2686666e-17	0	394.79584
3.561000000000174e-10	0.3631901	0.0046784836	0.931429	-2.2686686e-17	0	394.79584
3.5620000000001744e-10	0.363126	0.0048068366	0.9314535	-2.268672e-17	0	394.79584
3.563000000000175e-10	0.36306107	0.004934501	0.9314783	-2.2686752e-17	0	394.79584
3.564000000000175e-10	0.36299533	0.005061472	0.9315035	-2.268678e-17	0	394.79584
3.5650000000001754e-10	0.36292875	0.005187745	0.9315289	-2.2686815e-17	0	394.79584
3.5660000000001757e-10	0.36286145	0.0053133164	0.9315547	-2.268685e-17	0	394.79584
3.567000000000176e-10	0.36279333	0.0054381816	0.9315807	-2.268687e-17	0	394.79584
3.5680000000001763e-10	0.3627244	0.005562336	0.931607	-2.2686906e-17	0	394.79584
3.5690000000001766e-10	0.3626547	0.0056857755	0.93163365	-2.2686935e-17	0	394.79584
3.570000000000177e-10	0.3625842	0.005808496	0.9316606	-2.2686962e-17	0	394.79584
3.571000000000177e-10	0.362513	0.005930492	0.9316877	-2.2686988e-17	0	394.79584
3.5720000000001775e-10	0.36244097	0.00605176	0.93171513	-2.2687015e-17	0	394.79584
3.573000000000178e-10	0.36236823	0.0061722985	0.9317429	-2.268705e-17	0	394.79584
3.574000000000178e-10	0.36229467	0.0062921	0.931771	-2.2687078e-17	0	394.79584
3.5750000000001784e-10	0.36222044	0.0064111617	0.9317993	-2.2687109e-17	0	394.79584
3.5760000000001787e-10	0.36214548	0.0065294793	0.93182784	-2.2687136e-17	0	394.79584
3.577000000000179e-10	0.36206973	0.0066470504	0.93185675	-2.2687175e-17	0	394.79584
3.5780000000001793e-10	0.36199334	0.00676387	0.9318858	-2.2687189e-17	0	394.79584
3.5790000000001797e-10	0.36191618	0.006879934	0.9319153	-2.2687227e-17	0	394.79584
3.58000000000018e-10	0.36183834	0.0069952393	0.93194497	-2.2687253e-17	0	394.79584
3.5810000000001803e-10	0.36175975	0.007109782	0.9319748	-2.2687291e-17	0	394.79584
3.5820000000001806e-10	0.36168048	0.0072235595	0.932005	-2.26873e-17	0	394.79584
3.583000000000181e-10	0.36160055	0.007336566	0.9320353	-2.2687336e-17	0	394.79584
3.584000000000181e-10	0.36151993	0.0074488	0.932066	-2.268737e-17	0	394.79584
3.5850000000001815e-10	0.3614386	0.007560258	0.9320971	-2.2687397e-17	0	394.79584
3.586000000000182e-10	0.36135665	0.007670935	0.93212825	-2.2687428e-17	0	394.79584
3.587000000000182e-10	0.361274	0.0077808294	0.9321596	-2.2687447e-17	0	394.79584
3.5880000000001824e-10	0.36119074	0.007889937	0.93219125	-2.2687475e-17	0	394.79584
3.5890000000001827e-10	0.36110678	0.007998253	0.9322232	-2.268751e-17	0	394.79584
3.590000000000183e-10	0.36102217	0.008105777	0.9322554	-2.2687533e-17	0	394.79584
3.5910000000001833e-10	0.360937	0.008212505	0.93228775	-2.2687566e-17	0	394.79584
3.5920000000001836e-10	0.3608511	0.008318434	0.9323204	-2.2687589e-17	0	394.79584
3.593000000000184e-10	0.36076462	0.008423559	0.9323532	-2.2687617e-17	0	394.79584
3.594000000000184e-10	0.36067754	0.00852788	0.93238634	-2.2687647e-17	0	394.79584
3.5950000000001846e-10	0.36058986	0.008631391	0.93241966	-2.2687667e-17	0	394.79584
3.596000000000185e-10	0.36050153	0.008734092	0.93245316	-2.2687691e-17	0	394.79584
3.597000000000185e-10	0.36041263	0.008835979	0.932487	-2.2687731e-17	0	394.79584
3.5980000000001855e-10	0.36032313	0.008937049	0.932521	-2.2687754e-17	0	394.79584
3.599000000000186e-10	0.3602331	0.009037298	0.93255514	-2.2687779e-17	0	394.79584
3.600000000000186e-10	0.3601424	0.009136726	0.93258953	-2.2687814e-17	0	394.79584
3.6010000000001864e-10	0.3600512	0.009235329	0.9326241	-2.2687835e-17	0	394.79584
3.6020000000001867e-10	0.35995942	0.009333103	0.9326589	-2.2687864e-17	0	394.79584
3.603000000000187e-10	0.3598671	0.009430049	0.93269396	-2.2687898e-17	0	394.79584
3.6040000000001873e-10	0.35977417	0.0095261615	0.93272924	-2.2687921e-17	0	394.79584
3.6050000000001876e-10	0.35968077	0.0096214395	0.93276465	-2.2687945e-17	0	394.79584
3.606000000000188e-10	0.3595868	0.009715879	0.9328004	-2.2687971e-17	0	394.79584
3.607000000000188e-10	0.35949233	0.009809479	0.9328361	-2.2688001e-17	0	394.79584
3.6080000000001885e-10	0.3593973	0.009902239	0.9328723	-2.2688034e-17	0	394.79584
3.609000000000189e-10	0.3593018	0.009994153	0.93290836	-2.2688059e-17	0	394.79584
3.610000000000189e-10	0.35920575	0.01008522	0.9329449	-2.2688087e-17	0	394.79584
3.6110000000001895e-10	0.35910922	0.010175441	0.93298143	-2.2688105e-17	0	394.79584
3.61200000000019e-10	0.35901213	0.01026481	0.9330182	-2.2688138e-17	0	394.79584
3.61300000000019e-10	0.35891464	0.010353327	0.93305516	-2.2688163e-17	0	394.79584
3.6140000000001904e-10	0.35881662	0.010440989	0.93309236	-2.2688188e-17	0	394.79584
3.6150000000001907e-10	0.35871816	0.010527795	0.9331296	-2.2688216e-17	0	394.79584
3.616000000000191e-10	0.3586192	0.010613744	0.9331671	-2.2688237e-17	0	394.79584
3.6170000000001913e-10	0.35851982	0.010698831	0.93320477	-2.2688264e-17	0	394.79584
3.6180000000001916e-10	0.3584103	0.010822014	0.9332459	-2.3389321e-17	0	391.00006
3.619000000000192e-10	0.3582902	0.010983059	0.93329054	-2.3389376e-17	0	391.00006
3.620000000000192e-10	0.3581692	0.011142925	0.93333554	-2.3389432e-17	0	391.00006
3.6210000000001925e-10	0.35804713	0.011301608	0.9333809	-2.3389483e-17	0	391.00006
3.622000000000193e-10	0.35792407	0.0114591	0.93342674	-2.3389538e-17	0	391.00006
3.623000000000193e-10	0.35780007	0.0116154	0.9334728	-2.3389592e-17	0	391.00006
3.6240000000001935e-10	0.3576751	0.0117705	0.9335192	-2.3389658e-17	0	391.00006
3.625000000000194e-10	0.3575492	0.011924396	0.933566	-2.3389705e-17	0	391.00006
3.626000000000194e-10	0.35742232	0.012077082	0.93361306	-2.3389756e-17	0	391.00006
3.6270000000001944e-10	0.3572945	0.012228554	0.9336605	-2.3389806e-17	0	391.00006
3.6280000000001947e-10	0.3571658	0.012378808	0.9337083	-2.338987e-17	0	391.00006
3.629000000000195e-10	0.35703617	0.012527839	0.9337563	-2.3389925e-17	0	391.00006
3.6300000000001953e-10	0.35690564	0.012675642	0.93380475	-2.3389963e-17	0	391.00006
3.6310000000001956e-10	0.35677427	0.012822213	0.93385345	-2.3390032e-17	0	391.00006
3.632000000000196e-10	0.35664198	0.0129675465	0.9339025	-2.3390067e-17	0	391.00006
3.633000000000196e-10	0.3565088	0.013111641	0.93395185	-2.339012e-17	0	391.00006
3.6340000000001965e-10	0.35637474	0.013254489	0.9340015	-2.3390175e-17	0	391.00006
3.635000000000197e-10	0.3562399	0.013396088	0.93405133	-2.339023e-17	0	391.00006
3.636000000000197e-10	0.35610422	0.013536434	0.93410164	-2.3390289e-17	0	391.00006
3.6370000000001974e-10	0.3559677	0.013675524	0.93415225	-2.3390333e-17	0	391.00006
3.638000000000198e-10	0.35583037	0.013813351	0.934203	-2.3390386e-17	0	391.00006
3.639000000000198e-10	0.3556922	0.013949916	0.934254	-2.3390444e-17	0	391.00006
3.6400000000001984e-10	0.3555533	0.01408521	0.9343054	-2.3390492e-17	0	391.00006
3.6410000000001987e-10	0.35541356	0.014219233	0.9343571	-2.3390545e-17	0	391.00006
3.642000000000199e-10	0.35527313	0.014351983	0.934409	-2.3390601e-17	0	391.00006
3.6430000000001993e-10	0.35513186	0.01448345	0.9344612	-2.339065e-17	0	391.00006
3.6440000000001996e-10	0.35498983	0.014613637	0.9345136	-2.3390702e-17	0	391.00006
3.6450000000002e-10	0.35484713	0.014742537	0.93456644	-2.3390745e-17	0	391.00006
3.6460000000002e-10	0.35470366	0.014870151	0.9346193	-2.3390803e-17	0	391.00006
3.6470000000002005e-10	0.35455948	0.014996472	0.9346726	-2.3390855e-17	0	391.00006
3.648000000000201e-10	0.35441458	0.015121497	0.9347262	-2.3390901e-17	0	391.00006
3.649000000000201e-10	0.35426894	0.015245225	0.9347799	-2.3390955e-17	0	391.00006
3.6500000000002014e-10	0.35412267	0.015367653	0.9348338	-2.3390994e-17	0	391.00006
3.6510000000002017e-10	0.35397577	0.015488778	0.9348881	-2.3391056e-17	0	391.00006
3.652000000000202e-10	0.35382813	0.015608596	0.93494254	-2.3391103e-17	0	391.00006
3.6530000000002023e-10	0.35367984	0.015727106	0.93499726	-2.3391164e-17	0	391.00006
3.6540000000002027e-10	0.35353094	0.015844304	0.93505204	-2.3391199e-17	0	391.00006
3.655000000000203e-10	0.35338137	0.01596019	0.9351072	-2.3391263e-17	0	391.00006
3.6560000000002033e-10	0.3532312	0.016074758	0.9351626	-2.339131e-17	0	391.00006
3.6570000000002036e-10	0.3530804	0.016188009	0.93521804	-2.3391359e-17	0	391.00006
3.658000000000204e-10	0.35292906	0.01629994	0.9352739	-2.3391409e-17	0	391.00006
3.659000000000204e-10	0.35277706	0.016410548	0.93532985	-2.3391457e-17	0	391.00006
3.6600000000002045e-10	0.3526245	0.01651983	0.9353861	-2.3391508e-17	0	391.00006
3.661000000000205e-10	0.35247135	0.016627789	0.93544245	-2.3391554e-17	0	391.00006
3.662000000000205e-10	0.35231772	0.016734418	0.935499	-2.3391606e-17	0	391.00006
3.6630000000002054e-10	0.35216346	0.016839715	0.93555576	-2.3391652e-17	0	391.00006
3.6640000000002057e-10	0.35200867	0.01694368	0.9356127	-2.3391697e-17	0	391.00006
3.665000000000206e-10	0.3518534	0.017046314	0.93566984	-2.3391751e-17	0	391.00006
3.6660000000002063e-10	0.35169762	0.017147608	0.93572724	-2.3391807e-17	0	391.00006
3.6670000000002066e-10	0.35154128	0.01724757	0.9357848	-2.3391849e-17	0	391.00006
3.668000000000207e-10	0.35138446	0.017346194	0.9358424	-2.3391892e-17	0	391.00006
3.669000000000207e-10	0.35122716	0.017443478	0.9359002	-2.3391943e-17	0	391.00006
3.6700000000002076e-10	0.3510694	0.017539421	0.9359582	-2.3391986e-17	0	391.00006
3.671000000000208e-10	0.35091117	0.017634023	0.9360163	-2.3392037e-17	0	391.00006
3.672000000000208e-10	0.35075253	0.017727284	0.93607473	-2.3392085e-17	0	391.00006
3.6730000000002085e-10	0.3505934	0.017819198	0.93613315	-2.3392142e-17	0	391.00006
3.674000000000209e-10	0.35043386	0.017909769	0.9361919	-2.3392176e-17	0	391.00006
3.675000000000209e-10	0.3502739	0.017998993	0.9362506	-2.3392234e-17	0	391.00006
3.6760000000002094e-10	0.35011354	0.018086873	0.93630946	-2.3392284e-17	0	391.00006
3.6770000000002097e-10	0.34995276	0.018173404	0.9363685	-2.3392327e-17	0	391.00006
3.67800000000021e-10	0.34979165	0.018258588	0.9364277	-2.3392372e-17	0	391.00006
3.6790000000002103e-10	0.34963006	0.018342426	0.936487	-2.3392416e-17	0	391.00006
3.6800000000002106e-10	0.34946817	0.018424915	0.93654656	-2.3392473e-17	0	391.00006
3.681000000000211e-10	0.34930593	0.018506054	0.9366061	-2.3392514e-17	0	391.00006
3.682000000000211e-10	0.34914333	0.018585846	0.9366657	-2.339256e-17	0	391.00006
3.6830000000002116e-10	0.34898037	0.01866429	0.9367255	-2.3392611e-17	0	391.00006
3.684000000000212e-10	0.3488171	0.01874138	0.93678546	-2.3392654e-17	0	391.00006
3.685000000000212e-10	0.3486535	0.018817125	0.9368455	-2.33927e-17	0	391.00006
3.6860000000002125e-10	0.34848964	0.018891519	0.9369055	-2.339275e-17	0	391.00006
3.687000000000213e-10	0.34832552	0.018964563	0.93696576	-2.3392797e-17	0	391.00006
3.688000000000213e-10	0.34816107	0.01903626	0.9370261	-2.3392836e-17	0	391.00006
3.6890000000002134e-10	0.34799632	0.019106606	0.93708646	-2.3392891e-17	0	391.00006
3.6900000000002137e-10	0.34783134	0.019175606	0.9371469	-2.3392936e-17	0	391.00006
3.691000000000214e-10	0.34766614	0.019243257	0.9372075	-2.3392984e-17	0	391.00006
3.6920000000002143e-10	0.34750065	0.01930956	0.9372681	-2.3393023e-17	0	391.00006
3.6930000000002146e-10	0.34733492	0.019374516	0.93732893	-2.3393078e-17	0	391.00006
3.694000000000215e-10	0.347169	0.019438129	0.9373897	-2.3393118e-17	0	391.00006
3.695000000000215e-10	0.3470029	0.019500392	0.9374506	-2.3393166e-17	0	391.00006
3.6960000000002155e-10	0.34683657	0.019561313	0.93751156	-2.3393217e-17	0	391.00006
3.697000000000216e-10	0.34667003	0.019620888	0.9375725	-2.3393255e-17	0	391.00006
3.698000000000216e-10	0.34650332	0.019679122	0.9376336	-2.3393301e-17	0	391.00006
3.6990000000002165e-10	0.34633648	0.019736014	0.9376947	-2.3393343e-17	0	391.00006
3.700000000000217e-10	0.34616947	0.019791564	0.9377558	-2.3393382e-17	0	391.00006
3.701000000000217e-10	0.3460023	0.019845774	0.93781704	-2.3393445e-17	0	391.00006
3.7020000000002174e-10	0.345835	0.01989865	0.93787825	-2.3393482e-17	0	391.00006
3.7030000000002177e-10	0.3456676	0.019950185	0.93793964	-2.3393521e-17	0	391.00006
3.704000000000218e-10	0.34550002	0.020000385	0.93800104	-2.3393574e-17	0	391.00006
3.7050000000002183e-10	0.34533235	0.020049252	0.9380623	-2.3393607e-17	0	391.00006
3.7060000000002186e-10	0.34516463	0.020096784	0.9381237	-2.3393654e-17	0	391.00006
3.707000000000219e-10	0.34499675	0.020142987	0.9381852	-2.3393703e-17	0	391.00006
3.708000000000219e-10	0.3448289	0.02018786	0.9382466	-2.3393741e-17	0	391.00006
3.7090000000002195e-10	0.3446609	0.020231405	0.938308	-2.3393788e-17	0	391.00006
3.71000000000022e-10	0.34449285	0.020273626	0.9383695	-2.339383e-17	0	391.00006
3.71100000000022e-10	0.34432477	0.020314522	0.9384311	-2.3393867e-17	0	391.00006
3.7120000000002204e-10	0.34415665	0.020354094	0.9384925	-2.3393918e-17	0	391.00006
3.713000000000221e-10	0.3439885	0.020392347	0.93855405	-2.3393963e-17	0	391.00006
3.714000000000221e-10	0.34382033	0.020429285	0.93861544	-2.3393998e-17	0	391.00006
3.7150000000002214e-10	0.3436522	0.020464906	0.9386769	-2.3394042e-17	0	391.00006
3.7160000000002217e-10	0.343484	0.020499213	0.9387384	-2.3394094e-17	0	391.00006
3.717000000000222e-10	0.34331584	0.02053221	0.93879986	-2.3394125e-17	0	391.00006
3.7180000000002223e-10	0.3431376	0.02059982	0.93886435	-2.4081497e-17	0	387.35626
3.7190000000002226e-10	0.3429489	0.020701803	0.93893164	-2.4081565e-17	0	387.35626
3.720000000000223e-10	0.34275973	0.020802155	0.9389992	-2.4081623e-17	0	387.35626
3.721000000000223e-10	0.34257007	0.020900877	0.93906695	-2.4081693e-17	0	387.35626
3.7220000000002235e-10	0.34238	0.020997964	0.93913484	-2.4081759e-17	0	387.35626
3.723000000000224e-10	0.34218943	0.021093417	0.9392028	-2.4081823e-17	0	387.35626
3.724000000000224e-10	0.3419985	0.021187237	0.939271	-2.4081883e-17	0	387.35626
3.7250000000002244e-10	0.34180713	0.021279423	0.9393393	-2.408195e-17	0	387.35626
3.7260000000002247e-10	0.34161535	0.021369971	0.9394076	-2.4082009e-17	0	387.35626
3.727000000000225e-10	0.3414232	0.021458887	0.93947613	-2.4082078e-17	0	387.35626
3.7280000000002254e-10	0.3412307	0.021546166	0.9395448	-2.4082136e-17	0	387.35626
3.7290000000002257e-10	0.34103778	0.02163181	0.9396135	-2.4082204e-17	0	387.35626
3.730000000000226e-10	0.34084454	0.021715824	0.93968236	-2.4082257e-17	0	387.35626
3.7310000000002263e-10	0.34065104	0.021798197	0.9397514	-2.4082325e-17	0	387.35626
3.7320000000002266e-10	0.34045714	0.021878941	0.9398205	-2.408238e-17	0	387.35626
3.733000000000227e-10	0.34026295	0.021958046	0.93988967	-2.4082442e-17	0	387.35626
3.734000000000227e-10	0.34006846	0.02203552	0.939959	-2.408251e-17	0	387.35626
3.7350000000002275e-10	0.33987373	0.022111362	0.9400283	-2.4082558e-17	0	387.35626
3.736000000000228e-10	0.33967865	0.022185571	0.9400977	-2.4082627e-17	0	387.35626
3.737000000000228e-10	0.33948344	0.02225815	0.9401673	-2.4082685e-17	0	387.35626
3.7380000000002284e-10	0.3392879	0.0223291	0.9402368	-2.408275e-17	0	387.35626
3.7390000000002287e-10	0.33909217	0.022398418	0.9403065	-2.408281e-17	0	387.35626
3.740000000000229e-10	0.33889621	0.022466108	0.94037616	-2.4082867e-17	0	387.35626
3.7410000000002293e-10	0.33870006	0.022532173	0.94044596	-2.4082932e-17	0	387.35626
3.7420000000002296e-10	0.3385037	0.02259661	0.9405159	-2.4082991e-17	0	387.35626
3.74300000000023e-10	0.33830714	0.022659427	0.9405857	-2.408305e-17	0	387.35626
3.7440000000002303e-10	0.33811048	0.022720616	0.9406557	-2.4083114e-17	0	387.35626
3.7450000000002306e-10	0.3379136	0.02278019	0.94072574	-2.4083168e-17	0	387.35626
3.746000000000231e-10	0.33771664	0.022838142	0.9407958	-2.4083236e-17	0	387.35626
3.747000000000231e-10	0.33751953	0.022894474	0.9408657	-2.4083282e-17	0	387.35626
3.7480000000002315e-10	0.33732235	0.022949193	0.9409359	-2.4083339e-17	0	387.35626
3.749000000000232e-10	0.33712503	0.0230023	0.941006	-2.4083402e-17	0	387.35626
3.750000000000232e-10	0.3369276	0.023053793	0.9410761	-2.4083451e-17	0	387.35626
3.7510000000002324e-10	0.33673015	0.023103677	0.94114614	-2.4083524e-17	0	387.35626
3.7520000000002327e-10	0.3365326	0.023151955	0.9412165	-2.4083575e-17	0	387.35626
3.753000000000233e-10	0.336335	0.023198629	0.9412866	-2.4083633e-17	0	387.35626
3.7540000000002333e-10	0.33613738	0.023243695	0.94135684	-2.4083694e-17	0	387.35626
3.7550000000002336e-10	0.3359397	0.023287166	0.941427	-2.4083749e-17	0	387.35626
3.756000000000234e-10	0.33574206	0.023329038	0.9414972	-2.4083814e-17	0	387.35626
3.757000000000234e-10	0.3355444	0.023369318	0.9415673	-2.4083868e-17	0	387.35626
3.7580000000002346e-10	0.33534676	0.023408007	0.94163746	-2.408393e-17	0	387.35626
3.759000000000235e-10	0.3351491	0.023445105	0.94170755	-2.4083986e-17	0	387.35626
3.760000000000235e-10	0.33495152	0.023480618	0.9417777	-2.4084034e-17	0	387.35626
3.7610000000002355e-10	0.33475396	0.023514548	0.9418478	-2.40841e-17	0	387.35626
3.762000000000236e-10	0.3345565	0.0235469	0.9419179	-2.4084158e-17	0	387.35626
3.763000000000236e-10	0.3343591	0.023577675	0.9419878	-2.4084209e-17	0	387.35626
3.7640000000002364e-10	0.33416173	0.023606874	0.94205785	-2.4084272e-17	0	387.35626
3.7650000000002367e-10	0.33396453	0.023634506	0.94212776	-2.4084325e-17	0	387.35626
3.766000000000237e-10	0.33376738	0.023660574	0.94219774	-2.4084378e-17	0	387.35626
3.7670000000002373e-10	0.33357042	0.023685077	0.94226754	-2.4084442e-17	0	387.35626
3.7680000000002376e-10	0.33337355	0.023708021	0.9423373	-2.4084498e-17	0	387.35626
3.769000000000238e-10	0.3331768	0.023729412	0.942407	-2.4084543e-17	0	387.35626
3.770000000000238e-10	0.33298022	0.02374925	0.94247663	-2.4084601e-17	0	387.35626
3.7710000000002385e-10	0.33278382	0.023767542	0.9425463	-2.4084656e-17	0	387.35626
3.772000000000239e-10	0.33258763	0.023784293	0.94261575	-2.4084712e-17	0	387.35626
3.773000000000239e-10	0.3323916	0.023799503	0.9426852	-2.4084765e-17	0	387.35626
3.7740000000002395e-10	0.3321958	0.023813177	0.94275457	-2.4084821e-17	0	387.35626
3.77500000000024e-10	0.33200014	0.023825321	0.9428239	-2.4084879e-17	0	387.35626
3.77600000000024e-10	0.33180475	0.02383594	0.94289297	-2.4084938e-17	0	387.35626
3.7770000000002404e-10	0.3316096	0.023845037	0.94296217	-2.4084988e-17	0	387.35626
3.7780000000002407e-10	0.3314147	0.023852617	0.9430312	-2.408504e-17	0	387.35626
3.779000000000241e-10	0.3312201	0.023858681	0.9431	-2.408509e-17	0	387.35626
3.7800000000002413e-10	0.33102572	0.023863243	0.94316876	-2.4085149e-17	0	387.35626
3.7810000000002416e-10	0.33083165	0.023866298	0.94323754	-2.40852e-17	0	387.35626
3.782000000000242e-10	0.33063784	0.023867853	0.9433061	-2.4085253e-17	0	387.35626
3.783000000000242e-10	0.3304444	0.02386792	0.94337463	-2.4085312e-17	0	387.35626
3.7840000000002425e-10	0.3302512	0.023866493	0.943443	-2.4085359e-17	0	387.35626
3.785000000000243e-10	0.33005834	0.023863588	0.94351125	-2.4085403e-17	0	387.35626
3.786000000000243e-10	0.32986587	0.023859201	0.9435793	-2.4085465e-17	0	387.35626
3.7870000000002435e-10	0.3296737	0.023853343	0.9436472	-2.4085519e-17	0	387.35626
3.788000000000244e-10	0.3294819	0.023846015	0.9437151	-2.4085569e-17	0	387.35626
3.789000000000244e-10	0.3292905	0.023837227	0.94378275	-2.4085617e-17	0	387.35626
3.7900000000002444e-10	0.32909945	0.02382698	0.94385034	-2.4085673e-17	0	387.35626
3.7910000000002447e-10	0.3289088	0.023815284	0.94391775	-2.4085718e-17	0	387.35626
3.792000000000245e-10	0.32871854	0.023802139	0.9439849	-2.4085779e-17	0	387.35626
3.7930000000002453e-10	0.3285287	0.023787558	0.9440521	-2.4085829e-17	0	387.35626
3.7940000000002456e-10	0.3283393	0.02377154	0.9441191	-2.4085881e-17	0	387.35626
3.795000000000246e-10	0.3281503	0.023754094	0.94418585	-2.4085928e-17	0	387.35626
3.796000000000246e-10	0.3279618	0.023735225	0.94425255	-2.4085982e-17	0	387.35626
3.7970000000002465e-10	0.32777372	0.023714941	0.944319	-2.408603e-17	0	387.35626
3.798000000000247e-10	0.3275861	0.023693243	0.9443853	-2.4086078e-17	0	387.35626
3.799000000000247e-10	0.32739896	0.023670144	0.94445145	-2.4086131e-17	0	387.35626
3.8000000000002474e-10	0.3272123	0.023645643	0.94451743	-2.4086181e-17	0	387.35626
3.801000000000248e-10	0.3270262	0.023619752	0.94458306	-2.408623e-17	0	387.35626
3.802000000000248e-10	0.3268405	0.023592476	0.9446487	-2.4086282e-17	0	387.35626
3.8030000000002484e-10	0.32665536	0.023563817	0.94471407	-2.4086333e-17	0	387.35626
3.8040000000002487e-10	0.32647076	0.023533788	0.9447793	-2.4086378e-17	0	387.35626
3.805000000000249e-10	0.3262867	0.023502395	0.9448443	-2.4086426e-17	0	387.35626
3.8060000000002493e-10	0.32610318	0.023469636	0.9449091	-2.4086482e-17	0	387.35626
3.8070000000002496e-10	0.3259202	0.023435526	0.9449737	-2.408652e-17	0	387.35626
3.80800000000025e-10	0.32573777	0.02340007	0.9450382	-2.4086585e-17	0	387.35626
3.80900000000025e-10	0.32555595	0.023363274	0.94510233	-2.4086621e-17	0	387.35626
3.8100000000002505e-10	0.3253747	0.023325145	0.9451664	-2.4086667e-17	0	387.35626
3.811000000000251e-10	0.32519406	0.02328569	0.9452301	-2.4086729e-17	0	387.35626
3.812000000000251e-10	0.325014	0.023244916	0.9452937	-2.408677e-17	0	387.35626
3.8130000000002514e-10	0.32483453	0.023202829	0.945357	-2.408682e-17	0	387.35626
3.8140000000002517e-10	0.3246557	0.023159435	0.94542015	-2.4086863e-17	0	387.35626
3.815000000000252e-10	0.3244775	0.02311474	0.945483	-2.4086909e-17	0	387.35626
3.8160000000002523e-10	0.32429993	0.023068761	0.9455456	-2.4086957e-17	0	387.35626
3.8170000000002527e-10	0.32412305	0.023021499	0.9456081	-2.4087e-17	0	387.35626
3.818000000000253e-10	0.3239371	0.02300578	0.94567287	-2.4761744e-17	0	383.85837
3.8190000000002533e-10	0.3237418	0.023021381	0.94574	-2.4761794e-17	0	383.85837
3.8200000000002536e-10	0.3235467	0.023035407	0.945807	-2.4761849e-17	0	383.85837
3.821000000000254e-10	0.3233518	0.023047859	0.9458739	-2.476191e-17	0	383.85837
3.822000000000254e-10	0.32315713	0.02305874	0.94594085	-2.4761958e-17	0	383.85837
3.8230000000002545e-10	0.3229627	0.02306806	0.9460076	-2.4762012e-17	0	383.85837
3.824000000000255e-10	0.32276857	0.023075819	0.9460743	-2.4762069e-17	0	383.85837
3.825000000000255e-10	0.32257465	0.023082025	0.94614094	-2.4762123e-17	0	383.85837
3.8260000000002554e-10	0.32238102	0.02308668	0.94620746	-2.4762174e-17	0	383.85837
3.8270000000002557e-10	0.32218763	0.023089794	0.9462739	-2.4762222e-17	0	383.85837
3.828000000000256e-10	0.32199463	0.023091365	0.9463401	-2.4762274e-17	0	383.85837
3.8290000000002563e-10	0.3218019	0.023091402	0.9464062	-2.4762328e-17	0	383.85837
3.8300000000002566e-10	0.3216095	0.023089912	0.9464723	-2.4762383e-17	0	383.85837
3.831000000000257e-10	0.32141742	0.023086896	0.9465382	-2.4762426e-17	0	383.85837
3.832000000000257e-10	0.32122567	0.023082362	0.9466039	-2.4762485e-17	0	383.85837
3.8330000000002576e-10	0.32103428	0.023076316	0.9466697	-2.4762535e-17	0	383.85837
3.834000000000258e-10	0.32084334	0.023068763	0.9467351	-2.4762591e-17	0	383.85837
3.835000000000258e-10	0.3206527	0.023059709	0.94680053	-2.4762634e-17	0	383.85837
3.8360000000002585e-10	0.32046247	0.023049157	0.9468658	-2.4762694e-17	0	383.85837
3.837000000000259e-10	0.32027262	0.023037117	0.9469309	-2.4762739e-17	0	383.85837
3.838000000000259e-10	0.32008326	0.023023592	0.94699585	-2.4762783e-17	0	383.85837
3.8390000000002594e-10	0.31989425	0.023008589	0.9470606	-2.476284e-17	0	383.85837
3.8400000000002597e-10	0.31970572	0.022992115	0.9471253	-2.4762889e-17	0	383.85837
3.84100000000026e-10	0.31951758	0.022974173	0.94718975	-2.4762945e-17	0	383.85837
3.8420000000002603e-10	0.31932998	0.022954773	0.94725406	-2.4762995e-17	0	383.85837
3.8430000000002606e-10	0.31914282	0.022933917	0.9473182	-2.4763043e-17	0	383.85837
3.844000000000261e-10	0.31895614	0.02291162	0.9473822	-2.476309e-17	0	383.85837
3.845000000000261e-10	0.3187699	0.022887876	0.94744605	-2.4763146e-17	0	383.85837
3.8460000000002615e-10	0.3185842	0.022862703	0.94750965	-2.476319e-17	0	383.85837
3.847000000000262e-10	0.31839904	0.022836098	0.94757307	-2.4763235e-17	0	383.85837
3.848000000000262e-10	0.31821442	0.022808077	0.9476363	-2.4763283e-17	0	383.85837
3.8490000000002625e-10	0.31803027	0.022778641	0.9476993	-2.4763336e-17	0	383.85837
3.850000000000263e-10	0.3178467	0.022747796	0.94776225	-2.4763377e-17	0	383.85837
3.851000000000263e-10	0.3176637	0.02271555	0.9478249	-2.4763423e-17	0	383.85837
3.8520000000002634e-10	0.3174812	0.022681916	0.94788736	-2.4763481e-17	0	383.85837
3.8530000000002637e-10	0.31729934	0.02264689	0.94794965	-2.4763524e-17	0	383.85837
3.854000000000264e-10	0.31711805	0.02261049	0.9480117	-2.4763584e-17	0	383.85837
3.8550000000002643e-10	0.31693736	0.022572713	0.9480735	-2.476363e-17	0	383.85837
3.8560000000002646e-10	0.31675726	0.022533575	0.94813526	-2.4763668e-17	0	383.85837
3.857000000000265e-10	0.3165778	0.02249308	0.94819677	-2.4763726e-17	0	383.85837
3.858000000000265e-10	0.31639895	0.022451231	0.9482579	-2.4763766e-17	0	383.85837
3.8590000000002655e-10	0.31622076	0.022408042	0.9483189	-2.4763816e-17	0	383.85837
3.860000000000266e-10	0.31604314	0.022363521	0.9483797	-2.4763862e-17	0	383.85837
3.861000000000266e-10	0.3158662	0.02231767	0.9484402	-2.4763907e-17	0	383.85837
3.8620000000002665e-10	0.31568998	0.022270497	0.9485005	-2.4763955e-17	0	383.85837
3.863000000000267e-10	0.31551442	0.022222016	0.94856054	-2.4764e-17	0	383.85837
3.864000000000267e-10	0.3153395	0.022172228	0.9486204	-2.476405e-17	0	383.85837
3.8650000000002674e-10	0.3151653	0.022121144	0.9486799	-2.4764087e-17	0	383.85837
3.8660000000002677e-10	0.31499177	0.022068772	0.9487393	-2.4764136e-17	0	383.85837
3.867000000000268e-10	0.314819	0.02201512	0.94879836	-2.4764188e-17	0	383.85837
3.8680000000002683e-10	0.31464696	0.021960193	0.94885725	-2.4764226e-17	0	383.85837
3.8690000000002686e-10	0.31447563	0.021904007	0.9489159	-2.476428e-17	0	383.85837
3.870000000000269e-10	0.31430498	0.021846559	0.9489742	-2.476432e-17	0	383.85837
3.871000000000269e-10	0.31413516	0.021787863	0.94903225	-2.476437e-17	0	383.85837
3.8720000000002695e-10	0.31396607	0.021727934	0.9490901	-2.4764403e-17	0	383.85837
3.87300000000027e-10	0.31379768	0.021666767	0.9491476	-2.4764456e-17	0	383.85837
3.87400000000027e-10	0.31363016	0.021604376	0.9492049	-2.4764497e-17	0	383.85837
3.8750000000002704e-10	0.3134634	0.021540772	0.94926196	-2.4764547e-17	0	383.85837
3.876000000000271e-10	0.31329736	0.021475963	0.9493187	-2.4764591e-17	0	383.85837
3.877000000000271e-10	0.31313217	0.021409957	0.9493751	-2.4764634e-17	0	383.85837
3.8780000000002714e-10	0.31296778	0.02134276	0.94943136	-2.4764676e-17	0	383.85837
3.8790000000002717e-10	0.3128042	0.021274382	0.9494872	-2.476472e-17	0	383.85837
3.880000000000272e-10	0.31264144	0.021204833	0.94954294	-2.476476e-17	0	383.85837
3.8810000000002723e-10	0.31247956	0.02113412	0.9495982	-2.4764797e-17	0	383.85837
3.8820000000002726e-10	0.3123185	0.021062253	0.94965327	-2.4764845e-17	0	383.85837
3.883000000000273e-10	0.31215823	0.02098924	0.94970804	-2.4764886e-17	0	383.85837
3.884000000000273e-10	0.31199887	0.020915091	0.9497624	-2.4764937e-17	0	383.85837
3.8850000000002735e-10	0.31184033	0.020839814	0.94981664	-2.4764977e-17	0	383.85837
3.886000000000274e-10	0.3116827	0.020763418	0.94987047	-2.4765018e-17	0	383.85837
3.887000000000274e-10	0.3115259	0.020685911	0.949924	-2.4765061e-17	0	383.85837
3.8880000000002744e-10	0.31137007	0.020607306	0.9499773	-2.4765104e-17	0	383.85837
3.8890000000002747e-10	0.31121507	0.020527607	0.9500302	-2.4765139e-17	0	383.85837
3.890000000000275e-10	0.31106097	0.020446826	0.95008284	-2.476519e-17	0	383.85837
3.8910000000002754e-10	0.31090778	0.020364974	0.9501353	-2.476522e-17	0	383.85837
3.8920000000002757e-10	0.3107555	0.020282056	0.9501872	-2.4765276e-17	0	383.85837
3.893000000000276e-10	0.31060416	0.02019808	0.9502389	-2.4765301e-17	0	383.85837
3.8940000000002763e-10	0.3104537	0.02011306	0.95029026	-2.4765347e-17	0	383.85837
3.8950000000002766e-10	0.31030425	0.020027008	0.9503414	-2.4765386e-17	0	383.85837
3.896000000000277e-10	0.31015566	0.019939926	0.9503921	-2.4765432e-17	0	383.85837
3.897000000000277e-10	0.3100081	0.019851828	0.9504425	-2.4765473e-17	0	383.85837
3.8980000000002775e-10	0.30986142	0.019762719	0.95049256	-2.4765506e-17	0	383.85837
3.899000000000278e-10	0.30971575	0.019672617	0.95054233	-2.4765548e-17	0	383.85837
3.900000000000278e-10	0.30957103	0.019581525	0.95059174	-2.4765596e-17	0	383.85837
3.9010000000002784e-10	0.3094273	0.01948945	0.95064086	-2.4765629e-17	0	383.85837
3.9020000000002787e-10	0.30928457	0.01939641	0.9506897	-2.4765665e-17	0	383.85837
3.903000000000279e-10	0.3091428	0.019302407	0.95073795	-2.4765706e-17	0	383.85837
3.9040000000002793e-10	0.30900198	0.019207455	0.9507861	-2.4765746e-17	0	383.85837
3.9050000000002796e-10	0.30886218	0.01911156	0.9508338	-2.4765781e-17	0	383.85837
3.90600000000028e-10	0.30872342	0.019014737	0.9508812	-2.4765824e-17	0	383.85837
3.9070000000002803e-10	0.30858564	0.018916994	0.9509282	-2.4765867e-17	0	383.85837
3.9080000000002806e-10	0.3084489	0.018818337	0.95097494	-2.4765907e-17	0	383.85837
3.909000000000281e-10	0.30831316	0.01871878	0.9510213	-2.4765938e-17	0	383.85837
3.910000000000281e-10	0.30817848	0.018618332	0.9510673	-2.4765986e-17	0	383.85837
3.9110000000002815e-10	0.30804476	0.018517002	0.9511129	-2.4766019e-17	0	383.85837
3.912000000000282e-10	0.30791217	0.018414801	0.9511583	-2.4766049e-17	0	383.85837
3.913000000000282e-10	0.30778056	0.018311737	0.9512032	-2.476609e-17	0	383.85837
3.9140000000002824e-10	0.30764997	0.018207822	0.9512477	-2.4766132e-17	0	383.85837
3.9150000000002827e-10	0.3075205	0.018103065	0.9512919	-2.4766168e-17	0	383.85837
3.916000000000283e-10	0.30739206	0.017997475	0.9513358	-2.47662e-17	0	383.85837
3.9170000000002833e-10	0.30726472	0.017891062	0.95137924	-2.4766241e-17	0	383.85837
3.9180000000002836e-10	0.30712986	0.017814076	0.9514246	-2.5426922e-17	0	380.50055
3.919000000000284e-10	0.30698726	0.017766306	0.95147187	-2.542696e-17	0	380.50055
3.920000000000284e-10	0.30684522	0.017717464	0.951519	-2.542699e-17	0	380.50055
3.9210000000002846e-10	0.30670387	0.017667552	0.9515658	-2.5427018e-17	0	380.50055
3.922000000000285e-10	0.30656317	0.017616581	0.95161235	-2.5427049e-17	0	380.50055
3.923000000000285e-10	0.30642316	0.01756456	0.9516589	-2.5427084e-17	0	380.50055
3.9240000000002855e-10	0.30628377	0.017511489	0.951705	-2.5427109e-17	0	380.50055
3.925000000000286e-10	0.30614507	0.017457383	0.95175093	-2.5427148e-17	0	380.50055
3.926000000000286e-10	0.3060071	0.017402245	0.9517967	-2.542717e-17	0	380.50055
3.9270000000002864e-10	0.30586976	0.017346082	0.9518422	-2.54272e-17	0	380.50055
3.9280000000002867e-10	0.30573314	0.017288906	0.95188737	-2.542724e-17	0	380.50055
3.929000000000287e-10	0.30559722	0.017230721	0.9519324	-2.5427259e-17	0	380.50055
3.9300000000002873e-10	0.30546206	0.017171538	0.95197713	-2.5427294e-17	0	380.50055
3.9310000000002876e-10	0.30532753	0.01711136	0.95202166	-2.5427322e-17	0	380.50055
3.932000000000288e-10	0.3051938	0.0170502	0.95206594	-2.5427358e-17	0	380.50055
3.933000000000288e-10	0.30506077	0.016988058	0.95210993	-2.5427381e-17	0	380.50055
3.9340000000002885e-10	0.3049285	0.016924951	0.9521538	-2.5427415e-17	0	380.50055
3.935000000000289e-10	0.304797	0.01686088	0.9521973	-2.5427448e-17	0	380.50055
3.936000000000289e-10	0.30466622	0.016795859	0.9522406	-2.5427479e-17	0	380.50055
3.9370000000002895e-10	0.30453622	0.016729893	0.9522836	-2.5427502e-17	0	380.50055
3.93800000000029e-10	0.30440697	0.016662989	0.9523264	-2.5427535e-17	0	380.50055
3.93900000000029e-10	0.3042785	0.016595153	0.95236886	-2.5427568e-17	0	380.50055
3.9400000000002904e-10	0.30415082	0.016526401	0.95241106	-2.5427593e-17	0	380.50055
3.9410000000002907e-10	0.30402392	0.016456734	0.95245314	-2.5427621e-17	0	380.50055
3.942000000000291e-10	0.3038978	0.016386162	0.9524949	-2.542765e-17	0	380.50055
3.9430000000002913e-10	0.3037725	0.016314697	0.95253634	-2.5427686e-17	0	380.50055
3.9440000000002916e-10	0.303648	0.01624234	0.95257753	-2.5427706e-17	0	380.50055
3.945000000000292e-10	0.3035243	0.016169105	0.9526184	-2.5427744e-17	0	380.50055
3.946000000000292e-10	0.3034014	0.016095	0.95265895	-2.5427772e-17	0	380.50055
3.9470000000002925e-10	0.30327934	0.01602003	0.9526994	-2.5427793e-17	0	380.50055
3.948000000000293e-10	0.30315813	0.015944205	0.9527396	-2.542782e-17	0	380.50055
3.949000000000293e-10	0.30303773	0.015867537	0.9527794	-2.5427853e-17	0	380.50055
3.9500000000002935e-10	0.3029182	0.015790028	0.9528189	-2.5427874e-17	0	380.50055
3.951000000000294e-10	0.30279946	0.015711693	0.9528581	-2.5427908e-17	0	380.50055
3.952000000000294e-10	0.30268162	0.015632536	0.9528972	-2.5427934e-17	0	380.50055
3.9530000000002944e-10	0.3025646	0.015552566	0.9529358	-2.5427956e-17	0	380.50055
3.9540000000002947e-10	0.30244848	0.015471792	0.9529742	-2.5427997e-17	0	380.50055
3.955000000000295e-10	0.3023332	0.015390226	0.9530124	-2.5428013e-17	0	380.50055
3.9560000000002953e-10	0.3022188	0.015307872	0.9530502	-2.5428048e-17	0	380.50055
3.9570000000002956e-10	0.30210525	0.015224741	0.9530877	-2.5428068e-17	0	380.50055
3.958000000000296e-10	0.3019926	0.015140841	0.95312494	-2.5428096e-17	0	380.50055
3.959000000000296e-10	0.30188087	0.01505618	0.95316195	-2.5428128e-17	0	380.50055
3.9600000000002965e-10	0.30177	0.014970769	0.95319855	-2.5428152e-17	0	380.50055
3.961000000000297e-10	0.30166	0.014884614	0.953235	-2.5428177e-17	0	380.50055
3.962000000000297e-10	0.30155092	0.014797726	0.9532709	-2.5428217e-17	0	380.50055
3.9630000000002974e-10	0.30144274	0.014710112	0.9533068	-2.5428232e-17	0	380.50055
3.964000000000298e-10	0.3013355	0.014621783	0.95334226	-2.5428255e-17	0	380.50055
3.965000000000298e-10	0.30122915	0.014532747	0.95337737	-2.5428281e-17	0	380.50055
3.9660000000002984e-10	0.3011237	0.014443011	0.9534122	-2.5428308e-17	0	380.50055
3.9670000000002987e-10	0.3010192	0.014352585	0.95344687	-2.5428338e-17	0	380.50055
3.968000000000299e-10	0.3009156	0.01426148	0.95348096	-2.5428366e-17	0	380.50055
3.9690000000002993e-10	0.30081296	0.014169703	0.95351505	-2.5428382e-17	0	380.50055
3.9700000000002996e-10	0.30071124	0.014077263	0.95354855	-2.5428417e-17	0	380.50055
3.9710000000003e-10	0.30061048	0.01398417	0.95358187	-2.5428442e-17	0	380.50055
3.9720000000003e-10	0.30051064	0.01389043	0.95361483	-2.5428463e-17	0	380.50055
3.9730000000003005e-10	0.3004117	0.013796055	0.9536476	-2.542849e-17	0	380.50055
3.974000000000301e-10	0.3003138	0.013701053	0.95368	-2.5428508e-17	0	380.50055
3.975000000000301e-10	0.30021673	0.013605434	0.953712	-2.5428544e-17	0	380.50055
3.9760000000003014e-10	0.30012068	0.013509205	0.95374376	-2.542856e-17	0	380.50055
3.9770000000003017e-10	0.30002564	0.013412379	0.9537752	-2.5428589e-17	0	380.50055
3.978000000000302e-10	0.29993153	0.013314958	0.9538063	-2.542861e-17	0	380.50055
3.9790000000003023e-10	0.2998384	0.013216956	0.95383716	-2.5428644e-17	0	380.50055
3.9800000000003027e-10	0.2997462	0.013118383	0.9538676	-2.5428662e-17	0	380.50055
3.981000000000303e-10	0.29965496	0.013019247	0.9538977	-2.5428683e-17	0	380.50055
3.9820000000003033e-10	0.29956472	0.012919554	0.9539275	-2.5428712e-17	0	380.50055
3.9830000000003036e-10	0.29947546	0.012819318	0.953957	-2.5428736e-17	0	380.50055
3.984000000000304e-10	0.29938716	0.012718545	0.9539862	-2.5428765e-17	0	380.50055
3.985000000000304e-10	0.2992999	0.012617245	0.9540151	-2.5428786e-17	0	380.50055
3.9860000000003045e-10	0.29921353	0.012515427	0.9540437	-2.5428801e-17	0	380.50055
3.987000000000305e-10	0.29912823	0.012413099	0.9540719	-2.5428829e-17	0	380.50055
3.988000000000305e-10	0.2990439	0.012310272	0.9540997	-2.5428852e-17	0	380.50055
3.9890000000003054e-10	0.29896054	0.012206954	0.95412725	-2.5428885e-17	0	380.50055
3.9900000000003057e-10	0.2988782	0.012103157	0.9541545	-2.5428897e-17	0	380.50055
3.991000000000306e-10	0.29879686	0.011998883	0.9541815	-2.542893e-17	0	380.50055
3.9920000000003063e-10	0.2987165	0.011894149	0.954208	-2.5428951e-17	0	380.50055
3.9930000000003066e-10	0.29863715	0.011788961	0.95423424	-2.5428971e-17	0	380.50055
3.994000000000307e-10	0.2985588	0.011683327	0.95426023	-2.5428988e-17	0	380.50055
3.995000000000307e-10	0.29848146	0.011577257	0.95428574	-2.5429024e-17	0	380.50055
3.9960000000003076e-10	0.2984051	0.011470761	0.9543111	-2.5429042e-17	0	380.50055
3.997000000000308e-10	0.29832983	0.011363845	0.9543359	-2.5429057e-17	0	380.50055
3.998000000000308e-10	0.2982555	0.011256523	0.9543605	-2.5429087e-17	0	380.50055
3.9990000000003085e-10	0.29818222	0.011148801	0.9543847	-2.5429105e-17	0	380.50055
4.000000000000309e-10	0.2981099	0.011040689	0.95440865	-2.5429132e-17	0	380.50055
4.001000000000309e-10	0.29803866	0.010932198	0.95443225	-2.542915e-17	0	380.50055
4.0020000000003094e-10	0.2979684	0.010823331	0.9544555	-2.542918e-17	0	380.50055
4.0030000000003097e-10	0.29789913	0.010714104	0.95447844	-2.542919e-17	0	380.50055
4.00400000000031e-10	0.2978309	0.010604522	0.954501	-2.5429221e-17	0	380.50055
4.0050000000003103e-10	0.29776376	0.010494595	0.95452327	-2.5429248e-17	0	380.50055
4.0060000000003106e-10	0.2976976	0.010384333	0.95454514	-2.5429274e-17	0	380.50055
4.007000000000311e-10	0.29763243	0.010273746	0.9545667	-2.542928e-17	0	380.50055
4.008000000000311e-10	0.29756832	0.01016284	0.9545879	-2.5429307e-17	0	380.50055
4.0090000000003115e-10	0.2975052	0.010051628	0.95460874	-2.5429322e-17	0	380.50055
4.010000000000312e-10	0.29744315	0.009940114	0.9546293	-2.542935e-17	0	380.50055
4.011000000000312e-10	0.2973821	0.00982831	0.9546496	-2.5429367e-17	0	380.50055
4.0120000000003125e-10	0.29732206	0.009716225	0.9546696	-2.5429387e-17	0	380.50055
4.013000000000313e-10	0.2972631	0.009603867	0.9546891	-2.5429408e-17	0	380.50055
4.014000000000313e-10	0.2972051	0.009491248	0.9547083	-2.542943e-17	0	380.50055
4.0150000000003134e-10	0.29714817	0.009378374	0.9547271	-2.5429458e-17	0	380.50055
4.0160000000003137e-10	0.29709223	0.009265254	0.9547457	-2.542947e-17	0	380.50055
4.017000000000314e-10	0.29703733	0.009151898	0.9547639	-2.5429497e-17	0	380.50055
4.0180000000003143e-10	0.29697627	0.009066724	0.95478374	-2.6073431e-17	0	377.27716
4.0190000000003146e-10	0.2969087	0.009009559	0.9548054	-2.6073431e-17	0	377.27716
4.020000000000315e-10	0.29684174	0.008951936	0.9548267	-2.6073451e-17	0	377.27716
4.021000000000315e-10	0.29677534	0.008893862	0.9548479	-2.6073454e-17	0	377.27716
4.0220000000003155e-10	0.29670957	0.008835343	0.9548689	-2.607347e-17	0	377.27716
4.023000000000316e-10	0.2966444	0.008776385	0.95488966	-2.6073484e-17	0	377.27716
4.024000000000316e-10	0.29657984	0.008716994	0.95491034	-2.6073499e-17	0	377.27716
4.0250000000003165e-10	0.29651594	0.008657177	0.95493084	-2.6073505e-17	0	377.27716
4.026000000000317e-10	0.29645258	0.008596938	0.9549509	-2.6073519e-17	0	377.27716
4.027000000000317e-10	0.29638988	0.008536285	0.95497096	-2.607352e-17	0	377.27716
4.0280000000003174e-10	0.29632783	0.008475222	0.9549908	-2.6073542e-17	0	377.27716
4.0290000000003177e-10	0.29626635	0.008413756	0.9550103	-2.6073547e-17	0	377.27716
4.030000000000318e-10	0.29620552	0.008351894	0.9550297	-2.607356e-17	0	377.27716
4.0310000000003183e-10	0.29614532	0.008289641	0.95504904	-2.6073562e-17	0	377.27716
4.0320000000003186e-10	0.29608577	0.008227003	0.955068	-2.6073587e-17	0	377.27716
4.033000000000319e-10	0.29602683	0.008163987	0.9550868	-2.6073596e-17	0	377.27716
4.034000000000319e-10	0.2959685	0.008100597	0.9551054	-2.6073601e-17	0	377.27716
4.0350000000003195e-10	0.29591087	0.008036842	0.9551238	-2.6073611e-17	0	377.27716
4.03600000000032e-10	0.29585385	0.007972725	0.955142	-2.6073618e-17	0	377.27716
4.03700000000032e-10	0.29579747	0.007908256	0.95516	-2.607363e-17	0	377.27716
4.0380000000003204e-10	0.29574174	0.007843437	0.9551777	-2.6073638e-17	0	377.27716
4.039000000000321e-10	0.2956866	0.007778276	0.95519525	-2.6073658e-17	0	377.27716
4.040000000000321e-10	0.29563218	0.0077127786	0.95521265	-2.607367e-17	0	377.27716
4.0410000000003214e-10	0.29557836	0.0076469523	0.95522976	-2.607367e-17	0	377.27716
4.0420000000003217e-10	0.29552525	0.0075808023	0.95524675	-2.6073683e-17	0	377.27716
4.043000000000322e-10	0.2954727	0.0075143347	0.95526344	-2.6073702e-17	0	377.27716
4.0440000000003223e-10	0.29542089	0.0074475557	0.95528	-2.607371e-17	0	377.27716
4.0450000000003226e-10	0.29536968	0.0073804706	0.95529634	-2.6073714e-17	0	377.27716
4.046000000000323e-10	0.29531914	0.0073130867	0.9553124	-2.6073734e-17	0	377.27716
4.047000000000323e-10	0.2952693	0.007245411	0.95532835	-2.6073744e-17	0	377.27716
4.0480000000003235e-10	0.29522008	0.007177447	0.95534396	-2.607375e-17	0	377.27716
4.049000000000324e-10	0.2951715	0.0071092024	0.9553594	-2.6073754e-17	0	377.27716
4.050000000000324e-10	0.29512364	0.007040684	0.9553747	-2.607376e-17	0	377.27716
4.0510000000003244e-10	0.2950764	0.006971896	0.9553897	-2.607377e-17	0	377.27716
4.0520000000003247e-10	0.29502985	0.006902846	0.95540446	-2.6073787e-17	0	377.27716
4.053000000000325e-10	0.2949839	0.0068335393	0.9554191	-2.6073793e-17	0	377.27716
4.0540000000003254e-10	0.29493868	0.0067639835	0.9554336	-2.6073807e-17	0	377.27716
4.0550000000003257e-10	0.2948941	0.006694183	0.95544773	-2.6073815e-17	0	377.27716
4.056000000000326e-10	0.2948502	0.006624145	0.95546174	-2.6073828e-17	0	377.27716
4.0570000000003263e-10	0.29480696	0.0065538753	0.9554754	-2.607384e-17	0	377.27716
4.0580000000003266e-10	0.2947644	0.006483379	0.95548904	-2.6073843e-17	0	377.27716
4.059000000000327e-10	0.29472253	0.006412664	0.9555024	-2.6073851e-17	0	377.27716
4.060000000000327e-10	0.29468125	0.006341734	0.9555155	-2.6073863e-17	0	377.27716
4.0610000000003275e-10	0.29464072	0.006270598	0.9555284	-2.6073873e-17	0	377.27716
4.062000000000328e-10	0.2946008	0.0061992607	0.95554113	-2.6073888e-17	0	377.27716
4.063000000000328e-10	0.29456162	0.006127727	0.95555353	-2.6073896e-17	0	377.27716
4.0640000000003284e-10	0.29452306	0.006056005	0.95556587	-2.6073909e-17	0	377.27716
4.0650000000003287e-10	0.2944852	0.0059840996	0.95557785	-2.6073917e-17	0	377.27716
4.066000000000329e-10	0.29444802	0.005912017	0.9555897	-2.6073914e-17	0	377.27716
4.0670000000003293e-10	0.29441148	0.0058397637	0.9556013	-2.6073929e-17	0	377.27716
4.0680000000003296e-10	0.29437566	0.0057673454	0.95561266	-2.6073939e-17	0	377.27716
4.06900000000033e-10	0.2943405	0.0056947675	0.9556239	-2.6073954e-17	0	377.27716
4.0700000000003303e-10	0.29430598	0.0056220368	0.9556348	-2.6073952e-17	0	377.27716
4.0710000000003306e-10	0.29427215	0.0055491594	0.95564556	-2.6073959e-17	0	377.27716
4.072000000000331e-10	0.294239	0.005476141	0.95565605	-2.6073972e-17	0	377.27716
4.073000000000331e-10	0.29420653	0.005402987	0.9556664	-2.6073972e-17	0	377.27716
4.0740000000003315e-10	0.29417473	0.005329705	0.95567656	-2.607399e-17	0	377.27716
4.075000000000332e-10	0.2941436	0.005256299	0.9556865	-2.6074002e-17	0	377.27716
4.076000000000332e-10	0.29411316	0.0051827766	0.9556961	-2.6074005e-17	0	377.27716
4.0770000000003324e-10	0.2940834	0.005109142	0.9557056	-2.6074013e-17	0	377.27716
4.0780000000003327e-10	0.29405427	0.0050354023	0.9557148	-2.6074028e-17	0	377.27716
4.079000000000333e-10	0.29402584	0.0049615637	0.9557239	-2.607404e-17	0	377.27716
4.0800000000003333e-10	0.2939981	0.0048876316	0.95573264	-2.6074045e-17	0	377.27716
4.0810000000003336e-10	0.29397097	0.004813612	0.9557412	-2.6074058e-17	0	377.27716
4.082000000000334e-10	0.2939446	0.00473951	0.95574963	-2.607406e-17	0	377.27716
4.083000000000334e-10	0.29391885	0.0046653324	0.95575786	-2.6074073e-17	0	377.27716
4.0840000000003346e-10	0.29389378	0.0045910846	0.9557657	-2.6074073e-17	0	377.27716
4.085000000000335e-10	0.29386938	0.0045167734	0.9557736	-2.6074085e-17	0	377.27716
4.086000000000335e-10	0.29384562	0.004442402	0.955781	-2.6074094e-17	0	377.27716
4.0870000000003355e-10	0.29382256	0.0043679797	0.9557883	-2.6074101e-17	0	377.27716
4.088000000000336e-10	0.29380018	0.0042935093	0.9557954	-2.6074118e-17	0	377.27716
4.089000000000336e-10	0.29377845	0.004218998	0.9558023	-2.607411e-17	0	377.27716
4.0900000000003364e-10	0.29375738	0.0041444516	0.955809	-2.6074126e-17	0	377.27716
4.0910000000003367e-10	0.293737	0.0040698745	0.95581543	-2.6074132e-17	0	377.27716
4.092000000000337e-10	0.29371727	0.003995274	0.9558218	-2.6074139e-17	0	377.27716
4.0930000000003373e-10	0.2936982	0.0039206557	0.95582783	-2.6074154e-17	0	377.27716
4.0940000000003376e-10	0.29367977	0.003846024	0.95583355	-2.607416e-17	0	377.27716
4.095000000000338e-10	0.29366204	0.003771385	0.9558392	-2.607417e-17	0	377.27716
4.096000000000338e-10	0.29364496	0.0036967448	0.9558446	-2.6074179e-17	0	377.27716
4.0970000000003385e-10	0.29362854	0.003622109	0.95584977	-2.6074182e-17	0	377.27716
4.098000000000339e-10	0.29361275	0.0035474824	0.95585483	-2.6074192e-17	0	377.27716
4.099000000000339e-10	0.29359767	0.0034728711	0.95585954	-2.6074194e-17	0	377.27716
4.1000000000003395e-10	0.2935832	0.0033982804	0.95586413	-2.607421e-17	0	377.27716
4.10100000000034e-10	0.29356942	0.0033237163	0.95586854	-2.607422e-17	0	377.27716
4.10200000000034e-10	0.29355627	0.0032491835	0.95587265	-2.6074228e-17	0	377.27716
4.1030000000003404e-10	0.29354376	0.003174688	0.95587665	-2.6074242e-17	0	377.27716
4.1040000000003407e-10	0.29353192	0.003100235	0.9558804	-2.6074238e-17	0	377.27716
4.105000000000341e-10	0.29352072	0.0030258307	0.9558839	-2.6074248e-17	0	377.27716
4.1060000000003413e-10	0.29351017	0.0029514793	0.95588726	-2.6074255e-17	0	377.27716
4.1070000000003416e-10	0.29350027	0.0028771868	0.9558904	-2.6074263e-17	0	377.27716
4.108000000000342e-10	0.293491	0.0028029582	0.9558934	-2.607427e-17	0	377.27716
4.109000000000342e-10	0.2934824	0.0027287994	0.955896	-2.6074278e-17	0	377.27716
4.1100000000003425e-10	0.29347444	0.002654715	0.9558986	-2.607429e-17	0	377.27716
4.111000000000343e-10	0.29346707	0.002580711	0.9559007	-2.6074291e-17	0	377.27716
4.112000000000343e-10	0.29346037	0.0025067918	0.955903	-2.6074306e-17	0	377.27716
4.1130000000003434e-10	0.2934543	0.002432963	0.9559049	-2.6074305e-17	0	377.27716
4.114000000000344e-10	0.29344884	0.0023592303	0.9559065	-2.6074308e-17	0	377.27716
4.115000000000344e-10	0.29344404	0.002285598	0.95590806	-2.6074328e-17	0	377.27716
4.1160000000003444e-10	0.29343987	0.0022120718	0.9559094	-2.6074331e-17	0	377.27716
4.1170000000003447e-10	0.29343632	0.0021386568	0.95591044	-2.6074336e-17	0	377.27716
4.118000000000345e-10	0.29342714	0.0020925398	0.9559133	-2.6699297e-17	0	374.18286
4.1190000000003453e-10	0.29341203	0.0020735604	0.9559177	-2.669929e-17	0	374.18286
4.1200000000003456e-10	0.2933971	0.0020544832	0.95592225	-2.6699289e-17	0	374.18286
4.121000000000346e-10	0.29338238	0.0020353105	0.95592666	-2.6699287e-17	0	374.18286
4.122000000000346e-10	0.2933678	0.0020160438	0.95593095	-2.6699304e-17	0	374.18286
4.1230000000003465e-10	0.29335347	0.0019966848	0.95593524	-2.6699302e-17	0	374.18286
4.124000000000347e-10	0.29333928	0.0019772358	0.9559395	-2.6699306e-17	0	374.18286
4.125000000000347e-10	0.29332533	0.0019576983	0.9559437	-2.6699304e-17	0	374.18286
4.1260000000003474e-10	0.29331157	0.0019380741	0.9559479	-2.669931e-17	0	374.18286
4.127000000000348e-10	0.293298	0.0019183654	0.9559518	-2.6699304e-17	0	374.18286
4.128000000000348e-10	0.2932846	0.0018985735	0.95595586	-2.6699304e-17	0	374.18286
4.1290000000003484e-10	0.2932714	0.0018787005	0.95595974	-2.6699312e-17	0	374.18286
4.1300000000003487e-10	0.29325837	0.0018587481	0.95596373	-2.6699314e-17	0	374.18286
4.131000000000349e-10	0.29324555	0.0018387185	0.9559675	-2.6699314e-17	0	374.18286
4.1320000000003493e-10	0.29323295	0.0018186134	0.9559712	-2.6699317e-17	0	374.18286
4.1330000000003496e-10	0.29322052	0.0017984344	0.9559749	-2.6699317e-17	0	374.18286
4.13400000000035e-10	0.2932083	0.0017781835	0.95597845	-2.6699314e-17	0	374.18286
4.13500000000035e-10	0.2931963	0.0017578627	0.9559821	-2.6699314e-17	0	374.18286
4.1360000000003505e-10	0.29318446	0.001737474	0.9559855	-2.6699316e-17	0	374.18286
4.137000000000351e-10	0.2931728	0.0017170187	0.955989	-2.6699317e-17	0	374.18286
4.138000000000351e-10	0.2931614	0.0016964993	0.9559924	-2.6699326e-17	0	374.18286
4.1390000000003514e-10	0.29315013	0.0016759173	0.9559957	-2.6699327e-17	0	374.18286
4.1400000000003517e-10	0.2931391	0.0016552743	0.9559989	-2.6699324e-17	0	374.18286
4.141000000000352e-10	0.29312825	0.0016345726	0.9560021	-2.6699326e-17	0	374.18286
4.1420000000003523e-10	0.29311758	0.0016138137	0.95600533	-2.6699326e-17	0	374.18286
4.1430000000003527e-10	0.29310715	0.0015929998	0.95600843	-2.6699329e-17	0	374.18286
4.144000000000353e-10	0.2930969	0.0015721323	0.9560113	-2.6699332e-17	0	374.18286
4.1450000000003533e-10	0.29308683	0.0015512134	0.9560143	-2.6699324e-17	0	374.18286
4.1460000000003536e-10	0.293077	0.0015302448	0.95601714	-2.6699334e-17	0	374.18286
4.147000000000354e-10	0.29306734	0.0015092285	0.95602006	-2.6699332e-17	0	374.18286
4.148000000000354e-10	0.29305786	0.0014881664	0.95602274	-2.669934e-17	0	374.18286
4.1490000000003545e-10	0.29304862	0.0014670598	0.9560254	-2.6699345e-17	0	374.18286
4.150000000000355e-10	0.29303956	0.0014459112	0.95602816	-2.669934e-17	0	374.18286
4.151000000000355e-10	0.29303074	0.001424722	0.9560307	-2.6699339e-17	0	374.18286
4.1520000000003554e-10	0.29302207	0.0014034943	0.95603323	-2.6699345e-17	0	374.18286
4.1530000000003557e-10	0.2930136	0.0013822295	0.9560356	-2.6699349e-17	0	374.18286
4.154000000000356e-10	0.29300535	0.0013609298	0.95603806	-2.6699345e-17	0	374.18286
4.1550000000003563e-10	0.29299724	0.0013395972	0.9560404	-2.6699349e-17	0	374.18286
4.1560000000003566e-10	0.29298937	0.0013182329	0.95604265	-2.669935e-17	0	374.18286
4.157000000000357e-10	0.29298174	0.001296839	0.9560449	-2.6699347e-17	0	374.18286
4.158000000000357e-10	0.29297423	0.0012754174	0.95604694	-2.6699359e-17	0	374.18286
4.1590000000003576e-10	0.29296702	0.0012539697	0.9560492	-2.6699349e-17	0	374.18286
4.160000000000358e-10	0.29295996	0.0012324979	0.9560511	-2.6699355e-17	0	374.18286
4.161000000000358e-10	0.29295304	0.0012110039	0.9560531	-2.6699357e-17	0	374.18286
4.1620000000003585e-10	0.2929464	0.001189489	0.9560549	-2.6699362e-17	0	374.18286
4.163000000000359e-10	0.29293993	0.0011679553	0.95605683	-2.6699359e-17	0	374.18286
4.164000000000359e-10	0.2929336	0.0011464048	0.9560587	-2.6699365e-17	0	374.18286
4.1650000000003594e-10	0.29292756	0.0011248391	0.9560604	-2.6699359e-17	0	374.18286
4.1660000000003597e-10	0.29292166	0.0011032597	0.95606196	-2.6699359e-17	0	374.18286
4.16700000000036e-10	0.29291597	0.0010816689	0.95606357	-2.6699372e-17	0	374.18286
4.1680000000003603e-10	0.29291052	0.001060068	0.9560652	-2.6699367e-17	0	374.18286
4.1690000000003606e-10	0.2929052	0.001038459	0.95606667	-2.6699369e-17	0	374.18286
4.170000000000361e-10	0.2929001	0.0010168436	0.956068	-2.6699367e-17	0	374.18286
4.171000000000361e-10	0.2928952	0.0009952234	0.95606935	-2.6699372e-17	0	374.18286
4.1720000000003615e-10	0.29289052	0.00097359996	0.9560706	-2.6699367e-17	0	374.18286
4.173000000000362e-10	0.29288602	0.00095197535	0.9560719	-2.669937e-17	0	374.18286
4.174000000000362e-10	0.29288173	0.0009303513	0.95607305	-2.6699378e-17	0	374.18286
4.1750000000003625e-10	0.29287758	0.0009087294	0.95607424	-2.6699382e-17	0	374.18286
4.176000000000363e-10	0.29287365	0.0008871114	0.9560753	-2.6699377e-17	0	374.18286
4.177000000000363e-10	0.29286993	0.00086549914	0.9560762	-2.6699377e-17	0	374.18286
4.1780000000003634e-10	0.2928664	0.0008438941	0.9560773	-2.6699375e-17	0	374.18286
4.1790000000003637e-10	0.29286307	0.00082229805	0.9560781	-2.6699387e-17	0	374.18286
4.180000000000364e-10	0.29285994	0.00080071273	0.9560788	-2.6699382e-17	0	374.18286
4.1810000000003643e-10	0.29285693	0.0007791398	0.95607966	-2.669937e-17	0	374.18286
4.1820000000003646e-10	0.29285422	0.000757581	0.9560804	-2.6699378e-17	0	374.18286
4.183000000000365e-10	0.29285166	0.00073603785	0.956081	-2.6699385e-17	0	374.18286
4.184000000000365e-10	0.29284927	0.0007145121	0.95608157	-2.6699392e-17	0	374.18286
4.1850000000003655e-10	0.2928471	0.0006930055	0.9560821	-2.6699383e-17	0	374.18286
4.186000000000366e-10	0.29284513	0.00067151955	0.9560825	-2.6699387e-17	0	374.18286
4.187000000000366e-10	0.29284328	0.00065005594	0.956083	-2.6699378e-17	0	374.18286
4.1880000000003665e-10	0.29284167	0.00062861654	0.95608324	-2.669939e-17	0	374.18286
4.189000000000367e-10	0.29284024	0.00060720264	0.9560836	-2.6699398e-17	0	374.18286
4.190000000000367e-10	0.29283902	0.0005858161	0.9560838	-2.6699392e-17	0	374.18286
4.1910000000003674e-10	0.29283798	0.0005644583	0.95608395	-2.6699395e-17	0	374.18286
4.1920000000003677e-10	0.2928371	0.000543131	0.95608413	-2.6699402e-17	0	374.18286
4.193000000000368e-10	0.29283646	0.0005218357	0.95608413	-2.6699397e-17	0	374.18286
4.1940000000003683e-10	0.29283595	0.0005005741	0.9560842	-2.6699403e-17	0	374.18286
4.1950000000003686e-10	0.29283565	0.00047934757	0.9560842	-2.6699392e-17	0	374.18286
4.196000000000369e-10	0.29283553	0.00045815783	0.9560841	-2.66994e-17	0	374.18286
4.197000000000369e-10	0.29283562	0.00043700653	0.9560838	-2.6699397e-17	0	374.18286
4.1980000000003695e-10	0.29283586	0.0004158952	0.95608366	-2.6699397e-17	0	374.18286
4.19900000000037e-10	0.29283628	0.0003948253	0.9560835	-2.6699402e-17	0	374.18286
4.20000000000037e-10	0.29283693	0.00037379828	0.956083	-2.6699405e-17	0	374.18286
4.2010000000003704e-10	0.29283774	0.0003528159	0.95608264	-2.6699407e-17	0	374.18286
4.202000000000371e-10	0.2928387	0.00033187948	0.9560822	-2.6699402e-17	0	374.18286
4.203000000000371e-10	0.29283988	0.00031099064	0.95608175	-2.6699412e-17	0	374.18286
4.2040000000003714e-10	0.2928412	0.00029015078	0.95608115	-2.6699412e-17	0	374.18286
4.2050000000003717e-10	0.2928427	0.0002693615	0.95608056	-2.6699407e-17	0	374.18286
4.206000000000372e-10	0.2928444	0.00024862427	0.9560799	-2.6699413e-17	0	374.18286
4.2070000000003723e-10	0.29284632	0.00022794056	0.956079	-2.669942e-17	0	374.18286
4.2080000000003726e-10	0.29284838	0.00020731168	0.95607835	-2.6699405e-17	0	374.18286
4.209000000000373e-10	0.29285058	0.00018673914	0.9560776	-2.6699412e-17	0	374.18286
4.210000000000373e-10	0.292853	0.00016622456	0.9560767	-2.6699415e-17	0	374.18286
4.2110000000003735e-10	0.29285556	0.00014576939	0.9560757	-2.6699417e-17	0	374.18286
4.212000000000374e-10	0.2928583	0.00012537488	0.9560747	-2.6699415e-17	0	374.18286
4.213000000000374e-10	0.29286125	0.00010504255	0.9560738	-2.6699425e-17	0	374.18286
4.2140000000003744e-10	0.29286435	8.477385e-05	0.9560727	-2.6699425e-17	0	374.18286
4.2150000000003747e-10	0.29286763	6.456995e-05	0.9560715	-2.6699421e-17	0	374.18286
4.216000000000375e-10	0.29287103	4.443241e-05	0.9560703	-2.669942e-17	0	374.18286
4.2170000000003753e-10	0.29287466	2.4362627e-05	0.95606905	-2.6699428e-17	0	374.18286
4.2180000000003757e-10	0.29287258	3.050534e-05	0.9560696	-2.7304633e-17	0	371.21246
4.219000000000376e-10	0.29286462	6.270116e-05	0.95607185	-2.7304643e-17	0	371.21246
4.2200000000003763e-10	0.29285628	9.475142e-05	0.95607424	-2.7304636e-17	0	371.21246
4.2210000000003766e-10	0.29284778	0.00012665425	0.95607674	-2.7304628e-17	0	371.21246
4.222000000000377e-10	0.29283896	0.00015840773	0.9560793	-2.7304631e-17	0	371.21246
4.223000000000377e-10	0.29282993	0.00019000981	0.95608187	-2.7304641e-17	0	371.21246
4.2240000000003775e-10	0.29282057	0.0002214585	0.9560846	-2.7304651e-17	0	371.21246
4.225000000000378e-10	0.292811	0.0002527519	0.95608747	-2.730464e-17	0	371.21246
4.226000000000378e-10	0.29280114	0.00028388808	0.95609033	-2.7304641e-17	0	371.21246
4.2270000000003784e-10	0.29279107	0.0003148652	0.9560933	-2.730465e-17	0	371.21246
4.2280000000003787e-10	0.29278073	0.0003456815	0.9560963	-2.7304653e-17	0	371.21246
4.229000000000379e-10	0.29277012	0.00037633494	0.9560994	-2.730465e-17	0	371.21246
4.2300000000003793e-10	0.2927593	0.00040682397	0.9561025	-2.7304656e-17	0	371.21246
4.2310000000003796e-10	0.2927482	0.00043714658	0.9561059	-2.730466e-17	0	371.21246
4.23200000000038e-10	0.2927369	0.00046730103	0.9561092	-2.7304658e-17	0	371.21246
4.23300000000038e-10	0.29272532	0.0004972855	0.9561126	-2.7304666e-17	0	371.21246
4.2340000000003806e-10	0.2927135	0.00052709866	0.9561161	-2.7304665e-17	0	371.21246
4.235000000000381e-10	0.29270148	0.00055673847	0.95611966	-2.7304666e-17	0	371.21246
4.236000000000381e-10	0.29268917	0.0005862035	0.9561232	-2.7304666e-17	0	371.21246
4.2370000000003815e-10	0.29267663	0.0006154918	0.9561269	-2.7304663e-17	0	371.21246
4.238000000000382e-10	0.2926639	0.000644602	0.9561307	-2.7304671e-17	0	371.21246
4.239000000000382e-10	0.29265094	0.0006735326	0.95613456	-2.7304678e-17	0	371.21246
4.2400000000003824e-10	0.29263774	0.00070228183	0.95613843	-2.7304671e-17	0	371.21246
4.2410000000003827e-10	0.2926243	0.00073084823	0.9561424	-2.7304665e-17	0	371.21246
4.242000000000383e-10	0.29261065	0.00075923017	0.9561464	-2.7304678e-17	0	371.21246
4.2430000000003833e-10	0.2925968	0.00078742614	0.9561506	-2.7304678e-17	0	371.21246
4.2440000000003836e-10	0.2925827	0.0008154346	0.9561548	-2.7304681e-17	0	371.21246
4.245000000000384e-10	0.29256836	0.00084325427	0.956159	-2.7304684e-17	0	371.21246
4.246000000000384e-10	0.2925539	0.00087088346	0.9561633	-2.7304681e-17	0	371.21246
4.2470000000003846e-10	0.29253912	0.000898321	0.95616776	-2.7304684e-17	0	371.21246
4.248000000000385e-10	0.2925242	0.0009255655	0.9561721	-2.7304694e-17	0	371.21246
4.249000000000385e-10	0.29250902	0.0009526154	0.95617664	-2.7304694e-17	0	371.21246
4.2500000000003855e-10	0.29249367	0.0009794696	0.9561813	-2.7304696e-17	0	371.21246
4.251000000000386e-10	0.2924781	0.0010061264	0.9561859	-2.730469e-17	0	371.21246
4.252000000000386e-10	0.29246235	0.0010325848	0.9561905	-2.7304698e-17	0	371.21246
4.2530000000003864e-10	0.29244637	0.0010588433	0.95619524	-2.730469e-17	0	371.21246
4.2540000000003867e-10	0.29243022	0.0010849007	0.9562001	-2.7304691e-17	0	371.21246
4.255000000000387e-10	0.29241383	0.001110756	0.956205	-2.7304696e-17	0	371.21246
4.2560000000003873e-10	0.2923973	0.0011364075	0.9562099	-2.7304701e-17	0	371.21246
4.2570000000003876e-10	0.2923806	0.0011618542	0.95621485	-2.7304708e-17	0	371.21246
4.258000000000388e-10	0.29236367	0.0011870952	0.95622	-2.7304704e-17	0	371.21246
4.259000000000388e-10	0.29234657	0.001212129	0.95622516	-2.7304704e-17	0	371.21246
4.2600000000003885e-10	0.29232925	0.0012369547	0.9562303	-2.7304706e-17	0	371.21246
4.261000000000389e-10	0.2923118	0.001261571	0.95623547	-2.7304708e-17	0	371.21246
4.262000000000389e-10	0.29229414	0.0012859766	0.9562408	-2.730471e-17	0	371.21246
4.2630000000003895e-10	0.2922763	0.0013101711	0.956246	-2.7304716e-17	0	371.21246
4.26400000000039e-10	0.29225826	0.0013341529	0.95625144	-2.7304713e-17	0	371.21246
4.26500000000039e-10	0.29224008	0.0013579213	0.9562569	-2.7304719e-17	0	371.21246
4.2660000000003904e-10	0.29222178	0.0013814749	0.9562624	-2.7304714e-17	0	371.21246
4.2670000000003907e-10	0.29220322	0.001404813	0.95626795	-2.7304722e-17	0	371.21246
4.268000000000391e-10	0.29218453	0.0014279345	0.95627356	-2.7304714e-17	0	371.21246
4.2690000000003913e-10	0.2921657	0.0014508385	0.9562792	-2.7304724e-17	0	371.21246
4.2700000000003916e-10	0.29214665	0.0014735243	0.956285	-2.7304716e-17	0	371.21246
4.271000000000392e-10	0.29212755	0.0014959908	0.9562906	-2.7304724e-17	0	371.21246
4.272000000000392e-10	0.2921082	0.001518237	0.95629644	-2.730473e-17	0	371.21246
4.2730000000003925e-10	0.29208872	0.0015402625	0.95630234	-2.7304729e-17	0	371.21246
4.274000000000393e-10	0.29206908	0.0015620659	0.9563082	-2.7304727e-17	0	371.21246
4.275000000000393e-10	0.29204932	0.0015836469	0.9563141	-2.730473e-17	0	371.21246
4.2760000000003934e-10	0.29202938	0.0016050043	0.9563201	-2.730473e-17	0	371.21246
4.277000000000394e-10	0.2920093	0.0016261378	0.95632607	-2.7304729e-17	0	371.21246
4.278000000000394e-10	0.29198906	0.0016470462	0.9563323	-2.7304732e-17	0	371.21246
4.2790000000003944e-10	0.29196873	0.0016677291	0.95633835	-2.730474e-17	0	371.21246
4.2800000000003947e-10	0.29194823	0.0016881857	0.9563445	-2.7304732e-17	0	371.21246
4.281000000000395e-10	0.2919276	0.0017084153	0.95635074	-2.7304732e-17	0	371.21246
4.2820000000003953e-10	0.29190683	0.0017284171	0.95635694	-2.7304737e-17	0	371.21246
4.2830000000003956e-10	0.29188594	0.001748191	0.9563632	-2.7304746e-17	0	371.21246
4.284000000000396e-10	0.2918649	0.0017677359	0.9563695	-2.7304757e-17	0	371.21246
4.285000000000396e-10	0.29184377	0.0017870511	0.9563759	-2.7304744e-17	0	371.21246
4.2860000000003965e-10	0.2918225	0.0018061366	0.9563824	-2.7304749e-17	0	371.21246
4.287000000000397e-10	0.2918011	0.0018249912	0.9563888	-2.7304754e-17	0	371.21246
4.288000000000397e-10	0.29177955	0.0018436147	0.9563954	-2.7304747e-17	0	371.21246
4.2890000000003974e-10	0.29175788	0.001862007	0.9564018	-2.7304752e-17	0	371.21246
4.290000000000398e-10	0.29173616	0.0018801669	0.95640826	-2.7304749e-17	0	371.21246
4.291000000000398e-10	0.29171428	0.0018980944	0.95641494	-2.7304747e-17	0	371.21246
4.2920000000003984e-10	0.29169232	0.0019157889	0.9564216	-2.7304744e-17	0	371.21246
4.2930000000003987e-10	0.2916702	0.0019332499	0.95642823	-2.7304754e-17	0	371.21246
4.294000000000399e-10	0.29164803	0.0019504771	0.9564349	-2.7304754e-17	0	371.21246
4.2950000000003993e-10	0.29162574	0.00196747	0.95644164	-2.7304759e-17	0	371.21246
4.2960000000003996e-10	0.2916033	0.0019842288	0.95644844	-2.7304767e-17	0	371.21246
4.2970000000004e-10	0.29158083	0.0020007524	0.95645523	-2.730476e-17	0	371.21246
4.2980000000004e-10	0.29155824	0.0020170407	0.95646197	-2.730476e-17	0	371.21246
4.2990000000004005e-10	0.29153556	0.002033094	0.9564689	-2.7304769e-17	0	371.21246
4.300000000000401e-10	0.29151276	0.002048911	0.9564758	-2.7304769e-17	0	371.21246
4.301000000000401e-10	0.2914899	0.0020644923	0.95648265	-2.7304769e-17	0	371.21246
4.3020000000004014e-10	0.29146692	0.0020798375	0.9564896	-2.7304769e-17	0	371.21246
4.3030000000004017e-10	0.29144388	0.002094946	0.9564966	-2.7304769e-17	0	371.21246
4.304000000000402e-10	0.29142076	0.002109818	0.95650357	-2.7304769e-17	0	371.21246
4.3050000000004023e-10	0.29139757	0.002124453	0.9565106	-2.7304775e-17	0	371.21246
4.3060000000004026e-10	0.29137424	0.0021388512	0.95651764	-2.7304769e-17	0	371.21246
4.307000000000403e-10	0.29135087	0.0021530124	0.9565247	-2.730477e-17	0	371.21246
4.3080000000004033e-10	0.29132745	0.0021669364	0.9565319	-2.7304784e-17	0	371.21246
4.3090000000004036e-10	0.29130393	0.0021806231	0.95653886	-2.7304782e-17	0	371.21246
4.310000000000404e-10	0.29128033	0.0021940724	0.95654607	-2.7304779e-17	0	371.21246
4.311000000000404e-10	0.2912567	0.002207284	0.95655316	-2.7304792e-17	0	371.21246
4.3120000000004045e-10	0.29123294	0.0022202586	0.95656043	-2.7304785e-17	0	371.21246
4.313000000000405e-10	0.29120916	0.0022329958	0.9565675	-2.7304794e-17	0	371.21246
4.314000000000405e-10	0.29118532	0.002245495	0.9565748	-2.7304777e-17	0	371.21246
4.3150000000004054e-10	0.29116142	0.0022577571	0.9565821	-2.7304785e-17	0	371.21246
4.3160000000004057e-10	0.29113746	0.0022697817	0.95658934	-2.7304787e-17	0	371.21246
4.317000000000406e-10	0.29111347	0.0022815692	0.9565966	-2.7304794e-17	0	371.21246
4.3180000000004063e-10	0.29108363	0.0023180807	0.95660555	-2.7890902e-17	0	368.361
4.3190000000004066e-10	0.29104766	0.0023791532	0.9566164	-2.789091e-17	0	368.361
4.320000000000407e-10	0.29101124	0.002439768	0.95662737	-2.7890912e-17	0	368.361
4.321000000000407e-10	0.29097438	0.0024999224	0.9566384	-2.7890926e-17	0	368.361
4.3220000000004076e-10	0.29093698	0.0025596125	0.95664954	-2.7890922e-17	0	368.361
4.323000000000408e-10	0.29089916	0.0026188355	0.9566609	-2.789094e-17	0	368.361
4.324000000000408e-10	0.2908609	0.002677589	0.9566724	-2.7890942e-17	0	368.361
4.3250000000004085e-10	0.29082218	0.0027358686	0.9566841	-2.7890945e-17	0	368.361
4.326000000000409e-10	0.29078302	0.0027936725	0.9566958	-2.7890955e-17	0	368.361
4.327000000000409e-10	0.2907434	0.0028509968	0.95670766	-2.7890965e-17	0	368.361
4.3280000000004094e-10	0.29070336	0.0029078394	0.95671964	-2.7890972e-17	0	368.361
4.3290000000004097e-10	0.2906629	0.0029641977	0.9567318	-2.789098e-17	0	368.361
4.33000000000041e-10	0.290622	0.0030200682	0.95674413	-2.7890985e-17	0	368.361
4.3310000000004103e-10	0.29058075	0.0030754488	0.95675653	-2.7890995e-17	0	368.361
4.3320000000004106e-10	0.29053903	0.0031303363	0.956769	-2.7890995e-17	0	368.361
4.333000000000411e-10	0.29049692	0.0031847288	0.9567816	-2.7891005e-17	0	368.361
4.334000000000411e-10	0.2904544	0.003238624	0.9567943	-2.7891008e-17	0	368.361
4.3350000000004115e-10	0.29041147	0.0032920183	0.9568072	-2.789102e-17	0	368.361
4.336000000000412e-10	0.29036814	0.0033449102	0.95682013	-2.7891015e-17	0	368.361
4.337000000000412e-10	0.2903245	0.003397297	0.9568333	-2.789102e-17	0	368.361
4.3380000000004125e-10	0.2902804	0.0034491762	0.9568466	-2.789103e-17	0	368.361
4.339000000000413e-10	0.29023594	0.0035005463	0.9568599	-2.7891038e-17	0	368.361
4.340000000000413e-10	0.29019114	0.0035514045	0.95687336	-2.7891045e-17	0	368.361
4.3410000000004134e-10	0.29014596	0.0036017485	0.9568868	-2.789105e-17	0	368.361
4.3420000000004137e-10	0.29010043	0.0036515766	0.95690054	-2.7891058e-17	0	368.361
4.343000000000414e-10	0.29005456	0.0037008864	0.95691437	-2.7891058e-17	0	368.361
4.3440000000004143e-10	0.29000828	0.0037496765	0.9569282	-2.7891064e-17	0	368.361
4.3450000000004146e-10	0.28996173	0.0037979442	0.9569421	-2.7891084e-17	0	368.361
4.346000000000415e-10	0.28991482	0.0038456884	0.9569561	-2.7891078e-17	0	368.361
4.347000000000415e-10	0.28986758	0.0038929067	0.9569703	-2.789109e-17	0	368.361
4.3480000000004155e-10	0.28982002	0.003939598	0.95698464	-2.7891088e-17	0	368.361
4.349000000000416e-10	0.2897721	0.003985759	0.95699894	-2.7891098e-17	0	368.361
4.350000000000416e-10	0.2897239	0.00403139	0.95701337	-2.789111e-17	0	368.361
4.3510000000004165e-10	0.28967538	0.0040764883	0.9570279	-2.7891114e-17	0	368.361
4.352000000000417e-10	0.28962654	0.004121052	0.9570426	-2.789112e-17	0	368.361
4.353000000000417e-10	0.28957742	0.0041650804	0.95705736	-2.7891124e-17	0	368.361
4.3540000000004174e-10	0.289528	0.004208572	0.95707214	-2.7891124e-17	0	368.361
4.3550000000004177e-10	0.2894783	0.0042515243	0.957087	-2.7891134e-17	0	368.361
4.356000000000418e-10	0.28942835	0.0042939377	0.95710194	-2.7891147e-17	0	368.361
4.3570000000004183e-10	0.28937808	0.0043358095	0.957117	-2.7891157e-17	0	368.361
4.3580000000004186e-10	0.28932753	0.0043771383	0.9571322	-2.7891154e-17	0	368.361
4.359000000000419e-10	0.28927672	0.0044179237	0.9571474	-2.7891154e-17	0	368.361
4.360000000000419e-10	0.28922567	0.0044581643	0.9571627	-2.789116e-17	0	368.361
4.3610000000004195e-10	0.28917435	0.0044978587	0.95717806	-2.7891174e-17	0	368.361
4.36200000000042e-10	0.28912282	0.0045370064	0.9571936	-2.7891167e-17	0	368.361
4.36300000000042e-10	0.289071	0.004575606	0.9572091	-2.7891184e-17	0	368.361
4.3640000000004204e-10	0.28901893	0.0046136566	0.9572246	-2.789119e-17	0	368.361
4.365000000000421e-10	0.28896663	0.0046511567	0.95724034	-2.7891197e-17	0	368.361
4.366000000000421e-10	0.2889141	0.0046881065	0.9572561	-2.7891197e-17	0	368.361
4.3670000000004214e-10	0.28886136	0.0047245044	0.95727193	-2.7891207e-17	0	368.361
4.3680000000004217e-10	0.28880844	0.00476035	0.9572877	-2.7891203e-17	0	368.361
4.369000000000422e-10	0.28875527	0.0047956426	0.95730364	-2.7891223e-17	0	368.361
4.3700000000004223e-10	0.28870183	0.004830381	0.95731974	-2.789122e-17	0	368.361
4.3710000000004226e-10	0.28864828	0.004864566	0.9573357	-2.789122e-17	0	368.361
4.372000000000423e-10	0.2885945	0.004898195	0.95735186	-2.7891237e-17	0	368.361
4.373000000000423e-10	0.28854054	0.004931269	0.957368	-2.789124e-17	0	368.361
4.3740000000004235e-10	0.28848642	0.004963787	0.9573842	-2.789124e-17	0	368.361
4.375000000000424e-10	0.28843206	0.0049957493	0.95740056	-2.789125e-17	0	368.361
4.376000000000424e-10	0.28837758	0.005027154	0.95741683	-2.7891256e-17	0	368.361
4.3770000000004244e-10	0.28832293	0.0050580017	0.9574333	-2.7891256e-17	0	368.361
4.3780000000004247e-10	0.2882681	0.005088292	0.9574496	-2.7891263e-17	0	368.361
4.379000000000425e-10	0.28821304	0.0051180255	0.9574661	-2.7891273e-17	0	368.361
4.3800000000004253e-10	0.28815794	0.005147201	0.9574827	-2.789128e-17	0	368.361
4.3810000000004257e-10	0.28810263	0.0051758178	0.9574992	-2.789129e-17	0	368.361
4.382000000000426e-10	0.2880472	0.0052038776	0.95751595	-2.7891283e-17	0	368.361
4.3830000000004263e-10	0.28799158	0.0052313795	0.9575325	-2.7891296e-17	0	368.361
4.3840000000004266e-10	0.2879359	0.005258323	0.9575492	-2.7891306e-17	0	368.361
4.385000000000427e-10	0.28788003	0.0052847094	0.95756596	-2.7891306e-17	0	368.361
4.386000000000427e-10	0.2878241	0.0053105373	0.95758283	-2.7891313e-17	0	368.361
4.3870000000004275e-10	0.287768	0.0053358083	0.9575995	-2.7891316e-17	0	368.361
4.388000000000428e-10	0.28771186	0.0053605214	0.95761645	-2.789132e-17	0	368.361
4.389000000000428e-10	0.28765553	0.0053846766	0.9576333	-2.789133e-17	0	368.361
4.3900000000004284e-10	0.28759915	0.0054082754	0.9576501	-2.7891332e-17	0	368.361
4.3910000000004287e-10	0.28754264	0.005431318	0.9576671	-2.7891336e-17	0	368.361
4.392000000000429e-10	0.28748605	0.0054538045	0.9576841	-2.7891342e-17	0	368.361
4.3930000000004293e-10	0.28742942	0.0054757358	0.957701	-2.789135e-17	0	368.361
4.3940000000004296e-10	0.28737265	0.005497111	0.957718	-2.789135e-17	0	368.361
4.39500000000043e-10	0.28731582	0.0055179317	0.957735	-2.789136e-17	0	368.361
4.39600000000043e-10	0.28725895	0.005538198	0.9577521	-2.789136e-17	0	368.361
4.3970000000004306e-10	0.28720197	0.0055579115	0.9577692	-2.7891372e-17	0	368.361
4.398000000000431e-10	0.28714496	0.005577071	0.95778626	-2.789137e-17	0	368.361
4.399000000000431e-10	0.28708792	0.005595679	0.95780337	-2.789138e-17	0	368.361
4.4000000000004315e-10	0.2870308	0.005613736	0.9578204	-2.7891382e-17	0	368.361
4.401000000000432e-10	0.28697363	0.0056312415	0.95783764	-2.7891392e-17	0	368.361
4.402000000000432e-10	0.2869164	0.0056481976	0.95785475	-2.789139e-17	0	368.361
4.4030000000004324e-10	0.2868592	0.0056646043	0.95787185	-2.7891395e-17	0	368.361
4.4040000000004327e-10	0.2868019	0.0056804633	0.9578891	-2.7891402e-17	0	368.361
4.405000000000433e-10	0.28674465	0.005695775	0.95790625	-2.7891415e-17	0	368.361
4.4060000000004333e-10	0.28668734	0.0057105403	0.9579234	-2.7891415e-17	0	368.361
4.4070000000004336e-10	0.28662997	0.0057247616	0.9579407	-2.7891415e-17	0	368.361
4.408000000000434e-10	0.28657264	0.0057384376	0.95795774	-2.789142e-17	0	368.361
4.409000000000434e-10	0.28651533	0.005751572	0.95797503	-2.789143e-17	0	368.361
4.4100000000004346e-10	0.28645802	0.005764164	0.95799214	-2.789144e-17	0	368.361
4.411000000000435e-10	0.28640065	0.005776216	0.95800936	-2.7891435e-17	0	368.361
4.412000000000435e-10	0.28634334	0.0057877274	0.95802647	-2.7891448e-17	0	368.361
4.4130000000004355e-10	0.286286	0.005798702	0.9580437	-2.7891445e-17	0	368.361
4.414000000000436e-10	0.28622872	0.00580914	0.95806086	-2.7891458e-17	0	368.361
4.415000000000436e-10	0.28617144	0.005819042	0.9580781	-2.7891455e-17	0	368.361
4.4160000000004364e-10	0.28611422	0.005828411	0.9580953	-2.7891468e-17	0	368.361
4.4170000000004367e-10	0.28605703	0.0058372477	0.9581125	-2.7891468e-17	0	368.361
4.418000000000437e-10	0.2859941	0.0058691087	0.958131	-2.84597e-17	0	365.62372
4.4190000000004373e-10	0.28592515	0.005923832	0.95815146	-2.845971e-17	0	365.62372
4.4200000000004376e-10	0.28585586	0.0059778043	0.9581719	-2.8459718e-17	0	365.62372
4.421000000000438e-10	0.2857862	0.0060310247	0.9581924	-2.845974e-17	0	365.62372
4.422000000000438e-10	0.2857162	0.006083491	0.95821315	-2.8459748e-17	0	365.62372
4.4230000000004385e-10	0.28564587	0.006135201	0.95823395	-2.8459754e-17	0	365.62372
4.424000000000439e-10	0.2855752	0.006186156	0.9582548	-2.845976e-17	0	365.62372
4.425000000000439e-10	0.28550422	0.0062363516	0.95827574	-2.8459774e-17	0	365.62372
4.4260000000004395e-10	0.28543293	0.006285788	0.95829684	-2.8459784e-17	0	365.62372
4.42700000000044e-10	0.28536135	0.006334464	0.9583179	-2.8459797e-17	0	365.62372
4.42800000000044e-10	0.28528947	0.0063823783	0.95833915	-2.8459807e-17	0	365.62372
4.4290000000004404e-10	0.2852173	0.00642953	0.95836043	-2.845982e-17	0	365.62372
4.4300000000004407e-10	0.2851448	0.0064759175	0.9583818	-2.8459824e-17	0	365.62372
4.431000000000441e-10	0.28507206	0.0065215416	0.9584033	-2.8459834e-17	0	365.62372
4.4320000000004413e-10	0.28499904	0.0065663983	0.9584248	-2.845985e-17	0	365.62372
4.4330000000004416e-10	0.2849258	0.00661049	0.9584465	-2.845985e-17	0	365.62372
4.434000000000442e-10	0.28485224	0.0066538146	0.9584681	-2.845987e-17	0	365.62372
4.435000000000442e-10	0.28477845	0.0066963723	0.9584899	-2.8459867e-17	0	365.62372
4.4360000000004425e-10	0.28470448	0.0067381607	0.9585117	-2.8459884e-17	0	365.62372
4.437000000000443e-10	0.28463024	0.006779181	0.9585337	-2.8459897e-17	0	365.62372
4.438000000000443e-10	0.2845558	0.006819433	0.95855564	-2.8459907e-17	0	365.62372
4.4390000000004434e-10	0.2844811	0.0068589156	0.95857763	-2.8459913e-17	0	365.62372
4.440000000000444e-10	0.2844062	0.0068976283	0.9585998	-2.8459927e-17	0	365.62372
4.441000000000444e-10	0.28433114	0.0069355713	0.95862186	-2.845993e-17	0	365.62372
4.4420000000004444e-10	0.28425586	0.006972745	0.958644	-2.845994e-17	0	365.62372
4.4430000000004447e-10	0.28418037	0.0070091486	0.95866627	-2.8459956e-17	0	365.62372
4.444000000000445e-10	0.28410476	0.007044782	0.95868856	-2.845996e-17	0	365.62372
4.4450000000004453e-10	0.28402895	0.0070796465	0.95871085	-2.845997e-17	0	365.62372
4.4460000000004456e-10	0.28395292	0.00711374	0.9587333	-2.845998e-17	0	365.62372
4.447000000000446e-10	0.28387684	0.0071470663	0.9587558	-2.846e-17	0	365.62372
4.448000000000446e-10	0.28380057	0.0071796216	0.95877826	-2.8459996e-17	0	365.62372
4.4490000000004465e-10	0.28372416	0.0072114086	0.9588007	-2.846e-17	0	365.62372
4.450000000000447e-10	0.2836476	0.007242427	0.95882326	-2.8460013e-17	0	365.62372
4.451000000000447e-10	0.2835709	0.007272678	0.95884585	-2.846003e-17	0	365.62372
4.4520000000004474e-10	0.2834941	0.007302162	0.95886856	-2.846004e-17	0	365.62372
4.4530000000004477e-10	0.28341722	0.0073308786	0.9588911	-2.8460046e-17	0	365.62372
4.454000000000448e-10	0.28334022	0.007358829	0.95891386	-2.846005e-17	0	365.62372
4.4550000000004484e-10	0.28326306	0.0073860143	0.9589366	-2.8460065e-17	0	365.62372
4.4560000000004487e-10	0.28318587	0.0074124355	0.9589592	-2.8460075e-17	0	365.62372
4.457000000000449e-10	0.2831086	0.0074380925	0.9589821	-2.8460085e-17	0	365.62372
4.4580000000004493e-10	0.28303126	0.0074629867	0.95900494	-2.8460092e-17	0	365.62372
4.4590000000004496e-10	0.28295383	0.00748712	0.95902765	-2.8460105e-17	0	365.62372
4.46000000000045e-10	0.28287634	0.007510492	0.9590505	-2.846011e-17	0	365.62372
4.46100000000045e-10	0.2827988	0.0075331046	0.9590733	-2.8460112e-17	0	365.62372
4.4620000000004505e-10	0.2827212	0.007554959	0.9590962	-2.8460132e-17	0	365.62372
4.463000000000451e-10	0.2826436	0.0075760568	0.959119	-2.8460138e-17	0	365.62372
4.464000000000451e-10	0.2825659	0.0075963973	0.95914185	-2.846014e-17	0	365.62372
4.4650000000004514e-10	0.2824882	0.0076159844	0.9591648	-2.8460148e-17	0	365.62372
4.4660000000004517e-10	0.2824105	0.0076348186	0.95918775	-2.846016e-17	0	365.62372
4.467000000000452e-10	0.28233275	0.0076529006	0.9592106	-2.8460168e-17	0	365.62372
4.4680000000004523e-10	0.28225505	0.007670233	0.9592334	-2.846018e-17	0	365.62372
4.4690000000004526e-10	0.2821773	0.007686818	0.9592563	-2.8460178e-17	0	365.62372
4.470000000000453e-10	0.2820996	0.007702655	0.95927924	-2.84602e-17	0	365.62372
4.4710000000004533e-10	0.2820219	0.0077177472	0.9593021	-2.8460208e-17	0	365.62372
4.4720000000004536e-10	0.28194422	0.007732097	0.95932496	-2.8460214e-17	0	365.62372
4.473000000000454e-10	0.28186658	0.0077457037	0.9593479	-2.8460224e-17	0	365.62372
4.474000000000454e-10	0.28178895	0.007758572	0.95937073	-2.846022e-17	0	365.62372
4.4750000000004545e-10	0.2817114	0.007770703	0.9593935	-2.846024e-17	0	365.62372
4.476000000000455e-10	0.28163385	0.0077820984	0.9594163	-2.8460247e-17	0	365.62372
4.477000000000455e-10	0.2815564	0.00779276	0.95943904	-2.8460247e-17	0	365.62372
4.4780000000004554e-10	0.28147894	0.0078026904	0.95946187	-2.846027e-17	0	365.62372
4.4790000000004557e-10	0.2814016	0.007811892	0.95948464	-2.846027e-17	0	365.62372
4.480000000000456e-10	0.28132436	0.007820366	0.95950735	-2.8460277e-17	0	365.62372
4.4810000000004563e-10	0.2812472	0.007828116	0.9595301	-2.846028e-17	0	365.62372
4.4820000000004566e-10	0.28117007	0.007835144	0.9595527	-2.8460294e-17	0	365.62372
4.483000000000457e-10	0.28109306	0.007841452	0.9595754	-2.8460297e-17	0	365.62372
4.484000000000457e-10	0.28101617	0.007847043	0.959598	-2.8460307e-17	0	365.62372
4.4850000000004576e-10	0.28093943	0.007851919	0.9596208	-2.8460327e-17	0	365.62372
4.486000000000458e-10	0.28086272	0.007856081	0.9596433	-2.8460337e-17	0	365.62372
4.487000000000458e-10	0.28078616	0.0078595355	0.9596657	-2.8460343e-17	0	365.62372
4.4880000000004585e-10	0.2807097	0.007862283	0.9596883	-2.8460347e-17	0	365.62372
4.489000000000459e-10	0.28063342	0.007864324	0.9597107	-2.846035e-17	0	365.62372
4.490000000000459e-10	0.28055727	0.007865665	0.9597331	-2.846036e-17	0	365.62372
4.4910000000004594e-10	0.28048125	0.007866308	0.9597554	-2.8460367e-17	0	365.62372
4.4920000000004597e-10	0.2804054	0.007866253	0.95977783	-2.8460373e-17	0	365.62372
4.49300000000046e-10	0.28032967	0.007865507	0.9598	-2.846039e-17	0	365.62372
4.4940000000004603e-10	0.28025416	0.00786407	0.9598223	-2.8460396e-17	0	365.62372
4.4950000000004606e-10	0.28017876	0.007861946	0.95984447	-2.8460396e-17	0	365.62372
4.496000000000461e-10	0.28010356	0.007859139	0.95986664	-2.8460406e-17	0	365.62372
4.497000000000461e-10	0.28002852	0.007855651	0.9598886	-2.8460416e-17	0	365.62372
4.4980000000004615e-10	0.2799537	0.007851483	0.9599107	-2.8460423e-17	0	365.62372
4.499000000000462e-10	0.27987903	0.007846643	0.9599326	-2.8460426e-17	0	365.62372
4.500000000000462e-10	0.2798046	0.007841132	0.95995444	-2.8460443e-17	0	365.62372
4.5010000000004625e-10	0.27973035	0.007834952	0.9599763	-2.8460456e-17	0	365.62372
4.502000000000463e-10	0.27965632	0.007828108	0.95999813	-2.8460456e-17	0	365.62372
4.503000000000463e-10	0.27958247	0.0078206025	0.9600198	-2.846047e-17	0	365.62372
4.5040000000004634e-10	0.2795089	0.0078124395	0.9600414	-2.8460456e-17	0	365.62372
4.5050000000004637e-10	0.27943555	0.0078036226	0.9600631	-2.8460482e-17	0	365.62372
4.506000000000464e-10	0.27936238	0.0077941534	0.96008456	-2.8460492e-17	0	365.62372
4.5070000000004643e-10	0.27928948	0.007784039	0.960106	-2.8460496e-17	0	365.62372
4.5080000000004646e-10	0.27921683	0.00777328	0.96012735	-2.8460492e-17	0	365.62372
4.509000000000465e-10	0.27914444	0.0077618808	0.9601487	-2.84605e-17	0	365.62372
4.510000000000465e-10	0.27907228	0.0077498453	0.9601699	-2.846052e-17	0	365.62372
4.5110000000004655e-10	0.27900037	0.007737178	0.96019113	-2.8460525e-17	0	365.62372
4.512000000000466e-10	0.27892873	0.007723882	0.9602121	-2.8460535e-17	0	365.62372
4.513000000000466e-10	0.27885735	0.0077099595	0.9602331	-2.846054e-17	0	365.62372
4.5140000000004665e-10	0.27878627	0.0076954183	0.960254	-2.8460552e-17	0	365.62372
4.515000000000467e-10	0.2787155	0.0076802582	0.9602749	-2.8460552e-17	0	365.62372
4.516000000000467e-10	0.27864495	0.0076644854	0.9602955	-2.8460562e-17	0	365.62372
4.5170000000004674e-10	0.2785747	0.0076481025	0.9603163	-2.8460562e-17	0	365.62372
4.5180000000004677e-10	0.27849922	0.007653187	0.9603382	-2.9011815e-17	0	362.99603
4.519000000000468e-10	0.27841815	0.0076795807	0.96036166	-2.901183e-17	0	362.99603
4.5200000000004683e-10	0.278337	0.0077051595	0.96038514	-2.901183e-17	0	362.99603
4.5210000000004686e-10	0.2782558	0.0077299243	0.9604087	-2.9011848e-17	0	362.99603
4.522000000000469e-10	0.2781745	0.007753878	0.9604322	-2.901186e-17	0	362.99603
4.523000000000469e-10	0.2780932	0.0077770203	0.9604557	-2.9011874e-17	0	362.99603
4.5240000000004695e-10	0.2780118	0.0077993535	0.9604791	-2.9011878e-17	0	362.99603
4.52500000000047e-10	0.27793038	0.007820876	0.96050274	-2.9011898e-17	0	362.99603
4.52600000000047e-10	0.27784893	0.0078415945	0.9605263	-2.9011894e-17	0	362.99603
4.5270000000004704e-10	0.27776745	0.007861506	0.9605497	-2.9011904e-17	0	362.99603
4.528000000000471e-10	0.27768597	0.007880614	0.96057343	-2.9011914e-17	0	362.99603
4.529000000000471e-10	0.27760446	0.007898919	0.9605969	-2.9011924e-17	0	362.99603
4.5300000000004714e-10	0.27752298	0.007916424	0.96062046	-2.9011944e-17	0	362.99603
4.5310000000004717e-10	0.27744147	0.00793313	0.96064395	-2.9011947e-17	0	362.99603
4.532000000000472e-10	0.27736	0.007949038	0.9606675	-2.9011947e-17	0	362.99603
4.5330000000004723e-10	0.2772785	0.007964151	0.9606911	-2.901196e-17	0	362.99603
4.5340000000004726e-10	0.2771971	0.007978473	0.9607146	-2.9011977e-17	0	362.99603
4.535000000000473e-10	0.27711567	0.007992001	0.9607381	-2.9011977e-17	0	362.99603
4.536000000000473e-10	0.27703428	0.008004742	0.9607616	-2.9011993e-17	0	362.99603
4.5370000000004735e-10	0.276953	0.008016694	0.96078515	-2.9011997e-17	0	362.99603
4.538000000000474e-10	0.2768718	0.008027862	0.96080863	-2.9012007e-17	0	362.99603
4.539000000000474e-10	0.27679056	0.008038247	0.960832	-2.901202e-17	0	362.99603
4.5400000000004744e-10	0.27670944	0.008047854	0.9608555	-2.901203e-17	0	362.99603
4.5410000000004747e-10	0.2766284	0.008056681	0.9608788	-2.9012036e-17	0	362.99603
4.542000000000475e-10	0.2765475	0.008064734	0.9609022	-2.9012046e-17	0	362.99603
4.5430000000004753e-10	0.27646667	0.008072013	0.9609256	-2.9012053e-17	0	362.99603
4.5440000000004757e-10	0.27638584	0.008078522	0.9609488	-2.901207e-17	0	362.99603
4.545000000000476e-10	0.2763052	0.0080842655	0.9609721	-2.9012076e-17	0	362.99603
4.5460000000004763e-10	0.27622467	0.0080892425	0.96099544	-2.901208e-17	0	362.99603
4.5470000000004766e-10	0.27614424	0.008093456	0.96101856	-2.9012086e-17	0	362.99603
4.548000000000477e-10	0.27606398	0.008096913	0.96104175	-2.90121e-17	0	362.99603
4.549000000000477e-10	0.27598384	0.008099612	0.9610649	-2.9012103e-17	0	362.99603
4.5500000000004775e-10	0.2759038	0.008101557	0.96108794	-2.901213e-17	0	362.99603
4.551000000000478e-10	0.27582395	0.008102754	0.961111	-2.901213e-17	0	362.99603
4.552000000000478e-10	0.27574423	0.008103202	0.961134	-2.9012136e-17	0	362.99603
4.5530000000004784e-10	0.27566472	0.008102906	0.96115696	-2.901215e-17	0	362.99603
4.5540000000004787e-10	0.2755853	0.008101869	0.96117985	-2.9012146e-17	0	362.99603
4.555000000000479e-10	0.2755061	0.008100094	0.96120274	-2.9012166e-17	0	362.99603
4.5560000000004793e-10	0.2754271	0.008097584	0.9612255	-2.9012166e-17	0	362.99603
4.5570000000004796e-10	0.27534825	0.008094344	0.9612483	-2.9012182e-17	0	362.99603
4.55800000000048e-10	0.2752696	0.008090376	0.9612709	-2.9012182e-17	0	362.99603
4.55900000000048e-10	0.2751912	0.008085682	0.96129364	-2.9012192e-17	0	362.99603
4.5600000000004806e-10	0.27511293	0.008080267	0.9613161	-2.9012205e-17	0	362.99603
4.561000000000481e-10	0.27503493	0.008074136	0.9613387	-2.901222e-17	0	362.99603
4.562000000000481e-10	0.27495712	0.008067289	0.96136117	-2.9012222e-17	0	362.99603
4.5630000000004815e-10	0.27487957	0.008059734	0.9613835	-2.9012235e-17	0	362.99603
4.564000000000482e-10	0.2748022	0.008051473	0.96140575	-2.9012238e-17	0	362.99603
4.565000000000482e-10	0.27472508	0.008042507	0.961428	-2.9012238e-17	0	362.99603
4.5660000000004824e-10	0.27464822	0.0080328435	0.96145016	-2.9012255e-17	0	362.99603
4.5670000000004827e-10	0.2745716	0.008022483	0.9614723	-2.901226e-17	0	362.99603
4.568000000000483e-10	0.27449527	0.008011432	0.9614943	-2.9012275e-17	0	362.99603
4.5690000000004833e-10	0.2744192	0.007999694	0.96151626	-2.901228e-17	0	362.99603
4.5700000000004836e-10	0.2743433	0.007987273	0.9615381	-2.9012288e-17	0	362.99603
4.571000000000484e-10	0.2742678	0.007974172	0.9615599	-2.9012298e-17	0	362.99603
4.572000000000484e-10	0.27419254	0.007960396	0.9615816	-2.90123e-17	0	362.99603
4.5730000000004845e-10	0.27411753	0.007945948	0.96160316	-2.9012305e-17	0	362.99603
4.574000000000485e-10	0.27404284	0.007930834	0.96162474	-2.9012324e-17	0	362.99603
4.575000000000485e-10	0.27396843	0.007915056	0.9616462	-2.9012314e-17	0	362.99603
4.5760000000004855e-10	0.27389434	0.00789862	0.96166754	-2.901234e-17	0	362.99603
4.577000000000486e-10	0.27382058	0.007881531	0.96168876	-2.9012338e-17	0	362.99603
4.578000000000486e-10	0.2737471	0.007863791	0.96171	-2.9012344e-17	0	362.99603
4.5790000000004864e-10	0.27367395	0.0078454055	0.9617311	-2.901235e-17	0	362.99603
4.5800000000004867e-10	0.27360108	0.007826378	0.96175206	-2.901236e-17	0	362.99603
4.581000000000487e-10	0.2735286	0.0078067137	0.961773	-2.9012367e-17	0	362.99603
4.5820000000004873e-10	0.27345642	0.007786419	0.9617938	-2.901237e-17	0	362.99603
4.5830000000004876e-10	0.2733846	0.007765495	0.9618145	-2.901239e-17	0	362.99603
4.584000000000488e-10	0.2733131	0.007743948	0.961835	-2.9012394e-17	0	362.99603
4.585000000000488e-10	0.273242	0.0077217836	0.9618556	-2.9012414e-17	0	362.99603
4.5860000000004885e-10	0.2731712	0.0076990044	0.96187586	-2.9012407e-17	0	362.99603
4.587000000000489e-10	0.2731008	0.007675617	0.96189624	-2.9012414e-17	0	362.99603
4.588000000000489e-10	0.27303073	0.0076516243	0.96191645	-2.9012424e-17	0	362.99603
4.5890000000004895e-10	0.27296108	0.0076270318	0.96193653	-2.9012434e-17	0	362.99603
4.59000000000049e-10	0.27289173	0.007601846	0.9619565	-2.9012434e-17	0	362.99603
4.59100000000049e-10	0.27282283	0.007576068	0.96197635	-2.9012434e-17	0	362.99603
4.5920000000004904e-10	0.27275425	0.0075497064	0.96199614	-2.901246e-17	0	362.99603
4.5930000000004907e-10	0.27268615	0.0075227637	0.96201575	-2.9012467e-17	0	362.99603
4.594000000000491e-10	0.27261838	0.0074952464	0.96203524	-2.9012463e-17	0	362.99603
4.5950000000004913e-10	0.272551	0.0074671577	0.9620547	-2.9012473e-17	0	362.99603
4.5960000000004916e-10	0.27248406	0.0074385046	0.962074	-2.901249e-17	0	362.99603
4.597000000000492e-10	0.2724175	0.007409291	0.9620932	-2.9012483e-17	0	362.99603
4.598000000000492e-10	0.27235135	0.0073795216	0.96211225	-2.9012483e-17	0	362.99603
4.5990000000004925e-10	0.27228564	0.0073492024	0.96213114	-2.9012506e-17	0	362.99603
4.600000000000493e-10	0.27222034	0.0073183384	0.96215004	-2.901251e-17	0	362.99603
4.601000000000493e-10	0.27215546	0.0072869337	0.9621687	-2.901252e-17	0	362.99603
4.6020000000004934e-10	0.27209103	0.0072549945	0.9621873	-2.9012526e-17	0	362.99603
4.603000000000494e-10	0.272027	0.0072225262	0.96220577	-2.9012526e-17	0	362.99603
4.604000000000494e-10	0.27196342	0.0071895337	0.96222395	-2.9012543e-17	0	362.99603
4.6050000000004944e-10	0.2719003	0.0071560214	0.9622422	-2.901254e-17	0	362.99603
4.6060000000004947e-10	0.2718376	0.0071219956	0.96226025	-2.901255e-17	0	362.99603
4.607000000000495e-10	0.27177536	0.0070874617	0.96227825	-2.901256e-17	0	362.99603
4.6080000000004953e-10	0.27171355	0.0070524244	0.9622959	-2.9012566e-17	0	362.99603
4.6090000000004956e-10	0.27165222	0.007016889	0.96231365	-2.9012573e-17	0	362.99603
4.610000000000496e-10	0.27159134	0.006980862	0.96233124	-2.9012592e-17	0	362.99603
4.611000000000496e-10	0.27153093	0.006944347	0.9623485	-2.901258e-17	0	362.99603
4.6120000000004965e-10	0.27147093	0.0069073513	0.96236587	-2.9012592e-17	0	362.99603
4.613000000000497e-10	0.27141148	0.006869878	0.962383	-2.9012606e-17	0	362.99603
4.614000000000497e-10	0.2713525	0.006831936	0.96239996	-2.9012602e-17	0	362.99603
4.6150000000004974e-10	0.27129397	0.006793528	0.96241677	-2.9012616e-17	0	362.99603
4.6160000000004977e-10	0.27123594	0.0067546605	0.9624335	-2.9012622e-17	0	362.99603
4.617000000000498e-10	0.2711784	0.006715339	0.96245015	-2.901263e-17	0	362.99603
