# t (s)	mx ()	my ()	mz ()	E_total (J)	J (A/m2)	T (K)
0	0	0	1	-4.1875195e-17	0	300
1e-13	0.1940095	-3.4362202e-10	0.98097837	-4.346452e-17	-2.9975744e+07	300
2e-13	0.1940095	-6.5707084e-10	0.98097837	-4.346452e-17	-2.9975744e+07	300
3.4999999999999997e-13	0.1940095	-1.119588e-09	0.98097837	-4.3464533e-17	-3.3714284e+07	300
4.4999999999999995e-13	0.1940095	-1.4339037e-09	0.98097837	-4.3464526e-17	-3.3714284e+07	300
5.5e-13	0.1940095	-1.748635e-09	0.98097837	-4.3464526e-17	-3.9049812e+07	300
6.5e-13	0.1940095	-2.0634587e-09	0.98097837	-4.3464526e-17	-3.9049812e+07	300
7.499999999999999e-13	0.1940095	-2.3771776e-09	0.98097837	-4.3464533e-17	-4.392006e+07	300
8.499999999999999e-13	0.1940095	-2.6944988e-09	0.98097837	-4.3464526e-17	-4.392006e+07	300
9.5e-13	0.1940095	-3.012289e-09	0.98097837	-4.3464526e-17	-5.0870716e+07	300
1.05e-12	0.19400948	-3.3285197e-09	0.98097837	-4.3464533e-17	-5.0870716e+07	300
1.15e-12	0.1940095	-3.646992e-09	0.98097837	-4.3464533e-17	-5.7215252e+07	300
1.25e-12	0.1940095	-3.965443e-09	0.98097837	-4.3464526e-17	-5.7215252e+07	300
1.35e-12	0.1940095	-4.2847716e-09	0.98097837	-4.3464533e-17	-6.4351064e+07	300
1.4499999999999999e-12	0.1940095	-4.6054573e-09	0.98097837	-4.3464526e-17	-6.4351064e+07	300
1.5499999999999999e-12	0.1940095	-4.9270064e-09	0.98097837	-4.3464526e-17	-7.237684e+07	300
1.6499999999999998e-12	0.1940095	-5.2510707e-09	0.98097837	-4.3464526e-17	-7.237684e+07	300
1.7499999999999998e-12	0.1940095	-5.5750746e-09	0.98097837	-4.3464533e-17	-8.140358e+07	300
1.85e-12	0.1940095	-5.9005245e-09	0.98097837	-4.3464526e-17	-8.140358e+07	300
1.95e-12	0.1940095	-6.2272605e-09	0.98097837	-4.3464533e-17	-9.155612e+07	300
2.05e-12	0.19400948	-6.557933e-09	0.98097837	-4.3464526e-17	-9.155612e+07	300
2.15e-12	0.1940095	-6.8894863e-09	0.98097837	-4.3464533e-17	-1.02974856e+08	300
2.25e-12	0.1940095	-7.2235125e-09	0.98097837	-4.3464526e-17	-1.02974856e+08	300
2.35e-12	0.1940095	-7.560704e-09	0.98097837	-4.3464533e-17	-1.1581772e+08	300
2.45e-12	0.19400948	-7.898375e-09	0.98097837	-4.3464526e-17	-1.1581772e+08	300
2.55e-12	0.1940095	-8.241095e-09	0.98097837	-4.3464533e-17	-1.302623e+08	300
2.65e-12	0.1940095	-8.586241e-09	0.98097837	-4.3464526e-17	-1.302623e+08	300
2.7499999999999998e-12	0.19400948	-8.935761e-09	0.98097837	-4.3464533e-17	-1.4650838e+08	300
2.8499999999999998e-12	0.1940095	-9.288261e-09	0.98097837	-4.3464526e-17	-1.4650838e+08	300
2.9499999999999997e-12	0.1940095	-9.64496e-09	0.98097837	-4.3464533e-17	-1.6478064e+08	300
3.0499999999999997e-12	0.1940095	-1.0006378e-08	0.98097837	-4.3464533e-17	-1.6478064e+08	300
3.1499999999999997e-12	0.1940095	-1.03719096e-08	0.98097837	-4.3464533e-17	-1.8533174e+08	300
3.2499999999999997e-12	0.1940095	-1.0742667e-08	0.98097837	-4.3464526e-17	-1.8533174e+08	300
3.3499999999999997e-12	0.1940095	-1.11200755e-08	0.98097837	-4.3464526e-17	-2.084459e+08	300
3.4499999999999996e-12	0.19400948	-1.1501566e-08	0.98097837	-4.3464526e-17	-2.084459e+08	300
3.5499999999999996e-12	0.1940095	-1.1890794e-08	0.98097837	-4.3464533e-17	-2.344428e+08	300
3.65e-12	0.1940095	-1.2285259e-08	0.98097837	-4.3464526e-17	-2.344428e+08	300
3.75e-12	0.1940095	-1.2688329e-08	0.98097837	-4.3464533e-17	-2.636819e+08	300
3.85e-12	0.1940095	-1.3097228e-08	0.98097837	-4.3464526e-17	-2.636819e+08	300
3.95e-12	0.19400948	-1.3515969e-08	0.98097837	-4.3464533e-17	-2.9656758e+08	300
4.05e-12	0.1940095	-1.3943854e-08	0.98097837	-4.3464533e-17	-2.9656758e+08	300
4.15e-12	0.1940095	-1.4379303e-08	0.98097837	-4.3464533e-17	-3.3355462e+08	300
4.25e-12	0.1940095	-1.4825147e-08	0.98097837	-4.3464533e-17	-3.3355462e+08	300
4.35e-12	0.1940095	-1.5282488e-08	0.98097837	-4.3464533e-17	-3.751545e+08	300
4.45e-12	0.1940095	-1.5751436e-08	0.98097837	-4.3464533e-17	-3.751545e+08	300
4.55e-12	0.1940095	-1.6230342e-08	0.98097837	-4.3464533e-17	-4.2194243e+08	300
4.65e-12	0.1940095	-1.6723586e-08	0.98097837	-4.3464526e-17	-4.2194243e+08	300
4.75e-12	0.1940095	-1.7228299e-08	0.98097837	-4.3464526e-17	-4.7456547e+08	300
4.85e-12	0.1940095	-1.7748249e-08	0.98097837	-4.3464533e-17	-4.7456547e+08	300
4.95e-12	0.1940095	-1.8283046e-08	0.98097837	-4.3464533e-17	-5.337513e+08	300
5.05e-12	0.1940095	-1.883323e-08	0.98097837	-4.3464526e-17	-5.337513e+08	300
5.15e-12	0.1940095	-1.9399746e-08	0.98097837	-4.3464533e-17	-6.003183e+08	300
5.25e-12	0.1940095	-1.9985293e-08	0.98097837	-4.3464526e-17	-6.003183e+08	300
5.35e-12	0.1940095	-2.0587898e-08	0.98097837	-4.3464533e-17	-6.7518694e+08	300
5.45e-12	0.19400948	-2.1213214e-08	0.98097837	-4.3464526e-17	-6.7518694e+08	300
5.5499999999999996e-12	0.19400948	-2.1860835e-08	0.98097837	-4.3464533e-17	-7.5939245e+08	300
5.6499999999999996e-12	0.1940095	-2.253136e-08	0.98097837	-4.3464526e-17	-7.5939245e+08	300
5.7499999999999995e-12	0.1940095	-2.3226022e-08	0.98097837	-4.3464533e-17	-8.5409914e+08	300
5.8499999999999995e-12	0.1940095	-2.3946185e-08	0.98097837	-4.3464526e-17	-8.5409914e+08	300
5.9499999999999995e-12	0.1940095	-2.4695389e-08	0.98097837	-4.3464533e-17	-9.606166e+08	300
6.0499999999999995e-12	0.1940095	-2.5470648e-08	0.98097837	-4.3464533e-17	-9.606166e+08	300
6.1499999999999994e-12	0.1940095	-2.628202e-08	0.98097837	-4.3464526e-17	-1.0804173e+09	300
6.2499999999999994e-12	0.1940095	-2.712433e-08	0.98097837	-4.3464526e-17	-1.0804173e+09	300
6.349999999999999e-12	0.1940095	-2.8003036e-08	0.98097837	-4.3464533e-17	-1.2151579e+09	300
6.449999999999999e-12	0.1940095	-2.8917054e-08	0.98097837	-4.3464533e-17	-1.2151579e+09	300
6.549999999999999e-12	0.1940095	-2.9872762e-08	0.98097837	-4.3464533e-17	-1.3667009e+09	300
6.649999999999999e-12	0.19400948	-3.0871593e-08	0.98097837	-4.3464526e-17	-1.3667009e+09	300
6.749999999999999e-12	0.1940095	-3.191579e-08	0.98097837	-4.3464526e-17	-1.5371415e+09	300
6.849999999999999e-12	0.1940095	-3.30077e-08	0.98097837	-4.3464526e-17	-1.5371415e+09	300
6.949999999999999e-12	0.1940095	-3.415117e-08	0.98097837	-4.3464533e-17	-1.7288358e+09	300
7.049999999999999e-12	0.1940095	-3.5347476e-08	0.98097837	-4.3464526e-17	-1.7288358e+09	300
7.149999999999999e-12	0.1940095	-3.660099e-08	0.98097837	-4.3464533e-17	-1.9444338e+09	300
7.249999999999999e-12	0.1940095	-3.791437e-08	0.98097837	-4.3464526e-17	-1.9444338e+09	300
7.35e-12	0.1940095	-3.9289198e-08	0.98097837	-4.3464533e-17	-2.1869153e+09	300
7.400000000000002e-12	0.1940095	-4.001038e-08	0.98097837	-4.3464526e-17	-2.1869153e+09	300
7.500000000000003e-12	0.1940095	-4.148892e-08	0.98097837	-4.346452e-17	-2.1869153e+09	300
7.600000000000005e-12	0.1940095	-4.3046004e-08	0.98097837	-4.3464526e-17	-2.4596319e+09	300
7.700000000000006e-12	0.1940095	-4.467788e-08	0.98097837	-4.346452e-17	-2.4596319e+09	300
7.800000000000008e-12	0.1940095	-4.6396185e-08	0.98097837	-4.346452e-17	-2.7663526e+09	300
7.90000000000001e-12	0.1940095	-4.820481e-08	0.98097837	-4.346452e-17	-2.7663526e+09	300
8.000000000000011e-12	0.19400948	-5.0108802e-08	0.98097837	-4.346452e-17	-3.111316e+09	300
8.100000000000013e-12	0.1940095	-5.2112053e-08	0.98097837	-4.346452e-17	-3.111316e+09	300
8.200000000000014e-12	0.1940095	-5.4223033e-08	0.98097837	-4.346452e-17	-3.4992888e+09	300
8.300000000000016e-12	0.1940095	-5.644772e-08	0.98097837	-4.346452e-17	-3.4992888e+09	300
8.400000000000018e-12	0.1940095	-5.8791905e-08	0.98097837	-4.346452e-17	-3.935631e+09	300
8.500000000000019e-12	0.1940095	-6.1263854e-08	0.98097837	-4.346452e-17	-3.935631e+09	300
8.60000000000002e-12	0.1940095	-6.387188e-08	0.98097837	-4.346452e-17	-4.426371e+09	300
8.700000000000022e-12	0.1940095	-6.661925e-08	0.98097837	-4.346452e-17	-4.426371e+09	300
8.800000000000024e-12	0.1940095	-6.951676e-08	0.98097837	-4.346452e-17	-4.9782866e+09	300
8.900000000000025e-12	0.1940095	-7.2575105e-08	0.98097837	-4.346452e-17	-4.9782866e+09	300
9.000000000000027e-12	0.1940095	-7.5805744e-08	0.98097837	-4.346452e-17	-5.599e+09	300
9.100000000000029e-12	0.1940095	-7.921858e-08	0.98097837	-4.346452e-17	-5.599e+09	300
9.20000000000003e-12	0.1940095	-8.282332e-08	0.98097837	-4.346452e-17	-6.297083e+09	300
9.300000000000032e-12	0.1940095	-8.663643e-08	0.98097837	-4.346452e-17	-6.297083e+09	300
9.400000000000033e-12	0.1940095	-9.066274e-08	0.98097837	-4.346452e-17	-7.0821714e+09	300
9.500000000000035e-12	0.1940095	-9.491902e-08	0.98097837	-4.346452e-17	-7.0821714e+09	300
9.600000000000037e-12	0.1940095	-1.0017586e-07	0.98097837	-4.3464513e-17	-7.9651016e+09	300.00003
9.700000000000038e-12	0.1940095	-1.0568772e-07	0.98097837	-4.3464513e-17	-7.9651016e+09	300.00003
9.80000000000004e-12	0.1940095	-1.1028273e-07	0.98097837	-4.346454e-17	-8.958057e+09	300.00003
9.900000000000041e-12	0.1940095	-1.1516917e-07	0.98097837	-4.3464533e-17	-8.958057e+09	300.00003
1.0000000000000043e-11	0.1940095	-1.2036779e-07	0.98097837	-4.346454e-17	-1.0074735e+10	300.00003
1.0100000000000045e-11	0.1940095	-1.2589032e-07	0.98097837	-4.3464533e-17	-1.0074735e+10	300.00003
1.0200000000000046e-11	0.1940095	-1.3176205e-07	0.98097837	-4.3464533e-17	-1.1330535e+10	300.00003
1.0300000000000048e-11	0.1940095	-1.3800633e-07	0.98097837	-4.346454e-17	-1.1330535e+10	300.00003
1.040000000000005e-11	0.1940095	-1.4539363e-07	0.98097837	-4.3464533e-17	-1.2742769e+10	300.00006
1.0500000000000051e-11	0.1940095	-1.53196e-07	0.98097837	-4.3464533e-17	-1.2742769e+10	300.00006
1.0600000000000053e-11	0.1940095	-1.6143368e-07	0.98097837	-4.3464533e-17	-1.4330896e+10	300.00006
1.0700000000000054e-11	0.19400948	-1.7013517e-07	0.98097837	-4.3464533e-17	-1.4330896e+10	300.00006
1.0800000000000056e-11	0.1940095	-1.796443e-07	0.98097837	-4.3464526e-17	-1.6116792e+10	300.0001
1.0900000000000057e-11	0.1940095	-1.8967553e-07	0.98097837	-4.3464526e-17	-1.6116792e+10	300.0001
1.1000000000000059e-11	0.1940095	-2.0025949e-07	0.98097837	-4.3464526e-17	-1.8125042e+10	300.0001
1.110000000000006e-11	0.1940095	-2.1142773e-07	0.98097837	-4.3464526e-17	-1.8125042e+10	300.0001
1.1200000000000062e-11	0.1940095	-2.2321902e-07	0.98097837	-4.3464533e-17	-2.0383277e+10	300.00012
1.1300000000000064e-11	0.1940095	-2.3567043e-07	0.98097837	-4.3464533e-17	-2.0383277e+10	300.00012
1.1400000000000065e-11	0.1940095	-2.503418e-07	0.98097837	-4.3464506e-17	-2.2922545e+10	300.00015
1.1500000000000067e-11	0.1940095	-2.6575253e-07	0.98097837	-4.3464506e-17	-2.2922545e+10	300.00015
1.1600000000000069e-11	0.1940095	-2.8243585e-07	0.98097837	-4.3464483e-17	-2.5777738e+10	300.00018
1.170000000000007e-11	0.19400948	-2.9994882e-07	0.98097837	-4.3464483e-17	-2.5777738e+10	300.00018
1.1800000000000072e-11	0.1940095	-3.1865645e-07	0.98097837	-4.346447e-17	-2.8988051e+10	300.00024
1.1900000000000073e-11	0.1940095	-3.382951e-07	0.98097837	-4.346447e-17	-2.8988051e+10	300.00024
1.2000000000000075e-11	0.1940095	-3.592786e-07	0.98097837	-4.3464473e-17	-3.259752e+10	300.0003
1.2100000000000076e-11	0.1940095	-3.8130713e-07	0.98097837	-4.3464473e-17	-3.259752e+10	300.0003
1.2200000000000078e-11	0.1940095	-4.056543e-07	0.98097837	-4.346445e-17	-3.6655596e+10	300.0004
1.230000000000008e-11	0.1940095	-4.3117632e-07	0.98097837	-4.346445e-17	-3.6655596e+10	300.0004
1.2400000000000081e-11	0.1940095	-4.587516e-07	0.98097837	-4.3464424e-17	-4.121782e+10	300.00052
1.2500000000000083e-11	0.1940095	-4.8764684e-07	0.98097837	-4.346443e-17	-4.121782e+10	300.00052
1.2600000000000084e-11	0.1940095	-5.2053565e-07	0.98097837	-4.3464384e-17	-4.6346543e+10	300.00064
1.2700000000000086e-11	0.1940095	-5.5490045e-07	0.98097837	-4.3464377e-17	-4.6346543e+10	300.00064
1.2800000000000088e-11	0.1940095	-5.931137e-07	0.98097837	-4.3464344e-17	-5.211176e+10	300.0008
1.290000000000009e-11	0.1940095	-6.3298216e-07	0.98097837	-4.3464344e-17	-5.211176e+10	300.0008
1.3000000000000091e-11	0.1940095	-6.7608244e-07	0.98097837	-4.346429e-17	-5.859203e+10	300.001
1.3100000000000092e-11	0.1940095	-7.2104183e-07	0.98097837	-4.346429e-17	-5.859203e+10	300.001
1.3200000000000094e-11	0.1940095	-7.7145955e-07	0.98097837	-4.3464222e-17	-6.587547e+10	300.00128
1.3300000000000096e-11	0.1940095	-8.2396673e-07	0.98097837	-4.3464222e-17	-6.587547e+10	300.00128
1.3400000000000097e-11	0.1940095	-8.828762e-07	0.98097837	-4.346415e-17	-7.406092e+10	300.00162
1.3500000000000099e-11	0.1940095	-9.441135e-07	0.98097837	-4.346415e-17	-7.406092e+10	300.00162
1.36000000000001e-11	0.1940095	-1.0131232e-06	0.98097837	-4.3464046e-17	-8.32592e+10	300.00204
1.3700000000000102e-11	0.1940095	-1.0847247e-06	0.98097837	-4.3464046e-17	-8.32592e+10	300.00204
1.3800000000000104e-11	0.1940095	-1.1651388e-06	0.98097837	-4.3463927e-17	-9.359452e+10	300.0026
1.3900000000000105e-11	0.1940095	-1.2484725e-06	0.98097837	-4.346392e-17	-9.359452e+10	300.0026
1.4000000000000107e-11	0.1940095	-1.3437058e-06	0.98097837	-4.346374e-17	-1.0520599e+11	300.0033
1.4100000000000108e-11	0.1940095	-1.4421319e-06	0.98097837	-4.346374e-17	-1.0520599e+11	300.0033
1.420000000000011e-11	0.19400957	-1.5543767e-06	0.98097837	-4.3463524e-17	-1.1824939e+11	300.00415
1.4300000000000112e-11	0.19400962	-1.6696378e-06	0.9809783	-4.3463534e-17	-1.1824939e+11	300.00415
1.4400000000000113e-11	0.19400969	-1.8013803e-06	0.9809783	-4.346326e-17	-1.3289904e+11	300.00525
1.4500000000000115e-11	0.19400974	-1.9364502e-06	0.9809783	-4.3463256e-17	-1.3289904e+11	300.00525
1.4600000000000116e-11	0.1940098	-2.0911712e-06	0.9809783	-4.3462925e-17	-1.4934988e+11	300.00665
1.4700000000000115e-11	0.19400984	-2.2496663e-06	0.9809783	-4.3462918e-17	-1.4934988e+11	300.00665
1.4800000000000113e-11	0.19400991	-2.4337353e-06	0.9809783	-4.3462488e-17	-1.6781974e+11	300.0084
1.490000000000011e-11	0.19400996	-2.6220894e-06	0.9809783	-4.3462498e-17	-1.6781974e+11	300.0084
1.500000000000011e-11	0.19401005	-2.8327331e-06	0.9809783	-4.346177e-17	-1.9411952e+11	300.01132
1.5100000000000108e-11	0.19401017	-3.0655826e-06	0.98097825	-4.346177e-17	-1.9411952e+11	300.01132
1.5200000000000106e-11	0.19401027	-3.3030074e-06	0.98097825	-4.3461787e-17	-1.9411952e+11	300.01132
1.5300000000000105e-11	0.19401038	-3.5925227e-06	0.98097825	-4.3460817e-17	-2.2449372e+11	300.01523
1.5400000000000103e-11	0.1940105	-3.887169e-06	0.98097825	-4.346082e-17	-2.2449372e+11	300.01523
1.55000000000001e-11	0.19401063	-4.219093e-06	0.98097825	-4.345954e-17	-2.595576e+11	300.02045
1.56000000000001e-11	0.1940108	-4.588025e-06	0.9809782	-4.345954e-17	-2.595576e+11	300.02045
1.5700000000000098e-11	0.19401096	-4.962418e-06	0.98097813	-4.345955e-17	-2.595576e+11	300.02045
1.5800000000000097e-11	0.19401114	-5.4261377e-06	0.98097813	-4.3457846e-17	-3.0001398e+11	300.02744
1.5900000000000095e-11	0.1940113	-5.896206e-06	0.980978	-4.3457856e-17	-3.0001398e+11	300.02744
1.6000000000000093e-11	0.1940115	-6.429096e-06	0.9809781	-4.3455593e-17	-3.4666368e+11	300.03677
1.6100000000000092e-11	0.19401172	-7.0250067e-06	0.98097795	-4.3455576e-17	-3.4666368e+11	300.03677
1.620000000000009e-11	0.19401196	-7.628064e-06	0.98097783	-4.345557e-17	-3.4666368e+11	300.03677
1.630000000000009e-11	0.19401222	-8.388744e-06	0.98097783	-4.3452552e-17	-4.0041696e+11	300.04922
1.6400000000000087e-11	0.19401251	-9.156535e-06	0.9809778	-4.3452535e-17	-4.0041696e+11	300.04922
1.6500000000000085e-11	0.19401285	-1.0032334e-05	0.9809778	-4.3448492e-17	-4.6230497e+11	300.0658
1.6600000000000084e-11	0.19401316	-1.10159945e-05	0.9809777	-4.3448492e-17	-4.6230497e+11	300.0658
1.6700000000000082e-11	0.19401352	-1.2007669e-05	0.98097765	-4.3448502e-17	-4.6230497e+11	300.0658
1.680000000000008e-11	0.19401398	-1.3273776e-05	0.98097754	-4.34431e-17	-5.3349165e+11	300.0879
1.690000000000008e-11	0.19401444	-1.4547342e-05	0.98097736	-4.34431e-17	-5.3349165e+11	300.0879
1.7000000000000077e-11	0.19401497	-1.6006172e-05	0.9809773	-4.3435932e-17	-6.1528487e+11	300.11728
1.7100000000000075e-11	0.19401555	-1.7649454e-05	0.98097724	-4.3435936e-17	-6.1528487e+11	300.11728
1.7200000000000074e-11	0.19401617	-1.9300422e-05	0.98097706	-4.3435926e-17	-6.1528487e+11	300.11728
1.7300000000000072e-11	0.19401689	-2.1430276e-05	0.9809769	-4.3426426e-17	-7.091465e+11	300.15628
1.740000000000007e-11	0.19401763	-2.3566592e-05	0.9809768	-4.3426406e-17	-7.091465e+11	300.15628
1.750000000000007e-11	0.19401856	-2.6022259e-05	0.9809766	-4.341378e-17	-8.167005e+11	300.20807
1.7600000000000067e-11	0.1940196	-2.8794815e-05	0.9809764	-4.3413777e-17	-8.167005e+11	300.20807
1.7700000000000066e-11	0.19402066	-3.1571693e-05	0.9809762	-4.3413784e-17	-8.167005e+11	300.20807
1.7800000000000064e-11	0.19402193	-3.5179197e-05	0.9809759	-4.3397068e-17	-9.397369e+11	300.27658
1.7900000000000062e-11	0.19402328	-3.878814e-05	0.9809757	-4.3397078e-17	-9.397369e+11	300.27658
1.800000000000006e-11	0.19402477	-4.294601e-05	0.9809754	-4.3374976e-17	-1.08021095e+12	300.36713
1.810000000000006e-11	0.19402644	-4.7648813e-05	0.980975	-4.3374972e-17	-1.08021095e+12	300.36713
1.8200000000000057e-11	0.19402824	-5.234903e-05	0.9809747	-4.3374982e-17	-1.08021095e+12	300.36713
1.8300000000000056e-11	0.1940304	-5.8484537e-05	0.9809743	-4.334587e-17	-1.2402345e+12	300.4865
1.8400000000000054e-11	0.1940327	-6.4610154e-05	0.9809739	-4.3345875e-17	-1.2402345e+12	300.4865
1.8500000000000052e-11	0.19403525	-7.167389e-05	0.98097336	-4.3307607e-17	-1.4220566e+12	300.64343
1.860000000000005e-11	0.19403818	-7.966769e-05	0.98097265	-4.3307603e-17	-1.4220566e+12	300.64343
1.870000000000005e-11	0.19404119	-8.764213e-05	0.9809721	-4.330761e-17	-1.4220566e+12	300.64343
1.8800000000000048e-11	0.19404486	-9.8076554e-05	0.98097146	-4.3257463e-17	-1.6280305e+12	300.8491
1.8900000000000046e-11	0.19404864	-0.00010847812	0.9809706	-4.3257466e-17	-1.6280305e+12	300.8491
1.9000000000000044e-11	0.19405296	-0.000120468954	0.9809697	-4.3192023e-17	-1.8605617e+12	301.1177
1.9100000000000043e-11	0.1940578	-0.00013403446	0.98096883	-4.3192013e-17	-1.8605617e+12	301.1177
1.920000000000004e-11	0.19406284	-0.000147549	0.98096776	-4.319202e-17	-1.8605617e+12	301.1177
1.930000000000004e-11	0.19406903	-0.00016522562	0.9809667	-4.3106883e-17	-2.1220344e+12	301.4671
1.9400000000000038e-11	0.1940755	-0.00018282514	0.9809653	-4.3106886e-17	-2.1220344e+12	301.4671
1.9500000000000036e-11	0.19408278	-0.00020308007	0.9809639	-4.2996723e-17	-2.4147098e+12	301.9195
1.9600000000000034e-11	0.19409098	-0.0002259655	0.9809622	-4.2996723e-17	-2.4147098e+12	301.9195
1.9700000000000033e-11	0.19409946	-0.00024873973	0.98096055	-4.2996713e-17	-2.4147098e+12	301.9195
1.980000000000003e-11	0.19410989	-0.00027843332	0.9809584	-4.2854897e-17	-2.740592e+12	302.50223
1.990000000000003e-11	0.19412068	-0.0003079707	0.9809564	-4.2854888e-17	-2.740592e+12	302.50223
2.0000000000000028e-11	0.1941329	-0.00034186136	0.980954	-4.2673447e-17	-3.1012587e+12	303.24838
2.0100000000000026e-11	0.19414657	-0.0003800622	0.9809512	-4.2673447e-17	-3.1012587e+12	303.24838
2.0200000000000025e-11	0.19416076	-0.00041804631	0.9809483	-4.267346e-17	-3.1012587e+12	303.24838
2.0300000000000023e-11	0.19417804	-0.00046727547	0.98094493	-4.2442932e-17	-3.497652e+12	304.19736
2.040000000000002e-11	0.19419594	-0.0005162126	0.9809414	-4.244293e-17	-3.497652e+12	304.19736
2.050000000000002e-11	0.19421613	-0.0005721062	0.98093736	-4.2152307e-17	-3.9298364e+12	305.3953
2.0600000000000018e-11	0.19423868	-0.0006348872	0.98093283	-4.2152317e-17	-3.9298364e+12	305.3953
2.0700000000000016e-11	0.194262	-0.0006972754	0.98092824	-4.2152317e-17	-3.9298364e+12	305.3953
2.0800000000000015e-11	0.19429025	-0.00077741116	0.9809226	-4.178921e-17	-4.3967224e+12	306.89462
2.0900000000000013e-11	0.19431949	-0.0008570341	0.9809166	-4.1789224e-17	-4.3967224e+12	306.89462
2.100000000000001e-11	0.19435221	-0.0009474146	0.98091	-4.134002e-17	-4.8957767e+12	308.75342
2.110000000000001e-11	0.19438866	-0.0010484465	0.98090273	-4.1340035e-17	-4.8957767e+12	308.75342
2.1200000000000008e-11	0.19442633	-0.0011488068	0.9808952	-4.1340055e-17	-4.8957767e+12	308.75342
2.1300000000000007e-11	0.19447145	-0.0012761576	0.9808861	-4.0790552e-17	-5.4227354e+12	311.03357
2.1400000000000005e-11	0.19451809	-0.0014026564	0.9808767	-4.079058e-17	-5.4227354e+12	311.03357
2.1500000000000003e-11	0.19456999	-0.0015451158	0.98086613	-4.01267e-17	-5.971353e+12	313.79803
2.1600000000000002e-11	0.19462737	-0.0017033834	0.9808545	-4.012674e-17	-5.971353e+12	313.79803
2.175e-11	0.19472133	-0.001958924	0.98083544	-3.9335734e-17	-6.533227e+12	317.1066
2.1849999999999998e-11	0.19479246	-0.002154644	0.9808208	-3.93358e-17	-6.533227e+12	317.1066
2.1949999999999996e-11	0.19486585	-0.002349015	0.9808059	-3.9335853e-17	-6.533227e+12	317.1066
2.2049999999999994e-11	0.19495194	-0.002589683	0.9807881	-3.84076e-17	-7.0977475e+12	321.0108
2.2149999999999993e-11	0.1950407	-0.002828714	0.98076975	-3.8407683e-17	-7.0977475e+12	321.0108
2.224999999999999e-11	0.19513807	-0.003093877	0.9807496	-3.7336316e-17	-7.652212e+12	325.54767
2.234999999999999e-11	0.19524446	-0.0033849482	0.9807275	-3.7336438e-17	-7.652212e+12	325.54767
2.2449999999999988e-11	0.195354	-0.0036740275	0.98070467	-3.7336567e-17	-7.652212e+12	325.54767
2.2549999999999986e-11	0.19548017	-0.004024718	0.98067814	-3.6122322e-17	-8.1821565e+12	330.7331
2.2649999999999984e-11	0.19561008	-0.0043730675	0.9806507	-3.612249e-17	-8.1821565e+12	330.7331
2.2749999999999983e-11	0.19575098	-0.0047548953	0.9806208	-3.4772764e-17	-8.6719175e+12	336.55582
2.284999999999998e-11	0.19590336	-0.005169948	0.9805882	-3.4773005e-17	-8.6719175e+12	336.55582
2.294999999999998e-11	0.19606	-0.0055822483	0.98055476	-3.4773244e-17	-8.6719175e+12	336.55582
2.3049999999999978e-11	0.19623676	-0.006070912	0.98051643	-3.330378e-17	-9.105424e+12	342.9725
2.3149999999999976e-11	0.19641833	-0.006556448	0.98047686	-3.3304128e-17	-9.105424e+12	342.9725
2.3249999999999975e-11	0.19661295	-0.0070817084	0.9804342	-3.1738794e-17	-9.467172e+12	349.90567
2.3349999999999973e-11	0.196821	-0.0076464424	0.9803882	-3.1739254e-17	-9.467172e+12	349.90567
2.344999999999997e-11	0.19703445	-0.008207628	0.98034084	-3.1739688e-17	-9.467172e+12	349.90567
2.354999999999997e-11	0.19727011	-0.008856154	0.9802878	-3.0109755e-17	-9.743308e+12	357.24466
2.3649999999999968e-11	0.19751163	-0.009500787	0.98023313	-3.0110337e-17	-9.743308e+12	357.24466
2.3749999999999966e-11	0.19776729	-0.010188695	0.98017466	-2.8452012e-17	-9.922697e+12	364.8508
2.3849999999999965e-11	0.19803745	-0.010919673	0.9801123	-2.8452757e-17	-9.922697e+12	364.8508
2.3949999999999963e-11	0.1983139	-0.011646384	0.9800479	-2.845348e-17	-9.922697e+12	364.8508
2.404999999999996e-11	0.19861265	-0.012464645	0.97997737	-2.6805583e-17	-9.997842e+12	372.5657
2.414999999999996e-11	0.19891809	-0.013278367	0.9799048	-2.6806488e-17	-9.997842e+12	372.5657
2.4249999999999958e-11	0.19923756	-0.01413512	0.9798278	-2.520659e-17	-9.965545e+12	380.22256
2.4349999999999957e-11	0.19957136	-0.015034768	0.9797465	-2.5207687e-17	-9.965545e+12	380.22256
2.4449999999999955e-11	0.1999121	-0.015929593	0.9796628	-2.5208768e-17	-9.965545e+12	380.22256
2.4549999999999953e-11	0.20027319	-0.016912067	0.9795727	-2.3690827e-17	-9.827183e+12	387.6584
2.4649999999999952e-11	0.20064142	-0.017889548	0.97947985	-2.3692097e-17	-9.827183e+12	387.6584
2.474999999999995e-11	0.20102261	-0.01890597	0.97938263	-2.2283212e-17	-9.588595e+12	394.726
2.484999999999995e-11	0.20141685	-0.01996126	0.97928065	-2.2284673e-17	-9.588595e+12	394.726
2.4949999999999947e-11	0.20181838	-0.021011375	0.9791761	-2.228613e-17	-9.588595e+12	394.726
2.5049999999999945e-11	0.20223695	-0.022138169	0.97906476	-2.1005927e-17	-9.259558e+12	401.30368
2.5149999999999944e-11	0.20266289	-0.023259694	0.97895074	-2.1007575e-17	-9.259558e+12	401.30368
2.5249999999999942e-11	0.20310007	-0.024413269	0.97883195	-1.986707e-17	-8.852963e+12	407.3013
2.534999999999994e-11	0.20354855	-0.025598874	0.9787086	-1.986888e-17	-8.852963e+12	407.3013
2.544999999999994e-11	0.20400438	-0.026779111	0.978582	-1.987069e-17	-8.852963e+12	407.3013
2.5549999999999937e-11	0.20447361	-0.02802082	0.9784493	-1.8873565e-17	-8.3837835e+12	412.6633
2.5649999999999935e-11	0.20495021	-0.02925713	0.97831345	-1.8875519e-17	-8.3837835e+12	412.6633
2.5749999999999934e-11	0.20543629	-0.030517384	0.9781729	-1.801865e-17	-7.86799e+12	417.36725
2.5849999999999932e-11	0.20593192	-0.03180159	0.97802776	-1.8020753e-17	-7.86799e+12	417.36725
2.594999999999993e-11	0.2064348	-0.033080347	0.9778793	-1.8022853e-17	-7.86799e+12	417.36725
2.604999999999993e-11	0.20694803	-0.034404382	0.9777251	-1.7298502e-17	-7.321515e+12	421.42026
2.6149999999999927e-11	0.20746839	-0.035722964	0.97756743	-1.7300714e-17	-7.321515e+12	421.42026
2.6249999999999926e-11	0.20799689	-0.03705762	0.97740537	-1.669756e-17	-6.7593846e+12	424.85294
2.6349999999999924e-11	0.20853353	-0.03840836	0.9772389	-1.6699878e-17	-6.7593846e+12	424.85294
2.6449999999999922e-11	0.20907718	-0.039753627	0.9770689	-1.6702184e-17	-6.7593846e+12	424.85294
2.654999999999992e-11	0.209629	-0.04112947	0.97689366	-1.620725e-17	-6.1950573e+12	427.71304
2.664999999999992e-11	0.21018776	-0.042499825	0.97671497	-1.6209635e-17	-6.1950573e+12	427.71304
2.6749999999999917e-11	0.21075374	-0.043879542	0.9765319	-1.5809078e-17	-5.6400046e+12	430.05884
2.6849999999999916e-11	0.21132678	-0.045268625	0.9763446	-1.581154e-17	-5.6400046e+12	430.05884
2.6949999999999914e-11	0.21190666	-0.046652198	0.97615373	-1.5813988e-17	-5.6400046e+12	430.05884
2.7049999999999912e-11	0.21249339	-0.048054405	0.9759581	-1.54943e-17	-5.103515e+12	431.95358
2.714999999999991e-11	0.21308684	-0.04945109	0.9757589	-1.5496807e-17	-5.103515e+12	431.95358
2.724999999999991e-11	0.21368684	-0.050851908	0.9755557	-1.5245193e-17	-4.592681e+12	433.4608
2.7349999999999907e-11	0.21429342	-0.05225686	0.97534835	-1.524773e-17	-4.592681e+12	433.4608
2.7449999999999906e-11	0.21490657	-0.053656265	0.9751374	-1.5250256e-17	-4.592681e+12	433.4608
2.7549999999999904e-11	0.2155259	-0.055065356	0.97492206	-1.5055197e-17	-4.112533e+12	434.6411
2.7649999999999903e-11	0.21615171	-0.056468874	0.97470313	-1.5057754e-17	-4.112533e+12	434.6411
2.77499999999999e-11	0.21678382	-0.05787272	0.97448045	-1.4909007e-17	-3.666263e+12	435.54996
2.78499999999999e-11	0.2174221	-0.059276897	0.97425365	-1.4911582e-17	-3.666263e+12	435.54996
2.7949999999999898e-11	0.2180667	-0.06067547	0.97402346	-1.4914146e-17	-3.666263e+12	435.54996
2.8049999999999896e-11	0.21871725	-0.06207741	0.97378916	-1.480294e-17	-3.2555026e+12	436.23657
2.8149999999999894e-11	0.21937409	-0.06347373	0.9735514	-1.4805524e-17	-3.2555026e+12	436.23657
2.8249999999999893e-11	0.22003694	-0.06486774	0.97330976	-1.4724429e-17	-2.8806152e+12	436.7434
2.834999999999989e-11	0.22070579	-0.06625945	0.97306454	-1.4727013e-17	-2.8806152e+12	436.7434
2.844999999999989e-11	0.22138083	-0.06764546	0.97281563	-1.4729592e-17	-2.8806152e+12	436.7434
2.8549999999999888e-11	0.22206166	-0.06903063	0.9725631	-1.4672427e-17	-2.540978e+12	437.1064
2.8649999999999886e-11	0.22274852	-0.07041006	0.97230697	-1.4675005e-17	-2.540978e+12	437.1064
2.8749999999999885e-11	0.22344135	-0.07178544	0.97204745	-1.4636701e-17	-2.2352405e+12	437.35535
2.8849999999999883e-11	0.22414002	-0.073156744	0.97178423	-1.4639279e-17	-2.2352405e+12	437.35535
2.894999999999988e-11	0.22484465	-0.07452226	0.9715175	-1.464186e-17	-2.2352405e+12	437.35535
2.904999999999988e-11	0.22555502	-0.07588415	0.9712473	-1.461831e-17	-1.9615471e+12	437.5146
2.914999999999988e-11	0.22627129	-0.077240236	0.9709737	-1.462089e-17	-1.9615471e+12	437.5146
2.9249999999999886e-11	0.22699326	-0.078591585	0.9706966	-1.4610109e-17	-1.7642081e+12	437.5961
2.934999999999989e-11	0.22772107	-0.07993711	0.9704162	-1.4612673e-17	-1.7642081e+12	437.5961
2.9449999999999896e-11	0.22845459	-0.081277356	0.97013223	-1.4608021e-17	-1.5847884e+12	437.6401
2.95499999999999e-11	0.22919382	-0.08261171	0.9698451	-1.4610576e-17	-1.5847884e+12	437.6401
2.9649999999999905e-11	0.22993872	-0.08394034	0.96955454	-1.4610918e-17	-1.4220566e+12	437.65363
2.974999999999991e-11	0.23068927	-0.085263036	0.9692606	-1.4613457e-17	-1.4220566e+12	437.65363
2.9849999999999915e-11	0.23144548	-0.08657962	0.9689635	-1.4617822e-17	-1.274781e+12	437.64236
2.994999999999992e-11	0.23220721	-0.087890245	0.9686631	-1.4620353e-17	-1.274781e+12	437.64236
3.0049999999999925e-11	0.23297456	-0.08919443	0.9683596	-1.4627963e-17	-1.1417513e+12	437.6111
3.014999999999993e-11	0.2337474	-0.09049259	0.96805257	-1.4630471e-17	-1.1417513e+12	437.6111
3.0249999999999934e-11	0.23452574	-0.09178406	0.96774256	-1.4640706e-17	-1.02179694e+12	437.56372
3.034999999999994e-11	0.23530953	-0.09306948	0.9674293	-1.464321e-17	-1.02179694e+12	437.56372
3.0449999999999944e-11	0.2360988	-0.09434795	0.967113	-1.4655544e-17	-9.1379945e+11	437.50333
3.054999999999995e-11	0.23689339	-0.09562031	0.96679354	-1.465803e-17	-9.1379945e+11	437.50333
3.0649999999999954e-11	0.23769341	-0.09688556	0.966471	-1.4672032e-17	-8.167005e+11	437.43256
3.074999999999996e-11	0.23849869	-0.09814468	0.9661454	-1.467451e-17	-8.167005e+11	437.43256
3.0849999999999963e-11	0.23930933	-0.09939649	0.9658167	-1.4689853e-17	-7.2950704e+11	437.3534
3.094999999999997e-11	0.24012515	-0.10064212	0.965485	-1.4692314e-17	-7.2950704e+11	437.3534
3.104999999999997e-11	0.2409463	-0.10188031	0.96515024	-1.4708709e-17	-6.512941e+11	437.2676
3.114999999999998e-11	0.24177247	-0.10311228	0.96481264	-1.471116e-17	-6.512941e+11	437.2676
3.124999999999998e-11	0.24260396	-0.10433669	0.964472	-1.4728397e-17	-5.812048e+11	437.1765
3.134999999999999e-11	0.24344039	-0.10555484	0.9641284	-1.4730844e-17	-5.812048e+11	437.1765
3.144999999999999e-11	0.24428204	-0.10676533	0.9637821	-1.4748741e-17	-5.1844982e+11	437.08118
3.155e-11	0.24512854	-0.107969515	0.96343267	-1.4751165e-17	-5.1844982e+11	437.08118
3.165e-11	0.24598023	-0.10916592	0.9630805	-1.476959e-17	-4.6230497e+11	436.9825
3.1700000000000004e-11	0.24640787	-0.109761745	0.9629033	-1.4770802e-17	-4.6230497e+11	436.9825
3.180000000000001e-11	0.24726686	-0.110947914	0.9625469	-1.4789634e-17	-4.1210852e+11	436.88116
3.1900000000000014e-11	0.24813077	-0.112126954	0.96218765	-1.4792036e-17	-4.1210852e+11	436.88116
3.200000000000002e-11	0.24899954	-0.11329886	0.96182567	-1.4811188e-17	-3.6725765e+11	436.77774
3.2100000000000024e-11	0.24987312	-0.11446359	0.9614609	-1.4813576e-17	-3.6725765e+11	436.77774
3.220000000000003e-11	0.25075147	-0.11562111	0.96109337	-1.4832961e-17	-3.2720493e+11	436.67267
3.230000000000003e-11	0.25163454	-0.11677143	0.9607231	-1.4835334e-17	-3.2720493e+11	436.67267
3.240000000000004e-11	0.2525223	-0.1179145	0.96035033	-1.4854911e-17	-2.9145435e+11	436.56628
3.250000000000004e-11	0.25341472	-0.1190503	0.95997477	-1.4857277e-17	-2.9145435e+11	436.56628
3.260000000000005e-11	0.2543117	-0.1201788	0.9595966	-1.4876996e-17	-2.595576e+11	436.45892
3.270000000000005e-11	0.25521332	-0.12129998	0.95921576	-1.4879348e-17	-2.595576e+11	436.45892
3.280000000000006e-11	0.25611946	-0.12241384	0.9588324	-1.489916e-17	-2.3111015e+11	436.35077
3.290000000000006e-11	0.25703004	-0.123520344	0.9584464	-1.4901508e-17	-2.3111015e+11	436.35077
3.300000000000007e-11	0.25794512	-0.12461946	0.9580579	-1.4921389e-17	-2.0574765e+11	436.242
3.310000000000007e-11	0.25886455	-0.1257112	0.9576669	-1.4923728e-17	-2.0574765e+11	436.242
3.3200000000000077e-11	0.2597884	-0.12679552	0.95727324	-1.4943656e-17	-1.8314242e+11	436.13278
3.330000000000008e-11	0.2607165	-0.12787239	0.9568773	-1.4945972e-17	-1.8314242e+11	436.13278
3.3400000000000086e-11	0.2616489	-0.12894183	0.95647895	-1.4965937e-17	-1.6300016e+11	436.02322
3.350000000000009e-11	0.26258558	-0.13000381	0.9560781	-1.4968245e-17	-1.6300016e+11	436.02322
3.3600000000000096e-11	0.26352638	-0.1310583	0.9556749	-1.498822e-17	-1.4505681e+11	435.91342
3.37000000000001e-11	0.26447135	-0.13210528	0.95526916	-1.4990511e-17	-1.4505681e+11	435.91342
3.3800000000000106e-11	0.2654204	-0.13314475	0.9548612	-1.5010494e-17	-1.2907576e+11	435.8034
3.390000000000011e-11	0.26637354	-0.1341767	0.95445085	-1.5012779e-17	-1.2907576e+11	435.8034
3.4000000000000115e-11	0.2673307	-0.13520108	0.95403814	-1.5032754e-17	-1.148451e+11	435.69327
3.410000000000012e-11	0.26829183	-0.13621792	0.95362324	-1.5035022e-17	-1.148451e+11	435.69327
3.4200000000000125e-11	0.26925686	-0.13722718	0.9532062	-1.5054982e-17	-1.0217526e+11	435.58307
3.430000000000013e-11	0.2702258	-0.13822886	0.9527866	-1.5057246e-17	-1.0217526e+11	435.58307
3.4400000000000135e-11	0.2711986	-0.13922292	0.952365	-1.507719e-17	-9.089676e+10	435.4728
3.450000000000014e-11	0.2721752	-0.14020938	0.95194113	-1.507943e-17	-9.089676e+10	435.4728
3.4600000000000144e-11	0.27315554	-0.1411882	0.95151514	-1.509936e-17	-8.085814e+10	435.36255
3.470000000000015e-11	0.27413958	-0.14215939	0.951087	-1.510159e-17	-8.085814e+10	435.36255
3.4800000000000154e-11	0.27512732	-0.1431229	0.9506567	-1.512148e-17	-7.1924154e+10	435.2523
3.490000000000016e-11	0.27611867	-0.14407878	0.9502244	-1.5123699e-17	-7.1924154e+10	435.2523
3.5000000000000163e-11	0.2771136	-0.14502697	0.9497899	-1.5143564e-17	-6.39741e+10	435.14203
3.510000000000017e-11	0.27811205	-0.14596745	0.94935346	-1.5145776e-17	-6.39741e+10	435.14203
3.520000000000017e-11	0.279114	-0.14690027	0.9489149	-1.5165604e-17	-5.690028e+10	435.03183
3.530000000000018e-11	0.28011942	-0.14782536	0.9484743	-1.51678e-17	-5.690028e+10	435.03183
3.540000000000018e-11	0.28112826	-0.14874272	0.9480319	-1.5187594e-17	-5.0606645e+10	434.9217
3.550000000000019e-11	0.28214037	-0.14965239	0.9475874	-1.5189782e-17	-5.0606645e+10	434.9217
3.560000000000019e-11	0.28315592	-0.1505543	0.94714093	-1.5209537e-17	-4.5007565e+10	434.81158
3.57000000000002e-11	0.28417465	-0.15144846	0.94669265	-1.521172e-17	-4.5007565e+10	434.81158
3.58000000000002e-11	0.28519666	-0.15233484	0.94624233	-1.5231439e-17	-4.0026714e+10	434.70154
3.590000000000021e-11	0.28622183	-0.15321347	0.94579035	-1.5233601e-17	-4.0026714e+10	434.70154
3.600000000000021e-11	0.28725016	-0.15408435	0.94533634	-1.5253273e-17	-3.559609e+10	434.59158
3.6100000000000217e-11	0.2882816	-0.15494743	0.9448806	-1.5255427e-17	-3.559609e+10	434.59158
3.620000000000022e-11	0.28931606	-0.15580273	0.9444232	-1.527508e-17	-3.1655125e+10	434.4817
3.6300000000000226e-11	0.2903535	-0.15665022	0.9439639	-1.5277222e-17	-3.1655125e+10	434.4817
3.640000000000023e-11	0.29139397	-0.15748991	0.94350284	-1.5296811e-17	-2.814986e+10	434.37186
3.6500000000000236e-11	0.2924373	-0.15832183	0.94304	-1.5298947e-17	-2.814986e+10	434.37186
3.660000000000024e-11	0.29348353	-0.15914589	0.9425756	-1.5318505e-17	-2.5032258e+10	434.26212
3.6700000000000245e-11	0.2945326	-0.15996215	0.9421094	-1.5320632e-17	-2.5032258e+10	434.26212
3.680000000000025e-11	0.2955844	-0.16077057	0.94164157	-1.534015e-17	-2.2259544e+10	434.15247
3.6900000000000255e-11	0.296639	-0.16157117	0.94117224	-1.5342261e-17	-2.2259544e+10	434.15247
3.700000000000026e-11	0.2976963	-0.1623639	0.9407011	-1.5361735e-17	-1.9793646e+10	434.04288
3.7100000000000265e-11	0.29875624	-0.16314884	0.94022846	-1.5363826e-17	-1.9793646e+10	434.04288
3.720000000000027e-11	0.29981878	-0.1639259	0.9397543	-1.5383265e-17	-1.7600678e+10	433.93338
3.7300000000000274e-11	0.3008839	-0.16469511	0.93927854	-1.5385356e-17	-1.7600678e+10	433.93338
3.740000000000028e-11	0.3019515	-0.16545647	0.9388013	-1.5404743e-17	-1.5650482e+10	433.824
3.7500000000000284e-11	0.3030216	-0.16621	0.93832254	-1.5406821e-17	-1.5650482e+10	433.824
3.760000000000029e-11	0.30409414	-0.16695562	0.93784237	-1.5426174e-17	-1.3916222e+10	433.71466
3.7700000000000294e-11	0.30516905	-0.16769342	0.9373607	-1.542824e-17	-1.3916222e+10	433.71466
3.78000000000003e-11	0.30624634	-0.16842331	0.9368776	-1.5447543e-17	-1.2374019e+10	433.60544
3.7900000000000303e-11	0.3073259	-0.16914538	0.9363931	-1.5449606e-17	-1.2374019e+10	433.60544
3.800000000000031e-11	0.30840772	-0.16985956	0.93590724	-1.5468863e-17	-1.100263e+10	433.4963
3.810000000000031e-11	0.30949172	-0.17056583	0.93542004	-1.5470915e-17	-1.100263e+10	433.4963
3.820000000000032e-11	0.31057796	-0.17126428	0.93493146	-1.5490141e-17	-9.783156e+09	433.38724
3.830000000000032e-11	0.31166622	-0.17195483	0.93444157	-1.5492178e-17	-9.783156e+09	433.38724
3.840000000000033e-11	0.31275666	-0.17263749	0.9339504	-1.5511342e-17	-8.698782e+09	433.27826
3.850000000000033e-11	0.3138491	-0.17331229	0.93345803	-1.5513369e-17	-8.698782e+09	433.27826
3.860000000000034e-11	0.3149435	-0.17397924	0.93296444	-1.5532516e-17	-7.7345546e+09	433.16937
3.870000000000034e-11	0.31603986	-0.17463827	0.9324695	-1.5534523e-17	-7.7345546e+09	433.16937
3.880000000000035e-11	0.31713817	-0.17528942	0.93197334	-1.5553618e-17	-6.8771717e+09	433.0606
3.890000000000035e-11	0.3182383	-0.1759327	0.9314762	-1.5555628e-17	-6.8771717e+09	433.0606
3.9000000000000356e-11	0.31934023	-0.17656814	0.93097776	-1.5574668e-17	-6.114801e+09	432.9519
3.910000000000036e-11	0.32044393	-0.17719568	0.9304783	-1.5576671e-17	-6.114801e+09	432.9519
3.9200000000000366e-11	0.32154942	-0.17781532	0.9299776	-1.5595668e-17	-5.436921e+09	432.84326
3.930000000000037e-11	0.32265654	-0.17842713	0.92947584	-1.5597655e-17	-5.436921e+09	432.84326
3.9400000000000376e-11	0.3237653	-0.17903104	0.92897314	-1.5616622e-17	-4.834171e+09	432.73474
3.950000000000038e-11	0.32487568	-0.1796271	0.9284693	-1.5618598e-17	-4.834171e+09	432.73474
3.9600000000000385e-11	0.32598764	-0.1802153	0.92796445	-1.5637504e-17	-4.298229e+09	432.6263
3.970000000000039e-11	0.32710105	-0.18079564	0.9274587	-1.563948e-17	-4.298229e+09	432.6263
3.9800000000000395e-11	0.32821596	-0.18136811	0.9269519	-1.5658357e-17	-3.8216934e+09	432.51794
3.99000000000004e-11	0.32933235	-0.18193273	0.92644405	-1.5660314e-17	-3.8216934e+09	432.51794
4.0000000000000405e-11	0.33045006	-0.1824895	0.9259355	-1.5679139e-17	-3.3979812e+09	432.4097
4.010000000000041e-11	0.3315691	-0.18303841	0.9254258	-1.5681093e-17	-3.3979812e+09	432.4097
4.0200000000000414e-11	0.3326895	-0.18357949	0.9249154	-1.5699867e-17	-3.021239e+09	432.3015
4.030000000000042e-11	0.33381107	-0.18411273	0.9244041	-1.5701807e-17	-3.021239e+09	432.3015
4.0400000000000424e-11	0.33493394	-0.18463811	0.92389196	-1.5720558e-17	-2.6862615e+09	432.19342
4.050000000000043e-11	0.33605787	-0.18515569	0.92337906	-1.5722483e-17	-2.6862615e+09	432.19342
4.0600000000000434e-11	0.33718303	-0.18566543	0.92286533	-1.5741186e-17	-2.3884198e+09	432.08542
4.070000000000044e-11	0.33830923	-0.18616736	0.9223508	-1.5743107e-17	-2.3884198e+09	432.08542
4.0800000000000443e-11	0.3394365	-0.18666145	0.9218355	-1.5761753e-17	-2.1235981e+09	431.9775
4.090000000000045e-11	0.34056473	-0.18714778	0.9213195	-1.5763665e-17	-2.1235981e+09	431.9775
4.100000000000045e-11	0.3416939	-0.18762629	0.9208028	-1.5782264e-17	-1.8881364e+09	431.8697
4.110000000000046e-11	0.34282404	-0.18809699	0.92028534	-1.5784164e-17	-1.8881364e+09	431.8697
4.120000000000046e-11	0.343955	-0.1885599	0.91976726	-1.5802743e-17	-1.6787802e+09	431.76196
4.130000000000047e-11	0.3450868	-0.18901503	0.91924864	-1.5804632e-17	-1.6787802e+09	431.76196
4.140000000000047e-11	0.34621942	-0.1894624	0.9187293	-1.5823161e-17	-1.4926356e+09	431.65433
4.150000000000048e-11	0.34735283	-0.189902	0.91820943	-1.582504e-17	-1.4926356e+09	431.65433
4.160000000000048e-11	0.34848687	-0.19033381	0.9176889	-1.5843518e-17	-1.3271296e+09	431.54675
4.1700000000000487e-11	0.34962162	-0.19075795	0.91716784	-1.5845386e-17	-1.3271296e+09	431.54675
4.180000000000049e-11	0.350757	-0.19117425	0.91664624	-1.5863824e-17	-1.179974e+09	431.4393
4.1900000000000496e-11	0.3518929	-0.19158286	0.9161242	-1.5865691e-17	-1.179974e+09	431.4393
4.20000000000005e-11	0.35302937	-0.19198374	0.9156016	-1.5884088e-17	-1.0491346e+09	431.3319
4.2100000000000506e-11	0.35416633	-0.19237691	0.9150785	-1.5885937e-17	-1.0491346e+09	431.3319
4.220000000000051e-11	0.35530376	-0.19276237	0.9145551	-1.5904284e-17	-9.3280237e+08	431.2246
4.2300000000000516e-11	0.3564416	-0.19314012	0.91403115	-1.5906127e-17	-9.3280237e+08	431.2246
4.240000000000052e-11	0.35757986	-0.1935102	0.9135068	-1.592443e-17	-8.29369e+08	431.1174
4.2500000000000525e-11	0.35871843	-0.19387259	0.9129822	-1.592627e-17	-8.29369e+08	431.1174
4.260000000000053e-11	0.35985726	-0.19422731	0.91245705	-1.5944533e-17	-7.374044e+08	431.01028
4.2700000000000535e-11	0.36099637	-0.19457437	0.91193163	-1.5946361e-17	-7.374044e+08	431.01028
4.280000000000054e-11	0.36213574	-0.19491379	0.9114059	-1.5964578e-17	-6.55637e+08	430.90326
4.2900000000000545e-11	0.36327523	-0.19524556	0.91087985	-1.5966399e-17	-6.55637e+08	430.90326
4.300000000000055e-11	0.3644149	-0.19556972	0.91035354	-1.5984566e-17	-5.8293606e+08	430.79633
4.3100000000000554e-11	0.36555466	-0.19588625	0.90982693	-1.5986384e-17	-5.8293606e+08	430.79633
4.320000000000056e-11	0.36669442	-0.1961952	0.90930027	-1.6004507e-17	-5.1829648e+08	430.68945
4.3300000000000564e-11	0.36783424	-0.19649653	0.90877306	-1.600631e-17	-5.1829648e+08	430.68945
4.340000000000057e-11	0.36897406	-0.19679031	0.9082459	-1.6024393e-17	-4.6082435e+08	430.58267
4.3500000000000574e-11	0.37011376	-0.19707647	0.90771854	-1.6026183e-17	-4.6082435e+08	430.58267
4.360000000000058e-11	0.3712534	-0.19735512	0.907191	-1.6044233e-17	-4.09725e+08	430.476
4.370000000000058e-11	0.3723929	-0.19762622	0.9066633	-1.6046009e-17	-4.09725e+08	430.476
4.380000000000059e-11	0.37353218	-0.19788978	0.9061354	-1.6064013e-17	-3.6429178e+08	430.36942
4.390000000000059e-11	0.37467125	-0.19814582	0.9056076	-1.6065788e-17	-3.6429178e+08	430.36942
4.40000000000006e-11	0.3758101	-0.19839437	0.90507954	-1.6083741e-17	-3.2389645e+08	430.2629
4.41000000000006e-11	0.37694865	-0.1986354	0.90455157	-1.608551e-17	-3.2389645e+08	430.2629
4.420000000000061e-11	0.37808684	-0.19886896	0.9040236	-1.6103425e-17	-2.8798035e+08	430.15646
4.430000000000061e-11	0.37922463	-0.19909507	0.90349543	-1.610518e-17	-2.8798035e+08	430.15646
4.440000000000062e-11	0.38036206	-0.19931373	0.9029674	-1.6123055e-17	-2.5604688e+08	430.05014
4.450000000000062e-11	0.38149905	-0.19952494	0.90243936	-1.6124804e-17	-2.5604688e+08	430.05014
4.4600000000000627e-11	0.3826355	-0.19972874	0.9019113	-1.614263e-17	-2.2765438e+08	429.9439
4.470000000000063e-11	0.38377148	-0.19992514	0.90138334	-1.6144365e-17	-2.2765438e+08	429.9439
4.4800000000000636e-11	0.3849069	-0.20011413	0.90085554	-1.6162153e-17	-2.0241024e+08	429.83774
4.490000000000064e-11	0.38604164	-0.20029576	0.90032774	-1.6163887e-17	-2.0241024e+08	429.83774
4.5000000000000646e-11	0.38717583	-0.20047	0.8998001	-1.6181626e-17	-1.7996536e+08	429.73166
4.510000000000065e-11	0.38830927	-0.2006369	0.8992727	-1.6183347e-17	-1.7996536e+08	429.73166
4.5200000000000656e-11	0.3894421	-0.20079648	0.89874536	-1.620105e-17	-1.6000931e+08	429.62567
4.530000000000066e-11	0.3905741	-0.20094873	0.8982183	-1.6202764e-17	-1.6000931e+08	429.62567
4.5400000000000665e-11	0.39170533	-0.20109369	0.8976913	-1.6220416e-17	-1.4226614e+08	429.51978
4.550000000000067e-11	0.39283577	-0.20123138	0.89716464	-1.6222119e-17	-1.4226614e+08	429.51978
4.5600000000000675e-11	0.39396533	-0.20136178	0.89663815	-1.6239738e-17	-1.2649048e+08	429.41397
4.570000000000068e-11	0.39509398	-0.20148492	0.89611197	-1.6241433e-17	-1.2649048e+08	429.41397
4.5800000000000685e-11	0.39622173	-0.20160083	0.895586	-1.6259014e-17	-1.12464136e+08	429.30823
4.590000000000069e-11	0.39734846	-0.20170951	0.8950604	-1.6260702e-17	-1.12464136e+08	429.30823
4.6000000000000694e-11	0.39847422	-0.20181102	0.8945352	-1.6278223e-17	-9.999315e+07	429.20258
4.61000000000007e-11	0.399599	-0.20190531	0.8940101	-1.6279912e-17	-9.999315e+07	429.20258
4.6200000000000704e-11	0.40072262	-0.20199244	0.8934854	-1.6297387e-17	-8.890505e+07	429.09705
4.630000000000071e-11	0.40184516	-0.20207244	0.89296126	-1.6299061e-17	-8.890505e+07	429.09705
4.6400000000000713e-11	0.4029666	-0.20214531	0.89243746	-1.6316511e-17	-7.904648e+07	428.99158
4.650000000000072e-11	0.40408677	-0.20221105	0.89191395	-1.6318172e-17	-7.904648e+07	428.99158
4.660000000000072e-11	0.4052058	-0.20226967	0.8913909	-1.6335575e-17	-7.028112e+07	428.88617
4.670000000000073e-11	0.40632355	-0.20232123	0.8908684	-1.6337224e-17	-7.028112e+07	428.88617
4.680000000000073e-11	0.40744004	-0.20236573	0.8903463	-1.6354598e-17	-6.2487732e+07	428.78088
4.690000000000074e-11	0.40855518	-0.2024032	0.8898246	-1.6356238e-17	-6.2487732e+07	428.78088
4.700000000000074e-11	0.409669	-0.20243362	0.88930357	-1.6373555e-17	-5.555854e+07	428.6757
4.710000000000075e-11	0.41078144	-0.20245706	0.8887829	-1.6375195e-17	-5.555854e+07	428.6757
4.720000000000075e-11	0.41189244	-0.20247349	0.88826287	-1.639248e-17	-4.9397716e+07	428.57056
4.730000000000076e-11	0.41300198	-0.20248295	0.8877435	-1.6394104e-17	-4.9397716e+07	428.57056
4.740000000000076e-11	0.4141101	-0.20248549	0.88722456	-1.6411341e-17	-4.392006e+07	428.4655
4.7500000000000767e-11	0.41521657	-0.20248106	0.88670623	-1.641297e-17	-4.392006e+07	428.4655
4.760000000000077e-11	0.4163216	-0.20246974	0.8861885	-1.643016e-17	-3.9049812e+07	428.36057
4.7700000000000776e-11	0.417425	-0.20245153	0.8856715	-1.6431772e-17	-3.9049812e+07	428.36057
4.780000000000078e-11	0.41852677	-0.20242645	0.88515496	-1.644893e-17	-3.471962e+07	428.2557
4.7900000000000786e-11	0.41962686	-0.20239452	0.88463926	-1.645053e-17	-3.471962e+07	428.2557
4.800000000000079e-11	0.42072538	-0.20235574	0.88412416	-1.6467642e-17	-3.0869598e+07	428.1509
4.8100000000000795e-11	0.4218221	-0.20231014	0.88360983	-1.6469239e-17	-3.0869598e+07	428.1509
4.82000000000008e-11	0.42291707	-0.20225778	0.8830961	-1.6486315e-17	-2.74465e+07	428.0462
4.8300000000000805e-11	0.42401022	-0.20219867	0.88258326	-1.648791e-17	-2.74465e+07	428.0462
4.840000000000081e-11	0.4251016	-0.20213275	0.8820711	-1.6504938e-17	-2.4402984e+07	427.9416
4.8500000000000815e-11	0.42619112	-0.20206013	0.88155967	-1.6506523e-17	-2.4402984e+07	427.9416
4.860000000000082e-11	0.42727876	-0.20198078	0.8810491	-1.6523517e-17	-2.1696962e+07	427.83707
4.8700000000000824e-11	0.42836452	-0.20189475	0.8805392	-1.6525085e-17	-2.1696962e+07	427.83707
4.880000000000083e-11	0.42944834	-0.20180205	0.8800303	-1.654203e-17	-1.9291008e+07	427.73264
4.8900000000000834e-11	0.4305302	-0.20170271	0.8795221	-1.6543599e-17	-1.9291008e+07	427.73264
4.900000000000084e-11	0.43161	-0.20159674	0.87901473	-1.6560508e-17	-1.7151846e+07	427.6283
4.9100000000000844e-11	0.4326878	-0.20148422	0.8785084	-1.6562067e-17	-1.7151846e+07	427.6283
4.920000000000085e-11	0.4337635	-0.20136505	0.8780027	-1.6578938e-17	-1.5249894e+07	427.52402
4.9300000000000853e-11	0.43483716	-0.20123933	0.8774981	-1.658049e-17	-1.5249894e+07	427.52402
4.940000000000086e-11	0.43590865	-0.2011071	0.8769945	-1.6597314e-17	-1.3558848e+07	427.41983
4.950000000000086e-11	0.43697798	-0.20096833	0.8764916	-1.6598855e-17	-1.3558848e+07	427.41983
4.960000000000087e-11	0.43804508	-0.20082304	0.8759898	-1.661565e-17	-1.205532e+07	427.31573
4.970000000000087e-11	0.4391101	-0.20067133	0.875489	-1.6617188e-17	-1.205532e+07	427.31573
4.980000000000088e-11	0.44017276	-0.20051312	0.87498915	-1.6633932e-17	-1.0718517e+07	427.21173
4.990000000000088e-11	0.4412332	-0.20034851	0.87449026	-1.6635457e-17	-1.0718517e+07	427.21173
5.000000000000089e-11	0.44229132	-0.20017749	0.87399226	-1.6652163e-17	-9.529951e+06	427.1078
5.010000000000089e-11	0.44334713	-0.20000008	0.8734956	-1.6653687e-17	-9.529951e+06	427.1078
5.02000000000009e-11	0.44440055	-0.1998163	0.8729998	-1.6670364e-17	-8.473183e+06	427.00394
5.03000000000009e-11	0.44545156	-0.19962619	0.87250507	-1.667188e-17	-8.473183e+06	427.00394
5.0400000000000906e-11	0.44650018	-0.19942977	0.87201154	-1.6688505e-17	-7.5335995e+06	426.90018
5.050000000000091e-11	0.44754633	-0.19922704	0.87151897	-1.6690008e-17	-7.5335995e+06	426.90018
5.0600000000000916e-11	0.44859004	-0.19901806	0.8710276	-1.6706602e-17	-6.6982055e+06	426.7965
5.070000000000092e-11	0.44963124	-0.19880283	0.87053734	-1.6708094e-17	-6.6982055e+06	426.7965
5.0800000000000926e-11	0.45066988	-0.19858137	0.87004817	-1.6724657e-17	-5.9554475e+06	426.69293
5.090000000000093e-11	0.45170596	-0.19835371	0.86956024	-1.6726141e-17	-5.9554475e+06	426.69293
5.1000000000000935e-11	0.45273942	-0.19811986	0.86907345	-1.6742657e-17	-5.2950535e+06	426.58942
5.110000000000094e-11	0.45377034	-0.19787987	0.86858785	-1.6744132e-17	-5.2950535e+06	426.58942
5.1200000000000945e-11	0.45479858	-0.19763377	0.86810344	-1.6760621e-17	0	426.486
5.130000000000095e-11	0.45582414	-0.19738151	0.8676203	-1.676209e-17	0	426.486
5.1400000000000955e-11	0.4568467	-0.19712453	0.86713827	-1.676356e-17	0	426.486
5.150000000000096e-11	0.4578663	-0.19686279	0.8666572	-1.6765024e-17	0	426.486
5.1600000000000964e-11	0.45888296	-0.19659632	0.8661773	-1.676648e-17	0	426.486
5.170000000000097e-11	0.4598965	-0.19632518	0.8656986	-1.6767937e-17	0	426.486
5.1800000000000974e-11	0.46090704	-0.19604936	0.8652209	-1.676939e-17	0	426.486
5.190000000000098e-11	0.46191445	-0.19576892	0.8647444	-1.6770826e-17	0	426.486
5.2000000000000984e-11	0.46291888	-0.19548385	0.86426914	-1.6772266e-17	0	426.486
5.210000000000099e-11	0.46392018	-0.19519421	0.8637949	-1.67737e-17	0	426.486
5.2200000000000993e-11	0.46491835	-0.19490004	0.86332196	-1.6775129e-17	0	426.486
5.2300000000001e-11	0.4659134	-0.1946013	0.86285007	-1.6776553e-17	0	426.486
5.2400000000001e-11	0.46690536	-0.19429806	0.86237943	-1.6777972e-17	0	426.486
5.250000000000101e-11	0.46789408	-0.19399036	0.86191005	-1.6779393e-17	0	426.486
5.260000000000101e-11	0.46887976	-0.1936782	0.86144185	-1.678079e-17	0	426.486
5.270000000000102e-11	0.46986216	-0.19336163	0.8609747	-1.6782196e-17	0	426.486
5.280000000000102e-11	0.4708414	-0.19304065	0.86050904	-1.6783599e-17	0	426.486
5.290000000000103e-11	0.4718174	-0.19271532	0.8600445	-1.6784997e-17	0	426.486
5.300000000000103e-11	0.47279018	-0.19238563	0.85958123	-1.6786385e-17	0	426.486
5.3100000000001037e-11	0.4737597	-0.19205162	0.85911924	-1.6787763e-17	0	426.486
5.320000000000104e-11	0.47472602	-0.19171335	0.85865855	-1.6789148e-17	0	426.486
5.3300000000001046e-11	0.47568905	-0.19137077	0.85819906	-1.6790524e-17	0	426.486
5.340000000000105e-11	0.4766488	-0.19102398	0.8577409	-1.6791889e-17	0	426.486
5.3500000000001056e-11	0.4776052	-0.19067298	0.8572841	-1.6793254e-17	0	426.486
5.360000000000106e-11	0.47855836	-0.1903178	0.85682845	-1.6794614e-17	0	426.486
5.3700000000001066e-11	0.4795082	-0.18995842	0.85637426	-1.6795965e-17	0	426.486
5.380000000000107e-11	0.48045474	-0.18959495	0.8559214	-1.679732e-17	0	426.486
5.3900000000001075e-11	0.4813978	-0.18922737	0.85546994	-1.679866e-17	0	426.486
5.400000000000108e-11	0.4823376	-0.18885571	0.8550197	-1.6800002e-17	0	426.486
5.4100000000001085e-11	0.48327404	-0.18847999	0.8545708	-1.6801337e-17	0	426.486
5.420000000000109e-11	0.48420697	-0.18810025	0.85412335	-1.6802664e-17	0	426.486
5.4300000000001095e-11	0.48513663	-0.18771651	0.8536773	-1.6803994e-17	0	426.486
5.44000000000011e-11	0.48606282	-0.1873288	0.8532325	-1.6805312e-17	0	426.486
5.4500000000001104e-11	0.48698562	-0.18693712	0.8527892	-1.6806626e-17	0	426.486
5.460000000000111e-11	0.487905	-0.18654153	0.8523473	-1.6807938e-17	0	426.486
5.4700000000001114e-11	0.4888209	-0.18614207	0.8519068	-1.6809243e-17	0	426.486
5.480000000000112e-11	0.48973337	-0.18573873	0.8514677	-1.6810545e-17	0	426.486
5.4900000000001124e-11	0.49064234	-0.18533152	0.85103005	-1.681184e-17	0	426.486
5.500000000000113e-11	0.49154785	-0.1849205	0.8505938	-1.6813136e-17	0	426.486
5.510000000000113e-11	0.49244988	-0.18450572	0.85015917	-1.681442e-17	0	426.486
5.520000000000114e-11	0.49334842	-0.18408713	0.8497258	-1.68157e-17	0	426.486
5.530000000000114e-11	0.49424344	-0.18366484	0.8492939	-1.6816977e-17	0	426.486
5.540000000000115e-11	0.49513495	-0.18323882	0.8488636	-1.6818251e-17	0	426.486
5.550000000000115e-11	0.4960229	-0.1828091	0.8484346	-1.681952e-17	0	426.486
5.560000000000116e-11	0.49690735	-0.18237574	0.8480072	-1.6820782e-17	0	426.486
5.570000000000116e-11	0.49778825	-0.18193874	0.8475813	-1.682204e-17	0	426.486
5.580000000000117e-11	0.49866557	-0.18149813	0.8471569	-1.6823294e-17	0	426.486
5.590000000000117e-11	0.49953932	-0.18105392	0.846734	-1.6824543e-17	0	426.486
5.6000000000001177e-11	0.5004095	-0.18060619	0.8463126	-1.6825788e-17	0	426.486
5.610000000000118e-11	0.50127614	-0.18015489	0.8458927	-1.6827027e-17	0	426.486
5.6200000000001186e-11	0.50213903	-0.17970009	0.84547436	-1.682826e-17	0	426.486
5.630000000000119e-11	0.5029985	-0.1792418	0.84505755	-1.682949e-17	0	426.486
5.6400000000001196e-11	0.5038543	-0.17878006	0.8446424	-1.6830718e-17	0	426.486
5.65000000000012e-11	0.5047064	-0.17831491	0.8442286	-1.683194e-17	0	426.486
5.6600000000001206e-11	0.5055549	-0.17784633	0.84381664	-1.6833154e-17	0	426.486
5.670000000000121e-11	0.5063998	-0.17737436	0.8434061	-1.6834365e-17	0	426.486
5.6800000000001215e-11	0.5072411	-0.17689908	0.842997	-1.6835574e-17	0	426.486
5.690000000000122e-11	0.50807863	-0.17642042	0.84258974	-1.6836777e-17	0	426.486
5.7000000000001225e-11	0.5089125	-0.17593849	0.8421838	-1.6837968e-17	0	426.486
5.710000000000123e-11	0.50974274	-0.17545326	0.84177977	-1.683917e-17	0	426.486
5.7200000000001235e-11	0.51056933	-0.17496479	0.8413771	-1.6840355e-17	0	426.486
5.730000000000124e-11	0.5113922	-0.17447308	0.84097624	-1.6841543e-17	0	426.486
5.7400000000001244e-11	0.5122114	-0.17397818	0.84057677	-1.684272e-17	0	426.486
5.750000000000125e-11	0.5130269	-0.1734801	0.84017915	-1.6843899e-17	0	426.486
5.7600000000001254e-11	0.51383865	-0.17297885	0.8397831	-1.6845063e-17	0	426.486
5.770000000000126e-11	0.51464665	-0.17247446	0.8393886	-1.6846233e-17	0	426.486
5.7800000000001263e-11	0.51545095	-0.17196697	0.8389958	-1.68474e-17	0	426.486
5.790000000000127e-11	0.51625156	-0.17145641	0.8386047	-1.684855e-17	0	426.486
5.800000000000127e-11	0.5170485	-0.1709428	0.8382152	-1.6849705e-17	0	426.486
5.810000000000128e-11	0.5178416	-0.17042616	0.8378274	-1.6850849e-17	0	426.486
5.820000000000128e-11	0.518631	-0.16990651	0.83744127	-1.6852002e-17	0	426.486
5.830000000000129e-11	0.5194166	-0.16938388	0.83705676	-1.6853137e-17	0	426.486
5.840000000000129e-11	0.52019846	-0.16885827	0.836674	-1.685427e-17	0	426.486
5.85000000000013e-11	0.5209766	-0.16832976	0.83629286	-1.68554e-17	0	426.486
5.86000000000013e-11	0.52175087	-0.16779833	0.8359135	-1.685653e-17	0	426.486
5.870000000000131e-11	0.5225214	-0.16726401	0.8355359	-1.685765e-17	0	426.486
5.880000000000131e-11	0.5232882	-0.16672684	0.8351599	-1.685877e-17	0	426.486
5.890000000000132e-11	0.5240512	-0.16618684	0.83478564	-1.6859881e-17	0	426.486
5.900000000000132e-11	0.5248104	-0.16564403	0.83441305	-1.686099e-17	0	426.486
5.910000000000133e-11	0.52556574	-0.1650984	0.8340423	-1.68621e-17	0	426.486
5.920000000000133e-11	0.5263173	-0.16455004	0.83367324	-1.6863195e-17	0	426.486
5.930000000000134e-11	0.52706504	-0.16399893	0.8333059	-1.6864297e-17	0	426.486
5.940000000000134e-11	0.52780896	-0.1634451	0.8329404	-1.6865382e-17	0	426.486
5.950000000000135e-11	0.52854913	-0.16288859	0.8325765	-1.686647e-17	0	426.486
5.960000000000135e-11	0.5292854	-0.16232942	0.83221436	-1.6867554e-17	0	426.486
5.970000000000136e-11	0.53001785	-0.16176759	0.83185416	-1.6868633e-17	0	426.486
5.980000000000136e-11	0.5307466	-0.16120315	0.8314955	-1.6869708e-17	0	426.486
5.990000000000136e-11	0.53147125	-0.16063611	0.83113873	-1.6870775e-17	0	426.486
6.000000000000137e-11	0.5321923	-0.16006649	0.8307837	-1.6871844e-17	0	426.486
6.010000000000137e-11	0.5329094	-0.15949433	0.83043045	-1.6872908e-17	0	426.486
6.020000000000138e-11	0.5336227	-0.15891965	0.8300791	-1.687397e-17	0	426.486
6.030000000000138e-11	0.53433204	-0.15834245	0.82972944	-1.6875017e-17	0	426.486
6.040000000000139e-11	0.53503764	-0.1577628	0.8293816	-1.6876064e-17	0	426.486
6.05000000000014e-11	0.5357393	-0.15718067	0.8290355	-1.687711e-17	0	426.486
6.06000000000014e-11	0.53643715	-0.15659611	0.82869124	-1.6878156e-17	0	426.486
6.07000000000014e-11	0.5371312	-0.15600914	0.8283488	-1.6879188e-17	0	426.486
6.080000000000141e-11	0.5378212	-0.1554198	0.8280081	-1.6880225e-17	0	426.486
6.090000000000141e-11	0.53850746	-0.15482809	0.8276694	-1.6881251e-17	0	426.486
6.100000000000142e-11	0.5391898	-0.15423404	0.8273324	-1.6882277e-17	0	426.486
6.110000000000142e-11	0.53986824	-0.15363766	0.8269973	-1.6883299e-17	0	426.486
6.120000000000143e-11	0.5405489	-0.15296827	0.82667303	-1.7575082e-17	0	421.4213
6.130000000000143e-11	0.54123116	-0.15222588	0.82636	-1.7576313e-17	0	421.4213
6.140000000000144e-11	0.5419086	-0.15148132	0.826049	-1.757754e-17	0	421.4213
6.150000000000144e-11	0.54258126	-0.15073453	0.82574046	-1.7578771e-17	0	421.4213
6.160000000000145e-11	0.5432491	-0.1499856	0.82543397	-1.7579993e-17	0	421.4213
6.170000000000145e-11	0.54391205	-0.14923452	0.8251296	-1.7581213e-17	0	421.4213
6.180000000000146e-11	0.5445702	-0.14848135	0.82482755	-1.7582419e-17	0	421.4213
6.190000000000146e-11	0.5452236	-0.1477261	0.82452786	-1.7583625e-17	0	421.4213
6.200000000000147e-11	0.54587215	-0.1469688	0.8242303	-1.7584824e-17	0	421.4213
6.210000000000147e-11	0.54651594	-0.14620948	0.823935	-1.7586027e-17	0	421.4213
6.220000000000148e-11	0.5471548	-0.14544816	0.82364184	-1.758722e-17	0	421.4213
6.230000000000148e-11	0.54778886	-0.14468488	0.82335097	-1.7588406e-17	0	421.4213
6.240000000000149e-11	0.5484182	-0.14391965	0.8230623	-1.758958e-17	0	421.4213
6.250000000000149e-11	0.5490427	-0.14315249	0.82277596	-1.759077e-17	0	421.4213
6.26000000000015e-11	0.54966235	-0.14238347	0.82249177	-1.759194e-17	0	421.4213
6.27000000000015e-11	0.55027723	-0.14161259	0.8222099	-1.7593104e-17	0	421.4213
6.28000000000015e-11	0.5508872	-0.14083987	0.8219303	-1.7594266e-17	0	421.4213
6.290000000000151e-11	0.5514925	-0.14006534	0.8216528	-1.7595427e-17	0	421.4213
6.300000000000151e-11	0.55209297	-0.13928904	0.8213778	-1.7596587e-17	0	421.4213
6.310000000000152e-11	0.5526886	-0.13851097	0.82110494	-1.7597733e-17	0	421.4213
6.320000000000152e-11	0.5532793	-0.1377312	0.82083434	-1.7598876e-17	0	421.4213
6.330000000000153e-11	0.5538653	-0.13694967	0.82056594	-1.760002e-17	0	421.4213
6.340000000000153e-11	0.55444646	-0.13616651	0.8203	-1.7601146e-17	0	421.4213
6.350000000000154e-11	0.5550229	-0.1353817	0.8200362	-1.7602283e-17	0	421.4213
6.360000000000154e-11	0.5555945	-0.13459526	0.8197746	-1.7603404e-17	0	421.4213
6.370000000000155e-11	0.5561613	-0.13380723	0.81951535	-1.7604524e-17	0	421.4213
6.380000000000155e-11	0.55672324	-0.13301761	0.81925845	-1.7605648e-17	0	421.4213
6.390000000000156e-11	0.5572805	-0.13222647	0.81900376	-1.7606758e-17	0	421.4213
6.400000000000156e-11	0.5578329	-0.13143378	0.8187514	-1.760787e-17	0	421.4213
6.410000000000157e-11	0.5583805	-0.13063961	0.8185013	-1.7608973e-17	0	421.4213
6.420000000000157e-11	0.5589233	-0.12984398	0.8182535	-1.7610076e-17	0	421.4213
6.430000000000158e-11	0.5594613	-0.12904689	0.8180078	-1.7611167e-17	0	421.4213
6.440000000000158e-11	0.5599946	-0.12824838	0.81776464	-1.7612258e-17	0	421.4213
6.450000000000159e-11	0.56052303	-0.1274485	0.81752366	-1.7613349e-17	0	421.4213
6.460000000000159e-11	0.56104666	-0.12664722	0.81728506	-1.7614429e-17	0	421.4213
6.47000000000016e-11	0.56156564	-0.12584461	0.81704867	-1.7615506e-17	0	421.4213
6.48000000000016e-11	0.56207967	-0.12504068	0.8168145	-1.7616585e-17	0	421.4213
6.49000000000016e-11	0.56258905	-0.12423546	0.81658286	-1.7617645e-17	0	421.4213
6.500000000000161e-11	0.56309366	-0.12342898	0.8163533	-1.7618719e-17	0	421.4213
6.510000000000162e-11	0.5635934	-0.12262123	0.81612617	-1.7619774e-17	0	421.4213
6.520000000000162e-11	0.56408846	-0.12181229	0.81590134	-1.7620835e-17	0	421.4213
6.530000000000163e-11	0.5645787	-0.12100213	0.8156787	-1.7621882e-17	0	421.4213
6.540000000000163e-11	0.5650642	-0.12019082	0.8154585	-1.7622934e-17	0	421.4213
6.550000000000163e-11	0.56554496	-0.11937835	0.8152406	-1.7623985e-17	0	421.4213
6.560000000000164e-11	0.56602097	-0.118564755	0.815025	-1.7625022e-17	0	421.4213
6.570000000000164e-11	0.56649226	-0.11775007	0.8148117	-1.7626062e-17	0	421.4213
6.580000000000165e-11	0.56695867	-0.116934314	0.8146007	-1.7627091e-17	0	421.4213
6.590000000000165e-11	0.5674205	-0.1161175	0.8143919	-1.762812e-17	0	421.4213
6.600000000000166e-11	0.56787753	-0.11529966	0.8141855	-1.7629141e-17	0	421.4213
6.610000000000166e-11	0.56832975	-0.11448082	0.8139815	-1.7630162e-17	0	421.4213
6.620000000000167e-11	0.5687773	-0.113661006	0.8137797	-1.7631178e-17	0	421.4213
6.630000000000167e-11	0.56922024	-0.112840235	0.8135803	-1.7632197e-17	0	421.4213
6.640000000000168e-11	0.5696583	-0.11201854	0.8133832	-1.7633208e-17	0	421.4213
6.650000000000168e-11	0.5700917	-0.11119592	0.8131884	-1.7634215e-17	0	421.4213
6.660000000000169e-11	0.57052034	-0.11037244	0.8129958	-1.7635216e-17	0	421.4213
6.670000000000169e-11	0.57094437	-0.109548084	0.8128057	-1.7636212e-17	0	421.4213
6.68000000000017e-11	0.57136357	-0.10872288	0.8126178	-1.7637205e-17	0	421.4213
6.69000000000017e-11	0.5717781	-0.10789687	0.8124322	-1.7638194e-17	0	421.4213
6.700000000000171e-11	0.57218796	-0.10707008	0.812249	-1.7639173e-17	0	421.4213
6.710000000000171e-11	0.5725931	-0.106242515	0.81206816	-1.7640166e-17	0	421.4213
6.720000000000172e-11	0.5729936	-0.10541421	0.8118896	-1.7641145e-17	0	421.4213
6.730000000000172e-11	0.5733893	-0.10458517	0.81171334	-1.7642118e-17	0	421.4213
6.740000000000173e-11	0.5737804	-0.103755444	0.8115393	-1.7643087e-17	0	421.4213
6.750000000000173e-11	0.5741669	-0.10292503	0.81136775	-1.7644064e-17	0	421.4213
6.760000000000174e-11	0.5745486	-0.102093965	0.8111985	-1.764502e-17	0	421.4213
6.770000000000174e-11	0.5749257	-0.10126227	0.8110314	-1.7645983e-17	0	421.4213
6.780000000000175e-11	0.57529813	-0.10042997	0.81086683	-1.7646945e-17	0	421.4213
6.790000000000175e-11	0.5756659	-0.099597074	0.8107044	-1.7647895e-17	0	421.4213
6.800000000000176e-11	0.576029	-0.09876362	0.8105444	-1.7648845e-17	0	421.4213
6.810000000000176e-11	0.5763874	-0.09792963	0.8103868	-1.7649793e-17	0	421.4213
6.820000000000177e-11	0.57674134	-0.0970951	0.81023127	-1.7650737e-17	0	421.4213
6.830000000000177e-11	0.5770905	-0.09626009	0.81007814	-1.7651679e-17	0	421.4213
6.840000000000177e-11	0.577435	-0.0954246	0.80992734	-1.765261e-17	0	421.4213
6.850000000000178e-11	0.57777494	-0.09458865	0.809779	-1.765355e-17	0	421.4213
6.860000000000178e-11	0.5781102	-0.09375227	0.80963284	-1.7654476e-17	0	421.4213
6.870000000000179e-11	0.5784409	-0.09291549	0.809489	-1.7655404e-17	0	421.4213
6.88000000000018e-11	0.57876706	-0.09207832	0.80934745	-1.7656327e-17	0	421.4213
6.89000000000018e-11	0.5790885	-0.09124077	0.80920833	-1.7657246e-17	0	421.4213
6.90000000000018e-11	0.5794054	-0.09040288	0.80907136	-1.7658165e-17	0	421.4213
6.910000000000181e-11	0.57971776	-0.08956467	0.8089368	-1.765908e-17	0	421.4213
6.920000000000181e-11	0.58002543	-0.088726155	0.8088045	-1.7659992e-17	0	421.4213
6.930000000000182e-11	0.5803286	-0.087887354	0.8086746	-1.7660902e-17	0	421.4213
6.940000000000182e-11	0.58062714	-0.08704831	0.8085471	-1.7661798e-17	0	421.4213
6.950000000000183e-11	0.5809211	-0.086209014	0.8084216	-1.7662702e-17	0	421.4213
6.960000000000183e-11	0.58121055	-0.0853695	0.8082987	-1.7663598e-17	0	421.4213
6.970000000000184e-11	0.58149546	-0.08452979	0.8081778	-1.766449e-17	0	421.4213
6.980000000000184e-11	0.5817757	-0.0836899	0.80805945	-1.7665387e-17	0	421.4213
6.990000000000185e-11	0.5820515	-0.08284986	0.80794334	-1.7666277e-17	0	421.4213
7.000000000000185e-11	0.5823228	-0.08200969	0.8078295	-1.7667157e-17	0	421.4213
7.010000000000186e-11	0.5825895	-0.0811694	0.807718	-1.7668044e-17	0	421.4213
7.020000000000186e-11	0.58285165	-0.080329016	0.8076087	-1.7668922e-17	0	421.4213
7.030000000000187e-11	0.5831094	-0.07948856	0.80750185	-1.7669795e-17	0	421.4213
7.040000000000187e-11	0.5833626	-0.07864806	0.80739725	-1.7670667e-17	0	421.4213
7.050000000000188e-11	0.58361113	-0.07780752	0.80729485	-1.767154e-17	0	421.4213
7.060000000000188e-11	0.58385533	-0.07696698	0.8071949	-1.7672411e-17	0	421.4213
7.070000000000189e-11	0.584095	-0.07612644	0.8070971	-1.7673275e-17	0	421.4213
7.080000000000189e-11	0.5843302	-0.075285934	0.80700165	-1.7674137e-17	0	421.4213
7.09000000000019e-11	0.58456093	-0.07444548	0.8069085	-1.7674992e-17	0	421.4213
7.10000000000019e-11	0.58478713	-0.07360509	0.8068176	-1.767585e-17	0	421.4213
7.11000000000019e-11	0.5850089	-0.07276479	0.80672884	-1.7676702e-17	0	421.4213
7.120000000000191e-11	0.5852218	-0.07185452	0.80665195	-1.8330195e-17	0	416.5594
7.130000000000191e-11	0.58542514	-0.0708744	0.8065871	-1.8331325e-17	0	416.5594
7.140000000000192e-11	0.585623	-0.06989468	0.8065247	-1.833245e-17	0	416.5594
7.150000000000192e-11	0.58581567	-0.06891534	0.8064651	-1.833357e-17	0	416.5594
7.160000000000193e-11	0.58600277	-0.06793642	0.806408	-1.8334705e-17	0	416.5594
7.170000000000193e-11	0.5861846	-0.06695795	0.8063535	-1.8335817e-17	0	416.5594
7.180000000000194e-11	0.58636117	-0.06597994	0.80630165	-1.8336932e-17	0	416.5594
7.190000000000194e-11	0.5865324	-0.065002434	0.8062525	-1.833804e-17	0	416.5594
7.200000000000195e-11	0.5866983	-0.06402543	0.8062058	-1.8339148e-17	0	416.5594
7.210000000000195e-11	0.58685875	-0.06304897	0.8061618	-1.8340252e-17	0	416.5594
7.220000000000196e-11	0.5870141	-0.06207308	0.8061204	-1.8341355e-17	0	416.5594
7.230000000000196e-11	0.58716404	-0.06109778	0.8060815	-1.8342447e-17	0	416.5594
7.240000000000197e-11	0.5873087	-0.060123086	0.80604535	-1.8343547e-17	0	416.5594
7.250000000000197e-11	0.5874482	-0.059149027	0.8060117	-1.8344636e-17	0	416.5594
7.260000000000198e-11	0.5875823	-0.058175623	0.80598056	-1.8345723e-17	0	416.5594
7.270000000000198e-11	0.5877112	-0.05720291	0.80595213	-1.834681e-17	0	416.5594
7.280000000000199e-11	0.5878349	-0.056230906	0.8059262	-1.8347892e-17	0	416.5594
7.290000000000199e-11	0.58795345	-0.05525962	0.80590284	-1.8348972e-17	0	416.5594
7.3000000000002e-11	0.58806664	-0.054289095	0.80588216	-1.8350044e-17	0	416.5594
7.3100000000002e-11	0.5881747	-0.053319342	0.805864	-1.8351118e-17	0	416.5594
7.3200000000002e-11	0.5882775	-0.05235039	0.8058483	-1.8352185e-17	0	416.5594
7.330000000000201e-11	0.5883752	-0.05138226	0.80583525	-1.8353252e-17	0	416.5594
7.340000000000202e-11	0.58846766	-0.050414976	0.80582476	-1.835432e-17	0	416.5594
7.350000000000202e-11	0.5885551	-0.049448557	0.8058168	-1.8355383e-17	0	416.5594
7.360000000000203e-11	0.58863723	-0.04848303	0.80581135	-1.835644e-17	0	416.5594
7.370000000000203e-11	0.58871424	-0.047518417	0.8058084	-1.8357495e-17	0	416.5594
7.380000000000204e-11	0.5887862	-0.046554737	0.8058082	-1.8358546e-17	0	416.5594
7.390000000000204e-11	0.588853	-0.045592017	0.80581033	-1.8359595e-17	0	416.5594
7.400000000000205e-11	0.58891463	-0.04463028	0.80581504	-1.8360642e-17	0	416.5594
7.410000000000205e-11	0.58897126	-0.043669548	0.8058224	-1.8361687e-17	0	416.5594
7.420000000000205e-11	0.58902276	-0.04270984	0.8058321	-1.8362726e-17	0	416.5594
7.430000000000206e-11	0.58906925	-0.04175117	0.8058444	-1.8363762e-17	0	416.5594
7.440000000000206e-11	0.5891106	-0.04079358	0.8058591	-1.8364803e-17	0	416.5594
7.450000000000207e-11	0.589147	-0.039837077	0.80587643	-1.8365837e-17	0	416.5594
7.460000000000207e-11	0.58917826	-0.038881693	0.8058963	-1.8366867e-17	0	416.5594
7.470000000000208e-11	0.5892045	-0.03792744	0.8059186	-1.83679e-17	0	416.5594
7.480000000000208e-11	0.58922577	-0.036974348	0.80594325	-1.836892e-17	0	416.5594
7.490000000000209e-11	0.58924204	-0.03602243	0.8059706	-1.8369941e-17	0	416.5594
7.500000000000209e-11	0.5892533	-0.03507172	0.80600023	-1.8370968e-17	0	416.5594
7.51000000000021e-11	0.5892595	-0.03412223	0.8060324	-1.8371982e-17	0	416.5594
7.52000000000021e-11	0.58926094	-0.033173982	0.8060672	-1.8372998e-17	0	416.5594
7.530000000000211e-11	0.58925724	-0.032227006	0.8061043	-1.8374012e-17	0	416.5594
7.540000000000211e-11	0.58924866	-0.031281307	0.80614394	-1.8375017e-17	0	416.5594
7.550000000000212e-11	0.5892351	-0.030336924	0.80618596	-1.8376029e-17	0	416.5594
7.560000000000212e-11	0.5892167	-0.029393867	0.8062304	-1.8377035e-17	0	416.5594
7.570000000000213e-11	0.58919346	-0.028452162	0.8062774	-1.8378039e-17	0	416.5594
7.580000000000213e-11	0.58916515	-0.027511828	0.80632687	-1.8379043e-17	0	416.5594
7.590000000000214e-11	0.5891321	-0.026572889	0.8063786	-1.8380044e-17	0	416.5594
7.600000000000214e-11	0.58909404	-0.025635358	0.8064329	-1.8381038e-17	0	416.5594
7.610000000000215e-11	0.5890512	-0.024699269	0.80648947	-1.8382026e-17	0	416.5594
7.620000000000215e-11	0.58900344	-0.023764627	0.8065486	-1.8383025e-17	0	416.5594
7.630000000000216e-11	0.58895093	-0.022831464	0.80661	-1.8384013e-17	0	416.5594
7.640000000000216e-11	0.58889365	-0.0218998	0.80667394	-1.8385e-17	0	416.5594
7.650000000000217e-11	0.5888314	-0.020969654	0.8067402	-1.838599e-17	0	416.5594
7.660000000000217e-11	0.58876455	-0.020041043	0.8068089	-1.8386976e-17	0	416.5594
7.670000000000218e-11	0.5886928	-0.019113988	0.80687994	-1.8387957e-17	0	416.5594
7.680000000000218e-11	0.5886162	-0.018188514	0.8069533	-1.8388935e-17	0	416.5594
7.690000000000218e-11	0.58853495	-0.017264638	0.8070291	-1.8389914e-17	0	416.5594
7.700000000000219e-11	0.58844894	-0.01634238	0.80710727	-1.8390885e-17	0	416.5594
7.71000000000022e-11	0.58835816	-0.015421763	0.80718786	-1.8391863e-17	0	416.5594
7.72000000000022e-11	0.58826274	-0.014502803	0.80727065	-1.8392832e-17	0	416.5594
7.73000000000022e-11	0.58816254	-0.013585523	0.80735594	-1.8393804e-17	0	416.5594
7.740000000000221e-11	0.58805776	-0.012669942	0.8074435	-1.8394771e-17	0	416.5594
7.750000000000221e-11	0.58794814	-0.011756079	0.8075334	-1.8395737e-17	0	416.5594
7.760000000000222e-11	0.5878339	-0.010843955	0.8076256	-1.8396704e-17	0	416.5594
7.770000000000222e-11	0.5877151	-0.009933587	0.8077201	-1.839767e-17	0	416.5594
7.780000000000223e-11	0.5875915	-0.009024998	0.8078171	-1.8398621e-17	0	416.5594
7.790000000000223e-11	0.5874634	-0.0081182085	0.8079162	-1.8399587e-17	0	416.5594
7.800000000000224e-11	0.5873306	-0.007213235	0.8080177	-1.8400543e-17	0	416.5594
7.810000000000224e-11	0.5871933	-0.006310097	0.80812144	-1.8401496e-17	0	416.5594
7.820000000000225e-11	0.5870514	-0.0054088146	0.8082275	-1.840245e-17	0	416.5594
7.830000000000225e-11	0.5869049	-0.0045094066	0.80833584	-1.840341e-17	0	416.5594
7.840000000000226e-11	0.5867538	-0.0036118934	0.8084464	-1.8404358e-17	0	416.5594
7.850000000000226e-11	0.58659816	-0.0027162936	0.80855924	-1.8405303e-17	0	416.5594
7.860000000000227e-11	0.586438	-0.0018226262	0.80867445	-1.8406244e-17	0	416.5594
7.870000000000227e-11	0.5862733	-0.00093091	0.8087919	-1.8407196e-17	0	416.5594
7.880000000000228e-11	0.5861041	-4.1164923e-05	0.80891144	-1.8408142e-17	0	416.5594
7.890000000000228e-11	0.58593047	0.0008465921	0.8090333	-1.8409082e-17	0	416.5594
7.900000000000229e-11	0.58575237	0.0017323414	0.8091573	-1.8410023e-17	0	416.5594
7.910000000000229e-11	0.5855697	0.0026160632	0.80928373	-1.8410968e-17	0	416.5594
7.92000000000023e-11	0.5853826	0.0034977398	0.80941236	-1.8411892e-17	0	416.5594
7.93000000000023e-11	0.58519113	0.004377353	0.809543	-1.841283e-17	0	416.5594
7.94000000000023e-11	0.58499527	0.0052548833	0.80967605	-1.8413768e-17	0	416.5594
7.950000000000231e-11	0.5847948	0.0061303126	0.8098111	-1.8414706e-17	0	416.5594
7.960000000000232e-11	0.5845901	0.007003622	0.8099485	-1.8415631e-17	0	416.5594
7.970000000000232e-11	0.58438104	0.007874794	0.81008804	-1.8416563e-17	0	416.5594
7.980000000000232e-11	0.5841676	0.0087438105	0.8102297	-1.8417492e-17	0	416.5594
7.990000000000233e-11	0.5839497	0.009610653	0.81037354	-1.8418419e-17	0	416.5594
8.000000000000233e-11	0.5837276	0.010475302	0.8105196	-1.8419347e-17	0	416.5594
8.010000000000234e-11	0.5835011	0.011337742	0.8106678	-1.8420263e-17	0	416.5594
8.020000000000234e-11	0.5832703	0.012197955	0.8108181	-1.8421195e-17	0	416.5594
8.030000000000235e-11	0.58303523	0.013055919	0.81097054	-1.8422113e-17	0	416.5594
8.040000000000235e-11	0.5827958	0.01391162	0.811125	-1.8423038e-17	0	416.5594
8.050000000000236e-11	0.5825522	0.014765039	0.8112817	-1.842396e-17	0	416.5594
8.060000000000236e-11	0.5823043	0.01561616	0.81144047	-1.8424872e-17	0	416.5594
8.070000000000237e-11	0.58205223	0.016464962	0.8116014	-1.8425786e-17	0	416.5594
8.080000000000237e-11	0.58179593	0.017311428	0.81176436	-1.8426705e-17	0	416.5594
8.090000000000238e-11	0.58153534	0.018155545	0.8119295	-1.8427619e-17	0	416.5594
8.100000000000238e-11	0.58127064	0.01899729	0.81209666	-1.8428534e-17	0	416.5594
8.110000000000239e-11	0.58100176	0.01983665	0.8122659	-1.8429443e-17	0	416.5594
8.120000000000239e-11	0.5807138	0.020739317	0.81244606	-1.9075291e-17	0	411.89215
8.13000000000024e-11	0.58040625	0.021704974	0.81263745	-1.9076497e-17	0	411.89215
8.14000000000024e-11	0.5800936	0.022667792	0.8128313	-1.9077707e-17	0	411.89215
8.150000000000241e-11	0.579776	0.023627747	0.8130273	-1.9078916e-17	0	411.89215
8.160000000000241e-11	0.5794535	0.024584813	0.8132258	-1.9080124e-17	0	411.89215
8.170000000000242e-11	0.57912594	0.025538972	0.8134266	-1.908133e-17	0	411.89215
8.180000000000242e-11	0.57879347	0.0264902	0.81362987	-1.9082527e-17	0	411.89215
8.190000000000243e-11	0.5784561	0.027438484	0.8138353	-1.9083732e-17	0	411.89215
8.200000000000243e-11	0.57811385	0.028383788	0.81404305	-1.908493e-17	0	411.89215
8.210000000000244e-11	0.5777667	0.029326104	0.81425315	-1.9086132e-17	0	411.89215
8.220000000000244e-11	0.57741463	0.0302654	0.8144654	-1.908732e-17	0	411.89215
8.230000000000245e-11	0.57705784	0.03120166	0.8146801	-1.9088518e-17	0	411.89215
8.240000000000245e-11	0.57669616	0.03213487	0.814897	-1.908971e-17	0	411.89215
8.250000000000246e-11	0.5763296	0.033064995	0.81511605	-1.9090902e-17	0	411.89215
8.260000000000246e-11	0.5759584	0.033992022	0.81533754	-1.9092096e-17	0	411.89215
8.270000000000246e-11	0.5755824	0.034915924	0.8155611	-1.9093286e-17	0	411.89215
8.280000000000247e-11	0.5752015	0.035836693	0.815787	-1.9094473e-17	0	411.89215
8.290000000000247e-11	0.57481605	0.0367543	0.81601506	-1.9095661e-17	0	411.89215
8.300000000000248e-11	0.57442576	0.03766872	0.8162453	-1.9096846e-17	0	411.89215
8.310000000000248e-11	0.5740309	0.03857994	0.8164778	-1.909803e-17	0	411.89215
8.320000000000249e-11	0.5736313	0.039487943	0.81671244	-1.9099217e-17	0	411.89215
8.33000000000025e-11	0.57322705	0.040392693	0.8169491	-1.91004e-17	0	411.89215
8.34000000000025e-11	0.5728182	0.041294184	0.81718814	-1.9101582e-17	0	411.89215
8.35000000000025e-11	0.5724048	0.042192392	0.81742936	-1.9102765e-17	0	411.89215
8.360000000000251e-11	0.57198673	0.043087296	0.8176726	-1.9103941e-17	0	411.89215
8.370000000000251e-11	0.5715641	0.043978877	0.817918	-1.9105118e-17	0	411.89215
8.380000000000252e-11	0.57113695	0.04486712	0.81816554	-1.9106297e-17	0	411.89215
8.390000000000252e-11	0.57070524	0.04575199	0.81841505	-1.9107472e-17	0	411.89215
8.400000000000253e-11	0.57026905	0.04663348	0.81866676	-1.9108641e-17	0	411.89215
8.410000000000253e-11	0.56982833	0.04751157	0.8189206	-1.9109821e-17	0	411.89215
8.420000000000254e-11	0.5693832	0.04838624	0.81917644	-1.9110994e-17	0	411.89215
8.430000000000254e-11	0.5689336	0.04925746	0.8194344	-1.911216e-17	0	411.89215
8.440000000000255e-11	0.5684796	0.050125223	0.81969434	-1.9113327e-17	0	411.89215
8.450000000000255e-11	0.5680212	0.05098951	0.8199564	-1.91145e-17	0	411.89215
8.460000000000256e-11	0.56755847	0.051850297	0.8202205	-1.9115669e-17	0	411.89215
8.470000000000256e-11	0.5670912	0.052707557	0.82048655	-1.9116837e-17	0	411.89215
8.480000000000257e-11	0.56661975	0.053561293	0.82075465	-1.9118007e-17	0	411.89215
8.490000000000257e-11	0.5661439	0.054411456	0.8210247	-1.911917e-17	0	411.89215
8.500000000000258e-11	0.56566375	0.055258058	0.8212967	-1.9120328e-17	0	411.89215
8.510000000000258e-11	0.56517935	0.056101054	0.8215707	-1.9121497e-17	0	411.89215
8.520000000000259e-11	0.5646907	0.056940448	0.8218467	-1.912266e-17	0	411.89215
8.530000000000259e-11	0.5641978	0.057776205	0.82212454	-1.9123824e-17	0	411.89215
8.54000000000026e-11	0.5637007	0.058608316	0.8224044	-1.9124982e-17	0	411.89215
8.55000000000026e-11	0.5631994	0.059436753	0.8226862	-1.9126138e-17	0	411.89215
8.56000000000026e-11	0.56269395	0.06026151	0.8229699	-1.9127298e-17	0	411.89215
8.570000000000261e-11	0.5621844	0.061082557	0.8232555	-1.9128457e-17	0	411.89215
8.580000000000261e-11	0.5616706	0.061899886	0.8235429	-1.9129614e-17	0	411.89215
8.590000000000262e-11	0.56115276	0.062713474	0.8238324	-1.9130773e-17	0	411.89215
8.600000000000262e-11	0.56063086	0.06352329	0.8241235	-1.9131932e-17	0	411.89215
8.610000000000263e-11	0.56010485	0.06432935	0.82441664	-1.913308e-17	0	411.89215
8.620000000000263e-11	0.55957484	0.065131605	0.8247115	-1.9134236e-17	0	411.89215
8.630000000000264e-11	0.5590408	0.06593005	0.8250083	-1.913539e-17	0	411.89215
8.640000000000264e-11	0.55850273	0.066724665	0.82530683	-1.913654e-17	0	411.89215
8.650000000000265e-11	0.5579607	0.06751544	0.8256071	-1.9137702e-17	0	411.89215
8.660000000000265e-11	0.5574147	0.06830234	0.82590926	-1.913885e-17	0	411.89215
8.670000000000266e-11	0.55686486	0.06908536	0.8262132	-1.9139995e-17	0	411.89215
8.680000000000266e-11	0.55631113	0.06986449	0.8265189	-1.9141148e-17	0	411.89215
8.690000000000267e-11	0.5557534	0.0706397	0.82682633	-1.9142296e-17	0	411.89215
8.700000000000267e-11	0.5551919	0.07141097	0.82713544	-1.9143448e-17	0	411.89215
8.710000000000268e-11	0.55462646	0.0721783	0.82744646	-1.9144594e-17	0	411.89215
8.720000000000268e-11	0.5540573	0.07294166	0.82775915	-1.9145742e-17	0	411.89215
8.730000000000269e-11	0.5534843	0.07370104	0.82807344	-1.9146885e-17	0	411.89215
8.740000000000269e-11	0.5529076	0.07445641	0.8283895	-1.9148033e-17	0	411.89215
8.75000000000027e-11	0.5523271	0.07520777	0.82870716	-1.9149178e-17	0	411.89215
8.76000000000027e-11	0.55174285	0.0759551	0.8290266	-1.9150321e-17	0	411.89215
8.77000000000027e-11	0.551155	0.07669838	0.82934755	-1.9151466e-17	0	411.89215
8.780000000000271e-11	0.5505634	0.07743758	0.82967025	-1.9152611e-17	0	411.89215
8.790000000000272e-11	0.5499682	0.07817271	0.82999456	-1.9153751e-17	0	411.89215
8.800000000000272e-11	0.5493693	0.07890376	0.8303204	-1.9154894e-17	0	411.89215
8.810000000000273e-11	0.54876685	0.07963068	0.83064795	-1.915603e-17	0	411.89215
8.820000000000273e-11	0.5481608	0.08035348	0.830977	-1.9157169e-17	0	411.89215
8.830000000000273e-11	0.54755116	0.08107212	0.8313078	-1.9158314e-17	0	411.89215
8.840000000000274e-11	0.54693806	0.08178661	0.83163995	-1.915945e-17	0	411.89215
8.850000000000274e-11	0.5463214	0.08249693	0.8319738	-1.916059e-17	0	411.89215
8.860000000000275e-11	0.54570127	0.083203055	0.8323092	-1.9161725e-17	0	411.89215
8.870000000000275e-11	0.5450777	0.08390497	0.83264595	-1.9162868e-17	0	411.89215
8.880000000000276e-11	0.54445064	0.08460266	0.83298445	-1.9164003e-17	0	411.89215
8.890000000000276e-11	0.54382026	0.085296124	0.83332425	-1.9165141e-17	0	411.89215
8.900000000000277e-11	0.54318637	0.08598533	0.83366555	-1.916627e-17	0	411.89215
8.910000000000277e-11	0.5425492	0.08667028	0.8340084	-1.9167408e-17	0	411.89215
8.920000000000278e-11	0.5419086	0.08735095	0.83435273	-1.9168541e-17	0	411.89215
8.930000000000278e-11	0.54126483	0.088027306	0.8346984	-1.9169674e-17	0	411.89215
8.940000000000279e-11	0.5406176	0.08869937	0.8350455	-1.9170809e-17	0	411.89215
8.950000000000279e-11	0.5399673	0.0893671	0.83539414	-1.9171947e-17	0	411.89215
8.96000000000028e-11	0.5393136	0.0900305	0.83574414	-1.9173072e-17	0	411.89215
8.97000000000028e-11	0.5386568	0.09068954	0.8360955	-1.9174209e-17	0	411.89215
8.980000000000281e-11	0.5379967	0.09134422	0.83644825	-1.9175334e-17	0	411.89215
8.990000000000281e-11	0.5373335	0.09199451	0.8368024	-1.9176465e-17	0	411.89215
9.000000000000282e-11	0.5366671	0.092640415	0.83715785	-1.9177599e-17	0	411.89215
9.010000000000282e-11	0.5359977	0.09328191	0.83751464	-1.9178727e-17	0	411.89215
9.020000000000283e-11	0.53532505	0.09391897	0.8378728	-1.9179855e-17	0	411.89215
9.030000000000283e-11	0.5346495	0.09455161	0.8382323	-1.9180987e-17	0	411.89215
9.040000000000284e-11	0.5339707	0.095179796	0.838593	-1.9182108e-17	0	411.89215
9.050000000000284e-11	0.5332891	0.09580353	0.83895504	-1.9183238e-17	0	411.89215
9.060000000000285e-11	0.5326044	0.096422784	0.8393183	-1.918436e-17	0	411.89215
9.070000000000285e-11	0.5319168	0.097037554	0.83968294	-1.918549e-17	0	411.89215
9.080000000000286e-11	0.53122616	0.09764781	0.8400487	-1.918662e-17	0	411.89215
9.090000000000286e-11	0.53053266	0.098253556	0.84041566	-1.918774e-17	0	411.89215
9.100000000000287e-11	0.5298363	0.09885478	0.840784	-1.9188865e-17	0	411.89215
9.110000000000287e-11	0.5291371	0.09945147	0.84115344	-1.9189985e-17	0	411.89215
9.120000000000287e-11	0.52841187	0.10010158	0.84153175	-1.9854641e-17	0	407.4118
9.130000000000288e-11	0.5276601	0.100804694	0.841919	-1.9856039e-17	0	407.4118
9.140000000000288e-11	0.5269047	0.10150266	0.84230775	-1.985743e-17	0	407.4118
9.150000000000289e-11	0.5261459	0.102195464	0.8426979	-1.9858821e-17	0	407.4118
9.16000000000029e-11	0.5253836	0.10288307	0.84308946	-1.9860204e-17	0	407.4118
9.17000000000029e-11	0.52461785	0.10356549	0.84348243	-1.9861593e-17	0	407.4118
9.18000000000029e-11	0.52384865	0.10424269	0.8438767	-1.9862987e-17	0	407.4118
9.190000000000291e-11	0.52307606	0.10491466	0.8442725	-1.986437e-17	0	407.4118
9.200000000000291e-11	0.5223001	0.10558139	0.8446696	-1.9865765e-17	0	407.4118
9.210000000000292e-11	0.52152085	0.10624285	0.84506786	-1.9867151e-17	0	407.4118
9.220000000000292e-11	0.52073824	0.10689904	0.8454675	-1.9868539e-17	0	407.4118
9.230000000000293e-11	0.5199524	0.107549936	0.84586835	-1.9869924e-17	0	407.4118
9.240000000000293e-11	0.51916337	0.10819551	0.84627056	-1.9871299e-17	0	407.4118
9.250000000000294e-11	0.5183711	0.108835794	0.8466741	-1.9872687e-17	0	407.4118
9.260000000000294e-11	0.51757574	0.10947072	0.84707874	-1.9874071e-17	0	407.4118
9.270000000000295e-11	0.51677716	0.1101003	0.8474847	-1.9875451e-17	0	407.4118
9.280000000000295e-11	0.5159755	0.11072451	0.84789187	-1.9876832e-17	0	407.4118
9.290000000000296e-11	0.5151708	0.111343354	0.8483002	-1.9878212e-17	0	407.4118
9.300000000000296e-11	0.51436293	0.11195679	0.8487097	-1.9879592e-17	0	407.4118
9.310000000000297e-11	0.51355225	0.112564825	0.8491204	-1.9880968e-17	0	407.4118
9.320000000000297e-11	0.51273847	0.113167435	0.8495322	-1.9882345e-17	0	407.4118
9.330000000000298e-11	0.5119218	0.11376461	0.8499451	-1.9883725e-17	0	407.4118
9.340000000000298e-11	0.5111022	0.11435634	0.8503592	-1.9885098e-17	0	407.4118
9.350000000000299e-11	0.51027966	0.1149426	0.8507744	-1.9886476e-17	0	407.4118
9.360000000000299e-11	0.5094543	0.11552338	0.85119057	-1.9887852e-17	0	407.4118
9.3700000000003e-11	0.5086262	0.11609869	0.85160786	-1.9889224e-17	0	407.4118
9.3800000000003e-11	0.5077953	0.11666849	0.8520262	-1.9890602e-17	0	407.4118
9.3900000000003e-11	0.5069616	0.11723277	0.85244566	-1.9891968e-17	0	407.4118
9.400000000000301e-11	0.5061252	0.11779155	0.85286593	-1.989334e-17	0	407.4118
9.410000000000301e-11	0.50528616	0.11834478	0.85328734	-1.9894711e-17	0	407.4118
9.420000000000302e-11	0.5044445	0.118892446	0.8537097	-1.9896084e-17	0	407.4118
9.430000000000302e-11	0.5036002	0.11943456	0.8541331	-1.9897446e-17	0	407.4118
9.440000000000303e-11	0.5027532	0.1199711	0.8545573	-1.989882e-17	0	407.4118
9.450000000000303e-11	0.5019038	0.120502055	0.8549825	-1.9900187e-17	0	407.4118
9.460000000000304e-11	0.50105184	0.1210274	0.85540867	-1.990155e-17	0	407.4118
9.470000000000304e-11	0.5001974	0.12154715	0.8558357	-1.9902912e-17	0	407.4118
9.480000000000305e-11	0.49934053	0.12206128	0.8562635	-1.990428e-17	0	407.4118
9.490000000000305e-11	0.49848124	0.122569785	0.8566923	-1.990565e-17	0	407.4118
9.500000000000306e-11	0.49761957	0.123072654	0.85712194	-1.9907008e-17	0	407.4118
9.510000000000306e-11	0.4967556	0.12356986	0.85755235	-1.9908373e-17	0	407.4118
9.520000000000307e-11	0.49588928	0.12406141	0.8579835	-1.9909728e-17	0	407.4118
9.530000000000307e-11	0.4950207	0.124547295	0.85841554	-1.9911091e-17	0	407.4118
9.540000000000308e-11	0.4941498	0.1250275	0.85884845	-1.9912451e-17	0	407.4118
9.550000000000308e-11	0.4932768	0.12550199	0.859282	-1.9913801e-17	0	407.4118
9.560000000000309e-11	0.49240163	0.1259708	0.8597164	-1.9915172e-17	0	407.4118
9.570000000000309e-11	0.49152425	0.12643388	0.8601514	-1.9916517e-17	0	407.4118
9.58000000000031e-11	0.4906448	0.12689126	0.8605871	-1.9917876e-17	0	407.4118
9.59000000000031e-11	0.4897633	0.12734291	0.86102366	-1.991923e-17	0	407.4118
9.60000000000031e-11	0.48887974	0.12778881	0.8614608	-1.992058e-17	0	407.4118
9.610000000000311e-11	0.48799422	0.12822898	0.8618986	-1.9921937e-17	0	407.4118
9.620000000000312e-11	0.4871067	0.1286634	0.86233705	-1.9923289e-17	0	407.4118
9.630000000000312e-11	0.48621726	0.12909204	0.8627761	-1.9924637e-17	0	407.4118
9.640000000000313e-11	0.48532593	0.12951492	0.8632158	-1.9925992e-17	0	407.4118
9.650000000000313e-11	0.48443273	0.12993203	0.8636561	-1.9927345e-17	0	407.4118
9.660000000000314e-11	0.48353776	0.13034333	0.864097	-1.9928682e-17	0	407.4118
9.670000000000314e-11	0.48264092	0.13074887	0.8645384	-1.9930028e-17	0	407.4118
9.680000000000315e-11	0.4817424	0.13114858	0.86498034	-1.9931375e-17	0	407.4118
9.690000000000315e-11	0.4808421	0.1315425	0.86542284	-1.993272e-17	0	407.4118
9.700000000000315e-11	0.47994018	0.13193059	0.8658659	-1.9934065e-17	0	407.4118
9.710000000000316e-11	0.4790366	0.1323129	0.8663094	-1.9935405e-17	0	407.4118
9.720000000000316e-11	0.4781314	0.13268933	0.86675346	-1.993674e-17	0	407.4118
9.730000000000317e-11	0.47722465	0.13305995	0.86719775	-1.9938087e-17	0	407.4118
9.740000000000317e-11	0.47631633	0.13342473	0.86764264	-1.9939425e-17	0	407.4118
9.750000000000318e-11	0.47540656	0.13378365	0.8680879	-1.9940759e-17	0	407.4118
9.760000000000318e-11	0.47449523	0.13413674	0.86853373	-1.99421e-17	0	407.4118
9.770000000000319e-11	0.4735825	0.13448398	0.8689798	-1.9943435e-17	0	407.4118
9.780000000000319e-11	0.4726684	0.13482535	0.86942625	-1.994477e-17	0	407.4118
9.79000000000032e-11	0.4717529	0.13516083	0.86987317	-1.9946097e-17	0	407.4118
9.80000000000032e-11	0.47083616	0.13549046	0.8703204	-1.9947429e-17	0	407.4118
9.810000000000321e-11	0.46991807	0.13581422	0.87076783	-1.9948754e-17	0	407.4118
9.820000000000321e-11	0.46899873	0.13613208	0.8712156	-1.9950088e-17	0	407.4118
9.830000000000322e-11	0.46807817	0.13644408	0.87166375	-1.9951418e-17	0	407.4118
9.840000000000322e-11	0.46715644	0.13675016	0.87211215	-1.9952748e-17	0	407.4118
9.850000000000323e-11	0.4662336	0.13705038	0.87256074	-1.9954071e-17	0	407.4118
9.860000000000323e-11	0.46530965	0.13734469	0.8730097	-1.9955391e-17	0	407.4118
9.870000000000324e-11	0.46438462	0.13763309	0.87345874	-1.9956717e-17	0	407.4118
9.880000000000324e-11	0.46345854	0.13791561	0.87390804	-1.9958035e-17	0	407.4118
9.890000000000325e-11	0.46253145	0.1381922	0.8743576	-1.9959355e-17	0	407.4118
9.900000000000325e-11	0.4616034	0.1384629	0.8748072	-1.9960676e-17	0	407.4118
9.910000000000326e-11	0.46067446	0.1387277	0.8752571	-1.9961992e-17	0	407.4118
9.920000000000326e-11	0.45974463	0.13898656	0.87570703	-1.9963308e-17	0	407.4118
9.930000000000327e-11	0.45881397	0.1392395	0.87615705	-1.9964624e-17	0	407.4118
9.940000000000327e-11	0.45788243	0.13948658	0.8766073	-1.996593e-17	0	407.4118
9.950000000000328e-11	0.45695016	0.13972768	0.8770576	-1.9967247e-17	0	407.4118
9.960000000000328e-11	0.45601714	0.13996291	0.877508	-1.9968554e-17	0	407.4118
9.970000000000328e-11	0.45508343	0.1401922	0.87795836	-1.9969864e-17	0	407.4118
9.980000000000329e-11	0.45414904	0.14041555	0.87840885	-1.9971174e-17	0	407.4118
9.99000000000033e-11	0.45321405	0.140633	0.8788593	-1.9972474e-17	0	407.4118
1.000000000000033e-10	0.45227838	0.14084452	0.8793098	-1.9973776e-17	0	407.4118
1.001000000000033e-10	0.45134225	0.14105013	0.87976027	-1.9975087e-17	0	407.4118
1.0020000000000331e-10	0.45040557	0.14124982	0.88021064	-1.9976385e-17	0	407.4118
1.0030000000000331e-10	0.44946843	0.14144357	0.880661	-1.9977686e-17	0	407.4118
1.0040000000000332e-10	0.44853076	0.14163141	0.88111144	-1.997899e-17	0	407.4118
1.0050000000000332e-10	0.44759274	0.14181331	0.8815616	-1.9980278e-17	0	407.4118
1.0060000000000333e-10	0.44665435	0.14198932	0.88201183	-1.9981583e-17	0	407.4118
1.0070000000000333e-10	0.44571567	0.1421594	0.88246185	-1.9982874e-17	0	407.4118
1.0080000000000334e-10	0.4447766	0.14232357	0.8829119	-1.9984166e-17	0	407.4118
1.0090000000000334e-10	0.4438373	0.1424818	0.88336164	-1.9985453e-17	0	407.4118
1.0100000000000335e-10	0.44289786	0.14263415	0.88381124	-1.9986738e-17	0	407.4118
1.0110000000000335e-10	0.44195813	0.14278057	0.88426065	-1.9988022e-17	0	407.4118
1.0120000000000336e-10	0.44099134	0.14296871	0.88471574	-2.0687524e-17	0	403.11087
1.0130000000000336e-10	0.43999702	0.14319807	0.8851765	-2.0688985e-17	0	403.11087
1.0140000000000337e-10	0.43900204	0.14342088	0.8856373	-2.0690452e-17	0	403.11087
1.0150000000000337e-10	0.43800652	0.14363709	0.8860981	-2.0691925e-17	0	403.11087
1.0160000000000338e-10	0.43701047	0.14384674	0.8865587	-2.0693382e-17	0	403.11087
1.0170000000000338e-10	0.43601388	0.1440498	0.88701934	-2.0694836e-17	0	403.11087
1.0180000000000339e-10	0.43501678	0.14424628	0.8874799	-2.0696297e-17	0	403.11087
1.0190000000000339e-10	0.43401933	0.1444362	0.8879404	-2.0697758e-17	0	403.11087
1.020000000000034e-10	0.4330215	0.14461952	0.8884008	-2.069921e-17	0	403.11087
1.021000000000034e-10	0.4320233	0.14479628	0.8888609	-2.070066e-17	0	403.11087
1.022000000000034e-10	0.43102482	0.14496648	0.88932097	-2.0702114e-17	0	403.11087
1.0230000000000341e-10	0.4300261	0.14513011	0.8897808	-2.0703561e-17	0	403.11087
1.0240000000000342e-10	0.4290272	0.14528719	0.8902405	-2.0705006e-17	0	403.11087
1.0250000000000342e-10	0.4280281	0.14543767	0.8907	-2.0706455e-17	0	403.11087
1.0260000000000342e-10	0.42702892	0.14558163	0.8911592	-2.070789e-17	0	403.11087
1.0270000000000343e-10	0.42602968	0.14571899	0.89161825	-2.0709338e-17	0	403.11087
1.0280000000000343e-10	0.42503038	0.14584984	0.89207697	-2.0710768e-17	0	403.11087
1.0290000000000344e-10	0.42403108	0.14597413	0.89253545	-2.0712212e-17	0	403.11087
1.0300000000000344e-10	0.42303187	0.14609185	0.89299345	-2.0713643e-17	0	403.11087
1.0310000000000345e-10	0.42203274	0.14620306	0.8934513	-2.0715076e-17	0	403.11087
1.0320000000000345e-10	0.42103374	0.14630774	0.89390886	-2.0716504e-17	0	403.11087
1.0330000000000346e-10	0.42003495	0.14640588	0.89436597	-2.0717935e-17	0	403.11087
1.0340000000000346e-10	0.41903633	0.14649749	0.8948227	-2.0719359e-17	0	403.11087
1.0350000000000347e-10	0.418038	0.14658257	0.89527917	-2.0720782e-17	0	403.11087
1.0360000000000347e-10	0.41704	0.14666116	0.8957351	-2.0722201e-17	0	403.11087
1.0370000000000348e-10	0.41604233	0.14673322	0.89619064	-2.0723622e-17	0	403.11087
1.0380000000000348e-10	0.41504514	0.14679882	0.8966457	-2.0725033e-17	0	403.11087
1.0390000000000349e-10	0.4140483	0.14685789	0.8971004	-2.0726448e-17	0	403.11087
1.0400000000000349e-10	0.413052	0.14691049	0.8975546	-2.0727862e-17	0	403.11087
1.041000000000035e-10	0.41205624	0.1469566	0.8980082	-2.0729272e-17	0	403.11087
1.042000000000035e-10	0.41106096	0.14699624	0.89846134	-2.0730681e-17	0	403.11087
1.0430000000000351e-10	0.41006637	0.14702941	0.8989139	-2.0732084e-17	0	403.11087
1.0440000000000351e-10	0.4090724	0.14705615	0.899366	-2.0733484e-17	0	403.11087
1.0450000000000352e-10	0.40807915	0.14707643	0.8998174	-2.073489e-17	0	403.11087
1.0460000000000352e-10	0.40708664	0.14709026	0.90026844	-2.0736288e-17	0	403.11087
1.0470000000000353e-10	0.40609488	0.14709768	0.9007187	-2.0737688e-17	0	403.11087
1.0480000000000353e-10	0.405104	0.14709866	0.90116847	-2.0739069e-17	0	403.11087
1.0490000000000354e-10	0.40411398	0.14709325	0.9016176	-2.0740462e-17	0	403.11087
1.0500000000000354e-10	0.40312484	0.14708143	0.90206593	-2.0741852e-17	0	403.11087
1.0510000000000355e-10	0.40213665	0.14706324	0.9025137	-2.0743235e-17	0	403.11087
1.0520000000000355e-10	0.40114948	0.14703865	0.90296066	-2.0744616e-17	0	403.11087
1.0530000000000356e-10	0.4001633	0.1470077	0.903407	-2.0746e-17	0	403.11087
1.0540000000000356e-10	0.39917827	0.14697039	0.90385264	-2.0747384e-17	0	403.11087
1.0550000000000356e-10	0.39819434	0.14692673	0.9042975	-2.0748757e-17	0	403.11087
1.0560000000000357e-10	0.39721155	0.14687677	0.9047417	-2.0750123e-17	0	403.11087
1.0570000000000357e-10	0.39623	0.14682044	0.9051851	-2.0751495e-17	0	403.11087
1.0580000000000358e-10	0.39524966	0.14675783	0.9056276	-2.0752863e-17	0	403.11087
1.0590000000000358e-10	0.39427066	0.14668892	0.9060694	-2.0754231e-17	0	403.11087
1.0600000000000359e-10	0.3932929	0.14661373	0.9065105	-2.0755586e-17	0	403.11087
1.061000000000036e-10	0.39231664	0.14653225	0.9069505	-2.075695e-17	0	403.11087
1.062000000000036e-10	0.39134172	0.14644454	0.9073898	-2.0758304e-17	0	403.11087
1.063000000000036e-10	0.39036825	0.14635058	0.90782815	-2.0759658e-17	0	403.11087
1.0640000000000361e-10	0.3893963	0.14625038	0.90826565	-2.0761012e-17	0	403.11087
1.0650000000000361e-10	0.38842592	0.14614397	0.90870225	-2.0762364e-17	0	403.11087
1.0660000000000362e-10	0.38745704	0.14603136	0.90913796	-2.0763706e-17	0	403.11087
1.0670000000000362e-10	0.38648984	0.14591257	0.9095727	-2.0765046e-17	0	403.11087
1.0680000000000363e-10	0.38552433	0.14578763	0.9100065	-2.0766392e-17	0	403.11087
1.0690000000000363e-10	0.38456047	0.14565648	0.9104394	-2.0767729e-17	0	403.11087
1.0700000000000364e-10	0.3835984	0.14551923	0.91087127	-2.0769061e-17	0	403.11087
1.0710000000000364e-10	0.38263807	0.14537588	0.91130203	-2.0770391e-17	0	403.11087
1.0720000000000365e-10	0.3816796	0.14522639	0.9117319	-2.0771721e-17	0	403.11087
1.0730000000000365e-10	0.380723	0.14507082	0.91216075	-2.0773043e-17	0	403.11087
1.0740000000000366e-10	0.37976828	0.14490919	0.9125885	-2.0774373e-17	0	403.11087
1.0750000000000366e-10	0.3788155	0.14474148	0.9130152	-2.0775695e-17	0	403.11087
1.0760000000000367e-10	0.37786478	0.14456776	0.91344076	-2.0777013e-17	0	403.11087
1.0770000000000367e-10	0.37691605	0.144388	0.9138653	-2.0778322e-17	0	403.11087
1.0780000000000368e-10	0.37596938	0.14420225	0.91428876	-2.0779642e-17	0	403.11087
1.0790000000000368e-10	0.37502483	0.14401051	0.9147111	-2.0780944e-17	0	403.11087
1.0800000000000369e-10	0.37408245	0.14381282	0.9151323	-2.0782251e-17	0	403.11087
1.0810000000000369e-10	0.37314224	0.14360918	0.91555226	-2.0783561e-17	0	403.11087
1.082000000000037e-10	0.37220424	0.14339961	0.9159711	-2.0784853e-17	0	403.11087
1.083000000000037e-10	0.37126854	0.14318414	0.91638875	-2.0786147e-17	0	403.11087
1.084000000000037e-10	0.37033513	0.14296278	0.91680527	-2.0787443e-17	0	403.11087
1.0850000000000371e-10	0.36940408	0.14273557	0.91722053	-2.0788731e-17	0	403.11087
1.0860000000000371e-10	0.36847538	0.1425025	0.9176346	-2.0790018e-17	0	403.11087
1.0870000000000372e-10	0.36754915	0.14226359	0.91804737	-2.0791307e-17	0	403.11087
1.0880000000000372e-10	0.36662537	0.1420189	0.9184587	-2.0792588e-17	0	403.11087
1.0890000000000373e-10	0.36570412	0.14176843	0.9188691	-2.0793865e-17	0	403.11087
1.0900000000000373e-10	0.36478537	0.14151219	0.919278	-2.0795142e-17	0	403.11087
1.0910000000000374e-10	0.36386922	0.14125021	0.9196857	-2.079642e-17	0	403.11087
1.0920000000000374e-10	0.3629557	0.1409825	0.92009205	-2.0797683e-17	0	403.11087
1.0930000000000375e-10	0.3620448	0.14070912	0.92049706	-2.0798952e-17	0	403.11087
1.0940000000000375e-10	0.3611366	0.14043006	0.9209009	-2.080021e-17	0	403.11087
1.0950000000000376e-10	0.36023116	0.14014535	0.92130315	-2.080147e-17	0	403.11087
1.0960000000000376e-10	0.35932845	0.13985503	0.92170405	-2.0802724e-17	0	403.11087
1.0970000000000377e-10	0.35842857	0.13955908	0.9221037	-2.0803978e-17	0	403.11087
1.0980000000000377e-10	0.35753155	0.13925755	0.92250186	-2.080523e-17	0	403.11087
1.0990000000000378e-10	0.3566374	0.1389505	0.92289865	-2.0806474e-17	0	403.11087
1.1000000000000378e-10	0.35574615	0.1386379	0.923294	-2.0807722e-17	0	403.11087
1.1010000000000379e-10	0.35485792	0.1383198	0.92368793	-2.0808957e-17	0	403.11087
1.1020000000000379e-10	0.35397258	0.1379962	0.9240804	-2.0810197e-17	0	403.11087
1.103000000000038e-10	0.35309032	0.13766715	0.9244714	-2.0811429e-17	0	403.11087
1.104000000000038e-10	0.35221112	0.1373327	0.9248609	-2.0812662e-17	0	403.11087
1.105000000000038e-10	0.351335	0.13699281	0.9252489	-2.0813884e-17	0	403.11087
1.1060000000000381e-10	0.35046208	0.13664755	0.9256354	-2.081511e-17	0	403.11087
1.1070000000000382e-10	0.34959227	0.13629694	0.92602056	-2.0816328e-17	0	403.11087
1.1080000000000382e-10	0.34872568	0.13594101	0.92640394	-2.0817544e-17	0	403.11087
1.1090000000000383e-10	0.34786236	0.13557978	0.9267858	-2.0818761e-17	0	403.11087
1.1100000000000383e-10	0.34700227	0.13521329	0.9271662	-2.0819967e-17	0	403.11087
1.1110000000000383e-10	0.3461455	0.13484153	0.9275451	-2.0821173e-17	0	403.11087
1.1120000000000384e-10	0.34526768	0.13450164	0.92792606	-2.1554977e-17	0	398.98212
1.1130000000000384e-10	0.34436855	0.13419321	0.9283094	-2.1556232e-17	0	398.98212
1.1140000000000385e-10	0.34347254	0.13387899	0.92869127	-2.1557495e-17	0	398.98212
1.1150000000000385e-10	0.34257957	0.133559	0.92907166	-2.1558755e-17	0	398.98212
1.1160000000000386e-10	0.34168983	0.13323331	0.9294507	-2.156e-17	0	398.98212
1.1170000000000386e-10	0.34080333	0.1329019	0.92982805	-2.1561242e-17	0	398.98212
1.1180000000000387e-10	0.33991998	0.13256484	0.93020415	-2.1562476e-17	0	398.98212
1.1190000000000387e-10	0.33903992	0.13222213	0.93057853	-2.1563723e-17	0	398.98212
1.1200000000000388e-10	0.33816323	0.13187379	0.93095154	-2.1564954e-17	0	398.98212
1.1210000000000388e-10	0.3372899	0.13151987	0.931323	-2.1566197e-17	0	398.98212
1.1220000000000389e-10	0.33641997	0.1311604	0.9316929	-2.1567418e-17	0	398.98212
1.1230000000000389e-10	0.33555344	0.13079539	0.9320612	-2.1568639e-17	0	398.98212
1.124000000000039e-10	0.3346904	0.13042489	0.93242794	-2.156987e-17	0	398.98212
1.125000000000039e-10	0.33383083	0.13004893	0.9327931	-2.157108e-17	0	398.98212
1.1260000000000391e-10	0.33297488	0.12966752	0.93315667	-2.1572288e-17	0	398.98212
1.1270000000000391e-10	0.33212242	0.12928072	0.93351865	-2.1573509e-17	0	398.98212
1.1280000000000392e-10	0.33127365	0.12888853	0.9338791	-2.1574715e-17	0	398.98212
1.1290000000000392e-10	0.3304285	0.128491	0.9342377	-2.157592e-17	0	398.98212
1.1300000000000393e-10	0.32958707	0.12808816	0.93459487	-2.1577122e-17	0	398.98212
1.1310000000000393e-10	0.32874936	0.12768003	0.9349503	-2.1578315e-17	0	398.98212
1.1320000000000394e-10	0.32791537	0.12726666	0.9353039	-2.1579504e-17	0	398.98212
1.1330000000000394e-10	0.32708526	0.12684807	0.9356561	-2.158069e-17	0	398.98212
1.1340000000000395e-10	0.32625893	0.12642428	0.9360064	-2.1581878e-17	0	398.98212
1.1350000000000395e-10	0.32543647	0.12599537	0.9363552	-2.158306e-17	0	398.98212
1.1360000000000396e-10	0.32461795	0.1255613	0.93670213	-2.1584236e-17	0	398.98212
1.1370000000000396e-10	0.3238033	0.12512216	0.93704724	-2.1585412e-17	0	398.98212
1.1380000000000397e-10	0.32299268	0.124677986	0.93739074	-2.1586578e-17	0	398.98212
1.1390000000000397e-10	0.32218605	0.12422878	0.9377325	-2.1587748e-17	0	398.98212
1.1400000000000397e-10	0.32138348	0.1237746	0.93807244	-2.1588916e-17	0	398.98212
1.1410000000000398e-10	0.32058495	0.12331545	0.93841064	-2.159007e-17	0	398.98212
1.1420000000000398e-10	0.31979054	0.12285139	0.9387471	-2.159123e-17	0	398.98212
1.1430000000000399e-10	0.31900027	0.12238247	0.93908167	-2.1592392e-17	0	398.98212
1.14400000000004e-10	0.31821418	0.12190868	0.93941444	-2.1593532e-17	0	398.98212
1.14500000000004e-10	0.31743225	0.121430084	0.93974555	-2.1594672e-17	0	398.98212
1.14600000000004e-10	0.31665462	0.12094671	0.9400747	-2.1595823e-17	0	398.98212
1.1470000000000401e-10	0.31588122	0.120458595	0.94040203	-2.1596948e-17	0	398.98212
1.1480000000000401e-10	0.3151121	0.11996577	0.9407275	-2.1598088e-17	0	398.98212
1.1490000000000402e-10	0.31434736	0.119468294	0.941051	-2.1599226e-17	0	398.98212
1.1500000000000402e-10	0.31358695	0.11896618	0.9413729	-2.1600353e-17	0	398.98212
1.1510000000000403e-10	0.31283095	0.11845946	0.94169277	-2.1601478e-17	0	398.98212
1.1520000000000403e-10	0.31207937	0.11794819	0.94201076	-2.1602596e-17	0	398.98212
1.1530000000000404e-10	0.31133223	0.1174324	0.9423267	-2.1603704e-17	0	398.98212
1.1540000000000404e-10	0.31058955	0.11691213	0.94264096	-2.1604818e-17	0	398.98212
1.1550000000000405e-10	0.3098514	0.11638741	0.9429532	-2.1605923e-17	0	398.98212
1.1560000000000405e-10	0.3091178	0.11585827	0.94326353	-2.1607035e-17	0	398.98212
1.1570000000000406e-10	0.30838877	0.115324765	0.943572	-2.1608133e-17	0	398.98212
1.1580000000000406e-10	0.3076643	0.11478692	0.9438784	-2.1609225e-17	0	398.98212
1.1590000000000407e-10	0.3069445	0.1142448	0.94418293	-2.1610322e-17	0	398.98212
1.1600000000000407e-10	0.30622935	0.11369839	0.9444854	-2.1611412e-17	0	398.98212
1.1610000000000408e-10	0.3055188	0.113147795	0.94478613	-2.1612494e-17	0	398.98212
1.1620000000000408e-10	0.30481306	0.11259301	0.9450846	-2.161358e-17	0	398.98212
1.1630000000000409e-10	0.304112	0.11203408	0.9453813	-2.161466e-17	0	398.98212
1.1640000000000409e-10	0.30341572	0.11147104	0.94567585	-2.1615723e-17	0	398.98212
1.1650000000000407e-10	0.3027242	0.11090395	0.9459685	-2.1616802e-17	0	398.98212
1.1660000000000405e-10	0.3020375	0.11033284	0.9462591	-2.1617876e-17	0	398.98212
1.1670000000000403e-10	0.30135566	0.10975774	0.9465477	-2.1618931e-17	0	398.98212
1.16800000000004e-10	0.30067864	0.109178685	0.9468342	-2.1619997e-17	0	398.98212
1.1690000000000399e-10	0.30000654	0.108595744	0.94711876	-2.1621049e-17	0	398.98212
1.1700000000000396e-10	0.29933935	0.10800894	0.94740117	-2.1622107e-17	0	398.98212
1.1710000000000394e-10	0.2986771	0.10741831	0.94768167	-2.162315e-17	0	398.98212
1.1720000000000392e-10	0.2980198	0.1068239	0.94795996	-2.1624192e-17	0	398.98212
1.173000000000039e-10	0.29736748	0.106225744	0.94823635	-2.1625233e-17	0	398.98212
1.1740000000000388e-10	0.29672015	0.10562389	0.94851047	-2.1626268e-17	0	398.98212
1.1750000000000386e-10	0.29607788	0.105018385	0.9487827	-2.1627302e-17	0	398.98212
1.1760000000000384e-10	0.29544067	0.104409255	0.9490527	-2.1628336e-17	0	398.98212
1.1770000000000382e-10	0.29480848	0.10379655	0.9493208	-2.1629365e-17	0	398.98212
1.178000000000038e-10	0.29418147	0.103180304	0.9495866	-2.1630393e-17	0	398.98212
1.1790000000000378e-10	0.29355952	0.102560565	0.9498504	-2.1631403e-17	0	398.98212
1.1800000000000375e-10	0.29294273	0.10193739	0.95011204	-2.1632416e-17	0	398.98212
1.1810000000000373e-10	0.29233107	0.10131079	0.9503716	-2.1633432e-17	0	398.98212
1.182000000000037e-10	0.29172462	0.10068083	0.95062906	-2.163444e-17	0	398.98212
1.183000000000037e-10	0.29112333	0.10004754	0.9508843	-2.1635442e-17	0	398.98212
1.1840000000000367e-10	0.29052728	0.099410966	0.9511375	-2.1636441e-17	0	398.98212
1.1850000000000365e-10	0.28993648	0.098771155	0.9513885	-2.1637438e-17	0	398.98212
1.1860000000000363e-10	0.28935096	0.09812814	0.9516374	-2.1638428e-17	0	398.98212
1.187000000000036e-10	0.28877068	0.09748198	0.95188415	-2.163942e-17	0	398.98212
1.1880000000000359e-10	0.28819573	0.0968327	0.9521287	-2.16404e-17	0	398.98212
1.1890000000000357e-10	0.28762606	0.09618035	0.9523711	-2.1641387e-17	0	398.98212
1.1900000000000354e-10	0.28706175	0.09552498	0.9526113	-2.1642367e-17	0	398.98212
1.1910000000000352e-10	0.28650275	0.09486662	0.9528494	-2.164334e-17	0	398.98212
1.192000000000035e-10	0.28594914	0.09420532	0.9530853	-2.1644314e-17	0	398.98212
1.1930000000000348e-10	0.2854009	0.09354112	0.9533191	-2.1645277e-17	0	398.98212
1.1940000000000346e-10	0.28485808	0.09287406	0.9535505	-2.1646245e-17	0	398.98212
1.1950000000000344e-10	0.28432065	0.092204206	0.95377994	-2.1647206e-17	0	398.98212
1.1960000000000342e-10	0.28378865	0.09153157	0.954007	-2.164816e-17	0	398.98212
1.197000000000034e-10	0.2832621	0.09085622	0.95423204	-2.1649115e-17	0	398.98212
1.1980000000000338e-10	0.28274104	0.090178184	0.9544548	-2.1650063e-17	0	398.98212
1.1990000000000335e-10	0.2822254	0.08949752	0.95467526	-2.165101e-17	0	398.98212
1.2000000000000333e-10	0.28171527	0.08881426	0.9548937	-2.1651952e-17	0	398.98212
1.201000000000033e-10	0.28121066	0.08812845	0.9551098	-2.1652889e-17	0	398.98212
1.202000000000033e-10	0.28071156	0.08744013	0.9553237	-2.1653825e-17	0	398.98212
1.2030000000000327e-10	0.28021798	0.08674936	0.9555355	-2.1654763e-17	0	398.98212
1.2040000000000325e-10	0.27972993	0.08605617	0.95574486	-2.1655688e-17	0	398.98212
1.2050000000000323e-10	0.27924746	0.08536062	0.9559521	-2.165661e-17	0	398.98212
1.206000000000032e-10	0.27877054	0.08466273	0.9561572	-2.1657526e-17	0	398.98212
1.2070000000000319e-10	0.27829918	0.08396255	0.95636	-2.165845e-17	0	398.98212
1.2080000000000317e-10	0.27783346	0.08326015	0.9565605	-2.165936e-17	0	398.98212
1.2090000000000314e-10	0.27737328	0.08255555	0.9567589	-2.1660272e-17	0	398.98212
1.2100000000000312e-10	0.2769187	0.08184879	0.95695496	-2.166118e-17	0	398.98212
1.211000000000031e-10	0.27646977	0.08113994	0.9571488	-2.166208e-17	0	398.98212
1.2120000000000308e-10	0.27602646	0.08042902	0.9573405	-2.1662987e-17	0	398.98212
1.2130000000000306e-10	0.2755556	0.079776555	0.9575343	-2.241707e-17	0	394.9993
1.2140000000000304e-10	0.27509022	0.0791217	0.95772624	-2.24179e-17	0	394.9993
1.2150000000000302e-10	0.27463025	0.078464516	0.95791596	-2.2418739e-17	0	394.9993
1.21600000000003e-10	0.27417576	0.07780503	0.95810366	-2.241959e-17	0	394.9993
1.2170000000000298e-10	0.2737267	0.0771433	0.95828915	-2.2420421e-17	0	394.9993
1.2180000000000296e-10	0.27328315	0.07647935	0.9584726	-2.2421253e-17	0	394.9993
1.2190000000000293e-10	0.2728451	0.07581326	0.95865387	-2.242207e-17	0	394.9993
1.2200000000000291e-10	0.27241254	0.075145066	0.9588331	-2.242291e-17	0	394.9993
1.221000000000029e-10	0.27198547	0.07447479	0.9590102	-2.2423715e-17	0	394.9993
1.2220000000000287e-10	0.27156395	0.07380249	0.95918524	-2.2424536e-17	0	394.9993
1.2230000000000285e-10	0.27114794	0.07312821	0.9593581	-2.2425353e-17	0	394.9993
1.2240000000000283e-10	0.27073747	0.072451994	0.9595287	-2.242617e-17	0	394.9993
1.225000000000028e-10	0.27033255	0.071773894	0.95969737	-2.2426974e-17	0	394.9993
1.226000000000028e-10	0.2699332	0.071093954	0.9598639	-2.242779e-17	0	394.9993
1.2270000000000277e-10	0.26953942	0.07041221	0.9600282	-2.2428587e-17	0	394.9993
1.2280000000000275e-10	0.26915115	0.06972872	0.9601904	-2.242938e-17	0	394.9993
1.2290000000000272e-10	0.26876852	0.06904351	0.9603506	-2.2430175e-17	0	394.9993
1.230000000000027e-10	0.26839146	0.06835664	0.9605085	-2.2430964e-17	0	394.9993
1.2310000000000268e-10	0.26801997	0.067668155	0.9606643	-2.243176e-17	0	394.9993
1.2320000000000266e-10	0.2676541	0.0669781	0.96081805	-2.2432551e-17	0	394.9993
1.2330000000000264e-10	0.2672938	0.06628651	0.96096957	-2.243332e-17	0	394.9993
1.2340000000000262e-10	0.26693913	0.06559345	0.96111906	-2.2434111e-17	0	394.9993
1.235000000000026e-10	0.26659006	0.064898945	0.9612664	-2.2434882e-17	0	394.9993
1.2360000000000258e-10	0.2662466	0.064203046	0.9614115	-2.2435656e-17	0	394.9993
1.2370000000000256e-10	0.26590878	0.063505806	0.9615545	-2.2436425e-17	0	394.9993
1.2380000000000253e-10	0.26557654	0.06280726	0.96169555	-2.2437188e-17	0	394.9993
1.2390000000000251e-10	0.26524994	0.06210746	0.9618343	-2.2437959e-17	0	394.9993
1.240000000000025e-10	0.26492897	0.06140645	0.96197087	-2.2438723e-17	0	394.9993
1.2410000000000247e-10	0.26461363	0.060704265	0.96210545	-2.243948e-17	0	394.9993
1.2420000000000245e-10	0.26430392	0.060000964	0.96223783	-2.2440227e-17	0	394.9993
1.2430000000000243e-10	0.26399982	0.05929658	0.9623681	-2.2440993e-17	0	394.9993
1.244000000000024e-10	0.26370138	0.05859116	0.96249616	-2.2441734e-17	0	394.9993
1.245000000000024e-10	0.26340857	0.057884768	0.96262217	-2.2442475e-17	0	394.9993
1.2460000000000237e-10	0.2631214	0.057177424	0.9627461	-2.244322e-17	0	394.9993
1.2470000000000235e-10	0.26283985	0.05646918	0.9628678	-2.244397e-17	0	394.9993
1.2480000000000232e-10	0.2625639	0.055760086	0.9629874	-2.244469e-17	0	394.9993
1.249000000000023e-10	0.26229364	0.055050176	0.9631049	-2.2445425e-17	0	394.9993
1.2500000000000228e-10	0.262029	0.05433951	0.9632203	-2.2446165e-17	0	394.9993
1.2510000000000226e-10	0.26177	0.053628113	0.9633335	-2.2446888e-17	0	394.9993
1.2520000000000224e-10	0.2615166	0.05291605	0.96344465	-2.2447622e-17	0	394.9993
1.2530000000000222e-10	0.26126882	0.052203353	0.96355367	-2.2448342e-17	0	394.9993
1.254000000000022e-10	0.26102668	0.051490072	0.96366054	-2.2449058e-17	0	394.9993
1.2550000000000218e-10	0.26079014	0.05077624	0.9637652	-2.2449776e-17	0	394.9993
1.2560000000000216e-10	0.26055926	0.05006191	0.96386796	-2.2450484e-17	0	394.9993
1.2570000000000214e-10	0.26033396	0.049347125	0.9639686	-2.2451204e-17	0	394.9993
1.2580000000000211e-10	0.2601143	0.04863193	0.96406704	-2.2451912e-17	0	394.9993
1.259000000000021e-10	0.2599002	0.047916368	0.9641633	-2.2452617e-17	0	394.9993
1.2600000000000207e-10	0.25969175	0.04720048	0.9642576	-2.2453325e-17	0	394.9993
1.2610000000000205e-10	0.25948888	0.04648431	0.96434975	-2.2454016e-17	0	394.9993
1.2620000000000203e-10	0.2592916	0.045767903	0.9644397	-2.2454728e-17	0	394.9993
1.26300000000002e-10	0.25909987	0.0450513	0.9645277	-2.2455414e-17	0	394.9993
1.26400000000002e-10	0.25891376	0.04433455	0.9646136	-2.2456094e-17	0	394.9993
1.2650000000000197e-10	0.2587332	0.04361769	0.96469736	-2.2456787e-17	0	394.9993
1.2660000000000195e-10	0.2585582	0.042900767	0.96477896	-2.2457477e-17	0	394.9993
1.2670000000000193e-10	0.2583888	0.04218382	0.96485865	-2.245816e-17	0	394.9993
1.268000000000019e-10	0.2582249	0.041466895	0.96493614	-2.2458839e-17	0	394.9993
1.2690000000000188e-10	0.25806656	0.040750034	0.9650116	-2.2459519e-17	0	394.9993
1.2700000000000186e-10	0.25791377	0.040033277	0.96508497	-2.2460204e-17	0	394.9993
1.2710000000000184e-10	0.2577665	0.039316665	0.9651563	-2.2460874e-17	0	394.9993
1.2720000000000182e-10	0.25762472	0.038600247	0.9652256	-2.2461537e-17	0	394.9993
1.273000000000018e-10	0.2574885	0.037884064	0.9652928	-2.2462215e-17	0	394.9993
1.2740000000000178e-10	0.25735772	0.037168153	0.96535796	-2.2462867e-17	0	394.9993
1.2750000000000176e-10	0.25723243	0.036452558	0.9654211	-2.2463527e-17	0	394.9993
1.2760000000000174e-10	0.25711265	0.035737317	0.96548206	-2.2464196e-17	0	394.9993
1.2770000000000171e-10	0.25699836	0.03502248	0.9655412	-2.2464842e-17	0	394.9993
1.278000000000017e-10	0.25688946	0.03430808	0.9655981	-2.2465502e-17	0	394.9993
1.2790000000000167e-10	0.25678602	0.033594165	0.9656532	-2.2466156e-17	0	394.9993
1.2800000000000165e-10	0.25668806	0.032880772	0.965706	-2.2466803e-17	0	394.9993
1.2810000000000163e-10	0.2565955	0.032167938	0.9657569	-2.2467456e-17	0	394.9993
1.282000000000016e-10	0.25650832	0.031455714	0.9658058	-2.2468101e-17	0	394.9993
1.283000000000016e-10	0.25642657	0.030744132	0.9658527	-2.2468737e-17	0	394.9993
1.2840000000000157e-10	0.2563502	0.030033235	0.9658977	-2.2469375e-17	0	394.9993
1.2850000000000155e-10	0.25627917	0.029323068	0.9659404	-2.2470017e-17	0	394.9993
1.2860000000000153e-10	0.25621355	0.02861366	0.9659814	-2.2470653e-17	0	394.9993
1.287000000000015e-10	0.25615323	0.027905058	0.96602017	-2.247128e-17	0	394.9993
1.2880000000000148e-10	0.25609827	0.027197305	0.9660571	-2.2471915e-17	0	394.9993
1.2890000000000146e-10	0.2560486	0.026490431	0.96609205	-2.2472532e-17	0	394.9993
1.2900000000000144e-10	0.25600427	0.025784487	0.9661251	-2.2473164e-17	0	394.9993
1.2910000000000142e-10	0.25596517	0.025079504	0.96615607	-2.247379e-17	0	394.9993
1.292000000000014e-10	0.25593135	0.024375519	0.96618515	-2.2474408e-17	0	394.9993
1.2930000000000138e-10	0.25590283	0.023672579	0.9662122	-2.2475025e-17	0	394.9993
1.2940000000000136e-10	0.2558795	0.022970712	0.96623725	-2.2475639e-17	0	394.9993
1.2950000000000134e-10	0.2558614	0.022269966	0.96626055	-2.2476253e-17	0	394.9993
1.2960000000000132e-10	0.25584853	0.021570375	0.9662818	-2.2476863e-17	0	394.9993
1.297000000000013e-10	0.25584084	0.02087198	0.9663011	-2.2477482e-17	0	394.9993
1.2980000000000127e-10	0.25583833	0.020174814	0.9663185	-2.2478082e-17	0	394.9993
1.2990000000000125e-10	0.25584096	0.019478913	0.966334	-2.2478686e-17	0	394.9993
1.3000000000000123e-10	0.25584877	0.018784324	0.9663476	-2.247929e-17	0	394.9993
1.301000000000012e-10	0.25586164	0.018091075	0.9663593	-2.2479879e-17	0	394.9993
1.302000000000012e-10	0.25587967	0.017399205	0.9663691	-2.2480483e-17	0	394.9993
1.3030000000000117e-10	0.2559027	0.016708752	0.9663771	-2.2481075e-17	0	394.9993
1.3040000000000115e-10	0.25593087	0.016019754	0.966383	-2.2481674e-17	0	394.9993
1.3050000000000113e-10	0.25596404	0.015332244	0.9663873	-2.2482261e-17	0	394.9993
1.306000000000011e-10	0.25600228	0.01464626	0.96638954	-2.2482858e-17	0	394.9993
1.3070000000000108e-10	0.2560455	0.013961838	0.9663899	-2.2483439e-17	0	394.9993
1.3080000000000106e-10	0.25609368	0.01327901	0.96638846	-2.248402e-17	0	394.9993
1.3090000000000104e-10	0.25614688	0.012597818	0.9663853	-2.2484604e-17	0	394.9993
1.3100000000000102e-10	0.256205	0.011918291	0.9663801	-2.2485186e-17	0	394.9993
1.31100000000001e-10	0.25626802	0.0112404665	0.9663732	-2.2485762e-17	0	394.9993
1.3120000000000098e-10	0.256336	0.01056438	0.9663644	-2.2486344e-17	0	394.9993
1.3130000000000096e-10	0.25640112	0.00991908	0.9663556	-2.3230641e-17	0	391.17676
1.3140000000000094e-10	0.2564632	0.009304464	0.96634686	-2.323114e-17	0	391.17676
1.3150000000000092e-10	0.25652987	0.008691507	0.9663366	-2.3231617e-17	0	391.17676
1.316000000000009e-10	0.25660107	0.008080241	0.96632445	-2.323211e-17	0	391.17676
1.3170000000000087e-10	0.2566768	0.007470699	0.96631086	-2.323259e-17	0	391.17676
1.3180000000000085e-10	0.25675705	0.0068629123	0.9662956	-2.3233065e-17	0	391.17676
1.3190000000000083e-10	0.25684175	0.0062569147	0.96627873	-2.3233558e-17	0	391.17676
1.320000000000008e-10	0.25693098	0.005652737	0.9662602	-2.323403e-17	0	391.17676
1.321000000000008e-10	0.25702462	0.0050504096	0.96624017	-2.3234493e-17	0	391.17676
1.3220000000000077e-10	0.25712267	0.004449966	0.9662185	-2.323497e-17	0	391.17676
1.3230000000000075e-10	0.25722513	0.003851435	0.9661952	-2.3235457e-17	0	391.17676
1.3240000000000073e-10	0.25733194	0.0032548485	0.9661703	-2.323592e-17	0	391.17676
1.325000000000007e-10	0.25744316	0.0026602382	0.96614397	-2.323639e-17	0	391.17676
1.3260000000000068e-10	0.25755864	0.0020676325	0.966116	-2.3236863e-17	0	391.17676
1.3270000000000066e-10	0.2576785	0.0014770639	0.9660865	-2.3237325e-17	0	391.17676
1.3280000000000064e-10	0.2578026	0.0008885602	0.96605533	-2.3237791e-17	0	391.17676
1.3290000000000062e-10	0.25793093	0.00030215143	0.96602297	-2.3238255e-17	0	391.17676
1.330000000000006e-10	0.25806358	-0.00028213265	0.96598876	-2.3238716e-17	0	391.17676
1.3310000000000058e-10	0.2582004	-0.0008642632	0.9659531	-2.3239171e-17	0	391.17676
1.3320000000000056e-10	0.2583414	-0.0014442109	0.96591604	-2.3239633e-17	0	391.17676
1.3330000000000054e-10	0.25848657	-0.0020219474	0.96587735	-2.3240083e-17	0	391.17676
1.3340000000000052e-10	0.25863588	-0.0025974442	0.96583724	-2.3240534e-17	0	391.17676
1.335000000000005e-10	0.25878933	-0.003170674	0.96579564	-2.3240993e-17	0	391.17676
1.3360000000000047e-10	0.25894687	-0.0037416078	0.9657524	-2.3241436e-17	0	391.17676
1.3370000000000045e-10	0.25910848	-0.004310219	0.9657079	-2.3241888e-17	0	391.17676
1.3380000000000043e-10	0.2592741	-0.0048764795	0.965662	-2.324234e-17	0	391.17676
1.339000000000004e-10	0.25944373	-0.0054403627	0.9656145	-2.3242784e-17	0	391.17676
1.340000000000004e-10	0.2596174	-0.0060018417	0.96556556	-2.3243236e-17	0	391.17676
1.3410000000000037e-10	0.259795	-0.0065608895	0.9655152	-2.3243681e-17	0	391.17676
1.3420000000000035e-10	0.25997654	-0.0071174814	0.96546346	-2.324412e-17	0	391.17676
1.3430000000000033e-10	0.260162	-0.0076715895	0.9654103	-2.3244558e-17	0	391.17676
1.344000000000003e-10	0.26035136	-0.00822319	0.96535575	-2.3244994e-17	0	391.17676
1.3450000000000029e-10	0.26054454	-0.008772256	0.9652997	-2.3245438e-17	0	391.17676
1.3460000000000026e-10	0.2607416	-0.0093187615	0.9652425	-2.3245875e-17	0	391.17676
1.3470000000000024e-10	0.26094246	-0.009862684	0.96518373	-2.3246308e-17	0	391.17676
1.3480000000000022e-10	0.26114708	-0.010403998	0.9651236	-2.3246741e-17	0	391.17676
1.349000000000002e-10	0.26135546	-0.010942679	0.96506226	-2.324717e-17	0	391.17676
1.3500000000000018e-10	0.26156753	-0.011478703	0.96499944	-2.3247598e-17	0	391.17676
1.3510000000000016e-10	0.26178336	-0.012012043	0.9649353	-2.3248034e-17	0	391.17676
1.3520000000000014e-10	0.26200283	-0.012542684	0.96486986	-2.3248455e-17	0	391.17676
1.3530000000000012e-10	0.26222593	-0.013070592	0.96480304	-2.324889e-17	0	391.17676
1.354000000000001e-10	0.26245266	-0.0135957515	0.96473503	-2.3249307e-17	0	391.17676
1.3550000000000007e-10	0.262683	-0.014118137	0.96466565	-2.3249731e-17	0	391.17676
1.3560000000000005e-10	0.2629169	-0.014637726	0.964595	-2.3250156e-17	0	391.17676
1.3570000000000003e-10	0.2631543	-0.015154498	0.964523	-2.325058e-17	0	391.17676
1.358e-10	0.26339522	-0.01566843	0.96444976	-2.3250998e-17	0	391.17676
1.3594999999999998e-10	0.2637631	-0.016433954	0.9643376	-2.3251617e-17	0	391.17676
1.3604999999999996e-10	0.26401263	-0.016940692	0.96426135	-2.3252034e-17	0	391.17676
1.3614999999999994e-10	0.2642656	-0.017444516	0.9641837	-2.3252452e-17	0	391.17676
1.3624999999999992e-10	0.26452193	-0.017945405	0.96410495	-2.325286e-17	0	391.17676
1.363499999999999e-10	0.2647816	-0.018443335	0.9640249	-2.3253273e-17	0	391.17676
1.3644999999999988e-10	0.2650446	-0.018938294	0.96394366	-2.3253685e-17	0	391.17676
1.3654999999999985e-10	0.26531085	-0.019430257	0.9638613	-2.3254097e-17	0	391.17676
1.3664999999999983e-10	0.26558042	-0.019919204	0.96377766	-2.3254502e-17	0	391.17676
1.367499999999998e-10	0.26585317	-0.02040512	0.96369284	-2.3254902e-17	0	391.17676
1.368499999999998e-10	0.26612914	-0.020887982	0.96360695	-2.3255301e-17	0	391.17676
1.3694999999999977e-10	0.26640826	-0.021367772	0.9635198	-2.3255715e-17	0	391.17676
1.3704999999999975e-10	0.26669052	-0.021844473	0.96343166	-2.325612e-17	0	391.17676
1.3714999999999973e-10	0.26697594	-0.022318061	0.9633423	-2.3256517e-17	0	391.17676
1.372499999999997e-10	0.26726437	-0.02278853	0.96325177	-2.3256919e-17	0	391.17676
1.3734999999999969e-10	0.2675559	-0.023255853	0.96316016	-2.3257311e-17	0	391.17676
1.3744999999999966e-10	0.26785043	-0.023720015	0.9630675	-2.3257717e-17	0	391.17676
1.3754999999999964e-10	0.26814795	-0.024181003	0.9629737	-2.3258112e-17	0	391.17676
1.3764999999999962e-10	0.2684484	-0.024638792	0.9628787	-2.3258506e-17	0	391.17676
1.377499999999996e-10	0.26875183	-0.025093375	0.96278286	-2.3258901e-17	0	391.17676
1.3784999999999958e-10	0.26905817	-0.025544731	0.96268576	-2.3259293e-17	0	391.17676
1.3794999999999956e-10	0.26936734	-0.02599284	0.9625877	-2.3259687e-17	0	391.17676
1.3804999999999954e-10	0.26967937	-0.026437694	0.96248865	-2.3260067e-17	0	391.17676
1.3814999999999952e-10	0.26999417	-0.026879277	0.9623885	-2.326047e-17	0	391.17676
1.382499999999995e-10	0.2703118	-0.027317569	0.96228737	-2.3260853e-17	0	391.17676
1.3834999999999948e-10	0.27063212	-0.027752558	0.9621852	-2.3261232e-17	0	391.17676
1.3844999999999945e-10	0.2709552	-0.028184231	0.962082	-2.3261622e-17	0	391.17676
1.3854999999999943e-10	0.27128097	-0.028612573	0.96197784	-2.326201e-17	0	391.17676
1.386499999999994e-10	0.27160937	-0.029037567	0.9618727	-2.3262388e-17	0	391.17676
1.387499999999994e-10	0.2719404	-0.029459206	0.9617666	-2.326277e-17	0	391.17676
1.3884999999999937e-10	0.27227402	-0.02987747	0.9616596	-2.3263148e-17	0	391.17676
1.3894999999999935e-10	0.2726102	-0.030292349	0.96155155	-2.3263537e-17	0	391.17676
1.3904999999999933e-10	0.27294895	-0.030703833	0.96144265	-2.3263909e-17	0	391.17676
1.391499999999993e-10	0.2732902	-0.0311119	0.9613328	-2.326429e-17	0	391.17676
1.3924999999999929e-10	0.27363384	-0.031516552	0.96122205	-2.3264657e-17	0	391.17676
1.3934999999999927e-10	0.27397996	-0.031917766	0.9611104	-2.3265037e-17	0	391.17676
1.3944999999999924e-10	0.2743285	-0.032315534	0.9609978	-2.3265416e-17	0	391.17676
1.3954999999999922e-10	0.27467942	-0.032709844	0.96088433	-2.3265782e-17	0	391.17676
1.396499999999992e-10	0.27503267	-0.033100687	0.96077013	-2.3266154e-17	0	391.17676
1.3974999999999918e-10	0.27538824	-0.033488054	0.9606549	-2.326652e-17	0	391.17676
1.3984999999999916e-10	0.27574605	-0.033871926	0.96053886	-2.3266898e-17	0	391.17676
1.3994999999999914e-10	0.27610618	-0.034252297	0.96042204	-2.326726e-17	0	391.17676
1.4004999999999912e-10	0.2764685	-0.034629166	0.96030444	-2.3267626e-17	0	391.17676
1.401499999999991e-10	0.27683297	-0.03500251	0.9601859	-2.3268e-17	0	391.17676
1.4024999999999908e-10	0.27719966	-0.035372324	0.9600667	-2.3268359e-17	0	391.17676
1.4034999999999906e-10	0.27756846	-0.035738602	0.9599464	-2.3268716e-17	0	391.17676
1.4044999999999903e-10	0.27793932	-0.036101326	0.95982563	-2.3269085e-17	0	391.17676
1.4054999999999901e-10	0.27831227	-0.036460504	0.959704	-2.3269444e-17	0	391.17676
1.40649999999999e-10	0.27868724	-0.036816113	0.9595816	-2.3269808e-17	0	391.17676
1.4074999999999897e-10	0.27906424	-0.037168153	0.9594584	-2.3270176e-17	0	391.17676
1.4084999999999895e-10	0.27944314	-0.03751661	0.9593345	-2.3270528e-17	0	391.17676
1.4094999999999893e-10	0.27982408	-0.03786148	0.9592098	-2.3270885e-17	0	391.17676
1.410499999999989e-10	0.28020683	-0.038202755	0.95908445	-2.3271236e-17	0	391.17676
1.4114999999999889e-10	0.2805915	-0.038540434	0.95895845	-2.32716e-17	0	391.17676
1.4124999999999887e-10	0.28097802	-0.038874503	0.9588318	-2.3271949e-17	0	391.17676
1.4134999999999884e-10	0.28136376	-0.03917332	0.95870626	-2.3986307e-17	0	387.508
1.4144999999999882e-10	0.2817484	-0.03943693	0.95858234	-2.3986607e-17	0	387.508
1.415499999999988e-10	0.28213435	-0.03969699	0.95845807	-2.3986918e-17	0	387.508
1.4164999999999878e-10	0.28252158	-0.0399535	0.95833313	-2.3987212e-17	0	387.508
1.4174999999999876e-10	0.28291005	-0.040206455	0.95820785	-2.3987518e-17	0	387.508
1.4184999999999874e-10	0.28329977	-0.040455848	0.9580819	-2.3987826e-17	0	387.508
1.4194999999999872e-10	0.2836907	-0.040701687	0.9579557	-2.3988124e-17	0	387.508
1.420499999999987e-10	0.2840827	-0.040943965	0.95782894	-2.3988416e-17	0	387.508
1.4214999999999868e-10	0.28447592	-0.04118268	0.9577018	-2.398872e-17	0	387.508
1.4224999999999866e-10	0.2848702	-0.041417822	0.9575742	-2.3989025e-17	0	387.508
1.4234999999999863e-10	0.28526556	-0.04164941	0.95744634	-2.3989313e-17	0	387.508
1.4244999999999861e-10	0.285662	-0.04187743	0.95731777	-2.3989614e-17	0	387.508
1.425499999999986e-10	0.28605944	-0.042101886	0.9571891	-2.3989905e-17	0	387.508
1.4264999999999857e-10	0.28645778	-0.042322777	0.95706	-2.39902e-17	0	387.508
1.4274999999999855e-10	0.2868572	-0.042540103	0.95693034	-2.39905e-17	0	387.508
1.4284999999999853e-10	0.28725737	-0.042753868	0.9568005	-2.3990789e-17	0	387.508
1.429499999999985e-10	0.28765857	-0.042964064	0.95667017	-2.3991077e-17	0	387.508
1.430499999999985e-10	0.2880606	-0.043170698	0.95653963	-2.3991366e-17	0	387.508
1.4314999999999847e-10	0.28846344	-0.04337377	0.95640874	-2.399166e-17	0	387.508
1.4324999999999845e-10	0.28886712	-0.043573286	0.9562775	-2.3991942e-17	0	387.508
1.4334999999999842e-10	0.28927156	-0.043769248	0.95614576	-2.3992236e-17	0	387.508
1.434499999999984e-10	0.28967673	-0.043961648	0.956014	-2.3992518e-17	0	387.508
1.4354999999999838e-10	0.2900826	-0.04415049	0.95588183	-2.3992805e-17	0	387.508
1.4364999999999836e-10	0.2904892	-0.044335786	0.95574933	-2.3993088e-17	0	387.508
1.4374999999999834e-10	0.29089645	-0.04451753	0.95561665	-2.399337e-17	0	387.508
1.4384999999999832e-10	0.29130426	-0.044695728	0.9554837	-2.3993648e-17	0	387.508
1.439499999999983e-10	0.29171276	-0.044870384	0.95535046	-2.3993944e-17	0	387.508
1.4404999999999828e-10	0.29212174	-0.045041494	0.95521694	-2.3994223e-17	0	387.508
1.4414999999999826e-10	0.2925313	-0.04520907	0.9550832	-2.3994506e-17	0	387.508
1.4424999999999824e-10	0.2929414	-0.045373112	0.9549494	-2.3994784e-17	0	387.508
1.4434999999999821e-10	0.29335195	-0.045533624	0.95481515	-2.3995069e-17	0	387.508
1.444499999999982e-10	0.29376298	-0.04569061	0.9546808	-2.3995342e-17	0	387.508
1.4454999999999817e-10	0.29417443	-0.045844078	0.9545462	-2.3995613e-17	0	387.508
1.4464999999999815e-10	0.29458624	-0.04599403	0.9544114	-2.3995891e-17	0	387.508
1.4474999999999813e-10	0.2949985	-0.046140462	0.95427656	-2.3996164e-17	0	387.508
1.448499999999981e-10	0.29541102	-0.046283398	0.95414144	-2.3996435e-17	0	387.508
1.449499999999981e-10	0.29582387	-0.046422824	0.9540062	-2.3996715e-17	0	387.508
1.4504999999999807e-10	0.29623705	-0.04655876	0.9538709	-2.3996991e-17	0	387.508
1.4514999999999805e-10	0.29665047	-0.0466912	0.9537354	-2.3997256e-17	0	387.508
1.4524999999999803e-10	0.2970641	-0.046820156	0.9535997	-2.3997537e-17	0	387.508
1.45349999999998e-10	0.29747796	-0.04694564	0.953464	-2.3997798e-17	0	387.508
1.4544999999999798e-10	0.29789197	-0.04706765	0.95332813	-2.3998068e-17	0	387.508
1.4554999999999796e-10	0.29830617	-0.047186185	0.9531922	-2.3998334e-17	0	387.508
1.4564999999999794e-10	0.29872048	-0.047301263	0.9530561	-2.3998609e-17	0	387.508
1.4574999999999792e-10	0.29913488	-0.04741289	0.9529199	-2.399887e-17	0	387.508
1.458499999999979e-10	0.2995493	-0.047521077	0.95278364	-2.3999132e-17	0	387.508
1.4594999999999788e-10	0.29996383	-0.04762582	0.95264745	-2.3999398e-17	0	387.508
1.4604999999999786e-10	0.30037835	-0.047727127	0.95251113	-2.3999656e-17	0	387.508
1.4614999999999784e-10	0.3007928	-0.047825016	0.9523747	-2.3999924e-17	0	387.508
1.4624999999999781e-10	0.30120727	-0.04791949	0.9522384	-2.400019e-17	0	387.508
1.463499999999978e-10	0.30162168	-0.048010554	0.95210195	-2.4000444e-17	0	387.508
1.4644999999999777e-10	0.302036	-0.048098218	0.95196545	-2.4000705e-17	0	387.508
1.4654999999999775e-10	0.30245018	-0.04818249	0.951829	-2.4000961e-17	0	387.508
1.4664999999999773e-10	0.3028642	-0.04826338	0.95169264	-2.4001226e-17	0	387.508
1.467499999999977e-10	0.30327806	-0.048340898	0.9515561	-2.4001481e-17	0	387.508
1.468499999999977e-10	0.30369174	-0.04841505	0.9514197	-2.4001739e-17	0	387.508
1.4694999999999767e-10	0.3041052	-0.04848584	0.9512832	-2.4001995e-17	0	387.508
1.4704999999999765e-10	0.3045184	-0.048553288	0.951147	-2.4002254e-17	0	387.508
1.4714999999999763e-10	0.30493134	-0.0486174	0.9510106	-2.4002505e-17	0	387.508
1.472499999999976e-10	0.30534393	-0.048678182	0.9508744	-2.4002748e-17	0	387.508
1.4734999999999758e-10	0.30575627	-0.048735645	0.9507382	-2.4003011e-17	0	387.508
1.4744999999999756e-10	0.30616823	-0.048789803	0.95060205	-2.4003261e-17	0	387.508
1.4754999999999754e-10	0.30657983	-0.048840664	0.950466	-2.4003509e-17	0	387.508
1.4764999999999752e-10	0.30699104	-0.048888233	0.9503301	-2.4003754e-17	0	387.508
1.477499999999975e-10	0.3074018	-0.048932526	0.9501942	-2.4004007e-17	0	387.508
1.4784999999999748e-10	0.30781215	-0.048973553	0.9500584	-2.4004254e-17	0	387.508
1.4794999999999746e-10	0.308222	-0.049011327	0.9499229	-2.4004508e-17	0	387.508
1.4804999999999744e-10	0.3086314	-0.049045853	0.9497873	-2.4004748e-17	0	387.508
1.4814999999999742e-10	0.30904022	-0.049077142	0.94965196	-2.4004995e-17	0	387.508
1.482499999999974e-10	0.3094485	-0.049105212	0.9495168	-2.4005241e-17	0	387.508
1.4834999999999737e-10	0.30985627	-0.04913007	0.9493816	-2.4005484e-17	0	387.508
1.4844999999999735e-10	0.3102634	-0.04915173	0.94924664	-2.4005724e-17	0	387.508
1.4854999999999733e-10	0.31066993	-0.049170207	0.9491119	-2.4005964e-17	0	387.508
1.486499999999973e-10	0.31107584	-0.0491855	0.9489773	-2.4006204e-17	0	387.508
1.487499999999973e-10	0.31148106	-0.04919763	0.948843	-2.4006456e-17	0	387.508
1.4884999999999727e-10	0.31188563	-0.049206607	0.9487087	-2.4006689e-17	0	387.508
1.4894999999999725e-10	0.31228945	-0.049212452	0.9485747	-2.4006916e-17	0	387.508
1.4904999999999723e-10	0.31269258	-0.049215164	0.9484408	-2.4007165e-17	0	387.508
1.491499999999972e-10	0.31309497	-0.049214765	0.9483072	-2.40074e-17	0	387.508
1.4924999999999718e-10	0.31349656	-0.049211264	0.9481739	-2.400764e-17	0	387.508
1.4934999999999716e-10	0.31389737	-0.04920467	0.94804066	-2.4007872e-17	0	387.508
1.4944999999999714e-10	0.31429735	-0.049195006	0.94790775	-2.400811e-17	0	387.508
1.4954999999999712e-10	0.3146965	-0.04918228	0.94777507	-2.400834e-17	0	387.508
1.496499999999971e-10	0.3150948	-0.049166508	0.9476426	-2.4008581e-17	0	387.508
1.4974999999999708e-10	0.3154922	-0.049147695	0.9475104	-2.4008803e-17	0	387.508
1.4984999999999706e-10	0.3158887	-0.049125858	0.9473786	-2.400903e-17	0	387.508
1.4994999999999704e-10	0.3162843	-0.049101017	0.9472469	-2.4009265e-17	0	387.508
1.5004999999999702e-10	0.3166789	-0.04907318	0.9471156	-2.4009488e-17	0	387.508
1.50149999999997e-10	0.31707257	-0.049042366	0.9469845	-2.4009716e-17	0	387.508
1.5024999999999697e-10	0.31746525	-0.04900858	0.9468538	-2.4009943e-17	0	387.508
1.5034999999999695e-10	0.3178569	-0.048971847	0.94672334	-2.4010173e-17	0	387.508
1.5044999999999693e-10	0.31824756	-0.048932176	0.94659317	-2.40104e-17	0	387.508
1.505499999999969e-10	0.31863713	-0.04888959	0.94646335	-2.4010628e-17	0	387.508
1.506499999999969e-10	0.31902567	-0.04884408	0.9463339	-2.4010855e-17	0	387.508
1.5074999999999687e-10	0.31941307	-0.048795685	0.94620466	-2.4011071e-17	0	387.508
1.5084999999999685e-10	0.3197994	-0.04874441	0.9460758	-2.4011303e-17	0	387.508
1.5094999999999683e-10	0.32018456	-0.04869027	0.9459474	-2.4011523e-17	0	387.508
1.510499999999968e-10	0.3205686	-0.048633277	0.9458192	-2.4011733e-17	0	387.508
1.5114999999999678e-10	0.32095146	-0.048573457	0.9456915	-2.4011961e-17	0	387.508
1.5124999999999676e-10	0.32133314	-0.04851082	0.94556415	-2.4012178e-17	0	387.508
1.5134999999999674e-10	0.32171363	-0.048445374	0.9454371	-2.4012391e-17	0	387.508
1.5144999999999672e-10	0.32208812	-0.048308313	0.9453156	-2.4690956e-17	0	383.98688
1.515499999999967e-10	0.3224607	-0.048168585	0.9451947	-2.469119e-17	0	383.98688
1.5164999999999668e-10	0.32283154	-0.048026215	0.94507444	-2.4691414e-17	0	383.98688
1.5174999999999666e-10	0.32320055	-0.047881223	0.9449545	-2.4691646e-17	0	383.98688
1.5184999999999664e-10	0.3235676	-0.047733627	0.9448354	-2.4691867e-17	0	383.98688
1.5194999999999662e-10	0.32393286	-0.047583446	0.9447168	-2.469209e-17	0	383.98688
1.520499999999966e-10	0.32429615	-0.04743071	0.9445988	-2.4692312e-17	0	383.98688
1.5214999999999657e-10	0.32465753	-0.04727543	0.94448143	-2.4692537e-17	0	383.98688
1.5224999999999655e-10	0.325017	-0.047117636	0.9443646	-2.469276e-17	0	383.98688
1.5234999999999653e-10	0.32537454	-0.046957348	0.94424844	-2.469299e-17	0	383.98688
1.524499999999965e-10	0.3257301	-0.04679457	0.94413286	-2.4693212e-17	0	383.98688
1.525499999999965e-10	0.32608363	-0.046629343	0.944018	-2.4693424e-17	0	383.98688
1.5264999999999647e-10	0.32643524	-0.04646168	0.9439036	-2.4693647e-17	0	383.98688
1.5274999999999645e-10	0.3267848	-0.0462916	0.9437901	-2.469387e-17	0	383.98688
1.5284999999999643e-10	0.32713234	-0.04611913	0.94367707	-2.469409e-17	0	383.98688
1.529499999999964e-10	0.32747787	-0.045944292	0.9435646	-2.46943e-17	0	383.98688
1.5304999999999639e-10	0.3278213	-0.0457671	0.9434529	-2.4694513e-17	0	383.98688
1.5314999999999636e-10	0.32816273	-0.045587584	0.94334185	-2.4694724e-17	0	383.98688
1.5324999999999634e-10	0.32850206	-0.045405753	0.9432316	-2.4694948e-17	0	383.98688
1.5334999999999632e-10	0.32883924	-0.04522164	0.9431218	-2.4695145e-17	0	383.98688
1.534499999999963e-10	0.32917437	-0.045035265	0.94301265	-2.4695368e-17	0	383.98688
1.5354999999999628e-10	0.32950735	-0.044846646	0.94290435	-2.4695581e-17	0	383.98688
1.5364999999999626e-10	0.32983822	-0.044655804	0.9427967	-2.469578e-17	0	383.98688
1.5374999999999624e-10	0.33016694	-0.04446276	0.9426897	-2.4695997e-17	0	383.98688
1.5384999999999622e-10	0.33049354	-0.044267546	0.9425832	-2.4696202e-17	0	383.98688
1.539499999999962e-10	0.33081788	-0.044070177	0.9424777	-2.4696414e-17	0	383.98688
1.5404999999999617e-10	0.3311401	-0.04387067	0.9423728	-2.4696617e-17	0	383.98688
1.5414999999999615e-10	0.33146012	-0.04366905	0.94226855	-2.4696822e-17	0	383.98688
1.5424999999999613e-10	0.33177793	-0.04346534	0.942165	-2.4697029e-17	0	383.98688
1.543499999999961e-10	0.33209348	-0.04325956	0.94206226	-2.469723e-17	0	383.98688
1.544499999999961e-10	0.33240685	-0.04305173	0.94196016	-2.4697428e-17	0	383.98688
1.5454999999999607e-10	0.33271796	-0.04284189	0.94185877	-2.4697638e-17	0	383.98688
1.5464999999999605e-10	0.33302683	-0.04263003	0.9417583	-2.469784e-17	0	383.98688
1.5474999999999603e-10	0.3333334	-0.042416204	0.9416583	-2.4698036e-17	0	383.98688
1.54849999999996e-10	0.3336377	-0.042200416	0.94155914	-2.4698235e-17	0	383.98688
1.5494999999999599e-10	0.33393976	-0.041982688	0.9414607	-2.4698427e-17	0	383.98688
1.5504999999999596e-10	0.3342395	-0.041763052	0.94136304	-2.469863e-17	0	383.98688
1.5514999999999594e-10	0.33453694	-0.041541517	0.941266	-2.4698832e-17	0	383.98688
1.5524999999999592e-10	0.33483207	-0.04131812	0.94116986	-2.4699014e-17	0	383.98688
1.553499999999959e-10	0.33512485	-0.041092865	0.9410745	-2.469922e-17	0	383.98688
1.5544999999999588e-10	0.33541533	-0.040865794	0.94097984	-2.4699418e-17	0	383.98688
1.5554999999999586e-10	0.33570343	-0.040636912	0.9408859	-2.4699602e-17	0	383.98688
1.5564999999999584e-10	0.33598918	-0.04040626	0.9407927	-2.4699805e-17	0	383.98688
1.5574999999999582e-10	0.3362726	-0.04017384	0.9407003	-2.4699989e-17	0	383.98688
1.558499999999958e-10	0.33655366	-0.039939694	0.9406086	-2.4700172e-17	0	383.98688
1.5594999999999578e-10	0.3368323	-0.039703827	0.94051784	-2.4700358e-17	0	383.98688
1.5604999999999575e-10	0.3371086	-0.039466273	0.9404277	-2.470056e-17	0	383.98688
1.5614999999999573e-10	0.33738244	-0.039227046	0.9403385	-2.4700733e-17	0	383.98688
1.562499999999957e-10	0.33765393	-0.03898617	0.94025	-2.4700927e-17	0	383.98688
1.563499999999957e-10	0.33792296	-0.03874367	0.94016224	-2.4701112e-17	0	383.98688
1.5644999999999567e-10	0.33818957	-0.038499575	0.9400752	-2.4701299e-17	0	383.98688
1.5654999999999565e-10	0.33845383	-0.038253896	0.9399892	-2.4701478e-17	0	383.98688
1.5664999999999563e-10	0.33871555	-0.038006656	0.9399038	-2.4701663e-17	0	383.98688
1.567499999999956e-10	0.33897495	-0.037757885	0.93981934	-2.4701846e-17	0	383.98688
1.5684999999999559e-10	0.33923185	-0.0375076	0.93973553	-2.4702032e-17	0	383.98688
1.5694999999999557e-10	0.33948627	-0.037255824	0.9396526	-2.4702217e-17	0	383.98688
1.5704999999999554e-10	0.3397382	-0.037002586	0.9395705	-2.4702397e-17	0	383.98688
1.5714999999999552e-10	0.33998773	-0.036747895	0.9394892	-2.4702573e-17	0	383.98688
1.572499999999955e-10	0.34023476	-0.03649178	0.93940866	-2.4702756e-17	0	383.98688
1.5734999999999548e-10	0.34047925	-0.036234267	0.9393289	-2.4702922e-17	0	383.98688
1.5744999999999546e-10	0.34072137	-0.03597538	0.93924993	-2.4703102e-17	0	383.98688
1.5754999999999544e-10	0.34096092	-0.03571513	0.9391719	-2.4703273e-17	0	383.98688
1.5764999999999542e-10	0.341198	-0.035453547	0.93909466	-2.4703456e-17	0	383.98688
1.577499999999954e-10	0.3414326	-0.035190657	0.9390183	-2.4703628e-17	0	383.98688
1.5784999999999538e-10	0.34166464	-0.034926474	0.93894255	-2.4703799e-17	0	383.98688
1.5794999999999535e-10	0.34189418	-0.034661025	0.9388678	-2.4703979e-17	0	383.98688
1.5804999999999533e-10	0.34212124	-0.034394328	0.9387939	-2.4704148e-17	0	383.98688
1.581499999999953e-10	0.34234574	-0.034126405	0.93872076	-2.4704323e-17	0	383.98688
1.582499999999953e-10	0.3425677	-0.03385729	0.9386485	-2.4704477e-17	0	383.98688
1.5834999999999527e-10	0.3427872	-0.033586994	0.938577	-2.470466e-17	0	383.98688
1.5844999999999525e-10	0.3430041	-0.03331554	0.9385064	-2.4704828e-17	0	383.98688
1.5854999999999523e-10	0.3432185	-0.033042952	0.9384366	-2.4705005e-17	0	383.98688
1.586499999999952e-10	0.34343037	-0.03276925	0.9383676	-2.470516e-17	0	383.98688
1.5874999999999519e-10	0.34363967	-0.032494463	0.9382996	-2.470533e-17	0	383.98688
1.5884999999999517e-10	0.3438464	-0.03221861	0.93823224	-2.47055e-17	0	383.98688
1.5894999999999514e-10	0.34405062	-0.031941704	0.9381658	-2.4705675e-17	0	383.98688
1.5904999999999512e-10	0.3442523	-0.03166378	0.9381003	-2.4705827e-17	0	383.98688
1.591499999999951e-10	0.34445134	-0.031384848	0.9380356	-2.4705992e-17	0	383.98688
1.5924999999999508e-10	0.34464788	-0.031104943	0.9379717	-2.4706158e-17	0	383.98688
1.5934999999999506e-10	0.34484184	-0.030824073	0.93790865	-2.470632e-17	0	383.98688
1.5944999999999504e-10	0.34503323	-0.030542273	0.9378464	-2.4706472e-17	0	383.98688
1.5954999999999502e-10	0.3452221	-0.030259557	0.93778515	-2.470664e-17	0	383.98688
1.59649999999995e-10	0.34540838	-0.029975949	0.9377246	-2.4706796e-17	0	383.98688
1.5974999999999498e-10	0.34559208	-0.029691473	0.93766505	-2.4706957e-17	0	383.98688
1.5984999999999496e-10	0.3457732	-0.029406143	0.93760616	-2.4707107e-17	0	383.98688
1.5994999999999493e-10	0.3459517	-0.029119987	0.9375483	-2.4707284e-17	0	383.98688
1.6004999999999491e-10	0.34612775	-0.028833028	0.93749124	-2.4707433e-17	0	383.98688
1.601499999999949e-10	0.34630108	-0.028545283	0.93743503	-2.4707584e-17	0	383.98688
1.6024999999999487e-10	0.34647194	-0.028256781	0.9373796	-2.4707754e-17	0	383.98688
1.6034999999999485e-10	0.3466402	-0.027967531	0.9373251	-2.4707905e-17	0	383.98688
1.6044999999999483e-10	0.34680587	-0.027677566	0.9372715	-2.470805e-17	0	383.98688
1.605499999999948e-10	0.34696895	-0.027386904	0.93721867	-2.4708209e-17	0	383.98688
1.606499999999948e-10	0.3471295	-0.027095566	0.9371667	-2.4708363e-17	0	383.98688
1.6074999999999477e-10	0.3472874	-0.026803568	0.9371156	-2.4708505e-17	0	383.98688
1.6084999999999475e-10	0.34744275	-0.026510939	0.9370654	-2.4708666e-17	0	383.98688
1.6094999999999472e-10	0.34759554	-0.026217699	0.9370161	-2.4708825e-17	0	383.98688
1.610499999999947e-10	0.34774575	-0.025923869	0.9369676	-2.4708964e-17	0	383.98688
1.6114999999999468e-10	0.34789333	-0.025629468	0.9369199	-2.4709119e-17	0	383.98688
1.6124999999999466e-10	0.34803838	-0.025334518	0.9368731	-2.4709268e-17	0	383.98688
1.6134999999999464e-10	0.3481809	-0.025039036	0.93682724	-2.4709415e-17	0	383.98688
1.6144999999999462e-10	0.3483157	-0.024708126	0.936785	-2.5358352e-17	0	380.60742
1.615499999999946e-10	0.34844247	-0.024341958	0.9367465	-2.5358547e-17	0	380.60742
1.6164999999999458e-10	0.34856606	-0.023975536	0.93670917	-2.535876e-17	0	380.60742
1.6174999999999456e-10	0.34868646	-0.023608891	0.9366727	-2.5358954e-17	0	380.60742
1.6184999999999453e-10	0.34880367	-0.023242047	0.9366373	-2.5359149e-17	0	380.60742
1.6194999999999451e-10	0.3489177	-0.022875024	0.93660295	-2.5359343e-17	0	380.60742
1.620499999999945e-10	0.3490286	-0.022507852	0.93656963	-2.5359534e-17	0	380.60742
1.6214999999999447e-10	0.34913635	-0.022140557	0.9365373	-2.5359731e-17	0	380.60742
1.6224999999999445e-10	0.34924087	-0.021773165	0.93650615	-2.5359932e-17	0	380.60742
1.6234999999999443e-10	0.3493423	-0.021405699	0.9364759	-2.5360122e-17	0	380.60742
1.624499999999944e-10	0.34944057	-0.02103818	0.9364467	-2.5360312e-17	0	380.60742
1.625499999999944e-10	0.3495357	-0.020670637	0.9364186	-2.5360502e-17	0	380.60742
1.6264999999999437e-10	0.34962773	-0.020303102	0.93639135	-2.5360686e-17	0	380.60742
1.6274999999999435e-10	0.3497166	-0.019935586	0.9363652	-2.5360886e-17	0	380.60742
1.6284999999999432e-10	0.3498024	-0.019568125	0.9363401	-2.5361073e-17	0	380.60742
1.629499999999943e-10	0.34988505	-0.019200739	0.93631595	-2.536126e-17	0	380.60742
1.6304999999999428e-10	0.34996456	-0.018833447	0.936293	-2.5361444e-17	0	380.60742
1.6314999999999426e-10	0.35004103	-0.018466284	0.9362708	-2.536164e-17	0	380.60742
1.6324999999999424e-10	0.35011438	-0.018099269	0.9362497	-2.5361817e-17	0	380.60742
1.6334999999999422e-10	0.35018462	-0.017732423	0.93622965	-2.5362004e-17	0	380.60742
1.634499999999942e-10	0.35025182	-0.017365776	0.93621063	-2.5362186e-17	0	380.60742
1.6354999999999418e-10	0.35031596	-0.016999349	0.9361926	-2.5362367e-17	0	380.60742
1.6364999999999416e-10	0.35037702	-0.016633164	0.93617547	-2.5362549e-17	0	380.60742
1.6374999999999414e-10	0.35043505	-0.016267247	0.93615943	-2.5362727e-17	0	380.60742
1.6384999999999411e-10	0.35048997	-0.015901621	0.9361444	-2.5362914e-17	0	380.60742
1.639499999999941e-10	0.35054192	-0.01553631	0.9361303	-2.5363096e-17	0	380.60742
1.6404999999999407e-10	0.35059083	-0.015171336	0.9361172	-2.5363278e-17	0	380.60742
1.6414999999999405e-10	0.35063672	-0.014806723	0.93610513	-2.5363452e-17	0	380.60742
1.6424999999999403e-10	0.35067955	-0.014442494	0.936094	-2.5363626e-17	0	380.60742
1.64349999999994e-10	0.35071942	-0.014078674	0.9360839	-2.536381e-17	0	380.60742
1.64449999999994e-10	0.3507563	-0.013715281	0.93607473	-2.5363978e-17	0	380.60742
1.6454999999999397e-10	0.35079017	-0.013352343	0.93606657	-2.5364153e-17	0	380.60742
1.6464999999999395e-10	0.35082105	-0.012989879	0.93605936	-2.5364324e-17	0	380.60742
1.6474999999999393e-10	0.35084897	-0.012627912	0.93605316	-2.5364501e-17	0	380.60742
1.648499999999939e-10	0.35087395	-0.012266466	0.93604785	-2.5364681e-17	0	380.60742
1.6494999999999388e-10	0.350896	-0.011905565	0.9360436	-2.5364848e-17	0	380.60742
1.6504999999999386e-10	0.3509151	-0.011545224	0.9360403	-2.5365025e-17	0	380.60742
1.6514999999999384e-10	0.3509313	-0.011185471	0.9360379	-2.5365189e-17	0	380.60742
1.6524999999999382e-10	0.35094455	-0.010826328	0.93603647	-2.5365368e-17	0	380.60742
1.653499999999938e-10	0.35095486	-0.010467813	0.93603605	-2.5365527e-17	0	380.60742
1.6544999999999378e-10	0.35096234	-0.01010995	0.9360366	-2.5365709e-17	0	380.60742
1.6554999999999376e-10	0.35096693	-0.009752761	0.9360381	-2.5365876e-17	0	380.60742
1.6564999999999374e-10	0.35096863	-0.009396267	0.93604034	-2.5366041e-17	0	380.60742
1.6574999999999371e-10	0.3509674	-0.009040488	0.93604374	-2.5366208e-17	0	380.60742
1.658499999999937e-10	0.35096344	-0.008685445	0.9360479	-2.536638e-17	0	380.60742
1.6594999999999367e-10	0.35095653	-0.008331164	0.93605316	-2.5366532e-17	0	380.60742
1.6604999999999365e-10	0.3509469	-0.007977658	0.93605924	-2.5366713e-17	0	380.60742
1.6614999999999363e-10	0.3509344	-0.007624953	0.9360663	-2.5366878e-17	0	380.60742
1.662499999999936e-10	0.350919	-0.0072730677	0.93607426	-2.5367034e-17	0	380.60742
1.663499999999936e-10	0.35090095	-0.006922024	0.9360831	-2.5367207e-17	0	380.60742
1.6644999999999357e-10	0.3508801	-0.0065718405	0.936093	-2.536736e-17	0	380.60742
1.6654999999999355e-10	0.3508564	-0.006222538	0.9361037	-2.5367523e-17	0	380.60742
1.6664999999999353e-10	0.35083	-0.0058741374	0.93611526	-2.5367689e-17	0	380.60742
1.667499999999935e-10	0.3508008	-0.005526658	0.9361278	-2.5367851e-17	0	380.60742
1.6684999999999348e-10	0.35076892	-0.005180119	0.93614125	-2.5368013e-17	0	380.60742
1.6694999999999346e-10	0.35073432	-0.0048345397	0.93615544	-2.5368169e-17	0	380.60742
1.6704999999999344e-10	0.350697	-0.0044899425	0.9361707	-2.5368327e-17	0	380.60742
1.6714999999999342e-10	0.350657	-0.004146344	0.9361868	-2.5368491e-17	0	380.60742
1.672499999999934e-10	0.35061425	-0.0038037642	0.93620366	-2.5368643e-17	0	380.60742
1.6734999999999338e-10	0.35056892	-0.003462222	0.93622166	-2.5368797e-17	0	380.60742
1.6744999999999336e-10	0.3505209	-0.0031217362	0.93624026	-2.5368954e-17	0	380.60742
1.6754999999999334e-10	0.35047022	-0.0027823267	0.93625987	-2.5369121e-17	0	380.60742
1.6764999999999332e-10	0.35041693	-0.002444012	0.93628025	-2.5369262e-17	0	380.60742
1.677499999999933e-10	0.35036105	-0.0021068095	0.9363016	-2.5369418e-17	0	380.60742
1.6784999999999327e-10	0.35030252	-0.0017707382	0.9363238	-2.5369573e-17	0	380.60742
1.6794999999999325e-10	0.3502414	-0.0014358166	0.9363468	-2.5369735e-17	0	380.60742
1.6804999999999323e-10	0.35017774	-0.0011020621	0.9363706	-2.5369881e-17	0	380.60742
1.681499999999932e-10	0.35011148	-0.0007694936	0.93639535	-2.537004e-17	0	380.60742
1.682499999999932e-10	0.3500427	-0.0004381286	0.9364209	-2.5370192e-17	0	380.60742
1.6834999999999317e-10	0.3499714	-0.00010798429	0.93644714	-2.5370346e-17	0	380.60742
1.6844999999999315e-10	0.34989753	0.00022092095	0.93647444	-2.5370493e-17	0	380.60742
1.6854999999999313e-10	0.34982124	0.00054857094	0.9365025	-2.537065e-17	0	380.60742
1.686499999999931e-10	0.34974238	0.0008749472	0.93653125	-2.5370794e-17	0	380.60742
1.6874999999999308e-10	0.3496611	0.0012000328	0.936561	-2.5370946e-17	0	380.60742
1.6884999999999306e-10	0.34957734	0.0015238116	0.9365914	-2.5371098e-17	0	380.60742
1.6894999999999304e-10	0.34949115	0.0018462662	0.9366226	-2.537124e-17	0	380.60742
1.6904999999999302e-10	0.34940252	0.00216738	0.9366548	-2.53714e-17	0	380.60742
1.69149999999993e-10	0.34931147	0.0024871365	0.9366875	-2.5371547e-17	0	380.60742
1.6924999999999298e-10	0.349218	0.0028055194	0.9367212	-2.5371684e-17	0	380.60742
1.6934999999999296e-10	0.3491222	0.0031225127	0.9367557	-2.5371836e-17	0	380.60742
1.6944999999999294e-10	0.349024	0.0034380998	0.9367908	-2.537198e-17	0	380.60742
1.6954999999999292e-10	0.34892347	0.0037522654	0.9368269	-2.5372129e-17	0	380.60742
1.696499999999929e-10	0.3488206	0.004064993	0.9368636	-2.537227e-17	0	380.60742
1.6974999999999287e-10	0.34871536	0.004376268	0.9369011	-2.5372417e-17	0	380.60742
1.6984999999999285e-10	0.34860784	0.0046860743	0.9369394	-2.5372574e-17	0	380.60742
1.6994999999999283e-10	0.34849805	0.004994396	0.93697846	-2.5372698e-17	0	380.60742
1.700499999999928e-10	0.348386	0.0053012194	0.93701816	-2.5372852e-17	0	380.60742
1.701499999999928e-10	0.34827167	0.0056065284	0.9370588	-2.5372988e-17	0	380.60742
1.7024999999999277e-10	0.34815505	0.005910309	0.9371	-2.5373132e-17	0	380.60742
1.7034999999999275e-10	0.3480363	0.0062125456	0.9371421	-2.537328e-17	0	380.60742
1.7044999999999273e-10	0.34791526	0.006513224	0.93718475	-2.5373421e-17	0	380.60742
1.705499999999927e-10	0.34779206	0.0068123294	0.9372282	-2.5373554e-17	0	380.60742
1.7064999999999268e-10	0.34766665	0.007109849	0.9372723	-2.5373694e-17	0	380.60742
1.7074999999999266e-10	0.34753913	0.0074057668	0.93731713	-2.5373843e-17	0	380.60742
1.7084999999999264e-10	0.34740943	0.0077000707	0.93736273	-2.5373979e-17	0	380.60742
1.7094999999999262e-10	0.34727767	0.007992744	0.9374091	-2.5374128e-17	0	380.60742
1.710499999999926e-10	0.3471437	0.008283778	0.937456	-2.5374258e-17	0	380.60742
1.7114999999999258e-10	0.34700772	0.008573155	0.93750364	-2.5374387e-17	0	380.60742
1.7124999999999256e-10	0.3468696	0.008860864	0.937552	-2.5374535e-17	0	380.60742
1.7134999999999254e-10	0.34672946	0.009146889	0.9376009	-2.5374669e-17	0	380.60742
1.7144999999999252e-10	0.34658727	0.00943122	0.9376507	-2.5374816e-17	0	380.60742
1.715499999999925e-10	0.34642676	0.009779282	0.9377064	-2.6004722e-17	0	377.36395
1.7164999999999247e-10	0.34626365	0.01012532	0.937763	-2.6004909e-17	0	377.36395
1.7174999999999245e-10	0.34609795	0.010469318	0.9378203	-2.6005093e-17	0	377.36395
1.7184999999999243e-10	0.34592977	0.010811259	0.93787843	-2.6005293e-17	0	377.36395
1.719499999999924e-10	0.34575903	0.011151126	0.9379374	-2.6005478e-17	0	377.36395
1.720499999999924e-10	0.34558588	0.011488901	0.9379972	-2.600568e-17	0	377.36395
1.7214999999999237e-10	0.34541023	0.011824571	0.93805766	-2.600587e-17	0	377.36395
1.7224999999999235e-10	0.34523216	0.012158118	0.938119	-2.6006056e-17	0	377.36395
1.7234999999999233e-10	0.34505165	0.012489528	0.93818104	-2.6006242e-17	0	377.36395
1.724499999999923e-10	0.34486872	0.012818785	0.938244	-2.6006433e-17	0	377.36395
1.7254999999999229e-10	0.34468347	0.013145875	0.93830764	-2.6006615e-17	0	377.36395
1.7264999999999226e-10	0.34449583	0.01347078	0.938372	-2.6006808e-17	0	377.36395
1.7274999999999224e-10	0.34430584	0.013793487	0.938437	-2.6006989e-17	0	377.36395
1.7284999999999222e-10	0.34411356	0.014113981	0.9385029	-2.6007177e-17	0	377.36395
1.729499999999922e-10	0.343919	0.014432249	0.9385695	-2.600736e-17	0	377.36395
1.7304999999999218e-10	0.34372213	0.014748274	0.9386368	-2.6007558e-17	0	377.36395
1.7314999999999216e-10	0.34352306	0.015062043	0.9387048	-2.6007738e-17	0	377.36395
1.7324999999999214e-10	0.34332174	0.015373545	0.9387735	-2.600792e-17	0	377.36395
1.7334999999999212e-10	0.34311825	0.015682762	0.9388429	-2.6008109e-17	0	377.36395
1.734499999999921e-10	0.34291255	0.015989685	0.9389131	-2.6008286e-17	0	377.36395
1.7354999999999207e-10	0.3427047	0.016294297	0.938984	-2.6008476e-17	0	377.36395
1.7364999999999205e-10	0.34249476	0.016596587	0.9390553	-2.6008653e-17	0	377.36395
1.7374999999999203e-10	0.34228265	0.016896542	0.9391275	-2.6008833e-17	0	377.36395
1.73849999999992e-10	0.3420685	0.01719415	0.9392003	-2.6009023e-17	0	377.36395
1.73949999999992e-10	0.34185225	0.017489396	0.9392737	-2.6009194e-17	0	377.36395
1.7404999999999197e-10	0.34163398	0.017782273	0.9393479	-2.6009376e-17	0	377.36395
1.7414999999999195e-10	0.3414137	0.018072762	0.9394227	-2.600955e-17	0	377.36395
1.7424999999999193e-10	0.3411914	0.018360857	0.93949807	-2.600973e-17	0	377.36395
1.743499999999919e-10	0.3409672	0.018646546	0.93957406	-2.6009899e-17	0	377.36395
1.7444999999999189e-10	0.34074095	0.018929811	0.9396508	-2.6010089e-17	0	377.36395
1.7454999999999186e-10	0.3405128	0.01921065	0.9397279	-2.6010264e-17	0	377.36395
1.7464999999999184e-10	0.34028283	0.019489048	0.9398058	-2.6010443e-17	0	377.36395
1.7474999999999182e-10	0.34005094	0.019764993	0.93988436	-2.6010615e-17	0	377.36395
1.748499999999918e-10	0.33981714	0.020038476	0.93996334	-2.6010794e-17	0	377.36395
1.7494999999999178e-10	0.33958155	0.020309485	0.940043	-2.601096e-17	0	377.36395
1.7504999999999176e-10	0.33934414	0.020578014	0.9401232	-2.601114e-17	0	377.36395
1.7514999999999174e-10	0.339105	0.02084405	0.9402039	-2.601132e-17	0	377.36395
1.7524999999999172e-10	0.33886406	0.02110758	0.94028515	-2.6011492e-17	0	377.36395
1.753499999999917e-10	0.33862138	0.021368602	0.94036704	-2.6011667e-17	0	377.36395
1.7544999999999168e-10	0.338377	0.021627102	0.9404495	-2.601184e-17	0	377.36395
1.7554999999999165e-10	0.3381309	0.021883072	0.9405325	-2.6012001e-17	0	377.36395
1.7564999999999163e-10	0.3378831	0.022136504	0.9406159	-2.6012177e-17	0	377.36395
1.757499999999916e-10	0.33763376	0.022387387	0.9406999	-2.601236e-17	0	377.36395
1.758499999999916e-10	0.33738273	0.022635711	0.94078445	-2.601252e-17	0	377.36395
1.7594999999999157e-10	0.33713007	0.022881472	0.9408694	-2.6012694e-17	0	377.36395
1.7604999999999155e-10	0.33687592	0.023124661	0.94095486	-2.6012863e-17	0	377.36395
1.7614999999999153e-10	0.33662018	0.023365272	0.94104093	-2.6013039e-17	0	377.36395
1.762499999999915e-10	0.3363629	0.023603292	0.94112736	-2.6013197e-17	0	377.36395
1.7634999999999149e-10	0.33610415	0.023838717	0.9412144	-2.6013368e-17	0	377.36395
1.7644999999999147e-10	0.33584395	0.024071537	0.9413017	-2.6013538e-17	0	377.36395
1.7654999999999144e-10	0.33558223	0.024301749	0.94138956	-2.6013704e-17	0	377.36395
1.7664999999999142e-10	0.33531916	0.024529345	0.9414779	-2.6013864e-17	0	377.36395
1.767499999999914e-10	0.3350546	0.024754316	0.9415667	-2.6014038e-17	0	377.36395
1.7684999999999138e-10	0.33478874	0.02497666	0.9416559	-2.60142e-17	0	377.36395
1.7694999999999136e-10	0.33452144	0.025196362	0.94174546	-2.6014367e-17	0	377.36395
1.7704999999999134e-10	0.3342529	0.025413426	0.94183546	-2.6014534e-17	0	377.36395
1.7714999999999132e-10	0.33398297	0.025627842	0.941926	-2.60147e-17	0	377.36395
1.772499999999913e-10	0.3337118	0.025839604	0.9420168	-2.6014862e-17	0	377.36395
1.7734999999999128e-10	0.33343938	0.026048707	0.94210804	-2.6015027e-17	0	377.36395
1.7744999999999126e-10	0.33316568	0.026255146	0.9421997	-2.6015186e-17	0	377.36395
1.7754999999999123e-10	0.33289078	0.026458915	0.9422917	-2.6015356e-17	0	377.36395
1.7764999999999121e-10	0.33261472	0.026660008	0.9423841	-2.6015522e-17	0	377.36395
1.777499999999912e-10	0.33233747	0.026858427	0.9424768	-2.6015674e-17	0	377.36395
1.7784999999999117e-10	0.3320591	0.027054157	0.94256985	-2.6015834e-17	0	377.36395
1.7794999999999115e-10	0.33177954	0.027247207	0.9426634	-2.6016e-17	0	377.36395
1.7804999999999113e-10	0.33149898	0.02743756	0.9427572	-2.6016147e-17	0	377.36395
1.781499999999911e-10	0.33121735	0.027625222	0.9428513	-2.6016314e-17	0	377.36395
1.7824999999999109e-10	0.3309346	0.027810179	0.9429457	-2.6016475e-17	0	377.36395
1.7834999999999107e-10	0.33065093	0.02799244	0.9430405	-2.6016647e-17	0	377.36395
1.7844999999999104e-10	0.33036616	0.028171992	0.94313556	-2.6016797e-17	0	377.36395
1.7854999999999102e-10	0.33008048	0.028348837	0.94323087	-2.601695e-17	0	377.36395
1.78649999999991e-10	0.3297938	0.02852297	0.94332653	-2.6017117e-17	0	377.36395
1.7874999999999098e-10	0.32950628	0.028694391	0.94342256	-2.601727e-17	0	377.36395
1.7884999999999096e-10	0.32921776	0.028863095	0.94351876	-2.6017424e-17	0	377.36395
1.7894999999999094e-10	0.32892844	0.02902908	0.9436152	-2.6017578e-17	0	377.36395
1.7904999999999092e-10	0.32863823	0.029192343	0.943712	-2.6017732e-17	0	377.36395
1.791499999999909e-10	0.3283472	0.029352888	0.9438089	-2.6017884e-17	0	377.36395
1.7924999999999088e-10	0.32805538	0.029510707	0.9439062	-2.6018048e-17	0	377.36395
1.7934999999999086e-10	0.32776275	0.029665798	0.9440037	-2.6018205e-17	0	377.36395
1.7944999999999083e-10	0.32746935	0.029818168	0.94410145	-2.6018364e-17	0	377.36395
1.7954999999999081e-10	0.32717526	0.029967807	0.94419944	-2.6018513e-17	0	377.36395
1.796499999999908e-10	0.32688046	0.030114716	0.94429755	-2.6018667e-17	0	377.36395
1.7974999999999077e-10	0.32658494	0.030258898	0.94439596	-2.6018816e-17	0	377.36395
1.7984999999999075e-10	0.32628876	0.030400353	0.9444945	-2.6018978e-17	0	377.36395
1.7994999999999073e-10	0.32599193	0.03053907	0.94459325	-2.601913e-17	0	377.36395
1.800499999999907e-10	0.32569453	0.030675065	0.9446922	-2.6019274e-17	0	377.36395
1.801499999999907e-10	0.32539654	0.03080833	0.9447913	-2.6019424e-17	0	377.36395
1.8024999999999067e-10	0.32509795	0.030938864	0.94489056	-2.6019575e-17	0	377.36395
1.8034999999999065e-10	0.32479882	0.031066667	0.94499004	-2.601973e-17	0	377.36395
1.8044999999999062e-10	0.32449913	0.031191744	0.9450897	-2.6019876e-17	0	377.36395
1.805499999999906e-10	0.32419902	0.03131409	0.9451895	-2.6020025e-17	0	377.36395
1.8064999999999058e-10	0.32389838	0.031433713	0.9452893	-2.6020172e-17	0	377.36395
1.8074999999999056e-10	0.3235973	0.031550612	0.94538933	-2.6020326e-17	0	377.36395
1.8084999999999054e-10	0.32329577	0.03166479	0.94548947	-2.6020477e-17	0	377.36395
1.8094999999999052e-10	0.32299387	0.031776235	0.9455897	-2.602062e-17	0	377.36395
1.810499999999905e-10	0.3226916	0.031884972	0.9456901	-2.6020768e-17	0	377.36395
1.8114999999999048e-10	0.32238895	0.031990983	0.9457905	-2.6020917e-17	0	377.36395
1.8124999999999046e-10	0.32208598	0.03209428	0.94589114	-2.6021062e-17	0	377.36395
1.8134999999999044e-10	0.32178268	0.032194868	0.94599175	-2.6021214e-17	0	377.36395
1.8144999999999041e-10	0.32147908	0.032292742	0.94609255	-2.6021353e-17	0	377.36395
1.815499999999904e-10	0.32116574	0.032416914	0.9461956	-2.664002e-17	0	374.251
1.8164999999999037e-10	0.3208423	0.032567125	0.9463011	-2.6640182e-17	0	374.251
1.8174999999999035e-10	0.3205181	0.032714304	0.9464067	-2.664037e-17	0	374.251
1.8184999999999033e-10	0.32019332	0.032858435	0.9465126	-2.664055e-17	0	374.251
1.819499999999903e-10	0.31986788	0.032999534	0.9466186	-2.6640731e-17	0	374.251
1.820499999999903e-10	0.31954187	0.033137582	0.9467248	-2.6640902e-17	0	374.251
1.8214999999999027e-10	0.31921527	0.03327259	0.94683117	-2.664107e-17	0	374.251
1.8224999999999025e-10	0.31888807	0.03340456	0.9469377	-2.664125e-17	0	374.251
1.8234999999999022e-10	0.31856036	0.033533495	0.9470443	-2.6641426e-17	0	374.251
1.824499999999902e-10	0.31823218	0.03365939	0.94715106	-2.6641607e-17	0	374.251
1.8254999999999018e-10	0.31790352	0.03378225	0.94725806	-2.664178e-17	0	374.251
1.8264999999999016e-10	0.3175744	0.033902075	0.9473652	-2.6641952e-17	0	374.251
1.8274999999999014e-10	0.3172449	0.03401887	0.94747233	-2.664213e-17	0	374.251
1.8284999999999012e-10	0.31691498	0.034132637	0.9475795	-2.6642293e-17	0	374.251
1.829499999999901e-10	0.31658468	0.034243375	0.947687	-2.6642465e-17	0	374.251
1.8304999999999008e-10	0.31625405	0.034351088	0.9477944	-2.6642639e-17	0	374.251
1.8314999999999006e-10	0.31592312	0.034455784	0.9479019	-2.6642801e-17	0	374.251
1.8324999999999004e-10	0.3155919	0.034557458	0.9480095	-2.6642973e-17	0	374.251
1.8334999999999001e-10	0.3152604	0.03465612	0.94811726	-2.6643152e-17	0	374.251
1.8344999999999e-10	0.3149287	0.034751765	0.9482249	-2.6643312e-17	0	374.251
1.8354999999998997e-10	0.31459677	0.03484441	0.94833267	-2.6643483e-17	0	374.251
1.8364999999998995e-10	0.31426466	0.034934044	0.9484406	-2.6643653e-17	0	374.251
1.8374999999998993e-10	0.31393236	0.035020683	0.9485483	-2.664382e-17	0	374.251
1.838499999999899e-10	0.31359997	0.035104327	0.9486562	-2.6643985e-17	0	374.251
1.839499999999899e-10	0.31326747	0.035184983	0.9487642	-2.6644154e-17	0	374.251
1.8404999999998987e-10	0.31293485	0.03526265	0.948872	-2.6644323e-17	0	374.251
1.8414999999998985e-10	0.31260225	0.035337336	0.94897985	-2.6644483e-17	0	374.251
1.8424999999998983e-10	0.31226957	0.03540905	0.9490877	-2.6644656e-17	0	374.251
1.843499999999898e-10	0.31193691	0.03547779	0.94919556	-2.6644816e-17	0	374.251
1.8444999999998978e-10	0.31160423	0.03554357	0.94930345	-2.6644976e-17	0	374.251
1.8454999999998976e-10	0.31127167	0.035606388	0.9494112	-2.6645137e-17	0	374.251
1.8464999999998974e-10	0.31093907	0.035666257	0.9495189	-2.664531e-17	0	374.251
1.8474999999998972e-10	0.31060666	0.035723183	0.9496267	-2.6645466e-17	0	374.251
1.848499999999897e-10	0.31027433	0.035777163	0.9497344	-2.6645635e-17	0	374.251
1.8494999999998968e-10	0.30994216	0.03582821	0.9498419	-2.6645785e-17	0	374.251
1.8504999999998966e-10	0.30961016	0.035876334	0.9499494	-2.6645951e-17	0	374.251
1.8514999999998964e-10	0.30927837	0.035921536	0.9500568	-2.6646118e-17	0	374.251
1.8524999999998962e-10	0.30894682	0.03596383	0.9501642	-2.6646264e-17	0	374.251
1.853499999999896e-10	0.30861545	0.03600322	0.95027137	-2.6646437e-17	0	374.251
1.8544999999998957e-10	0.3082844	0.03603971	0.95037854	-2.6646588e-17	0	374.251
1.8554999999998955e-10	0.3079536	0.036073312	0.95048565	-2.664675e-17	0	374.251
1.8564999999998953e-10	0.30762315	0.036104035	0.9505925	-2.66469e-17	0	374.251
1.857499999999895e-10	0.30729306	0.036131885	0.95069927	-2.6647054e-17	0	374.251
1.858499999999895e-10	0.30696324	0.036156874	0.95080596	-2.6647221e-17	0	374.251
1.8594999999998947e-10	0.30663392	0.036179	0.9509125	-2.6647375e-17	0	374.251
1.8604999999998945e-10	0.30630496	0.03619828	0.9510188	-2.6647529e-17	0	374.251
1.8614999999998943e-10	0.30597642	0.036214728	0.95112514	-2.6647681e-17	0	374.251
1.862499999999894e-10	0.30564836	0.036228344	0.9512311	-2.6647839e-17	0	374.251
1.8634999999998938e-10	0.3053208	0.03623914	0.9513369	-2.6647994e-17	0	374.251
1.8644999999998936e-10	0.30499375	0.036247123	0.9514427	-2.6648148e-17	0	374.251
1.8654999999998934e-10	0.30466723	0.036252312	0.95154816	-2.6648295e-17	0	374.251
1.8664999999998932e-10	0.30434126	0.03625471	0.9516535	-2.6648452e-17	0	374.251
1.867499999999893e-10	0.30401582	0.036254324	0.9517587	-2.6648606e-17	0	374.251
1.8684999999998928e-10	0.303691	0.03625117	0.9518635	-2.6648757e-17	0	374.251
1.8694999999998926e-10	0.30336684	0.036245257	0.9519683	-2.6648909e-17	0	374.251
1.8704999999998924e-10	0.30304328	0.036236595	0.95207274	-2.664905e-17	0	374.251
1.8714999999998922e-10	0.30272037	0.03622519	0.9521769	-2.6649205e-17	0	374.251
1.872499999999892e-10	0.3023982	0.036211062	0.9522811	-2.6649347e-17	0	374.251
1.8734999999998917e-10	0.30207676	0.03619422	0.9523848	-2.6649508e-17	0	374.251
1.8744999999998915e-10	0.30175596	0.036174666	0.9524883	-2.664965e-17	0	374.251
1.8754999999998913e-10	0.30143598	0.036152422	0.9525916	-2.6649792e-17	0	374.251
1.876499999999891e-10	0.30111676	0.036127497	0.95269465	-2.6649941e-17	0	374.251
1.877499999999891e-10	0.30079836	0.036099903	0.95279735	-2.6650095e-17	0	374.251
1.8784999999998907e-10	0.30048075	0.036069646	0.95289993	-2.6650234e-17	0	374.251
1.8794999999998905e-10	0.30016398	0.03603675	0.9530021	-2.6650375e-17	0	374.251
1.8804999999998903e-10	0.29984808	0.036001217	0.9531041	-2.665053e-17	0	374.251
1.88149999999989e-10	0.29953307	0.035963062	0.9532056	-2.6650669e-17	0	374.251
1.8824999999998898e-10	0.29921895	0.035922296	0.953307	-2.6650816e-17	0	374.251
1.8834999999998896e-10	0.29890576	0.03587894	0.9534079	-2.6650965e-17	0	374.251
1.8844999999998894e-10	0.29859352	0.035832994	0.9535086	-2.6651101e-17	0	374.251
1.8854999999998892e-10	0.29828227	0.035784483	0.953609	-2.6651238e-17	0	374.251
1.886499999999889e-10	0.29797193	0.03573341	0.953709	-2.6651385e-17	0	374.251
1.8874999999998888e-10	0.29766268	0.0356798	0.9538088	-2.6651524e-17	0	374.251
1.8884999999998886e-10	0.2973544	0.03562366	0.95390815	-2.665167e-17	0	374.251
1.8894999999998884e-10	0.2970472	0.035564996	0.9540072	-2.6651806e-17	0	374.251
1.8904999999998882e-10	0.29674104	0.035503834	0.95410585	-2.6651946e-17	0	374.251
1.891499999999888e-10	0.29643598	0.035440184	0.95420414	-2.6652089e-17	0	374.251
1.8924999999998877e-10	0.29613203	0.03537406	0.9543022	-2.6652223e-17	0	374.251
1.8934999999998875e-10	0.29582918	0.03530547	0.9543997	-2.6652365e-17	0	374.251
1.8944999999998873e-10	0.29552752	0.035234444	0.9544969	-2.6652504e-17	0	374.251
1.895499999999887e-10	0.29522696	0.03516098	0.95459384	-2.6652636e-17	0	374.251
1.896499999999887e-10	0.2949276	0.035085097	0.95469034	-2.6652772e-17	0	374.251
1.8974999999998867e-10	0.29462945	0.03500682	0.95478636	-2.665291e-17	0	374.251
1.8984999999998865e-10	0.2943325	0.03492615	0.954882	-2.665304e-17	0	374.251
1.8994999999998863e-10	0.29403687	0.034843113	0.9549773	-2.6653177e-17	0	374.251
1.900499999999886e-10	0.29374242	0.03475772	0.95507216	-2.6653314e-17	0	374.251
1.9014999999998858e-10	0.29344925	0.03466998	0.95516664	-2.6653447e-17	0	374.251
1.9024999999998856e-10	0.2931574	0.034579914	0.9552606	-2.6653586e-17	0	374.251
1.9034999999998854e-10	0.2928668	0.03448754	0.95535415	-2.6653715e-17	0	374.251
1.9044999999998852e-10	0.29257756	0.034392875	0.9554474	-2.6653844e-17	0	374.251
1.905499999999885e-10	0.29228967	0.034295928	0.95554006	-2.6653983e-17	0	374.251
1.9064999999998848e-10	0.29200315	0.03419672	0.9556323	-2.665411e-17	0	374.251
1.9074999999998846e-10	0.291718	0.034095265	0.9557241	-2.6654233e-17	0	374.251
1.9084999999998844e-10	0.29143423	0.03399158	0.9558156	-2.6654368e-17	0	374.251
1.9094999999998842e-10	0.29115188	0.03388568	0.95590645	-2.6654502e-17	0	374.251
1.910499999999884e-10	0.29087096	0.033777583	0.955997	-2.6654625e-17	0	374.251
1.9114999999998837e-10	0.29059148	0.033667307	0.95608693	-2.6654762e-17	0	374.251
1.9124999999998835e-10	0.29031348	0.033554863	0.9561765	-2.665488e-17	0	374.251
1.9134999999998833e-10	0.29003698	0.033440273	0.95626557	-2.6655009e-17	0	374.251
1.914499999999883e-10	0.2897619	0.033323552	0.95635414	-2.6655138e-17	0	374.251
1.915499999999883e-10	0.28948838	0.033204716	0.9564422	-2.665527e-17	0	374.251
1.9164999999998827e-10	0.28919876	0.033134375	0.9565334	-2.7264242e-17	0	371.2633
1.9174999999998825e-10	0.28891033	0.033061646	0.9566242	-2.7264384e-17	0	371.2633
1.9184999999998823e-10	0.28862303	0.03298655	0.95671463	-2.72645e-17	0	371.2633
1.919499999999882e-10	0.288337	0.03290911	0.9568047	-2.7264632e-17	0	371.2633
1.9204999999998819e-10	0.28805214	0.032829322	0.95689434	-2.7264761e-17	0	371.2633
1.9214999999998816e-10	0.2877685	0.03274721	0.9569836	-2.7264884e-17	0	371.2633
1.9224999999998814e-10	0.28748614	0.032662798	0.9570725	-2.7265008e-17	0	371.2633
1.9234999999998812e-10	0.287205	0.032576088	0.95716095	-2.7265142e-17	0	371.2633
1.924499999999881e-10	0.28692523	0.0324871	0.957249	-2.726525e-17	0	371.2633
1.9254999999998808e-10	0.28664672	0.03239586	0.95733654	-2.726538e-17	0	371.2633
1.9264999999998806e-10	0.28636953	0.03230237	0.95742387	-2.7265498e-17	0	371.2633
1.9274999999998804e-10	0.28609365	0.032206647	0.9575106	-2.7265622e-17	0	371.2633
1.9284999999998802e-10	0.28581917	0.032108717	0.9575969	-2.7265737e-17	0	371.2633
1.92949999999988e-10	0.28554606	0.032008592	0.95768285	-2.7265863e-17	0	371.2633
1.9304999999998798e-10	0.28527433	0.031906284	0.9577684	-2.726599e-17	0	371.2633
1.9314999999998795e-10	0.28500402	0.031801812	0.9578533	-2.7266113e-17	0	371.2633
1.9324999999998793e-10	0.28473514	0.0316952	0.95793796	-2.7266229e-17	0	371.2633
1.933499999999879e-10	0.2844677	0.03158645	0.9580222	-2.7266351e-17	0	371.2633
1.934499999999879e-10	0.28420168	0.031475596	0.9581058	-2.7266472e-17	0	371.2633
1.9354999999998787e-10	0.28393716	0.031362638	0.958189	-2.7266591e-17	0	371.2633
1.9364999999998785e-10	0.28367412	0.031247607	0.95827174	-2.7266705e-17	0	371.2633
1.9374999999998783e-10	0.28341258	0.031130508	0.95835406	-2.726682e-17	0	371.2633
1.938499999999878e-10	0.28315258	0.031011373	0.9584358	-2.7266934e-17	0	371.2633
1.9394999999998779e-10	0.2828941	0.030890204	0.9585171	-2.7267054e-17	0	371.2633
1.9404999999998776e-10	0.28263718	0.030767031	0.95859784	-2.7267172e-17	0	371.2633
1.9414999999998774e-10	0.2823818	0.030641863	0.9586781	-2.7267291e-17	0	371.2633
1.9424999999998772e-10	0.28212804	0.030514726	0.958758	-2.7267407e-17	0	371.2633
1.943499999999877e-10	0.28187585	0.030385628	0.9588373	-2.7267518e-17	0	371.2633
1.9444999999998768e-10	0.2816253	0.030254595	0.9589161	-2.7267638e-17	0	371.2633
1.9454999999998766e-10	0.2813763	0.03012164	0.9589945	-2.7267743e-17	0	371.2633
1.9464999999998764e-10	0.281129	0.029986788	0.9590723	-2.726786e-17	0	371.2633
1.9474999999998762e-10	0.28088337	0.029850047	0.95914954	-2.7267971e-17	0	371.2633
1.948499999999876e-10	0.28063935	0.029711444	0.95922625	-2.7268087e-17	0	371.2633
1.9494999999998758e-10	0.28039703	0.02957099	0.95930254	-2.7268196e-17	0	371.2633
1.9504999999998755e-10	0.28015637	0.029428711	0.9593781	-2.726831e-17	0	371.2633
1.9514999999998753e-10	0.27991745	0.029284624	0.9594534	-2.7268413e-17	0	371.2633
1.952499999999875e-10	0.27968025	0.029138744	0.9595281	-2.7268527e-17	0	371.2633
1.953499999999875e-10	0.27944478	0.028991094	0.9596021	-2.7268636e-17	0	371.2633
1.9544999999998747e-10	0.27921104	0.028841684	0.9596756	-2.7268747e-17	0	371.2633
1.9554999999998745e-10	0.27897903	0.028690545	0.9597486	-2.7268848e-17	0	371.2633
1.9564999999998743e-10	0.2787488	0.028537687	0.9598211	-2.726896e-17	0	371.2633
1.957499999999874e-10	0.27852038	0.028383136	0.959893	-2.7269074e-17	0	371.2633
1.9584999999998739e-10	0.27829376	0.028226906	0.9599643	-2.7269177e-17	0	371.2633
1.9594999999998737e-10	0.27806887	0.028069017	0.9600351	-2.7269286e-17	0	371.2633
1.9604999999998734e-10	0.27784586	0.027909487	0.9601053	-2.7269394e-17	0	371.2633
1.9614999999998732e-10	0.27762467	0.027748343	0.9601749	-2.7269503e-17	0	371.2633
1.962499999999873e-10	0.27740526	0.027585592	0.96024406	-2.7269605e-17	0	371.2633
1.9634999999998728e-10	0.27718773	0.027421264	0.96031255	-2.726971e-17	0	371.2633
1.9644999999998726e-10	0.27697212	0.027255375	0.9603804	-2.7269814e-17	0	371.2633
1.9654999999998724e-10	0.27675828	0.027087942	0.9604477	-2.7269913e-17	0	371.2633
1.9664999999998722e-10	0.27654636	0.026918989	0.9605144	-2.7270014e-17	0	371.2633
1.967499999999872e-10	0.2763363	0.026748529	0.96058065	-2.7270117e-17	0	371.2633
1.9684999999998718e-10	0.27612817	0.02657659	0.96064615	-2.7270216e-17	0	371.2633
1.9694999999998716e-10	0.27592194	0.026403187	0.9607111	-2.7270323e-17	0	371.2633
1.9704999999998713e-10	0.27571765	0.02622834	0.96077543	-2.7270431e-17	0	371.2633
1.9714999999998711e-10	0.27551526	0.026052069	0.9608393	-2.7270528e-17	0	371.2633
1.972499999999871e-10	0.27531478	0.025874395	0.96090245	-2.7270628e-17	0	371.2633
1.9734999999998707e-10	0.2751163	0.025695337	0.96096504	-2.7270724e-17	0	371.2633
1.9744999999998705e-10	0.27491972	0.025514917	0.96102697	-2.7270823e-17	0	371.2633
1.9754999999998703e-10	0.2747251	0.025333151	0.96108836	-2.7270927e-17	0	371.2633
1.97649999999987e-10	0.2745325	0.025150064	0.9611491	-2.7271023e-17	0	371.2633
1.9774999999998699e-10	0.27434185	0.024965672	0.9612092	-2.7271124e-17	0	371.2633
1.9784999999998697e-10	0.27415317	0.024779998	0.9612688	-2.727121e-17	0	371.2633
1.9794999999998694e-10	0.2739665	0.024593059	0.9613277	-2.7271318e-17	0	371.2633
1.9804999999998692e-10	0.27378184	0.02440488	0.96138597	-2.7271417e-17	0	371.2633
1.981499999999869e-10	0.27359915	0.024215473	0.96144366	-2.727151e-17	0	371.2633
1.9824999999998688e-10	0.27341852	0.024024868	0.96150064	-2.7271609e-17	0	371.2633
1.9834999999998686e-10	0.27323985	0.023833083	0.96155703	-2.7271706e-17	0	371.2633
1.9844999999998684e-10	0.27306324	0.023640133	0.96161294	-2.7271806e-17	0	371.2633
1.9854999999998682e-10	0.27288872	0.02344604	0.96166813	-2.7271902e-17	0	371.2633
1.986499999999868e-10	0.27271616	0.023250828	0.96172255	-2.727199e-17	0	371.2633
1.9874999999998678e-10	0.2725457	0.023054514	0.96177644	-2.7272085e-17	0	371.2633
1.9884999999998676e-10	0.27237725	0.02285712	0.9618298	-2.727218e-17	0	371.2633
1.9894999999998673e-10	0.2722109	0.022658667	0.9618823	-2.7272269e-17	0	371.2633
1.9904999999998671e-10	0.2720466	0.022459174	0.9619343	-2.7272358e-17	0	371.2633
1.991499999999867e-10	0.27188435	0.022258662	0.9619857	-2.7272454e-17	0	371.2633
1.9924999999998667e-10	0.27172422	0.022057151	0.96203643	-2.7272539e-17	0	371.2633
1.9934999999998665e-10	0.27156615	0.021854661	0.96208644	-2.7272634e-17	0	371.2633
1.9944999999998663e-10	0.27141014	0.021651212	0.9621359	-2.7272729e-17	0	371.2633
1.995499999999866e-10	0.27125624	0.021446828	0.96218467	-2.7272818e-17	0	371.2633
1.996499999999866e-10	0.27110443	0.021241527	0.96223277	-2.7272907e-17	0	371.2633
1.9974999999998657e-10	0.27095473	0.021035327	0.9622802	-2.7273003e-17	0	371.2633
1.9984999999998655e-10	0.2708071	0.020828255	0.9623272	-2.7273088e-17	0	371.2633
1.9994999999998652e-10	0.2706616	0.020620324	0.9623733	-2.7273182e-17	0	371.2633
2.000499999999865e-10	0.27051818	0.020411558	0.96241885	-2.7273263e-17	0	371.2633
2.0014999999998648e-10	0.27037692	0.02020198	0.9624637	-2.7273352e-17	0	371.2633
2.0024999999998646e-10	0.27023774	0.019991605	0.9625079	-2.7273442e-17	0	371.2633
2.0034999999998644e-10	0.2701007	0.019780455	0.9625514	-2.7273526e-17	0	371.2633
2.0044999999998642e-10	0.26996577	0.019568553	0.96259433	-2.727361e-17	0	371.2633
2.005499999999864e-10	0.26983297	0.01935592	0.96263665	-2.72737e-17	0	371.2633
2.0064999999998638e-10	0.26970232	0.019142568	0.96267825	-2.727379e-17	0	371.2633
2.0074999999998636e-10	0.26957378	0.01892853	0.96271926	-2.727387e-17	0	371.2633
2.0084999999998634e-10	0.26944733	0.018713815	0.9627595	-2.7273955e-17	0	371.2633
2.0094999999998631e-10	0.26932308	0.018498449	0.9627991	-2.7274046e-17	0	371.2633
2.010499999999863e-10	0.26920092	0.018282454	0.9628382	-2.727412e-17	0	371.2633
2.0114999999998627e-10	0.26908094	0.018065846	0.9628765	-2.7274211e-17	0	371.2633
2.0124999999998625e-10	0.26896307	0.017848646	0.9629142	-2.7274294e-17	0	371.2633
2.0134999999998623e-10	0.26884735	0.017630877	0.96295124	-2.7274372e-17	0	371.2633
2.014499999999862e-10	0.26873374	0.017412553	0.96298754	-2.727445e-17	0	371.2633
2.015499999999862e-10	0.26862228	0.017193705	0.96302325	-2.7274539e-17	0	371.2633
2.0164999999998617e-10	0.2685063	0.016997367	0.9630598	-2.787001e-17	0	368.39584
2.0174999999998615e-10	0.26838547	0.016823398	0.9630971	-2.7870067e-17	0	368.39584
2.0184999999998612e-10	0.2682664	0.016648723	0.96313405	-2.787014e-17	0	368.39584
2.019499999999861e-10	0.26814917	0.016473357	0.96317035	-2.7870203e-17	0	368.39584
2.0204999999998608e-10	0.26803374	0.016297324	0.9632062	-2.787026e-17	0	368.39584
2.0214999999998606e-10	0.26792014	0.01612064	0.9632413	-2.7870332e-17	0	368.39584
2.0224999999998604e-10	0.2678083	0.01594332	0.96327597	-2.787039e-17	0	368.39584
2.0234999999998602e-10	0.26769823	0.015765386	0.9633101	-2.7870458e-17	0	368.39584
2.02449999999986e-10	0.26759005	0.015586851	0.96334374	-2.7870514e-17	0	368.39584
2.0254999999998598e-10	0.26748365	0.015407736	0.9633768	-2.7870577e-17	0	368.39584
2.0264999999998596e-10	0.2673791	0.015228055	0.9634093	-2.7870636e-17	0	368.39584
2.0274999999998594e-10	0.26727632	0.01504783	0.9634412	-2.7870703e-17	0	368.39584
2.0284999999998591e-10	0.26717538	0.014867074	0.9634726	-2.7870756e-17	0	368.39584
2.029499999999859e-10	0.26707625	0.014685807	0.9635035	-2.7870812e-17	0	368.39584
2.0304999999998587e-10	0.26697895	0.014504047	0.9635338	-2.787088e-17	0	368.39584
2.0314999999998585e-10	0.26688343	0.01432181	0.9635635	-2.7870947e-17	0	368.39584
2.0324999999998583e-10	0.2667898	0.014139115	0.9635927	-2.7871007e-17	0	368.39584
2.033499999999858e-10	0.26669797	0.013955978	0.9636214	-2.7871063e-17	0	368.39584
2.034499999999858e-10	0.26660794	0.013772417	0.9636494	-2.7871116e-17	0	368.39584
2.0354999999998577e-10	0.26651976	0.01358845	0.96367705	-2.7871163e-17	0	368.39584
2.0364999999998575e-10	0.2664334	0.013404093	0.9637041	-2.7871235e-17	0	368.39584
2.0374999999998573e-10	0.26634884	0.013219364	0.9637305	-2.7871295e-17	0	368.39584
2.038499999999857e-10	0.2662661	0.01303428	0.9637564	-2.787136e-17	0	368.39584
2.0394999999998568e-10	0.26618522	0.012848858	0.9637817	-2.7871417e-17	0	368.39584
2.0404999999998566e-10	0.26610613	0.012663116	0.9638066	-2.7871464e-17	0	368.39584
2.0414999999998564e-10	0.26602888	0.01247707	0.9638308	-2.7871526e-17	0	368.39584
2.0424999999998562e-10	0.26595342	0.0122907385	0.96385455	-2.7871586e-17	0	368.39584
2.043499999999856e-10	0.2658798	0.012104138	0.9638778	-2.787164e-17	0	368.39584
2.0444999999998558e-10	0.26580802	0.011917286	0.96390027	-2.7871705e-17	0	368.39584
2.0454999999998556e-10	0.26573807	0.011730197	0.96392244	-2.7871765e-17	0	368.39584
2.0464999999998554e-10	0.26566988	0.011542893	0.9639439	-2.787181e-17	0	368.39584
2.0474999999998552e-10	0.26560354	0.011355382	0.9639649	-2.787187e-17	0	368.39584
2.048499999999855e-10	0.26553902	0.011167692	0.9639853	-2.7871917e-17	0	368.39584
2.0494999999998547e-10	0.2654763	0.01097983	0.96400523	-2.787198e-17	0	368.39584
2.0504999999998545e-10	0.26541537	0.01079182	0.9640246	-2.787203e-17	0	368.39584
2.0514999999998543e-10	0.26535624	0.010603675	0.9640435	-2.7872082e-17	0	368.39584
2.052499999999854e-10	0.26529896	0.010415411	0.9640617	-2.787214e-17	0	368.39584
2.053499999999854e-10	0.26524344	0.010227045	0.9640794	-2.7872185e-17	0	368.39584
2.0544999999998537e-10	0.26518974	0.010038597	0.96409655	-2.7872248e-17	0	368.39584
2.0554999999998535e-10	0.26513785	0.009850077	0.96411324	-2.7872294e-17	0	368.39584
2.0564999999998533e-10	0.26508772	0.009661507	0.9641293	-2.787236e-17	0	368.39584
2.057499999999853e-10	0.26503944	0.009472901	0.9641448	-2.787241e-17	0	368.39584
2.0584999999998528e-10	0.2649929	0.0092842765	0.96415985	-2.787246e-17	0	368.39584
2.0594999999998526e-10	0.26494813	0.009095648	0.9641744	-2.787251e-17	0	368.39584
2.0604999999998524e-10	0.26490515	0.008907032	0.9641883	-2.7872565e-17	0	368.39584
2.0614999999998522e-10	0.26486397	0.008718445	0.9642018	-2.7872605e-17	0	368.39584
2.062499999999852e-10	0.26482457	0.008529902	0.9642146	-2.787266e-17	0	368.39584
2.0634999999998518e-10	0.2647869	0.008341422	0.96422696	-2.7872714e-17	0	368.39584
2.0644999999998516e-10	0.26475102	0.008153017	0.9642388	-2.7872767e-17	0	368.39584
2.0654999999998514e-10	0.26471686	0.007964705	0.9642501	-2.7872817e-17	0	368.39584
2.0664999999998512e-10	0.2646845	0.0077764997	0.9642609	-2.787287e-17	0	368.39584
2.067499999999851e-10	0.26465386	0.00758842	0.96427107	-2.7872916e-17	0	368.39584
2.0684999999998507e-10	0.264625	0.0074004782	0.96428084	-2.787297e-17	0	368.39584
2.0694999999998505e-10	0.2645979	0.007212692	0.96429	-2.787301e-17	0	368.39584
2.0704999999998503e-10	0.2645725	0.0070250756	0.9642986	-2.787307e-17	0	368.39584
2.07149999999985e-10	0.26454887	0.0068376446	0.96430683	-2.787313e-17	0	368.39584
2.07249999999985e-10	0.2645269	0.0066504143	0.96431446	-2.7873178e-17	0	368.39584
2.0734999999998497e-10	0.26450673	0.0064634006	0.9643216	-2.7873224e-17	0	368.39584
2.0744999999998495e-10	0.26448822	0.0062766164	0.9643282	-2.7873273e-17	0	368.39584
2.0754999999998493e-10	0.26447144	0.0060900804	0.96433425	-2.7873317e-17	0	368.39584
2.076499999999849e-10	0.26445636	0.0059038033	0.96433985	-2.7873366e-17	0	368.39584
2.0774999999998488e-10	0.264443	0.0057178033	0.964345	-2.787342e-17	0	368.39584
2.0784999999998486e-10	0.26443133	0.005532093	0.9643495	-2.7873465e-17	0	368.39584
2.0794999999998484e-10	0.26442134	0.0053466875	0.9643535	-2.7873512e-17	0	368.39584
2.0804999999998482e-10	0.26441303	0.0051616025	0.9643571	-2.7873565e-17	0	368.39584
2.081499999999848e-10	0.26440638	0.004976851	0.9643602	-2.7873608e-17	0	368.39584
2.0824999999998478e-10	0.2644014	0.004792449	0.96436274	-2.787366e-17	0	368.39584
2.0834999999998476e-10	0.26439816	0.004608409	0.9643647	-2.7873704e-17	0	368.39584
2.0844999999998474e-10	0.2643965	0.004424747	0.96436626	-2.7873743e-17	0	368.39584
2.0854999999998472e-10	0.2643965	0.004241476	0.9643673	-2.78738e-17	0	368.39584
2.086499999999847e-10	0.26439813	0.00405861	0.96436787	-2.787384e-17	0	368.39584
2.0874999999998467e-10	0.26440147	0.0038761634	0.964368	-2.7873882e-17	0	368.39584
2.0884999999998465e-10	0.26440638	0.0036941504	0.9643676	-2.7873935e-17	0	368.39584
2.0894999999998463e-10	0.26441285	0.003512584	0.96436656	-2.7873975e-17	0	368.39584
2.090499999999846e-10	0.26442105	0.003331478	0.9643652	-2.7874018e-17	0	368.39584
2.091499999999846e-10	0.2644308	0.0031508466	0.9643634	-2.7874078e-17	0	368.39584
2.0924999999998457e-10	0.26444215	0.0029707025	0.964361	-2.787411e-17	0	368.39584
2.0934999999998455e-10	0.2644551	0.0027910594	0.96435815	-2.7874157e-17	0	368.39584
2.0944999999998453e-10	0.26446962	0.00261193	0.9643549	-2.787421e-17	0	368.39584
2.095499999999845e-10	0.26448575	0.0024333284	0.96435106	-2.7874263e-17	0	368.39584
2.0964999999998449e-10	0.26450345	0.0022552672	0.9643468	-2.78743e-17	0	368.39584
2.0974999999998446e-10	0.26452267	0.002077759	0.9643421	-2.7874332e-17	0	368.39584
2.0984999999998444e-10	0.26454344	0.0019008177	0.964337	-2.7874392e-17	0	368.39584
2.0994999999998442e-10	0.2645658	0.0017244553	0.9643312	-2.787443e-17	0	368.39584
2.100499999999844e-10	0.26458967	0.0015486844	0.9643252	-2.787448e-17	0	368.39584
2.1014999999998438e-10	0.26461506	0.0013735181	0.9643187	-2.7874527e-17	0	368.39584
2.1024999999998436e-10	0.26464197	0.0011989683	0.96431166	-2.7874557e-17	0	368.39584
2.1034999999998434e-10	0.26467037	0.0010250473	0.96430415	-2.787461e-17	0	368.39584
2.1044999999998432e-10	0.2647003	0.00085176766	0.9642962	-2.7874647e-17	0	368.39584
2.105499999999843e-10	0.26473173	0.00067914126	0.9642879	-2.7874686e-17	0	368.39584
2.1064999999998427e-10	0.26476464	0.00050718075	0.96427894	-2.787473e-17	0	368.39584
2.1074999999998425e-10	0.264799	0.00033589714	0.96426976	-2.7874782e-17	0	368.39584
2.1084999999998423e-10	0.26483485	0.00016530277	0.9642601	-2.7874815e-17	0	368.39584
2.109499999999842e-10	0.26487213	-4.590722e-06	0.96424997	-2.7874852e-17	0	368.39584
2.110499999999842e-10	0.26491088	-0.00017377193	0.9642394	-2.78749e-17	0	368.39584
2.1114999999998417e-10	0.26495108	-0.00034222915	0.96422833	-2.7874948e-17	0	368.39584
2.1124999999998415e-10	0.26499268	-0.0005099511	0.9642168	-2.7874987e-17	0	368.39584
2.1134999999998413e-10	0.2650357	-0.0006769265	0.964205	-2.787503e-17	0	368.39584
2.114499999999841e-10	0.26508015	-0.00084314425	0.9641928	-2.7875064e-17	0	368.39584
2.1154999999998409e-10	0.26512596	-0.0010085935	0.96418005	-2.7875113e-17	0	368.39584
2.1164999999998406e-10	0.2651732	-0.0011732631	0.96416694	-2.7875156e-17	0	368.39584
2.1174999999998404e-10	0.26521194	-0.0012927324	0.9641562	-2.8451986e-17	0	365.64374
2.1184999999998402e-10	0.2652517	-0.0014115789	0.9641451	-2.8452022e-17	0	365.64374
2.11949999999984e-10	0.26529247	-0.0015297947	0.9641337	-2.8452042e-17	0	365.64374
2.1204999999998398e-10	0.2653342	-0.0016473723	0.9641222	-2.845206e-17	0	365.64374
2.1214999999998396e-10	0.26537693	-0.001764304	0.9641102	-2.845209e-17	0	365.64374
2.1224999999998394e-10	0.26542065	-0.0018805827	0.964098	-2.845211e-17	0	365.64374
2.1234999999998392e-10	0.26546532	-0.0019962003	0.9640854	-2.845213e-17	0	365.64374
2.124499999999839e-10	0.26551095	-0.00211115	0.9640727	-2.8452164e-17	0	365.64374
2.1254999999998388e-10	0.2655575	-0.0022254246	0.9640596	-2.8452177e-17	0	365.64374
2.1264999999998385e-10	0.265605	-0.0023390169	0.96404624	-2.845221e-17	0	365.64374
2.1274999999998383e-10	0.26565346	-0.0024519195	0.9640326	-2.8452237e-17	0	365.64374
2.128499999999838e-10	0.26570284	-0.002564126	0.9640187	-2.8452257e-17	0	365.64374
2.129499999999838e-10	0.26575312	-0.002675629	0.9640045	-2.845228e-17	0	365.64374
2.1304999999998377e-10	0.26580432	-0.0027864226	0.9639901	-2.8452307e-17	0	365.64374
2.1314999999998375e-10	0.26585642	-0.0028964994	0.96397537	-2.845232e-17	0	365.64374
2.1324999999998373e-10	0.2659094	-0.0030058527	0.9639604	-2.845235e-17	0	365.64374
2.133499999999837e-10	0.26596326	-0.0031144768	0.96394515	-2.845237e-17	0	365.64374
2.1344999999998369e-10	0.266018	-0.0032223645	0.96392965	-2.8452402e-17	0	365.64374
2.1354999999998367e-10	0.2660736	-0.0033295096	0.9639139	-2.845242e-17	0	365.64374
2.1364999999998364e-10	0.2661301	-0.0034359063	0.96389794	-2.8452446e-17	0	365.64374
2.1374999999998362e-10	0.2661874	-0.0035415478	0.9638816	-2.8452455e-17	0	365.64374
2.138499999999836e-10	0.26624554	-0.003646429	0.9638652	-2.8452482e-17	0	365.64374
2.1394999999998358e-10	0.26630452	-0.003750543	0.96384835	-2.8452512e-17	0	365.64374
2.1404999999998356e-10	0.26636434	-0.0038538845	0.96383137	-2.845253e-17	0	365.64374
2.1414999999998354e-10	0.26642495	-0.003956448	0.96381414	-2.8452558e-17	0	365.64374
2.1424999999998352e-10	0.2664864	-0.004058227	0.9637966	-2.8452568e-17	0	365.64374
2.143499999999835e-10	0.2665486	-0.004159217	0.963779	-2.8452598e-17	0	365.64374
2.1444999999998348e-10	0.26661164	-0.0042594112	0.963761	-2.8452627e-17	0	365.64374
2.1454999999998345e-10	0.26667544	-0.0043588053	0.96374285	-2.8452634e-17	0	365.64374
2.1464999999998343e-10	0.26674002	-0.004457394	0.9637244	-2.845265e-17	0	365.64374
2.147499999999834e-10	0.26680532	-0.0045551714	0.9637058	-2.8452687e-17	0	365.64374
2.148499999999834e-10	0.2668714	-0.004652133	0.96368694	-2.845272e-17	0	365.64374
2.1494999999998337e-10	0.2669382	-0.004748273	0.96366787	-2.8452727e-17	0	365.64374
2.1504999999998335e-10	0.26700577	-0.0048435885	0.96364856	-2.8452757e-17	0	365.64374
2.1514999999998333e-10	0.26707402	-0.004938072	0.96362907	-2.8452773e-17	0	365.64374
2.152499999999833e-10	0.267143	-0.0050317203	0.96360934	-2.84528e-17	0	365.64374
2.1534999999998329e-10	0.2672127	-0.005124529	0.9635894	-2.8452823e-17	0	365.64374
2.1544999999998327e-10	0.2672831	-0.0052164933	0.9635693	-2.845284e-17	0	365.64374
2.1554999999998324e-10	0.2673542	-0.005307608	0.963549	-2.8452862e-17	0	365.64374
2.1564999999998322e-10	0.26742595	-0.005397869	0.96352834	-2.8452886e-17	0	365.64374
2.157499999999832e-10	0.26749837	-0.0054872725	0.96350753	-2.8452895e-17	0	365.64374
2.1584999999998318e-10	0.26757145	-0.0055758148	0.9634867	-2.8452922e-17	0	365.64374
2.1594999999998316e-10	0.26764518	-0.0056634913	0.9634656	-2.845295e-17	0	365.64374
2.1604999999998314e-10	0.26771957	-0.0057502985	0.96344423	-2.8452968e-17	0	365.64374
2.1614999999998312e-10	0.26779458	-0.005836231	0.9634227	-2.8452985e-17	0	365.64374
2.162499999999831e-10	0.26787022	-0.0059212865	0.9634011	-2.8453008e-17	0	365.64374
2.1634999999998308e-10	0.26794645	-0.0060054604	0.96337914	-2.8453028e-17	0	365.64374
2.1644999999998306e-10	0.2680233	-0.0060887504	0.96335703	-2.8453048e-17	0	365.64374
2.1654999999998303e-10	0.26810077	-0.006171152	0.9633349	-2.8453064e-17	0	365.64374
2.1664999999998301e-10	0.26817882	-0.0062526627	0.9633124	-2.845309e-17	0	365.64374
2.16749999999983e-10	0.2682574	-0.006333278	0.96328986	-2.845311e-17	0	365.64374
2.1684999999998297e-10	0.2683366	-0.006412995	0.963267	-2.8453127e-17	0	365.64374
2.1694999999998295e-10	0.26841632	-0.006491811	0.96324414	-2.8453147e-17	0	365.64374
2.1704999999998293e-10	0.26849663	-0.0065697227	0.9632211	-2.8453163e-17	0	365.64374
2.171499999999829e-10	0.26857743	-0.0066467277	0.96319795	-2.845319e-17	0	365.64374
2.172499999999829e-10	0.26865882	-0.006722823	0.96317446	-2.8453203e-17	0	365.64374
2.1734999999998287e-10	0.26874065	-0.006798005	0.96315086	-2.8453233e-17	0	365.64374
2.1744999999998285e-10	0.2688231	-0.0068722717	0.96312714	-2.845325e-17	0	365.64374
2.1754999999998282e-10	0.26890594	-0.0069456208	0.9631033	-2.8453256e-17	0	365.64374
2.176499999999828e-10	0.26898932	-0.0070180497	0.9630794	-2.8453286e-17	0	365.64374
2.1774999999998278e-10	0.2690732	-0.0070895553	0.96305513	-2.8453306e-17	0	365.64374
2.1784999999998276e-10	0.26915753	-0.0071601365	0.9630308	-2.845334e-17	0	365.64374
2.1794999999998274e-10	0.26924232	-0.0072297896	0.96300644	-2.845335e-17	0	365.64374
2.1804999999998272e-10	0.26932755	-0.0072985142	0.9629818	-2.845336e-17	0	365.64374
2.181499999999827e-10	0.26941326	-0.007366307	0.9629572	-2.8453385e-17	0	365.64374
2.1824999999998268e-10	0.26949942	-0.007433167	0.9629323	-2.8453408e-17	0	365.64374
2.1834999999998266e-10	0.26958597	-0.0074990913	0.9629074	-2.8453415e-17	0	365.64374
2.1844999999998263e-10	0.26967293	-0.00756408	0.9628823	-2.8453438e-17	0	365.64374
2.1854999999998261e-10	0.2697603	-0.00762813	0.96285707	-2.8453468e-17	0	365.64374
2.186499999999826e-10	0.2698481	-0.00769124	0.96283174	-2.8453498e-17	0	365.64374
2.1874999999998257e-10	0.26993626	-0.007753407	0.96280634	-2.8453498e-17	0	365.64374
2.1884999999998255e-10	0.2700248	-0.007814633	0.9627807	-2.8453524e-17	0	365.64374
2.1894999999998253e-10	0.27011374	-0.0078749135	0.9627551	-2.8453544e-17	0	365.64374
2.190499999999825e-10	0.27020302	-0.00793425	0.9627292	-2.8453554e-17	0	365.64374
2.191499999999825e-10	0.27029264	-0.007992639	0.96270335	-2.845359e-17	0	365.64374
2.1924999999998247e-10	0.27038264	-0.008050081	0.9626774	-2.8453604e-17	0	365.64374
2.1934999999998245e-10	0.2704729	-0.008106575	0.9626513	-2.8453613e-17	0	365.64374
2.1944999999998242e-10	0.2705635	-0.00816212	0.9626251	-2.8453623e-17	0	365.64374
2.195499999999824e-10	0.27065447	-0.0082167145	0.96259886	-2.8453647e-17	0	365.64374
2.1964999999998238e-10	0.27074572	-0.008270358	0.9625725	-2.845367e-17	0	365.64374
2.1974999999998236e-10	0.27083725	-0.008323051	0.962546	-2.8453676e-17	0	365.64374
2.1984999999998234e-10	0.27092907	-0.0083747925	0.9625194	-2.845371e-17	0	365.64374
2.1994999999998232e-10	0.2710212	-0.00842558	0.9624928	-2.8453716e-17	0	365.64374
2.200499999999823e-10	0.27111354	-0.008475417	0.9624661	-2.8453733e-17	0	365.64374
2.2014999999998228e-10	0.27120617	-0.008524301	0.96243936	-2.845376e-17	0	365.64374
2.2024999999998226e-10	0.27129906	-0.008572232	0.9624124	-2.845378e-17	0	365.64374
2.2034999999998224e-10	0.27139214	-0.008619211	0.9623856	-2.845379e-17	0	365.64374
2.2044999999998221e-10	0.2714855	-0.008665236	0.9623584	-2.845382e-17	0	365.64374
2.205499999999822e-10	0.27157906	-0.008710308	0.9623315	-2.8453835e-17	0	365.64374
2.2064999999998217e-10	0.27167284	-0.0087544285	0.96230423	-2.8453845e-17	0	365.64374
2.2074999999998215e-10	0.27176684	-0.008797594	0.96227705	-2.8453865e-17	0	365.64374
2.2084999999998213e-10	0.27186096	-0.00883981	0.96224976	-2.845388e-17	0	365.64374
2.209499999999821e-10	0.2719554	-0.008881074	0.9622225	-2.8453905e-17	0	365.64374
2.210499999999821e-10	0.2720499	-0.008921386	0.9621951	-2.845392e-17	0	365.64374
2.2114999999998207e-10	0.2721446	-0.008960749	0.9621676	-2.845393e-17	0	365.64374
2.2124999999998205e-10	0.27223948	-0.008999161	0.9621402	-2.8453954e-17	0	365.64374
2.2134999999998203e-10	0.2723345	-0.009036625	0.9621127	-2.845397e-17	0	365.64374
2.21449999999982e-10	0.27242965	-0.00907314	0.96208507	-2.8453987e-17	0	365.64374
2.2154999999998198e-10	0.2725249	-0.009108708	0.9620574	-2.8454e-17	0	365.64374
2.2164999999998196e-10	0.27262032	-0.009143328	0.96202993	-2.8454024e-17	0	365.64374
2.2174999999998194e-10	0.27271163	-0.009154944	0.9620035	-2.900964e-17	0	363.00238
2.2184999999998192e-10	0.27279866	-0.0091436785	0.96197873	-2.9009654e-17	0	363.00238
2.219499999999819e-10	0.27288532	-0.009131636	0.9619538	-2.9009667e-17	0	363.00238
2.2204999999998188e-10	0.27297175	-0.0091188215	0.9619292	-2.9009674e-17	0	363.00238
2.2214999999998186e-10	0.27305782	-0.009105242	0.96190464	-2.900969e-17	0	363.00238
2.2224999999998184e-10	0.27314356	-0.0090908995	0.9618801	-2.9009707e-17	0	363.00238
2.2234999999998181e-10	0.273229	-0.0090758	0.96185565	-2.9009717e-17	0	363.00238
2.224499999999818e-10	0.27331412	-0.009059949	0.9618313	-2.9009734e-17	0	363.00238
2.2254999999998177e-10	0.2733989	-0.009043351	0.961807	-2.900975e-17	0	363.00238
2.2264999999998175e-10	0.27348334	-0.009026009	0.961783	-2.9009757e-17	0	363.00238
2.2274999999998173e-10	0.2735674	-0.00900793	0.96175885	-2.9009773e-17	0	363.00238
2.228499999999817e-10	0.27365118	-0.008989118	0.9617349	-2.9009787e-17	0	363.00238
2.229499999999817e-10	0.27373454	-0.008969579	0.96171105	-2.90098e-17	0	363.00238
2.2304999999998167e-10	0.27381754	-0.008949318	0.9616873	-2.900981e-17	0	363.00238
2.2314999999998165e-10	0.27390015	-0.00892834	0.96166366	-2.9009826e-17	0	363.00238
2.2324999999998163e-10	0.27398244	-0.008906649	0.9616401	-2.9009826e-17	0	363.00238
2.233499999999816e-10	0.27406433	-0.008884251	0.9616167	-2.9009856e-17	0	363.00238
2.2344999999998158e-10	0.27414584	-0.008861151	0.96159333	-2.9009863e-17	0	363.00238
2.2354999999998156e-10	0.2742269	-0.008837355	0.96157014	-2.900988e-17	0	363.00238
2.2364999999998154e-10	0.2743076	-0.008812868	0.961547	-2.9009886e-17	0	363.00238
2.2374999999998152e-10	0.27438793	-0.008787694	0.96152407	-2.9009902e-17	0	363.00238
2.238499999999815e-10	0.2744678	-0.00876184	0.9615011	-2.9009912e-17	0	363.00238
2.2394999999998148e-10	0.27454728	-0.008735312	0.9614785	-2.9009926e-17	0	363.00238
2.2404999999998146e-10	0.2746263	-0.008708113	0.9614557	-2.9009932e-17	0	363.00238
2.2414999999998144e-10	0.27470493	-0.0086802505	0.9614332	-2.900996e-17	0	363.00238
2.2424999999998142e-10	0.27478313	-0.008651729	0.9614107	-2.900996e-17	0	363.00238
2.243499999999814e-10	0.2748609	-0.008622555	0.9613885	-2.900998e-17	0	363.00238
2.2444999999998137e-10	0.2749382	-0.008592733	0.9613664	-2.9009985e-17	0	363.00238
2.2454999999998135e-10	0.2750151	-0.008562269	0.9613443	-2.9009995e-17	0	363.00238
2.2464999999998133e-10	0.27509147	-0.008531169	0.96132237	-2.901001e-17	0	363.00238
2.247499999999813e-10	0.27516744	-0.00849944	0.9613006	-2.9010025e-17	0	363.00238
2.248499999999813e-10	0.27524295	-0.008467084	0.961279	-2.9010028e-17	0	363.00238
2.2494999999998127e-10	0.275318	-0.00843411	0.96125734	-2.901005e-17	0	363.00238
2.2504999999998125e-10	0.2753926	-0.008400522	0.961236	-2.9010055e-17	0	363.00238
2.2514999999998123e-10	0.27546668	-0.008366328	0.9612147	-2.901006e-17	0	363.00238
2.252499999999812e-10	0.27554026	-0.00833153	0.9611937	-2.901008e-17	0	363.00238
2.2534999999998118e-10	0.27561337	-0.008296138	0.9611727	-2.90101e-17	0	363.00238
2.2544999999998116e-10	0.27568606	-0.008260154	0.96115184	-2.9010104e-17	0	363.00238
2.2554999999998114e-10	0.2757582	-0.008223588	0.96113116	-2.9010114e-17	0	363.00238
2.2564999999998112e-10	0.27582985	-0.008186442	0.9611106	-2.9010134e-17	0	363.00238
2.257499999999811e-10	0.27590096	-0.008148724	0.9610901	-2.9010144e-17	0	363.00238
2.2584999999998108e-10	0.27597162	-0.008110442	0.9610698	-2.9010157e-17	0	363.00238
2.2594999999998106e-10	0.2760418	-0.008071598	0.9610496	-2.9010167e-17	0	363.00238
2.2604999999998104e-10	0.27611142	-0.008032201	0.9610297	-2.9010177e-17	0	363.00238
2.2614999999998102e-10	0.27618054	-0.007992255	0.9610099	-2.9010184e-17	0	363.00238
2.26249999999981e-10	0.2762491	-0.007951766	0.96099013	-2.9010197e-17	0	363.00238
2.2634999999998097e-10	0.27631715	-0.007910743	0.9609706	-2.9010213e-17	0	363.00238
2.2644999999998095e-10	0.2763847	-0.007869189	0.96095115	-2.901022e-17	0	363.00238
2.2654999999998093e-10	0.2764517	-0.0078271115	0.96093196	-2.9010243e-17	0	363.00238
2.266499999999809e-10	0.2765182	-0.0077845156	0.9609128	-2.9010243e-17	0	363.00238
2.267499999999809e-10	0.27658412	-0.0077414094	0.96089387	-2.9010253e-17	0	363.00238
2.2684999999998087e-10	0.2766495	-0.007697799	0.96087515	-2.901027e-17	0	363.00238
2.2694999999998085e-10	0.27671432	-0.007653687	0.96085644	-2.9010273e-17	0	363.00238
2.2704999999998083e-10	0.27677867	-0.0076090847	0.96083796	-2.901029e-17	0	363.00238
2.271499999999808e-10	0.2768424	-0.0075639947	0.9608196	-2.9010306e-17	0	363.00238
2.2724999999998078e-10	0.27690557	-0.007518424	0.9608015	-2.9010313e-17	0	363.00238
2.2734999999998076e-10	0.27696818	-0.00747238	0.9607835	-2.901032e-17	0	363.00238
2.2744999999998074e-10	0.27703023	-0.007425868	0.96076566	-2.901034e-17	0	363.00238
2.2754999999998072e-10	0.27709174	-0.0073788944	0.9607479	-2.9010356e-17	0	363.00238
2.276499999999807e-10	0.27715266	-0.007331465	0.9607303	-2.901036e-17	0	363.00238
2.2774999999998068e-10	0.27721304	-0.007283587	0.9607131	-2.9010362e-17	0	363.00238
2.2784999999998066e-10	0.27727285	-0.0072352667	0.96069574	-2.9010372e-17	0	363.00238
2.2794999999998064e-10	0.27733204	-0.0071865106	0.96067876	-2.9010392e-17	0	363.00238
2.2804999999998062e-10	0.27739066	-0.0071373247	0.960662	-2.9010395e-17	0	363.00238
2.281499999999806e-10	0.2774487	-0.007087714	0.96064514	-2.9010402e-17	0	363.00238
2.2824999999998057e-10	0.27750617	-0.0070376876	0.9606287	-2.9010415e-17	0	363.00238
2.2834999999998055e-10	0.27756304	-0.006987249	0.96061224	-2.9010432e-17	0	363.00238
2.2844999999998053e-10	0.27761933	-0.0069364076	0.960596	-2.9010435e-17	0	363.00238
2.285499999999805e-10	0.27767503	-0.006885167	0.96058	-2.901045e-17	0	363.00238
2.286499999999805e-10	0.2777301	-0.0068335356	0.96056414	-2.9010455e-17	0	363.00238
2.2874999999998047e-10	0.27778462	-0.0067815175	0.9605485	-2.9010468e-17	0	363.00238
2.2884999999998045e-10	0.27783853	-0.0067291223	0.96053296	-2.9010485e-17	0	363.00238
2.2894999999998043e-10	0.27789184	-0.006676355	0.96051764	-2.9010485e-17	0	363.00238
2.290499999999804e-10	0.2779445	-0.0066232197	0.96050245	-2.90105e-17	0	363.00238
2.2914999999998039e-10	0.2779966	-0.0065697255	0.96048737	-2.9010505e-17	0	363.00238
2.2924999999998036e-10	0.2780481	-0.0065158783	0.9604726	-2.9010524e-17	0	363.00238
2.2934999999998034e-10	0.278099	-0.006461685	0.9604579	-2.9010534e-17	0	363.00238
2.2944999999998032e-10	0.27814928	-0.006407151	0.96044344	-2.9010528e-17	0	363.00238
2.295499999999803e-10	0.27819893	-0.006352283	0.9604291	-2.9010548e-17	0	363.00238
2.2964999999998028e-10	0.27824795	-0.0062970878	0.9604149	-2.9010548e-17	0	363.00238
2.2974999999998026e-10	0.27829638	-0.006241571	0.96040094	-2.901057e-17	0	363.00238
2.2984999999998024e-10	0.27834418	-0.0061857398	0.9603872	-2.901058e-17	0	363.00238
2.2994999999998022e-10	0.27839136	-0.0061296006	0.9603736	-2.901059e-17	0	363.00238
2.300499999999802e-10	0.27843794	-0.0060731582	0.96036017	-2.9010597e-17	0	363.00238
2.3014999999998017e-10	0.27848393	-0.006016423	0.9603468	-2.9010594e-17	0	363.00238
2.3024999999998015e-10	0.27852923	-0.0059593976	0.96033376	-2.9010614e-17	0	363.00238
2.3034999999998013e-10	0.2785739	-0.0059020896	0.960321	-2.901063e-17	0	363.00238
2.304499999999801e-10	0.27861798	-0.0058445055	0.9603082	-2.9010617e-17	0	363.00238
2.305499999999801e-10	0.2786614	-0.005786652	0.9602957	-2.901064e-17	0	363.00238
2.3064999999998007e-10	0.27870426	-0.0057285344	0.96028334	-2.9010644e-17	0	363.00238
2.3074999999998005e-10	0.27874646	-0.0056701605	0.96027106	-2.901067e-17	0	363.00238
2.3084999999998003e-10	0.27878797	-0.0056115356	0.9602591	-2.9010677e-17	0	363.00238
2.3094999999998e-10	0.27882892	-0.005552667	0.9602472	-2.901068e-17	0	363.00238
2.3104999999997999e-10	0.27886924	-0.005493561	0.9602356	-2.9010693e-17	0	363.00238
2.3114999999997996e-10	0.27890888	-0.005434223	0.96022415	-2.90107e-17	0	363.00238
2.3124999999997994e-10	0.27894792	-0.00537466	0.9602129	-2.901071e-17	0	363.00238
2.3134999999997992e-10	0.27898633	-0.0053148777	0.96020186	-2.9010716e-17	0	363.00238
2.314499999999799e-10	0.27902412	-0.0052548833	0.9601909	-2.901072e-17	0	363.00238
2.3154999999997988e-10	0.27906123	-0.0051946836	0.9601802	-2.901073e-17	0	363.00238
2.3164999999997986e-10	0.27909774	-0.0051342836	0.96016955	-2.9010736e-17	0	363.00238
2.3174999999997984e-10	0.27913353	-0.0050736894	0.9601593	-2.9010746e-17	0	363.00238
2.3184999999997982e-10	0.27915987	-0.004969787	0.96015185	-2.9545925e-17	0	360.46732
2.319499999999798e-10	0.27918512	-0.0048658857	0.9601449	-2.954594e-17	0	360.46732
2.3204999999997978e-10	0.27920935	-0.0047619957	0.96013796	-2.9545965e-17	0	360.46732
2.3214999999997975e-10	0.2792325	-0.0046581263	0.9601316	-2.9545978e-17	0	360.46732
2.3224999999997973e-10	0.27925467	-0.0045542885	0.9601254	-2.954599e-17	0	360.46732
2.323499999999797e-10	0.27927577	-0.0044504907	0.9601195	-2.9546015e-17	0	360.46732
2.324499999999797e-10	0.27929592	-0.0043467428	0.9601138	-2.9546025e-17	0	360.46732
2.3254999999997967e-10	0.279315	-0.0042430554	0.9601085	-2.9546038e-17	0	360.46732
2.3264999999997965e-10	0.27933303	-0.004139436	0.9601035	-2.9546058e-17	0	360.46732
2.3274999999997963e-10	0.27935007	-0.004035895	0.9600987	-2.954607e-17	0	360.46732
2.328499999999796e-10	0.2793661	-0.0039324425	0.9600943	-2.9546094e-17	0	360.46732
2.3294999999997964e-10	0.27938113	-0.0038290864	0.96009004	-2.9546104e-17	0	360.46732
2.3304999999997967e-10	0.2793951	-0.003725837	0.96008617	-2.9546127e-17	0	360.46732
2.331499999999797e-10	0.2794081	-0.0036227028	0.9600825	-2.9546137e-17	0	360.46732
2.3324999999997973e-10	0.2794201	-0.0035196939	0.9600792	-2.954615e-17	0	360.46732
2.3334999999997976e-10	0.2794311	-0.0034168186	0.9600761	-2.954617e-17	0	360.46732
2.334499999999798e-10	0.27944115	-0.0033140865	0.9600733	-2.9546177e-17	0	360.46732
2.335499999999798e-10	0.27945015	-0.003211506	0.9600708	-2.9546203e-17	0	360.46732
2.3364999999997985e-10	0.2794582	-0.0031090863	0.9600686	-2.95462e-17	0	360.46732
2.337499999999799e-10	0.27946523	-0.0030068362	0.9600667	-2.954623e-17	0	360.46732
2.338499999999799e-10	0.27947128	-0.0029047648	0.96006495	-2.9546256e-17	0	360.46732
2.3394999999997994e-10	0.27947637	-0.002802881	0.96006364	-2.954627e-17	0	360.46732
2.3404999999998e-10	0.27948052	-0.0027011924	0.9600625	-2.9546286e-17	0	360.46732
2.3414999999998e-10	0.27948368	-0.0025997092	0.9600617	-2.9546293e-17	0	360.46732
2.3424999999998004e-10	0.27948588	-0.0024984386	0.9600611	-2.9546322e-17	0	360.46732
2.3434999999998007e-10	0.2794871	-0.00239739	0.9600608	-2.954632e-17	0	360.46732
2.344499999999801e-10	0.27948737	-0.0022965716	0.96006066	-2.954633e-17	0	360.46732
2.3454999999998013e-10	0.27948672	-0.002195992	0.9600609	-2.954635e-17	0	360.46732
2.3464999999998016e-10	0.27948508	-0.002095659	0.96006143	-2.9546372e-17	0	360.46732
2.347499999999802e-10	0.27948254	-0.0019955814	0.96006215	-2.954638e-17	0	360.46732
2.348499999999802e-10	0.27947903	-0.0018957675	0.96006316	-2.95464e-17	0	360.46732
2.3494999999998025e-10	0.27947462	-0.0017962249	0.96006453	-2.9546402e-17	0	360.46732
2.350499999999803e-10	0.27946922	-0.0016969622	0.9600661	-2.9546418e-17	0	360.46732
2.351499999999803e-10	0.27946296	-0.0015979871	0.96006787	-2.9546435e-17	0	360.46732
2.3524999999998034e-10	0.27945578	-0.0014993082	0.96006995	-2.954645e-17	0	360.46732
2.3534999999998037e-10	0.27944764	-0.0014009328	0.9600722	-2.9546458e-17	0	360.46732
2.354499999999804e-10	0.27943864	-0.0013028687	0.96007484	-2.954647e-17	0	360.46732
2.3554999999998044e-10	0.27942872	-0.0012051241	0.9600777	-2.9546494e-17	0	360.46732
2.3564999999998047e-10	0.2794179	-0.0011077062	0.9600808	-2.954651e-17	0	360.46732
2.357499999999805e-10	0.2794062	-0.0010106231	0.96008426	-2.9546524e-17	0	360.46732
2.3584999999998053e-10	0.27939358	-0.00091388216	0.9600877	-2.954654e-17	0	360.46732
2.3594999999998056e-10	0.27938008	-0.00081749103	0.9600916	-2.954655e-17	0	360.46732
2.360499999999806e-10	0.27936572	-0.00072145707	0.9600957	-2.954656e-17	0	360.46732
2.361499999999806e-10	0.27935046	-0.00062578794	0.9601	-2.9546584e-17	0	360.46732
2.3624999999998065e-10	0.27933437	-0.00053049065	0.9601046	-2.9546597e-17	0	360.46732
2.363499999999807e-10	0.27931738	-0.0004355727	0.9601095	-2.9546604e-17	0	360.46732
2.364499999999807e-10	0.2792996	-0.00034104087	0.9601145	-2.9546623e-17	0	360.46732
2.3654999999998074e-10	0.2792809	-0.00024690252	0.9601198	-2.954663e-17	0	360.46732
2.3664999999998077e-10	0.27926138	-0.00015316473	0.9601253	-2.954665e-17	0	360.46732
2.367499999999808e-10	0.27924103	-5.9834303e-05	0.9601311	-2.9546673e-17	0	360.46732
2.3684999999998083e-10	0.2792198	3.3081596e-05	0.96013707	-2.9546676e-17	0	360.46732
2.3694999999998086e-10	0.2791978	0.00012557626	0.96014345	-2.9546683e-17	0	360.46732
2.370499999999809e-10	0.27917495	0.00021764297	0.9601499	-2.9546693e-17	0	360.46732
2.3714999999998093e-10	0.27915132	0.00030927494	0.9601567	-2.9546723e-17	0	360.46732
2.3724999999998096e-10	0.27912682	0.00040046574	0.96016365	-2.9546733e-17	0	360.46732
2.37349999999981e-10	0.27910155	0.00049120846	0.96017075	-2.9546733e-17	0	360.46732
2.37449999999981e-10	0.2790755	0.00058149686	0.96017814	-2.9546753e-17	0	360.46732
2.3754999999998105e-10	0.27904862	0.00067132455	0.96018577	-2.9546762e-17	0	360.46732
2.376499999999811e-10	0.27902094	0.0007606851	0.96019363	-2.9546776e-17	0	360.46732
2.377499999999811e-10	0.27899253	0.00084957236	0.96020174	-2.9546792e-17	0	360.46732
2.3784999999998114e-10	0.27896333	0.00093798013	0.96020997	-2.9546792e-17	0	360.46732
2.3794999999998117e-10	0.27893335	0.001025902	0.9602184	-2.954681e-17	0	360.46732
2.380499999999812e-10	0.27890262	0.0011133321	0.96022725	-2.954683e-17	0	360.46732
2.3814999999998123e-10	0.27887112	0.0012002648	0.9602362	-2.9546845e-17	0	360.46732
2.3824999999998126e-10	0.27883887	0.0012866935	0.96024525	-2.954685e-17	0	360.46732
2.383499999999813e-10	0.27880588	0.0013726129	0.96025467	-2.954686e-17	0	360.46732
2.384499999999813e-10	0.27877218	0.0014580172	0.96026427	-2.9546878e-17	0	360.46732
2.3854999999998136e-10	0.27873775	0.0015429005	0.960274	-2.9546885e-17	0	360.46732
2.386499999999814e-10	0.27870256	0.0016272574	0.96028394	-2.9546905e-17	0	360.46732
2.387499999999814e-10	0.27866668	0.0017110824	0.9602942	-2.9546918e-17	0	360.46732
2.3884999999998145e-10	0.27863008	0.0017943697	0.9603046	-2.9546934e-17	0	360.46732
2.389499999999815e-10	0.27859277	0.0018771142	0.9603151	-2.954694e-17	0	360.46732
2.390499999999815e-10	0.27855474	0.0019593108	0.96032596	-2.9546954e-17	0	360.46732
2.3914999999998154e-10	0.27851608	0.0020409534	0.9603369	-2.954696e-17	0	360.46732
2.3924999999998157e-10	0.27847672	0.002122038	0.96034807	-2.9546974e-17	0	360.46732
2.393499999999816e-10	0.27843666	0.0022025583	0.96035933	-2.9546994e-17	0	360.46732
2.3944999999998163e-10	0.27839595	0.0022825105	0.9603709	-2.9547004e-17	0	360.46732
2.3954999999998166e-10	0.27835456	0.002361889	0.9603827	-2.9547014e-17	0	360.46732
2.396499999999817e-10	0.27831253	0.002440689	0.9603946	-2.9547024e-17	0	360.46732
2.397499999999817e-10	0.27826983	0.0025189058	0.9604068	-2.9547037e-17	0	360.46732
2.3984999999998175e-10	0.27822652	0.0025965348	0.9604192	-2.954705e-17	0	360.46732
2.399499999999818e-10	0.27818257	0.002673571	0.9604316	-2.9547064e-17	0	360.46732
2.400499999999818e-10	0.27813798	0.0027500098	0.96044415	-2.954707e-17	0	360.46732
2.4014999999998185e-10	0.27809274	0.0028258476	0.96045697	-2.9547087e-17	0	360.46732
2.402499999999819e-10	0.2780469	0.002901079	0.9604699	-2.95471e-17	0	360.46732
2.403499999999819e-10	0.2780005	0.0029757002	0.96048325	-2.9547103e-17	0	360.46732
2.4044999999998194e-10	0.27795345	0.0030497068	0.9604965	-2.9547113e-17	0	360.46732
2.4054999999998197e-10	0.2779058	0.0031230946	0.96051	-2.954712e-17	0	360.46732
2.40649999999982e-10	0.27785763	0.0031958595	0.9605237	-2.9547146e-17	0	360.46732
2.4074999999998203e-10	0.27780885	0.0032679976	0.9605376	-2.9547153e-17	0	360.46732
2.4084999999998206e-10	0.2777595	0.0033395048	0.9605516	-2.9547163e-17	0	360.46732
2.409499999999821e-10	0.27770954	0.003410377	0.96056575	-2.9547176e-17	0	360.46732
2.410499999999821e-10	0.27765906	0.0034806114	0.96058	-2.9547186e-17	0	360.46732
2.4114999999998215e-10	0.27760804	0.0035502033	0.96059453	-2.9547193e-17	0	360.46732
2.412499999999822e-10	0.27755645	0.0036191493	0.96060914	-2.9547206e-17	0	360.46732
2.413499999999822e-10	0.27750432	0.0036874455	0.9606239	-2.954723e-17	0	360.46732
2.4144999999998225e-10	0.2774517	0.0037550894	0.96063894	-2.9547226e-17	0	360.46732
2.415499999999823e-10	0.27739853	0.003822077	0.960654	-2.9547236e-17	0	360.46732
2.416499999999823e-10	0.27734488	0.0038884045	0.9606692	-2.9547255e-17	0	360.46732
2.4174999999998234e-10	0.2772907	0.0039540697	0.96068454	-2.9547262e-17	0	360.46732
2.4184999999998237e-10	0.2772262	0.004059745	0.96070266	-3.0062003e-17	0	358.04608
2.419499999999824e-10	0.27716082	0.0041645514	0.9607212	-3.006202e-17	0	358.04608
2.4204999999998243e-10	0.27709463	0.004268482	0.96073985	-3.006204e-17	0	358.04608
2.4214999999998246e-10	0.27702752	0.00437153	0.9607587	-3.0062056e-17	0	358.04608
2.422499999999825e-10	0.2769596	0.00447369	0.9607778	-3.006208e-17	0	358.04608
2.423499999999825e-10	0.27689087	0.004574957	0.9607972	-3.0062096e-17	0	358.04608
2.4244999999998255e-10	0.2768213	0.004675323	0.96081674	-3.0062126e-17	0	358.04608
2.425499999999826e-10	0.27675092	0.0047747847	0.96083665	-3.006214e-17	0	358.04608
2.426499999999826e-10	0.27667975	0.0048733344	0.9608566	-3.006216e-17	0	358.04608
2.4274999999998264e-10	0.27660778	0.004970968	0.96087676	-3.006219e-17	0	358.04608
2.428499999999827e-10	0.27653503	0.0050676786	0.9608974	-3.0062205e-17	0	358.04608
2.429499999999827e-10	0.27646154	0.0051634633	0.960918	-3.0062222e-17	0	358.04608
2.4304999999998274e-10	0.27638727	0.0052583143	0.96093893	-3.0062245e-17	0	358.04608
2.4314999999998277e-10	0.27631223	0.005352229	0.96096	-3.0062268e-17	0	358.04608
2.432499999999828e-10	0.27623653	0.005445201	0.96098125	-3.0062285e-17	0	358.04608
2.4334999999998283e-10	0.27616003	0.0055372254	0.9610028	-3.00623e-17	0	358.04608
2.4344999999998286e-10	0.27608284	0.005628298	0.9610246	-3.006232e-17	0	358.04608
2.435499999999829e-10	0.27600497	0.0057184147	0.96104646	-3.006234e-17	0	358.04608
2.436499999999829e-10	0.27592638	0.0058075697	0.96106845	-3.006237e-17	0	358.04608
2.4374999999998295e-10	0.2758471	0.00589576	0.9610908	-3.006238e-17	0	358.04608
2.43849999999983e-10	0.27576718	0.0059829806	0.9611132	-3.0062404e-17	0	358.04608
2.43949999999983e-10	0.2756866	0.0060692276	0.9611358	-3.0062417e-17	0	358.04608
2.4404999999998304e-10	0.27560538	0.006154496	0.9611587	-3.0062437e-17	0	358.04608
2.4414999999998307e-10	0.27552342	0.0062387846	0.96118164	-3.006246e-17	0	358.04608
2.442499999999831e-10	0.27544096	0.0063220863	0.9612048	-3.006249e-17	0	358.04608
2.4434999999998313e-10	0.27535784	0.0064044	0.9612282	-3.0062506e-17	0	358.04608
2.4444999999998317e-10	0.2752741	0.00648572	0.9612517	-3.006252e-17	0	358.04608
2.445499999999832e-10	0.27518976	0.006566045	0.9612754	-3.0062533e-17	0	358.04608
2.4464999999998323e-10	0.27510485	0.0066453707	0.9612992	-3.0062556e-17	0	358.04608
2.4474999999998326e-10	0.27501935	0.0067236926	0.9613232	-3.0062582e-17	0	358.04608
2.448499999999833e-10	0.27493328	0.006801009	0.9613473	-3.0062582e-17	0	358.04608
2.449499999999833e-10	0.27484667	0.0068773176	0.9613718	-3.0062612e-17	0	358.04608
2.4504999999998335e-10	0.27475953	0.0069526136	0.9613961	-3.0062625e-17	0	358.04608
2.451499999999834e-10	0.27467188	0.007026895	0.9614208	-3.006265e-17	0	358.04608
2.452499999999834e-10	0.27458367	0.0071001593	0.9614455	-3.0062662e-17	0	358.04608
2.4534999999998344e-10	0.27449495	0.007172404	0.96147037	-3.006268e-17	0	358.04608
2.4544999999998347e-10	0.27440575	0.0072436263	0.9614954	-3.0062705e-17	0	358.04608
2.455499999999835e-10	0.27431607	0.0073138243	0.9615205	-3.0062718e-17	0	358.04608
2.4564999999998353e-10	0.2742259	0.007382995	0.9615458	-3.0062738e-17	0	358.04608
2.4574999999998356e-10	0.2741353	0.007451137	0.9615712	-3.0062764e-17	0	358.04608
2.458499999999836e-10	0.2740442	0.0075182477	0.96159685	-3.0062784e-17	0	358.04608
2.459499999999836e-10	0.27395266	0.007584326	0.9616225	-3.0062794e-17	0	358.04608
2.4604999999998366e-10	0.2738607	0.0076493705	0.96164834	-3.0062807e-17	0	358.04608
2.461499999999837e-10	0.2737683	0.0077133775	0.9616742	-3.0062837e-17	0	358.04608
2.462499999999837e-10	0.2736755	0.007776346	0.9617002	-3.0062844e-17	0	358.04608
2.4634999999998375e-10	0.27358234	0.007838275	0.96172637	-3.0062874e-17	0	358.04608
2.464499999999838e-10	0.27348876	0.007899164	0.96175265	-3.0062893e-17	0	358.04608
2.465499999999838e-10	0.27339476	0.00795901	0.96177894	-3.0062893e-17	0	358.04608
2.4664999999998384e-10	0.27330047	0.008017814	0.96180546	-3.006293e-17	0	358.04608
2.4674999999998387e-10	0.2732058	0.008075573	0.961832	-3.0062946e-17	0	358.04608
2.468499999999839e-10	0.27311078	0.008132286	0.96185863	-3.006297e-17	0	358.04608
2.4694999999998393e-10	0.2730154	0.008187952	0.96188533	-3.0062976e-17	0	358.04608
2.4704999999998396e-10	0.2729197	0.008242574	0.96191216	-3.0062996e-17	0	358.04608
2.47149999999984e-10	0.2728237	0.008296146	0.96193916	-3.0063012e-17	0	358.04608
2.47249999999984e-10	0.2727274	0.00834867	0.9619661	-3.0063026e-17	0	358.04608
2.4734999999998405e-10	0.27263084	0.008400147	0.96199316	-3.006304e-17	0	358.04608
2.474499999999841e-10	0.27253395	0.008450574	0.9620203	-3.0063062e-17	0	358.04608
2.475499999999841e-10	0.27243677	0.008499952	0.96204764	-3.0063072e-17	0	358.04608
2.4764999999998415e-10	0.27233937	0.00854828	0.9620749	-3.00631e-17	0	358.04608
2.477499999999842e-10	0.27224174	0.008595559	0.96210223	-3.0063112e-17	0	358.04608
2.478499999999842e-10	0.27214384	0.00864179	0.96212965	-3.0063128e-17	0	358.04608
2.4794999999998424e-10	0.2720457	0.00868697	0.9621572	-3.0063148e-17	0	358.04608
2.4804999999998427e-10	0.27194735	0.008731103	0.9621847	-3.0063158e-17	0	358.04608
2.481499999999843e-10	0.2718488	0.0087741865	0.9622123	-3.006318e-17	0	358.04608
2.4824999999998433e-10	0.27175006	0.008816224	0.96224	-3.0063198e-17	0	358.04608
2.4834999999998436e-10	0.27165115	0.008857212	0.9622677	-3.0063208e-17	0	358.04608
2.484499999999844e-10	0.27155203	0.008897154	0.9622955	-3.0063214e-17	0	358.04608
2.485499999999844e-10	0.27145275	0.00893605	0.96232325	-3.0063244e-17	0	358.04608
2.4864999999998445e-10	0.27135333	0.008973902	0.9623512	-3.006326e-17	0	358.04608
2.487499999999845e-10	0.27125376	0.00901071	0.9623791	-3.0063284e-17	0	358.04608
2.488499999999845e-10	0.27115408	0.0090464745	0.962407	-3.00633e-17	0	358.04608
2.4894999999998455e-10	0.27105427	0.009081196	0.962435	-3.006332e-17	0	358.04608
2.490499999999846e-10	0.2709543	0.009114879	0.96246296	-3.0063327e-17	0	358.04608
2.491499999999846e-10	0.27085426	0.009147523	0.96249104	-3.006334e-17	0	358.04608
2.4924999999998464e-10	0.27075413	0.009179127	0.96251905	-3.006336e-17	0	358.04608
2.4934999999998467e-10	0.2706539	0.009209696	0.9625472	-3.0063367e-17	0	358.04608
2.494499999999847e-10	0.2705536	0.009239232	0.9625752	-3.006339e-17	0	358.04608
2.4954999999998473e-10	0.27045324	0.009267733	0.96260345	-3.0063413e-17	0	358.04608
2.4964999999998476e-10	0.27035284	0.009295205	0.9626315	-3.006342e-17	0	358.04608
2.497499999999848e-10	0.2702524	0.009321647	0.9626596	-3.006343e-17	0	358.04608
2.498499999999848e-10	0.2701519	0.009347062	0.96268785	-3.006345e-17	0	358.04608
2.4994999999998485e-10	0.27005142	0.009371451	0.96271604	-3.006347e-17	0	358.04608
2.500499999999849e-10	0.26995087	0.009394819	0.96274424	-3.0063476e-17	0	358.04608
2.501499999999849e-10	0.26985037	0.009417166	0.96277225	-3.00635e-17	0	358.04608
2.5024999999998494e-10	0.26974985	0.009438494	0.9628005	-3.006353e-17	0	358.04608
2.50349999999985e-10	0.26964936	0.009458808	0.9628286	-3.006352e-17	0	358.04608
2.50449999999985e-10	0.26954886	0.009478109	0.96285665	-3.0063542e-17	0	358.04608
2.5054999999998504e-10	0.26944843	0.009496398	0.9628849	-3.0063568e-17	0	358.04608
2.5064999999998507e-10	0.26934806	0.009513681	0.96291304	-3.0063575e-17	0	358.04608
2.507499999999851e-10	0.2692477	0.009529958	0.96294105	-3.0063585e-17	0	358.04608
2.5084999999998513e-10	0.26914746	0.009545232	0.9629691	-3.0063615e-17	0	358.04608
2.5094999999998516e-10	0.26904723	0.009559509	0.9629973	-3.0063615e-17	0	358.04608
2.510499999999852e-10	0.26894712	0.009572789	0.96302533	-3.0063628e-17	0	358.04608
2.511499999999852e-10	0.2688471	0.009585077	0.96305335	-3.0063658e-17	0	358.04608
2.5124999999998525e-10	0.26874718	0.009596374	0.96308124	-3.0063658e-17	0	358.04608
2.513499999999853e-10	0.2686474	0.0096066855	0.9631092	-3.006368e-17	0	358.04608
2.514499999999853e-10	0.2685477	0.009616015	0.9631372	-3.0063687e-17	0	358.04608
2.5154999999998534e-10	0.26844814	0.009624364	0.96316504	-3.00637e-17	0	358.04608
2.5164999999998537e-10	0.26834875	0.009631736	0.96319294	-3.0063727e-17	0	358.04608
2.517499999999854e-10	0.26824948	0.009638138	0.9632207	-3.006375e-17	0	358.04608
2.5184999999998544e-10	0.26814038	0.0096812975	0.9632509	-3.0562735e-17	0	355.72183
2.5194999999998547e-10	0.2680311	0.009723291	0.9632811	-3.0562752e-17	0	355.72183
2.520499999999855e-10	0.26792163	0.009764118	0.9633114	-3.056278e-17	0	355.72183
2.5214999999998553e-10	0.26781207	0.009803781	0.9633417	-3.05628e-17	0	355.72183
2.5224999999998556e-10	0.26770228	0.009842281	0.96337193	-3.056281e-17	0	355.72183
2.523499999999856e-10	0.26759243	0.009879619	0.96340245	-3.056282e-17	0	355.72183
2.524499999999856e-10	0.2674824	0.009915795	0.96343285	-3.056285e-17	0	355.72183
2.5254999999998565e-10	0.2673723	0.009950814	0.96346325	-3.0562874e-17	0	355.72183
2.526499999999857e-10	0.26726207	0.009984676	0.9634937	-3.0562884e-17	0	355.72183
2.527499999999857e-10	0.26715177	0.010017381	0.9635241	-3.0562904e-17	0	355.72183
2.5284999999998574e-10	0.2670414	0.010048932	0.9635546	-3.0562924e-17	0	355.72183
2.5294999999998577e-10	0.26693094	0.010079332	0.96358514	-3.0562937e-17	0	355.72183
2.530499999999858e-10	0.26682043	0.010108582	0.96361566	-3.0562964e-17	0	355.72183
2.5314999999998583e-10	0.26670992	0.010136683	0.96364623	-3.0562984e-17	0	355.72183
2.5324999999998586e-10	0.26659936	0.010163641	0.96367675	-3.0562997e-17	0	355.72183
2.533499999999859e-10	0.26648873	0.010189455	0.9637074	-3.0563013e-17	0	355.72183
2.5344999999998593e-10	0.26637816	0.010214128	0.9637379	-3.0563037e-17	0	355.72183
2.5354999999998596e-10	0.26626757	0.010237664	0.9637685	-3.0563046e-17	0	355.72183
2.53649999999986e-10	0.26615697	0.010260063	0.963799	-3.0563076e-17	0	355.72183
2.53749999999986e-10	0.26604643	0.010281331	0.9638295	-3.0563083e-17	0	355.72183
2.5384999999998605e-10	0.2659359	0.010301471	0.96386003	-3.0563106e-17	0	355.72183
2.539499999999861e-10	0.26582545	0.010320483	0.9638906	-3.0563116e-17	0	355.72183
2.540499999999861e-10	0.26571506	0.010338372	0.963921	-3.0563132e-17	0	355.72183
2.5414999999998614e-10	0.2656047	0.01035514	0.9639515	-3.0563166e-17	0	355.72183
2.5424999999998617e-10	0.26549444	0.010370792	0.9639821	-3.0563176e-17	0	355.72183
2.543499999999862e-10	0.26538426	0.010385333	0.96401244	-3.05632e-17	0	355.72183
2.5444999999998623e-10	0.2652742	0.01039876	0.9640428	-3.0563212e-17	0	355.72183
2.5454999999998626e-10	0.26516426	0.010411082	0.9640731	-3.056323e-17	0	355.72183
2.546499999999863e-10	0.2650544	0.010422302	0.9641035	-3.056325e-17	0	355.72183
2.547499999999863e-10	0.2649447	0.010432424	0.96413374	-3.056327e-17	0	355.72183
2.5484999999998636e-10	0.26483515	0.01044145	0.964164	-3.0563278e-17	0	355.72183
2.549499999999864e-10	0.26472574	0.010449386	0.96419424	-3.0563298e-17	0	355.72183
2.550499999999864e-10	0.26461652	0.010456235	0.9642244	-3.056331e-17	0	355.72183
2.5514999999998645e-10	0.26450744	0.010462	0.9642545	-3.056333e-17	0	355.72183
2.552499999999865e-10	0.26439855	0.010466687	0.96428466	-3.056335e-17	0	355.72183
2.553499999999865e-10	0.26428986	0.010470301	0.9643146	-3.056336e-17	0	355.72183
2.5544999999998654e-10	0.26418138	0.010472843	0.9643445	-3.0563384e-17	0	355.72183
2.5554999999998657e-10	0.26407313	0.010474321	0.9643743	-3.05634e-17	0	355.72183
2.556499999999866e-10	0.26396507	0.01047474	0.9644043	-3.0563427e-17	0	355.72183
2.5574999999998663e-10	0.26385728	0.010474102	0.96443397	-3.056344e-17	0	355.72183
2.5584999999998666e-10	0.26374972	0.010472412	0.96446365	-3.0563453e-17	0	355.72183
2.559499999999867e-10	0.2636424	0.010469676	0.9644932	-3.056347e-17	0	355.72183
2.560499999999867e-10	0.26353535	0.0104659	0.96452284	-3.0563487e-17	0	355.72183
2.5614999999998675e-10	0.2634286	0.010461086	0.9645523	-3.05635e-17	0	355.72183
2.562499999999868e-10	0.26332211	0.010455242	0.96458167	-3.056352e-17	0	355.72183
2.563499999999868e-10	0.2632159	0.010448371	0.96461105	-3.0563543e-17	0	355.72183
2.5644999999998685e-10	0.26310998	0.01044048	0.9646402	-3.0563546e-17	0	355.72183
2.565499999999869e-10	0.26300445	0.010431573	0.96466935	-3.056356e-17	0	355.72183
2.566499999999869e-10	0.26289916	0.010421656	0.9646984	-3.0563586e-17	0	355.72183
2.5674999999998694e-10	0.26279426	0.010410735	0.9647274	-3.05636e-17	0	355.72183
2.5684999999998697e-10	0.26268965	0.010398817	0.96475625	-3.0563606e-17	0	355.72183
2.56949999999987e-10	0.2625854	0.0103859035	0.964785	-3.0563635e-17	0	355.72183
2.5704999999998703e-10	0.2624815	0.010372003	0.96481365	-3.0563652e-17	0	355.72183
2.5714999999998706e-10	0.262378	0.010357121	0.96484226	-3.0563665e-17	0	355.72183
2.572499999999871e-10	0.26227486	0.010341264	0.96487075	-3.0563682e-17	0	355.72183
2.573499999999871e-10	0.2621721	0.010324436	0.96489906	-3.0563695e-17	0	355.72183
2.5744999999998715e-10	0.26206973	0.010306645	0.96492726	-3.0563705e-17	0	355.72183
2.575499999999872e-10	0.26196775	0.010287897	0.96495545	-3.056373e-17	0	355.72183
2.576499999999872e-10	0.26186618	0.010268197	0.9649835	-3.0563748e-17	0	355.72183
2.5774999999998725e-10	0.26176506	0.010247551	0.96501136	-3.0563758e-17	0	355.72183
2.578499999999873e-10	0.26166433	0.010225967	0.9650392	-3.0563774e-17	0	355.72183
2.579499999999873e-10	0.26156405	0.010203449	0.9650669	-3.056379e-17	0	355.72183
2.5804999999998734e-10	0.2614642	0.010180007	0.96509445	-3.0563807e-17	0	355.72183
2.5814999999998737e-10	0.26136482	0.010155644	0.96512187	-3.0563817e-17	0	355.72183
2.582499999999874e-10	0.26126587	0.010130367	0.9651491	-3.0563834e-17	0	355.72183
2.5834999999998743e-10	0.2611674	0.010104185	0.9651763	-3.0563847e-17	0	355.72183
2.5844999999998746e-10	0.26106942	0.010077104	0.9652034	-3.0563864e-17	0	355.72183
2.585499999999875e-10	0.2609719	0.010049128	0.96523017	-3.056388e-17	0	355.72183
2.586499999999875e-10	0.26087487	0.010020267	0.96525705	-3.0563897e-17	0	355.72183
2.5874999999998755e-10	0.26077834	0.009990527	0.9652836	-3.0563903e-17	0	355.72183
2.588499999999876e-10	0.26068234	0.009959915	0.9653102	-3.0563923e-17	0	355.72183
2.589499999999876e-10	0.2605868	0.009928437	0.9653365	-3.0563927e-17	0	355.72183
2.5904999999998764e-10	0.26049182	0.009896101	0.9653627	-3.056394e-17	0	355.72183
2.591499999999877e-10	0.26039734	0.009862914	0.96538883	-3.0563973e-17	0	355.72183
2.592499999999877e-10	0.26030344	0.009828882	0.9654147	-3.056398e-17	0	355.72183
2.5934999999998774e-10	0.26021007	0.009794014	0.9654405	-3.0563993e-17	0	355.72183
2.5944999999998777e-10	0.26011723	0.009758317	0.9654661	-3.0564003e-17	0	355.72183
2.595499999999878e-10	0.2600249	0.009721798	0.96549153	-3.056402e-17	0	355.72183
2.5964999999998783e-10	0.2599332	0.009684463	0.96551687	-3.056404e-17	0	355.72183
2.5974999999998786e-10	0.25984204	0.009646322	0.96554196	-3.0564042e-17	0	355.72183
2.598499999999879e-10	0.25975147	0.009607378	0.9655671	-3.0564066e-17	0	355.72183
2.599499999999879e-10	0.25966147	0.009567644	0.96559185	-3.0564082e-17	0	355.72183
2.6004999999998795e-10	0.2595721	0.009527125	0.96561664	-3.0564092e-17	0	355.72183
2.60149999999988e-10	0.25948325	0.00948583	0.96564114	-3.0564102e-17	0	355.72183
2.60249999999988e-10	0.25939503	0.009443764	0.96566546	-3.0564112e-17	0	355.72183
2.6034999999998804e-10	0.2593074	0.009400937	0.9656896	-3.0564138e-17	0	355.72183
2.6044999999998807e-10	0.25922045	0.009357354	0.9657136	-3.0564148e-17	0	355.72183
2.605499999999881e-10	0.25913405	0.0093130255	0.9657375	-3.0564158e-17	0	355.72183
2.6064999999998813e-10	0.25904828	0.00926796	0.9657611	-3.0564158e-17	0	355.72183
2.6074999999998817e-10	0.2589632	0.009222162	0.96578467	-3.0564188e-17	0	355.72183
2.608499999999882e-10	0.25887874	0.009175641	0.9658081	-3.0564188e-17	0	355.72183
2.6094999999998823e-10	0.25879487	0.009128408	0.96583116	-3.0564218e-17	0	355.72183
2.6104999999998826e-10	0.25871167	0.009080466	0.9658542	-3.056423e-17	0	355.72183
2.611499999999883e-10	0.25862914	0.009031826	0.96587694	-3.0564244e-17	0	355.72183
2.612499999999883e-10	0.25854725	0.008982495	0.9658996	-3.0564257e-17	0	355.72183
2.6134999999998835e-10	0.25846604	0.008932481	0.96592194	-3.056426e-17	0	355.72183
2.614499999999884e-10	0.25838554	0.008881793	0.9659442	-3.056427e-17	0	355.72183
2.615499999999884e-10	0.25830564	0.008830437	0.9659663	-3.056428e-17	0	355.72183
2.6164999999998844e-10	0.25822645	0.008778426	0.96598816	-3.0564307e-17	0	355.72183
2.6174999999998847e-10	0.25814795	0.008725763	0.96600986	-3.0564317e-17	0	355.72183
2.618499999999885e-10	0.25806093	0.008707467	0.96603346	-3.104807e-17	0	353.49063
2.6194999999998853e-10	0.2579743	0.008688351	0.96605694	-3.1048075e-17	0	353.49063
2.6204999999998856e-10	0.25788802	0.008668422	0.96608055	-3.1048095e-17	0	353.49063
2.621499999999886e-10	0.25780216	0.008647684	0.96610373	-3.10481e-17	0	353.49063
2.622499999999886e-10	0.25771666	0.008626146	0.966127	-3.1048112e-17	0	353.49063
2.6234999999998866e-10	0.25763157	0.00860381	0.96615005	-3.1048115e-17	0	353.49063
2.624499999999887e-10	0.2575469	0.008580686	0.9661732	-3.104813e-17	0	353.49063
2.625499999999887e-10	0.25746265	0.008556777	0.966196	-3.1048148e-17	0	353.49063
2.6264999999998875e-10	0.25737885	0.008532089	0.9662187	-3.104816e-17	0	353.49063
2.627499999999888e-10	0.25729543	0.008506629	0.9662415	-3.1048165e-17	0	353.49063
2.628499999999888e-10	0.25721246	0.008480403	0.966264	-3.1048178e-17	0	353.49063
2.6294999999998884e-10	0.25712997	0.008453417	0.96628636	-3.1048195e-17	0	353.49063
2.6304999999998887e-10	0.2570479	0.008425677	0.96630865	-3.10482e-17	0	353.49063
2.631499999999889e-10	0.2569663	0.008397189	0.96633077	-3.104821e-17	0	353.49063
2.6324999999998893e-10	0.25688517	0.008367959	0.9663528	-3.104821e-17	0	353.49063
2.6334999999998896e-10	0.25680447	0.008337996	0.96637475	-3.104823e-17	0	353.49063
2.63449999999989e-10	0.2567243	0.008307304	0.9663966	-3.1048247e-17	0	353.49063
2.63549999999989e-10	0.25664458	0.00827589	0.9664182	-3.104825e-17	0	353.49063
2.6364999999998905e-10	0.25656536	0.00824376	0.9664398	-3.1048267e-17	0	353.49063
2.637499999999891e-10	0.2564866	0.008210922	0.96646106	-3.1048277e-17	0	353.49063
2.638499999999891e-10	0.2564084	0.008177381	0.96648234	-3.1048284e-17	0	353.49063
2.6394999999998915e-10	0.25633067	0.008143144	0.9665034	-3.1048297e-17	0	353.49063
2.640499999999892e-10	0.25625345	0.008108217	0.9665244	-3.1048307e-17	0	353.49063
2.641499999999892e-10	0.25617677	0.00807261	0.96654516	-3.1048324e-17	0	353.49063
2.6424999999998924e-10	0.2561006	0.008036325	0.96656585	-3.104832e-17	0	353.49063
2.6434999999998927e-10	0.256025	0.007999373	0.9665865	-3.1048347e-17	0	353.49063
2.644499999999893e-10	0.25594985	0.007961758	0.966607	-3.1048343e-17	0	353.49063
2.6454999999998933e-10	0.25587532	0.007923489	0.9666272	-3.1048367e-17	0	353.49063
2.6464999999998936e-10	0.2558013	0.007884572	0.96664727	-3.104837e-17	0	353.49063
2.647499999999894e-10	0.25572783	0.007845013	0.9666672	-3.1048383e-17	0	353.49063
2.648499999999894e-10	0.25565493	0.0078048212	0.96668696	-3.1048393e-17	0	353.49063
2.6494999999998945e-10	0.2555826	0.007764001	0.9667066	-3.10484e-17	0	353.49063
2.650499999999895e-10	0.2555108	0.007722561	0.96672606	-3.1048406e-17	0	353.49063
2.651499999999895e-10	0.25543958	0.007680509	0.9667455	-3.1048416e-17	0	353.49063
2.6524999999998955e-10	0.25536895	0.00763785	0.9667647	-3.1048426e-17	0	353.49063
2.653499999999896e-10	0.2552989	0.007594593	0.9667837	-3.104843e-17	0	353.49063
2.654499999999896e-10	0.2552294	0.007550744	0.96680254	-3.1048456e-17	0	353.49063
2.6554999999998964e-10	0.25516057	0.0075063114	0.96682125	-3.104846e-17	0	353.49063
2.6564999999998967e-10	0.25509226	0.007461302	0.9668398	-3.104846e-17	0	353.49063
2.657499999999897e-10	0.25502458	0.007415723	0.96685827	-3.104847e-17	0	353.49063
2.6584999999998973e-10	0.2549575	0.0073695816	0.9668764	-3.104849e-17	0	353.49063
2.6594999999998976e-10	0.25489104	0.007322884	0.9668945	-3.1048492e-17	0	353.49063
2.660499999999898e-10	0.25482517	0.00727564	0.9669124	-3.1048512e-17	0	353.49063
2.661499999999898e-10	0.25475994	0.0072278557	0.9669301	-3.1048515e-17	0	353.49063
2.6624999999998985e-10	0.25469533	0.0071795383	0.9669476	-3.1048522e-17	0	353.49063
2.663499999999899e-10	0.2546313	0.007130696	0.96696496	-3.1048545e-17	0	353.49063
2.664499999999899e-10	0.25456795	0.0070813345	0.9669822	-3.1048542e-17	0	353.49063
2.6654999999998994e-10	0.25450522	0.0070314636	0.96699923	-3.104855e-17	0	353.49063
2.6664999999999e-10	0.25444308	0.0069810897	0.9670161	-3.104856e-17	0	353.49063
2.6674999999999e-10	0.25438163	0.006930219	0.96703285	-3.104857e-17	0	353.49063
2.6684999999999004e-10	0.2543208	0.0068788617	0.96704936	-3.1048575e-17	0	353.49063
2.6694999999999007e-10	0.25426063	0.0068270233	0.9670657	-3.104858e-17	0	353.49063
2.670499999999901e-10	0.25420108	0.0067747133	0.967082	-3.1048598e-17	0	353.49063
2.6714999999999013e-10	0.2541422	0.0067219376	0.9670979	-3.1048598e-17	0	353.49063
2.6724999999999016e-10	0.254084	0.0066687022	0.96711373	-3.104862e-17	0	353.49063
2.673499999999902e-10	0.2540264	0.006615019	0.9671293	-3.1048618e-17	0	353.49063
2.674499999999902e-10	0.25396955	0.0065608923	0.9671447	-3.1048625e-17	0	353.49063
2.6754999999999025e-10	0.25391328	0.0065063313	0.9671601	-3.1048638e-17	0	353.49063
2.676499999999903e-10	0.2538577	0.0064513437	0.96717525	-3.104864e-17	0	353.49063
2.677499999999903e-10	0.2538028	0.006395935	0.9671901	-3.1048658e-17	0	353.49063
2.6784999999999034e-10	0.25374857	0.006340116	0.9672048	-3.1048674e-17	0	353.49063
2.6794999999999037e-10	0.25369504	0.0062838923	0.9672194	-3.1048678e-17	0	353.49063
2.680499999999904e-10	0.25364214	0.006227272	0.9672338	-3.1048688e-17	0	353.49063
2.6814999999999044e-10	0.25358996	0.0061702635	0.967248	-3.1048704e-17	0	353.49063
2.6824999999999047e-10	0.25353843	0.0061128736	0.967262	-3.1048697e-17	0	353.49063
2.683499999999905e-10	0.25348765	0.0060551097	0.9672759	-3.1048707e-17	0	353.49063
2.6844999999999053e-10	0.2534375	0.0059969816	0.96728945	-3.1048717e-17	0	353.49063
2.6854999999999056e-10	0.25338805	0.0059384946	0.9673029	-3.1048724e-17	0	353.49063
2.686499999999906e-10	0.25333926	0.005879658	0.9673162	-3.104873e-17	0	353.49063
2.687499999999906e-10	0.25329122	0.0058204783	0.9673293	-3.1048737e-17	0	353.49063
2.6884999999999065e-10	0.25324383	0.0057609635	0.9673422	-3.104875e-17	0	353.49063
2.689499999999907e-10	0.25319716	0.0057011223	0.96735483	-3.104876e-17	0	353.49063
2.690499999999907e-10	0.25315118	0.0056409617	0.9673673	-3.1048764e-17	0	353.49063
2.6914999999999074e-10	0.25310594	0.005580489	0.9673797	-3.1048767e-17	0	353.49063
2.6924999999999077e-10	0.25306138	0.0055197133	0.96739185	-3.104878e-17	0	353.49063
2.693499999999908e-10	0.2530175	0.0054586404	0.96740377	-3.1048783e-17	0	353.49063
2.6944999999999083e-10	0.25297433	0.0053972797	0.9674155	-3.1048793e-17	0	353.49063
2.6954999999999086e-10	0.25293186	0.005335638	0.967427	-3.10488e-17	0	353.49063
2.696499999999909e-10	0.2528901	0.0052737235	0.9674384	-3.1048813e-17	0	353.49063
2.6974999999999093e-10	0.2528491	0.0052115433	0.96744967	-3.1048823e-17	0	353.49063
2.6984999999999096e-10	0.25280875	0.0051491056	0.96746063	-3.1048833e-17	0	353.49063
2.69949999999991e-10	0.2527691	0.0050864173	0.9674714	-3.104884e-17	0	353.49063
2.70049999999991e-10	0.2527302	0.005023487	0.9674821	-3.1048843e-17	0	353.49063
2.7014999999999105e-10	0.252692	0.0049603223	0.96749246	-3.1048846e-17	0	353.49063
2.702499999999911e-10	0.25265452	0.0048969304	0.9675026	-3.1048856e-17	0	353.49063
2.703499999999911e-10	0.25261778	0.0048333183	0.9675126	-3.1048866e-17	0	353.49063
2.7044999999999114e-10	0.25258172	0.004769495	0.9675225	-3.104888e-17	0	353.49063
2.7054999999999117e-10	0.25254637	0.0047054677	0.96753216	-3.1048886e-17	0	353.49063
2.706499999999912e-10	0.25251174	0.0046412437	0.96754164	-3.1048893e-17	0	353.49063
2.7074999999999123e-10	0.25247782	0.0045768307	0.9675508	-3.1048896e-17	0	353.49063
2.7084999999999126e-10	0.25244462	0.0045122365	0.96756	-3.1048893e-17	0	353.49063
2.709499999999913e-10	0.25241214	0.004447468	0.9675688	-3.1048906e-17	0	353.49063
2.710499999999913e-10	0.2523804	0.0043825335	0.96757746	-3.1048916e-17	0	353.49063
2.7114999999999136e-10	0.25234935	0.00431744	0.967586	-3.1048926e-17	0	353.49063
2.712499999999914e-10	0.25231904	0.004252196	0.96759427	-3.104893e-17	0	353.49063
2.713499999999914e-10	0.25228938	0.0041868077	0.9676024	-3.1048936e-17	0	353.49063
2.7144999999999145e-10	0.2522605	0.0041212826	0.96761024	-3.1048946e-17	0	353.49063
2.715499999999915e-10	0.25223228	0.0040556295	0.967618	-3.1048962e-17	0	353.49063
2.716499999999915e-10	0.25220484	0.003989855	0.9676255	-3.1048965e-17	0	353.49063
2.7174999999999154e-10	0.25217807	0.003923966	0.96763283	-3.1048962e-17	0	353.49063
2.7184999999999157e-10	0.25214398	0.0038910229	0.96764195	-3.1516915e-17	0	351.3488
2.719499999999916e-10	0.25211024	0.0038578163	0.96765095	-3.1516928e-17	0	351.3488
2.7204999999999163e-10	0.25207698	0.0038243502	0.9676598	-3.1516918e-17	0	351.3488
2.7214999999999166e-10	0.25204408	0.0037906286	0.96766853	-3.151693e-17	0	351.3488
2.722499999999917e-10	0.2520116	0.0037566575	0.96767724	-3.1516938e-17	0	351.3488
2.723499999999917e-10	0.25197956	0.0037224416	0.9676858	-3.151693e-17	0	351.3488
2.7244999999999175e-10	0.2519479	0.0036879845	0.9676942	-3.1516945e-17	0	351.3488
2.725499999999918e-10	0.25191668	0.0036532918	0.96770257	-3.1516948e-17	0	351.3488
2.726499999999918e-10	0.25188586	0.0036183677	0.9677108	-3.1516958e-17	0	351.3488
2.7274999999999185e-10	0.25185546	0.0035832173	0.9677189	-3.151695e-17	0	351.3488
2.728499999999919e-10	0.25182548	0.0035478456	0.96772695	-3.1516964e-17	0	351.3488
2.729499999999919e-10	0.25179595	0.0035122568	0.9677348	-3.1516954e-17	0	351.3488
2.7304999999999194e-10	0.2517668	0.0034764563	0.96774256	-3.151696e-17	0	351.3488
2.7314999999999197e-10	0.2517381	0.0034404479	0.9677502	-3.151696e-17	0	351.3488
2.73249999999992e-10	0.25170985	0.003404237	0.9677578	-3.1516964e-17	0	351.3488
2.7334999999999203e-10	0.25168198	0.0033678287	0.9677653	-3.1516968e-17	0	351.3488
2.7344999999999206e-10	0.25165457	0.0033312268	0.9677725	-3.151697e-17	0	351.3488
2.735499999999921e-10	0.25162756	0.0032944367	0.96777976	-3.1516968e-17	0	351.3488
2.736499999999921e-10	0.25160098	0.0032574632	0.9677868	-3.1516988e-17	0	351.3488
2.7374999999999215e-10	0.25157484	0.003220311	0.9677937	-3.151698e-17	0	351.3488
2.738499999999922e-10	0.25154915	0.003182984	0.9678006	-3.1516978e-17	0	351.3488
2.739499999999922e-10	0.25152385	0.0031454884	0.96780735	-3.151699e-17	0	351.3488
2.7404999999999224e-10	0.25149903	0.0031078283	0.96781397	-3.1517004e-17	0	351.3488
2.741499999999923e-10	0.25147462	0.0030700082	0.96782047	-3.151699e-17	0	351.3488
2.742499999999923e-10	0.25145063	0.003032033	0.9678269	-3.1516988e-17	0	351.3488
2.7434999999999234e-10	0.25142714	0.0029939078	0.9678331	-3.151699e-17	0	351.3488
2.7444999999999237e-10	0.251404	0.002955637	0.9678394	-3.1516997e-17	0	351.3488
2.745499999999924e-10	0.25138134	0.0029172257	0.96784544	-3.1516997e-17	0	351.3488
2.7464999999999243e-10	0.2513591	0.0028786778	0.9678513	-3.151701e-17	0	351.3488
2.7474999999999246e-10	0.2513373	0.0028399988	0.96785706	-3.151702e-17	0	351.3488
2.748499999999925e-10	0.25131595	0.0028011927	0.96786284	-3.1517017e-17	0	351.3488
2.749499999999925e-10	0.25129503	0.0027622655	0.96786845	-3.1517024e-17	0	351.3488
2.7504999999999255e-10	0.25127456	0.0027232203	0.9678739	-3.1517014e-17	0	351.3488
2.751499999999926e-10	0.2512545	0.002684063	0.96787906	-3.1517037e-17	0	351.3488
2.752499999999926e-10	0.2512349	0.0026447976	0.9678844	-3.1517034e-17	0	351.3488
2.7534999999999264e-10	0.25121576	0.0026054292	0.9678895	-3.151704e-17	0	351.3488
2.754499999999927e-10	0.251197	0.002565962	0.96789455	-3.1517034e-17	0	351.3488
2.755499999999927e-10	0.25117868	0.0025264008	0.9678994	-3.1517047e-17	0	351.3488
2.7564999999999274e-10	0.25116086	0.0024867507	0.96790415	-3.1517034e-17	0	351.3488
2.7574999999999277e-10	0.25114346	0.0024470158	0.96790874	-3.1517044e-17	0	351.3488
2.758499999999928e-10	0.25112644	0.0024072009	0.96791327	-3.1517044e-17	0	351.3488
2.7594999999999283e-10	0.25110993	0.0023673105	0.9679177	-3.1517057e-17	0	351.3488
2.7604999999999286e-10	0.2510938	0.0023273493	0.96792203	-3.1517047e-17	0	351.3488
2.761499999999929e-10	0.25107816	0.002287322	0.9679262	-3.1517047e-17	0	351.3488
2.762499999999929e-10	0.25106293	0.0022472327	0.9679302	-3.1517054e-17	0	351.3488
2.7634999999999295e-10	0.25104815	0.0022070862	0.96793413	-3.1517067e-17	0	351.3488
2.76449999999993e-10	0.2510338	0.0021668875	0.96793795	-3.1517064e-17	0	351.3488
2.76549999999993e-10	0.25101987	0.0021266404	0.9679417	-3.1517074e-17	0	351.3488
2.7664999999999304e-10	0.2510064	0.0020863498	0.9679453	-3.1517074e-17	0	351.3488
2.7674999999999307e-10	0.25099334	0.0020460205	0.9679488	-3.151707e-17	0	351.3488
2.768499999999931e-10	0.25098073	0.0020056562	0.9679522	-3.151708e-17	0	351.3488
2.7694999999999313e-10	0.25096855	0.0019652618	0.9679554	-3.151707e-17	0	351.3488
2.7704999999999317e-10	0.25095683	0.0019248418	0.9679585	-3.151708e-17	0	351.3488
2.771499999999932e-10	0.2509455	0.0018844004	0.96796155	-3.151708e-17	0	351.3488
2.7724999999999323e-10	0.2509346	0.0018439421	0.9679644	-3.1517087e-17	0	351.3488
2.7734999999999326e-10	0.25092417	0.0018034714	0.96796715	-3.1517097e-17	0	351.3488
2.774499999999933e-10	0.25091416	0.0017629925	0.9679699	-3.1517087e-17	0	351.3488
2.775499999999933e-10	0.25090456	0.0017225097	0.9679725	-3.1517093e-17	0	351.3488
2.7764999999999335e-10	0.25089538	0.0016820276	0.9679748	-3.1517097e-17	0	351.3488
2.777499999999934e-10	0.25088668	0.0016415503	0.9679772	-3.1517093e-17	0	351.3488
2.778499999999934e-10	0.25087836	0.0016010823	0.9679795	-3.1517097e-17	0	351.3488
2.7794999999999344e-10	0.2508705	0.0015606275	0.9679815	-3.1517107e-17	0	351.3488
2.7804999999999347e-10	0.25086302	0.0015201906	0.9679835	-3.1517103e-17	0	351.3488
2.781499999999935e-10	0.25085598	0.0014797759	0.9679854	-3.1517107e-17	0	351.3488
2.7824999999999353e-10	0.25084937	0.0014393873	0.9679872	-3.1517107e-17	0	351.3488
2.7834999999999356e-10	0.25084317	0.0013990288	0.96798885	-3.151711e-17	0	351.3488
2.784499999999936e-10	0.2508374	0.001358705	0.96799034	-3.1517123e-17	0	351.3488
2.785499999999936e-10	0.25083202	0.0013184195	0.9679918	-3.151712e-17	0	351.3488
2.7864999999999366e-10	0.2508271	0.001278177	0.9679931	-3.1517127e-17	0	351.3488
2.787499999999937e-10	0.25082254	0.0012379813	0.9679943	-3.151712e-17	0	351.3488
2.788499999999937e-10	0.25081843	0.0011978365	0.9679954	-3.1517133e-17	0	351.3488
2.7894999999999375e-10	0.25081474	0.0011577467	0.9679965	-3.1517123e-17	0	351.3488
2.790499999999938e-10	0.25081146	0.001117716	0.9679972	-3.1517136e-17	0	351.3488
2.791499999999938e-10	0.2508086	0.001077748	0.967998	-3.1517136e-17	0	351.3488
2.7924999999999384e-10	0.25080615	0.0010378473	0.9679987	-3.1517143e-17	0	351.3488
2.7934999999999387e-10	0.25080407	0.0009980174	0.9679992	-3.151714e-17	0	351.3488
2.794499999999939e-10	0.25080243	0.0009582622	0.9679997	-3.151714e-17	0	351.3488
2.7954999999999393e-10	0.25080112	0.00091858587	0.96800005	-3.1517146e-17	0	351.3488
2.7964999999999396e-10	0.2508003	0.00087899214	0.9680003	-3.151714e-17	0	351.3488
2.79749999999994e-10	0.25079983	0.00083948474	0.9680003	-3.1517153e-17	0	351.3488
2.79849999999994e-10	0.25079978	0.0008000677	0.9680005	-3.1517136e-17	0	351.3488
2.7994999999999405e-10	0.25080016	0.0007607447	0.96800035	-3.1517153e-17	0	351.3488
2.800499999999941e-10	0.25080088	0.0007215196	0.9680001	-3.1517153e-17	0	351.3488
2.801499999999941e-10	0.250802	0.00068239606	0.9679998	-3.151715e-17	0	351.3488
2.8024999999999415e-10	0.25080353	0.00064337783	0.96799946	-3.151716e-17	0	351.3488
2.803499999999942e-10	0.2508054	0.00060446863	0.9679989	-3.1517166e-17	0	351.3488
2.804499999999942e-10	0.25080773	0.00056567194	0.96799827	-3.151716e-17	0	351.3488
2.8054999999999424e-10	0.25081038	0.0005269917	0.96799767	-3.1517156e-17	0	351.3488
2.8064999999999427e-10	0.25081345	0.00048843113	0.9679968	-3.1517163e-17	0	351.3488
2.807499999999943e-10	0.2508169	0.00044999406	0.9679958	-3.1517166e-17	0	351.3488
2.8084999999999433e-10	0.25082076	0.00041168398	0.9679949	-3.1517163e-17	0	351.3488
2.8094999999999436e-10	0.25082493	0.00037350447	0.96799374	-3.1517173e-17	0	351.3488
2.810499999999944e-10	0.25082952	0.0003354589	0.96799254	-3.1517173e-17	0	351.3488
2.811499999999944e-10	0.25083447	0.0002975507	0.96799123	-3.151718e-17	0	351.3488
2.8124999999999445e-10	0.25083977	0.00025978324	0.9679898	-3.1517176e-17	0	351.3488
2.813499999999945e-10	0.25084543	0.00022216006	0.96798825	-3.1517183e-17	0	351.3488
2.814499999999945e-10	0.2508515	0.0001846845	0.9679867	-3.1517193e-17	0	351.3488
2.8154999999999455e-10	0.2508579	0.00014735985	0.967985	-3.151719e-17	0	351.3488
2.816499999999946e-10	0.25086468	0.00011018934	0.96798325	-3.1517186e-17	0	351.3488
2.817499999999946e-10	0.2508718	7.3176314e-05	0.96798134	-3.1517186e-17	0	351.3488
2.8184999999999464e-10	0.25087205	6.8033965e-05	0.9679812	-3.1968813e-17	0	349.2927
2.8194999999999467e-10	0.25087234	6.2903426e-05	0.9679812	-3.196881e-17	0	349.2927
2.820499999999947e-10	0.2508727	5.778528e-05	0.96798104	-3.1968804e-17	0	349.2927
2.8214999999999473e-10	0.2508731	5.2679905e-05	0.96798074	-3.19688e-17	0	349.2927
2.8224999999999476e-10	0.2508735	4.7587757e-05	0.96798056	-3.1968804e-17	0	349.2927
2.823499999999948e-10	0.25087404	4.250929e-05	0.9679803	-3.19688e-17	0	349.2927
2.824499999999948e-10	0.25087455	3.7444872e-05	0.9679803	-3.19688e-17	0	349.2927
2.8254999999999485e-10	0.25087517	3.2395135e-05	0.9679801	-3.1968807e-17	0	349.2927
2.826499999999949e-10	0.25087577	2.7360398e-05	0.96797985	-3.1968804e-17	0	349.2927
2.827499999999949e-10	0.25087646	2.2341017e-05	0.9679796	-3.1968813e-17	0	349.2927
2.8284999999999494e-10	0.25087717	1.7337374e-05	0.9679794	-3.1968804e-17	0	349.2927
2.82949999999995e-10	0.25087798	1.2349876e-05	0.9679791	-3.1968807e-17	0	349.2927
2.83049999999995e-10	0.2508788	7.3790616e-06	0.9679788	-3.1968804e-17	0	349.2927
2.8314999999999504e-10	0.25087965	2.4253022e-06	0.9679785	-3.19688e-17	0	349.2927
2.8324999999999507e-10	0.25088057	-2.5109184e-06	0.9679783	-3.1968807e-17	0	349.2927
2.833499999999951e-10	0.2508815	-7.429262e-06	0.96797794	-3.1968813e-17	0	349.2927
2.8344999999999513e-10	0.25088254	-1.2329336e-05	0.9679776	-3.1968807e-17	0	349.2927
2.8354999999999516e-10	0.25088355	-1.7210667e-05	0.96797734	-3.196881e-17	0	349.2927
2.836499999999952e-10	0.25088468	-2.2072862e-05	0.9679769	-3.196882e-17	0	349.2927
2.837499999999952e-10	0.2508858	-2.6915543e-05	0.96797657	-3.196881e-17	0	349.2927
2.8384999999999525e-10	0.250887	-3.173823e-05	0.9679762	-3.1968807e-17	0	349.2927
2.839499999999953e-10	0.25088823	-3.6540623e-05	0.9679758	-3.1968804e-17	0	349.2927
2.840499999999953e-10	0.2508895	-4.1322244e-05	0.96797544	-3.196881e-17	0	349.2927
2.8414999999999534e-10	0.2508908	-4.6082656e-05	0.96797496	-3.1968807e-17	0	349.2927
2.8424999999999537e-10	0.25089216	-5.0821553e-05	0.9679746	-3.196881e-17	0	349.2927
2.843499999999954e-10	0.2508936	-5.5538563e-05	0.96797425	-3.196881e-17	0	349.2927
2.8444999999999544e-10	0.25089502	-6.0233288e-05	0.9679738	-3.1968817e-17	0	349.2927
2.8454999999999547e-10	0.2508965	-6.4905376e-05	0.96797323	-3.1968823e-17	0	349.2927
2.846499999999955e-10	0.25089803	-6.9554386e-05	0.9679729	-3.1968813e-17	0	349.2927
2.8474999999999553e-10	0.25089964	-7.417984e-05	0.9679724	-3.1968817e-17	0	349.2927
2.8484999999999556e-10	0.25090125	-7.878149e-05	0.96797186	-3.196881e-17	0	349.2927
2.849499999999956e-10	0.2509029	-8.3358886e-05	0.9679714	-3.1968813e-17	0	349.2927
2.850499999999956e-10	0.2509046	-8.791169e-05	0.96797085	-3.1968807e-17	0	349.2927
2.8514999999999565e-10	0.25090635	-9.2439586e-05	0.9679703	-3.1968817e-17	0	349.2927
2.852499999999957e-10	0.25090814	-9.694219e-05	0.9679698	-3.196881e-17	0	349.2927
2.853499999999957e-10	0.25090992	-0.00010141921	0.9679693	-3.1968817e-17	0	349.2927
2.8544999999999574e-10	0.2509118	-0.00010587035	0.9679687	-3.1968813e-17	0	349.2927
2.8554999999999577e-10	0.2509137	-0.00011029511	0.96796817	-3.196882e-17	0	349.2927
2.856499999999958e-10	0.25091565	-0.00011469315	0.9679676	-3.196881e-17	0	349.2927
2.8574999999999583e-10	0.25091764	-0.000119064185	0.967967	-3.1968817e-17	0	349.2927
2.8584999999999586e-10	0.25091967	-0.00012340781	0.9679664	-3.1968817e-17	0	349.2927
2.859499999999959e-10	0.25092173	-0.00012772379	0.9679658	-3.1968823e-17	0	349.2927
2.860499999999959e-10	0.2509238	-0.00013201169	0.96796525	-3.196882e-17	0	349.2927
2.8614999999999596e-10	0.25092596	-0.00013627132	0.9679645	-3.1968813e-17	0	349.2927
2.86249999999996e-10	0.25092816	-0.00014050241	0.96796393	-3.1968817e-17	0	349.2927
2.86349999999996e-10	0.25093037	-0.0001447045	0.9679632	-3.1968817e-17	0	349.2927
2.8644999999999605e-10	0.2509326	-0.00014887721	0.9679626	-3.1968817e-17	0	349.2927
2.865499999999961e-10	0.25093487	-0.00015302034	0.96796185	-3.1968827e-17	0	349.2927
2.866499999999961e-10	0.2509372	-0.00015713359	0.9679612	-3.196881e-17	0	349.2927
2.8674999999999614e-10	0.25093955	-0.0001612166	0.9679606	-3.196882e-17	0	349.2927
2.8684999999999617e-10	0.25094196	-0.00016526898	0.96795976	-3.1968827e-17	0	349.2927
2.869499999999962e-10	0.25094438	-0.0001692906	0.9679591	-3.196882e-17	0	349.2927
2.8704999999999623e-10	0.25094685	-0.00017328131	0.9679584	-3.1968823e-17	0	349.2927
2.8714999999999626e-10	0.25094932	-0.00017724033	0.9679577	-3.1968823e-17	0	349.2927
2.872499999999963e-10	0.25095186	-0.00018116787	0.967957	-3.196882e-17	0	349.2927
2.873499999999963e-10	0.25095445	-0.00018506344	0.9679562	-3.1968817e-17	0	349.2927
2.8744999999999636e-10	0.25095704	-0.00018892673	0.9679554	-3.1968817e-17	0	349.2927
2.875499999999964e-10	0.25095966	-0.00019275767	0.9679547	-3.196882e-17	0	349.2927
2.876499999999964e-10	0.25096238	-0.00019655583	0.967954	-3.1968827e-17	0	349.2927
2.8774999999999645e-10	0.25096506	-0.00020032111	0.96795315	-3.1968823e-17	0	349.2927
2.878499999999965e-10	0.25096777	-0.00020405292	0.9679523	-3.1968827e-17	0	349.2927
2.879499999999965e-10	0.2509705	-0.00020775117	0.96795166	-3.196881e-17	0	349.2927
2.8804999999999654e-10	0.25097334	-0.00021141575	0.9679508	-3.196882e-17	0	349.2927
2.8814999999999657e-10	0.25097615	-0.00021504615	0.9679499	-3.1968823e-17	0	349.2927
2.882499999999966e-10	0.25097904	-0.00021864232	0.96794915	-3.1968827e-17	0	349.2927
2.8834999999999663e-10	0.2509819	-0.00022220403	0.9679484	-3.196882e-17	0	349.2927
2.8844999999999666e-10	0.25098482	-0.00022573103	0.9679475	-3.1968827e-17	0	349.2927
2.885499999999967e-10	0.25098774	-0.00022922299	0.9679466	-3.1968827e-17	0	349.2927
2.886499999999967e-10	0.25099072	-0.0002326798	0.9679458	-3.196883e-17	0	349.2927
2.8874999999999675e-10	0.25099373	-0.0002361011	0.967945	-3.1968823e-17	0	349.2927
2.888499999999968e-10	0.25099677	-0.00023948678	0.967944	-3.1968827e-17	0	349.2927
2.889499999999968e-10	0.2509998	-0.00024283654	0.96794325	-3.196882e-17	0	349.2927
2.8904999999999685e-10	0.2510029	-0.00024615027	0.9679423	-3.196883e-17	0	349.2927
2.891499999999969e-10	0.251006	-0.00024942783	0.9679414	-3.1968817e-17	0	349.2927
2.892499999999969e-10	0.25100914	-0.00025266886	0.96794057	-3.1968833e-17	0	349.2927
2.8934999999999694e-10	0.25101233	-0.00025587314	0.9679396	-3.1968823e-17	0	349.2927
2.8944999999999697e-10	0.25101548	-0.00025904065	0.9679387	-3.196884e-17	0	349.2927
2.89549999999997e-10	0.25101873	-0.00026217097	0.9679379	-3.1968833e-17	0	349.2927
2.8964999999999703e-10	0.25102195	-0.0002652643	0.96793693	-3.1968823e-17	0	349.2927
2.8974999999999706e-10	0.2510252	-0.0002683201	0.9679359	-3.1968823e-17	0	349.2927
2.898499999999971e-10	0.2510285	-0.0002713382	0.96793514	-3.196883e-17	0	349.2927
2.899499999999971e-10	0.25103182	-0.0002743186	0.9679341	-3.196882e-17	0	349.2927
2.9004999999999715e-10	0.25103515	-0.00027726113	0.9679332	-3.1968833e-17	0	349.2927
2.901499999999972e-10	0.25103852	-0.0002801654	0.9679323	-3.1968833e-17	0	349.2927
2.902499999999972e-10	0.2510419	-0.00028303155	0.9679312	-3.1968833e-17	0	349.2927
2.9034999999999724e-10	0.25104532	-0.00028585922	0.9679304	-3.196884e-17	0	349.2927
2.904499999999973e-10	0.25104874	-0.00028864847	0.96792936	-3.1968823e-17	0	349.2927
2.905499999999973e-10	0.25105217	-0.0002913989	0.96792835	-3.196883e-17	0	349.2927
2.9064999999999734e-10	0.25105566	-0.00029411056	0.96792746	-3.1968833e-17	0	349.2927
2.9074999999999737e-10	0.25105911	-0.00029678323	0.96792644	-3.1968827e-17	0	349.2927
2.908499999999974e-10	0.25106266	-0.0002994169	0.9679254	-3.1968823e-17	0	349.2927
2.9094999999999743e-10	0.25106615	-0.00030201144	0.9679244	-3.1968843e-17	0	349.2927
2.9104999999999746e-10	0.25106972	-0.00030456643	0.9679234	-3.1968837e-17	0	349.2927
2.911499999999975e-10	0.25107327	-0.00030708185	0.9679224	-3.1968833e-17	0	349.2927
2.912499999999975e-10	0.25107688	-0.0003095577	0.9679215	-3.1968837e-17	0	349.2927
2.9134999999999755e-10	0.25108045	-0.00031199388	0.9679204	-3.196883e-17	0	349.2927
2.914499999999976e-10	0.25108406	-0.0003143903	0.9679194	-3.196883e-17	0	349.2927
2.915499999999976e-10	0.25108773	-0.00031674703	0.9679184	-3.196883e-17	0	349.2927
2.9164999999999764e-10	0.25109136	-0.0003190637	0.9679173	-3.1968833e-17	0	349.2927
2.917499999999977e-10	0.25109503	-0.00032134025	0.9679163	-3.196884e-17	0	349.2927
2.918499999999977e-10	0.25109184	-0.0002930842	0.9679171	-3.240425e-17	0	347.31894
2.9194999999999774e-10	0.25108832	-0.0002649365	0.9679179	-3.240425e-17	0	347.31894
2.9204999999999777e-10	0.2510845	-0.00023689984	0.96791893	-3.240426e-17	0	347.31894
2.921499999999978e-10	0.25108042	-0.00020897682	0.9679198	-3.240426e-17	0	347.31894
2.9224999999999783e-10	0.2510761	-0.00018117028	0.9679209	-3.2404255e-17	0	347.31894
2.9234999999999786e-10	0.25107145	-0.00015348254	0.967922	-3.240426e-17	0	347.31894
2.924499999999979e-10	0.2510665	-0.00012591635	0.96792334	-3.2404268e-17	0	347.31894
2.925499999999979e-10	0.25106132	-9.847426e-05	0.9679246	-3.2404268e-17	0	347.31894
2.9264999999999795e-10	0.2510559	-7.115876e-05	0.9679258	-3.240427e-17	0	347.31894
2.92749999999998e-10	0.25105017	-4.397238e-05	0.96792734	-3.2404278e-17	0	347.31894
2.92849999999998e-10	0.25104418	-1.6917387e-05	0.9679288	-3.2404274e-17	0	347.31894
2.9294999999999804e-10	0.25103793	1.0003627e-05	0.96793044	-3.2404264e-17	0	347.31894
2.9304999999999807e-10	0.25103137	3.6788377e-05	0.96793205	-3.2404278e-17	0	347.31894
2.931499999999981e-10	0.2510246	6.34343e-05	0.96793365	-3.240427e-17	0	347.31894
2.9324999999999813e-10	0.25101754	8.9939174e-05	0.96793544	-3.2404278e-17	0	347.31894
2.9334999999999816e-10	0.25101024	0.00011630074	0.9679373	-3.240428e-17	0	347.31894
2.934499999999982e-10	0.2510027	0.00014251651	0.96793914	-3.2404274e-17	0	347.31894
2.9354999999999823e-10	0.25099486	0.00016858437	0.96794116	-3.2404288e-17	0	347.31894
2.9364999999999826e-10	0.25098684	0.00019450205	0.9679431	-3.2404284e-17	0	347.31894
2.937499999999983e-10	0.2509785	0.00022026733	0.9679451	-3.2404284e-17	0	347.31894
2.938499999999983e-10	0.25096995	0.0002458781	0.96794736	-3.2404274e-17	0	347.31894
2.9394999999999835e-10	0.25096115	0.00027133228	0.96794957	-3.2404288e-17	0	347.31894
2.940499999999984e-10	0.25095212	0.0002966277	0.9679518	-3.240428e-17	0	347.31894
2.941499999999984e-10	0.25094283	0.00032176217	0.9679543	-3.2404288e-17	0	347.31894
2.9424999999999844e-10	0.2509333	0.00034673372	0.96795654	-3.2404298e-17	0	347.31894
2.9434999999999847e-10	0.25092354	0.00037154052	0.96795905	-3.2404288e-17	0	347.31894
2.944499999999985e-10	0.25091356	0.00039618034	0.96796155	-3.2404288e-17	0	347.31894
2.9454999999999853e-10	0.25090337	0.0004206513	0.96796405	-3.2404288e-17	0	347.31894
2.9464999999999856e-10	0.2508929	0.00044495147	0.9679667	-3.2404298e-17	0	347.31894
2.947499999999986e-10	0.25088224	0.00046907878	0.9679694	-3.2404288e-17	0	347.31894
2.948499999999986e-10	0.25087133	0.0004930315	0.96797216	-3.240428e-17	0	347.31894
2.9494999999999866e-10	0.2508602	0.00051680766	0.9679749	-3.240429e-17	0	347.31894
2.950499999999987e-10	0.2508489	0.0005404057	0.96797776	-3.2404298e-17	0	347.31894
2.951499999999987e-10	0.25083733	0.0005638238	0.9679808	-3.2404298e-17	0	347.31894
2.9524999999999875e-10	0.25082555	0.00058706	0.9679837	-3.2404298e-17	0	347.31894
2.953499999999988e-10	0.25081357	0.00061011256	0.9679868	-3.2404307e-17	0	347.31894
2.954499999999988e-10	0.25080138	0.00063297985	0.96798986	-3.2404304e-17	0	347.31894
2.9554999999999884e-10	0.25078902	0.0006556601	0.96799296	-3.2404294e-17	0	347.31894
2.9564999999999887e-10	0.2507764	0.0006781519	0.9679961	-3.24043e-17	0	347.31894
2.957499999999989e-10	0.2507636	0.00070045365	0.9679994	-3.2404304e-17	0	347.31894
2.9584999999999893e-10	0.25075063	0.00072256353	0.96800274	-3.2404298e-17	0	347.31894
2.9594999999999896e-10	0.25073743	0.00074448023	0.968006	-3.24043e-17	0	347.31894
2.96049999999999e-10	0.25072405	0.0007662021	0.9680095	-3.2404304e-17	0	347.31894
2.96149999999999e-10	0.25071046	0.00078772765	0.9680129	-3.24043e-17	0	347.31894
2.9624999999999905e-10	0.2506967	0.00080905546	0.9680164	-3.240431e-17	0	347.31894
2.963499999999991e-10	0.25068274	0.000830184	0.96801996	-3.240431e-17	0	347.31894
2.964499999999991e-10	0.2506686	0.0008511119	0.96802354	-3.240431e-17	0	347.31894
2.9654999999999915e-10	0.25065425	0.00087183766	0.9680271	-3.2404314e-17	0	347.31894
2.966499999999992e-10	0.25063977	0.0008923601	0.9680308	-3.2404317e-17	0	347.31894
2.967499999999992e-10	0.2506251	0.0009126781	0.9680345	-3.240432e-17	0	347.31894
2.9684999999999924e-10	0.25061023	0.0009327902	0.9680384	-3.2404317e-17	0	347.31894
2.9694999999999927e-10	0.2505952	0.0009526949	0.9680421	-3.2404317e-17	0	347.31894
2.970499999999993e-10	0.25058	0.00097239146	0.96804607	-3.240432e-17	0	347.31894
2.9714999999999933e-10	0.2505647	0.0009918783	0.96805	-3.2404327e-17	0	347.31894
2.9724999999999936e-10	0.25054917	0.0010111544	0.9680539	-3.2404324e-17	0	347.31894
2.973499999999994e-10	0.25053346	0.0010302186	0.9680579	-3.2404324e-17	0	347.31894
2.974499999999994e-10	0.2505176	0.0010490697	0.9680619	-3.2404324e-17	0	347.31894
2.9754999999999945e-10	0.25050163	0.0010677067	0.968066	-3.2404327e-17	0	347.31894
2.976499999999995e-10	0.25048548	0.0010861289	0.9680701	-3.240432e-17	0	347.31894
2.977499999999995e-10	0.25046918	0.0011043347	0.96807426	-3.2404317e-17	0	347.31894
2.9784999999999955e-10	0.25045273	0.0011223237	0.9680785	-3.2404324e-17	0	347.31894
2.979499999999996e-10	0.25043613	0.0011400946	0.9680826	-3.240433e-17	0	347.31894
2.980499999999996e-10	0.2504194	0.0011576464	0.96808684	-3.240432e-17	0	347.31894
2.9814999999999964e-10	0.25040254	0.0011749783	0.96809125	-3.240432e-17	0	347.31894
2.9824999999999967e-10	0.2503855	0.0011920895	0.96809554	-3.2404324e-17	0	347.31894
2.983499999999997e-10	0.2503684	0.0012089792	0.96809995	-3.2404327e-17	0	347.31894
2.9844999999999973e-10	0.25035107	0.0012256464	0.96810436	-3.2404334e-17	0	347.31894
2.9854999999999976e-10	0.25033367	0.0012420904	0.96810865	-3.2404337e-17	0	347.31894
2.986499999999998e-10	0.25031614	0.0012583106	0.96811324	-3.2404327e-17	0	347.31894
2.987499999999998e-10	0.25029847	0.0012743061	0.9681177	-3.240434e-17	0	347.31894
2.9884999999999985e-10	0.25028074	0.0012900764	0.9681223	-3.2404334e-17	0	347.31894
2.989499999999999e-10	0.2502628	0.0013056209	0.96812683	-3.240434e-17	0	347.31894
2.990499999999999e-10	0.2502448	0.0013209386	0.9681314	-3.2404334e-17	0	347.31894
2.9914999999999994e-10	0.25022668	0.001336029	0.9681361	-3.240434e-17	0	347.31894
2.9925e-10	0.25020844	0.0013508917	0.9681408	-3.2404334e-17	0	347.31894
2.9935e-10	0.25019005	0.001365526	0.9681455	-3.240434e-17	0	347.31894
2.994e-10	0.25018084	0.0013727575	0.9681479	-3.240434e-17	0	347.31894
2.9950000000000005e-10	0.25016236	0.0013870486	0.9681525	-3.240434e-17	0	347.31894
2.996000000000001e-10	0.2501437	0.0014011103	0.9681573	-3.2404344e-17	0	347.31894
2.997000000000001e-10	0.25012505	0.0014149419	0.9681621	-3.2404334e-17	0	347.31894
2.9980000000000014e-10	0.25010622	0.0014285428	0.9681668	-3.2404344e-17	0	347.31894
2.9990000000000017e-10	0.25008732	0.0014419134	0.9681718	-3.240434e-17	0	347.31894
3.000000000000002e-10	0.25006834	0.0014550525	0.96817654	-3.240434e-17	0	347.31894
3.0010000000000024e-10	0.25004923	0.0014679602	0.9681815	-3.240435e-17	0	347.31894
3.0020000000000027e-10	0.2500301	0.0014806364	0.9681863	-3.240435e-17	0	347.31894
3.003000000000003e-10	0.25001085	0.0014930805	0.9681913	-3.2404357e-17	0	347.31894
3.0040000000000033e-10	0.24999152	0.001505292	0.9681963	-3.240435e-17	0	347.31894
3.0050000000000036e-10	0.2499721	0.0015172713	0.9682012	-3.2404347e-17	0	347.31894
3.006000000000004e-10	0.24995264	0.0015290177	0.9682062	-3.2404347e-17	0	347.31894
3.007000000000004e-10	0.24993308	0.0015405314	0.96821123	-3.2404354e-17	0	347.31894
3.0080000000000045e-10	0.24991344	0.0015518119	0.96821624	-3.2404357e-17	0	347.31894
3.009000000000005e-10	0.24989375	0.0015628595	0.9682213	-3.240435e-17	0	347.31894
3.010000000000005e-10	0.249874	0.0015736739	0.96822643	-3.2404357e-17	0	347.31894
3.0110000000000054e-10	0.24985416	0.001584255	0.96823144	-3.2404357e-17	0	347.31894
3.0120000000000057e-10	0.24983428	0.0015946028	0.96823645	-3.2404357e-17	0	347.31894
3.013000000000006e-10	0.24981433	0.0016047173	0.96824163	-3.240436e-17	0	347.31894
3.0140000000000063e-10	0.24979436	0.0016145986	0.9682467	-3.2404347e-17	0	347.31894
3.0150000000000066e-10	0.24977428	0.0016242466	0.9682519	-3.2404357e-17	0	347.31894
3.016000000000007e-10	0.24975419	0.0016336618	0.96825707	-3.240435e-17	0	347.31894
3.0170000000000073e-10	0.24973406	0.0016428436	0.96826226	-3.2404357e-17	0	347.31894
3.0180000000000076e-10	0.24971047	0.0016663523	0.9682682	-3.2824347e-17	0	345.4242
3.019000000000008e-10	0.24968326	0.0017040775	0.9682752	-3.282434e-17	0	345.4242
3.020000000000008e-10	0.24965572	0.0017414198	0.9682823	-3.2824347e-17	0	345.4242
3.0210000000000085e-10	0.24962784	0.0017783769	0.9682894	-3.2824366e-17	0	345.4242
3.022000000000009e-10	0.24959965	0.0018149466	0.96829647	-3.2824356e-17	0	345.4242
3.023000000000009e-10	0.24957116	0.0018511263	0.96830374	-3.282436e-17	0	345.4242
3.0240000000000094e-10	0.24954236	0.0018869138	0.9683112	-3.2824363e-17	0	345.4242
3.0250000000000097e-10	0.24951322	0.0019223067	0.9683186	-3.2824363e-17	0	345.4242
3.02600000000001e-10	0.2494838	0.0019573031	0.96832603	-3.2824376e-17	0	345.4242
3.0270000000000103e-10	0.2494541	0.0019919006	0.9683336	-3.2824366e-17	0	345.4242
3.0280000000000106e-10	0.24942411	0.0020260976	0.9683413	-3.2824366e-17	0	345.4242
3.029000000000011e-10	0.24939382	0.0020598916	0.96834904	-3.2824376e-17	0	345.4242
3.030000000000011e-10	0.24936324	0.002093281	0.9683568	-3.282438e-17	0	345.4242
3.0310000000000116e-10	0.2493324	0.002126264	0.9683646	-3.2824383e-17	0	345.4242
3.032000000000012e-10	0.24930128	0.002158838	0.96837264	-3.2824386e-17	0	345.4242
3.033000000000012e-10	0.2492699	0.0021910022	0.9683806	-3.2824383e-17	0	345.4242
3.0340000000000125e-10	0.24923827	0.0022227545	0.9683887	-3.2824386e-17	0	345.4242
3.035000000000013e-10	0.24920638	0.0022540933	0.9683969	-3.2824396e-17	0	345.4242
3.036000000000013e-10	0.24917425	0.002285017	0.968405	-3.2824386e-17	0	345.4242
3.0370000000000134e-10	0.24914186	0.0023155238	0.96841323	-3.2824403e-17	0	345.4242
3.0380000000000137e-10	0.24910922	0.0023456123	0.9684216	-3.2824403e-17	0	345.4242
3.039000000000014e-10	0.24907635	0.0023752812	0.96843004	-3.2824403e-17	0	345.4242
3.0400000000000143e-10	0.24904324	0.0024045291	0.96843845	-3.282441e-17	0	345.4242
3.0410000000000146e-10	0.24900994	0.002433355	0.9684469	-3.2824413e-17	0	345.4242
3.042000000000015e-10	0.2489764	0.002461757	0.9684555	-3.2824416e-17	0	345.4242
3.043000000000015e-10	0.24894263	0.0024897342	0.96846414	-3.282441e-17	0	345.4242
3.0440000000000155e-10	0.24890864	0.0025172855	0.9684727	-3.2824413e-17	0	345.4242
3.045000000000016e-10	0.24887449	0.00254441	0.9684814	-3.282442e-17	0	345.4242
3.046000000000016e-10	0.2488401	0.0025711062	0.9684903	-3.282442e-17	0	345.4242
3.0470000000000165e-10	0.24880552	0.0025973732	0.96849906	-3.282442e-17	0	345.4242
3.048000000000017e-10	0.2487708	0.0026232107	0.96850795	-3.2824426e-17	0	345.4242
3.049000000000017e-10	0.24873582	0.0026486171	0.9685168	-3.2824423e-17	0	345.4242
3.0500000000000174e-10	0.24870071	0.0026735917	0.96852577	-3.2824436e-17	0	345.4242
3.0510000000000177e-10	0.24866539	0.002698134	0.96853477	-3.282444e-17	0	345.4242
3.052000000000018e-10	0.24862993	0.002722243	0.9685439	-3.2824446e-17	0	345.4242
3.0530000000000183e-10	0.24859427	0.002745918	0.9685529	-3.282444e-17	0	345.4242
3.0540000000000186e-10	0.24855848	0.0027691592	0.96856207	-3.282445e-17	0	345.4242
3.055000000000019e-10	0.24852252	0.002791965	0.9685713	-3.282445e-17	0	345.4242
3.056000000000019e-10	0.24848643	0.002814335	0.96858054	-3.2824452e-17	0	345.4242
3.0570000000000195e-10	0.24845017	0.0028362698	0.96858966	-3.2824442e-17	0	345.4242
3.05800000000002e-10	0.24841376	0.0028577675	0.968599	-3.282445e-17	0	345.4242
3.05900000000002e-10	0.24837723	0.0028788287	0.9686083	-3.282446e-17	0	345.4242
3.0600000000000205e-10	0.24834058	0.0028994528	0.9686177	-3.282446e-17	0	345.4242
3.061000000000021e-10	0.24830379	0.0029196397	0.9686271	-3.2824462e-17	0	345.4242
3.062000000000021e-10	0.24826688	0.0029393893	0.9686365	-3.2824466e-17	0	345.4242
3.0630000000000214e-10	0.24822983	0.0029587012	0.9686459	-3.2824472e-17	0	345.4242
3.0640000000000217e-10	0.2481927	0.0029775756	0.9686554	-3.2824466e-17	0	345.4242
3.065000000000022e-10	0.24815544	0.0029960123	0.96866494	-3.2824472e-17	0	345.4242
3.0660000000000223e-10	0.2481181	0.003014011	0.9686744	-3.2824472e-17	0	345.4242
3.0670000000000226e-10	0.24808063	0.003031572	0.968684	-3.2824472e-17	0	345.4242
3.068000000000023e-10	0.24804312	0.0030486959	0.9686936	-3.2824472e-17	0	345.4242
3.069000000000023e-10	0.24800548	0.0030653821	0.9687032	-3.282448e-17	0	345.4242
3.0700000000000235e-10	0.24796778	0.0030816318	0.96871287	-3.2824476e-17	0	345.4242
3.071000000000024e-10	0.24792999	0.0030974445	0.96872246	-3.2824485e-17	0	345.4242
3.072000000000024e-10	0.24789211	0.0031128204	0.9687321	-3.282448e-17	0	345.4242
3.0730000000000244e-10	0.2478542	0.0031277598	0.96874183	-3.2824485e-17	0	345.4242
3.074000000000025e-10	0.2478162	0.0031422644	0.96875155	-3.2824482e-17	0	345.4242
3.075000000000025e-10	0.24777818	0.003156333	0.96876127	-3.2824495e-17	0	345.4242
3.0760000000000254e-10	0.24774006	0.0031699673	0.968771	-3.2824495e-17	0	345.4242
3.0770000000000257e-10	0.24770188	0.0031831677	0.9687808	-3.28245e-17	0	345.4242
3.078000000000026e-10	0.24766368	0.0031959338	0.9687905	-3.2824502e-17	0	345.4242
3.0790000000000263e-10	0.24762546	0.003208267	0.9688002	-3.2824515e-17	0	345.4242
3.0800000000000266e-10	0.24758716	0.0032201686	0.96880996	-3.2824505e-17	0	345.4242
3.081000000000027e-10	0.24754888	0.0032316386	0.96881986	-3.2824505e-17	0	345.4242
3.082000000000027e-10	0.24751052	0.0032426775	0.96882963	-3.2824512e-17	0	345.4242
3.0830000000000275e-10	0.24747217	0.0032532867	0.96883935	-3.2824505e-17	0	345.4242
3.084000000000028e-10	0.2474338	0.0032634675	0.9688492	-3.282451e-17	0	345.4242
3.085000000000028e-10	0.24739541	0.0032732196	0.9688591	-3.2824512e-17	0	345.4242
3.0860000000000284e-10	0.24735704	0.0032825447	0.9688688	-3.282452e-17	0	345.4242
3.0870000000000287e-10	0.24731864	0.003291444	0.9688786	-3.282452e-17	0	345.4242
3.088000000000029e-10	0.24728024	0.0032999185	0.96888834	-3.2824515e-17	0	345.4242
3.0890000000000293e-10	0.24724185	0.003307969	0.9688982	-3.2824522e-17	0	345.4242
3.0900000000000297e-10	0.24720347	0.003315597	0.968908	-3.2824525e-17	0	345.4242
3.09100000000003e-10	0.24716511	0.0033228034	0.96891785	-3.282453e-17	0	345.4242
3.0920000000000303e-10	0.24712676	0.0033295895	0.9689277	-3.282453e-17	0	345.4242
3.0930000000000306e-10	0.24708845	0.0033359565	0.9689374	-3.2824525e-17	0	345.4242
3.094000000000031e-10	0.24705014	0.0033419062	0.9689472	-3.282454e-17	0	345.4242
3.095000000000031e-10	0.24701187	0.0033474395	0.96895695	-3.282454e-17	0	345.4242
3.0960000000000315e-10	0.24697363	0.003352558	0.9689667	-3.2824542e-17	0	345.4242
3.097000000000032e-10	0.24693543	0.0033572628	0.9689765	-3.282454e-17	0	345.4242
3.098000000000032e-10	0.2468973	0.0033615562	0.9689863	-3.2824548e-17	0	345.4242
3.0990000000000324e-10	0.2468592	0.003365439	0.9689959	-3.282455e-17	0	345.4242
3.1000000000000327e-10	0.24682115	0.003368913	0.9690057	-3.2824548e-17	0	345.4242
3.101000000000033e-10	0.24678315	0.00337198	0.9690155	-3.282455e-17	0	345.4242
3.1020000000000333e-10	0.24674521	0.0033746413	0.9690251	-3.2824545e-17	0	345.4242
3.1030000000000336e-10	0.24670735	0.0033768984	0.96903473	-3.2824555e-17	0	345.4242
3.104000000000034e-10	0.24666956	0.003378754	0.96904445	-3.282456e-17	0	345.4242
3.105000000000034e-10	0.24663183	0.0033802083	0.9690541	-3.282456e-17	0	345.4242
3.1060000000000346e-10	0.24659419	0.0033812644	0.9690637	-3.282456e-17	0	345.4242
3.107000000000035e-10	0.24655662	0.003381924	0.9690733	-3.2824565e-17	0	345.4242
3.108000000000035e-10	0.24651912	0.003382188	0.9690829	-3.2824558e-17	0	345.4242
3.1090000000000355e-10	0.24648173	0.0033820595	0.9690924	-3.2824568e-17	0	345.4242
3.110000000000036e-10	0.24644443	0.0033815403	0.969102	-3.2824558e-17	0	345.4242
3.111000000000036e-10	0.24640723	0.0033806313	0.96911156	-3.282457e-17	0	345.4242
3.1120000000000364e-10	0.24637012	0.0033793356	0.969121	-3.2824568e-17	0	345.4242
3.1130000000000367e-10	0.24633312	0.0033776553	0.96913046	-3.282457e-17	0	345.4242
3.114000000000037e-10	0.24629621	0.003375592	0.9691399	-3.2824575e-17	0	345.4242
3.1150000000000373e-10	0.24625942	0.0033731475	0.96914923	-3.282457e-17	0	345.4242
3.1160000000000376e-10	0.24622276	0.0033703246	0.96915865	-3.282458e-17	0	345.4242
3.117000000000038e-10	0.24618623	0.003367126	0.96916795	-3.2824588e-17	0	345.4242
3.118000000000038e-10	0.24614647	0.0033773282	0.96917814	-3.322995e-17	0	343.60535
3.1190000000000386e-10	0.24610338	0.003400826	0.9691891	-3.322996e-17	0	343.60535
3.120000000000039e-10	0.2460601	0.003423807	0.9692	-3.3229963e-17	0	343.60535
3.121000000000039e-10	0.24601671	0.0034462702	0.96921104	-3.3229966e-17	0	343.60535
3.1220000000000395e-10	0.24597315	0.0034682166	0.969222	-3.3229973e-17	0	343.60535
3.12300000000004e-10	0.24592951	0.0034896457	0.96923304	-3.3229976e-17	0	343.60535
3.12400000000004e-10	0.24588571	0.0035105573	0.9692441	-3.3229986e-17	0	343.60535
3.1250000000000404e-10	0.24584183	0.0035309517	0.9692552	-3.3229983e-17	0	343.60535
3.1260000000000407e-10	0.24579781	0.003550829	0.9692664	-3.3229983e-17	0	343.60535
3.127000000000041e-10	0.24575369	0.0035701885	0.9692776	-3.3229986e-17	0	343.60535
3.1280000000000413e-10	0.2457095	0.0035890318	0.96928877	-3.3229986e-17	0	343.60535
3.1290000000000416e-10	0.24566518	0.0036073583	0.9693	-3.3229986e-17	0	343.60535
3.130000000000042e-10	0.2456208	0.0036251685	0.9693112	-3.323e-17	0	343.60535
3.131000000000042e-10	0.24557634	0.0036424627	0.96932244	-3.323001e-17	0	343.60535
3.1320000000000425e-10	0.24553178	0.0036592418	0.96933377	-3.3230006e-17	0	343.60535
3.133000000000043e-10	0.24548717	0.003675506	0.96934503	-3.323001e-17	0	343.60535
3.134000000000043e-10	0.24544248	0.0036912565	0.9693564	-3.3230012e-17	0	343.60535
3.1350000000000435e-10	0.24539775	0.0037064927	0.9693676	-3.323001e-17	0	343.60535
3.136000000000044e-10	0.24535295	0.0037212162	0.96937907	-3.3230012e-17	0	343.60535
3.137000000000044e-10	0.24530812	0.003735428	0.96939033	-3.3230016e-17	0	343.60535
3.1380000000000444e-10	0.24526323	0.0037491282	0.9694018	-3.3230016e-17	0	343.60535
3.1390000000000447e-10	0.2452183	0.0037623178	0.96941304	-3.323002e-17	0	343.60535
3.140000000000045e-10	0.24517338	0.0037749987	0.9694245	-3.3230022e-17	0	343.60535
3.1410000000000453e-10	0.2451284	0.0037871704	0.9694358	-3.323003e-17	0	343.60535
3.1420000000000456e-10	0.2450834	0.003798835	0.96944726	-3.3230032e-17	0	343.60535
3.143000000000046e-10	0.24503842	0.0038099932	0.96945864	-3.3230036e-17	0	343.60535
3.144000000000046e-10	0.24499339	0.0038206456	0.9694701	-3.3230042e-17	0	343.60535
3.1450000000000465e-10	0.24494837	0.003830795	0.96948147	-3.323004e-17	0	343.60535
3.146000000000047e-10	0.24490334	0.003840441	0.96949285	-3.323004e-17	0	343.60535
3.147000000000047e-10	0.24485835	0.003849586	0.96950424	-3.3230046e-17	0	343.60535
3.1480000000000474e-10	0.24481334	0.0038582308	0.96951556	-3.3230055e-17	0	343.60535
3.149000000000048e-10	0.24476838	0.0038663778	0.96952695	-3.3230062e-17	0	343.60535
3.150000000000048e-10	0.24472341	0.003874027	0.96953833	-3.323006e-17	0	343.60535
3.1510000000000484e-10	0.24467847	0.0038811802	0.9695498	-3.3230062e-17	0	343.60535
3.1520000000000487e-10	0.24463359	0.00388784	0.9695611	-3.3230065e-17	0	343.60535
3.153000000000049e-10	0.24458873	0.0038940078	0.9695725	-3.323006e-17	0	343.60535
3.1540000000000493e-10	0.24454395	0.0038996842	0.96958387	-3.323007e-17	0	343.60535
3.1550000000000496e-10	0.24449918	0.0039048714	0.96959513	-3.3230075e-17	0	343.60535
3.15600000000005e-10	0.24445444	0.003909572	0.9696064	-3.3230072e-17	0	343.60535
3.15700000000005e-10	0.24440981	0.0039137867	0.9696177	-3.3230082e-17	0	343.60535
3.1580000000000505e-10	0.24436523	0.0039175185	0.969629	-3.3230082e-17	0	343.60535
3.159000000000051e-10	0.24432072	0.0039207684	0.96964025	-3.323008e-17	0	343.60535
3.160000000000051e-10	0.24427627	0.003923539	0.9696516	-3.3230092e-17	0	343.60535
3.1610000000000514e-10	0.24423191	0.0039258315	0.9696627	-3.323008e-17	0	343.60535
3.1620000000000517e-10	0.24418762	0.003927649	0.96967393	-3.3230092e-17	0	343.60535
3.163000000000052e-10	0.24414343	0.003928993	0.96968514	-3.3230085e-17	0	343.60535
3.1640000000000524e-10	0.24409933	0.0039298655	0.96969634	-3.3230085e-17	0	343.60535
3.1650000000000527e-10	0.24405533	0.003930269	0.9697074	-3.323009e-17	0	343.60535
3.166000000000053e-10	0.24401143	0.003930206	0.9697186	-3.3230095e-17	0	343.60535
3.1670000000000533e-10	0.24396767	0.0039296784	0.96972966	-3.323011e-17	0	343.60535
3.1680000000000536e-10	0.24392398	0.0039286884	0.96974075	-3.3230112e-17	0	343.60535
3.169000000000054e-10	0.2438804	0.0039272383	0.9697517	-3.323011e-17	0	343.60535
3.170000000000054e-10	0.24383695	0.0039253314	0.9697626	-3.3230115e-17	0	343.60535
3.1710000000000545e-10	0.24379365	0.0039229696	0.96977365	-3.3230118e-17	0	343.60535
3.172000000000055e-10	0.24375045	0.0039201556	0.9697846	-3.3230118e-17	0	343.60535
3.173000000000055e-10	0.24370743	0.0039168913	0.9697956	-3.3230118e-17	0	343.60535
3.1740000000000554e-10	0.2436645	0.00391318	0.96980643	-3.3230115e-17	0	343.60535
3.1750000000000557e-10	0.24362175	0.003909024	0.9698172	-3.323013e-17	0	343.60535
3.176000000000056e-10	0.2435791	0.0039044265	0.96982795	-3.3230135e-17	0	343.60535
3.1770000000000563e-10	0.24353665	0.0038993887	0.9698387	-3.323012e-17	0	343.60535
3.1780000000000566e-10	0.24349435	0.0038939153	0.96984947	-3.323013e-17	0	343.60535
3.179000000000057e-10	0.24345219	0.0038880077	0.9698601	-3.3230128e-17	0	343.60535
3.1800000000000573e-10	0.2434102	0.0038816694	0.9698708	-3.323014e-17	0	343.60535
3.1810000000000576e-10	0.24336837	0.0038749033	0.9698813	-3.3230145e-17	0	343.60535
3.182000000000058e-10	0.24332674	0.0038677112	0.96989185	-3.3230145e-17	0	343.60535
3.183000000000058e-10	0.24328528	0.0038600976	0.9699024	-3.3230145e-17	0	343.60535
3.1840000000000585e-10	0.24324399	0.0038520645	0.96991277	-3.323015e-17	0	343.60535
3.185000000000059e-10	0.2432029	0.0038436153	0.96992314	-3.323015e-17	0	343.60535
3.186000000000059e-10	0.243162	0.0038347533	0.96993357	-3.3230148e-17	0	343.60535
3.1870000000000594e-10	0.2431213	0.0038254808	0.96994394	-3.3230155e-17	0	343.60535
3.1880000000000597e-10	0.24308078	0.0038158009	0.96995413	-3.3230168e-17	0	343.60535
3.18900000000006e-10	0.24304046	0.0038057182	0.96996427	-3.3230158e-17	0	343.60535
3.1900000000000603e-10	0.24300034	0.0037952343	0.96997446	-3.323015e-17	0	343.60535
3.1910000000000606e-10	0.24296045	0.003784353	0.96998465	-3.3230158e-17	0	343.60535
3.192000000000061e-10	0.24292076	0.003773077	0.96999466	-3.323016e-17	0	343.60535
3.193000000000061e-10	0.24288128	0.00376141	0.97000474	-3.3230168e-17	0	343.60535
3.1940000000000616e-10	0.24284203	0.0037493561	0.97001463	-3.3230158e-17	0	343.60535
3.195000000000062e-10	0.242803	0.0037369174	0.97002447	-3.3230184e-17	0	343.60535
3.196000000000062e-10	0.24276417	0.0037240975	0.97003436	-3.323018e-17	0	343.60535
3.1970000000000625e-10	0.24272561	0.0037109004	0.970044	-3.3230168e-17	0	343.60535
3.198000000000063e-10	0.24268727	0.0036973294	0.97005373	-3.3230188e-17	0	343.60535
3.199000000000063e-10	0.24264917	0.0036833868	0.9700634	-3.3230175e-17	0	343.60535
3.2000000000000634e-10	0.2426113	0.0036690773	0.97007304	-3.3230188e-17	0	343.60535
3.2010000000000637e-10	0.24257368	0.0036544045	0.9700825	-3.3230188e-17	0	343.60535
3.202000000000064e-10	0.2425363	0.0036393711	0.97009194	-3.323019e-17	0	343.60535
3.2030000000000643e-10	0.24249922	0.0036239808	0.97010154	-3.3230198e-17	0	343.60535
3.2040000000000646e-10	0.24246232	0.0036082375	0.9701107	-3.3230198e-17	0	343.60535
3.205000000000065e-10	0.24242571	0.003592145	0.9701201	-3.3230194e-17	0	343.60535
3.206000000000065e-10	0.24238934	0.0035757062	0.97012925	-3.3230204e-17	0	343.60535
3.2070000000000655e-10	0.24235326	0.0035589251	0.9701383	-3.3230204e-17	0	343.60535
3.208000000000066e-10	0.24231744	0.0035418053	0.97014743	-3.3230208e-17	0	343.60535
3.209000000000066e-10	0.24228188	0.003524351	0.97015643	-3.3230214e-17	0	343.60535
3.2100000000000665e-10	0.24224661	0.0035065657	0.9701655	-3.3230214e-17	0	343.60535
3.211000000000067e-10	0.2422116	0.0034884526	0.97017425	-3.3230214e-17	0	343.60535
3.212000000000067e-10	0.24217686	0.0034700155	0.970183	-3.323021e-17	0	343.60535
3.2130000000000674e-10	0.24214241	0.0034512589	0.97019184	-3.3230218e-17	0	343.60535
3.2140000000000677e-10	0.24210823	0.003432186	0.9702005	-3.3230214e-17	0	343.60535
3.215000000000068e-10	0.24207436	0.0034128008	0.970209	-3.323022e-17	0	343.60535
3.2160000000000683e-10	0.24204077	0.003393107	0.9702176	-3.3230218e-17	0	343.60535
3.2170000000000686e-10	0.24200746	0.0033731083	0.97022593	-3.3230224e-17	0	343.60535
3.218000000000069e-10	0.2419713	0.003365827	0.97023505	-3.362143e-17	0	341.8593
3.219000000000069e-10	0.24193211	0.0033711633	0.97024494	-3.3621448e-17	0	341.8593
3.2200000000000695e-10	0.24189296	0.0033760655	0.9702547	-3.362144e-17	0	341.8593
3.22100000000007e-10	0.2418539	0.0033805366	0.9702645	-3.3621457e-17	0	341.8593
3.22200000000007e-10	0.24181482	0.0033845773	0.9702742	-3.3621454e-17	0	341.8593
3.2230000000000705e-10	0.24177581	0.0033881897	0.97028404	-3.3621454e-17	0	341.8593
3.224000000000071e-10	0.2417369	0.003391375	0.97029376	-3.3621454e-17	0	341.8593
3.225000000000071e-10	0.241698	0.0033941353	0.9703034	-3.3621467e-17	0	341.8593
3.2260000000000714e-10	0.24165918	0.0033964724	0.9703133	-3.362146e-17	0	341.8593
3.2270000000000717e-10	0.24162042	0.0033983877	0.97032297	-3.3621464e-17	0	341.8593
3.228000000000072e-10	0.24158174	0.0033998827	0.9703326	-3.362146e-17	0	341.8593
3.2290000000000723e-10	0.24154316	0.0034009605	0.9703423	-3.362147e-17	0	341.8593
3.2300000000000726e-10	0.24150464	0.0034016215	0.97035205	-3.3621477e-17	0	341.8593
3.231000000000073e-10	0.24146618	0.0034018685	0.9703616	-3.3621474e-17	0	341.8593
3.232000000000073e-10	0.24142785	0.0034017034	0.9703712	-3.3621474e-17	0	341.8593
3.2330000000000735e-10	0.2413896	0.003401128	0.9703808	-3.3621477e-17	0	341.8593
3.234000000000074e-10	0.24135147	0.0034001449	0.97039026	-3.362149e-17	0	341.8593
3.235000000000074e-10	0.24131341	0.0033987553	0.9703998	-3.362148e-17	0	341.8593
3.2360000000000744e-10	0.24127547	0.0033969623	0.97040933	-3.3621484e-17	0	341.8593
3.237000000000075e-10	0.24123764	0.0033947672	0.97041875	-3.3621487e-17	0	341.8593
3.238000000000075e-10	0.24119991	0.0033921732	0.9704282	-3.3621484e-17	0	341.8593
3.2390000000000754e-10	0.24116233	0.0033891816	0.97043765	-3.3621484e-17	0	341.8593
3.2400000000000757e-10	0.24112487	0.0033857953	0.970447	-3.3621497e-17	0	341.8593
3.241000000000076e-10	0.24108751	0.0033820164	0.9704563	-3.3621497e-17	0	341.8593
3.2420000000000763e-10	0.24105027	0.0033778478	0.97046566	-3.3621484e-17	0	341.8593
3.2430000000000766e-10	0.24101321	0.0033732909	0.97047496	-3.3621494e-17	0	341.8593
3.244000000000077e-10	0.24097627	0.003368349	0.97048426	-3.3621507e-17	0	341.8593
3.245000000000077e-10	0.24093947	0.003363024	0.97049344	-3.3621504e-17	0	341.8593
3.2460000000000775e-10	0.24090281	0.0033573192	0.9705026	-3.3621517e-17	0	341.8593
3.247000000000078e-10	0.24086632	0.0033512358	0.9705117	-3.3621507e-17	0	341.8593
3.248000000000078e-10	0.24082997	0.0033447775	0.97052085	-3.3621507e-17	0	341.8593
3.2490000000000784e-10	0.2407938	0.0033379472	0.97052985	-3.3621507e-17	0	341.8593
3.2500000000000787e-10	0.24075773	0.0033307467	0.970539	-3.3621507e-17	0	341.8593
3.251000000000079e-10	0.24072188	0.003323179	0.9705479	-3.3621514e-17	0	341.8593
3.2520000000000793e-10	0.24068621	0.0033152467	0.97055686	-3.362151e-17	0	341.8593
3.2530000000000797e-10	0.24065065	0.0033069525	0.9705658	-3.3621514e-17	0	341.8593
3.25400000000008e-10	0.2406153	0.0032982994	0.9705745	-3.3621514e-17	0	341.8593
3.2550000000000803e-10	0.24058013	0.00328929	0.9705834	-3.3621527e-17	0	341.8593
3.2560000000000806e-10	0.24054517	0.0032799274	0.9705921	-3.3621514e-17	0	341.8593
3.257000000000081e-10	0.24051034	0.003270214	0.9706007	-3.3621534e-17	0	341.8593
3.258000000000081e-10	0.24047573	0.0032601533	0.97060937	-3.3621524e-17	0	341.8593
3.2590000000000815e-10	0.24044129	0.0032497477	0.970618	-3.3621537e-17	0	341.8593
3.260000000000082e-10	0.24040708	0.0032390004	0.9706266	-3.362154e-17	0	341.8593
3.261000000000082e-10	0.24037306	0.0032279142	0.9706352	-3.3621527e-17	0	341.8593
3.2620000000000824e-10	0.24033922	0.0032164922	0.9706436	-3.3621527e-17	0	341.8593
3.2630000000000827e-10	0.24030559	0.0032047376	0.970652	-3.362154e-17	0	341.8593
3.264000000000083e-10	0.24027216	0.003192653	0.9706605	-3.3621534e-17	0	341.8593
3.2650000000000833e-10	0.24023896	0.0031802417	0.9706687	-3.362154e-17	0	341.8593
3.2660000000000836e-10	0.24020597	0.0031675068	0.970677	-3.3621543e-17	0	341.8593
3.267000000000084e-10	0.24017318	0.003154452	0.9706852	-3.3621543e-17	0	341.8593
3.268000000000084e-10	0.24014062	0.0031410793	0.9706933	-3.3621534e-17	0	341.8593
3.2690000000000846e-10	0.24010831	0.0031273926	0.97070146	-3.3621547e-17	0	341.8593
3.270000000000085e-10	0.24007618	0.003113395	0.97070944	-3.362154e-17	0	341.8593
3.271000000000085e-10	0.2400443	0.00309909	0.9707173	-3.3621547e-17	0	341.8593
3.2720000000000855e-10	0.24001265	0.00308448	0.9707253	-3.3621547e-17	0	341.8593
3.273000000000086e-10	0.23998123	0.0030695696	0.97073317	-3.3621557e-17	0	341.8593
3.274000000000086e-10	0.23995005	0.0030543609	0.9707409	-3.3621547e-17	0	341.8593
3.2750000000000864e-10	0.23991913	0.0030388576	0.97074866	-3.3621557e-17	0	341.8593
3.2760000000000867e-10	0.2398884	0.0030230626	0.9707563	-3.3621563e-17	0	341.8593
3.277000000000087e-10	0.23985796	0.0030069798	0.970764	-3.362155e-17	0	341.8593
3.2780000000000873e-10	0.23982772	0.0029906128	0.97077155	-3.362156e-17	0	341.8593
3.2790000000000876e-10	0.23979779	0.0029739637	0.97077894	-3.3621567e-17	0	341.8593
3.280000000000088e-10	0.23976806	0.0029570374	0.9707865	-3.3621563e-17	0	341.8593
3.281000000000088e-10	0.23973861	0.0029398366	0.97079384	-3.362156e-17	0	341.8593
3.2820000000000885e-10	0.23970939	0.0029223647	0.97080123	-3.362156e-17	0	341.8593
3.283000000000089e-10	0.23968044	0.0029046251	0.9708084	-3.3621567e-17	0	341.8593
3.284000000000089e-10	0.23965177	0.002886622	0.97081554	-3.3621573e-17	0	341.8593
3.2850000000000895e-10	0.23962334	0.0028683576	0.9708227	-3.362157e-17	0	341.8593
3.28600000000009e-10	0.23959519	0.0028498366	0.9708297	-3.362157e-17	0	341.8593
3.28700000000009e-10	0.23956731	0.0028310611	0.97083676	-3.3621573e-17	0	341.8593
3.2880000000000904e-10	0.23953968	0.0028120363	0.9708437	-3.3621577e-17	0	341.8593
3.2890000000000907e-10	0.23951232	0.0027927647	0.97085047	-3.3621577e-17	0	341.8593
3.290000000000091e-10	0.23948525	0.0027732498	0.9708572	-3.3621586e-17	0	341.8593
3.2910000000000913e-10	0.23945844	0.0027534955	0.97086394	-3.3621573e-17	0	341.8593
3.2920000000000916e-10	0.23943192	0.0027335053	0.9708706	-3.3621583e-17	0	341.8593
3.293000000000092e-10	0.23940569	0.0027132826	0.9708772	-3.3621583e-17	0	341.8593
3.294000000000092e-10	0.2393797	0.0026928312	0.97088355	-3.362159e-17	0	341.8593
3.2950000000000925e-10	0.23935403	0.002672155	0.97089005	-3.3621583e-17	0	341.8593
3.296000000000093e-10	0.23932862	0.0026512567	0.9708965	-3.3621583e-17	0	341.8593
3.297000000000093e-10	0.23930353	0.0026301409	0.9709027	-3.3621596e-17	0	341.8593
3.2980000000000935e-10	0.2392787	0.0026088106	0.9709089	-3.362159e-17	0	341.8593
3.299000000000094e-10	0.23925415	0.0025872695	0.9709151	-3.36216e-17	0	341.8593
3.300000000000094e-10	0.2392299	0.0025655215	0.9709211	-3.3621593e-17	0	341.8593
3.3010000000000944e-10	0.23920596	0.0025435705	0.9709271	-3.3621603e-17	0	341.8593
3.3020000000000947e-10	0.23918228	0.0025214194	0.9709331	-3.3621603e-17	0	341.8593
3.303000000000095e-10	0.23915893	0.0024990723	0.97093886	-3.36216e-17	0	341.8593
3.3040000000000953e-10	0.23913586	0.0024765322	0.9709447	-3.3621616e-17	0	341.8593
3.3050000000000956e-10	0.23911309	0.002453804	0.97095037	-3.36216e-17	0	341.8593
3.306000000000096e-10	0.23909059	0.002430891	0.97095597	-3.36216e-17	0	341.8593
3.307000000000096e-10	0.23906842	0.002407796	0.9709616	-3.3621616e-17	0	341.8593
3.3080000000000965e-10	0.23904656	0.0023845239	0.97096705	-3.362161e-17	0	341.8593
3.309000000000097e-10	0.23902498	0.0023610773	0.97097236	-3.3621613e-17	0	341.8593
3.310000000000097e-10	0.23900372	0.0023374609	0.9709777	-3.3621606e-17	0	341.8593
3.3110000000000974e-10	0.23898275	0.0023136777	0.97098297	-3.362161e-17	0	341.8593
3.312000000000098e-10	0.23896211	0.0022897318	0.9709881	-3.3621613e-17	0	341.8593
3.313000000000098e-10	0.23894176	0.002265626	0.9709931	-3.362161e-17	0	341.8593
3.3140000000000984e-10	0.23892172	0.0022413654	0.9709983	-3.362162e-17	0	341.8593
3.3150000000000987e-10	0.23890197	0.0022169529	0.9710032	-3.3621613e-17	0	341.8593
3.316000000000099e-10	0.23888254	0.0021923927	0.9710081	-3.362162e-17	0	341.8593
3.3170000000000993e-10	0.23886344	0.0021676875	0.9710129	-3.3621626e-17	0	341.8593
3.3180000000000996e-10	0.23884171	0.0021552057	0.97101825	-3.3998993e-17	0	340.1832
3.3190000000001e-10	0.23881721	0.0021548527	0.9710243	-3.3999003e-17	0	340.1832
3.3200000000001e-10	0.23879276	0.0021542348	0.97103035	-3.3998983e-17	0	340.1832
3.3210000000001005e-10	0.2387684	0.0021533533	0.9710364	-3.399899e-17	0	340.1832
3.322000000000101e-10	0.23874407	0.0021522096	0.9710423	-3.3999006e-17	0	340.1832
3.323000000000101e-10	0.23871984	0.0021508052	0.9710483	-3.3998993e-17	0	340.1832
3.3240000000001014e-10	0.23869568	0.0021491414	0.97105426	-3.399901e-17	0	340.1832
3.3250000000001017e-10	0.2386716	0.0021472191	0.9710603	-3.3999003e-17	0	340.1832
3.326000000000102e-10	0.2386476	0.0021450408	0.9710661	-3.3998996e-17	0	340.1832
3.3270000000001024e-10	0.23862366	0.0021426072	0.9710721	-3.3999003e-17	0	340.1832
3.3280000000001027e-10	0.2385998	0.0021399204	0.97107804	-3.3999003e-17	0	340.1832
3.329000000000103e-10	0.23857605	0.0021369816	0.97108394	-3.3999006e-17	0	340.1832
3.3300000000001033e-10	0.23855239	0.0021337925	0.97108966	-3.3999006e-17	0	340.1832
3.3310000000001036e-10	0.2385288	0.0021303545	0.9710955	-3.3999003e-17	0	340.1832
3.332000000000104e-10	0.2385053	0.0021266695	0.9711013	-3.3999003e-17	0	340.1832
3.333000000000104e-10	0.23848194	0.0021227389	0.9711071	-3.3999e-17	0	340.1832
3.3340000000001045e-10	0.23845863	0.0021185647	0.9711128	-3.399901e-17	0	340.1832
3.335000000000105e-10	0.23843545	0.0021141483	0.97111857	-3.399902e-17	0	340.1832
3.336000000000105e-10	0.23841238	0.0021094917	0.9711242	-3.3999016e-17	0	340.1832
3.3370000000001054e-10	0.23838939	0.0021045965	0.97112995	-3.3999006e-17	0	340.1832
3.3380000000001057e-10	0.23836651	0.0020994642	0.97113556	-3.3999016e-17	0	340.1832
3.339000000000106e-10	0.23834376	0.002094097	0.9711412	-3.3999003e-17	0	340.1832
3.3400000000001063e-10	0.2383211	0.0020884962	0.9711468	-3.3999012e-17	0	340.1832
3.3410000000001066e-10	0.23829858	0.0020826648	0.97115225	-3.399901e-17	0	340.1832
3.342000000000107e-10	0.23827618	0.0020766035	0.97115797	-3.3999016e-17	0	340.1832
3.3430000000001073e-10	0.23825389	0.0020703143	0.9711634	-3.3999016e-17	0	340.1832
3.3440000000001076e-10	0.2382317	0.0020637992	0.9711689	-3.3999012e-17	0	340.1832
3.345000000000108e-10	0.23820966	0.0020570606	0.97117424	-3.399901e-17	0	340.1832
3.346000000000108e-10	0.23818775	0.0020501	0.97117966	-3.3999012e-17	0	340.1832
3.3470000000001085e-10	0.23816594	0.0020429192	0.97118497	-3.3999016e-17	0	340.1832
3.348000000000109e-10	0.23814431	0.0020355205	0.9711904	-3.3999016e-17	0	340.1832
3.349000000000109e-10	0.23812278	0.0020279055	0.9711957	-3.3999016e-17	0	340.1832
3.3500000000001094e-10	0.2381014	0.0020200768	0.971201	-3.3999026e-17	0	340.1832
3.3510000000001097e-10	0.23808013	0.0020120358	0.9712061	-3.3999022e-17	0	340.1832
3.35200000000011e-10	0.23805901	0.002003785	0.9712114	-3.3999022e-17	0	340.1832
3.3530000000001103e-10	0.23803806	0.001995326	0.9712167	-3.3999026e-17	0	340.1832
3.3540000000001106e-10	0.23801723	0.0019866612	0.9712217	-3.3999026e-17	0	340.1832
3.355000000000111e-10	0.23799652	0.0019777927	0.97122675	-3.3999026e-17	0	340.1832
3.356000000000111e-10	0.23797601	0.0019687223	0.9712318	-3.3999022e-17	0	340.1832
3.3570000000001116e-10	0.2379556	0.0019594522	0.9712368	-3.3999032e-17	0	340.1832
3.358000000000112e-10	0.23793533	0.0019499849	0.9712419	-3.3999026e-17	0	340.1832
3.359000000000112e-10	0.23791525	0.001940322	0.97124684	-3.3999022e-17	0	340.1832
3.3600000000001125e-10	0.2378953	0.0019304657	0.9712518	-3.399903e-17	0	340.1832
3.361000000000113e-10	0.23787552	0.0019204187	0.97125655	-3.3999032e-17	0	340.1832
3.362000000000113e-10	0.23785588	0.0019101826	0.9712615	-3.3999026e-17	0	340.1832
3.3630000000001134e-10	0.23783642	0.0018997596	0.97126627	-3.3999026e-17	0	340.1832
3.3640000000001137e-10	0.2378171	0.0018891522	0.97127104	-3.3999036e-17	0	340.1832
3.365000000000114e-10	0.23779795	0.0018783626	0.9712758	-3.399903e-17	0	340.1832
3.3660000000001143e-10	0.23777896	0.0018673927	0.9712804	-3.3999022e-17	0	340.1832
3.3670000000001146e-10	0.23776016	0.001856245	0.97128505	-3.399903e-17	0	340.1832
3.368000000000115e-10	0.23774149	0.0018449218	0.9712895	-3.399903e-17	0	340.1832
3.369000000000115e-10	0.237723	0.0018334255	0.9712942	-3.399903e-17	0	340.1832
3.3700000000001155e-10	0.23770468	0.0018217578	0.97129864	-3.399904e-17	0	340.1832
3.371000000000116e-10	0.23768654	0.0018099216	0.9713032	-3.3999032e-17	0	340.1832
3.372000000000116e-10	0.23766857	0.001797919	0.9713076	-3.399903e-17	0	340.1832
3.3730000000001165e-10	0.2376508	0.0017857521	0.971312	-3.399904e-17	0	340.1832
3.374000000000117e-10	0.23763318	0.0017734239	0.9713163	-3.3999036e-17	0	340.1832
3.375000000000117e-10	0.23761575	0.0017609359	0.97132057	-3.3999032e-17	0	340.1832
3.3760000000001174e-10	0.23759848	0.0017482908	0.97132486	-3.3999036e-17	0	340.1832
3.3770000000001177e-10	0.23758137	0.001735491	0.9713291	-3.3999046e-17	0	340.1832
3.378000000000118e-10	0.23756447	0.0017225385	0.97133327	-3.3999032e-17	0	340.1832
3.3790000000001183e-10	0.23754774	0.0017094357	0.9713374	-3.3999042e-17	0	340.1832
3.3800000000001186e-10	0.23753119	0.0016961852	0.97134143	-3.3999036e-17	0	340.1832
3.381000000000119e-10	0.23751482	0.0016827891	0.97134554	-3.3999046e-17	0	340.1832
3.382000000000119e-10	0.23749866	0.0016692497	0.9713494	-3.399904e-17	0	340.1832
3.3830000000001195e-10	0.23748264	0.0016555699	0.9713533	-3.399905e-17	0	340.1832
3.38400000000012e-10	0.23746684	0.0016417517	0.9713571	-3.399904e-17	0	340.1832
3.38500000000012e-10	0.23745123	0.0016277975	0.97136116	-3.3999036e-17	0	340.1832
3.3860000000001204e-10	0.2374358	0.0016137098	0.9713649	-3.3999042e-17	0	340.1832
3.387000000000121e-10	0.23742059	0.0015994915	0.9713687	-3.399905e-17	0	340.1832
3.388000000000121e-10	0.23740554	0.0015851443	0.97137237	-3.3999055e-17	0	340.1832
3.3890000000001214e-10	0.2373907	0.0015706711	0.97137606	-3.3999042e-17	0	340.1832
3.3900000000001217e-10	0.23737606	0.0015560738	0.97137964	-3.3999046e-17	0	340.1832
3.391000000000122e-10	0.23736158	0.001541355	0.97138315	-3.399905e-17	0	340.1832
3.3920000000001223e-10	0.2373473	0.0015265173	0.9713867	-3.399904e-17	0	340.1832
3.3930000000001226e-10	0.23733321	0.0015115627	0.9713901	-3.3999046e-17	0	340.1832
3.394000000000123e-10	0.23731934	0.001496494	0.9713935	-3.399905e-17	0	340.1832
3.395000000000123e-10	0.23730567	0.0014813138	0.97139686	-3.3999042e-17	0	340.1832
3.3960000000001235e-10	0.23729219	0.0014660241	0.97140014	-3.3999046e-17	0	340.1832
3.397000000000124e-10	0.23727892	0.0014506277	0.97140354	-3.3999055e-17	0	340.1832
3.398000000000124e-10	0.23726583	0.0014351268	0.9714067	-3.3999055e-17	0	340.1832
3.3990000000001244e-10	0.23725295	0.0014195241	0.9714098	-3.3999046e-17	0	340.1832
3.400000000000125e-10	0.23724025	0.0014038214	0.97141296	-3.399905e-17	0	340.1832
3.401000000000125e-10	0.23722777	0.0013880219	0.97141606	-3.3999052e-17	0	340.1832
3.4020000000001254e-10	0.23721549	0.0013721273	0.9714191	-3.3999046e-17	0	340.1832
3.4030000000001257e-10	0.23720342	0.0013561407	0.97142196	-3.3999055e-17	0	340.1832
3.404000000000126e-10	0.23719154	0.0013400642	0.9714249	-3.3999052e-17	0	340.1832
3.4050000000001263e-10	0.23717988	0.0013239003	0.97142786	-3.399905e-17	0	340.1832
3.4060000000001266e-10	0.23716842	0.0013076516	0.9714306	-3.399906e-17	0	340.1832
3.407000000000127e-10	0.23715715	0.0012913202	0.97143334	-3.399905e-17	0	340.1832
3.408000000000127e-10	0.23714608	0.001274909	0.97143614	-3.3999055e-17	0	340.1832
3.4090000000001275e-10	0.23713523	0.0012584198	0.97143877	-3.399905e-17	0	340.1832
3.410000000000128e-10	0.23712458	0.0012418556	0.9714414	-3.399906e-17	0	340.1832
3.411000000000128e-10	0.23711415	0.0012252186	0.97144383	-3.399906e-17	0	340.1832
3.4120000000001284e-10	0.23710391	0.0012085113	0.9714464	-3.399906e-17	0	340.1832
3.4130000000001287e-10	0.23709387	0.001191736	0.97144896	-3.3999065e-17	0	340.1832
3.414000000000129e-10	0.23708403	0.0011748951	0.97145134	-3.3999052e-17	0	340.1832
3.4150000000001293e-10	0.23707443	0.0011579907	0.9714538	-3.3999052e-17	0	340.1832
3.4160000000001297e-10	0.23706505	0.001141026	0.97145605	-3.399905e-17	0	340.1832
3.41700000000013e-10	0.23705581	0.0011240032	0.9714583	-3.3999065e-17	0	340.1832
3.4180000000001303e-10	0.23704411	0.0011187228	0.97146106	-3.4362777e-17	0	338.5742
3.4190000000001306e-10	0.23702967	0.0011250954	0.97146463	-3.4362773e-17	0	338.5742
3.420000000000131e-10	0.2370152	0.0011312917	0.9714682	-3.436277e-17	0	338.5742
3.421000000000131e-10	0.23700072	0.001137312	0.9714717	-3.4362767e-17	0	338.5742
3.4220000000001315e-10	0.23698619	0.0011431561	0.97147524	-3.4362773e-17	0	338.5742
3.423000000000132e-10	0.23697162	0.0011488246	0.97147864	-3.4362767e-17	0	338.5742
3.424000000000132e-10	0.23695703	0.0011543172	0.9714823	-3.4362767e-17	0	338.5742
3.4250000000001324e-10	0.23694243	0.001159634	0.9714858	-3.4362777e-17	0	338.5742
3.4260000000001327e-10	0.23692779	0.0011647753	0.9714893	-3.436278e-17	0	338.5742
3.427000000000133e-10	0.23691314	0.0011697417	0.9714929	-3.436277e-17	0	338.5742
3.4280000000001333e-10	0.23689847	0.001174533	0.9714965	-3.436277e-17	0	338.5742
3.4290000000001336e-10	0.23688379	0.0011791494	0.97150004	-3.4362773e-17	0	338.5742
3.430000000000134e-10	0.2368691	0.0011835914	0.9715037	-3.436278e-17	0	338.5742
3.431000000000134e-10	0.23685439	0.0011878595	0.9715072	-3.4362773e-17	0	338.5742
3.4320000000001346e-10	0.23683967	0.0011919535	0.9715108	-3.4362767e-17	0	338.5742
3.433000000000135e-10	0.23682491	0.0011958741	0.97151434	-3.4362767e-17	0	338.5742
3.434000000000135e-10	0.23681018	0.0011996215	0.971518	-3.4362777e-17	0	338.5742
3.4350000000001355e-10	0.23679546	0.0012031962	0.9715215	-3.436277e-17	0	338.5742
3.436000000000136e-10	0.2367807	0.0012065985	0.9715251	-3.4362773e-17	0	338.5742
3.437000000000136e-10	0.23676594	0.0012098289	0.97152865	-3.4362773e-17	0	338.5742
3.4380000000001364e-10	0.2367512	0.0012128878	0.9715322	-3.436277e-17	0	338.5742
3.4390000000001367e-10	0.23673646	0.0012157756	0.9715358	-3.436277e-17	0	338.5742
3.440000000000137e-10	0.23672172	0.0012184929	0.97153944	-3.436278e-17	0	338.5742
3.4410000000001373e-10	0.236707	0.0012210403	0.97154295	-3.4362773e-17	0	338.5742
3.4420000000001376e-10	0.23669225	0.0012234182	0.9715466	-3.4362777e-17	0	338.5742
3.443000000000138e-10	0.23667756	0.0012256271	0.97155017	-3.436278e-17	0	338.5742
3.444000000000138e-10	0.23666285	0.0012276677	0.9715537	-3.4362787e-17	0	338.5742
3.4450000000001385e-10	0.23664817	0.0012295404	0.97155726	-3.4362777e-17	0	338.5742
3.446000000000139e-10	0.2366335	0.001231246	0.97156084	-3.436278e-17	0	338.5742
3.447000000000139e-10	0.23661882	0.0012327849	0.97156435	-3.4362777e-17	0	338.5742
3.4480000000001395e-10	0.23660423	0.001234158	0.9715679	-3.4362787e-17	0	338.5742
3.44900000000014e-10	0.23658961	0.0012353658	0.9715715	-3.4362783e-17	0	338.5742
3.45000000000014e-10	0.23657499	0.0012364087	0.97157496	-3.4362773e-17	0	338.5742
3.4510000000001404e-10	0.23656043	0.0012372881	0.97157854	-3.436278e-17	0	338.5742
3.4520000000001407e-10	0.23654592	0.0012380041	0.97158206	-3.4362783e-17	0	338.5742
3.453000000000141e-10	0.23653139	0.0012385577	0.9715856	-3.4362783e-17	0	338.5742
3.4540000000001413e-10	0.23651694	0.0012389496	0.971589	-3.4362783e-17	0	338.5742
3.4550000000001416e-10	0.23650247	0.0012391806	0.97159255	-3.436277e-17	0	338.5742
3.456000000000142e-10	0.23648804	0.0012392512	0.97159606	-3.4362783e-17	0	338.5742
3.457000000000142e-10	0.23647368	0.0012391626	0.9715996	-3.4362783e-17	0	338.5742
3.4580000000001425e-10	0.23645931	0.0012389154	0.9716031	-3.436278e-17	0	338.5742
3.459000000000143e-10	0.23644505	0.0012385102	0.97160655	-3.436278e-17	0	338.5742
3.460000000000143e-10	0.23643078	0.0012379483	0.97161	-3.4362783e-17	0	338.5742
3.4610000000001435e-10	0.23641655	0.0012372303	0.97161347	-3.4362777e-17	0	338.5742
3.462000000000144e-10	0.23640238	0.001236357	0.97161686	-3.4362773e-17	0	338.5742
3.463000000000144e-10	0.23638824	0.0012353298	0.9716202	-3.4362777e-17	0	338.5742
3.4640000000001444e-10	0.23637415	0.0012341487	0.9716237	-3.436279e-17	0	338.5742
3.4650000000001447e-10	0.2363601	0.0012328154	0.9716271	-3.4362783e-17	0	338.5742
3.466000000000145e-10	0.23634611	0.0012313307	0.9716306	-3.4362783e-17	0	338.5742
3.4670000000001453e-10	0.23633218	0.0012296953	0.9716339	-3.4362783e-17	0	338.5742
3.4680000000001456e-10	0.23631828	0.0012279103	0.9716372	-3.436278e-17	0	338.5742
3.469000000000146e-10	0.23630445	0.0012259766	0.9716406	-3.4362777e-17	0	338.5742
3.470000000000146e-10	0.23629071	0.0012238953	0.9716439	-3.4362773e-17	0	338.5742
3.4710000000001465e-10	0.23627695	0.0012216673	0.9716472	-3.4362793e-17	0	338.5742
3.472000000000147e-10	0.2362633	0.0012192937	0.9716506	-3.4362787e-17	0	338.5742
3.473000000000147e-10	0.2362497	0.0012167756	0.97165394	-3.436278e-17	0	338.5742
3.4740000000001474e-10	0.23623616	0.001214114	0.97165716	-3.4362787e-17	0	338.5742
3.475000000000148e-10	0.2362227	0.0012113099	0.97166044	-3.436279e-17	0	338.5742
3.476000000000148e-10	0.23620927	0.0012083646	0.9716636	-3.4362787e-17	0	338.5742
3.4770000000001484e-10	0.23619594	0.001205279	0.9716668	-3.4362783e-17	0	338.5742
3.4780000000001487e-10	0.23618266	0.0012020539	0.97167015	-3.436279e-17	0	338.5742
3.479000000000149e-10	0.23616946	0.0011986907	0.97167337	-3.4362777e-17	0	338.5742
3.4800000000001493e-10	0.23615631	0.0011951906	0.9716764	-3.436279e-17	0	338.5742
3.4810000000001496e-10	0.23614326	0.0011915548	0.9716797	-3.4362787e-17	0	338.5742
3.48200000000015e-10	0.23613022	0.0011877844	0.97168285	-3.4362797e-17	0	338.5742
3.48300000000015e-10	0.23611732	0.0011838801	0.97168595	-3.4362787e-17	0	338.5742
3.4840000000001505e-10	0.23610447	0.0011798437	0.9716891	-3.4362793e-17	0	338.5742
3.485000000000151e-10	0.2360917	0.0011756762	0.97169214	-3.4362793e-17	0	338.5742
3.486000000000151e-10	0.23607904	0.0011713788	0.9716952	-3.4362783e-17	0	338.5742
3.4870000000001514e-10	0.2360664	0.0011669527	0.9716983	-3.4362783e-17	0	338.5742
3.4880000000001517e-10	0.23605385	0.0011623988	0.97170126	-3.4362783e-17	0	338.5742
3.489000000000152e-10	0.23604144	0.0011577187	0.97170436	-3.4362793e-17	0	338.5742
3.4900000000001524e-10	0.23602906	0.0011529138	0.97170734	-3.436278e-17	0	338.5742
3.4910000000001527e-10	0.23601678	0.0011479849	0.9717103	-3.436279e-17	0	338.5742
3.492000000000153e-10	0.23600459	0.0011429334	0.9717132	-3.4362793e-17	0	338.5742
3.4930000000001533e-10	0.23599246	0.0011377606	0.97171617	-3.436279e-17	0	338.5742
3.4940000000001536e-10	0.23598044	0.0011324678	0.9717191	-3.4362797e-17	0	338.5742
3.495000000000154e-10	0.2359685	0.0011270563	0.971722	-3.4362797e-17	0	338.5742
3.496000000000154e-10	0.23595664	0.0011215274	0.9717249	-3.4362793e-17	0	338.5742
3.4970000000001545e-10	0.23594491	0.0011158825	0.9717277	-3.4362797e-17	0	338.5742
3.498000000000155e-10	0.23593324	0.0011101228	0.97173053	-3.4362793e-17	0	338.5742
3.499000000000155e-10	0.23592168	0.0011042496	0.97173333	-3.4362787e-17	0	338.5742
3.5000000000001554e-10	0.2359102	0.0010982642	0.97173613	-3.4362797e-17	0	338.5742
3.5010000000001557e-10	0.23589881	0.0010921683	0.9717388	-3.4362793e-17	0	338.5742
3.502000000000156e-10	0.23588753	0.0010859624	0.9717417	-3.436279e-17	0	338.5742
3.5030000000001563e-10	0.23587635	0.0010796486	0.97174436	-3.43628e-17	0	338.5742
3.5040000000001566e-10	0.23586527	0.0010732282	0.971747	-3.4362797e-17	0	338.5742
3.505000000000157e-10	0.23585425	0.0010667023	0.9717497	-3.4362793e-17	0	338.5742
3.506000000000157e-10	0.23584339	0.0010600724	0.9717523	-3.436279e-17	0	338.5742
3.5070000000001576e-10	0.23583257	0.0010533398	0.97175497	-3.4362787e-17	0	338.5742
3.508000000000158e-10	0.23582189	0.001046506	0.97175753	-3.4362797e-17	0	338.5742
3.509000000000158e-10	0.2358113	0.0010395721	0.97176015	-3.4362797e-17	0	338.5742
3.5100000000001585e-10	0.23580079	0.0010325399	0.9717626	-3.4362797e-17	0	338.5742
3.511000000000159e-10	0.23579043	0.0010254106	0.97176516	-3.436278e-17	0	338.5742
3.512000000000159e-10	0.23578015	0.0010181855	0.9717676	-3.43628e-17	0	338.5742
3.5130000000001594e-10	0.23576999	0.0010108664	0.9717701	-3.4362803e-17	0	338.5742
3.5140000000001597e-10	0.23575991	0.0010034543	0.97177255	-3.4362793e-17	0	338.5742
3.51500000000016e-10	0.23574996	0.0009959507	0.9717749	-3.43628e-17	0	338.5742
3.5160000000001603e-10	0.2357401	0.0009883571	0.97177744	-3.43628e-17	0	338.5742
3.5170000000001606e-10	0.23573036	0.000980675	0.9717797	-3.4362797e-17	0	338.5742
3.518000000000161e-10	0.23571812	0.000984176	0.97178257	-3.4713213e-17	0	337.02963
3.519000000000161e-10	0.23570323	0.0009987723	0.9717862	-3.4713207e-17	0	337.02963
3.5200000000001616e-10	0.23568818	0.0010131636	0.97178984	-3.4713217e-17	0	337.02963
3.521000000000162e-10	0.23567304	0.0010273491	0.9717934	-3.4713217e-17	0	337.02963
3.522000000000162e-10	0.23565777	0.0010413283	0.97179717	-3.471321e-17	0	337.02963
3.5230000000001625e-10	0.23564242	0.0010551002	0.97180086	-3.4713207e-17	0	337.02963
3.524000000000163e-10	0.2356269	0.0010686639	0.9718046	-3.4713223e-17	0	337.02963
3.525000000000163e-10	0.2356113	0.001082019	0.9718083	-3.4713223e-17	0	337.02963
3.5260000000001634e-10	0.2355956	0.0010951643	0.9718121	-3.471321e-17	0	337.02963
3.5270000000001637e-10	0.23557976	0.0011080998	0.97181594	-3.4713213e-17	0	337.02963
3.528000000000164e-10	0.23556386	0.0011208247	0.9718198	-3.471322e-17	0	337.02963
3.5290000000001643e-10	0.23554781	0.0011333383	0.97182363	-3.4713217e-17	0	337.02963
3.5300000000001646e-10	0.2355317	0.0011456402	0.9718275	-3.4713213e-17	0	337.02963
3.531000000000165e-10	0.23551548	0.00115773	0.97183144	-3.4713217e-17	0	337.02963
3.532000000000165e-10	0.23549919	0.0011696069	0.9718354	-3.471322e-17	0	337.02963
3.5330000000001655e-10	0.23548278	0.0011812707	0.9718392	-3.471321e-17	0	337.02963
3.534000000000166e-10	0.2354663	0.0011927208	0.97184336	-3.471321e-17	0	337.02963
3.535000000000166e-10	0.23544975	0.0012039569	0.9718473	-3.4713213e-17	0	337.02963
3.5360000000001665e-10	0.23543307	0.0012149789	0.9718512	-3.4713217e-17	0	337.02963
3.537000000000167e-10	0.23541634	0.001225786	0.9718553	-3.4713213e-17	0	337.02963
3.538000000000167e-10	0.23539954	0.0012363782	0.97185934	-3.471322e-17	0	337.02963
3.5390000000001674e-10	0.23538265	0.0012467552	0.9718634	-3.4713227e-17	0	337.02963
3.5400000000001677e-10	0.23536572	0.0012569169	0.97186756	-3.4713213e-17	0	337.02963
3.541000000000168e-10	0.23534867	0.0012668631	0.97187155	-3.4713223e-17	0	337.02963
3.5420000000001683e-10	0.2353316	0.0012765934	0.97187567	-3.4713227e-17	0	337.02963
3.5430000000001686e-10	0.23531444	0.0012861077	0.9718798	-3.4713223e-17	0	337.02963
3.544000000000169e-10	0.23529723	0.0012954059	0.97188395	-3.4713223e-17	0	337.02963
3.545000000000169e-10	0.23527995	0.0013044882	0.9718882	-3.4713217e-17	0	337.02963
3.5460000000001695e-10	0.23526265	0.0013133542	0.97189224	-3.4713217e-17	0	337.02963
3.54700000000017e-10	0.23524526	0.0013220038	0.9718965	-3.471322e-17	0	337.02963
3.54800000000017e-10	0.23522781	0.0013304373	0.9719007	-3.4713227e-17	0	337.02963
3.5490000000001704e-10	0.23521034	0.0013386545	0.97190493	-3.4713223e-17	0	337.02963
3.550000000000171e-10	0.2351928	0.0013466559	0.9719091	-3.4713227e-17	0	337.02963
3.551000000000171e-10	0.23517524	0.0013544408	0.9719134	-3.4713233e-17	0	337.02963
3.5520000000001714e-10	0.23515765	0.0013620099	0.9719175	-3.4713217e-17	0	337.02963
3.5530000000001717e-10	0.23513997	0.0013693632	0.9719218	-3.471323e-17	0	337.02963
3.554000000000172e-10	0.2351223	0.0013765012	0.97192615	-3.471323e-17	0	337.02963
3.5550000000001723e-10	0.23510458	0.0013834233	0.9719304	-3.4713217e-17	0	337.02963
3.5560000000001726e-10	0.23508683	0.0013901301	0.9719347	-3.4713223e-17	0	337.02963
3.557000000000173e-10	0.23506905	0.0013966222	0.97193897	-3.471323e-17	0	337.02963
3.558000000000173e-10	0.23505126	0.0014028995	0.9719432	-3.4713227e-17	0	337.02963
3.5590000000001735e-10	0.23503342	0.0014089622	0.97194755	-3.4713227e-17	0	337.02963
3.560000000000174e-10	0.23501557	0.0014148111	0.9719519	-3.471323e-17	0	337.02963
3.561000000000174e-10	0.23499769	0.001420446	0.97195625	-3.4713233e-17	0	337.02963
3.5620000000001744e-10	0.23497981	0.0014258676	0.9719604	-3.4713223e-17	0	337.02963
3.563000000000175e-10	0.23496191	0.0014310761	0.97196484	-3.4713233e-17	0	337.02963
3.564000000000175e-10	0.234944	0.001436072	0.9719691	-3.4713237e-17	0	337.02963
3.5650000000001754e-10	0.23492609	0.0014408559	0.97197336	-3.4713233e-17	0	337.02963
3.5660000000001757e-10	0.23490816	0.0014454284	0.9719778	-3.471323e-17	0	337.02963
3.567000000000176e-10	0.23489024	0.0014497895	0.9719821	-3.471324e-17	0	337.02963
3.5680000000001763e-10	0.23487228	0.0014539403	0.9719864	-3.4713243e-17	0	337.02963
3.5690000000001766e-10	0.23485437	0.0014578808	0.97199064	-3.471324e-17	0	337.02963
3.570000000000177e-10	0.23483643	0.0014616121	0.9719951	-3.4713237e-17	0	337.02963
3.571000000000177e-10	0.23481852	0.0014651344	0.9719993	-3.471324e-17	0	337.02963
3.5720000000001775e-10	0.2348006	0.0014684484	0.97200364	-3.471323e-17	0	337.02963
3.573000000000178e-10	0.2347827	0.001471555	0.972008	-3.471324e-17	0	337.02963
3.574000000000178e-10	0.2347648	0.0014744545	0.9720124	-3.4713237e-17	0	337.02963
3.5750000000001784e-10	0.23474692	0.0014771482	0.9720166	-3.4713233e-17	0	337.02963
3.5760000000001787e-10	0.23472904	0.0014796361	0.972021	-3.4713237e-17	0	337.02963
3.577000000000179e-10	0.23471119	0.0014819195	0.97202516	-3.4713227e-17	0	337.02963
3.5780000000001793e-10	0.23469336	0.0014839988	0.97202957	-3.4713233e-17	0	337.02963
3.5790000000001797e-10	0.23467556	0.0014858749	0.97203386	-3.4713237e-17	0	337.02963
3.58000000000018e-10	0.2346578	0.0014875487	0.97203815	-3.4713243e-17	0	337.02963
3.5810000000001803e-10	0.23464005	0.001489021	0.9720424	-3.4713243e-17	0	337.02963
3.5820000000001806e-10	0.23462231	0.0014902926	0.9720466	-3.471323e-17	0	337.02963
3.583000000000181e-10	0.23460463	0.0014913646	0.97205096	-3.4713237e-17	0	337.02963
3.584000000000181e-10	0.23458698	0.0014922374	0.97205514	-3.4713243e-17	0	337.02963
3.5850000000001815e-10	0.23456937	0.0014929123	0.9720594	-3.4713237e-17	0	337.02963
3.586000000000182e-10	0.23455177	0.0014933903	0.97206366	-3.471324e-17	0	337.02963
3.587000000000182e-10	0.23453423	0.0014936721	0.97206795	-3.4713243e-17	0	337.02963
3.5880000000001824e-10	0.23451674	0.0014937589	0.9720721	-3.4713247e-17	0	337.02963
3.5890000000001827e-10	0.23449929	0.0014936517	0.9720763	-3.471325e-17	0	337.02963
3.590000000000183e-10	0.23448187	0.0014933513	0.9720805	-3.471325e-17	0	337.02963
3.5910000000001833e-10	0.23446453	0.0014928592	0.97208464	-3.4713247e-17	0	337.02963
3.5920000000001836e-10	0.23444721	0.001492176	0.9720888	-3.471324e-17	0	337.02963
3.593000000000184e-10	0.23442996	0.0014913031	0.972093	-3.4713247e-17	0	337.02963
3.594000000000184e-10	0.23441276	0.0014902413	0.9720972	-3.4713243e-17	0	337.02963
3.5950000000001846e-10	0.23439561	0.0014889919	0.97210133	-3.471324e-17	0	337.02963
3.596000000000185e-10	0.23437853	0.0014875561	0.97210544	-3.4713243e-17	0	337.02963
3.597000000000185e-10	0.23436151	0.001485935	0.97210956	-3.4713247e-17	0	337.02963
3.5980000000001855e-10	0.23434454	0.0014841296	0.97211367	-3.4713247e-17	0	337.02963
3.599000000000186e-10	0.23432764	0.0014821413	0.97211766	-3.4713247e-17	0	337.02963
3.600000000000186e-10	0.2343108	0.0014799715	0.9721218	-3.471324e-17	0	337.02963
3.6010000000001864e-10	0.23429407	0.0014776206	0.9721258	-3.4713247e-17	0	337.02963
3.6020000000001867e-10	0.23427734	0.0014750909	0.9721298	-3.471325e-17	0	337.02963
3.603000000000187e-10	0.23426074	0.0014723832	0.97213393	-3.471325e-17	0	337.02963
3.6040000000001873e-10	0.23424418	0.0014694984	0.97213787	-3.4713247e-17	0	337.02963
3.6050000000001876e-10	0.23422767	0.0014664385	0.97214186	-3.4713247e-17	0	337.02963
3.606000000000188e-10	0.23421128	0.0014632042	0.9721459	-3.4713247e-17	0	337.02963
3.607000000000188e-10	0.23419498	0.0014597971	0.9721497	-3.4713243e-17	0	337.02963
3.6080000000001885e-10	0.23417869	0.0014562184	0.97215366	-3.471326e-17	0	337.02963
3.609000000000189e-10	0.23416257	0.0014524696	0.97215766	-3.4713247e-17	0	337.02963
3.610000000000189e-10	0.23414645	0.001448552	0.9721615	-3.471326e-17	0	337.02963
3.6110000000001895e-10	0.23413046	0.0014444669	0.97216535	-3.4713253e-17	0	337.02963
3.61200000000019e-10	0.23411453	0.0014402157	0.9721692	-3.4713263e-17	0	337.02963
3.61300000000019e-10	0.2340987	0.0014358	0.9721731	-3.4713253e-17	0	337.02963
3.6140000000001904e-10	0.23408297	0.001431221	0.9721768	-3.4713256e-17	0	337.02963
3.6150000000001907e-10	0.23406734	0.0014264804	0.97218055	-3.4713256e-17	0	337.02963
3.616000000000191e-10	0.2340518	0.0014215794	0.97218436	-3.4713253e-17	0	337.02963
3.6170000000001913e-10	0.23403633	0.0014165199	0.9721881	-3.471325e-17	0	337.02963
3.6180000000001916e-10	0.23401849	0.0014220453	0.97219235	-3.505084e-17	0	335.5469
3.619000000000192e-10	0.23399806	0.0014380713	0.9721973	-3.505084e-17	0	335.5469
3.620000000000192e-10	0.2339775	0.0014538259	0.97220224	-3.5050832e-17	0	335.5469
3.6210000000001925e-10	0.23395683	0.0014693085	0.9722072	-3.5050845e-17	0	335.5469
3.622000000000193e-10	0.23393603	0.0014845185	0.9722122	-3.505084e-17	0	335.5469
3.623000000000193e-10	0.23391509	0.0014994554	0.9722172	-3.5050842e-17	0	335.5469
3.6240000000001935e-10	0.23389408	0.0015141184	0.9722222	-3.5050852e-17	0	335.5469
3.625000000000194e-10	0.23387292	0.0015285072	0.9722272	-3.505085e-17	0	335.5469
3.626000000000194e-10	0.2338517	0.0015426211	0.97223234	-3.5050852e-17	0	335.5469
3.6270000000001944e-10	0.23383038	0.0015564596	0.97223747	-3.5050845e-17	0	335.5469
3.6280000000001947e-10	0.2338089	0.0015700227	0.9722426	-3.505084e-17	0	335.5469
3.629000000000195e-10	0.23378736	0.0015833098	0.9722479	-3.5050855e-17	0	335.5469
3.6300000000001953e-10	0.23376575	0.0015963204	0.97225296	-3.5050855e-17	0	335.5469
3.6310000000001956e-10	0.233744	0.0016090545	0.9722582	-3.5050845e-17	0	335.5469
3.632000000000196e-10	0.23372218	0.0016215115	0.9722634	-3.5050842e-17	0	335.5469
3.633000000000196e-10	0.23370026	0.0016336915	0.9722687	-3.5050855e-17	0	335.5469
3.6340000000001965e-10	0.2336783	0.0016455939	0.972274	-3.5050845e-17	0	335.5469
3.635000000000197e-10	0.23365624	0.0016572191	0.9722792	-3.505086e-17	0	335.5469
3.636000000000197e-10	0.23363411	0.0016685668	0.97228456	-3.505086e-17	0	335.5469
3.6370000000001974e-10	0.23361191	0.001679637	0.97228986	-3.5050852e-17	0	335.5469
3.638000000000198e-10	0.23358963	0.0016904295	0.9722952	-3.5050845e-17	0	335.5469
3.639000000000198e-10	0.23356733	0.001700944	0.9723005	-3.5050855e-17	0	335.5469
3.6400000000001984e-10	0.23354492	0.0017111815	0.97230595	-3.505086e-17	0	335.5469
3.6410000000001987e-10	0.23352247	0.0017211414	0.9723114	-3.5050862e-17	0	335.5469
3.642000000000199e-10	0.23349999	0.0017308241	0.97231674	-3.5050862e-17	0	335.5469
3.6430000000001993e-10	0.23347743	0.0017402299	0.9723221	-3.5050862e-17	0	335.5469
3.6440000000001996e-10	0.23345484	0.0017493584	0.97232753	-3.505087e-17	0	335.5469
3.6450000000002e-10	0.2334322	0.0017582106	0.972333	-3.5050855e-17	0	335.5469
3.6460000000002e-10	0.23340955	0.0017667862	0.97233844	-3.5050855e-17	0	335.5469
3.6470000000002005e-10	0.23338683	0.0017750862	0.9723438	-3.5050865e-17	0	335.5469
3.648000000000201e-10	0.23336409	0.0017831101	0.97234935	-3.5050852e-17	0	335.5469
3.649000000000201e-10	0.23334134	0.001790859	0.9723547	-3.5050862e-17	0	335.5469
3.6500000000002014e-10	0.23331854	0.001798333	0.97236025	-3.5050872e-17	0	335.5469
3.6510000000002017e-10	0.23329571	0.0018055328	0.9723658	-3.505087e-17	0	335.5469
3.652000000000202e-10	0.23327288	0.0018124584	0.9723711	-3.5050865e-17	0	335.5469
3.6530000000002023e-10	0.23325004	0.0018191108	0.97237664	-3.5050865e-17	0	335.5469
3.6540000000002027e-10	0.23322716	0.0018254902	0.9723822	-3.5050855e-17	0	335.5469
3.655000000000203e-10	0.23320428	0.0018315974	0.9723877	-3.505088e-17	0	335.5469
3.6560000000002033e-10	0.23318137	0.001837433	0.97239316	-3.505088e-17	0	335.5469
3.6570000000002036e-10	0.23315848	0.0018429977	0.97239864	-3.505087e-17	0	335.5469
3.658000000000204e-10	0.23313558	0.0018482921	0.97240406	-3.505087e-17	0	335.5469
3.659000000000204e-10	0.2331127	0.0018533168	0.9724096	-3.505088e-17	0	335.5469
3.6600000000002045e-10	0.2330898	0.0018580728	0.97241515	-3.5050865e-17	0	335.5469
3.661000000000205e-10	0.2330669	0.0018625604	0.9724206	-3.5050875e-17	0	335.5469
3.662000000000205e-10	0.233044	0.0018667807	0.97242606	-3.505088e-17	0	335.5469
3.6630000000002054e-10	0.23302114	0.0018707346	0.9724316	-3.5050872e-17	0	335.5469
3.6640000000002057e-10	0.23299827	0.0018744229	0.972437	-3.5050882e-17	0	335.5469
3.665000000000206e-10	0.23297544	0.0018778463	0.9724425	-3.505088e-17	0	335.5469
3.6660000000002063e-10	0.23295261	0.001881006	0.97244805	-3.5050882e-17	0	335.5469
3.6670000000002066e-10	0.23292981	0.0018839026	0.9724535	-3.5050885e-17	0	335.5469
3.668000000000207e-10	0.23290704	0.0018865373	0.97245896	-3.5050882e-17	0	335.5469
3.669000000000207e-10	0.23288429	0.0018889112	0.9724644	-3.505088e-17	0	335.5469
3.6700000000002076e-10	0.23286158	0.0018910253	0.97246987	-3.505088e-17	0	335.5469
3.671000000000208e-10	0.23283893	0.0018928808	0.9724753	-3.505089e-17	0	335.5469
3.672000000000208e-10	0.2328163	0.0018944782	0.9724807	-3.505089e-17	0	335.5469
3.6730000000002085e-10	0.23279369	0.0018958194	0.97248614	-3.5050882e-17	0	335.5469
3.674000000000209e-10	0.23277114	0.0018969051	0.97249156	-3.5050882e-17	0	335.5469
3.675000000000209e-10	0.23274863	0.0018977366	0.97249687	-3.5050892e-17	0	335.5469
3.6760000000002094e-10	0.23272619	0.001898315	0.97250235	-3.5050882e-17	0	335.5469
3.6770000000002097e-10	0.23270378	0.0018986417	0.9725077	-3.5050882e-17	0	335.5469
3.67800000000021e-10	0.23268142	0.001898718	0.972513	-3.5050898e-17	0	335.5469
3.6790000000002103e-10	0.23265913	0.0018985448	0.9725183	-3.5050872e-17	0	335.5469
3.6800000000002106e-10	0.2326369	0.0018981239	0.9725238	-3.5050892e-17	0	335.5469
3.681000000000211e-10	0.23261473	0.0018974564	0.9725291	-3.505088e-17	0	335.5469
3.682000000000211e-10	0.23259263	0.0018965437	0.9725344	-3.5050885e-17	0	335.5469
3.6830000000002116e-10	0.23257057	0.0018953873	0.97253966	-3.5050895e-17	0	335.5469
3.684000000000212e-10	0.23254861	0.0018939883	0.97254497	-3.5050892e-17	0	335.5469
3.685000000000212e-10	0.23252669	0.0018923485	0.9725502	-3.505089e-17	0	335.5469
3.6860000000002125e-10	0.23250487	0.0018904692	0.97255546	-3.505089e-17	0	335.5469
3.687000000000213e-10	0.23248313	0.0018883517	0.97256064	-3.5050892e-17	0	335.5469
3.688000000000213e-10	0.23246147	0.001885998	0.97256577	-3.5050892e-17	0	335.5469
3.6890000000002134e-10	0.23243989	0.0018834093	0.972571	-3.505089e-17	0	335.5469
3.6900000000002137e-10	0.23241839	0.0018805871	0.9725762	-3.5050892e-17	0	335.5469
3.691000000000214e-10	0.23239696	0.0018775332	0.9725814	-3.5050892e-17	0	335.5469
3.6920000000002143e-10	0.23237565	0.0018742492	0.9725865	-3.5050892e-17	0	335.5469
3.6930000000002146e-10	0.2323544	0.0018707365	0.9725916	-3.50509e-17	0	335.5469
3.694000000000215e-10	0.23233327	0.0018669966	0.97259665	-3.5050892e-17	0	335.5469
3.695000000000215e-10	0.23231223	0.0018630316	0.9726018	-3.5050905e-17	0	335.5469
3.6960000000002155e-10	0.23229128	0.001858843	0.9726067	-3.5050898e-17	0	335.5469
3.697000000000216e-10	0.23227045	0.0018544327	0.9726117	-3.5050905e-17	0	335.5469
3.698000000000216e-10	0.2322497	0.0018498021	0.9726167	-3.50509e-17	0	335.5469
3.6990000000002165e-10	0.23222907	0.0018449533	0.9726217	-3.50509e-17	0	335.5469
3.700000000000217e-10	0.23220854	0.0018398876	0.9726266	-3.50509e-17	0	335.5469
3.701000000000217e-10	0.23218812	0.0018346072	0.97263145	-3.5050905e-17	0	335.5469
3.7020000000002174e-10	0.23216781	0.0018291137	0.97263634	-3.5050908e-17	0	335.5469
3.7030000000002177e-10	0.2321476	0.0018234092	0.9726412	-3.50509e-17	0	335.5469
3.704000000000218e-10	0.23212755	0.0018174953	0.972646	-3.50509e-17	0	335.5469
3.7050000000002183e-10	0.23210758	0.001811374	0.9726508	-3.5050905e-17	0	335.5469
3.7060000000002186e-10	0.23208775	0.001805047	0.9726555	-3.5050908e-17	0	335.5469
3.707000000000219e-10	0.23206802	0.0017985164	0.9726603	-3.50509e-17	0	335.5469
3.708000000000219e-10	0.23204844	0.0017917837	0.9726651	-3.5050905e-17	0	335.5469
3.7090000000002195e-10	0.23202896	0.0017848513	0.9726697	-3.50509e-17	0	335.5469
3.71000000000022e-10	0.2320096	0.001777721	0.97267437	-3.5050915e-17	0	335.5469
3.71100000000022e-10	0.23199041	0.0017703949	0.97267896	-3.5050908e-17	0	335.5469
3.7120000000002204e-10	0.23197132	0.0017628748	0.97268355	-3.5050908e-17	0	335.5469
3.713000000000221e-10	0.23195237	0.0017551626	0.9726881	-3.505091e-17	0	335.5469
3.714000000000221e-10	0.23193355	0.0017472606	0.9726926	-3.50509e-17	0	335.5469
3.7150000000002214e-10	0.2319149	0.0017391706	0.97269714	-3.5050905e-17	0	335.5469
3.7160000000002217e-10	0.23189637	0.0017308947	0.97270155	-3.505091e-17	0	335.5469
3.717000000000222e-10	0.23187794	0.0017224349	0.97270596	-3.505091e-17	0	335.5469
3.7180000000002223e-10	0.2318573	0.0017240155	0.97271097	-3.5376176e-17	0	334.12354
3.7190000000002226e-10	0.23183425	0.0017355552	0.97271645	-3.5376176e-17	0	334.12354
3.720000000000223e-10	0.23181112	0.0017468049	0.97272193	-3.5376172e-17	0	334.12354
3.721000000000223e-10	0.2317879	0.0017577636	0.9727275	-3.537617e-17	0	334.12354
3.7220000000002235e-10	0.23176463	0.001768432	0.972733	-3.537617e-17	0	334.12354
3.723000000000224e-10	0.23174131	0.00177881	0.97273856	-3.5376176e-17	0	334.12354
3.724000000000224e-10	0.23171791	0.0017888978	0.97274417	-3.5376176e-17	0	334.12354
3.7250000000002244e-10	0.23169449	0.0017986957	0.97274965	-3.5376176e-17	0	334.12354
3.7260000000002247e-10	0.23167099	0.0018082035	0.9727553	-3.537618e-17	0	334.12354
3.727000000000225e-10	0.23164748	0.0018174216	0.972761	-3.5376176e-17	0	334.12354
3.7280000000002254e-10	0.23162389	0.0018263503	0.9727665	-3.537618e-17	0	334.12354
3.7290000000002257e-10	0.23160025	0.0018349895	0.97277224	-3.5376195e-17	0	334.12354
3.730000000000226e-10	0.2315766	0.0018433401	0.97277784	-3.5376185e-17	0	334.12354
3.7310000000002263e-10	0.23155293	0.0018514022	0.9727834	-3.5376185e-17	0	334.12354
3.7320000000002266e-10	0.2315292	0.0018591762	0.9727891	-3.5376185e-17	0	334.12354
3.733000000000227e-10	0.23150547	0.0018666629	0.9727948	-3.5376182e-17	0	334.12354
3.734000000000227e-10	0.23148169	0.0018738621	0.9728005	-3.5376182e-17	0	334.12354
3.7350000000002275e-10	0.2314579	0.0018807747	0.97280616	-3.5376192e-17	0	334.12354
3.736000000000228e-10	0.23143409	0.0018874014	0.9728117	-3.5376185e-17	0	334.12354
3.737000000000228e-10	0.2314103	0.0018937427	0.9728174	-3.5376192e-17	0	334.12354
3.7380000000002284e-10	0.23138644	0.0018997992	0.97282314	-3.5376192e-17	0	334.12354
3.7390000000002287e-10	0.23136261	0.0019055717	0.9728288	-3.53762e-17	0	334.12354
3.740000000000229e-10	0.23133877	0.0019110605	0.9728344	-3.537619e-17	0	334.12354
3.7410000000002293e-10	0.23131494	0.0019162667	0.9728402	-3.5376195e-17	0	334.12354
3.7420000000002296e-10	0.2312911	0.0019211909	0.97284585	-3.5376195e-17	0	334.12354
3.74300000000023e-10	0.23126727	0.0019258342	0.9728515	-3.5376192e-17	0	334.12354
3.7440000000002303e-10	0.23124346	0.001930197	0.9728572	-3.5376192e-17	0	334.12354
3.7450000000002306e-10	0.23121966	0.0019342806	0.97286284	-3.5376205e-17	0	334.12354
3.746000000000231e-10	0.23119587	0.0019380857	0.9728686	-3.53762e-17	0	334.12354
3.747000000000231e-10	0.23117208	0.0019416132	0.97287416	-3.53762e-17	0	334.12354
3.7480000000002315e-10	0.23114836	0.0019448639	0.9728798	-3.53762e-17	0	334.12354
3.749000000000232e-10	0.23112461	0.0019478393	0.97288555	-3.537619e-17	0	334.12354
3.750000000000232e-10	0.23110092	0.0019505399	0.9728912	-3.5376202e-17	0	334.12354
3.7510000000002324e-10	0.23107725	0.0019529674	0.9728968	-3.5376195e-17	0	334.12354
3.7520000000002327e-10	0.23105362	0.0019551222	0.9729024	-3.5376205e-17	0	334.12354
3.753000000000233e-10	0.23103005	0.0019570058	0.97290796	-3.5376195e-17	0	334.12354
3.7540000000002333e-10	0.23100649	0.0019586193	0.9729137	-3.5376192e-17	0	334.12354
3.7550000000002336e-10	0.23098296	0.0019599637	0.9729193	-3.537621e-17	0	334.12354
3.756000000000234e-10	0.23095949	0.0019610403	0.9729248	-3.537621e-17	0	334.12354
3.757000000000234e-10	0.23093611	0.0019618506	0.97293043	-3.537621e-17	0	334.12354
3.7580000000002346e-10	0.23091273	0.0019623959	0.972936	-3.5376215e-17	0	334.12354
3.759000000000235e-10	0.2308894	0.0019626769	0.9729415	-3.537621e-17	0	334.12354
3.760000000000235e-10	0.23086615	0.0019626955	0.9729471	-3.53762e-17	0	334.12354
3.7610000000002355e-10	0.23084295	0.0019624527	0.9729525	-3.5376202e-17	0	334.12354
3.762000000000236e-10	0.23081982	0.0019619502	0.97295815	-3.5376212e-17	0	334.12354
3.763000000000236e-10	0.23079675	0.0019611896	0.9729636	-3.537621e-17	0	334.12354
3.7640000000002364e-10	0.23077376	0.0019601714	0.972969	-3.5376215e-17	0	334.12354
3.7650000000002367e-10	0.23075083	0.0019588978	0.97297454	-3.5376202e-17	0	334.12354
3.766000000000237e-10	0.23072796	0.0019573707	0.97298	-3.5376215e-17	0	334.12354
3.7670000000002373e-10	0.23070517	0.0019555902	0.9729854	-3.537621e-17	0	334.12354
3.7680000000002376e-10	0.23068248	0.0019535592	0.9729908	-3.537622e-17	0	334.12354
3.769000000000238e-10	0.23065986	0.0019512788	0.97299623	-3.5376215e-17	0	334.12354
3.770000000000238e-10	0.23063734	0.0019487503	0.9730016	-3.537621e-17	0	334.12354
3.7710000000002385e-10	0.23061487	0.0019459759	0.97300684	-3.5376212e-17	0	334.12354
3.772000000000239e-10	0.23059252	0.001942957	0.9730122	-3.537621e-17	0	334.12354
3.773000000000239e-10	0.23057026	0.0019396953	0.9730176	-3.5376212e-17	0	334.12354
3.7740000000002395e-10	0.23054808	0.0019361922	0.97302276	-3.5376212e-17	0	334.12354
3.77500000000024e-10	0.23052602	0.0019324498	0.97302806	-3.537622e-17	0	334.12354
3.77600000000024e-10	0.23050402	0.0019284695	0.9730333	-3.5376215e-17	0	334.12354
3.7770000000002404e-10	0.23048215	0.0019242532	0.9730386	-3.5376232e-17	0	334.12354
3.7780000000002407e-10	0.23046036	0.0019198027	0.9730437	-3.5376225e-17	0	334.12354
3.779000000000241e-10	0.23043871	0.00191512	0.9730489	-3.5376222e-17	0	334.12354
3.7800000000002413e-10	0.23041713	0.0019102065	0.973054	-3.537623e-17	0	334.12354
3.7810000000002416e-10	0.2303957	0.0019050647	0.9730591	-3.5376215e-17	0	334.12354
3.782000000000242e-10	0.23037437	0.0018996956	0.9730643	-3.5376222e-17	0	334.12354
3.783000000000242e-10	0.23035313	0.0018941015	0.9730693	-3.537623e-17	0	334.12354
3.7840000000002425e-10	0.23033203	0.0018882847	0.97307426	-3.5376232e-17	0	334.12354
3.785000000000243e-10	0.23031105	0.0018822467	0.9730794	-3.5376225e-17	0	334.12354
3.786000000000243e-10	0.23029019	0.0018759896	0.9730843	-3.5376232e-17	0	334.12354
3.7870000000002435e-10	0.23026946	0.0018695154	0.9730892	-3.5376235e-17	0	334.12354
3.788000000000244e-10	0.23024885	0.0018628258	0.97309417	-3.5376222e-17	0	334.12354
3.789000000000244e-10	0.23022836	0.0018559229	0.973099	-3.5376232e-17	0	334.12354
3.7900000000002444e-10	0.23020802	0.0018488092	0.97310376	-3.5376222e-17	0	334.12354
3.7910000000002447e-10	0.2301878	0.0018414861	0.97310865	-3.537623e-17	0	334.12354
3.792000000000245e-10	0.23016775	0.0018339561	0.9731135	-3.5376235e-17	0	334.12354
3.7930000000002453e-10	0.23014775	0.0018262212	0.97311825	-3.5376235e-17	0	334.12354
3.7940000000002456e-10	0.23012796	0.0018182835	0.9731229	-3.5376235e-17	0	334.12354
3.795000000000246e-10	0.23010829	0.0018101451	0.9731276	-3.537623e-17	0	334.12354
3.796000000000246e-10	0.23008877	0.0018018078	0.97313225	-3.537624e-17	0	334.12354
3.7970000000002465e-10	0.23006938	0.001793274	0.9731369	-3.5376235e-17	0	334.12354
3.798000000000247e-10	0.23005015	0.0017845457	0.97314143	-3.5376222e-17	0	334.12354
3.799000000000247e-10	0.23003104	0.0017756256	0.9731461	-3.5376245e-17	0	334.12354
3.8000000000002474e-10	0.23001212	0.0017665152	0.9731505	-3.5376232e-17	0	334.12354
3.801000000000248e-10	0.22999333	0.0017572173	0.97315496	-3.537624e-17	0	334.12354
3.802000000000248e-10	0.22997472	0.0017477336	0.9731594	-3.5376235e-17	0	334.12354
3.8030000000002484e-10	0.22995621	0.0017380667	0.9731638	-3.5376242e-17	0	334.12354
3.8040000000002487e-10	0.22993788	0.0017282185	0.97316813	-3.5376245e-17	0	334.12354
3.805000000000249e-10	0.22991973	0.0017181917	0.9731725	-3.5376235e-17	0	334.12354
3.8060000000002493e-10	0.22990172	0.0017079879	0.9731768	-3.5376235e-17	0	334.12354
3.8070000000002496e-10	0.22988385	0.0016976098	0.9731811	-3.5376245e-17	0	334.12354
3.80800000000025e-10	0.22986618	0.0016870599	0.9731854	-3.537624e-17	0	334.12354
3.80900000000025e-10	0.22984868	0.0016763401	0.9731895	-3.5376242e-17	0	334.12354
3.8100000000002505e-10	0.22983131	0.0016654528	0.9731935	-3.5376245e-17	0	334.12354
3.811000000000251e-10	0.22981413	0.0016544005	0.9731977	-3.5376245e-17	0	334.12354
3.812000000000251e-10	0.22979711	0.0016431855	0.97320175	-3.5376242e-17	0	334.12354
3.8130000000002514e-10	0.22978027	0.00163181	0.9732058	-3.537623e-17	0	334.12354
3.8140000000002517e-10	0.2297636	0.0016202764	0.9732097	-3.5376245e-17	0	334.12354
3.815000000000252e-10	0.22974709	0.0016085869	0.97321373	-3.5376235e-17	0	334.12354
3.8160000000002523e-10	0.22973076	0.0015967443	0.9732176	-3.537625e-17	0	334.12354
3.8170000000002527e-10	0.2297146	0.0015847508	0.9732214	-3.5376242e-17	0	334.12354
3.818000000000253e-10	0.22969635	0.0015823361	0.97322565	-3.5689535e-17	0	332.75717
3.8190000000002533e-10	0.22967586	0.001589423	0.9732306	-3.5689528e-17	0	332.75717
3.8200000000002536e-10	0.22965531	0.0015962584	0.9732354	-3.5689538e-17	0	332.75717
3.821000000000254e-10	0.22963475	0.0016028425	0.97324026	-3.5689538e-17	0	332.75717
3.822000000000254e-10	0.22961414	0.0016091752	0.9732452	-3.568954e-17	0	332.75717
3.8230000000002545e-10	0.22959356	0.0016152582	0.9732501	-3.568953e-17	0	332.75717
3.824000000000255e-10	0.22957294	0.0016210905	0.973255	-3.568954e-17	0	332.75717
3.825000000000255e-10	0.2295523	0.0016266729	0.9732598	-3.568954e-17	0	332.75717
3.8260000000002554e-10	0.22953169	0.0016320067	0.9732647	-3.568953e-17	0	332.75717
3.8270000000002557e-10	0.22951102	0.0016370917	0.9732696	-3.5689548e-17	0	332.75717
3.828000000000256e-10	0.22949035	0.001641929	0.97327435	-3.568955e-17	0	332.75717
3.8290000000002563e-10	0.2294697	0.0016465189	0.97327924	-3.5689548e-17	0	332.75717
3.8300000000002566e-10	0.22944906	0.0016508622	0.9732841	-3.5689545e-17	0	332.75717
3.831000000000257e-10	0.2294284	0.0016549595	0.9732891	-3.5689535e-17	0	332.75717
3.832000000000257e-10	0.22940776	0.0016588115	0.97329396	-3.5689545e-17	0	332.75717
3.8330000000002576e-10	0.22938713	0.001662419	0.9732988	-3.5689555e-17	0	332.75717
3.834000000000258e-10	0.22936651	0.0016657825	0.9733037	-3.5689538e-17	0	332.75717
3.835000000000258e-10	0.22934592	0.0016689035	0.97330856	-3.568955e-17	0	332.75717
3.8360000000002585e-10	0.22932531	0.0016717821	0.97331345	-3.5689548e-17	0	332.75717
3.837000000000259e-10	0.22930475	0.0016744195	0.9733183	-3.5689545e-17	0	332.75717
3.838000000000259e-10	0.2292842	0.0016768167	0.97332317	-3.5689558e-17	0	332.75717
3.8390000000002594e-10	0.2292637	0.0016789743	0.973328	-3.568954e-17	0	332.75717
3.8400000000002597e-10	0.22924319	0.0016808937	0.9733328	-3.5689548e-17	0	332.75717
3.84100000000026e-10	0.22922273	0.0016825754	0.97333765	-3.568954e-17	0	332.75717
3.8420000000002603e-10	0.2292023	0.0016840204	0.9733425	-3.5689555e-17	0	332.75717
3.8430000000002606e-10	0.22918192	0.0016852305	0.9733473	-3.568955e-17	0	332.75717
3.844000000000261e-10	0.22916158	0.0016862059	0.97335213	-3.568955e-17	0	332.75717
3.845000000000261e-10	0.22914127	0.0016869479	0.97335696	-3.5689548e-17	0	332.75717
3.8460000000002615e-10	0.229121	0.0016874576	0.9733617	-3.568955e-17	0	332.75717
3.847000000000262e-10	0.2291008	0.0016877361	0.97336644	-3.568954e-17	0	332.75717
3.848000000000262e-10	0.2290806	0.001687785	0.9733712	-3.5689548e-17	0	332.75717
3.8490000000002625e-10	0.2290605	0.0016876048	0.9733759	-3.5689545e-17	0	332.75717
3.850000000000263e-10	0.22904043	0.0016871972	0.9733807	-3.568955e-17	0	332.75717
3.851000000000263e-10	0.22902042	0.0016865635	0.9733854	-3.5689564e-17	0	332.75717
3.8520000000002634e-10	0.22900046	0.0016857046	0.9733901	-3.568956e-17	0	332.75717
3.8530000000002637e-10	0.22898057	0.0016846219	0.9733948	-3.5689555e-17	0	332.75717
3.854000000000264e-10	0.22896075	0.0016833167	0.9733995	-3.5689548e-17	0	332.75717
3.8550000000002643e-10	0.228941	0.0016817905	0.97340417	-3.5689545e-17	0	332.75717
3.8560000000002646e-10	0.2289213	0.0016800445	0.97340876	-3.568955e-17	0	332.75717
3.857000000000265e-10	0.2289017	0.0016780801	0.97341347	-3.5689564e-17	0	332.75717
3.858000000000265e-10	0.22888215	0.0016758986	0.973418	-3.568955e-17	0	332.75717
3.8590000000002655e-10	0.22886267	0.0016735015	0.9734226	-3.5689548e-17	0	332.75717
3.860000000000266e-10	0.22884327	0.0016708903	0.9734273	-3.5689558e-17	0	332.75717
3.861000000000266e-10	0.22882396	0.0016680665	0.9734318	-3.5689564e-17	0	332.75717
3.8620000000002665e-10	0.22880474	0.0016650313	0.97343624	-3.5689558e-17	0	332.75717
3.863000000000267e-10	0.22878557	0.0016617863	0.9734409	-3.5689558e-17	0	332.75717
3.864000000000267e-10	0.22876653	0.0016583337	0.9734453	-3.568956e-17	0	332.75717
3.8650000000002674e-10	0.22874756	0.0016546741	0.97344977	-3.5689558e-17	0	332.75717
3.8660000000002677e-10	0.22872865	0.0016508095	0.9734543	-3.568957e-17	0	332.75717
3.867000000000268e-10	0.22870988	0.0016467413	0.97345865	-3.5689564e-17	0	332.75717
3.8680000000002683e-10	0.22869119	0.0016424715	0.9734631	-3.5689568e-17	0	332.75717
3.8690000000002686e-10	0.22867261	0.0016380015	0.97346747	-3.5689564e-17	0	332.75717
3.870000000000269e-10	0.22865409	0.0016333328	0.97347176	-3.568956e-17	0	332.75717
3.871000000000269e-10	0.2286357	0.0016284671	0.97347623	-3.5689558e-17	0	332.75717
3.8720000000002695e-10	0.2286174	0.0016234063	0.9734805	-3.5689558e-17	0	332.75717
3.87300000000027e-10	0.2285992	0.0016181519	0.9734848	-3.568956e-17	0	332.75717
3.87400000000027e-10	0.22858113	0.0016127059	0.97348905	-3.568956e-17	0	332.75717
3.8750000000002704e-10	0.22856314	0.0016070697	0.9734933	-3.5689574e-17	0	332.75717
3.876000000000271e-10	0.22854528	0.0016012451	0.9734976	-3.5689558e-17	0	332.75717
3.877000000000271e-10	0.22852755	0.0015952339	0.9735016	-3.5689568e-17	0	332.75717
3.8780000000002714e-10	0.22850987	0.0015890381	0.97350585	-3.5689568e-17	0	332.75717
3.8790000000002717e-10	0.22849236	0.0015826591	0.97351	-3.568956e-17	0	332.75717
3.880000000000272e-10	0.22847494	0.0015760988	0.9735141	-3.568957e-17	0	332.75717
3.8810000000002723e-10	0.22845766	0.0015693592	0.97351825	-3.568956e-17	0	332.75717
3.8820000000002726e-10	0.22844051	0.0015624422	0.9735223	-3.5689564e-17	0	332.75717
3.883000000000273e-10	0.22842346	0.0015553497	0.9735263	-3.568957e-17	0	332.75717
3.884000000000273e-10	0.22840652	0.0015480831	0.9735303	-3.5689564e-17	0	332.75717
3.8850000000002735e-10	0.22838975	0.0015406448	0.9735342	-3.5689568e-17	0	332.75717
3.886000000000274e-10	0.22837308	0.0015330366	0.9735381	-3.5689564e-17	0	332.75717
3.887000000000274e-10	0.22835654	0.0015252604	0.97354215	-3.5689568e-17	0	332.75717
3.8880000000002744e-10	0.22834013	0.001517318	0.97354597	-3.568956e-17	0	332.75717
3.8890000000002747e-10	0.22832386	0.001509211	0.9735497	-3.5689574e-17	0	332.75717
3.890000000000275e-10	0.22830772	0.001500942	0.9735536	-3.568957e-17	0	332.75717
3.8910000000002754e-10	0.22829172	0.0014925128	0.9735574	-3.5689578e-17	0	332.75717
3.8920000000002757e-10	0.22827585	0.0014839252	0.9735611	-3.5689574e-17	0	332.75717
3.893000000000276e-10	0.22826013	0.0014751812	0.9735648	-3.5689564e-17	0	332.75717
3.8940000000002763e-10	0.22824453	0.0014662831	0.9735685	-3.568957e-17	0	332.75717
3.8950000000002766e-10	0.22822909	0.0014572325	0.97357213	-3.5689578e-17	0	332.75717
3.896000000000277e-10	0.22821382	0.0014480316	0.9735757	-3.5689568e-17	0	332.75717
3.897000000000277e-10	0.22819865	0.0014386825	0.97357935	-3.568958e-17	0	332.75717
3.8980000000002775e-10	0.22818361	0.0014291871	0.97358286	-3.568957e-17	0	332.75717
3.899000000000278e-10	0.22816876	0.0014195477	0.97358644	-3.5689574e-17	0	332.75717
3.900000000000278e-10	0.22815402	0.001409766	0.97358984	-3.5689574e-17	0	332.75717
3.9010000000002784e-10	0.22813946	0.0013998445	0.9735933	-3.5689584e-17	0	332.75717
3.9020000000002787e-10	0.22812507	0.001389785	0.9735967	-3.5689578e-17	0	332.75717
3.903000000000279e-10	0.22811078	0.0013795893	0.97360003	-3.5689578e-17	0	332.75717
3.9040000000002793e-10	0.22809666	0.0013692601	0.9736034	-3.5689574e-17	0	332.75717
3.9050000000002796e-10	0.22808272	0.0013587989	0.9736067	-3.568958e-17	0	332.75717
3.90600000000028e-10	0.22806889	0.0013482084	0.9736099	-3.568958e-17	0	332.75717
3.9070000000002803e-10	0.22805522	0.0013374902	0.9736132	-3.568958e-17	0	332.75717
3.9080000000002806e-10	0.22804172	0.0013266465	0.97361636	-3.5689574e-17	0	332.75717
3.909000000000281e-10	0.22802839	0.0013156796	0.97361946	-3.5689574e-17	0	332.75717
3.910000000000281e-10	0.22801521	0.0013045915	0.9736227	-3.5689568e-17	0	332.75717
3.9110000000002815e-10	0.22800219	0.0012933842	0.97362566	-3.5689574e-17	0	332.75717
3.912000000000282e-10	0.22798932	0.0012820603	0.97362876	-3.5689598e-17	0	332.75717
3.913000000000282e-10	0.22797664	0.0012706217	0.97363174	-3.568957e-17	0	332.75717
3.9140000000002824e-10	0.2279641	0.0012590705	0.97363466	-3.5689594e-17	0	332.75717
3.9150000000002827e-10	0.22795174	0.0012474089	0.9736375	-3.568958e-17	0	332.75717
3.916000000000283e-10	0.22793955	0.0012356391	0.97364044	-3.5689588e-17	0	332.75717
3.9170000000002833e-10	0.22792749	0.0012237633	0.9736434	-3.5689578e-17	0	332.75717
3.9180000000002836e-10	0.22791347	0.0012210575	0.9736465	-3.5991274e-17	0	331.44553
3.919000000000284e-10	0.22789729	0.0012274476	0.97365034	-3.5991277e-17	0	331.44553
3.920000000000284e-10	0.2278811	0.0012336351	0.9736542	-3.599128e-17	0	331.44553
3.9210000000002846e-10	0.22786486	0.0012396201	0.97365797	-3.599128e-17	0	331.44553
3.922000000000285e-10	0.22784857	0.0012454031	0.97366184	-3.5991284e-17	0	331.44553
3.923000000000285e-10	0.2278323	0.0012509837	0.9736656	-3.5991277e-17	0	331.44553
3.9240000000002855e-10	0.227816	0.0012563627	0.97366947	-3.599129e-17	0	331.44553
3.925000000000286e-10	0.22779967	0.0012615401	0.9736733	-3.5991284e-17	0	331.44553
3.926000000000286e-10	0.22778334	0.0012665165	0.97367704	-3.599127e-17	0	331.44553
3.9270000000002864e-10	0.22776698	0.0012712922	0.9736809	-3.5991277e-17	0	331.44553
3.9280000000002867e-10	0.22775063	0.0012758672	0.97368467	-3.599128e-17	0	331.44553
3.929000000000287e-10	0.22773421	0.0012802423	0.9736885	-3.5991287e-17	0	331.44553
3.9300000000002873e-10	0.22771782	0.0012844182	0.9736925	-3.5991294e-17	0	331.44553
3.9310000000002876e-10	0.22770143	0.0012883947	0.97369623	-3.599129e-17	0	331.44553
3.932000000000288e-10	0.22768505	0.0012921726	0.97370005	-3.599129e-17	0	331.44553
3.933000000000288e-10	0.22766866	0.0012957524	0.9737039	-3.5991284e-17	0	331.44553
3.9340000000002885e-10	0.22765224	0.0012991346	0.9737077	-3.599129e-17	0	331.44553
3.935000000000289e-10	0.22763586	0.0013023197	0.9737115	-3.5991287e-17	0	331.44553
3.936000000000289e-10	0.22761947	0.0013053085	0.97371536	-3.5991287e-17	0	331.44553
3.9370000000002895e-10	0.22760308	0.0013081015	0.97371924	-3.59913e-17	0	331.44553
3.93800000000029e-10	0.2275867	0.0013106992	0.97372293	-3.5991284e-17	0	331.44553
3.93900000000029e-10	0.22757038	0.0013131021	0.97372687	-3.599129e-17	0	331.44553
3.9400000000002904e-10	0.22755405	0.0013153118	0.97373074	-3.5991297e-17	0	331.44553
3.9410000000002907e-10	0.2275377	0.001317328	0.97373444	-3.5991287e-17	0	331.44553
3.942000000000291e-10	0.22752137	0.0013191518	0.97373825	-3.5991287e-17	0	331.44553
3.9430000000002913e-10	0.22750512	0.001320784	0.9737421	-3.5991287e-17	0	331.44553
3.9440000000002916e-10	0.22748885	0.001322225	0.9737459	-3.5991294e-17	0	331.44553
3.945000000000292e-10	0.22747262	0.0013234763	0.97374964	-3.5991284e-17	0	331.44553
3.946000000000292e-10	0.22745642	0.0013245384	0.9737536	-3.5991284e-17	0	331.44553
3.9470000000002925e-10	0.22744027	0.0013254122	0.9737574	-3.5991287e-17	0	331.44553
3.948000000000293e-10	0.22742413	0.0013260983	0.9737611	-3.5991297e-17	0	331.44553
3.949000000000293e-10	0.22740805	0.0013265982	0.97376484	-3.5991294e-17	0	331.44553
3.9500000000002935e-10	0.22739197	0.0013269123	0.97376865	-3.5991297e-17	0	331.44553
3.951000000000294e-10	0.22737595	0.0013270418	0.9737723	-3.5991284e-17	0	331.44553
3.952000000000294e-10	0.22735997	0.0013269873	0.9737761	-3.599129e-17	0	331.44553
3.9530000000002944e-10	0.22734402	0.0013267501	0.9737798	-3.5991303e-17	0	331.44553
3.9540000000002947e-10	0.22732812	0.0013263312	0.9737835	-3.5991303e-17	0	331.44553
3.955000000000295e-10	0.22731227	0.0013257314	0.9737872	-3.5991297e-17	0	331.44553
3.9560000000002953e-10	0.22729647	0.0013249518	0.9737908	-3.5991294e-17	0	331.44553
3.9570000000002956e-10	0.22728072	0.0013239934	0.9737946	-3.5991303e-17	0	331.44553
3.958000000000296e-10	0.22726503	0.0013228572	0.9737982	-3.59913e-17	0	331.44553
3.959000000000296e-10	0.2272494	0.0013215446	0.9738019	-3.5991297e-17	0	331.44553
3.9600000000002965e-10	0.22723378	0.0013200565	0.9738054	-3.5991297e-17	0	331.44553
3.961000000000297e-10	0.22721827	0.0013183942	0.9738091	-3.5991297e-17	0	331.44553
3.962000000000297e-10	0.22720279	0.0013165587	0.9738128	-3.5991303e-17	0	331.44553
3.9630000000002974e-10	0.2271874	0.0013145511	0.97381645	-3.5991303e-17	0	331.44553
3.964000000000298e-10	0.22717203	0.0013123726	0.9738199	-3.5991294e-17	0	331.44553
3.965000000000298e-10	0.22715676	0.0013100246	0.97382355	-3.599129e-17	0	331.44553
3.9660000000002984e-10	0.22714154	0.001307508	0.9738272	-3.5991297e-17	0	331.44553
3.9670000000002987e-10	0.22712642	0.0013048243	0.9738306	-3.5991297e-17	0	331.44553
3.968000000000299e-10	0.22711131	0.0013019744	0.9738342	-3.5991303e-17	0	331.44553
3.9690000000002993e-10	0.2270963	0.0012989601	0.9738377	-3.5991303e-17	0	331.44553
3.9700000000002996e-10	0.22708137	0.0012957819	0.9738412	-3.59913e-17	0	331.44553
3.9710000000003e-10	0.2270665	0.0012924417	0.9738446	-3.5991303e-17	0	331.44553
3.9720000000003e-10	0.2270517	0.0012889404	0.9738481	-3.599131e-17	0	331.44553
3.9730000000003005e-10	0.22703701	0.0012852796	0.97385156	-3.5991303e-17	0	331.44553
3.974000000000301e-10	0.22702236	0.0012814605	0.97385496	-3.599131e-17	0	331.44553
3.975000000000301e-10	0.2270078	0.0012774842	0.9738584	-3.5991294e-17	0	331.44553
3.9760000000003014e-10	0.22699332	0.0012733524	0.97386175	-3.5991303e-17	0	331.44553
3.9770000000003017e-10	0.22697896	0.0012690664	0.9738651	-3.5991297e-17	0	331.44553
3.978000000000302e-10	0.22696464	0.0012646272	0.9738684	-3.5991307e-17	0	331.44553
3.9790000000003023e-10	0.22695042	0.0012600368	0.9738718	-3.599129e-17	0	331.44553
3.9800000000003027e-10	0.22693633	0.0012552965	0.9738751	-3.59913e-17	0	331.44553
3.981000000000303e-10	0.22692229	0.0012504077	0.9738784	-3.5991303e-17	0	331.44553
3.9820000000003033e-10	0.22690834	0.0012453715	0.9738816	-3.599131e-17	0	331.44553
3.9830000000003036e-10	0.22689451	0.0012401899	0.9738849	-3.599131e-17	0	331.44553
3.984000000000304e-10	0.22688079	0.0012348645	0.9738881	-3.5991307e-17	0	331.44553
3.985000000000304e-10	0.22686714	0.0012293963	0.97389126	-3.5991317e-17	0	331.44553
3.9860000000003045e-10	0.22685358	0.0012237872	0.97389436	-3.5991307e-17	0	331.44553
3.987000000000305e-10	0.22684014	0.0012180384	0.9738976	-3.599131e-17	0	331.44553
3.988000000000305e-10	0.2268268	0.0012121517	0.9739006	-3.599131e-17	0	331.44553
3.9890000000003054e-10	0.22681355	0.0012061283	0.97390383	-3.5991303e-17	0	331.44553
3.9900000000003057e-10	0.22680043	0.0011999703	0.97390676	-3.5991307e-17	0	331.44553
3.991000000000306e-10	0.22678739	0.0011936787	0.9739098	-3.5991294e-17	0	331.44553
3.9920000000003063e-10	0.22677445	0.0011872556	0.97391295	-3.5991303e-17	0	331.44553
3.9930000000003066e-10	0.22676167	0.0011807025	0.9739158	-3.59913e-17	0	331.44553
3.994000000000307e-10	0.22674894	0.0011740207	0.9739188	-3.5991313e-17	0	331.44553
3.995000000000307e-10	0.22673635	0.0011672117	0.97392184	-3.5991313e-17	0	331.44553
3.9960000000003076e-10	0.22672386	0.0011602775	0.97392464	-3.5991303e-17	0	331.44553
3.997000000000308e-10	0.22671151	0.0011532196	0.9739277	-3.599131e-17	0	331.44553
3.998000000000308e-10	0.22669923	0.0011460395	0.97393054	-3.5991303e-17	0	331.44553
3.9990000000003085e-10	0.2266871	0.0011387389	0.97393334	-3.5991303e-17	0	331.44553
4.000000000000309e-10	0.22667506	0.0011313194	0.97393614	-3.5991313e-17	0	331.44553
4.001000000000309e-10	0.22666314	0.0011237828	0.9739389	-3.5991307e-17	0	331.44553
4.0020000000003094e-10	0.22665133	0.0011161304	0.97394156	-3.5991307e-17	0	331.44553
4.0030000000003097e-10	0.22663966	0.0011083642	0.97394437	-3.5991317e-17	0	331.44553
4.00400000000031e-10	0.22662807	0.0011004857	0.9739471	-3.5991313e-17	0	331.44553
4.0050000000003103e-10	0.22661662	0.0010924964	0.9739498	-3.5991307e-17	0	331.44553
4.0060000000003106e-10	0.2266053	0.0010843984	0.9739523	-3.599131e-17	0	331.44553
4.007000000000311e-10	0.22659409	0.0010761928	0.97395504	-3.599132e-17	0	331.44553
4.008000000000311e-10	0.226583	0.0010678817	0.9739576	-3.5991307e-17	0	331.44553
4.0090000000003115e-10	0.22657205	0.0010594667	0.97396016	-3.5991313e-17	0	331.44553
4.010000000000312e-10	0.22656122	0.0010509493	0.97396266	-3.599131e-17	0	331.44553
4.011000000000312e-10	0.2265505	0.0010423319	0.9739653	-3.5991307e-17	0	331.44553
4.0120000000003125e-10	0.22653994	0.0010336156	0.9739677	-3.5991317e-17	0	331.44553
4.013000000000313e-10	0.2265295	0.0010248023	0.9739701	-3.599131e-17	0	331.44553
4.014000000000313e-10	0.22651917	0.0010158936	0.97397256	-3.5991303e-17	0	331.44553
4.0150000000003134e-10	0.22650898	0.0010068918	0.9739749	-3.599131e-17	0	331.44553
4.0160000000003137e-10	0.2264989	0.0009977982	0.9739772	-3.59913e-17	0	331.44553
4.017000000000314e-10	0.22648901	0.0009886145	0.97397953	-3.599131e-17	0	331.44553
4.0180000000003143e-10	0.22647715	0.0009881944	0.9739823	-3.628176e-17	0	330.1864
4.0190000000003146e-10	0.22646323	0.0009964667	0.97398555	-3.6281756e-17	0	330.1864
4.020000000000315e-10	0.22644922	0.0010045554	0.9739888	-3.6281763e-17	0	330.1864
4.021000000000315e-10	0.22643521	0.0010124602	0.9739921	-3.628176e-17	0	330.1864
4.0220000000003155e-10	0.22642113	0.0010201812	0.97399527	-3.628177e-17	0	330.1864
4.023000000000316e-10	0.22640699	0.0010277182	0.9739985	-3.6281753e-17	0	330.1864
4.024000000000316e-10	0.22639279	0.0010350707	0.9740019	-3.628176e-17	0	330.1864
4.0250000000003165e-10	0.22637856	0.0010422391	0.97400516	-3.6281766e-17	0	330.1864
4.026000000000317e-10	0.22636425	0.0010492234	0.9740085	-3.6281766e-17	0	330.1864
4.027000000000317e-10	0.22634993	0.0010560232	0.9740118	-3.6281776e-17	0	330.1864
4.0280000000003174e-10	0.22633557	0.0010626389	0.9740151	-3.6281756e-17	0	330.1864
4.0290000000003177e-10	0.22632116	0.0010690704	0.9740186	-3.6281773e-17	0	330.1864
4.030000000000318e-10	0.22630674	0.0010753177	0.9740218	-3.6281756e-17	0	330.1864
4.0310000000003183e-10	0.22629225	0.0010813809	0.9740252	-3.628176e-17	0	330.1864
4.0320000000003186e-10	0.22627775	0.0010872602	0.97402865	-3.6281776e-17	0	330.1864
4.033000000000319e-10	0.2262632	0.0010929557	0.974032	-3.6281773e-17	0	330.1864
4.034000000000319e-10	0.22624864	0.0010984677	0.97403526	-3.6281766e-17	0	330.1864
4.0350000000003195e-10	0.22623406	0.0011037963	0.9740387	-3.6281786e-17	0	330.1864
4.03600000000032e-10	0.22621945	0.0011089417	0.97404206	-3.628177e-17	0	330.1864
4.03700000000032e-10	0.22620481	0.001113904	0.9740454	-3.6281776e-17	0	330.1864
4.0380000000003204e-10	0.22619016	0.001118684	0.9740489	-3.628177e-17	0	330.1864
4.039000000000321e-10	0.22617549	0.0011232815	0.97405225	-3.6281763e-17	0	330.1864
4.040000000000321e-10	0.22616082	0.0011276973	0.97405565	-3.6281763e-17	0	330.1864
4.0410000000003214e-10	0.22614613	0.001131931	0.9740591	-3.628177e-17	0	330.1864
4.0420000000003217e-10	0.22613141	0.0011359837	0.9740625	-3.6281783e-17	0	330.1864
4.043000000000322e-10	0.22611672	0.0011398555	0.97406596	-3.628177e-17	0	330.1864
4.0440000000003223e-10	0.22610201	0.0011435467	0.9740693	-3.6281776e-17	0	330.1864
4.0450000000003226e-10	0.22608729	0.0011470579	0.9740728	-3.628176e-17	0	330.1864
4.046000000000323e-10	0.22607255	0.0011503892	0.9740762	-3.6281786e-17	0	330.1864
4.047000000000323e-10	0.22605786	0.0011535417	0.97407955	-3.628178e-17	0	330.1864
4.0480000000003235e-10	0.22604313	0.0011565157	0.974083	-3.6281773e-17	0	330.1864
4.049000000000324e-10	0.22602844	0.0011593115	0.97408634	-3.6281783e-17	0	330.1864
4.050000000000324e-10	0.22601372	0.00116193	0.9740898	-3.628177e-17	0	330.1864
4.0510000000003244e-10	0.22599904	0.0011643716	0.9740932	-3.628177e-17	0	330.1864
4.0520000000003247e-10	0.22598438	0.0011666369	0.9740966	-3.6281776e-17	0	330.1864
4.053000000000325e-10	0.22596967	0.0011687267	0.97410005	-3.628177e-17	0	330.1864
4.0540000000003254e-10	0.22595504	0.0011706415	0.97410345	-3.628177e-17	0	330.1864
4.0550000000003257e-10	0.22594038	0.0011723817	0.97410685	-3.6281776e-17	0	330.1864
4.056000000000326e-10	0.22592574	0.0011739484	0.97411025	-3.6281786e-17	0	330.1864
4.0570000000003263e-10	0.22591117	0.0011753419	0.9741136	-3.628178e-17	0	330.1864
4.0580000000003266e-10	0.22589658	0.0011765631	0.9741169	-3.6281766e-17	0	330.1864
4.059000000000327e-10	0.22588202	0.0011776128	0.9741204	-3.6281783e-17	0	330.1864
4.060000000000327e-10	0.22586751	0.0011784919	0.9741237	-3.628178e-17	0	330.1864
4.0610000000003275e-10	0.22585303	0.0011792011	0.97412705	-3.628177e-17	0	330.1864
4.062000000000328e-10	0.22583854	0.0011797409	0.97413045	-3.6281793e-17	0	330.1864
4.063000000000328e-10	0.22582409	0.0011801122	0.9741338	-3.6281783e-17	0	330.1864
4.0640000000003284e-10	0.2258097	0.0011803162	0.97413707	-3.6281786e-17	0	330.1864
4.0650000000003287e-10	0.22579533	0.0011803533	0.9741404	-3.6281776e-17	0	330.1864
4.066000000000329e-10	0.225781	0.0011802249	0.9741438	-3.628177e-17	0	330.1864
4.0670000000003293e-10	0.22576672	0.0011799313	0.9741471	-3.628177e-17	0	330.1864
4.0680000000003296e-10	0.22575246	0.0011794739	0.97415036	-3.6281783e-17	0	330.1864
4.06900000000033e-10	0.22573826	0.0011788534	0.97415364	-3.6281783e-17	0	330.1864
4.0700000000003303e-10	0.2257241	0.001178071	0.9741569	-3.6281786e-17	0	330.1864
4.0710000000003306e-10	0.22570997	0.0011771275	0.9741602	-3.6281783e-17	0	330.1864
4.072000000000331e-10	0.22569591	0.0011760237	0.9741635	-3.6281773e-17	0	330.1864
4.073000000000331e-10	0.2256819	0.0011747611	0.97416675	-3.6281783e-17	0	330.1864
4.0740000000003315e-10	0.22566792	0.00117334	0.97417	-3.628177e-17	0	330.1864
4.075000000000332e-10	0.225654	0.0011717622	0.9741733	-3.628178e-17	0	330.1864
4.076000000000332e-10	0.22564015	0.0011700285	0.9741764	-3.628178e-17	0	330.1864
4.0770000000003324e-10	0.22562638	0.0011681396	0.97417957	-3.6281793e-17	0	330.1864
4.0780000000003327e-10	0.22561263	0.0011660971	0.9741827	-3.6281783e-17	0	330.1864
4.079000000000333e-10	0.22559895	0.0011639019	0.97418594	-3.628178e-17	0	330.1864
4.0800000000003333e-10	0.22558534	0.0011615553	0.97418904	-3.628179e-17	0	330.1864
4.0810000000003336e-10	0.2255718	0.0011590581	0.97419226	-3.6281783e-17	0	330.1864
4.082000000000334e-10	0.22555831	0.0011564118	0.9741954	-3.6281786e-17	0	330.1864
4.083000000000334e-10	0.2255449	0.0011536176	0.9741985	-3.6281783e-17	0	330.1864
4.0840000000003346e-10	0.22553155	0.0011506764	0.9742016	-3.6281783e-17	0	330.1864
4.085000000000335e-10	0.22551827	0.0011475895	0.97420466	-3.6281793e-17	0	330.1864
4.086000000000335e-10	0.22550507	0.0011443583	0.9742078	-3.628179e-17	0	330.1864
4.0870000000003355e-10	0.22549194	0.0011409837	0.97421074	-3.6281796e-17	0	330.1864
4.088000000000336e-10	0.22547886	0.0011374673	0.97421384	-3.628179e-17	0	330.1864
4.089000000000336e-10	0.22546588	0.0011338101	0.9742168	-3.6281783e-17	0	330.1864
4.0900000000003364e-10	0.22545296	0.0011300135	0.9742198	-3.6281793e-17	0	330.1864
4.0910000000003367e-10	0.22544014	0.0011260787	0.9742228	-3.628179e-17	0	330.1864
4.092000000000337e-10	0.2254274	0.001122007	0.97422576	-3.6281793e-17	0	330.1864
4.0930000000003373e-10	0.22541472	0.0011177999	0.9742287	-3.6281773e-17	0	330.1864
4.0940000000003376e-10	0.22540212	0.0011134583	0.97423166	-3.6281786e-17	0	330.1864
4.095000000000338e-10	0.22538964	0.0011089838	0.9742345	-3.6281796e-17	0	330.1864
4.096000000000338e-10	0.22537723	0.0011043779	0.9742373	-3.628178e-17	0	330.1864
4.0970000000003385e-10	0.22536488	0.0010996416	0.97424024	-3.628179e-17	0	330.1864
4.098000000000339e-10	0.22535264	0.0010947763	0.9742431	-3.628178e-17	0	330.1864
4.099000000000339e-10	0.22534049	0.0010897836	0.97424597	-3.628178e-17	0	330.1864
4.1000000000003395e-10	0.22532842	0.0010846647	0.9742487	-3.6281776e-17	0	330.1864
4.10100000000034e-10	0.22531644	0.001079421	0.9742515	-3.6281786e-17	0	330.1864
4.10200000000034e-10	0.22530454	0.0010740539	0.97425425	-3.628179e-17	0	330.1864
4.1030000000003404e-10	0.22529276	0.0010685647	0.97425693	-3.628178e-17	0	330.1864
4.1040000000003407e-10	0.22528104	0.0010629548	0.97425973	-3.6281786e-17	0	330.1864
4.105000000000341e-10	0.22526945	0.0010572259	0.9742625	-3.6281796e-17	0	330.1864
4.1060000000003413e-10	0.22525793	0.0010513791	0.97426504	-3.6281796e-17	0	330.1864
4.1070000000003416e-10	0.2252465	0.0010454161	0.97426766	-3.6281796e-17	0	330.1864
4.108000000000342e-10	0.2252352	0.0010393381	0.97427034	-3.6281783e-17	0	330.1864
4.109000000000342e-10	0.22522396	0.0010331467	0.97427297	-3.6281793e-17	0	330.1864
4.1100000000003425e-10	0.22521284	0.0010268434	0.9742755	-3.6281793e-17	0	330.1864
4.111000000000343e-10	0.22520185	0.0010204297	0.9742781	-3.6281796e-17	0	330.1864
4.112000000000343e-10	0.22519094	0.0010139069	0.9742806	-3.6281786e-17	0	330.1864
4.1130000000003434e-10	0.22518012	0.0010072767	0.9742831	-3.628179e-17	0	330.1864
4.114000000000344e-10	0.22516942	0.0010005407	0.9742856	-3.628179e-17	0	330.1864
4.115000000000344e-10	0.22515884	0.0009937002	0.97428805	-3.628179e-17	0	330.1864
4.1160000000003444e-10	0.22514835	0.0009867569	0.9742905	-3.6281783e-17	0	330.1864
4.1170000000003447e-10	0.22513798	0.0009797122	0.9742928	-3.628179e-17	0	330.1864
4.118000000000345e-10	0.22512576	0.000981017	0.9742957	-3.6561363e-17	0	328.9777
4.1190000000003453e-10	0.22511154	0.0009906031	0.9742991	-3.6561357e-17	0	328.9777
4.1200000000003456e-10	0.22509725	0.0009999974	0.9743023	-3.6561357e-17	0	328.9777
4.121000000000346e-10	0.22508289	0.0010091993	0.97430557	-3.656137e-17	0	328.9777
4.122000000000346e-10	0.22506845	0.0010182087	0.97430897	-3.6561373e-17	0	328.9777
4.1230000000003465e-10	0.22505397	0.0010270255	0.97431225	-3.6561367e-17	0	328.9777
4.124000000000347e-10	0.22503941	0.0010356491	0.97431564	-3.6561376e-17	0	328.9777
4.125000000000347e-10	0.22502479	0.0010440799	0.97431904	-3.6561376e-17	0	328.9777
4.1260000000003474e-10	0.2250101	0.0010523172	0.9743224	-3.656137e-17	0	328.9777
4.127000000000348e-10	0.22499537	0.0010603609	0.97432584	-3.6561353e-17	0	328.9777
4.128000000000348e-10	0.2249806	0.0010682113	0.97432923	-3.6561367e-17	0	328.9777
4.1290000000003484e-10	0.22496574	0.0010758679	0.9743326	-3.656137e-17	0	328.9777
4.1300000000003487e-10	0.22495086	0.0010833312	0.974336	-3.656137e-17	0	328.9777
4.131000000000349e-10	0.22493592	0.0010906006	0.9743395	-3.6561367e-17	0	328.9777
4.1320000000003493e-10	0.22492096	0.0010976766	0.9743428	-3.656138e-17	0	328.9777
4.1330000000003496e-10	0.22490594	0.0011045589	0.9743464	-3.6561373e-17	0	328.9777
4.13400000000035e-10	0.22489089	0.0011112476	0.9743498	-3.656138e-17	0	328.9777
4.13500000000035e-10	0.22487576	0.0011177429	0.9743534	-3.6561367e-17	0	328.9777
4.1360000000003505e-10	0.22486064	0.0011240448	0.97435683	-3.656138e-17	0	328.9777
4.137000000000351e-10	0.22484548	0.0011301535	0.97436035	-3.6561376e-17	0	328.9777
4.138000000000351e-10	0.22483031	0.0011360692	0.9743638	-3.6561373e-17	0	328.9777
4.1390000000003514e-10	0.22481512	0.0011417922	0.9743673	-3.656138e-17	0	328.9777
4.1400000000003517e-10	0.22479986	0.0011473228	0.97437084	-3.656137e-17	0	328.9777
4.141000000000352e-10	0.22478458	0.0011526613	0.9743744	-3.6561373e-17	0	328.9777
4.1420000000003523e-10	0.22476931	0.0011578074	0.974378	-3.656137e-17	0	328.9777
4.1430000000003527e-10	0.224754	0.001162762	0.9743814	-3.6561383e-17	0	328.9777
4.144000000000353e-10	0.2247387	0.0011675253	0.97438496	-3.6561386e-17	0	328.9777
4.1450000000003533e-10	0.22472337	0.0011720975	0.9743885	-3.6561376e-17	0	328.9777
4.1460000000003536e-10	0.22470802	0.001176479	0.97439206	-3.6561383e-17	0	328.9777
4.147000000000354e-10	0.22469269	0.0011806705	0.97439563	-3.6561367e-17	0	328.9777
4.148000000000354e-10	0.22467732	0.0011846721	0.9743991	-3.6561373e-17	0	328.9777
4.1490000000003545e-10	0.22466195	0.0011884843	0.97440267	-3.6561376e-17	0	328.9777
4.150000000000355e-10	0.2246466	0.0011921076	0.9744062	-3.6561383e-17	0	328.9777
4.151000000000355e-10	0.22463124	0.0011955426	0.97440976	-3.656138e-17	0	328.9777
4.1520000000003554e-10	0.22461587	0.00119879	0.9744132	-3.6561373e-17	0	328.9777
4.1530000000003557e-10	0.22460051	0.0012018499	0.97441685	-3.656139e-17	0	328.9777
4.154000000000356e-10	0.22458515	0.0012047234	0.97442037	-3.656137e-17	0	328.9777
4.1550000000003563e-10	0.22456983	0.0012074107	0.9744239	-3.6561386e-17	0	328.9777
4.1560000000003566e-10	0.22455448	0.0012099122	0.9744274	-3.6561386e-17	0	328.9777
4.157000000000357e-10	0.22453918	0.0012122293	0.9744309	-3.6561376e-17	0	328.9777
4.158000000000357e-10	0.22452387	0.001214362	0.9744345	-3.6561367e-17	0	328.9777
4.1590000000003576e-10	0.22450857	0.0012163111	0.97443795	-3.6561376e-17	0	328.9777
4.160000000000358e-10	0.2244933	0.0012180775	0.9744416	-3.6561386e-17	0	328.9777
4.161000000000358e-10	0.22447802	0.0012196621	0.97444504	-3.6561383e-17	0	328.9777
4.1620000000003585e-10	0.2244628	0.0012210652	0.97444856	-3.656138e-17	0	328.9777
4.163000000000359e-10	0.2244476	0.0012222879	0.974452	-3.6561383e-17	0	328.9777
4.164000000000359e-10	0.22443242	0.001223331	0.97445554	-3.656138e-17	0	328.9777
4.1650000000003594e-10	0.22441727	0.0012241951	0.97445905	-3.656138e-17	0	328.9777
4.1660000000003597e-10	0.22440213	0.001224881	0.97446257	-3.656138e-17	0	328.9777
4.16700000000036e-10	0.22438703	0.0012253897	0.97446597	-3.656139e-17	0	328.9777
4.1680000000003603e-10	0.224372	0.001225722	0.97446954	-3.6561383e-17	0	328.9777
4.1690000000003606e-10	0.22435695	0.0012258787	0.97447294	-3.6561396e-17	0	328.9777
4.170000000000361e-10	0.22434197	0.0012258608	0.97447634	-3.6561386e-17	0	328.9777
4.171000000000361e-10	0.22432703	0.0012256693	0.97447985	-3.6561386e-17	0	328.9777
4.1720000000003615e-10	0.2243121	0.0012253049	0.97448325	-3.656139e-17	0	328.9777
4.173000000000362e-10	0.22429724	0.001224769	0.97448677	-3.656138e-17	0	328.9777
4.174000000000362e-10	0.22428241	0.001224062	0.97449017	-3.6561383e-17	0	328.9777
4.1750000000003625e-10	0.22426763	0.0012231854	0.97449356	-3.656139e-17	0	328.9777
4.176000000000363e-10	0.22425292	0.00122214	0.97449696	-3.656138e-17	0	328.9777
4.177000000000363e-10	0.22423826	0.0012209269	0.9745003	-3.6561393e-17	0	328.9777
4.1780000000003634e-10	0.22422364	0.001219547	0.9745037	-3.6561393e-17	0	328.9777
4.1790000000003637e-10	0.22420904	0.0012180016	0.9745071	-3.656139e-17	0	328.9777
4.180000000000364e-10	0.22419456	0.0012162918	0.97451043	-3.6561383e-17	0	328.9777
4.1810000000003643e-10	0.22418007	0.0012144186	0.97451377	-3.6561393e-17	0	328.9777
4.1820000000003646e-10	0.2241657	0.001212383	0.97451705	-3.656139e-17	0	328.9777
4.183000000000365e-10	0.22415136	0.0012101865	0.9745204	-3.656139e-17	0	328.9777
4.184000000000365e-10	0.22413708	0.0012078299	0.9745236	-3.6561403e-17	0	328.9777
4.1850000000003655e-10	0.22412288	0.0012053146	0.97452694	-3.6561383e-17	0	328.9777
4.186000000000366e-10	0.22410874	0.001202642	0.97453016	-3.6561386e-17	0	328.9777
4.187000000000366e-10	0.22409467	0.0011998131	0.97453344	-3.6561386e-17	0	328.9777
4.1880000000003665e-10	0.22408068	0.0011968288	0.97453666	-3.6561393e-17	0	328.9777
4.189000000000367e-10	0.22406676	0.001193691	0.97454	-3.656139e-17	0	328.9777
4.190000000000367e-10	0.22405292	0.0011904009	0.97454315	-3.656139e-17	0	328.9777
4.1910000000003674e-10	0.22403917	0.0011869597	0.9745463	-3.656139e-17	0	328.9777
4.1920000000003677e-10	0.22402549	0.0011833685	0.97454935	-3.6561393e-17	0	328.9777
4.193000000000368e-10	0.22401187	0.0011796292	0.9745525	-3.6561383e-17	0	328.9777
4.1940000000003683e-10	0.22399834	0.001175743	0.97455573	-3.6561383e-17	0	328.9777
4.1950000000003686e-10	0.2239849	0.0011717106	0.9745588	-3.656139e-17	0	328.9777
4.196000000000369e-10	0.22397153	0.0011675338	0.9745619	-3.656139e-17	0	328.9777
4.197000000000369e-10	0.22395824	0.001163214	0.9745649	-3.6561393e-17	0	328.9777
4.1980000000003695e-10	0.22394505	0.0011587526	0.974568	-3.6561383e-17	0	328.9777
4.19900000000037e-10	0.22393194	0.0011541506	0.974571	-3.6561386e-17	0	328.9777
4.20000000000037e-10	0.22391891	0.00114941	0.9745739	-3.656139e-17	0	328.9777
4.2010000000003704e-10	0.22390601	0.0011445321	0.974577	-3.6561396e-17	0	328.9777
4.202000000000371e-10	0.22389318	0.0011395182	0.97457993	-3.6561393e-17	0	328.9777
4.203000000000371e-10	0.22388044	0.0011343696	0.9745829	-3.6561403e-17	0	328.9777
4.2040000000003714e-10	0.2238678	0.0011290882	0.97458583	-3.6561393e-17	0	328.9777
4.2050000000003717e-10	0.22385521	0.0011236751	0.97458875	-3.6561393e-17	0	328.9777
4.206000000000372e-10	0.22384278	0.0011181319	0.9745915	-3.6561406e-17	0	328.9777
4.2070000000003723e-10	0.22383042	0.00111246	0.9745944	-3.6561393e-17	0	328.9777
4.2080000000003726e-10	0.22381818	0.0011066612	0.9745972	-3.6561386e-17	0	328.9777
4.209000000000373e-10	0.22380601	0.0011007367	0.9746	-3.65614e-17	0	328.9777
4.210000000000373e-10	0.22379397	0.001094688	0.9746028	-3.6561396e-17	0	328.9777
4.2110000000003735e-10	0.22378202	0.0010885168	0.9746056	-3.65614e-17	0	328.9777
4.212000000000374e-10	0.22377019	0.0010822245	0.97460836	-3.6561393e-17	0	328.9777
4.213000000000374e-10	0.22375843	0.0010758131	0.974611	-3.6561393e-17	0	328.9777
4.2140000000003744e-10	0.22374679	0.0010692833	0.9746138	-3.656141e-17	0	328.9777
4.2150000000003747e-10	0.22373524	0.0010626372	0.9746164	-3.6561386e-17	0	328.9777
4.216000000000375e-10	0.22372381	0.0010558763	0.974619	-3.65614e-17	0	328.9777
4.2170000000003753e-10	0.22371247	0.0010490019	0.97462165	-3.65614e-17	0	328.9777
4.2180000000003757e-10	0.2236994	0.0010500771	0.97462463	-3.6830468e-17	0	327.81735
4.219000000000376e-10	0.22368445	0.0010590364	0.9746281	-3.683047e-17	0	327.81735
4.2200000000003763e-10	0.2236694	0.0010677956	0.9746315	-3.6830478e-17	0	327.81735
4.2210000000003766e-10	0.22365433	0.0010763549	0.974635	-3.6830468e-17	0	327.81735
4.222000000000377e-10	0.22363915	0.001084714	0.97463846	-3.6830468e-17	0	327.81735
4.223000000000377e-10	0.22362395	0.0010928728	0.974642	-3.6830465e-17	0	327.81735
4.2240000000003775e-10	0.22360867	0.0011008311	0.9746455	-3.683047e-17	0	327.81735
4.225000000000378e-10	0.22359337	0.0011085888	0.97464895	-3.6830488e-17	0	327.81735
4.226000000000378e-10	0.22357798	0.0011161459	0.9746525	-3.6830468e-17	0	327.81735
4.2270000000003784e-10	0.22356257	0.0011235024	0.97465605	-3.6830468e-17	0	327.81735
4.2280000000003787e-10	0.22354712	0.0011306586	0.97465956	-3.6830475e-17	0	327.81735
4.229000000000379e-10	0.2235316	0.0011376143	0.97466314	-3.683048e-17	0	327.81735
4.2300000000003793e-10	0.22351608	0.0011443694	0.9746667	-3.683046e-17	0	327.81735
4.2310000000003796e-10	0.22350049	0.001150924	0.9746703	-3.683047e-17	0	327.81735
4.23200000000038e-10	0.22348486	0.0011572788	0.97467387	-3.6830475e-17	0	327.81735
4.23300000000038e-10	0.22346923	0.0011634334	0.9746774	-3.683047e-17	0	327.81735
4.2340000000003806e-10	0.22345355	0.0011693878	0.974681	-3.683047e-17	0	327.81735
4.235000000000381e-10	0.22343783	0.0011751428	0.97468466	-3.6830468e-17	0	327.81735
4.236000000000381e-10	0.22342211	0.0011806982	0.97468823	-3.6830478e-17	0	327.81735
4.2370000000003815e-10	0.22340634	0.0011860545	0.9746919	-3.683047e-17	0	327.81735
4.238000000000382e-10	0.22339058	0.0011912122	0.97469544	-3.683047e-17	0	327.81735
4.239000000000382e-10	0.2233748	0.0011961712	0.97469914	-3.6830475e-17	0	327.81735
4.2400000000003824e-10	0.22335899	0.0012009322	0.9747027	-3.683048e-17	0	327.81735
4.2410000000003827e-10	0.22334316	0.0012054951	0.97470635	-3.6830475e-17	0	327.81735
4.242000000000383e-10	0.22332734	0.001209861	0.97471	-3.6830468e-17	0	327.81735
4.2430000000003833e-10	0.22331148	0.0012140296	0.9747136	-3.683048e-17	0	327.81735
4.2440000000003836e-10	0.22329564	0.0012180018	0.9747172	-3.6830475e-17	0	327.81735
4.245000000000384e-10	0.2232798	0.0012217779	0.97472084	-3.6830488e-17	0	327.81735
4.246000000000384e-10	0.22326393	0.0012253586	0.97472453	-3.6830475e-17	0	327.81735
4.2470000000003846e-10	0.2232481	0.0012287445	0.97472805	-3.683048e-17	0	327.81735
4.248000000000385e-10	0.22323225	0.0012319358	0.9747318	-3.6830475e-17	0	327.81735
4.249000000000385e-10	0.22321641	0.0012349336	0.9747355	-3.6830475e-17	0	327.81735
4.2500000000003855e-10	0.22320057	0.0012377381	0.974739	-3.6830485e-17	0	327.81735
4.251000000000386e-10	0.22318476	0.0012403501	0.97474265	-3.6830475e-17	0	327.81735
4.252000000000386e-10	0.22316894	0.0012427702	0.9747463	-3.6830475e-17	0	327.81735
4.2530000000003864e-10	0.22315317	0.0012449992	0.97474986	-3.6830475e-17	0	327.81735
4.2540000000003867e-10	0.22313736	0.0012470379	0.97475356	-3.6830475e-17	0	327.81735
4.255000000000387e-10	0.22312161	0.0012488866	0.9747571	-3.6830485e-17	0	327.81735
4.2560000000003873e-10	0.22310586	0.0012505465	0.9747607	-3.6830485e-17	0	327.81735
4.2570000000003876e-10	0.22309017	0.0012520181	0.97476435	-3.6830475e-17	0	327.81735
4.258000000000388e-10	0.22307447	0.0012533027	0.9747679	-3.6830485e-17	0	327.81735
4.259000000000388e-10	0.22305882	0.0012544005	0.97477156	-3.683049e-17	0	327.81735
4.2600000000003885e-10	0.22304317	0.0012553125	0.97477514	-3.6830485e-17	0	327.81735
4.261000000000389e-10	0.22302756	0.0012560396	0.9747787	-3.683048e-17	0	327.81735
4.262000000000389e-10	0.223012	0.0012565829	0.9747822	-3.683047e-17	0	327.81735
4.2630000000003895e-10	0.22299647	0.0012569433	0.9747859	-3.6830478e-17	0	327.81735
4.26400000000039e-10	0.22298096	0.0012571213	0.97478944	-3.6830488e-17	0	327.81735
4.26500000000039e-10	0.22296551	0.0012571181	0.97479296	-3.683048e-17	0	327.81735
4.2660000000003904e-10	0.22295009	0.0012569348	0.9747964	-3.683048e-17	0	327.81735
4.2670000000003907e-10	0.22293472	0.0012565723	0.9748	-3.6830488e-17	0	327.81735
4.268000000000391e-10	0.22291937	0.0012560317	0.97480357	-3.683047e-17	0	327.81735
4.2690000000003913e-10	0.2229041	0.001255314	0.974807	-3.683048e-17	0	327.81735
4.2700000000003916e-10	0.22288889	0.0012544203	0.9748105	-3.6830485e-17	0	327.81735
4.271000000000392e-10	0.22287372	0.0012533515	0.97481394	-3.6830488e-17	0	327.81735
4.272000000000392e-10	0.22285858	0.0012521086	0.97481745	-3.683048e-17	0	327.81735
4.2730000000003925e-10	0.22284351	0.0012506932	0.974821	-3.6830488e-17	0	327.81735
4.274000000000393e-10	0.22282849	0.0012491061	0.9748243	-3.6830488e-17	0	327.81735
4.275000000000393e-10	0.22281355	0.0012473485	0.97482777	-3.683048e-17	0	327.81735
4.2760000000003934e-10	0.22279866	0.0012454215	0.9748312	-3.6830485e-17	0	327.81735
4.277000000000394e-10	0.22278382	0.0012433263	0.97483456	-3.6830488e-17	0	327.81735
4.278000000000394e-10	0.22276907	0.0012410644	0.97483796	-3.6830498e-17	0	327.81735
4.2790000000003944e-10	0.22275436	0.0012386367	0.9748414	-3.6830485e-17	0	327.81735
4.2800000000003947e-10	0.22273973	0.0012360445	0.9748447	-3.6830495e-17	0	327.81735
4.281000000000395e-10	0.22272515	0.0012332893	0.9748481	-3.6830498e-17	0	327.81735
4.2820000000003953e-10	0.22271067	0.0012303719	0.97485137	-3.683049e-17	0	327.81735
4.2830000000003956e-10	0.22269624	0.0012272937	0.97485477	-3.683049e-17	0	327.81735
4.284000000000396e-10	0.22268191	0.0012240562	0.974858	-3.6830495e-17	0	327.81735
4.285000000000396e-10	0.22266762	0.0012206607	0.9748614	-3.6830488e-17	0	327.81735
4.2860000000003965e-10	0.22265343	0.0012171085	0.97486454	-3.6830495e-17	0	327.81735
4.287000000000397e-10	0.22263932	0.0012134006	0.97486776	-3.6830495e-17	0	327.81735
4.288000000000397e-10	0.2226253	0.001209539	0.974871	-3.6830498e-17	0	327.81735
4.2890000000003974e-10	0.22261134	0.0012055249	0.9748742	-3.6830478e-17	0	327.81735
4.290000000000398e-10	0.22259748	0.0012013593	0.9748773	-3.6830495e-17	0	327.81735
4.291000000000398e-10	0.2225837	0.0011970442	0.9748805	-3.6830488e-17	0	327.81735
4.2920000000003984e-10	0.22257	0.0011925806	0.97488356	-3.6830485e-17	0	327.81735
4.2930000000003987e-10	0.22255638	0.00118797	0.9748867	-3.68305e-17	0	327.81735
4.294000000000399e-10	0.22254285	0.0011832139	0.9748899	-3.6830505e-17	0	327.81735
4.2950000000003993e-10	0.22252946	0.0011783137	0.974893	-3.683049e-17	0	327.81735
4.2960000000003996e-10	0.22251612	0.0011732711	0.97489595	-3.68305e-17	0	327.81735
4.2970000000004e-10	0.22250289	0.0011680874	0.97489905	-3.6830485e-17	0	327.81735
4.2980000000004e-10	0.22248974	0.001162764	0.974902	-3.6830488e-17	0	327.81735
4.2990000000004005e-10	0.22247672	0.0011573029	0.9749051	-3.6830505e-17	0	327.81735
4.300000000000401e-10	0.22246377	0.001151705	0.97490805	-3.6830495e-17	0	327.81735
4.301000000000401e-10	0.22245094	0.0011459724	0.9749109	-3.6830498e-17	0	327.81735
4.3020000000004014e-10	0.22243822	0.0011401062	0.9749139	-3.6830488e-17	0	327.81735
4.3030000000004017e-10	0.22242557	0.0011341085	0.9749167	-3.68305e-17	0	327.81735
4.304000000000402e-10	0.22241303	0.0011279806	0.9749196	-3.6830495e-17	0	327.81735
4.3050000000004023e-10	0.2224006	0.0011217241	0.9749224	-3.683049e-17	0	327.81735
4.3060000000004026e-10	0.2223883	0.0011153405	0.9749253	-3.6830485e-17	0	327.81735
4.307000000000403e-10	0.22237608	0.0011088313	0.97492814	-3.68305e-17	0	327.81735
4.3080000000004033e-10	0.22236401	0.0011021983	0.9749309	-3.6830498e-17	0	327.81735
4.3090000000004036e-10	0.22235201	0.0010954429	0.9749336	-3.6830495e-17	0	327.81735
4.310000000000404e-10	0.2223401	0.0010885672	0.97493637	-3.6830498e-17	0	327.81735
4.311000000000404e-10	0.22232834	0.0010815725	0.9749391	-3.683049e-17	0	327.81735
4.3120000000004045e-10	0.22231668	0.0010744606	0.97494173	-3.6830495e-17	0	327.81735
4.313000000000405e-10	0.22230515	0.0010672329	0.97494435	-3.6830498e-17	0	327.81735
4.314000000000405e-10	0.22229373	0.0010598914	0.974947	-3.6830498e-17	0	327.81735
4.3150000000004054e-10	0.22228241	0.0010524374	0.9749496	-3.683049e-17	0	327.81735
4.3160000000004057e-10	0.2222712	0.0010448729	0.9749522	-3.68305e-17	0	327.81735
4.317000000000406e-10	0.22226016	0.0010371994	0.9749547	-3.6830505e-17	0	327.81735
4.3180000000004063e-10	0.22224739	0.00103711	0.9749576	-3.7089465e-17	0	326.70352
4.3190000000004066e-10	0.22223288	0.001044542	0.974961	-3.7089462e-17	0	326.70352
4.320000000000407e-10	0.22221829	0.0010517822	0.97496426	-3.7089475e-17	0	326.70352
4.321000000000407e-10	0.22220366	0.0010588308	0.97496754	-3.708947e-17	0	326.70352
4.3220000000004076e-10	0.22218896	0.0010656877	0.97497094	-3.7089472e-17	0	326.70352
4.323000000000408e-10	0.22217427	0.0010723531	0.9749743	-3.7089465e-17	0	326.70352
4.324000000000408e-10	0.2221595	0.0010788268	0.9749777	-3.7089462e-17	0	326.70352
4.3250000000004085e-10	0.22214472	0.0010851092	0.97498107	-3.7089472e-17	0	326.70352
4.326000000000409e-10	0.22212991	0.0010912002	0.9749844	-3.7089462e-17	0	326.70352
4.327000000000409e-10	0.22211504	0.0010971	0.97498786	-3.7089465e-17	0	326.70352
4.3280000000004094e-10	0.22210017	0.0011028087	0.9749912	-3.7089472e-17	0	326.70352
4.3290000000004097e-10	0.22208525	0.0011083265	0.9749946	-3.7089462e-17	0	326.70352
4.33000000000041e-10	0.22207032	0.0011136536	0.97499806	-3.7089462e-17	0	326.70352
4.3310000000004103e-10	0.22205536	0.0011187905	0.9750014	-3.708947e-17	0	326.70352
4.3320000000004106e-10	0.22204039	0.0011237372	0.97500485	-3.7089462e-17	0	326.70352
4.333000000000411e-10	0.2220254	0.001128494	0.97500825	-3.7089455e-17	0	326.70352
4.334000000000411e-10	0.22201037	0.0011330614	0.9750117	-3.7089462e-17	0	326.70352
4.3350000000004115e-10	0.22199535	0.0011374396	0.9750151	-3.7089475e-17	0	326.70352
4.336000000000412e-10	0.22198033	0.0011416292	0.9750185	-3.708947e-17	0	326.70352
4.337000000000412e-10	0.22196525	0.0011456301	0.97502196	-3.7089462e-17	0	326.70352
4.3380000000004125e-10	0.2219502	0.0011494434	0.9750254	-3.7089472e-17	0	326.70352
4.339000000000413e-10	0.22193517	0.001153069	0.9750288	-3.7089465e-17	0	326.70352
4.340000000000413e-10	0.2219201	0.0011565078	0.9750322	-3.708946e-17	0	326.70352
4.3410000000004134e-10	0.22190504	0.0011597599	0.9750356	-3.7089472e-17	0	326.70352
4.3420000000004137e-10	0.22188997	0.001162826	0.9750391	-3.708947e-17	0	326.70352
4.343000000000414e-10	0.22187492	0.0011657069	0.9750426	-3.708947e-17	0	326.70352
4.3440000000004143e-10	0.22185992	0.0011684031	0.975046	-3.708947e-17	0	326.70352
4.3450000000004146e-10	0.22184487	0.001170915	0.97504944	-3.708947e-17	0	326.70352
4.346000000000415e-10	0.22182983	0.0011732436	0.9750527	-3.708947e-17	0	326.70352
4.347000000000415e-10	0.22181484	0.0011753894	0.9750563	-3.7089462e-17	0	326.70352
4.3480000000004155e-10	0.22179985	0.001177353	0.97505975	-3.7089475e-17	0	326.70352
4.349000000000416e-10	0.22178489	0.0011791348	0.9750631	-3.7089475e-17	0	326.70352
4.350000000000416e-10	0.22176991	0.0011807359	0.97506654	-3.708947e-17	0	326.70352
4.3510000000004165e-10	0.221755	0.0011821573	0.9750698	-3.7089475e-17	0	326.70352
4.352000000000417e-10	0.22174007	0.0011833992	0.9750733	-3.7089472e-17	0	326.70352
4.353000000000417e-10	0.22172518	0.0011844625	0.97507656	-3.7089485e-17	0	326.70352
4.3540000000004174e-10	0.22171034	0.0011853483	0.97508	-3.7089475e-17	0	326.70352
4.3550000000004177e-10	0.22169551	0.0011860569	0.9750835	-3.7089478e-17	0	326.70352
4.356000000000418e-10	0.2216807	0.0011865895	0.97508675	-3.708947e-17	0	326.70352
4.3570000000004183e-10	0.22166593	0.0011869472	0.97509027	-3.7089478e-17	0	326.70352
4.3580000000004186e-10	0.22165123	0.0011871307	0.97509354	-3.7089488e-17	0	326.70352
4.359000000000419e-10	0.22163652	0.0011871408	0.97509694	-3.7089488e-17	0	326.70352
4.360000000000419e-10	0.22162187	0.0011869784	0.97510016	-3.708948e-17	0	326.70352
4.3610000000004195e-10	0.22160727	0.0011866445	0.9751036	-3.708948e-17	0	326.70352
4.36200000000042e-10	0.2215927	0.0011861401	0.97510684	-3.7089475e-17	0	326.70352
4.36300000000042e-10	0.2215782	0.0011854663	0.97511023	-3.7089475e-17	0	326.70352
4.3640000000004204e-10	0.2215637	0.0011846242	0.9751135	-3.7089472e-17	0	326.70352
4.365000000000421e-10	0.22154927	0.0011836143	0.97511667	-3.7089475e-17	0	326.70352
4.366000000000421e-10	0.22153491	0.0011824381	0.97511995	-3.7089478e-17	0	326.70352
4.3670000000004214e-10	0.22152057	0.0011810965	0.9751233	-3.7089488e-17	0	326.70352
4.3680000000004217e-10	0.22150628	0.0011795908	0.97512656	-3.7089475e-17	0	326.70352
4.369000000000422e-10	0.22149208	0.0011779219	0.9751297	-3.708948e-17	0	326.70352
4.3700000000004223e-10	0.22147794	0.0011760908	0.97513306	-3.7089488e-17	0	326.70352
4.3710000000004226e-10	0.22146383	0.0011740987	0.9751363	-3.7089475e-17	0	326.70352
4.372000000000423e-10	0.22144978	0.0011719471	0.9751394	-3.708949e-17	0	326.70352
4.373000000000423e-10	0.2214358	0.0011696368	0.97514254	-3.708948e-17	0	326.70352
4.3740000000004235e-10	0.2214219	0.0011671688	0.9751458	-3.708948e-17	0	326.70352
4.375000000000424e-10	0.22140804	0.0011645448	0.9751489	-3.7089485e-17	0	326.70352
4.376000000000424e-10	0.22139429	0.001161766	0.9751521	-3.7089478e-17	0	326.70352
4.3770000000004244e-10	0.22138056	0.0011588334	0.97515523	-3.708947e-17	0	326.70352
4.3780000000004247e-10	0.22136694	0.001155748	0.97515833	-3.708949e-17	0	326.70352
4.379000000000425e-10	0.22135338	0.0011525119	0.97516143	-3.7089495e-17	0	326.70352
4.3800000000004253e-10	0.22133991	0.001149126	0.9751645	-3.7089478e-17	0	326.70352
4.3810000000004257e-10	0.2213265	0.0011455914	0.9751675	-3.7089485e-17	0	326.70352
4.382000000000426e-10	0.22131316	0.0011419093	0.9751706	-3.7089485e-17	0	326.70352
4.3830000000004263e-10	0.22129993	0.0011380817	0.97517353	-3.7089462e-17	0	326.70352
4.3840000000004266e-10	0.22128674	0.0011341095	0.9751765	-3.7089472e-17	0	326.70352
4.385000000000427e-10	0.22127368	0.0011299938	0.9751796	-3.7089472e-17	0	326.70352
4.386000000000427e-10	0.22126067	0.0011257363	0.97518253	-3.7089488e-17	0	326.70352
4.3870000000004275e-10	0.22124775	0.0011213386	0.9751854	-3.7089478e-17	0	326.70352
4.388000000000428e-10	0.22123492	0.0011168018	0.9751884	-3.708949e-17	0	326.70352
4.389000000000428e-10	0.22122218	0.0011121273	0.97519124	-3.7089478e-17	0	326.70352
4.3900000000004284e-10	0.22120954	0.0011073167	0.97519416	-3.7089488e-17	0	326.70352
4.3910000000004287e-10	0.22119696	0.0011023716	0.97519696	-3.7089478e-17	0	326.70352
4.392000000000429e-10	0.22118452	0.001097293	0.9751998	-3.7089478e-17	0	326.70352
4.3930000000004293e-10	0.22117214	0.0010920826	0.9752027	-3.7089488e-17	0	326.70352
4.3940000000004296e-10	0.22115986	0.001086742	0.9752054	-3.7089478e-17	0	326.70352
4.39500000000043e-10	0.22114766	0.0010812725	0.9752082	-3.7089498e-17	0	326.70352
4.39600000000043e-10	0.22113559	0.0010756755	0.975211	-3.7089488e-17	0	326.70352
4.3970000000004306e-10	0.2211236	0.0010699526	0.97521377	-3.7089495e-17	0	326.70352
4.398000000000431e-10	0.2211117	0.0010641054	0.9752164	-3.7089495e-17	0	326.70352
4.399000000000431e-10	0.22109991	0.0010581353	0.97521913	-3.708948e-17	0	326.70352
4.4000000000004315e-10	0.22108822	0.0010520437	0.9752218	-3.708948e-17	0	326.70352
4.401000000000432e-10	0.22107664	0.0010458325	0.97522444	-3.7089485e-17	0	326.70352
4.402000000000432e-10	0.22106513	0.0010395029	0.97522706	-3.708948e-17	0	326.70352
4.4030000000004324e-10	0.22105376	0.0010330563	0.9752296	-3.708948e-17	0	326.70352
4.4040000000004327e-10	0.22104248	0.0010264949	0.9752323	-3.7089485e-17	0	326.70352
4.405000000000433e-10	0.22103132	0.0010198199	0.9752348	-3.7089495e-17	0	326.70352
4.4060000000004333e-10	0.22102028	0.0010130326	0.97523713	-3.708949e-17	0	326.70352
4.4070000000004336e-10	0.22100931	0.0010061349	0.9752398	-3.708949e-17	0	326.70352
4.408000000000434e-10	0.22099845	0.0009991283	0.9752422	-3.7089488e-17	0	326.70352
4.409000000000434e-10	0.22098774	0.0009920147	0.97524464	-3.7089485e-17	0	326.70352
4.4100000000004346e-10	0.22097713	0.0009847954	0.9752471	-3.7089488e-17	0	326.70352
4.411000000000435e-10	0.22096664	0.0009774722	0.97524947	-3.7089498e-17	0	326.70352
4.412000000000435e-10	0.22095624	0.0009700466	0.97525185	-3.7089485e-17	0	326.70352
4.4130000000004355e-10	0.22094598	0.0009625204	0.9752542	-3.7089498e-17	0	326.70352
4.414000000000436e-10	0.22093582	0.0009548953	0.97525656	-3.7089485e-17	0	326.70352
4.415000000000436e-10	0.22092581	0.0009471728	0.9752588	-3.7089498e-17	0	326.70352
4.4160000000004364e-10	0.22091588	0.00093935453	0.97526103	-3.7089488e-17	0	326.70352
4.4170000000004367e-10	0.2209061	0.00093144225	0.9752634	-3.7089488e-17	0	326.70352
4.418000000000437e-10	0.22089471	0.0009307787	0.9752659	-3.733866e-17	0	325.63425
4.4190000000004373e-10	0.22088164	0.0009373035	0.9752688	-3.7338665e-17	0	325.63425
4.4200000000004376e-10	0.22086851	0.0009436551	0.97527176	-3.733866e-17	0	325.63425
4.421000000000438e-10	0.22085536	0.0009498334	0.9752748	-3.733867e-17	0	325.63425
4.422000000000438e-10	0.22084215	0.0009558388	0.9752778	-3.7338675e-17	0	325.63425
4.4230000000004385e-10	0.2208289	0.0009616711	0.9752808	-3.7338665e-17	0	325.63425
4.424000000000439e-10	0.22081564	0.00096733024	0.97528386	-3.7338665e-17	0	325.63425
4.425000000000439e-10	0.22080234	0.0009728165	0.9752867	-3.733867e-17	0	325.63425
4.4260000000004395e-10	0.22078902	0.0009781299	0.9752898	-3.7338665e-17	0	325.63425
4.42700000000044e-10	0.22077563	0.0009832706	0.9752929	-3.7338648e-17	0	325.63425
4.42800000000044e-10	0.22076225	0.0009882388	0.97529584	-3.7338658e-17	0	325.63425
4.4290000000004404e-10	0.22074883	0.0009930348	0.97529894	-3.7338658e-17	0	325.63425
4.4300000000004407e-10	0.22073542	0.0009976586	0.9753019	-3.7338678e-17	0	325.63425
4.431000000000441e-10	0.22072196	0.0010021107	0.9753051	-3.7338668e-17	0	325.63425
4.4320000000004413e-10	0.22070852	0.0010063908	0.975308	-3.7338655e-17	0	325.63425
4.4330000000004416e-10	0.22069502	0.0010104999	0.97531104	-3.733867e-17	0	325.63425
4.434000000000442e-10	0.22068153	0.0010144378	0.97531414	-3.7338668e-17	0	325.63425
4.435000000000442e-10	0.22066805	0.0010182051	0.97531724	-3.733866e-17	0	325.63425
4.4360000000004425e-10	0.22065455	0.0010218022	0.9753202	-3.7338665e-17	0	325.63425
4.437000000000443e-10	0.22064099	0.0010252292	0.9753233	-3.7338668e-17	0	325.63425
4.438000000000443e-10	0.22062747	0.0010284869	0.9753264	-3.733866e-17	0	325.63425
4.4390000000004434e-10	0.22061396	0.0010315754	0.97532946	-3.733867e-17	0	325.63425
4.440000000000444e-10	0.22060046	0.0010344955	0.9753325	-3.7338668e-17	0	325.63425
4.441000000000444e-10	0.22058693	0.0010372476	0.97533554	-3.733867e-17	0	325.63425
4.4420000000004444e-10	0.2205734	0.001039832	0.9753387	-3.733868e-17	0	325.63425
4.4430000000004447e-10	0.2205599	0.0010422494	0.9753417	-3.7338675e-17	0	325.63425
4.444000000000445e-10	0.22054641	0.0010445002	0.97534484	-3.7338665e-17	0	325.63425
4.4450000000004453e-10	0.22053292	0.0010465852	0.97534776	-3.7338668e-17	0	325.63425
4.4460000000004456e-10	0.22051942	0.0010485047	0.9753509	-3.733866e-17	0	325.63425
4.447000000000446e-10	0.22050598	0.0010502597	0.9753539	-3.7338665e-17	0	325.63425
4.448000000000446e-10	0.22049253	0.0010518505	0.975357	-3.7338678e-17	0	325.63425
4.4490000000004465e-10	0.22047909	0.001053278	0.97536	-3.7338665e-17	0	325.63425
4.450000000000447e-10	0.2204657	0.0010545426	0.97536296	-3.7338668e-17	0	325.63425
4.451000000000447e-10	0.22045231	0.0010556454	0.97536606	-3.7338668e-17	0	325.63425
4.4520000000004474e-10	0.22043896	0.0010565871	0.97536904	-3.733868e-17	0	325.63425
4.4530000000004477e-10	0.22042562	0.0010573684	0.97537214	-3.7338668e-17	0	325.63425
4.454000000000448e-10	0.22041233	0.0010579897	0.9753751	-3.7338665e-17	0	325.63425
4.4550000000004484e-10	0.22039904	0.0010584522	0.97537804	-3.7338665e-17	0	325.63425
4.4560000000004487e-10	0.22038582	0.0010587566	0.97538114	-3.7338668e-17	0	325.63425
4.457000000000449e-10	0.22037259	0.0010589036	0.97538406	-3.733866e-17	0	325.63425
4.4580000000004493e-10	0.2203594	0.0010588942	0.97538704	-3.7338665e-17	0	325.63425
4.4590000000004496e-10	0.22034626	0.0010587289	0.9753901	-3.7338675e-17	0	325.63425
4.46000000000045e-10	0.22033316	0.001058409	0.97539306	-3.7338675e-17	0	325.63425
4.46100000000045e-10	0.2203201	0.0010579352	0.975396	-3.7338678e-17	0	325.63425
4.4620000000004505e-10	0.22030707	0.0010573082	0.97539896	-3.733867e-17	0	325.63425
4.463000000000451e-10	0.22029407	0.0010565291	0.97540194	-3.7338675e-17	0	325.63425
4.464000000000451e-10	0.22028115	0.0010555991	0.9754048	-3.7338678e-17	0	325.63425
4.4650000000004514e-10	0.22026822	0.0010545187	0.97540766	-3.7338665e-17	0	325.63425
4.4660000000004517e-10	0.2202554	0.0010532889	0.9754106	-3.733867e-17	0	325.63425
4.467000000000452e-10	0.2202426	0.0010519112	0.9754135	-3.7338668e-17	0	325.63425
4.4680000000004523e-10	0.22022985	0.0010503859	0.9754164	-3.733867e-17	0	325.63425
4.4690000000004526e-10	0.22021715	0.0010487146	0.9754193	-3.7338688e-17	0	325.63425
4.470000000000453e-10	0.22020458	0.0010468983	0.975422	-3.7338675e-17	0	325.63425
4.4710000000004533e-10	0.22019197	0.0010449379	0.975425	-3.7338668e-17	0	325.63425
4.4720000000004536e-10	0.22017944	0.0010428345	0.97542775	-3.7338695e-17	0	325.63425
4.473000000000454e-10	0.22016698	0.0010405894	0.97543067	-3.7338685e-17	0	325.63425
4.474000000000454e-10	0.2201546	0.0010382034	0.97543347	-3.733867e-17	0	325.63425
4.4750000000004545e-10	0.22014226	0.0010356777	0.97543633	-3.733868e-17	0	325.63425
4.476000000000455e-10	0.22012995	0.0010330135	0.975439	-3.7338675e-17	0	325.63425
4.477000000000455e-10	0.22011775	0.0010302117	0.9754417	-3.7338685e-17	0	325.63425
4.4780000000004554e-10	0.22010556	0.0010272735	0.9754445	-3.7338678e-17	0	325.63425
4.4790000000004557e-10	0.22009349	0.0010242002	0.97544724	-3.733868e-17	0	325.63425
4.480000000000456e-10	0.22008146	0.0010209926	0.97545	-3.7338668e-17	0	325.63425
4.4810000000004563e-10	0.2200695	0.0010176523	0.97545254	-3.733867e-17	0	325.63425
4.4820000000004566e-10	0.22005764	0.0010141802	0.97545534	-3.733867e-17	0	325.63425
4.483000000000457e-10	0.2200458	0.0010105777	0.975458	-3.7338675e-17	0	325.63425
4.484000000000457e-10	0.22003406	0.0010068457	0.97546077	-3.733868e-17	0	325.63425
4.4850000000004576e-10	0.22002238	0.001002986	0.97546333	-3.7338688e-17	0	325.63425
4.486000000000458e-10	0.2200108	0.0009989995	0.97546595	-3.733867e-17	0	325.63425
4.487000000000458e-10	0.21999928	0.0009948873	0.9754685	-3.733868e-17	0	325.63425
4.4880000000004585e-10	0.21998784	0.0009906511	0.97547114	-3.7338675e-17	0	325.63425
4.489000000000459e-10	0.21997651	0.0009862919	0.97547364	-3.7338688e-17	0	325.63425
4.490000000000459e-10	0.21996528	0.0009818113	0.9754763	-3.733868e-17	0	325.63425
4.4910000000004594e-10	0.21995409	0.0009772106	0.9754788	-3.7338685e-17	0	325.63425
4.4920000000004597e-10	0.219943	0.000972491	0.9754814	-3.7338675e-17	0	325.63425
4.49300000000046e-10	0.21993199	0.0009676541	0.97548383	-3.733868e-17	0	325.63425
4.4940000000004603e-10	0.21992108	0.00096270104	0.9754863	-3.733868e-17	0	325.63425
4.4950000000004606e-10	0.21991025	0.00095763314	0.97548866	-3.7338688e-17	0	325.63425
4.496000000000461e-10	0.2198995	0.0009524519	0.97549117	-3.7338685e-17	0	325.63425
4.497000000000461e-10	0.21988887	0.00094715855	0.97549355	-3.733867e-17	0	325.63425
4.4980000000004615e-10	0.21987832	0.00094175467	0.97549593	-3.7338685e-17	0	325.63425
4.499000000000462e-10	0.21986786	0.00093624176	0.9754983	-3.7338678e-17	0	325.63425
4.500000000000462e-10	0.21985751	0.00093062123	0.9755006	-3.7338668e-17	0	325.63425
4.5010000000004625e-10	0.21984725	0.0009248944	0.97550297	-3.7338685e-17	0	325.63425
4.502000000000463e-10	0.21983707	0.0009190628	0.97550535	-3.7338685e-17	0	325.63425
4.503000000000463e-10	0.219827	0.0009131277	0.9755075	-3.7338685e-17	0	325.63425
4.5040000000004634e-10	0.21981701	0.00090709055	0.9755098	-3.733868e-17	0	325.63425
4.5050000000004637e-10	0.21980715	0.00090095284	0.97551197	-3.733867e-17	0	325.63425
4.506000000000464e-10	0.21979736	0.0008947159	0.9755143	-3.7338678e-17	0	325.63425
4.5070000000004643e-10	0.21978772	0.0008883815	0.9755165	-3.7338698e-17	0	325.63425
4.5080000000004646e-10	0.21977812	0.0008819511	0.9755186	-3.7338688e-17	0	325.63425
4.509000000000465e-10	0.21976867	0.00087542617	0.9755208	-3.7338678e-17	0	325.63425
4.510000000000465e-10	0.2197593	0.0008688082	0.9755228	-3.7338685e-17	0	325.63425
4.5110000000004655e-10	0.21975002	0.00086209836	0.97552496	-3.7338685e-17	0	325.63425
4.512000000000466e-10	0.21974085	0.00085529825	0.9755271	-3.733868e-17	0	325.63425
4.513000000000466e-10	0.21973178	0.0008484092	0.9755291	-3.7338685e-17	0	325.63425
4.5140000000004665e-10	0.21972282	0.0008414327	0.9755311	-3.7338685e-17	0	325.63425
4.515000000000467e-10	0.21971396	0.00083437044	0.9755331	-3.7338678e-17	0	325.63425
4.516000000000467e-10	0.2197052	0.0008272235	0.9755351	-3.7338688e-17	0	325.63425
4.5170000000004674e-10	0.21969655	0.0008199936	0.9755372	-3.733869e-17	0	325.63425
4.5180000000004677e-10	0.21968639	0.00081969326	0.9755394	-3.757841e-17	0	324.60782
4.519000000000468e-10	0.21967459	0.00082626444	0.97554195	-3.75784e-17	0	324.60782
4.5200000000004683e-10	0.21966276	0.00083267654	0.9755447	-3.75784e-17	0	324.60782
4.5210000000004686e-10	0.21965088	0.0008389294	0.9755474	-3.757841e-17	0	324.60782
4.522000000000469e-10	0.21963893	0.0008450231	0.97555006	-3.757842e-17	0	324.60782
4.523000000000469e-10	0.21962696	0.0008509576	0.97555274	-3.7578418e-17	0	324.60782
4.5240000000004695e-10	0.21961497	0.00085673266	0.9755554	-3.757841e-17	0	324.60782
4.52500000000047e-10	0.21960296	0.0008623486	0.97555816	-3.7578415e-17	0	324.60782
4.52600000000047e-10	0.21959084	0.0008678053	0.9755609	-3.7578415e-17	0	324.60782
4.5270000000004704e-10	0.21957876	0.0008731028	0.9755635	-3.7578415e-17	0	324.60782
4.528000000000471e-10	0.21956663	0.0008782413	0.9755662	-3.7578408e-17	0	324.60782
4.529000000000471e-10	0.21955447	0.00088322104	0.97556907	-3.7578415e-17	0	324.60782
4.5300000000004714e-10	0.21954231	0.00088804186	0.9755719	-3.7578408e-17	0	324.60782
4.5310000000004717e-10	0.21953008	0.00089270395	0.97557455	-3.7578405e-17	0	324.60782
4.532000000000472e-10	0.21951784	0.00089720765	0.9755773	-3.7578418e-17	0	324.60782
4.5330000000004723e-10	0.21950561	0.000901553	0.9755801	-3.7578408e-17	0	324.60782
4.5340000000004726e-10	0.21949336	0.0009057402	0.9755829	-3.757841e-17	0	324.60782
4.535000000000473e-10	0.21948107	0.0009097697	0.9755855	-3.757841e-17	0	324.60782
4.536000000000473e-10	0.21946877	0.0009136415	0.9755884	-3.7578415e-17	0	324.60782
4.5370000000004735e-10	0.21945646	0.0009173558	0.97559106	-3.757841e-17	0	324.60782
4.538000000000474e-10	0.21944414	0.0009209133	0.9755938	-3.757842e-17	0	324.60782
4.539000000000474e-10	0.21943182	0.00092431426	0.97559667	-3.7578418e-17	0	324.60782
4.5400000000004744e-10	0.2194195	0.0009275588	0.97559935	-3.757842e-17	0	324.60782
4.5410000000004747e-10	0.21940716	0.0009306474	0.9756022	-3.757841e-17	0	324.60782
4.542000000000475e-10	0.21939479	0.00093358057	0.97560495	-3.757842e-17	0	324.60782
4.5430000000004753e-10	0.21938246	0.00093635864	0.97560775	-3.7578418e-17	0	324.60782
4.5440000000004757e-10	0.21937014	0.000938982	0.97561055	-3.757842e-17	0	324.60782
4.545000000000476e-10	0.21935779	0.0009414511	0.97561336	-3.757841e-17	0	324.60782
4.5460000000004763e-10	0.21934547	0.0009437665	0.97561604	-3.7578415e-17	0	324.60782
4.5470000000004766e-10	0.21933316	0.0009459287	0.9756189	-3.757841e-17	0	324.60782
4.548000000000477e-10	0.21932083	0.0009479382	0.9756216	-3.757842e-17	0	324.60782
4.549000000000477e-10	0.2193085	0.00094979553	0.9756243	-3.7578418e-17	0	324.60782
4.5500000000004775e-10	0.21929622	0.00095150113	0.9756271	-3.7578415e-17	0	324.60782
4.551000000000478e-10	0.21928394	0.0009530557	0.97562987	-3.7578418e-17	0	324.60782
4.552000000000478e-10	0.21927166	0.00095445977	0.97563267	-3.7578425e-17	0	324.60782
4.5530000000004784e-10	0.21925943	0.000955714	0.9756354	-3.7578428e-17	0	324.60782
4.5540000000004787e-10	0.21924718	0.0009568189	0.97563815	-3.7578418e-17	0	324.60782
4.555000000000479e-10	0.21923494	0.0009577754	0.9756409	-3.7578418e-17	0	324.60782
4.5560000000004793e-10	0.21922275	0.0009585839	0.97564363	-3.757842e-17	0	324.60782
4.5570000000004796e-10	0.2192106	0.000959245	0.9756464	-3.7578415e-17	0	324.60782
4.55800000000048e-10	0.21919845	0.0009597596	0.9756491	-3.7578408e-17	0	324.60782
4.55900000000048e-10	0.21918632	0.00096012827	0.97565186	-3.7578415e-17	0	324.60782
4.5600000000004806e-10	0.21917424	0.00096035184	0.97565466	-3.7578408e-17	0	324.60782
4.561000000000481e-10	0.21916218	0.000960431	0.9756573	-3.7578405e-17	0	324.60782
4.562000000000481e-10	0.21915013	0.0009603667	0.97565997	-3.7578418e-17	0	324.60782
4.5630000000004815e-10	0.21913812	0.0009601595	0.9756627	-3.757842e-17	0	324.60782
4.564000000000482e-10	0.21912616	0.0009598102	0.97566545	-3.757841e-17	0	324.60782
4.565000000000482e-10	0.21911423	0.0009593198	0.97566813	-3.7578428e-17	0	324.60782
4.5660000000004824e-10	0.21910234	0.0009586889	0.9756707	-3.757841e-17	0	324.60782
4.5670000000004827e-10	0.21909048	0.00095791864	0.97567344	-3.7578428e-17	0	324.60782
4.568000000000483e-10	0.21907866	0.00095700973	0.97567606	-3.757842e-17	0	324.60782
4.5690000000004833e-10	0.21906692	0.0009559629	0.97567874	-3.7578428e-17	0	324.60782
4.5700000000004836e-10	0.21905518	0.00095477945	0.97568136	-3.7578415e-17	0	324.60782
4.571000000000484e-10	0.21904351	0.0009534599	0.97568405	-3.757842e-17	0	324.60782
4.572000000000484e-10	0.21903187	0.0009520053	0.9756866	-3.7578415e-17	0	324.60782
4.5730000000004845e-10	0.21902028	0.0009504169	0.97568923	-3.7578418e-17	0	324.60782
4.574000000000485e-10	0.21900876	0.0009486954	0.97569174	-3.7578435e-17	0	324.60782
4.575000000000485e-10	0.2189973	0.0009468419	0.9756943	-3.757841e-17	0	324.60782
4.5760000000004855e-10	0.21898589	0.00094485737	0.9756969	-3.7578425e-17	0	324.60782
4.577000000000486e-10	0.21897453	0.00094274303	0.9756995	-3.757841e-17	0	324.60782
4.578000000000486e-10	0.21896324	0.0009404998	0.97570205	-3.7578425e-17	0	324.60782
4.5790000000004864e-10	0.21895197	0.0009381287	0.97570455	-3.7578425e-17	0	324.60782
4.5800000000004867e-10	0.2189408	0.00093563093	0.97570705	-3.7578415e-17	0	324.60782
4.581000000000487e-10	0.21892968	0.00093300745	0.9757097	-3.7578425e-17	0	324.60782
4.5820000000004873e-10	0.21891859	0.0009302594	0.9757121	-3.757842e-17	0	324.60782
4.5830000000004876e-10	0.21890761	0.0009273877	0.97571456	-3.7578425e-17	0	324.60782
4.584000000000488e-10	0.21889667	0.0009243935	0.975717	-3.7578428e-17	0	324.60782
4.585000000000488e-10	0.21888581	0.0009212781	0.97571945	-3.757842e-17	0	324.60782
4.5860000000004885e-10	0.21887499	0.0009180426	0.97572196	-3.7578415e-17	0	324.60782
4.587000000000489e-10	0.21886428	0.0009146881	0.9757244	-3.7578425e-17	0	324.60782
4.588000000000489e-10	0.21885361	0.00091121567	0.97572666	-3.7578415e-17	0	324.60782
4.5890000000004895e-10	0.21884301	0.0009076266	0.97572905	-3.7578428e-17	0	324.60782
4.59000000000049e-10	0.21883252	0.00090392213	0.97573143	-3.757842e-17	0	324.60782
4.59100000000049e-10	0.21882208	0.0009001036	0.97573376	-3.7578418e-17	0	324.60782
4.5920000000004904e-10	0.2188117	0.0008961719	0.97573614	-3.7578418e-17	0	324.60782
4.5930000000004907e-10	0.21880141	0.0008921283	0.9757384	-3.7578408e-17	0	324.60782
4.594000000000491e-10	0.2187912	0.000887974	0.97574073	-3.7578428e-17	0	324.60782
4.5950000000004913e-10	0.21878107	0.0008837104	0.975743	-3.7578435e-17	0	324.60782
4.5960000000004916e-10	0.21877101	0.00087933854	0.9757453	-3.757842e-17	0	324.60782
4.597000000000492e-10	0.218761	0.00087485975	0.97574747	-3.7578418e-17	0	324.60782
4.598000000000492e-10	0.21875112	0.0008702754	0.97574985	-3.757842e-17	0	324.60782
4.5990000000004925e-10	0.21874131	0.0008655867	0.975752	-3.7578425e-17	0	324.60782
4.600000000000493e-10	0.21873158	0.000860795	0.97575414	-3.757843e-17	0	324.60782
4.601000000000493e-10	0.21872196	0.0008559015	0.9757564	-3.7578425e-17	0	324.60782
4.6020000000004934e-10	0.21871239	0.0008509077	0.9757585	-3.7578428e-17	0	324.60782
4.603000000000494e-10	0.2187029	0.00084581453	0.97576064	-3.757843e-17	0	324.60782
4.604000000000494e-10	0.21869351	0.00084062346	0.9757628	-3.757843e-17	0	324.60782
4.6050000000004944e-10	0.21868421	0.00083533576	0.9757649	-3.757842e-17	0	324.60782
4.6060000000004947e-10	0.21867497	0.00082995265	0.9757669	-3.7578425e-17	0	324.60782
4.607000000000495e-10	0.21866584	0.00082447554	0.975769	-3.7578428e-17	0	324.60782
4.6080000000004953e-10	0.21865676	0.0008189055	0.97577095	-3.7578425e-17	0	324.60782
4.6090000000004956e-10	0.21864781	0.0008132439	0.975773	-3.7578425e-17	0	324.60782
4.610000000000496e-10	0.21863893	0.00080749206	0.975775	-3.7578418e-17	0	324.60782
4.611000000000496e-10	0.21863015	0.0008016514	0.975777	-3.757843e-17	0	324.60782
4.6120000000004965e-10	0.21862143	0.0007957232	0.9757789	-3.7578428e-17	0	324.60782
4.613000000000497e-10	0.21861285	0.00078970875	0.9757808	-3.7578435e-17	0	324.60782
4.614000000000497e-10	0.21860436	0.0007836097	0.9757828	-3.7578428e-17	0	324.60782
4.6150000000004974e-10	0.21859595	0.0007774273	0.9757848	-3.7578435e-17	0	324.60782
4.6160000000004977e-10	0.21858765	0.0007711628	0.9757865	-3.7578425e-17	0	324.60782
4.617000000000498e-10	0.21857947	0.0007648179	0.9757884	-3.757843e-17	0	324.60782
