# t (s)	mx ()	my ()	mz ()	E_total (J)	J (A/m2)	T (K)
0	0	0	1	-4.1875195e-17	0	300
1e-13	0.1940095	-3.4665604e-10	0.98097837	-4.346452e-17	-3.5970892e+07	300
2e-13	0.19400948	-6.6344796e-10	0.98097837	-4.346452e-17	-3.5970892e+07	300
3.4999999999999997e-13	0.1940095	-1.131994e-09	0.98097837	-4.3464526e-17	-4.0457144e+07	300
4.4999999999999995e-13	0.19400948	-1.4511166e-09	0.98097837	-4.3464533e-17	-4.0457144e+07	300
5.5e-13	0.1940095	-1.7686936e-09	0.98097837	-4.3464533e-17	-4.6859776e+07	300
6.5e-13	0.19400948	-2.0887256e-09	0.98097837	-4.3464533e-17	-4.6859776e+07	300
7.499999999999999e-13	0.19400948	-2.4084343e-09	0.98097837	-4.3464533e-17	-5.270407e+07	300
8.499999999999999e-13	0.1940095	-2.7286937e-09	0.98097837	-4.3464526e-17	-5.270407e+07	300
9.5e-13	0.19400948	-3.052019e-09	0.98097837	-4.3464526e-17	-6.104486e+07	300
1.05e-12	0.19400948	-3.3754013e-09	0.98097837	-4.3464526e-17	-6.104486e+07	300
1.15e-12	0.1940095	-3.7006345e-09	0.98097837	-4.3464533e-17	-6.86583e+07	300
1.25e-12	0.19400948	-4.024802e-09	0.98097837	-4.3464526e-17	-6.86583e+07	300
1.35e-12	0.1940095	-4.3506425e-09	0.98097837	-4.3464526e-17	-7.722128e+07	300
1.4499999999999999e-12	0.19400948	-4.6782986e-09	0.98097837	-4.3464526e-17	-7.722128e+07	300
1.5499999999999999e-12	0.1940095	-5.009216e-09	0.98097837	-4.3464533e-17	-8.685221e+07	300
1.6499999999999998e-12	0.1940095	-5.338592e-09	0.98097837	-4.346454e-17	-8.685221e+07	300
1.7499999999999998e-12	0.19400948	-5.6726e-09	0.98097837	-4.3464533e-17	-9.7684296e+07	300
1.85e-12	0.19400948	-6.0078484e-09	0.98097837	-4.3464533e-17	-9.7684296e+07	300
1.95e-12	0.19400948	-6.343921e-09	0.98097837	-4.3464533e-17	-1.0986734e+08	300
2.05e-12	0.19400948	-6.6830843e-09	0.98097837	-4.3464526e-17	-1.0986734e+08	300
2.15e-12	0.19400948	-7.026866e-09	0.98097837	-4.3464533e-17	-1.2356983e+08	300
2.25e-12	0.19400948	-7.373096e-09	0.98097837	-4.3464526e-17	-1.2356983e+08	300
2.35e-12	0.1940095	-7.720672e-09	0.98097837	-4.3464533e-17	-1.3898126e+08	300
2.45e-12	0.1940095	-8.073982e-09	0.98097837	-4.3464526e-17	-1.3898126e+08	300
2.55e-12	0.1940095	-8.428799e-09	0.98097837	-4.3464533e-17	-1.5631477e+08	300
2.65e-12	0.1940095	-8.791204e-09	0.98097837	-4.3464526e-17	-1.5631477e+08	300
2.7499999999999998e-12	0.19400948	-9.1530765e-09	0.98097837	-4.3464533e-17	-1.7581006e+08	300
2.8499999999999998e-12	0.19400948	-9.523799e-09	0.98097837	-4.3464533e-17	-1.7581006e+08	300
2.9499999999999997e-12	0.1940095	-9.898134e-09	0.98097837	-4.3464526e-17	-1.9773677e+08	300
3.0499999999999997e-12	0.19400948	-1.0277304e-08	0.98097837	-4.3464533e-17	-1.9773677e+08	300
3.1499999999999997e-12	0.19400948	-1.0662728e-08	0.98097837	-4.3464533e-17	-2.223981e+08	300
3.2499999999999997e-12	0.1940095	-1.1053917e-08	0.98097837	-4.3464533e-17	-2.223981e+08	300
3.3499999999999997e-12	0.19400948	-1.1454151e-08	0.98097837	-4.3464533e-17	-2.5013509e+08	300
3.4499999999999996e-12	0.1940095	-1.1859015e-08	0.98097837	-4.3464533e-17	-2.5013509e+08	300
3.5499999999999996e-12	0.1940095	-1.2272867e-08	0.98097837	-4.3464526e-17	-2.8133136e+08	300
3.65e-12	0.19400948	-1.2693974e-08	0.98097837	-4.3464533e-17	-2.8133136e+08	300
3.75e-12	0.19400948	-1.3124769e-08	0.98097837	-4.3464526e-17	-3.164183e+08	300
3.85e-12	0.19400948	-1.3563586e-08	0.98097837	-4.3464526e-17	-3.164183e+08	300
3.95e-12	0.1940095	-1.4013818e-08	0.98097837	-4.3464526e-17	-3.5588112e+08	300
4.05e-12	0.1940095	-1.4473997e-08	0.98097837	-4.3464526e-17	-3.5588112e+08	300
4.15e-12	0.19400948	-1.4945414e-08	0.98097837	-4.3464533e-17	-4.0026557e+08	300
4.25e-12	0.1940095	-1.5430299e-08	0.98097837	-4.3464526e-17	-4.0026557e+08	300
4.35e-12	0.19400948	-1.5925078e-08	0.98097837	-4.3464533e-17	-4.5018538e+08	300
4.45e-12	0.19400948	-1.643528e-08	0.98097837	-4.3464526e-17	-4.5018538e+08	300
4.55e-12	0.1940095	-1.6958964e-08	0.98097837	-4.3464526e-17	-5.0633094e+08	300
4.65e-12	0.1940095	-1.749845e-08	0.98097837	-4.3464546e-17	-5.0633094e+08	300
4.75e-12	0.1940095	-1.8052706e-08	0.98097837	-4.3464533e-17	-5.694786e+08	300
4.85e-12	0.1940095	-1.8625116e-08	0.98097837	-4.3464526e-17	-5.694786e+08	300
4.95e-12	0.1940095	-1.9213775e-08	0.98097837	-4.3464533e-17	-6.4050157e+08	300
5.05e-12	0.19400948	-1.9821854e-08	0.98097837	-4.3464526e-17	-6.4050157e+08	300
5.15e-12	0.19400948	-2.045141e-08	0.98097837	-4.3464533e-17	-7.2038195e+08	300
5.25e-12	0.19400948	-2.110431e-08	0.98097837	-4.3464533e-17	-7.2038195e+08	300
5.35e-12	0.1940095	-2.1778881e-08	0.98097837	-4.3464533e-17	-8.102243e+08	300
5.45e-12	0.19400948	-2.2478162e-08	0.98097837	-4.3464533e-17	-8.102243e+08	300
5.5499999999999996e-12	0.19400948	-2.3205509e-08	0.98097837	-4.3464533e-17	-9.112709e+08	300
5.6499999999999996e-12	0.1940095	-2.3957949e-08	0.98097837	-4.3464533e-17	-9.112709e+08	300
5.7499999999999995e-12	0.19400948	-2.474171e-08	0.98097837	-4.3464533e-17	-1.024919e+09	300
5.8499999999999995e-12	0.19400948	-2.5558716e-08	0.98097837	-4.3464526e-17	-1.024919e+09	300
5.9499999999999995e-12	0.1940095	-2.640748e-08	0.98097837	-4.3464526e-17	-1.1527398e+09	300
6.0499999999999995e-12	0.1940095	-2.7291264e-08	0.98097837	-4.3464533e-17	-1.1527398e+09	300
6.1499999999999994e-12	0.19400948	-2.821453e-08	0.98097837	-4.3464533e-17	-1.2965007e+09	300
6.2499999999999994e-12	0.1940095	-2.9177723e-08	0.98097837	-4.3464526e-17	-1.2965007e+09	300
6.349999999999999e-12	0.1940095	-3.018258e-08	0.98097837	-4.3464526e-17	-1.4581894e+09	300
6.449999999999999e-12	0.19400948	-3.1234112e-08	0.98097837	-4.3464533e-17	-1.4581894e+09	300
6.549999999999999e-12	0.19400948	-3.2331712e-08	0.98097837	-4.3464526e-17	-1.6400411e+09	300
6.649999999999999e-12	0.1940095	-3.3483616e-08	0.98097837	-4.3464526e-17	-1.6400411e+09	300
6.749999999999999e-12	0.19400948	-3.4687194e-08	0.98097837	-4.3464533e-17	-1.8445699e+09	300
6.849999999999999e-12	0.19400948	-3.5948577e-08	0.98097837	-4.346454e-17	-1.8445699e+09	300
6.949999999999999e-12	0.1940095	-3.7271782e-08	0.98097837	-4.3464533e-17	-2.074603e+09	300
7.049999999999999e-12	0.19400948	-3.865717e-08	0.98097837	-4.3464526e-17	-2.074603e+09	300
7.149999999999999e-12	0.19400948	-4.0108908e-08	0.98097837	-4.3464526e-17	-2.3333207e+09	300
7.249999999999999e-12	0.1940095	-4.1635897e-08	0.98097837	-4.3464526e-17	-2.3333207e+09	300
7.35e-12	0.19400948	-4.3240746e-08	0.98097837	-4.3464533e-17	-2.6242985e+09	300
7.400000000000002e-12	0.19400948	-4.4079798e-08	0.98097837	-4.346452e-17	-2.6242985e+09	300
7.500000000000003e-12	0.1940095	-4.5810605e-08	0.98097837	-4.3464526e-17	-2.6242985e+09	300
7.600000000000005e-12	0.1940095	-4.7629566e-08	0.98097837	-4.346452e-17	-2.9515584e+09	300
7.700000000000006e-12	0.1940095	-4.9545342e-08	0.98097837	-4.346452e-17	-2.9515584e+09	300
7.800000000000008e-12	0.1940095	-5.1564005e-08	0.98097837	-4.346452e-17	-3.3196232e+09	300
7.90000000000001e-12	0.19400948	-5.3688655e-08	0.98097837	-4.346452e-17	-3.3196232e+09	300
8.000000000000011e-12	0.19400948	-5.5927256e-08	0.98097837	-4.346452e-17	-3.7335793e+09	300
8.100000000000013e-12	0.1940095	-5.8287323e-08	0.98097837	-4.346452e-17	-3.7335793e+09	300
8.200000000000014e-12	0.19400948	-6.077662e-08	0.98097837	-4.346452e-17	-4.1991465e+09	300
8.300000000000016e-12	0.1940095	-6.3398964e-08	0.98097837	-4.346452e-17	-4.1991465e+09	300
8.400000000000018e-12	0.19400948	-6.6164574e-08	0.98097837	-4.346452e-17	-4.722757e+09	300
8.500000000000019e-12	0.19400948	-6.908001e-08	0.98097837	-4.346452e-17	-4.722757e+09	300
8.60000000000002e-12	0.19400948	-7.21591e-08	0.98097837	-4.3464526e-17	-5.311645e+09	300
8.700000000000022e-12	0.1940095	-7.540989e-08	0.98097837	-4.346452e-17	-5.311645e+09	300
8.800000000000024e-12	0.19400948	-7.884455e-08	0.98097837	-4.346452e-17	-5.973944e+09	300
8.900000000000025e-12	0.19400948	-8.24747e-08	0.98097837	-4.346452e-17	-5.973944e+09	300
9.000000000000027e-12	0.1940095	-8.6309456e-08	0.98097837	-4.346452e-17	-6.7188004e+09	300
9.100000000000029e-12	0.1940095	-9.036307e-08	0.98097837	-4.346452e-17	-6.7188004e+09	300
9.20000000000003e-12	0.19400948	-9.540364e-08	0.98097837	-4.3464513e-17	-7.5564995e+09	300.00003
9.300000000000032e-12	0.19400948	-1.0068655e-07	0.98097837	-4.346452e-17	-7.5564995e+09	300.00003
9.400000000000033e-12	0.19400948	-1.0622469e-07	0.98097837	-4.3464513e-17	-8.4986056e+09	300.00003
9.500000000000035e-12	0.19400948	-1.1203525e-07	0.98097837	-4.346452e-17	-8.4986056e+09	300.00003
9.600000000000037e-12	0.1940095	-1.1694951e-07	0.98097837	-4.3464533e-17	-9.558121e+09	300.00003
9.700000000000038e-12	0.1940095	-1.2217482e-07	0.98097837	-4.346454e-17	-9.558121e+09	300.00003
9.80000000000004e-12	0.19400948	-1.277302e-07	0.98097837	-4.346454e-17	-1.0749668e+10	300.00003
9.900000000000041e-12	0.19400948	-1.3363547e-07	0.98097837	-4.346454e-17	-1.0749668e+10	300.00003
1.0000000000000043e-11	0.1940095	-1.3991298e-07	0.98097837	-4.346454e-17	-1.2089682e+10	300.00003
1.0100000000000045e-11	0.1940095	-1.4658389e-07	0.98097837	-4.3464533e-17	-1.2089682e+10	300.00003
1.0200000000000046e-11	0.1940095	-1.544299e-07	0.98097837	-4.3464533e-17	-1.3596642e+10	300.00006
1.0300000000000048e-11	0.19400948	-1.6271309e-07	0.98097837	-4.3464533e-17	-1.3596642e+10	300.00006
1.040000000000005e-11	0.19400948	-1.7146326e-07	0.98097837	-4.3464533e-17	-1.5291322e+10	300.00006
1.0500000000000051e-11	0.19400948	-1.8071117e-07	0.98097837	-4.3464533e-17	-1.5291322e+10	300.00006
1.0600000000000053e-11	0.1940095	-1.9079718e-07	0.98097837	-4.3464526e-17	-1.7197076e+10	300.0001
1.0700000000000054e-11	0.19400948	-2.0144054e-07	0.98097837	-4.3464526e-17	-1.7197076e+10	300.0001
1.0800000000000056e-11	0.19400948	-2.1343656e-07	0.98097837	-4.3464513e-17	-1.934015e+10	300.00012
1.0900000000000057e-11	0.1940095	-2.2605349e-07	0.98097837	-4.3464513e-17	-1.934015e+10	300.00012
1.1000000000000059e-11	0.1940095	-2.3933234e-07	0.98097837	-4.3464526e-17	-2.175005e+10	300.00015
1.110000000000006e-11	0.1940095	-2.5331315e-07	0.98097837	-4.3464526e-17	-2.175005e+10	300.00015
1.1200000000000062e-11	0.1940095	-2.6853553e-07	0.98097837	-4.34645e-17	-2.4459932e+10	300.00018
1.1300000000000064e-11	0.1940095	-2.845478e-07	0.98097837	-4.34645e-17	-2.4459932e+10	300.00018
1.1400000000000065e-11	0.19400948	-3.0171668e-07	0.98097837	-4.3464487e-17	-2.7507055e+10	300.0002
1.1500000000000067e-11	0.1940095	-3.197718e-07	0.98097837	-4.3464493e-17	-2.7507055e+10	300.0002
1.1600000000000069e-11	0.19400948	-3.4027045e-07	0.98097837	-4.3464463e-17	-3.0933287e+10	300.00027
1.170000000000007e-11	0.1940095	-3.6176434e-07	0.98097837	-4.3464463e-17	-3.0933287e+10	300.00027
1.1800000000000072e-11	0.1940095	-3.8435536e-07	0.98097837	-4.346446e-17	-3.478566e+10	300.00037
1.1900000000000073e-11	0.1940095	-4.0806611e-07	0.98097837	-4.3464457e-17	-3.478566e+10	300.00037
1.2000000000000075e-11	0.1940095	-4.341066e-07	0.98097837	-4.3464447e-17	-3.9117025e+10	300.00046
1.2100000000000076e-11	0.19400948	-4.6139962e-07	0.98097837	-4.3464447e-17	-3.9117025e+10	300.00046
1.2200000000000078e-11	0.19400948	-4.9195813e-07	0.98097837	-4.3464404e-17	-4.3986715e+10	300.00058
1.230000000000008e-11	0.1940095	-5.239209e-07	0.98097837	-4.3464404e-17	-4.3986715e+10	300.00058
1.2400000000000081e-11	0.1940095	-5.595945e-07	0.98097837	-4.3464364e-17	-4.9461383e+10	300.00073
1.2500000000000083e-11	0.19400948	-5.968385e-07	0.98097837	-4.3464357e-17	-4.9461383e+10	300.00073
1.2600000000000084e-11	0.19400948	-6.376348e-07	0.98097837	-4.346431e-17	-5.5615853e+10	300.00092
1.2700000000000086e-11	0.1940095	-6.801971e-07	0.98097837	-4.3464305e-17	-5.5615853e+10	300.00092
1.2800000000000088e-11	0.19400948	-7.2817306e-07	0.98097837	-4.3464248e-17	-6.2534115e+10	300.00116
1.290000000000009e-11	0.19400948	-7.781289e-07	0.98097837	-4.3464248e-17	-6.2534115e+10	300.00116
1.3000000000000091e-11	0.1940095	-8.328268e-07	0.98097837	-4.346419e-17	-7.031044e+10	300.00146
1.3100000000000092e-11	0.19400948	-8.897481e-07	0.98097837	-4.346419e-17	-7.031044e+10	300.00146
1.3200000000000094e-11	0.19400948	-9.546349e-07	0.98097837	-4.346408e-17	-7.905056e+10	300.00186
1.3300000000000096e-11	0.1940095	-1.0219796e-06	0.98097837	-4.346408e-17	-7.905056e+10	300.00186
1.3400000000000097e-11	0.19400948	-1.0969824e-06	0.98097837	-4.3463974e-17	-8.887311e+10	300.00235
1.3500000000000099e-11	0.19400948	-1.1747577e-06	0.98097837	-4.3463974e-17	-8.887311e+10	300.00235
1.36000000000001e-11	0.1940095	-1.2626896e-06	0.98097837	-4.346383e-17	-9.991105e+10	300.00296
1.3700000000000102e-11	0.1940095	-1.3537297e-06	0.98097837	-4.346383e-17	-9.991105e+10	300.00296
1.3800000000000104e-11	0.19400951	-1.4578292e-06	0.98097837	-4.346363e-17	-1.1231343e+11	300.00375
1.3900000000000105e-11	0.19400957	-1.565078e-06	0.9809783	-4.346363e-17	-1.1231343e+11	300.00375
1.4000000000000107e-11	0.19400962	-1.6875806e-06	0.9809783	-4.3463375e-17	-1.2624718e+11	300.00473
1.4100000000000108e-11	0.19400969	-1.8132565e-06	0.9809783	-4.3463385e-17	-1.2624718e+11	300.00473
1.420000000000011e-11	0.19400974	-1.957905e-06	0.9809783	-4.3463067e-17	-1.4189927e+11	300.00598
1.4300000000000112e-11	0.19400978	-2.106146e-06	0.9809783	-4.3463067e-17	-1.4189927e+11	300.00598
1.4400000000000113e-11	0.19400984	-2.2762367e-06	0.9809783	-4.346271e-17	-1.5947884e+11	300.00757
1.4500000000000115e-11	0.19400991	-2.4504147e-06	0.9809783	-4.3462716e-17	-1.5947884e+11	300.00757
1.4600000000000116e-11	0.19400996	-2.6530815e-06	0.9809783	-4.346221e-17	-1.7921986e+11	300.00955
1.4700000000000115e-11	0.19401006	-2.8602403e-06	0.98097825	-4.346221e-17	-1.7921986e+11	300.00955
1.4800000000000113e-11	0.19401017	-3.1027394e-06	0.98097825	-4.3461595e-17	-2.0138369e+11	300.0121
1.490000000000011e-11	0.19401029	-3.34983e-06	0.98097825	-4.346159e-17	-2.0138369e+11	300.0121
1.500000000000011e-11	0.1940104	-3.6272281e-06	0.98097825	-4.3460562e-17	-2.3294342e+11	300.0163
1.5100000000000108e-11	0.1940105	-3.935169e-06	0.98097825	-4.3460572e-17	-2.3294342e+11	300.0163
1.5200000000000106e-11	0.19401065	-4.2485667e-06	0.98097825	-4.3460572e-17	-2.3294342e+11	300.0163
1.5300000000000105e-11	0.1940108	-4.635769e-06	0.9809782	-4.3459196e-17	-2.6939245e+11	300.0219
1.5400000000000103e-11	0.19401097	-5.0283425e-06	0.98097813	-4.3459206e-17	-2.6939245e+11	300.0219
1.55000000000001e-11	0.19401115	-5.472489e-06	0.98097813	-4.3457353e-17	-3.1146915e+11	300.02945
1.56000000000001e-11	0.19401132	-5.9685744e-06	0.980978	-4.3457343e-17	-3.1146915e+11	300.02945
1.5700000000000098e-11	0.1940115	-6.4715787e-06	0.980978	-4.3457353e-17	-3.1146915e+11	300.02945
1.5800000000000097e-11	0.19401172	-7.1020213e-06	0.980978	-4.3454908e-17	-3.6001677e+11	300.03952
1.5900000000000095e-11	0.19401196	-7.739409e-06	0.98097783	-4.345491e-17	-3.6001677e+11	300.03952
1.6000000000000093e-11	0.1940122	-8.465893e-06	0.98097783	-4.345164e-17	-4.159964e+11	300.05295
1.6100000000000092e-11	0.19401251	-9.2809805e-06	0.9809778	-4.3451626e-17	-4.159964e+11	300.05295
1.620000000000009e-11	0.19401285	-1.0103474e-05	0.9809778	-4.3451626e-17	-4.159964e+11	300.05295
1.630000000000009e-11	0.1940132	-1.1150283e-05	0.98097765	-4.3447255e-17	-4.8050035e+11	300.07086
1.6400000000000087e-11	0.19401357	-1.2204983e-05	0.98097765	-4.3447255e-17	-4.8050035e+11	300.07086
1.6500000000000085e-11	0.19401401	-1.3412143e-05	0.9809774	-4.3441428e-17	-5.54766e+11	300.09476
1.6600000000000084e-11	0.19401452	-1.4770814e-05	0.98097736	-4.3441435e-17	-5.54766e+11	300.09476
1.6700000000000082e-11	0.19401503	-1.6137119e-05	0.9809773	-4.3441418e-17	-5.54766e+11	300.09476
1.680000000000008e-11	0.19401565	-1.7895609e-05	0.9809772	-4.343366e-17	-6.4019e+11	300.12656
1.690000000000008e-11	0.19401631	-1.966128e-05	0.98097706	-4.343365e-17	-6.4019e+11	300.12656
1.7000000000000077e-11	0.19401702	-2.1689677e-05	0.9809769	-4.342335e-17	-7.383419e+11	300.16885
1.7100000000000075e-11	0.19401784	-2.3979515e-05	0.98097676	-4.342335e-17	-7.383419e+11	300.16885
1.7200000000000074e-11	0.19401869	-2.627587e-05	0.9809766	-4.3423362e-17	-7.383419e+11	300.16885
1.7300000000000072e-11	0.19401978	-2.9256229e-05	0.98097634	-4.3409635e-17	-8.5097585e+11	300.22507
1.740000000000007e-11	0.1940209	-3.224041e-05	0.9809762	-4.3409638e-17	-8.5097585e+11	300.22507
1.750000000000007e-11	0.19402215	-3.5679233e-05	0.98097587	-4.3391453e-17	-9.800406e+11	300.2996
1.7600000000000067e-11	0.19402356	-3.9569462e-05	0.9809755	-4.339145e-17	-9.800406e+11	300.2996
1.7700000000000066e-11	0.194025	-4.3460943e-05	0.9809754	-4.339146e-17	-9.800406e+11	300.2996
1.7800000000000064e-11	0.1940268	-4.854391e-05	0.980975	-4.336738e-17	-1.1276842e+12	300.3983
1.7900000000000062e-11	0.19402869	-5.3622534e-05	0.98097456	-4.336739e-17	-1.1276842e+12	300.3983
1.800000000000006e-11	0.19403084	-5.9484308e-05	0.9809743	-4.333559e-17	-1.296253e+12	300.5287
1.810000000000006e-11	0.19403322	-6.6122986e-05	0.9809736	-4.3335575e-17	-1.296253e+12	300.5287
1.8200000000000057e-11	0.19403571	-7.2750554e-05	0.98097336	-4.3335585e-17	-1.296253e+12	300.5287
1.8300000000000056e-11	0.1940388	-8.143868e-05	0.9809726	-4.3293684e-17	-1.4882814e+12	300.70056
1.8400000000000054e-11	0.194042	-9.010433e-05	0.980972	-4.3293687e-17	-1.4882814e+12	300.70056
1.8500000000000052e-11	0.19404557	-0.00010011261	0.9809713	-4.32386e-17	-1.706468e+12	300.92654
1.860000000000005e-11	0.1940496	-0.000111452195	0.9809705	-4.323859e-17	-1.706468e+12	300.92654
1.870000000000005e-11	0.1940538	-0.00012275552	0.9809696	-4.3238587e-17	-1.706468e+12	300.92654
1.8800000000000048e-11	0.194059	-0.00013759352	0.98096865	-4.3166427e-17	-1.9536365e+12	301.22272
1.8900000000000046e-11	0.19406438	-0.0001523742	0.98096764	-4.316642e-17	-1.9536365e+12	301.22272
1.9000000000000044e-11	0.1940705	-0.00016943376	0.98096627	-4.3072194e-17	-2.232674e+12	301.6095
1.9100000000000043e-11	0.19407739	-0.00018875097	0.9809649	-4.307219e-17	-2.232674e+12	301.6095
1.920000000000004e-11	0.19408455	-0.00020798288	0.9809635	-4.30722e-17	-2.232674e+12	301.6095
1.930000000000004e-11	0.19409335	-0.0002331993	0.9809618	-4.294969e-17	-2.5464414e+12	302.11264
1.9400000000000038e-11	0.1941025	-0.00025829283	0.98096	-4.2949696e-17	-2.5464414e+12	302.11264
1.9500000000000036e-11	0.19411281	-0.00028719963	0.9809579	-4.27912e-17	-2.8976517e+12	302.7641
1.9600000000000034e-11	0.19412445	-0.00031988302	0.98095554	-4.2791208e-17	-2.8976517e+12	302.7641
1.9700000000000033e-11	0.19413652	-0.00035239305	0.98095316	-4.279121e-17	-2.8976517e+12	302.7641
1.980000000000003e-11	0.1941513	-0.00039486043	0.98095024	-4.2587235e-17	-3.2887105e+12	303.6032
1.990000000000003e-11	0.19416666	-0.00043708942	0.98094726	-4.2587238e-17	-3.2887105e+12	303.6032
2.0000000000000028e-11	0.194184	-0.0004855795	0.9809438	-4.2326355e-17	-3.7215103e+12	304.67764
2.0100000000000026e-11	0.1942035	-0.00054026913	0.98093987	-4.2326365e-17	-3.7215103e+12	304.67764
2.0200000000000025e-11	0.1942237	-0.00059463247	0.9809358	-4.232637e-17	-3.7215103e+12	304.67764
2.0300000000000023e-11	0.19424832	-0.00066519465	0.9809308	-4.1995076e-17	-4.1971823e+12	306.04422
2.040000000000002e-11	0.19427383	-0.00073532294	0.98092586	-4.1995076e-17	-4.1971823e+12	306.04422
2.050000000000002e-11	0.19430259	-0.00081547105	0.9809201	-4.157771e-17	-4.7158033e+12	307.76923
2.0600000000000018e-11	0.19433475	-0.0009055408	0.9809135	-4.157772e-17	-4.7158033e+12	307.76923
2.0700000000000016e-11	0.19436796	-0.0009950332	0.98090696	-4.1577734e-17	-4.7158033e+12	307.76923
2.0800000000000015e-11	0.19440825	-0.0011101213	0.9808988	-4.1056693e-17	-5.276067e+12	309.92825
2.0900000000000013e-11	0.19444992	-0.0012244632	0.98089045	-4.105671e-17	-5.276067e+12	309.92825
2.100000000000001e-11	0.19449657	-0.001354326	0.9808809	-4.0412895e-17	-5.874932e+12	312.60492
2.110000000000001e-11	0.19454849	-0.0014995625	0.9808705	-4.0412918e-17	-5.874932e+12	312.60492
2.1200000000000008e-11	0.1946021	-0.0016438329	0.98085964	-4.0412958e-17	-5.874932e+12	312.60492
2.1300000000000007e-11	0.19466639	-0.001827083	0.9808465	-3.9626527e-17	-6.507283e+12	315.88837
2.1400000000000005e-11	0.19473279	-0.0020091194	0.98083305	-3.9626587e-17	-6.507283e+12	315.88837
2.1500000000000003e-11	0.19480658	-0.0022142318	0.9808179	-3.867831e-17	-7.165624e+12	319.86917
2.1600000000000002e-11	0.19488811	-0.0024422137	0.98080117	-3.8678383e-17	-7.165624e+12	319.86917
2.175e-11	0.19502158	-0.002810478	0.9807736	-3.7551422e-17	-7.839873e+12	324.6335
2.1849999999999998e-11	0.19512251	-0.0030927109	0.9807527	-3.7551538e-17	-7.839873e+12	324.6335
2.1949999999999996e-11	0.19522658	-0.0033730671	0.98073107	-3.7551637e-17	-7.839873e+12	324.6335
2.2049999999999994e-11	0.19534841	-0.0037204425	0.9807056	-3.6233485e-17	-8.517297e+12	330.25555
2.2149999999999993e-11	0.19547397	-0.004065571	0.98067915	-3.623366e-17	-8.517297e+12	330.25555
2.224999999999999e-11	0.1956115	-0.004448606	0.9806501	-3.4718838e-17	-9.182654e+12	336.78864
2.234999999999999e-11	0.19576147	-0.004869272	0.9806181	-3.4719086e-17	-9.182654e+12	336.78864
2.2449999999999988e-11	0.1959158	-0.005287247	0.98058516	-3.4719318e-17	-9.182654e+12	336.78864
2.2549999999999986e-11	0.196093	-0.005794505	0.98054683	-3.3011895e-17	-9.818588e+12	344.25568
2.2649999999999984e-11	0.19627523	-0.0062986575	0.98050725	-3.3012246e-17	-9.818588e+12	344.25568
2.2749999999999983e-11	0.19647245	-0.0068514617	0.9804641	-3.1127458e-17	-1.0406301e+13	352.64038
2.284999999999998e-11	0.19668512	-0.0074526346	0.9804171	-3.1127948e-17	-1.0406301e+13	352.64038
2.294999999999998e-11	0.19690347	-0.008050237	0.9803685	-3.1128448e-17	-1.0406301e+13	352.64038
2.3049999999999978e-11	0.19714871	-0.008758464	0.9803131	-2.9094258e-17	-1.0926509e+13	361.8804
2.3149999999999976e-11	0.19740021	-0.009462733	0.9802559	-2.9094943e-17	-1.0926509e+13	361.8804
2.3249999999999975e-11	0.19766878	-0.010224756	0.9801941	-2.6950927e-17	-1.1360607e+13	371.86414
2.3349999999999973e-11	0.1979549	-0.011044309	0.9801275	-2.695183e-17	-1.1360607e+13	371.86414
2.344999999999997e-11	0.19824778	-0.011859501	0.9800588	-2.6952729e-17	-1.1360607e+13	371.86414
2.354999999999997e-11	0.19856901	-0.01280087	0.97998184	-2.474866e-17	-1.1691971e+13	382.4323
2.3649999999999968e-11	0.19889748	-0.013737606	0.9799026	-2.4749811e-17	-1.1691971e+13	382.4323
2.3749999999999966e-11	0.19924346	-0.014737169	0.97981775	-2.2540754e-17	-1.1907236e+13	393.38516
2.3849999999999965e-11	0.19960716	-0.015799446	0.9797272	-2.2542212e-17	-1.1907236e+13	393.38516
2.3949999999999963e-11	0.19997838	-0.016856829	0.97963387	-2.2543655e-17	-1.1907236e+13	393.38516
2.404999999999996e-11	0.20037606	-0.018045694	0.9795313	-2.0386146e-17	-1.199741e+13	404.49463
2.414999999999996e-11	0.20078145	-0.019229557	0.9794258	-2.0387913e-17	-1.199741e+13	404.49463
2.4249999999999958e-11	0.20120275	-0.020475687	0.9793141	-1.8333378e-17	-1.1958653e+13	415.52048
2.4349999999999957e-11	0.20164011	-0.021784097	0.9791959	-1.8335486e-17	-1.1958653e+13	415.52048
2.4449999999999955e-11	0.20208511	-0.02308743	0.9790743	-1.8337593e-17	-1.1958653e+13	415.52048
2.4549999999999953e-11	0.20255172	-0.024515536	0.9789432	-1.6429132e-17	-1.179262e+13	426.2281
2.4649999999999952e-11	0.20302585	-0.025938625	0.9788082	-1.6431576e-17	-1.179262e+13	426.2281
2.474999999999995e-11	0.20351304	-0.02741787	0.97866666	-1.4699643e-17	-1.1506315e+13	436.40546
2.484999999999995e-11	0.20401312	-0.02895339	0.9785183	-1.4702416e-17	-1.1506315e+13	436.40546
2.4949999999999947e-11	0.20452042	-0.030483961	0.9783658	-1.4705182e-17	-1.1506315e+13	436.40546
2.5049999999999945e-11	0.20504314	-0.032122605	0.978204	-1.3167758e-17	-1.111147e+13	445.8773
2.5149999999999944e-11	0.20557278	-0.033756472	0.97803783	-1.3170835e-17	-1.111147e+13	445.8773
2.5249999999999942e-11	0.20611206	-0.035436597	0.9778649	-1.1832977e-17	-1.0623555e+13	454.5139
2.534999999999994e-11	0.20666078	-0.03716314	0.97768486	-1.1836336e-17	-1.0623555e+13	454.5139
2.544999999999994e-11	0.20721596	-0.03888505	0.9775005	-1.1839686e-17	-1.0623555e+13	454.5139
2.5549999999999937e-11	0.20778072	-0.040692963	0.97730696	-1.0696757e-17	-1.006054e+13	462.23514
2.5649999999999935e-11	0.20835164	-0.042496443	0.97710854	-1.0700358e-17	-1.006054e+13	462.23514
2.5749999999999934e-11	0.2089292	-0.044334915	0.9769036	-9.73963e-18	-9.441588e+12	469.00885
2.5849999999999932e-11	0.20951322	-0.046208546	0.97669166	-9.743445e-18	-9.441588e+12	469.00885
2.594999999999993e-11	0.21010292	-0.048077904	0.9764745	-9.747257e-18	-9.441588e+12	469.00885
2.604999999999993e-11	0.21069787	-0.05001064	0.9762492	-8.951733e-18	-8.7858186e+12	474.84515
2.6149999999999927e-11	0.21129817	-0.051939283	0.9760188	-8.955729e-18	-8.7858186e+12	474.84515
2.6249999999999926e-11	0.21190308	-0.053892326	0.9757818	-8.3056585e-18	-8.111262e+12	479.78824
2.6349999999999924e-11	0.21251237	-0.055869896	0.975538	-8.309796e-18	-8.111262e+12	479.78824
2.6449999999999922e-11	0.2131266	-0.057843514	0.97528887	-8.313941e-18	-8.111262e+12	479.78824
2.654999999999992e-11	0.21374358	-0.059860606	0.9750321	-7.789471e-18	-7.4340683e+12	483.90677
2.664999999999992e-11	0.21436526	-0.06187387	0.9747699	-7.793728e-18	-7.4340683e+12	483.90677
2.6749999999999917e-11	0.21499035	-0.06390274	0.9745012	-7.3755344e-18	-6.7680055e+12	487.28473
2.6849999999999916e-11	0.21561864	-0.065947294	0.97422624	-7.379897e-18	-6.7680055e+12	487.28473
2.6949999999999914e-11	0.21625137	-0.06798812	0.97394556	-7.3842455e-18	-6.7680055e+12	487.28473
2.7049999999999912e-11	0.21688578	-0.07005668	0.97365785	-7.0548464e-18	-6.1242176e+12	490.01315
2.714999999999991e-11	0.2175244	-0.0721216	0.9733645	-7.059277e-18	-6.1242176e+12	490.01315
2.724999999999991e-11	0.21816584	-0.0741954	0.973065	-6.8029856e-18	-5.5112174e+12	492.18356
2.7349999999999907e-11	0.2188101	-0.07627816	0.97275925	-6.807466e-18	-5.5112174e+12	492.18356
2.7449999999999906e-11	0.21945836	-0.078357324	0.9724478	-6.8119502e-18	-5.5112174e+12	492.18356
2.7549999999999904e-11	0.22010812	-0.08045266	0.9721298	-6.615312e-18	-4.9350396e+12	493.88318
2.7649999999999903e-11	0.2207618	-0.08254446	0.9718061	-6.6198326e-18	-4.9350396e+12	493.88318
2.77499999999999e-11	0.2214182	-0.084640354	0.97147644	-6.4713305e-18	-4.3995156e+12	495.19196
2.78499999999999e-11	0.22207731	-0.08674039	0.97114074	-6.4758796e-18	-4.3995156e+12	495.19196
2.7949999999999898e-11	0.2227402	-0.0888369	0.97079927	-6.4804266e-18	-4.3995156e+12	495.19196
2.8049999999999896e-11	0.2234049	-0.09094153	0.9704515	-6.3704757e-18	-3.9066033e+12	496.18066
2.8149999999999894e-11	0.22407325	-0.09304268	0.9700981	-6.3750537e-18	-3.9066033e+12	496.18066
2.8249999999999893e-11	0.22474447	-0.09514466	0.96973884	-6.2957395e-18	-3.4567383e+12	496.91052
2.834999999999989e-11	0.22541852	-0.09724747	0.9693737	-6.3003212e-18	-3.4567383e+12	496.91052
2.844999999999989e-11	0.22609615	-0.0993468	0.9690029	-6.3048947e-18	-3.4567383e+12	496.91052
2.8549999999999888e-11	0.2267761	-0.101448886	0.968626	-6.2497615e-18	-3.0491735e+12	497.43323
2.8649999999999886e-11	0.22745956	-0.103547476	0.96824366	-6.2543507e-18	-3.0491735e+12	497.43323
2.8749999999999885e-11	0.22814605	-0.10564475	0.9678554	-6.2181652e-18	-2.6822889e+12	497.7917
2.8849999999999883e-11	0.22883554	-0.10774067	0.96746135	-6.222747e-18	-2.6822889e+12	497.7917
2.894999999999988e-11	0.2295285	-0.109833114	0.9670618	-6.2273287e-18	-2.6822889e+12	497.7917
2.904999999999988e-11	0.23022427	-0.111924805	0.9666564	-6.2059316e-18	-2.3538565e+12	498.02103
2.914999999999988e-11	0.23092343	-0.114013	0.9662455	-6.2105163e-18	-2.3538565e+12	498.02103
2.9249999999999886e-11	0.23162565	-0.11609912	0.9658288	-6.201821e-18	-2.1170498e+12	498.1384
2.934999999999989e-11	0.23233125	-0.11818169	0.9654066	-6.2063953e-18	-2.1170498e+12	498.1384
2.9449999999999896e-11	0.23304	-0.120261535	0.9649787	-6.203807e-18	-1.901746e+12	498.20178
2.95499999999999e-11	0.23375213	-0.122337796	0.9645452	-6.2083813e-18	-1.901746e+12	498.20178
2.9649999999999905e-11	0.23446757	-0.12441075	0.9641062	-6.210756e-18	-1.706468e+12	498.22122
2.974999999999991e-11	0.23518631	-0.12648013	0.9636617	-6.2153144e-18	-1.706468e+12	498.22122
2.9849999999999915e-11	0.23590842	-0.12854573	0.96321166	-6.221688e-18	-1.5297372e+12	498.20502
2.994999999999992e-11	0.23663382	-0.13060774	0.962756	-6.226234e-18	-1.5297372e+12	498.20502
3.0049999999999925e-11	0.23736271	-0.13266557	0.96229506	-6.235836e-18	-1.3701015e+12	498.16
3.014999999999993e-11	0.23809487	-0.13471976	0.9618286	-6.2403746e-18	-1.3701015e+12	498.16
3.0249999999999934e-11	0.2388306	-0.13676947	0.9613566	-6.2525656e-18	-1.2261564e+12	498.09174
3.034999999999994e-11	0.23956957	-0.13881552	0.9608792	-6.257098e-18	-1.2261564e+12	498.09174
3.0449999999999944e-11	0.24031216	-0.14085679	0.96039647	-6.2713707e-18	-1.09655936e+12	498.0048
3.054999999999995e-11	0.24105799	-0.14289439	0.95990825	-6.2758855e-18	-1.09655936e+12	498.0048
3.0649999999999954e-11	0.24180746	-0.14492698	0.9594147	-6.2918145e-18	-9.800406e+11	497.90286
3.074999999999996e-11	0.24256018	-0.14695585	0.9589157	-6.296319e-18	-9.800406e+11	497.90286
3.0849999999999963e-11	0.24331662	-0.14897951	0.9584116	-6.3135776e-18	-8.7540846e+11	497.7889
3.094999999999997e-11	0.24407625	-0.15099947	0.95790195	-6.3180717e-18	-8.7540846e+11	497.7889
3.104999999999997e-11	0.24483965	-0.15301403	0.95738715	-6.3363805e-18	-7.815529e+11	497.66537
3.114999999999998e-11	0.24560624	-0.15502484	0.9568669	-6.3408585e-18	-7.815529e+11	497.66537
3.124999999999998e-11	0.24637662	-0.15703014	0.95634156	-6.3599994e-18	-6.974458e+11	497.53418
3.134999999999999e-11	0.24715015	-0.15903163	0.9558109	-6.364472e-18	-6.974458e+11	497.53418
3.144999999999999e-11	0.2479275	-0.16102746	0.95527494	-6.3842685e-18	-6.221398e+11	497.3969
3.155e-11	0.24870804	-0.1630195	0.95473385	-6.3887257e-18	-6.221398e+11	497.3969
3.165e-11	0.24949239	-0.16500576	0.9541876	-6.4090434e-18	-5.54766e+11	497.2548
3.1700000000000004e-11	0.24988577	-0.16599745	0.9539125	-6.411265e-18	-5.54766e+11	497.2548
3.180000000000001e-11	0.25067523	-0.16797693	0.9533584	-6.4319935e-18	-4.9453023e+11	497.1089
3.1900000000000014e-11	0.25146812	-0.16995156	0.9527992	-6.436423e-18	-4.9453023e+11	497.1089
3.200000000000002e-11	0.25226456	-0.17192127	0.952235	-6.4574553e-18	-4.407092e+11	496.95993
3.2100000000000024e-11	0.25306448	-0.17388606	0.9516655	-6.4618775e-18	-4.407092e+11	496.95993
3.220000000000003e-11	0.2538679	-0.17584588	0.95109093	-6.4831546e-18	-3.9264594e+11	496.80862
3.230000000000003e-11	0.2546748	-0.17780071	0.9505113	-6.48756e-18	-3.9264594e+11	496.80862
3.240000000000004e-11	0.2554852	-0.17975053	0.9499266	-6.509022e-18	-3.4974525e+11	496.65546
3.250000000000004e-11	0.25629908	-0.18169531	0.9493369	-6.513415e-18	-3.4974525e+11	496.65546
3.260000000000005e-11	0.25711644	-0.18363504	0.94874215	-6.5350147e-18	-3.1146915e+11	496.50085
3.270000000000005e-11	0.2579373	-0.1855697	0.9481424	-6.539393e-18	-3.1146915e+11	496.50085
3.280000000000006e-11	0.25876164	-0.18749923	0.94753754	-6.5610874e-18	-2.7733216e+11	496.3451
3.290000000000006e-11	0.25958943	-0.1894236	0.9469279	-6.565455e-18	-2.7733216e+11	496.3451
3.300000000000007e-11	0.26042074	-0.19134285	0.9463133	-6.5872177e-18	-2.4689718e+11	496.18848
3.310000000000007e-11	0.26125547	-0.19325691	0.9456937	-6.5915757e-18	-2.4689718e+11	496.18848
3.3200000000000077e-11	0.26209366	-0.1951658	0.9450691	-6.6133913e-18	-2.197709e+11	496.03122
3.330000000000008e-11	0.2629353	-0.19706945	0.9444397	-6.617731e-18	-2.197709e+11	496.03122
3.3400000000000086e-11	0.26378047	-0.19896787	0.94380546	-6.6395695e-18	-1.9560019e+11	495.87344
3.350000000000009e-11	0.264629	-0.20086104	0.94316614	-6.6439093e-18	-1.9560019e+11	495.87344
3.3600000000000096e-11	0.265481	-0.20274891	0.94252217	-6.6657473e-18	-1.7406817e+11	495.7153
3.37000000000001e-11	0.26633644	-0.20463149	0.94187343	-6.670067e-18	-1.7406817e+11	495.7153
3.3800000000000106e-11	0.2671953	-0.20650879	0.9412198	-6.6919205e-18	-1.5489091e+11	495.55692
3.390000000000011e-11	0.26805758	-0.2083807	0.9405613	-6.696228e-18	-1.5489091e+11	495.55692
3.4000000000000115e-11	0.26892328	-0.21024731	0.9398981	-6.718066e-18	-1.3781411e+11	495.39832
3.410000000000012e-11	0.26979238	-0.21210851	0.9392302	-6.72236e-18	-1.3781411e+11	495.39832
3.4200000000000125e-11	0.2706649	-0.21396433	0.93855745	-6.744189e-18	-1.2261032e+11	495.23962
3.430000000000013e-11	0.2715408	-0.21581474	0.93788004	-6.748472e-18	-1.2261032e+11	495.23962
3.4400000000000135e-11	0.2724201	-0.2176597	0.9371979	-6.7702632e-18	-1.0907611e+11	495.08087
3.450000000000014e-11	0.2733028	-0.21949925	0.9365112	-6.7745335e-18	-1.0907611e+11	495.08087
3.4600000000000144e-11	0.27418882	-0.22133331	0.9358198	-6.7963045e-18	-9.702976e+10	494.92206
3.470000000000015e-11	0.27507827	-0.22316189	0.9351237	-6.800565e-18	-9.702976e+10	494.92206
3.4800000000000154e-11	0.275971	-0.22498497	0.93442297	-6.822299e-18	-8.630898e+10	494.7633
3.490000000000016e-11	0.27686715	-0.22680254	0.93371767	-6.826548e-18	-8.630898e+10	494.7633
3.5000000000000163e-11	0.2777666	-0.22861461	0.9330078	-6.8482477e-18	-7.676892e+10	494.60455
3.510000000000017e-11	0.27866936	-0.2304211	0.9322933	-6.8524812e-18	-7.676892e+10	494.60455
3.520000000000017e-11	0.2795755	-0.23222202	0.9315742	-6.8741426e-18	-6.8280336e+10	494.44583
3.530000000000018e-11	0.2804849	-0.23401737	0.93085074	-6.878365e-18	-6.8280336e+10	494.44583
3.540000000000018e-11	0.28139764	-0.23580712	0.93012273	-6.899989e-18	-6.0727976e+10	494.28723
3.550000000000019e-11	0.28231364	-0.23759124	0.9293903	-6.904199e-18	-6.0727976e+10	494.28723
3.560000000000019e-11	0.283233	-0.23936974	0.92865324	-6.925777e-18	-5.4009078e+10	494.12866
3.57000000000002e-11	0.28415558	-0.24114259	0.9279117	-6.9299752e-18	-5.4009078e+10	494.12866
3.58000000000002e-11	0.28508142	-0.24290976	0.92716575	-6.9515076e-18	-4.8032055e+10	493.9702
3.590000000000021e-11	0.28601056	-0.24467129	0.9264155	-6.955692e-18	-4.8032055e+10	493.9702
3.600000000000021e-11	0.2869429	-0.24642709	0.92566085	-6.977174e-18	-4.2715312e+10	493.81186
3.6100000000000217e-11	0.2878785	-0.2481772	0.9249017	-6.981352e-18	-4.2715312e+10	493.81186
3.620000000000022e-11	0.28881735	-0.24992158	0.92413837	-7.002791e-18	-3.7986152e+10	493.65363
3.6300000000000226e-11	0.28975937	-0.25166023	0.92337054	-7.006954e-18	-3.7986152e+10	493.65363
3.640000000000023e-11	0.29070464	-0.2533931	0.9225985	-7.028345e-18	-3.3779833e+10	493.49548
3.6500000000000236e-11	0.29165307	-0.25512022	0.9218221	-7.032497e-18	-3.3779833e+10	493.49548
3.660000000000024e-11	0.29260468	-0.25684154	0.92104137	-7.0538406e-18	-3.0038708e+10	493.33746
3.6700000000000245e-11	0.29355952	-0.25855708	0.9202564	-7.0579814e-18	-3.0038708e+10	493.33746
3.680000000000025e-11	0.2945175	-0.2602668	0.9194672	-7.079275e-18	-2.6711452e+10	493.17953
3.6900000000000255e-11	0.2954786	-0.2619707	0.91867375	-7.083402e-18	-2.6711452e+10	493.17953
3.700000000000026e-11	0.29644284	-0.26366875	0.91787606	-7.104642e-18	-2.3752376e+10	493.02176
3.7100000000000265e-11	0.29741025	-0.26536095	0.9170743	-7.108763e-18	-2.3752376e+10	493.02176
3.720000000000027e-11	0.29838073	-0.26704726	0.91626835	-7.129949e-18	-2.1120815e+10	492.86407
3.7300000000000274e-11	0.29935434	-0.26872772	0.9154583	-7.134057e-18	-2.1120815e+10	492.86407
3.740000000000028e-11	0.30033106	-0.27040225	0.91464394	-7.155198e-18	-1.878058e+10	492.70654
3.7500000000000284e-11	0.30131087	-0.27207088	0.9138256	-7.159298e-18	-1.878058e+10	492.70654
3.760000000000029e-11	0.30229372	-0.27373362	0.91300315	-7.180372e-18	-1.6699467e+10	492.54913
3.7700000000000294e-11	0.3032796	-0.2753904	0.91217667	-7.184458e-18	-1.6699467e+10	492.54913
3.78000000000003e-11	0.30426857	-0.27704123	0.9113461	-7.205492e-18	-1.4848823e+10	492.39185
3.7900000000000303e-11	0.30526054	-0.27868608	0.9105115	-7.209566e-18	-1.4848823e+10	492.39185
3.800000000000031e-11	0.30625555	-0.280325	0.9096728	-7.2305404e-18	-1.3203157e+10	492.23465
3.810000000000031e-11	0.30725357	-0.28195792	0.9088303	-7.234601e-18	-1.3203157e+10	492.23465
3.820000000000032e-11	0.30825454	-0.2835848	0.9079836	-7.255528e-18	-1.1739786e+10	492.07764
3.830000000000032e-11	0.30925855	-0.28520572	0.90713304	-7.2595836e-18	-1.1739786e+10	492.07764
3.840000000000033e-11	0.3102655	-0.28682056	0.90627855	-7.280447e-18	-1.0438538e+10	491.92072
3.850000000000033e-11	0.3112754	-0.28842944	0.90542024	-7.284489e-18	-1.0438538e+10	491.92072
3.860000000000034e-11	0.31228822	-0.2900322	0.9045579	-7.305303e-18	-9.281465e+09	491.76392
3.870000000000034e-11	0.31330404	-0.29162893	0.9036917	-7.309338e-18	-9.281465e+09	491.76392
3.880000000000035e-11	0.31432274	-0.29321963	0.9028217	-7.33009e-18	-8.252606e+09	491.60727
3.890000000000035e-11	0.31534433	-0.29480422	0.9019479	-7.3341125e-18	-8.252606e+09	491.60727
3.9000000000000356e-11	0.3163688	-0.2963827	0.9010702	-7.3548136e-18	-7.3377613e+09	491.4507
3.910000000000036e-11	0.3173961	-0.2979551	0.9001887	-7.3588204e-18	-7.3377613e+09	491.4507
3.9200000000000366e-11	0.31842634	-0.29952136	0.89930344	-7.3794685e-18	-6.524305e+09	491.2943
3.930000000000037e-11	0.31945938	-0.30108154	0.8984145	-7.383469e-18	-6.524305e+09	491.2943
3.9400000000000376e-11	0.32049525	-0.30263555	0.89752173	-7.4040564e-18	-5.801005e+09	491.13803
3.950000000000038e-11	0.32153395	-0.30418342	0.8966253	-7.4080385e-18	-5.801005e+09	491.13803
3.9600000000000385e-11	0.32257545	-0.30572516	0.8957251	-7.428575e-18	-5.157875e+09	490.98187
3.970000000000039e-11	0.32361972	-0.3072607	0.8948212	-7.432559e-18	-5.157875e+09	490.98187
3.9800000000000395e-11	0.32466677	-0.30879006	0.8939137	-7.4530255e-18	-4.586032e+09	490.82587
3.99000000000004e-11	0.32571658	-0.31031322	0.8930024	-7.456996e-18	-4.586032e+09	490.82587
4.0000000000000405e-11	0.3267691	-0.31183022	0.8920877	-7.47741e-18	-4.0775775e+09	490.66995
4.010000000000041e-11	0.3278244	-0.31334102	0.8911693	-7.481367e-18	-4.0775775e+09	490.66995
4.0200000000000414e-11	0.32888243	-0.31484562	0.8902474	-7.501724e-18	-3.6254866e+09	490.5142
4.030000000000042e-11	0.32994306	-0.31634396	0.8893218	-7.5056756e-18	-3.6254866e+09	490.5142
4.0400000000000424e-11	0.33100647	-0.31783608	0.88839275	-7.525972e-18	-3.2235136e+09	490.35855
4.050000000000043e-11	0.3320725	-0.319322	0.8874602	-7.529913e-18	-3.2235136e+09	490.35855
4.0600000000000434e-11	0.33314118	-0.32080162	0.8865241	-7.550154e-18	-2.8661038e+09	490.20303
4.070000000000044e-11	0.33421248	-0.32227495	0.8855845	-7.554085e-18	-2.8661038e+09	490.20303
4.0800000000000443e-11	0.33528638	-0.32374206	0.88464135	-7.574261e-18	-2.5483177e+09	490.04764
4.090000000000045e-11	0.33636293	-0.3252029	0.8836949	-7.578177e-18	-2.5483177e+09	490.04764
4.100000000000045e-11	0.33744204	-0.32665747	0.882745	-7.598298e-18	-2.2657636e+09	489.89236
4.110000000000046e-11	0.33852375	-0.32810572	0.8817916	-7.60221e-18	-2.2657636e+09	489.89236
4.120000000000046e-11	0.339608	-0.32954767	0.8808349	-7.62227e-18	-2.0145362e+09	489.73724
4.130000000000047e-11	0.3406948	-0.33098334	0.8798747	-7.626173e-18	-2.0145362e+09	489.73724
4.140000000000047e-11	0.3417841	-0.3324127	0.87891126	-7.6461706e-18	-1.7911628e+09	489.5822
4.150000000000048e-11	0.3428759	-0.3338357	0.8779444	-7.6500624e-18	-1.7911628e+09	489.5822
4.160000000000048e-11	0.3439702	-0.33525234	0.8769744	-7.67e-18	-1.5925554e+09	489.42734
4.1700000000000487e-11	0.34506696	-0.3366627	0.8760011	-7.6738794e-18	-1.5925554e+09	489.42734
4.180000000000049e-11	0.3461662	-0.33806676	0.8750244	-7.693766e-18	-1.4159688e+09	489.27258
4.1900000000000496e-11	0.34726787	-0.33946443	0.8740444	-7.697636e-18	-1.4159688e+09	489.27258
4.20000000000005e-11	0.34837195	-0.34085572	0.87306136	-7.717456e-18	-1.2589615e+09	489.11795
4.2100000000000506e-11	0.34947848	-0.3422407	0.872075	-7.721317e-18	-1.2589615e+09	489.11795
4.220000000000051e-11	0.35058737	-0.34361926	0.87108546	-7.7410755e-18	-1.1193628e+09	488.96344
4.2300000000000516e-11	0.35169858	-0.34499145	0.87009287	-7.744927e-18	-1.1193628e+09	488.96344
4.240000000000052e-11	0.35281223	-0.3463573	0.8690968	-7.764624e-18	-9.952428e+08	488.80908
4.2500000000000525e-11	0.3539282	-0.34771672	0.8680979	-7.76846e-18	-9.952428e+08	488.80908
4.260000000000053e-11	0.35504648	-0.34906977	0.8670957	-7.788099e-18	-8.848853e+08	488.65482
4.2700000000000535e-11	0.35616705	-0.35041642	0.8660905	-7.791931e-18	-8.848853e+08	488.65482
4.280000000000054e-11	0.3572899	-0.35175666	0.8650822	-7.811503e-18	-7.8676435e+08	488.5007
4.2900000000000545e-11	0.358415	-0.35309052	0.8640709	-7.815327e-18	-7.8676435e+08	488.5007
4.300000000000055e-11	0.35954243	-0.35441792	0.8630565	-7.834843e-18	-6.9952326e+08	488.34668
4.3100000000000554e-11	0.36067206	-0.35573894	0.8620391	-7.838657e-18	-6.9952326e+08	488.34668
4.320000000000056e-11	0.3618039	-0.35705355	0.8610188	-7.858107e-18	-6.219558e+08	488.1928
4.3300000000000564e-11	0.3629379	-0.35836172	0.85999537	-7.861906e-18	-6.219558e+08	488.1928
4.340000000000057e-11	0.3640741	-0.3596634	0.858969	-7.881297e-18	-5.5298925e+08	488.03906
4.3500000000000574e-11	0.36521247	-0.3609587	0.8579397	-7.8850884e-18	-5.5298925e+08	488.03906
4.360000000000058e-11	0.36635303	-0.36224756	0.8569075	-7.90441e-18	-4.9166998e+08	487.88544
4.370000000000058e-11	0.36749566	-0.36352998	0.8558724	-7.908197e-18	-4.9166998e+08	487.88544
4.380000000000059e-11	0.36864042	-0.36480594	0.85483444	-7.92746e-18	-4.3715014e+08	487.73193
4.390000000000059e-11	0.36978725	-0.36607546	0.8537936	-7.931241e-18	-4.3715014e+08	487.73193
4.40000000000006e-11	0.37093616	-0.36733854	0.8527498	-7.950427e-18	-3.886757e+08	487.57858
4.41000000000006e-11	0.3720871	-0.36859512	0.85170335	-7.954201e-18	-3.886757e+08	487.57858
4.420000000000061e-11	0.3732401	-0.36984524	0.850654	-7.973337e-18	-3.4557642e+08	487.42532
4.430000000000061e-11	0.37439516	-0.37108892	0.84960186	-7.977096e-18	-3.4557642e+08	487.42532
4.440000000000062e-11	0.37555215	-0.37232617	0.848547	-7.996163e-18	-3.0725626e+08	487.27222
4.450000000000062e-11	0.37671113	-0.37355688	0.84748936	-7.9999135e-18	-3.0725626e+08	487.27222
4.4600000000000627e-11	0.3778721	-0.3747811	0.84642905	-8.018925e-18	-2.7318525e+08	487.1192
4.470000000000063e-11	0.379035	-0.3759989	0.8453659	-8.022664e-18	-2.7318525e+08	487.1192
4.4800000000000636e-11	0.38019985	-0.37721023	0.84430015	-8.041607e-18	-2.4289229e+08	486.96634
4.490000000000064e-11	0.38136658	-0.37841508	0.8432317	-8.0453414e-18	-2.4289229e+08	486.96634
4.5000000000000646e-11	0.38253516	-0.37961337	0.8421607	-8.06422e-18	-2.1595842e+08	486.8136
4.510000000000065e-11	0.38370568	-0.38080528	0.84108686	-8.067941e-18	-2.1595842e+08	486.8136
4.5200000000000656e-11	0.38487804	-0.38199064	0.84001064	-8.086756e-18	-1.9201117e+08	486.66098
4.530000000000066e-11	0.3860522	-0.3831696	0.83893174	-8.090472e-18	-1.9201117e+08	486.66098
4.5400000000000665e-11	0.38722813	-0.38434198	0.83785015	-8.109224e-18	-1.7071938e+08	486.50848
4.550000000000067e-11	0.38840595	-0.38550788	0.83676606	-8.112933e-18	-1.7071938e+08	486.50848
4.5600000000000675e-11	0.3895855	-0.3866673	0.8356796	-8.131614e-18	-1.5178858e+08	486.3561
4.570000000000068e-11	0.39076677	-0.38782024	0.83459044	-8.135315e-18	-1.5178858e+08	486.3561
4.5800000000000685e-11	0.39194983	-0.3889667	0.8334988	-8.153937e-18	-1.3495696e+08	486.20386
4.590000000000069e-11	0.3931346	-0.39010665	0.83240473	-8.157625e-18	-1.3495696e+08	486.20386
4.6000000000000694e-11	0.39432102	-0.39124006	0.8313082	-8.176176e-18	-1.1999178e+08	486.05173
4.61000000000007e-11	0.39550915	-0.3923671	0.83020914	-8.179861e-18	-1.1999178e+08	486.05173
4.6200000000000704e-11	0.39669898	-0.3934875	0.8291077	-8.198348e-18	-1.06686056e+08	485.89972
4.630000000000071e-11	0.39789042	-0.39460152	0.8280038	-8.202024e-18	-1.06686056e+08	485.89972
4.6400000000000713e-11	0.39908344	-0.39570898	0.82689756	-8.220447e-18	-9.485578e+07	485.74786
4.650000000000072e-11	0.40027812	-0.39681	0.82578903	-8.224108e-18	-9.485578e+07	485.74786
4.660000000000072e-11	0.40147436	-0.39790446	0.82467806	-8.2424685e-18	-8.433734e+07	485.5961
4.670000000000073e-11	0.40267214	-0.3989925	0.8235648	-8.246125e-18	-8.433734e+07	485.5961
4.680000000000073e-11	0.40387148	-0.400074	0.82244915	-8.264422e-18	-7.498528e+07	485.4445
4.690000000000074e-11	0.40507233	-0.40114903	0.8213313	-8.26807e-18	-7.498528e+07	485.4445
4.700000000000074e-11	0.40627474	-0.40221754	0.8202112	-8.2863e-18	-6.667025e+07	485.29297
4.710000000000075e-11	0.40747854	-0.40327954	0.8190888	-8.289939e-18	-6.667025e+07	485.29297
4.720000000000075e-11	0.40868387	-0.40433514	0.817964	-8.308102e-18	-5.927726e+07	485.1416
4.730000000000076e-11	0.40989062	-0.40538418	0.8168372	-8.311729e-18	-5.927726e+07	485.1416
4.740000000000076e-11	0.41109884	-0.40642682	0.81570804	-8.3298295e-18	-5.270407e+07	484.99033
4.7500000000000767e-11	0.41230842	-0.4074629	0.81457686	-8.333451e-18	-5.270407e+07	484.99033
4.760000000000077e-11	0.41351944	-0.40849254	0.8134434	-8.351485e-18	-4.6859776e+07	484.8392
4.7700000000000776e-11	0.41473177	-0.40951562	0.8123078	-8.355103e-18	-4.6859776e+07	484.8392
4.780000000000078e-11	0.41594553	-0.4105323	0.81117016	-8.373063e-18	-4.1663544e+07	484.6882
4.7900000000000786e-11	0.41716054	-0.41154248	0.8100304	-8.376673e-18	-4.1663544e+07	484.6882
4.800000000000079e-11	0.4183769	-0.4125462	0.80888844	-8.39457e-18	-3.7043516e+07	484.53732
4.8100000000000795e-11	0.4195945	-0.4135434	0.80774444	-8.398168e-18	-3.7043516e+07	484.53732
4.82000000000008e-11	0.4208134	-0.41453415	0.8065984	-8.4160036e-18	-3.29358e+07	484.38654
4.8300000000000805e-11	0.42203355	-0.41551852	0.8054503	-8.419594e-18	-3.29358e+07	484.38654
4.840000000000081e-11	0.42325494	-0.41649634	0.8043002	-8.437357e-18	-2.9283582e+07	484.2359
4.8500000000000815e-11	0.42447752	-0.4174677	0.8031481	-8.4409406e-18	-2.9283582e+07	484.2359
4.860000000000082e-11	0.42570132	-0.4184327	0.8019941	-8.458643e-18	-2.6036354e+07	484.0854
4.8700000000000824e-11	0.42692629	-0.41939116	0.800838	-8.462221e-18	-2.6036354e+07	484.0854
4.880000000000083e-11	0.42815232	-0.42034316	0.7996801	-8.479855e-18	-2.3149208e+07	483.935
4.8900000000000834e-11	0.4293796	-0.42128876	0.79852015	-8.4834155e-18	-2.3149208e+07	483.935
4.900000000000084e-11	0.43060797	-0.42222792	0.7973583	-8.500988e-18	-2.0582216e+07	483.78473
4.9100000000000844e-11	0.4318374	-0.42316058	0.7961946	-8.504548e-18	-2.0582216e+07	483.78473
4.920000000000085e-11	0.43306792	-0.42408684	0.795029	-8.522043e-18	-1.8299874e+07	483.63458
4.9300000000000853e-11	0.43429947	-0.42500675	0.7938616	-8.525597e-18	-1.8299874e+07	483.63458
4.940000000000086e-11	0.43553206	-0.4259201	0.7926922	-8.54303e-18	-1.6270618e+07	483.48456
4.950000000000086e-11	0.4367657	-0.42682707	0.7915212	-8.546572e-18	-1.6270618e+07	483.48456
4.960000000000087e-11	0.43800032	-0.4277277	0.7903483	-8.563944e-18	-1.4466384e+07	483.33466
4.970000000000087e-11	0.43923587	-0.42862183	0.78917354	-8.567477e-18	-1.4466384e+07	483.33466
4.980000000000088e-11	0.4404724	-0.42950958	0.7879971	-8.584779e-18	-1.286222e+07	483.18488
4.990000000000088e-11	0.44170988	-0.43039095	0.7868189	-8.5883045e-18	-1.286222e+07	483.18488
5.000000000000089e-11	0.44294822	-0.4312659	0.785639	-8.6055404e-18	-1.1435941e+07	483.03522
5.010000000000089e-11	0.4441875	-0.43213448	0.78445727	-8.60906e-18	-1.1435941e+07	483.03522
5.02000000000009e-11	0.44542763	-0.43299666	0.78327394	-8.6262265e-18	-1.016782e+07	482.88568
5.03000000000009e-11	0.44666868	-0.43385243	0.7820889	-8.62974e-18	-1.016782e+07	482.88568
5.0400000000000906e-11	0.4479105	-0.43470192	0.7809022	-8.64684e-18	-9.04032e+06	482.73627
5.050000000000091e-11	0.44915318	-0.43554497	0.77971375	-8.650346e-18	-9.04032e+06	482.73627
5.0600000000000916e-11	0.4503966	-0.43638164	0.77852386	-8.667379e-18	-8.037847e+06	482.58698
5.070000000000092e-11	0.45164084	-0.43721196	0.77733225	-8.670875e-18	-8.037847e+06	482.58698
5.0800000000000926e-11	0.4528858	-0.43803594	0.776139	-8.6878416e-18	-7.146537e+06	482.4378
5.090000000000093e-11	0.45413154	-0.43885356	0.7749443	-8.691329e-18	-7.146537e+06	482.4378
5.1000000000000935e-11	0.455378	-0.43966487	0.773748	-8.708225e-18	-6.354064e+06	482.28876
5.110000000000094e-11	0.4566251	-0.44046986	0.7725501	-8.711709e-18	-6.354064e+06	482.28876
5.1200000000000945e-11	0.45787293	-0.44126853	0.7713507	-8.7285455e-18	0	482.13983
5.130000000000095e-11	0.4591214	-0.44206083	0.77014977	-8.732015e-18	0	482.13983
5.1400000000000955e-11	0.46036947	-0.44284844	0.7689472	-8.735482e-18	0	482.13983
5.150000000000096e-11	0.46161702	-0.44363138	0.76774275	-8.738953e-18	0	482.13983
5.1600000000000964e-11	0.46286416	-0.4444096	0.76653653	-8.742412e-18	0	482.13983
5.170000000000097e-11	0.4641108	-0.44518316	0.76532865	-8.745867e-18	0	482.13983
5.1800000000000974e-11	0.46535692	-0.445952	0.764119	-8.749321e-18	0	482.13983
5.190000000000098e-11	0.4666025	-0.44671628	0.7629076	-8.752774e-18	0	482.13983
5.2000000000000984e-11	0.46784765	-0.4474759	0.76169455	-8.756216e-18	0	482.13983
5.210000000000099e-11	0.4690922	-0.44823086	0.7604798	-8.759657e-18	0	482.13983
5.2200000000000993e-11	0.4703362	-0.4489812	0.7592634	-8.763093e-18	0	482.13983
5.2300000000001e-11	0.47157964	-0.4497269	0.7580453	-8.766527e-18	0	482.13983
5.2400000000001e-11	0.47282246	-0.45046806	0.75682557	-8.769955e-18	0	482.13983
5.250000000000101e-11	0.47406468	-0.4512046	0.7556042	-8.77338e-18	0	482.13983
5.260000000000101e-11	0.47530627	-0.45193654	0.7543812	-8.7768015e-18	0	482.13983
5.270000000000102e-11	0.47654724	-0.45266393	0.7531566	-8.780216e-18	0	482.13983
5.280000000000102e-11	0.47778758	-0.4533868	0.75193036	-8.78363e-18	0	482.13983
5.290000000000103e-11	0.4790272	-0.45410508	0.7507024	-8.787039e-18	0	482.13983
5.300000000000103e-11	0.4802662	-0.45481884	0.74947304	-8.7904426e-18	0	482.13983
5.3100000000001037e-11	0.48150453	-0.45552808	0.748242	-8.7938464e-18	0	482.13983
5.320000000000104e-11	0.48274207	-0.4562328	0.7470094	-8.797242e-18	0	482.13983
5.3300000000001046e-11	0.483979	-0.45693302	0.7457753	-8.8006334e-18	0	482.13983
5.340000000000105e-11	0.48521507	-0.45762873	0.7445396	-8.8040216e-18	0	482.13983
5.3500000000001056e-11	0.48645043	-0.45832002	0.74330235	-8.807405e-18	0	482.13983
5.360000000000106e-11	0.48768502	-0.4590068	0.74206364	-8.810789e-18	0	482.13983
5.3700000000001066e-11	0.48891887	-0.4596891	0.7408234	-8.814164e-18	0	482.13983
5.380000000000107e-11	0.49015188	-0.46036702	0.7395817	-8.817538e-18	0	482.13983
5.3900000000001075e-11	0.4913841	-0.46104038	0.7383385	-8.820904e-18	0	482.13983
5.400000000000108e-11	0.49261555	-0.46170947	0.73709375	-8.8242685e-18	0	482.13983
5.4100000000001085e-11	0.4938461	-0.4623741	0.7358476	-8.82763e-18	0	482.13983
5.420000000000109e-11	0.49507582	-0.46303433	0.73460007	-8.830985e-18	0	482.13983
5.4300000000001095e-11	0.49630463	-0.4636901	0.7333509	-8.834335e-18	0	482.13983
5.44000000000011e-11	0.49753267	-0.46434158	0.73210037	-8.8376845e-18	0	482.13983
5.4500000000001104e-11	0.4987597	-0.4649887	0.7308485	-8.841028e-18	0	482.13983
5.460000000000111e-11	0.49998593	-0.46563148	0.7295951	-8.844366e-18	0	482.13983
5.4700000000001114e-11	0.50121117	-0.46626985	0.7283404	-8.8477025e-18	0	482.13983
5.480000000000112e-11	0.50243556	-0.4669039	0.7270842	-8.851037e-18	0	482.13983
5.4900000000001124e-11	0.50365895	-0.46753368	0.72582674	-8.854362e-18	0	482.13983
5.500000000000113e-11	0.5048814	-0.4681591	0.7245679	-8.857685e-18	0	482.13983
5.510000000000113e-11	0.5061028	-0.46878022	0.72330755	-8.861008e-18	0	482.13983
5.520000000000114e-11	0.5073234	-0.46939713	0.722046	-8.864322e-18	0	482.13983
5.530000000000114e-11	0.50854284	-0.4700097	0.72078305	-8.8676334e-18	0	482.13983
5.540000000000115e-11	0.50976133	-0.4706181	0.71951884	-8.870943e-18	0	482.13983
5.550000000000115e-11	0.51097876	-0.47122216	0.7182532	-8.8742434e-18	0	482.13983
5.560000000000116e-11	0.51219517	-0.47182202	0.7169863	-8.877545e-18	0	482.13983
5.570000000000116e-11	0.51341057	-0.47241765	0.71571815	-8.8808385e-18	0	482.13983
5.580000000000117e-11	0.5146249	-0.4730091	0.7144487	-8.884131e-18	0	482.13983
5.590000000000117e-11	0.51583815	-0.47359633	0.7131779	-8.88742e-18	0	482.13983
5.6000000000001177e-11	0.5170504	-0.47417933	0.7119059	-8.890699e-18	0	482.13983
5.610000000000118e-11	0.51826143	-0.47475824	0.71063256	-8.89398e-18	0	482.13983
5.6200000000001186e-11	0.5194714	-0.47533295	0.7093581	-8.897255e-18	0	482.13983
5.630000000000119e-11	0.5206802	-0.4759035	0.7080823	-8.900527e-18	0	482.13983
5.6400000000001196e-11	0.52188796	-0.47646993	0.7068053	-8.903794e-18	0	482.13983
5.65000000000012e-11	0.52309453	-0.47703218	0.705527	-8.907056e-18	0	482.13983
5.6600000000001206e-11	0.5242999	-0.47759035	0.7042476	-8.910313e-18	0	482.13983
5.670000000000121e-11	0.5255042	-0.4781444	0.70296705	-8.9135676e-18	0	482.13983
5.6800000000001215e-11	0.5267072	-0.4786944	0.70168525	-8.916815e-18	0	482.13983
5.690000000000122e-11	0.5279091	-0.4792403	0.7004022	-8.920067e-18	0	482.13983
5.7000000000001225e-11	0.5291097	-0.47978213	0.6991181	-8.923306e-18	0	482.13983
5.710000000000123e-11	0.5303092	-0.48031995	0.69783276	-8.926545e-18	0	482.13983
5.7200000000001235e-11	0.53150743	-0.48085365	0.6965462	-8.929779e-18	0	482.13983
5.730000000000124e-11	0.5327044	-0.48138332	0.6952586	-8.9330105e-18	0	482.13983
5.7400000000001244e-11	0.53390014	-0.48190907	0.6939699	-8.9362365e-18	0	482.13983
5.750000000000125e-11	0.5350946	-0.4824307	0.69268	-8.9394575e-18	0	482.13983
5.7600000000001254e-11	0.5362879	-0.4829484	0.691389	-8.942677e-18	0	482.13983
5.770000000000126e-11	0.53747976	-0.48346213	0.690097	-8.945885e-18	0	482.13983
5.7800000000001263e-11	0.5386704	-0.48397186	0.6888038	-8.949099e-18	0	482.13983
5.790000000000127e-11	0.5398597	-0.48447767	0.6875095	-8.952305e-18	0	482.13983
5.800000000000127e-11	0.54104775	-0.4849795	0.6862142	-8.955507e-18	0	482.13983
5.810000000000128e-11	0.5422344	-0.4854774	0.6849178	-8.958704e-18	0	482.13983
5.820000000000128e-11	0.5434198	-0.4859714	0.68362033	-8.961897e-18	0	482.13983
5.830000000000129e-11	0.54460377	-0.48646146	0.68232185	-8.965084e-18	0	482.13983
5.840000000000129e-11	0.5457864	-0.48694766	0.68102235	-8.968271e-18	0	482.13983
5.85000000000013e-11	0.5469677	-0.48742998	0.6797217	-8.971453e-18	0	482.13983
5.86000000000013e-11	0.54814756	-0.4879084	0.6784201	-8.974629e-18	0	482.13983
5.870000000000131e-11	0.54932606	-0.48838297	0.6771175	-8.9778015e-18	0	482.13983
5.880000000000131e-11	0.5505032	-0.4888537	0.675814	-8.980969e-18	0	482.13983
5.890000000000132e-11	0.5516789	-0.48932064	0.6745094	-8.9841335e-18	0	482.13983
5.900000000000132e-11	0.55285317	-0.4897837	0.6732038	-8.987294e-18	0	482.13983
5.910000000000133e-11	0.554026	-0.49024293	0.6718973	-8.990452e-18	0	482.13983
5.920000000000133e-11	0.5551974	-0.49069843	0.6705897	-8.993604e-18	0	482.13983
5.930000000000134e-11	0.55636734	-0.49115008	0.6692813	-8.996755e-18	0	482.13983
5.940000000000134e-11	0.5575359	-0.49159804	0.66797185	-8.999897e-18	0	482.13983
5.950000000000135e-11	0.5587028	-0.49204218	0.6666615	-9.003036e-18	0	482.13983
5.960000000000135e-11	0.5598684	-0.4924826	0.6653502	-9.006171e-18	0	482.13983
5.970000000000136e-11	0.5610325	-0.4929193	0.664038	-9.0093055e-18	0	482.13983
5.980000000000136e-11	0.56219506	-0.49335226	0.662725	-9.012433e-18	0	482.13983
5.990000000000136e-11	0.5633561	-0.4937815	0.66141087	-9.015558e-18	0	482.13983
6.000000000000137e-11	0.5645156	-0.49420708	0.66009593	-9.0186774e-18	0	482.13983
6.010000000000137e-11	0.5656736	-0.49462897	0.6587801	-9.021792e-18	0	482.13983
6.020000000000138e-11	0.56683004	-0.49504715	0.65746343	-9.024903e-18	0	482.13983
6.030000000000138e-11	0.56798494	-0.49546173	0.65614593	-9.02801e-18	0	482.13983
6.040000000000139e-11	0.5691383	-0.49587262	0.6548275	-9.031111e-18	0	482.13983
6.05000000000014e-11	0.5702901	-0.49627987	0.65350825	-9.034212e-18	0	482.13983
6.06000000000014e-11	0.57144034	-0.49668348	0.6521881	-9.037307e-18	0	482.13983
6.07000000000014e-11	0.572589	-0.49708351	0.6508671	-9.040398e-18	0	482.13983
6.080000000000141e-11	0.573736	-0.49747998	0.6495453	-9.043487e-18	0	482.13983
6.090000000000141e-11	0.57488155	-0.49787286	0.6482228	-9.046566e-18	0	482.13983
6.100000000000142e-11	0.5760253	-0.49826214	0.64689934	-9.049646e-18	0	482.13983
6.110000000000142e-11	0.5771676	-0.49864784	0.64557517	-9.052723e-18	0	482.13983
6.120000000000143e-11	0.57835907	-0.49894932	0.6442668	-9.577222e-18	0	474.84665
6.130000000000143e-11	0.5795995	-0.49916658	0.64297444	-9.5804025e-18	0	474.84665
6.140000000000144e-11	0.5808378	-0.4993803	0.64168185	-9.583579e-18	0	474.84665
6.150000000000144e-11	0.5820738	-0.4995904	0.6403888	-9.586745e-18	0	474.84665
6.160000000000145e-11	0.58330774	-0.49979705	0.6390955	-9.589909e-18	0	474.84665
6.170000000000145e-11	0.5845394	-0.5000001	0.6378017	-9.593067e-18	0	474.84665
6.180000000000146e-11	0.58576894	-0.50019974	0.63650763	-9.596219e-18	0	474.84665
6.190000000000146e-11	0.5869963	-0.5003958	0.63521326	-9.599365e-18	0	474.84665
6.200000000000147e-11	0.58822143	-0.5005885	0.63391846	-9.602506e-18	0	474.84665
6.210000000000147e-11	0.58944434	-0.50077766	0.6326234	-9.60564e-18	0	474.84665
6.220000000000148e-11	0.5906651	-0.50096345	0.631328	-9.608769e-18	0	474.84665
6.230000000000148e-11	0.59188354	-0.5011457	0.63003236	-9.6118925e-18	0	474.84665
6.240000000000149e-11	0.59309983	-0.5013248	0.6287364	-9.61501e-18	0	474.84665
6.250000000000149e-11	0.59431386	-0.50150025	0.6274401	-9.6181245e-18	0	474.84665
6.26000000000015e-11	0.5955257	-0.50167245	0.6261435	-9.62123e-18	0	474.84665
6.27000000000015e-11	0.59673524	-0.5018413	0.62484676	-9.624332e-18	0	474.84665
6.28000000000015e-11	0.5979425	-0.50200677	0.6235496	-9.627425e-18	0	474.84665
6.290000000000151e-11	0.59914744	-0.502169	0.6222522	-9.630515e-18	0	474.84665
6.300000000000151e-11	0.60035026	-0.5023278	0.6209546	-9.633602e-18	0	474.84665
6.310000000000152e-11	0.60155076	-0.5024833	0.6196567	-9.636679e-18	0	474.84665
6.320000000000152e-11	0.602749	-0.50263566	0.6183586	-9.639753e-18	0	474.84665
6.330000000000153e-11	0.6039449	-0.5027847	0.61706024	-9.6428175e-18	0	474.84665
6.340000000000153e-11	0.6051385	-0.50293046	0.61576164	-9.645879e-18	0	474.84665
6.350000000000154e-11	0.6063298	-0.5030731	0.61446285	-9.648933e-18	0	474.84665
6.360000000000154e-11	0.60751885	-0.5032124	0.6131639	-9.651986e-18	0	474.84665
6.370000000000155e-11	0.6087056	-0.5033486	0.61186475	-9.6550275e-18	0	474.84665
6.380000000000155e-11	0.60989	-0.5034815	0.6105653	-9.6580665e-18	0	474.84665
6.390000000000156e-11	0.61107206	-0.5036113	0.60926574	-9.6611015e-18	0	474.84665
6.400000000000156e-11	0.6122518	-0.503738	0.6079659	-9.664127e-18	0	474.84665
6.410000000000157e-11	0.6134293	-0.50386155	0.60666585	-9.667152e-18	0	474.84665
6.420000000000157e-11	0.6146044	-0.50398195	0.60536575	-9.670166e-18	0	474.84665
6.430000000000158e-11	0.61577713	-0.50409925	0.6040655	-9.673178e-18	0	474.84665
6.440000000000158e-11	0.61694753	-0.50421345	0.60276496	-9.676186e-18	0	474.84665
6.450000000000159e-11	0.61811566	-0.5043246	0.6014645	-9.679182e-18	0	474.84665
6.460000000000159e-11	0.6192814	-0.5044327	0.6001637	-9.682176e-18	0	474.84665
6.47000000000016e-11	0.6204447	-0.5045377	0.59886277	-9.685164e-18	0	474.84665
6.48000000000016e-11	0.62160575	-0.50463974	0.59756184	-9.6881494e-18	0	474.84665
6.49000000000016e-11	0.62276435	-0.5047387	0.59626067	-9.691125e-18	0	474.84665
6.500000000000161e-11	0.6239206	-0.5048348	0.5949594	-9.694097e-18	0	474.84665
6.510000000000162e-11	0.6250745	-0.5049278	0.59365803	-9.697064e-18	0	474.84665
6.520000000000162e-11	0.62622595	-0.5050179	0.59235656	-9.700025e-18	0	474.84665
6.530000000000163e-11	0.627375	-0.50510496	0.591055	-9.702979e-18	0	474.84665
6.540000000000163e-11	0.62852186	-0.5051892	0.5897533	-9.705928e-18	0	474.84665
6.550000000000163e-11	0.6296661	-0.50527036	0.5884516	-9.708872e-18	0	474.84665
6.560000000000164e-11	0.63080806	-0.50534874	0.58714974	-9.711813e-18	0	474.84665
6.570000000000164e-11	0.6319475	-0.50542426	0.5858478	-9.7147425e-18	0	474.84665
6.580000000000165e-11	0.63308465	-0.5054968	0.58454585	-9.717672e-18	0	474.84665
6.590000000000165e-11	0.63421935	-0.50556654	0.58324385	-9.720594e-18	0	474.84665
6.600000000000166e-11	0.63535154	-0.5056334	0.5819417	-9.723509e-18	0	474.84665
6.610000000000166e-11	0.63648146	-0.5056975	0.5806397	-9.72642e-18	0	474.84665
6.620000000000167e-11	0.6376089	-0.50575876	0.5793375	-9.729327e-18	0	474.84665
6.630000000000167e-11	0.63873386	-0.5058172	0.57803524	-9.732226e-18	0	474.84665
6.640000000000168e-11	0.63985646	-0.50587285	0.57673305	-9.735119e-18	0	474.84665
6.650000000000168e-11	0.6409766	-0.5059257	0.5754308	-9.7380086e-18	0	474.84665
6.660000000000169e-11	0.6420943	-0.50597584	0.57412845	-9.740891e-18	0	474.84665
6.670000000000169e-11	0.6432096	-0.5060232	0.57282615	-9.743769e-18	0	474.84665
6.68000000000017e-11	0.6443224	-0.50606793	0.57152385	-9.746643e-18	0	474.84665
6.69000000000017e-11	0.6454328	-0.50610983	0.57022154	-9.749508e-18	0	474.84665
6.700000000000171e-11	0.6465407	-0.5061491	0.5689192	-9.75237e-18	0	474.84665
6.710000000000171e-11	0.6476461	-0.50618565	0.56761694	-9.7552255e-18	0	474.84665
6.720000000000172e-11	0.6487491	-0.5062196	0.5663147	-9.758076e-18	0	474.84665
6.730000000000172e-11	0.64984965	-0.5062509	0.5650124	-9.760922e-18	0	474.84665
6.740000000000173e-11	0.6509478	-0.50627947	0.56371015	-9.7637595e-18	0	474.84665
6.750000000000173e-11	0.65204334	-0.50630546	0.5624079	-9.766596e-18	0	474.84665
6.760000000000174e-11	0.6531365	-0.5063288	0.5611058	-9.769425e-18	0	474.84665
6.770000000000174e-11	0.65422714	-0.5063497	0.55980366	-9.772248e-18	0	474.84665
6.780000000000175e-11	0.65531534	-0.50636786	0.5585016	-9.775065e-18	0	474.84665
6.790000000000175e-11	0.65640104	-0.5063835	0.55719954	-9.777876e-18	0	474.84665
6.800000000000176e-11	0.65748423	-0.50639653	0.5558976	-9.7806845e-18	0	474.84665
6.810000000000176e-11	0.6585649	-0.50640714	0.5545957	-9.783487e-18	0	474.84665
6.820000000000177e-11	0.6596432	-0.5064152	0.5532939	-9.786282e-18	0	474.84665
6.830000000000177e-11	0.660719	-0.5064207	0.5519922	-9.789072e-18	0	474.84665
6.840000000000177e-11	0.66179216	-0.5064237	0.55069053	-9.791859e-18	0	474.84665
6.850000000000178e-11	0.662863	-0.50642425	0.5493889	-9.794637e-18	0	474.84665
6.860000000000178e-11	0.66393125	-0.5064223	0.5480874	-9.7974126e-18	0	474.84665
6.870000000000179e-11	0.66499704	-0.50641793	0.54678595	-9.800182e-18	0	474.84665
6.88000000000018e-11	0.6660603	-0.5064112	0.5454847	-9.802946e-18	0	474.84665
6.89000000000018e-11	0.66712105	-0.5064019	0.5441835	-9.805705e-18	0	474.84665
6.90000000000018e-11	0.66817933	-0.5063902	0.54288244	-9.808459e-18	0	474.84665
6.910000000000181e-11	0.669235	-0.50637615	0.54158145	-9.811205e-18	0	474.84665
6.920000000000181e-11	0.67028826	-0.50635976	0.5402806	-9.813949e-18	0	474.84665
6.930000000000182e-11	0.6713391	-0.506341	0.5389799	-9.816685e-18	0	474.84665
6.940000000000182e-11	0.67238724	-0.5063198	0.5376794	-9.819416e-18	0	474.84665
6.950000000000183e-11	0.6734329	-0.50629634	0.53637886	-9.822143e-18	0	474.84665
6.960000000000183e-11	0.6744761	-0.5062705	0.5350785	-9.824866e-18	0	474.84665
6.970000000000184e-11	0.6755167	-0.5062424	0.53377837	-9.82758e-18	0	474.84665
6.980000000000184e-11	0.67655486	-0.5062119	0.53247833	-9.83029e-18	0	474.84665
6.990000000000185e-11	0.6775905	-0.5061792	0.53117853	-9.832996e-18	0	474.84665
7.000000000000185e-11	0.67862356	-0.50614417	0.52987885	-9.835696e-18	0	474.84665
7.010000000000186e-11	0.6796542	-0.5061069	0.5285793	-9.8383894e-18	0	474.84665
7.020000000000186e-11	0.6806822	-0.5060674	0.52728	-9.84108e-18	0	474.84665
7.030000000000187e-11	0.6817076	-0.5060257	0.5259808	-9.8437644e-18	0	474.84665
7.040000000000187e-11	0.6827307	-0.50598174	0.5246817	-9.846443e-18	0	474.84665
7.050000000000188e-11	0.68375105	-0.50593555	0.5233829	-9.849118e-18	0	474.84665
7.060000000000188e-11	0.68476903	-0.5058872	0.52208424	-9.851786e-18	0	474.84665
7.070000000000189e-11	0.68578434	-0.5058366	0.5207858	-9.854448e-18	0	474.84665
7.080000000000189e-11	0.6867972	-0.5057839	0.5194875	-9.857105e-18	0	474.84665
7.09000000000019e-11	0.68780744	-0.505729	0.51818943	-9.859758e-18	0	474.84665
7.10000000000019e-11	0.68881524	-0.50567204	0.5168916	-9.862407e-18	0	474.84665
7.11000000000019e-11	0.68982035	-0.5056129	0.515594	-9.865048e-18	0	474.84665
7.120000000000191e-11	0.6908637	-0.50547904	0.5143128	-1.02634825e-17	0	467.84552
7.130000000000191e-11	0.69194496	-0.50527054	0.5130484	-1.0266285e-17	0	467.84552
7.140000000000192e-11	0.69302297	-0.5050601	0.5117847	-1.0269078e-17	0	467.84552
7.150000000000192e-11	0.69409794	-0.50484765	0.5105214	-1.0271865e-17	0	467.84552
7.160000000000193e-11	0.6951699	-0.50463325	0.5092587	-1.0274647e-17	0	467.84552
7.170000000000193e-11	0.6962388	-0.50441694	0.50799656	-1.0277419e-17	0	467.84552
7.180000000000194e-11	0.69730467	-0.5041988	0.506735	-1.0280185e-17	0	467.84552
7.190000000000194e-11	0.6983674	-0.5039786	0.50547403	-1.02829436e-17	0	467.84552
7.200000000000195e-11	0.6994271	-0.50375664	0.50421363	-1.02856964e-17	0	467.84552
7.210000000000195e-11	0.7004838	-0.5035328	0.50295377	-1.0288443e-17	0	467.84552
7.220000000000196e-11	0.7015375	-0.50330716	0.50169456	-1.029118e-17	0	467.84552
7.230000000000196e-11	0.702588	-0.50307965	0.50043595	-1.0293911e-17	0	467.84552
7.240000000000197e-11	0.7036355	-0.50285035	0.4991778	-1.02966376e-17	0	467.84552
7.250000000000197e-11	0.70468	-0.5026192	0.49792033	-1.0299356e-17	0	467.84552
7.260000000000198e-11	0.7057214	-0.50238633	0.49666342	-1.03020655e-17	0	467.84552
7.270000000000198e-11	0.70675987	-0.5021516	0.4954071	-1.0304769e-17	0	467.84552
7.280000000000199e-11	0.7077952	-0.50191516	0.49415147	-1.0307468e-17	0	467.84552
7.290000000000199e-11	0.70882756	-0.50167704	0.49289635	-1.0310156e-17	0	467.84552
7.3000000000002e-11	0.70985675	-0.5014371	0.49164188	-1.031284e-17	0	467.84552
7.3100000000002e-11	0.710883	-0.50119543	0.49038804	-1.0315517e-17	0	467.84552
7.3200000000002e-11	0.7119063	-0.5009522	0.4891348	-1.03181864e-17	0	467.84552
7.330000000000201e-11	0.7129265	-0.50070715	0.4878822	-1.0320849e-17	0	467.84552
7.340000000000202e-11	0.7139436	-0.5004605	0.48663014	-1.0323506e-17	0	467.84552
7.350000000000202e-11	0.7149577	-0.5002122	0.4853787	-1.0326155e-17	0	467.84552
7.360000000000203e-11	0.71596885	-0.4999622	0.484128	-1.0328798e-17	0	467.84552
7.370000000000203e-11	0.7169769	-0.49971065	0.4828779	-1.0331434e-17	0	467.84552
7.380000000000204e-11	0.71798205	-0.4994575	0.48162842	-1.0334064e-17	0	467.84552
7.390000000000204e-11	0.7189841	-0.49920267	0.48037952	-1.0336685e-17	0	467.84552
7.400000000000205e-11	0.71998304	-0.4989463	0.47913134	-1.0339302e-17	0	467.84552
7.410000000000205e-11	0.72097915	-0.4986884	0.47788376	-1.0341911e-17	0	467.84552
7.420000000000205e-11	0.72197217	-0.49842888	0.47663683	-1.0344513e-17	0	467.84552
7.430000000000206e-11	0.7229622	-0.49816784	0.4753906	-1.034711e-17	0	467.84552
7.440000000000206e-11	0.7239493	-0.4979053	0.47414494	-1.0349699e-17	0	467.84552
7.450000000000207e-11	0.72493327	-0.4976412	0.4729	-1.0352281e-17	0	467.84552
7.460000000000207e-11	0.7259143	-0.49737567	0.47165567	-1.0354857e-17	0	467.84552
7.470000000000208e-11	0.72689235	-0.4971086	0.47041205	-1.0357427e-17	0	467.84552
7.480000000000208e-11	0.7278673	-0.4968401	0.46916902	-1.035999e-17	0	467.84552
7.490000000000209e-11	0.7288394	-0.4965701	0.4679267	-1.0362547e-17	0	467.84552
7.500000000000209e-11	0.72980845	-0.49629867	0.46668503	-1.0365097e-17	0	467.84552
7.51000000000021e-11	0.7307745	-0.49602583	0.4654441	-1.036764e-17	0	467.84552
7.52000000000021e-11	0.7317376	-0.49575156	0.46420375	-1.0370177e-17	0	467.84552
7.530000000000211e-11	0.73269784	-0.4954759	0.4629641	-1.0372706e-17	0	467.84552
7.540000000000211e-11	0.7336549	-0.49519885	0.46172515	-1.037523e-17	0	467.84552
7.550000000000212e-11	0.734609	-0.49492043	0.46048692	-1.0377747e-17	0	467.84552
7.560000000000212e-11	0.7355603	-0.49464062	0.4592493	-1.0380259e-17	0	467.84552
7.570000000000213e-11	0.73650855	-0.49435943	0.45801234	-1.0382763e-17	0	467.84552
7.580000000000213e-11	0.7374539	-0.49407703	0.4567761	-1.038526e-17	0	467.84552
7.590000000000214e-11	0.7383962	-0.4937931	0.4555406	-1.0387752e-17	0	467.84552
7.600000000000214e-11	0.73933554	-0.49350804	0.45430577	-1.0390238e-17	0	467.84552
7.610000000000215e-11	0.7402719	-0.49322155	0.4530716	-1.0392717e-17	0	467.84552
7.620000000000215e-11	0.7412054	-0.49293387	0.45183814	-1.03951895e-17	0	467.84552
7.630000000000216e-11	0.7421359	-0.49264488	0.4506054	-1.0397656e-17	0	467.84552
7.640000000000216e-11	0.74306345	-0.49235466	0.4493734	-1.04001145e-17	0	467.84552
7.650000000000217e-11	0.7439881	-0.49206316	0.448142	-1.0402568e-17	0	467.84552
7.660000000000217e-11	0.7449098	-0.49177045	0.4469114	-1.0405014e-17	0	467.84552
7.670000000000218e-11	0.74582857	-0.49147648	0.44568142	-1.0407456e-17	0	467.84552
7.680000000000218e-11	0.74674445	-0.4911813	0.44445226	-1.0409889e-17	0	467.84552
7.690000000000218e-11	0.7476574	-0.490885	0.44322369	-1.041232e-17	0	467.84552
7.700000000000219e-11	0.7485673	-0.49058744	0.44199592	-1.0414741e-17	0	467.84552
7.71000000000022e-11	0.74947435	-0.49028873	0.44076884	-1.0417157e-17	0	467.84552
7.72000000000022e-11	0.7503785	-0.48998886	0.4395425	-1.0419566e-17	0	467.84552
7.73000000000022e-11	0.7512797	-0.48968783	0.43831682	-1.04219695e-17	0	467.84552
7.740000000000221e-11	0.7521781	-0.4893857	0.4370919	-1.0424366e-17	0	467.84552
7.750000000000221e-11	0.7530735	-0.4890824	0.43586773	-1.0426757e-17	0	467.84552
7.760000000000222e-11	0.753966	-0.48877802	0.43464422	-1.0429142e-17	0	467.84552
7.770000000000222e-11	0.7548557	-0.48847252	0.43342152	-1.0431519e-17	0	467.84552
7.780000000000223e-11	0.7557424	-0.48816597	0.43219942	-1.0433892e-17	0	467.84552
7.790000000000223e-11	0.7566262	-0.4878583	0.4309782	-1.0436259e-17	0	467.84552
7.800000000000224e-11	0.75750715	-0.48754954	0.42975765	-1.043862e-17	0	467.84552
7.810000000000224e-11	0.7583852	-0.4872398	0.42853788	-1.0440975e-17	0	467.84552
7.820000000000225e-11	0.7592604	-0.486929	0.42731878	-1.04433215e-17	0	467.84552
7.830000000000225e-11	0.7601327	-0.48661715	0.4261004	-1.0445664e-17	0	467.84552
7.840000000000226e-11	0.7610021	-0.48630428	0.4248828	-1.0447999e-17	0	467.84552
7.850000000000226e-11	0.7618687	-0.4859904	0.42366597	-1.0450329e-17	0	467.84552
7.860000000000227e-11	0.7627324	-0.48567554	0.42244983	-1.0452653e-17	0	467.84552
7.870000000000227e-11	0.7635933	-0.4853597	0.42123446	-1.04549715e-17	0	467.84552
7.880000000000228e-11	0.76445127	-0.48504293	0.42001987	-1.0457284e-17	0	467.84552
7.890000000000228e-11	0.7653064	-0.48472512	0.41880596	-1.045959e-17	0	467.84552
7.900000000000229e-11	0.76615864	-0.48440638	0.41759285	-1.0461889e-17	0	467.84552
7.910000000000229e-11	0.76700807	-0.48408675	0.41638047	-1.0464184e-17	0	467.84552
7.92000000000023e-11	0.7678547	-0.48376614	0.41516882	-1.0466472e-17	0	467.84552
7.93000000000023e-11	0.76869845	-0.48344466	0.41395798	-1.0468755e-17	0	467.84552
7.94000000000023e-11	0.76953936	-0.48312223	0.41274786	-1.047103e-17	0	467.84552
7.950000000000231e-11	0.77037746	-0.48279887	0.4115385	-1.0473301e-17	0	467.84552
7.960000000000232e-11	0.7712127	-0.48247474	0.41032994	-1.0475566e-17	0	467.84552
7.970000000000232e-11	0.77204525	-0.48214972	0.40912205	-1.0477825e-17	0	467.84552
7.980000000000232e-11	0.7728749	-0.4818238	0.40791497	-1.0480078e-17	0	467.84552
7.990000000000233e-11	0.7737016	-0.481497	0.40670866	-1.0482324e-17	0	467.84552
8.000000000000233e-11	0.7745257	-0.4811694	0.40550312	-1.04845655e-17	0	467.84552
8.010000000000234e-11	0.77534693	-0.48084092	0.4042983	-1.04868014e-17	0	467.84552
8.020000000000234e-11	0.7761653	-0.48051172	0.4030943	-1.048903e-17	0	467.84552
8.030000000000235e-11	0.77698094	-0.48018166	0.40189102	-1.0491253e-17	0	467.84552
8.040000000000235e-11	0.77779377	-0.47985074	0.40068853	-1.0493472e-17	0	467.84552
8.050000000000236e-11	0.7786038	-0.47951913	0.39948684	-1.04956845e-17	0	467.84552
8.060000000000236e-11	0.77941096	-0.4791867	0.39828587	-1.0497893e-17	0	467.84552
8.070000000000237e-11	0.7802155	-0.47885352	0.39708567	-1.05000926e-17	0	467.84552
8.080000000000237e-11	0.7810172	-0.47851956	0.39588627	-1.0502289e-17	0	467.84552
8.090000000000238e-11	0.7818161	-0.47818488	0.39468765	-1.0504477e-17	0	467.84552
8.100000000000238e-11	0.7826124	-0.47784945	0.39348984	-1.0506661e-17	0	467.84552
8.110000000000239e-11	0.7834057	-0.4775133	0.39229274	-1.0508839e-17	0	467.84552
8.120000000000239e-11	0.7842252	-0.4771169	0.39111036	-1.0811364e-17	0	461.1247
8.13000000000024e-11	0.78507036	-0.47666043	0.38994285	-1.0813691e-17	0	461.1247
8.14000000000024e-11	0.78591233	-0.4762035	0.38877636	-1.0816012e-17	0	461.1247
8.150000000000241e-11	0.78675115	-0.4757461	0.38761094	-1.0818323e-17	0	461.1247
8.160000000000241e-11	0.7875869	-0.47528824	0.38644654	-1.0820626e-17	0	461.1247
8.170000000000242e-11	0.78841937	-0.47482997	0.38528314	-1.08229254e-17	0	461.1247
8.180000000000242e-11	0.7892487	-0.47437125	0.38412073	-1.0825214e-17	0	461.1247
8.190000000000243e-11	0.79007494	-0.47391212	0.38295943	-1.0827499e-17	0	461.1247
8.200000000000243e-11	0.7908981	-0.4734526	0.38179913	-1.0829775e-17	0	461.1247
8.210000000000244e-11	0.791718	-0.47299266	0.38063985	-1.08320434e-17	0	461.1247
8.220000000000244e-11	0.7925348	-0.47253236	0.3794816	-1.0834307e-17	0	461.1247
8.230000000000245e-11	0.7933486	-0.47207165	0.37832436	-1.0836562e-17	0	461.1247
8.240000000000245e-11	0.79415923	-0.47161055	0.37716818	-1.083881e-17	0	461.1247
8.250000000000246e-11	0.7949668	-0.4711492	0.37601307	-1.0841051e-17	0	461.1247
8.260000000000246e-11	0.79577124	-0.47068742	0.37485892	-1.0843286e-17	0	461.1247
8.270000000000246e-11	0.7965726	-0.4702253	0.37370583	-1.0845511e-17	0	461.1247
8.280000000000247e-11	0.7973709	-0.46976298	0.3725538	-1.0847732e-17	0	461.1247
8.290000000000247e-11	0.79816616	-0.4693002	0.37140277	-1.0849945e-17	0	461.1247
8.300000000000248e-11	0.79895824	-0.46883723	0.37025276	-1.0852151e-17	0	461.1247
8.310000000000248e-11	0.7997473	-0.46837392	0.3691038	-1.085435e-17	0	461.1247
8.320000000000249e-11	0.8005334	-0.46791035	0.36795586	-1.0856542e-17	0	461.1247
8.33000000000025e-11	0.8013163	-0.4674465	0.36680895	-1.0858728e-17	0	461.1247
8.34000000000025e-11	0.80209637	-0.4669824	0.36566305	-1.0860907e-17	0	461.1247
8.35000000000025e-11	0.80287325	-0.466518	0.36451823	-1.08630784e-17	0	461.1247
8.360000000000251e-11	0.80364716	-0.4660535	0.36337444	-1.0865244e-17	0	461.1247
8.370000000000251e-11	0.804418	-0.46558863	0.36223164	-1.0867403e-17	0	461.1247
8.380000000000252e-11	0.8051859	-0.46512356	0.3610899	-1.08695544e-17	0	461.1247
8.390000000000252e-11	0.80595076	-0.46465835	0.35994917	-1.08717e-17	0	461.1247
8.400000000000253e-11	0.80671275	-0.4641929	0.3588095	-1.08738376e-17	0	461.1247
8.410000000000253e-11	0.80747145	-0.46372727	0.3576708	-1.0875971e-17	0	461.1247
8.420000000000254e-11	0.8082274	-0.46326146	0.3565332	-1.0878095e-17	0	461.1247
8.430000000000254e-11	0.80898046	-0.4627954	0.3553966	-1.08802135e-17	0	461.1247
8.440000000000255e-11	0.80973047	-0.46232927	0.354261	-1.0882324e-17	0	461.1247
8.450000000000255e-11	0.8104774	-0.46186298	0.3531265	-1.088443e-17	0	461.1247
8.460000000000256e-11	0.8112215	-0.46139657	0.35199296	-1.0886528e-17	0	461.1247
8.470000000000256e-11	0.8119626	-0.46092996	0.35086048	-1.088862e-17	0	461.1247
8.480000000000257e-11	0.81270075	-0.4604633	0.349729	-1.0890706e-17	0	461.1247
8.490000000000257e-11	0.81343603	-0.45999646	0.3485986	-1.0892785e-17	0	461.1247
8.500000000000258e-11	0.81416833	-0.45952958	0.34746918	-1.08948595e-17	0	461.1247
8.510000000000258e-11	0.8148977	-0.45906258	0.3463408	-1.0896926e-17	0	461.1247
8.520000000000259e-11	0.8156242	-0.45859545	0.34521347	-1.0898985e-17	0	461.1247
8.530000000000259e-11	0.8163478	-0.45812827	0.34408712	-1.09010386e-17	0	461.1247
8.54000000000026e-11	0.81706846	-0.45766106	0.34296182	-1.0903085e-17	0	461.1247
8.55000000000026e-11	0.8177863	-0.45719373	0.34183756	-1.0905126e-17	0	461.1247
8.56000000000026e-11	0.8185011	-0.45672637	0.34071428	-1.09071605e-17	0	461.1247
8.570000000000261e-11	0.8192132	-0.456259	0.33959207	-1.0909188e-17	0	461.1247
8.580000000000261e-11	0.8199224	-0.45579156	0.3384709	-1.0911211e-17	0	461.1247
8.590000000000262e-11	0.8206286	-0.4553241	0.3373507	-1.09132254e-17	0	461.1247
8.600000000000262e-11	0.8213321	-0.4548567	0.33623153	-1.0915235e-17	0	461.1247
8.610000000000263e-11	0.82203263	-0.45438918	0.3351134	-1.0917238e-17	0	461.1247
8.620000000000263e-11	0.8227304	-0.45392174	0.3339963	-1.0919234e-17	0	461.1247
8.630000000000264e-11	0.82342535	-0.45345426	0.3328802	-1.0921226e-17	0	461.1247
8.640000000000264e-11	0.8241174	-0.45298684	0.33176512	-1.0923209e-17	0	461.1247
8.650000000000265e-11	0.8248067	-0.45251942	0.33065107	-1.0925187e-17	0	461.1247
8.660000000000265e-11	0.82549316	-0.45205197	0.32953802	-1.0927159e-17	0	461.1247
8.670000000000266e-11	0.82617676	-0.45158464	0.328426	-1.0929126e-17	0	461.1247
8.680000000000266e-11	0.8268576	-0.45111734	0.327315	-1.0931087e-17	0	461.1247
8.690000000000267e-11	0.8275356	-0.45065013	0.32620502	-1.093304e-17	0	461.1247
8.700000000000267e-11	0.828211	-0.45018297	0.32509604	-1.0934988e-17	0	461.1247
8.710000000000268e-11	0.82888347	-0.44971588	0.3239881	-1.0936929e-17	0	461.1247
8.720000000000268e-11	0.8295531	-0.44924885	0.3228812	-1.0938866e-17	0	461.1247
8.730000000000269e-11	0.8302201	-0.44878194	0.32177523	-1.0940795e-17	0	461.1247
8.740000000000269e-11	0.8308843	-0.44831508	0.3206703	-1.0942719e-17	0	461.1247
8.75000000000027e-11	0.8315457	-0.44784838	0.31956643	-1.0944638e-17	0	461.1247
8.76000000000027e-11	0.8322044	-0.44738173	0.3184635	-1.0946549e-17	0	461.1247
8.77000000000027e-11	0.8328603	-0.44691533	0.31736165	-1.0948457e-17	0	461.1247
8.780000000000271e-11	0.8335135	-0.44644895	0.31626078	-1.09503576e-17	0	461.1247
8.790000000000272e-11	0.834164	-0.4459827	0.3151609	-1.0952252e-17	0	461.1247
8.800000000000272e-11	0.8348118	-0.44551665	0.31406206	-1.09541394e-17	0	461.1247
8.810000000000273e-11	0.83545685	-0.44505072	0.31296423	-1.0956024e-17	0	461.1247
8.820000000000273e-11	0.83609915	-0.44458494	0.31186736	-1.09579e-17	0	461.1247
8.830000000000273e-11	0.8367388	-0.44411933	0.31077152	-1.0959772e-17	0	461.1247
8.840000000000274e-11	0.83737576	-0.4436539	0.3096767	-1.0961637e-17	0	461.1247
8.850000000000274e-11	0.8380101	-0.44318867	0.30858287	-1.0963497e-17	0	461.1247
8.860000000000275e-11	0.83864164	-0.44272363	0.30749002	-1.0965352e-17	0	461.1247
8.870000000000275e-11	0.8392706	-0.44225875	0.3063982	-1.0967201e-17	0	461.1247
8.880000000000276e-11	0.8398969	-0.44179404	0.30530736	-1.0969043e-17	0	461.1247
8.890000000000276e-11	0.8405205	-0.4413296	0.30421758	-1.0970881e-17	0	461.1247
8.900000000000277e-11	0.84114146	-0.44086537	0.30312872	-1.0972712e-17	0	461.1247
8.910000000000277e-11	0.84175974	-0.44040138	0.30204087	-1.0974539e-17	0	461.1247
8.920000000000278e-11	0.8423754	-0.43993756	0.30095404	-1.0976359e-17	0	461.1247
8.930000000000278e-11	0.8429885	-0.439474	0.29986823	-1.0978174e-17	0	461.1247
8.940000000000279e-11	0.84359884	-0.43901068	0.29878333	-1.0979984e-17	0	461.1247
8.950000000000279e-11	0.8442067	-0.43854764	0.2976995	-1.0981788e-17	0	461.1247
8.96000000000028e-11	0.8448119	-0.43808484	0.2966166	-1.09835854e-17	0	461.1247
8.97000000000028e-11	0.84541446	-0.4376223	0.29553473	-1.0985378e-17	0	461.1247
8.980000000000281e-11	0.8460145	-0.43716	0.2944539	-1.0987167e-17	0	461.1247
8.990000000000281e-11	0.84661186	-0.43669802	0.29337394	-1.0988948e-17	0	461.1247
9.000000000000282e-11	0.8472067	-0.4362363	0.29229504	-1.0990725e-17	0	461.1247
9.010000000000282e-11	0.84779894	-0.43577492	0.29121712	-1.0992497e-17	0	461.1247
9.020000000000283e-11	0.84838855	-0.43531373	0.29014018	-1.0994263e-17	0	461.1247
9.030000000000283e-11	0.84897566	-0.4348529	0.2890642	-1.0996023e-17	0	461.1247
9.040000000000284e-11	0.8495603	-0.43439242	0.28798923	-1.0997777e-17	0	461.1247
9.050000000000284e-11	0.8501423	-0.4339322	0.28691524	-1.09995285e-17	0	461.1247
9.060000000000285e-11	0.8507218	-0.43347228	0.28584218	-1.1001273e-17	0	461.1247
9.070000000000285e-11	0.8512987	-0.43301272	0.28477016	-1.1003012e-17	0	461.1247
9.080000000000286e-11	0.8518731	-0.4325535	0.2836991	-1.1004746e-17	0	461.1247
9.090000000000286e-11	0.85244495	-0.4320946	0.282629	-1.1006475e-17	0	461.1247
9.100000000000287e-11	0.8530143	-0.43163607	0.2815599	-1.1008199e-17	0	461.1247
9.110000000000287e-11	0.85358113	-0.43117785	0.28049177	-1.1009917e-17	0	461.1247
9.120000000000287e-11	0.85416365	-0.43067572	0.2794351	-1.1246301e-17	0	454.673
9.130000000000288e-11	0.85476166	-0.4301298	0.27839005	-1.1248128e-17	0	454.673
9.140000000000288e-11	0.8553567	-0.42958453	0.27734613	-1.12499475e-17	0	454.673
9.150000000000289e-11	0.8559492	-0.42903984	0.27630332	-1.1251761e-17	0	454.673
9.16000000000029e-11	0.8565388	-0.42849588	0.27526167	-1.1253567e-17	0	454.673
9.17000000000029e-11	0.8571256	-0.42795253	0.27422115	-1.1255369e-17	0	454.673
9.18000000000029e-11	0.8577097	-0.42740983	0.27318177	-1.1257161e-17	0	454.673
9.190000000000291e-11	0.858291	-0.42686778	0.27214348	-1.125895e-17	0	454.673
9.200000000000291e-11	0.85886955	-0.42632648	0.27110633	-1.1260732e-17	0	454.673
9.210000000000292e-11	0.8594454	-0.42578578	0.27007028	-1.12625066e-17	0	454.673
9.220000000000292e-11	0.86001843	-0.42524576	0.26903537	-1.1264276e-17	0	454.673
9.230000000000293e-11	0.8605889	-0.4247065	0.2680016	-1.1266039e-17	0	454.673
9.240000000000293e-11	0.8611565	-0.42416787	0.2669689	-1.1267797e-17	0	454.673
9.250000000000294e-11	0.86172146	-0.42362994	0.26593733	-1.12695475e-17	0	454.673
9.260000000000294e-11	0.86228377	-0.42309272	0.26490688	-1.1271293e-17	0	454.673
9.270000000000295e-11	0.8628434	-0.42255625	0.2638775	-1.1273032e-17	0	454.673
9.280000000000295e-11	0.8634002	-0.42202047	0.26284927	-1.1274763e-17	0	454.673
9.290000000000296e-11	0.8639544	-0.42148542	0.26182213	-1.1276492e-17	0	454.673
9.300000000000296e-11	0.864506	-0.4209511	0.2607961	-1.12782114e-17	0	454.673
9.310000000000297e-11	0.8650549	-0.42041752	0.25977114	-1.1279925e-17	0	454.673
9.320000000000297e-11	0.8656012	-0.41988465	0.25874728	-1.1281636e-17	0	454.673
9.330000000000298e-11	0.86614484	-0.4193525	0.25772452	-1.12833375e-17	0	454.673
9.340000000000298e-11	0.8666858	-0.41882122	0.2567029	-1.1285035e-17	0	454.673
9.350000000000299e-11	0.86722416	-0.41829056	0.25568232	-1.1286727e-17	0	454.673
9.360000000000299e-11	0.8677599	-0.41776073	0.25466284	-1.1288413e-17	0	454.673
9.3700000000003e-11	0.86829305	-0.41723165	0.25364444	-1.1290092e-17	0	454.673
9.3800000000003e-11	0.8688235	-0.41670334	0.25262713	-1.1291767e-17	0	454.673
9.3900000000003e-11	0.86935157	-0.41617578	0.2516109	-1.1293435e-17	0	454.673
9.400000000000301e-11	0.869877	-0.41564906	0.25059575	-1.1295097e-17	0	454.673
9.410000000000301e-11	0.87039965	-0.41512308	0.2495817	-1.1296754e-17	0	454.673
9.420000000000302e-11	0.87091994	-0.41459796	0.24856868	-1.1298405e-17	0	454.673
9.430000000000302e-11	0.8714376	-0.41407347	0.24755678	-1.13000515e-17	0	454.673
9.440000000000303e-11	0.8719527	-0.41354996	0.24654591	-1.1301692e-17	0	454.673
9.450000000000303e-11	0.8724654	-0.4130272	0.24553612	-1.1303325e-17	0	454.673
9.460000000000304e-11	0.87297535	-0.4125052	0.24452741	-1.1304954e-17	0	454.673
9.470000000000304e-11	0.8734829	-0.41198406	0.24351975	-1.1306577e-17	0	454.673
9.480000000000305e-11	0.87398785	-0.41146374	0.24251315	-1.1308196e-17	0	454.673
9.490000000000305e-11	0.8744904	-0.4109442	0.2415076	-1.1309809e-17	0	454.673
9.500000000000306e-11	0.8749903	-0.41042554	0.24050313	-1.1311413e-17	0	454.673
9.510000000000306e-11	0.8754878	-0.40990767	0.2394997	-1.1313017e-17	0	454.673
9.520000000000307e-11	0.8759828	-0.40939063	0.23849733	-1.1314614e-17	0	454.673
9.530000000000307e-11	0.8764753	-0.4088745	0.237496	-1.1316204e-17	0	454.673
9.540000000000308e-11	0.87696534	-0.4083592	0.23649573	-1.1317788e-17	0	454.673
9.550000000000308e-11	0.87745297	-0.4078447	0.23549648	-1.1319367e-17	0	454.673
9.560000000000309e-11	0.87793803	-0.40733108	0.23449829	-1.1320942e-17	0	454.673
9.570000000000309e-11	0.8784207	-0.40681833	0.23350114	-1.1322512e-17	0	454.673
9.58000000000031e-11	0.87890095	-0.40630648	0.23250501	-1.1324075e-17	0	454.673
9.59000000000031e-11	0.87937874	-0.40579545	0.23150991	-1.1325635e-17	0	454.673
9.60000000000031e-11	0.8798541	-0.40528527	0.23051587	-1.1327189e-17	0	454.673
9.610000000000311e-11	0.8803269	-0.404776	0.22952284	-1.13287365e-17	0	454.673
9.620000000000312e-11	0.88079745	-0.40426758	0.22853087	-1.1330278e-17	0	454.673
9.630000000000312e-11	0.8812656	-0.4037601	0.22753987	-1.1331817e-17	0	454.673
9.640000000000313e-11	0.88173133	-0.40325344	0.22654992	-1.1333352e-17	0	454.673
9.650000000000313e-11	0.8821947	-0.40274772	0.225561	-1.1334878e-17	0	454.673
9.660000000000314e-11	0.88265574	-0.40224287	0.22457308	-1.1336401e-17	0	454.673
9.670000000000314e-11	0.88311416	-0.40173894	0.22358619	-1.1337919e-17	0	454.673
9.680000000000315e-11	0.88357043	-0.4012359	0.2226003	-1.1339432e-17	0	454.673
9.690000000000315e-11	0.88402426	-0.4007338	0.22161542	-1.1340938e-17	0	454.673
9.700000000000315e-11	0.8844757	-0.40023255	0.22063155	-1.1342442e-17	0	454.673
9.710000000000316e-11	0.8849249	-0.3997323	0.21964866	-1.1343941e-17	0	454.673
9.720000000000316e-11	0.8853716	-0.39923292	0.21866682	-1.1345434e-17	0	454.673
9.730000000000317e-11	0.8858162	-0.39873442	0.21768595	-1.1346922e-17	0	454.673
9.740000000000317e-11	0.88625824	-0.39823687	0.21670608	-1.1348404e-17	0	454.673
9.750000000000318e-11	0.8866981	-0.3977403	0.21572721	-1.1349882e-17	0	454.673
9.760000000000318e-11	0.8871356	-0.39724457	0.21474934	-1.1351356e-17	0	454.673
9.770000000000319e-11	0.88757086	-0.39674988	0.21377242	-1.1352824e-17	0	454.673
9.780000000000319e-11	0.88800365	-0.39625606	0.21279651	-1.1354289e-17	0	454.673
9.79000000000032e-11	0.8884344	-0.39576322	0.21182159	-1.1355747e-17	0	454.673
9.80000000000032e-11	0.8888626	-0.3952713	0.21084765	-1.1357201e-17	0	454.673
9.810000000000321e-11	0.8892887	-0.39478037	0.20987469	-1.1358651e-17	0	454.673
9.820000000000321e-11	0.8897125	-0.39429036	0.2089027	-1.1360095e-17	0	454.673
9.830000000000322e-11	0.89013404	-0.39380127	0.20793168	-1.1361535e-17	0	454.673
9.840000000000322e-11	0.8905533	-0.39331317	0.20696163	-1.1362972e-17	0	454.673
9.850000000000323e-11	0.89097035	-0.39282605	0.20599256	-1.1364402e-17	0	454.673
9.860000000000323e-11	0.89138514	-0.39233994	0.20502444	-1.1365828e-17	0	454.673
9.870000000000324e-11	0.89179766	-0.39185473	0.2040573	-1.136725e-17	0	454.673
9.880000000000324e-11	0.89220804	-0.39137048	0.20309113	-1.1368666e-17	0	454.673
9.890000000000325e-11	0.89261603	-0.39088726	0.2021259	-1.1370079e-17	0	454.673
9.900000000000325e-11	0.89302206	-0.39040497	0.20116165	-1.1371486e-17	0	454.673
9.910000000000326e-11	0.8934257	-0.38992366	0.20019831	-1.13728905e-17	0	454.673
9.920000000000326e-11	0.89382714	-0.3894434	0.19923592	-1.137429e-17	0	454.673
9.930000000000327e-11	0.89422643	-0.38896406	0.1982745	-1.1375684e-17	0	454.673
9.940000000000327e-11	0.8946235	-0.38848573	0.19731402	-1.1377075e-17	0	454.673
9.950000000000328e-11	0.8950185	-0.3880084	0.19635448	-1.137846e-17	0	454.673
9.960000000000328e-11	0.89541125	-0.38753203	0.1953959	-1.1379842e-17	0	454.673
9.970000000000328e-11	0.8958018	-0.38705668	0.19443823	-1.13812186e-17	0	454.673
9.980000000000329e-11	0.8961903	-0.38658231	0.19348148	-1.138259e-17	0	454.673
9.99000000000033e-11	0.8965765	-0.386109	0.1925257	-1.138396e-17	0	454.673
1.000000000000033e-10	0.89696056	-0.38563663	0.19157082	-1.1385323e-17	0	454.673
1.001000000000033e-10	0.89734256	-0.38516527	0.19061689	-1.1386683e-17	0	454.673
1.0020000000000331e-10	0.89772236	-0.38469496	0.18966386	-1.1388037e-17	0	454.673
1.0030000000000331e-10	0.89810014	-0.3842257	0.18871178	-1.138939e-17	0	454.673
1.0040000000000332e-10	0.8984757	-0.3837574	0.18776058	-1.1390736e-17	0	454.673
1.0050000000000332e-10	0.8988491	-0.3832901	0.18681031	-1.1392079e-17	0	454.673
1.0060000000000333e-10	0.8992206	-0.38282388	0.18586096	-1.1393418e-17	0	454.673
1.0070000000000333e-10	0.89958984	-0.38235867	0.18491252	-1.1394752e-17	0	454.673
1.0080000000000334e-10	0.89995694	-0.38189444	0.18396497	-1.1396082e-17	0	454.673
1.0090000000000334e-10	0.90032214	-0.38143125	0.18301833	-1.13974065e-17	0	454.673
1.0100000000000335e-10	0.9006851	-0.3809691	0.18207258	-1.139873e-17	0	454.673
1.0110000000000335e-10	0.90104604	-0.38050798	0.18112776	-1.14000485e-17	0	454.673
1.0120000000000336e-10	0.9014147	-0.3800188	0.1801907	-1.1594912e-17	0	448.47964
1.0130000000000336e-10	0.90179086	-0.37950176	0.17926145	-1.1596294e-17	0	448.47964
1.0140000000000337e-10	0.9021648	-0.37898603	0.17833321	-1.1597672e-17	0	448.47964
1.0150000000000337e-10	0.9025365	-0.3784716	0.17740591	-1.1599045e-17	0	448.47964
1.0160000000000338e-10	0.90290594	-0.3779585	0.17647961	-1.1600415e-17	0	448.47964
1.0170000000000338e-10	0.9032731	-0.3774467	0.17555426	-1.1601779e-17	0	448.47964
1.0180000000000339e-10	0.9036381	-0.3769362	0.17462987	-1.1603137e-17	0	448.47964
1.0190000000000339e-10	0.9040009	-0.37642705	0.17370644	-1.1604491e-17	0	448.47964
1.020000000000034e-10	0.90436137	-0.37591922	0.17278399	-1.1605842e-17	0	448.47964
1.021000000000034e-10	0.90471953	-0.3754127	0.17186248	-1.1607188e-17	0	448.47964
1.022000000000034e-10	0.90507567	-0.3749075	0.17094192	-1.1608528e-17	0	448.47964
1.0230000000000341e-10	0.9054296	-0.37440366	0.17002231	-1.1609864e-17	0	448.47964
1.0240000000000342e-10	0.90578127	-0.3739011	0.16910364	-1.1611196e-17	0	448.47964
1.0250000000000342e-10	0.90613073	-0.3733999	0.1681859	-1.1612523e-17	0	448.47964
1.0260000000000342e-10	0.90647805	-0.37290004	0.16726911	-1.1613846e-17	0	448.47964
1.0270000000000343e-10	0.9068233	-0.3724015	0.16635326	-1.1615164e-17	0	448.47964
1.0280000000000343e-10	0.90716624	-0.37190428	0.16543832	-1.1616477e-17	0	448.47964
1.0290000000000344e-10	0.9075072	-0.37140843	0.16452432	-1.1617787e-17	0	448.47964
1.0300000000000344e-10	0.9078458	-0.3709139	0.16361125	-1.16190926e-17	0	448.47964
1.0310000000000345e-10	0.9081823	-0.3704207	0.16269909	-1.1620394e-17	0	448.47964
1.0320000000000345e-10	0.90851676	-0.36992884	0.16178784	-1.1621689e-17	0	448.47964
1.0330000000000346e-10	0.908849	-0.36943838	0.1608775	-1.1622982e-17	0	448.47964
1.0340000000000346e-10	0.9091792	-0.3689492	0.1599681	-1.1624268e-17	0	448.47964
1.0350000000000347e-10	0.9095072	-0.3684614	0.15905955	-1.1625554e-17	0	448.47964
1.0360000000000347e-10	0.9098331	-0.36797494	0.15815195	-1.16268325e-17	0	448.47964
1.0370000000000348e-10	0.91015697	-0.3674898	0.15724522	-1.1628108e-17	0	448.47964
1.0380000000000348e-10	0.91047865	-0.36700606	0.15633944	-1.16293786e-17	0	448.47964
1.0390000000000349e-10	0.9107983	-0.36652362	0.15543449	-1.1630645e-17	0	448.47964
1.0400000000000349e-10	0.9111159	-0.3660426	0.15453047	-1.1631907e-17	0	448.47964
1.041000000000035e-10	0.9114313	-0.36556292	0.1536273	-1.1633166e-17	0	448.47964
1.042000000000035e-10	0.9117447	-0.3650846	0.15272503	-1.1634421e-17	0	448.47964
1.0430000000000351e-10	0.912056	-0.3646076	0.15182364	-1.1635671e-17	0	448.47964
1.0440000000000351e-10	0.9123653	-0.364132	0.15092312	-1.16369175e-17	0	448.47964
1.0450000000000352e-10	0.9126725	-0.36365777	0.15002346	-1.1638161e-17	0	448.47964
1.0460000000000352e-10	0.9129778	-0.36318484	0.14912468	-1.1639398e-17	0	448.47964
1.0470000000000353e-10	0.91328096	-0.3627133	0.14822675	-1.1640634e-17	0	448.47964
1.0480000000000353e-10	0.913582	-0.36224315	0.14732969	-1.1641864e-17	0	448.47964
1.0490000000000354e-10	0.9138812	-0.36177433	0.1464335	-1.1643089e-17	0	448.47964
1.0500000000000354e-10	0.91417825	-0.3613069	0.14553815	-1.1644314e-17	0	448.47964
1.0510000000000355e-10	0.9144733	-0.3608408	0.14464365	-1.1645532e-17	0	448.47964
1.0520000000000355e-10	0.91476643	-0.36037612	0.14375001	-1.16467485e-17	0	448.47964
1.0530000000000356e-10	0.9150574	-0.35991278	0.1428572	-1.1647959e-17	0	448.47964
1.0540000000000356e-10	0.91534644	-0.35945085	0.14196521	-1.1649167e-17	0	448.47964
1.0550000000000356e-10	0.91563356	-0.35899025	0.14107409	-1.1650369e-17	0	448.47964
1.0560000000000357e-10	0.9159188	-0.35853103	0.14018379	-1.165157e-17	0	448.47964
1.0570000000000357e-10	0.9162019	-0.35807317	0.13929431	-1.16527654e-17	0	448.47964
1.0580000000000358e-10	0.91648304	-0.35761672	0.13840565	-1.1653959e-17	0	448.47964
1.0590000000000358e-10	0.91676223	-0.35716164	0.13751784	-1.1655147e-17	0	448.47964
1.0600000000000359e-10	0.9170394	-0.3567079	0.13663083	-1.1656332e-17	0	448.47964
1.061000000000036e-10	0.91731477	-0.3562556	0.13574463	-1.1657515e-17	0	448.47964
1.062000000000036e-10	0.9175881	-0.3558046	0.13485926	-1.1658692e-17	0	448.47964
1.063000000000036e-10	0.9178595	-0.355355	0.1339747	-1.1659867e-17	0	448.47964
1.0640000000000361e-10	0.91812897	-0.35490683	0.13309091	-1.1661038e-17	0	448.47964
1.0650000000000361e-10	0.9183966	-0.35445997	0.13220796	-1.1662204e-17	0	448.47964
1.0660000000000362e-10	0.9186622	-0.35401452	0.1313258	-1.1663369e-17	0	448.47964
1.0670000000000362e-10	0.9189258	-0.35357046	0.13044442	-1.166453e-17	0	448.47964
1.0680000000000363e-10	0.9191877	-0.35312775	0.12956382	-1.1665687e-17	0	448.47964
1.0690000000000363e-10	0.91944754	-0.35268646	0.12868404	-1.166684e-17	0	448.47964
1.0700000000000364e-10	0.9197056	-0.35224655	0.12780502	-1.166799e-17	0	448.47964
1.0710000000000364e-10	0.91996163	-0.351808	0.12692678	-1.1669138e-17	0	448.47964
1.0720000000000365e-10	0.9202159	-0.3513708	0.12604934	-1.167028e-17	0	448.47964
1.0730000000000365e-10	0.9204682	-0.3509351	0.12517264	-1.1671419e-17	0	448.47964
1.0740000000000366e-10	0.92071867	-0.3505007	0.12429673	-1.16725566e-17	0	448.47964
1.0750000000000366e-10	0.92096734	-0.35006768	0.12342158	-1.1673691e-17	0	448.47964
1.0760000000000367e-10	0.92121404	-0.34963602	0.12254719	-1.167482e-17	0	448.47964
1.0770000000000367e-10	0.9214589	-0.34920585	0.12167356	-1.1675947e-17	0	448.47964
1.0780000000000368e-10	0.9217019	-0.34877697	0.120800704	-1.1677069e-17	0	448.47964
1.0790000000000368e-10	0.921943	-0.3483495	0.11992857	-1.16781905e-17	0	448.47964
1.0800000000000369e-10	0.9221824	-0.34792346	0.11905719	-1.1679308e-17	0	448.47964
1.0810000000000369e-10	0.9224199	-0.34749874	0.11818656	-1.1680421e-17	0	448.47964
1.082000000000037e-10	0.9226554	-0.3470755	0.11731668	-1.1681532e-17	0	448.47964
1.083000000000037e-10	0.9228893	-0.34665355	0.11644754	-1.168264e-17	0	448.47964
1.084000000000037e-10	0.9231214	-0.34623298	0.11557912	-1.1683745e-17	0	448.47964
1.0850000000000371e-10	0.92335147	-0.3458139	0.11471143	-1.1684846e-17	0	448.47964
1.0860000000000371e-10	0.9235799	-0.3453962	0.113844484	-1.1685944e-17	0	448.47964
1.0870000000000372e-10	0.9238064	-0.34497982	0.11297824	-1.168704e-17	0	448.47964
1.0880000000000372e-10	0.92403126	-0.34456483	0.112112716	-1.1688132e-17	0	448.47964
1.0890000000000373e-10	0.92425424	-0.34415126	0.111247934	-1.1689222e-17	0	448.47964
1.0900000000000373e-10	0.9244753	-0.34373906	0.110383846	-1.1690308e-17	0	448.47964
1.0910000000000374e-10	0.92469466	-0.34332827	0.10952048	-1.1691392e-17	0	448.47964
1.0920000000000374e-10	0.92491245	-0.34291887	0.10865781	-1.1692472e-17	0	448.47964
1.0930000000000375e-10	0.92512816	-0.34251085	0.10779585	-1.1693548e-17	0	448.47964
1.0940000000000375e-10	0.92534226	-0.34210423	0.106934585	-1.1694624e-17	0	448.47964
1.0950000000000376e-10	0.9255545	-0.34169894	0.106074005	-1.1695696e-17	0	448.47964
1.0960000000000376e-10	0.92576504	-0.3412951	0.105214134	-1.1696763e-17	0	448.47964
1.0970000000000377e-10	0.9259738	-0.3408926	0.104354955	-1.169783e-17	0	448.47964
1.0980000000000377e-10	0.92618096	-0.3404916	0.10349645	-1.1698895e-17	0	448.47964
1.0990000000000378e-10	0.9263861	-0.34009188	0.10263863	-1.1699955e-17	0	448.47964
1.1000000000000378e-10	0.92658967	-0.3396936	0.10178149	-1.1701012e-17	0	448.47964
1.1010000000000379e-10	0.92679155	-0.33929667	0.10092503	-1.1702068e-17	0	448.47964
1.1020000000000379e-10	0.9269916	-0.33890113	0.100069225	-1.170312e-17	0	448.47964
1.103000000000038e-10	0.9271898	-0.338507	0.0992141	-1.1704169e-17	0	448.47964
1.104000000000038e-10	0.9273865	-0.33811423	0.09835964	-1.1705216e-17	0	448.47964
1.105000000000038e-10	0.9275814	-0.3377229	0.09750582	-1.1706259e-17	0	448.47964
1.1060000000000381e-10	0.92777455	-0.33733293	0.09665269	-1.17073014e-17	0	448.47964
1.1070000000000382e-10	0.927966	-0.33694434	0.09580019	-1.170834e-17	0	448.47964
1.1080000000000382e-10	0.9281557	-0.33655715	0.09494835	-1.1709375e-17	0	448.47964
1.1090000000000383e-10	0.9283439	-0.33617133	0.09409716	-1.1710409e-17	0	448.47964
1.1100000000000383e-10	0.9285302	-0.33578694	0.09324661	-1.1711441e-17	0	448.47964
1.1110000000000383e-10	0.9287149	-0.33540395	0.0923967	-1.1712469e-17	0	448.47964
1.1120000000000384e-10	0.9289013	-0.33500728	0.09155086	-1.1884841e-17	0	442.53427
1.1130000000000384e-10	0.9290891	-0.33459723	0.090709075	-1.1885908e-17	0	442.53427
1.1140000000000385e-10	0.9292753	-0.33418885	0.08986795	-1.18869725e-17	0	442.53427
1.1150000000000385e-10	0.9294595	-0.33378208	0.08902745	-1.1888033e-17	0	442.53427
1.1160000000000386e-10	0.92964196	-0.33337697	0.0881876	-1.1889092e-17	0	442.53427
1.1170000000000386e-10	0.9298225	-0.33297348	0.08734837	-1.189015e-17	0	442.53427
1.1180000000000387e-10	0.93000144	-0.33257163	0.086509794	-1.1891202e-17	0	442.53427
1.1190000000000387e-10	0.93017846	-0.33217144	0.08567181	-1.1892253e-17	0	442.53427
1.1200000000000388e-10	0.9303536	-0.3317729	0.08483447	-1.1893301e-17	0	442.53427
1.1210000000000388e-10	0.9305271	-0.33137593	0.08399774	-1.1894346e-17	0	442.53427
1.1220000000000389e-10	0.93069875	-0.33098066	0.08316162	-1.1895388e-17	0	442.53427
1.1230000000000389e-10	0.9308685	-0.33058694	0.082326114	-1.189643e-17	0	442.53427
1.124000000000039e-10	0.9310366	-0.33019492	0.0814912	-1.1897467e-17	0	442.53427
1.125000000000039e-10	0.93120295	-0.3298045	0.0806569	-1.1898502e-17	0	442.53427
1.1260000000000391e-10	0.9313674	-0.32941574	0.07982319	-1.1899535e-17	0	442.53427
1.1270000000000391e-10	0.9315302	-0.3290286	0.07899007	-1.1900564e-17	0	442.53427
1.1280000000000392e-10	0.9316911	-0.32864305	0.078157544	-1.1901592e-17	0	442.53427
1.1290000000000392e-10	0.93185043	-0.32825917	0.077325605	-1.1902616e-17	0	442.53427
1.1300000000000393e-10	0.93200785	-0.32787693	0.07649424	-1.190364e-17	0	442.53427
1.1310000000000393e-10	0.93216354	-0.3274963	0.07566345	-1.1904661e-17	0	442.53427
1.1320000000000394e-10	0.9323175	-0.3271173	0.07483323	-1.1905679e-17	0	442.53427
1.1330000000000394e-10	0.9324697	-0.32673988	0.07400358	-1.1906694e-17	0	442.53427
1.1340000000000395e-10	0.9326202	-0.32636413	0.07317449	-1.1907708e-17	0	442.53427
1.1350000000000395e-10	0.93276906	-0.32598996	0.07234597	-1.1908718e-17	0	442.53427
1.1360000000000396e-10	0.93291605	-0.32561746	0.071518	-1.19097274e-17	0	442.53427
1.1370000000000396e-10	0.93306136	-0.32524657	0.07069058	-1.1910735e-17	0	442.53427
1.1380000000000397e-10	0.9332049	-0.32487726	0.06986372	-1.1911738e-17	0	442.53427
1.1390000000000397e-10	0.9333469	-0.32450962	0.069037385	-1.1912741e-17	0	442.53427
1.1400000000000397e-10	0.93348706	-0.32414356	0.0682116	-1.1913741e-17	0	442.53427
1.1410000000000398e-10	0.9336254	-0.32377914	0.06738635	-1.19147385e-17	0	442.53427
1.1420000000000398e-10	0.93376213	-0.3234163	0.06656163	-1.1915734e-17	0	442.53427
1.1430000000000399e-10	0.93389726	-0.32305512	0.06573744	-1.1916729e-17	0	442.53427
1.14400000000004e-10	0.93403053	-0.32269555	0.064913765	-1.1917719e-17	0	442.53427
1.14500000000004e-10	0.93416214	-0.32233757	0.06409062	-1.1918708e-17	0	442.53427
1.14600000000004e-10	0.93429214	-0.3219812	0.06326798	-1.1919696e-17	0	442.53427
1.1470000000000401e-10	0.93442035	-0.32162642	0.062445864	-1.1920681e-17	0	442.53427
1.1480000000000401e-10	0.934547	-0.32127327	0.061624248	-1.1921664e-17	0	442.53427
1.1490000000000402e-10	0.934672	-0.32092175	0.060803138	-1.19226455e-17	0	442.53427
1.1500000000000402e-10	0.9347952	-0.3205718	0.059982523	-1.1923625e-17	0	442.53427
1.1510000000000403e-10	0.93491673	-0.32022348	0.059162408	-1.1924602e-17	0	442.53427
1.1520000000000403e-10	0.93503666	-0.31987676	0.058342785	-1.1925578e-17	0	442.53427
1.1530000000000404e-10	0.9351548	-0.31953165	0.057523645	-1.19265515e-17	0	442.53427
1.1540000000000404e-10	0.9352714	-0.31918812	0.05670499	-1.19275226e-17	0	442.53427
1.1550000000000405e-10	0.9353864	-0.31884623	0.05588682	-1.1928493e-17	0	442.53427
1.1560000000000405e-10	0.9354996	-0.31850588	0.055069126	-1.19294615e-17	0	442.53427
1.1570000000000406e-10	0.93561125	-0.31816715	0.054251894	-1.1930427e-17	0	442.53427
1.1580000000000406e-10	0.93572116	-0.31783	0.05343514	-1.1931391e-17	0	442.53427
1.1590000000000407e-10	0.9358295	-0.31749448	0.05261884	-1.1932354e-17	0	442.53427
1.1600000000000407e-10	0.9359361	-0.31716052	0.051803008	-1.19333145e-17	0	442.53427
1.1610000000000408e-10	0.9360412	-0.31682816	0.050987627	-1.1934275e-17	0	442.53427
1.1620000000000408e-10	0.9361446	-0.31649745	0.0501727	-1.1935233e-17	0	442.53427
1.1630000000000409e-10	0.93624645	-0.31616822	0.04935822	-1.1936188e-17	0	442.53427
1.1640000000000409e-10	0.93634653	-0.31584063	0.04854419	-1.1937142e-17	0	442.53427
1.1650000000000407e-10	0.9364451	-0.31551462	0.047730595	-1.1938095e-17	0	442.53427
1.1660000000000405e-10	0.9365419	-0.31519023	0.04691743	-1.1939047e-17	0	442.53427
1.1670000000000403e-10	0.9366373	-0.31486738	0.046104707	-1.1939995e-17	0	442.53427
1.16800000000004e-10	0.936731	-0.3145461	0.045292407	-1.1940943e-17	0	442.53427
1.1690000000000399e-10	0.936823	-0.31422645	0.04448054	-1.1941889e-17	0	442.53427
1.1700000000000396e-10	0.93691355	-0.3139083	0.043669082	-1.1942835e-17	0	442.53427
1.1710000000000394e-10	0.9370023	-0.3135918	0.042858046	-1.1943777e-17	0	442.53427
1.1720000000000392e-10	0.93708956	-0.3132769	0.042047426	-1.19447205e-17	0	442.53427
1.173000000000039e-10	0.9371753	-0.31296355	0.04123721	-1.194566e-17	0	442.53427
1.1740000000000388e-10	0.9372592	-0.3126517	0.0404274	-1.1946599e-17	0	442.53427
1.1750000000000386e-10	0.9373417	-0.31234148	0.039617993	-1.1947537e-17	0	442.53427
1.1760000000000384e-10	0.93742263	-0.31203282	0.038808987	-1.19484726e-17	0	442.53427
1.1770000000000382e-10	0.93750185	-0.31172574	0.038000368	-1.19494065e-17	0	442.53427
1.178000000000038e-10	0.9375795	-0.3114202	0.03719214	-1.195034e-17	0	442.53427
1.1790000000000378e-10	0.9376557	-0.3111162	0.0363843	-1.1951272e-17	0	442.53427
1.1800000000000375e-10	0.9377302	-0.31081378	0.035576835	-1.1952202e-17	0	442.53427
1.1810000000000373e-10	0.93780315	-0.31051296	0.034769755	-1.1953132e-17	0	442.53427
1.182000000000037e-10	0.93787456	-0.31021369	0.03396305	-1.195406e-17	0	442.53427
1.183000000000037e-10	0.9379444	-0.30991596	0.03315671	-1.19549874e-17	0	442.53427
1.1840000000000367e-10	0.93801266	-0.30961975	0.03235074	-1.1955913e-17	0	442.53427
1.1850000000000365e-10	0.93807924	-0.30932516	0.031545136	-1.1956837e-17	0	442.53427
1.1860000000000363e-10	0.93814427	-0.30903205	0.030739885	-1.195776e-17	0	442.53427
1.187000000000036e-10	0.93820786	-0.30874053	0.029934991	-1.1958683e-17	0	442.53427
1.1880000000000359e-10	0.9382699	-0.30845058	0.029130448	-1.1959605e-17	0	442.53427
1.1890000000000357e-10	0.9383303	-0.30816215	0.028326252	-1.19605254e-17	0	442.53427
1.1900000000000354e-10	0.93838906	-0.30787525	0.0275224	-1.1961443e-17	0	442.53427
1.1910000000000352e-10	0.9384464	-0.30758992	0.02671889	-1.196236e-17	0	442.53427
1.192000000000035e-10	0.93850225	-0.3073061	0.025915714	-1.19632775e-17	0	442.53427
1.1930000000000348e-10	0.93855643	-0.30702385	0.025112871	-1.1964192e-17	0	442.53427
1.1940000000000346e-10	0.9386092	-0.30674312	0.024310358	-1.1965106e-17	0	442.53427
1.1950000000000344e-10	0.9386602	-0.30646393	0.023508165	-1.196602e-17	0	442.53427
1.1960000000000342e-10	0.93870974	-0.30618626	0.022706296	-1.1966933e-17	0	442.53427
1.197000000000034e-10	0.9387579	-0.30591017	0.021904746	-1.19678435e-17	0	442.53427
1.1980000000000338e-10	0.9388044	-0.30563557	0.021103509	-1.1968756e-17	0	442.53427
1.1990000000000335e-10	0.93884933	-0.30536246	0.02030258	-1.1969663e-17	0	442.53427
1.2000000000000333e-10	0.9388927	-0.3050909	0.01950196	-1.1970573e-17	0	442.53427
1.201000000000033e-10	0.9389347	-0.3048209	0.018701639	-1.1971481e-17	0	442.53427
1.202000000000033e-10	0.938975	-0.30455238	0.017901618	-1.1972389e-17	0	442.53427
1.2030000000000327e-10	0.9390139	-0.3042854	0.017101893	-1.1973294e-17	0	442.53427
1.2040000000000325e-10	0.9390512	-0.30401996	0.016302457	-1.1974201e-17	0	442.53427
1.2050000000000323e-10	0.9390871	-0.303756	0.01550331	-1.19751045e-17	0	442.53427
1.206000000000032e-10	0.9391214	-0.30349356	0.014704445	-1.1976009e-17	0	442.53427
1.2070000000000319e-10	0.93915415	-0.3032326	0.013905862	-1.197691e-17	0	442.53427
1.2080000000000317e-10	0.9391854	-0.3029732	0.013107555	-1.19778135e-17	0	442.53427
1.2090000000000314e-10	0.9392151	-0.30271527	0.012309522	-1.1978713e-17	0	442.53427
1.2100000000000312e-10	0.9392433	-0.30245885	0.011511755	-1.1979614e-17	0	442.53427
1.211000000000031e-10	0.9392701	-0.30220395	0.010714255	-1.1980515e-17	0	442.53427
1.2120000000000308e-10	0.9392953	-0.30195057	0.009917017	-1.1981414e-17	0	442.53427
1.2130000000000306e-10	0.939315	-0.30169415	0.009120636	-1.2147465e-17	0	436.799
1.2140000000000304e-10	0.9393331	-0.30143952	0.008324455	-1.2148402e-17	0	436.799
1.2150000000000302e-10	0.9393496	-0.30118662	0.0075284773	-1.2149341e-17	0	436.799
1.21600000000003e-10	0.9393643	-0.3009354	0.0067326934	-1.2150277e-17	0	436.799
1.2170000000000298e-10	0.9393774	-0.30068588	0.0059371023	-1.2151214e-17	0	436.799
1.2180000000000296e-10	0.939389	-0.30043814	0.0051416927	-1.2152149e-17	0	436.799
1.2190000000000293e-10	0.9393989	-0.30019203	0.0043464694	-1.21530865e-17	0	436.799
1.2200000000000291e-10	0.9394071	-0.2999477	0.0035514226	-1.2154021e-17	0	436.799
1.221000000000029e-10	0.9394136	-0.29970503	0.0027565518	-1.21549575e-17	0	436.799
1.2220000000000287e-10	0.9394187	-0.2994641	0.0019618515	-1.2155892e-17	0	436.799
1.2230000000000285e-10	0.93942195	-0.29922488	0.0011673169	-1.2156827e-17	0	436.799
1.2240000000000283e-10	0.9394237	-0.2989873	0.00037294254	-1.215776e-17	0	436.799
1.225000000000028e-10	0.93942374	-0.29875147	-0.00042127375	-1.21586956e-17	0	436.799
1.226000000000028e-10	0.93942213	-0.29851732	-0.001215335	-1.215963e-17	0	436.799
1.2270000000000277e-10	0.939419	-0.29828483	-0.0020092502	-1.2160563e-17	0	436.799
1.2280000000000275e-10	0.93941414	-0.29805407	-0.0028030165	-1.2161497e-17	0	436.799
1.2290000000000272e-10	0.93940765	-0.29782498	-0.003596644	-1.2162433e-17	0	436.799
1.230000000000027e-10	0.9393996	-0.29759756	-0.0043901303	-1.2163364e-17	0	436.799
1.2310000000000268e-10	0.9393898	-0.29737186	-0.005183489	-1.2164297e-17	0	436.799
1.2320000000000266e-10	0.93937856	-0.29714778	-0.005976716	-1.2165231e-17	0	436.799
1.2330000000000264e-10	0.9393656	-0.2969254	-0.0067698173	-1.2166165e-17	0	436.799
1.2340000000000262e-10	0.9393511	-0.2967047	-0.0075627975	-1.2167098e-17	0	436.799
1.235000000000026e-10	0.93933487	-0.29648566	-0.008355665	-1.2168031e-17	0	436.799
1.2360000000000258e-10	0.9393171	-0.29626828	-0.009148417	-1.2168965e-17	0	436.799
1.2370000000000256e-10	0.9392976	-0.29605258	-0.009941064	-1.2169898e-17	0	436.799
1.2380000000000253e-10	0.9392766	-0.2958385	-0.010733604	-1.2170832e-17	0	436.799
1.2390000000000251e-10	0.9392539	-0.29562613	-0.011526048	-1.2171766e-17	0	436.799
1.240000000000025e-10	0.9392296	-0.2954154	-0.01231839	-1.21727e-17	0	436.799
1.2410000000000247e-10	0.9392037	-0.2952063	-0.013110644	-1.21736344e-17	0	436.799
1.2420000000000245e-10	0.9391762	-0.29499888	-0.013902809	-1.21745675e-17	0	436.799
1.2430000000000243e-10	0.939147	-0.29479307	-0.014694888	-1.2175502e-17	0	436.799
1.244000000000024e-10	0.9391163	-0.29458892	-0.015486887	-1.2176437e-17	0	436.799
1.245000000000024e-10	0.93908393	-0.29438645	-0.01627881	-1.21773725e-17	0	436.799
1.2460000000000237e-10	0.9390499	-0.29418555	-0.017070664	-1.2178306e-17	0	436.799
1.2470000000000235e-10	0.9390143	-0.29398632	-0.017862441	-1.2179243e-17	0	436.799
1.2480000000000232e-10	0.9389771	-0.29378873	-0.018654162	-1.2180178e-17	0	436.799
1.249000000000023e-10	0.9389383	-0.29359275	-0.019445822	-1.2181113e-17	0	436.799
1.2500000000000228e-10	0.93889785	-0.2933984	-0.020237423	-1.218205e-17	0	436.799
1.2510000000000226e-10	0.9388558	-0.29320568	-0.021028977	-1.2182988e-17	0	436.799
1.2520000000000224e-10	0.93881214	-0.29301456	-0.021820474	-1.2183924e-17	0	436.799
1.2530000000000222e-10	0.93876684	-0.29282504	-0.02261193	-1.2184861e-17	0	436.799
1.254000000000022e-10	0.93872	-0.29263714	-0.023403347	-1.21858e-17	0	436.799
1.2550000000000218e-10	0.9386716	-0.29245088	-0.024194732	-1.2186739e-17	0	436.799
1.2560000000000216e-10	0.9386214	-0.29226622	-0.024986077	-1.2187677e-17	0	436.799
1.2570000000000214e-10	0.9385697	-0.29208314	-0.025777392	-1.2188617e-17	0	436.799
1.2580000000000211e-10	0.9385163	-0.29190165	-0.026568685	-1.2189557e-17	0	436.799
1.259000000000021e-10	0.9384615	-0.2917218	-0.027359959	-1.21904965e-17	0	436.799
1.2600000000000207e-10	0.9384048	-0.29154354	-0.028151209	-1.21914395e-17	0	436.799
1.2610000000000205e-10	0.9383466	-0.29136682	-0.028942458	-1.2192382e-17	0	436.799
1.2620000000000203e-10	0.9382868	-0.29119173	-0.02973368	-1.2193323e-17	0	436.799
1.26300000000002e-10	0.93822557	-0.29101822	-0.030524908	-1.2194266e-17	0	436.799
1.26400000000002e-10	0.93816245	-0.29084626	-0.031316128	-1.219521e-17	0	436.799
1.2650000000000197e-10	0.93809783	-0.2906759	-0.032107353	-1.21961544e-17	0	436.799
1.2660000000000195e-10	0.9380317	-0.29050714	-0.032898586	-1.2197099e-17	0	436.799
1.2670000000000193e-10	0.9379639	-0.2903399	-0.033689823	-1.2198045e-17	0	436.799
1.268000000000019e-10	0.9378944	-0.29017422	-0.034481075	-1.2198992e-17	0	436.799
1.2690000000000188e-10	0.9378234	-0.29001015	-0.035272345	-1.219994e-17	0	436.799
1.2700000000000186e-10	0.93775076	-0.2898476	-0.036063634	-1.22008876e-17	0	436.799
1.2710000000000184e-10	0.93767637	-0.28968665	-0.036854945	-1.2201837e-17	0	436.799
1.2720000000000182e-10	0.93760043	-0.28952724	-0.037646286	-1.2202787e-17	0	436.799
1.273000000000018e-10	0.937523	-0.28936937	-0.03843766	-1.2203737e-17	0	436.799
1.2740000000000178e-10	0.93744385	-0.28921303	-0.039229065	-1.22046885e-17	0	436.799
1.2750000000000176e-10	0.93736315	-0.2890582	-0.040020514	-1.2205641e-17	0	436.799
1.2760000000000174e-10	0.9372807	-0.28890502	-0.040812	-1.2206594e-17	0	436.799
1.2770000000000171e-10	0.93719685	-0.2887533	-0.041603535	-1.2207549e-17	0	436.799
1.278000000000017e-10	0.93711126	-0.28860313	-0.042395126	-1.2208504e-17	0	436.799
1.2790000000000167e-10	0.93702406	-0.28845447	-0.043186765	-1.22094605e-17	0	436.799
1.2800000000000165e-10	0.9369352	-0.28830734	-0.04397846	-1.2210418e-17	0	436.799
1.2810000000000163e-10	0.93684477	-0.28816172	-0.04477022	-1.2211376e-17	0	436.799
1.282000000000016e-10	0.9367528	-0.28801763	-0.045562036	-1.2212336e-17	0	436.799
1.283000000000016e-10	0.9366591	-0.2878751	-0.046353936	-1.2213297e-17	0	436.799
1.2840000000000157e-10	0.9365638	-0.287734	-0.047145896	-1.2214258e-17	0	436.799
1.2850000000000155e-10	0.93646693	-0.28759447	-0.04793793	-1.2215222e-17	0	436.799
1.2860000000000153e-10	0.93636847	-0.2874564	-0.048730046	-1.2216185e-17	0	436.799
1.287000000000015e-10	0.9362682	-0.28731984	-0.049522236	-1.2217151e-17	0	436.799
1.2880000000000148e-10	0.9361665	-0.2871848	-0.050314523	-1.2218116e-17	0	436.799
1.2890000000000146e-10	0.9360631	-0.28705126	-0.0511069	-1.2219085e-17	0	436.799
1.2900000000000144e-10	0.935958	-0.28691915	-0.051899366	-1.22200525e-17	0	436.799
1.2910000000000142e-10	0.93585145	-0.28678855	-0.05269193	-1.2221022e-17	0	436.799
1.292000000000014e-10	0.9357432	-0.28665945	-0.05348459	-1.2221993e-17	0	436.799
1.2930000000000138e-10	0.9356334	-0.2865318	-0.054277357	-1.2222966e-17	0	436.799
1.2940000000000136e-10	0.9355218	-0.28640562	-0.05507023	-1.222394e-17	0	436.799
1.2950000000000134e-10	0.9354088	-0.2862809	-0.055863213	-1.22249155e-17	0	436.799
1.2960000000000132e-10	0.9352939	-0.2861577	-0.05665631	-1.2225892e-17	0	436.799
1.297000000000013e-10	0.93517756	-0.28603593	-0.05744952	-1.2226869e-17	0	436.799
1.2980000000000127e-10	0.93505955	-0.28591558	-0.058242854	-1.2227848e-17	0	436.799
1.2990000000000125e-10	0.9349399	-0.28579673	-0.059036307	-1.222883e-17	0	436.799
1.3000000000000123e-10	0.9348187	-0.28567934	-0.05982989	-1.22298124e-17	0	436.799
1.301000000000012e-10	0.93469566	-0.28556335	-0.06062361	-1.2230796e-17	0	436.799
1.302000000000012e-10	0.93457115	-0.2854488	-0.061417453	-1.2231781e-17	0	436.799
1.3030000000000117e-10	0.93444496	-0.28533572	-0.062211443	-1.2232768e-17	0	436.799
1.3040000000000115e-10	0.9343171	-0.28522402	-0.06300557	-1.2233756e-17	0	436.799
1.3050000000000113e-10	0.93418765	-0.28511378	-0.063799836	-1.2234745e-17	0	436.799
1.306000000000011e-10	0.93405664	-0.28500497	-0.06459425	-1.2235735e-17	0	436.799
1.3070000000000108e-10	0.93392396	-0.28489757	-0.06538881	-1.22367285e-17	0	436.799
1.3080000000000106e-10	0.9337895	-0.28479165	-0.06618354	-1.22377236e-17	0	436.799
1.3090000000000104e-10	0.9336536	-0.28468707	-0.0669784	-1.22387195e-17	0	436.799
1.3100000000000102e-10	0.9335159	-0.28458387	-0.06777345	-1.2239716e-17	0	436.799
1.31100000000001e-10	0.93337655	-0.28448215	-0.06856865	-1.2240716e-17	0	436.799
1.3120000000000098e-10	0.93323565	-0.2843818	-0.06936402	-1.2241718e-17	0	436.799
1.3130000000000096e-10	0.9330858	-0.28429186	-0.07016202	-1.2415253e-17	0	431.29453
1.3140000000000094e-10	0.9329269	-0.28421247	-0.07096273	-1.24163276e-17	0	431.29453
1.3150000000000092e-10	0.93276614	-0.28413463	-0.07176373	-1.2417402e-17	0	431.29453
1.316000000000009e-10	0.9326037	-0.28405842	-0.07256502	-1.2418482e-17	0	431.29453
1.3170000000000087e-10	0.93243927	-0.28398374	-0.07336661	-1.24195635e-17	0	431.29453
1.3180000000000085e-10	0.9322731	-0.28391063	-0.074168496	-1.2420646e-17	0	431.29453
1.3190000000000083e-10	0.93210506	-0.28383908	-0.07497068	-1.2421733e-17	0	431.29453
1.320000000000008e-10	0.9319352	-0.28376907	-0.075773165	-1.2422822e-17	0	431.29453
1.321000000000008e-10	0.9317634	-0.28370062	-0.07657596	-1.2423913e-17	0	431.29453
1.3220000000000077e-10	0.9315898	-0.2836337	-0.077379055	-1.2425006e-17	0	431.29453
1.3230000000000075e-10	0.9314144	-0.28356835	-0.07818249	-1.24261015e-17	0	431.29453
1.3240000000000073e-10	0.93123716	-0.2835045	-0.07898622	-1.2427202e-17	0	431.29453
1.325000000000007e-10	0.93105793	-0.28344217	-0.079790294	-1.2428304e-17	0	431.29453
1.3260000000000068e-10	0.93087703	-0.28338137	-0.08059468	-1.2429409e-17	0	431.29453
1.3270000000000066e-10	0.9306941	-0.2833221	-0.081399396	-1.2430515e-17	0	431.29453
1.3280000000000064e-10	0.9305094	-0.28326437	-0.082204446	-1.2431626e-17	0	431.29453
1.3290000000000062e-10	0.9303229	-0.28320807	-0.08300984	-1.2432739e-17	0	431.29453
1.330000000000006e-10	0.9301343	-0.28315336	-0.08381555	-1.2433854e-17	0	431.29453
1.3310000000000058e-10	0.92994404	-0.28310007	-0.08462162	-1.2434972e-17	0	431.29453
1.3320000000000056e-10	0.9297519	-0.2830483	-0.085428044	-1.2436095e-17	0	431.29453
1.3330000000000054e-10	0.92955786	-0.28299803	-0.0862348	-1.243722e-17	0	431.29453
1.3340000000000052e-10	0.92936194	-0.28294924	-0.08704192	-1.24383455e-17	0	431.29453
1.335000000000005e-10	0.92916405	-0.2829019	-0.08784939	-1.2439477e-17	0	431.29453
1.3360000000000047e-10	0.9289643	-0.28285605	-0.08865722	-1.24406095e-17	0	431.29453
1.3370000000000045e-10	0.92876273	-0.2828116	-0.08946542	-1.2441745e-17	0	431.29453
1.3380000000000043e-10	0.9285593	-0.2827687	-0.09027398	-1.2442885e-17	0	431.29453
1.339000000000004e-10	0.9283538	-0.2827272	-0.091082916	-1.2444028e-17	0	431.29453
1.340000000000004e-10	0.9281466	-0.2826872	-0.09189221	-1.2445173e-17	0	431.29453
1.3410000000000037e-10	0.92793745	-0.28264856	-0.09270189	-1.2446322e-17	0	431.29453
1.3420000000000035e-10	0.9277264	-0.28261143	-0.09351196	-1.24474734e-17	0	431.29453
1.3430000000000033e-10	0.9275134	-0.2825757	-0.0943224	-1.2448628e-17	0	431.29453
1.344000000000003e-10	0.9272985	-0.28254136	-0.09513322	-1.2449785e-17	0	431.29453
1.3450000000000029e-10	0.9270817	-0.2825085	-0.095944434	-1.24509476e-17	0	431.29453
1.3460000000000026e-10	0.92686296	-0.28247702	-0.09675604	-1.2452111e-17	0	431.29453
1.3470000000000024e-10	0.9266424	-0.28244695	-0.09756805	-1.2453279e-17	0	431.29453
1.3480000000000022e-10	0.9264199	-0.28241828	-0.09838045	-1.2454451e-17	0	431.29453
1.349000000000002e-10	0.9261953	-0.282391	-0.09919324	-1.24556245e-17	0	431.29453
1.3500000000000018e-10	0.92596895	-0.28236514	-0.10000645	-1.2456802e-17	0	431.29453
1.3510000000000016e-10	0.9257407	-0.28234065	-0.10082007	-1.2457983e-17	0	431.29453
1.3520000000000014e-10	0.9255105	-0.28231752	-0.10163408	-1.2459168e-17	0	431.29453
1.3530000000000012e-10	0.92527825	-0.28229576	-0.102448516	-1.2460356e-17	0	431.29453
1.354000000000001e-10	0.92504406	-0.2822754	-0.103263356	-1.2461547e-17	0	431.29453
1.3550000000000007e-10	0.924808	-0.2822564	-0.10407863	-1.2462742e-17	0	431.29453
1.3560000000000005e-10	0.92457	-0.2822387	-0.104894325	-1.246394e-17	0	431.29453
1.3570000000000003e-10	0.92433	-0.2822224	-0.10571043	-1.2465141e-17	0	431.29453
1.358e-10	0.9240882	-0.2822074	-0.106526986	-1.2466347e-17	0	431.29453
1.3594999999999998e-10	0.9237216	-0.28218746	-0.1077526	-1.2468163e-17	0	431.29453
1.3604999999999996e-10	0.9234748	-0.2821758	-0.108570226	-1.2469376e-17	0	431.29453
1.3614999999999994e-10	0.923226	-0.28216544	-0.10938829	-1.2470594e-17	0	431.29453
1.3624999999999992e-10	0.9229753	-0.28215644	-0.11020678	-1.2471816e-17	0	431.29453
1.363499999999999e-10	0.9227226	-0.28214872	-0.11102573	-1.247304e-17	0	431.29453
1.3644999999999988e-10	0.92246795	-0.2821423	-0.11184512	-1.2474268e-17	0	431.29453
1.3654999999999985e-10	0.9222113	-0.2821372	-0.11266497	-1.2475502e-17	0	431.29453
1.3664999999999983e-10	0.9219526	-0.28213334	-0.11348525	-1.2476737e-17	0	431.29453
1.367499999999998e-10	0.921692	-0.2821308	-0.11430599	-1.2477978e-17	0	431.29453
1.368499999999998e-10	0.9214294	-0.28212953	-0.1151272	-1.2479221e-17	0	431.29453
1.3694999999999977e-10	0.9211649	-0.2821295	-0.11594886	-1.2480469e-17	0	431.29453
1.3704999999999975e-10	0.9208983	-0.28213078	-0.116770975	-1.248172e-17	0	431.29453
1.3714999999999973e-10	0.9206296	-0.28213328	-0.11759356	-1.2482976e-17	0	431.29453
1.372499999999997e-10	0.9203591	-0.282137	-0.1184166	-1.2484236e-17	0	431.29453
1.3734999999999969e-10	0.9200865	-0.28214204	-0.119240135	-1.2485498e-17	0	431.29453
1.3744999999999966e-10	0.91981184	-0.28214824	-0.12006411	-1.2486765e-17	0	431.29453
1.3754999999999964e-10	0.9195353	-0.28215575	-0.120888576	-1.2488035e-17	0	431.29453
1.3764999999999962e-10	0.9192566	-0.2821644	-0.12171353	-1.2489311e-17	0	431.29453
1.377499999999996e-10	0.918976	-0.2821743	-0.12253895	-1.249059e-17	0	431.29453
1.3784999999999958e-10	0.91869336	-0.28218538	-0.12336486	-1.2491873e-17	0	431.29453
1.3794999999999956e-10	0.9184086	-0.28219768	-0.12419123	-1.249316e-17	0	431.29453
1.3804999999999954e-10	0.9181219	-0.28221118	-0.12501812	-1.24944515e-17	0	431.29453
1.3814999999999952e-10	0.9178332	-0.28222585	-0.12584548	-1.2495748e-17	0	431.29453
1.382499999999995e-10	0.91754234	-0.2822417	-0.12667333	-1.2497046e-17	0	431.29453
1.3834999999999948e-10	0.91724956	-0.28225875	-0.12750167	-1.249835e-17	0	431.29453
1.3844999999999945e-10	0.91695464	-0.2822769	-0.1283305	-1.2499657e-17	0	431.29453
1.3854999999999943e-10	0.91665775	-0.28229627	-0.12915985	-1.250097e-17	0	431.29453
1.386499999999994e-10	0.91635877	-0.28231674	-0.12998968	-1.2502284e-17	0	431.29453
1.387499999999994e-10	0.9160577	-0.2823384	-0.13082	-1.2503606e-17	0	431.29453
1.3884999999999937e-10	0.9157547	-0.28236115	-0.13165087	-1.2504929e-17	0	431.29453
1.3894999999999935e-10	0.9154494	-0.28238508	-0.1324822	-1.2506259e-17	0	431.29453
1.3904999999999933e-10	0.91514224	-0.28241014	-0.13331404	-1.2507593e-17	0	431.29453
1.391499999999993e-10	0.91483295	-0.28243625	-0.13414642	-1.2508929e-17	0	431.29453
1.3924999999999929e-10	0.9145217	-0.2824635	-0.13497931	-1.2510271e-17	0	431.29453
1.3934999999999927e-10	0.9142082	-0.28249183	-0.13581268	-1.2511617e-17	0	431.29453
1.3944999999999924e-10	0.9138926	-0.28252128	-0.13664661	-1.2512968e-17	0	431.29453
1.3954999999999922e-10	0.91357505	-0.28255177	-0.13748103	-1.2514323e-17	0	431.29453
1.396499999999992e-10	0.9132553	-0.28258336	-0.13831596	-1.2515682e-17	0	431.29453
1.3974999999999918e-10	0.9129336	-0.28261605	-0.13915144	-1.2517047e-17	0	431.29453
1.3984999999999916e-10	0.9126098	-0.28264976	-0.13998742	-1.2518414e-17	0	431.29453
1.3994999999999914e-10	0.9122837	-0.2826845	-0.14082395	-1.2519788e-17	0	431.29453
1.4004999999999912e-10	0.91195565	-0.2827203	-0.14166099	-1.2521165e-17	0	431.29453
1.401499999999991e-10	0.9116255	-0.28275716	-0.14249855	-1.25225475e-17	0	431.29453
1.4024999999999908e-10	0.91129315	-0.28279504	-0.14333665	-1.2523934e-17	0	431.29453
1.4034999999999906e-10	0.91095877	-0.28283396	-0.1441753	-1.2525325e-17	0	431.29453
1.4044999999999903e-10	0.91062224	-0.28287387	-0.14501446	-1.2526721e-17	0	431.29453
1.4054999999999901e-10	0.91028357	-0.2829148	-0.14585416	-1.2528121e-17	0	431.29453
1.40649999999999e-10	0.9099428	-0.28295672	-0.1466944	-1.25295264e-17	0	431.29453
1.4074999999999897e-10	0.9095999	-0.2829996	-0.14753519	-1.2530934e-17	0	431.29453
1.4084999999999895e-10	0.90925497	-0.2830435	-0.14837652	-1.253235e-17	0	431.29453
1.4094999999999893e-10	0.90890765	-0.2830883	-0.14921837	-1.2533769e-17	0	431.29453
1.410499999999989e-10	0.9085584	-0.2831341	-0.15006079	-1.2535192e-17	0	431.29453
1.4114999999999889e-10	0.90820694	-0.2831809	-0.15090375	-1.2536623e-17	0	431.29453
1.4124999999999887e-10	0.90785336	-0.28322864	-0.15174723	-1.25380555e-17	0	431.29453
1.4134999999999884e-10	0.90748405	-0.2832958	-0.15259607	-1.2736392e-17	0	426.0115
1.4144999999999882e-10	0.9070987	-0.2833826	-0.15345041	-1.27379735e-17	0	426.0115
1.415499999999988e-10	0.90671116	-0.28347036	-0.15430543	-1.2739561e-17	0	426.0115
1.4164999999999878e-10	0.90632105	-0.2835592	-0.15516116	-1.2741156e-17	0	426.0115
1.4174999999999876e-10	0.9059285	-0.28364906	-0.1560176	-1.2742754e-17	0	426.0115
1.4184999999999874e-10	0.9055335	-0.28373992	-0.15687476	-1.274436e-17	0	426.0115
1.4194999999999872e-10	0.9051361	-0.28383183	-0.15773264	-1.2745972e-17	0	426.0115
1.420499999999987e-10	0.90473616	-0.2839247	-0.15859121	-1.274759e-17	0	426.0115
1.4214999999999868e-10	0.90433383	-0.28401852	-0.15945053	-1.27492165e-17	0	426.0115
1.4224999999999866e-10	0.903929	-0.28411335	-0.16031057	-1.2750848e-17	0	426.0115
1.4234999999999863e-10	0.90352166	-0.28420916	-0.16117129	-1.27524855e-17	0	426.0115
1.4244999999999861e-10	0.90311193	-0.2843059	-0.16203275	-1.2754128e-17	0	426.0115
1.425499999999986e-10	0.90269965	-0.2844036	-0.16289495	-1.2755781e-17	0	426.0115
1.4264999999999857e-10	0.9022849	-0.2845022	-0.16375786	-1.2757437e-17	0	426.0115
1.4274999999999855e-10	0.9018677	-0.28460175	-0.1646215	-1.27591005e-17	0	426.0115
1.4284999999999853e-10	0.901448	-0.28470224	-0.16548587	-1.2760773e-17	0	426.0115
1.429499999999985e-10	0.9010258	-0.2848036	-0.16635098	-1.27624464e-17	0	426.0115
1.430499999999985e-10	0.900601	-0.28490585	-0.16721681	-1.276413e-17	0	426.0115
1.4314999999999847e-10	0.9001738	-0.28500897	-0.16808335	-1.27658205e-17	0	426.0115
1.4324999999999845e-10	0.89974403	-0.28511298	-0.16895065	-1.2767516e-17	0	426.0115
1.4334999999999842e-10	0.89931166	-0.28521788	-0.16981864	-1.2769222e-17	0	426.0115
1.434499999999984e-10	0.89887685	-0.2853236	-0.17068739	-1.277093e-17	0	426.0115
1.4354999999999838e-10	0.89843947	-0.2854301	-0.17155688	-1.2772647e-17	0	426.0115
1.4364999999999836e-10	0.89799964	-0.28553748	-0.17242709	-1.2774371e-17	0	426.0115
1.4374999999999834e-10	0.89755714	-0.2856457	-0.17329806	-1.27761e-17	0	426.0115
1.4384999999999832e-10	0.89711213	-0.2857547	-0.17416973	-1.2777839e-17	0	426.0115
1.439499999999983e-10	0.8966646	-0.28586447	-0.17504217	-1.2779581e-17	0	426.0115
1.4404999999999828e-10	0.89621454	-0.2859751	-0.17591533	-1.2781332e-17	0	426.0115
1.4414999999999826e-10	0.89576185	-0.28608644	-0.17678922	-1.2783089e-17	0	426.0115
1.4424999999999824e-10	0.8953066	-0.28619856	-0.17766385	-1.2784853e-17	0	426.0115
1.4434999999999821e-10	0.89484876	-0.28631142	-0.17853923	-1.2786625e-17	0	426.0115
1.444499999999982e-10	0.89438844	-0.286425	-0.17941537	-1.2788404e-17	0	426.0115
1.4454999999999817e-10	0.89392537	-0.28653935	-0.18029222	-1.27901876e-17	0	426.0115
1.4464999999999815e-10	0.8934598	-0.2866544	-0.18116984	-1.279198e-17	0	426.0115
1.4474999999999813e-10	0.89299166	-0.28677016	-0.18204817	-1.279378e-17	0	426.0115
1.448499999999981e-10	0.8925208	-0.2868866	-0.18292725	-1.2795587e-17	0	426.0115
1.449499999999981e-10	0.8920474	-0.2870037	-0.18380708	-1.27974e-17	0	426.0115
1.4504999999999807e-10	0.8915715	-0.2871215	-0.18468766	-1.2799218e-17	0	426.0115
1.4514999999999805e-10	0.8910929	-0.28723994	-0.18556896	-1.2801047e-17	0	426.0115
1.4524999999999803e-10	0.8906117	-0.28735906	-0.186451	-1.2802882e-17	0	426.0115
1.45349999999998e-10	0.8901278	-0.28747877	-0.18733379	-1.28047244e-17	0	426.0115
1.4544999999999798e-10	0.8896414	-0.28759915	-0.18821734	-1.2806573e-17	0	426.0115
1.4554999999999796e-10	0.8891523	-0.28772008	-0.18910162	-1.2808431e-17	0	426.0115
1.4564999999999794e-10	0.8886605	-0.28784165	-0.18998666	-1.2810293e-17	0	426.0115
1.4574999999999792e-10	0.88816607	-0.28796378	-0.19087242	-1.28121625e-17	0	426.0115
1.458499999999979e-10	0.887669	-0.28808653	-0.19175893	-1.2814043e-17	0	426.0115
1.4594999999999788e-10	0.88716936	-0.28820977	-0.19264619	-1.2815925e-17	0	426.0115
1.4604999999999786e-10	0.886667	-0.2883336	-0.19353418	-1.2817819e-17	0	426.0115
1.4614999999999784e-10	0.886162	-0.28845793	-0.19442292	-1.28197196e-17	0	426.0115
1.4624999999999781e-10	0.8856544	-0.28858283	-0.19531241	-1.2821628e-17	0	426.0115
1.463499999999978e-10	0.8851439	-0.2887082	-0.1962026	-1.2823542e-17	0	426.0115
1.4644999999999777e-10	0.8846309	-0.2888341	-0.19709358	-1.2825464e-17	0	426.0115
1.4654999999999775e-10	0.8841152	-0.28896046	-0.19798526	-1.2827393e-17	0	426.0115
1.4664999999999773e-10	0.8835968	-0.2890873	-0.19887772	-1.28293314e-17	0	426.0115
1.467499999999977e-10	0.8830757	-0.2892146	-0.19977093	-1.2831275e-17	0	426.0115
1.468499999999977e-10	0.88255185	-0.28934234	-0.20066485	-1.2833228e-17	0	426.0115
1.4694999999999767e-10	0.88202536	-0.28947055	-0.2015595	-1.2835187e-17	0	426.0115
1.4704999999999765e-10	0.8814961	-0.28959912	-0.20245492	-1.2837154e-17	0	426.0115
1.4714999999999763e-10	0.8809643	-0.28972816	-0.20335105	-1.2839129e-17	0	426.0115
1.472499999999976e-10	0.8804296	-0.28985757	-0.20424794	-1.2841111e-17	0	426.0115
1.4734999999999758e-10	0.87989223	-0.28998733	-0.20514554	-1.2843101e-17	0	426.0115
1.4744999999999756e-10	0.87935233	-0.29011747	-0.2060439	-1.2845098e-17	0	426.0115
1.4754999999999754e-10	0.8788095	-0.290248	-0.20694299	-1.2847103e-17	0	426.0115
1.4764999999999752e-10	0.878264	-0.29037884	-0.20784278	-1.2849117e-17	0	426.0115
1.477499999999975e-10	0.87771577	-0.29050997	-0.20874333	-1.2851136e-17	0	426.0115
1.4784999999999748e-10	0.8771647	-0.29064152	-0.20964463	-1.2853163e-17	0	426.0115
1.4794999999999746e-10	0.87661105	-0.29077327	-0.21054663	-1.28552015e-17	0	426.0115
1.4804999999999744e-10	0.87605464	-0.29090533	-0.21144938	-1.2857243e-17	0	426.0115
1.4814999999999742e-10	0.87549543	-0.29103768	-0.21235286	-1.2859295e-17	0	426.0115
1.482499999999974e-10	0.8749335	-0.29117027	-0.21325704	-1.2861355e-17	0	426.0115
1.4834999999999737e-10	0.8743687	-0.29130316	-0.21416196	-1.2863423e-17	0	426.0115
1.4844999999999735e-10	0.87380123	-0.2914362	-0.21506761	-1.2865496e-17	0	426.0115
1.4854999999999733e-10	0.873231	-0.2915695	-0.21597397	-1.2867578e-17	0	426.0115
1.486499999999973e-10	0.872658	-0.29170302	-0.21688107	-1.286967e-17	0	426.0115
1.487499999999973e-10	0.87208223	-0.29183665	-0.21778889	-1.2871767e-17	0	426.0115
1.4884999999999727e-10	0.87150365	-0.29197052	-0.2186974	-1.2873875e-17	0	426.0115
1.4894999999999725e-10	0.8709223	-0.29210454	-0.21960664	-1.2875988e-17	0	426.0115
1.4904999999999723e-10	0.87033826	-0.29223868	-0.2205166	-1.28781094e-17	0	426.0115
1.491499999999972e-10	0.86975133	-0.292373	-0.22142728	-1.2880238e-17	0	426.0115
1.4924999999999718e-10	0.86916155	-0.2925074	-0.22233866	-1.2882377e-17	0	426.0115
1.4934999999999716e-10	0.86856914	-0.29264188	-0.22325075	-1.28845226e-17	0	426.0115
1.4944999999999714e-10	0.86797386	-0.29277653	-0.22416356	-1.2886677e-17	0	426.0115
1.4954999999999712e-10	0.8673758	-0.29291117	-0.22507706	-1.2888838e-17	0	426.0115
1.496499999999971e-10	0.8667749	-0.29304588	-0.22599128	-1.2891007e-17	0	426.0115
1.4974999999999708e-10	0.8661713	-0.29318067	-0.22690618	-1.2893184e-17	0	426.0115
1.4984999999999706e-10	0.8655648	-0.2933155	-0.22782181	-1.2895371e-17	0	426.0115
1.4994999999999704e-10	0.86495554	-0.2934503	-0.22873811	-1.28975655e-17	0	426.0115
1.5004999999999702e-10	0.8643434	-0.29358506	-0.22965512	-1.28997675e-17	0	426.0115
1.50149999999997e-10	0.86372846	-0.29371986	-0.23057283	-1.2901975e-17	0	426.0115
1.5024999999999697e-10	0.8631107	-0.2938546	-0.2314912	-1.2904195e-17	0	426.0115
1.5034999999999695e-10	0.8624902	-0.29398936	-0.23241031	-1.2906421e-17	0	426.0115
1.5044999999999693e-10	0.8618669	-0.294124	-0.2333301	-1.29086556e-17	0	426.0115
1.505499999999969e-10	0.86124057	-0.29425856	-0.23425052	-1.29108956e-17	0	426.0115
1.506499999999969e-10	0.86061156	-0.29439303	-0.23517166	-1.2913149e-17	0	426.0115
1.5074999999999687e-10	0.8599797	-0.29452738	-0.23609349	-1.2915405e-17	0	426.0115
1.5084999999999685e-10	0.859345	-0.29466167	-0.23701599	-1.2917672e-17	0	426.0115
1.5094999999999683e-10	0.8587075	-0.29479575	-0.23793915	-1.2919948e-17	0	426.0115
1.510499999999968e-10	0.85806715	-0.2949297	-0.23886296	-1.29222304e-17	0	426.0115
1.5114999999999678e-10	0.8574239	-0.2950635	-0.23978747	-1.2924522e-17	0	426.0115
1.5124999999999676e-10	0.8567779	-0.29519704	-0.24071263	-1.2926821e-17	0	426.0115
1.5134999999999674e-10	0.85612905	-0.29533044	-0.24163848	-1.2929129e-17	0	426.0115
1.5144999999999672e-10	0.85543394	-0.29551426	-0.24257798	-1.3175232e-17	0	420.9411
1.515499999999967e-10	0.8547356	-0.2956978	-0.2435183	-1.3177802e-17	0	420.9411
1.5164999999999668e-10	0.8540341	-0.29588106	-0.24445947	-1.3180381e-17	0	420.9411
1.5174999999999666e-10	0.85332936	-0.29606402	-0.24540146	-1.3182969e-17	0	420.9411
1.5184999999999664e-10	0.8526213	-0.29624674	-0.24634428	-1.3185568e-17	0	420.9411
1.5194999999999662e-10	0.8519101	-0.29642907	-0.24728794	-1.3188178e-17	0	420.9411
1.520499999999966e-10	0.8511956	-0.2966111	-0.24823242	-1.3190799e-17	0	420.9411
1.5214999999999657e-10	0.8504779	-0.29679278	-0.24917771	-1.3193429e-17	0	420.9411
1.5224999999999655e-10	0.84975696	-0.29697406	-0.2501238	-1.3196068e-17	0	420.9411
1.5234999999999653e-10	0.84903264	-0.29715493	-0.25107077	-1.3198719e-17	0	420.9411
1.524499999999965e-10	0.8483051	-0.2973354	-0.25201848	-1.3201381e-17	0	420.9411
1.525499999999965e-10	0.84757435	-0.29751542	-0.252967	-1.32040525e-17	0	420.9411
1.5264999999999647e-10	0.84684026	-0.297695	-0.25391632	-1.3206732e-17	0	420.9411
1.5274999999999645e-10	0.846103	-0.2978741	-0.25486642	-1.3209424e-17	0	420.9411
1.5284999999999643e-10	0.8453624	-0.29805273	-0.25581738	-1.3212128e-17	0	420.9411
1.529499999999964e-10	0.84461856	-0.29823077	-0.25676906	-1.3214842e-17	0	420.9411
1.5304999999999639e-10	0.84387153	-0.29840833	-0.25772154	-1.3217563e-17	0	420.9411
1.5314999999999636e-10	0.8431212	-0.29858539	-0.2586748	-1.3220298e-17	0	420.9411
1.5324999999999634e-10	0.8423675	-0.2987618	-0.25962886	-1.32230404e-17	0	420.9411
1.5334999999999632e-10	0.84161055	-0.29893765	-0.26058364	-1.3225795e-17	0	420.9411
1.534499999999963e-10	0.8408504	-0.29911286	-0.26153922	-1.3228558e-17	0	420.9411
1.5354999999999628e-10	0.8400869	-0.29928747	-0.26249555	-1.32313346e-17	0	420.9411
1.5364999999999626e-10	0.83932006	-0.29946145	-0.26345265	-1.323412e-17	0	420.9411
1.5374999999999624e-10	0.83855003	-0.2996347	-0.2644105	-1.32369156e-17	0	420.9411
1.5384999999999622e-10	0.83777666	-0.29980734	-0.2653691	-1.3239724e-17	0	420.9411
1.539499999999962e-10	0.8370001	-0.29997918	-0.26632842	-1.32425396e-17	0	420.9411
1.5404999999999617e-10	0.83622026	-0.30015033	-0.26728845	-1.3245368e-17	0	420.9411
1.5414999999999615e-10	0.83543706	-0.30032074	-0.26824927	-1.32482066e-17	0	420.9411
1.5424999999999613e-10	0.8346506	-0.30049038	-0.26921076	-1.3251054e-17	0	420.9411
1.543499999999961e-10	0.8338608	-0.30065924	-0.27017304	-1.32539125e-17	0	420.9411
1.544499999999961e-10	0.8330677	-0.30082726	-0.27113596	-1.3256782e-17	0	420.9411
1.5454999999999607e-10	0.83227146	-0.30099446	-0.2720996	-1.3259662e-17	0	420.9411
1.5464999999999605e-10	0.83147186	-0.3011608	-0.27306402	-1.3262552e-17	0	420.9411
1.5474999999999603e-10	0.830669	-0.30132625	-0.27402908	-1.3265455e-17	0	420.9411
1.54849999999996e-10	0.82986283	-0.30149084	-0.27499482	-1.3268367e-17	0	420.9411
1.5494999999999599e-10	0.8290533	-0.3016545	-0.2759613	-1.32712866e-17	0	420.9411
1.5504999999999596e-10	0.8282405	-0.30181724	-0.27692845	-1.3274221e-17	0	420.9411
1.5514999999999594e-10	0.8274245	-0.30197898	-0.27789626	-1.32771645e-17	0	420.9411
1.5524999999999592e-10	0.8266052	-0.3021398	-0.27886474	-1.3280116e-17	0	420.9411
1.553499999999959e-10	0.82578254	-0.30229956	-0.27983388	-1.3283081e-17	0	420.9411
1.5544999999999588e-10	0.82495666	-0.30245835	-0.28080368	-1.32860575e-17	0	420.9411
1.5554999999999586e-10	0.82412755	-0.30261606	-0.2817742	-1.32890395e-17	0	420.9411
1.5564999999999584e-10	0.82329506	-0.30277276	-0.2827453	-1.3292037e-17	0	420.9411
1.5574999999999582e-10	0.8224593	-0.30292833	-0.283717	-1.3295042e-17	0	420.9411
1.558499999999958e-10	0.82162035	-0.30308282	-0.28468943	-1.32980574e-17	0	420.9411
1.5594999999999578e-10	0.8207781	-0.30323616	-0.28566244	-1.3301088e-17	0	420.9411
1.5604999999999575e-10	0.8199325	-0.30338836	-0.28663608	-1.3304125e-17	0	420.9411
1.5614999999999573e-10	0.8190837	-0.30353943	-0.28761035	-1.3307174e-17	0	420.9411
1.562499999999957e-10	0.8182316	-0.30368924	-0.28858522	-1.3310233e-17	0	420.9411
1.563499999999957e-10	0.8173762	-0.30383793	-0.28956065	-1.33133016e-17	0	420.9411
1.5644999999999567e-10	0.81651753	-0.30398533	-0.2905367	-1.3316384e-17	0	420.9411
1.5654999999999565e-10	0.8156557	-0.30413148	-0.29151338	-1.3319473e-17	0	420.9411
1.5664999999999563e-10	0.8147905	-0.30427635	-0.2924906	-1.3322575e-17	0	420.9411
1.567499999999956e-10	0.81392205	-0.30441996	-0.29346842	-1.3325687e-17	0	420.9411
1.5684999999999559e-10	0.8130505	-0.30456215	-0.29444683	-1.3328809e-17	0	420.9411
1.5694999999999557e-10	0.8121755	-0.3047031	-0.29542574	-1.3331941e-17	0	420.9411
1.5704999999999554e-10	0.8112974	-0.30484265	-0.2964052	-1.3335085e-17	0	420.9411
1.5714999999999552e-10	0.810416	-0.3049808	-0.29738525	-1.333824e-17	0	420.9411
1.572499999999955e-10	0.8095314	-0.30511758	-0.29836586	-1.33414025e-17	0	420.9411
1.5734999999999548e-10	0.80864346	-0.3052529	-0.29934695	-1.33445764e-17	0	420.9411
1.5744999999999546e-10	0.8077524	-0.30538678	-0.3003286	-1.33477636e-17	0	420.9411
1.5754999999999544e-10	0.80685806	-0.3055192	-0.30131075	-1.3350957e-17	0	420.9411
1.5764999999999542e-10	0.8059605	-0.30565012	-0.30229342	-1.3354163e-17	0	420.9411
1.577499999999954e-10	0.8050597	-0.3057795	-0.30327657	-1.33573795e-17	0	420.9411
1.5784999999999538e-10	0.8041557	-0.30590737	-0.30426022	-1.3360607e-17	0	420.9411
1.5794999999999535e-10	0.8032484	-0.30603364	-0.30524442	-1.3363843e-17	0	420.9411
1.5804999999999533e-10	0.80233806	-0.30615833	-0.306229	-1.33670915e-17	0	420.9411
1.581499999999953e-10	0.80142444	-0.30628148	-0.3072141	-1.3370351e-17	0	420.9411
1.582499999999953e-10	0.80050755	-0.30640292	-0.3081997	-1.3373619e-17	0	420.9411
1.5834999999999527e-10	0.7995876	-0.30652273	-0.30918565	-1.3376899e-17	0	420.9411
1.5844999999999525e-10	0.79866445	-0.30664086	-0.31017208	-1.3380188e-17	0	420.9411
1.5854999999999523e-10	0.79773813	-0.30675733	-0.311159	-1.3383485e-17	0	420.9411
1.586499999999952e-10	0.7968086	-0.3068721	-0.31214634	-1.3386796e-17	0	420.9411
1.5874999999999519e-10	0.7958759	-0.30698508	-0.31313407	-1.3390115e-17	0	420.9411
1.5884999999999517e-10	0.79494005	-0.30709627	-0.3141222	-1.3393447e-17	0	420.9411
1.5894999999999514e-10	0.794001	-0.3072057	-0.31511077	-1.3396787e-17	0	420.9411
1.5904999999999512e-10	0.7930589	-0.30731335	-0.31609973	-1.3400138e-17	0	420.9411
1.591499999999951e-10	0.7921136	-0.30741915	-0.31708908	-1.3403502e-17	0	420.9411
1.5924999999999508e-10	0.7911652	-0.3075231	-0.31807882	-1.3406874e-17	0	420.9411
1.5934999999999506e-10	0.79021364	-0.3076252	-0.31906885	-1.3410253e-17	0	420.9411
1.5944999999999504e-10	0.78925896	-0.30772534	-0.3200593	-1.3413646e-17	0	420.9411
1.5954999999999502e-10	0.78830117	-0.30782357	-0.3210501	-1.3417049e-17	0	420.9411
1.59649999999995e-10	0.7873403	-0.3079199	-0.32204127	-1.3420461e-17	0	420.9411
1.5974999999999498e-10	0.78637636	-0.30801424	-0.3230327	-1.3423884e-17	0	420.9411
1.5984999999999496e-10	0.7854093	-0.30810657	-0.32402453	-1.3427316e-17	0	420.9411
1.5994999999999493e-10	0.7844391	-0.3081969	-0.32501662	-1.343076e-17	0	420.9411
1.6004999999999491e-10	0.78346586	-0.3082852	-0.326009	-1.34342105e-17	0	420.9411
1.601499999999949e-10	0.78248966	-0.30837145	-0.32700175	-1.3437675e-17	0	420.9411
1.6024999999999487e-10	0.78151035	-0.30845565	-0.32799476	-1.3441149e-17	0	420.9411
1.6034999999999485e-10	0.78052795	-0.3085377	-0.328988	-1.344463e-17	0	420.9411
1.6044999999999483e-10	0.7795426	-0.30861762	-0.32998154	-1.34481246e-17	0	420.9411
1.605499999999948e-10	0.7785542	-0.3086954	-0.33097532	-1.34516285e-17	0	420.9411
1.606499999999948e-10	0.77756274	-0.308771	-0.3319694	-1.3455142e-17	0	420.9411
1.6074999999999477e-10	0.7765683	-0.3088444	-0.33296365	-1.3458665e-17	0	420.9411
1.6084999999999475e-10	0.7755708	-0.30891564	-0.33395815	-1.3462198e-17	0	420.9411
1.6094999999999472e-10	0.7745705	-0.30898464	-0.33495286	-1.34657385e-17	0	420.9411
1.610499999999947e-10	0.7735671	-0.30905128	-0.33594775	-1.3469294e-17	0	420.9411
1.6114999999999468e-10	0.7725607	-0.30911574	-0.3369429	-1.3472855e-17	0	420.9411
1.6124999999999466e-10	0.7715515	-0.30917782	-0.3379382	-1.3476428e-17	0	420.9411
1.6134999999999464e-10	0.7705392	-0.3092376	-0.3389337	-1.3480009e-17	0	420.9411
1.6144999999999462e-10	0.7694934	-0.30932245	-0.33993635	-1.3802115e-17	0	416.0747
1.615499999999946e-10	0.7684137	-0.30943212	-0.34094635	-1.3806067e-17	0	416.0747
1.6164999999999458e-10	0.76733065	-0.30953917	-0.34195665	-1.3810032e-17	0	416.0747
1.6174999999999456e-10	0.7662442	-0.30964357	-0.34296718	-1.3814009e-17	0	416.0747
1.6184999999999453e-10	0.76515436	-0.30974522	-0.34397808	-1.3817998e-17	0	416.0747
1.6194999999999451e-10	0.76406133	-0.30984423	-0.34498924	-1.3821996e-17	0	416.0747
1.620499999999945e-10	0.7629649	-0.30994043	-0.34600067	-1.3826009e-17	0	416.0747
1.6214999999999447e-10	0.76186526	-0.3100339	-0.34701234	-1.3830035e-17	0	416.0747
1.6224999999999445e-10	0.7607623	-0.31012455	-0.34802425	-1.3834067e-17	0	416.0747
1.6234999999999443e-10	0.7596561	-0.31021243	-0.3490364	-1.3838116e-17	0	416.0747
1.624499999999944e-10	0.75854653	-0.3102974	-0.35004875	-1.3842174e-17	0	416.0747
1.625499999999944e-10	0.7574338	-0.31037956	-0.3510613	-1.3846243e-17	0	416.0747
1.6264999999999437e-10	0.7563178	-0.31045878	-0.3520741	-1.3850329e-17	0	416.0747
1.6274999999999435e-10	0.75519866	-0.31053507	-0.35308704	-1.385442e-17	0	416.0747
1.6284999999999432e-10	0.75407624	-0.31060842	-0.35410017	-1.3858524e-17	0	416.0747
1.629499999999943e-10	0.75295067	-0.3106788	-0.35511342	-1.3862639e-17	0	416.0747
1.6304999999999428e-10	0.751822	-0.31074613	-0.35612684	-1.386677e-17	0	416.0747
1.6314999999999426e-10	0.75069004	-0.3108105	-0.35714036	-1.38709065e-17	0	416.0747
1.6324999999999424e-10	0.74955505	-0.31087178	-0.358154	-1.3875059e-17	0	416.0747
1.6334999999999422e-10	0.74841684	-0.31093	-0.35916778	-1.3879217e-17	0	416.0747
1.634499999999942e-10	0.7472756	-0.31098512	-0.3601816	-1.3883393e-17	0	416.0747
1.6354999999999418e-10	0.7461312	-0.31103712	-0.36119556	-1.3887575e-17	0	416.0747
1.6364999999999416e-10	0.74498385	-0.3110859	-0.36220956	-1.3891772e-17	0	416.0747
1.6374999999999414e-10	0.74383336	-0.31113154	-0.36322358	-1.3895978e-17	0	416.0747
1.6384999999999411e-10	0.7426798	-0.31117395	-0.36423767	-1.3900193e-17	0	416.0747
1.639499999999941e-10	0.74152327	-0.31121317	-0.36525175	-1.3904423e-17	0	416.0747
1.6404999999999407e-10	0.7403637	-0.31124908	-0.3662659	-1.3908665e-17	0	416.0747
1.6414999999999405e-10	0.7392011	-0.31128174	-0.36727995	-1.3912913e-17	0	416.0747
1.6424999999999403e-10	0.7380356	-0.3113111	-0.36829406	-1.3917175e-17	0	416.0747
1.64349999999994e-10	0.73686713	-0.31133708	-0.36930808	-1.3921446e-17	0	416.0747
1.64449999999994e-10	0.7356958	-0.31135973	-0.37032217	-1.3925728e-17	0	416.0747
1.6454999999999397e-10	0.7345215	-0.311379	-0.3713361	-1.3930023e-17	0	416.0747
1.6464999999999395e-10	0.73334426	-0.31139487	-0.37234998	-1.3934326e-17	0	416.0747
1.6474999999999393e-10	0.73216414	-0.31140727	-0.3733637	-1.3938642e-17	0	416.0747
1.648499999999939e-10	0.7309813	-0.3114162	-0.37437743	-1.3942971e-17	0	416.0747
1.6494999999999388e-10	0.7297956	-0.3114217	-0.37539104	-1.3947304e-17	0	416.0747
1.6504999999999386e-10	0.7286069	-0.31142363	-0.37640446	-1.3951647e-17	0	416.0747
1.6514999999999384e-10	0.72741544	-0.31142205	-0.37741777	-1.395601e-17	0	416.0747
1.6524999999999382e-10	0.7262213	-0.31141698	-0.3784309	-1.3960377e-17	0	416.0747
1.653499999999938e-10	0.72502446	-0.31140822	-0.3794439	-1.3964753e-17	0	416.0747
1.6544999999999378e-10	0.72382486	-0.31139588	-0.38045666	-1.3969142e-17	0	416.0747
1.6554999999999376e-10	0.7226225	-0.31137997	-0.38146928	-1.3973539e-17	0	416.0747
1.6564999999999374e-10	0.7214174	-0.31136036	-0.38248166	-1.397795e-17	0	416.0747
1.6574999999999371e-10	0.7202097	-0.31133705	-0.38349378	-1.3982367e-17	0	416.0747
1.658499999999937e-10	0.7189993	-0.31131005	-0.38450566	-1.3986797e-17	0	416.0747
1.6594999999999367e-10	0.7177864	-0.31127933	-0.3855173	-1.3991236e-17	0	416.0747
1.6604999999999365e-10	0.71657085	-0.31124488	-0.38652864	-1.3995684e-17	0	416.0747
1.6614999999999363e-10	0.7153528	-0.3112066	-0.38753968	-1.4000144e-17	0	416.0747
1.662499999999936e-10	0.7141321	-0.31116456	-0.38855043	-1.4004611e-17	0	416.0747
1.663499999999936e-10	0.71290886	-0.31111866	-0.38956088	-1.400909e-17	0	416.0747
1.6644999999999357e-10	0.7116831	-0.31106895	-0.39057094	-1.4013581e-17	0	416.0747
1.6654999999999355e-10	0.71045494	-0.31101537	-0.3915807	-1.4018076e-17	0	416.0747
1.6664999999999353e-10	0.7092243	-0.31095788	-0.3925901	-1.4022584e-17	0	416.0747
1.667499999999935e-10	0.70799124	-0.31089652	-0.39359906	-1.40271e-17	0	416.0747
1.6684999999999348e-10	0.70675576	-0.31083116	-0.39460763	-1.4031625e-17	0	416.0747
1.6694999999999346e-10	0.7055178	-0.3107619	-0.39561585	-1.4036163e-17	0	416.0747
1.6704999999999344e-10	0.7042776	-0.3106886	-0.39662355	-1.404071e-17	0	416.0747
1.6714999999999342e-10	0.70303506	-0.31061134	-0.39763087	-1.4045264e-17	0	416.0747
1.672499999999934e-10	0.7017902	-0.31053004	-0.39863768	-1.4049828e-17	0	416.0747
1.6734999999999338e-10	0.70054305	-0.31044468	-0.39964408	-1.4054399e-17	0	416.0747
1.6744999999999336e-10	0.6992938	-0.31035525	-0.40064996	-1.4058983e-17	0	416.0747
1.6754999999999334e-10	0.69804215	-0.31026167	-0.4016553	-1.4063573e-17	0	416.0747
1.6764999999999332e-10	0.6967883	-0.31016406	-0.40266013	-1.4068175e-17	0	416.0747
1.677499999999933e-10	0.69553244	-0.3100623	-0.40366444	-1.4072782e-17	0	416.0747
1.6784999999999327e-10	0.69427425	-0.30995634	-0.40466818	-1.40774e-17	0	416.0747
1.6794999999999325e-10	0.69301414	-0.30984622	-0.40567133	-1.4082029e-17	0	416.0747
1.6804999999999323e-10	0.69175184	-0.30973193	-0.4066739	-1.4086662e-17	0	416.0747
1.681499999999932e-10	0.69048744	-0.30961335	-0.40767583	-1.4091306e-17	0	416.0747
1.682499999999932e-10	0.6892211	-0.3094906	-0.40867722	-1.409596e-17	0	416.0747
1.6834999999999317e-10	0.68795276	-0.30936354	-0.40967792	-1.410062e-17	0	416.0747
1.6844999999999315e-10	0.6866824	-0.3092322	-0.41067794	-1.4105289e-17	0	416.0747
1.6854999999999313e-10	0.68541014	-0.30909654	-0.41167736	-1.4109964e-17	0	416.0747
1.686499999999931e-10	0.68413603	-0.3089566	-0.41267607	-1.4114651e-17	0	416.0747
1.6874999999999308e-10	0.6828599	-0.3088123	-0.41367403	-1.4119348e-17	0	416.0747
1.6884999999999306e-10	0.68158203	-0.30866364	-0.41467127	-1.412405e-17	0	416.0747
1.6894999999999304e-10	0.6803023	-0.30851054	-0.41566777	-1.4128761e-17	0	416.0747
1.6904999999999302e-10	0.6790208	-0.30835307	-0.4166636	-1.413348e-17	0	416.0747
1.69149999999993e-10	0.67773753	-0.30819118	-0.4176586	-1.4138202e-17	0	416.0747
1.6924999999999298e-10	0.6764526	-0.30802488	-0.41865277	-1.414294e-17	0	416.0747
1.6934999999999296e-10	0.67516583	-0.3078541	-0.41964617	-1.414768e-17	0	416.0747
1.6944999999999294e-10	0.6738775	-0.30767885	-0.42063877	-1.4152428e-17	0	416.0747
1.6954999999999292e-10	0.67258763	-0.3074991	-0.42163053	-1.4157188e-17	0	416.0747
1.696499999999929e-10	0.671296	-0.3073148	-0.42262137	-1.4161949e-17	0	416.0747
1.6974999999999287e-10	0.67000294	-0.30712602	-0.4236114	-1.4166724e-17	0	416.0747
1.6984999999999285e-10	0.6687083	-0.30693263	-0.42460054	-1.4171506e-17	0	416.0747
1.6994999999999283e-10	0.66741216	-0.30673468	-0.42558876	-1.4176289e-17	0	416.0747
1.700499999999928e-10	0.66611457	-0.30653217	-0.42657602	-1.4181085e-17	0	416.0747
1.701499999999928e-10	0.6648155	-0.30632505	-0.42756242	-1.4185886e-17	0	416.0747
1.7024999999999277e-10	0.6635151	-0.3061133	-0.42854777	-1.419069e-17	0	416.0747
1.7034999999999275e-10	0.66221327	-0.30589688	-0.4295322	-1.4195508e-17	0	416.0747
1.7044999999999273e-10	0.6609102	-0.30567586	-0.43051565	-1.420033e-17	0	416.0747
1.705499999999927e-10	0.65960586	-0.30545017	-0.43149802	-1.420516e-17	0	416.0747
1.7064999999999268e-10	0.65830016	-0.30521974	-0.4324794	-1.4209995e-17	0	416.0747
1.7074999999999266e-10	0.6569933	-0.30498463	-0.43345976	-1.4214836e-17	0	416.0747
1.7084999999999264e-10	0.65568525	-0.3047448	-0.434439	-1.4219683e-17	0	416.0747
1.7094999999999262e-10	0.654376	-0.30450028	-0.4354172	-1.422454e-17	0	416.0747
1.710499999999926e-10	0.6530657	-0.30425093	-0.43639436	-1.4229399e-17	0	416.0747
1.7114999999999258e-10	0.65175426	-0.30399686	-0.4373703	-1.4234268e-17	0	416.0747
1.7124999999999256e-10	0.6504418	-0.30373803	-0.43834513	-1.4239142e-17	0	416.0747
1.7134999999999254e-10	0.6491284	-0.3034744	-0.43931884	-1.4244019e-17	0	416.0747
1.7144999999999252e-10	0.6478139	-0.30320594	-0.44029135	-1.4248909e-17	0	416.0747
1.715499999999925e-10	0.6464243	-0.3029792	-0.44127476	-1.4674161e-17	0	411.4041
1.7164999999999247e-10	0.64503336	-0.30274713	-0.44225705	-1.4679442e-17	0	411.4041
1.7174999999999245e-10	0.64364123	-0.30250978	-0.4432382	-1.4684734e-17	0	411.4041
1.7184999999999243e-10	0.64224786	-0.30226707	-0.44421825	-1.4690035e-17	0	411.4041
1.719499999999924e-10	0.6408534	-0.30201897	-0.4451972	-1.4695337e-17	0	411.4041
1.720499999999924e-10	0.6394579	-0.30176556	-0.44617492	-1.4700652e-17	0	411.4041
1.7214999999999237e-10	0.6380612	-0.30150673	-0.44715145	-1.470597e-17	0	411.4041
1.7224999999999235e-10	0.6366636	-0.30124244	-0.44812688	-1.4711298e-17	0	411.4041
1.7234999999999233e-10	0.63526505	-0.30097282	-0.44910094	-1.4716632e-17	0	411.4041
1.724499999999923e-10	0.6338655	-0.30069768	-0.4500739	-1.4721969e-17	0	411.4041
1.7254999999999229e-10	0.63246506	-0.30041718	-0.45104554	-1.4727316e-17	0	411.4041
1.7264999999999226e-10	0.6310638	-0.30013117	-0.45201585	-1.473267e-17	0	411.4041
1.7274999999999224e-10	0.62966174	-0.29983968	-0.45298493	-1.4738028e-17	0	411.4041
1.7284999999999222e-10	0.6282589	-0.29954267	-0.45395264	-1.4743396e-17	0	411.4041
1.729499999999922e-10	0.6268553	-0.2992402	-0.45491907	-1.474877e-17	0	411.4041
1.7304999999999218e-10	0.62545115	-0.29893222	-0.4558841	-1.4754148e-17	0	411.4041
1.7314999999999216e-10	0.6240463	-0.29861867	-0.45684776	-1.4759533e-17	0	411.4041
1.7324999999999214e-10	0.62264097	-0.29829964	-0.45781	-1.476492e-17	0	411.4041
1.7334999999999212e-10	0.621235	-0.29797503	-0.4587709	-1.477032e-17	0	411.4041
1.734499999999921e-10	0.6198286	-0.29764485	-0.45973027	-1.477572e-17	0	411.4041
1.7354999999999207e-10	0.6184217	-0.29730904	-0.4606882	-1.478113e-17	0	411.4041
1.7364999999999205e-10	0.6170144	-0.29696772	-0.46164468	-1.4786542e-17	0	411.4041
1.7374999999999203e-10	0.6156067	-0.2966208	-0.4625997	-1.4791956e-17	0	411.4041
1.73849999999992e-10	0.6141987	-0.29626822	-0.46355313	-1.4797384e-17	0	411.4041
1.73949999999992e-10	0.6127905	-0.2959101	-0.46450508	-1.480281e-17	0	411.4041
1.7404999999999197e-10	0.61138207	-0.29554632	-0.4654554	-1.4808247e-17	0	411.4041
1.7414999999999195e-10	0.6099735	-0.29517686	-0.4664042	-1.4813685e-17	0	411.4041
1.7424999999999193e-10	0.60856473	-0.2948018	-0.4673514	-1.4819131e-17	0	411.4041
1.743499999999919e-10	0.60715586	-0.2944211	-0.46829697	-1.4824577e-17	0	411.4041
1.7444999999999189e-10	0.60574704	-0.2940347	-0.4692409	-1.4830035e-17	0	411.4041
1.7454999999999186e-10	0.6043382	-0.29364264	-0.47018322	-1.4835494e-17	0	411.4041
1.7464999999999184e-10	0.6029294	-0.2932449	-0.4711238	-1.4840952e-17	0	411.4041
1.7474999999999182e-10	0.6015208	-0.2928415	-0.47206274	-1.4846421e-17	0	411.4041
1.748499999999918e-10	0.6001123	-0.2924324	-0.47299996	-1.485189e-17	0	411.4041
1.7494999999999178e-10	0.598704	-0.29201758	-0.47393543	-1.4857368e-17	0	411.4041
1.7504999999999176e-10	0.597296	-0.2915971	-0.47486916	-1.486285e-17	0	411.4041
1.7514999999999174e-10	0.59588826	-0.2911709	-0.47580114	-1.4868332e-17	0	411.4041
1.7524999999999172e-10	0.5944808	-0.290739	-0.47673127	-1.4873819e-17	0	411.4041
1.753499999999917e-10	0.5930739	-0.29030132	-0.47765964	-1.4879307e-17	0	411.4041
1.7544999999999168e-10	0.59166735	-0.28985792	-0.47858614	-1.4884802e-17	0	411.4041
1.7554999999999165e-10	0.59026134	-0.28940886	-0.47951084	-1.48903e-17	0	411.4041
1.7564999999999163e-10	0.58885586	-0.28895405	-0.48043364	-1.4895799e-17	0	411.4041
1.757499999999916e-10	0.587451	-0.28849345	-0.48135453	-1.4901303e-17	0	411.4041
1.758499999999916e-10	0.5860468	-0.28802714	-0.4822735	-1.4906809e-17	0	411.4041
1.7594999999999157e-10	0.5846433	-0.28755516	-0.4831906	-1.4912321e-17	0	411.4041
1.7604999999999155e-10	0.5832405	-0.28707737	-0.48410574	-1.4917832e-17	0	411.4041
1.7614999999999153e-10	0.5818385	-0.28659382	-0.48501885	-1.4923349e-17	0	411.4041
1.762499999999915e-10	0.5804374	-0.28610453	-0.4859301	-1.4928866e-17	0	411.4041
1.7634999999999149e-10	0.5790372	-0.2856095	-0.4868392	-1.4934389e-17	0	411.4041
1.7644999999999147e-10	0.5776379	-0.28510875	-0.48774633	-1.4939913e-17	0	411.4041
1.7654999999999144e-10	0.5762397	-0.28460222	-0.48865145	-1.494544e-17	0	411.4041
1.7664999999999142e-10	0.57484245	-0.28408995	-0.4895545	-1.4950965e-17	0	411.4041
1.767499999999914e-10	0.5734464	-0.28357193	-0.49045548	-1.4956494e-17	0	411.4041
1.7684999999999138e-10	0.57205147	-0.28304815	-0.4913543	-1.4962026e-17	0	411.4041
1.7694999999999136e-10	0.57065773	-0.28251863	-0.49225104	-1.496756e-17	0	411.4041
1.7704999999999134e-10	0.56926525	-0.28198335	-0.49314559	-1.4973097e-17	0	411.4041
1.7714999999999132e-10	0.5678741	-0.28144234	-0.49403805	-1.4978635e-17	0	411.4041
1.772499999999913e-10	0.56648433	-0.28089565	-0.49492833	-1.4984172e-17	0	411.4041
1.7734999999999128e-10	0.56509596	-0.28034312	-0.49581635	-1.4989717e-17	0	411.4041
1.7744999999999126e-10	0.563709	-0.2797849	-0.49670216	-1.4995254e-17	0	411.4041
1.7754999999999123e-10	0.5623237	-0.27922097	-0.49758583	-1.5000795e-17	0	411.4041
1.7764999999999121e-10	0.56093985	-0.27865127	-0.49846715	-1.5006338e-17	0	411.4041
1.777499999999912e-10	0.55955774	-0.27807584	-0.49934623	-1.5011886e-17	0	411.4041
1.7784999999999117e-10	0.55817723	-0.27749476	-0.50022304	-1.5017426e-17	0	411.4041
1.7794999999999115e-10	0.5567985	-0.27690792	-0.5010975	-1.5022971e-17	0	411.4041
1.7804999999999113e-10	0.55542153	-0.2763154	-0.5019697	-1.5028518e-17	0	411.4041
1.781499999999911e-10	0.5540464	-0.27571714	-0.5028395	-1.503406e-17	0	411.4041
1.7824999999999109e-10	0.55267316	-0.27511317	-0.503707	-1.5039611e-17	0	411.4041
1.7834999999999107e-10	0.5513019	-0.27450356	-0.504572	-1.5045156e-17	0	411.4041
1.7844999999999104e-10	0.5499326	-0.27388826	-0.5054347	-1.5050705e-17	0	411.4041
1.7854999999999102e-10	0.5485654	-0.27326727	-0.50629497	-1.5056252e-17	0	411.4041
1.78649999999991e-10	0.54720026	-0.27264065	-0.50715274	-1.5061798e-17	0	411.4041
1.7874999999999098e-10	0.54583734	-0.27200833	-0.50800806	-1.5067343e-17	0	411.4041
1.7884999999999096e-10	0.5444766	-0.2713704	-0.508861	-1.5072897e-17	0	411.4041
1.7894999999999094e-10	0.5431181	-0.2707268	-0.5097114	-1.5078436e-17	0	411.4041
1.7904999999999092e-10	0.54176193	-0.27007762	-0.51055926	-1.508398e-17	0	411.4041
1.791499999999909e-10	0.54040813	-0.26942277	-0.51140463	-1.5089525e-17	0	411.4041
1.7924999999999088e-10	0.53905684	-0.26876232	-0.51224744	-1.5095067e-17	0	411.4041
1.7934999999999086e-10	0.5377079	-0.26809627	-0.5130877	-1.5100609e-17	0	411.4041
1.7944999999999083e-10	0.5363616	-0.2674247	-0.5139254	-1.510615e-17	0	411.4041
1.7954999999999081e-10	0.5350179	-0.2667475	-0.51476043	-1.5111691e-17	0	411.4041
1.796499999999908e-10	0.53367674	-0.26606473	-0.51559293	-1.5117229e-17	0	411.4041
1.7974999999999077e-10	0.53233844	-0.26537645	-0.51642275	-1.5122764e-17	0	411.4041
1.7984999999999075e-10	0.53100276	-0.2646826	-0.51724994	-1.51283e-17	0	411.4041
1.7994999999999073e-10	0.52967	-0.26398328	-0.51807445	-1.513383e-17	0	411.4041
1.800499999999907e-10	0.52834	-0.26327842	-0.51889634	-1.5139366e-17	0	411.4041
1.801499999999907e-10	0.527013	-0.26256806	-0.5197154	-1.5144891e-17	0	411.4041
1.8024999999999067e-10	0.5256889	-0.26185226	-0.5205319	-1.5150422e-17	0	411.4041
1.8034999999999065e-10	0.5243678	-0.261131	-0.52134556	-1.5155944e-17	0	411.4041
1.8044999999999062e-10	0.52304995	-0.26040423	-0.5221565	-1.5161463e-17	0	411.4041
1.805499999999906e-10	0.5217351	-0.2596721	-0.5229647	-1.5166985e-17	0	411.4041
1.8064999999999058e-10	0.5204234	-0.25893453	-0.5237701	-1.5172504e-17	0	411.4041
1.8074999999999056e-10	0.51911503	-0.2581916	-0.52457273	-1.517802e-17	0	411.4041
1.8084999999999054e-10	0.51781	-0.25744322	-0.5253725	-1.5183534e-17	0	411.4041
1.8094999999999052e-10	0.5165082	-0.25668955	-0.5261694	-1.5189043e-17	0	411.4041
1.810499999999905e-10	0.51520985	-0.2559305	-0.52696353	-1.5194549e-17	0	411.4041
1.8114999999999048e-10	0.513915	-0.25516617	-0.5277547	-1.5200053e-17	0	411.4041
1.8124999999999046e-10	0.51262367	-0.2543965	-0.5285431	-1.5205555e-17	0	411.4041
1.8134999999999044e-10	0.51133585	-0.25362158	-0.5293287	-1.5211041e-17	0	411.4041
1.8144999999999041e-10	0.51005167	-0.25284138	-0.5301112	-1.5216538e-17	0	411.4041
1.815499999999904e-10	0.50873554	-0.25207114	-0.5308945	-1.5753488e-17	0	406.92145
1.8164999999999037e-10	0.5073874	-0.25131056	-0.5316786	-1.5759245e-17	0	406.92145
1.8174999999999035e-10	0.506043	-0.25054422	-0.5324598	-1.5765e-17	0	406.92145
1.8184999999999033e-10	0.50470227	-0.2497722	-0.53323805	-1.5770756e-17	0	406.92145
1.819499999999903e-10	0.50336534	-0.24899448	-0.5340134	-1.5776515e-17	0	406.92145
1.820499999999903e-10	0.5020322	-0.24821112	-0.53478575	-1.578226e-17	0	406.92145
1.8214999999999027e-10	0.500703	-0.24742211	-0.5355552	-1.5787998e-17	0	406.92145
1.8224999999999025e-10	0.4993777	-0.24662751	-0.5363216	-1.5793743e-17	0	406.92145
1.8234999999999022e-10	0.4980564	-0.24582729	-0.53708506	-1.5799479e-17	0	406.92145
1.824499999999902e-10	0.4967392	-0.24502152	-0.5378455	-1.580521e-17	0	406.92145
1.8254999999999018e-10	0.49542612	-0.24421021	-0.5386029	-1.5810937e-17	0	406.92145
1.8264999999999016e-10	0.4941172	-0.24339339	-0.5393572	-1.5816663e-17	0	406.92145
1.8274999999999014e-10	0.49281254	-0.24257112	-0.54010856	-1.5822384e-17	0	406.92145
1.8284999999999012e-10	0.49151218	-0.24174334	-0.5408567	-1.5828096e-17	0	406.92145
1.829499999999901e-10	0.49021614	-0.24091017	-0.54160184	-1.5833809e-17	0	406.92145
1.8304999999999008e-10	0.48892456	-0.24007156	-0.5423438	-1.5839513e-17	0	406.92145
1.8314999999999006e-10	0.4876374	-0.23922762	-0.5430827	-1.5845215e-17	0	406.92145
1.8324999999999004e-10	0.4863548	-0.23837832	-0.5438185	-1.5850906e-17	0	406.92145
1.8334999999999001e-10	0.48507673	-0.23752369	-0.5445511	-1.5856602e-17	0	406.92145
1.8344999999999e-10	0.48380333	-0.23666379	-0.54528046	-1.5862285e-17	0	406.92145
1.8354999999998997e-10	0.48253465	-0.23579863	-0.54600674	-1.5867963e-17	0	406.92145
1.8364999999998995e-10	0.4812707	-0.23492824	-0.5467298	-1.5873639e-17	0	406.92145
1.8374999999998993e-10	0.48001158	-0.23405266	-0.5474496	-1.5879308e-17	0	406.92145
1.838499999999899e-10	0.47875726	-0.23317194	-0.5481662	-1.588497e-17	0	406.92145
1.839499999999899e-10	0.47750795	-0.23228604	-0.54887956	-1.5890628e-17	0	406.92145
1.8404999999998987e-10	0.47626364	-0.23139507	-0.54958975	-1.5896279e-17	0	406.92145
1.8414999999998985e-10	0.47502428	-0.23049904	-0.55029655	-1.590192e-17	0	406.92145
1.8424999999998983e-10	0.47379005	-0.22959797	-0.5510001	-1.5907558e-17	0	406.92145
1.843499999999898e-10	0.47256094	-0.22869189	-0.5517004	-1.591319e-17	0	406.92145
1.8444999999998978e-10	0.47133708	-0.22778088	-0.5523974	-1.5918818e-17	0	406.92145
1.8454999999998976e-10	0.47011843	-0.2268649	-0.55309105	-1.5924446e-17	0	406.92145
1.8464999999998974e-10	0.46890515	-0.22594407	-0.5537814	-1.5930053e-17	0	406.92145
1.8474999999998972e-10	0.4676972	-0.22501837	-0.5544684	-1.5935654e-17	0	406.92145
1.848499999999897e-10	0.46649468	-0.22408785	-0.55515194	-1.5941258e-17	0	406.92145
1.8494999999998968e-10	0.46529764	-0.22315252	-0.5558322	-1.5946843e-17	0	406.92145
1.8504999999998966e-10	0.46410614	-0.2222125	-0.556509	-1.5952435e-17	0	406.92145
1.8514999999998964e-10	0.4629202	-0.2212677	-0.55718255	-1.5958003e-17	0	406.92145
1.8524999999998962e-10	0.46173987	-0.22031826	-0.5578526	-1.5963575e-17	0	406.92145
1.853499999999896e-10	0.46056533	-0.21936418	-0.5585193	-1.5969142e-17	0	406.92145
1.8544999999998957e-10	0.45939648	-0.21840551	-0.5591825	-1.5974694e-17	0	406.92145
1.8554999999998955e-10	0.45823342	-0.21744229	-0.5598423	-1.5980241e-17	0	406.92145
1.8564999999998953e-10	0.45707625	-0.21647456	-0.5604986	-1.598578e-17	0	406.92145
1.857499999999895e-10	0.45592496	-0.21550234	-0.5611515	-1.5991312e-17	0	406.92145
1.858499999999895e-10	0.45477962	-0.21452568	-0.56180084	-1.5996833e-17	0	406.92145
1.8594999999998947e-10	0.45364028	-0.21354465	-0.5624468	-1.6002347e-17	0	406.92145
1.8604999999998945e-10	0.45250705	-0.21255925	-0.56308925	-1.6007857e-17	0	406.92145
1.8614999999998943e-10	0.4513799	-0.21156955	-0.5637282	-1.6013355e-17	0	406.92145
1.862499999999894e-10	0.45025897	-0.21057558	-0.56436354	-1.6018842e-17	0	406.92145
1.8634999999998938e-10	0.4491442	-0.20957737	-0.5649954	-1.6024328e-17	0	406.92145
1.8644999999998936e-10	0.44803572	-0.208575	-0.56562376	-1.6029794e-17	0	406.92145
1.8654999999998934e-10	0.44693348	-0.20756848	-0.56624854	-1.6035258e-17	0	406.92145
1.8664999999998932e-10	0.44583774	-0.20655787	-0.5668698	-1.6040711e-17	0	406.92145
1.867499999999893e-10	0.4447483	-0.2055432	-0.5674875	-1.6046162e-17	0	406.92145
1.8684999999998928e-10	0.4436654	-0.20452452	-0.5681016	-1.6051597e-17	0	406.92145
1.8694999999998926e-10	0.44258898	-0.2035019	-0.5687122	-1.6057022e-17	0	406.92145
1.8704999999998924e-10	0.44151917	-0.20247534	-0.56931907	-1.606244e-17	0	406.92145
1.8714999999998922e-10	0.44045594	-0.20144492	-0.5699224	-1.606785e-17	0	406.92145
1.872499999999892e-10	0.4393994	-0.20041068	-0.5705222	-1.6073248e-17	0	406.92145
1.8734999999998917e-10	0.43834952	-0.19937265	-0.57111824	-1.6078639e-17	0	406.92145
1.8744999999998915e-10	0.4373064	-0.19833091	-0.5717108	-1.6084017e-17	0	406.92145
1.8754999999998913e-10	0.43627012	-0.19728549	-0.57229966	-1.6089384e-17	0	406.92145
1.876499999999891e-10	0.4352407	-0.19623642	-0.57288486	-1.6094748e-17	0	406.92145
1.877499999999891e-10	0.43421817	-0.19518375	-0.5734665	-1.6100093e-17	0	406.92145
1.8784999999998907e-10	0.43320253	-0.19412756	-0.57404447	-1.6105428e-17	0	406.92145
1.8794999999998905e-10	0.43219396	-0.19306788	-0.57461876	-1.611076e-17	0	406.92145
1.8804999999998903e-10	0.43119237	-0.19200476	-0.5751893	-1.611608e-17	0	406.92145
1.88149999999989e-10	0.4301979	-0.19093826	-0.57575625	-1.6121385e-17	0	406.92145
1.8824999999998898e-10	0.42921054	-0.18986839	-0.5763195	-1.6126682e-17	0	406.92145
1.8834999999998896e-10	0.42823038	-0.18879525	-0.5768791	-1.6131976e-17	0	406.92145
1.8844999999998894e-10	0.42725736	-0.18771887	-0.57743496	-1.6137248e-17	0	406.92145
1.8854999999998892e-10	0.42629164	-0.1866393	-0.5779872	-1.6142512e-17	0	406.92145
1.886499999999889e-10	0.4253332	-0.18555658	-0.5785357	-1.6147773e-17	0	406.92145
1.8874999999998888e-10	0.42438212	-0.18447077	-0.5790805	-1.6153006e-17	0	406.92145
1.8884999999998886e-10	0.42343843	-0.18338194	-0.57962155	-1.6158247e-17	0	406.92145
1.8894999999998884e-10	0.42250216	-0.1822901	-0.58015895	-1.6163467e-17	0	406.92145
1.8904999999998882e-10	0.42157334	-0.18119536	-0.5806926	-1.6168674e-17	0	406.92145
1.891499999999888e-10	0.4206521	-0.18009773	-0.5812225	-1.6173876e-17	0	406.92145
1.8924999999998877e-10	0.4197383	-0.1789973	-0.58174866	-1.6179059e-17	0	406.92145
1.8934999999998875e-10	0.41883215	-0.17789407	-0.5822711	-1.6184234e-17	0	406.92145
1.8944999999998873e-10	0.41793367	-0.17678815	-0.58278984	-1.61894e-17	0	406.92145
1.895499999999887e-10	0.4170428	-0.17567953	-0.58330476	-1.6194552e-17	0	406.92145
1.896499999999887e-10	0.4161597	-0.17456831	-0.58381593	-1.619969e-17	0	406.92145
1.8974999999998867e-10	0.41528428	-0.17345454	-0.5843234	-1.6204829e-17	0	406.92145
1.8984999999998865e-10	0.4144166	-0.17233826	-0.5848271	-1.6209944e-17	0	406.92145
1.8994999999998863e-10	0.4135568	-0.17121956	-0.5853271	-1.6215046e-17	0	406.92145
1.900499999999886e-10	0.4127049	-0.17009845	-0.58582336	-1.6220143e-17	0	406.92145
1.9014999999998858e-10	0.41186085	-0.168975	-0.58631575	-1.6225216e-17	0	406.92145
1.9024999999998856e-10	0.41102478	-0.16784929	-0.5868044	-1.623029e-17	0	406.92145
1.9034999999998854e-10	0.4101966	-0.16672134	-0.5872894	-1.623535e-17	0	406.92145
1.9044999999998852e-10	0.40937644	-0.16559124	-0.5877705	-1.6240393e-17	0	406.92145
1.905499999999885e-10	0.4085643	-0.16445902	-0.58824784	-1.6245429e-17	0	406.92145
1.9064999999998848e-10	0.4077603	-0.16332474	-0.58872145	-1.6250443e-17	0	406.92145
1.9074999999998846e-10	0.40696433	-0.16218846	-0.58919126	-1.6255459e-17	0	406.92145
1.9084999999998844e-10	0.40617654	-0.16105025	-0.58965725	-1.6260448e-17	0	406.92145
1.9094999999998842e-10	0.40539688	-0.15991013	-0.5901196	-1.6265436e-17	0	406.92145
1.910499999999884e-10	0.40462548	-0.15876822	-0.59057814	-1.6270404e-17	0	406.92145
1.9114999999998837e-10	0.40386227	-0.15762454	-0.59103274	-1.6275364e-17	0	406.92145
1.9124999999998835e-10	0.40310732	-0.15647915	-0.5914838	-1.6280307e-17	0	406.92145
1.9134999999998833e-10	0.40236068	-0.15533207	-0.5919309	-1.6285236e-17	0	406.92145
1.914499999999883e-10	0.4016223	-0.15418343	-0.59237427	-1.6290153e-17	0	406.92145
1.915499999999883e-10	0.40089235	-0.15303327	-0.5928139	-1.6295061e-17	0	406.92145
1.9164999999998827e-10	0.40012237	-0.15190119	-0.59325254	-1.6919753e-17	0	402.61917
1.9174999999998825e-10	0.39936084	-0.15076742	-0.59368753	-1.69247e-17	0	402.61917
1.9184999999998823e-10	0.39860776	-0.14963198	-0.5941188	-1.6929621e-17	0	402.61917
1.919499999999882e-10	0.3978632	-0.14849497	-0.5945462	-1.6934533e-17	0	402.61917
1.9204999999998819e-10	0.3971272	-0.14735645	-0.5949699	-1.6939436e-17	0	402.61917
1.9214999999998816e-10	0.39639977	-0.14621644	-0.5953899	-1.694432e-17	0	402.61917
1.9224999999998814e-10	0.3956809	-0.14507504	-0.5958062	-1.6949194e-17	0	402.61917
1.9234999999998812e-10	0.39497066	-0.14393231	-0.5962187	-1.6954051e-17	0	402.61917
1.924499999999881e-10	0.39426908	-0.1427883	-0.59662753	-1.69589e-17	0	402.61917
1.9254999999998808e-10	0.39357615	-0.14164309	-0.5970326	-1.6963729e-17	0	402.61917
1.9264999999998806e-10	0.392892	-0.14049675	-0.5974339	-1.696855e-17	0	402.61917
1.9274999999998804e-10	0.3922165	-0.13934928	-0.5978315	-1.6973359e-17	0	402.61917
1.9284999999998802e-10	0.39154974	-0.13820082	-0.5982254	-1.6978153e-17	0	402.61917
1.92949999999988e-10	0.3908918	-0.1370514	-0.5986156	-1.6982925e-17	0	402.61917
1.9304999999998798e-10	0.39024267	-0.13590108	-0.599002	-1.6987697e-17	0	402.61917
1.9314999999998795e-10	0.38960233	-0.13474993	-0.5993847	-1.6992447e-17	0	402.61917
1.9324999999998793e-10	0.38897082	-0.13359803	-0.59976375	-1.6997192e-17	0	402.61917
1.933499999999879e-10	0.3883482	-0.1324454	-0.600139	-1.700191e-17	0	402.61917
1.934499999999879e-10	0.38773444	-0.13129213	-0.60051066	-1.7006625e-17	0	402.61917
1.9354999999998787e-10	0.3871296	-0.13013831	-0.6008786	-1.7011328e-17	0	402.61917
1.9364999999998785e-10	0.3865337	-0.12898396	-0.6012428	-1.7016005e-17	0	402.61917
1.9374999999998783e-10	0.38594672	-0.12782916	-0.6016032	-1.702068e-17	0	402.61917
1.938499999999878e-10	0.38536873	-0.12667398	-0.60196	-1.7025337e-17	0	402.61917
1.9394999999998779e-10	0.38479972	-0.12551849	-0.6023132	-1.7029971e-17	0	402.61917
1.9404999999998776e-10	0.3842397	-0.12436272	-0.6026626	-1.7034608e-17	0	402.61917
1.9414999999998774e-10	0.38368872	-0.12320678	-0.6030084	-1.703922e-17	0	402.61917
1.9424999999998772e-10	0.38314676	-0.122050695	-0.6033504	-1.7043825e-17	0	402.61917
1.943499999999877e-10	0.3826138	-0.12089456	-0.60368884	-1.704841e-17	0	402.61917
1.9444999999998768e-10	0.38208994	-0.119738415	-0.6040236	-1.7052988e-17	0	402.61917
1.9454999999998766e-10	0.38157517	-0.11858235	-0.6043546	-1.7057541e-17	0	402.61917
1.9464999999998764e-10	0.38106948	-0.117426395	-0.6046821	-1.7062084e-17	0	402.61917
1.9474999999998762e-10	0.38057292	-0.11627064	-0.60500586	-1.7066617e-17	0	402.61917
1.948499999999876e-10	0.38008544	-0.115115136	-0.605326	-1.7071132e-17	0	402.61917
1.9494999999998758e-10	0.3796071	-0.11395997	-0.6056425	-1.7075643e-17	0	402.61917
1.9504999999998755e-10	0.37913787	-0.11280517	-0.60595536	-1.7080123e-17	0	402.61917
1.9514999999998753e-10	0.37867785	-0.11165082	-0.6062647	-1.7084595e-17	0	402.61917
1.952499999999875e-10	0.37822697	-0.11049699	-0.60657036	-1.7089063e-17	0	402.61917
1.953499999999875e-10	0.37778524	-0.10934374	-0.6068723	-1.7093505e-17	0	402.61917
1.9544999999998747e-10	0.37735268	-0.10819112	-0.6071708	-1.7097939e-17	0	402.61917
1.9554999999998745e-10	0.37692934	-0.10703921	-0.6074656	-1.7102355e-17	0	402.61917
1.9564999999998743e-10	0.37651518	-0.10588806	-0.6077569	-1.7106754e-17	0	402.61917
1.957499999999874e-10	0.3761102	-0.104737744	-0.6080446	-1.7111141e-17	0	402.61917
1.9584999999998739e-10	0.37571442	-0.10358831	-0.6083287	-1.7115522e-17	0	402.61917
1.9594999999998737e-10	0.37532786	-0.102439865	-0.6086093	-1.7119878e-17	0	402.61917
1.9604999999998734e-10	0.37495053	-0.101292424	-0.6088863	-1.7124224e-17	0	402.61917
1.9614999999998732e-10	0.37458238	-0.10014606	-0.6091597	-1.7128558e-17	0	402.61917
1.962499999999873e-10	0.3742235	-0.09900084	-0.6094296	-1.713288e-17	0	402.61917
1.9634999999998728e-10	0.37387386	-0.097856835	-0.60969603	-1.7137182e-17	0	402.61917
1.9644999999998726e-10	0.37353343	-0.09671412	-0.6099589	-1.714147e-17	0	402.61917
1.9654999999998724e-10	0.37320217	-0.09557272	-0.6102183	-1.7145739e-17	0	402.61917
1.9664999999998722e-10	0.3728802	-0.09443272	-0.61047417	-1.7150005e-17	0	402.61917
1.967499999999872e-10	0.37256747	-0.0932942	-0.61072654	-1.7154245e-17	0	402.61917
1.9684999999998718e-10	0.3722639	-0.09215718	-0.61097544	-1.7158479e-17	0	402.61917
1.9694999999998716e-10	0.3719696	-0.09102176	-0.6112209	-1.7162696e-17	0	402.61917
1.9704999999998713e-10	0.37168455	-0.08988798	-0.61146283	-1.7166896e-17	0	402.61917
1.9714999999998711e-10	0.37140873	-0.088755906	-0.61170137	-1.7171088e-17	0	402.61917
1.972499999999871e-10	0.3711421	-0.0876256	-0.61193645	-1.7175264e-17	0	402.61917
1.9734999999998707e-10	0.3708847	-0.08649713	-0.61216813	-1.7179421e-17	0	402.61917
1.9744999999998705e-10	0.3706365	-0.08537054	-0.61239636	-1.7183562e-17	0	402.61917
1.9754999999998703e-10	0.37039754	-0.08424592	-0.6126212	-1.7187691e-17	0	402.61917
1.97649999999987e-10	0.3701678	-0.08312331	-0.6128426	-1.7191817e-17	0	402.61917
1.9774999999998699e-10	0.3699472	-0.08200277	-0.61306065	-1.7195917e-17	0	402.61917
1.9784999999998697e-10	0.3697358	-0.08088436	-0.6132753	-1.72e-17	0	402.61917
1.9794999999998694e-10	0.3695336	-0.07976815	-0.6134866	-1.7204081e-17	0	402.61917
1.9804999999998692e-10	0.36934057	-0.07865419	-0.61369467	-1.7208143e-17	0	402.61917
1.981499999999869e-10	0.36915672	-0.07754255	-0.61389923	-1.7212186e-17	0	402.61917
1.9824999999998688e-10	0.36898196	-0.076433286	-0.6141005	-1.7216221e-17	0	402.61917
1.9834999999998686e-10	0.36881647	-0.07532644	-0.6142986	-1.7220241e-17	0	402.61917
1.9844999999998684e-10	0.36866003	-0.07422209	-0.61449325	-1.7224246e-17	0	402.61917
1.9854999999998682e-10	0.36851272	-0.073120296	-0.61468464	-1.7228233e-17	0	402.61917
1.986499999999868e-10	0.36837453	-0.0720211	-0.61487275	-1.7232204e-17	0	402.61917
1.9874999999998678e-10	0.36824542	-0.07092458	-0.6150576	-1.7236168e-17	0	402.61917
1.9884999999998676e-10	0.3681255	-0.06983078	-0.6152392	-1.7240117e-17	0	402.61917
1.9894999999998673e-10	0.36801457	-0.068739764	-0.6154176	-1.7244049e-17	0	402.61917
1.9904999999998671e-10	0.3679127	-0.067651585	-0.6155927	-1.7247966e-17	0	402.61917
1.991499999999867e-10	0.3678199	-0.06656629	-0.6157647	-1.7251877e-17	0	402.61917
1.9924999999998667e-10	0.3677361	-0.06548396	-0.6159334	-1.7255767e-17	0	402.61917
1.9934999999998665e-10	0.36766133	-0.06440463	-0.6160989	-1.7259638e-17	0	402.61917
1.9944999999998663e-10	0.36759555	-0.06332836	-0.6162613	-1.7263503e-17	0	402.61917
1.995499999999866e-10	0.36753875	-0.062255222	-0.61642057	-1.7267359e-17	0	402.61917
1.996499999999866e-10	0.36749095	-0.061185256	-0.6165767	-1.7271195e-17	0	402.61917
1.9974999999998657e-10	0.36745203	-0.06011851	-0.61672956	-1.7275014e-17	0	402.61917
1.9984999999998655e-10	0.36742204	-0.059055053	-0.61687946	-1.7278829e-17	0	402.61917
1.9994999999998652e-10	0.36740097	-0.057994936	-0.6170262	-1.7282619e-17	0	402.61917
2.000499999999865e-10	0.3673888	-0.0569382	-0.61716986	-1.7286399e-17	0	402.61917
2.0014999999998648e-10	0.3673855	-0.055884928	-0.6173104	-1.7290171e-17	0	402.61917
2.0024999999998646e-10	0.367391	-0.054835144	-0.61744803	-1.7293918e-17	0	402.61917
2.0034999999998644e-10	0.36740535	-0.053788908	-0.61758244	-1.7297655e-17	0	402.61917
2.0044999999998642e-10	0.36742845	-0.05274629	-0.6177139	-1.7301387e-17	0	402.61917
2.005499999999864e-10	0.36746034	-0.051707316	-0.6178424	-1.73051e-17	0	402.61917
2.0064999999998638e-10	0.36750102	-0.050672054	-0.61796784	-1.7308796e-17	0	402.61917
2.0074999999998636e-10	0.36755034	-0.049640547	-0.61809033	-1.7312488e-17	0	402.61917
2.0084999999998634e-10	0.36760846	-0.04861286	-0.6182099	-1.7316161e-17	0	402.61917
2.0094999999998631e-10	0.36767516	-0.04758903	-0.6183264	-1.7319819e-17	0	402.61917
2.010499999999863e-10	0.36775056	-0.04656911	-0.6184401	-1.7323463e-17	0	402.61917
2.0114999999998627e-10	0.36783454	-0.04555315	-0.6185508	-1.7327093e-17	0	402.61917
2.0124999999998625e-10	0.3679271	-0.044541202	-0.61865866	-1.7330713e-17	0	402.61917
2.0134999999998623e-10	0.36802828	-0.043533314	-0.61876357	-1.7334324e-17	0	402.61917
2.014499999999862e-10	0.36813796	-0.04252953	-0.61886567	-1.7337917e-17	0	402.61917
2.015499999999862e-10	0.36825615	-0.041529905	-0.6189649	-1.7341497e-17	0	402.61917
2.0164999999998617e-10	0.368374	-0.04054726	-0.619062	-1.7999637e-17	0	398.49
2.0174999999998615e-10	0.3684913	-0.03958165	-0.6191571	-1.8003083e-17	0	398.49
2.0184999999998612e-10	0.3686169	-0.03862038	-0.6192494	-1.8006513e-17	0	398.49
2.019499999999861e-10	0.36875087	-0.03766349	-0.6193389	-1.8009932e-17	0	398.49
2.0204999999998608e-10	0.36889303	-0.036711033	-0.6194259	-1.8013338e-17	0	398.49
2.0214999999998606e-10	0.3690434	-0.03576305	-0.61951023	-1.8016725e-17	0	398.49
2.0224999999998604e-10	0.36920202	-0.034819596	-0.6195918	-1.8020111e-17	0	398.49
2.0234999999998602e-10	0.36936873	-0.03388071	-0.6196707	-1.8023481e-17	0	398.49
2.02449999999986e-10	0.3695436	-0.032946438	-0.61974704	-1.8026835e-17	0	398.49
2.0254999999998598e-10	0.36972654	-0.03201683	-0.6198208	-1.8030185e-17	0	398.49
2.0264999999998596e-10	0.36991754	-0.031091921	-0.61989206	-1.8033515e-17	0	398.49
2.0274999999998594e-10	0.37011653	-0.030171763	-0.61996067	-1.8036837e-17	0	398.49
2.0284999999998591e-10	0.37032348	-0.029256396	-0.6200266	-1.804014e-17	0	398.49
2.029499999999859e-10	0.3705384	-0.028345864	-0.6200901	-1.804343e-17	0	398.49
2.0304999999998587e-10	0.3707612	-0.027440213	-0.62015116	-1.8046715e-17	0	398.49
2.0314999999998585e-10	0.37099186	-0.026539477	-0.6202097	-1.8049993e-17	0	398.49
2.0324999999998583e-10	0.37123036	-0.025643703	-0.62026566	-1.8053243e-17	0	398.49
2.033499999999858e-10	0.3714766	-0.024752934	-0.62031925	-1.8056504e-17	0	398.49
2.034499999999858e-10	0.37173063	-0.023867203	-0.6203703	-1.8059732e-17	0	398.49
2.0354999999998577e-10	0.37199232	-0.02298656	-0.620419	-1.8062948e-17	0	398.49
2.0364999999998575e-10	0.37226173	-0.022111036	-0.62046534	-1.806617e-17	0	398.49
2.0374999999998573e-10	0.3725387	-0.021240678	-0.62050927	-1.806937e-17	0	398.49
2.038499999999857e-10	0.37282327	-0.020375516	-0.6205508	-1.8072563e-17	0	398.49
2.0394999999998568e-10	0.37311536	-0.019515596	-0.62059	-1.8075733e-17	0	398.49
2.0404999999998566e-10	0.37341496	-0.018660951	-0.62062687	-1.8078902e-17	0	398.49
2.0414999999998564e-10	0.37372205	-0.017811619	-0.6206614	-1.8082056e-17	0	398.49
2.0424999999998562e-10	0.37403646	-0.016967636	-0.6206936	-1.80852e-17	0	398.49
2.043499999999856e-10	0.37435833	-0.01612904	-0.62072366	-1.8088329e-17	0	398.49
2.0444999999998558e-10	0.37468746	-0.015295864	-0.6207514	-1.8091452e-17	0	398.49
2.0454999999998556e-10	0.3750239	-0.014468144	-0.6207769	-1.8094554e-17	0	398.49
2.0464999999998554e-10	0.37536758	-0.013645913	-0.62080014	-1.8097656e-17	0	398.49
2.0474999999998552e-10	0.3757184	-0.012829212	-0.62082124	-1.810074e-17	0	398.49
2.048499999999855e-10	0.37607637	-0.012018066	-0.62084013	-1.8103824e-17	0	398.49
2.0494999999998547e-10	0.37644148	-0.011212511	-0.6208569	-1.8106884e-17	0	398.49
2.0504999999998545e-10	0.3768136	-0.01041258	-0.6208715	-1.810994e-17	0	398.49
2.0514999999998543e-10	0.37719274	-0.009618304	-0.62088394	-1.8112976e-17	0	398.49
2.052499999999854e-10	0.37757882	-0.008829715	-0.6208943	-1.8116006e-17	0	398.49
2.053499999999854e-10	0.37797183	-0.008046842	-0.6209026	-1.811903e-17	0	398.49
2.0544999999998537e-10	0.3783717	-0.007269718	-0.6209088	-1.8122043e-17	0	398.49
2.0554999999998535e-10	0.37877837	-0.0064983717	-0.620913	-1.8125036e-17	0	398.49
2.0564999999998533e-10	0.37919176	-0.0057328325	-0.6209152	-1.8128027e-17	0	398.49
2.057499999999853e-10	0.37961188	-0.0049731284	-0.62091535	-1.8131003e-17	0	398.49
2.0584999999998528e-10	0.3800387	-0.004219289	-0.62091345	-1.8133975e-17	0	398.49
2.0594999999998526e-10	0.38047215	-0.003471342	-0.6209097	-1.8136933e-17	0	398.49
2.0604999999998524e-10	0.3809121	-0.0027293125	-0.6209039	-1.8139877e-17	0	398.49
2.0614999999998522e-10	0.3813586	-0.0019932282	-0.62089634	-1.8142815e-17	0	398.49
2.062499999999852e-10	0.38181153	-0.0012631163	-0.62088674	-1.8145747e-17	0	398.49
2.0634999999998518e-10	0.38227093	-0.0005390004	-0.62087536	-1.8148659e-17	0	398.49
2.0644999999998516e-10	0.38273668	0.00017909333	-0.62086195	-1.8151557e-17	0	398.49
2.0654999999998514e-10	0.3832087	0.0008911402	-0.6208468	-1.8154459e-17	0	398.49
2.0664999999998512e-10	0.38368696	0.0015971169	-0.6208299	-1.8157347e-17	0	398.49
2.067499999999851e-10	0.3841715	0.0022969998	-0.6208111	-1.8160218e-17	0	398.49
2.0684999999998507e-10	0.38466215	0.002990765	-0.6207905	-1.8163088e-17	0	398.49
2.0694999999998505e-10	0.3851589	0.003678391	-0.6207682	-1.8165943e-17	0	398.49
2.0704999999998503e-10	0.38566166	0.0043598567	-0.62074405	-1.8168786e-17	0	398.49
2.07149999999985e-10	0.38617045	0.0050351378	-0.62071824	-1.8171626e-17	0	398.49
2.07249999999985e-10	0.3866852	0.0057042167	-0.62069076	-1.817445e-17	0	398.49
2.0734999999998497e-10	0.38720584	0.0063670725	-0.62066156	-1.8177269e-17	0	398.49
2.0744999999998495e-10	0.38773227	0.0070236833	-0.6206307	-1.8180075e-17	0	398.49
2.0754999999998493e-10	0.38826448	0.007674032	-0.6205982	-1.8182877e-17	0	398.49
2.076499999999849e-10	0.38880247	0.008318099	-0.620564	-1.8185655e-17	0	398.49
2.0774999999998488e-10	0.38934603	0.008955864	-0.62052834	-1.8188441e-17	0	398.49
2.0784999999998486e-10	0.3898953	0.009587314	-0.6204909	-1.8191217e-17	0	398.49
2.0794999999998484e-10	0.39045006	0.010212428	-0.6204521	-1.8193978e-17	0	398.49
2.0804999999998482e-10	0.3910103	0.01083119	-0.6204117	-1.8196726e-17	0	398.49
2.081499999999848e-10	0.3915761	0.011443585	-0.62036973	-1.8199469e-17	0	398.49
2.0824999999998478e-10	0.39214718	0.012049596	-0.6203263	-1.8202202e-17	0	398.49
2.0834999999998476e-10	0.39272368	0.01264921	-0.62028134	-1.8204927e-17	0	398.49
2.0844999999998474e-10	0.39330542	0.013242409	-0.62023497	-1.8207637e-17	0	398.49
2.0854999999998472e-10	0.39389235	0.013829181	-0.6201871	-1.8210343e-17	0	398.49
2.086499999999847e-10	0.39448443	0.01440951	-0.6201379	-1.8213043e-17	0	398.49
2.0874999999998467e-10	0.39508164	0.014983387	-0.62008727	-1.8215731e-17	0	398.49
2.0884999999998465e-10	0.39568394	0.015550797	-0.62003523	-1.8218413e-17	0	398.49
2.0894999999998463e-10	0.39629123	0.016111726	-0.6199818	-1.8221087e-17	0	398.49
2.090499999999846e-10	0.39690343	0.016666166	-0.6199271	-1.822375e-17	0	398.49
2.091499999999846e-10	0.39752048	0.017214105	-0.6198711	-1.8226405e-17	0	398.49
2.0924999999998457e-10	0.3981424	0.01775553	-0.6198136	-1.8229049e-17	0	398.49
2.0934999999998455e-10	0.39876908	0.018290434	-0.6197551	-1.8231688e-17	0	398.49
2.0944999999998453e-10	0.3994004	0.018818805	-0.6196952	-1.8234313e-17	0	398.49
2.095499999999845e-10	0.40003642	0.019340632	-0.6196341	-1.823694e-17	0	398.49
2.0964999999998449e-10	0.40067703	0.01985591	-0.6195718	-1.8239551e-17	0	398.49
2.0974999999998446e-10	0.40132216	0.020364631	-0.6195082	-1.8242158e-17	0	398.49
2.0984999999998444e-10	0.40197176	0.020866783	-0.61944354	-1.8244757e-17	0	398.49
2.0994999999998442e-10	0.40262574	0.021362366	-0.6193777	-1.824734e-17	0	398.49
2.100499999999844e-10	0.40328413	0.021851366	-0.6193107	-1.8249924e-17	0	398.49
2.1014999999998438e-10	0.40394676	0.022333777	-0.61924255	-1.8252491e-17	0	398.49
2.1024999999998436e-10	0.40461364	0.0228096	-0.61917335	-1.8255057e-17	0	398.49
2.1034999999998434e-10	0.4052847	0.023278818	-0.6191031	-1.8257621e-17	0	398.49
2.1044999999998432e-10	0.40595987	0.023741439	-0.6190317	-1.8260166e-17	0	398.49
2.105499999999843e-10	0.40663907	0.024197448	-0.61895937	-1.8262715e-17	0	398.49
2.1064999999998427e-10	0.4073223	0.024646852	-0.618886	-1.8265245e-17	0	398.49
2.1074999999998425e-10	0.40800947	0.025089638	-0.6188116	-1.8267773e-17	0	398.49
2.1084999999998423e-10	0.4087005	0.025525805	-0.6187363	-1.8270292e-17	0	398.49
2.109499999999842e-10	0.40939537	0.025955351	-0.61866003	-1.8272802e-17	0	398.49
2.110499999999842e-10	0.41009402	0.026378276	-0.6185828	-1.8275307e-17	0	398.49
2.1114999999998417e-10	0.4107963	0.026794575	-0.61850464	-1.8277805e-17	0	398.49
2.1124999999998415e-10	0.41150227	0.027204245	-0.6184256	-1.8280291e-17	0	398.49
2.1134999999998413e-10	0.41221178	0.027607292	-0.61834574	-1.828278e-17	0	398.49
2.114499999999841e-10	0.41292483	0.02800371	-0.618265	-1.8285251e-17	0	398.49
2.1154999999998409e-10	0.41364133	0.0283935	-0.6181834	-1.828772e-17	0	398.49
2.1164999999998406e-10	0.41436124	0.028776664	-0.618101	-1.8290181e-17	0	398.49
2.1174999999998404e-10	0.4150864	0.029110022	-0.61802083	-1.8923596e-17	0	394.52698
2.1184999999998402e-10	0.41581443	0.029436607	-0.6179402	-1.8925944e-17	0	394.52698
2.11949999999984e-10	0.4165452	0.029756421	-0.6178587	-1.8928281e-17	0	394.52698
2.1204999999998398e-10	0.41727877	0.03006947	-0.6177768	-1.8930604e-17	0	394.52698
2.1214999999998396e-10	0.41801494	0.030375762	-0.6176942	-1.893293e-17	0	394.52698
2.1224999999998394e-10	0.41875374	0.030675296	-0.61761117	-1.8935243e-17	0	394.52698
2.1234999999998392e-10	0.4194951	0.030968085	-0.6175275	-1.8937559e-17	0	394.52698
2.124499999999839e-10	0.42023885	0.03125413	-0.6174434	-1.8939862e-17	0	394.52698
2.1254999999998388e-10	0.42098516	0.031533442	-0.61735874	-1.8942156e-17	0	394.52698
2.1264999999998385e-10	0.42173377	0.031806022	-0.6172736	-1.8944446e-17	0	394.52698
2.1274999999998383e-10	0.42248467	0.03207188	-0.61718804	-1.8946726e-17	0	394.52698
2.128499999999838e-10	0.4232378	0.03233103	-0.61710197	-1.8949007e-17	0	394.52698
2.129499999999838e-10	0.42399314	0.03258347	-0.61701554	-1.8951279e-17	0	394.52698
2.1304999999998377e-10	0.4247506	0.032829218	-0.61692864	-1.8953543e-17	0	394.52698
2.1314999999998375e-10	0.4255101	0.033068273	-0.6168415	-1.8955802e-17	0	394.52698
2.1324999999998373e-10	0.42627162	0.033300653	-0.6167539	-1.8958055e-17	0	394.52698
2.133499999999837e-10	0.4270351	0.03352637	-0.6166659	-1.8960303e-17	0	394.52698
2.1344999999998369e-10	0.42780042	0.03374542	-0.6165777	-1.8962541e-17	0	394.52698
2.1354999999998367e-10	0.42856756	0.033957828	-0.6164891	-1.8964777e-17	0	394.52698
2.1364999999998364e-10	0.42933646	0.034163598	-0.61640024	-1.8967008e-17	0	394.52698
2.1374999999998362e-10	0.4301071	0.03436275	-0.6163111	-1.8969227e-17	0	394.52698
2.138499999999836e-10	0.43087935	0.034555275	-0.6162217	-1.897144e-17	0	394.52698
2.1394999999998358e-10	0.43165317	0.034741208	-0.61613214	-1.8973654e-17	0	394.52698
2.1404999999998356e-10	0.43242857	0.034920547	-0.6160424	-1.897586e-17	0	394.52698
2.1414999999998354e-10	0.43320537	0.03509331	-0.6159524	-1.8978054e-17	0	394.52698
2.1424999999998352e-10	0.43398362	0.03525951	-0.6158623	-1.8980253e-17	0	394.52698
2.143499999999835e-10	0.43476322	0.035419162	-0.615772	-1.8982432e-17	0	394.52698
2.1444999999998348e-10	0.43554407	0.035572276	-0.6156816	-1.8984616e-17	0	394.52698
2.1454999999998345e-10	0.43632618	0.035718866	-0.61559105	-1.8986793e-17	0	394.52698
2.1464999999998343e-10	0.43710947	0.035858955	-0.61550033	-1.8988972e-17	0	394.52698
2.147499999999834e-10	0.43789387	0.035992548	-0.61540973	-1.8991129e-17	0	394.52698
2.148499999999834e-10	0.43867928	0.036119662	-0.615319	-1.8993291e-17	0	394.52698
2.1494999999998337e-10	0.43946573	0.036240313	-0.6152282	-1.8995445e-17	0	394.52698
2.1504999999998335e-10	0.44025314	0.03635452	-0.6151374	-1.8997596e-17	0	394.52698
2.1514999999998333e-10	0.44104144	0.036462296	-0.61504656	-1.8999736e-17	0	394.52698
2.152499999999833e-10	0.4418305	0.036563653	-0.6149557	-1.9001872e-17	0	394.52698
2.1534999999998329e-10	0.44262043	0.03665862	-0.61486506	-1.900401e-17	0	394.52698
2.1544999999998327e-10	0.44341093	0.036747195	-0.61477435	-1.9006137e-17	0	394.52698
2.1554999999998324e-10	0.4442022	0.036829416	-0.6146837	-1.9008256e-17	0	394.52698
2.1564999999998322e-10	0.44499406	0.03690529	-0.61459315	-1.9010367e-17	0	394.52698
2.157499999999832e-10	0.4457864	0.036974832	-0.6145027	-1.9012485e-17	0	394.52698
2.1584999999998318e-10	0.44657925	0.037038065	-0.6144125	-1.901459e-17	0	394.52698
2.1594999999998316e-10	0.44737262	0.037095007	-0.61432236	-1.901669e-17	0	394.52698
2.1604999999998314e-10	0.44816625	0.037145674	-0.61423236	-1.901879e-17	0	394.52698
2.1614999999998312e-10	0.44896024	0.037190087	-0.61414254	-1.9020878e-17	0	394.52698
2.162499999999831e-10	0.44975448	0.037228268	-0.61405295	-1.9022967e-17	0	394.52698
2.1634999999998308e-10	0.45054895	0.037260234	-0.6139636	-1.902505e-17	0	394.52698
2.1644999999998306e-10	0.4513436	0.037286	-0.61387444	-1.9027123e-17	0	394.52698
2.1654999999998303e-10	0.4521383	0.037305586	-0.61378556	-1.9029197e-17	0	394.52698
2.1664999999998301e-10	0.452933	0.037319023	-0.613697	-1.9031262e-17	0	394.52698
2.16749999999983e-10	0.45372778	0.03732632	-0.6136086	-1.9033322e-17	0	394.52698
2.1684999999998297e-10	0.4545225	0.037327506	-0.61352056	-1.903538e-17	0	394.52698
2.1694999999998295e-10	0.45531708	0.0373226	-0.6134329	-1.9037434e-17	0	394.52698
2.1704999999998293e-10	0.4561115	0.037311614	-0.61334556	-1.9039481e-17	0	394.52698
2.171499999999829e-10	0.45690566	0.03729459	-0.61325854	-1.9041527e-17	0	394.52698
2.172499999999829e-10	0.45769957	0.037271522	-0.61317194	-1.9043569e-17	0	394.52698
2.1734999999998287e-10	0.4584931	0.037242454	-0.6130857	-1.9045597e-17	0	394.52698
2.1744999999998285e-10	0.45928633	0.0372074	-0.6129999	-1.9047629e-17	0	394.52698
2.1754999999998282e-10	0.46007907	0.037166383	-0.6129145	-1.904965e-17	0	394.52698
2.176499999999828e-10	0.46087137	0.037119426	-0.6128295	-1.9051669e-17	0	394.52698
2.1774999999998278e-10	0.4616631	0.037066553	-0.61274505	-1.9053685e-17	0	394.52698
2.1784999999998276e-10	0.46245426	0.03700778	-0.612661	-1.90557e-17	0	394.52698
2.1794999999998274e-10	0.46324477	0.036943134	-0.61257744	-1.9057704e-17	0	394.52698
2.1804999999998272e-10	0.46403456	0.036872644	-0.61249447	-1.9059709e-17	0	394.52698
2.181499999999827e-10	0.46482366	0.03679633	-0.612412	-1.906171e-17	0	394.52698
2.1824999999998268e-10	0.46561193	0.03671421	-0.61233	-1.90637e-17	0	394.52698
2.1834999999998266e-10	0.46639937	0.036626324	-0.6122486	-1.9065694e-17	0	394.52698
2.1844999999998263e-10	0.46718588	0.036532678	-0.61216784	-1.9067678e-17	0	394.52698
2.1854999999998261e-10	0.46797147	0.036433302	-0.61208755	-1.9069663e-17	0	394.52698
2.186499999999826e-10	0.46875614	0.036328226	-0.612008	-1.9071633e-17	0	394.52698
2.1874999999998257e-10	0.46953964	0.03621747	-0.611929	-1.9073615e-17	0	394.52698
2.1884999999998255e-10	0.47032213	0.036101054	-0.6118506	-1.9075576e-17	0	394.52698
2.1894999999998253e-10	0.47110346	0.035979018	-0.61177295	-1.907755e-17	0	394.52698
2.190499999999825e-10	0.4718836	0.035851374	-0.6116959	-1.9079508e-17	0	394.52698
2.191499999999825e-10	0.47266248	0.035718154	-0.6116196	-1.9081469e-17	0	394.52698
2.1924999999998247e-10	0.47344008	0.035579376	-0.6115439	-1.9083422e-17	0	394.52698
2.1934999999998245e-10	0.47421637	0.035435077	-0.6114689	-1.9085366e-17	0	394.52698
2.1944999999998242e-10	0.4749913	0.035285275	-0.61139476	-1.9087312e-17	0	394.52698
2.195499999999824e-10	0.47576475	0.035129994	-0.61132133	-1.9089252e-17	0	394.52698
2.1964999999998238e-10	0.47653675	0.03496927	-0.6112487	-1.9091196e-17	0	394.52698
2.1974999999998236e-10	0.47730726	0.03480312	-0.6111767	-1.9093128e-17	0	394.52698
2.1984999999998234e-10	0.47807616	0.034631576	-0.6111056	-1.909506e-17	0	394.52698
2.1994999999998232e-10	0.47884345	0.034454662	-0.6110353	-1.9096983e-17	0	394.52698
2.200499999999823e-10	0.47960913	0.034272403	-0.61096585	-1.9098909e-17	0	394.52698
2.2014999999998228e-10	0.48037302	0.034084834	-0.6108972	-1.910083e-17	0	394.52698
2.2024999999998226e-10	0.48113522	0.033891972	-0.6108294	-1.9102745e-17	0	394.52698
2.2034999999998224e-10	0.48189563	0.03369385	-0.61076254	-1.9104653e-17	0	394.52698
2.2044999999998221e-10	0.48265418	0.033490494	-0.6106965	-1.9106567e-17	0	394.52698
2.205499999999822e-10	0.48341084	0.03328193	-0.61063135	-1.9108468e-17	0	394.52698
2.2064999999998217e-10	0.48416555	0.03306819	-0.6105671	-1.911037e-17	0	394.52698
2.2074999999998215e-10	0.48491836	0.032849297	-0.6105038	-1.9112271e-17	0	394.52698
2.2084999999998213e-10	0.48566908	0.03262528	-0.6104414	-1.9114162e-17	0	394.52698
2.209499999999821e-10	0.48641777	0.032396168	-0.61038	-1.911605e-17	0	394.52698
2.210499999999821e-10	0.4871644	0.032161992	-0.6103196	-1.911794e-17	0	394.52698
2.2114999999998207e-10	0.48790884	0.031922773	-0.6102601	-1.9119827e-17	0	394.52698
2.2124999999998205e-10	0.48865116	0.031678546	-0.6102016	-1.912171e-17	0	394.52698
2.2134999999998203e-10	0.4893912	0.03142933	-0.6101442	-1.9123589e-17	0	394.52698
2.21449999999982e-10	0.49012893	0.031175168	-0.61008775	-1.912546e-17	0	394.52698
2.2154999999998198e-10	0.4908644	0.030916076	-0.6100324	-1.9127339e-17	0	394.52698
2.2164999999998196e-10	0.49159753	0.030652089	-0.6099781	-1.9129199e-17	0	394.52698
2.2174999999998194e-10	0.49232996	0.030353762	-0.60992754	-1.9708685e-17	0	390.72342
2.2184999999998192e-10	0.49306118	0.030021088	-0.609881	-1.9710571e-17	0	390.72342
2.219499999999819e-10	0.49378926	0.029683558	-0.6098357	-1.9712445e-17	0	390.72342
2.2204999999998188e-10	0.49451408	0.029341208	-0.60979176	-1.9714325e-17	0	390.72342
2.2214999999998186e-10	0.49523568	0.028994069	-0.60974896	-1.9716194e-17	0	390.72342
2.2224999999998184e-10	0.49595404	0.028642176	-0.60970753	-1.9718063e-17	0	390.72342
2.2234999999998181e-10	0.49666908	0.028285563	-0.6096674	-1.9719928e-17	0	390.72342
2.224499999999818e-10	0.4973808	0.027924258	-0.6096286	-1.9721787e-17	0	390.72342
2.2254999999998177e-10	0.49808905	0.027558303	-0.6095912	-1.972365e-17	0	390.72342
2.2264999999998175e-10	0.49879396	0.027187726	-0.609555	-1.9725503e-17	0	390.72342
2.2274999999998173e-10	0.4994954	0.026812565	-0.6095202	-1.9727353e-17	0	390.72342
2.228499999999817e-10	0.5001933	0.026432848	-0.6094869	-1.97292e-17	0	390.72342
2.229499999999817e-10	0.50088775	0.026048614	-0.6094549	-1.9731049e-17	0	390.72342
2.2304999999998167e-10	0.5015786	0.025659896	-0.6094243	-1.9732891e-17	0	390.72342
2.2314999999998165e-10	0.5022659	0.025266724	-0.609395	-1.9734733e-17	0	390.72342
2.2324999999998163e-10	0.5029495	0.024869138	-0.60936725	-1.9736572e-17	0	390.72342
2.233499999999816e-10	0.50362945	0.02446717	-0.60934097	-1.9738399e-17	0	390.72342
2.2344999999998158e-10	0.5043057	0.024060851	-0.60931605	-1.9740238e-17	0	390.72342
2.2354999999998156e-10	0.5049782	0.023650222	-0.60929257	-1.9742062e-17	0	390.72342
2.2364999999998154e-10	0.505647	0.02323531	-0.6092706	-1.9743883e-17	0	390.72342
2.2374999999998152e-10	0.5063119	0.022816151	-0.60925007	-1.974571e-17	0	390.72342
2.238499999999815e-10	0.506973	0.022392785	-0.609231	-1.9747524e-17	0	390.72342
2.2394999999998148e-10	0.5076303	0.021965241	-0.60921353	-1.974934e-17	0	390.72342
2.2404999999998146e-10	0.5082837	0.021533556	-0.6091975	-1.9751157e-17	0	390.72342
2.2414999999998144e-10	0.5089331	0.02109776	-0.609183	-1.9752964e-17	0	390.72342
2.2424999999998142e-10	0.5095786	0.020657891	-0.6091701	-1.9754769e-17	0	390.72342
2.243499999999814e-10	0.51022005	0.020213988	-0.60915864	-1.9756582e-17	0	390.72342
2.2444999999998137e-10	0.51085746	0.019766077	-0.6091488	-1.9758387e-17	0	390.72342
2.2454999999998135e-10	0.5114909	0.0193142	-0.6091405	-1.9760183e-17	0	390.72342
2.2464999999998133e-10	0.5121201	0.018858384	-0.6091338	-1.9761982e-17	0	390.72342
2.247499999999813e-10	0.5127454	0.018398674	-0.60912865	-1.9763782e-17	0	390.72342
2.248499999999813e-10	0.51336634	0.017935095	-0.60912514	-1.9765572e-17	0	390.72342
2.2494999999998127e-10	0.5139833	0.017467689	-0.60912323	-1.9767365e-17	0	390.72342
2.2504999999998125e-10	0.514596	0.016996484	-0.6091229	-1.976915e-17	0	390.72342
2.2514999999998123e-10	0.5152044	0.01652152	-0.6091242	-1.9770942e-17	0	390.72342
2.252499999999812e-10	0.5158086	0.016042834	-0.60912716	-1.9772719e-17	0	390.72342
2.2534999999998118e-10	0.51640856	0.015560455	-0.6091317	-1.9774504e-17	0	390.72342
2.2544999999998116e-10	0.51700413	0.015074417	-0.60913795	-1.9776282e-17	0	390.72342
2.2554999999998114e-10	0.51759535	0.014584761	-0.6091459	-1.9778065e-17	0	390.72342
2.2564999999998112e-10	0.5181823	0.014091519	-0.6091554	-1.9779839e-17	0	390.72342
2.257499999999811e-10	0.51876473	0.013594726	-0.6091667	-1.978161e-17	0	390.72342
2.2584999999998108e-10	0.51934284	0.013094417	-0.60917974	-1.9783386e-17	0	390.72342
2.2594999999998106e-10	0.51991653	0.012590628	-0.6091944	-1.9785163e-17	0	390.72342
2.2604999999998104e-10	0.5204856	0.012083392	-0.60921067	-1.9786926e-17	0	390.72342
2.2614999999998102e-10	0.5210503	0.011572747	-0.60922873	-1.9788688e-17	0	390.72342
2.26249999999981e-10	0.5216104	0.011058725	-0.6092486	-1.9790455e-17	0	390.72342
2.2634999999998097e-10	0.522166	0.010541362	-0.6092701	-1.979222e-17	0	390.72342
2.2644999999998095e-10	0.522717	0.010020695	-0.6092934	-1.9793984e-17	0	390.72342
2.2654999999998093e-10	0.52326345	0.009496757	-0.6093185	-1.9795744e-17	0	390.72342
2.266499999999809e-10	0.52380526	0.008969584	-0.6093453	-1.9797503e-17	0	390.72342
2.267499999999809e-10	0.52434236	0.008439209	-0.6093739	-1.9799256e-17	0	390.72342
2.2684999999998087e-10	0.52487487	0.007905672	-0.6094043	-1.9801013e-17	0	390.72342
2.2694999999998085e-10	0.52540267	0.007369005	-0.60943645	-1.9802768e-17	0	390.72342
2.2704999999998083e-10	0.52592576	0.0068292427	-0.60947037	-1.9804517e-17	0	390.72342
2.271499999999808e-10	0.5264441	0.0062864213	-0.6095062	-1.9806272e-17	0	390.72342
2.2724999999998078e-10	0.5269577	0.005740576	-0.60954374	-1.9808028e-17	0	390.72342
2.2734999999998076e-10	0.52746654	0.005191741	-0.609583	-1.9809776e-17	0	390.72342
2.2744999999998074e-10	0.5279705	0.0046399515	-0.60962427	-1.981152e-17	0	390.72342
2.2754999999998072e-10	0.5284697	0.0040852455	-0.6096673	-1.981327e-17	0	390.72342
2.276499999999807e-10	0.5289641	0.0035276562	-0.60971224	-1.9815017e-17	0	390.72342
2.2774999999998068e-10	0.5294535	0.0029672186	-0.609759	-1.9816766e-17	0	390.72342
2.2784999999998066e-10	0.52993816	0.0024039666	-0.60980755	-1.9818506e-17	0	390.72342
2.2794999999998064e-10	0.5304178	0.0018379395	-0.609858	-1.982025e-17	0	390.72342
2.2804999999998062e-10	0.5308926	0.0012691694	-0.6099103	-1.9821995e-17	0	390.72342
2.281499999999806e-10	0.5313624	0.00069769286	-0.6099645	-1.9823737e-17	0	390.72342
2.2824999999998057e-10	0.5318273	0.00012354425	-0.61002064	-1.982548e-17	0	390.72342
2.2834999999998055e-10	0.5322872	-0.00045324274	-0.6100786	-1.982722e-17	0	390.72342
2.2844999999998053e-10	0.532742	-0.0010326288	-0.6101384	-1.9828967e-17	0	390.72342
2.285499999999805e-10	0.53319186	-0.0016145812	-0.61020017	-1.9830702e-17	0	390.72342
2.286499999999805e-10	0.5336367	-0.0021990635	-0.6102638	-1.9832443e-17	0	390.72342
2.2874999999998047e-10	0.53407645	-0.00278604	-0.6103294	-1.983418e-17	0	390.72342
2.2884999999998045e-10	0.5345111	-0.0033754786	-0.6103969	-1.9835917e-17	0	390.72342
2.2894999999998043e-10	0.5349408	-0.003967341	-0.61046636	-1.9837659e-17	0	390.72342
2.290499999999804e-10	0.5353652	-0.004561591	-0.6105377	-1.9839396e-17	0	390.72342
2.2914999999998039e-10	0.5357846	-0.005158199	-0.6106111	-1.9841133e-17	0	390.72342
2.2924999999998036e-10	0.53619885	-0.005757123	-0.6106864	-1.9842867e-17	0	390.72342
2.2934999999998034e-10	0.5366079	-0.0063583306	-0.6107636	-1.984461e-17	0	390.72342
2.2944999999998032e-10	0.53701174	-0.0069617843	-0.6108427	-1.9846357e-17	0	390.72342
2.295499999999803e-10	0.53741044	-0.0075674504	-0.6109239	-1.9848086e-17	0	390.72342
2.2964999999998028e-10	0.5378039	-0.008175299	-0.61100703	-1.9849828e-17	0	390.72342
2.2974999999998026e-10	0.5381923	-0.008785289	-0.6110921	-1.9851565e-17	0	390.72342
2.2984999999998024e-10	0.53857523	-0.00939738	-0.61117905	-1.9853298e-17	0	390.72342
2.2994999999998022e-10	0.538953	-0.010011544	-0.6112681	-1.9855043e-17	0	390.72342
2.300499999999802e-10	0.5393255	-0.010627744	-0.6113591	-1.9856783e-17	0	390.72342
2.3014999999998017e-10	0.53969276	-0.0112459455	-0.6114521	-1.9858527e-17	0	390.72342
2.3024999999998015e-10	0.5400547	-0.011866113	-0.6115472	-1.9860264e-17	0	390.72342
2.3034999999998013e-10	0.54041135	-0.012488207	-0.6116442	-1.9862008e-17	0	390.72342
2.304499999999801e-10	0.54076266	-0.013112195	-0.61174315	-1.9863751e-17	0	390.72342
2.305499999999801e-10	0.54110867	-0.013738042	-0.61184424	-1.98655e-17	0	390.72342
2.3064999999998007e-10	0.54144925	-0.01436571	-0.6119473	-1.9867244e-17	0	390.72342
2.3074999999998005e-10	0.5417845	-0.014995171	-0.6120523	-1.9868986e-17	0	390.72342
2.3084999999998003e-10	0.5421145	-0.015626382	-0.61215943	-1.9870736e-17	0	390.72342
2.3094999999998e-10	0.542439	-0.016259307	-0.6122685	-1.9872482e-17	0	390.72342
2.3104999999997999e-10	0.542758	-0.016893921	-0.61237967	-1.9874227e-17	0	390.72342
2.3114999999997996e-10	0.54307175	-0.017530173	-0.61249286	-1.9875982e-17	0	390.72342
2.3124999999997994e-10	0.54338	-0.01816804	-0.6126081	-1.987773e-17	0	390.72342
2.3134999999997992e-10	0.5436829	-0.01880748	-0.6127254	-1.9879484e-17	0	390.72342
2.314499999999799e-10	0.5439803	-0.01944846	-0.61284465	-1.9881235e-17	0	390.72342
2.3154999999997988e-10	0.5442722	-0.020090945	-0.61296606	-1.9882998e-17	0	390.72342
2.3164999999997986e-10	0.5445587	-0.020734895	-0.61308944	-1.9884747e-17	0	390.72342
2.3174999999997984e-10	0.54483974	-0.021380283	-0.61321485	-1.9886504e-17	0	390.72342
2.3184999999997982e-10	0.5451072	-0.022093184	-0.6133498	-2.0421212e-17	0	387.0729
2.319499999999798e-10	0.5453684	-0.022807326	-0.61348695	-2.0423108e-17	0	387.0729
2.3204999999997978e-10	0.5456233	-0.023522671	-0.61362624	-2.0425008e-17	0	387.0729
2.3214999999997975e-10	0.545872	-0.024239168	-0.61376786	-2.042691e-17	0	387.0729
2.3224999999997973e-10	0.5461143	-0.024956793	-0.61391175	-2.0428813e-17	0	387.0729
2.323499999999797e-10	0.54635036	-0.025675494	-0.6140579	-2.0430718e-17	0	387.0729
2.324499999999797e-10	0.5465802	-0.026395235	-0.61420625	-2.043262e-17	0	387.0729
2.3254999999997967e-10	0.54680365	-0.027115973	-0.61435676	-2.0434524e-17	0	387.0729
2.3264999999997965e-10	0.54702085	-0.027837675	-0.61450964	-2.0436435e-17	0	387.0729
2.3274999999997963e-10	0.54723173	-0.028560296	-0.6146648	-2.0438344e-17	0	387.0729
2.328499999999796e-10	0.54743624	-0.029283797	-0.61482215	-2.044026e-17	0	387.0729
2.3294999999997964e-10	0.54763454	-0.030008135	-0.6149818	-2.0442174e-17	0	387.0729
2.3304999999997967e-10	0.54782647	-0.030733276	-0.6151437	-2.0444086e-17	0	387.0729
2.331499999999797e-10	0.54801196	-0.031459168	-0.6153078	-2.0446015e-17	0	387.0729
2.3324999999997973e-10	0.54819125	-0.032185793	-0.61547416	-2.0447935e-17	0	387.0729
2.3334999999997976e-10	0.5483642	-0.032913093	-0.61564285	-2.0449854e-17	0	387.0729
2.334499999999798e-10	0.5485308	-0.03364103	-0.6158138	-2.0451781e-17	0	387.0729
2.335499999999798e-10	0.54869103	-0.03436957	-0.61598694	-2.0453708e-17	0	387.0729
2.3364999999997985e-10	0.54884493	-0.035098664	-0.6161624	-2.0455644e-17	0	387.0729
2.337499999999799e-10	0.5489925	-0.03582828	-0.6163401	-2.0457578e-17	0	387.0729
2.338499999999799e-10	0.54913366	-0.036558382	-0.61652005	-2.0459518e-17	0	387.0729
2.3394999999997994e-10	0.54926854	-0.03728891	-0.6167023	-2.0461464e-17	0	387.0729
2.3404999999998e-10	0.5493971	-0.038019847	-0.6168868	-2.04634e-17	0	387.0729
2.3414999999998e-10	0.54951924	-0.03875114	-0.61707354	-2.0465348e-17	0	387.0729
2.3424999999998004e-10	0.549635	-0.039482757	-0.61726254	-2.0467296e-17	0	387.0729
2.3434999999998007e-10	0.5497445	-0.040214654	-0.6174538	-2.0469254e-17	0	387.0729
2.344499999999801e-10	0.5498476	-0.040946778	-0.61764735	-2.047121e-17	0	387.0729
2.3454999999998013e-10	0.5499443	-0.04167911	-0.6178431	-2.047317e-17	0	387.0729
2.3464999999998016e-10	0.55003464	-0.042411596	-0.61804116	-2.0475126e-17	0	387.0729
2.347499999999802e-10	0.5501187	-0.0431442	-0.6182414	-2.04771e-17	0	387.0729
2.348499999999802e-10	0.55019635	-0.04387688	-0.61844397	-2.047907e-17	0	387.0729
2.3494999999998025e-10	0.5502677	-0.044609603	-0.6186487	-2.0481045e-17	0	387.0729
2.350499999999803e-10	0.55033267	-0.045342322	-0.6188558	-2.0483027e-17	0	387.0729
2.351499999999803e-10	0.55039126	-0.046074994	-0.61906517	-2.0485007e-17	0	387.0729
2.3524999999998034e-10	0.55044353	-0.046807587	-0.61927664	-2.0486994e-17	0	387.0729
2.3534999999998037e-10	0.5504894	-0.04754006	-0.61949044	-2.048898e-17	0	387.0729
2.354499999999804e-10	0.550529	-0.048272364	-0.6197065	-2.0490981e-17	0	387.0729
2.3554999999998044e-10	0.5505622	-0.049004465	-0.6199248	-2.049298e-17	0	387.0729
2.3564999999998047e-10	0.5505891	-0.04973632	-0.6201453	-2.0494981e-17	0	387.0729
2.357499999999805e-10	0.55060965	-0.050467893	-0.62036806	-2.0496993e-17	0	387.0729
2.3584999999998053e-10	0.55062383	-0.051199142	-0.620593	-2.0499005e-17	0	387.0729
2.3594999999998056e-10	0.55063176	-0.05193002	-0.6208203	-2.0501018e-17	0	387.0729
2.360499999999806e-10	0.55063325	-0.052660495	-0.62104976	-2.0503041e-17	0	387.0729
2.361499999999806e-10	0.5506285	-0.053390525	-0.62128145	-2.0505068e-17	0	387.0729
2.3624999999998065e-10	0.5506174	-0.054120075	-0.62151533	-2.0507098e-17	0	387.0729
2.363499999999807e-10	0.55059993	-0.05484909	-0.6217515	-2.050914e-17	0	387.0729
2.364499999999807e-10	0.5505762	-0.05557754	-0.6219898	-2.0511177e-17	0	387.0729
2.3654999999998074e-10	0.5505462	-0.056305375	-0.6222303	-2.0513227e-17	0	387.0729
2.3664999999998077e-10	0.5505099	-0.05703257	-0.62247306	-2.0515269e-17	0	387.0729
2.367499999999808e-10	0.55046725	-0.05775907	-0.6227181	-2.0517328e-17	0	387.0729
2.3684999999998083e-10	0.5504184	-0.058484845	-0.6229652	-2.051939e-17	0	387.0729
2.3694999999998086e-10	0.5503631	-0.059209846	-0.62321454	-2.0521463e-17	0	387.0729
2.370499999999809e-10	0.5503017	-0.059934042	-0.62346613	-2.0523537e-17	0	387.0729
2.3714999999998093e-10	0.55023396	-0.060657382	-0.62371993	-2.052561e-17	0	387.0729
2.3724999999998096e-10	0.55015993	-0.061379835	-0.6239758	-2.0527701e-17	0	387.0729
2.37349999999981e-10	0.55007964	-0.062101357	-0.6242339	-2.0529789e-17	0	387.0729
2.37449999999981e-10	0.54999316	-0.062821895	-0.6244942	-2.0531883e-17	0	387.0729
2.3754999999998105e-10	0.5499004	-0.06354143	-0.62475675	-2.0533981e-17	0	387.0729
2.376499999999811e-10	0.54980147	-0.06425991	-0.6250214	-2.0536099e-17	0	387.0729
2.377499999999811e-10	0.54969627	-0.06497729	-0.6252881	-2.0538203e-17	0	387.0729
2.3784999999998114e-10	0.54958487	-0.065693535	-0.6255571	-2.0540322e-17	0	387.0729
2.3794999999998117e-10	0.54946727	-0.0664086	-0.62582827	-2.0542445e-17	0	387.0729
2.380499999999812e-10	0.54934347	-0.06712245	-0.6261015	-2.0544582e-17	0	387.0729
2.3814999999998123e-10	0.54921347	-0.06783504	-0.6263769	-2.0546716e-17	0	387.0729
2.3824999999998126e-10	0.5490773	-0.06854634	-0.62665445	-2.0548862e-17	0	387.0729
2.383499999999813e-10	0.54893494	-0.06925629	-0.6269341	-2.0551013e-17	0	387.0729
2.384499999999813e-10	0.54878646	-0.06996487	-0.62721586	-2.0553168e-17	0	387.0729
2.3854999999998136e-10	0.5486319	-0.07067203	-0.62749976	-2.0555322e-17	0	387.0729
2.386499999999814e-10	0.5484711	-0.071377724	-0.6277858	-2.05575e-17	0	387.0729
2.387499999999814e-10	0.5483042	-0.07208191	-0.62807393	-2.0559675e-17	0	387.0729
2.3884999999998145e-10	0.5481312	-0.072784565	-0.6283642	-2.056186e-17	0	387.0729
2.389499999999815e-10	0.5479522	-0.07348563	-0.6286564	-2.0564052e-17	0	387.0729
2.390499999999815e-10	0.547767	-0.07418506	-0.62895083	-2.0566246e-17	0	387.0729
2.3914999999998154e-10	0.54757583	-0.07488284	-0.62924737	-2.0568443e-17	0	387.0729
2.3924999999998157e-10	0.54737854	-0.07557891	-0.6295458	-2.0570657e-17	0	387.0729
2.393499999999816e-10	0.5471752	-0.07627323	-0.62984645	-2.0572869e-17	0	387.0729
2.3944999999998163e-10	0.54696584	-0.076965764	-0.6301491	-2.05751e-17	0	387.0729
2.3954999999998166e-10	0.5467504	-0.07765647	-0.6304538	-2.0577329e-17	0	387.0729
2.396499999999817e-10	0.54652905	-0.07834531	-0.6307606	-2.0579569e-17	0	387.0729
2.397499999999817e-10	0.5463017	-0.07903224	-0.63106936	-2.0581814e-17	0	387.0729
2.3984999999998175e-10	0.5460684	-0.07971721	-0.63138014	-2.0584065e-17	0	387.0729
2.399499999999818e-10	0.5458291	-0.080400206	-0.631693	-2.058632e-17	0	387.0729
2.400499999999818e-10	0.5455839	-0.08108117	-0.6320078	-2.0588593e-17	0	387.0729
2.4014999999998185e-10	0.5453328	-0.08176005	-0.63232464	-2.0590865e-17	0	387.0729
2.402499999999819e-10	0.5450757	-0.08243683	-0.6326435	-2.059315e-17	0	387.0729
2.403499999999819e-10	0.54481274	-0.08311144	-0.63296425	-2.0595442e-17	0	387.0729
2.4044999999998194e-10	0.544544	-0.083783865	-0.6332871	-2.0597732e-17	0	387.0729
2.4054999999998197e-10	0.5442693	-0.08445406	-0.6336118	-2.0600043e-17	0	387.0729
2.40649999999982e-10	0.54398876	-0.085121974	-0.63393855	-2.0602353e-17	0	387.0729
2.4074999999998203e-10	0.5437025	-0.08578757	-0.6342671	-2.0604675e-17	0	387.0729
2.4084999999998206e-10	0.5434104	-0.086450815	-0.6345978	-2.0607001e-17	0	387.0729
2.409499999999821e-10	0.5431125	-0.08711167	-0.6349303	-2.060934e-17	0	387.0729
2.410499999999821e-10	0.54280883	-0.08777009	-0.6352647	-2.0611678e-17	0	387.0729
2.4114999999998215e-10	0.5424994	-0.08842603	-0.63560104	-2.0614027e-17	0	387.0729
2.412499999999822e-10	0.54218435	-0.08907945	-0.63593924	-2.0616388e-17	0	387.0729
2.413499999999822e-10	0.54186356	-0.08973032	-0.6362794	-2.0618746e-17	0	387.0729
2.4144999999998225e-10	0.5415371	-0.09037859	-0.6366215	-2.0621128e-17	0	387.0729
2.415499999999823e-10	0.5412049	-0.09102422	-0.63696533	-2.0623505e-17	0	387.0729
2.416499999999823e-10	0.54086715	-0.09166717	-0.637311	-2.0625896e-17	0	387.0729
2.4174999999998234e-10	0.54052377	-0.09230741	-0.6376586	-2.0628293e-17	0	387.0729
2.4184999999998237e-10	0.5401514	-0.093008265	-0.63801587	-2.114621e-17	0	383.58636
2.419499999999824e-10	0.53977287	-0.093706	-0.6383751	-2.1148838e-17	0	383.58636
2.4204999999998243e-10	0.53938794	-0.094400585	-0.6387362	-2.1151462e-17	0	383.58636
2.4214999999998246e-10	0.5389969	-0.095091976	-0.6390995	-2.1154105e-17	0	383.58636
2.422499999999825e-10	0.5385995	-0.09578012	-0.6394645	-2.1156749e-17	0	383.58636
2.423499999999825e-10	0.5381961	-0.096464984	-0.6398316	-2.1159407e-17	0	383.58636
2.4244999999998255e-10	0.53778636	-0.097146526	-0.6402006	-2.1162066e-17	0	383.58636
2.425499999999826e-10	0.53737056	-0.0978247	-0.6405715	-2.1164741e-17	0	383.58636
2.426499999999826e-10	0.53694874	-0.09849944	-0.64094424	-2.116742e-17	0	383.58636
2.4274999999998264e-10	0.5365208	-0.099170744	-0.6413189	-2.1170111e-17	0	383.58636
2.428499999999827e-10	0.53608686	-0.099838525	-0.6416955	-2.1172803e-17	0	383.58636
2.429499999999827e-10	0.53564686	-0.100502774	-0.64207387	-2.1175506e-17	0	383.58636
2.4304999999998274e-10	0.53520095	-0.10116343	-0.6424542	-2.1178218e-17	0	383.58636
2.4314999999998277e-10	0.53474903	-0.10182046	-0.6428363	-2.1180939e-17	0	383.58636
2.432499999999828e-10	0.53429127	-0.10247382	-0.6432202	-2.1183669e-17	0	383.58636
2.4334999999998283e-10	0.53382766	-0.10312347	-0.6436059	-2.1186408e-17	0	383.58636
2.4344999999998286e-10	0.5333581	-0.103769355	-0.6439934	-2.1189155e-17	0	383.58636
2.435499999999829e-10	0.5328828	-0.10441143	-0.64438266	-2.1191902e-17	0	383.58636
2.436499999999829e-10	0.5324017	-0.10504967	-0.6447738	-2.119467e-17	0	383.58636
2.4374999999998295e-10	0.5319149	-0.10568402	-0.6451665	-2.1197441e-17	0	383.58636
2.43849999999983e-10	0.5314223	-0.10631447	-0.6455611	-2.120022e-17	0	383.58636
2.43949999999983e-10	0.53092414	-0.10694093	-0.6459573	-2.1203008e-17	0	383.58636
2.4404999999998304e-10	0.5304203	-0.1075634	-0.6463552	-2.1205802e-17	0	383.58636
2.4414999999998307e-10	0.5299109	-0.10818182	-0.64675474	-2.1208602e-17	0	383.58636
2.442499999999831e-10	0.52939594	-0.108796135	-0.6471561	-2.1211414e-17	0	383.58636
2.4434999999998313e-10	0.5288754	-0.10940634	-0.64755905	-2.1214233e-17	0	383.58636
2.4444999999998317e-10	0.5283495	-0.11001236	-0.6479636	-2.1217062e-17	0	383.58636
2.445499999999832e-10	0.52781796	-0.11061418	-0.6483698	-2.12199e-17	0	383.58636
2.4464999999998323e-10	0.52728117	-0.11121174	-0.6487776	-2.1222745e-17	0	383.58636
2.4474999999998326e-10	0.52673894	-0.11180502	-0.6491869	-2.1225592e-17	0	383.58636
2.448499999999833e-10	0.5261914	-0.11239397	-0.6495978	-2.1228454e-17	0	383.58636
2.449499999999833e-10	0.5256386	-0.11297855	-0.6500104	-2.1231328e-17	0	383.58636
2.4504999999998335e-10	0.5250805	-0.11355873	-0.6504245	-2.1234198e-17	0	383.58636
2.451499999999834e-10	0.5245172	-0.11413447	-0.6508399	-2.1237081e-17	0	383.58636
2.452499999999834e-10	0.5239488	-0.1147057	-0.651257	-2.1239975e-17	0	383.58636
2.4534999999998344e-10	0.52337515	-0.11527243	-0.6516756	-2.1242877e-17	0	383.58636
2.4544999999998347e-10	0.52279645	-0.1158346	-0.6520956	-2.124578e-17	0	383.58636
2.455499999999835e-10	0.5222128	-0.11639218	-0.6525171	-2.1248695e-17	0	383.58636
2.4564999999998353e-10	0.5216241	-0.116945125	-0.65294003	-2.1251615e-17	0	383.58636
2.4574999999998356e-10	0.52103037	-0.1174934	-0.6533643	-2.1254546e-17	0	383.58636
2.458499999999836e-10	0.5204318	-0.11803695	-0.65379006	-2.1257485e-17	0	383.58636
2.459499999999836e-10	0.5198284	-0.11857578	-0.6542172	-2.1260431e-17	0	383.58636
2.4604999999998366e-10	0.5192201	-0.11910983	-0.65464556	-2.1263382e-17	0	383.58636
2.461499999999837e-10	0.5186071	-0.11963907	-0.65507543	-2.126634e-17	0	383.58636
2.462499999999837e-10	0.5179893	-0.120163456	-0.6555066	-2.1269307e-17	0	383.58636
2.4634999999998375e-10	0.5173668	-0.12068296	-0.65593904	-2.1272286e-17	0	383.58636
2.464499999999838e-10	0.5167398	-0.12119755	-0.6563728	-2.1275264e-17	0	383.58636
2.465499999999838e-10	0.5161081	-0.1217072	-0.6568078	-2.1278258e-17	0	383.58636
2.4664999999998384e-10	0.5154718	-0.12221186	-0.657244	-2.128125e-17	0	383.58636
2.4674999999998387e-10	0.51483107	-0.122711495	-0.6576816	-2.1284255e-17	0	383.58636
2.468499999999839e-10	0.5141859	-0.123206094	-0.6581203	-2.1287263e-17	0	383.58636
2.4694999999998393e-10	0.51353633	-0.1236956	-0.65856016	-2.129028e-17	0	383.58636
2.4704999999998396e-10	0.5128824	-0.12418	-0.65900123	-2.1293303e-17	0	383.58636
2.47149999999984e-10	0.51222414	-0.12465923	-0.65944344	-2.1296336e-17	0	383.58636
2.47249999999984e-10	0.51156163	-0.12513332	-0.6598867	-2.1299365e-17	0	383.58636
2.4734999999998405e-10	0.510895	-0.12560217	-0.66033125	-2.130241e-17	0	383.58636
2.474499999999841e-10	0.51022416	-0.1260658	-0.6607769	-2.1305461e-17	0	383.58636
2.475499999999841e-10	0.5095492	-0.12652417	-0.66122353	-2.1308515e-17	0	383.58636
2.4764999999998415e-10	0.5088701	-0.12697725	-0.6616712	-2.1311577e-17	0	383.58636
2.477499999999842e-10	0.50818723	-0.12742499	-0.66212	-2.1314646e-17	0	383.58636
2.478499999999842e-10	0.5075003	-0.12786739	-0.66256976	-2.1317717e-17	0	383.58636
2.4794999999998424e-10	0.5068094	-0.12830439	-0.66302055	-2.13208e-17	0	383.58636
2.4804999999998427e-10	0.5061147	-0.12873599	-0.6634723	-2.1323882e-17	0	383.58636
2.481499999999843e-10	0.5054163	-0.12916216	-0.663925	-2.132697e-17	0	383.58636
2.4824999999998433e-10	0.5047141	-0.12958287	-0.6643787	-2.1330066e-17	0	383.58636
2.4834999999998436e-10	0.5040082	-0.12999809	-0.66483325	-2.1333172e-17	0	383.58636
2.484499999999844e-10	0.50329864	-0.1304078	-0.66528875	-2.1336282e-17	0	383.58636
2.485499999999844e-10	0.50258553	-0.13081196	-0.6657451	-2.1339387e-17	0	383.58636
2.4864999999998445e-10	0.50186896	-0.13121057	-0.6662023	-2.1342514e-17	0	383.58636
2.487499999999845e-10	0.5011488	-0.1316036	-0.6666603	-2.1345636e-17	0	383.58636
2.488499999999845e-10	0.50042546	-0.13199101	-0.66711915	-2.1348756e-17	0	383.58636
2.4894999999998455e-10	0.49969852	-0.1323728	-0.66757894	-2.135189e-17	0	383.58636
2.490499999999846e-10	0.49896842	-0.1327489	-0.6680393	-2.135503e-17	0	383.58636
2.491499999999846e-10	0.49823508	-0.13311937	-0.6685005	-2.1358167e-17	0	383.58636
2.4924999999998464e-10	0.4974985	-0.13348413	-0.6689624	-2.1361324e-17	0	383.58636
2.4934999999998467e-10	0.49675882	-0.13384317	-0.669425	-2.1364469e-17	0	383.58636
2.494499999999847e-10	0.4960161	-0.13419646	-0.6698884	-2.1367622e-17	0	383.58636
2.4954999999998473e-10	0.4952703	-0.13454401	-0.6703524	-2.1370785e-17	0	383.58636
2.4964999999998476e-10	0.49452162	-0.13488579	-0.670817	-2.1373945e-17	0	383.58636
2.497499999999848e-10	0.49376997	-0.13522175	-0.6712823	-2.1377115e-17	0	383.58636
2.498499999999848e-10	0.49301556	-0.13555193	-0.67174816	-2.1380283e-17	0	383.58636
2.4994999999998485e-10	0.49225828	-0.13587625	-0.67221457	-2.1383458e-17	0	383.58636
2.500499999999849e-10	0.49149835	-0.13619474	-0.6726816	-2.1386632e-17	0	383.58636
2.501499999999849e-10	0.4907357	-0.13650736	-0.6731492	-2.138982e-17	0	383.58636
2.5024999999998494e-10	0.48997045	-0.13681412	-0.6736173	-2.1393002e-17	0	383.58636
2.50349999999985e-10	0.4892027	-0.13711499	-0.6740859	-2.1396196e-17	0	383.58636
2.50449999999985e-10	0.48843247	-0.13740994	-0.674555	-2.1399376e-17	0	383.58636
2.5054999999998504e-10	0.48765975	-0.13769898	-0.67502457	-2.1402574e-17	0	383.58636
2.5064999999998507e-10	0.48688468	-0.13798207	-0.67549455	-2.1405775e-17	0	383.58636
2.507499999999851e-10	0.48610732	-0.13825922	-0.67596495	-2.1408968e-17	0	383.58636
2.5084999999998513e-10	0.48532772	-0.13853043	-0.6764357	-2.1412169e-17	0	383.58636
2.5094999999998516e-10	0.48454595	-0.13879569	-0.6769069	-2.1415378e-17	0	383.58636
2.510499999999852e-10	0.48376203	-0.13905494	-0.67737854	-2.1418578e-17	0	383.58636
2.511499999999852e-10	0.48297602	-0.13930821	-0.67785037	-2.1421792e-17	0	383.58636
2.5124999999998525e-10	0.48218805	-0.13955548	-0.6783225	-2.1424994e-17	0	383.58636
2.513499999999853e-10	0.4813981	-0.13979676	-0.6787949	-2.142821e-17	0	383.58636
2.514499999999853e-10	0.4806063	-0.14003202	-0.6792677	-2.1431416e-17	0	383.58636
2.5154999999998534e-10	0.47981262	-0.14026126	-0.6797407	-2.1434635e-17	0	383.58636
2.5164999999998537e-10	0.47901723	-0.14048448	-0.6802139	-2.143785e-17	0	383.58636
2.517499999999854e-10	0.4782201	-0.14070167	-0.68068737	-2.1441069e-17	0	383.58636
2.5184999999998544e-10	0.47738776	-0.14096464	-0.6811675	-2.1974905e-17	0	380.23944
2.5194999999998547e-10	0.47655326	-0.1412211	-0.68164784	-2.1978334e-17	0	380.23944
2.520499999999855e-10	0.47571677	-0.14147107	-0.68212855	-2.1981749e-17	0	380.23944
2.5214999999998553e-10	0.47487825	-0.14171451	-0.6826095	-2.1985174e-17	0	380.23944
2.5224999999998556e-10	0.47403783	-0.14195143	-0.6830906	-2.1988601e-17	0	380.23944
2.523499999999856e-10	0.4731956	-0.14218181	-0.6835719	-2.199202e-17	0	380.23944
2.524499999999856e-10	0.47235155	-0.14240566	-0.6840534	-2.199545e-17	0	380.23944
2.5254999999998565e-10	0.47150582	-0.14262296	-0.68453515	-2.1998872e-17	0	380.23944
2.526499999999857e-10	0.47065842	-0.14283374	-0.68501693	-2.2002298e-17	0	380.23944
2.527499999999857e-10	0.4698094	-0.14303797	-0.6854989	-2.200572e-17	0	380.23944
2.5284999999998574e-10	0.4689589	-0.14323568	-0.68598086	-2.2009152e-17	0	380.23944
2.5294999999998577e-10	0.46810704	-0.14342684	-0.686463	-2.2012573e-17	0	380.23944
2.530499999999858e-10	0.46725368	-0.14361143	-0.686945	-2.2015991e-17	0	380.23944
2.5314999999998583e-10	0.4663991	-0.14378947	-0.6874272	-2.2019419e-17	0	380.23944
2.5324999999998586e-10	0.46554327	-0.143961	-0.68790936	-2.2022837e-17	0	380.23944
2.533499999999859e-10	0.46468624	-0.14412598	-0.68839145	-2.2026263e-17	0	380.23944
2.5344999999998593e-10	0.46382806	-0.14428443	-0.6888735	-2.202968e-17	0	380.23944
2.5354999999998596e-10	0.4629689	-0.14443633	-0.6893557	-2.2033099e-17	0	380.23944
2.53649999999986e-10	0.46210876	-0.14458172	-0.68983763	-2.2036517e-17	0	380.23944
2.53749999999986e-10	0.46124765	-0.14472058	-0.6903194	-2.2039935e-17	0	380.23944
2.5384999999998605e-10	0.4603858	-0.14485292	-0.69080114	-2.2043348e-17	0	380.23944
2.539499999999861e-10	0.45952314	-0.14497875	-0.69128275	-2.2046749e-17	0	380.23944
2.540499999999861e-10	0.45865977	-0.14509808	-0.6917642	-2.2050168e-17	0	380.23944
2.5414999999998614e-10	0.45779574	-0.1452109	-0.69224536	-2.2053571e-17	0	380.23944
2.5424999999998617e-10	0.4569312	-0.14531723	-0.6927264	-2.205698e-17	0	380.23944
2.543499999999862e-10	0.4560661	-0.14541711	-0.6932071	-2.206038e-17	0	380.23944
2.5444999999998623e-10	0.45520058	-0.14551048	-0.6936876	-2.2063787e-17	0	380.23944
2.5454999999998626e-10	0.45433465	-0.14559741	-0.69416785	-2.2067182e-17	0	380.23944
2.546499999999863e-10	0.45346847	-0.14567788	-0.6946478	-2.207057e-17	0	380.23944
2.547499999999863e-10	0.45260197	-0.14575192	-0.6951275	-2.2073966e-17	0	380.23944
2.5484999999998636e-10	0.45173532	-0.14581954	-0.6956068	-2.2077353e-17	0	380.23944
2.549499999999864e-10	0.45086855	-0.14588074	-0.6960857	-2.2080741e-17	0	380.23944
2.550499999999864e-10	0.45000184	-0.14593554	-0.6965644	-2.2084124e-17	0	380.23944
2.5514999999998645e-10	0.44913504	-0.14598398	-0.6970426	-2.2087507e-17	0	380.23944
2.552499999999865e-10	0.4482683	-0.14602602	-0.6975204	-2.2090884e-17	0	380.23944
2.553499999999865e-10	0.44740173	-0.14606172	-0.6979977	-2.2094247e-17	0	380.23944
2.5544999999998654e-10	0.44653538	-0.14609107	-0.69847465	-2.2097619e-17	0	380.23944
2.5554999999998657e-10	0.44566932	-0.14611408	-0.698951	-2.2100985e-17	0	380.23944
2.556499999999866e-10	0.4448036	-0.14613082	-0.699427	-2.210435e-17	0	380.23944
2.5574999999998663e-10	0.4439383	-0.14614126	-0.6999024	-2.210771e-17	0	380.23944
2.5584999999998666e-10	0.4430734	-0.14614543	-0.7003773	-2.2111052e-17	0	380.23944
2.559499999999867e-10	0.44220906	-0.14614333	-0.7008517	-2.21144e-17	0	380.23944
2.560499999999867e-10	0.44134527	-0.14613503	-0.7013255	-2.2117741e-17	0	380.23944
2.5614999999998675e-10	0.4404821	-0.1461205	-0.7017986	-2.2121084e-17	0	380.23944
2.562499999999868e-10	0.43961975	-0.1460998	-0.7022713	-2.2124424e-17	0	380.23944
2.563499999999868e-10	0.43875813	-0.14607291	-0.7027432	-2.2127753e-17	0	380.23944
2.5644999999998685e-10	0.43789738	-0.1460399	-0.7032146	-2.213107e-17	0	380.23944
2.565499999999869e-10	0.4370374	-0.14600074	-0.7036853	-2.2134392e-17	0	380.23944
2.566499999999869e-10	0.43617854	-0.1459555	-0.7041553	-2.213771e-17	0	380.23944
2.5674999999998694e-10	0.4353206	-0.14590415	-0.70462465	-2.2141016e-17	0	380.23944
2.5684999999998697e-10	0.4344637	-0.1458468	-0.7050932	-2.2144321e-17	0	380.23944
2.56949999999987e-10	0.43360803	-0.1457834	-0.7055611	-2.2147624e-17	0	380.23944
2.5704999999998703e-10	0.43275356	-0.14571398	-0.7060283	-2.215091e-17	0	380.23944
2.5714999999998706e-10	0.43190026	-0.14563859	-0.70649457	-2.2154203e-17	0	380.23944
2.572499999999871e-10	0.43104833	-0.14555724	-0.7069602	-2.215748e-17	0	380.23944
2.573499999999871e-10	0.43019775	-0.14546998	-0.70742506	-2.2160763e-17	0	380.23944
2.5744999999998715e-10	0.42934862	-0.14537682	-0.7078891	-2.2164032e-17	0	380.23944
2.575499999999872e-10	0.42850092	-0.14527777	-0.7083522	-2.2167296e-17	0	380.23944
2.576499999999872e-10	0.4276548	-0.14517291	-0.7088145	-2.2170556e-17	0	380.23944
2.5774999999998725e-10	0.42681032	-0.14506222	-0.70927596	-2.2173806e-17	0	380.23944
2.578499999999873e-10	0.42596745	-0.14494574	-0.7097365	-2.217705e-17	0	380.23944
2.579499999999873e-10	0.4251263	-0.14482352	-0.71019626	-2.2180297e-17	0	380.23944
2.5804999999998734e-10	0.42428693	-0.14469557	-0.71065503	-2.218352e-17	0	380.23944
2.5814999999998737e-10	0.4234494	-0.14456193	-0.7111129	-2.2186751e-17	0	380.23944
2.582499999999874e-10	0.42261368	-0.14442262	-0.7115698	-2.2189975e-17	0	380.23944
2.5834999999998743e-10	0.42177996	-0.14427769	-0.71202576	-2.2193186e-17	0	380.23944
2.5844999999998746e-10	0.4209482	-0.14412716	-0.7124807	-2.2196397e-17	0	380.23944
2.585499999999875e-10	0.42011845	-0.14397106	-0.7129348	-2.2199587e-17	0	380.23944
2.586499999999875e-10	0.4192908	-0.14380942	-0.7133877	-2.2202792e-17	0	380.23944
2.5874999999998755e-10	0.41846535	-0.14364229	-0.7138398	-2.2205978e-17	0	380.23944
2.588499999999876e-10	0.41764203	-0.14346968	-0.71429074	-2.2209156e-17	0	380.23944
2.589499999999876e-10	0.41682103	-0.14329164	-0.7147407	-2.2212319e-17	0	380.23944
2.5904999999998764e-10	0.41600227	-0.1431082	-0.71518946	-2.2215485e-17	0	380.23944
2.591499999999877e-10	0.41518587	-0.14291939	-0.7156373	-2.2218649e-17	0	380.23944
2.592499999999877e-10	0.41437188	-0.14272526	-0.716084	-2.2221799e-17	0	380.23944
2.5934999999998774e-10	0.41356033	-0.14252584	-0.7165296	-2.2224947e-17	0	380.23944
2.5944999999998777e-10	0.4127513	-0.14232114	-0.71697414	-2.2228085e-17	0	380.23944
2.595499999999878e-10	0.4119448	-0.14211126	-0.7174174	-2.2231212e-17	0	380.23944
2.5964999999998783e-10	0.41114086	-0.14189616	-0.7178597	-2.2234334e-17	0	380.23944
2.5974999999998786e-10	0.41033962	-0.14167592	-0.71830076	-2.2237444e-17	0	380.23944
2.598499999999879e-10	0.40954104	-0.14145055	-0.7187407	-2.224056e-17	0	380.23944
2.599499999999879e-10	0.4087452	-0.14122014	-0.7191794	-2.224366e-17	0	380.23944
2.6004999999998795e-10	0.4079522	-0.14098467	-0.71961695	-2.2246751e-17	0	380.23944
2.60149999999988e-10	0.407162	-0.14074421	-0.7200533	-2.224984e-17	0	380.23944
2.60249999999988e-10	0.4063746	-0.14049879	-0.7204884	-2.2252907e-17	0	380.23944
2.6034999999998804e-10	0.40559027	-0.14024845	-0.72092235	-2.2255978e-17	0	380.23944
2.6044999999998807e-10	0.4048088	-0.13999322	-0.721355	-2.225904e-17	0	380.23944
2.605499999999881e-10	0.40403035	-0.13973317	-0.72178644	-2.2262084e-17	0	380.23944
2.6064999999998813e-10	0.403255	-0.13946828	-0.72221655	-2.2265131e-17	0	380.23944
2.6074999999998817e-10	0.40248275	-0.13919866	-0.72264546	-2.226817e-17	0	380.23944
2.608499999999882e-10	0.4017136	-0.13892432	-0.72307307	-2.2271204e-17	0	380.23944
2.6094999999998823e-10	0.40094763	-0.13864526	-0.7234994	-2.2274224e-17	0	380.23944
2.6104999999998826e-10	0.40018493	-0.1383616	-0.7239244	-2.227723e-17	0	380.23944
2.611499999999883e-10	0.39942548	-0.13807331	-0.724348	-2.2280237e-17	0	380.23944
2.612499999999883e-10	0.39866933	-0.13778047	-0.7247704	-2.2283238e-17	0	380.23944
2.6134999999998835e-10	0.39791656	-0.13748313	-0.7251914	-2.2286226e-17	0	380.23944
2.614499999999884e-10	0.39716712	-0.1371813	-0.7256111	-2.2289207e-17	0	380.23944
2.615499999999884e-10	0.39642113	-0.13687505	-0.7260294	-2.2292178e-17	0	380.23944
2.6164999999998844e-10	0.39567864	-0.13656437	-0.7264464	-2.2295141e-17	0	380.23944
2.6174999999998847e-10	0.3949396	-0.1362494	-0.726862	-2.2298098e-17	0	380.23944
2.618499999999885e-10	0.39417297	-0.135969	-0.72728026	-2.2856605e-17	0	377.02652
2.6194999999998853e-10	0.3934095	-0.13568394	-0.7276972	-2.2859628e-17	0	377.02652
2.6204999999998856e-10	0.39264935	-0.13539428	-0.7281129	-2.2862645e-17	0	377.02652
2.621499999999886e-10	0.39189255	-0.13510002	-0.7285272	-2.2865663e-17	0	377.02652
2.622499999999886e-10	0.39113912	-0.13480122	-0.72894025	-2.2868669e-17	0	377.02652
2.6234999999998866e-10	0.3903891	-0.13449793	-0.7293518	-2.2871665e-17	0	377.02652
2.624499999999887e-10	0.3896426	-0.13419019	-0.7297622	-2.2874646e-17	0	377.02652
2.625499999999887e-10	0.38889953	-0.13387804	-0.7301712	-2.2877629e-17	0	377.02652
2.6264999999998875e-10	0.38816	-0.13356152	-0.7305787	-2.2880593e-17	0	377.02652
2.627499999999888e-10	0.38742408	-0.1332407	-0.73098487	-2.2883558e-17	0	377.02652
2.628499999999888e-10	0.38669175	-0.1329156	-0.73138964	-2.288651e-17	0	377.02652
2.6294999999998884e-10	0.38596308	-0.13258624	-0.73179305	-2.2889447e-17	0	377.02652
2.6304999999998887e-10	0.38523808	-0.13225272	-0.73219496	-2.2892382e-17	0	377.02652
2.631499999999889e-10	0.3845168	-0.13191505	-0.7325955	-2.2895312e-17	0	377.02652
2.6324999999998893e-10	0.3837993	-0.13157329	-0.7329946	-2.2898232e-17	0	377.02652
2.6334999999998896e-10	0.3830856	-0.13122748	-0.7333923	-2.2901134e-17	0	377.02652
2.63449999999989e-10	0.38237572	-0.13087766	-0.7337885	-2.2904037e-17	0	377.02652
2.63549999999989e-10	0.38166967	-0.13052388	-0.7341833	-2.2906936e-17	0	377.02652
2.6364999999998905e-10	0.38096756	-0.1301662	-0.73457664	-2.2909806e-17	0	377.02652
2.637499999999891e-10	0.3802693	-0.12980463	-0.7349684	-2.2912685e-17	0	377.02652
2.638499999999891e-10	0.37957513	-0.12943923	-0.7353588	-2.2915545e-17	0	377.02652
2.6394999999998915e-10	0.37888488	-0.12907007	-0.73574775	-2.2918399e-17	0	377.02652
2.640499999999892e-10	0.37819862	-0.12869719	-0.73613507	-2.2921248e-17	0	377.02652
2.641499999999892e-10	0.37751648	-0.1283206	-0.73652095	-2.2924088e-17	0	377.02652
2.6424999999998924e-10	0.37683836	-0.12794039	-0.73690534	-2.2926927e-17	0	377.02652
2.6434999999998927e-10	0.3761644	-0.12755658	-0.7372882	-2.2929738e-17	0	377.02652
2.644499999999893e-10	0.3754946	-0.12716922	-0.7376694	-2.2932552e-17	0	377.02652
2.6454999999998933e-10	0.37482896	-0.12677836	-0.7380494	-2.293536e-17	0	377.02652
2.6464999999998936e-10	0.3741675	-0.12638406	-0.7384276	-2.293815e-17	0	377.02652
2.647499999999894e-10	0.3735103	-0.12598634	-0.7388042	-2.2940933e-17	0	377.02652
2.648499999999894e-10	0.37285742	-0.12558527	-0.73917943	-2.2943709e-17	0	377.02652
2.6494999999998945e-10	0.3722087	-0.12518089	-0.7395531	-2.2946482e-17	0	377.02652
2.650499999999895e-10	0.3715644	-0.12477324	-0.73992515	-2.2949244e-17	0	377.02652
2.651499999999895e-10	0.37092438	-0.12436237	-0.7402955	-2.2951994e-17	0	377.02652
2.6524999999998955e-10	0.37028876	-0.123948336	-0.74066454	-2.2954729e-17	0	377.02652
2.653499999999896e-10	0.36965755	-0.12353118	-0.74103194	-2.2957465e-17	0	377.02652
2.654499999999896e-10	0.36903068	-0.12311094	-0.7413977	-2.2960195e-17	0	377.02652
2.6554999999998964e-10	0.3684083	-0.12268768	-0.74176186	-2.2962911e-17	0	377.02652
2.6564999999998967e-10	0.3677904	-0.12226143	-0.7421244	-2.2965618e-17	0	377.02652
2.657499999999897e-10	0.36717695	-0.12183224	-0.74248546	-2.2968317e-17	0	377.02652
2.6584999999998973e-10	0.36656806	-0.12140018	-0.74284476	-2.2971009e-17	0	377.02652
2.6594999999998976e-10	0.3659637	-0.120965265	-0.74320257	-2.2973688e-17	0	377.02652
2.660499999999898e-10	0.36536384	-0.12052757	-0.74355876	-2.2976354e-17	0	377.02652
2.661499999999898e-10	0.3647686	-0.12008712	-0.7439133	-2.2979023e-17	0	377.02652
2.6624999999998985e-10	0.36417794	-0.119643986	-0.7442662	-2.2981681e-17	0	377.02652
2.663499999999899e-10	0.36359194	-0.11919819	-0.7446176	-2.2984322e-17	0	377.02652
2.664499999999899e-10	0.36301053	-0.1187498	-0.7449672	-2.2986959e-17	0	377.02652
2.6654999999998994e-10	0.3624338	-0.11829885	-0.74531525	-2.2989588e-17	0	377.02652
2.6664999999999e-10	0.36186174	-0.117845386	-0.7456618	-2.2992221e-17	0	377.02652
2.6674999999999e-10	0.36129436	-0.11738947	-0.7460065	-2.2994835e-17	0	377.02652
2.6684999999999004e-10	0.36073175	-0.116931126	-0.7463496	-2.2997439e-17	0	377.02652
2.6694999999999007e-10	0.3601738	-0.11647044	-0.7466911	-2.3000032e-17	0	377.02652
2.670499999999901e-10	0.35962063	-0.11600743	-0.747031	-2.3002624e-17	0	377.02652
2.6714999999999013e-10	0.35907224	-0.11554215	-0.74736917	-2.3005193e-17	0	377.02652
2.6724999999999016e-10	0.3585286	-0.11507465	-0.74770576	-2.3007774e-17	0	377.02652
2.673499999999902e-10	0.3579898	-0.11460497	-0.7480406	-2.3010337e-17	0	377.02652
2.674499999999902e-10	0.3574558	-0.11413316	-0.74837387	-2.3012891e-17	0	377.02652
2.6754999999999025e-10	0.35692656	-0.11365927	-0.7487054	-2.3015437e-17	0	377.02652
2.676499999999903e-10	0.35640225	-0.11318335	-0.74903524	-2.3017978e-17	0	377.02652
2.677499999999903e-10	0.35588276	-0.11270544	-0.74936354	-2.30205e-17	0	377.02652
2.6784999999999034e-10	0.3553681	-0.11222559	-0.74969006	-2.3023022e-17	0	377.02652
2.6794999999999037e-10	0.3548584	-0.11174385	-0.750015	-2.302553e-17	0	377.02652
2.680499999999904e-10	0.35435355	-0.11126027	-0.7503382	-2.3028035e-17	0	377.02652
2.6814999999999044e-10	0.3538536	-0.11077488	-0.7506597	-2.3030533e-17	0	377.02652
2.6824999999999047e-10	0.3533586	-0.11028776	-0.75097966	-2.303302e-17	0	377.02652
2.683499999999905e-10	0.3528685	-0.109798916	-0.75129795	-2.3035496e-17	0	377.02652
2.6844999999999053e-10	0.35238338	-0.10930843	-0.75161445	-2.3037968e-17	0	377.02652
2.6854999999999056e-10	0.35190314	-0.108816326	-0.7519292	-2.3040424e-17	0	377.02652
2.686499999999906e-10	0.3514279	-0.10832266	-0.75224245	-2.304289e-17	0	377.02652
2.687499999999906e-10	0.35095763	-0.10782747	-0.75255394	-2.3045338e-17	0	377.02652
2.6884999999999065e-10	0.35049236	-0.107330814	-0.7528637	-2.304778e-17	0	377.02652
2.689499999999907e-10	0.35003203	-0.10683274	-0.75317186	-2.305021e-17	0	377.02652
2.690499999999907e-10	0.34957674	-0.10633328	-0.75347835	-2.3052635e-17	0	377.02652
2.6914999999999074e-10	0.34912646	-0.10583247	-0.75378305	-2.3055049e-17	0	377.02652
2.6924999999999077e-10	0.34868115	-0.1053304	-0.75408614	-2.3057448e-17	0	377.02652
2.693499999999908e-10	0.34824088	-0.1048271	-0.75438756	-2.3059855e-17	0	377.02652
2.6944999999999083e-10	0.34780562	-0.10432258	-0.75468725	-2.3062249e-17	0	377.02652
2.6954999999999086e-10	0.34737536	-0.103816934	-0.75498533	-2.3064624e-17	0	377.02652
2.696499999999909e-10	0.34695017	-0.103310175	-0.7552817	-2.3067008e-17	0	377.02652
2.6974999999999093e-10	0.34653002	-0.102802366	-0.7555764	-2.3069376e-17	0	377.02652
2.6984999999999096e-10	0.3461149	-0.102293536	-0.7558694	-2.3071737e-17	0	377.02652
2.69949999999991e-10	0.34570485	-0.10178375	-0.75616074	-2.3074089e-17	0	377.02652
2.70049999999991e-10	0.3452998	-0.10127305	-0.75645036	-2.3076433e-17	0	377.02652
2.7014999999999105e-10	0.34489983	-0.10076146	-0.75673836	-2.3078766e-17	0	377.02652
2.702499999999911e-10	0.34450495	-0.10024905	-0.75702465	-2.3081095e-17	0	377.02652
2.703499999999911e-10	0.34411508	-0.099735856	-0.7573092	-2.3083415e-17	0	377.02652
2.7044999999999114e-10	0.3437303	-0.099221915	-0.75759214	-2.3085729e-17	0	377.02652
2.7054999999999117e-10	0.3433506	-0.09870728	-0.7578734	-2.3088044e-17	0	377.02652
2.706499999999912e-10	0.3429759	-0.09819199	-0.7581529	-2.3090337e-17	0	377.02652
2.7074999999999123e-10	0.34260634	-0.09767611	-0.75843084	-2.3092638e-17	0	377.02652
2.7084999999999126e-10	0.3422418	-0.09715965	-0.75870717	-2.309492e-17	0	377.02652
2.709499999999913e-10	0.34188232	-0.09664268	-0.7589817	-2.30972e-17	0	377.02652
2.710499999999913e-10	0.3415279	-0.09612523	-0.75925463	-2.3099464e-17	0	377.02652
2.7114999999999136e-10	0.34117854	-0.095607355	-0.75952584	-2.3101738e-17	0	377.02652
2.712499999999914e-10	0.34083432	-0.09508909	-0.75979555	-2.3103985e-17	0	377.02652
2.713499999999914e-10	0.34049505	-0.09457049	-0.7600634	-2.3106237e-17	0	377.02652
2.7144999999999145e-10	0.3401609	-0.09405157	-0.7603296	-2.3108473e-17	0	377.02652
2.715499999999915e-10	0.3398318	-0.09353241	-0.7605943	-2.311071e-17	0	377.02652
2.716499999999915e-10	0.33950776	-0.093013026	-0.7608573	-2.3112935e-17	0	377.02652
2.7174999999999154e-10	0.33918872	-0.09249348	-0.76111865	-2.3115155e-17	0	377.02652
2.7184999999999157e-10	0.33885375	-0.09200738	-0.7613809	-2.3684456e-17	0	373.94226
2.719499999999916e-10	0.33852354	-0.09152095	-0.7616416	-2.3686644e-17	0	373.94226
2.7204999999999163e-10	0.3381981	-0.09103423	-0.76190084	-2.3688838e-17	0	373.94226
2.7214999999999166e-10	0.3378774	-0.09054728	-0.7621584	-2.3691012e-17	0	373.94226
2.722499999999917e-10	0.33756146	-0.0900601	-0.76241446	-2.369319e-17	0	373.94226
2.723499999999917e-10	0.3372503	-0.089572795	-0.762669	-2.3695351e-17	0	373.94226
2.7244999999999175e-10	0.3369439	-0.08908535	-0.76292205	-2.3697528e-17	0	373.94226
2.725499999999918e-10	0.3366422	-0.088597834	-0.76317346	-2.3699671e-17	0	373.94226
2.726499999999918e-10	0.3363453	-0.088110276	-0.7634233	-2.3701828e-17	0	373.94226
2.7274999999999185e-10	0.33605313	-0.08762273	-0.76367176	-2.3703956e-17	0	373.94226
2.728499999999919e-10	0.33576566	-0.087135226	-0.7639185	-2.3706096e-17	0	373.94226
2.729499999999919e-10	0.33548295	-0.08664781	-0.76416385	-2.3708219e-17	0	373.94226
2.7304999999999194e-10	0.33520496	-0.08616051	-0.76440763	-2.3710338e-17	0	373.94226
2.7314999999999197e-10	0.3349317	-0.08567338	-0.76464987	-2.3712454e-17	0	373.94226
2.73249999999992e-10	0.33466315	-0.08518646	-0.7648907	-2.3714563e-17	0	373.94226
2.7334999999999203e-10	0.33439928	-0.08469978	-0.76512986	-2.3716671e-17	0	373.94226
2.7344999999999206e-10	0.3341401	-0.08421338	-0.76536757	-2.371876e-17	0	373.94226
2.735499999999921e-10	0.33388564	-0.08372731	-0.7656038	-2.3720842e-17	0	373.94226
2.736499999999921e-10	0.33363584	-0.0832416	-0.7658385	-2.372293e-17	0	373.94226
2.7374999999999215e-10	0.33339074	-0.08275629	-0.7660717	-2.3725004e-17	0	373.94226
2.738499999999922e-10	0.33315036	-0.08227142	-0.7663033	-2.372708e-17	0	373.94226
2.739499999999922e-10	0.33291453	-0.08178702	-0.76653355	-2.3729135e-17	0	373.94226
2.7404999999999224e-10	0.3326834	-0.08130316	-0.7667623	-2.3731195e-17	0	373.94226
2.741499999999923e-10	0.33245695	-0.08081984	-0.7669895	-2.3733244e-17	0	373.94226
2.742499999999923e-10	0.33223507	-0.08033711	-0.76721525	-2.3735291e-17	0	373.94226
2.7434999999999234e-10	0.3320178	-0.07985501	-0.7674396	-2.3737327e-17	0	373.94226
2.7444999999999237e-10	0.3318052	-0.07937358	-0.76766247	-2.3739369e-17	0	373.94226
2.745499999999924e-10	0.33159718	-0.07889285	-0.7678838	-2.3741392e-17	0	373.94226
2.7464999999999243e-10	0.3313937	-0.078412876	-0.76810366	-2.3743409e-17	0	373.94226
2.7474999999999246e-10	0.33119485	-0.07793367	-0.7683221	-2.3745429e-17	0	373.94226
2.748499999999925e-10	0.33100054	-0.07745527	-0.7685391	-2.3747426e-17	0	373.94226
2.749499999999925e-10	0.3308108	-0.07697774	-0.7687546	-2.374943e-17	0	373.94226
2.7504999999999255e-10	0.33062553	-0.07650108	-0.7689687	-2.375142e-17	0	373.94226
2.751499999999926e-10	0.33044487	-0.07602535	-0.76918143	-2.3753418e-17	0	373.94226
2.752499999999926e-10	0.33026868	-0.07555057	-0.76939267	-2.3755401e-17	0	373.94226
2.7534999999999264e-10	0.330097	-0.07507679	-0.7696025	-2.3757368e-17	0	373.94226
2.754499999999927e-10	0.3299298	-0.07460404	-0.7698108	-2.3759355e-17	0	373.94226
2.755499999999927e-10	0.32976708	-0.074132346	-0.77001786	-2.3761314e-17	0	373.94226
2.7564999999999274e-10	0.3296088	-0.07366176	-0.7702234	-2.3763273e-17	0	373.94226
2.7574999999999277e-10	0.32945496	-0.07319229	-0.77042764	-2.3765225e-17	0	373.94226
2.758499999999928e-10	0.3293056	-0.072724	-0.7706304	-2.3767185e-17	0	373.94226
2.7594999999999283e-10	0.3291606	-0.0722569	-0.77083176	-2.3769126e-17	0	373.94226
2.7604999999999286e-10	0.32902	-0.071791045	-0.77103186	-2.377107e-17	0	373.94226
2.761499999999929e-10	0.32888377	-0.07132646	-0.7712304	-2.3773004e-17	0	373.94226
2.762499999999929e-10	0.32875195	-0.07086316	-0.77142763	-2.3774926e-17	0	373.94226
2.7634999999999295e-10	0.32862446	-0.0704012	-0.77162355	-2.3776857e-17	0	373.94226
2.76449999999993e-10	0.32850125	-0.069940604	-0.7718181	-2.3778764e-17	0	373.94226
2.76549999999993e-10	0.32838243	-0.06948141	-0.7720113	-2.3780677e-17	0	373.94226
2.7664999999999304e-10	0.32826784	-0.06902364	-0.77220315	-2.3782582e-17	0	373.94226
2.7674999999999307e-10	0.3281576	-0.068567336	-0.7723936	-2.3784487e-17	0	373.94226
2.768499999999931e-10	0.32805157	-0.06811252	-0.77258277	-2.3786378e-17	0	373.94226
2.7694999999999313e-10	0.32794976	-0.06765924	-0.7727706	-2.3788265e-17	0	373.94226
2.7704999999999317e-10	0.32785222	-0.06720751	-0.77295715	-2.3790145e-17	0	373.94226
2.771499999999932e-10	0.32775888	-0.066757366	-0.77314234	-2.3792034e-17	0	373.94226
2.7724999999999323e-10	0.32766968	-0.06630883	-0.7733263	-2.3793902e-17	0	373.94226
2.7734999999999326e-10	0.3275847	-0.065861955	-0.7735088	-2.3795774e-17	0	373.94226
2.774499999999933e-10	0.32750386	-0.06541675	-0.7736902	-2.3797634e-17	0	373.94226
2.775499999999933e-10	0.3274271	-0.06497325	-0.77387017	-2.379949e-17	0	373.94226
2.7764999999999335e-10	0.3273545	-0.06453149	-0.7740489	-2.3801341e-17	0	373.94226
2.777499999999934e-10	0.32728598	-0.064091496	-0.77422637	-2.3803196e-17	0	373.94226
2.778499999999934e-10	0.3272215	-0.06365329	-0.7744026	-2.3805039e-17	0	373.94226
2.7794999999999344e-10	0.32716107	-0.063216925	-0.7745777	-2.380688e-17	0	373.94226
2.7804999999999347e-10	0.32710466	-0.06278239	-0.77475137	-2.3808706e-17	0	373.94226
2.781499999999935e-10	0.32705227	-0.062349748	-0.7749238	-2.3810538e-17	0	373.94226
2.7824999999999353e-10	0.32700384	-0.061919004	-0.77509505	-2.3812366e-17	0	373.94226
2.7834999999999356e-10	0.32695937	-0.061490204	-0.7752651	-2.3814184e-17	0	373.94226
2.784499999999936e-10	0.32691884	-0.06106336	-0.7754339	-2.3815997e-17	0	373.94226
2.785499999999936e-10	0.32688224	-0.060638506	-0.7756014	-2.3817792e-17	0	373.94226
2.7864999999999366e-10	0.32684952	-0.060215667	-0.77576786	-2.381961e-17	0	373.94226
2.787499999999937e-10	0.32682064	-0.05979487	-0.775933	-2.3821402e-17	0	373.94226
2.788499999999937e-10	0.32679564	-0.05937614	-0.77609706	-2.3823199e-17	0	373.94226
2.7894999999999375e-10	0.32677445	-0.058959506	-0.7762599	-2.382499e-17	0	373.94226
2.790499999999938e-10	0.32675704	-0.05854499	-0.77642155	-2.3826782e-17	0	373.94226
2.791499999999938e-10	0.32674342	-0.058132615	-0.77658206	-2.3828557e-17	0	373.94226
2.7924999999999384e-10	0.32673353	-0.057722412	-0.77674145	-2.3830334e-17	0	373.94226
2.7934999999999387e-10	0.3267274	-0.057314403	-0.77689964	-2.3832116e-17	0	373.94226
2.794499999999939e-10	0.32672495	-0.056908615	-0.7770567	-2.3833866e-17	0	373.94226
2.7954999999999393e-10	0.3267262	-0.05650507	-0.7772127	-2.3835641e-17	0	373.94226
2.7964999999999396e-10	0.32673106	-0.05610378	-0.7773675	-2.3837405e-17	0	373.94226
2.79749999999994e-10	0.32673955	-0.055704787	-0.7775212	-2.3839153e-17	0	373.94226
2.79849999999994e-10	0.32675165	-0.05530811	-0.77767384	-2.3840899e-17	0	373.94226
2.7994999999999405e-10	0.32676733	-0.05491376	-0.77782524	-2.3842647e-17	0	373.94226
2.800499999999941e-10	0.32678658	-0.054521777	-0.77797574	-2.3844383e-17	0	373.94226
2.801499999999941e-10	0.32680935	-0.054132164	-0.7781251	-2.3846126e-17	0	373.94226
2.8024999999999415e-10	0.32683557	-0.05374496	-0.77827334	-2.3847859e-17	0	373.94226
2.803499999999942e-10	0.32686532	-0.053360175	-0.77842057	-2.3849587e-17	0	373.94226
2.804499999999942e-10	0.32689846	-0.05297784	-0.77856684	-2.3851316e-17	0	373.94226
2.8054999999999424e-10	0.32693505	-0.052597966	-0.77871186	-2.3853027e-17	0	373.94226
2.8064999999999427e-10	0.32697502	-0.052220583	-0.778856	-2.3854742e-17	0	373.94226
2.807499999999943e-10	0.32701835	-0.051845703	-0.77899915	-2.385646e-17	0	373.94226
2.8084999999999433e-10	0.32706502	-0.051473357	-0.77914125	-2.385816e-17	0	373.94226
2.8094999999999436e-10	0.32711497	-0.05110356	-0.7792822	-2.3859874e-17	0	373.94226
2.810499999999944e-10	0.32716826	-0.050736323	-0.7794223	-2.3861567e-17	0	373.94226
2.811499999999944e-10	0.32722476	-0.05037167	-0.77956134	-2.3863264e-17	0	373.94226
2.8124999999999445e-10	0.32728451	-0.050009623	-0.77969944	-2.3864958e-17	0	373.94226
2.813499999999945e-10	0.32734746	-0.049650203	-0.7798366	-2.3866642e-17	0	373.94226
2.814499999999945e-10	0.32741353	-0.049293425	-0.7799727	-2.3868323e-17	0	373.94226
2.8154999999999455e-10	0.32748282	-0.048939306	-0.7801079	-2.3870002e-17	0	373.94226
2.816499999999946e-10	0.32755518	-0.048587866	-0.7802422	-2.3871683e-17	0	373.94226
2.817499999999946e-10	0.32763064	-0.04823912	-0.7803756	-2.3873356e-17	0	373.94226
2.8184999999999464e-10	0.32769716	-0.047928765	-0.78051037	-2.4433976e-17	0	370.98148
2.8194999999999467e-10	0.32776636	-0.047621004	-0.7806443	-2.4435595e-17	0	370.98148
2.820499999999947e-10	0.3278383	-0.047315866	-0.7807776	-2.4437226e-17	0	370.98148
2.8214999999999473e-10	0.32791275	-0.047013354	-0.78090984	-2.4438844e-17	0	370.98148
2.8224999999999476e-10	0.32798988	-0.046713475	-0.78104144	-2.4440466e-17	0	370.98148
2.823499999999948e-10	0.32806954	-0.046416264	-0.7811723	-2.4442072e-17	0	370.98148
2.824499999999948e-10	0.32815176	-0.046121713	-0.7813023	-2.4443683e-17	0	370.98148
2.8254999999999485e-10	0.32823646	-0.045829847	-0.7814315	-2.4445285e-17	0	370.98148
2.826499999999949e-10	0.32832366	-0.045540676	-0.78156006	-2.4446896e-17	0	370.98148
2.827499999999949e-10	0.3284133	-0.045254223	-0.7816879	-2.4448508e-17	0	370.98148
2.8284999999999494e-10	0.3285054	-0.044970483	-0.7818149	-2.4450099e-17	0	370.98148
2.82949999999995e-10	0.32859987	-0.044689476	-0.78194124	-2.445169e-17	0	370.98148
2.83049999999995e-10	0.32869673	-0.044411212	-0.78206676	-2.4453279e-17	0	370.98148
2.8314999999999504e-10	0.3287959	-0.044135712	-0.78219163	-2.4454865e-17	0	370.98148
2.8324999999999507e-10	0.32889742	-0.043862976	-0.7823158	-2.4456448e-17	0	370.98148
2.833499999999951e-10	0.32900122	-0.043593016	-0.7824393	-2.4458035e-17	0	370.98148
2.8344999999999513e-10	0.32910725	-0.043325853	-0.78256214	-2.4459613e-17	0	370.98148
2.8354999999999516e-10	0.32921553	-0.043061484	-0.78268427	-2.4461182e-17	0	370.98148
2.836499999999952e-10	0.32932597	-0.042799924	-0.7828057	-2.4462753e-17	0	370.98148
2.837499999999952e-10	0.32943863	-0.042541187	-0.7829265	-2.4464323e-17	0	370.98148
2.8384999999999525e-10	0.32955337	-0.04228528	-0.78304666	-2.4465883e-17	0	370.98148
2.839499999999953e-10	0.32967028	-0.04203221	-0.78316617	-2.4467452e-17	0	370.98148
2.840499999999953e-10	0.32978925	-0.041781984	-0.783285	-2.4469005e-17	0	370.98148
2.8414999999999534e-10	0.32991028	-0.04153462	-0.78340334	-2.4470568e-17	0	370.98148
2.8424999999999537e-10	0.3300333	-0.04129012	-0.783521	-2.4472127e-17	0	370.98148
2.843499999999954e-10	0.33015835	-0.041048482	-0.78363806	-2.4473677e-17	0	370.98148
2.8444999999999544e-10	0.33028534	-0.040809736	-0.7837545	-2.4475229e-17	0	370.98148
2.8454999999999547e-10	0.3304143	-0.040573873	-0.7838705	-2.447677e-17	0	370.98148
2.846499999999955e-10	0.33054516	-0.040340904	-0.78398573	-2.447831e-17	0	370.98148
2.8474999999999553e-10	0.33067787	-0.040110838	-0.78410053	-2.4479843e-17	0	370.98148
2.8484999999999556e-10	0.33081242	-0.03988368	-0.78421474	-2.4481378e-17	0	370.98148
2.849499999999956e-10	0.3309488	-0.039659437	-0.78432834	-2.4482918e-17	0	370.98148
2.850499999999956e-10	0.33108696	-0.039438117	-0.78444153	-2.448445e-17	0	370.98148
2.8514999999999565e-10	0.3312269	-0.03921972	-0.7845541	-2.4485977e-17	0	370.98148
2.852499999999957e-10	0.33136854	-0.039004255	-0.78466624	-2.4487496e-17	0	370.98148
2.853499999999957e-10	0.33151188	-0.038791727	-0.7847777	-2.4489026e-17	0	370.98148
2.8544999999999574e-10	0.3316569	-0.038582142	-0.78488886	-2.4490545e-17	0	370.98148
2.8554999999999577e-10	0.33180356	-0.0383755	-0.78499943	-2.4492069e-17	0	370.98148
2.856499999999958e-10	0.33195183	-0.038171813	-0.7851095	-2.4493577e-17	0	370.98148
2.8574999999999583e-10	0.33210167	-0.03797108	-0.7852192	-2.449509e-17	0	370.98148
2.8584999999999586e-10	0.33225307	-0.0377733	-0.78532827	-2.4496598e-17	0	370.98148
2.859499999999959e-10	0.33240598	-0.037578486	-0.78543705	-2.4498105e-17	0	370.98148
2.860499999999959e-10	0.3325604	-0.037386637	-0.78554535	-2.4499607e-17	0	370.98148
2.8614999999999596e-10	0.33271626	-0.037197754	-0.7856532	-2.4501115e-17	0	370.98148
2.86249999999996e-10	0.33287352	-0.037011847	-0.78576064	-2.4502613e-17	0	370.98148
2.86349999999996e-10	0.33303225	-0.036828905	-0.7858677	-2.450411e-17	0	370.98148
2.8644999999999605e-10	0.3331923	-0.036648944	-0.78597426	-2.4505595e-17	0	370.98148
2.865499999999961e-10	0.3333537	-0.03647196	-0.78608054	-2.4507093e-17	0	370.98148
2.866499999999961e-10	0.33351645	-0.036297947	-0.7861862	-2.4508586e-17	0	370.98148
2.8674999999999614e-10	0.33368045	-0.03612692	-0.7862917	-2.4510063e-17	0	370.98148
2.8684999999999617e-10	0.33384567	-0.03595887	-0.78639686	-2.451155e-17	0	370.98148
2.869499999999962e-10	0.33401215	-0.035793807	-0.7865015	-2.4513036e-17	0	370.98148
2.8704999999999623e-10	0.33417985	-0.035631724	-0.78660583	-2.4514518e-17	0	370.98148
2.8714999999999626e-10	0.33434865	-0.035472624	-0.7867099	-2.4515994e-17	0	370.98148
2.872499999999963e-10	0.3345186	-0.0353165	-0.78681356	-2.4517468e-17	0	370.98148
2.873499999999963e-10	0.33468962	-0.03516336	-0.7869169	-2.4518944e-17	0	370.98148
2.8744999999999636e-10	0.3348618	-0.035013206	-0.78701997	-2.4520416e-17	0	370.98148
2.875499999999964e-10	0.33503497	-0.034866028	-0.7871227	-2.4521883e-17	0	370.98148
2.876499999999964e-10	0.33520916	-0.034721833	-0.7872251	-2.452335e-17	0	370.98148
2.8774999999999645e-10	0.3353843	-0.03458061	-0.7873273	-2.4524807e-17	0	370.98148
2.878499999999965e-10	0.33556044	-0.034442365	-0.78742915	-2.4526274e-17	0	370.98148
2.879499999999965e-10	0.33573753	-0.034307092	-0.78753084	-2.4527732e-17	0	370.98148
2.8804999999999654e-10	0.33591545	-0.034174792	-0.78763217	-2.4529187e-17	0	370.98148
2.8814999999999657e-10	0.33609426	-0.034045465	-0.7877332	-2.4530647e-17	0	370.98148
2.882499999999966e-10	0.3362739	-0.033919103	-0.78783417	-2.4532097e-17	0	370.98148
2.8834999999999663e-10	0.3364544	-0.033795703	-0.7879348	-2.453355e-17	0	370.98148
2.8844999999999666e-10	0.33663562	-0.033675265	-0.78803515	-2.4535004e-17	0	370.98148
2.885499999999967e-10	0.3368176	-0.033557788	-0.7881353	-2.453644e-17	0	370.98148
2.886499999999967e-10	0.3370003	-0.03344326	-0.7882353	-2.4537894e-17	0	370.98148
2.8874999999999675e-10	0.33718368	-0.033331685	-0.7883351	-2.453933e-17	0	370.98148
2.888499999999968e-10	0.33736774	-0.03322305	-0.7884347	-2.4540775e-17	0	370.98148
2.889499999999968e-10	0.33755243	-0.033117358	-0.78853416	-2.4542209e-17	0	370.98148
2.8904999999999685e-10	0.33773774	-0.03301461	-0.7886333	-2.4543655e-17	0	370.98148
2.891499999999969e-10	0.3379236	-0.032914784	-0.7887324	-2.4545089e-17	0	370.98148
2.892499999999969e-10	0.33811003	-0.03281789	-0.7888313	-2.4546515e-17	0	370.98148
2.8934999999999694e-10	0.3382969	-0.032723915	-0.78893006	-2.4547953e-17	0	370.98148
2.8944999999999697e-10	0.33848438	-0.032632854	-0.7890287	-2.454938e-17	0	370.98148
2.89549999999997e-10	0.33867222	-0.032544706	-0.7891273	-2.4550815e-17	0	370.98148
2.8964999999999703e-10	0.33886054	-0.03245946	-0.78922564	-2.4552243e-17	0	370.98148
2.8974999999999706e-10	0.33904925	-0.03237711	-0.789324	-2.4553659e-17	0	370.98148
2.898499999999971e-10	0.33923835	-0.03229765	-0.7894221	-2.4555093e-17	0	370.98148
2.899499999999971e-10	0.3394278	-0.032221075	-0.78952014	-2.4556511e-17	0	370.98148
2.9004999999999715e-10	0.33961755	-0.032147374	-0.78961813	-2.455792e-17	0	370.98148
2.901499999999972e-10	0.3398076	-0.03207655	-0.7897161	-2.4559343e-17	0	370.98148
2.902499999999972e-10	0.33999792	-0.032008585	-0.7898139	-2.4560756e-17	0	370.98148
2.9034999999999724e-10	0.3401884	-0.03194347	-0.78991175	-2.4562174e-17	0	370.98148
2.904499999999973e-10	0.34037918	-0.031881206	-0.7900095	-2.4563578e-17	0	370.98148
2.905499999999973e-10	0.34057012	-0.031821772	-0.79010725	-2.4565e-17	0	370.98148
2.9064999999999734e-10	0.34076115	-0.031765178	-0.7902049	-2.4566406e-17	0	370.98148
2.9074999999999737e-10	0.34095237	-0.0317114	-0.7903025	-2.4567808e-17	0	370.98148
2.908499999999974e-10	0.3411437	-0.031660438	-0.7904001	-2.4569223e-17	0	370.98148
2.9094999999999743e-10	0.34133506	-0.031612277	-0.7904977	-2.4570628e-17	0	370.98148
2.9104999999999746e-10	0.34152648	-0.031566914	-0.7905953	-2.4572024e-17	0	370.98148
2.911499999999975e-10	0.3417179	-0.03152433	-0.79069287	-2.4573423e-17	0	370.98148
2.912499999999975e-10	0.3419093	-0.031484526	-0.79079056	-2.4574833e-17	0	370.98148
2.9134999999999755e-10	0.34210068	-0.03144749	-0.79088813	-2.4576231e-17	0	370.98148
2.914499999999976e-10	0.34229198	-0.031413205	-0.79098576	-2.457762e-17	0	370.98148
2.915499999999976e-10	0.34248322	-0.031381663	-0.7910835	-2.4579017e-17	0	370.98148
2.9164999999999764e-10	0.34267431	-0.03135286	-0.7911812	-2.4580411e-17	0	370.98148
2.917499999999977e-10	0.34286526	-0.031326782	-0.7912791	-2.4581806e-17	0	370.98148
2.918499999999977e-10	0.34304717	-0.031343598	-0.7913798	-2.5121986e-17	0	368.13925
2.9194999999999774e-10	0.34322846	-0.03136299	-0.7914807	-2.5123364e-17	0	368.13925
2.9204999999999777e-10	0.34340903	-0.03138494	-0.79158187	-2.5124751e-17	0	368.13925
2.921499999999978e-10	0.34358892	-0.031409442	-0.791683	-2.5126127e-17	0	368.13925
2.9224999999999783e-10	0.34376812	-0.031436477	-0.7917845	-2.5127499e-17	0	368.13925
2.9234999999999786e-10	0.34394658	-0.03146603	-0.79188627	-2.5128882e-17	0	368.13925
2.924499999999979e-10	0.3441242	-0.031498082	-0.79198813	-2.5130253e-17	0	368.13925
2.925499999999979e-10	0.34430113	-0.03153262	-0.79209024	-2.5131621e-17	0	368.13925
2.9264999999999795e-10	0.3444772	-0.031569634	-0.7921926	-2.5133e-17	0	368.13925
2.92749999999998e-10	0.34465247	-0.031609103	-0.7922951	-2.5134368e-17	0	368.13925
2.92849999999998e-10	0.34482688	-0.03165102	-0.7923979	-2.5135739e-17	0	368.13925
2.9294999999999804e-10	0.34500042	-0.031695355	-0.792501	-2.5137107e-17	0	368.13925
2.9304999999999807e-10	0.34517303	-0.031742096	-0.79260427	-2.5138485e-17	0	368.13925
2.931499999999981e-10	0.34534475	-0.031791236	-0.79270786	-2.5139845e-17	0	368.13925
2.9324999999999813e-10	0.34551555	-0.031842753	-0.79281163	-2.5141205e-17	0	368.13925
2.9334999999999816e-10	0.34568533	-0.031896632	-0.79291576	-2.5142575e-17	0	368.13925
2.934499999999982e-10	0.34585416	-0.031952854	-0.79302	-2.514394e-17	0	368.13925
2.9354999999999823e-10	0.34602195	-0.032011405	-0.7931247	-2.51453e-17	0	368.13925
2.9364999999999826e-10	0.34618875	-0.032072265	-0.79322964	-2.5146668e-17	0	368.13925
2.937499999999983e-10	0.34635448	-0.03213542	-0.7933348	-2.5148021e-17	0	368.13925
2.938499999999983e-10	0.34651917	-0.032200854	-0.7934404	-2.5149384e-17	0	368.13925
2.9394999999999835e-10	0.34668273	-0.032268543	-0.7935462	-2.5150746e-17	0	368.13925
2.940499999999984e-10	0.34684518	-0.032338478	-0.79365236	-2.5152106e-17	0	368.13925
2.941499999999984e-10	0.34700653	-0.032410637	-0.79375875	-2.5153462e-17	0	368.13925
2.9424999999999844e-10	0.34716672	-0.032485	-0.7938657	-2.5154816e-17	0	368.13925
2.9434999999999847e-10	0.34732574	-0.032561556	-0.79397273	-2.5156169e-17	0	368.13925
2.944499999999985e-10	0.34748355	-0.03264028	-0.79408014	-2.5157527e-17	0	368.13925
2.9454999999999853e-10	0.34764016	-0.03272116	-0.79418796	-2.5158872e-17	0	368.13925
2.9464999999999856e-10	0.34779555	-0.032804176	-0.7942961	-2.5160237e-17	0	368.13925
2.947499999999986e-10	0.34794968	-0.03288931	-0.79440457	-2.5161593e-17	0	368.13925
2.948499999999986e-10	0.34810254	-0.03297654	-0.7945134	-2.5162935e-17	0	368.13925
2.9494999999999866e-10	0.34825414	-0.03306585	-0.7946226	-2.516429e-17	0	368.13925
2.950499999999987e-10	0.3484044	-0.033157222	-0.79473215	-2.5165642e-17	0	368.13925
2.951499999999987e-10	0.34855342	-0.033250637	-0.7948421	-2.5166983e-17	0	368.13925
2.9524999999999875e-10	0.348701	-0.03334608	-0.79495245	-2.5168337e-17	0	368.13925
2.953499999999988e-10	0.34884724	-0.033443525	-0.79506314	-2.5169678e-17	0	368.13925
2.954499999999988e-10	0.34899214	-0.033542953	-0.79517424	-2.517103e-17	0	368.13925
2.9554999999999884e-10	0.34913564	-0.033644352	-0.79528576	-2.5172377e-17	0	368.13925
2.9564999999999887e-10	0.3492777	-0.033747695	-0.7953975	-2.5173715e-17	0	368.13925
2.957499999999989e-10	0.34941834	-0.033852972	-0.7955098	-2.5175067e-17	0	368.13925
2.9584999999999893e-10	0.34955758	-0.033960156	-0.7956226	-2.5176422e-17	0	368.13925
2.9594999999999896e-10	0.34969532	-0.03406923	-0.7957357	-2.5177762e-17	0	368.13925
2.96049999999999e-10	0.3498316	-0.034180176	-0.79584914	-2.5179098e-17	0	368.13925
2.96149999999999e-10	0.34996635	-0.034292966	-0.79596317	-2.5180442e-17	0	368.13925
2.9624999999999905e-10	0.35009962	-0.03440759	-0.7960775	-2.5181775e-17	0	368.13925
2.963499999999991e-10	0.35023138	-0.034524024	-0.7961923	-2.5183122e-17	0	368.13925
2.964499999999991e-10	0.35036156	-0.034642246	-0.79630756	-2.518447e-17	0	368.13925
2.9654999999999915e-10	0.35049024	-0.03476225	-0.7964233	-2.5185805e-17	0	368.13925
2.966499999999992e-10	0.3506173	-0.034883995	-0.7965394	-2.5187142e-17	0	368.13925
2.967499999999992e-10	0.3507428	-0.035007473	-0.7966559	-2.5188482e-17	0	368.13925
2.9684999999999924e-10	0.35086665	-0.035132654	-0.796773	-2.5189817e-17	0	368.13925
2.9694999999999927e-10	0.35098895	-0.035259534	-0.7968905	-2.5191152e-17	0	368.13925
2.970499999999993e-10	0.35110956	-0.035388086	-0.7970084	-2.5192494e-17	0	368.13925
2.9714999999999933e-10	0.35122854	-0.035518274	-0.79712677	-2.5193834e-17	0	368.13925
2.9724999999999936e-10	0.3513459	-0.0356501	-0.79724574	-2.5195167e-17	0	368.13925
2.973499999999994e-10	0.35146153	-0.03578353	-0.797365	-2.5196502e-17	0	368.13925
2.974499999999994e-10	0.3515755	-0.035918552	-0.7974848	-2.519784e-17	0	368.13925
2.9754999999999945e-10	0.35168782	-0.036055136	-0.79760516	-2.519917e-17	0	368.13925
2.976499999999995e-10	0.35179836	-0.036193267	-0.797726	-2.5200502e-17	0	368.13925
2.977499999999995e-10	0.35190716	-0.03633292	-0.7978473	-2.5201842e-17	0	368.13925
2.9784999999999955e-10	0.35201427	-0.036474083	-0.79796904	-2.520318e-17	0	368.13925
2.979499999999996e-10	0.35211962	-0.036616724	-0.7980913	-2.5204516e-17	0	368.13925
2.980499999999996e-10	0.35222322	-0.03676083	-0.7982141	-2.5205844e-17	0	368.13925
2.9814999999999964e-10	0.35232502	-0.036906376	-0.7983373	-2.5207183e-17	0	368.13925
2.9824999999999967e-10	0.35242504	-0.037053343	-0.7984611	-2.5208514e-17	0	368.13925
2.983499999999997e-10	0.35252327	-0.037201706	-0.7985854	-2.5209845e-17	0	368.13925
2.9844999999999973e-10	0.3526197	-0.037351456	-0.79871017	-2.5211178e-17	0	368.13925
2.9854999999999976e-10	0.3527143	-0.037502553	-0.79883546	-2.521251e-17	0	368.13925
2.986499999999998e-10	0.35280702	-0.037654992	-0.7989613	-2.5213841e-17	0	368.13925
2.987499999999998e-10	0.35289794	-0.03780874	-0.7990875	-2.5215168e-17	0	368.13925
2.9884999999999985e-10	0.35298702	-0.037963785	-0.7992144	-2.5216498e-17	0	368.13925
2.989499999999999e-10	0.3530742	-0.0381201	-0.7993418	-2.5217832e-17	0	368.13925
2.990499999999999e-10	0.35315955	-0.038277663	-0.79946977	-2.5219157e-17	0	368.13925
2.9914999999999994e-10	0.353243	-0.038436454	-0.79959816	-2.5220492e-17	0	368.13925
2.9925e-10	0.35332453	-0.03859646	-0.7997272	-2.5221819e-17	0	368.13925
2.9935e-10	0.3534042	-0.03875764	-0.79985666	-2.5223146e-17	0	368.13925
2.994e-10	0.35344332	-0.038838677	-0.79992163	-2.5223814e-17	0	368.13925
2.9950000000000005e-10	0.3535201	-0.039001603	-0.800052	-2.5225146e-17	0	368.13925
2.996000000000001e-10	0.35359493	-0.03916566	-0.8001827	-2.5226473e-17	0	368.13925
2.997000000000001e-10	0.35366786	-0.039330833	-0.8003141	-2.5227798e-17	0	368.13925
2.9980000000000014e-10	0.3537388	-0.039497085	-0.80044615	-2.5229128e-17	0	368.13925
2.9990000000000017e-10	0.35380784	-0.039664418	-0.80057865	-2.5230461e-17	0	368.13925
3.000000000000002e-10	0.35387492	-0.039832793	-0.80071163	-2.5231793e-17	0	368.13925
3.0010000000000024e-10	0.35394	-0.04000219	-0.80084527	-2.523312e-17	0	368.13925
3.0020000000000027e-10	0.35400313	-0.04017259	-0.8009795	-2.5234443e-17	0	368.13925
3.003000000000003e-10	0.3540643	-0.040343978	-0.8011142	-2.5235773e-17	0	368.13925
3.0040000000000033e-10	0.35412344	-0.04051632	-0.8012495	-2.52371e-17	0	368.13925
3.0050000000000036e-10	0.35418057	-0.040689606	-0.8013853	-2.5238435e-17	0	368.13925
3.006000000000004e-10	0.35423577	-0.040863805	-0.8015217	-2.5239762e-17	0	368.13925
3.007000000000004e-10	0.35428888	-0.041038904	-0.80165863	-2.524109e-17	0	368.13925
3.0080000000000045e-10	0.35434002	-0.041214876	-0.80179614	-2.5242416e-17	0	368.13925
3.009000000000005e-10	0.35438913	-0.0413917	-0.8019343	-2.5243749e-17	0	368.13925
3.010000000000005e-10	0.35443622	-0.041569356	-0.80207294	-2.5245076e-17	0	368.13925
3.0110000000000054e-10	0.35448122	-0.041747823	-0.8022121	-2.5246398e-17	0	368.13925
3.0120000000000057e-10	0.35452425	-0.041927077	-0.802352	-2.5247734e-17	0	368.13925
3.013000000000006e-10	0.35456526	-0.0421071	-0.8024923	-2.5249055e-17	0	368.13925
3.0140000000000063e-10	0.3546041	-0.042287868	-0.8026332	-2.5250383e-17	0	368.13925
3.0150000000000066e-10	0.35464096	-0.04246936	-0.80277485	-2.5251718e-17	0	368.13925
3.016000000000007e-10	0.35467577	-0.042651553	-0.80291694	-2.525304e-17	0	368.13925
3.0170000000000073e-10	0.3547085	-0.04283443	-0.8030596	-2.5254365e-17	0	368.13925
3.0180000000000076e-10	0.3547337	-0.043039102	-0.8032044	-2.5774271e-17	0	365.41086
3.019000000000008e-10	0.35475102	-0.043265402	-0.80335164	-2.5775628e-17	0	365.41086
3.020000000000008e-10	0.3547657	-0.043492123	-0.8034995	-2.5776974e-17	0	365.41086
3.0210000000000085e-10	0.35477787	-0.04371925	-0.803648	-2.5778334e-17	0	365.41086
3.022000000000009e-10	0.3547875	-0.043946747	-0.80379725	-2.5779678e-17	0	365.41086
3.023000000000009e-10	0.35479453	-0.04417459	-0.8039472	-2.5781036e-17	0	365.41086
3.0240000000000094e-10	0.35479903	-0.04440277	-0.8040978	-2.578239e-17	0	365.41086
3.0250000000000097e-10	0.35480097	-0.04463124	-0.80424905	-2.5783744e-17	0	365.41086
3.02600000000001e-10	0.35480034	-0.044859987	-0.80440104	-2.5785094e-17	0	365.41086
3.0270000000000103e-10	0.35479715	-0.045088988	-0.80455375	-2.5786447e-17	0	365.41086
3.0280000000000106e-10	0.35479143	-0.045318216	-0.8047071	-2.5787804e-17	0	365.41086
3.029000000000011e-10	0.35478312	-0.04554765	-0.8048611	-2.578916e-17	0	365.41086
3.030000000000011e-10	0.3547723	-0.045777258	-0.8050159	-2.5790519e-17	0	365.41086
3.0310000000000116e-10	0.35475886	-0.046007026	-0.8051713	-2.5791865e-17	0	365.41086
3.032000000000012e-10	0.35474294	-0.046236925	-0.8053273	-2.579323e-17	0	365.41086
3.033000000000012e-10	0.35472447	-0.046466928	-0.8054842	-2.5794575e-17	0	365.41086
3.0340000000000125e-10	0.35470343	-0.04669702	-0.8056416	-2.5795932e-17	0	365.41086
3.035000000000013e-10	0.35467982	-0.046927173	-0.8057997	-2.5797292e-17	0	365.41086
3.036000000000013e-10	0.35465375	-0.047157355	-0.80595857	-2.5798642e-17	0	365.41086
3.0370000000000134e-10	0.3546251	-0.047387555	-0.80611813	-2.5800003e-17	0	365.41086
3.0380000000000137e-10	0.35459387	-0.04761775	-0.8062782	-2.5801361e-17	0	365.41086
3.039000000000014e-10	0.35456014	-0.047847904	-0.80643916	-2.5802723e-17	0	365.41086
3.0400000000000143e-10	0.35452393	-0.048078004	-0.8066007	-2.5804075e-17	0	365.41086
3.0410000000000146e-10	0.35448518	-0.048308026	-0.8067629	-2.5805433e-17	0	365.41086
3.042000000000015e-10	0.3544439	-0.048537944	-0.80692583	-2.5806794e-17	0	365.41086
3.043000000000015e-10	0.35440016	-0.048767738	-0.8070893	-2.5808154e-17	0	365.41086
3.0440000000000155e-10	0.35435385	-0.048997387	-0.80725354	-2.5809516e-17	0	365.41086
3.045000000000016e-10	0.35430506	-0.04922686	-0.8074184	-2.581087e-17	0	365.41086
3.046000000000016e-10	0.35425377	-0.049456142	-0.807584	-2.5812229e-17	0	365.41086
3.0470000000000165e-10	0.3542	-0.049685203	-0.80775017	-2.581359e-17	0	365.41086
3.048000000000017e-10	0.35414374	-0.049914032	-0.807917	-2.5814955e-17	0	365.41086
3.049000000000017e-10	0.354085	-0.0501426	-0.8080846	-2.5816304e-17	0	365.41086
3.0500000000000174e-10	0.35402375	-0.050370887	-0.8082528	-2.5817672e-17	0	365.41086
3.0510000000000177e-10	0.3539601	-0.050598867	-0.8084216	-2.5819033e-17	0	365.41086
3.052000000000018e-10	0.353894	-0.050826523	-0.8085911	-2.5820395e-17	0	365.41086
3.0530000000000183e-10	0.3538254	-0.05105383	-0.80876124	-2.5821755e-17	0	365.41086
3.0540000000000186e-10	0.35375434	-0.051280767	-0.80893207	-2.5823115e-17	0	365.41086
3.055000000000019e-10	0.35368088	-0.051507317	-0.80910355	-2.5824481e-17	0	365.41086
3.056000000000019e-10	0.35360497	-0.05173345	-0.8092756	-2.5825846e-17	0	365.41086
3.0570000000000195e-10	0.35352662	-0.051959146	-0.80944836	-2.5827214e-17	0	365.41086
3.05800000000002e-10	0.3534459	-0.052184388	-0.80962175	-2.5828579e-17	0	365.41086
3.05900000000002e-10	0.35336277	-0.052409165	-0.80979586	-2.5829942e-17	0	365.41086
3.0600000000000205e-10	0.3532772	-0.052633435	-0.8099704	-2.5831305e-17	0	365.41086
3.061000000000021e-10	0.35318923	-0.052857187	-0.8101457	-2.5832675e-17	0	365.41086
3.062000000000021e-10	0.35309893	-0.053080402	-0.81032157	-2.5834032e-17	0	365.41086
3.0630000000000214e-10	0.35300624	-0.053303063	-0.8104981	-2.5835403e-17	0	365.41086
3.0640000000000217e-10	0.35291117	-0.05352514	-0.8106753	-2.5836775e-17	0	365.41086
3.065000000000022e-10	0.35281372	-0.05374662	-0.8108531	-2.5838136e-17	0	365.41086
3.0660000000000223e-10	0.35271394	-0.053967476	-0.8110315	-2.5839506e-17	0	365.41086
3.0670000000000226e-10	0.35261184	-0.054187696	-0.8112106	-2.5840876e-17	0	365.41086
3.068000000000023e-10	0.3525074	-0.054407254	-0.8113901	-2.584225e-17	0	365.41086
3.069000000000023e-10	0.35240066	-0.054626137	-0.81157047	-2.5843612e-17	0	365.41086
3.0700000000000235e-10	0.35229158	-0.054844324	-0.8117513	-2.584499e-17	0	365.41086
3.071000000000024e-10	0.35218024	-0.055061787	-0.8119327	-2.584636e-17	0	365.41086
3.072000000000024e-10	0.35206658	-0.055278514	-0.8121147	-2.584773e-17	0	365.41086
3.0730000000000244e-10	0.35195068	-0.05549449	-0.81229746	-2.5849103e-17	0	365.41086
3.074000000000025e-10	0.35183245	-0.055709686	-0.8124807	-2.5850484e-17	0	365.41086
3.075000000000025e-10	0.35171205	-0.055924088	-0.8126645	-2.585185e-17	0	365.41086
3.0760000000000254e-10	0.35158932	-0.056137677	-0.8128489	-2.5853219e-17	0	365.41086
3.0770000000000257e-10	0.3514644	-0.05635044	-0.813034	-2.5854589e-17	0	365.41086
3.078000000000026e-10	0.35133725	-0.05656235	-0.81321967	-2.5855965e-17	0	365.41086
3.0790000000000263e-10	0.3512079	-0.05677339	-0.8134057	-2.5857347e-17	0	365.41086
3.0800000000000266e-10	0.3510764	-0.05698355	-0.81359243	-2.585872e-17	0	365.41086
3.081000000000027e-10	0.35094264	-0.057192802	-0.81377983	-2.58601e-17	0	365.41086
3.082000000000027e-10	0.3508067	-0.057401136	-0.81396765	-2.5861476e-17	0	365.41086
3.0830000000000275e-10	0.35066867	-0.057608526	-0.8141561	-2.5862852e-17	0	365.41086
3.084000000000028e-10	0.35052842	-0.057814956	-0.8143452	-2.5864235e-17	0	365.41086
3.085000000000028e-10	0.35038608	-0.058020424	-0.81453466	-2.5865613e-17	0	365.41086
3.0860000000000284e-10	0.3502416	-0.058224898	-0.8147248	-2.5866995e-17	0	365.41086
3.0870000000000287e-10	0.35009497	-0.058428362	-0.8149155	-2.5868371e-17	0	365.41086
3.088000000000029e-10	0.34994632	-0.058630798	-0.81510663	-2.5869754e-17	0	365.41086
3.0890000000000293e-10	0.34979555	-0.058832202	-0.8152983	-2.5871136e-17	0	365.41086
3.0900000000000297e-10	0.3496427	-0.05903254	-0.8154907	-2.587252e-17	0	365.41086
3.09100000000003e-10	0.3494878	-0.059231807	-0.8156834	-2.587391e-17	0	365.41086
3.0920000000000303e-10	0.3493308	-0.05942998	-0.8158767	-2.5875288e-17	0	365.41086
3.0930000000000306e-10	0.34917188	-0.05962705	-0.8160707	-2.5876673e-17	0	365.41086
3.094000000000031e-10	0.34901088	-0.059823	-0.816265	-2.5878056e-17	0	365.41086
3.095000000000031e-10	0.3488479	-0.060017813	-0.81645995	-2.5879447e-17	0	365.41086
3.0960000000000315e-10	0.34868288	-0.06021147	-0.8166554	-2.588082e-17	0	365.41086
3.097000000000032e-10	0.34851593	-0.060403958	-0.81685126	-2.5882208e-17	0	365.41086
3.098000000000032e-10	0.34834704	-0.060595267	-0.81704766	-2.5883593e-17	0	365.41086
3.0990000000000324e-10	0.34817615	-0.060785368	-0.8172446	-2.5884984e-17	0	365.41086
3.1000000000000327e-10	0.3480034	-0.060974263	-0.817442	-2.5886374e-17	0	365.41086
3.101000000000033e-10	0.34782866	-0.061161928	-0.8176399	-2.5887765e-17	0	365.41086
3.1020000000000333e-10	0.34765205	-0.061348353	-0.81783825	-2.588915e-17	0	365.41086
3.1030000000000336e-10	0.34747356	-0.061533514	-0.81803715	-2.5890541e-17	0	365.41086
3.104000000000034e-10	0.3472932	-0.061717406	-0.8182365	-2.5891938e-17	0	365.41086
3.105000000000034e-10	0.347111	-0.06190002	-0.81843626	-2.5893329e-17	0	365.41086
3.1060000000000346e-10	0.34692693	-0.062081326	-0.8186366	-2.5894724e-17	0	365.41086
3.107000000000035e-10	0.34674108	-0.062261328	-0.8188373	-2.589611e-17	0	365.41086
3.108000000000035e-10	0.3465534	-0.062440004	-0.81903857	-2.5897508e-17	0	365.41086
3.1090000000000355e-10	0.34636387	-0.06261733	-0.81924015	-2.5898908e-17	0	365.41086
3.110000000000036e-10	0.34617263	-0.062793314	-0.81944233	-2.5900304e-17	0	365.41086
3.111000000000036e-10	0.34597966	-0.062967926	-0.8196448	-2.59017e-17	0	365.41086
3.1120000000000364e-10	0.3457849	-0.06314116	-0.81984776	-2.5903103e-17	0	365.41086
3.1130000000000367e-10	0.34558836	-0.063313015	-0.8200512	-2.5904493e-17	0	365.41086
3.114000000000037e-10	0.34539017	-0.063483454	-0.82025504	-2.590589e-17	0	365.41086
3.1150000000000373e-10	0.3451903	-0.063652486	-0.82045937	-2.5907285e-17	0	365.41086
3.1160000000000376e-10	0.3449887	-0.06382008	-0.82066405	-2.5908693e-17	0	365.41086
3.117000000000038e-10	0.34478548	-0.06398624	-0.82086915	-2.5910091e-17	0	365.41086
3.118000000000038e-10	0.34457347	-0.06417115	-0.8210763	-2.6416693e-17	0	362.7917
3.1190000000000386e-10	0.34435228	-0.064374596	-0.8212855	-2.6418135e-17	0	362.7917
3.120000000000039e-10	0.34412912	-0.06457631	-0.82149523	-2.6419571e-17	0	362.7917
3.121000000000039e-10	0.34390387	-0.06477628	-0.82170546	-2.6420997e-17	0	362.7917
3.1220000000000395e-10	0.34367663	-0.06497449	-0.8219161	-2.6422433e-17	0	362.7917
3.12300000000004e-10	0.3434474	-0.06517093	-0.82212734	-2.6423876e-17	0	362.7917
3.12400000000004e-10	0.34321618	-0.06536558	-0.82233894	-2.6425307e-17	0	362.7917
3.1250000000000404e-10	0.34298304	-0.06555844	-0.822551	-2.642675e-17	0	362.7917
3.1260000000000407e-10	0.34274796	-0.065749474	-0.8227637	-2.6428199e-17	0	362.7917
3.127000000000041e-10	0.342511	-0.06593868	-0.8229767	-2.642963e-17	0	362.7917
3.1280000000000413e-10	0.34227213	-0.06612606	-0.82319015	-2.6431079e-17	0	362.7917
3.1290000000000416e-10	0.3420314	-0.06631159	-0.82340413	-2.6432513e-17	0	362.7917
3.130000000000042e-10	0.34178883	-0.066495255	-0.82361853	-2.6433953e-17	0	362.7917
3.131000000000042e-10	0.34154448	-0.06667705	-0.8238334	-2.64354e-17	0	362.7917
3.1320000000000425e-10	0.34129828	-0.06685695	-0.82404876	-2.6436843e-17	0	362.7917
3.133000000000043e-10	0.34105033	-0.06703496	-0.8242643	-2.6438289e-17	0	362.7917
3.134000000000043e-10	0.34080064	-0.06721106	-0.82448053	-2.6439733e-17	0	362.7917
3.1350000000000435e-10	0.34054923	-0.067385234	-0.824697	-2.6441182e-17	0	362.7917
3.136000000000044e-10	0.3402961	-0.06755749	-0.82491386	-2.6442625e-17	0	362.7917
3.137000000000044e-10	0.34004128	-0.067727804	-0.8251312	-2.6444074e-17	0	362.7917
3.1380000000000444e-10	0.33978477	-0.06789616	-0.825349	-2.6445528e-17	0	362.7917
3.1390000000000447e-10	0.33952668	-0.06806256	-0.825567	-2.6446974e-17	0	362.7917
3.140000000000045e-10	0.3392669	-0.06822698	-0.8257855	-2.644843e-17	0	362.7917
3.1410000000000453e-10	0.33900562	-0.06838943	-0.8260043	-2.6449878e-17	0	362.7917
3.1420000000000456e-10	0.3387427	-0.06854988	-0.82622355	-2.6451332e-17	0	362.7917
3.143000000000046e-10	0.33847827	-0.06870834	-0.8264432	-2.6452781e-17	0	362.7917
3.144000000000046e-10	0.3382123	-0.068864785	-0.826663	-2.6454235e-17	0	362.7917
3.1450000000000465e-10	0.33794487	-0.06901921	-0.8268833	-2.6455686e-17	0	362.7917
3.146000000000047e-10	0.3376759	-0.06917162	-0.827104	-2.6457137e-17	0	362.7917
3.147000000000047e-10	0.33740553	-0.06932199	-0.827325	-2.6458598e-17	0	362.7917
3.1480000000000474e-10	0.33713368	-0.06947032	-0.82754624	-2.6460052e-17	0	362.7917
3.149000000000048e-10	0.33686042	-0.0696166	-0.82776785	-2.6461521e-17	0	362.7917
3.150000000000048e-10	0.3365858	-0.06976083	-0.82798976	-2.6462972e-17	0	362.7917
3.1510000000000484e-10	0.33630982	-0.06990299	-0.8282119	-2.646443e-17	0	362.7917
3.1520000000000487e-10	0.3360325	-0.07004307	-0.82843447	-2.6465892e-17	0	362.7917
3.153000000000049e-10	0.33575383	-0.07018108	-0.82865727	-2.646735e-17	0	362.7917
3.1540000000000493e-10	0.33547395	-0.070317	-0.8288804	-2.6468808e-17	0	362.7917
3.1550000000000496e-10	0.33519274	-0.07045083	-0.82910377	-2.6470271e-17	0	362.7917
3.15600000000005e-10	0.33491027	-0.07058257	-0.8293275	-2.6471735e-17	0	362.7917
3.15700000000005e-10	0.33462662	-0.070712194	-0.82955146	-2.6473199e-17	0	362.7917
3.1580000000000505e-10	0.33434173	-0.07083971	-0.82977563	-2.6474667e-17	0	362.7917
3.159000000000051e-10	0.33405572	-0.07096512	-0.83000004	-2.6476127e-17	0	362.7917
3.160000000000051e-10	0.33376852	-0.0710884	-0.8302248	-2.6477591e-17	0	362.7917
3.1610000000000514e-10	0.33348024	-0.07120956	-0.83044976	-2.6479059e-17	0	362.7917
3.1620000000000517e-10	0.3331908	-0.07132858	-0.8306749	-2.6480528e-17	0	362.7917
3.163000000000052e-10	0.33290035	-0.07144548	-0.8309004	-2.6481989e-17	0	362.7917
3.1640000000000524e-10	0.33260876	-0.07156023	-0.831126	-2.6483458e-17	0	362.7917
3.1650000000000527e-10	0.3323162	-0.071672834	-0.83135176	-2.6484932e-17	0	362.7917
3.166000000000053e-10	0.3320226	-0.07178329	-0.8315779	-2.6486391e-17	0	362.7917
3.1670000000000533e-10	0.3317281	-0.0718916	-0.8318041	-2.6487867e-17	0	362.7917
3.1680000000000536e-10	0.33143252	-0.071997754	-0.83203065	-2.6489332e-17	0	362.7917
3.169000000000054e-10	0.33113608	-0.07210174	-0.8322573	-2.6490813e-17	0	362.7917
3.170000000000054e-10	0.33083874	-0.07220358	-0.83248407	-2.6492282e-17	0	362.7917
3.1710000000000545e-10	0.33054048	-0.07230324	-0.832711	-2.649375e-17	0	362.7917
3.172000000000055e-10	0.33024132	-0.072400734	-0.8329383	-2.6495227e-17	0	362.7917
3.173000000000055e-10	0.3299414	-0.07249607	-0.83316565	-2.6496708e-17	0	362.7917
3.1740000000000554e-10	0.3296406	-0.07258922	-0.8333931	-2.6498178e-17	0	362.7917
3.1750000000000557e-10	0.32933903	-0.072680205	-0.8336207	-2.6499646e-17	0	362.7917
3.176000000000056e-10	0.3290367	-0.07276901	-0.83384854	-2.6501138e-17	0	362.7917
3.1770000000000563e-10	0.32873362	-0.07285565	-0.8340765	-2.6502605e-17	0	362.7917
3.1780000000000566e-10	0.3284298	-0.072940096	-0.8343046	-2.6504094e-17	0	362.7917
3.179000000000057e-10	0.3281253	-0.07302237	-0.8345328	-2.6505558e-17	0	362.7917
3.1800000000000573e-10	0.32782012	-0.07310245	-0.834761	-2.650704e-17	0	362.7917
3.1810000000000576e-10	0.3275143	-0.07318036	-0.83498955	-2.6508521e-17	0	362.7917
3.182000000000058e-10	0.32720783	-0.07325608	-0.8352181	-2.6509999e-17	0	362.7917
3.183000000000058e-10	0.32690078	-0.07332963	-0.8354467	-2.651148e-17	0	362.7917
3.1840000000000585e-10	0.32659316	-0.07340099	-0.83567536	-2.6512968e-17	0	362.7917
3.185000000000059e-10	0.32628495	-0.073470175	-0.83590424	-2.6514444e-17	0	362.7917
3.186000000000059e-10	0.32597622	-0.07353717	-0.83613306	-2.6515928e-17	0	362.7917
3.1870000000000594e-10	0.32566702	-0.07360198	-0.83636206	-2.6517409e-17	0	362.7917
3.1880000000000597e-10	0.32535732	-0.07366462	-0.83659106	-2.6518896e-17	0	362.7917
3.18900000000006e-10	0.32504714	-0.073725075	-0.8368202	-2.6520378e-17	0	362.7917
3.1900000000000603e-10	0.3247365	-0.07378335	-0.8370493	-2.6521867e-17	0	362.7917
3.1910000000000606e-10	0.32442546	-0.073839456	-0.8372784	-2.6523341e-17	0	362.7917
3.192000000000061e-10	0.32411402	-0.07389338	-0.8375077	-2.6524837e-17	0	362.7917
3.193000000000061e-10	0.32380226	-0.07394512	-0.83773696	-2.6526319e-17	0	362.7917
3.1940000000000616e-10	0.32349014	-0.07399471	-0.83796626	-2.652782e-17	0	362.7917
3.195000000000062e-10	0.32317767	-0.07404211	-0.8381956	-2.6529299e-17	0	362.7917
3.196000000000062e-10	0.3228649	-0.07408736	-0.8384249	-2.6530789e-17	0	362.7917
3.1970000000000625e-10	0.3225519	-0.074130446	-0.8386543	-2.6532285e-17	0	362.7917
3.198000000000063e-10	0.32223862	-0.07417136	-0.8388837	-2.6533765e-17	0	362.7917
3.199000000000063e-10	0.32192507	-0.074210115	-0.83911294	-2.6535248e-17	0	362.7917
3.2000000000000634e-10	0.32161134	-0.07424672	-0.8393423	-2.6536742e-17	0	362.7917
3.2010000000000637e-10	0.32129744	-0.07428116	-0.83957165	-2.653824e-17	0	362.7917
3.202000000000064e-10	0.32098338	-0.07431348	-0.83980095	-2.6539734e-17	0	362.7917
3.2030000000000643e-10	0.3206692	-0.07434362	-0.84003025	-2.654122e-17	0	362.7917
3.2040000000000646e-10	0.32035485	-0.07437165	-0.84025943	-2.6542717e-17	0	362.7917
3.205000000000065e-10	0.32004046	-0.074397534	-0.84048873	-2.6544204e-17	0	362.7917
3.206000000000065e-10	0.31972593	-0.07442128	-0.84071785	-2.65457e-17	0	362.7917
3.2070000000000655e-10	0.3194114	-0.0744429	-0.840947	-2.65472e-17	0	362.7917
3.208000000000066e-10	0.3190968	-0.07446241	-0.84117603	-2.6548681e-17	0	362.7917
3.209000000000066e-10	0.31878227	-0.07447978	-0.841405	-2.6550185e-17	0	362.7917
3.2100000000000665e-10	0.31846768	-0.074495055	-0.8416339	-2.6551677e-17	0	362.7917
3.211000000000067e-10	0.31815317	-0.07450823	-0.8418628	-2.6553184e-17	0	362.7917
3.212000000000067e-10	0.31783873	-0.07451929	-0.84209156	-2.655467e-17	0	362.7917
3.2130000000000674e-10	0.31752434	-0.07452825	-0.84232014	-2.6556162e-17	0	362.7917
3.2140000000000677e-10	0.3172101	-0.07453513	-0.8425487	-2.6557668e-17	0	362.7917
3.215000000000068e-10	0.31689593	-0.07453992	-0.8427773	-2.6559163e-17	0	362.7917
3.2160000000000683e-10	0.31658193	-0.07454264	-0.8430057	-2.6560667e-17	0	362.7917
3.2170000000000686e-10	0.31626815	-0.07454328	-0.84323394	-2.6562157e-17	0	362.7917
3.218000000000069e-10	0.31594682	-0.074560024	-0.84346354	-2.7061356e-17	0	360.2774
3.219000000000069e-10	0.31561774	-0.074592665	-0.84369445	-2.706287e-17	0	360.2774
3.2200000000000695e-10	0.31528857	-0.07462299	-0.8439252	-2.7064385e-17	0	360.2774
3.22100000000007e-10	0.31495926	-0.074650995	-0.8441559	-2.7065907e-17	0	360.2774
3.22200000000007e-10	0.3146299	-0.0746767	-0.84438664	-2.7067424e-17	0	360.2774
3.2230000000000705e-10	0.31430042	-0.07470008	-0.8446173	-2.7068935e-17	0	360.2774
3.224000000000071e-10	0.31397092	-0.07472118	-0.84484804	-2.707045e-17	0	360.2774
3.225000000000071e-10	0.31364146	-0.07473998	-0.8450786	-2.707197e-17	0	360.2774
3.2260000000000714e-10	0.313312	-0.07475649	-0.845309	-2.7073482e-17	0	360.2774
3.2270000000000717e-10	0.31298256	-0.07477071	-0.8455395	-2.7074996e-17	0	360.2774
3.228000000000072e-10	0.31265315	-0.07478266	-0.84576976	-2.7076518e-17	0	360.2774
3.2290000000000723e-10	0.3123239	-0.07479234	-0.84599996	-2.7078047e-17	0	360.2774
3.2300000000000726e-10	0.3119947	-0.07479977	-0.84623003	-2.7079572e-17	0	360.2774
3.231000000000073e-10	0.31166565	-0.07480493	-0.8464601	-2.7081093e-17	0	360.2774
3.232000000000073e-10	0.31133676	-0.07480785	-0.8466899	-2.7082603e-17	0	360.2774
3.2330000000000735e-10	0.31100807	-0.07480852	-0.84691966	-2.7084133e-17	0	360.2774
3.234000000000074e-10	0.31067958	-0.074806966	-0.8471493	-2.7085657e-17	0	360.2774
3.235000000000074e-10	0.3103513	-0.07480319	-0.84737897	-2.7087169e-17	0	360.2774
3.2360000000000744e-10	0.3100233	-0.0747972	-0.8476082	-2.7088693e-17	0	360.2774
3.237000000000075e-10	0.30969554	-0.07478899	-0.84783745	-2.7090211e-17	0	360.2774
3.238000000000075e-10	0.3093681	-0.07477859	-0.8480665	-2.7091742e-17	0	360.2774
3.2390000000000754e-10	0.309041	-0.07476598	-0.84829545	-2.7093262e-17	0	360.2774
3.2400000000000757e-10	0.3087142	-0.074751206	-0.8485242	-2.7094789e-17	0	360.2774
3.241000000000076e-10	0.30838782	-0.07473425	-0.8487528	-2.7096313e-17	0	360.2774
3.2420000000000763e-10	0.3080618	-0.07471513	-0.84898126	-2.7097836e-17	0	360.2774
3.2430000000000766e-10	0.3077362	-0.07469386	-0.8492095	-2.7099365e-17	0	360.2774
3.244000000000077e-10	0.30741102	-0.074670434	-0.8494376	-2.7100885e-17	0	360.2774
3.245000000000077e-10	0.30708626	-0.07464488	-0.84966546	-2.710241e-17	0	360.2774
3.2460000000000775e-10	0.30676204	-0.0746172	-0.8498931	-2.710394e-17	0	360.2774
3.247000000000078e-10	0.3064383	-0.0745874	-0.85012054	-2.7105453e-17	0	360.2774
3.248000000000078e-10	0.30611506	-0.074555494	-0.8503478	-2.7106985e-17	0	360.2774
3.2490000000000784e-10	0.3057924	-0.0745215	-0.85057485	-2.7108517e-17	0	360.2774
3.2500000000000787e-10	0.30547032	-0.07448541	-0.85080165	-2.7110044e-17	0	360.2774
3.251000000000079e-10	0.30514875	-0.074447244	-0.8510283	-2.7111568e-17	0	360.2774
3.2520000000000793e-10	0.30482784	-0.074407026	-0.8512547	-2.7113101e-17	0	360.2774
3.2530000000000797e-10	0.30450755	-0.07436475	-0.8514808	-2.7114628e-17	0	360.2774
3.25400000000008e-10	0.3041879	-0.07432043	-0.8517067	-2.711616e-17	0	360.2774
3.2550000000000803e-10	0.30386895	-0.07427408	-0.8519323	-2.7117679e-17	0	360.2774
3.2560000000000806e-10	0.30355066	-0.07422572	-0.8521577	-2.7119207e-17	0	360.2774
3.257000000000081e-10	0.30323312	-0.07417534	-0.85238284	-2.7120741e-17	0	360.2774
3.258000000000081e-10	0.3029163	-0.07412298	-0.8526077	-2.7122271e-17	0	360.2774
3.2590000000000815e-10	0.3026002	-0.07406863	-0.8528324	-2.7123787e-17	0	360.2774
3.260000000000082e-10	0.3022849	-0.07401231	-0.8530566	-2.7125327e-17	0	360.2774
3.261000000000082e-10	0.30197036	-0.07395403	-0.8532807	-2.7126859e-17	0	360.2774
3.2620000000000824e-10	0.30165666	-0.07389381	-0.8535044	-2.712838e-17	0	360.2774
3.2630000000000827e-10	0.3013438	-0.073831655	-0.853728	-2.712991e-17	0	360.2774
3.264000000000083e-10	0.30103174	-0.07376757	-0.85395116	-2.7131445e-17	0	360.2774
3.2650000000000833e-10	0.3007206	-0.07370159	-0.85417396	-2.713297e-17	0	360.2774
3.2660000000000836e-10	0.3004103	-0.073633716	-0.8543966	-2.7134504e-17	0	360.2774
3.267000000000084e-10	0.30010095	-0.07356395	-0.854619	-2.7136037e-17	0	360.2774
3.268000000000084e-10	0.29979253	-0.07349232	-0.85484093	-2.7137563e-17	0	360.2774
3.2690000000000846e-10	0.29948503	-0.07341884	-0.8550626	-2.713909e-17	0	360.2774
3.270000000000085e-10	0.29917848	-0.073343515	-0.8552839	-2.7140615e-17	0	360.2774
3.271000000000085e-10	0.29887292	-0.07326636	-0.8555049	-2.7142158e-17	0	360.2774
3.2720000000000855e-10	0.29856837	-0.073187396	-0.8557256	-2.7143682e-17	0	360.2774
3.273000000000086e-10	0.29826486	-0.07310663	-0.85594594	-2.7145202e-17	0	360.2774
3.274000000000086e-10	0.29796237	-0.07302409	-0.85616595	-2.7146734e-17	0	360.2774
3.2750000000000864e-10	0.2976609	-0.07293977	-0.8563856	-2.7148276e-17	0	360.2774
3.2760000000000867e-10	0.29736048	-0.072853684	-0.8566049	-2.7149808e-17	0	360.2774
3.277000000000087e-10	0.2970612	-0.072765864	-0.85682386	-2.7151338e-17	0	360.2774
3.2780000000000873e-10	0.296763	-0.072676316	-0.85704243	-2.7152864e-17	0	360.2774
3.2790000000000876e-10	0.29646596	-0.07258506	-0.8572607	-2.7154389e-17	0	360.2774
3.280000000000088e-10	0.29617	-0.07249209	-0.85747856	-2.7155923e-17	0	360.2774
3.281000000000088e-10	0.2958752	-0.072397456	-0.8576961	-2.7157456e-17	0	360.2774
3.2820000000000885e-10	0.29558155	-0.07230114	-0.8579132	-2.7158986e-17	0	360.2774
3.283000000000089e-10	0.29528913	-0.072203174	-0.85813	-2.7160517e-17	0	360.2774
3.284000000000089e-10	0.2949979	-0.072103575	-0.85834646	-2.7162052e-17	0	360.2774
3.2850000000000895e-10	0.29470783	-0.072002344	-0.8585623	-2.716358e-17	0	360.2774
3.28600000000009e-10	0.29441905	-0.07189951	-0.858778	-2.7165108e-17	0	360.2774
3.28700000000009e-10	0.29413152	-0.07179508	-0.8589932	-2.7166643e-17	0	360.2774
3.2880000000000904e-10	0.29384524	-0.071689084	-0.859208	-2.7168165e-17	0	360.2774
3.2890000000000907e-10	0.29356018	-0.07158153	-0.85942245	-2.7169698e-17	0	360.2774
3.290000000000091e-10	0.2932765	-0.071472414	-0.8596365	-2.7171242e-17	0	360.2774
3.2910000000000913e-10	0.29299405	-0.07136178	-0.8598501	-2.717276e-17	0	360.2774
3.2920000000000916e-10	0.29271293	-0.07124963	-0.86006325	-2.7174293e-17	0	360.2774
3.293000000000092e-10	0.29243317	-0.071135975	-0.8602761	-2.7175816e-17	0	360.2774
3.294000000000092e-10	0.29215476	-0.07102085	-0.8604885	-2.7177353e-17	0	360.2774
3.2950000000000925e-10	0.29187772	-0.070904255	-0.8607004	-2.7178888e-17	0	360.2774
3.296000000000093e-10	0.29160202	-0.070786215	-0.86091197	-2.7180402e-17	0	360.2774
3.297000000000093e-10	0.29132771	-0.07066674	-0.86112297	-2.7181936e-17	0	360.2774
3.2980000000000935e-10	0.29105482	-0.07054585	-0.8613337	-2.718347e-17	0	360.2774
3.299000000000094e-10	0.2907833	-0.070423566	-0.861544	-2.7185001e-17	0	360.2774
3.300000000000094e-10	0.29051325	-0.070299886	-0.86175376	-2.7186515e-17	0	360.2774
3.3010000000000944e-10	0.2902446	-0.07017486	-0.86196315	-2.7188057e-17	0	360.2774
3.3020000000000947e-10	0.28997743	-0.07004847	-0.86217207	-2.7189586e-17	0	360.2774
3.303000000000095e-10	0.2897117	-0.06992075	-0.8623806	-2.719111e-17	0	360.2774
3.3040000000000953e-10	0.2894475	-0.06979171	-0.8625886	-2.7192644e-17	0	360.2774
3.3050000000000956e-10	0.28918475	-0.06966138	-0.8627962	-2.7194163e-17	0	360.2774
3.306000000000096e-10	0.28892344	-0.06952976	-0.8630034	-2.7195695e-17	0	360.2774
3.307000000000096e-10	0.28866372	-0.06939688	-0.86321	-2.7197219e-17	0	360.2774
3.3080000000000965e-10	0.28840548	-0.06926276	-0.8634162	-2.719875e-17	0	360.2774
3.309000000000097e-10	0.28814876	-0.069127396	-0.86362195	-2.720028e-17	0	360.2774
3.310000000000097e-10	0.28789362	-0.06899083	-0.8638273	-2.720181e-17	0	360.2774
3.3110000000000974e-10	0.28764	-0.06885306	-0.8640322	-2.7203335e-17	0	360.2774
3.312000000000098e-10	0.28738794	-0.06871411	-0.86423653	-2.7204852e-17	0	360.2774
3.313000000000098e-10	0.28713748	-0.068574004	-0.86444044	-2.720639e-17	0	360.2774
3.3140000000000984e-10	0.28688857	-0.06843275	-0.8646439	-2.7207906e-17	0	360.2774
3.3150000000000987e-10	0.2866413	-0.06829037	-0.86484677	-2.7209435e-17	0	360.2774
3.316000000000099e-10	0.2863956	-0.068146884	-0.8650492	-2.7210957e-17	0	360.2774
3.3170000000000993e-10	0.2861515	-0.068002306	-0.86525124	-2.721249e-17	0	360.2774
3.3180000000000996e-10	0.2859023	-0.067873076	-0.8654539	-2.7704613e-17	0	357.8638
3.3190000000001e-10	0.2856477	-0.06775904	-0.86565727	-2.7706123e-17	0	357.8638
3.3200000000001e-10	0.28539446	-0.067643724	-0.8658602	-2.770764e-17	0	357.8638
3.3210000000001005e-10	0.2851425	-0.06752716	-0.8660629	-2.7709161e-17	0	357.8638
3.322000000000101e-10	0.28489193	-0.06740934	-0.86626494	-2.7710685e-17	0	357.8638
3.323000000000101e-10	0.28464276	-0.0672903	-0.8664667	-2.7712195e-17	0	357.8638
3.3240000000001014e-10	0.28439492	-0.067170046	-0.8666681	-2.7713707e-17	0	357.8638
3.3250000000001017e-10	0.28414848	-0.0670486	-0.8668691	-2.7715224e-17	0	357.8638
3.326000000000102e-10	0.28390345	-0.06692597	-0.86706954	-2.7716748e-17	0	357.8638
3.3270000000001024e-10	0.2836598	-0.06680219	-0.8672697	-2.7718261e-17	0	357.8638
3.3280000000001027e-10	0.28341752	-0.06667724	-0.8674694	-2.7719777e-17	0	357.8638
3.329000000000103e-10	0.28317672	-0.066551186	-0.86766857	-2.7721284e-17	0	357.8638
3.3300000000001033e-10	0.28293732	-0.06642401	-0.8678674	-2.7722811e-17	0	357.8638
3.3310000000001036e-10	0.28269944	-0.06629573	-0.86806583	-2.772433e-17	0	357.8638
3.332000000000104e-10	0.28246292	-0.06616638	-0.8682637	-2.772584e-17	0	357.8638
3.333000000000104e-10	0.28222793	-0.066035956	-0.86846125	-2.772736e-17	0	357.8638
3.3340000000001045e-10	0.28199437	-0.06590449	-0.86865836	-2.7728873e-17	0	357.8638
3.335000000000105e-10	0.28176236	-0.065772	-0.868855	-2.7730383e-17	0	357.8638
3.336000000000105e-10	0.28153178	-0.06563848	-0.8690512	-2.7731903e-17	0	357.8638
3.3370000000001054e-10	0.2813027	-0.06550398	-0.869247	-2.773341e-17	0	357.8638
3.3380000000001057e-10	0.28107515	-0.06536849	-0.8694423	-2.7734918e-17	0	357.8638
3.339000000000106e-10	0.2808491	-0.06523204	-0.86963713	-2.7736443e-17	0	357.8638
3.3400000000001063e-10	0.2806246	-0.065094635	-0.86983156	-2.7737952e-17	0	357.8638
3.3410000000001066e-10	0.28040165	-0.06495631	-0.8700256	-2.773947e-17	0	357.8638
3.342000000000107e-10	0.28018022	-0.06481707	-0.87021923	-2.774098e-17	0	357.8638
3.3430000000001073e-10	0.2799603	-0.064676926	-0.8704123	-2.7742493e-17	0	357.8638
3.3440000000001076e-10	0.279742	-0.064535916	-0.8706049	-2.7744003e-17	0	357.8638
3.345000000000108e-10	0.27952525	-0.064394034	-0.87079704	-2.7745512e-17	0	357.8638
3.346000000000108e-10	0.27931005	-0.0642513	-0.8709888	-2.7747036e-17	0	357.8638
3.3470000000001085e-10	0.27909645	-0.06410775	-0.87118006	-2.7748555e-17	0	357.8638
3.348000000000109e-10	0.27888444	-0.06396339	-0.8713709	-2.7750062e-17	0	357.8638
3.349000000000109e-10	0.27867398	-0.06381823	-0.87156117	-2.7751574e-17	0	357.8638
3.3500000000001094e-10	0.27846515	-0.0636723	-0.8717511	-2.7753089e-17	0	357.8638
3.3510000000001097e-10	0.2782579	-0.0635256	-0.8719405	-2.7754586e-17	0	357.8638
3.35200000000011e-10	0.2780523	-0.06337816	-0.8721295	-2.7756102e-17	0	357.8638
3.3530000000001103e-10	0.27784827	-0.06322999	-0.8723179	-2.7757617e-17	0	357.8638
3.3540000000001106e-10	0.2776459	-0.063081115	-0.87250596	-2.7759126e-17	0	357.8638
3.355000000000111e-10	0.2774451	-0.06293155	-0.87269354	-2.7760638e-17	0	357.8638
3.356000000000111e-10	0.277246	-0.06278131	-0.87288064	-2.776215e-17	0	357.8638
3.3570000000001116e-10	0.27704853	-0.062630415	-0.87306726	-2.7763656e-17	0	357.8638
3.358000000000112e-10	0.27685267	-0.06247887	-0.87325346	-2.7765154e-17	0	357.8638
3.359000000000112e-10	0.27665848	-0.062326707	-0.87343913	-2.776667e-17	0	357.8638
3.3600000000001125e-10	0.2764659	-0.062173933	-0.8736243	-2.776818e-17	0	357.8638
3.361000000000113e-10	0.276275	-0.06202057	-0.87380904	-2.776968e-17	0	357.8638
3.362000000000113e-10	0.27608576	-0.061866634	-0.87399334	-2.7771193e-17	0	357.8638
3.3630000000001134e-10	0.2758982	-0.061712146	-0.87417716	-2.777271e-17	0	357.8638
3.3640000000001137e-10	0.27571228	-0.06155712	-0.8743605	-2.77742e-17	0	357.8638
3.365000000000114e-10	0.27552804	-0.06140157	-0.8745433	-2.7775716e-17	0	357.8638
3.3660000000001143e-10	0.27534547	-0.06124551	-0.87472564	-2.7777225e-17	0	357.8638
3.3670000000001146e-10	0.2751646	-0.06108897	-0.87490755	-2.7778727e-17	0	357.8638
3.368000000000115e-10	0.27498537	-0.06093196	-0.875089	-2.778023e-17	0	357.8638
3.369000000000115e-10	0.27480784	-0.06077449	-0.8752701	-2.778173e-17	0	357.8638
3.3700000000001155e-10	0.27463198	-0.060616583	-0.8754505	-2.7783243e-17	0	357.8638
3.371000000000116e-10	0.2744578	-0.060458258	-0.87563056	-2.778475e-17	0	357.8638
3.372000000000116e-10	0.27428538	-0.06029953	-0.87581	-2.7786244e-17	0	357.8638
3.3730000000001165e-10	0.27411458	-0.060140416	-0.875989	-2.7787753e-17	0	357.8638
3.374000000000117e-10	0.27394548	-0.059980936	-0.8761677	-2.778926e-17	0	357.8638
3.375000000000117e-10	0.27377808	-0.05982109	-0.87634575	-2.779075e-17	0	357.8638
3.3760000000001174e-10	0.27361238	-0.059660923	-0.8765234	-2.779226e-17	0	357.8638
3.3770000000001177e-10	0.27344838	-0.059500434	-0.8767006	-2.7793755e-17	0	357.8638
3.378000000000118e-10	0.27328607	-0.059339635	-0.8768773	-2.7795257e-17	0	357.8638
3.3790000000001183e-10	0.2731255	-0.059178554	-0.87705344	-2.7796763e-17	0	357.8638
3.3800000000001186e-10	0.2729666	-0.059017207	-0.8772292	-2.779826e-17	0	357.8638
3.381000000000119e-10	0.2728094	-0.058855604	-0.8774045	-2.7799767e-17	0	357.8638
3.382000000000119e-10	0.27265388	-0.058693767	-0.8775792	-2.7801272e-17	0	357.8638
3.3830000000001195e-10	0.27250007	-0.05853171	-0.8777535	-2.7802758e-17	0	357.8638
3.38400000000012e-10	0.272348	-0.05836945	-0.8779275	-2.7804263e-17	0	357.8638
3.38500000000012e-10	0.27219757	-0.058206998	-0.8781008	-2.7805766e-17	0	357.8638
3.3860000000001204e-10	0.2720489	-0.05804438	-0.8782738	-2.7807258e-17	0	357.8638
3.387000000000121e-10	0.27190188	-0.05788161	-0.87844616	-2.7808757e-17	0	357.8638
3.388000000000121e-10	0.2717566	-0.0577187	-0.8786181	-2.7810246e-17	0	357.8638
3.3890000000001214e-10	0.271613	-0.057555668	-0.87878966	-2.781174e-17	0	357.8638
3.3900000000001217e-10	0.27147108	-0.057392534	-0.87896067	-2.7813247e-17	0	357.8638
3.391000000000122e-10	0.27133086	-0.057229303	-0.87913114	-2.781474e-17	0	357.8638
3.3920000000001223e-10	0.27119237	-0.057066	-0.87930125	-2.781624e-17	0	357.8638
3.3930000000001226e-10	0.27105555	-0.056902643	-0.8794709	-2.781773e-17	0	357.8638
3.394000000000123e-10	0.27092043	-0.056739252	-0.87964004	-2.7819226e-17	0	357.8638
3.395000000000123e-10	0.27078697	-0.056575827	-0.87980866	-2.7820714e-17	0	357.8638
3.3960000000001235e-10	0.27065524	-0.056412395	-0.8799769	-2.782221e-17	0	357.8638
3.397000000000124e-10	0.2705252	-0.056248967	-0.8801447	-2.782371e-17	0	357.8638
3.398000000000124e-10	0.27039677	-0.056085564	-0.88031197	-2.7825194e-17	0	357.8638
3.3990000000001244e-10	0.27027008	-0.055922195	-0.88047886	-2.7826687e-17	0	357.8638
3.400000000000125e-10	0.27014503	-0.05575888	-0.88064533	-2.782818e-17	0	357.8638
3.401000000000125e-10	0.27002168	-0.055595636	-0.8808113	-2.7829674e-17	0	357.8638
3.4020000000001254e-10	0.2699	-0.055432476	-0.8809768	-2.7831157e-17	0	357.8638
3.4030000000001257e-10	0.26977998	-0.055269413	-0.8811417	-2.783265e-17	0	357.8638
3.404000000000126e-10	0.26966164	-0.05510647	-0.8813063	-2.7834135e-17	0	357.8638
3.4050000000001263e-10	0.26954496	-0.05494365	-0.8814705	-2.7835624e-17	0	357.8638
3.4060000000001266e-10	0.26942992	-0.05478098	-0.8816341	-2.7837122e-17	0	357.8638
3.407000000000127e-10	0.26931655	-0.054618467	-0.8817974	-2.78386e-17	0	357.8638
3.408000000000127e-10	0.2692048	-0.05445613	-0.88196015	-2.7840097e-17	0	357.8638
3.4090000000001275e-10	0.26909474	-0.054293986	-0.88212246	-2.784158e-17	0	357.8638
3.410000000000128e-10	0.26898628	-0.05413204	-0.88228434	-2.784306e-17	0	357.8638
3.411000000000128e-10	0.26887947	-0.053970322	-0.88244575	-2.7844537e-17	0	357.8638
3.4120000000001284e-10	0.26877427	-0.05380883	-0.88260674	-2.7846033e-17	0	357.8638
3.4130000000001287e-10	0.2686707	-0.053647593	-0.88276726	-2.784752e-17	0	357.8638
3.414000000000129e-10	0.26856875	-0.053486615	-0.8829274	-2.7849e-17	0	357.8638
3.4150000000001293e-10	0.26846847	-0.053325918	-0.88308716	-2.785048e-17	0	357.8638
3.4160000000001297e-10	0.26836973	-0.05316551	-0.8832464	-2.7851962e-17	0	357.8638
3.41700000000013e-10	0.2682726	-0.05300541	-0.8834052	-2.785344e-17	0	357.8638
3.4180000000001303e-10	0.2681718	-0.052861333	-0.88356465	-2.8334645e-17	0	355.54684
3.4190000000001306e-10	0.26806703	-0.052733157	-0.88372475	-2.83361e-17	0	355.54684
3.420000000000131e-10	0.26796353	-0.05260513	-0.88388455	-2.8337567e-17	0	355.54684
3.421000000000131e-10	0.26786134	-0.052477278	-0.8840439	-2.833904e-17	0	355.54684
3.4220000000001315e-10	0.26776046	-0.052349597	-0.88420284	-2.8340495e-17	0	355.54684
3.423000000000132e-10	0.26766077	-0.05222211	-0.8843616	-2.8341957e-17	0	355.54684
3.424000000000132e-10	0.26756242	-0.052094832	-0.88452	-2.8343426e-17	0	355.54684
3.4250000000001324e-10	0.26746532	-0.051967762	-0.884678	-2.8344882e-17	0	355.54684
3.4260000000001327e-10	0.26736948	-0.05184092	-0.8848356	-2.8346338e-17	0	355.54684
3.427000000000133e-10	0.26727492	-0.051714323	-0.8849931	-2.8347797e-17	0	355.54684
3.4280000000001333e-10	0.26718158	-0.05158797	-0.8851501	-2.8349253e-17	0	355.54684
3.4290000000001336e-10	0.26708952	-0.051461875	-0.8853068	-2.835072e-17	0	355.54684
3.430000000000134e-10	0.26699865	-0.051336057	-0.885463	-2.8352185e-17	0	355.54684
3.431000000000134e-10	0.2669091	-0.051210515	-0.8856191	-2.8353644e-17	0	355.54684
3.4320000000001346e-10	0.26682073	-0.05108528	-0.88577485	-2.83551e-17	0	355.54684
3.433000000000135e-10	0.2667336	-0.050960343	-0.8859302	-2.8356562e-17	0	355.54684
3.434000000000135e-10	0.2666477	-0.050835725	-0.8860852	-2.835801e-17	0	355.54684
3.4350000000001355e-10	0.26656306	-0.050711438	-0.88623995	-2.835948e-17	0	355.54684
3.436000000000136e-10	0.26647958	-0.050587483	-0.8863944	-2.8360936e-17	0	355.54684
3.437000000000136e-10	0.26639736	-0.050463874	-0.8865484	-2.8362395e-17	0	355.54684
3.4380000000001364e-10	0.2663163	-0.050340638	-0.8867022	-2.836385e-17	0	355.54684
3.4390000000001367e-10	0.26623645	-0.05021777	-0.88685566	-2.83653e-17	0	355.54684
3.440000000000137e-10	0.26615778	-0.050095275	-0.8870088	-2.8366756e-17	0	355.54684
3.4410000000001373e-10	0.26608032	-0.04997318	-0.88716155	-2.8368212e-17	0	355.54684
3.4420000000001376e-10	0.26600403	-0.049851485	-0.8873141	-2.8369668e-17	0	355.54684
3.443000000000138e-10	0.26592892	-0.0497302	-0.8874663	-2.8371127e-17	0	355.54684
3.444000000000138e-10	0.26585495	-0.04960934	-0.88761824	-2.8372583e-17	0	355.54684
3.4450000000001385e-10	0.26578215	-0.049488917	-0.8877698	-2.8374035e-17	0	355.54684
3.446000000000139e-10	0.26571053	-0.049368925	-0.8879211	-2.8375488e-17	0	355.54684
3.447000000000139e-10	0.26564005	-0.049249396	-0.8880721	-2.8376937e-17	0	355.54684
3.4480000000001395e-10	0.2655707	-0.04913033	-0.88822275	-2.83784e-17	0	355.54684
3.44900000000014e-10	0.2655025	-0.04901173	-0.88837314	-2.837985e-17	0	355.54684
3.45000000000014e-10	0.2654354	-0.04889362	-0.88852316	-2.8381305e-17	0	355.54684
3.4510000000001404e-10	0.26536942	-0.048776	-0.888673	-2.838275e-17	0	355.54684
3.4520000000001407e-10	0.26530457	-0.048658878	-0.88882256	-2.8384206e-17	0	355.54684
3.453000000000141e-10	0.26524085	-0.048542272	-0.8889718	-2.838566e-17	0	355.54684
3.4540000000001413e-10	0.26517817	-0.04842618	-0.8891207	-2.8387108e-17	0	355.54684
3.4550000000001416e-10	0.2651166	-0.048310623	-0.8892694	-2.8388567e-17	0	355.54684
3.456000000000142e-10	0.2650561	-0.0481956	-0.8894177	-2.8390007e-17	0	355.54684
3.457000000000142e-10	0.2649967	-0.04808113	-0.8895658	-2.839146e-17	0	355.54684
3.4580000000001425e-10	0.26493832	-0.04796721	-0.88971364	-2.8392915e-17	0	355.54684
3.459000000000143e-10	0.26488107	-0.047853857	-0.88986117	-2.8394364e-17	0	355.54684
3.460000000000143e-10	0.2648248	-0.047741078	-0.89000833	-2.8395813e-17	0	355.54684
3.4610000000001435e-10	0.2647696	-0.047628883	-0.89015543	-2.839726e-17	0	355.54684
3.462000000000144e-10	0.26471543	-0.047517277	-0.8903022	-2.8398705e-17	0	355.54684
3.463000000000144e-10	0.26466233	-0.04740627	-0.89044863	-2.840016e-17	0	355.54684
3.4640000000001444e-10	0.2646102	-0.047295876	-0.8905947	-2.8401604e-17	0	355.54684
3.4650000000001447e-10	0.26455906	-0.04718609	-0.8907407	-2.840305e-17	0	355.54684
3.466000000000145e-10	0.26450893	-0.047076937	-0.89088637	-2.8404492e-17	0	355.54684
3.4670000000001453e-10	0.26445982	-0.04696841	-0.8910318	-2.8405938e-17	0	355.54684
3.4680000000001456e-10	0.26441166	-0.046860524	-0.891177	-2.840739e-17	0	355.54684
3.469000000000146e-10	0.26436445	-0.046753287	-0.89132196	-2.8408837e-17	0	355.54684
3.470000000000146e-10	0.26431823	-0.046646707	-0.8914665	-2.8410282e-17	0	355.54684
3.4710000000001465e-10	0.26427296	-0.04654078	-0.891611	-2.8411725e-17	0	355.54684
3.472000000000147e-10	0.26422864	-0.04643553	-0.8917551	-2.841318e-17	0	355.54684
3.473000000000147e-10	0.26418522	-0.046330955	-0.8918991	-2.8414617e-17	0	355.54684
3.4740000000001474e-10	0.26414275	-0.046227064	-0.8920428	-2.8416063e-17	0	355.54684
3.475000000000148e-10	0.26410115	-0.04612387	-0.8921862	-2.8417505e-17	0	355.54684
3.476000000000148e-10	0.26406053	-0.046021365	-0.89232945	-2.8418958e-17	0	355.54684
3.4770000000001484e-10	0.26402074	-0.045919575	-0.89247245	-2.8420384e-17	0	355.54684
3.4780000000001487e-10	0.26398188	-0.04581849	-0.89261526	-2.8421843e-17	0	355.54684
3.479000000000149e-10	0.26394385	-0.045718122	-0.8927578	-2.842328e-17	0	355.54684
3.4800000000001493e-10	0.2639067	-0.045618482	-0.89290005	-2.8424735e-17	0	355.54684
3.4810000000001496e-10	0.2638704	-0.045519575	-0.89304215	-2.8426178e-17	0	355.54684
3.48200000000015e-10	0.26383492	-0.045421407	-0.893184	-2.8427623e-17	0	355.54684
3.48300000000015e-10	0.26380032	-0.045323983	-0.8933257	-2.8429056e-17	0	355.54684
3.4840000000001505e-10	0.26376653	-0.045227304	-0.8934671	-2.843051e-17	0	355.54684
3.485000000000151e-10	0.2637335	-0.04513138	-0.89360833	-2.8431935e-17	0	355.54684
3.486000000000151e-10	0.26370135	-0.04503622	-0.8937493	-2.8433394e-17	0	355.54684
3.4870000000001514e-10	0.26366994	-0.044941828	-0.8938902	-2.8434823e-17	0	355.54684
3.4880000000001517e-10	0.2636393	-0.044848204	-0.8940308	-2.8436276e-17	0	355.54684
3.489000000000152e-10	0.26360944	-0.044755362	-0.8941712	-2.8437712e-17	0	355.54684
3.4900000000001524e-10	0.26358032	-0.044663303	-0.8943114	-2.8439158e-17	0	355.54684
3.4910000000001527e-10	0.26355195	-0.04457203	-0.89445156	-2.844059e-17	0	355.54684
3.492000000000153e-10	0.26352435	-0.04448155	-0.8945914	-2.8442026e-17	0	355.54684
3.4930000000001533e-10	0.26349744	-0.04439187	-0.894731	-2.844347e-17	0	355.54684
3.4940000000001536e-10	0.26347125	-0.04430299	-0.89487046	-2.844492e-17	0	355.54684
3.495000000000154e-10	0.26344576	-0.04421492	-0.89500976	-2.8446354e-17	0	355.54684
3.496000000000154e-10	0.26342094	-0.044127658	-0.8951488	-2.844779e-17	0	355.54684
3.4970000000001545e-10	0.26339683	-0.044041213	-0.89528775	-2.8449226e-17	0	355.54684
3.498000000000155e-10	0.26337335	-0.043955587	-0.8954265	-2.845068e-17	0	355.54684
3.499000000000155e-10	0.26335055	-0.043870788	-0.8955651	-2.8452118e-17	0	355.54684
3.5000000000001554e-10	0.26332837	-0.043786816	-0.8957035	-2.8453554e-17	0	355.54684
3.5010000000001557e-10	0.2633068	-0.04370368	-0.8958418	-2.845499e-17	0	355.54684
3.502000000000156e-10	0.26328588	-0.043621376	-0.8959799	-2.8456436e-17	0	355.54684
3.5030000000001563e-10	0.26326555	-0.043539915	-0.89611775	-2.845787e-17	0	355.54684
3.5040000000001566e-10	0.26324585	-0.043459296	-0.89625555	-2.845931e-17	0	355.54684
3.505000000000157e-10	0.2632267	-0.043379523	-0.8963932	-2.8460747e-17	0	355.54684
3.506000000000157e-10	0.26320812	-0.0433006	-0.8965306	-2.8462193e-17	0	355.54684
3.5070000000001576e-10	0.2631901	-0.043222524	-0.8966679	-2.8463636e-17	0	355.54684
3.508000000000158e-10	0.26317263	-0.04314531	-0.89680505	-2.8465065e-17	0	355.54684
3.509000000000158e-10	0.26315567	-0.043068953	-0.8969421	-2.8466508e-17	0	355.54684
3.5100000000001585e-10	0.26313925	-0.042993452	-0.897079	-2.8467947e-17	0	355.54684
3.511000000000159e-10	0.26312333	-0.04291882	-0.8972157	-2.8469376e-17	0	355.54684
3.512000000000159e-10	0.2631079	-0.04284505	-0.89735234	-2.8470822e-17	0	355.54684
3.5130000000001594e-10	0.26309294	-0.04277215	-0.89748883	-2.8472265e-17	0	355.54684
3.5140000000001597e-10	0.26307848	-0.04270012	-0.8976252	-2.8473704e-17	0	355.54684
3.51500000000016e-10	0.26306447	-0.042628966	-0.8977614	-2.847514e-17	0	355.54684
3.5160000000001603e-10	0.2630509	-0.04255868	-0.8978975	-2.8476586e-17	0	355.54684
3.5170000000001606e-10	0.26303774	-0.04248927	-0.8980335	-2.847802e-17	0	355.54684
3.518000000000161e-10	0.26302063	-0.04243646	-0.89817035	-2.8944423e-17	0	353.32266
3.519000000000161e-10	0.2629993	-0.04240012	-0.89830816	-2.8945852e-17	0	353.32266
3.5200000000001616e-10	0.262978	-0.042364493	-0.89844596	-2.8947275e-17	0	353.32266
3.521000000000162e-10	0.26295683	-0.04232957	-0.89858377	-2.89487e-17	0	353.32266
3.522000000000162e-10	0.26293567	-0.04229535	-0.89872146	-2.8950137e-17	0	353.32266
3.5230000000001625e-10	0.26291457	-0.04226184	-0.89885914	-2.8951566e-17	0	353.32266
3.524000000000163e-10	0.26289353	-0.04222902	-0.89899683	-2.8953006e-17	0	353.32266
3.525000000000163e-10	0.2628725	-0.04219691	-0.8991345	-2.8954422e-17	0	353.32266
3.5260000000001634e-10	0.26285148	-0.042165495	-0.8992722	-2.8955854e-17	0	353.32266
3.5270000000001637e-10	0.2628305	-0.042134777	-0.8994098	-2.895728e-17	0	353.32266
3.528000000000164e-10	0.2628095	-0.04210476	-0.8995475	-2.8958716e-17	0	353.32266
3.5290000000001643e-10	0.26278844	-0.04207543	-0.8996851	-2.8960146e-17	0	353.32266
3.5300000000001646e-10	0.2627674	-0.042046785	-0.8998227	-2.8961575e-17	0	353.32266
3.531000000000165e-10	0.26274633	-0.042018835	-0.8999603	-2.8963008e-17	0	353.32266
3.532000000000165e-10	0.26272517	-0.04199157	-0.9000979	-2.8964437e-17	0	353.32266
3.5330000000001655e-10	0.262704	-0.041964985	-0.90023553	-2.8965873e-17	0	353.32266
3.534000000000166e-10	0.26268277	-0.041939083	-0.900373	-2.8967306e-17	0	353.32266
3.535000000000166e-10	0.2626614	-0.041913863	-0.90051067	-2.896874e-17	0	353.32266
3.5360000000001665e-10	0.26264	-0.041889317	-0.9006481	-2.8970184e-17	0	353.32266
3.537000000000167e-10	0.26261848	-0.04186544	-0.9007858	-2.8971607e-17	0	353.32266
3.538000000000167e-10	0.26259685	-0.041842233	-0.9009234	-2.8973037e-17	0	353.32266
3.5390000000001674e-10	0.2625751	-0.04181969	-0.90106094	-2.8974476e-17	0	353.32266
3.5400000000001677e-10	0.2625532	-0.041797817	-0.90119857	-2.8975912e-17	0	353.32266
3.541000000000168e-10	0.26253116	-0.041776594	-0.90133625	-2.8977354e-17	0	353.32266
3.5420000000001683e-10	0.262509	-0.041756034	-0.9014738	-2.8978784e-17	0	353.32266
3.5430000000001686e-10	0.26248664	-0.04173612	-0.90161157	-2.898022e-17	0	353.32266
3.544000000000169e-10	0.26246417	-0.04171686	-0.9017492	-2.898167e-17	0	353.32266
3.545000000000169e-10	0.26244146	-0.04169824	-0.9018868	-2.8983105e-17	0	353.32266
3.5460000000001695e-10	0.26241854	-0.04168026	-0.9020245	-2.898454e-17	0	353.32266
3.54700000000017e-10	0.26239544	-0.04166292	-0.90216225	-2.8985994e-17	0	353.32266
3.54800000000017e-10	0.26237214	-0.041646212	-0.9023	-2.898743e-17	0	353.32266
3.5490000000001704e-10	0.2623486	-0.041630127	-0.9024377	-2.8988872e-17	0	353.32266
3.550000000000171e-10	0.2623248	-0.041614667	-0.9025756	-2.8990318e-17	0	353.32266
3.551000000000171e-10	0.2623008	-0.04159983	-0.9027134	-2.899176e-17	0	353.32266
3.5520000000001714e-10	0.2622765	-0.041585602	-0.90285116	-2.899321e-17	0	353.32266
3.5530000000001717e-10	0.2622519	-0.041571982	-0.9029891	-2.899465e-17	0	353.32266
3.554000000000172e-10	0.26222712	-0.04155897	-0.9031271	-2.899609e-17	0	353.32266
3.5550000000001723e-10	0.262202	-0.041546553	-0.903265	-2.899754e-17	0	353.32266
3.5560000000001726e-10	0.26217654	-0.04153473	-0.90340304	-2.899899e-17	0	353.32266
3.557000000000173e-10	0.26215082	-0.041523494	-0.90354097	-2.9000436e-17	0	353.32266
3.558000000000173e-10	0.2621248	-0.04151284	-0.9036792	-2.9001885e-17	0	353.32266
3.5590000000001735e-10	0.26209843	-0.04150277	-0.90381724	-2.9003344e-17	0	353.32266
3.560000000000174e-10	0.26207173	-0.041493267	-0.90395534	-2.9004794e-17	0	353.32266
3.561000000000174e-10	0.2620446	-0.041484326	-0.90409356	-2.9006243e-17	0	353.32266
3.5620000000001744e-10	0.2620172	-0.041475955	-0.9042319	-2.90077e-17	0	353.32266
3.563000000000175e-10	0.26198938	-0.04146813	-0.9043701	-2.9009158e-17	0	353.32266
3.564000000000175e-10	0.2619612	-0.041460853	-0.9045086	-2.9010614e-17	0	353.32266
3.5650000000001754e-10	0.2619326	-0.04145412	-0.9046469	-2.901207e-17	0	353.32266
3.5660000000001757e-10	0.26190367	-0.04144792	-0.90478534	-2.9013525e-17	0	353.32266
3.567000000000176e-10	0.26187426	-0.041442245	-0.9049239	-2.901499e-17	0	353.32266
3.5680000000001763e-10	0.26184446	-0.0414371	-0.90506244	-2.901645e-17	0	353.32266
3.5690000000001766e-10	0.2618142	-0.041432463	-0.905201	-2.9017906e-17	0	353.32266
3.570000000000177e-10	0.26178354	-0.04142834	-0.9053397	-2.9019375e-17	0	353.32266
3.571000000000177e-10	0.2617524	-0.041424707	-0.90547854	-2.9020828e-17	0	353.32266
3.5720000000001775e-10	0.2617208	-0.04142158	-0.9056173	-2.90223e-17	0	353.32266
3.573000000000178e-10	0.26168874	-0.041418932	-0.9057561	-2.9023763e-17	0	353.32266
3.574000000000178e-10	0.26165622	-0.04141677	-0.9058951	-2.9025235e-17	0	353.32266
3.5750000000001784e-10	0.26162317	-0.041415073	-0.906034	-2.902671e-17	0	353.32266
3.5760000000001787e-10	0.26158962	-0.041413844	-0.90617305	-2.9028173e-17	0	353.32266
3.577000000000179e-10	0.26155555	-0.041413072	-0.90631217	-2.902964e-17	0	353.32266
3.5780000000001793e-10	0.26152104	-0.04141275	-0.90645146	-2.9031115e-17	0	353.32266
3.5790000000001797e-10	0.26148593	-0.041412864	-0.9065907	-2.903259e-17	0	353.32266
3.58000000000018e-10	0.26145032	-0.04141341	-0.90673006	-2.903407e-17	0	353.32266
3.5810000000001803e-10	0.26141414	-0.041414388	-0.9068694	-2.9035548e-17	0	353.32266
3.5820000000001806e-10	0.26137745	-0.041415773	-0.9070089	-2.9037024e-17	0	353.32266
3.583000000000181e-10	0.26134017	-0.04141757	-0.9071485	-2.9038506e-17	0	353.32266
3.584000000000181e-10	0.2613023	-0.041419767	-0.9072881	-2.903999e-17	0	353.32266
3.5850000000001815e-10	0.26126385	-0.041422352	-0.9074277	-2.9041478e-17	0	353.32266
3.586000000000182e-10	0.2612248	-0.041425318	-0.9075675	-2.9042963e-17	0	353.32266
3.587000000000182e-10	0.26118523	-0.04142866	-0.9077074	-2.9044442e-17	0	353.32266
3.5880000000001824e-10	0.261145	-0.041432362	-0.9078473	-2.9045934e-17	0	353.32266
3.5890000000001827e-10	0.26110417	-0.04143642	-0.9079873	-2.904743e-17	0	353.32266
3.590000000000183e-10	0.26106268	-0.041440822	-0.90812737	-2.904892e-17	0	353.32266
3.5910000000001833e-10	0.26102057	-0.041445564	-0.90826756	-2.9050408e-17	0	353.32266
3.5920000000001836e-10	0.26097783	-0.041450627	-0.90840787	-2.9051907e-17	0	353.32266
3.593000000000184e-10	0.26093444	-0.041456006	-0.9085481	-2.9053405e-17	0	353.32266
3.594000000000184e-10	0.26089042	-0.0414617	-0.90868855	-2.9054904e-17	0	353.32266
3.5950000000001846e-10	0.2608457	-0.04146768	-0.9088291	-2.9056406e-17	0	353.32266
3.596000000000185e-10	0.2608003	-0.041473955	-0.9089697	-2.9057912e-17	0	353.32266
3.597000000000185e-10	0.26075423	-0.041480504	-0.90911037	-2.9059414e-17	0	353.32266
3.5980000000001855e-10	0.2607075	-0.04148732	-0.9092511	-2.906092e-17	0	353.32266
3.599000000000186e-10	0.26066002	-0.04149439	-0.9093919	-2.9062428e-17	0	353.32266
3.600000000000186e-10	0.26061186	-0.04150171	-0.90953285	-2.906394e-17	0	353.32266
3.6010000000001864e-10	0.26056302	-0.041509263	-0.9096739	-2.9065453e-17	0	353.32266
3.6020000000001867e-10	0.26051342	-0.04151704	-0.909815	-2.9066975e-17	0	353.32266
3.603000000000187e-10	0.26046315	-0.041525036	-0.9099562	-2.9068493e-17	0	353.32266
3.6040000000001873e-10	0.2604121	-0.04153323	-0.9100974	-2.9070005e-17	0	353.32266
3.6050000000001876e-10	0.26036036	-0.04154162	-0.9102388	-2.9071527e-17	0	353.32266
3.606000000000188e-10	0.26030782	-0.041550193	-0.9103802	-2.907306e-17	0	353.32266
3.607000000000188e-10	0.26025456	-0.041558933	-0.91052186	-2.907458e-17	0	353.32266
3.6080000000001885e-10	0.26020056	-0.041567832	-0.91066355	-2.9076117e-17	0	353.32266
3.609000000000189e-10	0.26014578	-0.041576874	-0.9108052	-2.907765e-17	0	353.32266
3.610000000000189e-10	0.2600902	-0.04158606	-0.91094697	-2.9079174e-17	0	353.32266
3.6110000000001895e-10	0.26003385	-0.04159537	-0.91108894	-2.9080716e-17	0	353.32266
3.61200000000019e-10	0.25997677	-0.041604787	-0.9112309	-2.9082254e-17	0	353.32266
3.61300000000019e-10	0.25991887	-0.041614305	-0.911373	-2.9083793e-17	0	353.32266
3.6140000000001904e-10	0.25986016	-0.04162392	-0.9115152	-2.9085335e-17	0	353.32266
3.6150000000001907e-10	0.25980067	-0.041633606	-0.91165745	-2.9086883e-17	0	353.32266
3.616000000000191e-10	0.2597404	-0.041643355	-0.9117999	-2.9088438e-17	0	353.32266
3.6170000000001913e-10	0.25967932	-0.04165316	-0.91194236	-2.9089987e-17	0	353.32266
3.6180000000001916e-10	0.259613	-0.041678663	-0.9120859	-2.9540628e-17	0	351.18753
3.619000000000192e-10	0.25954127	-0.04171972	-0.91223073	-2.9542183e-17	0	351.18753
3.620000000000192e-10	0.25946838	-0.041760605	-0.9123757	-2.9543748e-17	0	351.18753
3.6210000000001925e-10	0.25939438	-0.04180131	-0.9125207	-2.9545313e-17	0	351.18753
3.622000000000193e-10	0.2593192	-0.04184182	-0.9126661	-2.954688e-17	0	351.18753
3.623000000000193e-10	0.2592429	-0.041882113	-0.9128116	-2.954845e-17	0	351.18753
3.6240000000001935e-10	0.25916544	-0.04192219	-0.9129571	-2.955003e-17	0	351.18753
3.625000000000194e-10	0.25908685	-0.04196202	-0.9131029	-2.955161e-17	0	351.18753
3.626000000000194e-10	0.2590071	-0.042001598	-0.91324884	-2.9553185e-17	0	351.18753
3.6270000000001944e-10	0.25892618	-0.0420409	-0.913395	-2.9554766e-17	0	351.18753
3.6280000000001947e-10	0.25884417	-0.04207991	-0.91354126	-2.9556364e-17	0	351.18753
3.629000000000195e-10	0.25876093	-0.04211862	-0.9136877	-2.9557953e-17	0	351.18753
3.6300000000001953e-10	0.2586766	-0.042157013	-0.91383433	-2.9559544e-17	0	351.18753
3.6310000000001956e-10	0.2585911	-0.04219507	-0.9139811	-2.9561132e-17	0	351.18753
3.632000000000196e-10	0.25850445	-0.04223278	-0.914128	-2.956274e-17	0	351.18753
3.633000000000196e-10	0.25841668	-0.042270124	-0.9142751	-2.9564332e-17	0	351.18753
3.6340000000001965e-10	0.25832775	-0.042307086	-0.91442233	-2.9565943e-17	0	351.18753
3.635000000000197e-10	0.25823763	-0.042343657	-0.91456974	-2.9567554e-17	0	351.18753
3.636000000000197e-10	0.25814644	-0.042379815	-0.91471726	-2.9569162e-17	0	351.18753
3.6370000000001974e-10	0.25805408	-0.042415548	-0.9148649	-2.9570794e-17	0	351.18753
3.638000000000198e-10	0.25796056	-0.04245083	-0.91501284	-2.957241e-17	0	351.18753
3.639000000000198e-10	0.2578659	-0.042485666	-0.91516083	-2.9574016e-17	0	351.18753
3.6400000000001984e-10	0.25777012	-0.04252002	-0.9153089	-2.957565e-17	0	351.18753
3.6410000000001987e-10	0.25767323	-0.042553887	-0.91545725	-2.9577282e-17	0	351.18753
3.642000000000199e-10	0.25757515	-0.04258725	-0.9156056	-2.957893e-17	0	351.18753
3.6430000000001993e-10	0.257476	-0.042620096	-0.9157542	-2.9580558e-17	0	351.18753
3.6440000000001996e-10	0.25737572	-0.042652406	-0.91590303	-2.958221e-17	0	351.18753
3.6450000000002e-10	0.25727427	-0.04268416	-0.9160518	-2.9583853e-17	0	351.18753
3.6460000000002e-10	0.25717175	-0.042715356	-0.9162008	-2.95855e-17	0	351.18753
3.6470000000002005e-10	0.2570681	-0.042745955	-0.9163499	-2.958716e-17	0	351.18753
3.648000000000201e-10	0.25696334	-0.042775966	-0.9164992	-2.958881e-17	0	351.18753
3.649000000000201e-10	0.25685745	-0.042805366	-0.9166486	-2.9590474e-17	0	351.18753
3.6500000000002014e-10	0.2567505	-0.04283413	-0.9167981	-2.9592135e-17	0	351.18753
3.6510000000002017e-10	0.25664243	-0.04286225	-0.9169477	-2.959381e-17	0	351.18753
3.652000000000202e-10	0.2565333	-0.04288972	-0.91709745	-2.959548e-17	0	351.18753
3.6530000000002023e-10	0.25642303	-0.042916507	-0.91724735	-2.9597164e-17	0	351.18753
3.6540000000002027e-10	0.2563117	-0.042942606	-0.9173974	-2.9598835e-17	0	351.18753
3.655000000000203e-10	0.2561993	-0.042967997	-0.9175476	-2.9600523e-17	0	351.18753
3.6560000000002033e-10	0.25608584	-0.042992666	-0.9176978	-2.9602217e-17	0	351.18753
3.6570000000002036e-10	0.25597128	-0.0430166	-0.9178481	-2.9603904e-17	0	351.18753
3.658000000000204e-10	0.2558557	-0.043039784	-0.91799873	-2.9605608e-17	0	351.18753
3.659000000000204e-10	0.25573906	-0.0430622	-0.91814923	-2.960732e-17	0	351.18753
3.6600000000002045e-10	0.25562137	-0.04308383	-0.9182999	-2.9609013e-17	0	351.18753
3.661000000000205e-10	0.2555027	-0.04310467	-0.9184507	-2.961073e-17	0	351.18753
3.662000000000205e-10	0.25538293	-0.043124698	-0.9186017	-2.9612437e-17	0	351.18753
3.6630000000002054e-10	0.25526217	-0.0431439	-0.9187527	-2.961416e-17	0	351.18753
3.6640000000002057e-10	0.2551404	-0.043162256	-0.91890377	-2.9615878e-17	0	351.18753
3.665000000000206e-10	0.25501758	-0.043179754	-0.91905504	-2.961762e-17	0	351.18753
3.6660000000002063e-10	0.2548938	-0.043196384	-0.91920626	-2.9619346e-17	0	351.18753
3.6670000000002066e-10	0.25476903	-0.04321213	-0.9193577	-2.9621086e-17	0	351.18753
3.668000000000207e-10	0.2546433	-0.043226972	-0.9195092	-2.962282e-17	0	351.18753
3.669000000000207e-10	0.25451657	-0.043240905	-0.91966075	-2.962457e-17	0	351.18753
3.6700000000002076e-10	0.2543889	-0.043253906	-0.91981244	-2.9626324e-17	0	351.18753
3.671000000000208e-10	0.25426024	-0.04326597	-0.9199641	-2.9628084e-17	0	351.18753
3.672000000000208e-10	0.25413066	-0.04327707	-0.92011595	-2.9629844e-17	0	351.18753
3.6730000000002085e-10	0.25400016	-0.0432872	-0.9202679	-2.9631608e-17	0	351.18753
3.674000000000209e-10	0.25386873	-0.043296345	-0.9204198	-2.9633368e-17	0	351.18753
3.675000000000209e-10	0.25373638	-0.043304488	-0.9205719	-2.963515e-17	0	351.18753
3.6760000000002094e-10	0.25360313	-0.043311622	-0.92072403	-2.9636942e-17	0	351.18753
3.6770000000002097e-10	0.253469	-0.043317728	-0.92087626	-2.9638722e-17	0	351.18753
3.67800000000021e-10	0.253334	-0.043322794	-0.92102844	-2.964051e-17	0	351.18753
3.6790000000002103e-10	0.2531981	-0.043326803	-0.9211808	-2.964231e-17	0	351.18753
3.6800000000002106e-10	0.25306135	-0.043329753	-0.9213331	-2.964411e-17	0	351.18753
3.681000000000211e-10	0.2529238	-0.043331616	-0.92148554	-2.9645905e-17	0	351.18753
3.682000000000211e-10	0.25278538	-0.043332394	-0.921638	-2.964772e-17	0	351.18753
3.6830000000002116e-10	0.25264618	-0.043332063	-0.9217906	-2.9649535e-17	0	351.18753
3.684000000000212e-10	0.2525061	-0.043330617	-0.9219431	-2.9651358e-17	0	351.18753
3.685000000000212e-10	0.25236526	-0.043328032	-0.92209566	-2.965318e-17	0	351.18753
3.6860000000002125e-10	0.25222364	-0.04332431	-0.9222484	-2.9655004e-17	0	351.18753
3.687000000000213e-10	0.25208127	-0.043319434	-0.92240113	-2.965684e-17	0	351.18753
3.688000000000213e-10	0.2519381	-0.043313384	-0.92255384	-2.965868e-17	0	351.18753
3.6890000000002134e-10	0.25179428	-0.043306172	-0.9227066	-2.9660546e-17	0	351.18753
3.6900000000002137e-10	0.25164962	-0.043297753	-0.9228595	-2.9662382e-17	0	351.18753
3.691000000000214e-10	0.2515043	-0.043288138	-0.9230122	-2.966425e-17	0	351.18753
3.6920000000002143e-10	0.2513583	-0.0432773	-0.9231651	-2.96661e-17	0	351.18753
3.6930000000002146e-10	0.25121155	-0.04326525	-0.9233179	-2.9667974e-17	0	351.18753
3.694000000000215e-10	0.25106418	-0.04325196	-0.92347085	-2.9669834e-17	0	351.18753
3.695000000000215e-10	0.25091615	-0.043237418	-0.9236237	-2.9671723e-17	0	351.18753
3.6960000000002155e-10	0.25076747	-0.043221623	-0.9237766	-2.9673602e-17	0	351.18753
3.697000000000216e-10	0.2506182	-0.043204565	-0.9239296	-2.9675488e-17	0	351.18753
3.698000000000216e-10	0.25046825	-0.043186225	-0.92408246	-2.9677384e-17	0	351.18753
3.6990000000002165e-10	0.25031775	-0.043166596	-0.92423534	-2.9679277e-17	0	351.18753
3.700000000000217e-10	0.25016665	-0.04314567	-0.92438823	-2.968118e-17	0	351.18753
3.701000000000217e-10	0.250015	-0.043123435	-0.9245412	-2.9683102e-17	0	351.18753
3.7020000000002174e-10	0.24986279	-0.043099888	-0.92469406	-2.9685004e-17	0	351.18753
3.7030000000002177e-10	0.24971007	-0.043075014	-0.92484707	-2.9686933e-17	0	351.18753
3.704000000000218e-10	0.24955681	-0.0430488	-0.9249999	-2.9688862e-17	0	351.18753
3.7050000000002183e-10	0.24940306	-0.043021247	-0.9251527	-2.9690785e-17	0	351.18753
3.7060000000002186e-10	0.24924886	-0.042992342	-0.9253055	-2.9692727e-17	0	351.18753
3.707000000000219e-10	0.24909416	-0.042962078	-0.9254584	-2.9694672e-17	0	351.18753
3.708000000000219e-10	0.24893904	-0.04293044	-0.92561114	-2.969663e-17	0	351.18753
3.7090000000002195e-10	0.24878347	-0.042897437	-0.92576385	-2.9698577e-17	0	351.18753
3.71000000000022e-10	0.24862751	-0.042863037	-0.9259166	-2.970054e-17	0	351.18753
3.71100000000022e-10	0.24847111	-0.042827252	-0.9260693	-2.9702504e-17	0	351.18753
3.7120000000002204e-10	0.24831435	-0.042790078	-0.92622197	-2.9704483e-17	0	351.18753
3.713000000000221e-10	0.24815728	-0.04275149	-0.92637455	-2.970646e-17	0	351.18753
3.714000000000221e-10	0.24799985	-0.04271149	-0.9265271	-2.9708443e-17	0	351.18753
3.7150000000002214e-10	0.24784204	-0.04267008	-0.9266795	-2.971043e-17	0	351.18753
3.7160000000002217e-10	0.24768399	-0.042627238	-0.92683196	-2.971242e-17	0	351.18753
3.717000000000222e-10	0.24752562	-0.042582966	-0.92698425	-2.971443e-17	0	351.18753
3.7180000000002223e-10	0.24736233	-0.042552084	-0.92713755	-3.0151792e-17	0	349.1379
3.7190000000002226e-10	0.24719396	-0.04253444	-0.92729187	-3.015382e-17	0	349.1379
3.720000000000223e-10	0.24702504	-0.042515147	-0.9274461	-3.015586e-17	0	349.1379
3.721000000000223e-10	0.24685565	-0.042494208	-0.9276005	-3.0157907e-17	0	349.1379
3.7220000000002235e-10	0.24668576	-0.042471617	-0.9277547	-3.0159938e-17	0	349.1379
3.723000000000224e-10	0.24651542	-0.04244736	-0.9279091	-3.0162003e-17	0	349.1379
3.724000000000224e-10	0.24634466	-0.042421438	-0.9280632	-3.0164054e-17	0	349.1379
3.7250000000002244e-10	0.24617349	-0.04239384	-0.92821753	-3.0166116e-17	0	349.1379
3.7260000000002247e-10	0.2460019	-0.04236456	-0.92837167	-3.0168193e-17	0	349.1379
3.727000000000225e-10	0.24582997	-0.042333603	-0.92852587	-3.0170265e-17	0	349.1379
3.7280000000002254e-10	0.24565768	-0.04230095	-0.92868	-3.0172343e-17	0	349.1379
3.7290000000002257e-10	0.24548504	-0.042266607	-0.9288341	-3.0174437e-17	0	349.1379
3.730000000000226e-10	0.24531211	-0.04223056	-0.9289881	-3.017653e-17	0	349.1379
3.7310000000002263e-10	0.24513894	-0.042192824	-0.9291422	-3.017863e-17	0	349.1379
3.7320000000002266e-10	0.24496546	-0.042153373	-0.92929614	-3.018073e-17	0	349.1379
3.733000000000227e-10	0.24479179	-0.04211222	-0.92945004	-3.0182848e-17	0	349.1379
3.734000000000227e-10	0.24461791	-0.04206935	-0.92960376	-3.0184965e-17	0	349.1379
3.7350000000002275e-10	0.2444438	-0.04202477	-0.92975754	-3.0187086e-17	0	349.1379
3.736000000000228e-10	0.24426955	-0.04197847	-0.9299113	-3.0189217e-17	0	349.1379
3.737000000000228e-10	0.24409516	-0.041930452	-0.9300649	-3.0191345e-17	0	349.1379
3.7380000000002284e-10	0.24392064	-0.04188072	-0.9302184	-3.0193485e-17	0	349.1379
3.7390000000002287e-10	0.24374601	-0.04182926	-0.9303718	-3.0195636e-17	0	349.1379
3.740000000000229e-10	0.2435713	-0.041776083	-0.9305251	-3.0197797e-17	0	349.1379
3.7410000000002293e-10	0.24339657	-0.04172118	-0.9306784	-3.019994e-17	0	349.1379
3.7420000000002296e-10	0.24322179	-0.041664556	-0.9308315	-3.0202108e-17	0	349.1379
3.74300000000023e-10	0.24304701	-0.04160621	-0.9309845	-3.020428e-17	0	349.1379
3.7440000000002303e-10	0.24287221	-0.041546144	-0.93113744	-3.0206446e-17	0	349.1379
3.7450000000002306e-10	0.24269745	-0.041484356	-0.93129027	-3.0208636e-17	0	349.1379
3.746000000000231e-10	0.2425228	-0.041420843	-0.9314429	-3.0210823e-17	0	349.1379
3.747000000000231e-10	0.2423482	-0.04135561	-0.9315955	-3.0213007e-17	0	349.1379
3.7480000000002315e-10	0.24217367	-0.041288666	-0.9317478	-3.0215207e-17	0	349.1379
3.749000000000232e-10	0.24199928	-0.041219994	-0.93190014	-3.0217404e-17	0	349.1379
3.750000000000232e-10	0.24182507	-0.04114962	-0.93205225	-3.021962e-17	0	349.1379
3.7510000000002324e-10	0.241651	-0.04107753	-0.9322041	-3.022183e-17	0	349.1379
3.7520000000002327e-10	0.24147715	-0.041003734	-0.932356	-3.0224048e-17	0	349.1379
3.753000000000233e-10	0.24130349	-0.04092823	-0.93250763	-3.0226275e-17	0	349.1379
3.7540000000002333e-10	0.24113008	-0.040851027	-0.93265915	-3.0228508e-17	0	349.1379
3.7550000000002336e-10	0.2409569	-0.040772125	-0.9328104	-3.023074e-17	0	349.1379
3.756000000000234e-10	0.240784	-0.040691532	-0.9329616	-3.023299e-17	0	349.1379
3.757000000000234e-10	0.24061143	-0.04060924	-0.9331125	-3.023523e-17	0	349.1379
3.7580000000002346e-10	0.24043918	-0.040525272	-0.93326324	-3.023748e-17	0	349.1379
3.759000000000235e-10	0.24026722	-0.040439624	-0.93341386	-3.0239738e-17	0	349.1379
3.760000000000235e-10	0.24009569	-0.0403523	-0.9335642	-3.0242008e-17	0	349.1379
3.7610000000002355e-10	0.23992449	-0.040263303	-0.9337144	-3.0244274e-17	0	349.1379
3.762000000000236e-10	0.23975374	-0.040172648	-0.9338644	-3.0246554e-17	0	349.1379
3.763000000000236e-10	0.2395834	-0.040080335	-0.934014	-3.0248824e-17	0	349.1379
3.7640000000002364e-10	0.23941347	-0.039986372	-0.9341636	-3.0251117e-17	0	349.1379
3.7650000000002367e-10	0.23924407	-0.039890766	-0.9343129	-3.0253406e-17	0	349.1379
3.766000000000237e-10	0.23907512	-0.03979352	-0.93446195	-3.0255696e-17	0	349.1379
3.7670000000002373e-10	0.23890671	-0.039694645	-0.9346108	-3.0257986e-17	0	349.1379
3.7680000000002376e-10	0.23873879	-0.039594147	-0.9347594	-3.0260305e-17	0	349.1379
3.769000000000238e-10	0.23857144	-0.03949204	-0.93490773	-3.0262608e-17	0	349.1379
3.770000000000238e-10	0.23840466	-0.03938832	-0.9350558	-3.026492e-17	0	349.1379
3.7710000000002385e-10	0.23823845	-0.039283004	-0.9352036	-3.0267243e-17	0	349.1379
3.772000000000239e-10	0.23807287	-0.0391761	-0.9353512	-3.0269563e-17	0	349.1379
3.773000000000239e-10	0.23790792	-0.039067615	-0.9354985	-3.0271895e-17	0	349.1379
3.7740000000002395e-10	0.23774359	-0.03895756	-0.9356455	-3.0274228e-17	0	349.1379
3.77500000000024e-10	0.23757994	-0.03884594	-0.9357922	-3.027657e-17	0	349.1379
3.77600000000024e-10	0.23741697	-0.038732775	-0.9359387	-3.0278913e-17	0	349.1379
3.7770000000002404e-10	0.2372547	-0.038618058	-0.93608487	-3.0281266e-17	0	349.1379
3.7780000000002407e-10	0.23709315	-0.038501807	-0.9362308	-3.028362e-17	0	349.1379
3.779000000000241e-10	0.23693232	-0.03838404	-0.93637633	-3.028598e-17	0	349.1379
3.7800000000002413e-10	0.2367723	-0.038264755	-0.93652153	-3.028834e-17	0	349.1379
3.7810000000002416e-10	0.236613	-0.038143974	-0.93666655	-3.029071e-17	0	349.1379
3.782000000000242e-10	0.23645449	-0.0380217	-0.9368111	-3.0293088e-17	0	349.1379
3.783000000000242e-10	0.23629683	-0.037897944	-0.9369554	-3.029546e-17	0	349.1379
3.7840000000002425e-10	0.23613997	-0.037772723	-0.9370994	-3.029783e-17	0	349.1379
3.785000000000243e-10	0.23598397	-0.037646044	-0.937243	-3.0300225e-17	0	349.1379
3.786000000000243e-10	0.23582879	-0.037517924	-0.9373863	-3.0302624e-17	0	349.1379
3.7870000000002435e-10	0.2356745	-0.03738837	-0.9375292	-3.0305016e-17	0	349.1379
3.788000000000244e-10	0.23552111	-0.037257396	-0.9376718	-3.0307408e-17	0	349.1379
3.789000000000244e-10	0.23536864	-0.037125006	-0.93781394	-3.030982e-17	0	349.1379
3.7900000000002444e-10	0.23521705	-0.036991227	-0.93795586	-3.0312225e-17	0	349.1379
3.7910000000002447e-10	0.23506643	-0.036856063	-0.93809736	-3.031464e-17	0	349.1379
3.792000000000245e-10	0.23491678	-0.03671953	-0.9382385	-3.0317056e-17	0	349.1379
3.7930000000002453e-10	0.23476806	-0.036581643	-0.93837917	-3.0319475e-17	0	349.1379
3.7940000000002456e-10	0.23462035	-0.036442406	-0.9385194	-3.0321907e-17	0	349.1379
3.795000000000246e-10	0.23447362	-0.036301844	-0.9386595	-3.0324325e-17	0	349.1379
3.796000000000246e-10	0.2343279	-0.036159962	-0.938799	-3.0326754e-17	0	349.1379
3.7970000000002465e-10	0.2341832	-0.03601678	-0.93893814	-3.0329203e-17	0	349.1379
3.798000000000247e-10	0.23403955	-0.035872303	-0.9390769	-3.0331648e-17	0	349.1379
3.799000000000247e-10	0.23389697	-0.035726555	-0.93921524	-3.0334083e-17	0	349.1379
3.8000000000002474e-10	0.23375542	-0.035579547	-0.9393531	-3.0336538e-17	0	349.1379
3.801000000000248e-10	0.23361497	-0.035431296	-0.9394906	-3.0338986e-17	0	349.1379
3.802000000000248e-10	0.23347563	-0.03528181	-0.93962765	-3.0341438e-17	0	349.1379
3.8030000000002484e-10	0.23333736	-0.035131104	-0.93976426	-3.0343906e-17	0	349.1379
3.8040000000002487e-10	0.23320019	-0.034979194	-0.9399005	-3.0346375e-17	0	349.1379
3.805000000000249e-10	0.23306419	-0.034826104	-0.9400362	-3.0348836e-17	0	349.1379
3.8060000000002493e-10	0.23292932	-0.034671836	-0.9401715	-3.0351315e-17	0	349.1379
3.8070000000002496e-10	0.2327956	-0.034516416	-0.9403063	-3.035379e-17	0	349.1379
3.80800000000025e-10	0.23266304	-0.03435985	-0.94044065	-3.035628e-17	0	349.1379
3.80900000000025e-10	0.23253167	-0.034202155	-0.9405746	-3.0358746e-17	0	349.1379
3.8100000000002505e-10	0.23240146	-0.034043353	-0.94070804	-3.0361244e-17	0	349.1379
3.811000000000251e-10	0.23227246	-0.033883452	-0.94084096	-3.0363732e-17	0	349.1379
3.812000000000251e-10	0.23214467	-0.033722475	-0.94097346	-3.0366227e-17	0	349.1379
3.8130000000002514e-10	0.23201805	-0.033560432	-0.9411054	-3.0368725e-17	0	349.1379
3.8140000000002517e-10	0.23189272	-0.033397343	-0.9412369	-3.037122e-17	0	349.1379
3.815000000000252e-10	0.23176858	-0.033233218	-0.94136786	-3.0373735e-17	0	349.1379
3.8160000000002523e-10	0.2316457	-0.033068083	-0.94149834	-3.037623e-17	0	349.1379
3.8170000000002527e-10	0.23152408	-0.032901946	-0.94162846	-3.037875e-17	0	349.1379
3.818000000000253e-10	0.23139955	-0.032748517	-0.94175875	-3.08048e-17	0	347.17032
3.8190000000002533e-10	0.23127197	-0.032607686	-0.94188964	-3.080734e-17	0	347.17032
3.8200000000002536e-10	0.2311454	-0.03246573	-0.9420201	-3.0809884e-17	0	347.17032
3.821000000000254e-10	0.23101988	-0.032322668	-0.94215006	-3.0812428e-17	0	347.17032
3.822000000000254e-10	0.2308954	-0.032178503	-0.94227946	-3.0814976e-17	0	347.17032
3.8230000000002545e-10	0.23077199	-0.03203326	-0.9424085	-3.0817527e-17	0	347.17032
3.824000000000255e-10	0.23064965	-0.031886958	-0.94253707	-3.0820065e-17	0	347.17032
3.825000000000255e-10	0.23052834	-0.0317396	-0.94266516	-3.082263e-17	0	347.17032
3.8260000000002554e-10	0.23040815	-0.03159121	-0.9427928	-3.082519e-17	0	347.17032
3.8270000000002557e-10	0.23028904	-0.0314418	-0.94291985	-3.082775e-17	0	347.17032
3.828000000000256e-10	0.23017105	-0.031291384	-0.94304657	-3.0830325e-17	0	347.17032
3.8290000000002563e-10	0.23005414	-0.031139987	-0.94317263	-3.0832886e-17	0	347.17032
3.8300000000002566e-10	0.22993837	-0.03098761	-0.94329816	-3.0835454e-17	0	347.17032
3.831000000000257e-10	0.22982374	-0.030834276	-0.9434233	-3.083803e-17	0	347.17032
3.832000000000257e-10	0.22971022	-0.030680005	-0.94354796	-3.084061e-17	0	347.17032
3.8330000000002576e-10	0.22959782	-0.030524807	-0.94367206	-3.0843183e-17	0	347.17032
3.834000000000258e-10	0.22948658	-0.030368699	-0.9437957	-3.0845757e-17	0	347.17032
3.835000000000258e-10	0.22937654	-0.030211695	-0.94391876	-3.0848348e-17	0	347.17032
3.8360000000002585e-10	0.22926763	-0.030053813	-0.94404125	-3.085093e-17	0	347.17032
3.837000000000259e-10	0.22915989	-0.02989507	-0.9441632	-3.0853523e-17	0	347.17032
3.838000000000259e-10	0.22905332	-0.02973548	-0.9442847	-3.0856117e-17	0	347.17032
3.8390000000002594e-10	0.22894792	-0.029575061	-0.9444057	-3.0858697e-17	0	347.17032
3.8400000000002597e-10	0.22884369	-0.029413827	-0.9445261	-3.0861295e-17	0	347.17032
3.84100000000026e-10	0.22874068	-0.029251797	-0.944646	-3.086389e-17	0	347.17032
3.8420000000002603e-10	0.22863886	-0.029088981	-0.9447652	-3.0866483e-17	0	347.17032
3.8430000000002606e-10	0.22853823	-0.0289254	-0.94488394	-3.0869077e-17	0	347.17032
3.844000000000261e-10	0.2284388	-0.028761074	-0.9450022	-3.0871677e-17	0	347.17032
3.845000000000261e-10	0.22834057	-0.02859601	-0.94511986	-3.0874285e-17	0	347.17032
3.8460000000002615e-10	0.22824356	-0.02843023	-0.9452369	-3.0876885e-17	0	347.17032
3.847000000000262e-10	0.22814776	-0.028263748	-0.94535345	-3.087949e-17	0	347.17032
3.848000000000262e-10	0.22805318	-0.028096583	-0.9454694	-3.0882103e-17	0	347.17032
3.8490000000002625e-10	0.2279598	-0.027928747	-0.94558483	-3.0884707e-17	0	347.17032
3.850000000000263e-10	0.22786771	-0.02776026	-0.9456996	-3.088732e-17	0	347.17032
3.851000000000263e-10	0.22777678	-0.027591133	-0.9458139	-3.0889935e-17	0	347.17032
3.8520000000002634e-10	0.2276871	-0.027421385	-0.94592756	-3.0892546e-17	0	347.17032
3.8530000000002637e-10	0.22759862	-0.027251035	-0.9460406	-3.0895143e-17	0	347.17032
3.854000000000264e-10	0.22751142	-0.027080093	-0.94615316	-3.089776e-17	0	347.17032
3.8550000000002643e-10	0.22742543	-0.02690858	-0.94626504	-3.090039e-17	0	347.17032
3.8560000000002646e-10	0.22734065	-0.026736507	-0.94637644	-3.0902995e-17	0	347.17032
3.857000000000265e-10	0.22725715	-0.026563896	-0.9464871	-3.0905605e-17	0	347.17032
3.858000000000265e-10	0.22717485	-0.026390756	-0.9465972	-3.0908232e-17	0	347.17032
3.8590000000002655e-10	0.22709382	-0.026217105	-0.9467069	-3.091084e-17	0	347.17032
3.860000000000266e-10	0.227014	-0.02604296	-0.9468159	-3.091347e-17	0	347.17032
3.861000000000266e-10	0.22693543	-0.025868336	-0.9469243	-3.0916084e-17	0	347.17032
3.8620000000002665e-10	0.2268581	-0.025693245	-0.9470321	-3.0918708e-17	0	347.17032
3.863000000000267e-10	0.22678196	-0.02551771	-0.9471393	-3.092132e-17	0	347.17032
3.864000000000267e-10	0.22670712	-0.025341736	-0.94724596	-3.0923945e-17	0	347.17032
3.8650000000002674e-10	0.22663347	-0.025165346	-0.9473519	-3.0926563e-17	0	347.17032
3.8660000000002677e-10	0.22656107	-0.024988554	-0.94745725	-3.0929183e-17	0	347.17032
3.867000000000268e-10	0.2264899	-0.024811368	-0.94756204	-3.0931804e-17	0	347.17032
3.8680000000002683e-10	0.22641996	-0.024633814	-0.9476662	-3.0934424e-17	0	347.17032
3.8690000000002686e-10	0.22635125	-0.024455896	-0.9477698	-3.093705e-17	0	347.17032
3.870000000000269e-10	0.22628376	-0.024277631	-0.9478729	-3.0939672e-17	0	347.17032
3.871000000000269e-10	0.2262175	-0.024099043	-0.9479753	-3.0942276e-17	0	347.17032
3.8720000000002695e-10	0.22615246	-0.023920132	-0.94807696	-3.0944903e-17	0	347.17032
3.87300000000027e-10	0.22608867	-0.023740921	-0.9481782	-3.094753e-17	0	347.17032
3.87400000000027e-10	0.22602604	-0.02356142	-0.9482787	-3.0950137e-17	0	347.17032
3.8750000000002704e-10	0.22596467	-0.023381643	-0.94837874	-3.0952764e-17	0	347.17032
3.876000000000271e-10	0.22590451	-0.023201605	-0.94847804	-3.0955385e-17	0	347.17032
3.877000000000271e-10	0.22584552	-0.023021322	-0.9485768	-3.0958e-17	0	347.17032
3.8780000000002714e-10	0.22578776	-0.022840802	-0.948675	-3.096062e-17	0	347.17032
3.8790000000002717e-10	0.2257312	-0.022660058	-0.94877255	-3.0963236e-17	0	347.17032
3.880000000000272e-10	0.22567582	-0.02247911	-0.9488695	-3.0965844e-17	0	347.17032
3.8810000000002723e-10	0.22562164	-0.022297964	-0.94896585	-3.0968468e-17	0	347.17032
3.8820000000002726e-10	0.22556865	-0.022116635	-0.9490615	-3.097107e-17	0	347.17032
3.883000000000273e-10	0.22551689	-0.021935135	-0.9491567	-3.0973692e-17	0	347.17032
3.884000000000273e-10	0.22546624	-0.021753475	-0.9492512	-3.0976313e-17	0	347.17032
3.8850000000002735e-10	0.22541678	-0.02157167	-0.9493452	-3.0978907e-17	0	347.17032
3.886000000000274e-10	0.2253685	-0.02138973	-0.94943845	-3.0981524e-17	0	347.17032
3.887000000000274e-10	0.22532138	-0.021207668	-0.9495312	-3.0984128e-17	0	347.17032
3.8880000000002744e-10	0.22527546	-0.021025497	-0.94962335	-3.098674e-17	0	347.17032
3.8890000000002747e-10	0.22523068	-0.02084322	-0.94971484	-3.0989346e-17	0	347.17032
3.890000000000275e-10	0.22518702	-0.020660859	-0.9498058	-3.0991953e-17	0	347.17032
3.8910000000002754e-10	0.22514454	-0.020478416	-0.9498961	-3.099455e-17	0	347.17032
3.8920000000002757e-10	0.22510318	-0.020295909	-0.9499858	-3.099716e-17	0	347.17032
3.893000000000276e-10	0.22506297	-0.020113343	-0.9500749	-3.0999765e-17	0	347.17032
3.8940000000002763e-10	0.22502387	-0.019930732	-0.95016336	-3.100236e-17	0	347.17032
3.8950000000002766e-10	0.2249859	-0.019748084	-0.95025134	-3.1004956e-17	0	347.17032
3.896000000000277e-10	0.22494905	-0.01956541	-0.9503387	-3.1007553e-17	0	347.17032
3.897000000000277e-10	0.22491333	-0.019382719	-0.9504255	-3.1010148e-17	0	347.17032
3.8980000000002775e-10	0.22487868	-0.019200021	-0.9505116	-3.1012738e-17	0	347.17032
3.899000000000278e-10	0.22484519	-0.019017328	-0.95059717	-3.101534e-17	0	347.17032
3.900000000000278e-10	0.22481276	-0.018834643	-0.95068216	-3.1017923e-17	0	347.17032
3.9010000000002784e-10	0.22478142	-0.01865198	-0.95076656	-3.102051e-17	0	347.17032
3.9020000000002787e-10	0.22475116	-0.018469347	-0.95085037	-3.10231e-17	0	347.17032
3.903000000000279e-10	0.224722	-0.01828675	-0.9509336	-3.1025672e-17	0	347.17032
3.9040000000002793e-10	0.22469391	-0.018104203	-0.9510161	-3.1028263e-17	0	347.17032
3.9050000000002796e-10	0.22466685	-0.017921707	-0.95109826	-3.1030847e-17	0	347.17032
3.90600000000028e-10	0.2246409	-0.017739274	-0.95117974	-3.103343e-17	0	347.17032
3.9070000000002803e-10	0.22461598	-0.017556911	-0.9512607	-3.1036e-17	0	347.17032
3.9080000000002806e-10	0.2245921	-0.017374627	-0.951341	-3.1038576e-17	0	347.17032
3.909000000000281e-10	0.22456929	-0.017192427	-0.9514207	-3.1041147e-17	0	347.17032
3.910000000000281e-10	0.2245475	-0.01701032	-0.95149994	-3.1043718e-17	0	347.17032
3.9110000000002815e-10	0.22452675	-0.01682831	-0.95157856	-3.104629e-17	0	347.17032
3.912000000000282e-10	0.22450702	-0.016646411	-0.9516566	-3.104885e-17	0	347.17032
3.913000000000282e-10	0.2244883	-0.01646462	-0.95173407	-3.1051417e-17	0	347.17032
3.9140000000002824e-10	0.22447062	-0.016282951	-0.9518111	-3.105398e-17	0	347.17032
3.9150000000002827e-10	0.22445393	-0.01610141	-0.9518873	-3.1056542e-17	0	347.17032
3.916000000000283e-10	0.22443824	-0.015919998	-0.95196307	-3.10591e-17	0	347.17032
3.9170000000002833e-10	0.22442356	-0.015738728	-0.9520384	-3.1061664e-17	0	347.17032
3.9180000000002836e-10	0.22440648	-0.015570711	-0.95211387	-3.1475003e-17	0	345.28156
3.919000000000284e-10	0.22438683	-0.015415855	-0.9521897	-3.1477577e-17	0	345.28156
3.920000000000284e-10	0.22436792	-0.015261009	-0.95226514	-3.1480155e-17	0	345.28156
3.9210000000002846e-10	0.22434972	-0.01510618	-0.95233995	-3.148272e-17	0	345.28156
3.922000000000285e-10	0.22433227	-0.014951367	-0.9524144	-3.1485287e-17	0	345.28156
3.923000000000285e-10	0.22431554	-0.014796577	-0.9524882	-3.1487858e-17	0	345.28156
3.9240000000002855e-10	0.22429954	-0.014641812	-0.9525616	-3.1490422e-17	0	345.28156
3.925000000000286e-10	0.22428425	-0.014487073	-0.9526347	-3.149299e-17	0	345.28156
3.926000000000286e-10	0.22426967	-0.014332365	-0.95270705	-3.149554e-17	0	345.28156
3.9270000000002864e-10	0.2242558	-0.014177687	-0.95277905	-3.14981e-17	0	345.28156
3.9280000000002867e-10	0.22424266	-0.014023047	-0.9528506	-3.150066e-17	0	345.28156
3.929000000000287e-10	0.22423021	-0.013868444	-0.9529216	-3.1503203e-17	0	345.28156
3.9300000000002873e-10	0.22421849	-0.013713879	-0.9529922	-3.150575e-17	0	345.28156
3.9310000000002876e-10	0.22420743	-0.013559354	-0.95306236	-3.150831e-17	0	345.28156
3.932000000000288e-10	0.2241971	-0.013404874	-0.9531319	-3.1510856e-17	0	345.28156
3.933000000000288e-10	0.22418746	-0.013250441	-0.95320106	-3.1513388e-17	0	345.28156
3.9340000000002885e-10	0.22417854	-0.013096055	-0.9532698	-3.151595e-17	0	345.28156
3.935000000000289e-10	0.22417028	-0.01294172	-0.9533379	-3.151848e-17	0	345.28156
3.936000000000289e-10	0.22416273	-0.012787434	-0.9534057	-3.152102e-17	0	345.28156
3.9370000000002895e-10	0.22415587	-0.012633202	-0.9534731	-3.1523562e-17	0	345.28156
3.93800000000029e-10	0.22414967	-0.012479025	-0.9535399	-3.1526106e-17	0	345.28156
3.93900000000029e-10	0.22414419	-0.012324904	-0.9536063	-3.1528624e-17	0	345.28156
3.9400000000002904e-10	0.2241394	-0.012170841	-0.9536722	-3.1531152e-17	0	345.28156
3.9410000000002907e-10	0.22413526	-0.012016837	-0.95373774	-3.153368e-17	0	345.28156
3.942000000000291e-10	0.22413182	-0.011862894	-0.9538026	-3.1536208e-17	0	345.28156
3.9430000000002913e-10	0.22412908	-0.011709013	-0.95386726	-3.1538732e-17	0	345.28156
3.9440000000002916e-10	0.224127	-0.011555197	-0.95393145	-3.1541257e-17	0	345.28156
3.945000000000292e-10	0.22412561	-0.011401444	-0.9539951	-3.154378e-17	0	345.28156
3.946000000000292e-10	0.2241249	-0.011247758	-0.9540583	-3.1546296e-17	0	345.28156
3.9470000000002925e-10	0.22412486	-0.01109414	-0.95412105	-3.154881e-17	0	345.28156
3.948000000000293e-10	0.2241255	-0.010940591	-0.95418334	-3.1551322e-17	0	345.28156
3.949000000000293e-10	0.22412683	-0.010787111	-0.95424527	-3.155384e-17	0	345.28156
3.9500000000002935e-10	0.22412884	-0.010633704	-0.95430684	-3.1556348e-17	0	345.28156
3.951000000000294e-10	0.22413151	-0.0104803685	-0.9543678	-3.155886e-17	0	345.28156
3.952000000000294e-10	0.22413486	-0.010327108	-0.95442843	-3.1561367e-17	0	345.28156
3.9530000000002944e-10	0.2241389	-0.010173922	-0.9544886	-3.1563875e-17	0	345.28156
3.9540000000002947e-10	0.22414362	-0.010020814	-0.95454836	-3.156637e-17	0	345.28156
3.955000000000295e-10	0.224149	-0.009867783	-0.9546076	-3.1568878e-17	0	345.28156
3.9560000000002953e-10	0.2241551	-0.009714831	-0.95466644	-3.1571383e-17	0	345.28156
3.9570000000002956e-10	0.22416185	-0.009561958	-0.9547249	-3.157387e-17	0	345.28156
3.958000000000296e-10	0.22416931	-0.009409169	-0.95478296	-3.1576376e-17	0	345.28156
3.959000000000296e-10	0.2241774	-0.009256463	-0.95484054	-3.1578877e-17	0	345.28156
3.9600000000002965e-10	0.22418624	-0.009103842	-0.95489764	-3.158136e-17	0	345.28156
3.961000000000297e-10	0.22419573	-0.008951306	-0.95495445	-3.158386e-17	0	345.28156
3.962000000000297e-10	0.22420591	-0.008798858	-0.9550108	-3.1586345e-17	0	345.28156
3.9630000000002974e-10	0.22421679	-0.008646499	-0.9550668	-3.1588836e-17	0	345.28156
3.964000000000298e-10	0.22422834	-0.008494231	-0.95512223	-3.1591325e-17	0	345.28156
3.965000000000298e-10	0.22424059	-0.0083420575	-0.9551773	-3.1593816e-17	0	345.28156
3.9660000000002984e-10	0.2242535	-0.008189977	-0.955232	-3.15963e-17	0	345.28156
3.9670000000002987e-10	0.22426718	-0.008037993	-0.9552863	-3.1598792e-17	0	345.28156
3.968000000000299e-10	0.22428152	-0.007886106	-0.95534015	-3.1601264e-17	0	345.28156
3.9690000000002993e-10	0.22429654	-0.00773432	-0.9553937	-3.160375e-17	0	345.28156
3.9700000000002996e-10	0.22431229	-0.0075826347	-0.95544684	-3.160623e-17	0	345.28156
3.9710000000003e-10	0.22432874	-0.0074310536	-0.9554995	-3.1608712e-17	0	345.28156
3.9720000000003e-10	0.22434588	-0.0072795795	-0.9555517	-3.1611193e-17	0	345.28156
3.9730000000003005e-10	0.22436374	-0.0071282135	-0.9556036	-3.1613675e-17	0	345.28156
3.974000000000301e-10	0.22438233	-0.006976958	-0.95565504	-3.1616153e-17	0	345.28156
3.975000000000301e-10	0.22440161	-0.006825816	-0.9557061	-3.1618615e-17	0	345.28156
3.9760000000003014e-10	0.2244216	-0.00667479	-0.9557568	-3.162109e-17	0	345.28156
3.9770000000003017e-10	0.22444233	-0.006523881	-0.9558071	-3.162357e-17	0	345.28156
3.978000000000302e-10	0.22446378	-0.0063730944	-0.9558571	-3.1626033e-17	0	345.28156
3.9790000000003023e-10	0.22448593	-0.0062224315	-0.9559065	-3.162851e-17	0	345.28156
3.9800000000003027e-10	0.22450885	-0.0060718944	-0.95595574	-3.163098e-17	0	345.28156
3.981000000000303e-10	0.22453247	-0.005921489	-0.9560045	-3.1633448e-17	0	345.28156
3.9820000000003033e-10	0.22455685	-0.0057712155	-0.9560528	-3.1635923e-17	0	345.28156
3.9830000000003036e-10	0.22458193	-0.0056210775	-0.9561009	-3.1638385e-17	0	345.28156
3.984000000000304e-10	0.22460778	-0.005471081	-0.9561485	-3.1640853e-17	0	345.28156
3.985000000000304e-10	0.22463436	-0.0053212256	-0.9561957	-3.164332e-17	0	345.28156
3.9860000000003045e-10	0.22466168	-0.0051715183	-0.9562425	-3.1645786e-17	0	345.28156
3.987000000000305e-10	0.2246898	-0.005021961	-0.956289	-3.1648248e-17	0	345.28156
3.988000000000305e-10	0.22471863	-0.0048725577	-0.9563351	-3.1650716e-17	0	345.28156
3.9890000000003054e-10	0.22474822	-0.0047233137	-0.95638096	-3.1653175e-17	0	345.28156
3.9900000000003057e-10	0.22477858	-0.004574232	-0.9564264	-3.1655636e-17	0	345.28156
3.991000000000306e-10	0.2248097	-0.0044253157	-0.9564714	-3.1658095e-17	0	345.28156
3.9920000000003063e-10	0.22484161	-0.004276571	-0.956516	-3.166056e-17	0	345.28156
3.9930000000003066e-10	0.22487427	-0.004128001	-0.9565604	-3.166302e-17	0	345.28156
3.994000000000307e-10	0.22490771	-0.0039796117	-0.95660424	-3.166549e-17	0	345.28156
3.995000000000307e-10	0.22494194	-0.0038314068	-0.9566478	-3.166795e-17	0	345.28156
3.9960000000003076e-10	0.22497693	-0.0036833924	-0.9566911	-3.16704e-17	0	345.28156
3.997000000000308e-10	0.22501272	-0.003535571	-0.95673394	-3.167286e-17	0	345.28156
3.998000000000308e-10	0.22504929	-0.0033879513	-0.95677644	-3.1675317e-17	0	345.28156
3.9990000000003085e-10	0.2250867	-0.0032405364	-0.95681864	-3.1677778e-17	0	345.28156
4.000000000000309e-10	0.22512484	-0.0030933316	-0.9568605	-3.1680237e-17	0	345.28156
4.001000000000309e-10	0.22516377	-0.0029463433	-0.9569019	-3.1682698e-17	0	345.28156
4.0020000000003094e-10	0.22520357	-0.0027995757	-0.956943	-3.1685153e-17	0	345.28156
4.0030000000003097e-10	0.22524413	-0.0026530365	-0.9569837	-3.1687605e-17	0	345.28156
4.00400000000031e-10	0.22528556	-0.002506731	-0.95702416	-3.1690073e-17	0	345.28156
4.0050000000003103e-10	0.22532773	-0.0023606645	-0.9570642	-3.1692522e-17	0	345.28156
4.0060000000003106e-10	0.22537073	-0.0022148439	-0.95710397	-3.169499e-17	0	345.28156
4.007000000000311e-10	0.22541457	-0.0020692758	-0.95714337	-3.1697445e-17	0	345.28156
4.008000000000311e-10	0.22545922	-0.0019239665	-0.9571824	-3.169989e-17	0	345.28156
4.0090000000003115e-10	0.22550473	-0.0017789227	-0.95722115	-3.1702352e-17	0	345.28156
4.010000000000312e-10	0.22555104	-0.0016341518	-0.95725954	-3.1704804e-17	0	345.28156
4.011000000000312e-10	0.22559817	-0.0014896591	-0.9572976	-3.1707262e-17	0	345.28156
4.0120000000003125e-10	0.22564614	-0.0013454522	-0.9573353	-3.1709724e-17	0	345.28156
4.013000000000313e-10	0.22569494	-0.0012015384	-0.95737267	-3.171218e-17	0	345.28156
4.014000000000313e-10	0.2257446	-0.0010579258	-0.9574098	-3.1714637e-17	0	345.28156
4.0150000000003134e-10	0.2257951	-0.0009146208	-0.9574466	-3.171709e-17	0	345.28156
4.0160000000003137e-10	0.22584645	-0.0007716319	-0.95748293	-3.1719548e-17	0	345.28156
4.017000000000314e-10	0.22589862	-0.0006289657	-0.957519	-3.1721993e-17	0	345.28156
4.0180000000003143e-10	0.22594889	-0.00049937377	-0.95755553	-3.2121617e-17	0	343.4684
4.0190000000003146e-10	0.225997	-0.0003827741	-0.9575927	-3.21241e-17	0	343.4684
4.020000000000315e-10	0.22604576	-0.0002663983	-0.9576295	-3.2126573e-17	0	343.4684
4.021000000000315e-10	0.22609513	-0.00015025219	-0.9576662	-3.2129058e-17	0	343.4684
4.0220000000003155e-10	0.22614509	-3.4343044e-05	-0.9577026	-3.2131536e-17	0	343.4684
4.023000000000316e-10	0.22619568	8.132338e-05	-0.95773864	-3.2134018e-17	0	343.4684
4.024000000000316e-10	0.22624691	0.00019673991	-0.9577744	-3.2136506e-17	0	343.4684
4.0250000000003165e-10	0.22629876	0.00031190054	-0.95781004	-3.2138994e-17	0	343.4684
4.026000000000317e-10	0.22635126	0.0004267984	-0.95784545	-3.2141473e-17	0	343.4684
4.027000000000317e-10	0.2264044	0.00054142706	-0.9578805	-3.2143947e-17	0	343.4684
4.0280000000003174e-10	0.22645816	0.00065577857	-0.9579153	-3.2146432e-17	0	343.4684
4.0290000000003177e-10	0.22651258	0.000769846	-0.95794994	-3.2148917e-17	0	343.4684
4.030000000000318e-10	0.22656764	0.00088362186	-0.9579843	-3.2151392e-17	0	343.4684
4.0310000000003183e-10	0.22662336	0.0009970991	-0.9580184	-3.2153877e-17	0	343.4684
4.0320000000003186e-10	0.22667973	0.0011102707	-0.9580523	-3.215636e-17	0	343.4684
4.033000000000319e-10	0.22673674	0.001223128	-0.9580859	-3.2158833e-17	0	343.4684
4.034000000000319e-10	0.2267944	0.0013356642	-0.9581193	-3.216132e-17	0	343.4684
4.0350000000003195e-10	0.22685274	0.0014478711	-0.9581523	-3.2163813e-17	0	343.4684
4.03600000000032e-10	0.22691171	0.0015597398	-0.9581852	-3.2166285e-17	0	343.4684
4.03700000000032e-10	0.22697137	0.0016712637	-0.9582178	-3.2168773e-17	0	343.4684
4.0380000000003204e-10	0.2270317	0.0017824334	-0.95825016	-3.2171248e-17	0	343.4684
4.039000000000321e-10	0.22709267	0.0018932417	-0.95828235	-3.2173733e-17	0	343.4684
4.040000000000321e-10	0.22715431	0.0020036795	-0.95831424	-3.2176217e-17	0	343.4684
4.0410000000003214e-10	0.22721665	0.0021137386	-0.95834595	-3.217869e-17	0	343.4684
4.0420000000003217e-10	0.2272796	0.0022234106	-0.9583773	-3.218117e-17	0	343.4684
4.043000000000322e-10	0.22734328	0.0023326871	-0.9584085	-3.2183655e-17	0	343.4684
4.0440000000003223e-10	0.22740757	0.0024415595	-0.9584395	-3.2186147e-17	0	343.4684
4.0450000000003226e-10	0.22747257	0.002550019	-0.95847017	-3.2188622e-17	0	343.4684
4.046000000000323e-10	0.22753821	0.0026580563	-0.95850056	-3.219111e-17	0	343.4684
4.047000000000323e-10	0.22760455	0.0027656632	-0.95853084	-3.2193598e-17	0	343.4684
4.0480000000003235e-10	0.22767155	0.0028728303	-0.95856076	-3.219607e-17	0	343.4684
4.049000000000324e-10	0.22773921	0.0029795493	-0.9585905	-3.2198555e-17	0	343.4684
4.050000000000324e-10	0.22780755	0.0030858112	-0.9586202	-3.220104e-17	0	343.4684
4.0510000000003244e-10	0.22787656	0.003191607	-0.9586494	-3.2203524e-17	0	343.4684
4.0520000000003247e-10	0.2279462	0.003296927	-0.9586784	-3.2206e-17	0	343.4684
4.053000000000325e-10	0.22801656	0.0034017628	-0.9587073	-3.2208477e-17	0	343.4684
4.0540000000003254e-10	0.22808753	0.0035061054	-0.9587358	-3.221096e-17	0	343.4684
4.0550000000003257e-10	0.22815919	0.0036099462	-0.95876414	-3.221344e-17	0	343.4684
4.056000000000326e-10	0.2282315	0.0037132744	-0.95879227	-3.221592e-17	0	343.4684
4.0570000000003263e-10	0.2283045	0.0038160824	-0.95882004	-3.2218414e-17	0	343.4684
4.0580000000003266e-10	0.22837812	0.003918361	-0.95884776	-3.2220895e-17	0	343.4684
4.059000000000327e-10	0.2284524	0.0040201005	-0.9588752	-3.222337e-17	0	343.4684
4.060000000000327e-10	0.22852734	0.0041212924	-0.95890236	-3.2225855e-17	0	343.4684
4.0610000000003275e-10	0.22860293	0.0042219264	-0.9589293	-3.222833e-17	0	343.4684
4.062000000000328e-10	0.22867914	0.0043219947	-0.95895594	-3.2230815e-17	0	343.4684
4.063000000000328e-10	0.228756	0.004421488	-0.9589824	-3.22333e-17	0	343.4684
4.0640000000003284e-10	0.22883353	0.0045203976	-0.95900875	-3.223577e-17	0	343.4684
4.0650000000003287e-10	0.22891165	0.0046187136	-0.9590348	-3.2238263e-17	0	343.4684
4.066000000000329e-10	0.22899044	0.004716428	-0.9590605	-3.2240737e-17	0	343.4684
4.0670000000003293e-10	0.22906981	0.0048135314	-0.959086	-3.224322e-17	0	343.4684
4.0680000000003296e-10	0.22914985	0.004910014	-0.95911133	-3.2245694e-17	0	343.4684
4.06900000000033e-10	0.22923046	0.005005869	-0.9591364	-3.2248176e-17	0	343.4684
4.0700000000003303e-10	0.22931172	0.0051010866	-0.95916134	-3.225065e-17	0	343.4684
4.0710000000003306e-10	0.22939357	0.0051956577	-0.95918596	-3.2253142e-17	0	343.4684
4.072000000000331e-10	0.22947603	0.0052895746	-0.9592104	-3.225561e-17	0	343.4684
4.073000000000331e-10	0.22955908	0.0053828275	-0.95923454	-3.225809e-17	0	343.4684
4.0740000000003315e-10	0.22964272	0.005475409	-0.9592586	-3.226057e-17	0	343.4684
4.075000000000332e-10	0.22972694	0.00556731	-0.9592823	-3.2263038e-17	0	343.4684
4.076000000000332e-10	0.22981176	0.0056585222	-0.95930576	-3.2265517e-17	0	343.4684
4.0770000000003324e-10	0.22989716	0.0057490384	-0.959329	-3.2268e-17	0	343.4684
4.0780000000003327e-10	0.22998309	0.0058388496	-0.9593521	-3.2270473e-17	0	343.4684
4.079000000000333e-10	0.23006962	0.0059279483	-0.9593749	-3.2272955e-17	0	343.4684
4.0800000000003333e-10	0.23015667	0.0060163243	-0.95939755	-3.227543e-17	0	343.4684
4.0810000000003336e-10	0.23024431	0.0061039724	-0.95941985	-3.2277898e-17	0	343.4684
4.082000000000334e-10	0.23033243	0.006190883	-0.959442	-3.2280373e-17	0	343.4684
4.083000000000334e-10	0.23042114	0.00627705	-0.9594639	-3.2282858e-17	0	343.4684
4.0840000000003346e-10	0.23051035	0.006362465	-0.9594856	-3.2285326e-17	0	343.4684
4.085000000000335e-10	0.23060009	0.0064471196	-0.9595071	-3.2287794e-17	0	343.4684
4.086000000000335e-10	0.23069035	0.0065310085	-0.9595283	-3.229027e-17	0	343.4684
4.0870000000003355e-10	0.23078108	0.0066141235	-0.9595493	-3.2292734e-17	0	343.4684
4.088000000000336e-10	0.23087235	0.0066964566	-0.9595701	-3.2295212e-17	0	343.4684
4.089000000000336e-10	0.23096406	0.006778002	-0.9595907	-3.2297687e-17	0	343.4684
4.0900000000003364e-10	0.23105627	0.0068587526	-0.95961106	-3.2300152e-17	0	343.4684
4.0910000000003367e-10	0.23114896	0.0069387015	-0.9596311	-3.230262e-17	0	343.4684
4.092000000000337e-10	0.2312421	0.0070178425	-0.959651	-3.2305095e-17	0	343.4684
4.0930000000003373e-10	0.2313357	0.0070961686	-0.9596707	-3.2307557e-17	0	343.4684
4.0940000000003376e-10	0.23142974	0.007173674	-0.9596902	-3.2310025e-17	0	343.4684
4.095000000000338e-10	0.23152421	0.007250352	-0.95970935	-3.2312494e-17	0	343.4684
4.096000000000338e-10	0.23161913	0.0073261973	-0.9597284	-3.231497e-17	0	343.4684
4.0970000000003385e-10	0.23171443	0.007401203	-0.95974725	-3.2317427e-17	0	343.4684
4.098000000000339e-10	0.23181017	0.0074753645	-0.9597658	-3.2319895e-17	0	343.4684
4.099000000000339e-10	0.2319063	0.007548676	-0.9597842	-3.232235e-17	0	343.4684
4.1000000000003395e-10	0.2320028	0.007621131	-0.9598024	-3.2324812e-17	0	343.4684
4.10100000000034e-10	0.23209968	0.007692725	-0.9598203	-3.232728e-17	0	343.4684
4.10200000000034e-10	0.23219697	0.007763453	-0.959838	-3.2329742e-17	0	343.4684
4.1030000000003404e-10	0.23229459	0.0078333095	-0.9598555	-3.2332204e-17	0	343.4684
4.1040000000003407e-10	0.23239255	0.007902292	-0.9598727	-3.2334662e-17	0	343.4684
4.105000000000341e-10	0.23249085	0.007970393	-0.95988977	-3.2337117e-17	0	343.4684
4.1060000000003413e-10	0.23258948	0.008037608	-0.9599066	-3.233958e-17	0	343.4684
4.1070000000003416e-10	0.23268843	0.008103933	-0.95992327	-3.2342034e-17	0	343.4684
4.108000000000342e-10	0.23278771	0.008169367	-0.95993966	-3.2344496e-17	0	343.4684
4.109000000000342e-10	0.23288727	0.008233902	-0.9599559	-3.2346954e-17	0	343.4684
4.1100000000003425e-10	0.2329871	0.0082975365	-0.9599719	-3.2349406e-17	0	343.4684
4.111000000000343e-10	0.23308723	0.008360267	-0.9599877	-3.2351858e-17	0	343.4684
4.112000000000343e-10	0.23318762	0.008422088	-0.96000326	-3.2354316e-17	0	343.4684
4.1130000000003434e-10	0.23328826	0.008482996	-0.96001863	-3.2356758e-17	0	343.4684
4.114000000000344e-10	0.23338914	0.008542991	-0.9600339	-3.2359216e-17	0	343.4684
4.115000000000344e-10	0.23349024	0.008602068	-0.96004874	-3.2361678e-17	0	343.4684
4.1160000000003444e-10	0.2335916	0.008660223	-0.9600635	-3.2364116e-17	0	343.4684
4.1170000000003447e-10	0.23369314	0.008717457	-0.9600781	-3.2366568e-17	0	343.4684
4.118000000000345e-10	0.2337925	0.008761099	-0.9600933	-3.2752508e-17	0	341.72784
4.1190000000003453e-10	0.23388949	0.008791226	-0.9601091	-3.275499e-17	0	341.72784
4.1200000000003456e-10	0.23398641	0.008820528	-0.9601248	-3.2757467e-17	0	341.72784
4.121000000000346e-10	0.23408324	0.008849004	-0.96014035	-3.2759936e-17	0	341.72784
4.122000000000346e-10	0.23417996	0.00887666	-0.9601557	-3.276241e-17	0	341.72784
4.1230000000003465e-10	0.2342766	0.00890349	-0.96017104	-3.276488e-17	0	341.72784
4.124000000000347e-10	0.23437308	0.0089295	-0.9601862	-3.2767347e-17	0	341.72784
4.125000000000347e-10	0.23446947	0.008954689	-0.9602012	-3.2769825e-17	0	341.72784
4.1260000000003474e-10	0.23456569	0.008979058	-0.96021605	-3.277229e-17	0	341.72784
4.127000000000348e-10	0.23466177	0.009002609	-0.9602308	-3.277475e-17	0	341.72784
4.128000000000348e-10	0.23475769	0.009025344	-0.9602455	-3.277722e-17	0	341.72784
4.1290000000003484e-10	0.23485348	0.009047264	-0.9602599	-3.2779685e-17	0	341.72784
4.1300000000003487e-10	0.23494905	0.00906837	-0.9602744	-3.2782144e-17	0	341.72784
4.131000000000349e-10	0.23504446	0.009088667	-0.9602885	-3.278461e-17	0	341.72784
4.1320000000003493e-10	0.23513967	0.009108155	-0.96030265	-3.2787067e-17	0	341.72784
4.1330000000003496e-10	0.23523468	0.009126838	-0.9603167	-3.2789516e-17	0	341.72784
4.13400000000035e-10	0.23532945	0.009144716	-0.96033055	-3.279197e-17	0	341.72784
4.13500000000035e-10	0.23542401	0.009161795	-0.9603442	-3.2794422e-17	0	341.72784
4.1360000000003505e-10	0.2355183	0.009178074	-0.9603579	-3.279687e-17	0	341.72784
4.137000000000351e-10	0.23561239	0.00919356	-0.96037143	-3.2799323e-17	0	341.72784
4.138000000000351e-10	0.23570621	0.0092082545	-0.9603848	-3.280177e-17	0	341.72784
4.1390000000003514e-10	0.23579976	0.009222161	-0.9603981	-3.2804226e-17	0	341.72784
4.1400000000003517e-10	0.23589304	0.009235283	-0.96041125	-3.2806665e-17	0	341.72784
4.141000000000352e-10	0.23598604	0.009247625	-0.96042424	-3.28091e-17	0	341.72784
4.1420000000003523e-10	0.23607874	0.0092591895	-0.9604372	-3.2811552e-17	0	341.72784
4.1430000000003527e-10	0.23617114	0.009269983	-0.96045	-3.281399e-17	0	341.72784
4.144000000000353e-10	0.23626322	0.009280007	-0.9604627	-3.2816415e-17	0	341.72784
4.1450000000003533e-10	0.23635498	0.0092892675	-0.9604753	-3.2818854e-17	0	341.72784
4.1460000000003536e-10	0.2364464	0.0092977695	-0.96048784	-3.2821286e-17	0	341.72784
4.147000000000354e-10	0.23653746	0.009305518	-0.9605001	-3.282372e-17	0	341.72784
4.148000000000354e-10	0.2366282	0.009312516	-0.9605125	-3.2826133e-17	0	341.72784
4.1490000000003545e-10	0.23671857	0.009318771	-0.9605247	-3.2828565e-17	0	341.72784
4.150000000000355e-10	0.23680857	0.009324286	-0.9605368	-3.2830994e-17	0	341.72784
4.151000000000355e-10	0.23689821	0.009329069	-0.96054876	-3.2833412e-17	0	341.72784
4.1520000000003554e-10	0.23698744	0.009333123	-0.9605606	-3.2835834e-17	0	341.72784
4.1530000000003557e-10	0.23707628	0.009336457	-0.9605724	-3.283825e-17	0	341.72784
4.154000000000356e-10	0.2371647	0.009339074	-0.96058416	-3.284065e-17	0	341.72784
4.1550000000003563e-10	0.23725273	0.009340981	-0.96059585	-3.2843064e-17	0	341.72784
4.1560000000003566e-10	0.23734033	0.009342186	-0.96060735	-3.2845476e-17	0	341.72784
4.157000000000357e-10	0.23742749	0.009342695	-0.96061873	-3.2847885e-17	0	341.72784
4.158000000000357e-10	0.23751424	0.009342512	-0.9606302	-3.2850287e-17	0	341.72784
4.1590000000003576e-10	0.23760052	0.009341646	-0.96064144	-3.2852686e-17	0	341.72784
4.160000000000358e-10	0.23768634	0.009340105	-0.96065265	-3.285508e-17	0	341.72784
4.161000000000358e-10	0.23777172	0.009337893	-0.9606638	-3.285748e-17	0	341.72784
4.1620000000003585e-10	0.2378566	0.0093350215	-0.96067476	-3.2859866e-17	0	341.72784
4.163000000000359e-10	0.237941	0.009331494	-0.96068585	-3.2862264e-17	0	341.72784
4.164000000000359e-10	0.23802492	0.009327319	-0.96069676	-3.2864637e-17	0	341.72784
4.1650000000003594e-10	0.23810835	0.009322506	-0.96070755	-3.2867022e-17	0	341.72784
4.1660000000003597e-10	0.23819129	0.009317063	-0.96071833	-3.2869388e-17	0	341.72784
4.16700000000036e-10	0.23827371	0.009310996	-0.960729	-3.2871767e-17	0	341.72784
4.1680000000003603e-10	0.23835558	0.009304313	-0.96073973	-3.2874156e-17	0	341.72784
4.1690000000003606e-10	0.23843698	0.009297024	-0.9607503	-3.287651e-17	0	341.72784
4.170000000000361e-10	0.23851784	0.00928914	-0.9607607	-3.2878878e-17	0	341.72784
4.171000000000361e-10	0.23859814	0.009280665	-0.9607712	-3.2881247e-17	0	341.72784
4.1720000000003615e-10	0.2386779	0.009271609	-0.9607815	-3.2883596e-17	0	341.72784
4.173000000000362e-10	0.23875713	0.009261981	-0.9607919	-3.2885958e-17	0	341.72784
4.174000000000362e-10	0.23883578	0.00925179	-0.96080214	-3.2888307e-17	0	341.72784
4.1750000000003625e-10	0.2389139	0.009241046	-0.96081245	-3.289065e-17	0	341.72784
4.176000000000363e-10	0.23899144	0.00922976	-0.9608226	-3.2892993e-17	0	341.72784
4.177000000000363e-10	0.2390684	0.0092179375	-0.9608327	-3.2895335e-17	0	341.72784
4.1780000000003634e-10	0.23914479	0.009205589	-0.9608428	-3.2897684e-17	0	341.72784
4.1790000000003637e-10	0.23922057	0.009192726	-0.96085286	-3.2899997e-17	0	341.72784
4.180000000000364e-10	0.23929578	0.009179357	-0.9608628	-3.2902333e-17	0	341.72784
4.1810000000003643e-10	0.2393704	0.009165494	-0.96087277	-3.290466e-17	0	341.72784
4.1820000000003646e-10	0.23944443	0.009151142	-0.9608828	-3.290698e-17	0	341.72784
4.183000000000365e-10	0.23951782	0.009136316	-0.9608926	-3.2909295e-17	0	341.72784
4.184000000000365e-10	0.23959066	0.009121024	-0.9609024	-3.2911607e-17	0	341.72784
4.1850000000003655e-10	0.23966286	0.009105277	-0.9609123	-3.291391e-17	0	341.72784
4.186000000000366e-10	0.23973444	0.009089084	-0.960922	-3.291621e-17	0	341.72784
4.187000000000366e-10	0.23980542	0.009072458	-0.96093184	-3.2918513e-17	0	341.72784
4.1880000000003665e-10	0.23987573	0.009055406	-0.9609415	-3.292081e-17	0	341.72784
4.189000000000367e-10	0.23994546	0.009037941	-0.96095115	-3.2923095e-17	0	341.72784
4.190000000000367e-10	0.24001455	0.009020073	-0.96096087	-3.292538e-17	0	341.72784
4.1910000000003674e-10	0.24008302	0.009001814	-0.96097046	-3.292766e-17	0	341.72784
4.1920000000003677e-10	0.24015085	0.0089831725	-0.9609801	-3.2929934e-17	0	341.72784
4.193000000000368e-10	0.24021804	0.00896416	-0.96098965	-3.2932204e-17	0	341.72784
4.1940000000003683e-10	0.24028459	0.008944788	-0.96099925	-3.293447e-17	0	341.72784
4.1950000000003686e-10	0.24035051	0.008925068	-0.9610087	-3.2936734e-17	0	341.72784
4.196000000000369e-10	0.24041578	0.008905009	-0.96101826	-3.293899e-17	0	341.72784
4.197000000000369e-10	0.24048044	0.008884624	-0.96102774	-3.2941244e-17	0	341.72784
4.1980000000003695e-10	0.24054442	0.008863922	-0.9610373	-3.2943484e-17	0	341.72784
4.19900000000037e-10	0.24060775	0.008842915	-0.96104676	-3.2945734e-17	0	341.72784
4.20000000000037e-10	0.24067046	0.008821615	-0.96105623	-3.2947964e-17	0	341.72784
4.2010000000003704e-10	0.24073249	0.008800033	-0.9610656	-3.2950194e-17	0	341.72784
4.202000000000371e-10	0.24079391	0.008778178	-0.96107507	-3.2952427e-17	0	341.72784
4.203000000000371e-10	0.24085467	0.008756064	-0.9610845	-3.2954644e-17	0	341.72784
4.2040000000003714e-10	0.24091479	0.008733699	-0.96109384	-3.2956858e-17	0	341.72784
4.2050000000003717e-10	0.24097426	0.008711096	-0.96110326	-3.2959068e-17	0	341.72784
4.206000000000372e-10	0.24103309	0.008688265	-0.9611127	-3.296127e-17	0	341.72784
4.2070000000003723e-10	0.24109128	0.008665219	-0.9611221	-3.2963478e-17	0	341.72784
4.2080000000003726e-10	0.2411488	0.008641967	-0.96113145	-3.2965665e-17	0	341.72784
4.209000000000373e-10	0.24120569	0.008618521	-0.96114075	-3.2967862e-17	0	341.72784
4.210000000000373e-10	0.24126196	0.008594891	-0.96115017	-3.2970043e-17	0	341.72784
4.2110000000003735e-10	0.2413176	0.008571088	-0.96115947	-3.2972213e-17	0	341.72784
4.212000000000374e-10	0.24137259	0.008547124	-0.9611688	-3.297438e-17	0	341.72784
4.213000000000374e-10	0.24142693	0.00852301	-0.9611781	-3.2976554e-17	0	341.72784
4.2140000000003744e-10	0.24148068	0.008498755	-0.9611875	-3.2978708e-17	0	341.72784
4.2150000000003747e-10	0.24153376	0.008474371	-0.9611967	-3.2980856e-17	0	341.72784
4.216000000000375e-10	0.24158624	0.008449867	-0.9612061	-3.2983006e-17	0	341.72784
4.2170000000003753e-10	0.2416381	0.008425256	-0.9612154	-3.2985157e-17	0	341.72784
4.2180000000003757e-10	0.24168676	0.008388052	-0.96122545	-3.335748e-17	0	340.057
4.219000000000376e-10	0.24173208	0.008338353	-0.9612364	-3.3359645e-17	0	340.057
4.2200000000003763e-10	0.24177653	0.008288698	-0.96124744	-3.3361792e-17	0	340.057
4.2210000000003766e-10	0.2418201	0.008239101	-0.9612585	-3.3363943e-17	0	340.057
4.222000000000377e-10	0.24186283	0.008189571	-0.9612696	-3.3366074e-17	0	340.057
4.223000000000377e-10	0.2419047	0.008140124	-0.96128076	-3.3368218e-17	0	340.057
4.2240000000003775e-10	0.24194571	0.00809077	-0.961292	-3.337034e-17	0	340.057
4.225000000000378e-10	0.24198589	0.008041523	-0.96130323	-3.3372463e-17	0	340.057
4.226000000000378e-10	0.24202526	0.007992397	-0.96131456	-3.3374574e-17	0	340.057
4.2270000000003784e-10	0.24206376	0.007943401	-0.961326	-3.3376688e-17	0	340.057
4.2280000000003787e-10	0.24210146	0.007894546	-0.96133745	-3.337879e-17	0	340.057
4.229000000000379e-10	0.24213839	0.007845847	-0.961349	-3.338088e-17	0	340.057
4.2300000000003793e-10	0.24217448	0.007797314	-0.9613606	-3.338298e-17	0	340.057
4.2310000000003796e-10	0.24220976	0.007748957	-0.96137214	-3.3385056e-17	0	340.057
4.23200000000038e-10	0.24224429	0.0077007907	-0.9613838	-3.3387127e-17	0	340.057
4.23300000000038e-10	0.24227804	0.007652823	-0.9613955	-3.3389195e-17	0	340.057
4.2340000000003806e-10	0.24231103	0.0076050656	-0.9614073	-3.3391253e-17	0	340.057
4.235000000000381e-10	0.24234323	0.00755753	-0.9614191	-3.3393314e-17	0	340.057
4.236000000000381e-10	0.24237472	0.0075102253	-0.96143097	-3.3395353e-17	0	340.057
4.2370000000003815e-10	0.24240546	0.0074631628	-0.9614428	-3.3397394e-17	0	340.057
4.238000000000382e-10	0.24243546	0.0074163517	-0.9614548	-3.339943e-17	0	340.057
4.239000000000382e-10	0.24246475	0.0073698023	-0.9614668	-3.3401467e-17	0	340.057
4.2400000000003824e-10	0.24249336	0.007323524	-0.96147877	-3.3403482e-17	0	340.057
4.2410000000003827e-10	0.24252126	0.007277527	-0.96149087	-3.3405497e-17	0	340.057
4.242000000000383e-10	0.24254842	0.0072318176	-0.96150297	-3.34075e-17	0	340.057
4.2430000000003833e-10	0.24257497	0.007186409	-0.9615152	-3.3409494e-17	0	340.057
4.2440000000003836e-10	0.24260084	0.0071413065	-0.96152735	-3.3411493e-17	0	340.057
4.245000000000384e-10	0.24262607	0.0070965197	-0.9615396	-3.341347e-17	0	340.057
4.246000000000384e-10	0.24265061	0.007052058	-0.9615519	-3.3415453e-17	0	340.057
4.2470000000003846e-10	0.24267454	0.0070079267	-0.96156424	-3.341743e-17	0	340.057
4.248000000000385e-10	0.24269786	0.006964137	-0.9615765	-3.3419387e-17	0	340.057
4.249000000000385e-10	0.24272059	0.0069206944	-0.9615889	-3.3421353e-17	0	340.057
4.2500000000003855e-10	0.2427427	0.006877605	-0.9616013	-3.3423285e-17	0	340.057
4.251000000000386e-10	0.2427642	0.0068348777	-0.9616138	-3.3425234e-17	0	340.057
4.252000000000386e-10	0.24278516	0.0067925192	-0.96162623	-3.342717e-17	0	340.057
4.2530000000003864e-10	0.24280557	0.006750536	-0.96163875	-3.3429105e-17	0	340.057
4.2540000000003867e-10	0.24282542	0.006708933	-0.9616513	-3.3431017e-17	0	340.057
4.255000000000387e-10	0.24284472	0.0066677183	-0.9616638	-3.3432933e-17	0	340.057
4.2560000000003873e-10	0.24286352	0.006626896	-0.9616763	-3.3434836e-17	0	340.057
4.2570000000003876e-10	0.24288177	0.006586472	-0.961689	-3.343674e-17	0	340.057
4.258000000000388e-10	0.24289954	0.0065464517	-0.9617016	-3.343863e-17	0	340.057
4.259000000000388e-10	0.24291684	0.0065068407	-0.9617142	-3.34405e-17	0	340.057
4.2600000000003885e-10	0.24293366	0.006467643	-0.9617269	-3.3442386e-17	0	340.057
4.261000000000389e-10	0.24294999	0.006428864	-0.96173954	-3.3444256e-17	0	340.057
4.262000000000389e-10	0.24296592	0.0063905064	-0.9617523	-3.3446125e-17	0	340.057
4.2630000000003895e-10	0.24298137	0.0063525746	-0.96176505	-3.344797e-17	0	340.057
4.26400000000039e-10	0.24299642	0.006315072	-0.9617777	-3.3449817e-17	0	340.057
4.26500000000039e-10	0.24301107	0.0062780036	-0.9617904	-3.345166e-17	0	340.057
4.2660000000003904e-10	0.2430253	0.0062413714	-0.9618032	-3.345348e-17	0	340.057
4.2670000000003907e-10	0.24303915	0.0062051783	-0.96181595	-3.345532e-17	0	340.057
4.268000000000391e-10	0.24305262	0.0061694263	-0.96182865	-3.345713e-17	0	340.057
4.2690000000003913e-10	0.24306574	0.006134119	-0.96184146	-3.3458943e-17	0	340.057
4.2700000000003916e-10	0.24307854	0.0060992576	-0.9618542	-3.3460736e-17	0	340.057
4.271000000000392e-10	0.24309099	0.0060648443	-0.96186703	-3.3462533e-17	0	340.057
4.272000000000392e-10	0.2431031	0.00603088	-0.96187973	-3.3464323e-17	0	340.057
4.2730000000003925e-10	0.24311492	0.005997366	-0.9618925	-3.3466103e-17	0	340.057
4.274000000000393e-10	0.24312644	0.0059643043	-0.96190524	-3.3467873e-17	0	340.057
4.275000000000393e-10	0.24313769	0.005931695	-0.9619181	-3.3469647e-17	0	340.057
4.2760000000003934e-10	0.24314867	0.005899539	-0.9619309	-3.3471404e-17	0	340.057
4.277000000000394e-10	0.2431594	0.005867836	-0.9619437	-3.3473157e-17	0	340.057
4.278000000000394e-10	0.24316989	0.0058365865	-0.96195644	-3.3474894e-17	0	340.057
4.2790000000003944e-10	0.24318013	0.0058057895	-0.96196914	-3.3476628e-17	0	340.057
4.2800000000003947e-10	0.24319015	0.005775444	-0.9619819	-3.3478365e-17	0	340.057
4.281000000000395e-10	0.24319997	0.0057455515	-0.96199465	-3.348008e-17	0	340.057
4.2820000000003953e-10	0.24320963	0.0057161083	-0.9620074	-3.34818e-17	0	340.057
4.2830000000003956e-10	0.24321908	0.0056871157	-0.96202016	-3.3483497e-17	0	340.057
4.284000000000396e-10	0.24322839	0.005658569	-0.9620328	-3.34852e-17	0	340.057
4.285000000000396e-10	0.24323756	0.005630468	-0.9620455	-3.34869e-17	0	340.057
4.2860000000003965e-10	0.24324654	0.0056028115	-0.9620582	-3.3488576e-17	0	340.057
4.287000000000397e-10	0.24325544	0.005575596	-0.9620708	-3.3490257e-17	0	340.057
4.288000000000397e-10	0.24326417	0.005548819	-0.96208346	-3.3491934e-17	0	340.057
4.2890000000003974e-10	0.24327284	0.005522477	-0.9620961	-3.3493592e-17	0	340.057
4.290000000000398e-10	0.24328141	0.005496569	-0.96210873	-3.349525e-17	0	340.057
4.291000000000398e-10	0.24328989	0.00547109	-0.96212125	-3.34969e-17	0	340.057
4.2920000000003984e-10	0.24329829	0.005446038	-0.9621339	-3.349854e-17	0	340.057
4.2930000000003987e-10	0.24330664	0.0054214085	-0.96214646	-3.3500173e-17	0	340.057
4.294000000000399e-10	0.24331497	0.005397197	-0.9621589	-3.3501804e-17	0	340.057
4.2950000000003993e-10	0.24332322	0.005373399	-0.96217144	-3.350343e-17	0	340.057
4.2960000000003996e-10	0.24333149	0.0053500123	-0.9621839	-3.3505033e-17	0	340.057
4.2970000000004e-10	0.24333973	0.0053270306	-0.9621963	-3.3506648e-17	0	340.057
4.2980000000004e-10	0.24334797	0.0053044492	-0.96220875	-3.3508243e-17	0	340.057
4.2990000000004005e-10	0.24335626	0.005282263	-0.96222115	-3.3509834e-17	0	340.057
4.300000000000401e-10	0.24336451	0.0052604666	-0.9622334	-3.351143e-17	0	340.057
4.301000000000401e-10	0.24337283	0.0052390555	-0.9622458	-3.3513e-17	0	340.057
4.3020000000004014e-10	0.2433812	0.0052180225	-0.96225804	-3.351457e-17	0	340.057
4.3030000000004017e-10	0.24338958	0.005197364	-0.96227044	-3.3516124e-17	0	340.057
4.304000000000402e-10	0.24339806	0.0051770713	-0.96228254	-3.35177e-17	0	340.057
4.3050000000004023e-10	0.2434066	0.00515714	-0.9622948	-3.3519244e-17	0	340.057
4.3060000000004026e-10	0.24341524	0.005137563	-0.9623069	-3.3520783e-17	0	340.057
4.307000000000403e-10	0.24342395	0.0051183337	-0.9623191	-3.352233e-17	0	340.057
4.3080000000004033e-10	0.24343278	0.005099446	-0.9623312	-3.3523857e-17	0	340.057
4.3090000000004036e-10	0.24344172	0.005080892	-0.96234334	-3.352539e-17	0	340.057
4.310000000000404e-10	0.24345076	0.005062665	-0.96235526	-3.35269e-17	0	340.057
4.311000000000404e-10	0.24345997	0.005044757	-0.9623673	-3.3528423e-17	0	340.057
4.3120000000004045e-10	0.2434693	0.005027162	-0.9623792	-3.3529918e-17	0	340.057
4.313000000000405e-10	0.24347878	0.0050098705	-0.96239114	-3.3531404e-17	0	340.057
4.314000000000405e-10	0.2434884	0.004992876	-0.96240294	-3.353291e-17	0	340.057
4.3150000000004054e-10	0.24349822	0.00497617	-0.96241486	-3.3534382e-17	0	340.057
4.3160000000004057e-10	0.24350818	0.0049597444	-0.96242666	-3.3535864e-17	0	340.057
4.317000000000406e-10	0.24351834	0.0049435925	-0.9624384	-3.3537336e-17	0	340.057
4.3180000000004063e-10	0.24352604	0.0049158717	-0.96245086	-3.389654e-17	0	338.45306
4.3190000000004066e-10	0.24353111	0.0048766667	-0.96246403	-3.3898014e-17	0	338.45306
4.320000000000407e-10	0.24353616	0.004837833	-0.9624773	-3.3899483e-17	0	338.45306
4.321000000000407e-10	0.24354118	0.004799363	-0.9624905	-3.3900955e-17	0	338.45306
4.3220000000004076e-10	0.24354617	0.004761252	-0.9625038	-3.390241e-17	0	338.45306
4.323000000000408e-10	0.24355116	0.004723492	-0.962517	-3.390386e-17	0	338.45306
4.324000000000408e-10	0.24355616	0.004686076	-0.9625304	-3.3905303e-17	0	338.45306
4.3250000000004085e-10	0.24356115	0.004648997	-0.96254355	-3.3906755e-17	0	338.45306
4.326000000000409e-10	0.24356616	0.0046122475	-0.9625569	-3.3908178e-17	0	338.45306
4.327000000000409e-10	0.24357118	0.0045758197	-0.9625703	-3.39096e-17	0	338.45306
4.3280000000004094e-10	0.24357624	0.004539707	-0.9625836	-3.391102e-17	0	338.45306
4.3290000000004097e-10	0.24358135	0.004503901	-0.96259695	-3.3912443e-17	0	338.45306
4.33000000000041e-10	0.24358651	0.004468395	-0.9626103	-3.3913853e-17	0	338.45306
4.3310000000004103e-10	0.24359173	0.0044331793	-0.9626237	-3.3915252e-17	0	338.45306
4.3320000000004106e-10	0.24359699	0.0043982468	-0.9626371	-3.391666e-17	0	338.45306
4.333000000000411e-10	0.24360232	0.004363589	-0.9626505	-3.391804e-17	0	338.45306
4.334000000000411e-10	0.24360774	0.0043291985	-0.96266395	-3.3919424e-17	0	338.45306
4.3350000000004115e-10	0.24361324	0.0042950665	-0.9626774	-3.3920794e-17	0	338.45306
4.336000000000412e-10	0.24361882	0.004261184	-0.96269095	-3.3922187e-17	0	338.45306
4.337000000000412e-10	0.24362451	0.004227543	-0.96270436	-3.392355e-17	0	338.45306
4.3380000000004125e-10	0.24363029	0.004194134	-0.96271783	-3.3924917e-17	0	338.45306
4.339000000000413e-10	0.24363616	0.00416095	-0.9627313	-3.392625e-17	0	338.45306
4.340000000000413e-10	0.24364215	0.004127981	-0.96274483	-3.39276e-17	0	338.45306
4.3410000000004134e-10	0.24364826	0.004095218	-0.9627583	-3.392896e-17	0	338.45306
4.3420000000004137e-10	0.24365449	0.0040626526	-0.96277183	-3.39303e-17	0	338.45306
4.343000000000414e-10	0.24366085	0.0040302756	-0.9627854	-3.393163e-17	0	338.45306
4.3440000000004143e-10	0.24366733	0.0039980775	-0.96279895	-3.393296e-17	0	338.45306
4.3450000000004146e-10	0.24367398	0.0039660493	-0.9628125	-3.3934267e-17	0	338.45306
4.346000000000415e-10	0.24368073	0.003934183	-0.9628261	-3.393559e-17	0	338.45306
4.347000000000415e-10	0.24368763	0.0039024674	-0.96283966	-3.393691e-17	0	338.45306
4.3480000000004155e-10	0.24369468	0.0038708951	-0.9628533	-3.3938215e-17	0	338.45306
4.349000000000416e-10	0.24370186	0.0038394555	-0.9628669	-3.393952e-17	0	338.45306
4.350000000000416e-10	0.2437092	0.0038081396	-0.96288055	-3.3940812e-17	0	338.45306
4.3510000000004165e-10	0.24371675	0.0037769384	-0.9628941	-3.3942116e-17	0	338.45306
4.352000000000417e-10	0.2437244	0.0037458423	-0.96290773	-3.3943386e-17	0	338.45306
4.353000000000417e-10	0.24373223	0.0037148418	-0.9629215	-3.3944667e-17	0	338.45306
4.3540000000004174e-10	0.24374019	0.0036839265	-0.9629352	-3.3945944e-17	0	338.45306
4.3550000000004177e-10	0.24374837	0.0036530884	-0.9629488	-3.3947214e-17	0	338.45306
4.356000000000418e-10	0.24375668	0.0036223175	-0.96296257	-3.394849e-17	0	338.45306
4.3570000000004183e-10	0.24376519	0.0035916031	-0.9629763	-3.394976e-17	0	338.45306
4.3580000000004186e-10	0.24377383	0.0035609365	-0.96299	-3.3951013e-17	0	338.45306
4.359000000000419e-10	0.24378267	0.0035303098	-0.9630038	-3.3952257e-17	0	338.45306
4.360000000000419e-10	0.24379168	0.003499711	-0.9630176	-3.39535e-17	0	338.45306
4.3610000000004195e-10	0.24380088	0.003469132	-0.9630314	-3.3954752e-17	0	338.45306
4.36200000000042e-10	0.24381025	0.0034385626	-0.9630451	-3.3955992e-17	0	338.45306
4.36300000000042e-10	0.24381977	0.0034079936	-0.9630591	-3.3957227e-17	0	338.45306
4.3640000000004204e-10	0.24382949	0.0033774162	-0.96307296	-3.395846e-17	0	338.45306
4.365000000000421e-10	0.24383935	0.00334682	-0.96308684	-3.3959682e-17	0	338.45306
4.366000000000421e-10	0.24384944	0.0033161957	-0.9631007	-3.3960906e-17	0	338.45306
4.3670000000004214e-10	0.24385966	0.0032855342	-0.96311474	-3.396212e-17	0	338.45306
4.3680000000004217e-10	0.24387005	0.0032548262	-0.96312857	-3.3963335e-17	0	338.45306
4.369000000000422e-10	0.24388063	0.0032240618	-0.96314263	-3.396454e-17	0	338.45306
4.3700000000004223e-10	0.2438914	0.0031932325	-0.9631566	-3.396574e-17	0	338.45306
4.3710000000004226e-10	0.24390233	0.003162329	-0.9631707	-3.3966944e-17	0	338.45306
4.372000000000423e-10	0.24391341	0.0031313412	-0.9631847	-3.3968132e-17	0	338.45306
4.373000000000423e-10	0.24392469	0.0031002606	-0.9631987	-3.396934e-17	0	338.45306
4.3740000000004235e-10	0.2439361	0.003069078	-0.96321297	-3.3970524e-17	0	338.45306
4.375000000000424e-10	0.2439477	0.0030377842	-0.9632271	-3.3971706e-17	0	338.45306
4.376000000000424e-10	0.24395946	0.0030063707	-0.9632412	-3.397288e-17	0	338.45306
4.3770000000004244e-10	0.24397138	0.002974828	-0.9632554	-3.397406e-17	0	338.45306
4.3780000000004247e-10	0.24398345	0.0029431477	-0.9632697	-3.397524e-17	0	338.45306
4.379000000000425e-10	0.24399567	0.0029113202	-0.963284	-3.3976407e-17	0	338.45306
4.3800000000004253e-10	0.24400805	0.0028793376	-0.9632983	-3.3977572e-17	0	338.45306
4.3810000000004257e-10	0.24402055	0.0028471912	-0.96331257	-3.397873e-17	0	338.45306
4.382000000000426e-10	0.24403322	0.0028148722	-0.96332705	-3.397989e-17	0	338.45306
4.3830000000004263e-10	0.24404603	0.0027823723	-0.9633415	-3.3981046e-17	0	338.45306
4.3840000000004266e-10	0.24405897	0.0027496826	-0.9633559	-3.39822e-17	0	338.45306
4.385000000000427e-10	0.24407205	0.002716795	-0.9633704	-3.398335e-17	0	338.45306
4.386000000000427e-10	0.24408525	0.0026837017	-0.963385	-3.39845e-17	0	338.45306
4.3870000000004275e-10	0.2440986	0.0026503943	-0.9633995	-3.3985642e-17	0	338.45306
4.388000000000428e-10	0.24411204	0.0026168642	-0.9634142	-3.398678e-17	0	338.45306
4.389000000000428e-10	0.2441256	0.002583104	-0.9634289	-3.3987915e-17	0	338.45306
4.3900000000004284e-10	0.24413928	0.0025491067	-0.96344364	-3.3989047e-17	0	338.45306
4.3910000000004287e-10	0.24415305	0.0025148632	-0.9634584	-3.3990185e-17	0	338.45306
4.392000000000429e-10	0.24416694	0.0024803667	-0.96347326	-3.3991303e-17	0	338.45306
4.3930000000004293e-10	0.24418092	0.0024456093	-0.96348816	-3.3992428e-17	0	338.45306
4.3940000000004296e-10	0.24419497	0.0024105837	-0.9635031	-3.3993556e-17	0	338.45306
4.39500000000043e-10	0.24420911	0.0023752828	-0.96351814	-3.399467e-17	0	338.45306
4.39600000000043e-10	0.24422334	0.0023396993	-0.9635332	-3.399578e-17	0	338.45306
4.3970000000004306e-10	0.24423763	0.0023038264	-0.9635483	-3.3996888e-17	0	338.45306
4.398000000000431e-10	0.244252	0.0022676568	-0.96356344	-3.3998013e-17	0	338.45306
4.399000000000431e-10	0.24426642	0.0022311837	-0.96357864	-3.3999118e-17	0	338.45306
4.4000000000004315e-10	0.24428089	0.0021944009	-0.963594	-3.400023e-17	0	338.45306
4.401000000000432e-10	0.24429539	0.0021573014	-0.9636094	-3.4001325e-17	0	338.45306
4.402000000000432e-10	0.24430995	0.0021198792	-0.96362484	-3.400243e-17	0	338.45306
4.4030000000004324e-10	0.24432455	0.0020821278	-0.96364033	-3.4003535e-17	0	338.45306
4.4040000000004327e-10	0.24433915	0.0020440414	-0.9636559	-3.400463e-17	0	338.45306
4.405000000000433e-10	0.24435377	0.0020056134	-0.9636716	-3.4005723e-17	0	338.45306
4.4060000000004333e-10	0.2443684	0.0019668387	-0.9636873	-3.4006814e-17	0	338.45306
4.4070000000004336e-10	0.24438307	0.0019277114	-0.96370304	-3.4007916e-17	0	338.45306
4.408000000000434e-10	0.2443977	0.0018882256	-0.9637189	-3.4008985e-17	0	338.45306
4.409000000000434e-10	0.2444123	0.0018483764	-0.96373487	-3.4010074e-17	0	338.45306
4.4100000000004346e-10	0.24442692	0.0018081586	-0.96375084	-3.4011165e-17	0	338.45306
4.411000000000435e-10	0.24444151	0.0017675664	-0.963767	-3.4012244e-17	0	338.45306
4.412000000000435e-10	0.24445602	0.0017265957	-0.9637831	-3.4013333e-17	0	338.45306
4.4130000000004355e-10	0.24447052	0.0016852419	-0.9637994	-3.40144e-17	0	338.45306
4.414000000000436e-10	0.24448496	0.0016434996	-0.9638159	-3.401548e-17	0	338.45306
4.415000000000436e-10	0.24449931	0.0016013648	-0.96383214	-3.4016565e-17	0	338.45306
4.4160000000004364e-10	0.24451366	0.0015588333	-0.9638487	-3.401763e-17	0	338.45306
4.4170000000004367e-10	0.24452785	0.0015159012	-0.9638654	-3.4018706e-17	0	338.45306
4.418000000000437e-10	0.24453951	0.0014612048	-0.9638828	-3.4365007e-17	0	336.91333
4.4190000000004373e-10	0.24454835	0.0013948238	-0.9639011	-3.4366092e-17	0	336.91333
4.4200000000004376e-10	0.2445569	0.0013281428	-0.9639194	-3.436717e-17	0	336.91333
4.421000000000438e-10	0.24456508	0.0012611601	-0.9639379	-3.436826e-17	0	336.91333
4.422000000000438e-10	0.24457291	0.0011938753	-0.96395653	-3.436934e-17	0	336.91333
4.4230000000004385e-10	0.24458036	0.0011262874	-0.9639755	-3.4370417e-17	0	336.91333
4.424000000000439e-10	0.24458745	0.0010583955	-0.96399444	-3.437149e-17	0	336.91333
4.425000000000439e-10	0.24459416	0.0009901996	-0.9640137	-3.4372577e-17	0	336.91333
4.4260000000004395e-10	0.24460046	0.000921699	-0.9640329	-3.4373646e-17	0	336.91333
4.42700000000044e-10	0.2446064	0.0008528938	-0.9640524	-3.4374728e-17	0	336.91333
4.42800000000044e-10	0.24461192	0.00078378315	-0.964072	-3.4375797e-17	0	336.91333
4.4290000000004404e-10	0.24461703	0.0007143683	-0.96409184	-3.437687e-17	0	336.91333
4.4300000000004407e-10	0.24462171	0.0006446487	-0.9641118	-3.437793e-17	0	336.91333
4.431000000000441e-10	0.24462594	0.0005746257	-0.96413195	-3.4379006e-17	0	336.91333
4.4320000000004413e-10	0.24462977	0.00050429883	-0.9641522	-3.438007e-17	0	336.91333
4.4330000000004416e-10	0.24463314	0.00043367	-0.9641727	-3.438115e-17	0	336.91333
4.434000000000442e-10	0.24463607	0.00036273903	-0.96419334	-3.4382206e-17	0	336.91333
4.435000000000442e-10	0.2446385	0.00029150856	-0.96421415	-3.4383268e-17	0	336.91333
4.4360000000004425e-10	0.2446405	0.00021997897	-0.9642352	-3.4384346e-17	0	336.91333
4.437000000000443e-10	0.244642	0.000148152	-0.96425635	-3.438541e-17	0	336.91333
4.438000000000443e-10	0.24464302	7.602933e-05	-0.9642776	-3.438647e-17	0	336.91333
4.4390000000004434e-10	0.24464355	3.6126003e-06	-0.9642992	-3.4387546e-17	0	336.91333
4.440000000000444e-10	0.24464358	-6.909564e-05	-0.9643209	-3.4388605e-17	0	336.91333
4.441000000000444e-10	0.24464309	-0.0001420934	-0.9643428	-3.4389663e-17	0	336.91333
4.4420000000004444e-10	0.24464208	-0.00021537789	-0.96436477	-3.4390742e-17	0	336.91333
4.4430000000004447e-10	0.24464054	-0.00028894702	-0.964387	-3.43918e-17	0	336.91333
4.444000000000445e-10	0.24463844	-0.00036279752	-0.9644094	-3.4392856e-17	0	336.91333
4.4450000000004453e-10	0.24463582	-0.0004369265	-0.96443206	-3.439392e-17	0	336.91333
4.4460000000004456e-10	0.24463265	-0.0005113306	-0.9644548	-3.4394984e-17	0	336.91333
4.447000000000446e-10	0.24462888	-0.0005860068	-0.9644778	-3.4396053e-17	0	336.91333
4.448000000000446e-10	0.24462456	-0.00066095137	-0.9645009	-3.439711e-17	0	336.91333
4.4490000000004465e-10	0.24461967	-0.00073616026	-0.96452415	-3.439818e-17	0	336.91333
4.450000000000447e-10	0.24461418	-0.00081162987	-0.9645477	-3.4399226e-17	0	336.91333
4.451000000000447e-10	0.24460807	-0.00088735565	-0.9645715	-3.440029e-17	0	336.91333
4.4520000000004474e-10	0.24460138	-0.0009633337	-0.96459526	-3.440136e-17	0	336.91333
4.4530000000004477e-10	0.24459407	-0.0010395588	-0.9646194	-3.4402422e-17	0	336.91333
4.454000000000448e-10	0.24458611	-0.0011160267	-0.96464366	-3.4403484e-17	0	336.91333
4.4550000000004484e-10	0.24457753	-0.001192732	-0.9646681	-3.4404556e-17	0	336.91333
4.4560000000004487e-10	0.24456832	-0.0012696702	-0.9646928	-3.440561e-17	0	336.91333
4.457000000000449e-10	0.24455845	-0.0013468352	-0.96471757	-3.440668e-17	0	336.91333
4.4580000000004493e-10	0.2445479	-0.0014242218	-0.96474266	-3.440775e-17	0	336.91333
4.4590000000004496e-10	0.24453673	-0.0015018241	-0.9647679	-3.4408814e-17	0	336.91333
4.46000000000045e-10	0.24452484	-0.001579636	-0.96479326	-3.4409876e-17	0	336.91333
4.46100000000045e-10	0.24451227	-0.0016576517	-0.9648189	-3.4410942e-17	0	336.91333
4.4620000000004505e-10	0.24449904	-0.0017358647	-0.96484476	-3.4412007e-17	0	336.91333
4.463000000000451e-10	0.24448508	-0.0018142685	-0.9648707	-3.4413086e-17	0	336.91333
4.464000000000451e-10	0.2444704	-0.0018928556	-0.964897	-3.4414148e-17	0	336.91333
4.4650000000004514e-10	0.24445504	-0.00197162	-0.9649234	-3.441521e-17	0	336.91333
4.4660000000004517e-10	0.24443893	-0.002050554	-0.96494997	-3.441629e-17	0	336.91333
4.467000000000452e-10	0.24442208	-0.00212965	-0.9649768	-3.441735e-17	0	336.91333
4.4680000000004523e-10	0.24440451	-0.0022089006	-0.9650038	-3.4418433e-17	0	336.91333
4.4690000000004526e-10	0.24438617	-0.0022882978	-0.96503097	-3.441949e-17	0	336.91333
4.470000000000453e-10	0.24436708	-0.0023678339	-0.9650584	-3.4420573e-17	0	336.91333
4.4710000000004533e-10	0.24434721	-0.0024475006	-0.96508604	-3.4421646e-17	0	336.91333
4.4720000000004536e-10	0.24432659	-0.0025272893	-0.96511376	-3.442272e-17	0	336.91333
4.473000000000454e-10	0.2443052	-0.002607192	-0.9651418	-3.4423796e-17	0	336.91333
4.474000000000454e-10	0.244283	-0.0026871986	-0.96516997	-3.442486e-17	0	336.91333
4.4750000000004545e-10	0.24426	-0.0027673012	-0.96519834	-3.4425953e-17	0	336.91333
4.476000000000455e-10	0.2442362	-0.00284749	-0.965227	-3.4427032e-17	0	336.91333
4.477000000000455e-10	0.24421161	-0.0029277555	-0.96525586	-3.44281e-17	0	336.91333
4.4780000000004554e-10	0.24418618	-0.003008088	-0.9652848	-3.4429186e-17	0	336.91333
4.4790000000004557e-10	0.24415992	-0.0030884787	-0.96531403	-3.443027e-17	0	336.91333
4.480000000000456e-10	0.24413286	-0.0031689163	-0.9653435	-3.4431357e-17	0	336.91333
4.4810000000004563e-10	0.24410495	-0.003249391	-0.9653729	-3.4432435e-17	0	336.91333
4.4820000000004566e-10	0.24407619	-0.0033298926	-0.9654027	-3.443352e-17	0	336.91333
4.483000000000457e-10	0.2440466	-0.0034104104	-0.96543276	-3.4434616e-17	0	336.91333
4.484000000000457e-10	0.24401614	-0.0034909332	-0.9654629	-3.4435694e-17	0	336.91333
4.4850000000004576e-10	0.24398482	-0.0035714502	-0.9654934	-3.4436796e-17	0	336.91333
4.486000000000458e-10	0.24395263	-0.0036519505	-0.96552396	-3.443788e-17	0	336.91333
4.487000000000458e-10	0.24391957	-0.0037324217	-0.9655547	-3.4438967e-17	0	336.91333
4.4880000000004585e-10	0.2438856	-0.0038128532	-0.96558577	-3.4440065e-17	0	336.91333
4.489000000000459e-10	0.2438508	-0.0038932334	-0.96561694	-3.4441164e-17	0	336.91333
4.490000000000459e-10	0.24381508	-0.003973549	-0.9656483	-3.444226e-17	0	336.91333
4.4910000000004594e-10	0.24377847	-0.004053789	-0.96568	-3.4443357e-17	0	336.91333
4.4920000000004597e-10	0.24374096	-0.0041339407	-0.9657117	-3.444445e-17	0	336.91333
4.49300000000046e-10	0.24370253	-0.0042139925	-0.96574366	-3.4445548e-17	0	336.91333
4.4940000000004603e-10	0.2436632	-0.0042939303	-0.96577585	-3.4446653e-17	0	336.91333
4.4950000000004606e-10	0.24362299	-0.0043737423	-0.9658082	-3.444776e-17	0	336.91333
4.496000000000461e-10	0.24358182	-0.004453414	-0.96584076	-3.4448863e-17	0	336.91333
4.497000000000461e-10	0.24353975	-0.004532934	-0.9658735	-3.444997e-17	0	336.91333
4.4980000000004615e-10	0.24349673	-0.0046122884	-0.9659064	-3.4451073e-17	0	336.91333
4.499000000000462e-10	0.2434528	-0.0046914634	-0.9659396	-3.4452185e-17	0	336.91333
4.500000000000462e-10	0.24340795	-0.0047704456	-0.96597284	-3.4453303e-17	0	336.91333
4.5010000000004625e-10	0.24336214	-0.0048492206	-0.96600634	-3.44544e-17	0	336.91333
4.502000000000463e-10	0.2433154	-0.0049277754	-0.9660401	-3.4455514e-17	0	336.91333
4.503000000000463e-10	0.24326774	-0.0050060954	-0.96607393	-3.4456642e-17	0	336.91333
4.5040000000004634e-10	0.24321912	-0.005084166	-0.9661079	-3.4457747e-17	0	336.91333
4.5050000000004637e-10	0.24316958	-0.0051619736	-0.9661422	-3.445888e-17	0	336.91333
4.506000000000464e-10	0.24311906	-0.0052395035	-0.9661766	-3.4459987e-17	0	336.91333
4.5070000000004643e-10	0.24306759	-0.00531674	-0.9662112	-3.446111e-17	0	336.91333
4.5080000000004646e-10	0.2430152	-0.0053936695	-0.9662459	-3.446223e-17	0	336.91333
4.509000000000465e-10	0.24296185	-0.005470277	-0.9662809	-3.4463352e-17	0	336.91333
4.510000000000465e-10	0.24290755	-0.005546547	-0.966316	-3.4464484e-17	0	336.91333
4.5110000000004655e-10	0.2428523	-0.005622465	-0.9663512	-3.4465605e-17	0	336.91333
4.512000000000466e-10	0.24279611	-0.005698015	-0.9663866	-3.4466733e-17	0	336.91333
4.513000000000466e-10	0.24273893	-0.005773182	-0.9664223	-3.4467865e-17	0	336.91333
4.5140000000004665e-10	0.24268083	-0.0058479514	-0.966458	-3.4468987e-17	0	336.91333
4.515000000000467e-10	0.2426218	-0.0059223063	-0.9664941	-3.4470128e-17	0	336.91333
4.516000000000467e-10	0.2425618	-0.005996233	-0.96653014	-3.4471263e-17	0	336.91333
4.5170000000004674e-10	0.24250083	-0.0060697133	-0.9665664	-3.447239e-17	0	336.91333
4.5180000000004677e-10	0.24243629	-0.006153684	-0.9666035	-3.480691e-17	0	335.43527
4.519000000000468e-10	0.24236791	-0.006248039	-0.9666414	-3.4808068e-17	0	335.43527
4.5200000000004683e-10	0.2422984	-0.0063417805	-0.9666796	-3.480922e-17	0	335.43527
4.5210000000004686e-10	0.2422277	-0.0064348904	-0.96671796	-3.4810367e-17	0	335.43527
4.522000000000469e-10	0.24215582	-0.0065273503	-0.9667565	-3.4811535e-17	0	335.43527
4.523000000000469e-10	0.2420828	-0.0066191405	-0.96679527	-3.481271e-17	0	335.43527
4.5240000000004695e-10	0.2420086	-0.0067102443	-0.96683425	-3.481386e-17	0	335.43527
4.52500000000047e-10	0.24193324	-0.0068006422	-0.96687335	-3.481503e-17	0	335.43527
4.52600000000047e-10	0.24185675	-0.006890316	-0.96691275	-3.4816194e-17	0	335.43527
4.5270000000004704e-10	0.24177913	-0.0069792476	-0.9669522	-3.4817355e-17	0	335.43527
4.528000000000471e-10	0.24170037	-0.0070674187	-0.96699196	-3.4818523e-17	0	335.43527
4.529000000000471e-10	0.24162047	-0.0071548102	-0.96703184	-3.481968e-17	0	335.43527
4.5300000000004714e-10	0.24153948	-0.0072414046	-0.9670719	-3.4820863e-17	0	335.43527
4.5310000000004717e-10	0.24145733	-0.0073271827	-0.9671121	-3.4822034e-17	0	335.43527
4.532000000000472e-10	0.2413741	-0.007412128	-0.9671526	-3.4823192e-17	0	335.43527
4.5330000000004723e-10	0.2412898	-0.007496222	-0.9671931	-3.4824363e-17	0	335.43527
4.5340000000004726e-10	0.24120438	-0.007579445	-0.96723384	-3.4825535e-17	0	335.43527
4.535000000000473e-10	0.24111791	-0.0076617803	-0.9672747	-3.4826716e-17	0	335.43527
4.536000000000473e-10	0.24103038	-0.0077432087	-0.9673158	-3.4827887e-17	0	335.43527
4.5370000000004735e-10	0.24094178	-0.007823715	-0.967357	-3.482906e-17	0	335.43527
4.538000000000474e-10	0.24085212	-0.00790328	-0.9673984	-3.483023e-17	0	335.43527
4.539000000000474e-10	0.24076147	-0.007981885	-0.9674398	-3.48314e-17	0	335.43527
4.5400000000004744e-10	0.24066974	-0.008059515	-0.9674814	-3.4832582e-17	0	335.43527
4.5410000000004747e-10	0.24057703	-0.008136151	-0.96752316	-3.4833757e-17	0	335.43527
4.542000000000475e-10	0.24048331	-0.008211777	-0.96756506	-3.483493e-17	0	335.43527
4.5430000000004753e-10	0.24038863	-0.008286374	-0.9676071	-3.4836113e-17	0	335.43527
4.5440000000004757e-10	0.24029295	-0.008359927	-0.9676492	-3.4837284e-17	0	335.43527
4.545000000000476e-10	0.24019632	-0.008432418	-0.96769154	-3.4838452e-17	0	335.43527
4.5460000000004763e-10	0.2400987	-0.008503833	-0.9677339	-3.483964e-17	0	335.43527
4.5470000000004766e-10	0.24000019	-0.008574152	-0.9677764	-3.4840814e-17	0	335.43527
4.548000000000477e-10	0.23990075	-0.008643362	-0.967819	-3.484199e-17	0	335.43527
4.549000000000477e-10	0.2398004	-0.008711445	-0.96786165	-3.484317e-17	0	335.43527
4.5500000000004775e-10	0.23969918	-0.008778388	-0.9679045	-3.4844348e-17	0	335.43527
4.551000000000478e-10	0.23959702	-0.008844172	-0.96794736	-3.4845513e-17	0	335.43527
4.552000000000478e-10	0.23949409	-0.008908782	-0.9679904	-3.484669e-17	0	335.43527
4.5530000000004784e-10	0.23939025	-0.008972206	-0.9680334	-3.4847865e-17	0	335.43527
4.5540000000004787e-10	0.2392856	-0.009034428	-0.9680766	-3.4849033e-17	0	335.43527
4.555000000000479e-10	0.23918015	-0.00909543	-0.9681198	-3.485022e-17	0	335.43527
4.5560000000004793e-10	0.23907387	-0.0091552045	-0.9681631	-3.4851392e-17	0	335.43527
4.5570000000004796e-10	0.23896684	-0.009213731	-0.96820647	-3.485255e-17	0	335.43527
4.55800000000048e-10	0.23885901	-0.009271	-0.9682498	-3.485372e-17	0	335.43527
4.55900000000048e-10	0.23875046	-0.009326994	-0.96829337	-3.48549e-17	0	335.43527
4.5600000000004806e-10	0.23864117	-0.009381704	-0.96833676	-3.4856077e-17	0	335.43527
4.561000000000481e-10	0.23853117	-0.009435114	-0.96838045	-3.4857252e-17	0	335.43527
4.562000000000481e-10	0.23842049	-0.009487213	-0.9684241	-3.48584e-17	0	335.43527
4.5630000000004815e-10	0.23830913	-0.009537989	-0.96846765	-3.4859585e-17	0	335.43527
4.564000000000482e-10	0.23819715	-0.009587429	-0.96851134	-3.486074e-17	0	335.43527
4.565000000000482e-10	0.2380845	-0.009635522	-0.96855515	-3.4861904e-17	0	335.43527
4.5660000000004824e-10	0.23797125	-0.009682256	-0.9685988	-3.486307e-17	0	335.43527
4.5670000000004827e-10	0.2378574	-0.00972762	-0.9686426	-3.4864227e-17	0	335.43527
4.568000000000483e-10	0.23774295	-0.009771604	-0.9686863	-3.4865395e-17	0	335.43527
4.5690000000004833e-10	0.23762797	-0.009814197	-0.9687301	-3.4866536e-17	0	335.43527
4.5700000000004836e-10	0.23751244	-0.009855391	-0.9687739	-3.4867704e-17	0	335.43527
4.571000000000484e-10	0.23739642	-0.009895176	-0.9688176	-3.4868866e-17	0	335.43527
4.572000000000484e-10	0.23727989	-0.009933541	-0.9688615	-3.4870017e-17	0	335.43527
4.5730000000004845e-10	0.23716289	-0.009970477	-0.96890527	-3.487116e-17	0	335.43527
4.574000000000485e-10	0.23704545	-0.010005979	-0.9689489	-3.4872323e-17	0	335.43527
4.575000000000485e-10	0.23692757	-0.010040034	-0.96899265	-3.487346e-17	0	335.43527
4.5760000000004855e-10	0.23680925	-0.010072639	-0.9690364	-3.4874613e-17	0	335.43527
4.577000000000486e-10	0.23669061	-0.0101037845	-0.9690801	-3.4875754e-17	0	335.43527
4.578000000000486e-10	0.23657157	-0.010133463	-0.96912366	-3.4876893e-17	0	335.43527
4.5790000000004864e-10	0.23645218	-0.01016167	-0.96916723	-3.487803e-17	0	335.43527
4.5800000000004867e-10	0.23633246	-0.010188397	-0.9692108	-3.4879162e-17	0	335.43527
4.581000000000487e-10	0.23621246	-0.0102136405	-0.9692544	-3.4880304e-17	0	335.43527
4.5820000000004873e-10	0.23609218	-0.010237394	-0.9692979	-3.4881435e-17	0	335.43527
4.5830000000004876e-10	0.23597166	-0.010259654	-0.9693412	-3.4882554e-17	0	335.43527
4.584000000000488e-10	0.2358509	-0.010280414	-0.9693845	-3.4883676e-17	0	335.43527
4.585000000000488e-10	0.23572993	-0.010299673	-0.9694277	-3.4884804e-17	0	335.43527
4.5860000000004885e-10	0.23560873	-0.010317424	-0.9694709	-3.4885932e-17	0	335.43527
4.587000000000489e-10	0.23548743	-0.010333665	-0.9695141	-3.4887037e-17	0	335.43527
4.588000000000489e-10	0.23536597	-0.0103483945	-0.969557	-3.488816e-17	0	335.43527
4.5890000000004895e-10	0.23524438	-0.010361608	-0.96959996	-3.488927e-17	0	335.43527
4.59000000000049e-10	0.2351227	-0.010373306	-0.96964276	-3.489038e-17	0	335.43527
4.59100000000049e-10	0.23500095	-0.010383487	-0.9696855	-3.4891464e-17	0	335.43527
4.5920000000004904e-10	0.23487915	-0.010392146	-0.9697282	-3.4892583e-17	0	335.43527
4.5930000000004907e-10	0.23475733	-0.010399288	-0.9697707	-3.489369e-17	0	335.43527
4.594000000000491e-10	0.2346355	-0.010404908	-0.9698131	-3.4894776e-17	0	335.43527
4.5950000000004913e-10	0.23451371	-0.010409009	-0.9698554	-3.489586e-17	0	335.43527
4.5960000000004916e-10	0.23439193	-0.01041159	-0.96989757	-3.4896953e-17	0	335.43527
4.597000000000492e-10	0.23427024	-0.010412654	-0.9699396	-3.4898032e-17	0	335.43527
4.598000000000492e-10	0.23414865	-0.010412199	-0.96998155	-3.489911e-17	0	335.43527
4.5990000000004925e-10	0.23402716	-0.010410233	-0.9700234	-3.4900183e-17	0	335.43527
4.600000000000493e-10	0.23390579	-0.010406753	-0.970065	-3.490127e-17	0	335.43527
4.601000000000493e-10	0.2337846	-0.010401762	-0.9701065	-3.4902323e-17	0	335.43527
4.6020000000004934e-10	0.23366356	-0.010395264	-0.97014785	-3.4903405e-17	0	335.43527
4.603000000000494e-10	0.23354277	-0.010387264	-0.9701891	-3.490446e-17	0	335.43527
4.604000000000494e-10	0.23342215	-0.010377766	-0.9702301	-3.4905526e-17	0	335.43527
4.6050000000004944e-10	0.23330182	-0.010366772	-0.970271	-3.490658e-17	0	335.43527
4.6060000000004947e-10	0.23318174	-0.010354288	-0.9703118	-3.490763e-17	0	335.43527
4.607000000000495e-10	0.23306195	-0.01034032	-0.9703523	-3.490867e-17	0	335.43527
4.6080000000004953e-10	0.2329425	-0.010324872	-0.9703927	-3.4909712e-17	0	335.43527
4.6090000000004956e-10	0.23282337	-0.010307951	-0.9704329	-3.4910744e-17	0	335.43527
4.610000000000496e-10	0.2327046	-0.010289563	-0.97047293	-3.4911783e-17	0	335.43527
4.611000000000496e-10	0.23258622	-0.0102697145	-0.9705128	-3.49128e-17	0	335.43527
4.6120000000004965e-10	0.23246822	-0.010248414	-0.9705524	-3.4913828e-17	0	335.43527
4.613000000000497e-10	0.23235065	-0.010225667	-0.9705919	-3.491485e-17	0	335.43527
4.614000000000497e-10	0.23223354	-0.010201482	-0.9706311	-3.4915866e-17	0	335.43527
4.6150000000004974e-10	0.23211685	-0.010175868	-0.9706702	-3.4916875e-17	0	335.43527
4.6160000000004977e-10	0.23200068	-0.010148833	-0.97070915	-3.4917878e-17	0	335.43527
4.617000000000498e-10	0.23188502	-0.010120385	-0.9707477	-3.4918894e-17	0	335.43527
