# t (s)	mx ()	my ()	mz ()	E_total (J)	J (A/m2)	T (K)
0	0	0	1	-6.810669e-17	0	300
1e-13	0.15506262	-4.0462844e-08	0.98788834	-6.975807e-17	-4.196604e+07	300
2e-13	0.15506262	-8.325481e-08	0.98788834	-6.975808e-17	-4.196604e+07	300
3.4999999999999997e-13	0.15506262	-1.521423e-07	0.9878883	-6.9758087e-17	-4.72e+07	300
4.4999999999999995e-13	0.15506262	-2.0142294e-07	0.98788834	-6.9758073e-17	-4.72e+07	300
5.5e-13	0.15506263	-2.5358045e-07	0.98788834	-6.9758087e-17	-5.4669736e+07	300
6.5e-13	0.15506262	-3.0878437e-07	0.98788834	-6.9758073e-17	-5.4669736e+07	300
7.499999999999999e-13	0.15506262	-3.6722497e-07	0.98788834	-6.9758087e-17	-6.1488084e+07	300
8.499999999999999e-13	0.15506262	-4.2909318e-07	0.9878883	-6.9758087e-17	-6.1488084e+07	300
9.5e-13	0.15506262	-4.946011e-07	0.98788834	-6.9758087e-17	-7.121901e+07	300
1.05e-12	0.15506262	-5.6396823e-07	0.98788834	-6.9758087e-17	-7.121901e+07	300
1.15e-12	0.15506262	-6.374324e-07	0.98788834	-6.9758087e-17	-8.010135e+07	300
1.25e-12	0.15506262	-7.1523635e-07	0.98788834	-6.9758087e-17	-8.010135e+07	300
1.35e-12	0.15506262	-7.976447e-07	0.98788834	-6.9758087e-17	-9.009149e+07	300
1.4499999999999999e-12	0.15506262	-8.8493573e-07	0.98788834	-6.9758087e-17	-9.009149e+07	300
1.5499999999999999e-12	0.15506262	-9.774091e-07	0.98788834	-6.9758087e-17	-1.01327576e+08	300
1.6499999999999998e-12	0.15506262	-1.0753763e-06	0.98788834	-6.9758073e-17	-1.01327576e+08	300
1.7499999999999998e-12	0.15506262	-1.1791692e-06	0.98788834	-6.9758087e-17	-1.13965016e+08	300
1.85e-12	0.15506262	-1.2891408e-06	0.98788834	-6.9758073e-17	-1.13965016e+08	300
1.95e-12	0.15506262	-1.4056662e-06	0.98788834	-6.9758073e-17	-1.2817857e+08	300
2.05e-12	0.15506262	-1.5291412e-06	0.98788834	-6.9758073e-17	-1.2817857e+08	300
2.15e-12	0.15506262	-1.6599874e-06	0.98788834	-6.9758087e-17	-1.441648e+08	300
2.25e-12	0.15506262	-1.7986481e-06	0.98788834	-6.9758087e-17	-1.441648e+08	300
2.35e-12	0.15506262	-1.9456015e-06	0.98788834	-6.9758087e-17	-1.621448e+08	300
2.45e-12	0.15506262	-2.1013443e-06	0.98788834	-6.9758073e-17	-1.621448e+08	300
2.55e-12	0.15506262	-2.266412e-06	0.98788834	-6.9758087e-17	-1.8236723e+08	300
2.65e-12	0.15506262	-2.441364e-06	0.98788834	-6.9758073e-17	-1.8236723e+08	300
2.7499999999999998e-12	0.15506262	-2.626803e-06	0.98788834	-6.9758087e-17	-2.0511174e+08	300
2.8499999999999998e-12	0.15506262	-2.8233628e-06	0.98788834	-6.975808e-17	-2.0511174e+08	300
2.9499999999999997e-12	0.15506262	-3.031717e-06	0.98788834	-6.975808e-17	-2.306929e+08	300
3.0499999999999997e-12	0.15506262	-3.2525775e-06	0.98788834	-6.975808e-17	-2.306929e+08	300
3.1499999999999997e-12	0.15506262	-3.4867007e-06	0.98788834	-6.9758087e-17	-2.5946443e+08	300
3.2499999999999997e-12	0.15506262	-3.734895e-06	0.98788834	-6.975807e-17	-2.5946443e+08	300
3.3499999999999997e-12	0.15506262	-3.998008e-06	0.98788834	-6.9758087e-17	-2.918243e+08	300
3.4499999999999996e-12	0.15506262	-4.276947e-06	0.98788834	-6.9758087e-17	-2.918243e+08	300
3.5499999999999996e-12	0.15506262	-4.572664e-06	0.98788834	-6.9758087e-17	-3.282199e+08	300
3.65e-12	0.15506262	-4.8861802e-06	0.98788834	-6.9758087e-17	-3.282199e+08	300
3.75e-12	0.15506262	-5.2185696e-06	0.98788834	-6.975808e-17	-3.691547e+08	300
3.85e-12	0.15506262	-5.570976e-06	0.98788834	-6.975808e-17	-3.691547e+08	300
3.95e-12	0.15506262	-5.944619e-06	0.98788834	-6.975808e-17	-4.1519462e+08	300
4.05e-12	0.15506262	-6.3407833e-06	0.98788834	-6.9758087e-17	-4.1519462e+08	300
4.15e-12	0.15506262	-6.7608385e-06	0.98788834	-6.9758087e-17	-4.6697648e+08	300
4.25e-12	0.15506262	-7.2062335e-06	0.98788834	-6.9758087e-17	-4.6697648e+08	300
4.35e-12	0.15506262	-7.678506e-06	0.98788834	-6.9758087e-17	-5.252163e+08	300
4.45e-12	0.15506262	-8.179292e-06	0.98788834	-6.9758087e-17	-5.252163e+08	300
4.55e-12	0.15506262	-8.710304e-06	0.98788834	-6.9758087e-17	-5.907194e+08	300
4.65e-12	0.15506262	-9.273364e-06	0.98788834	-6.9758087e-17	-5.907194e+08	300
4.75e-12	0.15506262	-9.870404e-06	0.98788834	-6.975808e-17	-6.643917e+08	300
4.85e-12	0.15506262	-1.0503474e-05	0.98788834	-6.975808e-17	-6.643917e+08	300
4.95e-12	0.15506262	-1.1174752e-05	0.98788834	-6.9758087e-17	-7.4725184e+08	300
5.05e-12	0.15506262	-1.1886559e-05	0.98788834	-6.975808e-17	-7.4725184e+08	300
5.15e-12	0.15506262	-1.2641369e-05	0.98788834	-6.975808e-17	-8.4044563e+08	300
5.25e-12	0.1550626	-1.3441882e-05	0.98788834	-6.975808e-17	-8.4044563e+08	300
5.35e-12	0.15506256	-1.4291134e-05	0.98788834	-6.975808e-17	-9.452617e+08	300
5.45e-12	0.15506251	-1.5192263e-05	0.98788834	-6.975808e-17	-9.452617e+08	300
5.5499999999999996e-12	0.15506245	-1.6148611e-05	0.98788834	-6.9758073e-17	-1.06314944e+09	300
5.6499999999999996e-12	0.1550624	-1.7163433e-05	0.98788834	-6.9758073e-17	-1.06314944e+09	300
5.7499999999999995e-12	0.15506235	-1.8240265e-05	0.98788834	-6.975808e-17	-1.1957389e+09	300
5.8499999999999995e-12	0.15506232	-1.9382802e-05	0.98788834	-6.9758087e-17	-1.1957389e+09	300
5.9499999999999995e-12	0.15506224	-2.0594975e-05	0.98788834	-6.9758087e-17	-1.3448631e+09	300
6.0499999999999995e-12	0.1550622	-2.1880962e-05	0.9878884	-6.975808e-17	-1.3448631e+09	300
6.1499999999999994e-12	0.15506214	-2.324521e-05	0.9878884	-6.9758073e-17	-1.5125842e+09	300
6.2499999999999994e-12	0.15506211	-2.4692388e-05	0.9878884	-6.9758087e-17	-1.5125842e+09	300
6.349999999999999e-12	0.15506205	-2.6227464e-05	0.98788834	-6.975808e-17	-1.701221e+09	300
6.449999999999999e-12	0.15506198	-2.7855715e-05	0.98788834	-6.9758087e-17	-1.701221e+09	300
6.549999999999999e-12	0.15506192	-2.958275e-05	0.9878884	-6.975808e-17	-1.9133812e+09	300
6.649999999999999e-12	0.15506186	-3.1414616e-05	0.9878884	-6.975807e-17	-1.9133812e+09	300
6.749999999999999e-12	0.15506178	-3.3357763e-05	0.9878884	-6.975807e-17	-2.1519982e+09	300
6.849999999999999e-12	0.15506169	-3.5419056e-05	0.9878885	-6.9758053e-17	-2.1519982e+09	300
6.949999999999999e-12	0.15506159	-3.7605707e-05	0.9878885	-6.975807e-17	-2.4203702e+09	300
7.049999999999999e-12	0.15506148	-3.992529e-05	0.9878885	-6.975806e-17	-2.4203702e+09	300
7.149999999999999e-12	0.1550614	-4.2385735e-05	0.9878885	-6.975806e-17	-2.7222072e+09	300
7.249999999999999e-12	0.15506127	-4.499546e-05	0.9878885	-6.9758087e-17	-2.7222072e+09	300
7.35e-12	0.15506119	-4.776344e-05	0.9878885	-6.975807e-17	-3.0616814e+09	300
7.400000000000002e-12	0.15506113	-4.920976e-05	0.9878885	-6.975807e-17	-3.0616814e+09	300
7.500000000000003e-12	0.15506099	-5.2233318e-05	0.9878886	-6.9758087e-17	-3.0616814e+09	300
7.600000000000005e-12	0.15506087	-5.5440465e-05	0.98788863	-6.975808e-17	-3.4434847e+09	300
7.700000000000006e-12	0.15506074	-5.8842248e-05	0.98788863	-6.975807e-17	-3.4434847e+09	300
7.800000000000008e-12	0.15506057	-6.245038e-05	0.9878887	-6.975806e-17	-3.8728937e+09	300
7.90000000000001e-12	0.15506041	-6.6277345e-05	0.9878887	-6.9758073e-17	-3.8728937e+09	300
8.000000000000011e-12	0.15506026	-7.033617e-05	0.9878887	-6.975808e-17	-4.3558426e+09	300
8.100000000000013e-12	0.15506011	-7.464089e-05	0.9878887	-6.9758073e-17	-4.3558426e+09	300
8.200000000000014e-12	0.15505996	-7.920613e-05	0.9878887	-6.975807e-17	-4.8990044e+09	300
8.300000000000016e-12	0.1550598	-8.404757e-05	0.9878887	-6.9758073e-17	-4.8990044e+09	300
8.400000000000018e-12	0.15505964	-8.918187e-05	0.98788875	-6.9758073e-17	-5.5098834e+09	300
8.500000000000019e-12	0.15505946	-9.462666e-05	0.9878888	-6.975808e-17	-5.5098834e+09	300
8.60000000000002e-12	0.15505926	-0.00010040073	0.9878888	-6.975808e-17	-6.1969193e+09	300
8.700000000000022e-12	0.15505907	-0.00010652401	0.9878888	-6.9758073e-17	-6.1969193e+09	300
8.800000000000024e-12	0.15505888	-0.00011301773	0.9878889	-6.975806e-17	-6.969601e+09	300.00003
8.900000000000025e-12	0.15505861	-0.00011990437	0.98788893	-6.975807e-17	-6.969601e+09	300.00003
9.000000000000027e-12	0.15505837	-0.00012720769	0.98788905	-6.9758073e-17	-7.8386e+09	300.00003
9.100000000000029e-12	0.15505812	-0.00013495285	0.9878891	-6.975807e-17	-7.8386e+09	300.00003
9.20000000000003e-12	0.15505782	-0.00014316684	0.9878891	-6.9758087e-17	-8.815916e+09	300.00003
9.300000000000032e-12	0.1550575	-0.00015187806	0.9878891	-6.975807e-17	-8.815916e+09	300.00003
9.400000000000033e-12	0.15505719	-0.00016111636	0.9878892	-6.9758087e-17	-9.91504e+09	300.00003
9.500000000000035e-12	0.1550569	-0.00017091335	0.9878892	-6.9758087e-17	-9.91504e+09	300.00003
9.600000000000037e-12	0.15505655	-0.00018130278	0.98788923	-6.9758073e-17	-1.1151142e+10	300.00003
9.700000000000038e-12	0.15505621	-0.00019232041	0.9878893	-6.975805e-17	-1.1151142e+10	300.00003
9.80000000000004e-12	0.1550558	-0.00020400457	0.9878894	-6.9758053e-17	-1.254128e+10	300.00006
9.900000000000041e-12	0.15505539	-0.00021639526	0.9878894	-6.9758073e-17	-1.254128e+10	300.00006
1.0000000000000043e-11	0.15505496	-0.00022953576	0.9878895	-6.9758073e-17	-1.4104629e+10	300.00006
1.0100000000000045e-11	0.15505448	-0.00024347118	0.9878895	-6.975807e-17	-1.4104629e+10	300.00006
1.0200000000000046e-11	0.155054	-0.00025824842	0.9878897	-6.97581e-17	-1.5862749e+10	300.0001
1.0300000000000048e-11	0.1550535	-0.00027391902	0.9878897	-6.97581e-17	-1.5862749e+10	300.0001
1.040000000000005e-11	0.15505295	-0.00029053746	0.9878898	-6.975808e-17	-1.7839876e+10	300.0001
1.0500000000000051e-11	0.15505236	-0.0003081608	0.98788995	-6.97581e-17	-1.7839876e+10	300.0001
1.0600000000000053e-11	0.15505174	-0.00032685	0.98789	-6.97581e-17	-2.0063255e+10	300.00012
1.0700000000000054e-11	0.15505111	-0.0003466692	0.98789006	-6.9758087e-17	-2.0063255e+10	300.00012
1.0800000000000056e-11	0.15505041	-0.00036768665	0.9878901	-6.975807e-17	-2.256351e+10	300.00015
1.0900000000000057e-11	0.15504968	-0.00038997494	0.98789036	-6.975807e-17	-2.256351e+10	300.00015
1.1000000000000059e-11	0.15504892	-0.00041361083	0.9878904	-6.9758073e-17	-2.537506e+10	300.0002
1.110000000000006e-11	0.1550481	-0.00043867558	0.9878905	-6.9758073e-17	-2.537506e+10	300.0002
1.1200000000000062e-11	0.15504724	-0.00046525509	0.9878906	-6.975808e-17	-2.8536586e+10	300.00027
1.1300000000000064e-11	0.15504633	-0.0004934415	0.9878908	-6.975806e-17	-2.8536586e+10	300.00027
1.1400000000000065e-11	0.15504536	-0.0005233316	0.9878909	-6.975808e-17	-3.2091564e+10	300.00034
1.1500000000000067e-11	0.15504432	-0.00055502815	0.98789096	-6.9758073e-17	-3.2091564e+10	300.00034
1.1600000000000069e-11	0.15504321	-0.0005886387	0.98789126	-6.9758087e-17	-3.608883e+10	300.00043
1.170000000000007e-11	0.15504202	-0.0006242809	0.9878914	-6.97581e-17	-3.608883e+10	300.00043
1.1800000000000072e-11	0.15504079	-0.0006620762	0.9878915	-6.9758126e-17	-4.0583274e+10	300.00052
1.1900000000000073e-11	0.15503946	-0.00070215564	0.9878918	-6.9758106e-17	-4.0583274e+10	300.00052
1.2000000000000075e-11	0.15503806	-0.00074465614	0.9878919	-6.9758126e-17	-4.5636526e+10	300.00067
1.2100000000000076e-11	0.15503658	-0.0007897245	0.98789215	-6.975813e-17	-4.5636526e+10	300.00067
1.2200000000000078e-11	0.15503502	-0.0008375148	0.98789227	-6.9758126e-17	-5.1317834e+10	300.00085
1.230000000000008e-11	0.15503335	-0.00088819204	0.9878925	-6.975812e-17	-5.1317834e+10	300.00085
1.2400000000000081e-11	0.15503159	-0.0009419279	0.98789275	-6.9758146e-17	-5.7704948e+10	300.00107
1.2500000000000083e-11	0.15502974	-0.000998909	0.98789304	-6.975814e-17	-5.7704948e+10	300.00107
1.2600000000000084e-11	0.15502775	-0.0010593288	0.98789316	-6.975817e-17	-6.488516e+10	300.00134
1.2700000000000086e-11	0.15502566	-0.0011233964	0.9878936	-6.9758166e-17	-6.488516e+10	300.00134
1.2800000000000088e-11	0.15502344	-0.0011913299	0.9878938	-6.9758186e-17	-7.295647e+10	300.0017
1.290000000000009e-11	0.15502109	-0.0012633633	0.98789406	-6.975818e-17	-7.295647e+10	300.0017
1.3000000000000091e-11	0.15501861	-0.0013397407	0.9878944	-6.9758226e-17	-8.202884e+10	300.00217
1.3100000000000092e-11	0.15501596	-0.0014207265	0.9878947	-6.97582e-17	-8.202884e+10	300.00217
1.3200000000000094e-11	0.15501314	-0.001506593	0.987895	-6.975829e-17	-9.222566e+10	300.00272
1.3300000000000096e-11	0.15501016	-0.0015976386	0.9878953	-6.9758265e-17	-9.222566e+10	300.00272
1.3400000000000097e-11	0.155007	-0.0016941695	0.9878956	-6.975833e-17	-1.0368529e+11	300.00345
1.3500000000000099e-11	0.15500367	-0.0017965204	0.98789597	-6.975831e-17	-1.0368529e+11	300.00345
1.36000000000001e-11	0.15500012	-0.001905033	0.98789644	-6.975842e-17	-1.1656289e+11	300.00436
1.3700000000000102e-11	0.15499638	-0.002020085	0.98789674	-6.9758384e-17	-1.1656289e+11	300.00436
1.3800000000000104e-11	0.1549924	-0.002142059	0.98789716	-6.9758537e-17	-1.3103233e+11	300.0055
1.3900000000000105e-11	0.15498818	-0.002271379	0.9878975	-6.975848e-17	-1.3103233e+11	300.0055
1.4000000000000107e-11	0.15498374	-0.0024084745	0.9878979	-6.975864e-17	-1.4728839e+11	300.00696
1.4100000000000108e-11	0.15497902	-0.0025538218	0.98789823	-6.975858e-17	-1.4728839e+11	300.00696
1.420000000000011e-11	0.15497401	-0.0027079007	0.98789865	-6.975878e-17	-1.6554915e+11	300.0088
1.4300000000000112e-11	0.15496871	-0.0028712468	0.987899	-6.97587e-17	-1.6554915e+11	300.0088
1.4400000000000113e-11	0.1549631	-0.0030443955	0.98789936	-6.9758987e-17	-1.8605865e+11	300.0111
1.4500000000000115e-11	0.15495715	-0.0032279508	0.9878997	-6.9758914e-17	-1.8605865e+11	300.0111
1.4600000000000116e-11	0.15495086	-0.0034225124	0.9879001	-6.9759225e-17	-2.0908982e+11	300.01404
1.4700000000000115e-11	0.1549442	-0.0036287569	0.9879004	-6.975912e-17	-2.0908982e+11	300.01404
1.4800000000000113e-11	0.15493712	-0.0038473527	0.98790073	-6.9759496e-17	-2.3494764e+11	300.01773
1.490000000000011e-11	0.15492965	-0.0040790625	0.98790103	-6.975938e-17	-2.3494764e+11	300.01773
1.500000000000011e-11	0.15492174	-0.004324639	0.9879011	-6.976012e-17	-2.717673e+11	300.0239
1.5100000000000108e-11	0.15491335	-0.0045849094	0.98790133	-6.9759966e-17	-2.717673e+11	300.0239
1.5200000000000106e-11	0.15490448	-0.004860765	0.9879014	-6.975979e-17	-2.717673e+11	300.0239
1.5300000000000105e-11	0.15489511	-0.005153067	0.98790145	-6.976074e-17	-3.142912e+11	300.03217
1.5400000000000103e-11	0.15488517	-0.0054628514	0.9879014	-6.976052e-17	-3.142912e+11	300.03217
1.55000000000001e-11	0.15487468	-0.0057911067	0.98790115	-6.976182e-17	-3.6338064e+11	300.0432
1.56000000000001e-11	0.15486357	-0.0061389212	0.98790073	-6.9761534e-17	-3.6338064e+11	300.0432
1.5700000000000098e-11	0.1548518	-0.00650749	0.9879003	-6.976121e-17	-3.6338064e+11	300.0432
1.5800000000000097e-11	0.15483934	-0.00689792	0.9878996	-6.97629e-17	-4.2001957e+11	300.05795
1.5900000000000095e-11	0.15482618	-0.0073116063	0.98789877	-6.976251e-17	-4.2001957e+11	300.05795
1.6000000000000093e-11	0.15481228	-0.0077498322	0.9878976	-6.9764817e-17	-4.8532917e+11	300.07767
1.6100000000000092e-11	0.15479758	-0.008214036	0.9878961	-6.976429e-17	-4.8532917e+11	300.07767
1.620000000000009e-11	0.15478206	-0.008705799	0.98789436	-6.976371e-17	-4.8532917e+11	300.07767
1.630000000000009e-11	0.15476564	-0.009226531	0.98789227	-6.976673e-17	-5.6058374e+11	300.10394
1.6400000000000087e-11	0.15474829	-0.009778109	0.9878897	-6.976602e-17	-5.6058374e+11	300.10394
1.6500000000000085e-11	0.15472999	-0.010362185	0.9878867	-6.9770124e-17	-6.47227e+11	300.13898
1.6600000000000084e-11	0.15471065	-0.010980634	0.9878831	-6.976923e-17	-6.47227e+11	300.13898
1.6700000000000082e-11	0.15469024	-0.01163556	0.9878788	-6.9768205e-17	-6.47227e+11	300.13898
1.680000000000008e-11	0.15466872	-0.01232871	0.9878738	-6.9773585e-17	-7.468883e+11	300.18564
1.690000000000008e-11	0.15464601	-0.013062616	0.987868	-6.9772314e-17	-7.468883e+11	300.18564
1.7000000000000077e-11	0.15462208	-0.013839363	0.98786116	-6.977957e-17	-8.613988e+11	300.24768
1.7100000000000075e-11	0.15459685	-0.014661386	0.98785335	-6.9777946e-17	-8.613988e+11	300.24768
1.7200000000000074e-11	0.15457027	-0.015531458	0.98784417	-6.977616e-17	-8.613988e+11	300.24768
1.7300000000000072e-11	0.1545423	-0.01645169	0.98783374	-6.978565e-17	-9.928051e+11	300.3301
1.740000000000007e-11	0.15451282	-0.017425485	0.9878218	-6.978337e-17	-9.928051e+11	300.3301
1.750000000000007e-11	0.15448186	-0.018455425	0.9878079	-6.9796144e-17	-1.1433806e+12	300.43942
1.7600000000000067e-11	0.15444928	-0.019544626	0.9877921	-6.9793305e-17	-1.1433806e+12	300.43942
1.7700000000000066e-11	0.1544151	-0.020696726	0.98777395	-6.97901e-17	-1.1433806e+12	300.43942
1.7800000000000064e-11	0.15437919	-0.02191415	0.9877534	-6.9806804e-17	-1.3156317e+12	300.58417
1.7900000000000062e-11	0.15434152	-0.023201477	0.98772997	-6.980282e-17	-1.3156317e+12	300.58417
1.800000000000006e-11	0.15430206	-0.024561798	0.9877034	-6.982512e-17	-1.5122952e+12	300.77542
1.810000000000006e-11	0.15426072	-0.025999034	0.9876731	-6.98201e-17	-1.5122952e+12	300.77542
1.8200000000000057e-11	0.1542175	-0.027517911	0.98763883	-6.981451e-17	-1.5122952e+12	300.77542
1.8300000000000056e-11	0.15417232	-0.029121019	0.98759997	-6.984353e-17	-1.7363283e+12	301.0275
1.8400000000000054e-11	0.15412515	-0.03081448	0.987556	-6.983653e-17	-1.7363283e+12	301.0275
1.8500000000000052e-11	0.15407604	-0.03260183	0.98750633	-6.9875136e-17	-1.9908793e+12	301.35886
1.860000000000005e-11	0.1540249	-0.03448788	0.9874503	-6.98664e-17	-1.9908793e+12	301.35886
1.870000000000005e-11	0.15397175	-0.0364787	0.9873872	-6.9856653e-17	-1.9908793e+12	301.35886
1.8800000000000048e-11	0.15391666	-0.038576677	0.98731613	-6.990658e-17	-2.2792427e+12	301.79315
1.8900000000000046e-11	0.15385959	-0.040789943	0.9872362	-6.989447e-17	-2.2792427e+12	301.79315
1.9000000000000044e-11	0.15380067	-0.043122247	0.9871464	-6.996036e-17	-2.6047863e+12	302.36035
1.9100000000000043e-11	0.15373997	-0.045579303	0.9870456	-6.994532e-17	-2.6047863e+12	302.36035
1.920000000000004e-11	0.15367746	-0.048168704	0.9869325	-6.9928545e-17	-2.6047863e+12	302.36035
1.930000000000004e-11	0.15361372	-0.05089204	0.9868058	-7.0013136e-17	-2.970848e+12	303.09808
1.9400000000000038e-11	0.15354843	-0.053759914	0.98666406	-6.999237e-17	-2.970848e+12	303.09808
1.9500000000000036e-11	0.15348217	-0.05677581	0.9865055	-7.0103e-17	-3.3805938e+12	304.05322
1.9600000000000034e-11	0.1534152	-0.059946164	0.9863285	-7.0077325e-17	-3.3805938e+12	304.05322
1.9700000000000033e-11	0.15334734	-0.06328022	0.98613095	-7.004884e-17	-3.3805938e+12	304.05322
1.980000000000003e-11	0.1532804	-0.066777706	0.98591083	-7.018941e-17	-3.836829e+12	305.28342
1.990000000000003e-11	0.15321326	-0.07045209	0.98566574	-7.0154366e-17	-3.836829e+12	305.28342
2.0000000000000028e-11	0.15314761	-0.074305795	0.9853931	-7.033587e-17	-4.341762e+12	306.8585
2.0100000000000026e-11	0.15308398	-0.07834547	0.9850902	-7.0292856e-17	-4.341762e+12	306.8585
2.0200000000000025e-11	0.15302177	-0.08258183	0.9847539	-7.02453e-17	-4.341762e+12	306.8585
2.0300000000000023e-11	0.15296553	-0.08701126	0.98438144	-7.047284e-17	-4.896713e+12	308.86157
2.040000000000002e-11	0.15291223	-0.091650195	0.98396885	-7.041481e-17	-4.896713e+12	308.86157
2.050000000000002e-11	0.15286577	-0.09649871	0.9835126	-7.070413e-17	-5.501771e+12	311.38977
2.0600000000000018e-11	0.15282723	-0.101562746	0.98300874	-7.063348e-17	-5.501771e+12	311.38977
2.0700000000000016e-11	0.15279481	-0.10685381	0.98245287	-7.055584e-17	-5.501771e+12	311.38977
2.0800000000000015e-11	0.1527789	-0.11236306	0.98184067	-7.0912116e-17	-6.155411e+12	314.55365
2.0900000000000013e-11	0.15277201	-0.118109316	0.9811673	-7.081823e-17	-6.155411e+12	314.55365
2.100000000000001e-11	0.15278246	-0.1240886	0.9804276	-7.1262285e-17	-6.854088e+12	318.4754
2.110000000000001e-11	0.15281229	-0.13030466	0.9796164	-7.114926e-17	-6.854088e+12	318.4754
2.1200000000000008e-11	0.15285674	-0.13676834	0.9787283	-7.1025857e-17	-6.854088e+12	318.4754
2.1300000000000007e-11	0.15293771	-0.14346373	0.97775674	-7.156044e-17	-7.5918297e+12	323.28534
2.1400000000000005e-11	0.15303834	-0.15041018	0.9766967	-7.141299e-17	-7.5918297e+12	323.28534
2.1500000000000003e-11	0.15317509	-0.15759793	0.9755414	-7.2062744e-17	-8.3598943e+12	329.1155
2.1600000000000002e-11	0.15335143	-0.1650264	0.97428477	-7.188746e-17	-8.3598943e+12	329.1155
2.175e-11	0.15369013	-0.17662369	0.972196	-7.256376e-17	-9.146519e+12	336.09137
2.1849999999999998e-11	0.15398417	-0.1846462	0.9706578	-7.234854e-17	-9.146519e+12	336.09137
2.1949999999999996e-11	0.15431625	-0.19290714	0.9689972	-7.211685e-17	-9.146519e+12	336.09137
2.2049999999999994e-11	0.15474449	-0.20137718	0.96720415	-7.300227e-17	-9.936846e+12	344.32056
2.2149999999999993e-11	0.15521999	-0.21007118	0.96527696	-7.2731675e-17	-9.936846e+12	344.32056
2.224999999999999e-11	0.15578295	-0.21896759	0.963207	-7.375659e-17	-1.0713097e+13	353.87973
2.234999999999999e-11	0.15643941	-0.2280552	0.96098936	-7.3442653e-17	-1.0713097e+13	353.87973
2.2449999999999988e-11	0.15715772	-0.23733324	0.95862263	-7.310883e-17	-1.0713097e+13	353.87973
2.2549999999999986e-11	0.15803863	-0.24676242	0.95609367	-7.424439e-17	-1.1455019e+13	364.80075
2.2649999999999984e-11	0.15899321	-0.25635138	0.95340854	-7.386199e-17	-1.1455019e+13	364.80075
2.2749999999999983e-11	0.16008729	-0.26606977	0.95055854	-7.512409e-17	-1.2140685e+13	377.05765
2.284999999999998e-11	0.16132806	-0.27589768	0.94754213	-7.468971e-17	-1.2140685e+13	377.05765
2.294999999999998e-11	0.16265933	-0.28582814	0.94436556	-7.423433e-17	-1.2140685e+13	377.05765
2.3049999999999978e-11	0.16424066	-0.29581034	0.94101167	-7.557189e-17	-1.2747594e+13	390.55658
2.3149999999999976e-11	0.16592504	-0.30584875	0.9375002	-7.5062544e-17	-1.2747594e+13	390.55658
2.3249999999999975e-11	0.16781081	-0.31590384	0.9338228	-7.648105e-17	-1.3254042e+13	405.13132
2.3349999999999973e-11	0.16990504	-0.32594824	0.9299838	-7.591716e-17	-1.3254042e+13	405.13132
2.344999999999997e-11	0.17211767	-0.33597276	0.9260006	-7.533553e-17	-1.3254042e+13	405.13132
2.354999999999997e-11	0.17467842	-0.34591177	0.9218517	-7.676602e-17	-1.3640632e+13	420.54565
2.3649999999999968e-11	0.17736772	-0.35577446	0.9175741	-7.613378e-17	-1.3640632e+13	420.54565
2.3749999999999966e-11	0.18031883	-0.36551166	0.9131607	-7.757344e-17	-1.3891775e+13	436.50406
2.3849999999999965e-11	0.18353659	-0.37509206	0.9086226	-7.689481e-17	-1.3891775e+13	436.50406
2.3949999999999963e-11	0.18689215	-0.38451338	0.9039879	-7.6206846e-17	-1.3891775e+13	436.50406
2.404999999999996e-11	0.1906834	-0.39368856	0.8992335	-7.7584446e-17	-1.3996979e+13	452.66986
2.414999999999996e-11	0.19461672	-0.4026474	0.8944102	-7.6861384e-17	-1.3996979e+13	452.66986
2.4249999999999958e-11	0.1988546	-0.4113301	0.8895127	-7.8171625e-17	-1.3951762e+13	468.68878
2.4349999999999957e-11	0.20339766	-0.4197065	0.8845578	-7.742279e-17	-1.3951762e+13	468.68878
2.4449999999999955e-11	0.2080825	-0.42779225	0.87957954	-7.6677347e-17	-1.3951762e+13	468.68878
2.4549999999999953e-11	0.2132545	-0.435472	0.8745566	-7.7867884e-17	-1.3758056e+13	484.21548
2.4649999999999952e-11	0.21856458	-0.44281265	0.869544	-7.7113615e-17	-1.3758056e+13	484.21548
2.474999999999995e-11	0.22418986	-0.4497434	0.86453915	-7.8181723e-17	-1.3424034e+13	498.93845
2.484999999999995e-11	0.23012613	-0.45623928	0.85956	-7.7431126e-17	-1.3424034e+13	498.93845
2.4949999999999947e-11	0.23618995	-0.46234205	0.85463876	-7.669766e-17	-1.3424034e+13	498.93845
2.5049999999999945e-11	0.24273764	-0.46790636	0.8497604	-7.7624826e-17	-1.2963383e+13	512.6005
2.5149999999999944e-11	0.24940178	-0.47304374	0.8449712	-7.691312e-17	-1.2963383e+13	512.6005
2.5249999999999942e-11	0.2563538	-0.4776742	0.8402709	-7.7698795e-17	-1.2394148e+13	525.0123
2.534999999999994e-11	0.26358533	-0.48178056	0.8356749	-7.702085e-17	-1.2394148e+13	525.0123
2.544999999999994e-11	0.2709146	-0.48542958	0.8312056	-7.637099e-17	-1.2394148e+13	525.0123
2.5549999999999937e-11	0.27866694	-0.4884554	0.82685673	-7.703177e-17	-1.1737297e+13	536.0576
2.5649999999999935e-11	0.28650036	-0.49100536	0.82265663	-7.6429755e-17	-1.1737297e+13	536.0576
2.5749999999999934e-11	0.29456124	-0.49299678	0.81860685	-7.696291e-17	-1.1015186e+13	545.6911
2.5849999999999932e-11	0.30283862	-0.49441984	0.8147168	-7.641687e-17	-1.1015186e+13	545.6911
2.594999999999993e-11	0.3111726	-0.49535683	0.8109966	-7.590476e-17	-1.1015186e+13	545.6911
2.604999999999993e-11	0.31982487	-0.4956401	0.8074475	-7.635097e-17	-1.0250122e+13	553.92975
2.6149999999999927e-11	0.32851344	-0.49543107	0.80407816	-7.590197e-17	-1.0250122e+13	553.92975
2.6249999999999926e-11	0.33734754	-0.49465317	0.80089056	-7.625249e-17	-9.463138e+12	560.84076
2.6349999999999924e-11	0.34631443	-0.4933028	0.7978881	-7.586957e-17	-9.463138e+12	560.84076
2.6449999999999922e-11	0.35528836	-0.4914639	0.79506975	-7.5521226e-17	-9.463138e+12	560.84076
2.654999999999992e-11	0.3644539	-0.48898768	0.79244095	-7.5825794e-17	-8.67308e+12	566.5272
2.664999999999992e-11	0.37360334	-0.4860255	0.78999585	-7.554381e-17	-8.67308e+12	566.5272
2.6749999999999917e-11	0.3828064	-0.48251504	0.7877357	-7.5787366e-17	-7.8960064e+12	571.1147
2.6849999999999916e-11	0.39204937	-0.47845715	0.7856592	-7.557041e-17	-7.8960064e+12	571.1147
2.6949999999999914e-11	0.40124252	-0.47392613	0.78375876	-7.538473e-17	-7.8960064e+12	571.1147
2.7049999999999912e-11	0.4104978	-0.46880686	0.7820396	-7.5614055e-17	-7.144921e+12	574.7389
2.714999999999991e-11	0.41967762	-0.46322316	0.78048956	-7.5488867e-17	-7.144921e+12	574.7389
2.724999999999991e-11	0.42881787	-0.4571318	0.77910805	-7.568515e-17	-6.429753e+12	577.53613
2.7349999999999907e-11	0.437904	-0.45053723	0.77789104	-7.5616563e-17	-6.429753e+12	577.53613
2.7449999999999906e-11	0.4468769	-0.44349766	0.776829	-7.557391e-17	-6.429753e+12	577.53613
2.7549999999999904e-11	0.45579183	-0.43593758	0.7759243	-7.577478e-17	-5.7575463e+12	579.6361
2.7649999999999903e-11	0.46456614	-0.4279464	0.7751647	-7.578187e-17	-5.7575463e+12	579.6361
2.77499999999999e-11	0.4732111	-0.4195009	0.7745478	-7.596811e-17	-5.132768e+12	581.1576
2.78499999999999e-11	0.481712	-0.41060844	0.77406836	-7.6020036e-17	-5.132768e+12	581.1576
2.7949999999999898e-11	0.49003208	-0.40131053	0.7737179	-7.609198e-17	-5.132768e+12	581.1576
2.8049999999999896e-11	0.49818856	-0.3915692	0.77349585	-7.6290636e-17	-4.557704e+12	582.20575
2.8149999999999894e-11	0.50613636	-0.381441	0.77339244	-7.6400155e-17	-4.557704e+12	582.20575
2.8249999999999893e-11	0.5138716	-0.37092072	0.773404	-7.659415e-17	-4.0328613e+12	582.8714
2.834999999999989e-11	0.5213802	-0.36001846	0.7735257	-7.6736473e-17	-4.0328613e+12	582.8714
2.844999999999989e-11	0.52863985	-0.34876123	0.77375096	-7.6893214e-17	-4.0328613e+12	582.8714
2.8549999999999888e-11	0.53564644	-0.3371426	0.7740768	-7.7100214e-17	-3.5573693e+12	583.2313
2.8649999999999886e-11	0.54237753	-0.32519218	0.7744971	-7.7283193e-17	-3.5573693e+12	583.2313
2.8749999999999885e-11	0.5488221	-0.31291932	0.77500767	-7.7489605e-17	-3.129337e+12	583.3492
2.8849999999999883e-11	0.5549673	-0.30033663	0.7756043	-7.7694706e-17	-3.129337e+12	583.3492
2.894999999999988e-11	0.56079966	-0.28746024	0.77628255	-7.790946e-17	-3.129337e+12	583.3492
2.904999999999988e-11	0.56630594	-0.2743075	0.7770383	-7.812567e-17	-2.746166e+12	583.2771
2.914999999999988e-11	0.571476	-0.26088834	0.77786833	-7.8357145e-17	-2.746166e+12	583.2771
2.9249999999999886e-11	0.57629615	-0.24722543	0.7787681	-7.857999e-17	-2.4698914e+12	583.12244
2.934999999999989e-11	0.5807584	-0.23332484	0.7797355	-7.882505e-17	-2.4698914e+12	583.12244
2.9449999999999896e-11	0.5848492	-0.21921448	0.7807658	-7.9051864e-17	-2.2187037e+12	582.8886
2.95499999999999e-11	0.58856213	-0.20489638	0.7818575	-7.930767e-17	-2.2187037e+12	582.8886
2.9649999999999905e-11	0.5918846	-0.19040293	0.7830062	-7.953723e-17	-1.9908793e+12	582.59064
2.974999999999991e-11	0.5948115	-0.17573285	0.78421086	-7.980123e-17	-1.9908793e+12	582.59064
2.9849999999999915e-11	0.5973314	-0.16092223	0.785467	-8.003236e-17	-1.7846934e+12	582.2408
2.994999999999992e-11	0.59944016	-0.14596707	0.7867744	-8.030236e-17	-1.7846934e+12	582.2408
3.0049999999999925e-11	0.6011282	-0.13090645	0.78812873	-8.053396e-17	-1.5984517e+12	581.8491
3.014999999999993e-11	0.6023917	-0.11573414	0.7895299	-8.080805e-17	-1.5984517e+12	581.8491
3.0249999999999934e-11	0.6032237	-0.10049166	0.7909739	-8.103907e-17	-1.4305157e+12	581.42395
3.034999999999994e-11	0.6036201	-0.08517093	0.79246116	-8.131559e-17	-1.4305157e+12	581.42395
3.0449999999999944e-11	0.6035767	-0.06981537	0.79398745	-8.154514e-17	-1.2793192e+12	580.972
3.054999999999995e-11	0.6030896	-0.05441544	0.79555374	-8.182268e-17	-1.2793192e+12	580.972
3.0649999999999954e-11	0.6021568	-0.039015893	0.7971559	-8.2049984e-17	-1.1433806e+12	580.4987
3.074999999999996e-11	0.6007747	-0.023606112	0.7987953	-8.2327334e-17	-1.1433806e+12	580.4987
3.0849999999999963e-11	0.598944	-0.008231734	0.8004673	-8.2551685e-17	-1.0213099e+12	580.0086
3.094999999999997e-11	0.5966608	0.0071187136	0.80217415	-8.2827884e-17	-1.0213099e+12	580.0086
3.104999999999997e-11	0.59392864	0.02239909	0.80391127	-8.3048675e-17	-9.1181174e+11	579.50525
3.114999999999998e-11	0.59074354	0.037621498	0.8056806	-8.33229e-17	-9.1181174e+11	579.50525
3.124999999999998e-11	0.58711195	0.052739672	0.8074781	-8.353969e-17	-8.136867e+11	578.9914
3.134999999999999e-11	0.58302927	0.067766145	0.8093054	-8.381127e-17	-8.136867e+11	578.9914
3.144999999999999e-11	0.57850504	0.08265484	0.81115884	-8.402362e-17	-7.2582975e+11	578.4695
3.155e-11	0.57353437	0.097418584	0.8130402	-8.4292054e-17	-7.2582975e+11	578.4695
3.165e-11	0.56812954	0.11201179	0.81494576	-8.4499696e-17	-6.47227e+11	577.94135
3.1700000000000004e-11	0.56526214	0.11925034	0.81590825	-8.4632336e-17	-6.47227e+11	577.94135
3.180000000000001e-11	0.55920506	0.13358672	0.81785107	-8.483613e-17	-5.7695194e+11	577.4085
3.1900000000000014e-11	0.55272114	0.14772728	0.81981695	-8.509799e-17	-5.7695194e+11	577.4085
3.200000000000002e-11	0.5458159	0.16165642	0.82180524	-8.529671e-17	-5.1416072e+11	576.8721
3.2100000000000024e-11	0.5384958	0.17535889	0.82381487	-8.5554556e-17	-5.1416072e+11	576.8721
3.220000000000003e-11	0.5307676	0.18881968	0.825845	-8.5748097e-17	-4.580869e+11	576.333
3.230000000000003e-11	0.5226389	0.20202407	0.8278948	-8.600179e-17	-4.580869e+11	576.333
3.240000000000004e-11	0.5141176	0.2149577	0.8299632	-8.619005e-17	-4.080361e+11	575.7921
3.250000000000004e-11	0.50521237	0.22760652	0.8320495	-8.643951e-17	-4.080361e+11	575.7921
3.260000000000005e-11	0.49593204	0.23995681	0.8341527	-8.662244e-17	-3.6338064e+11	575.25
3.270000000000005e-11	0.48628616	0.2519952	0.83627176	-8.686761e-17	-3.6338064e+11	575.25
3.280000000000006e-11	0.476285	0.26370877	0.838406	-8.704527e-17	-3.235542e+11	574.7071
3.290000000000006e-11	0.46593893	0.27508494	0.84055436	-8.728614e-17	-3.235542e+11	574.7071
3.300000000000007e-11	0.45525903	0.2861115	0.84271586	-8.74585e-17	-2.880467e+11	574.1638
3.310000000000007e-11	0.44425666	0.29677677	0.8448895	-8.7695154e-17	-2.880467e+11	574.1638
3.3200000000000077e-11	0.43294385	0.3070694	0.8470745	-8.7862324e-17	-2.5639938e+11	573.6205
3.330000000000008e-11	0.42133284	0.31697854	0.8492697	-8.8094795e-17	-2.5639938e+11	573.6205
3.3400000000000086e-11	0.40943632	0.32649374	0.851474	-8.825683e-17	-2.282002e+11	573.0773
3.350000000000009e-11	0.39726746	0.33560514	0.8536866	-8.848518e-17	-2.282002e+11	573.0773
3.3600000000000096e-11	0.38483974	0.34430328	0.8559062	-8.864217e-17	-2.0307953e+11	572.5345
3.37000000000001e-11	0.37216705	0.35257927	0.8581319	-8.8866534e-17	-2.0307953e+11	572.5345
3.3800000000000106e-11	0.35926345	0.3604246	0.8603626	-8.901854e-17	-1.8070605e+11	571.9921
3.390000000000011e-11	0.34614357	0.3678314	0.8625971	-8.9239004e-17	-1.8070605e+11	571.9921
3.4000000000000115e-11	0.3328222	0.37479237	0.8648345	-8.938619e-17	-1.6078314e+11	571.45044
3.410000000000012e-11	0.3193144	0.38130063	0.8670736	-8.9602844e-17	-1.6078314e+11	571.45044
3.4200000000000125e-11	0.3056355	0.38734993	0.8693131	-8.974532e-17	-1.4304538e+11	570.9095
3.430000000000013e-11	0.29180115	0.39293462	0.87155193	-8.995829e-17	-1.4304538e+11	570.9095
3.4400000000000135e-11	0.27782714	0.39804947	0.8737891	-9.009609e-17	-1.2725546e+11	570.36926
3.450000000000014e-11	0.26372957	0.40269005	0.8760231	-9.030547e-17	-1.2725546e+11	570.36926
3.4600000000000144e-11	0.24952456	0.40685236	0.8782531	-9.043876e-17	-1.1320139e+11	569.82996
3.470000000000015e-11	0.23522851	0.410533	0.8804777	-9.064463e-17	-1.1320139e+11	569.82996
3.4800000000000154e-11	0.22085793	0.4137293	0.8826958	-9.077352e-17	-1.0069381e+11	569.2915
3.490000000000016e-11	0.20642947	0.41643912	0.884906	-9.097602e-17	-1.0069381e+11	569.2915
3.5000000000000163e-11	0.19195978	0.41866085	0.88710743	-9.110055e-17	-8.956374e+10	568.75397
3.510000000000017e-11	0.1774657	0.42039376	0.88929856	-9.129974e-17	-8.956374e+10	568.75397
3.520000000000017e-11	0.16296402	0.4216374	0.8914783	-9.14201e-17	-7.966039e+10	568.21747
3.530000000000018e-11	0.14847162	0.4223922	0.8936456	-9.161602e-17	-7.966039e+10	568.21747
3.540000000000018e-11	0.13400531	0.4226591	0.89579904	-9.1732226e-17	-7.084931e+10	567.6819
3.550000000000019e-11	0.11958192	0.42243975	0.89793754	-9.1925045e-17	-7.084931e+10	567.6819
3.560000000000019e-11	0.1052182	0.42173636	0.9000598	-9.2037224e-17	-6.3010587e+10	567.14734
3.57000000000002e-11	0.09093087	0.42055175	0.90216494	-9.222693e-17	-6.3010587e+10	567.14734
3.58000000000002e-11	0.07673645	0.41888952	0.90425134	-9.233516e-17	-5.6037396e+10	566.6138
3.590000000000021e-11	0.062651455	0.41675365	0.90631825	-9.2521885e-17	-5.6037396e+10	566.6138
3.600000000000021e-11	0.04869215	0.4141489	0.9083643	-9.262617e-17	-4.983453e+10	566.08124
3.6100000000000217e-11	0.034874685	0.4110806	0.9103883	-9.2809916e-17	-4.983453e+10	566.08124
3.620000000000022e-11	0.02121494	0.40755475	0.9123893	-9.291047e-17	-4.4317176e+10	565.54974
3.6300000000000226e-11	0.007728655	0.4035778	0.91436625	-9.309125e-17	-4.4317176e+10	565.54974
3.640000000000023e-11	-0.005568782	0.39915696	0.9163179	-9.3188044e-17	-3.9409807e+10	565.0193
3.6500000000000236e-11	-0.018662155	0.39429983	0.91824317	-9.336598e-17	-3.9409807e+10	565.0193
3.660000000000024e-11	-0.031536654	0.38901484	0.92014146	-9.34591e-17	-3.504516e+10	564.48987
3.6700000000000245e-11	-0.044177696	0.38331068	0.92201126	-9.3634165e-17	-3.504516e+10	564.48987
3.680000000000025e-11	-0.056571137	0.37719682	0.9238518	-9.372368e-17	-3.1163361e+10	563.9615
3.6900000000000255e-11	-0.06870311	0.3706831	0.9256623	-9.389596e-17	-3.1163361e+10	563.9615
3.700000000000026e-11	-0.080560245	0.36377993	0.9274416	-9.398195e-17	-2.7711105e+10	563.43414
3.7100000000000265e-11	-0.09212948	0.35649836	0.92918897	-9.4151424e-17	-2.7711105e+10	563.43414
3.720000000000027e-11	-0.10339828	0.34884956	0.93090343	-9.423395e-17	-2.464095e+10	562.90784
3.7300000000000274e-11	-0.11435448	0.34084556	0.93258435	-9.440065e-17	-2.464095e+10	562.90784
3.740000000000028e-11	-0.124986485	0.3324986	0.9342308	-9.447977e-17	-2.1910675e+10	562.38257
3.7500000000000284e-11	-0.13528308	0.32382137	0.93584216	-9.464371e-17	-2.1910675e+10	562.38257
3.760000000000029e-11	-0.1452337	0.31482708	0.9374177	-9.471946e-17	-1.9482712e+10	561.85834
3.7700000000000294e-11	-0.15482812	0.30552915	0.93895674	-9.488068e-17	-1.9482712e+10	561.85834
3.78000000000003e-11	-0.16405688	0.29594144	0.9404587	-9.495316e-17	-1.7323626e+10	561.3352
3.7900000000000303e-11	-0.17291085	0.28607818	0.9419229	-9.5111655e-17	-1.7323626e+10	561.3352
3.800000000000031e-11	-0.18138167	0.27595386	0.94334894	-9.51809e-17	-1.5403683e+10	560.81305
3.810000000000031e-11	-0.1894614	0.26558322	0.9447361	-9.5336675e-17	-1.5403683e+10	560.81305
3.820000000000032e-11	-0.19714282	0.2549813	0.9460844	-9.540278e-17	-1.3696418e+10	560.292
3.830000000000032e-11	-0.2044192	0.24416342	0.9473929	-9.555586e-17	-1.3696418e+10	560.292
3.840000000000033e-11	-0.21128452	0.23314501	0.9486615	-9.561882e-17	-1.2178295e+10	559.7719
3.850000000000033e-11	-0.2177333	0.2219418	0.9498899	-9.576925e-17	-1.2178295e+10	559.7719
3.860000000000034e-11	-0.2237607	0.2105695	0.9510777	-9.58292e-17	-1.0828376e+10	559.25287
3.870000000000034e-11	-0.22936255	0.19904412	0.95222485	-9.5976946e-17	-1.0828376e+10	559.25287
3.880000000000035e-11	-0.23453529	0.18738167	0.953331	-9.6033915e-17	-9.62804e+09	558.7349
3.890000000000035e-11	-0.23927595	0.17559823	0.9543961	-9.617898e-17	-9.62804e+09	558.7349
3.9000000000000356e-11	-0.24358231	0.16371	0.9554201	-9.6233054e-17	-8.5607214e+09	558.21796
3.910000000000036e-11	-0.24745256	0.15173312	0.9564028	-9.6375455e-17	-8.5607214e+09	558.21796
3.9200000000000366e-11	-0.25088573	0.13968372	0.9573443	-9.642671e-17	-7.611689e+09	557.702
3.930000000000037e-11	-0.25388145	0.12757799	0.9582447	-9.6566514e-17	-7.611689e+09	557.702
3.9400000000000376e-11	-0.2564399	0.11543192	0.95910394	-9.661495e-17	-6.767839e+09	557.1872
3.950000000000038e-11	-0.25856182	0.10326153	0.9599224	-9.675214e-17	-6.767839e+09	557.1872
3.9600000000000385e-11	-0.26024884	0.09108265	0.96070004	-9.679788e-17	-6.0175206e+09	556.6733
3.970000000000039e-11	-0.2615028	0.078911	0.96143705	-9.693246e-17	-6.0175206e+09	556.6733
3.9800000000000395e-11	-0.26232645	0.066762105	0.96213394	-9.6975565e-17	-5.350371e+09	556.16046
3.99000000000004e-11	-0.26272297	0.05465138	0.9627907	-9.710758e-17	-5.350371e+09	556.16046
4.0000000000000405e-11	-0.26269612	0.042593915	0.9634079	-9.714811e-17	-4.757174e+09	555.6487
4.010000000000041e-11	-0.26225024	0.030604657	0.96398586	-9.727753e-17	-4.757174e+09	555.6487
4.0200000000000414e-11	-0.26139027	0.018698245	0.9645249	-9.731557e-17	-4.2297344e+09	555.1379
4.030000000000042e-11	-0.26012152	0.006889078	0.9650257	-9.744247e-17	-4.2297344e+09	555.1379
4.0400000000000424e-11	-0.25845003	-0.0048087826	0.96548843	-9.7478054e-17	-3.760766e+09	554.6281
4.050000000000043e-11	-0.25638214	-0.01638155	0.96591395	-9.760244e-17	-3.760766e+09	554.6281
4.0600000000000434e-11	-0.25392482	-0.027815823	0.96630275	-9.76357e-17	-3.3437878e+09	554.1194
4.070000000000044e-11	-0.25108534	-0.039098497	0.96665525	-9.77576e-17	-3.3437878e+09	554.1194
4.0800000000000443e-11	-0.24787165	-0.05021689	0.96697235	-9.7788505e-17	-2.9730373e+09	553.61163
4.090000000000045e-11	-0.24429184	-0.061158653	0.9672544	-9.790795e-17	-2.9730373e+09	553.61163
4.100000000000045e-11	-0.2403547	-0.071911894	0.9675024	-9.793663e-17	-2.643391e+09	553.1049
4.110000000000046e-11	-0.23606916	-0.08246509	0.967717	-9.8053626e-17	-2.643391e+09	553.1049
4.120000000000046e-11	-0.23144466	-0.09280714	0.96789885	-9.808013e-17	-2.3502922e+09	552.59924
4.130000000000047e-11	-0.22649094	-0.10292742	0.96804863	-9.8194716e-17	-2.3502922e+09	552.59924
4.140000000000047e-11	-0.22121808	-0.11281571	0.9681674	-9.821916e-17	-2.0896899e+09	552.09454
4.150000000000048e-11	-0.21563643	-0.12246226	0.96825594	-9.8331334e-17	-2.0896899e+09	552.09454
4.160000000000048e-11	-0.20975667	-0.13185778	0.9683149	-9.8353734e-17	-1.8579813e+09	551.5908
4.1700000000000487e-11	-0.20358971	-0.14099348	0.9683453	-9.846357e-17	-1.8579813e+09	551.5908
4.180000000000049e-11	-0.1971467	-0.14986101	0.96834815	-9.8483985e-17	-1.6519636e+09	551.0882
4.1900000000000496e-11	-0.19043902	-0.15845251	0.96832395	-9.8591485e-17	-1.6519636e+09	551.0882
4.20000000000005e-11	-0.18347827	-0.16676061	0.9682741	-9.860997e-17	-1.4687884e+09	550.5865
4.2100000000000506e-11	-0.17627615	-0.1747784	0.9681992	-9.87152e-17	-1.4687884e+09	550.5865
4.220000000000051e-11	-0.1688446	-0.18249951	0.9681004	-9.873184e-17	-1.3059233e+09	550.0858
4.2300000000000516e-11	-0.16119562	-0.18991801	0.9679786	-9.883478e-17	-1.3059233e+09	550.0858
4.240000000000052e-11	-0.1533414	-0.19702853	0.9678346	-9.8849645e-17	-1.1611167e+09	549.5861
4.2500000000000525e-11	-0.14529413	-0.20382607	0.96766967	-9.8950376e-17	-1.1611167e+09	549.5861
4.260000000000053e-11	-0.1370662	-0.21030627	0.9674845	-9.896346e-17	-1.0323662e+09	549.08746
4.2700000000000535e-11	-0.12866992	-0.21646513	0.9672803	-9.906199e-17	-1.0323662e+09	549.08746
4.280000000000054e-11	-0.120117694	-0.2222992	0.96705806	-9.9073414e-17	-9.178918e+08	548.5898
4.2900000000000545e-11	-0.11142194	-0.22780544	0.9668187	-9.9169784e-17	-9.178918e+08	548.5898
4.300000000000055e-11	-0.10259509	-0.23298138	0.9665633	-9.9179564e-17	-8.161105e+08	548.09314
4.3100000000000554e-11	-0.09364951	-0.23782495	0.9662928	-9.92738e-17	-8.161105e+08	548.09314
4.320000000000056e-11	-0.08459754	-0.24233454	0.96600825	-9.9281976e-17	-7.2561504e+08	547.5974
4.3300000000000564e-11	-0.07545149	-0.24650899	0.9657105	-9.9374104e-17	-7.2561504e+08	547.5974
4.340000000000057e-11	-0.06622359	-0.25034767	0.9654008	-9.938077e-17	-6.451541e+08	547.1027
4.3500000000000574e-11	-0.056925956	-0.25385022	0.9650801	-9.9470864e-17	-6.451541e+08	547.1027
4.360000000000058e-11	-0.047570616	-0.25701693	0.9647492	-9.9476006e-17	-5.73615e+08	546.609
4.370000000000058e-11	-0.038169477	-0.25984827	0.96440923	-9.956406e-17	-5.73615e+08	546.609
4.380000000000059e-11	-0.028734338	-0.26234534	0.96406126	-9.956773e-17	-5.1000848e+08	546.1163
4.390000000000059e-11	-0.019276805	-0.26450953	0.9637062	-9.965382e-17	-5.1000848e+08	546.1163
4.40000000000006e-11	-0.009808371	-0.26634258	0.96334493	-9.9656086e-17	-4.53455e+08	545.6246
4.41000000000006e-11	-0.00034032995	-0.26784664	0.96297836	-9.974023e-17	-4.53455e+08	545.6246
4.420000000000061e-11	0.009116184	-0.26902437	0.96260756	-9.974112e-17	-4.031725e+08	545.1338
4.430000000000061e-11	0.018550253	-0.2698786	0.96223354	-9.982334e-17	-4.031725e+08	545.1338
4.440000000000062e-11	0.027951136	-0.27041256	0.9618569	-9.98229e-17	-3.5846563e+08	544.644
4.450000000000062e-11	0.037308343	-0.27062985	0.9614788	-9.990326e-17	-3.5846563e+08	544.644
4.4600000000000627e-11	0.046611555	-0.2705344	0.96110034	-9.990148e-17	-3.1871613e+08	544.1552
4.470000000000063e-11	0.05585073	-0.27013043	0.9607219	-9.9980024e-17	-3.1871613e+08	544.1552
4.4800000000000636e-11	0.06501602	-0.26942235	0.96034455	-9.997698e-17	-2.8337434e+08	543.6674
4.490000000000064e-11	0.07409787	-0.2684151	0.95996934	-1.00053696e-16	-2.8337434e+08	543.6674
4.5000000000000646e-11	0.08308695	-0.26711372	0.9595967	-1.00049434e-16	-2.5195149e+08	543.18054
4.510000000000065e-11	0.091974184	-0.26552352	0.95922774	-1.00124396e-16	-2.5195149e+08	543.18054
4.5200000000000656e-11	0.10075076	-0.26365012	0.958863	-1.00118904e-16	-2.2401304e+08	542.69464
4.530000000000066e-11	0.10940817	-0.26149935	0.95850366	-1.0019215e-16	-2.2401304e+08	542.69464
4.5400000000000665e-11	0.117938116	-0.25907728	0.95815	-1.0018546e-16	-1.991726e+08	542.2098
4.550000000000067e-11	0.12633263	-0.25639015	0.957803	-1.0025703e-16	-1.991726e+08	542.2098
4.5600000000000675e-11	0.13458401	-0.2534445	0.9574634	-1.002492e-16	-1.7708667e+08	541.7258
4.570000000000068e-11	0.14268485	-0.25024694	0.9571316	-1.0031911e-16	-1.7708667e+08	541.7258
4.5800000000000685e-11	0.150628	-0.24680437	0.9568086	-1.00310155e-16	-1.574498e+08	541.24286
4.590000000000069e-11	0.15840662	-0.2431238	0.95649487	-1.0037846e-16	-1.574498e+08	541.24286
4.6000000000000694e-11	0.16601415	-0.23921236	0.95619106	-1.0036839e-16	-1.3999042e+08	540.76086
4.61000000000007e-11	0.17344438	-0.23507746	0.95589787	-1.0043512e-16	-1.3999042e+08	540.76086
4.6200000000000704e-11	0.18069124	-0.23072648	0.9556156	-1.00423955e-16	-1.24467064e+08	540.2798
4.630000000000071e-11	0.1877492	-0.22616702	0.95534515	-1.0048918e-16	-1.24467064e+08	540.2798
4.6400000000000713e-11	0.19461277	-0.22140679	0.95508665	-1.0047695e-16	-1.1066507e+08	539.79974
4.650000000000072e-11	0.20127694	-0.21645358	0.9548409	-1.00540687e-16	-1.1066507e+08	539.79974
4.660000000000072e-11	0.20773686	-0.21131524	0.9546085	-1.005274e-16	-9.839357e+07	539.3206
4.670000000000073e-11	0.2139881	-0.20599982	0.9543895	-1.0058969e-16	-9.839357e+07	539.3206
4.680000000000073e-11	0.22002639	-0.20051527	0.95418465	-1.0057538e-16	-8.7482824e+07	538.84247
4.690000000000074e-11	0.22584786	-0.19486977	0.95399415	-1.0063626e-16	-8.7482824e+07	538.84247
4.700000000000074e-11	0.2314489	-0.18907145	0.95381856	-1.0062094e-16	-7.778195e+07	538.36523
4.710000000000075e-11	0.23682614	-0.18312849	0.95365804	-1.00680454e-16	-7.778195e+07	538.36523
4.720000000000075e-11	0.24197654	-0.1770491	0.9535131	-1.00664115e-16	-6.91568e+07	537.889
4.730000000000076e-11	0.24689738	-0.1708416	0.95338404	-1.0072228e-16	-6.91568e+07	537.889
4.740000000000076e-11	0.25158614	-0.16451423	0.95327115	-1.00704985e-16	-6.1488084e+07	537.4137
4.7500000000000767e-11	0.2560406	-0.15807527	0.9531746	-1.0076186e-16	-6.1488084e+07	537.4137
4.760000000000077e-11	0.26025885	-0.151533	0.9530948	-1.007436e-16	-5.4669736e+07	536.93933
4.7700000000000776e-11	0.2642393	-0.14489569	0.95303166	-1.00799224e-16	-5.4669736e+07	536.93933
4.780000000000078e-11	0.2679805	-0.13817163	0.95298564	-1.0078e-16	-4.8607468e+07	536.46594
4.7900000000000786e-11	0.27148125	-0.13136901	0.9529568	-1.0083438e-16	-4.8607468e+07	536.46594
4.800000000000079e-11	0.27474087	-0.12449604	0.95294535	-1.0081424e-16	-4.3217436e+07	535.99347
4.8100000000000795e-11	0.27775866	-0.117560886	0.95295125	-1.0086743e-16	-4.3217436e+07	535.99347
4.82000000000008e-11	0.2805343	-0.11057166	0.95297486	-1.0084635e-16	-3.84251e+07	535.522
4.8300000000000805e-11	0.28306767	-0.10353643	0.9530161	-1.008984e-16	-3.84251e+07	535.522
4.840000000000081e-11	0.285359	-0.09646318	0.953075	-1.00876436e-16	-3.416418e+07	535.0514
4.8500000000000815e-11	0.28740865	-0.08935987	0.9531517	-1.0092735e-16	-3.416418e+07	535.0514
4.860000000000082e-11	0.28921726	-0.082234345	0.95324606	-1.0090446e-16	-3.0375748e+07	534.5817
4.8700000000000824e-11	0.29078576	-0.075094394	0.9533583	-1.009543e-16	-3.0375748e+07	534.5817
4.880000000000083e-11	0.2921152	-0.06794773	0.9534881	-1.00930514e-16	-2.700741e+07	534.11304
4.8900000000000834e-11	0.29320693	-0.060801946	0.95363563	-1.0097929e-16	-2.700741e+07	534.11304
4.900000000000084e-11	0.29406255	-0.05366456	0.95380056	-1.00954654e-16	-2.4012584e+07	533.6453
4.9100000000000844e-11	0.29468384	-0.046543002	0.95398325	-1.0100244e-16	-2.4012584e+07	533.6453
4.920000000000085e-11	0.29507276	-0.039444555	0.9541831	-1.0097692e-16	-2.1349852e+07	533.17847
4.9300000000000853e-11	0.29523152	-0.032376427	0.9544001	-1.0102367e-16	-2.1349852e+07	533.17847
4.940000000000086e-11	0.29516256	-0.02534569	0.95463437	-1.0099731e-16	-1.8982388e+07	532.7126
4.950000000000086e-11	0.29486844	-0.018359309	0.9548855	-1.01043116e-16	-1.8982388e+07	532.7126
4.960000000000087e-11	0.29435194	-0.011424106	0.9551532	-1.01015885e-16	-1.6877448e+07	532.2476
4.970000000000087e-11	0.29361615	-0.004546785	0.9554376	-1.0106074e-16	-1.6877448e+07	532.2476
4.980000000000088e-11	0.2926641	0.0022660936	0.9557382	-1.0103267e-16	-1.5005924e+07	531.78357
4.990000000000088e-11	0.2914993	0.0090081	0.95605487	-1.0107666e-16	-1.5005924e+07	531.78357
5.000000000000089e-11	0.29012513	0.01567296	0.9563873	-1.01047755e-16	-1.3341931e+07	531.3205
5.010000000000089e-11	0.2885454	0.022254532	0.95673513	-1.0109085e-16	-1.3341931e+07	531.3205
5.02000000000009e-11	0.28676385	0.02874684	0.95709825	-1.01061135e-16	-1.1862456e+07	530.85834
5.03000000000009e-11	0.28478467	0.035144046	0.95747626	-1.0110335e-16	-1.1862456e+07	530.85834
5.0400000000000906e-11	0.28261188	0.041440487	0.9578688	-1.0107281e-16	-1.054704e+07	530.39703
5.050000000000091e-11	0.28024983	0.04763066	0.9582755	-1.011142e-16	-1.054704e+07	530.39703
5.0600000000000916e-11	0.27770305	0.053709213	0.95869625	-1.01082854e-16	-9.377488e+06	529.9367
5.070000000000092e-11	0.27497602	0.059670962	0.95913047	-1.0112343e-16	-9.377488e+06	529.9367
5.0800000000000926e-11	0.27207357	0.06551092	0.9595778	-1.0109129e-16	-8.337627e+06	529.4773
5.090000000000093e-11	0.26900053	0.07122425	0.9600379	-1.0113111e-16	-8.337627e+06	529.4773
5.1000000000000935e-11	0.26576182	0.07680629	0.9605104	-1.0109815e-16	-7.413075e+06	529.0188
5.110000000000094e-11	0.26236263	0.082252584	0.9609948	-1.0113719e-16	-7.413075e+06	529.0188
5.1200000000000945e-11	0.25880805	0.087558806	0.96149075	-1.0110344e-16	0	528.5612
5.130000000000095e-11	0.25510347	0.09272089	0.96199775	-1.01141736e-16	0	528.5612
5.1400000000000955e-11	0.25125137	0.097739965	0.9625157	-1.01179747e-16	0	528.5612
5.150000000000096e-11	0.24725685	0.102611974	0.96304417	-1.0121744e-16	0	528.5612
5.1600000000000964e-11	0.2431252	0.10733305	0.9635825	-1.0125481e-16	0	528.5612
5.170000000000097e-11	0.23886178	0.11189946	0.96413046	-1.012919e-16	0	528.5612
5.1800000000000974e-11	0.23447213	0.11630768	0.96468747	-1.01328685e-16	0	528.5612
5.190000000000098e-11	0.22996172	0.12055436	0.9652532	-1.0136519e-16	0	528.5612
5.2000000000000984e-11	0.22533625	0.12463632	0.96582687	-1.0140143e-16	0	528.5612
5.210000000000099e-11	0.22060144	0.1285506	0.9664083	-1.0143736e-16	0	528.5612
5.2200000000000993e-11	0.21576308	0.1322944	0.96699667	-1.01472985e-16	0	528.5612
5.2300000000001e-11	0.21082707	0.13586512	0.9675918	-1.01508336e-16	0	528.5612
5.2400000000001e-11	0.20579931	0.13926037	0.968193	-1.0154342e-16	0	528.5612
5.250000000000101e-11	0.20068586	0.1424779	0.9687998	-1.0157823e-16	0	528.5612
5.260000000000101e-11	0.19549274	0.14551573	0.9694117	-1.01612766e-16	0	528.5612
5.270000000000102e-11	0.19022602	0.14837205	0.9700281	-1.0164702e-16	0	528.5612
5.280000000000102e-11	0.18489185	0.15104523	0.97064865	-1.01681005e-16	0	528.5612
5.290000000000103e-11	0.17949641	0.15353383	0.9712727	-1.0171472e-16	0	528.5612
5.300000000000103e-11	0.17404589	0.15583667	0.9718998	-1.0174817e-16	0	528.5612
5.3100000000001037e-11	0.16854647	0.15795273	0.9725293	-1.01781345e-16	0	528.5612
5.320000000000104e-11	0.16300443	0.15988119	0.97316074	-1.01814254e-16	0	528.5612
5.3300000000001046e-11	0.157426	0.16162142	0.97379357	-1.0184691e-16	0	528.5612
5.340000000000105e-11	0.15181738	0.16317306	0.9744274	-1.018793e-16	0	528.5612
5.3500000000001056e-11	0.14618485	0.1645359	0.9750616	-1.0191142e-16	0	528.5612
5.360000000000106e-11	0.14053461	0.1657099	0.97569543	-1.01943314e-16	0	528.5612
5.3700000000001066e-11	0.13487284	0.1666953	0.97632873	-1.0197491e-16	0	528.5612
5.380000000000107e-11	0.12920573	0.1674925	0.976961	-1.0200626e-16	0	528.5612
5.3900000000001075e-11	0.12353945	0.16810207	0.9775914	-1.0203737e-16	0	528.5612
5.400000000000108e-11	0.117880106	0.16852485	0.97821975	-1.020682e-16	0	528.5612
5.4100000000001085e-11	0.11223371	0.1687618	0.9788452	-1.0209879e-16	0	528.5612
5.420000000000109e-11	0.10660632	0.16881417	0.9794676	-1.0212914e-16	0	528.5612
5.4300000000001095e-11	0.10100389	0.16868328	0.9800862	-1.0215922e-16	0	528.5612
5.44000000000011e-11	0.09543231	0.16837074	0.9807008	-1.0218903e-16	0	528.5612
5.4500000000001104e-11	0.08989738	0.16787834	0.9813106	-1.02218626e-16	0	528.5612
5.460000000000111e-11	0.084404856	0.16720802	0.9819153	-1.02247954e-16	0	528.5612
5.4700000000001114e-11	0.078960404	0.1663619	0.9825145	-1.0227704e-16	0	528.5612
5.480000000000112e-11	0.07356958	0.16534232	0.9831075	-1.0230589e-16	0	528.5612
5.4900000000001124e-11	0.068237886	0.16415176	0.98369414	-1.02334484e-16	0	528.5612
5.500000000000113e-11	0.06297068	0.1627929	0.9842738	-1.0236284e-16	0	528.5612
5.510000000000113e-11	0.05777325	0.16126859	0.9848462	-1.02390964e-16	0	528.5612
5.520000000000114e-11	0.052650735	0.15958183	0.9854107	-1.02418823e-16	0	528.5612
5.530000000000114e-11	0.047608186	0.1577358	0.9859671	-1.0244645e-16	0	528.5612
5.540000000000115e-11	0.042650517	0.15573381	0.9865149	-1.02473814e-16	0	528.5612
5.550000000000115e-11	0.03778252	0.15357935	0.98705393	-1.0250098e-16	0	528.5612
5.560000000000116e-11	0.033008855	0.15127605	0.9875835	-1.0252787e-16	0	528.5612
5.570000000000116e-11	0.028334029	0.14882773	0.98810345	-1.0255456e-16	0	528.5612
5.580000000000117e-11	0.023762424	0.14623822	0.9886134	-1.0258097e-16	0	528.5612
5.590000000000117e-11	0.019298263	0.14351162	0.989113	-1.0260717e-16	0	528.5612
5.6000000000001177e-11	0.014945626	0.14065212	0.98960185	-1.0263313e-16	0	528.5612
5.610000000000118e-11	0.010708429	0.13766395	0.99007964	-1.02658884e-16	0	528.5612
5.6200000000001186e-11	0.0065904306	0.13455158	0.99054635	-1.0268437e-16	0	528.5612
5.630000000000119e-11	0.002595227	0.13131952	0.9910014	-1.0270961e-16	0	528.5612
5.6400000000001196e-11	-0.0012737531	0.12797241	0.9914447	-1.0273467e-16	0	528.5612
5.65000000000012e-11	-0.0050132535	0.12451495	0.9918759	-1.0275944e-16	0	528.5612
5.6600000000001206e-11	-0.008620188	0.120951995	0.9922949	-1.02784034e-16	0	528.5612
5.670000000000121e-11	-0.012091651	0.11728844	0.9927013	-1.0280837e-16	0	528.5612
5.6800000000001215e-11	-0.015424911	0.11352925	0.993095	-1.02832506e-16	0	528.5612
5.690000000000122e-11	-0.018617421	0.10967952	0.99347556	-1.02856415e-16	0	528.5612
5.7000000000001225e-11	-0.021666817	0.10574435	0.9938434	-1.02880106e-16	0	528.5612
5.710000000000123e-11	-0.024570916	0.101728916	0.99419767	-1.02903564e-16	0	528.5612
5.7200000000001235e-11	-0.027327726	0.09763848	0.99453866	-1.0292679e-16	0	528.5612
5.730000000000124e-11	-0.029935438	0.0934783	0.99486613	-1.0294979e-16	0	528.5612
5.7400000000001244e-11	-0.032392442	0.08925372	0.9951799	-1.0297264e-16	0	528.5612
5.750000000000125e-11	-0.034697298	0.08497009	0.99547994	-1.02995196e-16	0	528.5612
5.7600000000001254e-11	-0.036848776	0.080632776	0.99576604	-1.03017543e-16	0	528.5612
5.770000000000126e-11	-0.03884583	0.076247185	0.99603856	-1.03039725e-16	0	528.5612
5.7800000000001263e-11	-0.04068759	0.071818724	0.9962968	-1.0306167e-16	0	528.5612
5.790000000000127e-11	-0.042373396	0.067352794	0.99654114	-1.0308341e-16	0	528.5612
5.800000000000127e-11	-0.043902762	0.06285483	0.9967716	-1.03104913e-16	0	528.5612
5.810000000000128e-11	-0.045275405	0.058330216	0.9969879	-1.0312627e-16	0	528.5612
5.820000000000128e-11	-0.046491206	0.053784337	0.99719006	-1.0314737e-16	0	528.5612
5.830000000000129e-11	-0.047550257	0.049222566	0.9973784	-1.0316828e-16	0	528.5612
5.840000000000129e-11	-0.048452813	0.044650238	0.99755275	-1.0318898e-16	0	528.5612
5.85000000000013e-11	-0.049199324	0.040072646	0.9977132	-1.03209476e-16	0	528.5612
5.86000000000013e-11	-0.04979042	0.03549505	0.9978597	-1.0322978e-16	0	528.5612
5.870000000000131e-11	-0.050226897	0.030922666	0.99799263	-1.0324989e-16	0	528.5612
5.880000000000131e-11	-0.050509736	0.026360644	0.9981117	-1.0326982e-16	0	528.5612
5.890000000000132e-11	-0.050640095	0.02181408	0.99821734	-1.03289514e-16	0	528.5612
5.900000000000132e-11	-0.050619278	0.017288007	0.99830943	-1.0330905e-16	0	528.5612
5.910000000000133e-11	-0.050448783	0.012787377	0.99838823	-1.03328365e-16	0	528.5612
5.920000000000133e-11	-0.050130256	0.008317081	0.998454	-1.03347516e-16	0	528.5612
5.930000000000134e-11	-0.0496655	0.0038819087	0.99850655	-1.0336648e-16	0	528.5612
5.940000000000134e-11	-0.049056478	-0.00051342556	0.9985465	-1.0338524e-16	0	528.5612
5.950000000000135e-11	-0.048305307	-0.0048643053	0.9985736	-1.03403804e-16	0	528.5612
5.960000000000135e-11	-0.047414236	-0.009166211	0.99858826	-1.0342223e-16	0	528.5612
5.970000000000136e-11	-0.046385676	-0.013414725	0.9985908	-1.0344042e-16	0	528.5612
5.980000000000136e-11	-0.04522217	-0.017605536	0.99858123	-1.0345848e-16	0	528.5612
5.990000000000136e-11	-0.043926384	-0.021734446	0.99855983	-1.0347634e-16	0	528.5612
6.000000000000137e-11	-0.042501118	-0.02579737	0.998527	-1.03494026e-16	0	528.5612
6.010000000000137e-11	-0.040949307	-0.029790346	0.99848276	-1.0351152e-16	0	528.5612
6.020000000000138e-11	-0.039273992	-0.03370953	0.9984275	-1.0352884e-16	0	528.5612
6.030000000000138e-11	-0.037478328	-0.03755121	0.99836135	-1.03546e-16	0	528.5612
6.040000000000139e-11	-0.035565585	-0.04131179	0.9982847	-1.03563e-16	0	528.5612
6.05000000000014e-11	-0.03353913	-0.04498783	0.998198	-1.035798e-16	0	528.5612
6.06000000000014e-11	-0.031402435	-0.04857601	0.9981011	-1.0359645e-16	0	528.5612
6.07000000000014e-11	-0.02915906	-0.052073136	0.9979948	-1.0361295e-16	0	528.5612
6.080000000000141e-11	-0.026812647	-0.05547618	0.9978789	-1.0362926e-16	0	528.5612
6.090000000000141e-11	-0.02436693	-0.05878225	0.9977542	-1.0364541e-16	0	528.5612
6.100000000000142e-11	-0.021825712	-0.061988577	0.9976207	-1.0366141e-16	0	528.5612
6.110000000000142e-11	-0.01919287	-0.06509256	0.9974787	-1.03677256e-16	0	528.5612
6.120000000000143e-11	-0.016543334	-0.068084985	0.9973279	-9.9896684e-17	0	506.81076
6.130000000000143e-11	-0.01388462	-0.07097182	0.99716884	-9.991175e-17	0	506.81076
6.140000000000144e-11	-0.011150438	-0.073760614	0.9970022	-9.992671e-17	0	506.81076
6.150000000000144e-11	-0.00834427	-0.07644957	0.99682844	-9.9941523e-17	0	506.81076
6.160000000000145e-11	-0.0054696314	-0.07903697	0.9966479	-9.995618e-17	0	506.81076
6.170000000000145e-11	-0.0025300714	-0.08152124	0.9964609	-9.997072e-17	0	506.81076
6.180000000000146e-11	0.0004708292	-0.08390092	0.9962678	-9.998509e-17	0	506.81076
6.190000000000146e-11	0.003529467	-0.08617468	0.9960687	-9.9999333e-17	0	506.81076
6.200000000000147e-11	0.0066422173	-0.08834129	0.9958643	-1.0001347e-16	0	506.81076
6.210000000000147e-11	0.009805437	-0.09039967	0.9956547	-1.0002745e-16	0	506.81076
6.220000000000148e-11	0.013015473	-0.09234886	0.99544024	-1.000413e-16	0	506.81076
6.230000000000148e-11	0.016268665	-0.09418799	0.9952211	-1.0005503e-16	0	506.81076
6.240000000000149e-11	0.019561343	-0.09591633	0.99499786	-1.00068605e-16	0	506.81076
6.250000000000149e-11	0.022889834	-0.09753331	0.99477065	-1.00082065e-16	0	506.81076
6.26000000000015e-11	0.026250482	-0.09903841	0.99454	-1.0009539e-16	0	506.81076
6.27000000000015e-11	0.02963962	-0.100431256	0.994306	-1.00108574e-16	0	506.81076
6.28000000000015e-11	0.03305361	-0.101711616	0.9940693	-1.0012168e-16	0	506.81076
6.290000000000151e-11	0.036488812	-0.102879345	0.9938299	-1.00134614e-16	0	506.81076
6.300000000000151e-11	0.03994161	-0.10393441	0.9935882	-1.0014744e-16	0	506.81076
6.310000000000152e-11	0.043408416	-0.10487692	0.99334466	-1.0016016e-16	0	506.81076
6.320000000000152e-11	0.046885654	-0.10570706	0.99309945	-1.0017271e-16	0	506.81076
6.330000000000153e-11	0.05036979	-0.106425144	0.9928529	-1.001852e-16	0	506.81076
6.340000000000153e-11	0.053857323	-0.1070316	0.9926055	-1.0019754e-16	0	506.81076
6.350000000000154e-11	0.05734475	-0.107526965	0.9923574	-1.00209755e-16	0	506.81076
6.360000000000154e-11	0.060828667	-0.10791185	0.9921088	-1.0022185e-16	0	506.81076
6.370000000000155e-11	0.06430566	-0.108187005	0.9918603	-1.00233856e-16	0	506.81076
6.380000000000155e-11	0.06777238	-0.108353265	0.9916121	-1.0024571e-16	0	506.81076
6.390000000000156e-11	0.07122554	-0.108411565	0.99136424	-1.00257453e-16	0	506.81076
6.400000000000156e-11	0.07466185	-0.10836292	0.9911175	-1.002691e-16	0	506.81076
6.410000000000157e-11	0.078078136	-0.108208485	0.9908716	-1.0028063e-16	0	506.81076
6.420000000000157e-11	0.08147122	-0.10794945	0.9906273	-1.0029204e-16	0	506.81076
6.430000000000158e-11	0.08483805	-0.10758714	0.9903847	-1.0030335e-16	0	506.81076
6.440000000000158e-11	0.08817555	-0.10712293	0.990144	-1.0031454e-16	0	506.81076
6.450000000000159e-11	0.091480784	-0.10655833	0.9899057	-1.0032563e-16	0	506.81076
6.460000000000159e-11	0.09475083	-0.10589487	0.9896699	-1.0033659e-16	0	506.81076
6.47000000000016e-11	0.09798284	-0.10513421	0.9894367	-1.0034748e-16	0	506.81076
6.48000000000016e-11	0.10117404	-0.10427807	0.9892066	-1.0035825e-16	0	506.81076
6.49000000000016e-11	0.10432175	-0.10332823	0.9889798	-1.00368904e-16	0	506.81076
6.500000000000161e-11	0.10742329	-0.10228655	0.9887564	-1.0037944e-16	0	506.81076
6.510000000000162e-11	0.11047615	-0.10115497	0.98853683	-1.0038992e-16	0	506.81076
6.520000000000162e-11	0.11347782	-0.09993549	0.9883214	-1.0040028e-16	0	506.81076
6.530000000000163e-11	0.11642588	-0.09863018	0.98811	-1.004105e-16	0	506.81076
6.540000000000163e-11	0.11931801	-0.09724115	0.98790306	-1.0042067e-16	0	506.81076
6.550000000000163e-11	0.12215198	-0.0957706	0.98770076	-1.0043074e-16	0	506.81076
6.560000000000164e-11	0.124925576	-0.09422074	0.98750323	-1.0044067e-16	0	506.81076
6.570000000000164e-11	0.12763672	-0.09259388	0.9873108	-1.0045054e-16	0	506.81076
6.580000000000165e-11	0.13028342	-0.09089236	0.9871236	-1.00460285e-16	0	506.81076
6.590000000000165e-11	0.13286372	-0.08911856	0.9869417	-1.00469966e-16	0	506.81076
6.600000000000166e-11	0.13537578	-0.087274924	0.9867654	-1.00479535e-16	0	506.81076
6.610000000000166e-11	0.13781789	-0.08536391	0.98659486	-1.00489e-16	0	506.81076
6.620000000000167e-11	0.14018832	-0.08338802	0.98643017	-1.00498375e-16	0	506.81076
6.630000000000167e-11	0.14248548	-0.081349835	0.9862715	-1.00507685e-16	0	506.81076
6.640000000000168e-11	0.14470792	-0.0792519	0.9861192	-1.005169e-16	0	506.81076
6.650000000000168e-11	0.14685416	-0.07709684	0.98597306	-1.00526e-16	0	506.81076
6.660000000000169e-11	0.1489229	-0.07488728	0.98583335	-1.00535035e-16	0	506.81076
6.670000000000169e-11	0.15091294	-0.0726259	0.98570013	-1.00543976e-16	0	506.81076
6.68000000000017e-11	0.15282305	-0.07031538	0.9855737	-1.0055283e-16	0	506.81076
6.69000000000017e-11	0.15465222	-0.06795841	0.9854541	-1.005616e-16	0	506.81076
6.700000000000171e-11	0.15639947	-0.06555772	0.9853412	-1.00570286e-16	0	506.81076
6.710000000000171e-11	0.15806389	-0.063116044	0.98523533	-1.0057887e-16	0	506.81076
6.720000000000172e-11	0.15964465	-0.060636126	0.9851365	-1.00587406e-16	0	506.81076
6.730000000000172e-11	0.16114108	-0.05812072	0.9850448	-1.00595836e-16	0	506.81076
6.740000000000173e-11	0.16255254	-0.055572577	0.9849603	-1.006042e-16	0	506.81076
6.750000000000173e-11	0.16387844	-0.052994475	0.98488295	-1.00612466e-16	0	506.81076
6.760000000000174e-11	0.16511837	-0.05038917	0.98481286	-1.0062067e-16	0	506.81076
6.770000000000174e-11	0.16627194	-0.047759425	0.98475015	-1.006288e-16	0	506.81076
6.780000000000175e-11	0.16733891	-0.045107998	0.9846948	-1.0063684e-16	0	506.81076
6.790000000000175e-11	0.168319	-0.042437643	0.9846468	-1.0064482e-16	0	506.81076
6.800000000000176e-11	0.16921213	-0.039751105	0.98460615	-1.00652713e-16	0	506.81076
6.810000000000176e-11	0.17001824	-0.037051115	0.9845729	-1.0066054e-16	0	506.81076
6.820000000000177e-11	0.17073739	-0.034340385	0.9845471	-1.00668284e-16	0	506.81076
6.830000000000177e-11	0.17136972	-0.03162163	0.98452866	-1.0067596e-16	0	506.81076
6.840000000000177e-11	0.17191541	-0.028897524	0.9845177	-1.0068357e-16	0	506.81076
6.850000000000178e-11	0.17237478	-0.026170734	0.98451394	-1.006911e-16	0	506.81076
6.860000000000178e-11	0.17274815	-0.023443904	0.9845176	-1.0069858e-16	0	506.81076
6.870000000000179e-11	0.17303601	-0.020719647	0.98452854	-1.00705964e-16	0	506.81076
6.88000000000018e-11	0.17323883	-0.018000556	0.9845467	-1.0071329e-16	0	506.81076
6.89000000000018e-11	0.17335723	-0.01528919	0.9845722	-1.0072056e-16	0	506.81076
6.90000000000018e-11	0.17339185	-0.012588077	0.9846047	-1.0072775e-16	0	506.81076
6.910000000000181e-11	0.1733435	-0.00989972	0.9846444	-1.00734895e-16	0	506.81076
6.920000000000181e-11	0.17321289	-0.007226576	0.984691	-1.0074193e-16	0	506.81076
6.930000000000182e-11	0.17300096	-0.0045710723	0.9847447	-1.0074893e-16	0	506.81076
6.940000000000182e-11	0.17270866	-0.001935596	0.9848052	-1.00755886e-16	0	506.81076
6.950000000000183e-11	0.17233698	0.00067750586	0.9848726	-1.0076277e-16	0	506.81076
6.960000000000183e-11	0.171887	0.0032659294	0.9849465	-1.00769564e-16	0	506.81076
6.970000000000184e-11	0.1713599	0.005827414	0.985027	-1.0077634e-16	0	506.81076
6.980000000000184e-11	0.17075683	0.008359744	0.98511404	-1.00783044e-16	0	506.81076
6.990000000000185e-11	0.1700791	0.010860752	0.9852075	-1.00789675e-16	0	506.81076
7.000000000000185e-11	0.16932802	0.013328318	0.9853071	-1.00796246e-16	0	506.81076
7.010000000000186e-11	0.16850498	0.015760371	0.9854129	-1.0080278e-16	0	506.81076
7.020000000000186e-11	0.1676114	0.018154895	0.98552465	-1.0080923e-16	0	506.81076
7.030000000000187e-11	0.1666488	0.020509925	0.98564243	-1.0081564e-16	0	506.81076
7.040000000000187e-11	0.1656187	0.022823552	0.98576576	-1.0082198e-16	0	506.81076
7.050000000000188e-11	0.1645227	0.025093915	0.98589474	-1.00828274e-16	0	506.81076
7.060000000000188e-11	0.16336247	0.027319223	0.9860292	-1.00834514e-16	0	506.81076
7.070000000000189e-11	0.16213967	0.029497728	0.986169	-1.0084071e-16	0	506.81076
7.080000000000189e-11	0.16085605	0.031627756	0.9863139	-1.0084682e-16	0	506.81076
7.09000000000019e-11	0.1595134	0.033707686	0.9864637	-1.00852884e-16	0	506.81076
7.10000000000019e-11	0.15811351	0.03573595	0.9866185	-1.0085894e-16	0	506.81076
7.11000000000019e-11	0.1566582	0.037711054	0.98677796	-1.0086489e-16	0	506.81076
7.120000000000191e-11	0.1552025	0.039506413	0.9869384	-9.765202e-17	0	487.1301
7.130000000000191e-11	0.1537554	0.04112614	0.98709935	-9.7656844e-17	0	487.1301
7.140000000000192e-11	0.15226795	0.04269616	0.98726404	-9.76616e-17	0	487.1301
7.150000000000192e-11	0.15074183	0.044215545	0.9874321	-9.7666347e-17	0	487.1301
7.160000000000193e-11	0.14917861	0.045683406	0.98760355	-9.767106e-17	0	487.1301
7.170000000000193e-11	0.14757998	0.047098897	0.987778	-9.76757e-17	0	487.1301
7.180000000000194e-11	0.14594764	0.048461225	0.98795533	-9.7680356e-17	0	487.1301
7.190000000000194e-11	0.14428325	0.049769662	0.98813564	-9.768493e-17	0	487.1301
7.200000000000195e-11	0.14258853	0.05102352	0.9883185	-9.768948e-17	0	487.1301
7.210000000000195e-11	0.14086519	0.05222217	0.9885039	-9.769401e-17	0	487.1301
7.220000000000196e-11	0.139115	0.05336503	0.9886915	-9.769846e-17	0	487.1301
7.230000000000196e-11	0.13733967	0.05445157	0.98888135	-9.770291e-17	0	487.1301
7.240000000000197e-11	0.13554093	0.055481315	0.9890732	-9.770732e-17	0	487.1301
7.250000000000197e-11	0.13372056	0.056453843	0.9892668	-9.7711676e-17	0	487.1301
7.260000000000198e-11	0.13188034	0.05736878	0.98946214	-9.771602e-17	0	487.1301
7.270000000000198e-11	0.130022	0.05822582	0.98965895	-9.7720325e-17	0	487.1301
7.280000000000199e-11	0.12814735	0.05902468	0.9898572	-9.7724587e-17	0	487.1301
7.290000000000199e-11	0.12625809	0.05976516	0.99005646	-9.772881e-17	0	487.1301
7.3000000000002e-11	0.12435605	0.06044709	0.99025685	-9.773302e-17	0	487.1301
7.3100000000002e-11	0.122442946	0.061070364	0.9904579	-9.7737166e-17	0	487.1301
7.3200000000002e-11	0.120520554	0.061634928	0.99065983	-9.7741316e-17	0	487.1301
7.330000000000201e-11	0.11859062	0.06214077	0.9908621	-9.7745385e-17	0	487.1301
7.340000000000202e-11	0.11665492	0.06258793	0.9910647	-9.7749455e-17	0	487.1301
7.350000000000202e-11	0.11471517	0.062976524	0.9912676	-9.775347e-17	0	487.1301
7.360000000000203e-11	0.112773076	0.063306674	0.9914705	-9.7757455e-17	0	487.1301
7.370000000000203e-11	0.11083038	0.06357859	0.9916732	-9.776143e-17	0	487.1301
7.380000000000204e-11	0.1088888	0.063792504	0.9918757	-9.7765363e-17	0	487.1301
7.390000000000204e-11	0.10694999	0.06394873	0.9920777	-9.776929e-17	0	487.1301
7.400000000000205e-11	0.10501564	0.064047575	0.99227905	-9.777314e-17	0	487.1301
7.410000000000205e-11	0.103087425	0.064089455	0.9924797	-9.777698e-17	0	487.1301
7.420000000000205e-11	0.10116696	0.064074814	0.99267936	-9.778075e-17	0	487.1301
7.430000000000206e-11	0.09925588	0.0640041	0.99287796	-9.7784534e-17	0	487.1301
7.440000000000206e-11	0.09735577	0.063877866	0.9930754	-9.778827e-17	0	487.1301
7.450000000000207e-11	0.09546824	0.06369668	0.99327135	-9.779197e-17	0	487.1301
7.460000000000207e-11	0.09359478	0.063461155	0.9934659	-9.7795645e-17	0	487.1301
7.470000000000208e-11	0.09173697	0.06317195	0.9936588	-9.779927e-17	0	487.1301
7.480000000000208e-11	0.08989631	0.06282976	0.9938499	-9.7802884e-17	0	487.1301
7.490000000000209e-11	0.08807427	0.06243534	0.99403906	-9.78065e-17	0	487.1301
7.500000000000209e-11	0.086272284	0.061989464	0.9942262	-9.7810024e-17	0	487.1301
7.51000000000021e-11	0.084491774	0.061492957	0.99441105	-9.781356e-17	0	487.1301
7.52000000000021e-11	0.08273416	0.060946677	0.9945937	-9.7817065e-17	0	487.1301
7.530000000000211e-11	0.08100077	0.06035153	0.9947738	-9.7820526e-17	0	487.1301
7.540000000000211e-11	0.07929294	0.059708435	0.9949514	-9.782395e-17	0	487.1301
7.550000000000212e-11	0.07761195	0.05901838	0.9951263	-9.782734e-17	0	487.1301
7.560000000000212e-11	0.075959094	0.058282353	0.99529845	-9.7830744e-17	0	487.1301
7.570000000000213e-11	0.07433557	0.057501398	0.99546766	-9.783407e-17	0	487.1301
7.580000000000213e-11	0.07274256	0.056676574	0.99563384	-9.7837394e-17	0	487.1301
7.590000000000214e-11	0.07118123	0.05580899	0.9957969	-9.784069e-17	0	487.1301
7.600000000000214e-11	0.06965269	0.054899774	0.99595666	-9.784393e-17	0	487.1301
7.610000000000215e-11	0.068158016	0.053950075	0.9961131	-9.784717e-17	0	487.1301
7.620000000000215e-11	0.06669824	0.052961078	0.9962663	-9.785038e-17	0	487.1301
7.630000000000216e-11	0.065274365	0.051933996	0.9964158	-9.785356e-17	0	487.1301
7.640000000000216e-11	0.06388736	0.05087006	0.99656177	-9.7856704e-17	0	487.1301
7.650000000000217e-11	0.06253812	0.04977051	0.99670404	-9.78598e-17	0	487.1301
7.660000000000217e-11	0.061227527	0.048636656	0.9968426	-9.7862885e-17	0	487.1301
7.670000000000218e-11	0.05995642	0.047469776	0.9969772	-9.7866e-17	0	487.1301
7.680000000000218e-11	0.058725595	0.046271186	0.997108	-9.786901e-17	0	487.1301
7.690000000000218e-11	0.057535797	0.045042228	0.9972348	-9.7872037e-17	0	487.1301
7.700000000000219e-11	0.056387722	0.043784246	0.99735755	-9.7875e-17	0	487.1301
7.71000000000022e-11	0.055282045	0.042498615	0.9974762	-9.787797e-17	0	487.1301
7.72000000000022e-11	0.054219387	0.041186705	0.99759066	-9.7880924e-17	0	487.1301
7.73000000000022e-11	0.053200316	0.039849915	0.9977009	-9.7883816e-17	0	487.1301
7.740000000000221e-11	0.052225355	0.038489647	0.997807	-9.788671e-17	0	487.1301
7.750000000000221e-11	0.051295012	0.03710731	0.9979087	-9.788953e-17	0	487.1301
7.760000000000222e-11	0.050409712	0.035704333	0.99800617	-9.78924e-17	0	487.1301
7.770000000000222e-11	0.049569868	0.03428213	0.9980991	-9.789519e-17	0	487.1301
7.780000000000223e-11	0.048775822	0.032842144	0.9981877	-9.789796e-17	0	487.1301
7.790000000000223e-11	0.04802789	0.031385813	0.9982718	-9.790072e-17	0	487.1301
7.800000000000224e-11	0.04732634	0.029914565	0.9983517	-9.790346e-17	0	487.1301
7.810000000000224e-11	0.04667139	0.028429855	0.9984269	-9.7906156e-17	0	487.1301
7.820000000000225e-11	0.046063215	0.026933111	0.9984977	-9.7908856e-17	0	487.1301
7.830000000000225e-11	0.045501955	0.025425784	0.99856395	-9.791148e-17	0	487.1301
7.840000000000226e-11	0.044987697	0.0239093	0.9986257	-9.791415e-17	0	487.1301
7.850000000000226e-11	0.044520486	0.022385094	0.998683	-9.791675e-17	0	487.1301
7.860000000000227e-11	0.044100337	0.020854598	0.9987357	-9.7919325e-17	0	487.1301
7.870000000000227e-11	0.043727197	0.019319227	0.99878395	-9.7921906e-17	0	487.1301
7.880000000000228e-11	0.043400995	0.017780397	0.9988277	-9.792445e-17	0	487.1301
7.890000000000228e-11	0.043121602	0.016239509	0.99886703	-9.792696e-17	0	487.1301
7.900000000000229e-11	0.042888857	0.014697958	0.99890184	-9.792947e-17	0	487.1301
7.910000000000229e-11	0.042702556	0.013157126	0.9989321	-9.793192e-17	0	487.1301
7.92000000000023e-11	0.042562455	0.011618379	0.998958	-9.7934386e-17	0	487.1301
7.93000000000023e-11	0.042468272	0.010083074	0.9989796	-9.793683e-17	0	487.1301
7.94000000000023e-11	0.042419672	0.008552551	0.99899685	-9.793923e-17	0	487.1301
7.950000000000231e-11	0.042416304	0.0070281327	0.9990097	-9.794162e-17	0	487.1301
7.960000000000232e-11	0.042457767	0.005511127	0.99901825	-9.794399e-17	0	487.1301
7.970000000000232e-11	0.04254362	0.004002821	0.9990227	-9.7946344e-17	0	487.1301
7.980000000000232e-11	0.04267339	0.0025044843	0.9990228	-9.794864e-17	0	487.1301
7.990000000000233e-11	0.042846564	0.0010173639	0.9990187	-9.795094e-17	0	487.1301
8.000000000000233e-11	0.043062616	-0.00045731186	0.9990106	-9.795325e-17	0	487.1301
8.010000000000234e-11	0.043320946	-0.0019183385	0.99899846	-9.795553e-17	0	487.1301
8.020000000000234e-11	0.043620966	-0.0033645341	0.9989823	-9.7957746e-17	0	487.1301
8.030000000000235e-11	0.043962017	-0.004794742	0.9989623	-9.795997e-17	0	487.1301
8.040000000000235e-11	0.044343434	-0.006207829	0.9989383	-9.7962166e-17	0	487.1301
8.050000000000236e-11	0.0447645	-0.007602688	0.9989106	-9.796435e-17	0	487.1301
8.060000000000236e-11	0.045224495	-0.00897824	0.99887896	-9.7966534e-17	0	487.1301
8.070000000000237e-11	0.04572265	-0.010333429	0.9988438	-9.796869e-17	0	487.1301
8.080000000000237e-11	0.04625818	-0.011667235	0.99880517	-9.7970815e-17	0	487.1301
8.090000000000238e-11	0.04683026	-0.012978657	0.9987629	-9.797292e-17	0	487.1301
8.100000000000238e-11	0.047438055	-0.014266732	0.9987173	-9.7975004e-17	0	487.1301
8.110000000000239e-11	0.048080694	-0.015530519	0.9986682	-9.797709e-17	0	487.1301
8.120000000000239e-11	0.048750978	-0.016805708	0.99861574	-9.501463e-17	0	469.32233
8.13000000000024e-11	0.04944839	-0.0180924	0.9985593	-9.5016834e-17	0	469.32233
8.14000000000024e-11	0.050178505	-0.019353488	0.99849975	-9.501906e-17	0	469.32233
8.150000000000241e-11	0.05094046	-0.020588188	0.998437	-9.5021274e-17	0	469.32233
8.160000000000241e-11	0.051733352	-0.021795722	0.998371	-9.502341e-17	0	469.32233
8.170000000000242e-11	0.05255628	-0.022975355	0.99830204	-9.5025596e-17	0	469.32233
8.180000000000242e-11	0.053408325	-0.02412638	0.9982301	-9.502773e-17	0	469.32233
8.190000000000243e-11	0.05428852	-0.025248116	0.9981553	-9.502986e-17	0	469.32233
8.200000000000243e-11	0.055195928	-0.02633991	0.99807787	-9.5031955e-17	0	469.32233
8.210000000000244e-11	0.056129575	-0.027401147	0.99799746	-9.503404e-17	0	469.32233
8.220000000000244e-11	0.057088487	-0.028431242	0.9979147	-9.50361e-17	0	469.32233
8.230000000000245e-11	0.05807165	-0.029429626	0.9978293	-9.503817e-17	0	469.32233
8.240000000000245e-11	0.059078068	-0.030395783	0.9977416	-9.5040194e-17	0	469.32233
8.250000000000246e-11	0.060106743	-0.03132921	0.99765164	-9.50422e-17	0	469.32233
8.260000000000246e-11	0.061156627	-0.032229442	0.9975594	-9.5044224e-17	0	469.32233
8.270000000000246e-11	0.062226698	-0.03309605	0.9974651	-9.504618e-17	0	469.32233
8.280000000000247e-11	0.06331591	-0.033928625	0.9973688	-9.5048174e-17	0	469.32233
8.290000000000247e-11	0.06442323	-0.034726806	0.99727076	-9.50501e-17	0	469.32233
8.300000000000248e-11	0.0655476	-0.03549024	0.99717087	-9.505204e-17	0	469.32233
8.310000000000248e-11	0.06668797	-0.03621863	0.9970692	-9.505396e-17	0	469.32233
8.320000000000249e-11	0.06784327	-0.036911696	0.9969662	-9.5055864e-17	0	469.32233
8.33000000000025e-11	0.069012456	-0.037569188	0.9968615	-9.5057736e-17	0	469.32233
8.34000000000025e-11	0.07019446	-0.03819089	0.9967554	-9.505959e-17	0	469.32233
8.35000000000025e-11	0.07138821	-0.03877662	0.99664825	-9.5061475e-17	0	469.32233
8.360000000000251e-11	0.072592646	-0.039326232	0.99653995	-9.5063315e-17	0	469.32233
8.370000000000251e-11	0.07380671	-0.03983959	0.9964305	-9.506513e-17	0	469.32233
8.380000000000252e-11	0.07502935	-0.04031662	0.99632	-9.506693e-17	0	469.32233
8.390000000000252e-11	0.0762595	-0.04075724	0.9962089	-9.5068715e-17	0	469.32233
8.400000000000253e-11	0.07749611	-0.04116143	0.9960969	-9.5070495e-17	0	469.32233
8.410000000000253e-11	0.07873812	-0.041529186	0.9959843	-9.5072275e-17	0	469.32233
8.420000000000254e-11	0.079984516	-0.041860532	0.9958713	-9.507403e-17	0	469.32233
8.430000000000254e-11	0.08123422	-0.042155534	0.9957577	-9.507576e-17	0	469.32233
8.440000000000255e-11	0.08248623	-0.042414263	0.99564385	-9.507746e-17	0	469.32233
8.450000000000255e-11	0.083739504	-0.042636834	0.99552983	-9.507918e-17	0	469.32233
8.460000000000256e-11	0.08499305	-0.0428234	0.99541557	-9.508086e-17	0	469.32233
8.470000000000256e-11	0.08624585	-0.042974122	0.9953013	-9.5082525e-17	0	469.32233
8.480000000000257e-11	0.0874969	-0.043089192	0.99518716	-9.508418e-17	0	469.32233
8.490000000000257e-11	0.08874524	-0.043168843	0.9950732	-9.508583e-17	0	469.32233
8.500000000000258e-11	0.08998986	-0.043213315	0.9949596	-9.5087455e-17	0	469.32233
8.510000000000258e-11	0.091229826	-0.043222893	0.9948461	-9.5089097e-17	0	469.32233
8.520000000000259e-11	0.09246418	-0.04319787	0.9947332	-9.509069e-17	0	469.32233
8.530000000000259e-11	0.09369198	-0.04313857	0.99462086	-9.5092266e-17	0	469.32233
8.54000000000026e-11	0.09491231	-0.043045357	0.9945092	-9.509385e-17	0	469.32233
8.55000000000026e-11	0.09612426	-0.042918585	0.99439824	-9.509544e-17	0	469.32233
8.56000000000026e-11	0.09732695	-0.042758673	0.99428815	-9.5096965e-17	0	469.32233
8.570000000000261e-11	0.09851949	-0.042566016	0.9941789	-9.5098507e-17	0	469.32233
8.580000000000261e-11	0.099701	-0.04234108	0.99407065	-9.5100035e-17	0	469.32233
8.590000000000262e-11	0.10087067	-0.042084314	0.9939635	-9.510154e-17	0	469.32233
8.600000000000262e-11	0.102027655	-0.041796207	0.9938573	-9.510303e-17	0	469.32233
8.610000000000263e-11	0.10317115	-0.041477263	0.99375266	-9.510452e-17	0	469.32233
8.620000000000263e-11	0.10430034	-0.04112801	0.99364924	-9.510601e-17	0	469.32233
8.630000000000264e-11	0.105414495	-0.040749	0.9935472	-9.510744e-17	0	469.32233
8.640000000000264e-11	0.10651283	-0.040340785	0.99344665	-9.510888e-17	0	469.32233
8.650000000000265e-11	0.10759462	-0.039903946	0.99334764	-9.5110325e-17	0	469.32233
8.660000000000265e-11	0.10865914	-0.03943909	0.99325013	-9.511177e-17	0	469.32233
8.670000000000266e-11	0.1097057	-0.03894683	0.9931544	-9.511317e-17	0	469.32233
8.680000000000266e-11	0.11073364	-0.038427792	0.9930604	-9.511456e-17	0	469.32233
8.690000000000267e-11	0.1117423	-0.037882634	0.9929683	-9.511594e-17	0	469.32233
8.700000000000267e-11	0.11273103	-0.037312005	0.99287796	-9.5117313e-17	0	469.32233
8.710000000000268e-11	0.11369926	-0.03671659	0.99278975	-9.511867e-17	0	469.32233
8.720000000000268e-11	0.11464634	-0.036097076	0.99270344	-9.512003e-17	0	469.32233
8.730000000000269e-11	0.11557176	-0.03545417	0.9926191	-9.512136e-17	0	469.32233
8.740000000000269e-11	0.11647495	-0.034788575	0.99253696	-9.5122673e-17	0	469.32233
8.75000000000027e-11	0.11735538	-0.03410103	0.99245703	-9.512402e-17	0	469.32233
8.76000000000027e-11	0.118212566	-0.033392265	0.9923792	-9.512529e-17	0	469.32233
8.77000000000027e-11	0.11904602	-0.03266303	0.99230385	-9.512659e-17	0	469.32233
8.780000000000271e-11	0.1198553	-0.031914074	0.99223065	-9.5127875e-17	0	469.32233
8.790000000000272e-11	0.120639965	-0.031146174	0.9921597	-9.512914e-17	0	469.32233
8.800000000000272e-11	0.121399626	-0.030360095	0.9920914	-9.513037e-17	0	469.32233
8.810000000000273e-11	0.12213386	-0.029556619	0.99202543	-9.513164e-17	0	469.32233
8.820000000000273e-11	0.122842334	-0.028736528	0.9919619	-9.5132884e-17	0	469.32233
8.830000000000273e-11	0.12352472	-0.027900629	0.9919009	-9.513409e-17	0	469.32233
8.840000000000274e-11	0.12418068	-0.027049707	0.9918425	-9.513531e-17	0	469.32233
8.850000000000274e-11	0.12480995	-0.026184574	0.9917866	-9.513651e-17	0	469.32233
8.860000000000275e-11	0.12541223	-0.025306035	0.99173325	-9.5137715e-17	0	469.32233
8.870000000000275e-11	0.12598729	-0.024414897	0.9916826	-9.5138906e-17	0	469.32233
8.880000000000276e-11	0.12653494	-0.023511982	0.99163455	-9.514007e-17	0	469.32233
8.890000000000276e-11	0.12705493	-0.022598095	0.99158925	-9.5141235e-17	0	469.32233
8.900000000000277e-11	0.12754712	-0.021674065	0.99154663	-9.5142374e-17	0	469.32233
8.910000000000277e-11	0.12801136	-0.020740699	0.99150664	-9.514351e-17	0	469.32233
8.920000000000278e-11	0.12844752	-0.019798823	0.9914694	-9.5144643e-17	0	469.32233
8.930000000000278e-11	0.1288555	-0.018849248	0.9914349	-9.514576e-17	0	469.32233
8.940000000000279e-11	0.1292352	-0.017892795	0.9914031	-9.514689e-17	0	469.32233
8.950000000000279e-11	0.12958658	-0.016930278	0.9913741	-9.514799e-17	0	469.32233
8.96000000000028e-11	0.1299096	-0.01596251	0.9913478	-9.5149064e-17	0	469.32233
8.97000000000028e-11	0.13020425	-0.014990297	0.9913242	-9.515014e-17	0	469.32233
8.980000000000281e-11	0.13047056	-0.014014448	0.99130356	-9.515124e-17	0	469.32233
8.990000000000281e-11	0.13070852	-0.013035766	0.99128544	-9.5152306e-17	0	469.32233
9.000000000000282e-11	0.13091822	-0.012055046	0.99127007	-9.5153345e-17	0	469.32233
9.010000000000282e-11	0.1310997	-0.01107308	0.99125755	-9.5154424e-17	0	469.32233
9.020000000000283e-11	0.13125308	-0.010090653	0.99124765	-9.515543e-17	0	469.32233
9.030000000000283e-11	0.1313785	-0.009108546	0.99124056	-9.515648e-17	0	469.32233
9.040000000000284e-11	0.13147606	-0.008127533	0.9912361	-9.51575e-17	0	469.32233
9.050000000000284e-11	0.13154593	-0.007148376	0.99123436	-9.515851e-17	0	469.32233
9.060000000000285e-11	0.1315883	-0.0061718365	0.99123526	-9.5159506e-17	0	469.32233
9.070000000000285e-11	0.13160336	-0.0051986603	0.9912389	-9.516053e-17	0	469.32233
9.080000000000286e-11	0.13159132	-0.0042295875	0.9912451	-9.5161505e-17	0	469.32233
9.090000000000286e-11	0.13155244	-0.003265349	0.991254	-9.5162464e-17	0	469.32233
9.100000000000287e-11	0.13148698	-0.0023066658	0.99126536	-9.516344e-17	0	469.32233
9.110000000000287e-11	0.13139519	-0.0013542466	0.9912793	-9.516441e-17	0	469.32233
9.120000000000287e-11	0.13128938	-0.00048858963	0.99129426	-9.2590124e-17	0	453.20917
9.130000000000288e-11	0.1311738	0.00029087136	0.9913096	-9.259083e-17	0	453.20917
9.140000000000288e-11	0.13103804	0.0010638102	0.99132705	-9.259149e-17	0	453.20917
9.150000000000289e-11	0.13088237	0.001829722	0.9913465	-9.259217e-17	0	453.20917
9.16000000000029e-11	0.13070704	0.00258811	0.991368	-9.259282e-17	0	453.20917
9.17000000000029e-11	0.13051236	0.0033384883	0.99139154	-9.2593486e-17	0	453.20917
9.18000000000029e-11	0.13029861	0.0040803794	0.9914168	-9.25941e-17	0	453.20917
9.190000000000291e-11	0.1300661	0.004813316	0.9914443	-9.2594757e-17	0	453.20917
9.200000000000291e-11	0.12981515	0.005536841	0.99147344	-9.2595405e-17	0	453.20917
9.210000000000292e-11	0.1295461	0.006250508	0.9915044	-9.259604e-17	0	453.20917
9.220000000000292e-11	0.12925929	0.006953882	0.99153733	-9.2596676e-17	0	453.20917
9.230000000000293e-11	0.12895507	0.0076465355	0.991572	-9.25973e-17	0	453.20917
9.240000000000293e-11	0.12863378	0.008328056	0.99160844	-9.259793e-17	0	453.20917
9.250000000000294e-11	0.1282958	0.008998042	0.99164647	-9.259855e-17	0	453.20917
9.260000000000294e-11	0.1279415	0.009656099	0.99168617	-9.259915e-17	0	453.20917
9.270000000000295e-11	0.12757128	0.010301851	0.9917275	-9.259975e-17	0	453.20917
9.280000000000295e-11	0.12718555	0.0109349275	0.9917704	-9.2600355e-17	0	453.20917
9.290000000000296e-11	0.12678468	0.011554972	0.9918148	-9.260096e-17	0	453.20917
9.300000000000296e-11	0.1263691	0.012161644	0.9918608	-9.2601546e-17	0	453.20917
9.310000000000297e-11	0.12593924	0.01275461	0.9919082	-9.260213e-17	0	453.20917
9.320000000000297e-11	0.12549548	0.0133335525	0.99195707	-9.260272e-17	0	453.20917
9.330000000000298e-11	0.1250383	0.013898162	0.99200726	-9.2603286e-17	0	453.20917
9.340000000000298e-11	0.12456809	0.014448151	0.9920587	-9.260387e-17	0	453.20917
9.350000000000299e-11	0.12408536	0.01498323	0.99211156	-9.260443e-17	0	453.20917
9.360000000000299e-11	0.1235905	0.015503142	0.9921655	-9.2605014e-17	0	453.20917
9.3700000000003e-11	0.123083994	0.01600762	0.99222064	-9.2605556e-17	0	453.20917
9.3800000000003e-11	0.1225663	0.016496431	0.9922771	-9.260614e-17	0	453.20917
9.3900000000003e-11	0.12203786	0.016969346	0.9923345	-9.260666e-17	0	453.20917
9.400000000000301e-11	0.121499166	0.017426142	0.99239284	-9.2607224e-17	0	453.20917
9.410000000000301e-11	0.12095067	0.017866626	0.9924524	-9.2607786e-17	0	453.20917
9.420000000000302e-11	0.120392874	0.018290605	0.9925127	-9.260832e-17	0	453.20917
9.430000000000302e-11	0.11982621	0.018697906	0.992574	-9.260886e-17	0	453.20917
9.440000000000303e-11	0.11925122	0.019088361	0.99263614	-9.260938e-17	0	453.20917
9.450000000000303e-11	0.11866834	0.019461825	0.99269897	-9.260991e-17	0	453.20917
9.460000000000304e-11	0.11807807	0.019818166	0.9927626	-9.261043e-17	0	453.20917
9.470000000000304e-11	0.117480904	0.020157257	0.992827	-9.2610956e-17	0	453.20917
9.480000000000305e-11	0.1168773	0.020478992	0.992892	-9.2611466e-17	0	453.20917
9.490000000000305e-11	0.116267785	0.020783275	0.99295753	-9.261201e-17	0	453.20917
9.500000000000306e-11	0.11565284	0.021070022	0.99302363	-9.2612505e-17	0	453.20917
9.510000000000306e-11	0.115032926	0.02133917	0.9930903	-9.2612994e-17	0	453.20917
9.520000000000307e-11	0.11440855	0.021590661	0.99315727	-9.261354e-17	0	453.20917
9.530000000000307e-11	0.113780215	0.02182445	0.99322474	-9.2613994e-17	0	453.20917
9.540000000000308e-11	0.113148384	0.022040512	0.9932925	-9.261449e-17	0	453.20917
9.550000000000308e-11	0.11251355	0.02223883	0.9933605	-9.2615006e-17	0	453.20917
9.560000000000309e-11	0.111876205	0.022419399	0.9934289	-9.2615496e-17	0	453.20917
9.570000000000309e-11	0.111236826	0.022582233	0.9934973	-9.261595e-17	0	453.20917
9.58000000000031e-11	0.11059589	0.02272735	0.9935659	-9.261644e-17	0	453.20917
9.59000000000031e-11	0.10995389	0.022854786	0.99363464	-9.2616885e-17	0	453.20917
9.60000000000031e-11	0.10931127	0.022964595	0.9937035	-9.261739e-17	0	453.20917
9.610000000000311e-11	0.10866853	0.023056831	0.99377227	-9.261785e-17	0	453.20917
9.620000000000312e-11	0.10802613	0.023131564	0.99384093	-9.2618315e-17	0	453.20917
9.630000000000312e-11	0.107384525	0.023188889	0.9939095	-9.261878e-17	0	453.20917
9.640000000000313e-11	0.1067442	0.023228893	0.99397796	-9.2619215e-17	0	453.20917
9.650000000000313e-11	0.10610557	0.023251688	0.9940463	-9.261967e-17	0	453.20917
9.660000000000314e-11	0.10546912	0.023257393	0.9941143	-9.262013e-17	0	453.20917
9.670000000000314e-11	0.10483527	0.023246143	0.994182	-9.2620565e-17	0	453.20917
9.680000000000315e-11	0.10420449	0.023218079	0.99424934	-9.262102e-17	0	453.20917
9.690000000000315e-11	0.10357719	0.023173349	0.9943164	-9.2621445e-17	0	453.20917
9.700000000000315e-11	0.10295381	0.023112128	0.99438304	-9.262188e-17	0	453.20917
9.710000000000316e-11	0.10233477	0.023034588	0.99444914	-9.262232e-17	0	453.20917
9.720000000000316e-11	0.101720475	0.022940911	0.9945147	-9.262275e-17	0	453.20917
9.730000000000317e-11	0.10111136	0.022831297	0.99457985	-9.262318e-17	0	453.20917
9.740000000000317e-11	0.100507796	0.022705954	0.9946443	-9.262359e-17	0	453.20917
9.750000000000318e-11	0.0999102	0.022565097	0.9947082	-9.2624e-17	0	453.20917
9.760000000000318e-11	0.09931895	0.022408947	0.9947713	-9.262443e-17	0	453.20917
9.770000000000319e-11	0.09873444	0.022237748	0.9948339	-9.262485e-17	0	453.20917
9.780000000000319e-11	0.09815702	0.02205174	0.9948956	-9.262526e-17	0	453.20917
9.79000000000032e-11	0.09758708	0.021851176	0.9949565	-9.262564e-17	0	453.20917
9.80000000000032e-11	0.09702495	0.021636322	0.9950167	-9.2626064e-17	0	453.20917
9.810000000000321e-11	0.09647098	0.021407444	0.99507594	-9.2626474e-17	0	453.20917
9.820000000000321e-11	0.09592554	0.02116482	0.9951342	-9.262687e-17	0	453.20917
9.830000000000322e-11	0.09538892	0.020908741	0.9951917	-9.2627255e-17	0	453.20917
9.840000000000322e-11	0.09486147	0.020639498	0.9952482	-9.262764e-17	0	453.20917
9.850000000000323e-11	0.09434349	0.020357396	0.9953036	-9.2628016e-17	0	453.20917
9.860000000000323e-11	0.09383528	0.020062737	0.9953581	-9.26284e-17	0	453.20917
9.870000000000324e-11	0.09333713	0.019755844	0.9954115	-9.26288e-17	0	453.20917
9.880000000000324e-11	0.09284933	0.019437032	0.99546385	-9.2629174e-17	0	453.20917
9.890000000000325e-11	0.09237216	0.019106634	0.9955151	-9.262954e-17	0	453.20917
9.900000000000325e-11	0.09190586	0.018764978	0.9955652	-9.262991e-17	0	453.20917
9.910000000000326e-11	0.09145072	0.018412411	0.9956142	-9.2630286e-17	0	453.20917
9.920000000000326e-11	0.09100694	0.018049274	0.9956618	-9.263066e-17	0	453.20917
9.930000000000327e-11	0.090574786	0.017675914	0.9957084	-9.2631014e-17	0	453.20917
9.940000000000327e-11	0.09015446	0.01729269	0.99575365	-9.263137e-17	0	453.20917
9.950000000000328e-11	0.0897462	0.016899958	0.9957978	-9.263174e-17	0	453.20917
9.960000000000328e-11	0.08935018	0.016498083	0.99584055	-9.2632066e-17	0	453.20917
9.970000000000328e-11	0.08896659	0.016087431	0.995882	-9.263243e-17	0	453.20917
9.980000000000329e-11	0.08859564	0.015668374	0.99592215	-9.263276e-17	0	453.20917
9.99000000000033e-11	0.08823748	0.015241284	0.995961	-9.263311e-17	0	453.20917
1.000000000000033e-10	0.08789226	0.014806539	0.9959985	-9.2633475e-17	0	453.20917
1.001000000000033e-10	0.08756015	0.014364516	0.9960346	-9.26338e-17	0	453.20917
1.0020000000000331e-10	0.08724127	0.0139156	0.9960693	-9.263413e-17	0	453.20917
1.0030000000000331e-10	0.08693576	0.013460174	0.9961028	-9.263448e-17	0	453.20917
1.0040000000000332e-10	0.08664372	0.012998621	0.99613476	-9.263481e-17	0	453.20917
1.0050000000000332e-10	0.08636526	0.01253133	0.9961653	-9.263511e-17	0	453.20917
1.0060000000000333e-10	0.08610049	0.012058688	0.9961944	-9.2635434e-17	0	453.20917
1.0070000000000333e-10	0.08584947	0.011581086	0.99622214	-9.2635785e-17	0	453.20917
1.0080000000000334e-10	0.0856123	0.01109891	0.9962484	-9.263613e-17	0	453.20917
1.0090000000000334e-10	0.08538901	0.010612552	0.99627316	-9.263641e-17	0	453.20917
1.0100000000000335e-10	0.085179664	0.0101224	0.9962966	-9.2636744e-17	0	453.20917
1.0110000000000335e-10	0.08498431	0.009628845	0.9963186	-9.263702e-17	0	453.20917
1.0120000000000336e-10	0.08481482	0.009088471	0.9963384	-9.0303605e-17	0	438.6294
1.0130000000000336e-10	0.084672384	0.008502463	0.99635595	-9.0304016e-17	0	438.6294
1.0140000000000337e-10	0.0845456	0.007915304	0.9963719	-9.030439e-17	0	438.6294
1.0150000000000337e-10	0.084434375	0.0073273974	0.9963862	-9.030478e-17	0	438.6294
1.0160000000000338e-10	0.0843387	0.0067391465	0.9963987	-9.030516e-17	0	438.6294
1.0170000000000338e-10	0.08425852	0.006150954	0.99640965	-9.030558e-17	0	438.6294
1.0180000000000339e-10	0.08419376	0.005563217	0.9964189	-9.030594e-17	0	438.6294
1.0190000000000339e-10	0.08414433	0.0049763303	0.99642646	-9.030634e-17	0	438.6294
1.020000000000034e-10	0.08411016	0.0043906844	0.9964324	-9.030671e-17	0	438.6294
1.021000000000034e-10	0.08409116	0.003806665	0.9964367	-9.030708e-17	0	438.6294
1.022000000000034e-10	0.08408721	0.0032246565	0.99643934	-9.030746e-17	0	438.6294
1.0230000000000341e-10	0.08409819	0.0026450367	0.9964405	-9.0307834e-17	0	438.6294
1.0240000000000342e-10	0.08412398	0.002068179	0.9964398	-9.0308185e-17	0	438.6294
1.0250000000000342e-10	0.08416446	0.0014944527	0.9964377	-9.0308555e-17	0	438.6294
1.0260000000000342e-10	0.084219486	0.00092422176	0.996434	-9.030891e-17	0	438.6294
1.0270000000000343e-10	0.08428888	0.00035784472	0.99642885	-9.0309276e-17	0	438.6294
1.0280000000000343e-10	0.084372506	-0.00020432501	0.99642193	-9.0309614e-17	0	438.6294
1.0290000000000344e-10	0.0844702	-0.00076194	0.99641365	-9.0309965e-17	0	438.6294
1.0300000000000344e-10	0.08458176	-0.0013146584	0.9964038	-9.031033e-17	0	438.6294
1.0310000000000345e-10	0.08470703	-0.0018621447	0.9963925	-9.031065e-17	0	438.6294
1.0320000000000345e-10	0.08484579	-0.002404069	0.99637973	-9.0311e-17	0	438.6294
1.0330000000000346e-10	0.08499786	-0.002940109	0.9963656	-9.031135e-17	0	438.6294
1.0340000000000346e-10	0.085163034	-0.0034699473	0.99635	-9.0311665e-17	0	438.6294
1.0350000000000347e-10	0.08534108	-0.0039932746	0.99633294	-9.0312016e-17	0	438.6294
1.0360000000000347e-10	0.08553178	-0.004509788	0.99631447	-9.0312334e-17	0	438.6294
1.0370000000000348e-10	0.08573491	-0.0050191917	0.99629486	-9.031269e-17	0	438.6294
1.0380000000000348e-10	0.08595023	-0.005521197	0.9962739	-9.0313e-17	0	438.6294
1.0390000000000349e-10	0.08617752	-0.006015522	0.9962515	-9.0313306e-17	0	438.6294
1.0400000000000349e-10	0.0864165	-0.0065018935	0.99622786	-9.031366e-17	0	438.6294
1.041000000000035e-10	0.08666693	-0.0069800457	0.99620306	-9.031397e-17	0	438.6294
1.042000000000035e-10	0.08692854	-0.00744972	0.9961769	-9.0314286e-17	0	438.6294
1.0430000000000351e-10	0.08720108	-0.007910665	0.9961497	-9.031459e-17	0	438.6294
1.0440000000000351e-10	0.08748427	-0.008362638	0.99612135	-9.031491e-17	0	438.6294
1.0450000000000352e-10	0.08777783	-0.008805405	0.9960917	-9.031522e-17	0	438.6294
1.0460000000000352e-10	0.088081494	-0.009238741	0.9960612	-9.031554e-17	0	438.6294
1.0470000000000353e-10	0.08839497	-0.009662424	0.9960295	-9.031582e-17	0	438.6294
1.0480000000000353e-10	0.08871795	-0.010076247	0.9959968	-9.031614e-17	0	438.6294
1.0490000000000354e-10	0.08905016	-0.010480007	0.9959631	-9.0316436e-17	0	438.6294
1.0500000000000354e-10	0.089391306	-0.010873512	0.99592835	-9.031675e-17	0	438.6294
1.0510000000000355e-10	0.08974107	-0.011256577	0.99589276	-9.031703e-17	0	438.6294
1.0520000000000355e-10	0.090099156	-0.011629025	0.99585617	-9.031732e-17	0	438.6294
1.0530000000000356e-10	0.090465255	-0.011990692	0.99581873	-9.031763e-17	0	438.6294
1.0540000000000356e-10	0.09083906	-0.012341415	0.99578047	-9.0317906e-17	0	438.6294
1.0550000000000356e-10	0.091220245	-0.0126810465	0.9957414	-9.0318217e-17	0	438.6294
1.0560000000000357e-10	0.09160851	-0.013009444	0.9957015	-9.0318475e-17	0	438.6294
1.0570000000000357e-10	0.09200352	-0.013326476	0.99566096	-9.0318766e-17	0	438.6294
1.0580000000000358e-10	0.09240495	-0.013632021	0.99561965	-9.031906e-17	0	438.6294
1.0590000000000358e-10	0.09281251	-0.01392596	0.99557763	-9.0319335e-17	0	438.6294
1.0600000000000359e-10	0.093225844	-0.014208188	0.9955352	-9.031961e-17	0	438.6294
1.061000000000036e-10	0.09364463	-0.01447861	0.995492	-9.031987e-17	0	438.6294
1.062000000000036e-10	0.09406856	-0.014737137	0.9954482	-9.0320175e-17	0	438.6294
1.063000000000036e-10	0.09449729	-0.014983688	0.9954038	-9.032041e-17	0	438.6294
1.0640000000000361e-10	0.094930515	-0.015218191	0.9953591	-9.0320665e-17	0	438.6294
1.0650000000000361e-10	0.09536788	-0.015440587	0.9953138	-9.0320936e-17	0	438.6294
1.0660000000000362e-10	0.09580906	-0.01565082	0.9952682	-9.032121e-17	0	438.6294
1.0670000000000362e-10	0.09625374	-0.015848845	0.99522203	-9.032148e-17	0	438.6294
1.0680000000000363e-10	0.096701585	-0.01603463	0.99517566	-9.032175e-17	0	438.6294
1.0690000000000363e-10	0.09715227	-0.016208142	0.99512887	-9.0322015e-17	0	438.6294
1.0700000000000364e-10	0.09760547	-0.016369365	0.9950819	-9.0322233e-17	0	438.6294
1.0710000000000364e-10	0.09806085	-0.016518287	0.9950346	-9.0322525e-17	0	438.6294
1.0720000000000365e-10	0.09851809	-0.016654907	0.99498713	-9.0322756e-17	0	438.6294
1.0730000000000365e-10	0.09897688	-0.016779229	0.99493945	-9.032303e-17	0	438.6294
1.0740000000000366e-10	0.09943689	-0.01689127	0.99489164	-9.032328e-17	0	438.6294
1.0750000000000366e-10	0.09989778	-0.01699105	0.99484366	-9.032354e-17	0	438.6294
1.0760000000000367e-10	0.10035926	-0.017078605	0.9947956	-9.032379e-17	0	438.6294
1.0770000000000367e-10	0.100821	-0.017153967	0.9947475	-9.0324e-17	0	438.6294
1.0780000000000368e-10	0.101282686	-0.017217187	0.9946995	-9.032423e-17	0	438.6294
1.0790000000000368e-10	0.101744026	-0.017268317	0.9946513	-9.032448e-17	0	438.6294
1.0800000000000369e-10	0.102204695	-0.01730742	0.99460346	-9.032472e-17	0	438.6294
1.0810000000000369e-10	0.10266439	-0.017334566	0.99455553	-9.0324966e-17	0	438.6294
1.082000000000037e-10	0.1031228	-0.017349832	0.9945077	-9.032521e-17	0	438.6294
1.083000000000037e-10	0.10357965	-0.0173533	0.9944601	-9.032542e-17	0	438.6294
1.084000000000037e-10	0.10403463	-0.017345067	0.9944126	-9.032566e-17	0	438.6294
1.0850000000000371e-10	0.10448746	-0.017325228	0.99436533	-9.032589e-17	0	438.6294
1.0860000000000371e-10	0.10493783	-0.017293891	0.99431837	-9.032611e-17	0	438.6294
1.0870000000000372e-10	0.10538547	-0.017251166	0.99427164	-9.032634e-17	0	438.6294
1.0880000000000372e-10	0.1058301	-0.017197179	0.99422514	-9.032657e-17	0	438.6294
1.0890000000000373e-10	0.10627145	-0.017132048	0.9941791	-9.03268e-17	0	438.6294
1.0900000000000373e-10	0.10670926	-0.01705591	0.9941335	-9.032702e-17	0	438.6294
1.0910000000000374e-10	0.10714323	-0.016968904	0.9940882	-9.0327216e-17	0	438.6294
1.0920000000000374e-10	0.10757312	-0.016871173	0.99404323	-9.032742e-17	0	438.6294
1.0930000000000375e-10	0.10799867	-0.016762873	0.9939988	-9.032765e-17	0	438.6294
1.0940000000000375e-10	0.10841964	-0.016644157	0.9939548	-9.0327865e-17	0	438.6294
1.0950000000000376e-10	0.10883576	-0.016515188	0.9939114	-9.032808e-17	0	438.6294
1.0960000000000376e-10	0.10924682	-0.016376138	0.99386847	-9.032829e-17	0	438.6294
1.0970000000000377e-10	0.109652564	-0.016227175	0.99382603	-9.03285e-17	0	438.6294
1.0980000000000377e-10	0.11005275	-0.016068483	0.9937843	-9.03287e-17	0	438.6294
1.0990000000000378e-10	0.11044718	-0.015900243	0.9937432	-9.03289e-17	0	438.6294
1.1000000000000378e-10	0.11083562	-0.015722645	0.99370253	-9.03291e-17	0	438.6294
1.1010000000000379e-10	0.111217864	-0.015535884	0.9936626	-9.032931e-17	0	438.6294
1.1020000000000379e-10	0.11159371	-0.015340156	0.9936234	-9.03295e-17	0	438.6294
1.103000000000038e-10	0.11196292	-0.015135665	0.9935849	-9.0329724e-17	0	438.6294
1.104000000000038e-10	0.112325355	-0.014922618	0.99354696	-9.032991e-17	0	438.6294
1.105000000000038e-10	0.11268077	-0.014701228	0.9935099	-9.03301e-17	0	438.6294
1.1060000000000381e-10	0.11302902	-0.014471704	0.99347353	-9.0330293e-17	0	438.6294
1.1070000000000382e-10	0.11336993	-0.014234271	0.993438	-9.033049e-17	0	438.6294
1.1080000000000382e-10	0.11370331	-0.013989148	0.99340314	-9.033069e-17	0	438.6294
1.1090000000000383e-10	0.11402899	-0.013736561	0.9933692	-9.033086e-17	0	438.6294
1.1100000000000383e-10	0.11434685	-0.013476737	0.9933361	-9.033107e-17	0	438.6294
1.1110000000000383e-10	0.11465669	-0.013209911	0.9933038	-9.0331246e-17	0	438.6294
1.1120000000000384e-10	0.114960596	-0.01298939	0.99327147	-8.82651e-17	0	425.43707
1.1130000000000384e-10	0.11526058	-0.012815177	0.9932389	-8.826522e-17	0	425.43707
1.1140000000000385e-10	0.11555506	-0.012634299	0.9932067	-8.826537e-17	0	425.43707
1.1150000000000385e-10	0.11584388	-0.012446918	0.99317527	-8.8265485e-17	0	425.43707
1.1160000000000386e-10	0.1161269	-0.012253199	0.9931445	-8.8265644e-17	0	425.43707
1.1170000000000386e-10	0.116404004	-0.012053311	0.9931145	-8.8265776e-17	0	425.43707
1.1180000000000387e-10	0.11667505	-0.011847428	0.9930849	-8.82659e-17	0	425.43707
1.1190000000000387e-10	0.116939925	-0.011635723	0.99305624	-8.826601e-17	0	425.43707
1.1200000000000388e-10	0.11719851	-0.0114183705	0.99302804	-8.826618e-17	0	425.43707
1.1210000000000388e-10	0.117450684	-0.011195549	0.99300057	-8.8266306e-17	0	425.43707
1.1220000000000389e-10	0.11769636	-0.010967439	0.992974	-8.826643e-17	0	425.43707
1.1230000000000389e-10	0.1179354	-0.010734224	0.99294794	-8.826656e-17	0	425.43707
1.124000000000039e-10	0.11816773	-0.0104960855	0.9929227	-8.826668e-17	0	425.43707
1.125000000000039e-10	0.118393265	-0.010253211	0.9928983	-8.826681e-17	0	425.43707
1.1260000000000391e-10	0.11861189	-0.010005787	0.99287456	-8.826694e-17	0	425.43707
1.1270000000000391e-10	0.11882354	-0.009754001	0.99285173	-8.826707e-17	0	425.43707
1.1280000000000392e-10	0.119028136	-0.009498043	0.99282944	-8.82672e-17	0	425.43707
1.1290000000000392e-10	0.1192256	-0.009238104	0.9928082	-8.826731e-17	0	425.43707
1.1300000000000393e-10	0.11941586	-0.008974377	0.9927876	-8.826742e-17	0	425.43707
1.1310000000000393e-10	0.11959885	-0.008707053	0.99276775	-8.826754e-17	0	425.43707
1.1320000000000394e-10	0.11977452	-0.008436326	0.9927488	-8.826767e-17	0	425.43707
1.1330000000000394e-10	0.11994283	-0.0081623895	0.9927306	-8.826779e-17	0	425.43707
1.1340000000000395e-10	0.12010369	-0.007885438	0.99271345	-8.82679e-17	0	425.43707
1.1350000000000395e-10	0.1202571	-0.007605668	0.9926969	-8.826801e-17	0	425.43707
1.1360000000000396e-10	0.120403	-0.007323274	0.99268115	-8.826813e-17	0	425.43707
1.1370000000000396e-10	0.12054135	-0.0070384503	0.9926663	-8.826826e-17	0	425.43707
1.1380000000000397e-10	0.12067214	-0.0067513925	0.99265236	-8.826837e-17	0	425.43707
1.1390000000000397e-10	0.120795324	-0.0064622965	0.99263924	-8.8268496e-17	0	425.43707
1.1400000000000397e-10	0.1209109	-0.0061713564	0.99262685	-8.8268595e-17	0	425.43707
1.1410000000000398e-10	0.12101885	-0.005878767	0.99261534	-8.826871e-17	0	425.43707
1.1420000000000398e-10	0.12111916	-0.0055847233	0.99260485	-8.8268814e-17	0	425.43707
1.1430000000000399e-10	0.12121183	-0.0052894186	0.992595	-8.826895e-17	0	425.43707
1.14400000000004e-10	0.12129686	-0.0049930457	0.99258614	-8.826905e-17	0	425.43707
1.14500000000004e-10	0.12137426	-0.0046957964	0.99257797	-8.8269164e-17	0	425.43707
1.14600000000004e-10	0.121444024	-0.004397862	0.99257076	-8.8269264e-17	0	425.43707
1.1470000000000401e-10	0.12150618	-0.004099434	0.9925644	-8.8269376e-17	0	425.43707
1.1480000000000401e-10	0.12156074	-0.003800699	0.9925588	-8.826946e-17	0	425.43707
1.1490000000000402e-10	0.12160773	-0.0035018465	0.99255407	-8.826956e-17	0	425.43707
1.1500000000000402e-10	0.121647164	-0.0032030626	0.99255013	-8.8269694e-17	0	425.43707
1.1510000000000403e-10	0.121679105	-0.0029045322	0.9925472	-8.8269787e-17	0	425.43707
1.1520000000000403e-10	0.12170357	-0.002606439	0.9925449	-8.826991e-17	0	425.43707
1.1530000000000404e-10	0.121720605	-0.002308965	0.9925436	-8.826999e-17	0	425.43707
1.1540000000000404e-10	0.12173024	-0.0020122891	0.99254304	-8.8270084e-17	0	425.43707
1.1550000000000405e-10	0.121732555	-0.0017165906	0.9925432	-8.82702e-17	0	425.43707
1.1560000000000405e-10	0.121727586	-0.0014220456	0.9925443	-8.8270276e-17	0	425.43707
1.1570000000000406e-10	0.12171537	-0.001128828	0.9925461	-8.827038e-17	0	425.43707
1.1580000000000406e-10	0.121696	-0.0008371103	0.99254864	-8.827049e-17	0	425.43707
1.1590000000000407e-10	0.12166954	-0.0005470618	0.99255216	-8.8270594e-17	0	425.43707
1.1600000000000407e-10	0.12163605	-0.00025885037	0.99255633	-8.82707e-17	0	425.43707
1.1610000000000408e-10	0.12159559	2.7358707e-05	0.9925614	-8.827078e-17	0	425.43707
1.1620000000000408e-10	0.12154827	0.00031140295	0.9925671	-8.827088e-17	0	425.43707
1.1630000000000409e-10	0.121494144	0.0005931222	0.99257356	-8.827098e-17	0	425.43707
1.1640000000000409e-10	0.12143331	0.00087235885	0.9925809	-8.827108e-17	0	425.43707
1.1650000000000407e-10	0.121365845	0.0011489583	0.9925889	-8.8271156e-17	0	425.43707
1.1660000000000405e-10	0.12129185	0.0014227685	0.99259746	-8.8271256e-17	0	425.43707
1.1670000000000403e-10	0.121211424	0.0016936403	0.99260694	-8.8271335e-17	0	425.43707
1.16800000000004e-10	0.12112466	0.0019614275	0.9926171	-8.827144e-17	0	425.43707
1.1690000000000399e-10	0.12103165	0.0022259871	0.9926278	-8.827154e-17	0	425.43707
1.1700000000000396e-10	0.12093252	0.0024871784	0.9926393	-8.827164e-17	0	425.43707
1.1710000000000394e-10	0.12082735	0.0027448651	0.9926515	-8.82717e-17	0	425.43707
1.1720000000000392e-10	0.12071627	0.0029989136	0.99266434	-8.82718e-17	0	425.43707
1.173000000000039e-10	0.120599374	0.0032491921	0.9926778	-8.827188e-17	0	425.43707
1.1740000000000388e-10	0.12047681	0.0034955747	0.9926918	-8.827198e-17	0	425.43707
1.1750000000000386e-10	0.12034866	0.0037379365	0.9927065	-8.827206e-17	0	425.43707
1.1760000000000384e-10	0.12021509	0.003976158	0.9927218	-8.827215e-17	0	425.43707
1.1770000000000382e-10	0.12007619	0.004210121	0.99273777	-8.827223e-17	0	425.43707
1.178000000000038e-10	0.119932085	0.0044397134	0.9927542	-8.8272334e-17	0	425.43707
1.1790000000000378e-10	0.11978292	0.0046648243	0.9927713	-8.8272414e-17	0	425.43707
1.1800000000000375e-10	0.1196288	0.0048853476	0.99278885	-8.827248e-17	0	425.43707
1.1810000000000373e-10	0.11946989	0.00510118	0.99280703	-8.8272566e-17	0	425.43707
1.182000000000037e-10	0.119306296	0.005312223	0.9928256	-8.8272645e-17	0	425.43707
1.183000000000037e-10	0.119138174	0.0055183815	0.9928447	-8.8272745e-17	0	425.43707
1.1840000000000367e-10	0.11896566	0.0057195635	0.9928644	-8.827282e-17	0	425.43707
1.1850000000000365e-10	0.11878889	0.005915682	0.99288446	-8.827289e-17	0	425.43707
1.1860000000000363e-10	0.118608	0.0061066505	0.9929051	-8.827298e-17	0	425.43707
1.187000000000036e-10	0.11842315	0.0062923906	0.9929261	-8.8273056e-17	0	425.43707
1.1880000000000359e-10	0.118234456	0.0064728255	0.9929475	-8.827311e-17	0	425.43707
1.1890000000000357e-10	0.1180421	0.006647883	0.9929694	-8.8273214e-17	0	425.43707
1.1900000000000354e-10	0.11784619	0.0068174945	0.99299157	-8.827331e-17	0	425.43707
1.1910000000000352e-10	0.11764692	0.0069815936	0.9930142	-8.8273367e-17	0	425.43707
1.192000000000035e-10	0.11744439	0.007140122	0.9930372	-8.827346e-17	0	425.43707
1.1930000000000348e-10	0.117238775	0.0072930204	0.99306047	-8.827351e-17	0	425.43707
1.1940000000000346e-10	0.11703024	0.007440236	0.9930841	-8.827362e-17	0	425.43707
1.1950000000000344e-10	0.116818905	0.0075817206	0.99310803	-8.827367e-17	0	425.43707
1.1960000000000342e-10	0.116604954	0.007717428	0.99313223	-8.827376e-17	0	425.43707
1.197000000000034e-10	0.116388515	0.0078473175	0.99315673	-8.827381e-17	0	425.43707
1.1980000000000338e-10	0.11616974	0.007971351	0.99318147	-8.8273876e-17	0	425.43707
1.1990000000000335e-10	0.115948796	0.008089496	0.9932065	-8.827397e-17	0	425.43707
1.2000000000000333e-10	0.115725845	0.008201722	0.9932317	-8.827405e-17	0	425.43707
1.201000000000033e-10	0.11550101	0.008308003	0.99325705	-8.827412e-17	0	425.43707
1.202000000000033e-10	0.11527448	0.008408318	0.99328274	-8.827418e-17	0	425.43707
1.2030000000000327e-10	0.11504638	0.008502648	0.99330854	-8.827426e-17	0	425.43707
1.2040000000000325e-10	0.11481688	0.00859098	0.9933345	-8.827433e-17	0	425.43707
1.2050000000000323e-10	0.11458612	0.008673304	0.99336064	-8.8274405e-17	0	425.43707
1.206000000000032e-10	0.11435428	0.008749611	0.9933868	-8.827445e-17	0	425.43707
1.2070000000000319e-10	0.11412147	0.0088199	0.9934131	-8.827454e-17	0	425.43707
1.2080000000000317e-10	0.11388789	0.008884172	0.99343944	-8.827461e-17	0	425.43707
1.2090000000000314e-10	0.11365365	0.008942434	0.99346596	-8.8274683e-17	0	425.43707
1.2100000000000312e-10	0.11341892	0.008994689	0.99349236	-8.8274736e-17	0	425.43707
1.211000000000031e-10	0.113183856	0.009040956	0.99351895	-8.8274796e-17	0	425.43707
1.2120000000000308e-10	0.1129486	0.0090812445	0.99354553	-8.8274875e-17	0	425.43707
1.2130000000000306e-10	0.112734966	0.009027162	0.99357057	-8.641487e-17	0	413.44342
1.2140000000000304e-10	0.11252347	0.008968199	0.9935951	-8.6414923e-17	0	413.44342
1.2150000000000302e-10	0.11231422	0.008904426	0.99361944	-8.6414996e-17	0	413.44342
1.21600000000003e-10	0.11210731	0.0088359155	0.99364376	-8.641507e-17	0	413.44342
1.2170000000000298e-10	0.11190285	0.008762743	0.9936675	-8.641511e-17	0	413.44342
1.2180000000000296e-10	0.11170094	0.008684984	0.993691	-8.6415155e-17	0	413.44342
1.2190000000000293e-10	0.11150168	0.008602721	0.99371445	-8.641523e-17	0	413.44342
1.2200000000000291e-10	0.11130517	0.008516029	0.99373734	-8.641529e-17	0	413.44342
1.221000000000029e-10	0.11111151	0.008424996	0.99376	-8.641532e-17	0	413.44342
1.2220000000000287e-10	0.11092076	0.008329705	0.9937823	-8.641539e-17	0	413.44342
1.2230000000000285e-10	0.11073306	0.008230246	0.9938042	-8.641545e-17	0	413.44342
1.2240000000000283e-10	0.11054846	0.008126703	0.9938258	-8.641549e-17	0	413.44342
1.225000000000028e-10	0.11036707	0.00801917	0.9938469	-8.6415545e-17	0	413.44342
1.226000000000028e-10	0.110188946	0.007907737	0.9938678	-8.64156e-17	0	413.44342
1.2270000000000277e-10	0.11001419	0.0077925	0.9938882	-8.641565e-17	0	413.44342
1.2280000000000275e-10	0.10984286	0.0076735523	0.9939082	-8.641571e-17	0	413.44342
1.2290000000000272e-10	0.109675065	0.007550993	0.99392796	-8.641576e-17	0	413.44342
1.230000000000027e-10	0.109510854	0.007424918	0.99394715	-8.6415803e-17	0	413.44342
1.2310000000000268e-10	0.10935029	0.007295428	0.9939659	-8.641586e-17	0	413.44342
1.2320000000000266e-10	0.109193444	0.0071626236	0.99398434	-8.641592e-17	0	413.44342
1.2330000000000264e-10	0.109040394	0.0070266076	0.9940023	-8.6415956e-17	0	413.44342
1.2340000000000262e-10	0.10889119	0.0068874834	0.99401975	-8.6416015e-17	0	413.44342
1.235000000000026e-10	0.108745895	0.006745354	0.9940369	-8.6416055e-17	0	413.44342
1.2360000000000258e-10	0.108604565	0.006600325	0.9940534	-8.64161e-17	0	413.44342
1.2370000000000256e-10	0.10846725	0.006452503	0.9940696	-8.6416154e-17	0	413.44342
1.2380000000000253e-10	0.108334005	0.0063019954	0.99408525	-8.64162e-17	0	413.44342
1.2390000000000251e-10	0.10820488	0.0061489097	0.99410045	-8.6416253e-17	0	413.44342
1.240000000000025e-10	0.10807991	0.005993355	0.9941151	-8.6416287e-17	0	413.44342
1.2410000000000247e-10	0.107959166	0.00583544	0.99412936	-8.6416346e-17	0	413.44342
1.2420000000000245e-10	0.107842654	0.005675274	0.9941432	-8.641639e-17	0	413.44342
1.2430000000000243e-10	0.10773042	0.0055129686	0.9941563	-8.641645e-17	0	413.44342
1.244000000000024e-10	0.1076225	0.005348634	0.99416906	-8.641648e-17	0	413.44342
1.245000000000024e-10	0.10751894	0.0051823813	0.9941814	-8.641654e-17	0	413.44342
1.2460000000000237e-10	0.10741976	0.0050143218	0.99419314	-8.6416564e-17	0	413.44342
1.2470000000000235e-10	0.107324965	0.004844568	0.9942044	-8.641661e-17	0	413.44342
1.2480000000000232e-10	0.1072346	0.0046732314	0.9942152	-8.6416664e-17	0	413.44342
1.249000000000023e-10	0.107148685	0.004500424	0.9942253	-8.6416703e-17	0	413.44342
1.2500000000000228e-10	0.10706723	0.004326257	0.99423504	-8.641672e-17	0	413.44342
1.2510000000000226e-10	0.106990255	0.0041508437	0.9942442	-8.641678e-17	0	413.44342
1.2520000000000224e-10	0.10691777	0.003974295	0.9942529	-8.641687e-17	0	413.44342
1.2530000000000222e-10	0.10684978	0.0037967241	0.994261	-8.6416895e-17	0	413.44342
1.254000000000022e-10	0.106786296	0.0036182418	0.99426866	-8.641695e-17	0	413.44342
1.2550000000000218e-10	0.10672733	0.0034389584	0.9942758	-8.641697e-17	0	413.44342
1.2560000000000216e-10	0.10667287	0.0032589862	0.9942823	-8.641702e-17	0	413.44342
1.2570000000000214e-10	0.10662292	0.0030784348	0.99428844	-8.641705e-17	0	413.44342
1.2580000000000211e-10	0.106577486	0.0028974148	0.99429405	-8.641709e-17	0	413.44342
1.259000000000021e-10	0.10653653	0.0027160353	0.99429905	-8.641714e-17	0	413.44342
1.2600000000000207e-10	0.106500074	0.0025344053	0.9943036	-8.641716e-17	0	413.44342
1.2610000000000205e-10	0.1064681	0.0023526333	0.9943075	-8.641722e-17	0	413.44342
1.2620000000000203e-10	0.10644058	0.0021708265	0.99431103	-8.641726e-17	0	413.44342
1.26300000000002e-10	0.10641752	0.0019890917	0.994314	-8.641728e-17	0	413.44342
1.26400000000002e-10	0.10639888	0.0018075351	0.99431646	-8.6417325e-17	0	413.44342
1.2650000000000197e-10	0.10638464	0.0016262613	0.9943184	-8.6417365e-17	0	413.44342
1.2660000000000195e-10	0.10637479	0.0014453746	0.9943199	-8.6417425e-17	0	413.44342
1.2670000000000193e-10	0.10636931	0.001264978	0.99432087	-8.641746e-17	0	413.44342
1.268000000000019e-10	0.10636813	0.0010851736	0.9943214	-8.641748e-17	0	413.44342
1.2690000000000188e-10	0.10637126	0.00090606225	0.9943212	-8.641753e-17	0	413.44342
1.2700000000000186e-10	0.10637865	0.00072774384	0.9943207	-8.6417564e-17	0	413.44342
1.2710000000000184e-10	0.10639027	0.0005503171	0.9943197	-8.6417603e-17	0	413.44342
1.2720000000000182e-10	0.10640606	0.00037387913	0.9943181	-8.6417636e-17	0	413.44342
1.273000000000018e-10	0.10642601	0.00019852584	0.9943162	-8.641768e-17	0	413.44342
1.2740000000000178e-10	0.106450066	2.4352194e-05	0.9943138	-8.641773e-17	0	413.44342
1.2750000000000176e-10	0.10647816	-0.00014854863	0.99431086	-8.641775e-17	0	413.44342
1.2760000000000174e-10	0.1065103	-0.00032008492	0.99430746	-8.6417795e-17	0	413.44342
1.2770000000000171e-10	0.10654639	-0.00049016625	0.9943036	-8.6417835e-17	0	413.44342
1.278000000000017e-10	0.10658639	-0.00065870374	0.9942992	-8.641787e-17	0	413.44342
1.2790000000000167e-10	0.106630266	-0.00082561007	0.9942944	-8.6417914e-17	0	413.44342
1.2800000000000165e-10	0.106677935	-0.0009907997	0.99428946	-8.641795e-17	0	413.44342
1.2810000000000163e-10	0.10672936	-0.0011541888	0.99428374	-8.641799e-17	0	413.44342
1.282000000000016e-10	0.10678448	-0.0013156945	0.9942777	-8.6418014e-17	0	413.44342
1.283000000000016e-10	0.10684323	-0.0014752366	0.9942712	-8.6418034e-17	0	413.44342
1.2840000000000157e-10	0.106905565	-0.0016327361	0.9942643	-8.6418053e-17	0	413.44342
1.2850000000000155e-10	0.1069714	-0.0017881161	0.9942571	-8.641811e-17	0	413.44342
1.2860000000000153e-10	0.10704068	-0.001941301	0.99424946	-8.6418146e-17	0	413.44342
1.287000000000015e-10	0.10711335	-0.0020922178	0.99424136	-8.641818e-17	0	413.44342
1.2880000000000148e-10	0.10718932	-0.0022407947	0.99423283	-8.641819e-17	0	413.44342
1.2890000000000146e-10	0.10726854	-0.0023869618	0.99422395	-8.641825e-17	0	413.44342
1.2900000000000144e-10	0.10735093	-0.002530652	0.99421483	-8.641825e-17	0	413.44342
1.2910000000000142e-10	0.10743641	-0.0026717992	0.9942053	-8.64183e-17	0	413.44342
1.292000000000014e-10	0.10752493	-0.00281034	0.99419534	-8.641832e-17	0	413.44342
1.2930000000000138e-10	0.107616395	-0.002946212	0.9941851	-8.6418364e-17	0	413.44342
1.2940000000000136e-10	0.10771075	-0.003079356	0.9941746	-8.641839e-17	0	413.44342
1.2950000000000134e-10	0.107807904	-0.0032097138	0.9941635	-8.6418444e-17	0	413.44342
1.2960000000000132e-10	0.107907765	-0.0033372308	0.9941525	-8.641846e-17	0	413.44342
1.297000000000013e-10	0.108010285	-0.0034618522	0.99414086	-8.6418484e-17	0	413.44342
1.2980000000000127e-10	0.10811536	-0.0035835274	0.99412906	-8.6418536e-17	0	413.44342
1.2990000000000125e-10	0.10822293	-0.0037022072	0.9941169	-8.641857e-17	0	413.44342
1.3000000000000123e-10	0.1083329	-0.0038178437	0.9941045	-8.641859e-17	0	413.44342
1.301000000000012e-10	0.1084452	-0.0039303917	0.99409187	-8.641861e-17	0	413.44342
1.302000000000012e-10	0.10855971	-0.0040398096	0.99407893	-8.641864e-17	0	413.44342
1.3030000000000117e-10	0.108676404	-0.004146055	0.9940657	-8.64187e-17	0	413.44342
1.3040000000000115e-10	0.10879515	-0.004249091	0.99405235	-8.641873e-17	0	413.44342
1.3050000000000113e-10	0.108915895	-0.004348879	0.99403864	-8.6418755e-17	0	413.44342
1.306000000000011e-10	0.10903853	-0.004445387	0.9940247	-8.641876e-17	0	413.44342
1.3070000000000108e-10	0.10916298	-0.0045385817	0.9940107	-8.641881e-17	0	413.44342
1.3080000000000106e-10	0.10928917	-0.004628433	0.99399644	-8.6418834e-17	0	413.44342
1.3090000000000104e-10	0.10941699	-0.0047149137	0.9939819	-8.6418854e-17	0	413.44342
1.3100000000000102e-10	0.109546356	-0.0047979984	0.9939673	-8.641888e-17	0	413.44342
1.31100000000001e-10	0.10967721	-0.0048776637	0.9939524	-8.6418933e-17	0	413.44342
1.3120000000000098e-10	0.10980942	-0.004953888	0.99393743	-8.641894e-17	0	413.44342
1.3130000000000096e-10	0.10994713	-0.005065188	0.99392164	-8.4750537e-17	0	402.59653
1.3140000000000094e-10	0.11009151	-0.0052112564	0.9939049	-8.475054e-17	0	402.59653
1.3150000000000092e-10	0.11023874	-0.005353418	0.9938877	-8.4750616e-17	0	402.59653
1.316000000000009e-10	0.1103887	-0.005491621	0.9938704	-8.475067e-17	0	402.59653
1.3170000000000087e-10	0.1105413	-0.005625817	0.9938527	-8.475071e-17	0	402.59653
1.3180000000000085e-10	0.11069642	-0.005755961	0.9938345	-8.475075e-17	0	402.59653
1.3190000000000083e-10	0.11085397	-0.005882011	0.99381626	-8.475081e-17	0	402.59653
1.320000000000008e-10	0.111013845	-0.0060039246	0.9937976	-8.4750854e-17	0	402.59653
1.321000000000008e-10	0.11117593	-0.0061216652	0.9937787	-8.4750914e-17	0	402.59653
1.3220000000000077e-10	0.11134013	-0.006235197	0.99375963	-8.4750954e-17	0	402.59653
1.3230000000000075e-10	0.11150634	-0.0063444884	0.9937402	-8.4751e-17	0	402.59653
1.3240000000000073e-10	0.11167444	-0.006449508	0.99372065	-8.475104e-17	0	402.59653
1.325000000000007e-10	0.111844346	-0.006550229	0.9937008	-8.475109e-17	0	402.59653
1.3260000000000068e-10	0.11201593	-0.006646626	0.9936808	-8.475114e-17	0	402.59653
1.3270000000000066e-10	0.1121891	-0.0067386776	0.9936606	-8.475118e-17	0	402.59653
1.3280000000000064e-10	0.11236373	-0.0068263635	0.99364024	-8.475122e-17	0	402.59653
1.3290000000000062e-10	0.11253975	-0.006909666	0.9936197	-8.475126e-17	0	402.59653
1.330000000000006e-10	0.11271701	-0.0069885706	0.9935989	-8.475131e-17	0	402.59653
1.3310000000000058e-10	0.112895444	-0.0070630657	0.9935781	-8.475136e-17	0	402.59653
1.3320000000000056e-10	0.1130749	-0.00713314	0.99355716	-8.475139e-17	0	402.59653
1.3330000000000054e-10	0.113255315	-0.007198789	0.993536	-8.475143e-17	0	402.59653
1.3340000000000052e-10	0.113436565	-0.0072600055	0.99351484	-8.475147e-17	0	402.59653
1.335000000000005e-10	0.113618545	-0.0073167887	0.9934936	-8.475152e-17	0	402.59653
1.3360000000000047e-10	0.11380114	-0.0073691383	0.9934722	-8.475157e-17	0	402.59653
1.3370000000000045e-10	0.11398424	-0.0074170576	0.9934508	-8.4751595e-17	0	402.59653
1.3380000000000043e-10	0.11416778	-0.0074605513	0.9934293	-8.475165e-17	0	402.59653
1.339000000000004e-10	0.114351615	-0.0074996273	0.9934078	-8.475167e-17	0	402.59653
1.340000000000004e-10	0.11453566	-0.007534296	0.99338627	-8.475172e-17	0	402.59653
1.3410000000000037e-10	0.11471981	-0.0075645675	0.99336463	-8.4751754e-17	0	402.59653
1.3420000000000035e-10	0.11490394	-0.007590459	0.9933431	-8.475184e-17	0	402.59653
1.3430000000000033e-10	0.11508799	-0.0076119862	0.9933216	-8.475184e-17	0	402.59653
1.344000000000003e-10	0.11527184	-0.007629169	0.9933001	-8.4751873e-17	0	402.59653
1.3450000000000029e-10	0.11545537	-0.007642028	0.99327844	-8.4751926e-17	0	402.59653
1.3460000000000026e-10	0.11563851	-0.0076505872	0.99325705	-8.475198e-17	0	402.59653
1.3470000000000024e-10	0.11582115	-0.0076548737	0.9932356	-8.4752e-17	0	402.59653
1.3480000000000022e-10	0.11600321	-0.0076549146	0.99321437	-8.475204e-17	0	402.59653
1.349000000000002e-10	0.11618456	-0.0076507395	0.9931931	-8.475208e-17	0	402.59653
1.3500000000000018e-10	0.116365135	-0.007642382	0.99317193	-8.475212e-17	0	402.59653
1.3510000000000016e-10	0.11654482	-0.007629876	0.9931509	-8.475217e-17	0	402.59653
1.3520000000000014e-10	0.11672353	-0.0076132575	0.99312985	-8.4752204e-17	0	402.59653
1.3530000000000012e-10	0.11690119	-0.0075925654	0.9931091	-8.475222e-17	0	402.59653
1.354000000000001e-10	0.11707768	-0.007567841	0.99308836	-8.475227e-17	0	402.59653
1.3550000000000007e-10	0.11725292	-0.007539125	0.9930678	-8.47523e-17	0	402.59653
1.3560000000000005e-10	0.11742685	-0.0075064627	0.9930475	-8.475235e-17	0	402.59653
1.3570000000000003e-10	0.11759937	-0.0074699004	0.99302715	-8.475235e-17	0	402.59653
1.358e-10	0.11777035	-0.007429485	0.9930072	-8.475241e-17	0	402.59653
1.3594999999999998e-10	0.118023865	-0.0073617487	0.9929774	-8.4752456e-17	0	402.59653
1.3604999999999996e-10	0.118190736	-0.0073119234	0.99295783	-8.4752515e-17	0	402.59653
1.3614999999999994e-10	0.11835582	-0.0072584273	0.9929385	-8.475253e-17	0	402.59653
1.3624999999999992e-10	0.11851905	-0.0072013163	0.9929193	-8.4752555e-17	0	402.59653
1.363499999999999e-10	0.118680336	-0.0071406467	0.9929004	-8.4752595e-17	0	402.59653
1.3644999999999988e-10	0.11883961	-0.0070764776	0.99288166	-8.4752634e-17	0	402.59653
1.3654999999999985e-10	0.11899679	-0.007008869	0.9928633	-8.475269e-17	0	402.59653
1.3664999999999983e-10	0.1191518	-0.006937884	0.99284506	-8.475269e-17	0	402.59653
1.367499999999998e-10	0.11930457	-0.006863584	0.99282706	-8.475272e-17	0	402.59653
1.368499999999998e-10	0.119455054	-0.0067860344	0.99280953	-8.4752773e-17	0	402.59653
1.3694999999999977e-10	0.11960317	-0.0067052995	0.99279207	-8.4752773e-17	0	402.59653
1.3704999999999975e-10	0.119748846	-0.0066214483	0.992775	-8.475283e-17	0	402.59653
1.3714999999999973e-10	0.119892046	-0.006534548	0.9927582	-8.475285e-17	0	402.59653
1.372499999999997e-10	0.120032676	-0.006444669	0.99274176	-8.475289e-17	0	402.59653
1.3734999999999969e-10	0.1201707	-0.006351881	0.99272555	-8.4752926e-17	0	402.59653
1.3744999999999966e-10	0.12030604	-0.0062562567	0.99270964	-8.475296e-17	0	402.59653
1.3754999999999964e-10	0.12043864	-0.006157868	0.9926941	-8.4752985e-17	0	402.59653
1.3764999999999962e-10	0.1205685	-0.0060567893	0.9926789	-8.4753005e-17	0	402.59653
1.377499999999996e-10	0.120695494	-0.005953095	0.992664	-8.475304e-17	0	402.59653
1.3784999999999958e-10	0.12081961	-0.005846861	0.99264944	-8.475307e-17	0	402.59653
1.3794999999999956e-10	0.12094082	-0.0057381624	0.9926352	-8.4753124e-17	0	402.59653
1.3804999999999954e-10	0.12105903	-0.0056270785	0.99262136	-8.4753144e-17	0	402.59653
1.3814999999999952e-10	0.121174246	-0.005513686	0.99260783	-8.475318e-17	0	402.59653
1.382499999999995e-10	0.12128637	-0.0053980653	0.99259466	-8.47532e-17	0	402.59653
1.3834999999999948e-10	0.12139542	-0.0052802935	0.99258184	-8.4753223e-17	0	402.59653
1.3844999999999945e-10	0.12150132	-0.0051604514	0.99256945	-8.4753276e-17	0	402.59653
1.3854999999999943e-10	0.121604025	-0.005038621	0.9925574	-8.475331e-17	0	402.59653
1.386499999999994e-10	0.12170354	-0.004914882	0.99254584	-8.475335e-17	0	402.59653
1.387499999999994e-10	0.12179983	-0.004789316	0.9925345	-8.475337e-17	0	402.59653
1.3884999999999937e-10	0.12189281	-0.004662005	0.99252367	-8.475341e-17	0	402.59653
1.3894999999999935e-10	0.121982515	-0.0045330324	0.99251306	-8.475341e-17	0	402.59653
1.3904999999999933e-10	0.122068904	-0.0044024796	0.992503	-8.475343e-17	0	402.59653
1.391499999999993e-10	0.12215193	-0.00427043	0.9924933	-8.475345e-17	0	402.59653
1.3924999999999929e-10	0.122231595	-0.0041369675	0.992484	-8.47535e-17	0	402.59653
1.3934999999999927e-10	0.12230787	-0.0040021744	0.99247503	-8.475351e-17	0	402.59653
1.3944999999999924e-10	0.12238073	-0.0038661342	0.99246657	-8.4753534e-17	0	402.59653
1.3954999999999922e-10	0.12245017	-0.0037289318	0.99245834	-8.475358e-17	0	402.59653
1.396499999999992e-10	0.12251617	-0.0035906495	0.9924508	-8.475361e-17	0	402.59653
1.3974999999999918e-10	0.12257872	-0.0034513709	0.99244344	-8.4753634e-17	0	402.59653
1.3984999999999916e-10	0.12263782	-0.0033111805	0.99243647	-8.4753653e-17	0	402.59653
1.3994999999999914e-10	0.12269345	-0.0031701617	0.99243003	-8.475368e-17	0	402.59653
1.4004999999999912e-10	0.1227456	-0.0030283972	0.9924241	-8.475372e-17	0	402.59653
1.401499999999991e-10	0.12279428	-0.0028859708	0.99241835	-8.4753726e-17	0	402.59653
1.4024999999999908e-10	0.122839466	-0.0027429643	0.9924131	-8.475374e-17	0	402.59653
1.4034999999999906e-10	0.1228812	-0.0025994615	0.99240816	-8.47538e-17	0	402.59653
1.4044999999999903e-10	0.122919425	-0.0024555447	0.9924038	-8.475381e-17	0	402.59653
1.4054999999999901e-10	0.122954205	-0.0023112954	0.9923998	-8.475385e-17	0	402.59653
1.40649999999999e-10	0.12298549	-0.0021667953	0.99239624	-8.475386e-17	0	402.59653
1.4074999999999897e-10	0.12301333	-0.0020221255	0.992393	-8.475389e-17	0	402.59653
1.4084999999999895e-10	0.12303772	-0.0018773669	0.9923903	-8.4753925e-17	0	402.59653
1.4094999999999893e-10	0.12305866	-0.0017325992	0.992388	-8.475395e-17	0	402.59653
1.410499999999989e-10	0.123076186	-0.0015879027	0.9923859	-8.475398e-17	0	402.59653
1.4114999999999889e-10	0.12309028	-0.0014433556	0.9923844	-8.475399e-17	0	402.59653
1.4124999999999887e-10	0.12310098	-0.0012990368	0.9923831	-8.475402e-17	0	402.59653
1.4134999999999884e-10	0.12311375	-0.0011926902	0.9923817	-8.3264325e-17	0	392.78677
1.4144999999999882e-10	0.12312996	-0.001123994	0.99237967	-8.3264325e-17	0	392.78677
1.415499999999988e-10	0.12314454	-0.0010551915	0.9923779	-8.326435e-17	0	392.78677
1.4164999999999878e-10	0.12315753	-0.0009863188	0.9923763	-8.3264345e-17	0	392.78677
1.4174999999999876e-10	0.12316894	-0.00091741193	0.9923749	-8.326437e-17	0	392.78677
1.4184999999999874e-10	0.12317876	-0.0008485067	0.9923737	-8.3264364e-17	0	392.78677
1.4194999999999872e-10	0.123187	-0.00077963853	0.99237275	-8.32644e-17	0	392.78677
1.420499999999987e-10	0.12319367	-0.0007108423	0.9923719	-8.326437e-17	0	392.78677
1.4214999999999868e-10	0.12319876	-0.0006421536	0.9923714	-8.3264384e-17	0	392.78677
1.4224999999999866e-10	0.12320231	-0.0005736067	0.9923709	-8.3264384e-17	0	392.78677
1.4234999999999863e-10	0.123204306	-0.0005052358	0.9923706	-8.32644e-17	0	392.78677
1.4244999999999861e-10	0.123204775	-0.00043707513	0.9923707	-8.326441e-17	0	392.78677
1.425499999999986e-10	0.123203695	-0.00036915828	0.9923708	-8.32644e-17	0	392.78677
1.4264999999999857e-10	0.12320112	-0.0003015186	0.9923712	-8.326442e-17	0	392.78677
1.4274999999999855e-10	0.12319702	-0.00023418883	0.9923717	-8.326442e-17	0	392.78677
1.4284999999999853e-10	0.12319143	-0.00016720154	0.9923723	-8.326443e-17	0	392.78677
1.429499999999985e-10	0.123184375	-0.00010058898	0.9923731	-8.326444e-17	0	392.78677
1.430499999999985e-10	0.12317584	-3.438277e-05	0.9923743	-8.326444e-17	0	392.78677
1.4314999999999847e-10	0.123165846	3.1385753e-05	0.99237543	-8.3264464e-17	0	392.78677
1.4324999999999845e-10	0.12315444	9.6685704e-05	0.9923769	-8.326447e-17	0	392.78677
1.4334999999999842e-10	0.1231416	0.00016148682	0.9923785	-8.326447e-17	0	392.78677
1.434499999999984e-10	0.12312737	0.00022575911	0.99238026	-8.326447e-17	0	392.78677
1.4354999999999838e-10	0.12311174	0.00028947325	0.99238217	-8.3264464e-17	0	392.78677
1.4364999999999836e-10	0.12309474	0.00035260024	0.9923843	-8.326449e-17	0	392.78677
1.4374999999999834e-10	0.123076394	0.00041511154	0.9923865	-8.32645e-17	0	392.78677
1.4384999999999832e-10	0.1230567	0.00047697924	0.99238896	-8.326449e-17	0	392.78677
1.439499999999983e-10	0.123035714	0.000538176	0.99239147	-8.326449e-17	0	392.78677
1.4404999999999828e-10	0.123013414	0.00059867476	0.9923943	-8.326453e-17	0	392.78677
1.4414999999999826e-10	0.122989856	0.00065844937	0.9923972	-8.326451e-17	0	392.78677
1.4424999999999824e-10	0.122965045	0.000717474	0.9924002	-8.326451e-17	0	392.78677
1.4434999999999821e-10	0.122939005	0.00077572337	0.9924034	-8.326452e-17	0	392.78677
1.444499999999982e-10	0.12291175	0.0008331728	0.99240667	-8.326454e-17	0	392.78677
1.4454999999999817e-10	0.12288332	0.0008897984	0.9924102	-8.3264536e-17	0	392.78677
1.4464999999999815e-10	0.12285371	0.00094557635	0.9924139	-8.326455e-17	0	392.78677
1.4474999999999813e-10	0.12282297	0.0010004841	0.9924177	-8.326452e-17	0	392.78677
1.448499999999981e-10	0.12279111	0.0010544992	0.99242157	-8.3264556e-17	0	392.78677
1.449499999999981e-10	0.12275815	0.0011075999	0.9924256	-8.3264556e-17	0	392.78677
1.4504999999999807e-10	0.122724116	0.0011597652	0.9924298	-8.326457e-17	0	392.78677
1.4514999999999805e-10	0.12268906	0.0012109748	0.99243414	-8.326459e-17	0	392.78677
1.4524999999999803e-10	0.12265297	0.0012612083	0.9924385	-8.3264556e-17	0	392.78677
1.45349999999998e-10	0.12261589	0.0013104473	0.9924431	-8.32646e-17	0	392.78677
1.4544999999999798e-10	0.12257785	0.001358673	0.99244773	-8.32646e-17	0	392.78677
1.4554999999999796e-10	0.12253887	0.0014058672	0.9924525	-8.3264596e-17	0	392.78677
1.4564999999999794e-10	0.12249896	0.001452013	0.9924574	-8.326459e-17	0	392.78677
1.4574999999999792e-10	0.12245818	0.0014970938	0.9924624	-8.32646e-17	0	392.78677
1.458499999999979e-10	0.122416526	0.0015410936	0.99246746	-8.326461e-17	0	392.78677
1.4594999999999788e-10	0.12237404	0.0015839972	0.9924728	-8.3264616e-17	0	392.78677
1.4604999999999786e-10	0.122330755	0.0016257899	0.992478	-8.326461e-17	0	392.78677
1.4614999999999784e-10	0.12228669	0.0016664576	0.9924835	-8.326463e-17	0	392.78677
1.4624999999999781e-10	0.122241884	0.0017059876	0.99248904	-8.326461e-17	0	392.78677
1.463499999999978e-10	0.12219633	0.0017443666	0.9924945	-8.326462e-17	0	392.78677
1.4644999999999777e-10	0.12215011	0.0017815836	0.9925002	-8.3264636e-17	0	392.78677
1.4654999999999775e-10	0.12210321	0.0018176268	0.99250597	-8.3264636e-17	0	392.78677
1.4664999999999773e-10	0.122055694	0.0018524856	0.9925118	-8.326464e-17	0	392.78677
1.467499999999977e-10	0.12200754	0.0018861503	0.9925178	-8.326464e-17	0	392.78677
1.468499999999977e-10	0.12195883	0.0019186118	0.9925237	-8.326466e-17	0	392.78677
1.4694999999999767e-10	0.12190957	0.0019498618	0.99252975	-8.3264675e-17	0	392.78677
1.4704999999999765e-10	0.12185978	0.0019798917	0.9925359	-8.3264656e-17	0	392.78677
1.4714999999999763e-10	0.121809505	0.0020086952	0.992542	-8.326468e-17	0	392.78677
1.472499999999976e-10	0.12175878	0.0020362656	0.99254817	-8.3264675e-17	0	392.78677
1.4734999999999758e-10	0.1217076	0.0020625968	0.99255455	-8.326468e-17	0	392.78677
1.4744999999999756e-10	0.121656016	0.002087684	0.9925608	-8.326469e-17	0	392.78677
1.4754999999999754e-10	0.12160407	0.0021115232	0.99256724	-8.32647e-17	0	392.78677
1.4764999999999752e-10	0.12155178	0.0021341094	0.9925736	-8.32647e-17	0	392.78677
1.477499999999975e-10	0.121499196	0.0021554409	0.99258006	-8.3264715e-17	0	392.78677
1.4784999999999748e-10	0.1214463	0.0021755144	0.9925867	-8.326473e-17	0	392.78677
1.4794999999999746e-10	0.12139316	0.0021943287	0.99259317	-8.3264735e-17	0	392.78677
1.4804999999999744e-10	0.12133979	0.0022118825	0.9925997	-8.326472e-17	0	392.78677
1.4814999999999742e-10	0.1212862	0.002228175	0.99260634	-8.3264715e-17	0	392.78677
1.482499999999974e-10	0.121232465	0.002243207	0.99261284	-8.3264735e-17	0	392.78677
1.4834999999999737e-10	0.121178575	0.002256979	0.99261945	-8.326473e-17	0	392.78677
1.4844999999999735e-10	0.121124595	0.0022694927	0.99262613	-8.3264755e-17	0	392.78677
1.4854999999999733e-10	0.12107051	0.0022807498	0.9926328	-8.326475e-17	0	392.78677
1.486499999999973e-10	0.12101637	0.002290754	0.9926394	-8.326475e-17	0	392.78677
1.487499999999973e-10	0.12096222	0.0022995078	0.9926461	-8.326474e-17	0	392.78677
1.4884999999999727e-10	0.12090805	0.0023070157	0.99265265	-8.326476e-17	0	392.78677
1.4894999999999725e-10	0.12085394	0.0023132823	0.99265933	-8.3264755e-17	0	392.78677
1.4904999999999723e-10	0.120799854	0.0023183124	0.99266607	-8.3264755e-17	0	392.78677
1.491499999999972e-10	0.120745875	0.0023221124	0.9926726	-8.326476e-17	0	392.78677
1.4924999999999718e-10	0.120692	0.0023246887	0.99267924	-8.326477e-17	0	392.78677
1.4934999999999716e-10	0.120638266	0.0023260477	0.99268585	-8.326479e-17	0	392.78677
1.4944999999999714e-10	0.12058471	0.0023261977	0.9926924	-8.326477e-17	0	392.78677
1.4954999999999712e-10	0.12053132	0.0023251465	0.9926989	-8.326479e-17	0	392.78677
1.496499999999971e-10	0.12047816	0.002322903	0.9927056	-8.326479e-17	0	392.78677
1.4974999999999708e-10	0.12042525	0.0023194766	0.992712	-8.326478e-17	0	392.78677
1.4984999999999706e-10	0.1203726	0.0023148765	0.99271846	-8.326478e-17	0	392.78677
1.4994999999999704e-10	0.12032026	0.002309114	0.9927249	-8.326481e-17	0	392.78677
1.5004999999999702e-10	0.12026822	0.0023021998	0.99273133	-8.32648e-17	0	392.78677
1.50149999999997e-10	0.12021654	0.0022941446	0.99273765	-8.32648e-17	0	392.78677
1.5024999999999697e-10	0.12016522	0.0022849613	0.99274397	-8.3264814e-17	0	392.78677
1.5034999999999695e-10	0.1201143	0.0022746616	0.9927502	-8.3264814e-17	0	392.78677
1.5044999999999693e-10	0.12006379	0.0022632587	0.99275637	-8.326483e-17	0	392.78677
1.505499999999969e-10	0.12001373	0.0022507661	0.99276257	-8.326482e-17	0	392.78677
1.506499999999969e-10	0.11996413	0.0022371977	0.99276865	-8.326484e-17	0	392.78677
1.5074999999999687e-10	0.11991501	0.0022225678	0.99277467	-8.326482e-17	0	392.78677
1.5084999999999685e-10	0.11986639	0.0022068908	0.99278075	-8.326484e-17	0	392.78677
1.5094999999999683e-10	0.119818315	0.0021901827	0.9927865	-8.326483e-17	0	392.78677
1.510499999999968e-10	0.11977079	0.0021724587	0.9927925	-8.326483e-17	0	392.78677
1.5114999999999678e-10	0.11972383	0.0021537342	0.9927982	-8.326484e-17	0	392.78677
1.5124999999999676e-10	0.11967745	0.0021340272	0.99280393	-8.326484e-17	0	392.78677
1.5134999999999674e-10	0.119631685	0.0021133532	0.9928096	-8.3264834e-17	0	392.78677
1.5144999999999672e-10	0.119598016	0.0020275563	0.99281377	-8.192562e-17	0	383.91498
1.515499999999967e-10	0.11956634	0.0019413331	0.9928178	-8.192563e-17	0	383.91498
1.5164999999999668e-10	0.11953669	0.0018547294	0.9928217	-8.192562e-17	0	383.91498
1.5174999999999666e-10	0.11950906	0.0017677913	0.9928252	-8.192567e-17	0	383.91498
1.5184999999999664e-10	0.11948343	0.0016805645	0.99282855	-8.192567e-17	0	383.91498
1.5194999999999662e-10	0.11945982	0.0015930942	0.9928316	-8.1925675e-17	0	383.91498
1.520499999999966e-10	0.11943823	0.0015054259	0.9928344	-8.192569e-17	0	383.91498
1.5214999999999657e-10	0.119418636	0.0014176044	0.9928369	-8.1925715e-17	0	383.91498
1.5224999999999655e-10	0.11940107	0.0013296746	0.9928393	-8.19257e-17	0	383.91498
1.5234999999999653e-10	0.11938548	0.0012416815	0.99284124	-8.19257e-17	0	383.91498
1.524499999999965e-10	0.11937189	0.0011536689	0.9928431	-8.192573e-17	0	383.91498
1.525499999999965e-10	0.1193603	0.001065681	0.9928446	-8.1925715e-17	0	383.91498
1.5264999999999647e-10	0.11935068	0.0009777616	0.99284595	-8.192575e-17	0	383.91498
1.5274999999999645e-10	0.11934303	0.00088995416	0.99284697	-8.192575e-17	0	383.91498
1.5284999999999643e-10	0.11933735	0.00080230157	0.9928478	-8.192577e-17	0	383.91498
1.529499999999964e-10	0.11933361	0.0007148464	0.9928484	-8.192578e-17	0	383.91498
1.5304999999999639e-10	0.11933182	0.0006276312	0.99284863	-8.192579e-17	0	383.91498
1.5314999999999636e-10	0.119331956	0.0005406977	0.99284875	-8.192579e-17	0	383.91498
1.5324999999999634e-10	0.119334005	0.00045408748	0.99284863	-8.1925794e-17	0	383.91498
1.5334999999999632e-10	0.11933796	0.0003678415	0.9928483	-8.1925814e-17	0	383.91498
1.534499999999963e-10	0.1193438	0.00028200026	0.9928476	-8.1925834e-17	0	383.91498
1.5354999999999628e-10	0.11935149	0.00019660365	0.9928467	-8.192582e-17	0	383.91498
1.5364999999999626e-10	0.11936105	0.00011169147	0.99284565	-8.1925834e-17	0	383.91498
1.5374999999999624e-10	0.11937244	2.730271e-05	0.99284434	-8.1925834e-17	0	383.91498
1.5384999999999622e-10	0.11938565	-5.65241e-05	0.9928428	-8.192586e-17	0	383.91498
1.539499999999962e-10	0.11940066	-0.00013975095	0.99284095	-8.192586e-17	0	383.91498
1.5404999999999617e-10	0.11941745	-0.00022234049	0.99283904	-8.1925874e-17	0	383.91498
1.5414999999999615e-10	0.11943599	-0.00030425587	0.9928369	-8.1925894e-17	0	383.91498
1.5424999999999613e-10	0.11945627	-0.00038546073	0.99283445	-8.1925894e-17	0	383.91498
1.543499999999961e-10	0.11947826	-0.0004659195	0.99283177	-8.19259e-17	0	383.91498
1.544499999999961e-10	0.119501956	-0.00054559705	0.9928289	-8.19259e-17	0	383.91498
1.5454999999999607e-10	0.1195273	-0.0006244592	0.99282587	-8.1925913e-17	0	383.91498
1.5464999999999605e-10	0.11955431	-0.00070247194	0.9928226	-8.192592e-17	0	383.91498
1.5474999999999603e-10	0.11958293	-0.0007796023	0.9928191	-8.192594e-17	0	383.91498
1.54849999999996e-10	0.11961314	-0.0008558179	0.9928155	-8.192594e-17	0	383.91498
1.5494999999999599e-10	0.119644925	-0.00093108683	0.99281156	-8.192594e-17	0	383.91498
1.5504999999999596e-10	0.119678244	-0.001005378	0.9928075	-8.192594e-17	0	383.91498
1.5514999999999594e-10	0.11971308	-0.0010786613	0.9928032	-8.192596e-17	0	383.91498
1.5524999999999592e-10	0.11974941	-0.0011509068	0.99279886	-8.1925966e-17	0	383.91498
1.553499999999959e-10	0.1197872	-0.0012220858	0.9927942	-8.192597e-17	0	383.91498
1.5544999999999588e-10	0.11982641	-0.0012921701	0.9927894	-8.192598e-17	0	383.91498
1.5554999999999586e-10	0.11986703	-0.0013611321	0.99278444	-8.1926006e-17	0	383.91498
1.5564999999999584e-10	0.11990902	-0.0014289452	0.99277925	-8.1926e-17	0	383.91498
1.5574999999999582e-10	0.119952336	-0.0014955836	0.99277395	-8.1926e-17	0	383.91498
1.558499999999958e-10	0.11999697	-0.0015610219	0.9927686	-8.192602e-17	0	383.91498
1.5594999999999578e-10	0.12004288	-0.0016252357	0.99276286	-8.192602e-17	0	383.91498
1.5604999999999575e-10	0.12009004	-0.0016882013	0.992757	-8.192604e-17	0	383.91498
1.5614999999999573e-10	0.12013841	-0.0017498962	0.99275106	-8.192604e-17	0	383.91498
1.562499999999957e-10	0.120187975	-0.0018102983	0.99274504	-8.192605e-17	0	383.91498
1.563499999999957e-10	0.12023868	-0.0018693861	0.9927387	-8.1926046e-17	0	383.91498
1.5644999999999567e-10	0.120290495	-0.0019271395	0.9927324	-8.1926046e-17	0	383.91498
1.5654999999999565e-10	0.12034341	-0.0019835383	0.9927259	-8.1926046e-17	0	383.91498
1.5664999999999563e-10	0.12039735	-0.002038564	0.9927193	-8.192609e-17	0	383.91498
1.567499999999956e-10	0.120452315	-0.002092199	0.9927125	-8.192609e-17	0	383.91498
1.5684999999999559e-10	0.120508276	-0.0021444256	0.9927056	-8.192608e-17	0	383.91498
1.5694999999999557e-10	0.12056515	-0.0021952277	0.99269855	-8.192608e-17	0	383.91498
1.5704999999999554e-10	0.12062297	-0.0022445894	0.9926914	-8.192609e-17	0	383.91498
1.5714999999999552e-10	0.12068165	-0.0022924962	0.99268425	-8.1926105e-17	0	383.91498
1.572499999999955e-10	0.12074117	-0.0023389342	0.99267685	-8.192611e-17	0	383.91498
1.5734999999999548e-10	0.12080149	-0.0023838903	0.99266934	-8.1926125e-17	0	383.91498
1.5744999999999546e-10	0.120862596	-0.0024273526	0.99266195	-8.192614e-17	0	383.91498
1.5754999999999544e-10	0.12092443	-0.0024693096	0.9926542	-8.192615e-17	0	383.91498
1.5764999999999542e-10	0.120986946	-0.0025097502	0.9926465	-8.192615e-17	0	383.91498
1.577499999999954e-10	0.121050134	-0.002548665	0.9926387	-8.1926145e-17	0	383.91498
1.5784999999999538e-10	0.12111394	-0.0025860453	0.99263084	-8.192615e-17	0	383.91498
1.5794999999999535e-10	0.12117836	-0.0026218826	0.99262285	-8.1926145e-17	0	383.91498
1.5804999999999533e-10	0.121243306	-0.00265617	0.99261487	-8.192617e-17	0	383.91498
1.581499999999953e-10	0.12130879	-0.0026889006	0.99260664	-8.192618e-17	0	383.91498
1.582499999999953e-10	0.121374756	-0.0027200691	0.99259853	-8.1926185e-17	0	383.91498
1.5834999999999527e-10	0.121441156	-0.0027496712	0.99259037	-8.192619e-17	0	383.91498
1.5844999999999525e-10	0.12150796	-0.002777702	0.99258214	-8.19262e-17	0	383.91498
1.5854999999999523e-10	0.121575154	-0.002804159	0.99257374	-8.192622e-17	0	383.91498
1.586499999999952e-10	0.12164267	-0.002829039	0.9925654	-8.192619e-17	0	383.91498
1.5874999999999519e-10	0.1217105	-0.0028523416	0.99255705	-8.1926224e-17	0	383.91498
1.5884999999999517e-10	0.121778585	-0.0028740652	0.9925486	-8.192621e-17	0	383.91498
1.5894999999999514e-10	0.12184689	-0.00289421	0.99254006	-8.192622e-17	0	383.91498
1.5904999999999512e-10	0.121915415	-0.0029127768	0.9925316	-8.192622e-17	0	383.91498
1.591499999999951e-10	0.121984094	-0.0029297671	0.99252313	-8.192624e-17	0	383.91498
1.5924999999999508e-10	0.122052886	-0.0029451835	0.99251455	-8.192624e-17	0	383.91498
1.5934999999999506e-10	0.122121766	-0.0029590293	0.9925061	-8.1926244e-17	0	383.91498
1.5944999999999504e-10	0.122190714	-0.002971308	0.9924975	-8.1926244e-17	0	383.91498
1.5954999999999502e-10	0.12225967	-0.0029820246	0.992489	-8.1926244e-17	0	383.91498
1.59649999999995e-10	0.12232861	-0.002991184	0.9924804	-8.1926264e-17	0	383.91498
1.5974999999999498e-10	0.12239748	-0.0029987923	0.99247193	-8.192627e-17	0	383.91498
1.5984999999999496e-10	0.122466296	-0.0030048569	0.9924633	-8.1926284e-17	0	383.91498
1.5994999999999493e-10	0.122534975	-0.003009385	0.99245477	-8.1926264e-17	0	383.91498
1.6004999999999491e-10	0.12260351	-0.0030123852	0.99244624	-8.19263e-17	0	383.91498
1.601499999999949e-10	0.12267188	-0.0030138663	0.99243784	-8.19263e-17	0	383.91498
1.6024999999999487e-10	0.12274001	-0.003013838	0.9924294	-8.1926304e-17	0	383.91498
1.6034999999999485e-10	0.12280789	-0.0030123107	0.9924209	-8.192632e-17	0	383.91498
1.6044999999999483e-10	0.122875504	-0.0030092956	0.9924125	-8.192632e-17	0	383.91498
1.605499999999948e-10	0.12294279	-0.0030048038	0.9924042	-8.1926324e-17	0	383.91498
1.606499999999948e-10	0.12300974	-0.0029988487	0.9923958	-8.1926304e-17	0	383.91498
1.6074999999999477e-10	0.12307631	-0.0029914426	0.99238765	-8.192633e-17	0	383.91498
1.6084999999999475e-10	0.123142466	-0.0029825992	0.9923794	-8.192634e-17	0	383.91498
1.6094999999999472e-10	0.12320821	-0.002972333	0.9923713	-8.1926344e-17	0	383.91498
1.610499999999947e-10	0.12327346	-0.002960659	0.99236315	-8.192634e-17	0	383.91498
1.6114999999999468e-10	0.12333824	-0.002947592	0.9923551	-8.192636e-17	0	383.91498
1.6124999999999466e-10	0.12340248	-0.0029331485	0.992347	-8.192635e-17	0	383.91498
1.6134999999999464e-10	0.123466186	-0.0029173454	0.99233913	-8.192635e-17	0	383.91498
1.6144999999999462e-10	0.123533145	-0.0029297285	0.99233073	-8.072463e-17	0	375.89145
1.615499999999946e-10	0.1236043	-0.0029700578	0.9923217	-8.0724616e-17	0	375.89145
1.6164999999999458e-10	0.12367606	-0.003008715	0.99231255	-8.0724635e-17	0	375.89145
1.6174999999999456e-10	0.12374843	-0.0030456919	0.9923034	-8.072463e-17	0	375.89145
1.6184999999999453e-10	0.12382133	-0.0030809825	0.9922942	-8.072464e-17	0	375.89145
1.6194999999999451e-10	0.12389473	-0.0031145809	0.99228483	-8.072466e-17	0	375.89145
1.620499999999945e-10	0.123968616	-0.0031464817	0.9922755	-8.072466e-17	0	375.89145
1.6214999999999447e-10	0.12404293	-0.003176682	0.99226606	-8.072464e-17	0	375.89145
1.6224999999999445e-10	0.12411763	-0.003205177	0.9922566	-8.072467e-17	0	375.89145
1.6234999999999443e-10	0.12419268	-0.0032319655	0.99224705	-8.0724675e-17	0	375.89145
1.624499999999944e-10	0.12426804	-0.0032570453	0.9922375	-8.0724675e-17	0	375.89145
1.625499999999944e-10	0.12434369	-0.0032804161	0.99222785	-8.0724695e-17	0	375.89145
1.6264999999999437e-10	0.124419585	-0.0033020773	0.99221826	-8.0724695e-17	0	375.89145
1.6274999999999435e-10	0.12449568	-0.0033220307	0.99220866	-8.0724695e-17	0	375.89145
1.6284999999999432e-10	0.124571934	-0.0033402771	0.99219894	-8.0724715e-17	0	375.89145
1.629499999999943e-10	0.12464832	-0.003356819	0.9921893	-8.0724715e-17	0	375.89145
1.6304999999999428e-10	0.12472479	-0.0033716604	0.99217963	-8.0724715e-17	0	375.89145
1.6314999999999426e-10	0.12480133	-0.0033848048	0.99216974	-8.072474e-17	0	375.89145
1.6324999999999424e-10	0.124877885	-0.0033962568	0.9921601	-8.072474e-17	0	375.89145
1.6334999999999422e-10	0.1249544	-0.0034060224	0.9921503	-8.0724755e-17	0	375.89145
1.634499999999942e-10	0.12503088	-0.0034141077	0.99214065	-8.072472e-17	0	375.89145
1.6354999999999418e-10	0.12510726	-0.00342052	0.9921309	-8.072474e-17	0	375.89145
1.6364999999999416e-10	0.12518352	-0.003425267	0.9921213	-8.072476e-17	0	375.89145
1.6374999999999414e-10	0.12525961	-0.0034283577	0.99211156	-8.0724755e-17	0	375.89145
1.6384999999999411e-10	0.12533551	-0.0034298007	0.9921019	-8.072477e-17	0	375.89145
1.639499999999941e-10	0.12541117	-0.0034296068	0.9920924	-8.0724794e-17	0	375.89145
1.6404999999999407e-10	0.12548657	-0.0034277865	0.9920827	-8.072481e-17	0	375.89145
1.6414999999999405e-10	0.12556165	-0.0034243509	0.99207324	-8.0724794e-17	0	375.89145
1.6424999999999403e-10	0.12563641	-0.0034193122	0.99206364	-8.0724814e-17	0	375.89145
1.64349999999994e-10	0.12571082	-0.003412684	0.9920542	-8.0724834e-17	0	375.89145
1.64449999999994e-10	0.12578481	-0.0034044792	0.9920448	-8.0724814e-17	0	375.89145
1.6454999999999397e-10	0.12585838	-0.003394712	0.9920355	-8.072482e-17	0	375.89145
1.6464999999999395e-10	0.12593147	-0.0033833974	0.9920262	-8.0724834e-17	0	375.89145
1.6474999999999393e-10	0.12600407	-0.0033705502	0.99201703	-8.0724834e-17	0	375.89145
1.648499999999939e-10	0.12607615	-0.0033561876	0.99200785	-8.0724834e-17	0	375.89145
1.6494999999999388e-10	0.12614766	-0.0033403258	0.9919987	-8.072484e-17	0	375.89145
1.6504999999999386e-10	0.12621859	-0.0033229813	0.99198973	-8.072486e-17	0	375.89145
1.6514999999999384e-10	0.12628889	-0.0033041732	0.99198085	-8.072487e-17	0	375.89145
1.6524999999999382e-10	0.12635855	-0.0032839195	0.9919719	-8.072489e-17	0	375.89145
1.653499999999938e-10	0.12642752	-0.003262239	0.9919632	-8.07249e-17	0	375.89145
1.6544999999999378e-10	0.12649581	-0.0032391523	0.99195445	-8.072487e-17	0	375.89145
1.6554999999999376e-10	0.12656334	-0.0032146778	0.9919459	-8.0724913e-17	0	375.89145
1.6564999999999374e-10	0.12663013	-0.0031888376	0.9919374	-8.07249e-17	0	375.89145
1.6574999999999371e-10	0.12669611	-0.0031616522	0.991929	-8.07249e-17	0	375.89145
1.658499999999937e-10	0.12676129	-0.0031331438	0.9919207	-8.072493e-17	0	375.89145
1.6594999999999367e-10	0.12682565	-0.003103334	0.9919125	-8.0724927e-17	0	375.89145
1.6604999999999365e-10	0.12688911	-0.003072246	0.9919045	-8.072492e-17	0	375.89145
1.6614999999999363e-10	0.1269517	-0.0030399023	0.9918965	-8.072495e-17	0	375.89145
1.662499999999936e-10	0.12701337	-0.0030063265	0.9918887	-8.072494e-17	0	375.89145
1.663499999999936e-10	0.12707412	-0.0029715437	0.991881	-8.0724946e-17	0	375.89145
1.6644999999999357e-10	0.12713389	-0.0029355767	0.9918735	-8.072496e-17	0	375.89145
1.6654999999999355e-10	0.12719269	-0.002898451	0.99186593	-8.0724946e-17	0	375.89145
1.6664999999999353e-10	0.1272505	-0.0028601922	0.9918586	-8.072496e-17	0	375.89145
1.667499999999935e-10	0.12730727	-0.0028208252	0.9918514	-8.072496e-17	0	375.89145
1.6684999999999348e-10	0.127363	-0.0027803758	0.99184424	-8.0724966e-17	0	375.89145
1.6694999999999346e-10	0.12741765	-0.0027388711	0.9918373	-8.072499e-17	0	375.89145
1.6704999999999344e-10	0.12747124	-0.002696337	0.99183047	-8.072498e-17	0	375.89145
1.6714999999999342e-10	0.12752372	-0.0026528002	0.9918238	-8.072497e-17	0	375.89145
1.672499999999934e-10	0.12757508	-0.0026082888	0.99181736	-8.0725e-17	0	375.89145
1.6734999999999338e-10	0.12762532	-0.0025628298	0.991811	-8.0725006e-17	0	375.89145
1.6744999999999336e-10	0.1276744	-0.0025164504	0.9918047	-8.0724986e-17	0	375.89145
1.6754999999999334e-10	0.12772232	-0.0024691795	0.9917986	-8.0725006e-17	0	375.89145
1.6764999999999332e-10	0.12776904	-0.0024210447	0.99179256	-8.0725e-17	0	375.89145
1.677499999999933e-10	0.12781458	-0.0023720753	0.99178684	-8.072504e-17	0	375.89145
1.6784999999999327e-10	0.1278589	-0.0023222994	0.99178123	-8.0725026e-17	0	375.89145
1.6794999999999325e-10	0.127902	-0.0022717454	0.9917757	-8.0725046e-17	0	375.89145
1.6804999999999323e-10	0.12794386	-0.0022204432	0.9917704	-8.0725026e-17	0	375.89145
1.681499999999932e-10	0.12798446	-0.0021684216	0.99176526	-8.072504e-17	0	375.89145
1.682499999999932e-10	0.12802382	-0.0021157102	0.9917602	-8.072506e-17	0	375.89145
1.6834999999999317e-10	0.12806189	-0.0020623382	0.99175537	-8.072503e-17	0	375.89145
1.6844999999999315e-10	0.1280987	-0.0020083354	0.9917508	-8.0725066e-17	0	375.89145
1.6854999999999313e-10	0.12813424	-0.0019537318	0.9917463	-8.0725046e-17	0	375.89145
1.686499999999931e-10	0.12816845	-0.0018985567	0.9917419	-8.0725066e-17	0	375.89145
1.6874999999999308e-10	0.12820135	-0.0018428403	0.9917377	-8.072505e-17	0	375.89145
1.6884999999999306e-10	0.12823296	-0.0017866128	0.9917338	-8.072507e-17	0	375.89145
1.6894999999999304e-10	0.12826324	-0.0017299037	0.9917299	-8.0725066e-17	0	375.89145
1.6904999999999302e-10	0.12829219	-0.0016727435	0.9917262	-8.0725085e-17	0	375.89145
1.69149999999993e-10	0.12831981	-0.0016151619	0.99172264	-8.072509e-17	0	375.89145
1.6924999999999298e-10	0.12834612	-0.001557189	0.99171937	-8.072509e-17	0	375.89145
1.6934999999999296e-10	0.12837106	-0.0014988551	0.99171627	-8.072508e-17	0	375.89145
1.6944999999999294e-10	0.1283947	-0.00144019	0.99171317	-8.072509e-17	0	375.89145
1.6954999999999292e-10	0.12841696	-0.001381224	0.9917104	-8.0725105e-17	0	375.89145
1.696499999999929e-10	0.12843789	-0.0013219866	0.99170774	-8.072511e-17	0	375.89145
1.6974999999999287e-10	0.12845747	-0.001262508	0.99170524	-8.072513e-17	0	375.89145
1.6984999999999285e-10	0.12847571	-0.0012028179	0.991703	-8.0725125e-17	0	375.89145
1.6994999999999283e-10	0.12849258	-0.0011429458	0.99170077	-8.0725125e-17	0	375.89145
1.700499999999928e-10	0.12850814	-0.0010829215	0.9916988	-8.072513e-17	0	375.89145
1.701499999999928e-10	0.12852232	-0.0010227745	0.9916971	-8.0725145e-17	0	375.89145
1.7024999999999277e-10	0.12853518	-0.00096253393	0.99169546	-8.0725145e-17	0	375.89145
1.7034999999999275e-10	0.12854668	-0.00090222905	0.99169403	-8.0725145e-17	0	375.89145
1.7044999999999273e-10	0.12855688	-0.000841889	0.9916927	-8.0725145e-17	0	375.89145
1.705499999999927e-10	0.12856573	-0.0007815427	0.9916916	-8.072515e-17	0	375.89145
1.7064999999999268e-10	0.12857324	-0.0007212184	0.9916906	-8.072513e-17	0	375.89145
1.7074999999999266e-10	0.12857942	-0.00066094496	0.99168974	-8.0725165e-17	0	375.89145
1.7084999999999264e-10	0.12858433	-0.0006007503	0.99168926	-8.072517e-17	0	375.89145
1.7094999999999262e-10	0.12858789	-0.00054066285	0.9916889	-8.0725165e-17	0	375.89145
1.710499999999926e-10	0.12859014	-0.00048071018	0.9916886	-8.072516e-17	0	375.89145
1.7114999999999258e-10	0.1285911	-0.00042091988	0.99168843	-8.072516e-17	0	375.89145
1.7124999999999256e-10	0.12859078	-0.00036131934	0.9916885	-8.0725185e-17	0	375.89145
1.7134999999999254e-10	0.12858918	-0.0003019355	0.9916887	-8.072517e-17	0	375.89145
1.7144999999999252e-10	0.12858632	-0.00024279504	0.9916891	-8.0725185e-17	0	375.89145
1.715499999999925e-10	0.12859073	-0.00023813332	0.99168855	-7.964653e-17	0	368.6351
1.7164999999999247e-10	0.12859507	-0.00023339418	0.9916879	-7.9646515e-17	0	368.6351
1.7174999999999245e-10	0.12859929	-0.00022858003	0.9916874	-7.964652e-17	0	368.6351
1.7184999999999243e-10	0.12860337	-0.00022369332	0.9916869	-7.964652e-17	0	368.6351
1.719499999999924e-10	0.12860736	-0.0002187365	0.99168634	-7.9646535e-17	0	368.6351
1.720499999999924e-10	0.12861125	-0.00021371212	0.99168575	-7.964655e-17	0	368.6351
1.7214999999999237e-10	0.12861499	-0.00020862248	0.9916854	-7.964654e-17	0	368.6351
1.7224999999999235e-10	0.12861866	-0.00020347016	0.9916848	-7.964652e-17	0	368.6351
1.7234999999999233e-10	0.12862219	-0.00019825778	0.9916844	-7.964652e-17	0	368.6351
1.724499999999923e-10	0.1286256	-0.00019298776	0.99168396	-7.964652e-17	0	368.6351
1.7254999999999229e-10	0.12862891	-0.00018766268	0.9916835	-7.964652e-17	0	368.6351
1.7264999999999226e-10	0.12863208	-0.00018228503	0.9916831	-7.964653e-17	0	368.6351
1.7274999999999224e-10	0.12863514	-0.00017685743	0.99168277	-7.964654e-17	0	368.6351
1.7284999999999222e-10	0.1286381	-0.00017138239	0.9916823	-7.964653e-17	0	368.6351
1.729499999999922e-10	0.12864092	-0.0001658624	0.99168193	-7.964653e-17	0	368.6351
1.7304999999999218e-10	0.12864363	-0.00016030003	0.9916817	-7.9646535e-17	0	368.6351
1.7314999999999216e-10	0.12864622	-0.00015469805	0.99168134	-7.9646515e-17	0	368.6351
1.7324999999999214e-10	0.12864867	-0.00014905885	0.99168104	-7.964653e-17	0	368.6351
1.7334999999999212e-10	0.12865101	-0.000143385	0.99168074	-7.964653e-17	0	368.6351
1.734499999999921e-10	0.12865323	-0.00013767912	0.9916804	-7.964652e-17	0	368.6351
1.7354999999999207e-10	0.12865533	-0.0001319437	0.9916801	-7.9646515e-17	0	368.6351
1.7364999999999205e-10	0.12865731	-0.00012618134	0.9916799	-7.964654e-17	0	368.6351
1.7374999999999203e-10	0.12865916	-0.00012039469	0.99167967	-7.96465e-17	0	368.6351
1.73849999999992e-10	0.12866089	-0.00011458634	0.9916795	-7.964653e-17	0	368.6351
1.73949999999992e-10	0.12866248	-0.00010875876	0.99167925	-7.964654e-17	0	368.6351
1.7404999999999197e-10	0.12866399	-0.00010291462	0.99167913	-7.9646535e-17	0	368.6351
1.7414999999999195e-10	0.12866531	-9.705644e-05	0.99167895	-7.9646535e-17	0	368.6351
1.7424999999999193e-10	0.12866656	-9.1186754e-05	0.99167883	-7.964652e-17	0	368.6351
1.743499999999919e-10	0.12866767	-8.5308195e-05	0.9916787	-7.964654e-17	0	368.6351
1.7444999999999189e-10	0.12866865	-7.942327e-05	0.99167854	-7.964653e-17	0	368.6351
1.7454999999999186e-10	0.12866952	-7.3534466e-05	0.9916785	-7.964652e-17	0	368.6351
1.7464999999999184e-10	0.12867025	-6.764433e-05	0.9916784	-7.964654e-17	0	368.6351
1.7474999999999182e-10	0.12867086	-6.17554e-05	0.9916783	-7.964651e-17	0	368.6351
1.748499999999918e-10	0.12867136	-5.5870114e-05	0.9916782	-7.964653e-17	0	368.6351
1.7494999999999178e-10	0.12867172	-4.9990962e-05	0.99167824	-7.964653e-17	0	368.6351
1.7504999999999176e-10	0.12867199	-4.412039e-05	0.99167824	-7.9646535e-17	0	368.6351
1.7514999999999174e-10	0.12867211	-3.8260852e-05	0.9916782	-7.964652e-17	0	368.6351
1.7524999999999172e-10	0.12867212	-3.2414886e-05	0.9916782	-7.9646535e-17	0	368.6351
1.753499999999917e-10	0.12867202	-2.6584934e-05	0.9916782	-7.964655e-17	0	368.6351
1.7544999999999168e-10	0.1286718	-2.0773343e-05	0.99167836	-7.9646535e-17	0	368.6351
1.7554999999999165e-10	0.12867144	-1.4982506e-05	0.99167836	-7.9646535e-17	0	368.6351
1.7564999999999163e-10	0.12867098	-9.2148e-06	0.9916785	-7.9646535e-17	0	368.6351
1.757499999999916e-10	0.1286704	-3.47256e-06	0.9916786	-7.9646535e-17	0	368.6351
1.758499999999916e-10	0.1286697	2.2418317e-06	0.9916787	-7.9646535e-17	0	368.6351
1.7594999999999157e-10	0.12866887	7.926077e-06	0.99167883	-7.964655e-17	0	368.6351
1.7604999999999155e-10	0.12866795	1.3577839e-05	0.99167895	-7.964654e-17	0	368.6351
1.7614999999999153e-10	0.12866691	1.9194911e-05	0.9916791	-7.964653e-17	0	368.6351
1.762499999999915e-10	0.12866576	2.4775014e-05	0.9916792	-7.964654e-17	0	368.6351
1.7634999999999149e-10	0.12866448	3.0315954e-05	0.99167943	-7.9646535e-17	0	368.6351
1.7644999999999147e-10	0.12866311	3.581551e-05	0.9916796	-7.9646535e-17	0	368.6351
1.7654999999999144e-10	0.12866163	4.1271596e-05	0.99167985	-7.9646535e-17	0	368.6351
1.7664999999999142e-10	0.12866002	4.6682093e-05	0.99168015	-7.964653e-17	0	368.6351
1.767499999999914e-10	0.12865832	5.2044794e-05	0.9916803	-7.9646535e-17	0	368.6351
1.7684999999999138e-10	0.1286565	5.7357724e-05	0.9916806	-7.964653e-17	0	368.6351
1.7694999999999136e-10	0.1286546	6.26188e-05	0.99168086	-7.964654e-17	0	368.6351
1.7704999999999134e-10	0.12865257	6.7826e-05	0.9916811	-7.964654e-17	0	368.6351
1.7714999999999132e-10	0.12865047	7.297735e-05	0.99168134	-7.964654e-17	0	368.6351
1.772499999999913e-10	0.12864827	7.807096e-05	0.9916818	-7.964653e-17	0	368.6351
1.7734999999999128e-10	0.12864593	8.310484e-05	0.99168205	-7.9646535e-17	0	368.6351
1.7744999999999126e-10	0.12864353	8.80772e-05	0.99168247	-7.964655e-17	0	368.6351
1.7754999999999123e-10	0.12864101	9.298608e-05	0.9916828	-7.964652e-17	0	368.6351
1.7764999999999121e-10	0.12863842	9.7829754e-05	0.9916831	-7.964655e-17	0	368.6351
1.777499999999912e-10	0.1286357	0.00010260646	0.9916835	-7.964654e-17	0	368.6351
1.7784999999999117e-10	0.12863292	0.000107314416	0.9916839	-7.964656e-17	0	368.6351
1.7794999999999115e-10	0.12863006	0.00011195193	0.9916843	-7.964655e-17	0	368.6351
1.7804999999999113e-10	0.12862708	0.00011651745	0.99168473	-7.964654e-17	0	368.6351
1.781499999999911e-10	0.12862404	0.000121009216	0.99168515	-7.964655e-17	0	368.6351
1.7824999999999109e-10	0.1286209	0.00012542568	0.9916855	-7.9646515e-17	0	368.6351
1.7834999999999107e-10	0.12861767	0.00012976528	0.991686	-7.964653e-17	0	368.6351
1.7844999999999104e-10	0.12861437	0.00013402657	0.9916864	-7.9646535e-17	0	368.6351
1.7854999999999102e-10	0.128611	0.00013820812	0.9916869	-7.9646554e-17	0	368.6351
1.78649999999991e-10	0.12860754	0.0001423084	0.9916874	-7.964654e-17	0	368.6351
1.7874999999999098e-10	0.12860401	0.00014632622	0.9916879	-7.9646535e-17	0	368.6351
1.7884999999999096e-10	0.1286004	0.00015026011	0.9916884	-7.964654e-17	0	368.6351
1.7894999999999094e-10	0.12859672	0.00015410875	0.9916889	-7.964654e-17	0	368.6351
1.7904999999999092e-10	0.12859298	0.00015787098	0.9916894	-7.964654e-17	0	368.6351
1.791499999999909e-10	0.12858917	0.00016154555	0.9916899	-7.9646535e-17	0	368.6351
1.7924999999999088e-10	0.12858528	0.00016513132	0.9916905	-7.964657e-17	0	368.6351
1.7934999999999086e-10	0.12858136	0.00016862716	0.991691	-7.964653e-17	0	368.6351
1.7944999999999083e-10	0.12857734	0.00017203193	0.9916915	-7.964654e-17	0	368.6351
1.7954999999999081e-10	0.12857327	0.00017534464	0.9916921	-7.964652e-17	0	368.6351
1.796499999999908e-10	0.12856916	0.00017856437	0.99169266	-7.964656e-17	0	368.6351
1.7974999999999077e-10	0.12856498	0.00018169018	0.99169326	-7.964654e-17	0	368.6351
1.7984999999999075e-10	0.12856075	0.00018472108	0.99169385	-7.9646554e-17	0	368.6351
1.7994999999999073e-10	0.12855648	0.00018765629	0.99169433	-7.964654e-17	0	368.6351
1.800499999999907e-10	0.12855214	0.00019049492	0.9916949	-7.964654e-17	0	368.6351
1.801499999999907e-10	0.12854776	0.00019323631	0.9916955	-7.9646574e-17	0	368.6351
1.8024999999999067e-10	0.12854335	0.00019587981	0.9916962	-7.964656e-17	0	368.6351
1.8034999999999065e-10	0.12853888	0.00019842468	0.9916968	-7.9646535e-17	0	368.6351
1.8044999999999062e-10	0.12853438	0.00020087032	0.9916974	-7.9646554e-17	0	368.6351
1.805499999999906e-10	0.12852985	0.00020321611	0.9916979	-7.964654e-17	0	368.6351
1.8064999999999058e-10	0.12852526	0.00020546153	0.9916986	-7.9646554e-17	0	368.6351
1.8074999999999056e-10	0.12852065	0.00020760608	0.9916992	-7.964654e-17	0	368.6351
1.8084999999999054e-10	0.128516	0.00020964938	0.99169993	-7.9646535e-17	0	368.6351
1.8094999999999052e-10	0.12851132	0.000211591	0.9917005	-7.964658e-17	0	368.6351
1.810499999999905e-10	0.12850663	0.00021343067	0.9917011	-7.964653e-17	0	368.6351
1.8114999999999048e-10	0.12850189	0.00021516797	0.9917017	-7.964655e-17	0	368.6351
1.8124999999999046e-10	0.12849714	0.00021680274	0.9917023	-7.964654e-17	0	368.6351
1.8134999999999044e-10	0.12849237	0.00021833475	0.9917031	-7.964656e-17	0	368.6351
1.8144999999999041e-10	0.12848759	0.00021976378	0.9917036	-7.964655e-17	0	368.6351
1.815499999999904e-10	0.12848653	0.00019699612	0.9917038	-7.8675855e-17	0	362.07257
1.8164999999999037e-10	0.12848996	0.00015027107	0.9917035	-7.867588e-17	0	362.07257
1.8174999999999035e-10	0.12849434	0.000103777966	0.9917029	-7.867589e-17	0	362.07257
1.8184999999999033e-10	0.12849966	5.753591e-05	0.9917022	-7.86759e-17	0	362.07257
1.819499999999903e-10	0.12850596	1.156389e-05	0.9917015	-7.867589e-17	0	362.07257
1.820499999999903e-10	0.12851316	-3.4119683e-05	0.99170053	-7.867588e-17	0	362.07257
1.8214999999999027e-10	0.1285213	-7.949634e-05	0.99169946	-7.8675894e-17	0	362.07257
1.8224999999999025e-10	0.12853032	-0.00012454789	0.9916984	-7.867591e-17	0	362.07257
1.8234999999999022e-10	0.12854028	-0.00016925651	0.99169695	-7.867591e-17	0	362.07257
1.824499999999902e-10	0.12855113	-0.00021360461	0.99169564	-7.8675894e-17	0	362.07257
1.8254999999999018e-10	0.12856285	-0.00025757478	0.99169415	-7.8675894e-17	0	362.07257
1.8264999999999016e-10	0.12857544	-0.00030115	0.99169254	-7.86759e-17	0	362.07257
1.8274999999999014e-10	0.12858891	-0.0003443135	0.99169075	-7.867588e-17	0	362.07257
1.8284999999999012e-10	0.12860323	-0.00038704887	0.99168885	-7.867592e-17	0	362.07257
1.829499999999901e-10	0.1286184	-0.00042933994	0.991687	-7.8675914e-17	0	362.07257
1.8304999999999008e-10	0.12863436	-0.00047117073	0.99168485	-7.867592e-17	0	362.07257
1.8314999999999006e-10	0.12865117	-0.0005125257	0.9916827	-7.8675914e-17	0	362.07257
1.8324999999999004e-10	0.12866876	-0.0005533894	0.9916804	-7.8675914e-17	0	362.07257
1.8334999999999001e-10	0.12868714	-0.000593747	0.991678	-7.867592e-17	0	362.07257
1.8344999999999e-10	0.1287063	-0.00063358387	0.99167556	-7.867592e-17	0	362.07257
1.8354999999998997e-10	0.12872624	-0.00067288574	0.9916729	-7.867593e-17	0	362.07257
1.8364999999998995e-10	0.1287469	-0.0007116384	0.9916702	-7.867591e-17	0	362.07257
1.8374999999998993e-10	0.12876832	-0.0007498284	0.99166745	-7.867593e-17	0	362.07257
1.838499999999899e-10	0.12879044	-0.00078744243	0.99166447	-7.867594e-17	0	362.07257
1.839499999999899e-10	0.12881328	-0.00082446757	0.99166155	-7.867593e-17	0	362.07257
1.8404999999998987e-10	0.1288368	-0.00086089096	0.99165845	-7.867592e-17	0	362.07257
1.8414999999998985e-10	0.12886101	-0.0008967004	0.99165535	-7.867595e-17	0	362.07257
1.8424999999998983e-10	0.12888587	-0.00093188405	0.9916521	-7.867595e-17	0	362.07257
1.843499999999898e-10	0.12891136	-0.0009664303	0.99164873	-7.867593e-17	0	362.07257
1.8444999999998978e-10	0.1289375	-0.0010003279	0.9916452	-7.8675954e-17	0	362.07257
1.8454999999998976e-10	0.12896425	-0.0010335658	0.99164176	-7.8675954e-17	0	362.07257
1.8464999999998974e-10	0.12899162	-0.0010661338	0.9916382	-7.8675934e-17	0	362.07257
1.8474999999998972e-10	0.12901954	-0.0010980219	0.9916345	-7.867595e-17	0	362.07257
1.848499999999897e-10	0.12904803	-0.0011292199	0.99163073	-7.8675954e-17	0	362.07257
1.8494999999998968e-10	0.1290771	-0.0011597186	0.991627	-7.8675974e-17	0	362.07257
1.8504999999998966e-10	0.12910669	-0.001189509	0.9916231	-7.867595e-17	0	362.07257
1.8514999999998964e-10	0.1291368	-0.0012185825	0.99161905	-7.867596e-17	0	362.07257
1.8524999999998962e-10	0.12916738	-0.0012469308	0.99161506	-7.867596e-17	0	362.07257
1.853499999999896e-10	0.12919849	-0.0012745459	0.991611	-7.8675954e-17	0	362.07257
1.8544999999998957e-10	0.12923005	-0.0013014202	0.99160683	-7.8675974e-17	0	362.07257
1.8554999999998955e-10	0.12926207	-0.0013275468	0.99160266	-7.867595e-17	0	362.07257
1.8564999999998953e-10	0.1292945	-0.0013529189	0.9915984	-7.8675954e-17	0	362.07257
1.857499999999895e-10	0.12932736	-0.0013775298	0.99159396	-7.867598e-17	0	362.07257
1.858499999999895e-10	0.12936062	-0.0014013739	0.99158967	-7.867598e-17	0	362.07257
1.8594999999998947e-10	0.12939425	-0.0014244453	0.9915853	-7.8675974e-17	0	362.07257
1.8604999999998945e-10	0.12942827	-0.0014467388	0.9915808	-7.867598e-17	0	362.07257
1.8614999999998943e-10	0.12946261	-0.0014682495	0.99157625	-7.8676e-17	0	362.07257
1.862499999999894e-10	0.12949729	-0.001488973	0.9915717	-7.867599e-17	0	362.07257
1.8634999999998938e-10	0.12953229	-0.0015089053	0.99156713	-7.867598e-17	0	362.07257
1.8644999999998936e-10	0.12956758	-0.0015280427	0.9915624	-7.867599e-17	0	362.07257
1.8654999999998934e-10	0.12960313	-0.0015463815	0.9915578	-7.8675994e-17	0	362.07257
1.8664999999998932e-10	0.12963897	-0.0015639188	0.99155307	-7.867599e-17	0	362.07257
1.867499999999893e-10	0.12967503	-0.0015806523	0.9915483	-7.8675974e-17	0	362.07257
1.8684999999998928e-10	0.12971132	-0.0015965794	0.9915436	-7.8675974e-17	0	362.07257
1.8694999999998926e-10	0.12974781	-0.0016116985	0.9915387	-7.8676e-17	0	362.07257
1.8704999999998924e-10	0.1297845	-0.0016260081	0.9915339	-7.867601e-17	0	362.07257
1.8714999999998922e-10	0.12982136	-0.0016395065	0.99152905	-7.867599e-17	0	362.07257
1.872499999999892e-10	0.12985837	-0.0016521937	0.99152416	-7.8675994e-17	0	362.07257
1.8734999999998917e-10	0.12989552	-0.0016640691	0.99151933	-7.867601e-17	0	362.07257
1.8744999999998915e-10	0.12993279	-0.0016751325	0.99151444	-7.867599e-17	0	362.07257
1.8754999999998913e-10	0.12997016	-0.0016853845	0.99150944	-7.8676e-17	0	362.07257
1.876499999999891e-10	0.13000762	-0.0016948254	0.99150455	-7.867601e-17	0	362.07257
1.877499999999891e-10	0.13004515	-0.0017034567	0.99149954	-7.8676e-17	0	362.07257
1.8784999999998907e-10	0.13008273	-0.0017112794	0.99149466	-7.867602e-17	0	362.07257
1.8794999999998905e-10	0.13012034	-0.0017182956	0.99148965	-7.8676027e-17	0	362.07257
1.8804999999998903e-10	0.13015798	-0.0017245068	0.9914847	-7.867601e-17	0	362.07257
1.88149999999989e-10	0.13019559	-0.0017299161	0.99147975	-7.867602e-17	0	362.07257
1.8824999999998898e-10	0.13023321	-0.001734526	0.9914747	-7.8676e-17	0	362.07257
1.8834999999998896e-10	0.1302708	-0.0017383395	0.9914698	-7.867603e-17	0	362.07257
1.8844999999998894e-10	0.13030833	-0.0017413602	0.99146485	-7.867601e-17	0	362.07257
1.8854999999998892e-10	0.13034579	-0.001743592	0.9914599	-7.8676027e-17	0	362.07257
1.886499999999889e-10	0.1303832	-0.0017450385	0.9914551	-7.867603e-17	0	362.07257
1.8874999999998888e-10	0.13042046	-0.0017457046	0.9914501	-7.867603e-17	0	362.07257
1.8884999999998886e-10	0.13045762	-0.0017455948	0.9914451	-7.8676027e-17	0	362.07257
1.8894999999998884e-10	0.13049468	-0.0017447141	0.99144024	-7.867602e-17	0	362.07257
1.8904999999998882e-10	0.13053158	-0.0017430682	0.9914354	-7.8676027e-17	0	362.07257
1.891499999999888e-10	0.13056834	-0.0017406624	0.9914305	-7.867604e-17	0	362.07257
1.8924999999998877e-10	0.1306049	-0.0017375028	0.99142575	-7.867606e-17	0	362.07257
1.8934999999998875e-10	0.13064128	-0.0017335956	0.9914209	-7.867603e-17	0	362.07257
1.8944999999998873e-10	0.13067745	-0.0017289475	0.9914161	-7.8676027e-17	0	362.07257
1.895499999999887e-10	0.13071339	-0.001723565	0.99141145	-7.867603e-17	0	362.07257
1.896499999999887e-10	0.1307491	-0.0017174557	0.9914067	-7.867604e-17	0	362.07257
1.8974999999998867e-10	0.13078459	-0.0017106266	0.99140203	-7.8676027e-17	0	362.07257
1.8984999999998865e-10	0.1308198	-0.0017030853	0.9913974	-7.867605e-17	0	362.07257
1.8994999999998863e-10	0.13085471	-0.0016948399	0.99139273	-7.8676066e-17	0	362.07257
1.900499999999886e-10	0.13088937	-0.0016858988	0.9913882	-7.8676066e-17	0	362.07257
1.9014999999998858e-10	0.13092369	-0.0016762699	0.9913837	-7.8676047e-17	0	362.07257
1.9024999999998856e-10	0.13095772	-0.0016659624	0.9913791	-7.867606e-17	0	362.07257
1.9034999999998854e-10	0.1309914	-0.0016549849	0.9913746	-7.867602e-17	0	362.07257
1.9044999999998852e-10	0.13102475	-0.0016433467	0.9913703	-7.867604e-17	0	362.07257
1.905499999999885e-10	0.13105774	-0.0016310574	0.99136597	-7.867607e-17	0	362.07257
1.9064999999998848e-10	0.13109036	-0.001618126	0.9913616	-7.867606e-17	0	362.07257
1.9074999999998846e-10	0.1311226	-0.0016045632	0.9913573	-7.8676066e-17	0	362.07257
1.9084999999998844e-10	0.13115446	-0.0015903782	0.9913531	-7.867606e-17	0	362.07257
1.9094999999998842e-10	0.13118592	-0.001575582	0.991349	-7.867607e-17	0	362.07257
1.910499999999884e-10	0.13121694	-0.001560185	0.99134487	-7.867605e-17	0	362.07257
1.9114999999998837e-10	0.13124757	-0.0015441971	0.9913408	-7.8676066e-17	0	362.07257
1.9124999999998835e-10	0.13127774	-0.0015276301	0.9913368	-7.867606e-17	0	362.07257
1.9134999999998833e-10	0.13130747	-0.0015104947	0.9913329	-7.867606e-17	0	362.07257
1.914499999999883e-10	0.13133673	-0.001492802	0.9913289	-7.867605e-17	0	362.07257
1.915499999999883e-10	0.13136554	-0.0014745638	0.99132526	-7.867608e-17	0	362.07257
1.9164999999998827e-10	0.13140036	-0.0014996646	0.99132055	-7.7803106e-17	0	356.1375
1.9174999999998825e-10	0.13143556	-0.0015239732	0.9913157	-7.780309e-17	0	356.1375
1.9184999999998823e-10	0.13147116	-0.0015474837	0.99131095	-7.780309e-17	0	356.1375
1.919499999999882e-10	0.13150711	-0.0015701911	0.99130625	-7.7803086e-17	0	356.1375
1.9204999999998819e-10	0.13154343	-0.0015920908	0.99130136	-7.78031e-17	0	356.1375
1.9214999999998816e-10	0.13158005	-0.0016131783	0.99129635	-7.780311e-17	0	356.1375
1.9224999999998814e-10	0.131617	-0.0016334495	0.9912914	-7.780309e-17	0	356.1375
1.9234999999998812e-10	0.13165423	-0.0016529008	0.99128646	-7.78031e-17	0	356.1375
1.924499999999881e-10	0.13169174	-0.0016715289	0.9912814	-7.780313e-17	0	356.1375
1.9254999999998808e-10	0.13172951	-0.0016893309	0.9912763	-7.7803106e-17	0	356.1375
1.9264999999998806e-10	0.13176753	-0.0017063045	0.9912712	-7.780311e-17	0	356.1375
1.9274999999998804e-10	0.13180576	-0.0017224472	0.99126613	-7.780311e-17	0	356.1375
1.9284999999998802e-10	0.13184421	-0.0017377572	0.99126095	-7.780312e-17	0	356.1375
1.92949999999988e-10	0.13188283	-0.0017522334	0.9912557	-7.780311e-17	0	356.1375
1.9304999999998798e-10	0.13192163	-0.0017658742	0.9912504	-7.7803126e-17	0	356.1375
1.9314999999998795e-10	0.1319606	-0.0017786793	0.9912452	-7.780313e-17	0	356.1375
1.9324999999998793e-10	0.13199967	-0.0017906486	0.99123996	-7.780313e-17	0	356.1375
1.933499999999879e-10	0.13203888	-0.0018017814	0.9912348	-7.780313e-17	0	356.1375
1.934499999999879e-10	0.13207819	-0.0018120782	0.9912295	-7.7803126e-17	0	356.1375
1.9354999999998787e-10	0.13211757	-0.0018215402	0.99122417	-7.780315e-17	0	356.1375
1.9364999999998785e-10	0.13215701	-0.0018301681	0.99121886	-7.7803146e-17	0	356.1375
1.9374999999998783e-10	0.13219653	-0.0018379634	0.9912135	-7.7803146e-17	0	356.1375
1.938499999999878e-10	0.13223606	-0.0018449277	0.9912082	-7.780315e-17	0	356.1375
1.9394999999998779e-10	0.1322756	-0.0018510635	0.99120295	-7.780316e-17	0	356.1375
1.9404999999998776e-10	0.13231513	-0.0018563726	0.9911976	-7.780317e-17	0	356.1375
1.9414999999998774e-10	0.13235466	-0.0018608585	0.99119234	-7.780316e-17	0	356.1375
1.9424999999998772e-10	0.13239413	-0.0018645237	0.9911869	-7.7803146e-17	0	356.1375
1.943499999999877e-10	0.13243358	-0.0018673725	0.99118173	-7.780316e-17	0	356.1375
1.9444999999998768e-10	0.13247293	-0.0018694076	0.99117637	-7.780317e-17	0	356.1375
1.9454999999998766e-10	0.13251221	-0.0018706342	0.9911712	-7.780315e-17	0	356.1375
1.9464999999998764e-10	0.13255139	-0.0018710557	0.9911658	-7.7803146e-17	0	356.1375
1.9474999999998762e-10	0.13259044	-0.0018706772	0.9911605	-7.7803166e-17	0	356.1375
1.948499999999876e-10	0.13262936	-0.001869504	0.99115545	-7.780316e-17	0	356.1375
1.9494999999998758e-10	0.13266814	-0.0018675413	0.99115014	-7.7803166e-17	0	356.1375
1.9504999999998755e-10	0.13270673	-0.0018647948	0.99114496	-7.780317e-17	0	356.1375
1.9514999999998753e-10	0.13274516	-0.0018612703	0.9911399	-7.780317e-17	0	356.1375
1.952499999999875e-10	0.13278338	-0.0018569743	0.99113464	-7.780318e-17	0	356.1375
1.953499999999875e-10	0.13282141	-0.0018519132	0.9911295	-7.780316e-17	0	356.1375
1.9544999999998747e-10	0.13285919	-0.0018460939	0.99112445	-7.780318e-17	0	356.1375
1.9554999999998745e-10	0.13289674	-0.0018395234	0.9911195	-7.7803166e-17	0	356.1375
1.9564999999998743e-10	0.13293402	-0.0018322093	0.9911144	-7.780319e-17	0	356.1375
1.957499999999874e-10	0.13297105	-0.0018241591	0.9911095	-7.7803166e-17	0	356.1375
1.9584999999998739e-10	0.13300778	-0.0018153809	0.9911045	-7.780317e-17	0	356.1375
1.9594999999998737e-10	0.13304424	-0.0018058827	0.9910996	-7.780318e-17	0	356.1375
1.9604999999998734e-10	0.13308036	-0.001795673	0.9910947	-7.780317e-17	0	356.1375
1.9614999999998732e-10	0.13311616	-0.0017847607	0.99109	-7.7803186e-17	0	356.1375
1.962499999999873e-10	0.13315164	-0.0017731546	0.9910852	-7.780319e-17	0	356.1375
1.9634999999998728e-10	0.13318673	-0.0017608637	0.99108046	-7.780317e-17	0	356.1375
1.9644999999998726e-10	0.1332215	-0.001747898	0.99107575	-7.780319e-17	0	356.1375
1.9654999999998724e-10	0.13325587	-0.0017342664	0.99107116	-7.78032e-17	0	356.1375
1.9664999999998722e-10	0.13328984	-0.0017199793	0.9910666	-7.78032e-17	0	356.1375
1.967499999999872e-10	0.13332342	-0.0017050467	0.991062	-7.780321e-17	0	356.1375
1.9684999999998718e-10	0.13335657	-0.0016894792	0.99105763	-7.780322e-17	0	356.1375
1.9694999999998716e-10	0.13338932	-0.0016732869	0.9910532	-7.78032e-17	0	356.1375
1.9704999999998713e-10	0.13342163	-0.001656481	0.9910489	-7.780321e-17	0	356.1375
1.9714999999998711e-10	0.13345349	-0.0016390719	0.9910446	-7.78032e-17	0	356.1375
1.972499999999871e-10	0.13348489	-0.001621071	0.99104035	-7.7803206e-17	0	356.1375
1.9734999999998707e-10	0.1335158	-0.0016024896	0.99103624	-7.78032e-17	0	356.1375
1.9744999999998705e-10	0.13354628	-0.0015833394	0.9910321	-7.780322e-17	0	356.1375
1.9754999999998703e-10	0.13357623	-0.0015636317	0.99102813	-7.7803206e-17	0	356.1375
1.97649999999987e-10	0.13360569	-0.0015433783	0.9910242	-7.78032e-17	0	356.1375
1.9774999999998699e-10	0.13363464	-0.0015225913	0.9910203	-7.780321e-17	0	356.1375
1.9784999999998697e-10	0.13366307	-0.0015012829	0.9910165	-7.780322e-17	0	356.1375
1.9794999999998694e-10	0.13369098	-0.0014794654	0.9910126	-7.7803206e-17	0	356.1375
1.9804999999998692e-10	0.13371836	-0.0014571513	0.99100894	-7.780319e-17	0	356.1375
1.981499999999869e-10	0.13374518	-0.0014343528	0.99100536	-7.78032e-17	0	356.1375
1.9824999999998688e-10	0.13377145	-0.0014110829	0.99100184	-7.7803225e-17	0	356.1375
1.9834999999998686e-10	0.13379718	-0.0013873545	0.99099845	-7.780321e-17	0	356.1375
1.9844999999998684e-10	0.13382232	-0.0013631803	0.99099505	-7.780322e-17	0	356.1375
1.9854999999998682e-10	0.1338469	-0.0013385734	0.9909917	-7.780321e-17	0	356.1375
1.986499999999868e-10	0.1338709	-0.0013135469	0.9909885	-7.780321e-17	0	356.1375
1.9874999999998678e-10	0.1338943	-0.0012881141	0.9909854	-7.780322e-17	0	356.1375
1.9884999999998676e-10	0.13391711	-0.0012622885	0.99098235	-7.7803225e-17	0	356.1375
1.9894999999998673e-10	0.13393931	-0.0012360835	0.9909793	-7.780321e-17	0	356.1375
1.9904999999998671e-10	0.13396092	-0.0012095122	0.9909764	-7.7803225e-17	0	356.1375
1.991499999999867e-10	0.13398191	-0.0011825886	0.99097353	-7.7803225e-17	0	356.1375
1.9924999999998667e-10	0.1340023	-0.0011553264	0.99097085	-7.780322e-17	0	356.1375
1.9934999999998665e-10	0.13402203	-0.0011277389	0.9909681	-7.780325e-17	0	356.1375
1.9944999999998663e-10	0.13404116	-0.0010998399	0.99096566	-7.780323e-17	0	356.1375
1.995499999999866e-10	0.13405967	-0.0010716435	0.99096316	-7.780326e-17	0	356.1375
1.996499999999866e-10	0.13407752	-0.0010431635	0.9909608	-7.780324e-17	0	356.1375
1.9974999999998657e-10	0.13409474	-0.0010144135	0.9909584	-7.780324e-17	0	356.1375
1.9984999999998655e-10	0.13411132	-0.0009854079	0.9909562	-7.780324e-17	0	356.1375
1.9994999999998652e-10	0.13412726	-0.00095616013	0.99095404	-7.780323e-17	0	356.1375
2.000499999999865e-10	0.13414253	-0.0009266845	0.990952	-7.7803225e-17	0	356.1375
2.0014999999998648e-10	0.13415717	-0.00089699466	0.99095005	-7.7803245e-17	0	356.1375
2.0024999999998646e-10	0.13417117	-0.00086710503	0.9909482	-7.7803245e-17	0	356.1375
2.0034999999998644e-10	0.13418448	-0.0008370291	0.9909464	-7.7803245e-17	0	356.1375
2.0044999999998642e-10	0.13419716	-0.0008067812	0.99094474	-7.780325e-17	0	356.1375
2.005499999999864e-10	0.13420917	-0.0007763748	0.9909431	-7.7803265e-17	0	356.1375
2.0064999999998638e-10	0.13422051	-0.00074582454	0.99094146	-7.780325e-17	0	356.1375
2.0074999999998636e-10	0.13423121	-0.0007151439	0.9909401	-7.780328e-17	0	356.1375
2.0084999999998634e-10	0.13424125	-0.0006843469	0.9909388	-7.780325e-17	0	356.1375
2.0094999999998631e-10	0.13425061	-0.0006534473	0.9909375	-7.7803265e-17	0	356.1375
2.010499999999863e-10	0.13425934	-0.0006224588	0.99093634	-7.780325e-17	0	356.1375
2.0114999999998627e-10	0.13426739	-0.00059139525	0.99093527	-7.780325e-17	0	356.1375
2.0124999999998625e-10	0.1342748	-0.00056027033	0.9909343	-7.7803265e-17	0	356.1375
2.0134999999998623e-10	0.13428153	-0.0005290977	0.99093336	-7.780325e-17	0	356.1375
2.014499999999862e-10	0.13428761	-0.000497891	0.9909326	-7.7803245e-17	0	356.1375
2.015499999999862e-10	0.13429303	-0.00046666362	0.9909318	-7.780327e-17	0	356.1375
2.0164999999998617e-10	0.1343008	-0.0004554275	0.99093074	-7.70178e-17	0	350.76993
2.0174999999998615e-10	0.13431153	-0.0004640079	0.9909293	-7.70178e-17	0	350.76993
2.0184999999998612e-10	0.1343224	-0.0004723441	0.9909278	-7.701781e-17	0	350.76993
2.019499999999861e-10	0.13433342	-0.00048043416	0.99092627	-7.701781e-17	0	350.76993
2.0204999999998608e-10	0.13434456	-0.0004882759	0.99092484	-7.701776e-17	0	350.76993
2.0214999999998606e-10	0.13435581	-0.00049586757	0.9909232	-7.701778e-17	0	350.76993
2.0224999999998604e-10	0.1343672	-0.00050320744	0.9909217	-7.7017794e-17	0	350.76993
2.0234999999998602e-10	0.13437872	-0.0005102938	0.9909202	-7.701778e-17	0	350.76993
2.02449999999986e-10	0.13439031	-0.0005171252	0.99091864	-7.701781e-17	0	350.76993
2.0254999999998598e-10	0.13440202	-0.00052370026	0.99091697	-7.701778e-17	0	350.76993
2.0264999999998596e-10	0.13441384	-0.00053001754	0.9909153	-7.7017814e-17	0	350.76993
2.0274999999998594e-10	0.13442573	-0.000536076	0.99091375	-7.7017794e-17	0	350.76993
2.0284999999998591e-10	0.13443771	-0.00054187456	0.990912	-7.70178e-17	0	350.76993
2.029499999999859e-10	0.13444978	-0.0005474122	0.99091053	-7.7017794e-17	0	350.76993
2.0304999999998587e-10	0.13446192	-0.00055268814	0.9909088	-7.701781e-17	0	350.76993
2.0314999999998585e-10	0.13447413	-0.0005577017	0.9909072	-7.701778e-17	0	350.76993
2.0324999999998583e-10	0.1344864	-0.0005624523	0.9909055	-7.7017794e-17	0	350.76993
2.033499999999858e-10	0.13449873	-0.0005669393	0.99090385	-7.7017794e-17	0	350.76993
2.034499999999858e-10	0.13451114	-0.00057116256	0.9909022	-7.701778e-17	0	350.76993
2.0354999999998577e-10	0.13452357	-0.00057512167	0.99090046	-7.701779e-17	0	350.76993
2.0364999999998575e-10	0.13453606	-0.0005788165	0.99089867	-7.7017814e-17	0	350.76993
2.0374999999998573e-10	0.13454857	-0.000582247	0.99089694	-7.701776e-17	0	350.76993
2.038499999999857e-10	0.13456112	-0.0005854132	0.99089533	-7.7017794e-17	0	350.76993
2.0394999999998568e-10	0.13457368	-0.00058831525	0.9908936	-7.70178e-17	0	350.76993
2.0404999999998566e-10	0.13458629	-0.0005909535	0.9908919	-7.7017814e-17	0	350.76993
2.0414999999998564e-10	0.13459888	-0.0005933284	0.9908902	-7.701779e-17	0	350.76993
2.0424999999998562e-10	0.1346115	-0.00059544033	0.9908885	-7.70178e-17	0	350.76993
2.043499999999856e-10	0.13462412	-0.00059729	0.9908867	-7.70178e-17	0	350.76993
2.0444999999998558e-10	0.13463676	-0.0005988781	0.9908851	-7.7017794e-17	0	350.76993
2.0454999999998556e-10	0.13464937	-0.0006002054	0.99088335	-7.7017814e-17	0	350.76993
2.0464999999998554e-10	0.13466197	-0.000601273	0.9908817	-7.701779e-17	0	350.76993
2.0474999999998552e-10	0.13467458	-0.00060208177	0.99088	-7.70178e-17	0	350.76993
2.048499999999855e-10	0.13468713	-0.00060263305	0.99087834	-7.7017794e-17	0	350.76993
2.0494999999998547e-10	0.13469966	-0.000602928	0.99087644	-7.70178e-17	0	350.76993
2.0504999999998545e-10	0.13471216	-0.00060296786	0.99087477	-7.701781e-17	0	350.76993
2.0514999999998543e-10	0.13472462	-0.0006027543	0.9908731	-7.7017794e-17	0	350.76993
2.052499999999854e-10	0.13473706	-0.0006022886	0.9908714	-7.701781e-17	0	350.76993
2.053499999999854e-10	0.13474944	-0.0006015726	0.9908697	-7.701779e-17	0	350.76993
2.0544999999998537e-10	0.13476175	-0.0006006081	0.9908681	-7.70178e-17	0	350.76993
2.0554999999998535e-10	0.13477403	-0.00059939676	0.9908664	-7.70178e-17	0	350.76993
2.0564999999998533e-10	0.13478623	-0.00059794064	0.9908648	-7.701781e-17	0	350.76993
2.057499999999853e-10	0.13479838	-0.00059624173	0.9908632	-7.7017794e-17	0	350.76993
2.0584999999998528e-10	0.13481043	-0.0005943021	0.99086154	-7.7017774e-17	0	350.76993
2.0594999999998526e-10	0.13482241	-0.00059212407	0.9908598	-7.701781e-17	0	350.76993
2.0604999999998524e-10	0.13483432	-0.0005897098	0.99085826	-7.70178e-17	0	350.76993
2.0614999999998522e-10	0.13484615	-0.00058706186	0.99085665	-7.701779e-17	0	350.76993
2.062499999999852e-10	0.1348579	-0.0005841825	0.9908551	-7.701781e-17	0	350.76993
2.0634999999998518e-10	0.13486952	-0.0005810745	0.9908535	-7.701781e-17	0	350.76993
2.0644999999998516e-10	0.13488105	-0.0005777402	0.990852	-7.7017794e-17	0	350.76993
2.0654999999998514e-10	0.1348925	-0.0005741827	0.99085045	-7.70178e-17	0	350.76993
2.0664999999998512e-10	0.13490382	-0.0005704045	0.9908488	-7.70178e-17	0	350.76993
2.067499999999851e-10	0.13491504	-0.00056640856	0.99084735	-7.7017774e-17	0	350.76993
2.0684999999998507e-10	0.13492614	-0.0005621979	0.9908458	-7.7017794e-17	0	350.76993
2.0694999999998505e-10	0.13493712	-0.00055777543	0.99084425	-7.7017794e-17	0	350.76993
2.0704999999998503e-10	0.13494799	-0.00055314426	0.99084294	-7.70178e-17	0	350.76993
2.07149999999985e-10	0.13495871	-0.0005483075	0.99084145	-7.70178e-17	0	350.76993
2.07249999999985e-10	0.13496931	-0.0005432685	0.99084	-7.701781e-17	0	350.76993
2.0734999999998497e-10	0.13497977	-0.0005380307	0.9908386	-7.70178e-17	0	350.76993
2.0744999999998495e-10	0.1349901	-0.0005325972	0.99083716	-7.7017814e-17	0	350.76993
2.0754999999998493e-10	0.13500027	-0.0005269714	0.9908358	-7.701779e-17	0	350.76993
2.076499999999849e-10	0.13501032	-0.00052115694	0.9908345	-7.7017794e-17	0	350.76993
2.0774999999998488e-10	0.1350202	-0.00051515724	0.9908331	-7.701781e-17	0	350.76993
2.0784999999998486e-10	0.13502996	-0.00050897594	0.99083173	-7.7017814e-17	0	350.76993
2.0794999999998484e-10	0.13503954	-0.0005026168	0.9908305	-7.701781e-17	0	350.76993
2.0804999999998482e-10	0.13504896	-0.00049608346	0.9908293	-7.701779e-17	0	350.76993
2.081499999999848e-10	0.13505821	-0.0004893797	0.990828	-7.701781e-17	0	350.76993
2.0824999999998478e-10	0.13506731	-0.00048250944	0.9908267	-7.701781e-17	0	350.76993
2.0834999999998476e-10	0.13507624	-0.00047547635	0.99082553	-7.701783e-17	0	350.76993
2.0844999999998474e-10	0.13508499	-0.00046828442	0.9908243	-7.701784e-17	0	350.76993
2.0854999999998472e-10	0.13509358	-0.00046093768	0.99082327	-7.701782e-17	0	350.76993
2.086499999999847e-10	0.135102	-0.00045343998	0.990822	-7.701783e-17	0	350.76993
2.0874999999998467e-10	0.13511023	-0.00044579542	0.990821	-7.7017814e-17	0	350.76993
2.0884999999998465e-10	0.13511829	-0.00043800817	0.9908198	-7.70178e-17	0	350.76993
2.0894999999998463e-10	0.13512616	-0.00043008223	0.9908188	-7.70178e-17	0	350.76993
2.090499999999846e-10	0.13513385	-0.0004220218	0.9908178	-7.701781e-17	0	350.76993
2.091499999999846e-10	0.13514134	-0.0004138311	0.9908168	-7.7017814e-17	0	350.76993
2.0924999999998457e-10	0.13514864	-0.00040551415	0.9908157	-7.701781e-17	0	350.76993
2.0934999999998455e-10	0.13515577	-0.00039707532	0.9908148	-7.70178e-17	0	350.76993
2.0944999999998453e-10	0.1351627	-0.00038851885	0.99081385	-7.70178e-17	0	350.76993
2.095499999999845e-10	0.13516943	-0.00037984905	0.990813	-7.701781e-17	0	350.76993
2.0964999999998449e-10	0.13517596	-0.00037107026	0.9908121	-7.701782e-17	0	350.76993
2.0974999999998446e-10	0.13518229	-0.0003621868	0.9908112	-7.701782e-17	0	350.76993
2.0984999999998444e-10	0.13518843	-0.00035320298	0.99081045	-7.701781e-17	0	350.76993
2.0994999999998442e-10	0.13519435	-0.00034412328	0.9908096	-7.7017814e-17	0	350.76993
2.100499999999844e-10	0.13520008	-0.00033495208	0.9908088	-7.7017814e-17	0	350.76993
2.1014999999998438e-10	0.13520561	-0.0003256938	0.9908081	-7.7017814e-17	0	350.76993
2.1024999999998436e-10	0.13521093	-0.00031635282	0.9908074	-7.701781e-17	0	350.76993
2.1034999999998434e-10	0.13521604	-0.00030693345	0.9908067	-7.7017794e-17	0	350.76993
2.1044999999998432e-10	0.13522094	-0.0002974402	0.9908061	-7.7017794e-17	0	350.76993
2.105499999999843e-10	0.13522567	-0.0002878775	0.9908054	-7.701781e-17	0	350.76993
2.1064999999998427e-10	0.13523014	-0.0002782498	0.9908048	-7.701782e-17	0	350.76993
2.1074999999998425e-10	0.13523445	-0.00026856142	0.9908042	-7.70178e-17	0	350.76993
2.1084999999998423e-10	0.13523851	-0.0002588168	0.99080366	-7.701782e-17	0	350.76993
2.109499999999842e-10	0.13524237	-0.00024902052	0.9908032	-7.7017814e-17	0	350.76993
2.110499999999842e-10	0.13524605	-0.00023917686	0.99080276	-7.70178e-17	0	350.76993
2.1114999999998417e-10	0.13524947	-0.00022929028	0.99080235	-7.701781e-17	0	350.76993
2.1124999999998415e-10	0.13525271	-0.0002193652	0.99080175	-7.70178e-17	0	350.76993
2.1134999999998413e-10	0.13525572	-0.00020940608	0.99080145	-7.7017814e-17	0	350.76993
2.114499999999841e-10	0.13525854	-0.00019941732	0.99080104	-7.7017814e-17	0	350.76993
2.1154999999998409e-10	0.13526115	-0.00018940325	0.9908007	-7.7017814e-17	0	350.76993
2.1164999999998406e-10	0.13526353	-0.00017936825	0.9908004	-7.701782e-17	0	350.76993
2.1174999999998404e-10	0.13527134	-0.00020522767	0.99079937	-7.6310244e-17	0	345.91556
2.1184999999998402e-10	0.13527967	-0.00023084685	0.9907982	-7.631026e-17	0	345.91556
2.11949999999984e-10	0.13528849	-0.00025621685	0.990797	-7.631027e-17	0	345.91556
2.1204999999998398e-10	0.13529776	-0.00028132895	0.99079573	-7.631026e-17	0	345.91556
2.1214999999998396e-10	0.13530752	-0.0003061745	0.9907944	-7.6310264e-17	0	345.91556
2.1224999999998394e-10	0.13531773	-0.00033074507	0.990793	-7.631026e-17	0	345.91556
2.1234999999998392e-10	0.1353284	-0.0003550323	0.99079156	-7.63103e-17	0	345.91556
2.124499999999839e-10	0.1353395	-0.00037902815	0.99079	-7.631026e-17	0	345.91556
2.1254999999998388e-10	0.13535106	-0.00040272463	0.9907884	-7.6310264e-17	0	345.91556
2.1264999999998385e-10	0.13536306	-0.000426114	0.99078685	-7.6310264e-17	0	345.91556
2.1274999999998383e-10	0.13537547	-0.00044918852	0.990785	-7.631028e-17	0	345.91556
2.128499999999838e-10	0.13538831	-0.00047194076	0.9907833	-7.631026e-17	0	345.91556
2.129499999999838e-10	0.13540156	-0.0004943634	0.9907814	-7.631026e-17	0	345.91556
2.1304999999998377e-10	0.13541521	-0.0005164495	0.9907797	-7.6310264e-17	0	345.91556
2.1314999999998375e-10	0.13542926	-0.0005381921	0.99077773	-7.6310283e-17	0	345.91556
2.1324999999998373e-10	0.1354437	-0.0005595843	0.99077576	-7.6310244e-17	0	345.91556
2.133499999999837e-10	0.13545853	-0.0005806197	0.99077374	-7.631028e-17	0	345.91556
2.1344999999998369e-10	0.1354737	-0.0006012917	0.99077153	-7.631028e-17	0	345.91556
2.1354999999998367e-10	0.13548927	-0.00062159443	0.99076945	-7.6310264e-17	0	345.91556
2.1364999999998364e-10	0.13550515	-0.00064152165	0.9907673	-7.63103e-17	0	345.91556
2.1374999999998362e-10	0.1355214	-0.00066106755	0.9907651	-7.631027e-17	0	345.91556
2.138499999999836e-10	0.13553798	-0.0006802266	0.99076277	-7.631029e-17	0	345.91556
2.1394999999998358e-10	0.1355549	-0.00069899345	0.99076045	-7.631027e-17	0	345.91556
2.1404999999998356e-10	0.13557212	-0.00071736274	0.9907581	-7.631027e-17	0	345.91556
2.1414999999998354e-10	0.13558966	-0.00073532946	0.9907556	-7.6310264e-17	0	345.91556
2.1424999999998352e-10	0.1356075	-0.0007528889	0.9907532	-7.631027e-17	0	345.91556
2.143499999999835e-10	0.13562565	-0.0007700362	0.9907508	-7.631028e-17	0	345.91556
2.1444999999998348e-10	0.13564403	-0.000786767	0.9907482	-7.631028e-17	0	345.91556
2.1454999999998345e-10	0.13566275	-0.00080307707	0.9907456	-7.631029e-17	0	345.91556
2.1464999999998343e-10	0.13568169	-0.0008189622	0.99074304	-7.631027e-17	0	345.91556
2.147499999999834e-10	0.1357009	-0.0008344186	0.9907404	-7.631029e-17	0	345.91556
2.148499999999834e-10	0.13572036	-0.0008494425	0.99073774	-7.631027e-17	0	345.91556
2.1494999999998337e-10	0.13574003	-0.00086403056	0.99073493	-7.6310264e-17	0	345.91556
2.1504999999998335e-10	0.13575995	-0.0008781796	0.9907322	-7.631028e-17	0	345.91556
2.1514999999998333e-10	0.13578008	-0.0008918863	0.99072945	-7.631027e-17	0	345.91556
2.152499999999833e-10	0.1358004	-0.000905148	0.99072665	-7.631029e-17	0	345.91556
2.1534999999998329e-10	0.13582096	-0.0009179618	0.99072385	-7.631026e-17	0	345.91556
2.1544999999998327e-10	0.13584168	-0.0009303256	0.99072105	-7.631028e-17	0	345.91556
2.1554999999998324e-10	0.13586259	-0.0009422368	0.9907181	-7.631027e-17	0	345.91556
2.1564999999998322e-10	0.13588366	-0.0009536936	0.99071515	-7.6310283e-17	0	345.91556
2.157499999999832e-10	0.13590491	-0.0009646936	0.99071234	-7.6310283e-17	0	345.91556
2.1584999999998318e-10	0.13592628	-0.0009752357	0.9907093	-7.631028e-17	0	345.91556
2.1594999999998316e-10	0.13594781	-0.0009853181	0.9907064	-7.631027e-17	0	345.91556
2.1604999999998314e-10	0.13596947	-0.0009949395	0.99070346	-7.63103e-17	0	345.91556
2.1614999999998312e-10	0.13599126	-0.001004099	0.9907004	-7.6310264e-17	0	345.91556
2.162499999999831e-10	0.13601314	-0.0010127956	0.9906974	-7.631028e-17	0	345.91556
2.1634999999998308e-10	0.13603514	-0.0010210285	0.99069434	-7.6310283e-17	0	345.91556
2.1644999999998306e-10	0.13605723	-0.0010287974	0.99069124	-7.6310303e-17	0	345.91556
2.1654999999998303e-10	0.13607939	-0.0010361017	0.99068826	-7.631027e-17	0	345.91556
2.1664999999998301e-10	0.13610162	-0.0010429417	0.9906851	-7.631028e-17	0	345.91556
2.16749999999983e-10	0.13612393	-0.0010493171	0.99068207	-7.631029e-17	0	345.91556
2.1684999999998297e-10	0.1361463	-0.0010552281	0.99067897	-7.63103e-17	0	345.91556
2.1694999999998295e-10	0.1361687	-0.0010606755	0.9906759	-7.6310283e-17	0	345.91556
2.1704999999998293e-10	0.13619114	-0.0010656596	0.99067277	-7.63103e-17	0	345.91556
2.171499999999829e-10	0.13621363	-0.0010701813	0.9906697	-7.63103e-17	0	345.91556
2.172499999999829e-10	0.13623612	-0.0010742416	0.9906666	-7.6310303e-17	0	345.91556
2.1734999999998287e-10	0.1362586	-0.0010778419	0.9906635	-7.6310283e-17	0	345.91556
2.1744999999998285e-10	0.13628109	-0.0010809834	0.9906604	-7.63103e-17	0	345.91556
2.1754999999998282e-10	0.13630357	-0.0010836675	0.99065727	-7.631028e-17	0	345.91556
2.176499999999828e-10	0.13632603	-0.0010858962	0.99065423	-7.631028e-17	0	345.91556
2.1774999999998278e-10	0.13634847	-0.0010876708	0.9906511	-7.631029e-17	0	345.91556
2.1784999999998276e-10	0.13637087	-0.001088994	0.99064803	-7.631031e-17	0	345.91556
2.1794999999998274e-10	0.13639323	-0.0010898677	0.990645	-7.63103e-17	0	345.91556
2.1804999999998272e-10	0.13641553	-0.0010902943	0.99064183	-7.63103e-17	0	345.91556
2.181499999999827e-10	0.13643776	-0.0010902765	0.990639	-7.6310303e-17	0	345.91556
2.1824999999998268e-10	0.1364599	-0.001089817	0.9906358	-7.63103e-17	0	345.91556
2.1834999999998266e-10	0.136482	-0.0010889187	0.9906327	-7.63103e-17	0	345.91556
2.1844999999998263e-10	0.136504	-0.0010875845	0.9906297	-7.6310303e-17	0	345.91556
2.1854999999998261e-10	0.1365259	-0.0010858178	0.99062663	-7.631031e-17	0	345.91556
2.186499999999826e-10	0.13654768	-0.0010836219	0.99062365	-7.6310303e-17	0	345.91556
2.1874999999998257e-10	0.13656935	-0.0010810002	0.9906206	-7.631029e-17	0	345.91556
2.1884999999998255e-10	0.1365909	-0.0010779565	0.99061775	-7.631031e-17	0	345.91556
2.1894999999998253e-10	0.13661233	-0.0010744947	0.9906148	-7.63103e-17	0	345.91556
2.190499999999825e-10	0.1366336	-0.0010706185	0.9906118	-7.63103e-17	0	345.91556
2.191499999999825e-10	0.13665473	-0.0010663323	0.9906088	-7.631029e-17	0	345.91556
2.1924999999998247e-10	0.13667573	-0.0010616404	0.990606	-7.631032e-17	0	345.91556
2.1934999999998245e-10	0.13669655	-0.001056547	0.990603	-7.63103e-17	0	345.91556
2.1944999999998242e-10	0.13671722	-0.0010510565	0.9906002	-7.6310303e-17	0	345.91556
2.195499999999824e-10	0.13673769	-0.001045174	0.9905975	-7.631033e-17	0	345.91556
2.1964999999998238e-10	0.13675798	-0.0010389038	0.99059457	-7.631029e-17	0	345.91556
2.1974999999998236e-10	0.13677809	-0.0010322513	0.9905918	-7.6310303e-17	0	345.91556
2.1984999999998234e-10	0.136798	-0.0010252211	0.99058914	-7.6310317e-17	0	345.91556
2.1994999999998232e-10	0.1368177	-0.0010178185	0.9905864	-7.6310317e-17	0	345.91556
2.200499999999823e-10	0.1368372	-0.001010049	0.9905837	-7.6310317e-17	0	345.91556
2.2014999999998228e-10	0.13685647	-0.0010019178	0.99058104	-7.631031e-17	0	345.91556
2.2024999999998226e-10	0.13687553	-0.0009934303	0.99057835	-7.6310317e-17	0	345.91556
2.2034999999998224e-10	0.13689435	-0.0009845924	0.99057573	-7.631031e-17	0	345.91556
2.2044999999998221e-10	0.13691294	-0.0009754095	0.99057317	-7.6310303e-17	0	345.91556
2.205499999999822e-10	0.13693126	-0.0009658878	0.9905707	-7.631031e-17	0	345.91556
2.2064999999998217e-10	0.13694936	-0.00095603324	0.99056816	-7.6310303e-17	0	345.91556
2.2074999999998215e-10	0.1369672	-0.00094585156	0.9905657	-7.6310303e-17	0	345.91556
2.2084999999998213e-10	0.13698477	-0.0009353491	0.9905633	-7.6310303e-17	0	345.91556
2.209499999999821e-10	0.13700208	-0.00092453195	0.9905609	-7.631031e-17	0	345.91556
2.210499999999821e-10	0.13701914	-0.0009134065	0.9905586	-7.631031e-17	0	345.91556
2.2114999999998207e-10	0.1370359	-0.0009019792	0.99055624	-7.6310317e-17	0	345.91556
2.2124999999998205e-10	0.13705239	-0.0008902565	0.990554	-7.631032e-17	0	345.91556
2.2134999999998203e-10	0.13706858	-0.0008782451	0.9905517	-7.631031e-17	0	345.91556
2.21449999999982e-10	0.1370845	-0.00086595136	0.99054956	-7.631031e-17	0	345.91556
2.2154999999998198e-10	0.1371001	-0.00085338217	0.9905473	-7.6310336e-17	0	345.91556
2.2164999999998196e-10	0.1371154	-0.0008405442	0.9905452	-7.6310303e-17	0	345.91556
2.2174999999998194e-10	0.13713282	-0.00084375765	0.99054277	-7.567294e-17	0	341.52536
2.2184999999998192e-10	0.13715282	-0.0008628834	0.9905401	-7.5672924e-17	0	341.52536
2.219499999999819e-10	0.13717312	-0.000881557	0.9905371	-7.5672924e-17	0	341.52536
2.2204999999998188e-10	0.1371937	-0.00089977396	0.9905342	-7.5672944e-17	0	341.52536
2.2214999999998186e-10	0.1372146	-0.0009175296	0.9905313	-7.567294e-17	0	341.52536
2.2224999999998184e-10	0.13723578	-0.0009348197	0.9905284	-7.5672944e-17	0	341.52536
2.2234999999998181e-10	0.1372572	-0.0009516402	0.99052536	-7.567294e-17	0	341.52536
2.224499999999818e-10	0.13727893	-0.00096798723	0.9905223	-7.567293e-17	0	341.52536
2.2254999999998177e-10	0.1373009	-0.0009838572	0.9905193	-7.567294e-17	0	341.52536
2.2264999999998175e-10	0.1373231	-0.0009992465	0.9905162	-7.5672924e-17	0	341.52536
2.2274999999998173e-10	0.13734554	-0.0010141521	0.99051297	-7.567293e-17	0	341.52536
2.228499999999817e-10	0.1373682	-0.0010285707	0.9905098	-7.567293e-17	0	341.52536
2.229499999999817e-10	0.13739106	-0.0010424996	0.99050665	-7.567295e-17	0	341.52536
2.2304999999998167e-10	0.13741414	-0.0010559362	0.99050355	-7.567294e-17	0	341.52536
2.2314999999998165e-10	0.1374374	-0.0010688782	0.9905001	-7.567294e-17	0	341.52536
2.2324999999998163e-10	0.13746087	-0.0010813233	0.9904969	-7.567293e-17	0	341.52536
2.233499999999816e-10	0.13748446	-0.0010932697	0.99049354	-7.567294e-17	0	341.52536
2.2344999999998158e-10	0.13750824	-0.0011047153	0.9904902	-7.567294e-17	0	341.52536
2.2354999999998156e-10	0.13753219	-0.0011156588	0.99048686	-7.5672964e-17	0	341.52536
2.2364999999998154e-10	0.13755625	-0.0011260986	0.9904835	-7.567293e-17	0	341.52536
2.2374999999998152e-10	0.13758047	-0.0011360337	0.9904802	-7.567294e-17	0	341.52536
2.238499999999815e-10	0.13760479	-0.001145463	0.9904767	-7.567294e-17	0	341.52536
2.2394999999998148e-10	0.13762921	-0.0011543859	0.9904733	-7.5672964e-17	0	341.52536
2.2404999999998146e-10	0.13765375	-0.0011628016	0.9904698	-7.567293e-17	0	341.52536
2.2414999999998144e-10	0.13767838	-0.0011707102	0.9904665	-7.5672944e-17	0	341.52536
2.2424999999998142e-10	0.13770306	-0.0011781112	0.990463	-7.5672944e-17	0	341.52536
2.243499999999814e-10	0.13772783	-0.0011850046	0.99045944	-7.5672944e-17	0	341.52536
2.2444999999998137e-10	0.13775265	-0.001191391	0.9904561	-7.567296e-17	0	341.52536
2.2454999999998135e-10	0.13777754	-0.0011972706	0.9904525	-7.5672944e-17	0	341.52536
2.2464999999998133e-10	0.13780245	-0.0012026441	0.9904491	-7.567295e-17	0	341.52536
2.247499999999813e-10	0.1378274	-0.0012075123	0.9904456	-7.567296e-17	0	341.52536
2.248499999999813e-10	0.13785234	-0.0012118764	0.99044204	-7.5672944e-17	0	341.52536
2.2494999999998127e-10	0.13787732	-0.0012157375	0.9904386	-7.5672964e-17	0	341.52536
2.2504999999998125e-10	0.13790227	-0.0012190973	0.9904351	-7.567298e-17	0	341.52536
2.2514999999998123e-10	0.13792723	-0.001221957	0.99043155	-7.567295e-17	0	341.52536
2.252499999999812e-10	0.13795216	-0.0012243185	0.99042815	-7.5672964e-17	0	341.52536
2.2534999999998118e-10	0.13797706	-0.001226184	0.9904247	-7.5672944e-17	0	341.52536
2.2544999999998116e-10	0.13800193	-0.0012275556	0.9904212	-7.567296e-17	0	341.52536
2.2554999999998114e-10	0.13802674	-0.0012284357	0.9904176	-7.567295e-17	0	341.52536
2.2564999999998112e-10	0.13805148	-0.0012288267	0.9904142	-7.567296e-17	0	341.52536
2.257499999999811e-10	0.13807617	-0.0012287316	0.99041075	-7.5672944e-17	0	341.52536
2.2584999999998108e-10	0.13810077	-0.0012281531	0.9904072	-7.567297e-17	0	341.52536
2.2594999999998106e-10	0.13812527	-0.0012270942	0.9904039	-7.567294e-17	0	341.52536
2.2604999999998104e-10	0.1381497	-0.0012255582	0.99040043	-7.5672964e-17	0	341.52536
2.2614999999998102e-10	0.13817401	-0.0012235488	0.99039704	-7.567298e-17	0	341.52536
2.26249999999981e-10	0.1381982	-0.0012210691	0.99039364	-7.567296e-17	0	341.52536
2.2634999999998097e-10	0.13822226	-0.0012181232	0.9903903	-7.567294e-17	0	341.52536
2.2644999999998095e-10	0.13824621	-0.0012147151	0.99038696	-7.5672964e-17	0	341.52536
2.2654999999998093e-10	0.13827	-0.0012108486	0.9903836	-7.567295e-17	0	341.52536
2.266499999999809e-10	0.13829365	-0.001206528	0.99038035	-7.567296e-17	0	341.52536
2.267499999999809e-10	0.13831714	-0.0012017578	0.99037707	-7.567297e-17	0	341.52536
2.2684999999998087e-10	0.13834044	-0.0011965424	0.99037373	-7.567297e-17	0	341.52536
2.2694999999998085e-10	0.1383636	-0.0011908865	0.9903705	-7.567296e-17	0	341.52536
2.2704999999998083e-10	0.13838656	-0.001184795	0.99036735	-7.567298e-17	0	341.52536
2.271499999999808e-10	0.13840933	-0.0011782728	0.9903641	-7.5672964e-17	0	341.52536
2.2724999999998078e-10	0.1384319	-0.0011713249	0.9903609	-7.567297e-17	0	341.52536
2.2734999999998076e-10	0.13845427	-0.0011639571	0.9903579	-7.5672964e-17	0	341.52536
2.2744999999998074e-10	0.13847642	-0.0011561741	0.9903548	-7.5672984e-17	0	341.52536
2.2754999999998072e-10	0.13849834	-0.0011479821	0.99035174	-7.567299e-17	0	341.52536
2.276499999999807e-10	0.13852005	-0.0011393862	0.99034864	-7.567298e-17	0	341.52536
2.2774999999998068e-10	0.13854152	-0.0011303923	0.9903456	-7.567298e-17	0	341.52536
2.2784999999998066e-10	0.13856272	-0.0011210064	0.9903427	-7.567299e-17	0	341.52536
2.2794999999998064e-10	0.13858369	-0.0011112347	0.99033976	-7.5672984e-17	0	341.52536
2.2804999999998062e-10	0.13860443	-0.0011010827	0.99033684	-7.567298e-17	0	341.52536
2.281499999999806e-10	0.13862486	-0.0010905573	0.990334	-7.5672964e-17	0	341.52536
2.2824999999998057e-10	0.13864505	-0.0010796643	0.99033123	-7.567298e-17	0	341.52536
2.2834999999998055e-10	0.13866495	-0.0010684107	0.9903284	-7.567296e-17	0	341.52536
2.2844999999998053e-10	0.13868457	-0.0010568027	0.9903255	-7.567299e-17	0	341.52536
2.285499999999805e-10	0.13870391	-0.0010448472	0.99032295	-7.5672984e-17	0	341.52536
2.286499999999805e-10	0.13872296	-0.0010325507	0.9903202	-7.567299e-17	0	341.52536
2.2874999999998047e-10	0.1387417	-0.0010199201	0.9903176	-7.567299e-17	0	341.52536
2.2884999999998045e-10	0.13876012	-0.0010069626	0.990315	-7.5672984e-17	0	341.52536
2.2894999999998043e-10	0.13877824	-0.0009936851	0.9903126	-7.567299e-17	0	341.52536
2.290499999999804e-10	0.13879605	-0.0009800948	0.99030995	-7.567296e-17	0	341.52536
2.2914999999998039e-10	0.13881353	-0.0009661986	0.99030757	-7.567297e-17	0	341.52536
2.2924999999998036e-10	0.13883068	-0.0009520043	0.9903052	-7.567298e-17	0	341.52536
2.2934999999998034e-10	0.13884751	-0.0009375188	0.9903028	-7.5672984e-17	0	341.52536
2.2944999999998032e-10	0.13886398	-0.00092274975	0.99030054	-7.5672984e-17	0	341.52536
2.295499999999803e-10	0.13888013	-0.0009077047	0.9902982	-7.567298e-17	0	341.52536
2.2964999999998028e-10	0.13889593	-0.0008923911	0.9902959	-7.5672964e-17	0	341.52536
2.2974999999998026e-10	0.1389114	-0.0008768166	0.99029386	-7.5672984e-17	0	341.52536
2.2984999999998024e-10	0.13892648	-0.00086098874	0.9902917	-7.567299e-17	0	341.52536
2.2994999999998022e-10	0.13894123	-0.0008449156	0.99028975	-7.5673e-17	0	341.52536
2.300499999999802e-10	0.13895561	-0.0008286047	0.99028766	-7.5672984e-17	0	341.52536
2.3014999999998017e-10	0.13896963	-0.0008120638	0.99028575	-7.5673004e-17	0	341.52536
2.3024999999998015e-10	0.13898328	-0.0007953009	0.9902838	-7.567299e-17	0	341.52536
2.3034999999998013e-10	0.13899656	-0.0007783241	0.9902818	-7.5673004e-17	0	341.52536
2.304499999999801e-10	0.13900945	-0.000761141	0.99028015	-7.5673004e-17	0	341.52536
2.305499999999801e-10	0.13902196	-0.0007437599	0.99027836	-7.567299e-17	0	341.52536
2.3064999999998007e-10	0.13903412	-0.00072618877	0.9902767	-7.5672984e-17	0	341.52536
2.3074999999998005e-10	0.13904588	-0.00070843566	0.990275	-7.567299e-17	0	341.52536
2.3084999999998003e-10	0.13905725	-0.00069050834	0.9902734	-7.5673e-17	0	341.52536
2.3094999999998e-10	0.13906825	-0.00067241525	0.9902719	-7.5672984e-17	0	341.52536
2.3104999999997999e-10	0.13907886	-0.00065416447	0.9902704	-7.5672984e-17	0	341.52536
2.3114999999997996e-10	0.13908906	-0.000635764	0.99026895	-7.567299e-17	0	341.52536
2.3124999999997994e-10	0.13909888	-0.00061722193	0.99026763	-7.567297e-17	0	341.52536
2.3134999999997992e-10	0.1391083	-0.0005985466	0.9902662	-7.5673e-17	0	341.52536
2.314499999999799e-10	0.13911733	-0.00057974586	0.990265	-7.5672984e-17	0	341.52536
2.3154999999997988e-10	0.13912597	-0.0005608282	0.9902637	-7.567301e-17	0	341.52536
2.3164999999997986e-10	0.1391342	-0.00054180156	0.9902627	-7.5672984e-17	0	341.52536
2.3174999999997984e-10	0.13914205	-0.0005226742	0.99026155	-7.5673e-17	0	341.52536
2.3184999999997982e-10	0.13915406	-0.00053303584	0.9902599	-7.5098676e-17	0	337.5549
2.319499999999798e-10	0.13916622	-0.00054313213	0.9902581	-7.5098656e-17	0	337.5549
2.3204999999997978e-10	0.13917857	-0.00055296044	0.9902564	-7.509867e-17	0	337.5549
2.3214999999997975e-10	0.13919106	-0.0005625187	0.9902547	-7.509866e-17	0	337.5549
2.3224999999997973e-10	0.13920371	-0.0005718046	0.9902528	-7.509865e-17	0	337.5549
2.323499999999797e-10	0.13921648	-0.0005808161	0.99025095	-7.509866e-17	0	337.5549
2.324499999999797e-10	0.13922942	-0.00058955135	0.9902492	-7.509865e-17	0	337.5549
2.3254999999997967e-10	0.13924246	-0.0005980085	0.99024725	-7.509865e-17	0	337.5549
2.3264999999997965e-10	0.13925564	-0.0006061858	0.9902454	-7.509865e-17	0	337.5549
2.3274999999997963e-10	0.13926895	-0.0006140818	0.99024355	-7.509866e-17	0	337.5549
2.328499999999796e-10	0.13928236	-0.00062169496	0.9902417	-7.509866e-17	0	337.5549
2.3294999999997964e-10	0.13929588	-0.0006290238	0.99023974	-7.509865e-17	0	337.5549
2.3304999999997967e-10	0.1393095	-0.0006360673	0.9902379	-7.509864e-17	0	337.5549
2.331499999999797e-10	0.1393232	-0.00064282434	0.9902359	-7.509865e-17	0	337.5549
2.3324999999997973e-10	0.13933702	-0.0006492937	0.9902339	-7.509866e-17	0	337.5549
2.3334999999997976e-10	0.13935092	-0.00065547467	0.990232	-7.509866e-17	0	337.5549
2.334499999999798e-10	0.13936488	-0.00066136644	0.99023	-7.509865e-17	0	337.5549
2.335499999999798e-10	0.13937894	-0.0006669684	0.9902281	-7.5098656e-17	0	337.5549
2.3364999999997985e-10	0.13939305	-0.00067228	0.9902261	-7.509865e-17	0	337.5549
2.337499999999799e-10	0.13940722	-0.0006773006	0.99022406	-7.509866e-17	0	337.5549
2.338499999999799e-10	0.13942145	-0.0006820302	0.99022204	-7.509865e-17	0	337.5549
2.3394999999997994e-10	0.13943571	-0.00068646856	0.99022007	-7.509866e-17	0	337.5549
2.3404999999998e-10	0.13945004	-0.0006906156	0.99021804	-7.5098636e-17	0	337.5549
2.3414999999998e-10	0.13946441	-0.00069447135	0.99021596	-7.5098676e-17	0	337.5549
2.3424999999998004e-10	0.13947879	-0.0006980359	0.99021393	-7.509864e-17	0	337.5549
2.3434999999998007e-10	0.13949321	-0.00070130965	0.99021184	-7.509864e-17	0	337.5549
2.344499999999801e-10	0.13950764	-0.0007042929	0.9902098	-7.509867e-17	0	337.5549
2.3454999999998013e-10	0.1395221	-0.000706986	0.9902078	-7.5098656e-17	0	337.5549
2.3464999999998016e-10	0.13953656	-0.0007093897	0.99020576	-7.509866e-17	0	337.5549
2.347499999999802e-10	0.13955103	-0.0007115047	0.99020374	-7.509865e-17	0	337.5549
2.348499999999802e-10	0.1395655	-0.00071333186	0.9902017	-7.509864e-17	0	337.5549
2.3494999999998025e-10	0.13957995	-0.0007148721	0.9901997	-7.509866e-17	0	337.5549
2.350499999999803e-10	0.13959439	-0.00071612635	0.99019766	-7.509865e-17	0	337.5549
2.351499999999803e-10	0.13960882	-0.00071709574	0.99019563	-7.509867e-17	0	337.5549
2.3524999999998034e-10	0.1396232	-0.0007177816	0.9901936	-7.509866e-17	0	337.5549
2.3534999999998037e-10	0.13963759	-0.00071818545	0.99019146	-7.5098656e-17	0	337.5549
2.354499999999804e-10	0.13965191	-0.00071830844	0.99018943	-7.509865e-17	0	337.5549
2.3554999999998044e-10	0.13966621	-0.0007181522	0.99018747	-7.509864e-17	0	337.5549
2.3564999999998047e-10	0.13968045	-0.00071771845	0.99018544	-7.5098656e-17	0	337.5549
2.357499999999805e-10	0.13969465	-0.0007170089	0.9901835	-7.509868e-17	0	337.5549
2.3584999999998053e-10	0.13970877	-0.0007160254	0.99018145	-7.509864e-17	0	337.5549
2.3594999999998056e-10	0.13972285	-0.0007147698	0.9901795	-7.509869e-17	0	337.5549
2.360499999999806e-10	0.13973688	-0.0007132444	0.9901775	-7.5098676e-17	0	337.5549
2.361499999999806e-10	0.13975081	-0.00071145105	0.99017555	-7.509867e-17	0	337.5549
2.3624999999998065e-10	0.13976467	-0.0007093922	0.99017364	-7.509864e-17	0	337.5549
2.363499999999807e-10	0.13977844	-0.00070706994	0.99017155	-7.509869e-17	0	337.5549
2.364499999999807e-10	0.13979213	-0.0007044869	0.99016964	-7.509864e-17	0	337.5549
2.3654999999998074e-10	0.13980573	-0.0007016454	0.99016774	-7.509864e-17	0	337.5549
2.3664999999998077e-10	0.13981923	-0.00069854816	0.9901658	-7.509866e-17	0	337.5549
2.367499999999808e-10	0.13983263	-0.00069519784	0.9901639	-7.509867e-17	0	337.5549
2.3684999999998083e-10	0.13984591	-0.0006915973	0.9901622	-7.509864e-17	0	337.5549
2.3694999999998086e-10	0.13985911	-0.0006877492	0.9901603	-7.5098676e-17	0	337.5549
2.370499999999809e-10	0.13987218	-0.0006836565	0.99015844	-7.509866e-17	0	337.5549
2.3714999999998093e-10	0.13988511	-0.00067932205	0.9901566	-7.509866e-17	0	337.5549
2.3724999999998096e-10	0.13989794	-0.00067474926	0.99015474	-7.509866e-17	0	337.5549
2.37349999999981e-10	0.13991064	-0.00066994096	0.990153	-7.509866e-17	0	337.5549
2.37449999999981e-10	0.1399232	-0.0006649006	0.99015117	-7.5098676e-17	0	337.5549
2.3754999999998105e-10	0.13993564	-0.0006596314	0.99014944	-7.509865e-17	0	337.5549
2.376499999999811e-10	0.13994792	-0.00065413665	0.9901477	-7.5098656e-17	0	337.5549
2.377499999999811e-10	0.13996007	-0.00064841995	0.9901459	-7.509867e-17	0	337.5549
2.3784999999998114e-10	0.13997206	-0.0006424847	0.9901443	-7.509866e-17	0	337.5549
2.3794999999998117e-10	0.13998389	-0.0006363344	0.9901426	-7.509867e-17	0	337.5549
2.380499999999812e-10	0.13999557	-0.0006299729	0.990141	-7.509866e-17	0	337.5549
2.3814999999998123e-10	0.1400071	-0.0006234036	0.9901393	-7.509866e-17	0	337.5549
2.3824999999998126e-10	0.14001846	-0.00061663054	0.9901377	-7.5098656e-17	0	337.5549
2.383499999999813e-10	0.14002967	-0.00060965755	0.99013627	-7.509867e-17	0	337.5549
2.384499999999813e-10	0.14004067	-0.0006024883	0.99013466	-7.5098676e-17	0	337.5549
2.3854999999998136e-10	0.14005154	-0.0005951267	0.99013305	-7.509865e-17	0	337.5549
2.386499999999814e-10	0.14006221	-0.00058757677	0.99013156	-7.509866e-17	0	337.5549
2.387499999999814e-10	0.14007272	-0.0005798424	0.9901301	-7.5098656e-17	0	337.5549
2.3884999999998145e-10	0.14008303	-0.00057192775	0.9901286	-7.509865e-17	0	337.5549
2.389499999999815e-10	0.14009316	-0.00056383683	0.9901272	-7.5098656e-17	0	337.5549
2.390499999999815e-10	0.14010312	-0.00055557385	0.99012583	-7.509867e-17	0	337.5549
2.3914999999998154e-10	0.14011288	-0.00054714305	0.99012446	-7.509867e-17	0	337.5549
2.3924999999998157e-10	0.14012243	-0.0005385484	0.99012315	-7.5098656e-17	0	337.5549
2.393499999999816e-10	0.1401318	-0.0005297945	0.9901218	-7.509867e-17	0	337.5549
2.3944999999998163e-10	0.14014098	-0.00052088534	0.9901205	-7.509867e-17	0	337.5549
2.3954999999998166e-10	0.14014992	-0.00051182555	0.99011916	-7.509865e-17	0	337.5549
2.396499999999817e-10	0.1401587	-0.00050261954	0.990118	-7.509865e-17	0	337.5549
2.397499999999817e-10	0.14016725	-0.0004932714	0.9901167	-7.509866e-17	0	337.5549
2.3984999999998175e-10	0.14017561	-0.0004837858	0.99011564	-7.509867e-17	0	337.5549
2.399499999999818e-10	0.14018373	-0.00047416732	0.9901145	-7.5098695e-17	0	337.5549
2.400499999999818e-10	0.14019166	-0.00046442013	0.9901134	-7.509868e-17	0	337.5549
2.4014999999998185e-10	0.14019938	-0.000454549	0.99011225	-7.5098676e-17	0	337.5549
2.402499999999819e-10	0.14020686	-0.0004445585	0.9901112	-7.509866e-17	0	337.5549
2.403499999999819e-10	0.14021415	-0.00043445316	0.99011016	-7.5098676e-17	0	337.5549
2.4044999999998194e-10	0.1402212	-0.00042423778	0.99010926	-7.5098656e-17	0	337.5549
2.4054999999998197e-10	0.14022803	-0.0004139169	0.99010825	-7.509866e-17	0	337.5549
2.40649999999982e-10	0.14023465	-0.00040349504	0.9901073	-7.509867e-17	0	337.5549
2.4074999999998203e-10	0.14024103	-0.00039297674	0.9901063	-7.5098676e-17	0	337.5549
2.4084999999998206e-10	0.14024721	-0.00038236676	0.99010557	-7.509867e-17	0	337.5549
2.409499999999821e-10	0.14025316	-0.00037166983	0.99010473	-7.5098656e-17	0	337.5549
2.410499999999821e-10	0.14025888	-0.0003608903	0.99010396	-7.5098656e-17	0	337.5549
2.4114999999998215e-10	0.14026436	-0.00035003287	0.9901031	-7.509868e-17	0	337.5549
2.412499999999822e-10	0.14026962	-0.0003391024	0.99010247	-7.509868e-17	0	337.5549
2.413499999999822e-10	0.14027467	-0.00032810355	0.9901017	-7.509865e-17	0	337.5549
2.4144999999998225e-10	0.14027947	-0.00031704083	0.99010104	-7.509869e-17	0	337.5549
2.415499999999823e-10	0.14028405	-0.00030591903	0.9901004	-7.5098676e-17	0	337.5549
2.416499999999823e-10	0.14028838	-0.00029474273	0.9900998	-7.509868e-17	0	337.5549
2.4174999999998234e-10	0.14029251	-0.0002835167	0.99009913	-7.5098676e-17	0	337.5549
2.4184999999998237e-10	0.14030056	-0.00029884232	0.9900981	-7.458328e-17	0	333.98108
2.419499999999824e-10	0.14030886	-0.00031396505	0.9900968	-7.458328e-17	0	333.98108
2.4204999999998243e-10	0.14031745	-0.00032888033	0.9900956	-7.45833e-17	0	333.98108
2.4214999999998246e-10	0.14032628	-0.00034358367	0.9900944	-7.4583296e-17	0	333.98108
2.422499999999825e-10	0.1403354	-0.0003580708	0.9900932	-7.458328e-17	0	333.98108
2.423499999999825e-10	0.14034472	-0.0003723375	0.9900918	-7.4583296e-17	0	333.98108
2.4244999999998255e-10	0.14035434	-0.00038637948	0.99009037	-7.458329e-17	0	333.98108
2.425499999999826e-10	0.14036416	-0.00040019274	0.99008906	-7.45833e-17	0	333.98108
2.426499999999826e-10	0.14037423	-0.00041377358	0.99008757	-7.4583276e-17	0	333.98108
2.4274999999998264e-10	0.14038453	-0.00042711804	0.9900861	-7.4583276e-17	0	333.98108
2.428499999999827e-10	0.14039505	-0.0004402224	0.99008465	-7.4583296e-17	0	333.98108
2.429499999999827e-10	0.14040579	-0.0004530831	0.990083	-7.458328e-17	0	333.98108
2.4304999999998274e-10	0.14041677	-0.00046569676	0.99008155	-7.4583296e-17	0	333.98108
2.4314999999998277e-10	0.14042792	-0.00047805984	0.9900799	-7.458329e-17	0	333.98108
2.432499999999828e-10	0.1404393	-0.0004901692	0.9900783	-7.4583276e-17	0	333.98108
2.4334999999998283e-10	0.14045088	-0.0005020217	0.99007666	-7.458327e-17	0	333.98108
2.4344999999998286e-10	0.14046264	-0.0005136142	0.990075	-7.458328e-17	0	333.98108
2.435499999999829e-10	0.1404746	-0.000524944	0.9900733	-7.45833e-17	0	333.98108
2.436499999999829e-10	0.14048675	-0.00053600816	0.9900716	-7.458328e-17	0	333.98108
2.4374999999998295e-10	0.14049903	-0.0005468041	0.9900698	-7.45833e-17	0	333.98108
2.43849999999983e-10	0.14051151	-0.00055732916	0.990068	-7.4583256e-17	0	333.98108
2.43949999999983e-10	0.14052416	-0.000567581	0.99006623	-7.4583296e-17	0	333.98108
2.4404999999998304e-10	0.14053696	-0.00057755737	0.99006444	-7.458328e-17	0	333.98108
2.4414999999998307e-10	0.14054993	-0.0005872559	0.9900626	-7.4583296e-17	0	333.98108
2.442499999999831e-10	0.14056301	-0.00059667457	0.9900607	-7.45833e-17	0	333.98108
2.4434999999998313e-10	0.14057627	-0.0006058118	0.99005884	-7.458329e-17	0	333.98108
2.4444999999998317e-10	0.14058964	-0.0006146651	0.9900569	-7.458329e-17	0	333.98108
2.445499999999832e-10	0.14060315	-0.00062323315	0.99005497	-7.45833e-17	0	333.98108
2.4464999999998323e-10	0.14061679	-0.0006315143	0.990053	-7.4583296e-17	0	333.98108
2.4474999999998326e-10	0.14063053	-0.0006395071	0.99005115	-7.45833e-17	0	333.98108
2.448499999999833e-10	0.14064439	-0.00064721005	0.9900491	-7.458331e-17	0	333.98108
2.449499999999833e-10	0.14065835	-0.0006546219	0.99004716	-7.458331e-17	0	333.98108
2.4504999999998335e-10	0.14067242	-0.00066174177	0.9900451	-7.4583276e-17	0	333.98108
2.451499999999834e-10	0.14068659	-0.0006685686	0.9900431	-7.458328e-17	0	333.98108
2.452499999999834e-10	0.14070082	-0.0006751014	0.9900411	-7.4583296e-17	0	333.98108
2.4534999999998344e-10	0.14071515	-0.00068133936	0.99003905	-7.458331e-17	0	333.98108
2.4544999999998347e-10	0.14072955	-0.00068728183	0.99003696	-7.458329e-17	0	333.98108
2.455499999999835e-10	0.14074402	-0.00069292844	0.99003494	-7.4583296e-17	0	333.98108
2.4564999999998353e-10	0.14075857	-0.0006982786	0.99003285	-7.45833e-17	0	333.98108
2.4574999999998356e-10	0.14077315	-0.00070333225	0.9900307	-7.4583316e-17	0	333.98108
2.458499999999836e-10	0.14078781	-0.000708089	0.99002874	-7.458331e-17	0	333.98108
2.459499999999836e-10	0.14080249	-0.00071254873	0.99002653	-7.458329e-17	0	333.98108
2.4604999999998366e-10	0.14081722	-0.00071671174	0.99002445	-7.458328e-17	0	333.98108
2.461499999999837e-10	0.14083199	-0.000720578	0.99002236	-7.458331e-17	0	333.98108
2.462499999999837e-10	0.1408468	-0.0007241477	0.9900202	-7.4583316e-17	0	333.98108
2.4634999999998375e-10	0.14086162	-0.0007274214	0.9900181	-7.458328e-17	0	333.98108
2.464499999999838e-10	0.14087646	-0.0007303995	0.99001604	-7.458329e-17	0	333.98108
2.465499999999838e-10	0.14089131	-0.0007330826	0.99001396	-7.458328e-17	0	333.98108
2.4664999999998384e-10	0.14090618	-0.0007354714	0.9900118	-7.45833e-17	0	333.98108
2.4674999999998387e-10	0.14092103	-0.0007375667	0.9900098	-7.4583296e-17	0	333.98108
2.468499999999839e-10	0.14093587	-0.00073936954	0.9900076	-7.4583316e-17	0	333.98108
2.4694999999998393e-10	0.14095071	-0.00074088085	0.9900054	-7.4583296e-17	0	333.98108
2.4704999999998396e-10	0.14096552	-0.0007421018	0.99000335	-7.4583316e-17	0	333.98108
2.47149999999984e-10	0.14098032	-0.00074303366	0.9900013	-7.45833e-17	0	333.98108
2.47249999999984e-10	0.14099509	-0.0007436776	0.98999906	-7.45833e-17	0	333.98108
2.4734999999998405e-10	0.14100984	-0.00074403535	0.989997	-7.458329e-17	0	333.98108
2.474499999999841e-10	0.14102454	-0.0007441083	0.98999494	-7.45833e-17	0	333.98108
2.475499999999841e-10	0.1410392	-0.00074389804	0.9899928	-7.458331e-17	0	333.98108
2.4764999999998415e-10	0.1410538	-0.0007434064	0.9899908	-7.458331e-17	0	333.98108
2.477499999999842e-10	0.14106835	-0.0007426352	0.9899887	-7.45833e-17	0	333.98108
2.478499999999842e-10	0.14108285	-0.00074158644	0.9899866	-7.4583296e-17	0	333.98108
2.4794999999998424e-10	0.14109726	-0.000740262	0.9899845	-7.458331e-17	0	333.98108
2.4804999999998427e-10	0.14111163	-0.0007386641	0.9899825	-7.458331e-17	0	333.98108
2.481499999999843e-10	0.1411259	-0.0007367949	0.9899805	-7.458328e-17	0	333.98108
2.4824999999998433e-10	0.1411401	-0.0007346567	0.98997843	-7.458329e-17	0	333.98108
2.4834999999998436e-10	0.14115423	-0.000732252	0.9899764	-7.4583296e-17	0	333.98108
2.484499999999844e-10	0.14116825	-0.0007295831	0.9899744	-7.458331e-17	0	333.98108
2.485499999999844e-10	0.14118217	-0.0007266528	0.9899724	-7.4583316e-17	0	333.98108
2.4864999999998445e-10	0.14119603	-0.0007234635	0.98997045	-7.458331e-17	0	333.98108
2.487499999999845e-10	0.14120975	-0.000720018	0.9899685	-7.458331e-17	0	333.98108
2.488499999999845e-10	0.14122337	-0.0007163192	0.98996663	-7.4583296e-17	0	333.98108
2.4894999999998455e-10	0.14123689	-0.0007123699	0.98996466	-7.458331e-17	0	333.98108
2.490499999999846e-10	0.14125027	-0.0007081732	0.9899627	-7.4583316e-17	0	333.98108
2.491499999999846e-10	0.14126353	-0.000703732	0.9899608	-7.4583296e-17	0	333.98108
2.4924999999998464e-10	0.14127669	-0.0006990494	0.989959	-7.4583296e-17	0	333.98108
2.4934999999998467e-10	0.14128971	-0.0006941287	0.98995715	-7.4583296e-17	0	333.98108
2.494499999999847e-10	0.14130257	-0.0006889731	0.9899553	-7.458331e-17	0	333.98108
2.4954999999998473e-10	0.14131533	-0.0006835859	0.98995346	-7.4583296e-17	0	333.98108
2.4964999999998476e-10	0.14132792	-0.00067797065	0.9899517	-7.45833e-17	0	333.98108
2.497499999999848e-10	0.14134035	-0.0006721311	0.9899499	-7.45833e-17	0	333.98108
2.498499999999848e-10	0.14135265	-0.00066607026	0.98994815	-7.45833e-17	0	333.98108
2.4994999999998485e-10	0.1413648	-0.000659792	0.98994637	-7.4583316e-17	0	333.98108
2.500499999999849e-10	0.14137676	-0.0006532999	0.9899447	-7.458332e-17	0	333.98108
2.501499999999849e-10	0.14138858	-0.00064659794	0.9899429	-7.4583316e-17	0	333.98108
2.5024999999998494e-10	0.14140023	-0.0006396898	0.98994136	-7.45833e-17	0	333.98108
2.50349999999985e-10	0.14141172	-0.0006325793	0.9899397	-7.4583316e-17	0	333.98108
2.50449999999985e-10	0.14142302	-0.0006252704	0.9899381	-7.458332e-17	0	333.98108
2.5054999999998504e-10	0.14143415	-0.000617767	0.98993653	-7.458333e-17	0	333.98108
2.5064999999998507e-10	0.14144512	-0.00061007304	0.9899349	-7.4583296e-17	0	333.98108
2.507499999999851e-10	0.14145587	-0.0006021927	0.9899334	-7.458333e-17	0	333.98108
2.5084999999998513e-10	0.14146647	-0.00059413	0.9899319	-7.45833e-17	0	333.98108
2.5094999999998516e-10	0.14147687	-0.0005858893	0.9899304	-7.458332e-17	0	333.98108
2.510499999999852e-10	0.14148706	-0.0005774745	0.98992896	-7.4583316e-17	0	333.98108
2.511499999999852e-10	0.14149709	-0.00056888984	0.9899275	-7.4583316e-17	0	333.98108
2.5124999999998525e-10	0.1415069	-0.0005601396	0.98992616	-7.458332e-17	0	333.98108
2.513499999999853e-10	0.14151652	-0.0005512283	0.98992467	-7.4583316e-17	0	333.98108
2.514499999999853e-10	0.14152594	-0.00054216024	0.98992336	-7.4583316e-17	0	333.98108
2.5154999999998534e-10	0.14153516	-0.00053293974	0.989922	-7.45833e-17	0	333.98108
2.5164999999998537e-10	0.14154416	-0.0005235711	0.9899208	-7.458331e-17	0	333.98108
2.517499999999854e-10	0.14155298	-0.0005140586	0.9899195	-7.45833e-17	0	333.98108
2.5184999999998544e-10	0.1415653	-0.00052849983	0.98991776	-7.411825e-17	0	330.74734
2.5194999999998547e-10	0.14157784	-0.0005426621	0.98991585	-7.4118275e-17	0	330.74734
2.520499999999855e-10	0.14159063	-0.00055654184	0.98991406	-7.411826e-17	0	330.74734
2.5214999999998553e-10	0.14160366	-0.0005701354	0.98991215	-7.4118255e-17	0	330.74734
2.5224999999998556e-10	0.14161688	-0.0005834397	0.9899103	-7.411824e-17	0	330.74734
2.523499999999856e-10	0.14163034	-0.0005964511	0.9899083	-7.411824e-17	0	330.74734
2.524499999999856e-10	0.14164397	-0.0006091668	0.98990643	-7.411825e-17	0	330.74734
2.5254999999998565e-10	0.14165783	-0.00062158355	0.9899044	-7.4118255e-17	0	330.74734
2.526499999999857e-10	0.14167188	-0.0006336985	0.9899024	-7.411827e-17	0	330.74734
2.527499999999857e-10	0.14168611	-0.000645509	0.9899003	-7.4118275e-17	0	330.74734
2.5284999999998574e-10	0.14170052	-0.0006570123	0.9898982	-7.411827e-17	0	330.74734
2.5294999999998577e-10	0.14171511	-0.00066820614	0.9898961	-7.411827e-17	0	330.74734
2.530499999999858e-10	0.14172986	-0.0006790878	0.98989403	-7.411825e-17	0	330.74734
2.5314999999998583e-10	0.14174479	-0.0006896552	0.9898918	-7.411826e-17	0	330.74734
2.5324999999998586e-10	0.14175987	-0.000699906	0.98988974	-7.4118255e-17	0	330.74734
2.533499999999859e-10	0.1417751	-0.0007098385	0.9898875	-7.411826e-17	0	330.74734
2.5344999999998593e-10	0.14179048	-0.00071945076	0.9898853	-7.4118275e-17	0	330.74734
2.5354999999998596e-10	0.14180598	-0.0007287408	0.98988307	-7.411826e-17	0	330.74734
2.53649999999986e-10	0.14182161	-0.00073770725	0.98988074	-7.411826e-17	0	330.74734
2.53749999999986e-10	0.14183737	-0.0007463484	0.9898786	-7.411826e-17	0	330.74734
2.5384999999998605e-10	0.14185326	-0.00075466296	0.98987615	-7.411826e-17	0	330.74734
2.539499999999861e-10	0.14186925	-0.00076264987	0.9898739	-7.411825e-17	0	330.74734
2.540499999999861e-10	0.14188534	-0.0007703077	0.9898715	-7.4118255e-17	0	330.74734
2.5414999999998614e-10	0.14190155	-0.0007776359	0.98986936	-7.4118275e-17	0	330.74734
2.5424999999998617e-10	0.14191782	-0.0007846334	0.9898669	-7.411826e-17	0	330.74734
2.543499999999862e-10	0.14193419	-0.0007912994	0.98986465	-7.411829e-17	0	330.74734
2.5444999999998623e-10	0.14195064	-0.0007976332	0.98986214	-7.411828e-17	0	330.74734
2.5454999999998626e-10	0.14196715	-0.0008036347	0.9898598	-7.411825e-17	0	330.74734
2.546499999999863e-10	0.14198375	-0.0008093033	0.9898574	-7.411827e-17	0	330.74734
2.547499999999863e-10	0.14200036	-0.0008146389	0.98985505	-7.411828e-17	0	330.74734
2.5484999999998636e-10	0.14201707	-0.0008196415	0.9898526	-7.411826e-17	0	330.74734
2.549499999999864e-10	0.1420338	-0.00082431117	0.9898503	-7.411827e-17	0	330.74734
2.550499999999864e-10	0.14205058	-0.00082864775	0.98984784	-7.4118275e-17	0	330.74734
2.5514999999998645e-10	0.14206739	-0.00083265186	0.9898453	-7.411828e-17	0	330.74734
2.552499999999865e-10	0.14208421	-0.0008363236	0.9898429	-7.4118275e-17	0	330.74734
2.553499999999865e-10	0.14210108	-0.0008396636	0.9898405	-7.411828e-17	0	330.74734
2.5544999999998654e-10	0.14211795	-0.0008426725	0.9898381	-7.411826e-17	0	330.74734
2.5554999999998657e-10	0.14213483	-0.000845351	0.9898356	-7.411827e-17	0	330.74734
2.556499999999866e-10	0.14215168	-0.00084770034	0.9898331	-7.4118275e-17	0	330.74734
2.5574999999998663e-10	0.14216855	-0.0008497213	0.98983073	-7.4118255e-17	0	330.74734
2.5584999999998666e-10	0.14218542	-0.000851415	0.98982835	-7.411829e-17	0	330.74734
2.559499999999867e-10	0.14220226	-0.00085278274	0.9898259	-7.411827e-17	0	330.74734
2.560499999999867e-10	0.14221904	-0.0008538257	0.98982346	-7.411826e-17	0	330.74734
2.5614999999998675e-10	0.14223583	-0.00085454556	0.9898211	-7.4118275e-17	0	330.74734
2.562499999999868e-10	0.14225258	-0.0008549441	0.9898187	-7.411829e-17	0	330.74734
2.563499999999868e-10	0.14226927	-0.0008550227	0.9898162	-7.411827e-17	0	330.74734
2.5644999999998685e-10	0.14228593	-0.0008547833	0.9898139	-7.411827e-17	0	330.74734
2.565499999999869e-10	0.14230253	-0.00085422775	0.98981136	-7.411827e-17	0	330.74734
2.566499999999869e-10	0.14231905	-0.00085335795	0.98980904	-7.411829e-17	0	330.74734
2.5674999999998694e-10	0.14233552	-0.0008521763	0.98980665	-7.411828e-17	0	330.74734
2.5684999999998697e-10	0.14235191	-0.00085068494	0.98980427	-7.41183e-17	0	330.74734
2.56949999999987e-10	0.14236823	-0.000848886	0.98980194	-7.411829e-17	0	330.74734
2.5704999999998703e-10	0.14238444	-0.0008467823	0.9897996	-7.4118275e-17	0	330.74734
2.5714999999998706e-10	0.1424006	-0.00084437616	0.9897973	-7.4118275e-17	0	330.74734
2.572499999999871e-10	0.14241663	-0.0008416703	0.989795	-7.4118275e-17	0	330.74734
2.573499999999871e-10	0.14243259	-0.00083866756	0.9897927	-7.4118275e-17	0	330.74734
2.5744999999998715e-10	0.14244843	-0.0008353705	0.9897904	-7.411826e-17	0	330.74734
2.575499999999872e-10	0.14246416	-0.00083178224	0.9897881	-7.4118275e-17	0	330.74734
2.576499999999872e-10	0.14247978	-0.00082790555	0.9897858	-7.411829e-17	0	330.74734
2.5774999999998725e-10	0.14249526	-0.0008237439	0.9897837	-7.4118275e-17	0	330.74734
2.578499999999873e-10	0.14251062	-0.0008193002	0.98978144	-7.411827e-17	0	330.74734
2.579499999999873e-10	0.14252587	-0.0008145776	0.98977923	-7.411829e-17	0	330.74734
2.5804999999998734e-10	0.14254096	-0.00080957985	0.9897771	-7.411827e-17	0	330.74734
2.5814999999998737e-10	0.14255592	-0.0008043102	0.98977494	-7.411828e-17	0	330.74734
2.582499999999874e-10	0.14257073	-0.0007987721	0.98977274	-7.411828e-17	0	330.74734
2.5834999999998743e-10	0.14258541	-0.00079296913	0.98977065	-7.4118275e-17	0	330.74734
2.5844999999998746e-10	0.14259993	-0.00078690506	0.9897685	-7.411827e-17	0	330.74734
2.585499999999875e-10	0.14261425	-0.00078058365	0.9897665	-7.411829e-17	0	330.74734
2.586499999999875e-10	0.14262843	-0.0007740088	0.98976445	-7.4118275e-17	0	330.74734
2.5874999999998755e-10	0.14264247	-0.0007671844	0.98976237	-7.411828e-17	0	330.74734
2.588499999999876e-10	0.1426563	-0.00076011446	0.9897604	-7.411828e-17	0	330.74734
2.589499999999876e-10	0.14266998	-0.0007528029	0.9897585	-7.411827e-17	0	330.74734
2.5904999999998764e-10	0.14268345	-0.00074525375	0.98975646	-7.4118295e-17	0	330.74734
2.591499999999877e-10	0.14269675	-0.0007374714	0.98975456	-7.411828e-17	0	330.74734
2.592499999999877e-10	0.14270985	-0.0007294599	0.98975265	-7.411828e-17	0	330.74734
2.5934999999998774e-10	0.14272279	-0.0007212237	0.9897508	-7.411829e-17	0	330.74734
2.5944999999998777e-10	0.14273551	-0.0007127671	0.98974895	-7.4118295e-17	0	330.74734
2.595499999999878e-10	0.14274804	-0.00070409453	0.98974717	-7.411828e-17	0	330.74734
2.5964999999998783e-10	0.14276037	-0.0006952105	0.9897454	-7.411828e-17	0	330.74734
2.5974999999998786e-10	0.14277248	-0.00068611937	0.98974365	-7.4118295e-17	0	330.74734
2.598499999999879e-10	0.14278439	-0.00067682576	0.9897419	-7.411829e-17	0	330.74734
2.599499999999879e-10	0.1427961	-0.0006673343	0.9897402	-7.4118275e-17	0	330.74734
2.6004999999998795e-10	0.14280757	-0.0006576497	0.9897386	-7.41183e-17	0	330.74734
2.60149999999988e-10	0.14281882	-0.00064777664	0.98973686	-7.411828e-17	0	330.74734
2.60249999999988e-10	0.14282985	-0.00063772	0.9897353	-7.4118275e-17	0	330.74734
2.6034999999998804e-10	0.14284068	-0.00062748435	0.9897338	-7.41183e-17	0	330.74734
2.6044999999998807e-10	0.14285126	-0.00061707466	0.9897323	-7.411828e-17	0	330.74734
2.605499999999881e-10	0.1428616	-0.00060649595	0.9897308	-7.41183e-17	0	330.74734
2.6064999999998813e-10	0.14287174	-0.00059575296	0.9897293	-7.411828e-17	0	330.74734
2.6074999999998817e-10	0.14288162	-0.00058485067	0.9897279	-7.4118275e-17	0	330.74734
2.608499999999882e-10	0.14289127	-0.0005737939	0.9897264	-7.411826e-17	0	330.74734
2.6094999999998823e-10	0.14290068	-0.000562588	0.98972505	-7.411829e-17	0	330.74734
2.6104999999998826e-10	0.14290984	-0.0005512376	0.9897238	-7.411831e-17	0	330.74734
2.611499999999883e-10	0.14291877	-0.0005397481	0.98972255	-7.411829e-17	0	330.74734
2.612499999999883e-10	0.14292744	-0.0005281242	0.9897213	-7.411828e-17	0	330.74734
2.6134999999998835e-10	0.14293587	-0.0005163714	0.9897201	-7.411827e-17	0	330.74734
2.614499999999884e-10	0.14294405	-0.00050449435	0.98971903	-7.4118275e-17	0	330.74734
2.615499999999884e-10	0.14295198	-0.0004924985	0.9897177	-7.411828e-17	0	330.74734
2.6164999999998844e-10	0.14295965	-0.000480389	0.98971665	-7.411829e-17	0	330.74734
2.6174999999998847e-10	0.14296709	-0.0004681709	0.9897156	-7.4118275e-17	0	330.74734
2.618499999999885e-10	0.14297764	-0.0004777054	0.9897141	-7.36986e-17	0	327.82135
2.6194999999998853e-10	0.14298835	-0.0004870118	0.98971236	-7.369859e-17	0	327.82135
2.6204999999998856e-10	0.14299919	-0.0004960878	0.9897109	-7.369859e-17	0	327.82135
2.621499999999886e-10	0.14301017	-0.0005049316	0.98970926	-7.36986e-17	0	327.82135
2.622499999999886e-10	0.1430213	-0.0005135411	0.9897076	-7.369859e-17	0	327.82135
2.6234999999998866e-10	0.14303254	-0.0005219145	0.98970604	-7.369859e-17	0	327.82135
2.624499999999887e-10	0.14304392	-0.00053005	0.9897044	-7.369859e-17	0	327.82135
2.625499999999887e-10	0.14305542	-0.00053794606	0.9897026	-7.369858e-17	0	327.82135
2.6264999999998875e-10	0.14306703	-0.00054560107	0.98970103	-7.369857e-17	0	327.82135
2.627499999999888e-10	0.14307876	-0.0005530135	0.98969924	-7.3698596e-17	0	327.82135
2.628499999999888e-10	0.14309058	-0.0005601822	0.98969764	-7.369858e-17	0	327.82135
2.6294999999998884e-10	0.14310251	-0.00056710566	0.98969585	-7.369859e-17	0	327.82135
2.6304999999998887e-10	0.14311454	-0.00057378283	0.9896942	-7.369862e-17	0	327.82135
2.631499999999889e-10	0.14312665	-0.0005802125	0.9896923	-7.369861e-17	0	327.82135
2.6324999999998893e-10	0.14313886	-0.0005863939	0.98969066	-7.36986e-17	0	327.82135
2.6334999999998896e-10	0.14315113	-0.00059232616	0.9896888	-7.36986e-17	0	327.82135
2.63449999999989e-10	0.14316349	-0.0005980084	0.98968697	-7.36986e-17	0	327.82135
2.63549999999989e-10	0.14317593	-0.00060343987	0.9896852	-7.3698596e-17	0	327.82135
2.6364999999998905e-10	0.14318842	-0.00060862	0.9896834	-7.3698596e-17	0	327.82135
2.637499999999891e-10	0.14320098	-0.00061354856	0.98968154	-7.369859e-17	0	327.82135
2.638499999999891e-10	0.14321359	-0.0006182248	0.9896797	-7.36986e-17	0	327.82135
2.6394999999998915e-10	0.14322625	-0.0006226485	0.98967785	-7.36986e-17	0	327.82135
2.640499999999892e-10	0.14323898	-0.00062681956	0.989676	-7.36986e-17	0	327.82135
2.641499999999892e-10	0.14325172	-0.00063073786	0.9896742	-7.36986e-17	0	327.82135
2.6424999999998924e-10	0.1432645	-0.0006344032	0.9896723	-7.369859e-17	0	327.82135
2.6434999999998927e-10	0.14327735	-0.0006378156	0.98967046	-7.369861e-17	0	327.82135
2.644499999999893e-10	0.14329019	-0.00064097537	0.9896685	-7.3698596e-17	0	327.82135
2.6454999999998933e-10	0.14330305	-0.0006438826	0.9896666	-7.36986e-17	0	327.82135
2.6464999999998936e-10	0.14331594	-0.00064653787	0.98966485	-7.3698596e-17	0	327.82135
2.647499999999894e-10	0.14332885	-0.0006489414	0.98966295	-7.3698596e-17	0	327.82135
2.648499999999894e-10	0.14334175	-0.00065109396	0.9896611	-7.369861e-17	0	327.82135
2.6494999999998945e-10	0.14335467	-0.0006529959	0.9896592	-7.369861e-17	0	327.82135
2.650499999999895e-10	0.14336756	-0.0006546482	0.9896573	-7.36986e-17	0	327.82135
2.651499999999895e-10	0.14338048	-0.0006560515	0.98965544	-7.36986e-17	0	327.82135
2.6524999999998955e-10	0.14339337	-0.00065720663	0.9896536	-7.36986e-17	0	327.82135
2.653499999999896e-10	0.14340624	-0.0006581146	0.9896516	-7.3698596e-17	0	327.82135
2.654499999999896e-10	0.1434191	-0.0006587765	0.9896499	-7.3698596e-17	0	327.82135
2.6554999999998964e-10	0.14343192	-0.00065919344	0.989648	-7.36986e-17	0	327.82135
2.6564999999998967e-10	0.14344473	-0.0006593665	0.989646	-7.369861e-17	0	327.82135
2.657499999999897e-10	0.14345749	-0.0006592973	0.9896442	-7.3698596e-17	0	327.82135
2.6584999999998973e-10	0.1434702	-0.0006589869	0.98964244	-7.3698616e-17	0	327.82135
2.6594999999998976e-10	0.1434829	-0.00065843697	0.9896406	-7.369861e-17	0	327.82135
2.660499999999898e-10	0.14349551	-0.000657649	0.9896388	-7.369861e-17	0	327.82135
2.661499999999898e-10	0.14350809	-0.0006566245	0.98963684	-7.3698596e-17	0	327.82135
2.6624999999998985e-10	0.14352061	-0.0006553653	0.9896351	-7.3698596e-17	0	327.82135
2.663499999999899e-10	0.14353308	-0.0006538732	0.9896333	-7.3698596e-17	0	327.82135
2.664499999999899e-10	0.14354548	-0.00065215	0.9896314	-7.369862e-17	0	327.82135
2.6654999999998994e-10	0.1435578	-0.00065019785	0.9896296	-7.36986e-17	0	327.82135
2.6664999999999e-10	0.14357005	-0.00064801855	0.98962784	-7.36986e-17	0	327.82135
2.6674999999999e-10	0.14358224	-0.0006456142	0.98962617	-7.369861e-17	0	327.82135
2.6684999999999004e-10	0.14359431	-0.00064298697	0.9896243	-7.3698616e-17	0	327.82135
2.6694999999999007e-10	0.14360632	-0.0006401391	0.9896227	-7.36986e-17	0	327.82135
2.670499999999901e-10	0.14361826	-0.000637073	0.98962086	-7.36986e-17	0	327.82135
2.6714999999999013e-10	0.14363007	-0.00063379086	0.9896192	-7.36986e-17	0	327.82135
2.6724999999999016e-10	0.14364178	-0.000630295	0.9896174	-7.3698616e-17	0	327.82135
2.673499999999902e-10	0.14365341	-0.00062658807	0.9896158	-7.36986e-17	0	327.82135
2.674499999999902e-10	0.14366496	-0.00062267255	0.9896141	-7.36986e-17	0	327.82135
2.6754999999999025e-10	0.14367637	-0.000618551	0.98961246	-7.36986e-17	0	327.82135
2.676499999999903e-10	0.14368764	-0.0006142263	0.9896108	-7.369859e-17	0	327.82135
2.677499999999903e-10	0.14369884	-0.0006097009	0.98960924	-7.3698616e-17	0	327.82135
2.6784999999999034e-10	0.1437099	-0.0006049778	0.9896076	-7.369861e-17	0	327.82135
2.6794999999999037e-10	0.14372085	-0.0006000598	0.98960596	-7.369859e-17	0	327.82135
2.680499999999904e-10	0.14373165	-0.0005949499	0.9896044	-7.36986e-17	0	327.82135
2.6814999999999044e-10	0.14374235	-0.000589651	0.9896029	-7.369861e-17	0	327.82135
2.6824999999999047e-10	0.1437529	-0.0005841661	0.9896014	-7.3698616e-17	0	327.82135
2.683499999999905e-10	0.14376332	-0.00057849835	0.9895998	-7.369861e-17	0	327.82135
2.6844999999999053e-10	0.14377359	-0.000572651	0.98959845	-7.369862e-17	0	327.82135
2.6854999999999056e-10	0.14378375	-0.0005666269	0.98959684	-7.3698596e-17	0	327.82135
2.686499999999906e-10	0.14379373	-0.00056042953	0.9895954	-7.3698616e-17	0	327.82135
2.687499999999906e-10	0.14380358	-0.0005540617	0.989594	-7.369861e-17	0	327.82135
2.6884999999999065e-10	0.14381328	-0.00054752716	0.9895926	-7.3698596e-17	0	327.82135
2.689499999999907e-10	0.14382283	-0.0005408289	0.9895911	-7.369861e-17	0	327.82135
2.690499999999907e-10	0.14383225	-0.0005339703	0.98958987	-7.369861e-17	0	327.82135
2.6914999999999074e-10	0.14384149	-0.00052695477	0.9895885	-7.369861e-17	0	327.82135
2.6924999999999077e-10	0.14385056	-0.00051978574	0.9895872	-7.369861e-17	0	327.82135
2.693499999999908e-10	0.1438595	-0.00051246665	0.98958594	-7.369861e-17	0	327.82135
2.6944999999999083e-10	0.14386827	-0.00050500105	0.98958457	-7.36986e-17	0	327.82135
2.6954999999999086e-10	0.14387688	-0.0004973924	0.9895833	-7.36986e-17	0	327.82135
2.696499999999909e-10	0.14388528	-0.00048964436	0.9895821	-7.3698596e-17	0	327.82135
2.6974999999999093e-10	0.14389354	-0.00048176065	0.9895809	-7.369861e-17	0	327.82135
2.6984999999999096e-10	0.14390162	-0.00047374496	0.9895798	-7.36986e-17	0	327.82135
2.69949999999991e-10	0.14390951	-0.0004656009	0.9895786	-7.369859e-17	0	327.82135
2.70049999999991e-10	0.14391723	-0.0004573324	0.98957753	-7.3698577e-17	0	327.82135
2.7014999999999105e-10	0.14392477	-0.00044894294	0.9895764	-7.369861e-17	0	327.82135
2.702499999999911e-10	0.14393213	-0.00044043644	0.98957527	-7.36986e-17	0	327.82135
2.703499999999911e-10	0.1439393	-0.0004318167	0.98957425	-7.369863e-17	0	327.82135
2.7044999999999114e-10	0.14394629	-0.0004230875	0.9895733	-7.369861e-17	0	327.82135
2.7054999999999117e-10	0.14395308	-0.00041425272	0.9895723	-7.3698616e-17	0	327.82135
2.706499999999912e-10	0.1439597	-0.0004053163	0.98957133	-7.36986e-17	0	327.82135
2.7074999999999123e-10	0.14396614	-0.000396282	0.98957044	-7.369859e-17	0	327.82135
2.7084999999999126e-10	0.14397235	-0.00038715376	0.9895695	-7.36986e-17	0	327.82135
2.709499999999913e-10	0.14397842	-0.00037793536	0.9895686	-7.369859e-17	0	327.82135
2.710499999999913e-10	0.14398424	-0.00036863075	0.9895678	-7.369861e-17	0	327.82135
2.7114999999999136e-10	0.14398989	-0.00035924395	0.98956704	-7.369861e-17	0	327.82135
2.712499999999914e-10	0.14399537	-0.0003497789	0.9895662	-7.36986e-17	0	327.82135
2.713499999999914e-10	0.14400062	-0.00034023947	0.9895654	-7.369861e-17	0	327.82135
2.7144999999999145e-10	0.14400569	-0.00033062944	0.98956466	-7.369861e-17	0	327.82135
2.715499999999915e-10	0.14401057	-0.00032095276	0.98956394	-7.369859e-17	0	327.82135
2.716499999999915e-10	0.14401527	-0.00031121323	0.98956335	-7.369863e-17	0	327.82135
2.7174999999999154e-10	0.14401974	-0.0003014147	0.98956263	-7.369862e-17	0	327.82135
2.7184999999999157e-10	0.14402711	-0.0003113492	0.98956156	-7.33197e-17	0	325.1738
2.719499999999916e-10	0.14403465	-0.00032111513	0.9895605	-7.3319715e-17	0	325.1738
2.7204999999999163e-10	0.14404237	-0.00033070985	0.9895593	-7.33197e-17	0	325.1738
2.7214999999999166e-10	0.14405023	-0.00034013082	0.9895582	-7.3319695e-17	0	325.1738
2.722499999999917e-10	0.14405823	-0.0003493757	0.989557	-7.3319695e-17	0	325.1738
2.723499999999917e-10	0.14406638	-0.00035844214	0.98955584	-7.3319715e-17	0	325.1738
2.7244999999999175e-10	0.1440747	-0.00036732788	0.9895546	-7.3319715e-17	0	325.1738
2.725499999999918e-10	0.14408314	-0.00037603063	0.98955333	-7.3319695e-17	0	325.1738
2.726499999999918e-10	0.14409176	-0.00038454833	0.98955214	-7.331969e-17	0	325.1738
2.7274999999999185e-10	0.14410046	-0.00039287892	0.9895508	-7.331971e-17	0	325.1738
2.728499999999919e-10	0.14410934	-0.00040102017	0.9895495	-7.3319715e-17	0	325.1738
2.729499999999919e-10	0.14411832	-0.00040897043	0.9895483	-7.3319715e-17	0	325.1738
2.7304999999999194e-10	0.14412743	-0.0004167278	0.98954695	-7.331971e-17	0	325.1738
2.7314999999999197e-10	0.14413667	-0.0004242905	0.9895456	-7.331972e-17	0	325.1738
2.73249999999992e-10	0.144146	-0.00043165698	0.9895442	-7.331972e-17	0	325.1738
2.7334999999999203e-10	0.14415543	-0.00043882595	0.9895428	-7.33197e-17	0	325.1738
2.7344999999999206e-10	0.144165	-0.00044579565	0.9895414	-7.331972e-17	0	325.1738
2.735499999999921e-10	0.14417465	-0.00045256485	0.98954	-7.331973e-17	0	325.1738
2.736499999999921e-10	0.1441844	-0.00045913213	0.9895386	-7.331971e-17	0	325.1738
2.7374999999999215e-10	0.14419425	-0.00046549639	0.9895372	-7.331973e-17	0	325.1738
2.738499999999922e-10	0.14420417	-0.00047165644	0.9895356	-7.3319715e-17	0	325.1738
2.739499999999922e-10	0.1442142	-0.00047761126	0.98953426	-7.331971e-17	0	325.1738
2.7404999999999224e-10	0.14422429	-0.00048335982	0.9895326	-7.331971e-17	0	325.1738
2.741499999999923e-10	0.14423448	-0.00048890116	0.9895312	-7.331973e-17	0	325.1738
2.742499999999923e-10	0.14424473	-0.0004942346	0.9895298	-7.3319715e-17	0	325.1738
2.7434999999999234e-10	0.14425504	-0.00049935933	0.98952824	-7.3319715e-17	0	325.1738
2.7444999999999237e-10	0.14426544	-0.00050427456	0.9895267	-7.3319715e-17	0	325.1738
2.745499999999924e-10	0.14427589	-0.00050897984	0.9895252	-7.3319715e-17	0	325.1738
2.7464999999999243e-10	0.1442864	-0.0005134745	0.98952365	-7.331969e-17	0	325.1738
2.7474999999999246e-10	0.14429696	-0.0005177582	0.9895221	-7.331972e-17	0	325.1738
2.748499999999925e-10	0.14430757	-0.0005218305	0.9895206	-7.331973e-17	0	325.1738
2.749499999999925e-10	0.14431822	-0.00052569114	0.98951894	-7.331971e-17	0	325.1738
2.7504999999999255e-10	0.14432892	-0.00052933977	0.98951745	-7.331971e-17	0	325.1738
2.751499999999926e-10	0.14433965	-0.0005327765	0.9895159	-7.331972e-17	0	325.1738
2.752499999999926e-10	0.14435041	-0.0005360011	0.9895143	-7.331971e-17	0	325.1738
2.7534999999999264e-10	0.14436121	-0.00053901377	0.9895127	-7.3319695e-17	0	325.1738
2.754499999999927e-10	0.14437202	-0.0005418144	0.98951113	-7.331971e-17	0	325.1738
2.755499999999927e-10	0.14438286	-0.0005444034	0.9895095	-7.3319715e-17	0	325.1738
2.7564999999999274e-10	0.14439373	-0.00054678094	0.98950803	-7.331975e-17	0	325.1738
2.7574999999999277e-10	0.14440459	-0.0005489473	0.9895063	-7.3319715e-17	0	325.1738
2.758499999999928e-10	0.14441547	-0.0005509029	0.9895048	-7.33197e-17	0	325.1738
2.7594999999999283e-10	0.14442633	-0.0005526482	0.98950326	-7.331972e-17	0	325.1738
2.7604999999999286e-10	0.14443722	-0.0005541839	0.9895016	-7.3319715e-17	0	325.1738
2.761499999999929e-10	0.1444481	-0.00055551046	0.9895001	-7.3319715e-17	0	325.1738
2.762499999999929e-10	0.14445898	-0.00055662857	0.9894984	-7.3319715e-17	0	325.1738
2.7634999999999295e-10	0.14446981	-0.00055753917	0.9894968	-7.33197e-17	0	325.1738
2.76449999999993e-10	0.14448068	-0.00055824296	0.9894953	-7.331973e-17	0	325.1738
2.76549999999993e-10	0.1444915	-0.000558741	0.98949367	-7.331971e-17	0	325.1738
2.7664999999999304e-10	0.1445023	-0.0005590342	0.98949206	-7.331972e-17	0	325.1738
2.7674999999999307e-10	0.14451307	-0.0005591236	0.98949057	-7.331972e-17	0	325.1738
2.768499999999931e-10	0.1445238	-0.0005590103	0.9894889	-7.331973e-17	0	325.1738
2.7694999999999313e-10	0.14453453	-0.00055869564	0.9894874	-7.331971e-17	0	325.1738
2.7704999999999317e-10	0.1445452	-0.00055818073	0.9894859	-7.331972e-17	0	325.1738
2.771499999999932e-10	0.14455582	-0.0005574669	0.9894842	-7.331972e-17	0	325.1738
2.7724999999999323e-10	0.14456642	-0.0005565554	0.9894827	-7.3319715e-17	0	325.1738
2.7734999999999326e-10	0.14457695	-0.0005554478	0.98948115	-7.3319715e-17	0	325.1738
2.774499999999933e-10	0.14458744	-0.0005541458	0.98947966	-7.331972e-17	0	325.1738
2.775499999999933e-10	0.14459786	-0.00055265066	0.9894781	-7.331973e-17	0	325.1738
2.7764999999999335e-10	0.14460823	-0.0005509642	0.9894765	-7.3319715e-17	0	325.1738
2.777499999999934e-10	0.14461854	-0.0005490882	0.9894751	-7.331971e-17	0	325.1738
2.778499999999934e-10	0.14462878	-0.00054702425	0.98947364	-7.331973e-17	0	325.1738
2.7794999999999344e-10	0.14463896	-0.0005447743	0.98947215	-7.33197e-17	0	325.1738
2.7804999999999347e-10	0.14464906	-0.00054234004	0.98947066	-7.331973e-17	0	325.1738
2.781499999999935e-10	0.14465907	-0.00053972367	0.9894692	-7.3319715e-17	0	325.1738
2.7824999999999353e-10	0.14466903	-0.0005369269	0.9894677	-7.331972e-17	0	325.1738
2.7834999999999356e-10	0.14467889	-0.0005339519	0.9894663	-7.331972e-17	0	325.1738
2.784499999999936e-10	0.14468867	-0.00053080067	0.9894649	-7.3319734e-17	0	325.1738
2.785499999999936e-10	0.14469835	-0.0005274755	0.98946345	-7.331972e-17	0	325.1738
2.7864999999999366e-10	0.14470795	-0.00052397826	0.9894619	-7.331973e-17	0	325.1738
2.787499999999937e-10	0.14471744	-0.0005203115	0.9894607	-7.3319715e-17	0	325.1738
2.788499999999937e-10	0.14472687	-0.00051647733	0.9894592	-7.3319734e-17	0	325.1738
2.7894999999999375e-10	0.14473617	-0.0005124782	0.98945796	-7.331971e-17	0	325.1738
2.790499999999938e-10	0.14474538	-0.0005083164	0.9894565	-7.33197e-17	0	325.1738
2.791499999999938e-10	0.1447545	-0.00050399423	0.9894552	-7.331973e-17	0	325.1738
2.7924999999999384e-10	0.14476348	-0.0004995143	0.989454	-7.331972e-17	0	325.1738
2.7934999999999387e-10	0.1447724	-0.000494879	0.98945266	-7.3319715e-17	0	325.1738
2.794499999999939e-10	0.14478116	-0.000490091	0.9894513	-7.3319715e-17	0	325.1738
2.7954999999999393e-10	0.14478981	-0.00048515276	0.98945004	-7.3319715e-17	0	325.1738
2.7964999999999396e-10	0.14479837	-0.00048006698	0.98944885	-7.3319734e-17	0	325.1738
2.79749999999994e-10	0.14480677	-0.00047483644	0.9894476	-7.331972e-17	0	325.1738
2.79849999999994e-10	0.14481506	-0.0004694637	0.98944634	-7.331973e-17	0	325.1738
2.7994999999999405e-10	0.14482324	-0.00046395173	0.9894452	-7.331973e-17	0	325.1738
2.800499999999941e-10	0.14483128	-0.00045830314	0.989444	-7.331973e-17	0	325.1738
2.801499999999941e-10	0.14483918	-0.00045252094	0.9894428	-7.331972e-17	0	325.1738
2.8024999999999415e-10	0.14484695	-0.00044660782	0.98944175	-7.33197e-17	0	325.1738
2.803499999999942e-10	0.14485459	-0.00044056677	0.9894405	-7.3319715e-17	0	325.1738
2.804499999999942e-10	0.1448621	-0.00043440078	0.9894395	-7.331971e-17	0	325.1738
2.8054999999999424e-10	0.14486946	-0.0004281127	0.9894384	-7.331972e-17	0	325.1738
2.8064999999999427e-10	0.14487669	-0.00042170557	0.98943734	-7.3319734e-17	0	325.1738
2.807499999999943e-10	0.14488375	-0.00041518238	0.98943627	-7.331973e-17	0	325.1738
2.8084999999999433e-10	0.1448907	-0.00040854618	0.98943526	-7.3319715e-17	0	325.1738
2.8094999999999436e-10	0.14489748	-0.00040179997	0.98943424	-7.3319734e-17	0	325.1738
2.810499999999944e-10	0.14490412	-0.00039494675	0.9894333	-7.331972e-17	0	325.1738
2.811499999999944e-10	0.14491062	-0.00038798995	0.98943233	-7.3319715e-17	0	325.1738
2.8124999999999445e-10	0.14491697	-0.0003809325	0.98943144	-7.3319734e-17	0	325.1738
2.813499999999945e-10	0.14492315	-0.00037377753	0.98943055	-7.331972e-17	0	325.1738
2.814499999999945e-10	0.14492919	-0.00036652817	0.98942965	-7.3319734e-17	0	325.1738
2.8154999999999455e-10	0.14493507	-0.0003591876	0.98942876	-7.331973e-17	0	325.1738
2.816499999999946e-10	0.1449408	-0.0003517591	0.989428	-7.3319715e-17	0	325.1738
2.817499999999946e-10	0.14494637	-0.0003442456	0.9894271	-7.3319734e-17	0	325.1738
2.8184999999999464e-10	0.14495459	-0.00035456466	0.98942596	-7.29776e-17	0	322.7782
2.8194999999999467e-10	0.14496295	-0.0003646998	0.9894247	-7.2977606e-17	0	322.7782
2.820499999999947e-10	0.14497149	-0.00037464857	0.98942345	-7.297761e-17	0	322.7782
2.8214999999999473e-10	0.1449802	-0.00038440825	0.98942214	-7.29776e-17	0	322.7782
2.8224999999999476e-10	0.14498906	-0.00039397663	0.9894208	-7.29776e-17	0	322.7782
2.823499999999948e-10	0.14499806	-0.00040335115	0.98941946	-7.2977606e-17	0	322.7782
2.824499999999948e-10	0.14500722	-0.00041252992	0.9894182	-7.29776e-17	0	322.7782
2.8254999999999485e-10	0.14501652	-0.00042151057	0.9894167	-7.297759e-17	0	322.7782
2.826499999999949e-10	0.14502595	-0.00043029114	0.9894154	-7.297759e-17	0	322.7782
2.827499999999949e-10	0.1450355	-0.00043886952	0.98941404	-7.29776e-17	0	322.7782
2.8284999999999494e-10	0.14504522	-0.00044724392	0.98941255	-7.297761e-17	0	322.7782
2.82949999999995e-10	0.14505504	-0.0004554125	0.9894111	-7.29776e-17	0	322.7782
2.83049999999995e-10	0.14506498	-0.00046337355	0.9894096	-7.2977606e-17	0	322.7782
2.8314999999999504e-10	0.14507507	-0.00047112527	0.9894082	-7.297762e-17	0	322.7782
2.8324999999999507e-10	0.14508525	-0.00047866628	0.9894066	-7.29776e-17	0	322.7782
2.833499999999951e-10	0.14509553	-0.00048599503	0.9894051	-7.2977606e-17	0	322.7782
2.8344999999999513e-10	0.14510593	-0.00049311	0.9894037	-7.297761e-17	0	322.7782
2.8354999999999516e-10	0.14511643	-0.0005000099	0.989402	-7.29776e-17	0	322.7782
2.836499999999952e-10	0.14512704	-0.0005066934	0.9894005	-7.29776e-17	0	322.7782
2.837499999999952e-10	0.14513774	-0.0005131594	0.98939896	-7.29776e-17	0	322.7782
2.8384999999999525e-10	0.14514852	-0.00051940663	0.98939735	-7.297761e-17	0	322.7782
2.839499999999953e-10	0.1451594	-0.00052543427	0.9893958	-7.29776e-17	0	322.7782
2.840499999999953e-10	0.14517035	-0.0005312414	0.98939407	-7.297759e-17	0	322.7782
2.8414999999999534e-10	0.14518136	-0.0005368271	0.9893925	-7.297761e-17	0	322.7782
2.8424999999999537e-10	0.14519246	-0.0005421906	0.98939085	-7.297759e-17	0	322.7782
2.843499999999954e-10	0.14520362	-0.00054733147	0.9893892	-7.297759e-17	0	322.7782
2.8444999999999544e-10	0.14521486	-0.000552249	0.9893876	-7.297762e-17	0	322.7782
2.8454999999999547e-10	0.14522614	-0.0005569426	0.98938584	-7.297761e-17	0	322.7782
2.846499999999955e-10	0.14523746	-0.00056141184	0.9893843	-7.2977606e-17	0	322.7782
2.8474999999999553e-10	0.14524886	-0.00056565634	0.98938257	-7.297761e-17	0	322.7782
2.8484999999999556e-10	0.14526029	-0.00056967605	0.98938084	-7.297759e-17	0	322.7782
2.849499999999956e-10	0.14527176	-0.00057347066	0.98937917	-7.29776e-17	0	322.7782
2.850499999999956e-10	0.14528328	-0.00057703996	0.9893775	-7.2977606e-17	0	322.7782
2.8514999999999565e-10	0.14529485	-0.000580384	0.98937595	-7.2977626e-17	0	322.7782
2.852499999999957e-10	0.14530644	-0.0005835028	0.98937404	-7.297759e-17	0	322.7782
2.853499999999957e-10	0.14531803	-0.00058639655	0.9893724	-7.297762e-17	0	322.7782
2.8544999999999574e-10	0.14532967	-0.00058906537	0.98937064	-7.297761e-17	0	322.7782
2.8554999999999577e-10	0.14534129	-0.0005915097	0.989369	-7.2977606e-17	0	322.7782
2.856499999999958e-10	0.14535294	-0.0005937299	0.98936725	-7.29776e-17	0	322.7782
2.8574999999999583e-10	0.14536461	-0.0005957263	0.9893655	-7.2977606e-17	0	322.7782
2.8584999999999586e-10	0.14537627	-0.0005974997	0.98936385	-7.297762e-17	0	322.7782
2.859499999999959e-10	0.14538793	-0.0005990504	0.989362	-7.2977626e-17	0	322.7782
2.860499999999959e-10	0.14539957	-0.00060037954	0.98936033	-7.29776e-17	0	322.7782
2.8614999999999596e-10	0.14541122	-0.00060148747	0.9893587	-7.2977606e-17	0	322.7782
2.86249999999996e-10	0.14542285	-0.00060237525	0.9893569	-7.297761e-17	0	322.7782
2.86349999999996e-10	0.14543447	-0.0006030437	0.9893552	-7.297761e-17	0	322.7782
2.8644999999999605e-10	0.14544606	-0.00060349377	0.9893536	-7.297761e-17	0	322.7782
2.865499999999961e-10	0.14545761	-0.0006037267	0.98935175	-7.297761e-17	0	322.7782
2.866499999999961e-10	0.14546916	-0.0006037434	0.98935	-7.297761e-17	0	322.7782
2.8674999999999614e-10	0.14548065	-0.0006035455	0.9893484	-7.297762e-17	0	322.7782
2.8684999999999617e-10	0.14549209	-0.00060313405	0.98934674	-7.2977626e-17	0	322.7782
2.869499999999962e-10	0.14550352	-0.0006025104	0.989345	-7.29776e-17	0	322.7782
2.8704999999999623e-10	0.14551489	-0.0006016759	0.98934335	-7.2977606e-17	0	322.7782
2.8714999999999626e-10	0.14552623	-0.0006006321	0.9893417	-7.297761e-17	0	322.7782
2.872499999999963e-10	0.14553751	-0.00059938047	0.98934007	-7.29776e-17	0	322.7782
2.873499999999963e-10	0.1455487	-0.0005979228	0.9893383	-7.29776e-17	0	322.7782
2.8744999999999636e-10	0.14555986	-0.0005962607	0.9893367	-7.2977606e-17	0	322.7782
2.875499999999964e-10	0.14557093	-0.00059439597	0.98933506	-7.2977626e-17	0	322.7782
2.876499999999964e-10	0.14558193	-0.00059233065	0.98933345	-7.29776e-17	0	322.7782
2.8774999999999645e-10	0.1455929	-0.0005900664	0.98933184	-7.297759e-17	0	322.7782
2.878499999999965e-10	0.14560376	-0.000587605	0.98933023	-7.2977606e-17	0	322.7782
2.879499999999965e-10	0.14561455	-0.0005849487	0.9893286	-7.297759e-17	0	322.7782
2.8804999999999654e-10	0.14562526	-0.0005820996	0.9893271	-7.2977606e-17	0	322.7782
2.8814999999999657e-10	0.14563589	-0.00057905953	0.9893255	-7.2977606e-17	0	322.7782
2.882499999999966e-10	0.14564644	-0.00057583075	0.9893239	-7.297761e-17	0	322.7782
2.8834999999999663e-10	0.14565688	-0.0005724154	0.98932236	-7.297761e-17	0	322.7782
2.8844999999999666e-10	0.14566724	-0.00056881586	0.9893209	-7.297762e-17	0	322.7782
2.885499999999967e-10	0.1456775	-0.0005650343	0.9893194	-7.29776e-17	0	322.7782
2.886499999999967e-10	0.14568767	-0.0005610732	0.9893179	-7.297759e-17	0	322.7782
2.8874999999999675e-10	0.14569773	-0.0005569349	0.98931634	-7.29776e-17	0	322.7782
2.888499999999968e-10	0.14570767	-0.0005526221	0.9893149	-7.29776e-17	0	322.7782
2.889499999999968e-10	0.14571749	-0.00054813694	0.9893135	-7.2977606e-17	0	322.7782
2.8904999999999685e-10	0.1457272	-0.00054348237	0.989312	-7.2977606e-17	0	322.7782
2.891499999999969e-10	0.1457368	-0.00053866085	0.98931056	-7.297762e-17	0	322.7782
2.892499999999969e-10	0.14574629	-0.00053367513	0.9893092	-7.297761e-17	0	322.7782
2.8934999999999694e-10	0.14575565	-0.0005285279	0.9893078	-7.29776e-17	0	322.7782
2.8944999999999697e-10	0.1457649	-0.00052322174	0.98930657	-7.29776e-17	0	322.7782
2.89549999999997e-10	0.14577404	-0.0005177595	0.9893052	-7.297764e-17	0	322.7782
2.8964999999999703e-10	0.14578302	-0.00051214383	0.9893038	-7.2977606e-17	0	322.7782
2.8974999999999706e-10	0.14579189	-0.00050637784	0.9893025	-7.2977626e-17	0	322.7782
2.898499999999971e-10	0.1458006	-0.0005004642	0.9893012	-7.2977606e-17	0	322.7782
2.899499999999971e-10	0.1458092	-0.00049440586	0.9893	-7.297761e-17	0	322.7782
2.9004999999999715e-10	0.14581767	-0.0004882059	0.98929876	-7.297762e-17	0	322.7782
2.901499999999972e-10	0.14582598	-0.00048186738	0.9892974	-7.29776e-17	0	322.7782
2.902499999999972e-10	0.14583416	-0.00047539303	0.9892963	-7.2977606e-17	0	322.7782
2.9034999999999724e-10	0.14584218	-0.00046878625	0.989295	-7.2977606e-17	0	322.7782
2.904499999999973e-10	0.14585006	-0.0004620499	0.98929393	-7.2977606e-17	0	322.7782
2.905499999999973e-10	0.1458578	-0.00045518723	0.98929274	-7.297761e-17	0	322.7782
2.9064999999999734e-10	0.14586538	-0.00044820155	0.98929167	-7.297762e-17	0	322.7782
2.9074999999999737e-10	0.14587282	-0.00044109573	0.9892906	-7.29776e-17	0	322.7782
2.908499999999974e-10	0.14588009	-0.0004338732	0.9892895	-7.297761e-17	0	322.7782
2.9094999999999743e-10	0.1458872	-0.0004265372	0.9892884	-7.297762e-17	0	322.7782
2.9104999999999746e-10	0.14589415	-0.00041909094	0.9892874	-7.2977606e-17	0	322.7782
2.911499999999975e-10	0.14590095	-0.00041153768	0.98928636	-7.2977606e-17	0	322.7782
2.912499999999975e-10	0.1459076	-0.00040388078	0.98928547	-7.2977626e-17	0	322.7782
2.9134999999999755e-10	0.14591406	-0.0003961235	0.98928446	-7.2977606e-17	0	322.7782
2.914499999999976e-10	0.14592037	-0.00038826902	0.9892835	-7.2977626e-17	0	322.7782
2.915499999999976e-10	0.14592652	-0.0003803209	0.98928267	-7.2977606e-17	0	322.7782
2.9164999999999764e-10	0.1459325	-0.00037228252	0.9892817	-7.2977626e-17	0	322.7782
2.917499999999977e-10	0.1459383	-0.00036415714	0.98928094	-7.297761e-17	0	322.7782
2.918499999999977e-10	0.14594647	-0.00037218252	0.9892797	-7.266863e-17	0	320.61057
2.9194999999999774e-10	0.14595477	-0.00038003287	0.98927844	-7.266864e-17	0	320.61057
2.9204999999999777e-10	0.14596319	-0.00038770653	0.98927724	-7.2668644e-17	0	320.61057
2.921499999999978e-10	0.14597172	-0.0003952016	0.9892759	-7.266863e-17	0	320.61057
2.9224999999999783e-10	0.14598037	-0.00040251648	0.9892746	-7.2668644e-17	0	320.61057
2.9234999999999786e-10	0.14598912	-0.00040964963	0.9892734	-7.266863e-17	0	320.61057
2.924499999999979e-10	0.145998	-0.00041659953	0.98927206	-7.2668644e-17	0	320.61057
2.925499999999979e-10	0.14600696	-0.00042336472	0.98927075	-7.266863e-17	0	320.61057
2.9264999999999795e-10	0.14601602	-0.00042994396	0.9892693	-7.266864e-17	0	320.61057
2.92749999999998e-10	0.14602518	-0.00043633583	0.98926795	-7.266863e-17	0	320.61057
2.92849999999998e-10	0.14603442	-0.00044253925	0.98926663	-7.2668644e-17	0	320.61057
2.9294999999999804e-10	0.14604375	-0.00044855307	0.98926514	-7.2668624e-17	0	320.61057
2.9304999999999807e-10	0.14605318	-0.00045437625	0.9892639	-7.266863e-17	0	320.61057
2.931499999999981e-10	0.14606269	-0.00046000772	0.98926246	-7.266864e-17	0	320.61057
2.9324999999999813e-10	0.14607227	-0.00046544662	0.989261	-7.266864e-17	0	320.61057
2.9334999999999816e-10	0.1460819	-0.0004706921	0.9892595	-7.2668644e-17	0	320.61057
2.934499999999982e-10	0.14609164	-0.00047574335	0.98925817	-7.2668644e-17	0	320.61057
2.9354999999999823e-10	0.14610142	-0.00048059973	0.9892567	-7.266863e-17	0	320.61057
2.9364999999999826e-10	0.14611128	-0.0004852606	0.98925525	-7.266862e-17	0	320.61057
2.937499999999983e-10	0.14612117	-0.0004897253	0.98925376	-7.2668624e-17	0	320.61057
2.938499999999983e-10	0.14613113	-0.0004939936	0.98925227	-7.2668624e-17	0	320.61057
2.9394999999999835e-10	0.14614113	-0.0004980648	0.9892507	-7.266863e-17	0	320.61057
2.940499999999984e-10	0.14615119	-0.0005019385	0.9892492	-7.266862e-17	0	320.61057
2.941499999999984e-10	0.14616129	-0.0005056147	0.98924774	-7.266862e-17	0	320.61057
2.9424999999999844e-10	0.14617142	-0.0005090928	0.98924625	-7.266864e-17	0	320.61057
2.9434999999999847e-10	0.14618158	-0.0005123732	0.98924476	-7.266864e-17	0	320.61057
2.944499999999985e-10	0.1461918	-0.0005154555	0.9892434	-7.266864e-17	0	320.61057
2.9454999999999853e-10	0.14620204	-0.00051833974	0.9892417	-7.266865e-17	0	320.61057
2.9464999999999856e-10	0.14621228	-0.000521026	0.9892403	-7.2668624e-17	0	320.61057
2.947499999999986e-10	0.14622255	-0.0005235146	0.98923874	-7.266864e-17	0	320.61057
2.948499999999986e-10	0.14623284	-0.0005258055	0.98923725	-7.266863e-17	0	320.61057
2.9494999999999866e-10	0.14624313	-0.00052789925	0.98923564	-7.2668624e-17	0	320.61057
2.950499999999987e-10	0.14625344	-0.0005297959	0.98923415	-7.266862e-17	0	320.61057
2.951499999999987e-10	0.14626375	-0.00053149596	0.9892326	-7.266863e-17	0	320.61057
2.9524999999999875e-10	0.14627409	-0.000533	0.989231	-7.2668644e-17	0	320.61057
2.953499999999988e-10	0.1462844	-0.0005343084	0.9892295	-7.2668644e-17	0	320.61057
2.954499999999988e-10	0.1462947	-0.00053542206	0.989228	-7.266864e-17	0	320.61057
2.9554999999999884e-10	0.146305	-0.0005363416	0.98922646	-7.2668624e-17	0	320.61057
2.9564999999999887e-10	0.14631529	-0.00053706777	0.9892249	-7.266865e-17	0	320.61057
2.957499999999989e-10	0.14632556	-0.00053760136	0.9892234	-7.266864e-17	0	320.61057
2.9584999999999893e-10	0.14633581	-0.00053794327	0.9892219	-7.2668644e-17	0	320.61057
2.9594999999999896e-10	0.14634602	-0.00053809426	0.9892203	-7.2668644e-17	0	320.61057
2.96049999999999e-10	0.14635623	-0.0005380555	0.98921883	-7.2668624e-17	0	320.61057
2.96149999999999e-10	0.14636639	-0.000537828	0.9892174	-7.2668644e-17	0	320.61057
2.9624999999999905e-10	0.14637655	-0.0005374128	0.98921585	-7.266866e-17	0	320.61057
2.963499999999991e-10	0.14638662	-0.00053681125	0.9892144	-7.266863e-17	0	320.61057
2.964499999999991e-10	0.1463967	-0.00053602445	0.98921293	-7.266865e-17	0	320.61057
2.9654999999999915e-10	0.14640671	-0.00053505367	0.9892114	-7.266866e-17	0	320.61057
2.966499999999992e-10	0.14641666	-0.00053390046	0.9892099	-7.266864e-17	0	320.61057
2.967499999999992e-10	0.14642659	-0.0005325662	0.9892084	-7.2668644e-17	0	320.61057
2.9684999999999924e-10	0.14643645	-0.00053105236	0.98920697	-7.266863e-17	0	320.61057
2.9694999999999927e-10	0.14644626	-0.00052936043	0.9892055	-7.266864e-17	0	320.61057
2.970499999999993e-10	0.146456	-0.00052749185	0.98920405	-7.266863e-17	0	320.61057
2.9714999999999933e-10	0.14646569	-0.0005254485	0.9892027	-7.2668644e-17	0	320.61057
2.9724999999999936e-10	0.14647532	-0.0005232318	0.9892012	-7.266866e-17	0	320.61057
2.973499999999994e-10	0.14648485	-0.00052084366	0.98919976	-7.266863e-17	0	320.61057
2.974499999999994e-10	0.14649433	-0.0005182858	0.9891983	-7.266864e-17	0	320.61057
2.9754999999999945e-10	0.14650375	-0.00051556004	0.98919696	-7.266865e-17	0	320.61057
2.976499999999995e-10	0.14651306	-0.0005126682	0.98919564	-7.2668644e-17	0	320.61057
2.977499999999995e-10	0.14652231	-0.0005096122	0.9891943	-7.266866e-17	0	320.61057
2.9784999999999955e-10	0.14653146	-0.0005063941	0.98919296	-7.2668644e-17	0	320.61057
2.979499999999996e-10	0.14654057	-0.00050301594	0.98919153	-7.266863e-17	0	320.61057
2.980499999999996e-10	0.14654952	-0.00049947976	0.9891901	-7.266866e-17	0	320.61057
2.9814999999999964e-10	0.14655843	-0.00049578765	0.9891889	-7.266865e-17	0	320.61057
2.9824999999999967e-10	0.14656726	-0.0004919418	0.98918754	-7.266864e-17	0	320.61057
2.983499999999997e-10	0.14657597	-0.00048794443	0.9891863	-7.2668644e-17	0	320.61057
2.9844999999999973e-10	0.14658457	-0.0004837976	0.9891849	-7.266865e-17	0	320.61057
2.9854999999999976e-10	0.1465931	-0.00047950377	0.9891838	-7.266866e-17	0	320.61057
2.986499999999998e-10	0.1466015	-0.00047506514	0.9891825	-7.2668644e-17	0	320.61057
2.987499999999998e-10	0.1466098	-0.00047048417	0.98918134	-7.266866e-17	0	320.61057
2.9884999999999985e-10	0.14661796	-0.00046576327	0.9891801	-7.2668644e-17	0	320.61057
2.989499999999999e-10	0.14662607	-0.00046090473	0.9891788	-7.266864e-17	0	320.61057
2.990499999999999e-10	0.14663401	-0.00045591115	0.9891777	-7.266864e-17	0	320.61057
2.9914999999999994e-10	0.14664187	-0.00045078516	0.9891766	-7.266867e-17	0	320.61057
2.9925e-10	0.14664958	-0.0004455293	0.98917526	-7.266864e-17	0	320.61057
2.9935e-10	0.14665718	-0.00044014596	0.98917425	-7.266866e-17	0	320.61057
2.994e-10	0.14666094	-0.00043740743	0.98917365	-7.2668644e-17	0	320.61057
2.9950000000000005e-10	0.14666837	-0.00043183804	0.9891726	-7.2668644e-17	0	320.61057
2.996000000000001e-10	0.14667569	-0.00042614783	0.9891715	-7.266863e-17	0	320.61057
2.997000000000001e-10	0.14668286	-0.00042033946	0.98917043	-7.266866e-17	0	320.61057
2.9980000000000014e-10	0.14668989	-0.0004144159	0.9891694	-7.2668624e-17	0	320.61057
2.9990000000000017e-10	0.14669679	-0.0004083796	0.9891684	-7.266866e-17	0	320.61057
3.000000000000002e-10	0.14670357	-0.00040223348	0.98916733	-7.2668644e-17	0	320.61057
3.0010000000000024e-10	0.1467102	-0.0003959803	0.9891664	-7.266864e-17	0	320.61057
3.0020000000000027e-10	0.14671671	-0.00038962282	0.9891654	-7.266866e-17	0	320.61057
3.003000000000003e-10	0.14672309	-0.00038316392	0.98916435	-7.266863e-17	0	320.61057
3.0040000000000033e-10	0.1467293	-0.0003766064	0.9891634	-7.266866e-17	0	320.61057
3.0050000000000036e-10	0.1467354	-0.000369953	0.9891627	-7.266866e-17	0	320.61057
3.006000000000004e-10	0.14674136	-0.00036320655	0.9891618	-7.2668644e-17	0	320.61057
3.007000000000004e-10	0.14674716	-0.00035637023	0.98916084	-7.2668664e-17	0	320.61057
3.0080000000000045e-10	0.14675282	-0.0003494468	0.98915994	-7.2668664e-17	0	320.61057
3.009000000000005e-10	0.14675835	-0.00034243934	0.9891592	-7.266864e-17	0	320.61057
3.010000000000005e-10	0.14676371	-0.00033535063	0.9891584	-7.2668664e-17	0	320.61057
3.0110000000000054e-10	0.14676893	-0.0003281838	0.9891576	-7.266865e-17	0	320.61057
3.0120000000000057e-10	0.146774	-0.0003209417	0.98915696	-7.2668624e-17	0	320.61057
3.013000000000006e-10	0.14677894	-0.00031362718	0.9891561	-7.266864e-17	0	320.61057
3.0140000000000063e-10	0.14678372	-0.0003062434	0.98915553	-7.266864e-17	0	320.61057
3.0150000000000066e-10	0.14678836	-0.0002987932	0.9891547	-7.266864e-17	0	320.61057
3.016000000000007e-10	0.14679283	-0.0002912794	0.98915416	-7.266864e-17	0	320.61057
3.0170000000000073e-10	0.14679718	-0.00028370507	0.98915356	-7.2668644e-17	0	320.61057
3.0180000000000076e-10	0.14680247	-0.0002834354	0.98915267	-7.2389547e-17	0	318.64923
3.019000000000008e-10	0.1468089	-0.0002904106	0.9891517	-7.2389566e-17	0	318.64923
3.020000000000008e-10	0.14681545	-0.0002972462	0.9891507	-7.238954e-17	0	318.64923
3.0210000000000085e-10	0.14682212	-0.00030394088	0.9891498	-7.238955e-17	0	318.64923
3.022000000000009e-10	0.14682887	-0.0003104931	0.98914886	-7.238954e-17	0	318.64923
3.023000000000009e-10	0.14683574	-0.00031690134	0.9891477	-7.2389547e-17	0	318.64923
3.0240000000000094e-10	0.14684272	-0.00032316407	0.98914665	-7.238954e-17	0	318.64923
3.0250000000000097e-10	0.1468498	-0.0003292798	0.98914564	-7.2389547e-17	0	318.64923
3.02600000000001e-10	0.14685696	-0.00033524705	0.9891446	-7.238954e-17	0	318.64923
3.0270000000000103e-10	0.1468642	-0.0003410648	0.98914343	-7.238953e-17	0	318.64923
3.0280000000000106e-10	0.14687154	-0.00034673174	0.9891424	-7.238955e-17	0	318.64923
3.029000000000011e-10	0.14687894	-0.0003522467	0.98914135	-7.2389533e-17	0	318.64923
3.030000000000011e-10	0.14688644	-0.0003576087	0.98914015	-7.238955e-17	0	318.64923
3.0310000000000116e-10	0.14689404	-0.00036281662	0.989139	-7.238955e-17	0	318.64923
3.032000000000012e-10	0.14690167	-0.0003678695	0.9891379	-7.2389547e-17	0	318.64923
3.033000000000012e-10	0.1469094	-0.0003727667	0.9891367	-7.238954e-17	0	318.64923
3.0340000000000125e-10	0.14691716	-0.00037750712	0.98913556	-7.2389566e-17	0	318.64923
3.035000000000013e-10	0.14692503	-0.00038208996	0.98913443	-7.2389566e-17	0	318.64923
3.036000000000013e-10	0.14693294	-0.00038651458	0.98913324	-7.238954e-17	0	318.64923
3.0370000000000134e-10	0.14694092	-0.0003907803	0.98913205	-7.238955e-17	0	318.64923
3.0380000000000137e-10	0.14694895	-0.00039488653	0.98913085	-7.2389533e-17	0	318.64923
3.039000000000014e-10	0.14695702	-0.00039883258	0.9891296	-7.2389547e-17	0	318.64923
3.0400000000000143e-10	0.14696516	-0.00040261808	0.98912835	-7.238954e-17	0	318.64923
3.0410000000000146e-10	0.14697336	-0.0004062423	0.9891272	-7.2389533e-17	0	318.64923
3.042000000000015e-10	0.1469816	-0.0004097048	0.98912597	-7.238956e-17	0	318.64923
3.043000000000015e-10	0.14698985	-0.00041300541	0.9891248	-7.238955e-17	0	318.64923
3.0440000000000155e-10	0.14699815	-0.0004161438	0.98912346	-7.2389547e-17	0	318.64923
3.045000000000016e-10	0.14700651	-0.0004191197	0.9891223	-7.238956e-17	0	318.64923
3.046000000000016e-10	0.14701487	-0.0004219332	0.9891211	-7.238956e-17	0	318.64923
3.0470000000000165e-10	0.14702326	-0.00042458408	0.98911977	-7.2389547e-17	0	318.64923
3.048000000000017e-10	0.1470317	-0.00042707234	0.98911846	-7.238955e-17	0	318.64923
3.049000000000017e-10	0.14704013	-0.0004293978	0.98911726	-7.2389547e-17	0	318.64923
3.0500000000000174e-10	0.14704862	-0.00043156074	0.98911595	-7.2389566e-17	0	318.64923
3.0510000000000177e-10	0.1470571	-0.00043356113	0.98911464	-7.238955e-17	0	318.64923
3.052000000000018e-10	0.1470656	-0.00043539936	0.9891135	-7.238956e-17	0	318.64923
3.0530000000000183e-10	0.1470741	-0.00043707545	0.9891122	-7.238956e-17	0	318.64923
3.0540000000000186e-10	0.1470826	-0.00043858995	0.9891109	-7.238955e-17	0	318.64923
3.055000000000019e-10	0.14709112	-0.00043994305	0.9891097	-7.2389547e-17	0	318.64923
3.056000000000019e-10	0.14709963	-0.0004411351	0.98910844	-7.2389547e-17	0	318.64923
3.0570000000000195e-10	0.14710812	-0.0004421668	0.9891071	-7.238956e-17	0	318.64923
3.05800000000002e-10	0.14711663	-0.00044303839	0.9891058	-7.238955e-17	0	318.64923
3.05900000000002e-10	0.14712512	-0.0004437507	0.9891046	-7.238953e-17	0	318.64923
3.0600000000000205e-10	0.14713362	-0.0004443041	0.9891033	-7.2389547e-17	0	318.64923
3.061000000000021e-10	0.14714208	-0.0004446998	0.989102	-7.2389533e-17	0	318.64923
3.062000000000021e-10	0.14715053	-0.00044493814	0.9891008	-7.2389547e-17	0	318.64923
3.0630000000000214e-10	0.14715895	-0.00044502015	0.98909956	-7.238955e-17	0	318.64923
3.0640000000000217e-10	0.14716737	-0.00044494655	0.9890983	-7.238955e-17	0	318.64923
3.065000000000022e-10	0.14717576	-0.0004447182	0.989097	-7.2389533e-17	0	318.64923
3.0660000000000223e-10	0.1471841	-0.0004443359	0.9890958	-7.238954e-17	0	318.64923
3.0670000000000226e-10	0.14719243	-0.0004438007	0.9890945	-7.2389566e-17	0	318.64923
3.068000000000023e-10	0.1472007	-0.0004431137	0.98909336	-7.238958e-17	0	318.64923
3.069000000000023e-10	0.14720896	-0.000442276	0.98909205	-7.2389566e-17	0	318.64923
3.0700000000000235e-10	0.14721717	-0.00044128875	0.9890909	-7.238955e-17	0	318.64923
3.071000000000024e-10	0.14722534	-0.00044015312	0.98908967	-7.2389566e-17	0	318.64923
3.072000000000024e-10	0.14723346	-0.0004388704	0.9890884	-7.238955e-17	0	318.64923
3.0730000000000244e-10	0.1472415	-0.00043744183	0.9890872	-7.238956e-17	0	318.64923
3.074000000000025e-10	0.14724953	-0.0004358688	0.98908603	-7.2389547e-17	0	318.64923
3.075000000000025e-10	0.1472575	-0.00043415252	0.9890849	-7.238955e-17	0	318.64923
3.0760000000000254e-10	0.1472654	-0.00043229462	0.9890837	-7.2389547e-17	0	318.64923
3.0770000000000257e-10	0.14727326	-0.00043029652	0.98908246	-7.2389566e-17	0	318.64923
3.078000000000026e-10	0.14728105	-0.00042815966	0.9890814	-7.238956e-17	0	318.64923
3.0790000000000263e-10	0.14728878	-0.0004258855	0.9890803	-7.2389547e-17	0	318.64923
3.0800000000000266e-10	0.14729644	-0.00042347575	0.98907906	-7.2389533e-17	0	318.64923
3.081000000000027e-10	0.14730404	-0.00042093176	0.989078	-7.238955e-17	0	318.64923
3.082000000000027e-10	0.14731157	-0.00041825516	0.9890768	-7.2389533e-17	0	318.64923
3.0830000000000275e-10	0.14731903	-0.00041544772	0.98907566	-7.238954e-17	0	318.64923
3.084000000000028e-10	0.14732642	-0.00041251103	0.9890746	-7.238954e-17	0	318.64923
3.085000000000028e-10	0.14733373	-0.0004094468	0.9890735	-7.238956e-17	0	318.64923
3.0860000000000284e-10	0.14734098	-0.00040625696	0.9890725	-7.238955e-17	0	318.64923
3.0870000000000287e-10	0.14734814	-0.0004029431	0.98907137	-7.238955e-17	0	318.64923
3.088000000000029e-10	0.14735521	-0.00039950732	0.9890703	-7.2389547e-17	0	318.64923
3.0890000000000293e-10	0.14736219	-0.00039595133	0.9890693	-7.2389566e-17	0	318.64923
3.0900000000000297e-10	0.14736909	-0.00039227723	0.9890682	-7.2389547e-17	0	318.64923
3.09100000000003e-10	0.14737591	-0.00038848698	0.98906726	-7.2389566e-17	0	318.64923
3.0920000000000303e-10	0.14738262	-0.00038458253	0.9890662	-7.238956e-17	0	318.64923
3.0930000000000306e-10	0.14738923	-0.00038056605	0.98906523	-7.238955e-17	0	318.64923
3.094000000000031e-10	0.14739576	-0.00037643936	0.9890643	-7.2389533e-17	0	318.64923
3.095000000000031e-10	0.1474022	-0.00037220458	0.9890633	-7.238956e-17	0	318.64923
3.0960000000000315e-10	0.14740853	-0.00036786377	0.98906237	-7.2389566e-17	0	318.64923
3.097000000000032e-10	0.14741479	-0.000363419	0.9890614	-7.238955e-17	0	318.64923
3.098000000000032e-10	0.14742094	-0.00035887238	0.98906046	-7.2389547e-17	0	318.64923
3.0990000000000324e-10	0.14742696	-0.0003542261	0.98905957	-7.238955e-17	0	318.64923
3.1000000000000327e-10	0.14743292	-0.00034948217	0.98905873	-7.2389566e-17	0	318.64923
3.101000000000033e-10	0.14743873	-0.00034464296	0.9890578	-7.238955e-17	0	318.64923
3.1020000000000333e-10	0.14744447	-0.0003397108	0.98905694	-7.238954e-17	0	318.64923
3.1030000000000336e-10	0.14745007	-0.00033468776	0.9890561	-7.238955e-17	0	318.64923
3.104000000000034e-10	0.14745559	-0.0003295762	0.9890553	-7.238955e-17	0	318.64923
3.105000000000034e-10	0.14746098	-0.00032437855	0.98905456	-7.238955e-17	0	318.64923
3.1060000000000346e-10	0.14746627	-0.0003190968	0.9890537	-7.2389547e-17	0	318.64923
3.107000000000035e-10	0.14747143	-0.00031373353	0.989053	-7.238955e-17	0	318.64923
3.108000000000035e-10	0.1474765	-0.00030829094	0.98905224	-7.2389533e-17	0	318.64923
3.1090000000000355e-10	0.14748144	-0.00030277125	0.9890514	-7.2389547e-17	0	318.64923
3.110000000000036e-10	0.14748627	-0.00029717688	0.9890508	-7.2389566e-17	0	318.64923
3.111000000000036e-10	0.14749098	-0.0002915101	0.9890501	-7.238955e-17	0	318.64923
3.1120000000000364e-10	0.14749557	-0.0002857732	0.9890494	-7.238956e-17	0	318.64923
3.1130000000000367e-10	0.14750007	-0.0002799686	0.9890487	-7.2389547e-17	0	318.64923
3.114000000000037e-10	0.14750445	-0.0002740988	0.9890481	-7.238955e-17	0	318.64923
3.1150000000000373e-10	0.14750868	-0.0002681661	0.9890474	-7.2389566e-17	0	318.64923
3.1160000000000376e-10	0.1475128	-0.00026217298	0.9890468	-7.238958e-17	0	318.64923
3.117000000000038e-10	0.1475168	-0.00025612162	0.9890463	-7.238955e-17	0	318.64923
3.118000000000038e-10	0.14752169	-0.00025668	0.9890455	-7.2137396e-17	0	316.8745
3.1190000000000386e-10	0.14752764	-0.00026379374	0.9890446	-7.21374e-17	0	316.8745
3.120000000000039e-10	0.14753368	-0.00027077756	0.98904365	-7.2137376e-17	0	316.8745
3.121000000000039e-10	0.14753984	-0.00027762985	0.98904276	-7.2137376e-17	0	316.8745
3.1220000000000395e-10	0.14754613	-0.00028434885	0.9890418	-7.2137376e-17	0	316.8745
3.12300000000004e-10	0.14755249	-0.00029093318	0.98904085	-7.213738e-17	0	316.8745
3.12400000000004e-10	0.14755897	-0.0002973811	0.9890399	-7.2137396e-17	0	316.8745
3.1250000000000404e-10	0.14756554	-0.0003036913	0.98903894	-7.2137396e-17	0	316.8745
3.1260000000000407e-10	0.14757222	-0.00030986252	0.98903793	-7.213739e-17	0	316.8745
3.127000000000041e-10	0.147579	-0.00031589303	0.98903686	-7.21374e-17	0	316.8745
3.1280000000000413e-10	0.14758587	-0.00032178176	0.98903584	-7.2137396e-17	0	316.8745
3.1290000000000416e-10	0.14759281	-0.00032752732	0.98903483	-7.213739e-17	0	316.8745
3.130000000000042e-10	0.14759985	-0.0003331285	0.9890338	-7.2137396e-17	0	316.8745
3.131000000000042e-10	0.14760697	-0.00033858424	0.98903275	-7.2137396e-17	0	316.8745
3.1320000000000425e-10	0.14761418	-0.0003438933	0.98903155	-7.2137376e-17	0	316.8745
3.133000000000043e-10	0.14762145	-0.00034905475	0.9890306	-7.213738e-17	0	316.8745
3.134000000000043e-10	0.14762881	-0.0003540675	0.9890294	-7.2137396e-17	0	316.8745
3.1350000000000435e-10	0.14763622	-0.00035893076	0.98902833	-7.213738e-17	0	316.8745
3.136000000000044e-10	0.14764372	-0.0003636435	0.98902714	-7.2137396e-17	0	316.8745
3.137000000000044e-10	0.14765127	-0.00036820513	0.98902607	-7.213741e-17	0	316.8745
3.1380000000000444e-10	0.14765888	-0.00037261477	0.98902494	-7.2137415e-17	0	316.8745
3.1390000000000447e-10	0.14766656	-0.00037687185	0.98902386	-7.2137396e-17	0	316.8745
3.140000000000045e-10	0.14767429	-0.00038097578	0.98902255	-7.213739e-17	0	316.8745
3.1410000000000453e-10	0.14768207	-0.00038492595	0.9890215	-7.2137376e-17	0	316.8745
3.1420000000000456e-10	0.1476899	-0.00038872188	0.9890202	-7.213737e-17	0	316.8745
3.143000000000046e-10	0.14769778	-0.0003923629	0.98901916	-7.2137376e-17	0	316.8745
3.144000000000046e-10	0.1477057	-0.00039584868	0.9890179	-7.213739e-17	0	316.8745
3.1450000000000465e-10	0.14771368	-0.000399179	0.9890168	-7.2137396e-17	0	316.8745
3.146000000000047e-10	0.1477217	-0.0004023534	0.9890155	-7.2137396e-17	0	316.8745
3.147000000000047e-10	0.14772974	-0.00040537165	0.98901427	-7.2137415e-17	0	316.8745
3.1480000000000474e-10	0.1477378	-0.00040823364	0.98901314	-7.213741e-17	0	316.8745
3.149000000000048e-10	0.14774592	-0.00041093913	0.98901194	-7.213739e-17	0	316.8745
3.150000000000048e-10	0.14775404	-0.000413488	0.9890106	-7.21374e-17	0	316.8745
3.1510000000000484e-10	0.14776221	-0.00041588023	0.9890095	-7.213741e-17	0	316.8745
3.1520000000000487e-10	0.14777038	-0.00041811587	0.9890082	-7.213742e-17	0	316.8745
3.153000000000049e-10	0.14777857	-0.00042019505	0.98900694	-7.213739e-17	0	316.8745
3.1540000000000493e-10	0.1477868	-0.00042211777	0.98900574	-7.2137415e-17	0	316.8745
3.1550000000000496e-10	0.147795	-0.00042388434	0.9890045	-7.213741e-17	0	316.8745
3.15600000000005e-10	0.14780325	-0.00042549506	0.98900324	-7.213741e-17	0	316.8745
3.15700000000005e-10	0.14781147	-0.00042695014	0.9890021	-7.21374e-17	0	316.8745
3.1580000000000505e-10	0.1478197	-0.00042825	0.9890008	-7.2137415e-17	0	316.8745
3.159000000000051e-10	0.14782795	-0.00042939492	0.98899966	-7.2137396e-17	0	316.8745
3.160000000000051e-10	0.1478362	-0.0004303855	0.9889983	-7.213741e-17	0	316.8745
3.1610000000000514e-10	0.1478444	-0.00043122232	0.9889971	-7.213741e-17	0	316.8745
3.1620000000000517e-10	0.14785263	-0.0004319059	0.9889959	-7.2137376e-17	0	316.8745
3.163000000000052e-10	0.14786084	-0.00043243673	0.98899466	-7.213738e-17	0	316.8745
3.1640000000000524e-10	0.14786902	-0.0004328156	0.9889934	-7.21374e-17	0	316.8745
3.1650000000000527e-10	0.14787722	-0.0004330432	0.9889923	-7.213741e-17	0	316.8745
3.166000000000053e-10	0.14788535	-0.00043312018	0.9889909	-7.213739e-17	0	316.8745
3.1670000000000533e-10	0.14789349	-0.0004330475	0.98898983	-7.213739e-17	0	316.8745
3.1680000000000536e-10	0.1479016	-0.00043282582	0.9889886	-7.2137396e-17	0	316.8745
3.169000000000054e-10	0.1479097	-0.0004324563	0.98898727	-7.21374e-17	0	316.8745
3.170000000000054e-10	0.14791773	-0.00043193964	0.9889862	-7.213741e-17	0	316.8745
3.1710000000000545e-10	0.14792575	-0.00043127695	0.98898494	-7.213739e-17	0	316.8745
3.172000000000055e-10	0.14793374	-0.00043046928	0.98898363	-7.21374e-17	0	316.8745
3.173000000000055e-10	0.14794168	-0.00042951776	0.98898256	-7.213739e-17	0	316.8745
3.1740000000000554e-10	0.14794958	-0.00042842352	0.9889814	-7.213741e-17	0	316.8745
3.1750000000000557e-10	0.14795744	-0.0004271876	0.98898023	-7.2137396e-17	0	316.8745
3.176000000000056e-10	0.14796525	-0.00042581162	0.988979	-7.2137396e-17	0	316.8745
3.1770000000000563e-10	0.147973	-0.00042429662	0.9889778	-7.2137396e-17	0	316.8745
3.1780000000000566e-10	0.1479807	-0.00042264385	0.98897666	-7.213741e-17	0	316.8745
3.179000000000057e-10	0.14798836	-0.00042085472	0.9889756	-7.21374e-17	0	316.8745
3.1800000000000573e-10	0.14799596	-0.00041893058	0.98897445	-7.213741e-17	0	316.8745
3.1810000000000576e-10	0.14800352	-0.00041687282	0.98897326	-7.21374e-17	0	316.8745
3.182000000000058e-10	0.148011	-0.00041468293	0.9889722	-7.213739e-17	0	316.8745
3.183000000000058e-10	0.14801842	-0.00041236228	0.98897105	-7.213739e-17	0	316.8745
3.1840000000000585e-10	0.14802578	-0.0004099125	0.98897	-7.213741e-17	0	316.8745
3.185000000000059e-10	0.14803307	-0.0004073351	0.98896873	-7.2137396e-17	0	316.8745
3.186000000000059e-10	0.14804031	-0.00040463152	0.9889677	-7.2137396e-17	0	316.8745
3.1870000000000594e-10	0.14804748	-0.0004018035	0.9889667	-7.2137396e-17	0	316.8745
3.1880000000000597e-10	0.14805454	-0.0003988527	0.98896563	-7.213738e-17	0	316.8745
3.18900000000006e-10	0.14806154	-0.00039578087	0.9889647	-7.213742e-17	0	316.8745
3.1900000000000603e-10	0.14806849	-0.0003925896	0.98896354	-7.2137396e-17	0	316.8745
3.1910000000000606e-10	0.14807534	-0.00038928093	0.98896253	-7.21374e-17	0	316.8745
3.192000000000061e-10	0.14808212	-0.00038585658	0.9889615	-7.2137396e-17	0	316.8745
3.193000000000061e-10	0.1480888	-0.0003823185	0.9889604	-7.2137396e-17	0	316.8745
3.1940000000000616e-10	0.1480954	-0.0003786684	0.98895943	-7.213739e-17	0	316.8745
3.195000000000062e-10	0.14810191	-0.00037490844	0.9889585	-7.21374e-17	0	316.8745
3.196000000000062e-10	0.14810832	-0.00037104043	0.98895746	-7.213741e-17	0	316.8745
3.1970000000000625e-10	0.14811468	-0.00036706615	0.9889566	-7.213738e-17	0	316.8745
3.198000000000063e-10	0.14812091	-0.0003629876	0.9889557	-7.2137376e-17	0	316.8745
3.199000000000063e-10	0.14812705	-0.0003588068	0.9889547	-7.213739e-17	0	316.8745
3.2000000000000634e-10	0.1481331	-0.00035452563	0.98895377	-7.213739e-17	0	316.8745
3.2010000000000637e-10	0.14813907	-0.00035014615	0.988953	-7.213742e-17	0	316.8745
3.202000000000064e-10	0.14814493	-0.00034567047	0.98895204	-7.213741e-17	0	316.8745
3.2030000000000643e-10	0.14815071	-0.0003411006	0.98895127	-7.21374e-17	0	316.8745
3.2040000000000646e-10	0.14815637	-0.00033643853	0.9889504	-7.2137415e-17	0	316.8745
3.205000000000065e-10	0.14816193	-0.00033168643	0.98894954	-7.2137415e-17	0	316.8745
3.206000000000065e-10	0.1481674	-0.00032684676	0.98894864	-7.213738e-17	0	316.8745
3.2070000000000655e-10	0.14817274	-0.00032192157	0.988948	-7.2137396e-17	0	316.8745
3.208000000000066e-10	0.14817798	-0.000316913	0.9889471	-7.21374e-17	0	316.8745
3.209000000000066e-10	0.1481831	-0.0003118234	0.9889463	-7.213741e-17	0	316.8745
3.2100000000000665e-10	0.14818814	-0.00030665472	0.9889456	-7.213738e-17	0	316.8745
3.211000000000067e-10	0.14819306	-0.00030140928	0.9889448	-7.213741e-17	0	316.8745
3.212000000000067e-10	0.14819787	-0.00029608927	0.9889442	-7.213739e-17	0	316.8745
3.2130000000000674e-10	0.14820258	-0.00029069712	0.9889434	-7.213741e-17	0	316.8745
3.2140000000000677e-10	0.14820719	-0.00028523494	0.98894274	-7.2137396e-17	0	316.8745
3.215000000000068e-10	0.14821166	-0.0002797048	0.9889421	-7.2137376e-17	0	316.8745
3.2160000000000683e-10	0.14821602	-0.00027410907	0.98894143	-7.2137415e-17	0	316.8745
3.2170000000000686e-10	0.14822027	-0.00026844992	0.9889407	-7.2137396e-17	0	316.8745
3.218000000000069e-10	0.14822532	-0.00026876613	0.98894006	-7.190956e-17	0	315.26868
3.219000000000069e-10	0.14823133	-0.00027500893	0.98893917	-7.190954e-17	0	315.26868
3.2200000000000695e-10	0.14823742	-0.00028112408	0.9889382	-7.1909544e-17	0	315.26868
3.22100000000007e-10	0.1482436	-0.0002871102	0.98893726	-7.1909544e-17	0	315.26868
3.22200000000007e-10	0.14824988	-0.00029296597	0.98893636	-7.190955e-17	0	315.26868
3.2230000000000705e-10	0.14825624	-0.0002986898	0.9889354	-7.1909544e-17	0	315.26868
3.224000000000071e-10	0.14826271	-0.0003042809	0.9889344	-7.1909544e-17	0	315.26868
3.225000000000071e-10	0.14826924	-0.00030973786	0.9889333	-7.190953e-17	0	315.26868
3.2260000000000714e-10	0.14827588	-0.0003150596	0.9889324	-7.1909544e-17	0	315.26868
3.2270000000000717e-10	0.14828257	-0.00032024493	0.9889313	-7.190954e-17	0	315.26868
3.228000000000072e-10	0.14828935	-0.0003252929	0.9889303	-7.190955e-17	0	315.26868
3.2290000000000723e-10	0.14829619	-0.0003302024	0.98892933	-7.190955e-17	0	315.26868
3.2300000000000726e-10	0.14830315	-0.00033497254	0.98892826	-7.190955e-17	0	315.26868
3.231000000000073e-10	0.14831012	-0.0003396025	0.98892725	-7.1909544e-17	0	315.26868
3.232000000000073e-10	0.14831719	-0.00034409136	0.9889261	-7.1909564e-17	0	315.26868
3.2330000000000735e-10	0.1483243	-0.0003484384	0.9889251	-7.190957e-17	0	315.26868
3.234000000000074e-10	0.14833146	-0.00035264294	0.988924	-7.190956e-17	0	315.26868
3.235000000000074e-10	0.1483387	-0.00035670438	0.98892295	-7.1909544e-17	0	315.26868
3.2360000000000744e-10	0.14834599	-0.0003606222	0.9889218	-7.190956e-17	0	315.26868
3.237000000000075e-10	0.14835332	-0.00036439573	0.9889208	-7.190956e-17	0	315.26868
3.238000000000075e-10	0.14836068	-0.00036802446	0.98891973	-7.190955e-17	0	315.26868
3.2390000000000754e-10	0.14836814	-0.000371508	0.9889185	-7.190953e-17	0	315.26868
3.2400000000000757e-10	0.1483756	-0.000374846	0.9889174	-7.190954e-17	0	315.26868
3.241000000000076e-10	0.14838311	-0.00037803795	0.9889162	-7.190955e-17	0	315.26868
3.2420000000000763e-10	0.14839065	-0.00038108366	0.98891515	-7.190956e-17	0	315.26868
3.2430000000000766e-10	0.14839822	-0.00038398284	0.988914	-7.190956e-17	0	315.26868
3.244000000000077e-10	0.14840585	-0.00038673528	0.98891276	-7.1909544e-17	0	315.26868
3.245000000000077e-10	0.14841348	-0.0003893408	0.9889117	-7.190954e-17	0	315.26868
3.2460000000000775e-10	0.14842114	-0.00039179937	0.9889105	-7.190956e-17	0	315.26868
3.247000000000078e-10	0.14842883	-0.00039411098	0.9889094	-7.190955e-17	0	315.26868
3.248000000000078e-10	0.14843655	-0.00039627546	0.9889081	-7.190955e-17	0	315.26868
3.2490000000000784e-10	0.14844427	-0.0003982928	0.98890704	-7.190955e-17	0	315.26868
3.2500000000000787e-10	0.14845203	-0.00040016335	0.98890585	-7.1909544e-17	0	315.26868
3.251000000000079e-10	0.14845976	-0.00040188726	0.9889047	-7.1909544e-17	0	315.26868
3.2520000000000793e-10	0.14846754	-0.00040346466	0.9889035	-7.190956e-17	0	315.26868
3.2530000000000797e-10	0.1484753	-0.0004048958	0.98890233	-7.190955e-17	0	315.26868
3.25400000000008e-10	0.1484831	-0.00040618106	0.98890114	-7.1909544e-17	0	315.26868
3.2550000000000803e-10	0.14849088	-0.00040732068	0.98889995	-7.1909544e-17	0	315.26868
3.2560000000000806e-10	0.14849864	-0.0004083151	0.9888988	-7.1909544e-17	0	315.26868
3.257000000000081e-10	0.14850642	-0.00040916476	0.9888977	-7.190956e-17	0	315.26868
3.258000000000081e-10	0.14851418	-0.0004098703	0.9888965	-7.190955e-17	0	315.26868
3.2590000000000815e-10	0.14852193	-0.00041043214	0.9888953	-7.190955e-17	0	315.26868
3.260000000000082e-10	0.14852968	-0.0004108509	0.9888942	-7.1909544e-17	0	315.26868
3.261000000000082e-10	0.1485374	-0.0004111273	0.98889303	-7.190955e-17	0	315.26868
3.2620000000000824e-10	0.14854509	-0.00041126198	0.98889184	-7.1909564e-17	0	315.26868
3.2630000000000827e-10	0.14855279	-0.00041125578	0.9888906	-7.190956e-17	0	315.26868
3.264000000000083e-10	0.14856045	-0.0004111094	0.9888895	-7.190958e-17	0	315.26868
3.2650000000000833e-10	0.14856811	-0.00041082362	0.98888844	-7.1909564e-17	0	315.26868
3.2660000000000836e-10	0.14857572	-0.00041039923	0.9888872	-7.190956e-17	0	315.26868
3.267000000000084e-10	0.1485833	-0.0004098373	0.9888861	-7.190955e-17	0	315.26868
3.268000000000084e-10	0.14859085	-0.0004091387	0.9888849	-7.1909544e-17	0	315.26868
3.2690000000000846e-10	0.14859837	-0.00040830445	0.98888385	-7.190956e-17	0	315.26868
3.270000000000085e-10	0.14860585	-0.00040733546	0.9888828	-7.1909544e-17	0	315.26868
3.271000000000085e-10	0.14861327	-0.0004062329	0.9888815	-7.190953e-17	0	315.26868
3.2720000000000855e-10	0.1486207	-0.00040499796	0.98888046	-7.190955e-17	0	315.26868
3.273000000000086e-10	0.14862804	-0.00040363165	0.9888794	-7.1909544e-17	0	315.26868
3.274000000000086e-10	0.14863536	-0.00040213525	0.9888782	-7.190954e-17	0	315.26868
3.2750000000000864e-10	0.14864261	-0.00040050986	0.9888772	-7.190956e-17	0	315.26868
3.2760000000000867e-10	0.14864983	-0.00039875676	0.98887616	-7.1909544e-17	0	315.26868
3.277000000000087e-10	0.14865698	-0.0003968773	0.9888751	-7.190954e-17	0	315.26868
3.2780000000000873e-10	0.1486641	-0.00039487288	0.98887384	-7.190955e-17	0	315.26868
3.2790000000000876e-10	0.14867114	-0.00039274467	0.9888729	-7.1909544e-17	0	315.26868
3.280000000000088e-10	0.14867812	-0.00039049427	0.9888719	-7.190955e-17	0	315.26868
3.281000000000088e-10	0.14868504	-0.00038812315	0.98887074	-7.190955e-17	0	315.26868
3.2820000000000885e-10	0.1486919	-0.00038563277	0.98886967	-7.190956e-17	0	315.26868
3.283000000000089e-10	0.14869869	-0.0003830247	0.98886865	-7.190955e-17	0	315.26868
3.284000000000089e-10	0.14870542	-0.00038030042	0.98886764	-7.190957e-17	0	315.26868
3.2850000000000895e-10	0.14871208	-0.0003774614	0.9888667	-7.190955e-17	0	315.26868
3.28600000000009e-10	0.14871867	-0.00037450937	0.9888656	-7.1909564e-17	0	315.26868
3.28700000000009e-10	0.14872518	-0.00037144596	0.9888648	-7.190955e-17	0	315.26868
3.2880000000000904e-10	0.1487316	-0.00036827286	0.98886377	-7.190954e-17	0	315.26868
3.2890000000000907e-10	0.148738	-0.00036499163	0.9888628	-7.190956e-17	0	315.26868
3.290000000000091e-10	0.14874426	-0.00036160412	0.98886186	-7.190956e-17	0	315.26868
3.2910000000000913e-10	0.14875047	-0.00035811204	0.9888609	-7.1909544e-17	0	315.26868
3.2920000000000916e-10	0.1487566	-0.00035451722	0.98886	-7.190954e-17	0	315.26868
3.293000000000092e-10	0.14876264	-0.0003508213	0.9888591	-7.190954e-17	0	315.26868
3.294000000000092e-10	0.14876857	-0.00034702607	0.98885816	-7.190954e-17	0	315.26868
3.2950000000000925e-10	0.14877446	-0.0003431334	0.98885727	-7.1909544e-17	0	315.26868
3.296000000000093e-10	0.14878023	-0.00033914525	0.98885643	-7.1909544e-17	0	315.26868
3.297000000000093e-10	0.14878592	-0.00033506338	0.98885566	-7.190956e-17	0	315.26868
3.2980000000000935e-10	0.14879152	-0.00033088974	0.9888547	-7.1909564e-17	0	315.26868
3.299000000000094e-10	0.148797	-0.00032662635	0.98885393	-7.190957e-17	0	315.26868
3.300000000000094e-10	0.14880243	-0.0003222752	0.98885304	-7.190958e-17	0	315.26868
3.3010000000000944e-10	0.14880773	-0.00031783825	0.9888523	-7.190954e-17	0	315.26868
3.3020000000000947e-10	0.14881296	-0.00031331752	0.9888515	-7.1909544e-17	0	315.26868
3.303000000000095e-10	0.14881809	-0.00030871516	0.9888507	-7.190954e-17	0	315.26868
3.3040000000000953e-10	0.1488231	-0.00030403296	0.98885	-7.1909564e-17	0	315.26868
3.3050000000000956e-10	0.14882803	-0.0002992731	0.9888492	-7.1909544e-17	0	315.26868
3.306000000000096e-10	0.14883284	-0.00029443737	0.98884857	-7.1909524e-17	0	315.26868
3.307000000000096e-10	0.14883758	-0.0002895279	0.98884773	-7.190955e-17	0	315.26868
3.3080000000000965e-10	0.14884219	-0.0002845468	0.98884714	-7.1909564e-17	0	315.26868
3.309000000000097e-10	0.14884672	-0.0002794961	0.9888464	-7.190956e-17	0	315.26868
3.310000000000097e-10	0.14885114	-0.0002743779	0.9888457	-7.190956e-17	0	315.26868
3.3110000000000974e-10	0.14885545	-0.0002691943	0.98884517	-7.190956e-17	0	315.26868
3.312000000000098e-10	0.14885965	-0.0002639473	0.98884445	-7.190956e-17	0	315.26868
3.313000000000098e-10	0.14886375	-0.00025863916	0.9888438	-7.190956e-17	0	315.26868
3.3140000000000984e-10	0.14886776	-0.00025327195	0.9888433	-7.190956e-17	0	315.26868
3.3150000000000987e-10	0.14887162	-0.0002478477	0.9888426	-7.190956e-17	0	315.26868
3.316000000000099e-10	0.1488754	-0.00024236868	0.98884207	-7.190957e-17	0	315.26868
3.3170000000000993e-10	0.14887907	-0.00023683712	0.9888415	-7.190957e-17	0	315.26868
3.3180000000000996e-10	0.14888343	-0.00023672155	0.9888409	-7.170366e-17	0	313.81567
3.3190000000001e-10	0.14888865	-0.0002419781	0.9888401	-7.170365e-17	0	313.81567
3.3200000000001e-10	0.14889397	-0.0002471245	0.98883927	-7.170365e-17	0	313.81567
3.3210000000001005e-10	0.14889933	-0.00025215952	0.9888383	-7.1703675e-17	0	313.81567
3.322000000000101e-10	0.1489048	-0.00025708202	0.98883766	-7.1703675e-17	0	313.81567
3.323000000000101e-10	0.14891034	-0.0002618912	0.98883677	-7.170366e-17	0	313.81567
3.3240000000001014e-10	0.14891593	-0.0002665858	0.98883593	-7.1703655e-17	0	313.81567
3.3250000000001017e-10	0.14892162	-0.00027116475	0.9888351	-7.170366e-17	0	313.81567
3.326000000000102e-10	0.14892736	-0.00027562724	0.9888342	-7.170366e-17	0	313.81567
3.3270000000001024e-10	0.14893317	-0.0002799723	0.9888333	-7.170366e-17	0	313.81567
3.3280000000001027e-10	0.14893906	-0.0002841991	0.9888325	-7.1703675e-17	0	313.81567
3.329000000000103e-10	0.14894497	-0.00028830685	0.9888316	-7.170366e-17	0	313.81567
3.3300000000001033e-10	0.148951	-0.00029229492	0.9888306	-7.170366e-17	0	313.81567
3.3310000000001036e-10	0.14895701	-0.0002961625	0.98882973	-7.170367e-17	0	313.81567
3.332000000000104e-10	0.14896312	-0.00029990904	0.98882884	-7.1703675e-17	0	313.81567
3.333000000000104e-10	0.14896926	-0.00030353392	0.9888279	-7.170365e-17	0	313.81567
3.3340000000001045e-10	0.14897545	-0.00030703642	0.98882693	-7.1703675e-17	0	313.81567
3.335000000000105e-10	0.1489817	-0.00031041616	0.9888259	-7.170365e-17	0	313.81567
3.336000000000105e-10	0.14898801	-0.0003136727	0.988825	-7.170365e-17	0	313.81567
3.3370000000001054e-10	0.14899431	-0.00031680567	0.988824	-7.1703655e-17	0	313.81567
3.3380000000001057e-10	0.14900066	-0.0003198146	0.98882306	-7.170365e-17	0	313.81567
3.339000000000106e-10	0.14900708	-0.00032269894	0.9888221	-7.1703655e-17	0	313.81567
3.3400000000001063e-10	0.14901352	-0.00032545847	0.98882115	-7.170367e-17	0	313.81567
3.3410000000001066e-10	0.14901997	-0.00032809319	0.98882025	-7.1703655e-17	0	313.81567
3.342000000000107e-10	0.14902647	-0.00033060263	0.9888193	-7.1703675e-17	0	313.81567
3.3430000000001073e-10	0.14903301	-0.00033298664	0.9888183	-7.1703655e-17	0	313.81567
3.3440000000001076e-10	0.14903957	-0.00033524528	0.9888173	-7.1703655e-17	0	313.81567
3.345000000000108e-10	0.14904612	-0.00033737812	0.98881626	-7.170366e-17	0	313.81567
3.346000000000108e-10	0.14905272	-0.0003393854	0.9888153	-7.170366e-17	0	313.81567
3.3470000000001085e-10	0.14905934	-0.00034126686	0.9888143	-7.170367e-17	0	313.81567
3.348000000000109e-10	0.14906597	-0.0003430227	0.9888133	-7.170368e-17	0	313.81567
3.349000000000109e-10	0.1490726	-0.00034465292	0.98881227	-7.1703675e-17	0	313.81567
3.3500000000001094e-10	0.14907925	-0.00034615793	0.9888112	-7.170367e-17	0	313.81567
3.3510000000001097e-10	0.14908591	-0.00034753754	0.98881024	-7.1703655e-17	0	313.81567
3.35200000000011e-10	0.14909257	-0.00034879227	0.9888092	-7.1703675e-17	0	313.81567
3.3530000000001103e-10	0.14909923	-0.00034992216	0.9888083	-7.1703675e-17	0	313.81567
3.3540000000001106e-10	0.14910592	-0.00035092782	0.98880726	-7.1703675e-17	0	313.81567
3.355000000000111e-10	0.14911258	-0.00035180914	0.9888062	-7.1703655e-17	0	313.81567
3.356000000000111e-10	0.14911923	-0.00035256695	0.98880523	-7.170367e-17	0	313.81567
3.3570000000001116e-10	0.14912589	-0.0003532013	0.98880416	-7.170366e-17	0	313.81567
3.358000000000112e-10	0.14913255	-0.00035371282	0.9888032	-7.170365e-17	0	313.81567
3.359000000000112e-10	0.1491392	-0.00035410206	0.9888022	-7.170367e-17	0	313.81567
3.3600000000001125e-10	0.14914581	-0.00035436952	0.98880124	-7.170369e-17	0	313.81567
3.361000000000113e-10	0.14915241	-0.0003545158	0.9888002	-7.170364e-17	0	313.81567
3.362000000000113e-10	0.149159	-0.00035454147	0.9887993	-7.170367e-17	0	313.81567
3.3630000000001134e-10	0.14916559	-0.00035444714	0.9887982	-7.170366e-17	0	313.81567
3.3640000000001137e-10	0.14917214	-0.0003542335	0.98879725	-7.1703675e-17	0	313.81567
3.365000000000114e-10	0.1491787	-0.00035390127	0.9887962	-7.170367e-17	0	313.81567
3.3660000000001143e-10	0.1491852	-0.000353451	0.9887952	-7.170367e-17	0	313.81567
3.3670000000001146e-10	0.14919169	-0.00035288383	0.9887942	-7.170367e-17	0	313.81567
3.368000000000115e-10	0.14919814	-0.00035220044	0.98879325	-7.1703655e-17	0	313.81567
3.369000000000115e-10	0.14920457	-0.00035140166	0.98879224	-7.1703675e-17	0	313.81567
3.3700000000001155e-10	0.14921096	-0.0003504885	0.9887913	-7.1703675e-17	0	313.81567
3.371000000000116e-10	0.14921734	-0.0003494619	0.9887904	-7.170367e-17	0	313.81567
3.372000000000116e-10	0.14922366	-0.0003483226	0.98878944	-7.170367e-17	0	313.81567
3.3730000000001165e-10	0.14922994	-0.00034707182	0.9887884	-7.170367e-17	0	313.81567
3.374000000000117e-10	0.14923619	-0.00034571034	0.9887875	-7.170366e-17	0	313.81567
3.375000000000117e-10	0.14924239	-0.00034423938	0.9887866	-7.170368e-17	0	313.81567
3.3760000000001174e-10	0.14924856	-0.00034265994	0.9887857	-7.170366e-17	0	313.81567
3.3770000000001177e-10	0.14925466	-0.00034097314	0.98878473	-7.1703675e-17	0	313.81567
3.378000000000118e-10	0.14926073	-0.00033918026	0.98878384	-7.170366e-17	0	313.81567
3.3790000000001183e-10	0.14926675	-0.0003372823	0.9887829	-7.170366e-17	0	313.81567
3.3800000000001186e-10	0.14927271	-0.0003352804	0.9887819	-7.170368e-17	0	313.81567
3.381000000000119e-10	0.14927863	-0.000333176	0.9887811	-7.170367e-17	0	313.81567
3.382000000000119e-10	0.14928448	-0.0003309704	0.98878026	-7.170368e-17	0	313.81567
3.3830000000001195e-10	0.1492903	-0.00032866478	0.98877937	-7.170367e-17	0	313.81567
3.38400000000012e-10	0.14929603	-0.00032626052	0.98877853	-7.170366e-17	0	313.81567
3.38500000000012e-10	0.1493017	-0.00032375893	0.9887777	-7.170366e-17	0	313.81567
3.3860000000001204e-10	0.14930731	-0.00032116132	0.9887768	-7.170369e-17	0	313.81567
3.387000000000121e-10	0.14931285	-0.00031846945	0.9887759	-7.1703675e-17	0	313.81567
3.388000000000121e-10	0.14931834	-0.00031568485	0.988775	-7.170366e-17	0	313.81567
3.3890000000001214e-10	0.14932373	-0.00031280878	0.98877436	-7.170366e-17	0	313.81567
3.3900000000001217e-10	0.1493291	-0.000309843	0.98877347	-7.170366e-17	0	313.81567
3.391000000000122e-10	0.14933437	-0.00030678863	0.9887727	-7.1703675e-17	0	313.81567
3.3920000000001223e-10	0.14933957	-0.00030364728	0.9887719	-7.170367e-17	0	313.81567
3.3930000000001226e-10	0.14934471	-0.00030042056	0.9887711	-7.1703655e-17	0	313.81567
3.394000000000123e-10	0.14934978	-0.00029711012	0.9887703	-7.170367e-17	0	313.81567
3.395000000000123e-10	0.14935477	-0.00029371725	0.98876965	-7.170367e-17	0	313.81567
3.3960000000001235e-10	0.14935969	-0.00029024362	0.9887689	-7.170365e-17	0	313.81567
3.397000000000124e-10	0.14936455	-0.00028669083	0.9887681	-7.1703675e-17	0	313.81567
3.398000000000124e-10	0.1493693	-0.0002830605	0.9887674	-7.1703655e-17	0	313.81567
3.3990000000001244e-10	0.149374	-0.00027935428	0.9887667	-7.170366e-17	0	313.81567
3.400000000000125e-10	0.14937858	-0.0002755737	0.988766	-7.170367e-17	0	313.81567
3.401000000000125e-10	0.14938311	-0.00027172055	0.98876524	-7.170367e-17	0	313.81567
3.4020000000001254e-10	0.14938755	-0.00026779642	0.98876464	-7.170366e-17	0	313.81567
3.4030000000001257e-10	0.14939192	-0.00026380297	0.988764	-7.170369e-17	0	313.81567
3.404000000000126e-10	0.1493962	-0.00025974202	0.98876333	-7.170365e-17	0	313.81567
3.4050000000001263e-10	0.1494004	-0.00025561533	0.98876274	-7.170366e-17	0	313.81567
3.4060000000001266e-10	0.1494045	-0.0002514244	0.988762	-7.1703675e-17	0	313.81567
3.407000000000127e-10	0.14940852	-0.00024717124	0.9887614	-7.1703675e-17	0	313.81567
3.408000000000127e-10	0.14941245	-0.00024285745	0.9887609	-7.1703675e-17	0	313.81567
3.4090000000001275e-10	0.1494163	-0.00023848483	0.98876035	-7.170368e-17	0	313.81567
3.410000000000128e-10	0.14942005	-0.00023405533	0.9887599	-7.170369e-17	0	313.81567
3.411000000000128e-10	0.14942372	-0.00022957065	0.9887592	-7.170368e-17	0	313.81567
3.4120000000001284e-10	0.14942728	-0.0002250327	0.9887587	-7.170366e-17	0	313.81567
3.4130000000001287e-10	0.14943075	-0.00022044308	0.9887581	-7.170366e-17	0	313.81567
3.414000000000129e-10	0.14943415	-0.00021580383	0.9887576	-7.1703675e-17	0	313.81567
3.4150000000001293e-10	0.14943741	-0.00021111681	0.98875713	-7.170368e-17	0	313.81567
3.4160000000001297e-10	0.14944059	-0.00020638404	0.98875666	-7.170368e-17	0	313.81567
3.41700000000013e-10	0.14944367	-0.00020160744	0.98875624	-7.1703675e-17	0	313.81567
3.4180000000001303e-10	0.14944741	-0.00020173841	0.9887556	-7.1517546e-17	0	312.50095
3.4190000000001306e-10	0.14945194	-0.00020673728	0.9887549	-7.151755e-17	0	312.50095
3.420000000000131e-10	0.14945656	-0.00021163959	0.9887542	-7.151754e-17	0	312.50095
3.421000000000131e-10	0.14946124	-0.00021644423	0.9887535	-7.151755e-17	0	312.50095
3.4220000000001315e-10	0.149466	-0.00022115011	0.9887527	-7.151753e-17	0	312.50095
3.423000000000132e-10	0.1494708	-0.00022575622	0.9887521	-7.1517546e-17	0	312.50095
3.424000000000132e-10	0.1494757	-0.00023026172	0.9887513	-7.1517546e-17	0	312.50095
3.4250000000001324e-10	0.14948067	-0.00023466547	0.9887506	-7.151754e-17	0	312.50095
3.4260000000001327e-10	0.14948569	-0.00023896658	0.9887498	-7.151753e-17	0	312.50095
3.427000000000133e-10	0.14949077	-0.00024316428	0.9887489	-7.1517546e-17	0	312.50095
3.4280000000001333e-10	0.14949591	-0.00024725765	0.98874825	-7.151753e-17	0	312.50095
3.4290000000001336e-10	0.14950113	-0.00025124606	0.9887474	-7.151755e-17	0	312.50095
3.430000000000134e-10	0.14950639	-0.00025512857	0.98874664	-7.151754e-17	0	312.50095
3.431000000000134e-10	0.14951172	-0.00025890462	0.9887459	-7.151753e-17	0	312.50095
3.4320000000001346e-10	0.14951706	-0.00026257336	0.98874503	-7.1517546e-17	0	312.50095
3.433000000000135e-10	0.1495225	-0.00026613427	0.9887442	-7.151755e-17	0	312.50095
3.434000000000135e-10	0.14952797	-0.0002695867	0.98874336	-7.1517546e-17	0	312.50095
3.4350000000001355e-10	0.14953347	-0.00027293008	0.98874253	-7.1517566e-17	0	312.50095
3.436000000000136e-10	0.14953904	-0.0002761639	0.98874164	-7.151754e-17	0	312.50095
3.437000000000136e-10	0.14954464	-0.00027928755	0.98874086	-7.151753e-17	0	312.50095
3.4380000000001364e-10	0.14955029	-0.0002823007	0.98874	-7.151755e-17	0	312.50095
3.4390000000001367e-10	0.149556	-0.0002852026	0.98873913	-7.151755e-17	0	312.50095
3.440000000000137e-10	0.14956172	-0.000287993	0.98873824	-7.151755e-17	0	312.50095
3.4410000000001373e-10	0.14956748	-0.0002906715	0.98873734	-7.1517546e-17	0	312.50095
3.4420000000001376e-10	0.14957328	-0.00029323794	0.98873645	-7.151754e-17	0	312.50095
3.443000000000138e-10	0.14957911	-0.00029569204	0.9887357	-7.151753e-17	0	312.50095
3.444000000000138e-10	0.14958495	-0.0002980335	0.98873484	-7.151754e-17	0	312.50095
3.4450000000001385e-10	0.14959082	-0.00030026207	0.9887339	-7.151754e-17	0	312.50095
3.446000000000139e-10	0.14959675	-0.00030237774	0.988733	-7.151753e-17	0	312.50095
3.447000000000139e-10	0.14960268	-0.00030438032	0.98873204	-7.151755e-17	0	312.50095
3.4480000000001395e-10	0.14960863	-0.0003062697	0.98873115	-7.151753e-17	0	312.50095
3.44900000000014e-10	0.14961459	-0.00030804588	0.9887302	-7.151755e-17	0	312.50095
3.45000000000014e-10	0.14962055	-0.00030970888	0.98872936	-7.151756e-17	0	312.50095
3.4510000000001404e-10	0.14962655	-0.0003112588	0.98872846	-7.151755e-17	0	312.50095
3.4520000000001407e-10	0.14963256	-0.00031269563	0.9887275	-7.151753e-17	0	312.50095
3.453000000000141e-10	0.14963856	-0.0003140196	0.98872656	-7.1517526e-17	0	312.50095
3.4540000000001413e-10	0.14964458	-0.00031523086	0.98872566	-7.1517546e-17	0	312.50095
3.4550000000001416e-10	0.1496506	-0.00031632948	0.9887247	-7.1517546e-17	0	312.50095
3.456000000000142e-10	0.14965664	-0.00031731577	0.9887239	-7.151756e-17	0	312.50095
3.457000000000142e-10	0.14966266	-0.00031819008	0.9887229	-7.151756e-17	0	312.50095
3.4580000000001425e-10	0.1496687	-0.0003189526	0.98872197	-7.1517566e-17	0	312.50095
3.459000000000143e-10	0.1496747	-0.00031960395	0.9887211	-7.151753e-17	0	312.50095
3.460000000000143e-10	0.14968072	-0.0003201444	0.9887201	-7.151755e-17	0	312.50095
3.4610000000001435e-10	0.14968671	-0.00032057439	0.9887192	-7.1517546e-17	0	312.50095
3.462000000000144e-10	0.14969273	-0.00032089453	0.9887183	-7.1517546e-17	0	312.50095
3.463000000000144e-10	0.1496987	-0.00032110512	0.9887175	-7.1517546e-17	0	312.50095
3.4640000000001444e-10	0.14970468	-0.00032120667	0.9887166	-7.1517526e-17	0	312.50095
3.4650000000001447e-10	0.14971064	-0.00032119977	0.9887157	-7.151756e-17	0	312.50095
3.466000000000145e-10	0.14971657	-0.0003210851	0.98871475	-7.151754e-17	0	312.50095
3.4670000000001453e-10	0.1497225	-0.00032086327	0.98871386	-7.151753e-17	0	312.50095
3.4680000000001456e-10	0.14972839	-0.00032053477	0.988713	-7.1517546e-17	0	312.50095
3.469000000000146e-10	0.14973429	-0.00032010034	0.9887121	-7.151756e-17	0	312.50095
3.470000000000146e-10	0.14974016	-0.00031956058	0.9887112	-7.151755e-17	0	312.50095
3.4710000000001465e-10	0.14974597	-0.00031891634	0.9887103	-7.151754e-17	0	312.50095
3.472000000000147e-10	0.14975177	-0.00031816843	0.98870933	-7.1517546e-17	0	312.50095
3.473000000000147e-10	0.14975755	-0.00031731772	0.98870856	-7.151756e-17	0	312.50095
3.4740000000001474e-10	0.14976327	-0.00031636516	0.9887077	-7.151755e-17	0	312.50095
3.475000000000148e-10	0.14976898	-0.0003153115	0.9887068	-7.151756e-17	0	312.50095
3.476000000000148e-10	0.14977464	-0.00031415766	0.988706	-7.1517566e-17	0	312.50095
3.4770000000001484e-10	0.14978026	-0.0003129045	0.9887051	-7.151755e-17	0	312.50095
3.4780000000001487e-10	0.14978585	-0.0003115532	0.98870426	-7.151756e-17	0	312.50095
3.479000000000149e-10	0.14979139	-0.00031010486	0.98870337	-7.151756e-17	0	312.50095
3.4800000000001493e-10	0.14979689	-0.0003085603	0.9887026	-7.151756e-17	0	312.50095
3.4810000000001496e-10	0.14980234	-0.00030692073	0.98870176	-7.1517546e-17	0	312.50095
3.48200000000015e-10	0.14980775	-0.0003051873	0.98870087	-7.151753e-17	0	312.50095
3.48300000000015e-10	0.14981312	-0.00030336095	0.9887001	-7.151755e-17	0	312.50095
3.4840000000001505e-10	0.14981844	-0.000301443	0.9886993	-7.151755e-17	0	312.50095
3.485000000000151e-10	0.1498237	-0.00029943432	0.9886985	-7.151755e-17	0	312.50095
3.486000000000151e-10	0.14982891	-0.00029733614	0.9886977	-7.151754e-17	0	312.50095
3.4870000000001514e-10	0.14983407	-0.00029514983	0.9886968	-7.1517546e-17	0	312.50095
3.4880000000001517e-10	0.14983918	-0.00029287633	0.9886962	-7.151756e-17	0	312.50095
3.489000000000152e-10	0.14984423	-0.0002905171	0.9886953	-7.151756e-17	0	312.50095
3.4900000000001524e-10	0.14984924	-0.00028807326	0.9886947	-7.151753e-17	0	312.50095
3.4910000000001527e-10	0.14985417	-0.00028554606	0.9886939	-7.1517546e-17	0	312.50095
3.492000000000153e-10	0.14985906	-0.00028293688	0.9886931	-7.1517526e-17	0	312.50095
3.4930000000001533e-10	0.14986388	-0.00028024684	0.9886924	-7.151755e-17	0	312.50095
3.4940000000001536e-10	0.14986865	-0.00027747746	0.9886917	-7.151752e-17	0	312.50095
3.495000000000154e-10	0.14987335	-0.00027462997	0.9886911	-7.151756e-17	0	312.50095
3.496000000000154e-10	0.14987797	-0.00027170582	0.98869026	-7.151755e-17	0	312.50095
3.4970000000001545e-10	0.14988253	-0.00026870624	0.98868966	-7.151755e-17	0	312.50095
3.498000000000155e-10	0.14988704	-0.00026563276	0.9886888	-7.1517546e-17	0	312.50095
3.499000000000155e-10	0.14989147	-0.0002624869	0.98868823	-7.151755e-17	0	312.50095
3.5000000000001554e-10	0.14989585	-0.00025926984	0.9886875	-7.151755e-17	0	312.50095
3.5010000000001557e-10	0.14990012	-0.0002559832	0.9886869	-7.151756e-17	0	312.50095
3.502000000000156e-10	0.14990437	-0.0002526284	0.9886863	-7.151755e-17	0	312.50095
3.5030000000001563e-10	0.14990851	-0.00024920702	0.9886856	-7.151753e-17	0	312.50095
3.5040000000001566e-10	0.1499126	-0.00024572044	0.9886851	-7.1517546e-17	0	312.50095
3.505000000000157e-10	0.1499166	-0.00024217006	0.9886844	-7.1517546e-17	0	312.50095
3.506000000000157e-10	0.14992054	-0.00023855767	0.98868376	-7.151755e-17	0	312.50095
3.5070000000001576e-10	0.1499244	-0.00023488469	0.9886832	-7.1517546e-17	0	312.50095
3.508000000000158e-10	0.14992817	-0.00023115275	0.9886827	-7.1517566e-17	0	312.50095
3.509000000000158e-10	0.14993186	-0.00022736334	0.98868203	-7.151755e-17	0	312.50095
3.5100000000001585e-10	0.14993548	-0.0002235182	0.9886815	-7.1517546e-17	0	312.50095
3.511000000000159e-10	0.14993903	-0.00021961879	0.988681	-7.1517526e-17	0	312.50095
3.512000000000159e-10	0.14994249	-0.00021566649	0.9886805	-7.1517546e-17	0	312.50095
3.5130000000001594e-10	0.14994586	-0.00021166325	0.98868	-7.1517566e-17	0	312.50095
3.5140000000001597e-10	0.14994916	-0.0002076106	0.9886795	-7.151755e-17	0	312.50095
3.51500000000016e-10	0.14995234	-0.00020351043	0.988679	-7.1517546e-17	0	312.50095
3.5160000000001603e-10	0.14995548	-0.00019936437	0.9886785	-7.151755e-17	0	312.50095
3.5170000000001606e-10	0.14995852	-0.00019517409	0.98867804	-7.151755e-17	0	312.50095
3.518000000000161e-10	0.14996214	-0.0001954216	0.98867744	-7.1349364e-17	0	311.3113
3.519000000000161e-10	0.1499665	-0.000200071	0.98867685	-7.134935e-17	0	311.3113
3.5200000000001616e-10	0.14997092	-0.00020462838	0.9886762	-7.1349384e-17	0	311.3113
3.521000000000162e-10	0.14997539	-0.00020909298	0.9886754	-7.134934e-17	0	311.3113
3.522000000000162e-10	0.14997995	-0.0002134637	0.9886748	-7.1349364e-17	0	311.3113
3.5230000000001625e-10	0.14998457	-0.0002177397	0.988674	-7.134935e-17	0	311.3113
3.524000000000163e-10	0.14998923	-0.00022192005	0.9886734	-7.1349364e-17	0	311.3113
3.525000000000163e-10	0.14999399	-0.0002260039	0.9886726	-7.1349344e-17	0	311.3113
3.5260000000001634e-10	0.14999878	-0.00022999037	0.9886719	-7.134936e-17	0	311.3113
3.5270000000001637e-10	0.15000364	-0.00023387864	0.98867106	-7.134936e-17	0	311.3113
3.528000000000164e-10	0.15000856	-0.0002376681	0.98867035	-7.134936e-17	0	311.3113
3.5290000000001643e-10	0.15001352	-0.00024135789	0.9886697	-7.1349364e-17	0	311.3113
3.5300000000001646e-10	0.15001854	-0.0002449474	0.98866886	-7.1349344e-17	0	311.3113
3.531000000000165e-10	0.1500236	-0.00024843603	0.9886681	-7.134935e-17	0	311.3113
3.532000000000165e-10	0.15002874	-0.0002518232	0.9886673	-7.134935e-17	0	311.3113
3.5330000000001655e-10	0.15003388	-0.00025510814	0.98866653	-7.1349344e-17	0	311.3113
3.534000000000166e-10	0.15003909	-0.00025829053	0.9886657	-7.1349344e-17	0	311.3113
3.535000000000166e-10	0.15004434	-0.00026136977	0.9886649	-7.134936e-17	0	311.3113
3.5360000000001665e-10	0.15004964	-0.00026434535	0.98866415	-7.134936e-17	0	311.3113
3.537000000000167e-10	0.15005493	-0.00026721688	0.9886633	-7.134936e-17	0	311.3113
3.538000000000167e-10	0.15006033	-0.00026998416	0.9886625	-7.134935e-17	0	311.3113
3.5390000000001674e-10	0.15006572	-0.00027264675	0.9886617	-7.1349344e-17	0	311.3113
3.5400000000001677e-10	0.15007114	-0.00027520428	0.9886609	-7.134935e-17	0	311.3113
3.541000000000168e-10	0.15007661	-0.00027765628	0.98866004	-7.134935e-17	0	311.3113
3.5420000000001683e-10	0.1500821	-0.00028000277	0.98865914	-7.134936e-17	0	311.3113
3.5430000000001686e-10	0.1500876	-0.00028224356	0.98865837	-7.134936e-17	0	311.3113
3.544000000000169e-10	0.15009314	-0.0002843784	0.98865753	-7.134935e-17	0	311.3113
3.545000000000169e-10	0.15009873	-0.00028640695	0.98865664	-7.1349344e-17	0	311.3113
3.5460000000001695e-10	0.15010433	-0.00028832906	0.98865575	-7.134935e-17	0	311.3113
3.54700000000017e-10	0.15010993	-0.00029014458	0.98865503	-7.1349364e-17	0	311.3113
3.54800000000017e-10	0.15011556	-0.00029185365	0.9886541	-7.1349344e-17	0	311.3113
3.5490000000001704e-10	0.15012123	-0.0002934561	0.98865324	-7.134935e-17	0	311.3113
3.550000000000171e-10	0.15012687	-0.00029495213	0.98865247	-7.134936e-17	0	311.3113
3.551000000000171e-10	0.15013254	-0.00029634172	0.9886515	-7.1349364e-17	0	311.3113
3.5520000000001714e-10	0.15013823	-0.00029762497	0.9886506	-7.134936e-17	0	311.3113
3.5530000000001717e-10	0.15014392	-0.0002988021	0.98864985	-7.1349364e-17	0	311.3113
3.554000000000172e-10	0.15014958	-0.00029987318	0.98864895	-7.134936e-17	0	311.3113
3.5550000000001723e-10	0.15015528	-0.00030083838	0.9886481	-7.134936e-17	0	311.3113
3.5560000000001726e-10	0.15016098	-0.0003016982	0.98864716	-7.1349364e-17	0	311.3113
3.557000000000173e-10	0.15016668	-0.00030245277	0.9886464	-7.134938e-17	0	311.3113
3.558000000000173e-10	0.15017237	-0.00030310245	0.98864543	-7.134936e-17	0	311.3113
3.5590000000001735e-10	0.15017806	-0.00030364763	0.98864454	-7.1349364e-17	0	311.3113
3.560000000000174e-10	0.15018374	-0.00030408864	0.98864365	-7.1349364e-17	0	311.3113
3.561000000000174e-10	0.1501894	-0.000304426	0.98864293	-7.1349364e-17	0	311.3113
3.5620000000001744e-10	0.15019506	-0.00030466015	0.98864204	-7.134936e-17	0	311.3113
3.563000000000175e-10	0.15020071	-0.0003047916	0.98864114	-7.134936e-17	0	311.3113
3.564000000000175e-10	0.15020634	-0.00030482074	0.9886403	-7.1349344e-17	0	311.3113
3.5650000000001754e-10	0.15021196	-0.00030474816	0.9886394	-7.1349344e-17	0	311.3113
3.5660000000001757e-10	0.15021756	-0.0003045744	0.9886385	-7.134936e-17	0	311.3113
3.567000000000176e-10	0.15022314	-0.00030430016	0.9886378	-7.134935e-17	0	311.3113
3.5680000000001763e-10	0.15022871	-0.00030392606	0.9886369	-7.1349364e-17	0	311.3113
3.5690000000001766e-10	0.15023425	-0.00030345263	0.988636	-7.1349344e-17	0	311.3113
3.570000000000177e-10	0.15023977	-0.00030288054	0.9886352	-7.134936e-17	0	311.3113
3.571000000000177e-10	0.15024525	-0.00030221086	0.9886344	-7.134935e-17	0	311.3113
3.5720000000001775e-10	0.1502507	-0.00030144418	0.9886335	-7.134935e-17	0	311.3113
3.573000000000178e-10	0.15025611	-0.0003005813	0.9886327	-7.134936e-17	0	311.3113
3.574000000000178e-10	0.15026152	-0.00029962318	0.9886318	-7.1349324e-17	0	311.3113
3.5750000000001784e-10	0.15026687	-0.00029857055	0.9886311	-7.134936e-17	0	311.3113
3.5760000000001787e-10	0.1502722	-0.0002974242	0.98863024	-7.134935e-17	0	311.3113
3.577000000000179e-10	0.1502775	-0.0002961851	0.9886294	-7.134936e-17	0	311.3113
3.5780000000001793e-10	0.15028274	-0.0002948542	0.98862857	-7.134934e-17	0	311.3113
3.5790000000001797e-10	0.15028796	-0.00029343236	0.98862785	-7.1349344e-17	0	311.3113
3.58000000000018e-10	0.15029313	-0.0002919206	0.9886271	-7.134935e-17	0	311.3113
3.5810000000001803e-10	0.15029827	-0.00029031982	0.98862636	-7.134937e-17	0	311.3113
3.5820000000001806e-10	0.15030336	-0.00028863116	0.9886255	-7.134935e-17	0	311.3113
3.583000000000181e-10	0.1503084	-0.00028685565	0.98862475	-7.1349364e-17	0	311.3113
3.584000000000181e-10	0.1503134	-0.00028499417	0.9886241	-7.134936e-17	0	311.3113
3.5850000000001815e-10	0.15031837	-0.00028304805	0.9886232	-7.134936e-17	0	311.3113
3.586000000000182e-10	0.15032327	-0.00028101815	0.9886225	-7.1349344e-17	0	311.3113
3.587000000000182e-10	0.15032814	-0.00027890567	0.9886217	-7.1349364e-17	0	311.3113
3.5880000000001824e-10	0.15033293	-0.0002767118	0.988621	-7.134936e-17	0	311.3113
3.5890000000001827e-10	0.15033768	-0.00027443754	0.9886203	-7.1349384e-17	0	311.3113
3.590000000000183e-10	0.15034239	-0.00027208417	0.9886195	-7.1349344e-17	0	311.3113
3.5910000000001833e-10	0.15034704	-0.0002696529	0.98861897	-7.134935e-17	0	311.3113
3.5920000000001836e-10	0.15035163	-0.00026714505	0.9886181	-7.1349344e-17	0	311.3113
3.593000000000184e-10	0.15035616	-0.00026456176	0.9886175	-7.134936e-17	0	311.3113
3.594000000000184e-10	0.15036063	-0.00026190432	0.9886168	-7.134937e-17	0	311.3113
3.5950000000001846e-10	0.15036504	-0.0002591739	0.9886161	-7.1349344e-17	0	311.3113
3.596000000000185e-10	0.1503694	-0.00025637186	0.98861545	-7.134938e-17	0	311.3113
3.597000000000185e-10	0.15037367	-0.0002534995	0.9886148	-7.134934e-17	0	311.3113
3.5980000000001855e-10	0.15037791	-0.0002505582	0.9886142	-7.134935e-17	0	311.3113
3.599000000000186e-10	0.15038207	-0.00024754924	0.9886134	-7.134937e-17	0	311.3113
3.600000000000186e-10	0.15038617	-0.00024447404	0.9886129	-7.134937e-17	0	311.3113
3.6010000000001864e-10	0.1503902	-0.00024133392	0.98861235	-7.134935e-17	0	311.3113
3.6020000000001867e-10	0.15039414	-0.00023813036	0.98861176	-7.1349364e-17	0	311.3113
3.603000000000187e-10	0.15039806	-0.00023486465	0.988611	-7.1349364e-17	0	311.3113
3.6040000000001873e-10	0.15040188	-0.00023153826	0.9886105	-7.1349344e-17	0	311.3113
3.6050000000001876e-10	0.15040565	-0.00022815258	0.9886099	-7.1349344e-17	0	311.3113
3.606000000000188e-10	0.15040933	-0.00022470905	0.9886094	-7.134937e-17	0	311.3113
3.607000000000188e-10	0.15041293	-0.00022120916	0.98860884	-7.134937e-17	0	311.3113
3.6080000000001885e-10	0.15041646	-0.00021765429	0.9886082	-7.134936e-17	0	311.3113
3.609000000000189e-10	0.15041992	-0.00021404617	0.9886077	-7.1349364e-17	0	311.3113
3.610000000000189e-10	0.1504233	-0.00021038609	0.9886072	-7.134935e-17	0	311.3113
3.6110000000001895e-10	0.15042663	-0.00020667573	0.9886067	-7.1349344e-17	0	311.3113
3.61200000000019e-10	0.15042986	-0.00020291653	0.9886062	-7.134936e-17	0	311.3113
3.61300000000019e-10	0.150433	-0.00019911028	0.98860574	-7.134934e-17	0	311.3113
3.6140000000001904e-10	0.15043607	-0.00019525841	0.98860526	-7.134937e-17	0	311.3113
3.6150000000001907e-10	0.15043905	-0.00019136252	0.98860484	-7.134937e-17	0	311.3113
3.616000000000191e-10	0.15044197	-0.00018742395	0.98860437	-7.134936e-17	0	311.3113
3.6170000000001913e-10	0.15044479	-0.00018344438	0.98860395	-7.1349364e-17	0	311.3113
3.6180000000001916e-10	0.15044817	-0.00018348222	0.9886035	-7.119728e-17	0	310.2349
3.619000000000192e-10	0.1504522	-0.00018750495	0.9886029	-7.11973e-17	0	310.2349
3.620000000000192e-10	0.15045628	-0.00019144386	0.9886023	-7.119729e-17	0	310.2349
3.6210000000001925e-10	0.15046042	-0.00019529813	0.98860157	-7.11973e-17	0	310.2349
3.622000000000193e-10	0.15046462	-0.00019906671	0.98860097	-7.11973e-17	0	310.2349
3.623000000000193e-10	0.15046887	-0.00020274907	0.98860025	-7.11973e-17	0	310.2349
3.6240000000001935e-10	0.15047318	-0.00020634456	0.98859966	-7.119729e-17	0	310.2349
3.625000000000194e-10	0.15047751	-0.00020985225	0.9885989	-7.1197295e-17	0	310.2349
3.626000000000194e-10	0.15048192	-0.00021327152	0.9885982	-7.1197295e-17	0	310.2349
3.6270000000001944e-10	0.15048636	-0.00021660174	0.98859763	-7.1197275e-17	0	310.2349
3.6280000000001947e-10	0.15049088	-0.0002198423	0.9885969	-7.1197295e-17	0	310.2349
3.629000000000195e-10	0.15049542	-0.00022299252	0.98859626	-7.119728e-17	0	310.2349
3.6300000000001953e-10	0.15050001	-0.00022605194	0.9885955	-7.11973e-17	0	310.2349
3.6310000000001956e-10	0.15050465	-0.00022901999	0.98859483	-7.11973e-17	0	310.2349
3.632000000000196e-10	0.15050931	-0.00023189618	0.98859406	-7.119728e-17	0	310.2349
3.633000000000196e-10	0.15051402	-0.00023468015	0.98859334	-7.11973e-17	0	310.2349
3.6340000000001965e-10	0.15051877	-0.00023737134	0.98859257	-7.1197295e-17	0	310.2349
3.635000000000197e-10	0.15052354	-0.00023996952	0.98859197	-7.1197275e-17	0	310.2349
3.636000000000197e-10	0.15052836	-0.00024247421	0.98859113	-7.119729e-17	0	310.2349
3.6370000000001974e-10	0.15053318	-0.0002448852	0.98859054	-7.1197315e-17	0	310.2349
3.638000000000198e-10	0.15053806	-0.0002472022	0.98858964	-7.119728e-17	0	310.2349
3.639000000000198e-10	0.15054296	-0.0002494249	0.9885889	-7.119728e-17	0	310.2349
3.6400000000001984e-10	0.1505479	-0.00025155293	0.9885882	-7.11973e-17	0	310.2349
3.6410000000001987e-10	0.15055285	-0.00025358642	0.98858744	-7.119727e-17	0	310.2349
3.642000000000199e-10	0.15055782	-0.00025552508	0.98858666	-7.119729e-17	0	310.2349
3.6430000000001993e-10	0.15056281	-0.00025736867	0.98858595	-7.119729e-17	0	310.2349
3.6440000000001996e-10	0.15056781	-0.0002591172	0.9885851	-7.1197275e-17	0	310.2349
3.6450000000002e-10	0.15057284	-0.00026077058	0.9885844	-7.119729e-17	0	310.2349
3.6460000000002e-10	0.1505779	-0.00026232874	0.98858356	-7.119728e-17	0	310.2349
3.6470000000002005e-10	0.15058297	-0.0002637917	0.98858285	-7.11973e-17	0	310.2349
3.648000000000201e-10	0.150588	-0.00026515947	0.9885821	-7.1197295e-17	0	310.2349
3.649000000000201e-10	0.15059309	-0.00026643233	0.9885813	-7.1197295e-17	0	310.2349
3.6500000000002014e-10	0.15059818	-0.0002676101	0.9885805	-7.119729e-17	0	310.2349
3.6510000000002017e-10	0.15060328	-0.00026869305	0.98857975	-7.1197275e-17	0	310.2349
3.652000000000202e-10	0.15060839	-0.00026968116	0.9885789	-7.119729e-17	0	310.2349
3.6530000000002023e-10	0.15061349	-0.00027057473	0.98857826	-7.1197295e-17	0	310.2349
3.6540000000002027e-10	0.1506186	-0.00027137378	0.98857737	-7.1197275e-17	0	310.2349
3.655000000000203e-10	0.1506237	-0.00027207867	0.98857653	-7.119731e-17	0	310.2349
3.6560000000002033e-10	0.1506288	-0.00027268965	0.9885759	-7.11973e-17	0	310.2349
3.6570000000002036e-10	0.15063389	-0.0002732071	0.988575	-7.119729e-17	0	310.2349
3.658000000000204e-10	0.150639	-0.00027363136	0.9885743	-7.1197275e-17	0	310.2349
3.659000000000204e-10	0.15064406	-0.0002739628	0.98857355	-7.1197295e-17	0	310.2349
3.6600000000002045e-10	0.15064916	-0.00027420168	0.9885727	-7.119728e-17	0	310.2349
3.661000000000205e-10	0.15065423	-0.0002743486	0.9885719	-7.119729e-17	0	310.2349
3.662000000000205e-10	0.15065928	-0.00027440392	0.98857117	-7.119729e-17	0	310.2349
3.6630000000002054e-10	0.15066433	-0.0002743683	0.98857033	-7.119729e-17	0	310.2349
3.6640000000002057e-10	0.15066935	-0.00027424202	0.9885697	-7.119729e-17	0	310.2349
3.665000000000206e-10	0.15067436	-0.00027402578	0.98856884	-7.119729e-17	0	310.2349
3.6660000000002063e-10	0.15067936	-0.00027371995	0.9885681	-7.119728e-17	0	310.2349
3.6670000000002066e-10	0.15068433	-0.0002733251	0.98856735	-7.11973e-17	0	310.2349
3.668000000000207e-10	0.15068929	-0.000272842	0.9885666	-7.1197295e-17	0	310.2349
3.669000000000207e-10	0.15069422	-0.00027227108	0.98856586	-7.11973e-17	0	310.2349
3.6700000000002076e-10	0.15069912	-0.00027161313	0.9885651	-7.119729e-17	0	310.2349
3.671000000000208e-10	0.15070401	-0.0002708687	0.9885643	-7.119728e-17	0	310.2349
3.672000000000208e-10	0.15070887	-0.00027003873	0.9885636	-7.119728e-17	0	310.2349
3.6730000000002085e-10	0.1507137	-0.00026912376	0.9885628	-7.119729e-17	0	310.2349
3.674000000000209e-10	0.15071851	-0.00026812466	0.98856217	-7.119729e-17	0	310.2349
3.675000000000209e-10	0.15072326	-0.000267042	0.9885614	-7.119729e-17	0	310.2349
3.6760000000002094e-10	0.150728	-0.00026587665	0.9885607	-7.119729e-17	0	310.2349
3.6770000000002097e-10	0.15073271	-0.0002646296	0.98855996	-7.1197295e-17	0	310.2349
3.67800000000021e-10	0.15073738	-0.00026330168	0.9885593	-7.119729e-17	0	310.2349
3.6790000000002103e-10	0.150742	-0.0002618937	0.98855853	-7.119729e-17	0	310.2349
3.6800000000002106e-10	0.1507466	-0.0002604064	0.9885578	-7.119729e-17	0	310.2349
3.681000000000211e-10	0.15075114	-0.00025884077	0.9885571	-7.119731e-17	0	310.2349
3.682000000000211e-10	0.15075566	-0.00025719777	0.98855656	-7.1197295e-17	0	310.2349
3.6830000000002116e-10	0.15076013	-0.0002554784	0.98855567	-7.119729e-17	0	310.2349
3.684000000000212e-10	0.15076457	-0.00025368363	0.98855513	-7.119729e-17	0	310.2349
3.685000000000212e-10	0.15076894	-0.0002518144	0.9885544	-7.1197295e-17	0	310.2349
3.6860000000002125e-10	0.15077329	-0.00024987175	0.9885537	-7.1197295e-17	0	310.2349
3.687000000000213e-10	0.15077758	-0.00024785675	0.9885531	-7.119728e-17	0	310.2349
3.688000000000213e-10	0.15078184	-0.00024577035	0.98855245	-7.119728e-17	0	310.2349
3.6890000000002134e-10	0.15078603	-0.00024361367	0.98855186	-7.119731e-17	0	310.2349
3.6900000000002137e-10	0.15079015	-0.00024138787	0.9885511	-7.119728e-17	0	310.2349
3.691000000000214e-10	0.15079425	-0.00023909392	0.98855054	-7.11973e-17	0	310.2349
3.6920000000002143e-10	0.1507983	-0.00023673305	0.98855	-7.1197295e-17	0	310.2349
3.6930000000002146e-10	0.1508023	-0.0002343063	0.9885494	-7.119729e-17	0	310.2349
3.694000000000215e-10	0.15080622	-0.00023181492	0.9885487	-7.119729e-17	0	310.2349
3.695000000000215e-10	0.15081012	-0.00022926003	0.9885481	-7.11973e-17	0	310.2349
3.6960000000002155e-10	0.15081392	-0.00022664269	0.98854756	-7.1197295e-17	0	310.2349
3.697000000000216e-10	0.15081769	-0.0002239642	0.988547	-7.119729e-17	0	310.2349
3.698000000000216e-10	0.15082142	-0.00022122577	0.9885464	-7.11973e-17	0	310.2349
3.6990000000002165e-10	0.15082505	-0.00021842867	0.98854584	-7.119729e-17	0	310.2349
3.700000000000217e-10	0.15082863	-0.00021557417	0.9885453	-7.11973e-17	0	310.2349
3.701000000000217e-10	0.15083216	-0.0002126635	0.9885448	-7.119729e-17	0	310.2349
3.7020000000002174e-10	0.15083562	-0.0002096978	0.9885443	-7.119728e-17	0	310.2349
3.7030000000002177e-10	0.15083903	-0.00020667848	0.9885438	-7.119729e-17	0	310.2349
3.704000000000218e-10	0.15084235	-0.00020360679	0.9885433	-7.119728e-17	0	310.2349
3.7050000000002183e-10	0.15084562	-0.00020048422	0.98854274	-7.11973e-17	0	310.2349
3.7060000000002186e-10	0.1508488	-0.00019731202	0.9885423	-7.119728e-17	0	310.2349
3.707000000000219e-10	0.15085194	-0.00019409163	0.9885418	-7.1197295e-17	0	310.2349
3.708000000000219e-10	0.150855	-0.0001908245	0.9885413	-7.119727e-17	0	310.2349
3.7090000000002195e-10	0.15085799	-0.00018751186	0.9885408	-7.11973e-17	0	310.2349
3.71000000000022e-10	0.15086089	-0.00018415508	0.9885404	-7.119728e-17	0	310.2349
3.71100000000022e-10	0.15086378	-0.0001807554	0.9885399	-7.119728e-17	0	310.2349
3.7120000000002204e-10	0.15086657	-0.00017731421	0.9885396	-7.1197295e-17	0	310.2349
3.713000000000221e-10	0.15086928	-0.00017383287	0.98853916	-7.119728e-17	0	310.2349
3.714000000000221e-10	0.15087195	-0.00017031272	0.98853874	-7.1197295e-17	0	310.2349
3.7150000000002214e-10	0.15087451	-0.00016675514	0.98853827	-7.119729e-17	0	310.2349
3.7160000000002217e-10	0.15087701	-0.00016316152	0.98853785	-7.11973e-17	0	310.2349
3.717000000000222e-10	0.15087947	-0.00015953316	0.98853755	-7.119733e-17	0	310.2349
3.7180000000002223e-10	0.1508824	-0.00015954435	0.9885371	-7.10598e-17	0	309.26093
3.7190000000002226e-10	0.15088588	-0.00016316572	0.98853654	-7.1059824e-17	0	309.26093
3.720000000000223e-10	0.15088947	-0.00016671352	0.988536	-7.1059804e-17	0	309.26093
3.721000000000223e-10	0.15089309	-0.00017018706	0.9885355	-7.1059804e-17	0	309.26093
3.7220000000002235e-10	0.15089674	-0.00017358577	0.9885349	-7.1059824e-17	0	309.26093
3.723000000000224e-10	0.15090048	-0.00017690883	0.9885342	-7.1059844e-17	0	309.26093
3.724000000000224e-10	0.15090425	-0.00018015542	0.9885337	-7.1059844e-17	0	309.26093
3.7250000000002244e-10	0.15090808	-0.00018332507	0.98853314	-7.105981e-17	0	309.26093
3.7260000000002247e-10	0.15091193	-0.00018641709	0.9885326	-7.105982e-17	0	309.26093
3.727000000000225e-10	0.15091585	-0.00018943097	0.98853207	-7.10598e-17	0	309.26093
3.7280000000002254e-10	0.15091981	-0.00019236594	0.98853135	-7.105981e-17	0	309.26093
3.7290000000002257e-10	0.15092379	-0.00019522166	0.98853076	-7.105981e-17	0	309.26093
3.730000000000226e-10	0.15092781	-0.0001979976	0.98853016	-7.105982e-17	0	309.26093
3.7310000000002263e-10	0.15093188	-0.00020069323	0.9885295	-7.1059804e-17	0	309.26093
3.7320000000002266e-10	0.15093601	-0.00020330815	0.9885289	-7.1059824e-17	0	309.26093
3.733000000000227e-10	0.15094015	-0.00020584173	0.98852825	-7.1059824e-17	0	309.26093
3.734000000000227e-10	0.15094432	-0.00020829373	0.9885276	-7.10598e-17	0	309.26093
3.7350000000002275e-10	0.15094852	-0.00021066394	0.988527	-7.105981e-17	0	309.26093
3.736000000000228e-10	0.15095277	-0.00021295183	0.98852634	-7.1059824e-17	0	309.26093
3.737000000000228e-10	0.15095703	-0.00021515712	0.9885256	-7.1059824e-17	0	309.26093
3.7380000000002284e-10	0.15096134	-0.00021727955	0.98852503	-7.105981e-17	0	309.26093
3.7390000000002287e-10	0.15096566	-0.00021931871	0.9885243	-7.1059824e-17	0	309.26093
3.740000000000229e-10	0.15097	-0.00022127456	0.98852366	-7.1059824e-17	0	309.26093
3.7410000000002293e-10	0.15097436	-0.00022314694	0.98852295	-7.1059824e-17	0	309.26093
3.7420000000002296e-10	0.15097871	-0.00022493562	0.9885224	-7.105981e-17	0	309.26093
3.74300000000023e-10	0.15098314	-0.00022664065	0.98852164	-7.105982e-17	0	309.26093
3.7440000000002303e-10	0.15098755	-0.00022826175	0.988521	-7.105982e-17	0	309.26093
3.7450000000002306e-10	0.15099199	-0.00022979875	0.98852015	-7.1059824e-17	0	309.26093
3.746000000000231e-10	0.15099648	-0.00023125163	0.98851955	-7.1059824e-17	0	309.26093
3.747000000000231e-10	0.15100095	-0.00023262024	0.988519	-7.10598e-17	0	309.26093
3.7480000000002315e-10	0.15100545	-0.00023390449	0.98851824	-7.105982e-17	0	309.26093
3.749000000000232e-10	0.15100995	-0.0002351045	0.9885176	-7.1059824e-17	0	309.26093
3.750000000000232e-10	0.15101445	-0.00023622034	0.98851687	-7.10598e-17	0	309.26093
3.7510000000002324e-10	0.15101895	-0.00023725211	0.98851615	-7.105981e-17	0	309.26093
3.7520000000002327e-10	0.15102346	-0.00023820002	0.98851544	-7.1059824e-17	0	309.26093
3.753000000000233e-10	0.15102798	-0.0002390642	0.9885148	-7.1059824e-17	0	309.26093
3.7540000000002333e-10	0.1510325	-0.00023984486	0.988514	-7.105982e-17	0	309.26093
3.7550000000002336e-10	0.15103702	-0.00024054229	0.98851347	-7.1059824e-17	0	309.26093
3.756000000000234e-10	0.15104154	-0.00024115667	0.9885127	-7.1059824e-17	0	309.26093
3.757000000000234e-10	0.15104605	-0.00024168813	0.98851204	-7.105983e-17	0	309.26093
3.7580000000002346e-10	0.15105058	-0.00024213704	0.9885113	-7.105982e-17	0	309.26093
3.759000000000235e-10	0.15105508	-0.00024250371	0.9885106	-7.1059824e-17	0	309.26093
3.760000000000235e-10	0.15105958	-0.0002427884	0.9885099	-7.1059824e-17	0	309.26093
3.7610000000002355e-10	0.15106408	-0.00024299145	0.9885093	-7.105983e-17	0	309.26093
3.762000000000236e-10	0.15106857	-0.00024311316	0.98850864	-7.105984e-17	0	309.26093
3.763000000000236e-10	0.15107307	-0.0002431539	0.98850787	-7.105985e-17	0	309.26093
3.7640000000002364e-10	0.15107754	-0.00024311405	0.9885072	-7.1059824e-17	0	309.26093
3.7650000000002367e-10	0.15108198	-0.00024299408	0.9885065	-7.105982e-17	0	309.26093
3.766000000000237e-10	0.15108642	-0.00024279457	0.98850584	-7.1059804e-17	0	309.26093
3.7670000000002373e-10	0.15109086	-0.00024251603	0.9885051	-7.105982e-17	0	309.26093
3.7680000000002376e-10	0.15109527	-0.00024215893	0.98850447	-7.105982e-17	0	309.26093
3.769000000000238e-10	0.15109962	-0.00024172387	0.98850393	-7.1059824e-17	0	309.26093
3.770000000000238e-10	0.151104	-0.00024121144	0.98850316	-7.105982e-17	0	309.26093
3.7710000000002385e-10	0.15110834	-0.0002406222	0.98850244	-7.105982e-17	0	309.26093
3.772000000000239e-10	0.15111266	-0.00023995675	0.9885018	-7.105984e-17	0	309.26093
3.773000000000239e-10	0.15111697	-0.00023921559	0.9885012	-7.1059804e-17	0	309.26093
3.7740000000002395e-10	0.15112126	-0.0002383994	0.9885005	-7.105981e-17	0	309.26093
3.77500000000024e-10	0.1511255	-0.00023750881	0.9884999	-7.105981e-17	0	309.26093
3.77600000000024e-10	0.15112972	-0.00023654458	0.9884992	-7.105983e-17	0	309.26093
3.7770000000002404e-10	0.1511339	-0.00023550738	0.98849857	-7.105981e-17	0	309.26093
3.7780000000002407e-10	0.15113807	-0.00023439799	0.98849803	-7.105981e-17	0	309.26093
3.779000000000241e-10	0.15114221	-0.00023321714	0.98849726	-7.1059824e-17	0	309.26093
3.7800000000002413e-10	0.1511463	-0.00023196553	0.98849666	-7.105984e-17	0	309.26093
3.7810000000002416e-10	0.15115038	-0.00023064399	0.9884961	-7.1059824e-17	0	309.26093
3.782000000000242e-10	0.1511544	-0.0002292534	0.9884955	-7.1059824e-17	0	309.26093
3.783000000000242e-10	0.15115839	-0.00022779463	0.98849475	-7.105982e-17	0	309.26093
3.7840000000002425e-10	0.15116234	-0.0002262684	0.9884942	-7.1059804e-17	0	309.26093
3.785000000000243e-10	0.15116626	-0.00022467556	0.9884936	-7.1059804e-17	0	309.26093
3.786000000000243e-10	0.15117015	-0.00022301702	0.98849297	-7.105981e-17	0	309.26093
3.7870000000002435e-10	0.15117398	-0.00022129371	0.9884924	-7.105981e-17	0	309.26093
3.788000000000244e-10	0.15117778	-0.00021950655	0.9884919	-7.105982e-17	0	309.26093
3.789000000000244e-10	0.15118155	-0.00021765633	0.9884912	-7.1059824e-17	0	309.26093
3.7900000000002444e-10	0.15118526	-0.00021574405	0.9884907	-7.105983e-17	0	309.26093
3.7910000000002447e-10	0.15118891	-0.0002137708	0.9884901	-7.1059824e-17	0	309.26093
3.792000000000245e-10	0.15119255	-0.00021173756	0.98848957	-7.1059804e-17	0	309.26093
3.7930000000002453e-10	0.15119612	-0.0002096451	0.9884891	-7.1059824e-17	0	309.26093
3.7940000000002456e-10	0.15119965	-0.00020749452	0.98848855	-7.105981e-17	0	309.26093
3.795000000000246e-10	0.15120313	-0.00020528698	0.9884881	-7.105982e-17	0	309.26093
3.796000000000246e-10	0.15120657	-0.00020302343	0.9884874	-7.1059824e-17	0	309.26093
3.7970000000002465e-10	0.15120994	-0.00020070483	0.98848695	-7.105984e-17	0	309.26093
3.798000000000247e-10	0.15121324	-0.00019833242	0.9884864	-7.105981e-17	0	309.26093
3.799000000000247e-10	0.1512165	-0.0001959074	0.98848593	-7.105981e-17	0	309.26093
3.8000000000002474e-10	0.15121973	-0.00019343093	0.98848546	-7.105984e-17	0	309.26093
3.801000000000248e-10	0.15122288	-0.0001909041	0.988485	-7.105981e-17	0	309.26093
3.802000000000248e-10	0.15122598	-0.00018832802	0.9884845	-7.1059824e-17	0	309.26093
3.8030000000002484e-10	0.15122902	-0.00018570366	0.988484	-7.105983e-17	0	309.26093
3.8040000000002487e-10	0.15123203	-0.00018303219	0.98848355	-7.1059824e-17	0	309.26093
3.805000000000249e-10	0.15123494	-0.00018031482	0.9884831	-7.105984e-17	0	309.26093
3.8060000000002493e-10	0.15123783	-0.00017755273	0.9884826	-7.105983e-17	0	309.26093
3.8070000000002496e-10	0.15124066	-0.00017474683	0.9884822	-7.105983e-17	0	309.26093
3.80800000000025e-10	0.15124343	-0.0001718985	0.98848176	-7.105981e-17	0	309.26093
3.80900000000025e-10	0.15124615	-0.00016900884	0.9884814	-7.105983e-17	0	309.26093
3.8100000000002505e-10	0.15124878	-0.00016607891	0.9884809	-7.105982e-17	0	309.26093
3.811000000000251e-10	0.15125138	-0.0001631101	0.9884806	-7.1059824e-17	0	309.26093
3.812000000000251e-10	0.15125391	-0.00016010349	0.98848015	-7.105983e-17	0	309.26093
3.8130000000002514e-10	0.15125635	-0.00015706022	0.98847985	-7.1059804e-17	0	309.26093
3.8140000000002517e-10	0.15125877	-0.00015398164	0.98847944	-7.1059824e-17	0	309.26093
3.815000000000252e-10	0.15126112	-0.00015086876	0.988479	-7.1059824e-17	0	309.26093
3.8160000000002523e-10	0.15126339	-0.00014772285	0.9884788	-7.1059804e-17	0	309.26093
3.8170000000002527e-10	0.15126562	-0.00014454527	0.9884784	-7.105983e-17	0	309.26093
3.818000000000253e-10	0.15126826	-0.00014466174	0.98847795	-7.0935535e-17	0	308.37964
3.8190000000002533e-10	0.15127143	-0.00014804592	0.98847747	-7.0935535e-17	0	308.37964
3.8200000000002536e-10	0.15127468	-0.00015136333	0.988477	-7.093553e-17	0	308.37964
3.821000000000254e-10	0.15127794	-0.0001546134	0.9884765	-7.093552e-17	0	308.37964
3.822000000000254e-10	0.15128131	-0.00015779532	0.98847604	-7.093554e-17	0	308.37964
3.8230000000002545e-10	0.1512847	-0.00016090833	0.9884754	-7.093553e-17	0	308.37964
3.824000000000255e-10	0.15128815	-0.00016395164	0.98847485	-7.093553e-17	0	308.37964
3.825000000000255e-10	0.15129162	-0.00016692466	0.98847437	-7.093553e-17	0	308.37964
3.8260000000002554e-10	0.15129516	-0.00016982685	0.98847383	-7.093554e-17	0	308.37964
3.8270000000002557e-10	0.15129872	-0.00017265763	0.98847336	-7.093552e-17	0	308.37964
3.828000000000256e-10	0.15130234	-0.00017541631	0.9884728	-7.0935535e-17	0	308.37964
3.8290000000002563e-10	0.151306	-0.00017810248	0.9884723	-7.093553e-17	0	308.37964
3.8300000000002566e-10	0.15130967	-0.00018071562	0.9884716	-7.0935535e-17	0	308.37964
3.831000000000257e-10	0.1513134	-0.00018325535	0.98847103	-7.0935515e-17	0	308.37964
3.832000000000257e-10	0.15131716	-0.00018572122	0.9884705	-7.0935535e-17	0	308.37964
3.8330000000002576e-10	0.15132096	-0.00018811255	0.98846984	-7.093553e-17	0	308.37964
3.834000000000258e-10	0.15132478	-0.00019042919	0.9884693	-7.093553e-17	0	308.37964
3.835000000000258e-10	0.15132862	-0.00019267066	0.9884687	-7.093554e-17	0	308.37964
3.8360000000002585e-10	0.1513325	-0.00019483689	0.98846817	-7.093555e-17	0	308.37964
3.837000000000259e-10	0.15133643	-0.00019692736	0.9884675	-7.093555e-17	0	308.37964
3.838000000000259e-10	0.15134037	-0.00019894175	0.9884669	-7.0935535e-17	0	308.37964
3.8390000000002594e-10	0.15134433	-0.00020087983	0.9884663	-7.093555e-17	0	308.37964
3.8400000000002597e-10	0.15134834	-0.0002027413	0.9884658	-7.093552e-17	0	308.37964
3.84100000000026e-10	0.15135233	-0.00020452635	0.9884651	-7.093552e-17	0	308.37964
3.8420000000002603e-10	0.15135635	-0.0002062347	0.9884644	-7.0935535e-17	0	308.37964
3.8430000000002606e-10	0.1513604	-0.00020786605	0.9884639	-7.093552e-17	0	308.37964
3.844000000000261e-10	0.15136445	-0.0002094204	0.98846316	-7.0935535e-17	0	308.37964
3.845000000000261e-10	0.15136853	-0.00021089762	0.98846257	-7.0935535e-17	0	308.37964
3.8460000000002615e-10	0.15137264	-0.00021229757	0.988462	-7.093553e-17	0	308.37964
3.847000000000262e-10	0.15137674	-0.00021362012	0.9884613	-7.093553e-17	0	308.37964
3.848000000000262e-10	0.1513809	-0.00021486511	0.9884607	-7.093552e-17	0	308.37964
3.8490000000002625e-10	0.15138504	-0.00021603271	0.98846006	-7.0935535e-17	0	308.37964
3.850000000000263e-10	0.15138917	-0.00021712281	0.9884594	-7.0935535e-17	0	308.37964
3.851000000000263e-10	0.15139332	-0.00021813557	0.9884588	-7.093553e-17	0	308.37964
3.8520000000002634e-10	0.15139748	-0.00021907111	0.9884582	-7.093556e-17	0	308.37964
3.8530000000002637e-10	0.15140164	-0.00021992941	0.98845744	-7.093553e-17	0	308.37964
3.854000000000264e-10	0.15140583	-0.00022071086	0.9884569	-7.0935515e-17	0	308.37964
3.8550000000002643e-10	0.15141	-0.00022141563	0.9884562	-7.093553e-17	0	308.37964
3.8560000000002646e-10	0.15141416	-0.00022204363	0.98845553	-7.0935535e-17	0	308.37964
3.857000000000265e-10	0.15141831	-0.00022259532	0.98845494	-7.0935535e-17	0	308.37964
3.858000000000265e-10	0.15142249	-0.00022307086	0.9884543	-7.0935515e-17	0	308.37964
3.8590000000002655e-10	0.15142664	-0.00022347039	0.9884537	-7.0935515e-17	0	308.37964
3.860000000000266e-10	0.1514308	-0.0002237944	0.9884529	-7.093553e-17	0	308.37964
3.861000000000266e-10	0.15143496	-0.00022404297	0.9884523	-7.093553e-17	0	308.37964
3.8620000000002665e-10	0.1514391	-0.00022421652	0.9884518	-7.0935535e-17	0	308.37964
3.863000000000267e-10	0.15144324	-0.00022431534	0.988451	-7.093552e-17	0	308.37964
3.864000000000267e-10	0.15144739	-0.00022433978	0.9884504	-7.093553e-17	0	308.37964
3.8650000000002674e-10	0.1514515	-0.00022429007	0.9884499	-7.093554e-17	0	308.37964
3.8660000000002677e-10	0.1514556	-0.00022416687	0.98844916	-7.093555e-17	0	308.37964
3.867000000000268e-10	0.15145971	-0.00022397042	0.9884486	-7.093555e-17	0	308.37964
3.8680000000002683e-10	0.15146376	-0.00022370127	0.98844796	-7.093555e-17	0	308.37964
3.8690000000002686e-10	0.15146783	-0.00022336018	0.98844737	-7.093552e-17	0	308.37964
3.870000000000269e-10	0.15147185	-0.00022294764	0.9884467	-7.0935535e-17	0	308.37964
3.871000000000269e-10	0.15147586	-0.00022246421	0.9884461	-7.0935515e-17	0	308.37964
3.8720000000002695e-10	0.15147987	-0.00022191035	0.9884455	-7.0935535e-17	0	308.37964
3.87300000000027e-10	0.15148383	-0.00022128654	0.98844486	-7.093554e-17	0	308.37964
3.87400000000027e-10	0.15148781	-0.00022059324	0.98844427	-7.093554e-17	0	308.37964
3.8750000000002704e-10	0.15149175	-0.00021983101	0.98844373	-7.0935535e-17	0	308.37964
3.876000000000271e-10	0.15149567	-0.00021900049	0.988443	-7.0935535e-17	0	308.37964
3.877000000000271e-10	0.15149954	-0.00021810237	0.9884424	-7.0935535e-17	0	308.37964
3.8780000000002714e-10	0.15150341	-0.00021713733	0.9884419	-7.0935535e-17	0	308.37964
3.8790000000002717e-10	0.15150723	-0.0002161061	0.9884413	-7.093553e-17	0	308.37964
3.880000000000272e-10	0.15151103	-0.00021500952	0.9884407	-7.0935535e-17	0	308.37964
3.8810000000002723e-10	0.15151483	-0.00021384806	0.98844016	-7.093553e-17	0	308.37964
3.8820000000002726e-10	0.15151854	-0.0002126223	0.98843956	-7.0935555e-17	0	308.37964
3.883000000000273e-10	0.15152226	-0.00021133322	0.98843896	-7.0935535e-17	0	308.37964
3.884000000000273e-10	0.15152593	-0.00020998158	0.9884384	-7.093555e-17	0	308.37964
3.8850000000002735e-10	0.15152957	-0.00020856813	0.98843783	-7.093552e-17	0	308.37964
3.886000000000274e-10	0.15153317	-0.0002070937	0.9884373	-7.0935535e-17	0	308.37964
3.887000000000274e-10	0.15153676	-0.00020555893	0.98843676	-7.093552e-17	0	308.37964
3.8880000000002744e-10	0.15154028	-0.00020396464	0.9884362	-7.093553e-17	0	308.37964
3.8890000000002747e-10	0.15154375	-0.00020231181	0.98843575	-7.093554e-17	0	308.37964
3.890000000000275e-10	0.15154722	-0.00020060141	0.9884351	-7.093554e-17	0	308.37964
3.8910000000002754e-10	0.15155064	-0.00019883418	0.9884346	-7.093553e-17	0	308.37964
3.8920000000002757e-10	0.15155399	-0.000197011	0.9884341	-7.0935535e-17	0	308.37964
3.893000000000276e-10	0.15155731	-0.00019513295	0.9884336	-7.093554e-17	0	308.37964
3.8940000000002763e-10	0.15156059	-0.00019320089	0.98843306	-7.093552e-17	0	308.37964
3.8950000000002766e-10	0.15156382	-0.00019121585	0.9884326	-7.093553e-17	0	308.37964
3.896000000000277e-10	0.15156703	-0.00018917874	0.9884321	-7.0935535e-17	0	308.37964
3.897000000000277e-10	0.15157014	-0.0001870906	0.98843163	-7.093552e-17	0	308.37964
3.8980000000002775e-10	0.15157323	-0.00018495244	0.98843116	-7.093555e-17	0	308.37964
3.899000000000278e-10	0.15157628	-0.00018276517	0.9884307	-7.093553e-17	0	308.37964
3.900000000000278e-10	0.15157926	-0.00018052966	0.9884302	-7.0935515e-17	0	308.37964
3.9010000000002784e-10	0.15158223	-0.00017824702	0.9884297	-7.093553e-17	0	308.37964
3.9020000000002787e-10	0.15158512	-0.0001759184	0.98842925	-7.093553e-17	0	308.37964
3.903000000000279e-10	0.151588	-0.00017354451	0.98842883	-7.093553e-17	0	308.37964
3.9040000000002793e-10	0.1515908	-0.00017112645	0.9884284	-7.093551e-17	0	308.37964
3.9050000000002796e-10	0.15159354	-0.0001686652	0.988428	-7.093553e-17	0	308.37964
3.90600000000028e-10	0.15159623	-0.000166162	0.9884276	-7.0935535e-17	0	308.37964
3.9070000000002803e-10	0.15159887	-0.00016361766	0.98842716	-7.0935535e-17	0	308.37964
3.9080000000002806e-10	0.15160146	-0.00016103336	0.9884268	-7.0935535e-17	0	308.37964
3.909000000000281e-10	0.15160401	-0.00015841013	0.98842645	-7.093555e-17	0	308.37964
3.910000000000281e-10	0.15160652	-0.00015574912	0.988426	-7.093553e-17	0	308.37964
3.9110000000002815e-10	0.15160894	-0.0001530512	0.98842555	-7.0935535e-17	0	308.37964
3.912000000000282e-10	0.15161133	-0.00015031759	0.9884254	-7.093554e-17	0	308.37964
3.913000000000282e-10	0.15161365	-0.0001475493	0.98842496	-7.0935535e-17	0	308.37964
3.9140000000002824e-10	0.15161592	-0.00014474746	0.9884246	-7.0935515e-17	0	308.37964
3.9150000000002827e-10	0.15161811	-0.00014191313	0.98842424	-7.093554e-17	0	308.37964
3.916000000000283e-10	0.15162028	-0.00013904765	0.9884239	-7.093554e-17	0	308.37964
3.9170000000002833e-10	0.15162235	-0.0001361521	0.9884236	-7.093554e-17	0	308.37964
3.9180000000002836e-10	0.15162483	-0.00013623804	0.9884232	-7.082311e-17	0	307.5822
3.919000000000284e-10	0.15162781	-0.0001392814	0.98842275	-7.082312e-17	0	307.5822
3.920000000000284e-10	0.15163082	-0.00014226297	0.9884223	-7.08231e-17	0	307.5822
3.9210000000002846e-10	0.15163389	-0.00014518219	0.9884218	-7.08231e-17	0	307.5822
3.922000000000285e-10	0.15163699	-0.00014803845	0.9884213	-7.0823105e-17	0	307.5822
3.923000000000285e-10	0.15164012	-0.00015083127	0.98842084	-7.0823105e-17	0	307.5822
3.9240000000002855e-10	0.1516433	-0.00015355994	0.98842037	-7.082309e-17	0	307.5822
3.925000000000286e-10	0.15164652	-0.000156224	0.9884199	-7.08231e-17	0	307.5822
3.926000000000286e-10	0.1516498	-0.00015882292	0.9884194	-7.08231e-17	0	307.5822
3.9270000000002864e-10	0.1516531	-0.00016135607	0.9884189	-7.082312e-17	0	307.5822
3.9280000000002867e-10	0.15165646	-0.00016382284	0.9884184	-7.082312e-17	0	307.5822
3.929000000000287e-10	0.15165983	-0.0001662228	0.9884178	-7.0823105e-17	0	307.5822
3.9300000000002873e-10	0.15166326	-0.0001685555	0.98841727	-7.082309e-17	0	307.5822
3.9310000000002876e-10	0.1516667	-0.00017082055	0.98841673	-7.082311e-17	0	307.5822
3.932000000000288e-10	0.15167019	-0.00017301751	0.9884162	-7.082311e-17	0	307.5822
3.933000000000288e-10	0.1516737	-0.000175146	0.9884157	-7.082309e-17	0	307.5822
3.9340000000002885e-10	0.15167725	-0.0001772058	0.9884152	-7.08231e-17	0	307.5822
3.935000000000289e-10	0.15168081	-0.00017919652	0.98841465	-7.0823125e-17	0	307.5822
3.936000000000289e-10	0.1516844	-0.00018111791	0.98841405	-7.0823125e-17	0	307.5822
3.9370000000002895e-10	0.15168802	-0.00018296967	0.98841345	-7.082311e-17	0	307.5822
3.93800000000029e-10	0.15169165	-0.00018475161	0.98841286	-7.082311e-17	0	307.5822
3.93900000000029e-10	0.1516953	-0.0001864635	0.9884124	-7.0823125e-17	0	307.5822
3.9400000000002904e-10	0.15169899	-0.00018810522	0.9884118	-7.0823105e-17	0	307.5822
3.9410000000002907e-10	0.15170269	-0.00018967659	0.9884113	-7.082309e-17	0	307.5822
3.942000000000291e-10	0.15170641	-0.00019117755	0.9884106	-7.082309e-17	0	307.5822
3.9430000000002913e-10	0.15171014	-0.00019260777	0.98841006	-7.082312e-17	0	307.5822
3.9440000000002916e-10	0.15171388	-0.00019396722	0.9884095	-7.082311e-17	0	307.5822
3.945000000000292e-10	0.15171766	-0.00019525582	0.988409	-7.082311e-17	0	307.5822
3.946000000000292e-10	0.15172143	-0.00019647354	0.9884083	-7.082309e-17	0	307.5822
3.9470000000002925e-10	0.15172522	-0.00019762032	0.98840773	-7.082311e-17	0	307.5822
3.948000000000293e-10	0.15172902	-0.00019869625	0.98840714	-7.082311e-17	0	307.5822
3.949000000000293e-10	0.15173283	-0.00019970135	0.9884066	-7.08231e-17	0	307.5822
3.9500000000002935e-10	0.15173663	-0.00020063567	0.98840594	-7.082311e-17	0	307.5822
3.951000000000294e-10	0.15174046	-0.00020149925	0.9884054	-7.082311e-17	0	307.5822
3.952000000000294e-10	0.15174428	-0.00020229217	0.98840487	-7.0823105e-17	0	307.5822
3.9530000000002944e-10	0.1517481	-0.00020301464	0.9884043	-7.0823105e-17	0	307.5822
3.9540000000002947e-10	0.15175192	-0.00020366679	0.9884036	-7.08231e-17	0	307.5822
3.955000000000295e-10	0.15175575	-0.00020424872	0.988403	-7.082311e-17	0	307.5822
3.9560000000002953e-10	0.15175958	-0.00020476062	0.9884025	-7.082309e-17	0	307.5822
3.9570000000002956e-10	0.1517634	-0.00020520276	0.98840195	-7.082311e-17	0	307.5822
3.958000000000296e-10	0.15176724	-0.00020557528	0.98840135	-7.082312e-17	0	307.5822
3.959000000000296e-10	0.15177107	-0.00020587846	0.9884007	-7.082311e-17	0	307.5822
3.9600000000002965e-10	0.15177487	-0.00020611269	0.9884001	-7.082311e-17	0	307.5822
3.961000000000297e-10	0.15177867	-0.00020627816	0.98839957	-7.0823105e-17	0	307.5822
3.962000000000297e-10	0.15178247	-0.00020637526	0.98839897	-7.0823105e-17	0	307.5822
3.9630000000002974e-10	0.15178625	-0.00020640425	0.9883983	-7.0823105e-17	0	307.5822
3.964000000000298e-10	0.15179004	-0.0002063656	0.98839784	-7.082313e-17	0	307.5822
3.965000000000298e-10	0.15179381	-0.00020625963	0.98839724	-7.0823105e-17	0	307.5822
3.9660000000002984e-10	0.15179756	-0.0002060867	0.9883966	-7.082312e-17	0	307.5822
3.9670000000002987e-10	0.15180132	-0.00020584719	0.988396	-7.0823105e-17	0	307.5822
3.968000000000299e-10	0.15180504	-0.00020554152	0.98839545	-7.082311e-17	0	307.5822
3.9690000000002993e-10	0.15180877	-0.00020517007	0.9883949	-7.08231e-17	0	307.5822
3.9700000000002996e-10	0.15181243	-0.00020473343	0.9883944	-7.08231e-17	0	307.5822
3.9710000000003e-10	0.15181613	-0.000204232	0.9883938	-7.0823105e-17	0	307.5822
3.9720000000003e-10	0.1518198	-0.00020366652	0.9883932	-7.082309e-17	0	307.5822
3.9730000000003005e-10	0.15182342	-0.00020303739	0.9883927	-7.082309e-17	0	307.5822
3.974000000000301e-10	0.15182704	-0.00020234508	0.9883921	-7.082311e-17	0	307.5822
3.975000000000301e-10	0.15183066	-0.00020159017	0.9883915	-7.0823105e-17	0	307.5822
3.9760000000003014e-10	0.15183422	-0.0002007732	0.9883909	-7.082312e-17	0	307.5822
3.9770000000003017e-10	0.15183777	-0.00019989477	0.9883904	-7.082312e-17	0	307.5822
3.978000000000302e-10	0.15184128	-0.00019895547	0.98838985	-7.08231e-17	0	307.5822
3.9790000000003023e-10	0.15184477	-0.0001979561	0.9883893	-7.08231e-17	0	307.5822
3.9800000000003027e-10	0.15184823	-0.00019689728	0.9883888	-7.082312e-17	0	307.5822
3.981000000000303e-10	0.15185167	-0.00019577975	0.9883883	-7.082312e-17	0	307.5822
3.9820000000003033e-10	0.15185508	-0.00019460409	0.9883878	-7.082311e-17	0	307.5822
3.9830000000003036e-10	0.15185846	-0.00019337093	0.9883873	-7.0823105e-17	0	307.5822
3.984000000000304e-10	0.1518618	-0.00019208108	0.98838675	-7.082311e-17	0	307.5822
3.985000000000304e-10	0.15186511	-0.00019073527	0.9883862	-7.0823125e-17	0	307.5822
3.9860000000003045e-10	0.15186836	-0.00018933445	0.98838574	-7.0823125e-17	0	307.5822
3.987000000000305e-10	0.15187162	-0.00018787925	0.98838514	-7.082311e-17	0	307.5822
3.988000000000305e-10	0.15187483	-0.00018637054	0.98838466	-7.082312e-17	0	307.5822
3.9890000000003054e-10	0.15187797	-0.0001848091	0.9883842	-7.082311e-17	0	307.5822
3.9900000000003057e-10	0.1518811	-0.00018319579	0.9883837	-7.082311e-17	0	307.5822
3.991000000000306e-10	0.15188418	-0.00018153146	0.98838323	-7.0823085e-17	0	307.5822
3.9920000000003063e-10	0.15188722	-0.00017981685	0.98838276	-7.0823125e-17	0	307.5822
3.9930000000003066e-10	0.15189023	-0.00017805275	0.9883823	-7.0823125e-17	0	307.5822
3.994000000000307e-10	0.15189321	-0.00017623993	0.9883818	-7.082311e-17	0	307.5822
3.995000000000307e-10	0.15189613	-0.00017437933	0.9883814	-7.08231e-17	0	307.5822
3.9960000000003076e-10	0.15189902	-0.00017247177	0.98838097	-7.082311e-17	0	307.5822
3.997000000000308e-10	0.15190187	-0.00017051812	0.98838055	-7.082311e-17	0	307.5822
3.998000000000308e-10	0.15190469	-0.00016851923	0.98838013	-7.0823105e-17	0	307.5822
3.9990000000003085e-10	0.15190744	-0.00016647608	0.9883798	-7.0823105e-17	0	307.5822
4.000000000000309e-10	0.15191017	-0.00016438957	0.9883793	-7.0823125e-17	0	307.5822
4.001000000000309e-10	0.15191284	-0.00016226049	0.9883789	-7.0823105e-17	0	307.5822
4.0020000000003094e-10	0.15191548	-0.00016008982	0.98837847	-7.08231e-17	0	307.5822
4.0030000000003097e-10	0.15191805	-0.00015787859	0.98837805	-7.08231e-17	0	307.5822
4.00400000000031e-10	0.15192059	-0.00015562752	0.9883776	-7.082312e-17	0	307.5822
4.0050000000003103e-10	0.15192308	-0.00015333766	0.9883773	-7.08231e-17	0	307.5822
4.0060000000003106e-10	0.15192552	-0.00015101	0.9883769	-7.082311e-17	0	307.5822
4.007000000000311e-10	0.15192792	-0.00014864546	0.98837656	-7.08231e-17	0	307.5822
4.008000000000311e-10	0.15193027	-0.00014624496	0.98837614	-7.082311e-17	0	307.5822
4.0090000000003115e-10	0.15193257	-0.00014380948	0.9883758	-7.0823125e-17	0	307.5822
4.010000000000312e-10	0.1519348	-0.00014134013	0.98837554	-7.082313e-17	0	307.5822
4.011000000000312e-10	0.151937	-0.00013883799	0.9883751	-7.082312e-17	0	307.5822
4.0120000000003125e-10	0.15193914	-0.00013630402	0.9883748	-7.08231e-17	0	307.5822
4.013000000000313e-10	0.15194121	-0.00013373929	0.9883745	-7.0823105e-17	0	307.5822
4.014000000000313e-10	0.15194324	-0.00013114495	0.98837423	-7.0823105e-17	0	307.5822
4.0150000000003134e-10	0.15194522	-0.00012852193	0.9883738	-7.0823105e-17	0	307.5822
4.0160000000003137e-10	0.15194713	-0.00012587114	0.9883735	-7.08231e-17	0	307.5822
4.017000000000314e-10	0.15194902	-0.00012319369	0.9883733	-7.082311e-17	0	307.5822
4.0180000000003143e-10	0.15195124	-0.00012321491	0.9883729	-7.0721474e-17	0	306.86066
4.0190000000003146e-10	0.15195392	-0.000125913	0.98837245	-7.0721494e-17	0	306.86066
4.020000000000315e-10	0.15195665	-0.00012855574	0.9883721	-7.072147e-17	0	306.86066
4.021000000000315e-10	0.15195937	-0.00013114263	0.9883718	-7.072149e-17	0	306.86066
4.0220000000003155e-10	0.15196216	-0.00013367306	0.9883713	-7.072147e-17	0	306.86066
4.023000000000316e-10	0.15196502	-0.00013614654	0.98837084	-7.0721474e-17	0	306.86066
4.024000000000316e-10	0.15196788	-0.00013856251	0.98837036	-7.0721474e-17	0	306.86066
4.0250000000003165e-10	0.15197079	-0.00014092053	0.98836994	-7.072148e-17	0	306.86066
4.026000000000317e-10	0.15197371	-0.0001432202	0.98836946	-7.0721474e-17	0	306.86066
4.027000000000317e-10	0.15197667	-0.000145461	0.988369	-7.072149e-17	0	306.86066
4.0280000000003174e-10	0.15197968	-0.00014764266	0.9883685	-7.0721474e-17	0	306.86066
4.0290000000003177e-10	0.15198271	-0.0001497647	0.9883681	-7.072147e-17	0	306.86066
4.030000000000318e-10	0.15198576	-0.00015182668	0.9883676	-7.0721454e-17	0	306.86066
4.0310000000003183e-10	0.15198885	-0.00015382827	0.98836714	-7.072148e-17	0	306.86066
4.0320000000003186e-10	0.15199195	-0.00015576932	0.98836666	-7.0721474e-17	0	306.86066
4.033000000000319e-10	0.1519951	-0.00015764951	0.9883662	-7.072149e-17	0	306.86066
4.034000000000319e-10	0.15199825	-0.00015946844	0.9883657	-7.0721474e-17	0	306.86066
4.0350000000003195e-10	0.15200141	-0.00016122594	0.98836523	-7.0721494e-17	0	306.86066
4.03600000000032e-10	0.15200463	-0.00016292153	0.98836476	-7.072148e-17	0	306.86066
4.03700000000032e-10	0.15200788	-0.0001645551	0.9883642	-7.072149e-17	0	306.86066
4.0380000000003204e-10	0.15201111	-0.00016612638	0.9883637	-7.072148e-17	0	306.86066
4.039000000000321e-10	0.1520144	-0.00016763514	0.98836327	-7.072149e-17	0	306.86066
4.040000000000321e-10	0.15201768	-0.00016908153	0.9883626	-7.072149e-17	0	306.86066
4.0410000000003214e-10	0.15202099	-0.00017046517	0.98836213	-7.072148e-17	0	306.86066
4.0420000000003217e-10	0.1520243	-0.00017178593	0.98836166	-7.072148e-17	0	306.86066
4.043000000000322e-10	0.15202767	-0.00017304374	0.9883611	-7.072149e-17	0	306.86066
4.0440000000003223e-10	0.15203102	-0.00017423843	0.98836064	-7.072149e-17	0	306.86066
4.0450000000003226e-10	0.15203437	-0.00017536983	0.9883601	-7.072148e-17	0	306.86066
4.046000000000323e-10	0.15203777	-0.00017643804	0.98835963	-7.072147e-17	0	306.86066
4.047000000000323e-10	0.15204115	-0.00017744297	0.9883591	-7.072148e-17	0	306.86066
4.0480000000003235e-10	0.15204458	-0.00017838457	0.9883586	-7.072149e-17	0	306.86066
4.049000000000324e-10	0.15204798	-0.00017926277	0.988358	-7.072149e-17	0	306.86066
4.050000000000324e-10	0.15205139	-0.00018007762	0.9883575	-7.072147e-17	0	306.86066
4.0510000000003244e-10	0.15205482	-0.00018082929	0.98835695	-7.072147e-17	0	306.86066
4.0520000000003247e-10	0.15205826	-0.00018151774	0.9883565	-7.0721494e-17	0	306.86066
4.053000000000325e-10	0.15206169	-0.00018214321	0.9883559	-7.072148e-17	0	306.86066
4.0540000000003254e-10	0.15206513	-0.00018270563	0.9883554	-7.0721474e-17	0	306.86066
4.0550000000003257e-10	0.15206856	-0.00018320524	0.9883549	-7.0721494e-17	0	306.86066
4.056000000000326e-10	0.15207201	-0.00018364223	0.9883543	-7.072148e-17	0	306.86066
4.0570000000003263e-10	0.15207544	-0.00018401672	0.9883538	-7.072146e-17	0	306.86066
4.0580000000003266e-10	0.15207885	-0.00018432907	0.98835325	-7.0721474e-17	0	306.86066
4.059000000000327e-10	0.15208228	-0.00018457952	0.98835266	-7.072148e-17	0	306.86066
4.060000000000327e-10	0.1520857	-0.00018476811	0.9883522	-7.072148e-17	0	306.86066
4.0610000000003275e-10	0.1520891	-0.0001848954	0.98835164	-7.072148e-17	0	306.86066
4.062000000000328e-10	0.15209252	-0.00018496148	0.98835117	-7.072146e-17	0	306.86066
4.063000000000328e-10	0.1520959	-0.00018496683	0.98835063	-7.072146e-17	0	306.86066
4.0640000000003284e-10	0.15209927	-0.00018491177	0.98835015	-7.0721494e-17	0	306.86066
4.0650000000003287e-10	0.15210263	-0.00018479659	0.9883495	-7.0721474e-17	0	306.86066
4.066000000000329e-10	0.15210599	-0.0001846219	0.9883491	-7.072146e-17	0	306.86066
4.0670000000003293e-10	0.15210932	-0.00018438805	0.9883485	-7.0721474e-17	0	306.86066
4.0680000000003296e-10	0.15211265	-0.00018409542	0.988348	-7.07215e-17	0	306.86066
4.06900000000033e-10	0.15211594	-0.00018374449	0.98834753	-7.0721474e-17	0	306.86066
4.0700000000003303e-10	0.15211923	-0.00018333571	0.98834705	-7.072149e-17	0	306.86066
4.0710000000003306e-10	0.15212251	-0.00018286955	0.9883465	-7.072147e-17	0	306.86066
4.072000000000331e-10	0.15212578	-0.00018234627	0.98834604	-7.072148e-17	0	306.86066
4.073000000000331e-10	0.15212901	-0.0001817665	0.98834556	-7.072149e-17	0	306.86066
4.0740000000003315e-10	0.15213221	-0.00018113073	0.988345	-7.0721474e-17	0	306.86066
4.075000000000332e-10	0.15213542	-0.0001804395	0.98834455	-7.0721474e-17	0	306.86066
4.076000000000332e-10	0.15213859	-0.00017969334	0.9883441	-7.072148e-17	0	306.86066
4.0770000000003324e-10	0.15214175	-0.00017889282	0.9883436	-7.072147e-17	0	306.86066
4.0780000000003327e-10	0.15214486	-0.00017803849	0.9883431	-7.0721474e-17	0	306.86066
4.079000000000333e-10	0.15214798	-0.00017713103	0.9883426	-7.072147e-17	0	306.86066
4.0800000000003333e-10	0.15215106	-0.00017617075	0.98834217	-7.072148e-17	0	306.86066
4.0810000000003336e-10	0.15215413	-0.00017515819	0.9883417	-7.072148e-17	0	306.86066
4.082000000000334e-10	0.15215716	-0.00017409405	0.98834115	-7.072149e-17	0	306.86066
4.083000000000334e-10	0.15216015	-0.00017297902	0.98834074	-7.0721474e-17	0	306.86066
4.0840000000003346e-10	0.1521631	-0.0001718137	0.98834026	-7.0721474e-17	0	306.86066
4.085000000000335e-10	0.15216605	-0.00017059885	0.9883399	-7.072148e-17	0	306.86066
4.086000000000335e-10	0.15216899	-0.00016933508	0.9883394	-7.0721494e-17	0	306.86066
4.0870000000003355e-10	0.15217188	-0.00016802271	0.98833895	-7.072147e-17	0	306.86066
4.088000000000336e-10	0.15217474	-0.00016666269	0.9883385	-7.072148e-17	0	306.86066
4.089000000000336e-10	0.15217754	-0.00016525574	0.98833805	-7.072148e-17	0	306.86066
4.0900000000003364e-10	0.15218034	-0.0001638026	0.9883376	-7.0721474e-17	0	306.86066
4.0910000000003367e-10	0.1521831	-0.00016230402	0.9883371	-7.072148e-17	0	306.86066
4.092000000000337e-10	0.15218584	-0.00016076058	0.9883368	-7.0721474e-17	0	306.86066
4.0930000000003373e-10	0.15218852	-0.00015917291	0.9883363	-7.072145e-17	0	306.86066
4.0940000000003376e-10	0.15219116	-0.00015754194	0.98833597	-7.072148e-17	0	306.86066
4.095000000000338e-10	0.15219378	-0.00015586856	0.98833555	-7.0721514e-17	0	306.86066
4.096000000000338e-10	0.15219636	-0.00015415347	0.98833513	-7.0721474e-17	0	306.86066
4.0970000000003385e-10	0.15219891	-0.00015239725	0.9883348	-7.072148e-17	0	306.86066
4.098000000000339e-10	0.15220141	-0.00015060062	0.98833436	-7.0721474e-17	0	306.86066
4.099000000000339e-10	0.15220389	-0.00014876455	0.98833394	-7.072147e-17	0	306.86066
4.1000000000003395e-10	0.15220629	-0.00014689003	0.9883335	-7.072148e-17	0	306.86066
4.10100000000034e-10	0.15220869	-0.0001449777	0.9883332	-7.0721474e-17	0	306.86066
4.10200000000034e-10	0.15221104	-0.00014302821	0.98833287	-7.072147e-17	0	306.86066
4.1030000000003404e-10	0.15221334	-0.0001410426	0.98833245	-7.072147e-17	0	306.86066
4.1040000000003407e-10	0.15221559	-0.00013902174	0.98833203	-7.0721474e-17	0	306.86066
4.105000000000341e-10	0.15221782	-0.00013696653	0.98833185	-7.072148e-17	0	306.86066
4.1060000000003413e-10	0.15221998	-0.00013487764	0.98833144	-7.072148e-17	0	306.86066
4.1070000000003416e-10	0.1522221	-0.0001327562	0.9883312	-7.0721474e-17	0	306.86066
4.108000000000342e-10	0.15222415	-0.00013060318	0.98833084	-7.0721474e-17	0	306.86066
4.109000000000342e-10	0.1522262	-0.00012841958	0.9883305	-7.072147e-17	0	306.86066
4.1100000000003425e-10	0.15222819	-0.00012620592	0.98833025	-7.0721494e-17	0	306.86066
4.111000000000343e-10	0.15223013	-0.00012396327	0.98832995	-7.0721474e-17	0	306.86066
4.112000000000343e-10	0.15223202	-0.00012169249	0.9883296	-7.0721494e-17	0	306.86066
4.1130000000003434e-10	0.15223388	-0.000119394645	0.9883293	-7.072147e-17	0	306.86066
4.114000000000344e-10	0.15223569	-0.00011707024	0.98832905	-7.0721474e-17	0	306.86066
4.115000000000344e-10	0.15223743	-0.000114720395	0.98832875	-7.072147e-17	0	306.86066
4.1160000000003444e-10	0.15223916	-0.00011234601	0.9883284	-7.072147e-17	0	306.86066
4.1170000000003447e-10	0.15224083	-0.000109948036	0.9883283	-7.0721474e-17	0	306.86066
4.118000000000345e-10	0.15224284	-0.00010999286	0.9883279	-7.0629584e-17	0	306.2078
4.1190000000003453e-10	0.15224524	-0.000112460744	0.9883276	-7.0629564e-17	0	306.2078
4.1200000000003456e-10	0.15224768	-0.00011487904	0.98832726	-7.062958e-17	0	306.2078
4.121000000000346e-10	0.15225013	-0.000117247284	0.98832685	-7.062958e-17	0	306.2078
4.122000000000346e-10	0.15225263	-0.000119564844	0.9883264	-7.062958e-17	0	306.2078
4.1230000000003465e-10	0.15225519	-0.00012183118	0.98832595	-7.0629584e-17	0	306.2078
4.124000000000347e-10	0.15225777	-0.00012404581	0.9883257	-7.062956e-17	0	306.2078
4.125000000000347e-10	0.15226035	-0.00012620834	0.9883253	-7.062958e-17	0	306.2078
4.1260000000003474e-10	0.15226299	-0.0001283185	0.9883249	-7.0629584e-17	0	306.2078
4.127000000000348e-10	0.15226565	-0.00013037589	0.9883244	-7.062958e-17	0	306.2078
4.128000000000348e-10	0.15226835	-0.00013238007	0.98832405	-7.062957e-17	0	306.2078
4.1290000000003484e-10	0.15227109	-0.0001343306	0.9883236	-7.062958e-17	0	306.2078
4.1300000000003487e-10	0.15227385	-0.00013622695	0.98832315	-7.062958e-17	0	306.2078
4.131000000000349e-10	0.1522766	-0.0001380689	0.98832273	-7.0629564e-17	0	306.2078
4.1320000000003493e-10	0.15227939	-0.00013985642	0.98832226	-7.062957e-17	0	306.2078
4.1330000000003496e-10	0.15228221	-0.00014158935	0.98832184	-7.062958e-17	0	306.2078
4.13400000000035e-10	0.15228505	-0.00014326724	0.98832136	-7.0629584e-17	0	306.2078
4.13500000000035e-10	0.15228793	-0.00014488972	0.98832095	-7.062957e-17	0	306.2078
4.1360000000003505e-10	0.15229082	-0.00014645656	0.9883206	-7.062957e-17	0	306.2078
4.137000000000351e-10	0.15229373	-0.00014796747	0.98832005	-7.062955e-17	0	306.2078
4.138000000000351e-10	0.15229668	-0.00014942205	0.98831964	-7.062958e-17	0	306.2078
4.1390000000003514e-10	0.15229963	-0.0001508204	0.9883192	-7.0629584e-17	0	306.2078
4.1400000000003517e-10	0.15230258	-0.00015216247	0.98831874	-7.0629564e-17	0	306.2078
4.141000000000352e-10	0.15230553	-0.00015344823	0.98831826	-7.0629584e-17	0	306.2078
4.1420000000003523e-10	0.15230854	-0.00015467753	0.98831785	-7.062956e-17	0	306.2078
4.1430000000003527e-10	0.15231152	-0.0001558502	0.9883174	-7.062958e-17	0	306.2078
4.144000000000353e-10	0.15231453	-0.00015696627	0.9883169	-7.062958e-17	0	306.2078
4.1450000000003533e-10	0.15231755	-0.00015802552	0.9883164	-7.062958e-17	0	306.2078
4.1460000000003536e-10	0.1523206	-0.00015902802	0.98831594	-7.062957e-17	0	306.2078
4.147000000000354e-10	0.15232365	-0.00015997364	0.9883156	-7.062955e-17	0	306.2078
4.148000000000354e-10	0.15232672	-0.00016086247	0.988315	-7.062958e-17	0	306.2078
4.1490000000003545e-10	0.15232977	-0.00016169429	0.9883146	-7.062955e-17	0	306.2078
4.150000000000355e-10	0.15233284	-0.00016246921	0.98831403	-7.0629564e-17	0	306.2078
4.151000000000355e-10	0.15233594	-0.00016318724	0.9883137	-7.062958e-17	0	306.2078
4.1520000000003554e-10	0.15233903	-0.00016384835	0.98831314	-7.062958e-17	0	306.2078
4.1530000000003557e-10	0.15234211	-0.00016445255	0.9883127	-7.062958e-17	0	306.2078
4.154000000000356e-10	0.15234523	-0.00016500003	0.9883122	-7.062958e-17	0	306.2078
4.1550000000003563e-10	0.15234831	-0.0001654909	0.98831165	-7.062955e-17	0	306.2078
4.1560000000003566e-10	0.1523514	-0.0001659254	0.9883111	-7.062956e-17	0	306.2078
4.157000000000357e-10	0.15235448	-0.00016630357	0.9883107	-7.062958e-17	0	306.2078
4.158000000000357e-10	0.15235758	-0.00016662563	0.98831016	-7.062958e-17	0	306.2078
4.1590000000003576e-10	0.15236066	-0.00016689178	0.98830974	-7.062958e-17	0	306.2078
4.160000000000358e-10	0.15236375	-0.00016710238	0.9883092	-7.0629584e-17	0	306.2078
4.161000000000358e-10	0.15236682	-0.0001672575	0.9883087	-7.0629564e-17	0	306.2078
4.1620000000003585e-10	0.15236989	-0.00016735752	0.98830825	-7.0629564e-17	0	306.2078
4.163000000000359e-10	0.15237294	-0.00016740267	0.9883078	-7.062957e-17	0	306.2078
4.164000000000359e-10	0.15237601	-0.00016739327	0.9883073	-7.0629584e-17	0	306.2078
4.1650000000003594e-10	0.15237904	-0.0001673296	0.9883069	-7.062957e-17	0	306.2078
4.1660000000003597e-10	0.15238208	-0.00016721207	0.9883064	-7.062956e-17	0	306.2078
4.16700000000036e-10	0.15238509	-0.00016704098	0.98830605	-7.062958e-17	0	306.2078
4.1680000000003603e-10	0.1523881	-0.00016681678	0.98830545	-7.062958e-17	0	306.2078
4.1690000000003606e-10	0.15239108	-0.00016653995	0.9883051	-7.0629564e-17	0	306.2078
4.170000000000361e-10	0.15239406	-0.0001662107	0.9883046	-7.062956e-17	0	306.2078
4.171000000000361e-10	0.15239702	-0.00016582955	0.9883042	-7.0629564e-17	0	306.2078
4.1720000000003615e-10	0.15239994	-0.00016539691	0.98830366	-7.062956e-17	0	306.2078
4.173000000000362e-10	0.1524029	-0.000164913	0.98830324	-7.062957e-17	0	306.2078
4.174000000000362e-10	0.15240584	-0.00016437794	0.9883027	-7.062959e-17	0	306.2078
4.1750000000003625e-10	0.15240876	-0.00016379227	0.9883023	-7.0629564e-17	0	306.2078
4.176000000000363e-10	0.15241165	-0.00016315644	0.9883019	-7.062956e-17	0	306.2078
4.177000000000363e-10	0.15241452	-0.00016247106	0.9883014	-7.0629564e-17	0	306.2078
4.1780000000003634e-10	0.15241736	-0.00016173668	0.9883009	-7.0629564e-17	0	306.2078
4.1790000000003637e-10	0.1524202	-0.00016095374	0.98830056	-7.0629584e-17	0	306.2078
4.180000000000364e-10	0.152423	-0.00016012297	0.98830014	-7.0629584e-17	0	306.2078
4.1810000000003643e-10	0.15242575	-0.0001592448	0.98829967	-7.0629584e-17	0	306.2078
4.1820000000003646e-10	0.15242852	-0.00015831972	0.98829925	-7.062958e-17	0	306.2078
4.183000000000365e-10	0.15243126	-0.00015734808	0.9882988	-7.062958e-17	0	306.2078
4.184000000000365e-10	0.15243399	-0.00015633042	0.98829836	-7.062958e-17	0	306.2078
4.1850000000003655e-10	0.15243667	-0.00015526751	0.98829794	-7.062958e-17	0	306.2078
4.186000000000366e-10	0.15243931	-0.00015415995	0.9882977	-7.0629584e-17	0	306.2078
4.187000000000366e-10	0.15244192	-0.00015300824	0.9882972	-7.0629564e-17	0	306.2078
4.1880000000003665e-10	0.15244454	-0.00015181328	0.9882968	-7.0629564e-17	0	306.2078
4.189000000000367e-10	0.15244712	-0.00015057535	0.98829633	-7.062955e-17	0	306.2078
4.190000000000367e-10	0.15244968	-0.00014929507	0.9882959	-7.062957e-17	0	306.2078
4.1910000000003674e-10	0.15245219	-0.00014797304	0.9882956	-7.0629584e-17	0	306.2078
4.1920000000003677e-10	0.15245469	-0.00014661004	0.98829514	-7.062957e-17	0	306.2078
4.193000000000368e-10	0.15245713	-0.00014520681	0.98829484	-7.0629564e-17	0	306.2078
4.1940000000003683e-10	0.15245956	-0.000143764	0.9882945	-7.062958e-17	0	306.2078
4.1950000000003686e-10	0.15246196	-0.00014228225	0.9882941	-7.062959e-17	0	306.2078
4.196000000000369e-10	0.15246433	-0.00014076215	0.98829365	-7.0629564e-17	0	306.2078
4.197000000000369e-10	0.15246665	-0.00013920435	0.98829335	-7.0629584e-17	0	306.2078
4.1980000000003695e-10	0.15246893	-0.00013760972	0.988293	-7.062958e-17	0	306.2078
4.19900000000037e-10	0.15247118	-0.00013597892	0.98829263	-7.0629564e-17	0	306.2078
4.20000000000037e-10	0.15247342	-0.00013431282	0.9882923	-7.0629584e-17	0	306.2078
4.2010000000003704e-10	0.1524756	-0.00013261205	0.988292	-7.0629564e-17	0	306.2078
4.202000000000371e-10	0.15247773	-0.00013087736	0.9882917	-7.0629564e-17	0	306.2078
4.203000000000371e-10	0.15247981	-0.00012910986	0.98829126	-7.062957e-17	0	306.2078
4.2040000000003714e-10	0.15248187	-0.00012731027	0.988291	-7.062957e-17	0	306.2078
4.2050000000003717e-10	0.1524839	-0.00012547938	0.9882907	-7.062958e-17	0	306.2078
4.206000000000372e-10	0.15248588	-0.0001236176	0.9882904	-7.062958e-17	0	306.2078
4.2070000000003723e-10	0.15248781	-0.00012172577	0.98829013	-7.062957e-17	0	306.2078
4.2080000000003726e-10	0.15248972	-0.00011980478	0.9882898	-7.0629564e-17	0	306.2078
4.209000000000373e-10	0.1524916	-0.00011785555	0.9882895	-7.062958e-17	0	306.2078
4.210000000000373e-10	0.15249343	-0.00011587868	0.98828924	-7.0629564e-17	0	306.2078
4.2110000000003735e-10	0.1524952	-0.00011387485	0.98828894	-7.062958e-17	0	306.2078
4.212000000000374e-10	0.15249696	-0.00011184517	0.9882886	-7.062957e-17	0	306.2078
4.213000000000374e-10	0.15249866	-0.000109790286	0.98828846	-7.062957e-17	0	306.2078
4.2140000000003744e-10	0.15250035	-0.00010771093	0.9882881	-7.062956e-17	0	306.2078
4.2150000000003747e-10	0.15250196	-0.00010560779	0.9882879	-7.0629564e-17	0	306.2078
4.216000000000375e-10	0.15250356	-0.000103481885	0.9882876	-7.0629545e-17	0	306.2078
4.2170000000003753e-10	0.1525051	-0.00010133399	0.98828745	-7.0629564e-17	0	306.2078
4.2180000000003757e-10	0.15250695	-0.00010139718	0.9882871	-7.0546436e-17	0	305.61703
4.219000000000376e-10	0.15250915	-0.00010365346	0.98828673	-7.0546456e-17	0	305.61703
4.2200000000003763e-10	0.15251139	-0.00010586422	0.9882865	-7.0546436e-17	0	305.61703
4.2210000000003766e-10	0.15251364	-0.00010802905	0.9882861	-7.054644e-17	0	305.61703
4.222000000000377e-10	0.15251595	-0.00011014749	0.98828566	-7.054644e-17	0	305.61703
4.223000000000377e-10	0.15251827	-0.00011221905	0.98828536	-7.054645e-17	0	305.61703
4.2240000000003775e-10	0.15252066	-0.000114243245	0.9882849	-7.054643e-17	0	305.61703
4.225000000000378e-10	0.15252306	-0.0001162195	0.98828465	-7.054644e-17	0	305.61703
4.226000000000378e-10	0.15252545	-0.0001181476	0.9882843	-7.054644e-17	0	305.61703
4.2270000000003784e-10	0.15252793	-0.000120027384	0.9882839	-7.054642e-17	0	305.61703
4.2280000000003787e-10	0.15253039	-0.00012185852	0.98828346	-7.054645e-17	0	305.61703
4.229000000000379e-10	0.1525329	-0.00012364048	0.9882831	-7.054645e-17	0	305.61703
4.2300000000003793e-10	0.15253542	-0.00012537299	0.9882827	-7.054643e-17	0	305.61703
4.2310000000003796e-10	0.15253797	-0.00012705564	0.9882824	-7.0546456e-17	0	305.61703
4.23200000000038e-10	0.15254055	-0.00012868807	0.9882819	-7.054645e-17	0	305.61703
4.23300000000038e-10	0.15254314	-0.00013027016	0.9882815	-7.054643e-17	0	305.61703
4.2340000000003806e-10	0.15254577	-0.00013180175	0.98828113	-7.0546456e-17	0	305.61703
4.235000000000381e-10	0.15254837	-0.00013328267	0.98828083	-7.054642e-17	0	305.61703
4.236000000000381e-10	0.15255104	-0.00013471268	0.9882803	-7.0546436e-17	0	305.61703
4.2370000000003815e-10	0.1525537	-0.00013609162	0.98827994	-7.0546436e-17	0	305.61703
4.238000000000382e-10	0.1525564	-0.00013741922	0.98827946	-7.054644e-17	0	305.61703
4.239000000000382e-10	0.1525591	-0.00013869532	0.98827904	-7.054645e-17	0	305.61703
4.2400000000003824e-10	0.15256184	-0.00013991956	0.9882786	-7.0546436e-17	0	305.61703
4.2410000000003827e-10	0.15256459	-0.00014109189	0.9882782	-7.0546436e-17	0	305.61703
4.242000000000383e-10	0.15256733	-0.00014221227	0.9882778	-7.054644e-17	0	305.61703
4.2430000000003833e-10	0.15257008	-0.00014328065	0.9882773	-7.054644e-17	0	305.61703
4.2440000000003836e-10	0.15257287	-0.00014429705	0.9882769	-7.054644e-17	0	305.61703
4.245000000000384e-10	0.15257563	-0.00014526144	0.9882765	-7.0546436e-17	0	305.61703
4.246000000000384e-10	0.15257841	-0.00014617396	0.9882761	-7.0546456e-17	0	305.61703
4.2470000000003846e-10	0.15258119	-0.00014703441	0.9882755	-7.054643e-17	0	305.61703
4.248000000000385e-10	0.152584	-0.00014784279	0.9882753	-7.054645e-17	0	305.61703
4.249000000000385e-10	0.1525868	-0.00014859917	0.9882748	-7.054643e-17	0	305.61703
4.2500000000003855e-10	0.15258962	-0.0001493037	0.98827434	-7.054645e-17	0	305.61703
4.251000000000386e-10	0.15259242	-0.00014995618	0.9882739	-7.054645e-17	0	305.61703
4.252000000000386e-10	0.15259525	-0.00015055691	0.98827344	-7.054644e-17	0	305.61703
4.2530000000003864e-10	0.15259808	-0.00015110584	0.98827296	-7.054645e-17	0	305.61703
4.2540000000003867e-10	0.1526009	-0.00015160299	0.98827255	-7.0546436e-17	0	305.61703
4.255000000000387e-10	0.15260373	-0.00015204854	0.98827213	-7.054643e-17	0	305.61703
4.2560000000003873e-10	0.15260656	-0.00015244252	0.9882717	-7.054643e-17	0	305.61703
4.2570000000003876e-10	0.1526094	-0.00015278523	0.98827124	-7.0546436e-17	0	305.61703
4.258000000000388e-10	0.15261222	-0.00015307663	0.9882708	-7.054643e-17	0	305.61703
4.259000000000388e-10	0.15261504	-0.0001533172	0.9882704	-7.0546436e-17	0	305.61703
4.2600000000003885e-10	0.15261784	-0.00015350706	0.98826987	-7.054645e-17	0	305.61703
4.261000000000389e-10	0.15262066	-0.00015364648	0.98826957	-7.054644e-17	0	305.61703
4.262000000000389e-10	0.15262346	-0.00015373566	0.9882692	-7.054644e-17	0	305.61703
4.2630000000003895e-10	0.15262625	-0.00015377488	0.98826873	-7.054644e-17	0	305.61703
4.26400000000039e-10	0.15262903	-0.00015376441	0.98826826	-7.054644e-17	0	305.61703
4.26500000000039e-10	0.15263183	-0.0001537044	0.9882678	-7.0546436e-17	0	305.61703
4.2660000000003904e-10	0.15263459	-0.00015359512	0.98826736	-7.054644e-17	0	305.61703
4.2670000000003907e-10	0.15263736	-0.00015343691	0.9882669	-7.054645e-17	0	305.61703
4.268000000000391e-10	0.15264012	-0.00015323007	0.98826647	-7.054644e-17	0	305.61703
4.2690000000003913e-10	0.15264288	-0.0001529748	0.9882661	-7.054644e-17	0	305.61703
4.2700000000003916e-10	0.15264562	-0.00015267149	0.9882657	-7.0546436e-17	0	305.61703
4.271000000000392e-10	0.15264836	-0.00015232028	0.98826516	-7.054644e-17	0	305.61703
4.272000000000392e-10	0.15265107	-0.00015192153	0.98826486	-7.0546436e-17	0	305.61703
4.2730000000003925e-10	0.15265377	-0.00015147566	0.98826444	-7.054643e-17	0	305.61703
4.274000000000393e-10	0.15265645	-0.0001509832	0.98826396	-7.0546436e-17	0	305.61703
4.275000000000393e-10	0.15265912	-0.00015044445	0.9882635	-7.054646e-17	0	305.61703
4.2760000000003934e-10	0.15266177	-0.00014985987	0.9882632	-7.054644e-17	0	305.61703
4.277000000000394e-10	0.1526644	-0.00014923002	0.9882627	-7.054642e-17	0	305.61703
4.278000000000394e-10	0.152667	-0.0001485554	0.9882623	-7.054645e-17	0	305.61703
4.2790000000003944e-10	0.1526696	-0.00014783637	0.98826206	-7.0546436e-17	0	305.61703
4.2800000000003947e-10	0.15267217	-0.00014707344	0.9882616	-7.0546436e-17	0	305.61703
4.281000000000395e-10	0.15267472	-0.00014626693	0.98826116	-7.0546436e-17	0	305.61703
4.2820000000003953e-10	0.15267727	-0.00014541726	0.98826075	-7.0546436e-17	0	305.61703
4.2830000000003956e-10	0.15267977	-0.0001445251	0.9882603	-7.054644e-17	0	305.61703
4.284000000000396e-10	0.15268226	-0.00014359085	0.9882599	-7.054645e-17	0	305.61703
4.285000000000396e-10	0.15268472	-0.00014261517	0.9882597	-7.0546436e-17	0	305.61703
4.2860000000003965e-10	0.15268716	-0.00014159872	0.98825926	-7.054644e-17	0	305.61703
4.287000000000397e-10	0.15268958	-0.00014054179	0.98825884	-7.054643e-17	0	305.61703
4.288000000000397e-10	0.15269198	-0.00013944511	0.9882585	-7.054644e-17	0	305.61703
4.2890000000003974e-10	0.15269434	-0.00013830904	0.98825806	-7.054645e-17	0	305.61703
4.290000000000398e-10	0.15269667	-0.00013713424	0.9882578	-7.054644e-17	0	305.61703
4.291000000000398e-10	0.15269898	-0.0001359213	0.9882574	-7.0546456e-17	0	305.61703
4.2920000000003984e-10	0.15270127	-0.00013467093	0.98825705	-7.054642e-17	0	305.61703
4.2930000000003987e-10	0.15270351	-0.00013338373	0.98825663	-7.0546456e-17	0	305.61703
4.294000000000399e-10	0.15270571	-0.00013206035	0.98825634	-7.0546436e-17	0	305.61703
4.2950000000003993e-10	0.15270792	-0.00013070132	0.98825604	-7.054646e-17	0	305.61703
4.2960000000003996e-10	0.15271008	-0.00012930737	0.9882556	-7.0546436e-17	0	305.61703
4.2970000000004e-10	0.1527122	-0.00012787912	0.9882554	-7.054644e-17	0	305.61703
4.2980000000004e-10	0.15271427	-0.00012641746	0.9882551	-7.0546436e-17	0	305.61703
4.2990000000004005e-10	0.15271631	-0.00012492307	0.98825467	-7.0546436e-17	0	305.61703
4.300000000000401e-10	0.15271834	-0.00012339656	0.9882544	-7.054644e-17	0	305.61703
4.301000000000401e-10	0.15272033	-0.00012183854	0.98825413	-7.0546436e-17	0	305.61703
4.3020000000004014e-10	0.1527223	-0.000120249606	0.98825383	-7.054645e-17	0	305.61703
4.3030000000004017e-10	0.15272422	-0.00011863054	0.98825353	-7.0546436e-17	0	305.61703
4.304000000000402e-10	0.15272611	-0.000116981944	0.9882532	-7.0546436e-17	0	305.61703
4.3050000000004023e-10	0.15272796	-0.000115304596	0.9882529	-7.054645e-17	0	305.61703
4.3060000000004026e-10	0.1527298	-0.00011359909	0.98825264	-7.054644e-17	0	305.61703
4.307000000000403e-10	0.15273158	-0.000111866044	0.9882523	-7.054643e-17	0	305.61703
4.3080000000004033e-10	0.15273333	-0.00011010624	0.98825204	-7.054642e-17	0	305.61703
4.3090000000004036e-10	0.15273504	-0.000108320455	0.9882518	-7.0546436e-17	0	305.61703
4.310000000000404e-10	0.15273672	-0.00010650938	0.9882515	-7.054645e-17	0	305.61703
4.311000000000404e-10	0.15273835	-0.00010467364	0.9882513	-7.054645e-17	0	305.61703
4.3120000000004045e-10	0.15273997	-0.00010281398	0.988251	-7.054644e-17	0	305.61703
4.313000000000405e-10	0.15274154	-0.000100931196	0.98825085	-7.0546436e-17	0	305.61703
4.314000000000405e-10	0.15274307	-9.902606e-05	0.9882505	-7.054644e-17	0	305.61703
4.3150000000004054e-10	0.15274458	-9.7099226e-05	0.98825043	-7.0546436e-17	0	305.61703
4.3160000000004057e-10	0.15274602	-9.51514e-05	0.98825	-7.054643e-17	0	305.61703
4.317000000000406e-10	0.15274744	-9.318316e-05	0.9882499	-7.054644e-17	0	305.61703
4.3180000000004063e-10	0.15274914	-9.321565e-05	0.98824954	-7.047128e-17	0	305.08252
4.3190000000004066e-10	0.15275113	-9.523286e-05	0.98824936	-7.0471275e-17	0	305.08252
4.320000000000407e-10	0.15275317	-9.720893e-05	0.988249	-7.0471275e-17	0	305.08252
4.321000000000407e-10	0.15275522	-9.914335e-05	0.9882487	-7.0471275e-17	0	305.08252
4.3220000000004076e-10	0.15275729	-0.00010103592	0.98824835	-7.0471275e-17	0	305.08252
4.323000000000408e-10	0.1527594	-0.00010288614	0.988248	-7.0471255e-17	0	305.08252
4.324000000000408e-10	0.15276155	-0.00010469363	0.9882477	-7.047127e-17	0	305.08252
4.3250000000004085e-10	0.15276374	-0.00010645768	0.98824733	-7.047127e-17	0	305.08252
4.326000000000409e-10	0.15276596	-0.000108178065	0.98824704	-7.047128e-17	0	305.08252
4.327000000000409e-10	0.15276818	-0.00010985445	0.98824674	-7.0471275e-17	0	305.08252
4.3280000000004094e-10	0.15277043	-0.00011148661	0.98824626	-7.047127e-17	0	305.08252
4.3290000000004097e-10	0.15277271	-0.00011307413	0.98824596	-7.047126e-17	0	305.08252
4.33000000000041e-10	0.152775	-0.00011461681	0.98824567	-7.047126e-17	0	305.08252
4.3310000000004103e-10	0.15277733	-0.00011611439	0.98824525	-7.0471275e-17	0	305.08252
4.3320000000004106e-10	0.15277968	-0.00011756657	0.98824483	-7.0471275e-17	0	305.08252
4.333000000000411e-10	0.15278202	-0.00011897303	0.98824453	-7.0471255e-17	0	305.08252
4.334000000000411e-10	0.15278444	-0.00012033354	0.98824424	-7.047127e-17	0	305.08252
4.3350000000004115e-10	0.15278684	-0.00012164808	0.9882438	-7.047128e-17	0	305.08252
4.336000000000412e-10	0.15278924	-0.0001229164	0.9882434	-7.047128e-17	0	305.08252
4.337000000000412e-10	0.15279168	-0.0001241383	0.988243	-7.0471255e-17	0	305.08252
4.3380000000004125e-10	0.1527941	-0.00012531363	0.9882426	-7.0471275e-17	0	305.08252
4.339000000000413e-10	0.15279657	-0.00012644244	0.9882423	-7.0471275e-17	0	305.08252
4.340000000000413e-10	0.15279904	-0.00012752447	0.98824185	-7.0471275e-17	0	305.08252
4.3410000000004134e-10	0.15280151	-0.0001285596	0.98824155	-7.047129e-17	0	305.08252
4.3420000000004137e-10	0.152804	-0.00012954793	0.98824114	-7.0471255e-17	0	305.08252
4.343000000000414e-10	0.15280652	-0.00013048931	0.98824066	-7.047127e-17	0	305.08252
4.3440000000004143e-10	0.15280902	-0.00013138354	0.9882403	-7.0471255e-17	0	305.08252
4.3450000000004146e-10	0.15281157	-0.00013223052	0.98824	-7.047127e-17	0	305.08252
4.346000000000415e-10	0.1528141	-0.00013303036	0.9882396	-7.047127e-17	0	305.08252
4.347000000000415e-10	0.15281665	-0.00013378284	0.98823917	-7.047128e-17	0	305.08252
4.3480000000004155e-10	0.15281923	-0.000134488	0.98823875	-7.047127e-17	0	305.08252
4.349000000000416e-10	0.15282176	-0.00013514582	0.9882383	-7.047126e-17	0	305.08252
4.350000000000416e-10	0.15282434	-0.00013575639	0.98823786	-7.047127e-17	0	305.08252
4.3510000000004165e-10	0.1528269	-0.00013631975	0.9882376	-7.0471275e-17	0	305.08252
4.352000000000417e-10	0.15282948	-0.0001368359	0.9882372	-7.047127e-17	0	305.08252
4.353000000000417e-10	0.15283206	-0.00013730495	0.9882368	-7.0471275e-17	0	305.08252
4.3540000000004174e-10	0.15283464	-0.00013772695	0.9882364	-7.047126e-17	0	305.08252
4.3550000000004177e-10	0.15283722	-0.00013810214	0.988236	-7.0471275e-17	0	305.08252
4.356000000000418e-10	0.15283978	-0.00013843061	0.9882356	-7.0471255e-17	0	305.08252
4.3570000000004183e-10	0.15284236	-0.0001387125	0.9882352	-7.047127e-17	0	305.08252
4.3580000000004186e-10	0.15284492	-0.00013894809	0.98823476	-7.047128e-17	0	305.08252
4.359000000000419e-10	0.15284751	-0.00013913742	0.9882344	-7.047126e-17	0	305.08252
4.360000000000419e-10	0.15285006	-0.00013928076	0.988234	-7.0471255e-17	0	305.08252
4.3610000000004195e-10	0.15285262	-0.00013937824	0.98823357	-7.047128e-17	0	305.08252
4.36200000000042e-10	0.15285516	-0.00013943012	0.98823315	-7.047127e-17	0	305.08252
4.36300000000042e-10	0.15285772	-0.00013943658	0.98823273	-7.0471275e-17	0	305.08252
4.3640000000004204e-10	0.15286025	-0.00013939792	0.9882325	-7.047126e-17	0	305.08252
4.365000000000421e-10	0.15286277	-0.00013931432	0.9882321	-7.0471275e-17	0	305.08252
4.366000000000421e-10	0.1528653	-0.0001391862	0.9882316	-7.047128e-17	0	305.08252
4.3670000000004214e-10	0.15286782	-0.0001390138	0.9882312	-7.0471275e-17	0	305.08252
4.3680000000004217e-10	0.15287031	-0.00013879745	0.9882308	-7.0471255e-17	0	305.08252
4.369000000000422e-10	0.15287279	-0.00013853748	0.98823047	-7.047127e-17	0	305.08252
4.3700000000004223e-10	0.15287524	-0.00013823432	0.9882301	-7.047129e-17	0	305.08252
4.3710000000004226e-10	0.15287772	-0.00013788819	0.9882297	-7.047127e-17	0	305.08252
4.372000000000423e-10	0.15288016	-0.00013749956	0.9882293	-7.047126e-17	0	305.08252
4.373000000000423e-10	0.15288259	-0.00013706875	0.9882289	-7.0471275e-17	0	305.08252
4.3740000000004235e-10	0.15288502	-0.00013659609	0.98822856	-7.047127e-17	0	305.08252
4.375000000000424e-10	0.15288742	-0.00013608187	0.9882282	-7.0471275e-17	0	305.08252
4.376000000000424e-10	0.15288982	-0.00013552641	0.98822784	-7.047126e-17	0	305.08252
4.3770000000004244e-10	0.1528922	-0.00013493004	0.9882275	-7.047127e-17	0	305.08252
4.3780000000004247e-10	0.15289456	-0.00013429318	0.988227	-7.047128e-17	0	305.08252
4.379000000000425e-10	0.1528969	-0.00013361636	0.98822665	-7.0471275e-17	0	305.08252
4.3800000000004253e-10	0.15289924	-0.00013289986	0.9882264	-7.0471275e-17	0	305.08252
4.3810000000004257e-10	0.15290153	-0.00013214433	0.988226	-7.047128e-17	0	305.08252
4.382000000000426e-10	0.15290378	-0.0001313503	0.9882256	-7.047126e-17	0	305.08252
4.3830000000004263e-10	0.15290605	-0.00013051822	0.98822534	-7.0471275e-17	0	305.08252
4.3840000000004266e-10	0.15290828	-0.00012964863	0.988225	-7.0471255e-17	0	305.08252
4.385000000000427e-10	0.1529105	-0.0001287418	0.98822457	-7.047125e-17	0	305.08252
4.386000000000427e-10	0.1529127	-0.00012779825	0.98822427	-7.0471275e-17	0	305.08252
4.3870000000004275e-10	0.15291487	-0.00012681853	0.98822385	-7.047126e-17	0	305.08252
4.388000000000428e-10	0.152917	-0.00012580333	0.9882236	-7.047127e-17	0	305.08252
4.389000000000428e-10	0.1529191	-0.00012475338	0.9882233	-7.0471255e-17	0	305.08252
4.3900000000004284e-10	0.15292117	-0.00012366913	0.9882229	-7.047127e-17	0	305.08252
4.3910000000004287e-10	0.15292323	-0.00012255108	0.98822266	-7.047127e-17	0	305.08252
4.392000000000429e-10	0.15292527	-0.00012139974	0.98822236	-7.047127e-17	0	305.08252
4.3930000000004293e-10	0.15292728	-0.00012021557	0.98822194	-7.047127e-17	0	305.08252
4.3940000000004296e-10	0.15292928	-0.000118999	0.98822165	-7.047126e-17	0	305.08252
4.39500000000043e-10	0.15293121	-0.00011775078	0.98822135	-7.047128e-17	0	305.08252
4.39600000000043e-10	0.15293315	-0.0001164715	0.988221	-7.0471275e-17	0	305.08252
4.3970000000004306e-10	0.15293503	-0.00011516185	0.9882208	-7.047127e-17	0	305.08252
4.398000000000431e-10	0.1529369	-0.00011382234	0.98822045	-7.0471275e-17	0	305.08252
4.399000000000431e-10	0.15293878	-0.00011245339	0.98822033	-7.047127e-17	0	305.08252
4.4000000000004315e-10	0.1529406	-0.00011105546	0.9882199	-7.047128e-17	0	305.08252
4.401000000000432e-10	0.15294237	-0.00010962935	0.98821974	-7.047126e-17	0	305.08252
4.402000000000432e-10	0.15294413	-0.00010817568	0.9882194	-7.0471275e-17	0	305.08252
4.4030000000004324e-10	0.15294585	-0.000106695086	0.9882191	-7.047127e-17	0	305.08252
4.4040000000004327e-10	0.15294755	-0.0001051883	0.9882189	-7.047127e-17	0	305.08252
4.405000000000433e-10	0.15294923	-0.00010365566	0.98821855	-7.0471255e-17	0	305.08252
4.4060000000004333e-10	0.15295087	-0.00010209777	0.98821837	-7.0471275e-17	0	305.08252
4.4070000000004336e-10	0.15295245	-0.000100515426	0.988218	-7.047124e-17	0	305.08252
4.408000000000434e-10	0.15295401	-9.8909215e-05	0.9882179	-7.047128e-17	0	305.08252
4.409000000000434e-10	0.15295555	-9.727994e-05	0.98821753	-7.047127e-17	0	305.08252
4.4100000000004346e-10	0.15295707	-9.562815e-05	0.9882174	-7.047126e-17	0	305.08252
4.411000000000435e-10	0.15295854	-9.3954324e-05	0.9882171	-7.047127e-17	0	305.08252
4.412000000000435e-10	0.15295999	-9.225924e-05	0.98821694	-7.047129e-17	0	305.08252
4.4130000000004355e-10	0.15296137	-9.0543595e-05	0.9882167	-7.047127e-17	0	305.08252
4.414000000000436e-10	0.15296274	-8.88081e-05	0.9882165	-7.047127e-17	0	305.08252
4.415000000000436e-10	0.15296407	-8.70533e-05	0.9882163	-7.0471255e-17	0	305.08252
4.4160000000004364e-10	0.1529654	-8.527968e-05	0.98821616	-7.047126e-17	0	305.08252
4.4170000000004367e-10	0.15296665	-8.348801e-05	0.98821586	-7.0471255e-17	0	305.08252
4.418000000000437e-10	0.15296815	-8.3508006e-05	0.9882157	-7.040326e-17	0	304.59885
4.4190000000004373e-10	0.15296994	-8.532508e-05	0.9882153	-7.0403254e-17	0	304.59885
4.4200000000004376e-10	0.15297177	-8.710523e-05	0.9882151	-7.040324e-17	0	304.59885
4.421000000000438e-10	0.15297364	-8.884796e-05	0.9882148	-7.040327e-17	0	304.59885
4.422000000000438e-10	0.15297551	-9.055288e-05	0.9882145	-7.040328e-17	0	304.59885
4.4230000000004385e-10	0.15297739	-9.221982e-05	0.98821425	-7.040325e-17	0	304.59885
4.424000000000439e-10	0.15297931	-9.384858e-05	0.9882139	-7.040325e-17	0	304.59885
4.425000000000439e-10	0.15298125	-9.543893e-05	0.9882136	-7.0403254e-17	0	304.59885
4.4260000000004395e-10	0.15298322	-9.699043e-05	0.9882133	-7.040327e-17	0	304.59885
4.42700000000044e-10	0.15298522	-9.850275e-05	0.988213	-7.040327e-17	0	304.59885
4.42800000000044e-10	0.15298721	-9.997556e-05	0.98821265	-7.0403294e-17	0	304.59885
4.4290000000004404e-10	0.15298925	-0.000101408295	0.9882124	-7.040328e-17	0	304.59885
4.4300000000004407e-10	0.1529913	-0.00010280087	0.9882121	-7.0403254e-17	0	304.59885
4.431000000000441e-10	0.15299337	-0.000104153296	0.9882117	-7.040326e-17	0	304.59885
4.4320000000004413e-10	0.15299545	-0.000105465486	0.9882114	-7.0403254e-17	0	304.59885
4.4330000000004416e-10	0.15299754	-0.000106737294	0.98821104	-7.0403254e-17	0	304.59885
4.434000000000442e-10	0.15299964	-0.000107968364	0.98821074	-7.0403254e-17	0	304.59885
4.435000000000442e-10	0.15300176	-0.00010915857	0.98821044	-7.0403254e-17	0	304.59885
4.4360000000004425e-10	0.15300393	-0.000110307636	0.98821014	-7.040327e-17	0	304.59885
4.437000000000443e-10	0.15300609	-0.00011141529	0.9882098	-7.040327e-17	0	304.59885
4.438000000000443e-10	0.1530083	-0.0001124813	0.9882094	-7.040326e-17	0	304.59885
4.4390000000004434e-10	0.15301052	-0.000113505455	0.9882091	-7.0403274e-17	0	304.59885
4.440000000000444e-10	0.15301275	-0.000114487506	0.9882087	-7.040326e-17	0	304.59885
4.441000000000444e-10	0.15301499	-0.00011542722	0.9882084	-7.040327e-17	0	304.59885
4.4420000000004444e-10	0.15301724	-0.00011632471	0.98820806	-7.0403254e-17	0	304.59885
4.4430000000004447e-10	0.15301949	-0.00011717991	0.9882077	-7.040329e-17	0	304.59885
4.444000000000445e-10	0.15302174	-0.000117992866	0.9882073	-7.0403274e-17	0	304.59885
4.4450000000004453e-10	0.153024	-0.00011876358	0.988207	-7.0403274e-17	0	304.59885
4.4460000000004456e-10	0.15302625	-0.000119492084	0.9882067	-7.040325e-17	0	304.59885
4.447000000000446e-10	0.15302853	-0.000120178454	0.98820627	-7.040327e-17	0	304.59885
4.448000000000446e-10	0.15303081	-0.00012082276	0.9882059	-7.040326e-17	0	304.59885
4.4490000000004465e-10	0.15303308	-0.00012142495	0.9882056	-7.040329e-17	0	304.59885
4.450000000000447e-10	0.15303537	-0.0001219851	0.98820525	-7.0403274e-17	0	304.59885
4.451000000000447e-10	0.15303767	-0.00012250303	0.98820484	-7.0403274e-17	0	304.59885
4.4520000000004474e-10	0.15303998	-0.00012297879	0.9882045	-7.040326e-17	0	304.59885
4.4530000000004477e-10	0.15304229	-0.00012341246	0.9882041	-7.040327e-17	0	304.59885
4.454000000000448e-10	0.15304458	-0.00012380406	0.9882038	-7.0403254e-17	0	304.59885
4.4550000000004484e-10	0.15304689	-0.00012415371	0.9882034	-7.040326e-17	0	304.59885
4.4560000000004487e-10	0.1530492	-0.00012446153	0.9882031	-7.040327e-17	0	304.59885
4.457000000000449e-10	0.1530515	-0.00012472773	0.9882027	-7.040327e-17	0	304.59885
4.4580000000004493e-10	0.15305379	-0.00012495244	0.9882024	-7.0403254e-17	0	304.59885
4.4590000000004496e-10	0.15305609	-0.00012513589	0.9882021	-7.0403235e-17	0	304.59885
4.46000000000045e-10	0.15305838	-0.00012527825	0.9882017	-7.040326e-17	0	304.59885
4.46100000000045e-10	0.15306066	-0.00012537978	0.98820126	-7.040326e-17	0	304.59885
4.4620000000004505e-10	0.15306294	-0.00012544068	0.988201	-7.040328e-17	0	304.59885
4.463000000000451e-10	0.15306519	-0.00012546119	0.98820066	-7.0403254e-17	0	304.59885
4.464000000000451e-10	0.15306747	-0.0001254414	0.98820025	-7.0403274e-17	0	304.59885
4.4650000000004514e-10	0.15306973	-0.00012538148	0.98819983	-7.040327e-17	0	304.59885
4.4660000000004517e-10	0.153072	-0.00012528163	0.98819965	-7.040328e-17	0	304.59885
4.467000000000452e-10	0.15307425	-0.00012514213	0.98819923	-7.040327e-17	0	304.59885
4.4680000000004523e-10	0.1530765	-0.00012496303	0.9881988	-7.040326e-17	0	304.59885
4.4690000000004526e-10	0.15307873	-0.00012474458	0.9881984	-7.040325e-17	0	304.59885
4.470000000000453e-10	0.15308097	-0.00012448698	0.9881982	-7.040327e-17	0	304.59885
4.4710000000004533e-10	0.15308319	-0.00012419067	0.9881978	-7.040327e-17	0	304.59885
4.4720000000004536e-10	0.15308538	-0.00012385596	0.98819745	-7.040328e-17	0	304.59885
4.473000000000454e-10	0.15308757	-0.00012348325	0.9881971	-7.040327e-17	0	304.59885
4.474000000000454e-10	0.15308975	-0.00012307294	0.9881968	-7.0403254e-17	0	304.59885
4.4750000000004545e-10	0.15309191	-0.00012262547	0.9881964	-7.040326e-17	0	304.59885
4.476000000000455e-10	0.15309402	-0.0001221413	0.9881961	-7.0403254e-17	0	304.59885
4.477000000000455e-10	0.15309614	-0.00012162077	0.98819584	-7.040326e-17	0	304.59885
4.4780000000004554e-10	0.15309823	-0.00012106433	0.9881954	-7.040326e-17	0	304.59885
4.4790000000004557e-10	0.15310033	-0.00012047221	0.9881951	-7.040327e-17	0	304.59885
4.480000000000456e-10	0.15310241	-0.00011984492	0.98819476	-7.040326e-17	0	304.59885
4.4810000000004563e-10	0.15310445	-0.000119182674	0.98819447	-7.0403254e-17	0	304.59885
4.4820000000004566e-10	0.15310651	-0.000118485834	0.98819417	-7.040326e-17	0	304.59885
4.483000000000457e-10	0.15310855	-0.00011775464	0.9881938	-7.040325e-17	0	304.59885
4.484000000000457e-10	0.15311055	-0.00011698954	0.9881936	-7.0403254e-17	0	304.59885
4.4850000000004576e-10	0.15311253	-0.00011619098	0.9881932	-7.040326e-17	0	304.59885
4.486000000000458e-10	0.15311451	-0.00011535961	0.9881929	-7.0403274e-17	0	304.59885
4.487000000000458e-10	0.15311645	-0.00011449588	0.9881927	-7.0403254e-17	0	304.59885
4.4880000000004585e-10	0.15311837	-0.00011360025	0.98819226	-7.0403254e-17	0	304.59885
4.489000000000459e-10	0.15312026	-0.00011267325	0.98819214	-7.0403254e-17	0	304.59885
4.490000000000459e-10	0.15312214	-0.00011171518	0.9881917	-7.0403254e-17	0	304.59885
4.4910000000004594e-10	0.15312402	-0.000110726345	0.98819137	-7.0403274e-17	0	304.59885
4.4920000000004597e-10	0.15312587	-0.000109707114	0.9881912	-7.040327e-17	0	304.59885
4.49300000000046e-10	0.1531277	-0.00010865816	0.9881908	-7.0403274e-17	0	304.59885
4.4940000000004603e-10	0.15312949	-0.00010757999	0.9881906	-7.040326e-17	0	304.59885
4.4950000000004606e-10	0.15313126	-0.000106473184	0.9881903	-7.0403274e-17	0	304.59885
4.496000000000461e-10	0.153133	-0.00010533833	0.98819005	-7.040326e-17	0	304.59885
4.497000000000461e-10	0.15313472	-0.00010417599	0.9881898	-7.0403254e-17	0	304.59885
4.4980000000004615e-10	0.15313643	-0.00010298643	0.9881895	-7.040327e-17	0	304.59885
4.499000000000462e-10	0.1531381	-0.00010177001	0.9881893	-7.040325e-17	0	304.59885
4.500000000000462e-10	0.15313976	-0.000100527446	0.98818904	-7.0403254e-17	0	304.59885
4.5010000000004625e-10	0.15314138	-9.9259225e-05	0.9881888	-7.0403274e-17	0	304.59885
4.502000000000463e-10	0.15314297	-9.796601e-05	0.9881885	-7.040327e-17	0	304.59885
4.503000000000463e-10	0.15314452	-9.664843e-05	0.98818827	-7.0403254e-17	0	304.59885
4.5040000000004634e-10	0.15314606	-9.530701e-05	0.988188	-7.040326e-17	0	304.59885
4.5050000000004637e-10	0.15314758	-9.3942035e-05	0.98818785	-7.04033e-17	0	304.59885
4.506000000000464e-10	0.15314907	-9.2554e-05	0.98818755	-7.0403274e-17	0	304.59885
4.5070000000004643e-10	0.15315053	-9.11436e-05	0.9881873	-7.040327e-17	0	304.59885
4.5080000000004646e-10	0.15315194	-8.971164e-05	0.98818713	-7.040327e-17	0	304.59885
4.509000000000465e-10	0.15315333	-8.825862e-05	0.98818696	-7.0403254e-17	0	304.59885
4.510000000000465e-10	0.1531547	-8.678518e-05	0.98818666	-7.040327e-17	0	304.59885
4.5110000000004655e-10	0.15315606	-8.529166e-05	0.98818654	-7.040328e-17	0	304.59885
4.512000000000466e-10	0.15315735	-8.377858e-05	0.9881863	-7.040326e-17	0	304.59885
4.513000000000466e-10	0.15315863	-8.224656e-05	0.9881861	-7.0403254e-17	0	304.59885
4.5140000000004665e-10	0.15315989	-8.0696394e-05	0.988186	-7.040327e-17	0	304.59885
4.515000000000467e-10	0.15316108	-7.9128724e-05	0.9881857	-7.040326e-17	0	304.59885
4.516000000000467e-10	0.15316229	-7.754422e-05	0.9881856	-7.0403254e-17	0	304.59885
4.5170000000004674e-10	0.15316343	-7.594318e-05	0.9881853	-7.0403274e-17	0	304.59885
4.5180000000004677e-10	0.1531648	-7.598138e-05	0.9881851	-7.034175e-17	0	304.1612
4.519000000000468e-10	0.15316644	-7.764587e-05	0.9881848	-7.034176e-17	0	304.1612
4.5200000000004683e-10	0.1531681	-7.9276666e-05	0.98818463	-7.034175e-17	0	304.1612
4.5210000000004686e-10	0.1531698	-8.087339e-05	0.98818433	-7.034175e-17	0	304.1612
4.522000000000469e-10	0.15317151	-8.243567e-05	0.9881841	-7.034174e-17	0	304.1612
4.523000000000469e-10	0.15317324	-8.3963416e-05	0.98818386	-7.034173e-17	0	304.1612
4.5240000000004695e-10	0.15317498	-8.545642e-05	0.98818356	-7.034175e-17	0	304.1612
4.52500000000047e-10	0.15317674	-8.6914435e-05	0.98818326	-7.034175e-17	0	304.1612
4.52600000000047e-10	0.15317851	-8.833711e-05	0.98818296	-7.034174e-17	0	304.1612
4.5270000000004704e-10	0.15318035	-8.97241e-05	0.9881826	-7.034176e-17	0	304.1612
4.528000000000471e-10	0.15318218	-9.107508e-05	0.9881824	-7.0341765e-17	0	304.1612
4.529000000000471e-10	0.15318403	-9.238988e-05	0.98818207	-7.034178e-17	0	304.1612
4.5300000000004714e-10	0.15318592	-9.3668015e-05	0.9881818	-7.034175e-17	0	304.1612
4.5310000000004717e-10	0.15318781	-9.490941e-05	0.98818153	-7.034175e-17	0	304.1612
4.532000000000472e-10	0.15318969	-9.611393e-05	0.98818123	-7.034175e-17	0	304.1612
4.5330000000004723e-10	0.1531916	-9.728154e-05	0.988181	-7.034173e-17	0	304.1612
4.5340000000004726e-10	0.15319352	-9.841227e-05	0.9881806	-7.034175e-17	0	304.1612
4.535000000000473e-10	0.15319547	-9.950574e-05	0.98818046	-7.034174e-17	0	304.1612
4.536000000000473e-10	0.15319742	-0.00010056181	0.98818004	-7.034175e-17	0	304.1612
4.5370000000004735e-10	0.15319939	-0.00010158034	0.9881796	-7.034174e-17	0	304.1612
4.538000000000474e-10	0.15320139	-0.000102560996	0.9881795	-7.0341745e-17	0	304.1612
4.539000000000474e-10	0.15320338	-0.000103503706	0.9881791	-7.034174e-17	0	304.1612
4.5400000000004744e-10	0.15320538	-0.00010440851	0.9881788	-7.0341745e-17	0	304.1612
4.5410000000004747e-10	0.15320742	-0.00010527513	0.98817855	-7.034174e-17	0	304.1612
4.542000000000475e-10	0.15320946	-0.00010610337	0.98817813	-7.034175e-17	0	304.1612
4.5430000000004753e-10	0.1532115	-0.00010689314	0.98817784	-7.034176e-17	0	304.1612
4.5440000000004757e-10	0.15321358	-0.000107644395	0.9881776	-7.034175e-17	0	304.1612
4.545000000000476e-10	0.15321563	-0.00010835726	0.9881772	-7.0341745e-17	0	304.1612
4.5460000000004763e-10	0.1532177	-0.00010903162	0.9881769	-7.034175e-17	0	304.1612
4.5470000000004766e-10	0.15321976	-0.00010966777	0.98817664	-7.034176e-17	0	304.1612
4.548000000000477e-10	0.15322183	-0.000110265544	0.9881762	-7.034173e-17	0	304.1612
4.549000000000477e-10	0.15322389	-0.00011082508	0.9881759	-7.0341745e-17	0	304.1612
4.5500000000004775e-10	0.15322596	-0.000111346475	0.9881756	-7.034175e-17	0	304.1612
4.551000000000478e-10	0.15322803	-0.00011182965	0.9881753	-7.034175e-17	0	304.1612
4.552000000000478e-10	0.15323012	-0.00011227491	0.988175	-7.034175e-17	0	304.1612
4.5530000000004784e-10	0.15323217	-0.000112682246	0.9881746	-7.0341765e-17	0	304.1612
4.5540000000004787e-10	0.15323426	-0.00011305172	0.9881743	-7.034175e-17	0	304.1612
4.555000000000479e-10	0.15323633	-0.00011338339	0.98817396	-7.034175e-17	0	304.1612
4.5560000000004793e-10	0.15323842	-0.00011367751	0.98817366	-7.034176e-17	0	304.1612
4.5570000000004796e-10	0.15324049	-0.00011393406	0.9881734	-7.0341745e-17	0	304.1612
4.55800000000048e-10	0.15324256	-0.0001141532	0.988173	-7.034175e-17	0	304.1612
4.55900000000048e-10	0.15324463	-0.00011433505	0.98817265	-7.034174e-17	0	304.1612
4.5600000000004806e-10	0.1532467	-0.00011447971	0.9881725	-7.0341745e-17	0	304.1612
4.561000000000481e-10	0.15324877	-0.000114587354	0.98817205	-7.034173e-17	0	304.1612
4.562000000000481e-10	0.15325084	-0.00011465803	0.9881717	-7.0341745e-17	0	304.1612
4.5630000000004815e-10	0.15325291	-0.00011469197	0.9881714	-7.0341745e-17	0	304.1612
4.564000000000482e-10	0.15325497	-0.00011468925	0.9881711	-7.0341745e-17	0	304.1612
4.565000000000482e-10	0.15325701	-0.000114650116	0.98817074	-7.034176e-17	0	304.1612
4.5660000000004824e-10	0.15325908	-0.000114574614	0.98817044	-7.034175e-17	0	304.1612
4.5670000000004827e-10	0.15326115	-0.00011446294	0.98817015	-7.0341765e-17	0	304.1612
4.568000000000483e-10	0.15326318	-0.00011431525	0.9881698	-7.034174e-17	0	304.1612
4.5690000000004833e-10	0.15326524	-0.00011413179	0.9881695	-7.034173e-17	0	304.1612
4.5700000000004836e-10	0.15326726	-0.000113912836	0.9881692	-7.0341745e-17	0	304.1612
4.571000000000484e-10	0.15326928	-0.000113658636	0.9881689	-7.034174e-17	0	304.1612
4.572000000000484e-10	0.15327127	-0.00011336943	0.9881686	-7.0341745e-17	0	304.1612
4.5730000000004845e-10	0.15327328	-0.00011304555	0.98816824	-7.0341745e-17	0	304.1612
4.574000000000485e-10	0.15327528	-0.00011268728	0.98816794	-7.034175e-17	0	304.1612
4.575000000000485e-10	0.15327725	-0.00011229499	0.9881676	-7.034176e-17	0	304.1612
4.5760000000004855e-10	0.15327917	-0.00011186891	0.98816735	-7.034175e-17	0	304.1612
4.577000000000486e-10	0.15328112	-0.00011140958	0.988167	-7.0341745e-17	0	304.1612
4.578000000000486e-10	0.15328307	-0.000110917244	0.9881667	-7.0341745e-17	0	304.1612
4.5790000000004864e-10	0.15328497	-0.00011039221	0.98816645	-7.0341745e-17	0	304.1612
4.5800000000004867e-10	0.15328687	-0.00010983493	0.98816615	-7.034174e-17	0	304.1612
4.581000000000487e-10	0.15328875	-0.000109245724	0.9881659	-7.0341745e-17	0	304.1612
4.5820000000004873e-10	0.15329063	-0.00010862475	0.98816556	-7.0341765e-17	0	304.1612
4.5830000000004876e-10	0.1532925	-0.000107972395	0.98816526	-7.034176e-17	0	304.1612
4.584000000000488e-10	0.15329437	-0.00010728887	0.988165	-7.0341765e-17	0	304.1612
4.585000000000488e-10	0.15329619	-0.000106574545	0.98816466	-7.034177e-17	0	304.1612
4.5860000000004885e-10	0.15329799	-0.00010582999	0.9881645	-7.0341765e-17	0	304.1612
4.587000000000489e-10	0.15329978	-0.000105055624	0.98816407	-7.034175e-17	0	304.1612
4.588000000000489e-10	0.15330155	-0.00010425193	0.9881638	-7.0341745e-17	0	304.1612
4.5890000000004895e-10	0.1533033	-0.00010341928	0.9881636	-7.034174e-17	0	304.1612
4.59000000000049e-10	0.15330501	-0.00010255813	0.98816335	-7.034173e-17	0	304.1612
4.59100000000049e-10	0.15330672	-0.00010166892	0.98816305	-7.0341745e-17	0	304.1612
4.5920000000004904e-10	0.15330842	-0.00010075203	0.9881628	-7.034176e-17	0	304.1612
4.5930000000004907e-10	0.15331012	-9.980761e-05	0.9881626	-7.034175e-17	0	304.1612
4.594000000000491e-10	0.15331176	-9.883616e-05	0.9881623	-7.034175e-17	0	304.1612
4.5950000000004913e-10	0.1533134	-9.7838274e-05	0.9881619	-7.034176e-17	0	304.1612
4.5960000000004916e-10	0.15331501	-9.681447e-05	0.9881618	-7.034174e-17	0	304.1612
4.597000000000492e-10	0.15331657	-9.576521e-05	0.9881615	-7.034176e-17	0	304.1612
4.598000000000492e-10	0.15331814	-9.4690986e-05	0.9881613	-7.034176e-17	0	304.1612
4.5990000000004925e-10	0.15331969	-9.359239e-05	0.98816097	-7.034175e-17	0	304.1612
4.600000000000493e-10	0.1533212	-9.246965e-05	0.98816085	-7.0341745e-17	0	304.1612
4.601000000000493e-10	0.15332271	-9.132322e-05	0.9881606	-7.0341765e-17	0	304.1612
4.6020000000004934e-10	0.15332416	-9.015354e-05	0.9881604	-7.034176e-17	0	304.1612
4.603000000000494e-10	0.1533256	-8.8961235e-05	0.98816	-7.0341745e-17	0	304.1612
4.604000000000494e-10	0.15332703	-8.774692e-05	0.9881599	-7.0341745e-17	0	304.1612
4.6050000000004944e-10	0.1533284	-8.651102e-05	0.9881598	-7.0341765e-17	0	304.1612
4.6060000000004947e-10	0.15332977	-8.525411e-05	0.9881594	-7.034176e-17	0	304.1612
4.607000000000495e-10	0.15333112	-8.39767e-05	0.9881593	-7.034175e-17	0	304.1612
4.6080000000004953e-10	0.15333246	-8.267905e-05	0.98815894	-7.034174e-17	0	304.1612
4.6090000000004956e-10	0.15333375	-8.136175e-05	0.9881589	-7.0341745e-17	0	304.1612
4.610000000000496e-10	0.153335	-8.002545e-05	0.9881587	-7.034177e-17	0	304.1612
4.611000000000496e-10	0.15333621	-7.867075e-05	0.9881584	-7.0341745e-17	0	304.1612
4.6120000000004965e-10	0.15333742	-7.729825e-05	0.9881583	-7.0341765e-17	0	304.1612
4.613000000000497e-10	0.1533386	-7.590844e-05	0.988158	-7.034176e-17	0	304.1612
4.614000000000497e-10	0.15333977	-7.4501644e-05	0.9881579	-7.0341745e-17	0	304.1612
4.6150000000004974e-10	0.15334089	-7.307846e-05	0.98815775	-7.034175e-17	0	304.1612
4.6160000000004977e-10	0.15334198	-7.163941e-05	0.9881575	-7.034176e-17	0	304.1612
4.617000000000498e-10	0.15334302	-7.018532e-05	0.9881574	-7.034177e-17	0	304.1612
