# t (s)	mx ()	my ()	mz ()	E_total (J)	J (A/m2)	T (K)
0	0	0	1	-4.1875195e-17	0	300
1e-13	0.1940095	-4.41317e-08	0.98097837	-4.346452e-17	-2.3980596e+07	300
2e-13	0.1940095	-9.074784e-08	0.98097837	-4.346452e-17	-2.3980596e+07	300
3.4999999999999997e-13	0.19400948	-1.6570758e-07	0.98097837	-4.3464526e-17	-2.6971428e+07	300
4.4999999999999995e-13	0.1940095	-2.1929057e-07	0.98097837	-4.3464526e-17	-2.6971428e+07	300
5.5e-13	0.19400948	-2.7595937e-07	0.98097837	-4.3464533e-17	-3.123985e+07	300
6.5e-13	0.1940095	-3.3590155e-07	0.98097837	-4.3464526e-17	-3.123985e+07	300
7.499999999999999e-13	0.19400948	-3.9931862e-07	0.98097837	-4.3464526e-17	-3.513605e+07	300
8.499999999999999e-13	0.19400948	-4.6642003e-07	0.98097837	-4.3464533e-17	-3.513605e+07	300
9.5e-13	0.1940095	-5.374252e-07	0.98097837	-4.3464533e-17	-4.0696576e+07	300
1.05e-12	0.19400948	-6.1257873e-07	0.98097837	-4.3464526e-17	-4.0696576e+07	300
1.15e-12	0.1940095	-6.921292e-07	0.98097837	-4.3464526e-17	-4.57722e+07	300
1.25e-12	0.19400948	-7.76341e-07	0.98097837	-4.3464526e-17	-4.57722e+07	300
1.35e-12	0.1940095	-8.654956e-07	0.98097837	-4.3464526e-17	-5.1480852e+07	300
1.4499999999999999e-12	0.19400948	-9.598951e-07	0.98097837	-4.3464526e-17	-5.1480852e+07	300
1.5499999999999999e-12	0.1940095	-1.0598567e-06	0.98097837	-4.3464526e-17	-5.790147e+07	300
1.6499999999999998e-12	0.1940095	-1.165718e-06	0.98097837	-4.3464526e-17	-5.790147e+07	300
1.7499999999999998e-12	0.19400948	-1.2778354e-06	0.98097837	-4.3464526e-17	-6.5122864e+07	300
1.85e-12	0.1940095	-1.3965908e-06	0.98097837	-4.3464526e-17	-6.5122864e+07	300
1.95e-12	0.1940095	-1.5223853e-06	0.98097837	-4.3464526e-17	-7.32449e+07	300
2.05e-12	0.1940095	-1.6556472e-06	0.98097837	-4.346454e-17	-7.32449e+07	300
2.15e-12	0.1940095	-1.7968229e-06	0.98097837	-4.3464526e-17	-8.237989e+07	300
2.25e-12	0.19400948	-1.946397e-06	0.98097837	-4.3464526e-17	-8.237989e+07	300
2.35e-12	0.19400948	-2.1048759e-06	0.98097837	-4.3464526e-17	-9.265418e+07	300
2.45e-12	0.19400948	-2.2727972e-06	0.98097837	-4.3464526e-17	-9.265418e+07	300
2.55e-12	0.1940095	-2.4507306e-06	0.98097837	-4.3464533e-17	-1.0420985e+08	300
2.65e-12	0.19400948	-2.6392793e-06	0.98097837	-4.3464526e-17	-1.0420985e+08	300
2.7499999999999998e-12	0.19400948	-2.839079e-06	0.98097837	-4.3464526e-17	-1.1720671e+08	300
2.8499999999999998e-12	0.1940095	-3.0508231e-06	0.98097837	-4.3464526e-17	-1.1720671e+08	300
2.9499999999999997e-12	0.1940095	-3.2752373e-06	0.98097837	-4.3464526e-17	-1.3182451e+08	300
3.0499999999999997e-12	0.19400948	-3.513091e-06	0.98097837	-4.3464526e-17	-1.3182451e+08	300
3.1499999999999997e-12	0.1940095	-3.765202e-06	0.98097837	-4.3464526e-17	-1.4826539e+08	300
3.2499999999999997e-12	0.1940095	-4.0324176e-06	0.98097837	-4.3464526e-17	-1.4826539e+08	300
3.3499999999999997e-12	0.19400948	-4.315658e-06	0.98097837	-4.3464526e-17	-1.6675674e+08	300
3.4499999999999996e-12	0.1940095	-4.615834e-06	0.98097837	-4.3464526e-17	-1.6675674e+08	300
3.5499999999999996e-12	0.19400948	-4.9339465e-06	0.98097837	-4.3464526e-17	-1.8755424e+08	300
3.65e-12	0.1940095	-5.2711357e-06	0.98097837	-4.3464526e-17	-1.8755424e+08	300
3.75e-12	0.19400951	-5.628559e-06	0.98097837	-4.3464526e-17	-2.1094554e+08	300
3.85e-12	0.19400951	-6.007408e-06	0.98097837	-4.3464533e-17	-2.1094554e+08	300
3.95e-12	0.19400953	-6.4089295e-06	0.98097837	-4.3464526e-17	-2.3725408e+08	300
4.05e-12	0.1940096	-6.8342247e-06	0.9809783	-4.3464543e-17	-2.3725408e+08	300
4.15e-12	0.19400965	-7.284479e-06	0.9809783	-4.3464543e-17	-2.6684371e+08	300
4.25e-12	0.19400969	-7.761175e-06	0.9809783	-4.3464543e-17	-2.6684371e+08	300
4.35e-12	0.19400977	-8.265972e-06	0.9809783	-4.3464536e-17	-3.001236e+08	300
4.45e-12	0.19400981	-8.800574e-06	0.9809783	-4.346454e-17	-3.001236e+08	300
4.55e-12	0.19400989	-9.366898e-06	0.9809783	-4.346454e-17	-3.3755395e+08	300
4.65e-12	0.19400993	-9.9669005e-06	0.9809783	-4.346454e-17	-3.3755395e+08	300
4.75e-12	0.19400999	-1.060266e-05	0.9809783	-4.3464536e-17	-3.7965238e+08	300
4.85e-12	0.19401006	-1.1276339e-05	0.9809783	-4.3464543e-17	-3.7965238e+08	300
4.95e-12	0.19401012	-1.1990173e-05	0.98097825	-4.346455e-17	-4.2700102e+08	300
5.05e-12	0.19401023	-1.2746494e-05	0.98097825	-4.3464553e-17	-4.2700102e+08	300
5.15e-12	0.19401033	-1.3547689e-05	0.98097825	-4.3464546e-17	-4.8025462e+08	300
5.25e-12	0.19401044	-1.4396326e-05	0.98097825	-4.346455e-17	-4.8025462e+08	300
5.35e-12	0.19401056	-1.5295418e-05	0.98097825	-4.3464546e-17	-5.4014957e+08	300
5.45e-12	0.19401067	-1.624809e-05	0.98097825	-4.3464546e-17	-5.4014957e+08	300
5.5499999999999996e-12	0.1940108	-1.7257635e-05	0.98097813	-4.3464536e-17	-6.07514e+08	300
5.6499999999999996e-12	0.19401094	-1.8327502e-05	0.98097813	-4.346454e-17	-6.07514e+08	300
5.7499999999999995e-12	0.19401108	-1.9461284e-05	0.98097813	-4.346454e-17	-6.8327936e+08	300
5.8499999999999995e-12	0.19401124	-2.0662766e-05	0.9809781	-4.3464543e-17	-6.8327936e+08	300
5.9499999999999995e-12	0.19401142	-2.1935946e-05	0.980978	-4.346454e-17	-7.6849325e+08	300
6.0499999999999995e-12	0.19401158	-2.328525e-05	0.980978	-4.3464543e-17	-7.6849325e+08	300
6.1499999999999994e-12	0.19401176	-2.471541e-05	0.98097795	-4.3464546e-17	-8.643339e+08	300
6.2499999999999994e-12	0.19401193	-2.623145e-05	0.98097795	-4.346453e-17	-8.643339e+08	300
6.349999999999999e-12	0.1940121	-2.7838803e-05	0.98097783	-4.3464543e-17	-9.721263e+08	300
6.449999999999999e-12	0.19401227	-2.9543013e-05	0.98097783	-4.346454e-17	-9.721263e+08	300
6.549999999999999e-12	0.19401246	-3.1349977e-05	0.98097783	-4.346455e-17	-1.0933608e+09	300
6.649999999999999e-12	0.19401269	-3.3265835e-05	0.9809778	-4.3464553e-17	-1.0933608e+09	300
6.749999999999999e-12	0.19401291	-3.5297086e-05	0.9809778	-4.3464546e-17	-1.2297133e+09	300
6.849999999999999e-12	0.19401318	-3.7450744e-05	0.98097765	-4.3464536e-17	-1.2297133e+09	300
6.949999999999999e-12	0.19401345	-3.9734092e-05	0.9809776	-4.346454e-17	-1.3830687e+09	300
7.049999999999999e-12	0.19401374	-4.2154752e-05	0.9809776	-4.3464553e-17	-1.3830687e+09	300
7.149999999999999e-12	0.19401403	-4.4721244e-05	0.98097754	-4.3464543e-17	-1.555547e+09	300
7.249999999999999e-12	0.19401437	-4.744224e-05	0.9809774	-4.3464536e-17	-1.555547e+09	300
7.35e-12	0.19401471	-5.032697e-05	0.98097736	-4.3464543e-17	-1.7495323e+09	300
7.400000000000002e-12	0.1940149	-5.18339e-05	0.98097736	-4.3464546e-17	-1.7495323e+09	300
7.500000000000003e-12	0.19401525	-5.4983557e-05	0.9809773	-4.3464553e-17	-1.7495323e+09	300
7.600000000000005e-12	0.19401562	-5.832329e-05	0.9809772	-4.3464533e-17	-1.9677056e+09	300
7.700000000000006e-12	0.19401604	-6.186479e-05	0.9809771	-4.346454e-17	-1.9677056e+09	300
7.800000000000008e-12	0.19401649	-6.561996e-05	0.98097706	-4.3464546e-17	-2.213082e+09	300
7.90000000000001e-12	0.19401696	-6.960168e-05	0.9809769	-4.346454e-17	-2.213082e+09	300
8.000000000000011e-12	0.19401747	-7.382364e-05	0.98097676	-4.3464543e-17	-2.489053e+09	300
8.100000000000013e-12	0.194018	-7.83002e-05	0.9809767	-4.3464546e-17	-2.489053e+09	300
8.200000000000014e-12	0.19401854	-8.304721e-05	0.98097664	-4.3464546e-17	-2.799431e+09	300
8.300000000000016e-12	0.19401914	-8.8080946e-05	0.98097646	-4.3464543e-17	-2.799431e+09	300
8.400000000000018e-12	0.19401973	-9.34186e-05	0.98097634	-4.3464543e-17	-3.1485048e+09	300
8.500000000000019e-12	0.19402042	-9.9078614e-05	0.9809762	-4.346454e-17	-3.1485048e+09	300
8.60000000000002e-12	0.19402115	-0.00010508034	0.9809761	-4.3464546e-17	-3.5410967e+09	300
8.700000000000022e-12	0.19402188	-0.000111444766	0.9809759	-4.3464536e-17	-3.5410967e+09	300
8.800000000000024e-12	0.19402267	-0.00011819377	0.98097575	-4.3464546e-17	-3.9826294e+09	300
8.900000000000025e-12	0.19402352	-0.00012535052	0.9809756	-4.3464546e-17	-3.9826294e+09	300
9.000000000000027e-12	0.19402446	-0.00013293936	0.98097545	-4.3464536e-17	-4.4792e+09	300
9.100000000000029e-12	0.19402544	-0.00014098622	0.9809753	-4.3464546e-17	-4.4792e+09	300
9.20000000000003e-12	0.19402651	-0.00014951873	0.9809751	-4.3464536e-17	-5.0376663e+09	300
9.300000000000032e-12	0.19402762	-0.00015856628	0.9809748	-4.3464536e-17	-5.0376663e+09	300
9.400000000000033e-12	0.19402881	-0.00016816013	0.98097456	-4.3464543e-17	-5.665737e+09	300
9.500000000000035e-12	0.19403005	-0.00017833334	0.9809743	-4.3464543e-17	-5.665737e+09	300
9.600000000000037e-12	0.19403136	-0.00018912098	0.9809741	-4.346454e-17	-6.372081e+09	300
9.700000000000038e-12	0.19403277	-0.00020056033	0.9809738	-4.3464543e-17	-6.372081e+09	300
9.80000000000004e-12	0.19403425	-0.00021269076	0.9809734	-4.3464543e-17	-7.1664456e+09	300
9.900000000000041e-12	0.1940358	-0.00022555419	0.98097324	-4.3464543e-17	-7.1664456e+09	300
1.0000000000000043e-11	0.19403745	-0.00023919567	0.9809729	-4.3464536e-17	-8.059788e+09	300.00003
1.0100000000000045e-11	0.19403921	-0.00025366154	0.98097247	-4.3464533e-17	-8.059788e+09	300.00003
1.0200000000000046e-11	0.19404113	-0.00026900004	0.9809722	-4.346454e-17	-9.064429e+09	300.00003
1.0300000000000048e-11	0.19404313	-0.00028526512	0.9809718	-4.3464553e-17	-9.064429e+09	300.00003
1.040000000000005e-11	0.19404525	-0.00030251266	0.98097134	-4.3464536e-17	-1.0194215e+10	300.00003
1.0500000000000051e-11	0.1940475	-0.00032080244	0.98097086	-4.3464543e-17	-1.0194215e+10	300.00003
1.0600000000000053e-11	0.19404987	-0.00034019735	0.9809704	-4.3464536e-17	-1.1464717e+10	300.00003
1.0700000000000054e-11	0.19405238	-0.00036076424	0.9809699	-4.346454e-17	-1.1464717e+10	300.00003
1.0800000000000056e-11	0.19405507	-0.0003825748	0.98096937	-4.3464533e-17	-1.2893434e+10	300.00006
1.0900000000000057e-11	0.19405791	-0.00040570318	0.9809688	-4.3464553e-17	-1.2893434e+10	300.00006
1.1000000000000059e-11	0.19406097	-0.00043022883	0.9809682	-4.3464526e-17	-1.4500034e+10	300.00006
1.110000000000006e-11	0.19406416	-0.0004562361	0.9809675	-4.3464513e-17	-1.4500034e+10	300.00006
1.1200000000000062e-11	0.19406754	-0.00048381503	0.98096687	-4.346452e-17	-1.6306621e+10	300.0001
1.1300000000000064e-11	0.1940711	-0.00051306054	0.9809661	-4.3464513e-17	-1.6306621e+10	300.0001
1.1400000000000065e-11	0.1940749	-0.0005440732	0.98096526	-4.346451e-17	-1.8338036e+10	300.0001
1.1500000000000067e-11	0.1940789	-0.00057695963	0.9809646	-4.3464506e-17	-1.8338036e+10	300.0001
1.1600000000000069e-11	0.19408315	-0.0006118332	0.9809637	-4.3464506e-17	-2.062219e+10	300.00012
1.170000000000007e-11	0.19408765	-0.0006488139	0.98096275	-4.346451e-17	-2.062219e+10	300.00012
1.1800000000000072e-11	0.19409247	-0.00068803004	0.9809618	-4.3464487e-17	-2.3190442e+10	300.00015
1.1900000000000073e-11	0.19409753	-0.0007296149	0.98096085	-4.346448e-17	-2.3190442e+10	300.00015
1.2000000000000075e-11	0.19410294	-0.00077371206	0.9809597	-4.3464477e-17	-2.6078015e+10	300.0002
1.2100000000000076e-11	0.19410866	-0.00082047214	0.98095846	-4.3464463e-17	-2.6078015e+10	300.0002
1.2200000000000078e-11	0.19411474	-0.0008700562	0.9809572	-4.3464447e-17	-2.9324476e+10	300.00024
1.230000000000008e-11	0.19412118	-0.0009226342	0.98095596	-4.3464457e-17	-2.9324476e+10	300.00024
1.2400000000000081e-11	0.19412802	-0.0009783865	0.9809545	-4.3464427e-17	-3.2974254e+10	300.00034
1.2500000000000083e-11	0.19413525	-0.0010375043	0.9809531	-4.3464424e-17	-3.2974254e+10	300.00034
1.2600000000000084e-11	0.1941429	-0.0011001917	0.98095137	-4.3464394e-17	-3.7077234e+10	300.0004
1.2700000000000086e-11	0.19415103	-0.0011666628	0.98094976	-4.3464394e-17	-3.7077234e+10	300.0004
1.2800000000000088e-11	0.19415966	-0.0012371463	0.98094803	-4.3464357e-17	-4.168941e+10	300.00052
1.290000000000009e-11	0.19416878	-0.0013118822	0.98094606	-4.3464348e-17	-4.168941e+10	300.00052
1.3000000000000091e-11	0.19417849	-0.0013911275	0.980944	-4.34643e-17	-4.6873625e+10	300.00064
1.3100000000000092e-11	0.19418879	-0.0014751514	0.9809419	-4.3464314e-17	-4.6873625e+10	300.00064
1.3200000000000094e-11	0.19419964	-0.0015642457	0.9809395	-4.3464235e-17	-5.2700377e+10	300.00082
1.3300000000000096e-11	0.19421121	-0.001658711	0.9809371	-4.3464215e-17	-5.2700377e+10	300.00082
1.3400000000000097e-11	0.19422346	-0.0017588724	0.9809345	-4.3464152e-17	-5.924874e+10	300.00104
1.3500000000000099e-11	0.19423647	-0.0018650694	0.9809318	-4.3464136e-17	-5.924874e+10	300.00104
1.36000000000001e-11	0.19425023	-0.001977667	0.9809289	-4.3464053e-17	-6.6607366e+10	300.0013
1.3700000000000102e-11	0.19426481	-0.0020970453	0.9809257	-4.3464037e-17	-6.6607366e+10	300.0013
1.3800000000000104e-11	0.1942803	-0.0022236165	0.98092234	-4.3463924e-17	-7.487562e+10	300.00168
1.3900000000000105e-11	0.19429673	-0.0023578058	0.9809189	-4.346389e-17	-7.487562e+10	300.00168
1.4000000000000107e-11	0.19431414	-0.0025000751	0.980915	-4.346376e-17	-8.416479e+10	300.0021
1.4100000000000108e-11	0.19433257	-0.0026509017	0.9809111	-4.346371e-17	-8.416479e+10	300.0021
1.420000000000011e-11	0.19435215	-0.0028108037	0.9809067	-4.3463553e-17	-9.459951e+10	300.00266
1.4300000000000112e-11	0.19437289	-0.0029803156	0.9809021	-4.346351e-17	-9.459951e+10	300.00266
1.4400000000000113e-11	0.19439487	-0.0031600196	0.9808972	-4.3463305e-17	-1.0631923e+11	300.00336
1.4500000000000115e-11	0.19441818	-0.0033505145	0.98089194	-4.3463252e-17	-1.0631923e+11	300.00336
1.4600000000000116e-11	0.1944429	-0.0035524548	0.9808863	-4.346298e-17	-1.194799e+11	300.00424
1.4700000000000115e-11	0.19446908	-0.0037665092	0.9808803	-4.3462918e-17	-1.194799e+11	300.00424
1.4800000000000113e-11	0.19449686	-0.0039934134	0.98087394	-4.3462544e-17	-1.342558e+11	300.00537
1.490000000000011e-11	0.19452628	-0.004233915	0.98086715	-4.3462455e-17	-1.342558e+11	300.00537
1.500000000000011e-11	0.19455749	-0.0044888323	0.9808598	-4.346191e-17	-1.5529561e+11	300.00723
1.5100000000000108e-11	0.19459057	-0.0047590197	0.980852	-4.3461806e-17	-1.5529561e+11	300.00723
1.5200000000000106e-11	0.19462563	-0.0050453665	0.98084366	-4.346167e-17	-1.5529561e+11	300.00723
1.5300000000000105e-11	0.19466278	-0.0053488603	0.9808346	-4.3460943e-17	-1.7959497e+11	300.00974
1.5400000000000103e-11	0.19470218	-0.0056704786	0.98082495	-4.3460777e-17	-1.7959497e+11	300.00974
1.55000000000001e-11	0.1947439	-0.0060113114	0.98081475	-4.34598e-17	-2.0764608e+11	300.0131
1.56000000000001e-11	0.19478814	-0.0063724867	0.98080367	-4.3459613e-17	-2.0764608e+11	300.0131
1.5700000000000098e-11	0.19483504	-0.006755176	0.98079175	-4.3459408e-17	-2.0764608e+11	300.0131
1.5800000000000097e-11	0.19488472	-0.0071607	0.9807791	-4.345806e-17	-2.4001118e+11	300.01755
1.5900000000000095e-11	0.1949374	-0.007590331	0.98076534	-4.345778e-17	-2.4001118e+11	300.01755
1.6000000000000093e-11	0.19499317	-0.008045515	0.9807507	-4.3456036e-17	-2.7733095e+11	300.02353
1.6100000000000092e-11	0.1950523	-0.008527735	0.9807349	-4.3455702e-17	-2.7733095e+11	300.02353
1.620000000000009e-11	0.19511496	-0.009038524	0.9807178	-4.3455295e-17	-2.7733095e+11	300.02353
1.630000000000009e-11	0.19518133	-0.00957964	0.98069954	-4.345292e-17	-3.2033358e+11	300.0315
1.6400000000000087e-11	0.19525164	-0.010152727	0.98067975	-4.3452433e-17	-3.2033358e+11	300.0315
1.6500000000000085e-11	0.19532613	-0.010759693	0.98065853	-4.3449303e-17	-3.69844e+11	300.0421
1.6600000000000084e-11	0.19540507	-0.011402484	0.9806356	-4.3448697e-17	-3.69844e+11	300.0421
1.6700000000000082e-11	0.19548863	-0.012083074	0.9806107	-4.3448012e-17	-3.69844e+11	300.0421
1.680000000000008e-11	0.19557717	-0.012803808	0.9805841	-4.344381e-17	-4.2679334e+11	300.05624
1.690000000000008e-11	0.19567093	-0.01356677	0.98055506	-4.3442934e-17	-4.2679334e+11	300.05624
1.7000000000000077e-11	0.19577022	-0.014374474	0.9805237	-4.3437385e-17	-4.922279e+11	300.07504
1.7100000000000075e-11	0.19587535	-0.015229441	0.98048997	-4.3436293e-17	-4.922279e+11	300.07504
1.7200000000000074e-11	0.19598664	-0.016134186	0.9804532	-4.3435082e-17	-4.922279e+11	300.07504
1.7300000000000072e-11	0.1961045	-0.017091831	0.98041344	-4.342763e-17	-5.6731723e+11	300.10004
1.740000000000007e-11	0.19622922	-0.018104954	0.98037034	-4.342609e-17	-5.6731723e+11	300.10004
1.750000000000007e-11	0.19636126	-0.019176854	0.98032355	-4.341631e-17	-6.533604e+11	300.13315
1.7600000000000067e-11	0.19650097	-0.020310748	0.9802727	-4.3414402e-17	-6.533604e+11	300.13315
1.7700000000000066e-11	0.1966488	-0.021509774	0.9802176	-4.341224e-17	-6.533604e+11	300.13315
1.7800000000000064e-11	0.19680525	-0.022778094	0.9801576	-4.3399152e-17	-7.517895e+11	300.17703
1.7900000000000062e-11	0.1969707	-0.024118777	0.9800924	-4.3396463e-17	-7.517895e+11	300.17703
1.800000000000006e-11	0.19714572	-0.025536116	0.9800213	-4.3379343e-17	-8.641688e+11	300.235
1.810000000000006e-11	0.19733082	-0.027034149	0.97994393	-4.3375968e-17	-8.641688e+11	300.235
1.8200000000000057e-11	0.19752648	-0.028616674	0.97985965	-4.3372193e-17	-8.641688e+11	300.235
1.8300000000000056e-11	0.19773333	-0.030289236	0.9797677	-4.3349376e-17	-9.921876e+11	300.31137
1.8400000000000054e-11	0.19795197	-0.032055274	0.9796675	-4.3344664e-17	-9.921876e+11	300.31137
1.8500000000000052e-11	0.19818297	-0.03392032	0.979558	-4.331497e-17	-1.1376453e+12	300.4118
1.860000000000005e-11	0.19842702	-0.035889342	0.9794384	-4.3309092e-17	-1.1376453e+12	300.4118
1.870000000000005e-11	0.19868474	-0.037966687	0.979308	-4.3302518e-17	-1.1376453e+12	300.4118
1.8800000000000048e-11	0.19895686	-0.040159788	0.97916543	-4.3263197e-17	-1.3024245e+12	300.54343
1.8900000000000046e-11	0.19924413	-0.042472042	0.97900945	-4.3255028e-17	-1.3024245e+12	300.54343
1.9000000000000044e-11	0.19954723	-0.04491055	0.9788389	-4.3204183e-17	-1.4884493e+12	300.71533
1.9100000000000043e-11	0.19986698	-0.047481176	0.9786524	-4.3194048e-17	-1.4884493e+12	300.71533
1.920000000000004e-11	0.20020421	-0.0501885	0.97844857	-4.3182765e-17	-1.4884493e+12	300.71533
1.930000000000004e-11	0.20055965	-0.053042542	0.9782253	-4.3115952e-17	-1.6976275e+12	300.93893
1.9400000000000038e-11	0.20093423	-0.056045797	0.97798103	-4.3101996e-17	-1.6976275e+12	300.93893
1.9500000000000036e-11	0.20132875	-0.059207268	0.97771364	-4.301632e-17	-1.9317678e+12	301.2285
1.9600000000000034e-11	0.20174408	-0.06253353	0.97742105	-4.2999105e-17	-1.9317678e+12	301.2285
1.9700000000000033e-11	0.20218141	-0.066028625	0.9771009	-4.2979987e-17	-1.9317678e+12	301.2285
1.980000000000003e-11	0.20264095	-0.06970624	0.9767503	-4.286861e-17	-2.1924737e+12	301.6014
1.990000000000003e-11	0.2031244	-0.07356618	0.9763669	-4.2845143e-17	-2.1924737e+12	301.6014
2.0000000000000028e-11	0.20363215	-0.07761983	0.9759474	-4.2703967e-17	-2.4810068e+12	302.07895
2.0100000000000026e-11	0.20416526	-0.08187397	0.9754883	-4.2675287e-17	-2.4810068e+12	302.07895
2.0200000000000025e-11	0.20472533	-0.08633056	0.9749868	-4.2643576e-17	-2.4810068e+12	302.07895
2.0300000000000023e-11	0.20531139	-0.091008626	0.9744381	-4.2462503e-17	-2.7981216e+12	302.6863
2.040000000000002e-11	0.20592651	-0.09590216	0.9738389	-4.242398e-17	-2.7981216e+12	302.6863
2.050000000000002e-11	0.20657012	-0.1010255	0.9731846	-4.2197772e-17	-3.1438691e+12	303.45297
2.0600000000000018e-11	0.20724323	-0.10638468	0.9724703	-4.215119e-17	-3.1438691e+12	303.45297
2.0700000000000016e-11	0.20794849	-0.111976944	0.9716918	-4.210002e-17	-3.1438691e+12	303.45297
2.0800000000000015e-11	0.20868205	-0.11782928	0.9708423	-4.1815012e-17	-3.517378e+12	304.41257
2.0900000000000013e-11	0.20944963	-0.12392461	0.9699178	-4.1753635e-17	-3.517378e+12	304.41257
2.100000000000001e-11	0.21024866	-0.13028124	0.9689115	-4.140432e-17	-3.9166214e+12	305.60217
2.110000000000001e-11	0.21108	-0.13690285	0.9678175	-4.1331224e-17	-3.9166214e+12	305.60217
2.1200000000000008e-11	0.21194816	-0.14377783	0.9666302	-4.1251467e-17	-3.9166214e+12	305.60217
2.1300000000000007e-11	0.21284331	-0.15094511	0.9653403	-4.0821194e-17	-4.3381886e+12	307.0615
2.1400000000000005e-11	0.2137768	-0.15836897	0.9639438	-4.07272e-17	-4.3381886e+12	307.0615
2.1500000000000003e-11	0.21474183	-0.16607293	0.9624318	-4.0212307e-17	-4.7770826e+12	308.83075
2.1600000000000002e-11	0.21573886	-0.17405632	0.96079695	-4.0102447e-17	-4.7770826e+12	308.83075
2.175e-11	0.21729946	-0.18653542	0.9581001	-3.9432084e-17	-5.226582e+12	310.9482
2.1849999999999998e-11	0.21837667	-0.19520554	0.9561259	-3.9300023e-17	-5.226582e+12	310.9482
2.1949999999999996e-11	0.21949509	-0.20411816	0.9540066	-3.9157956e-17	-5.226582e+12	310.9482
2.2049999999999994e-11	0.22062626	-0.2133407	0.95172524	-3.8437237e-17	-5.678198e+12	313.4469
2.2149999999999993e-11	0.22179879	-0.22279085	0.9492845	-3.8275434e-17	-5.678198e+12	313.4469
2.224999999999999e-11	0.22299406	-0.2325037	0.94667184	-3.7452085e-17	-6.1217697e+12	316.3505
2.234999999999999e-11	0.22421166	-0.2424683	0.94388044	-3.7269886e-17	-6.1217697e+12	316.3505
2.2449999999999988e-11	0.22547069	-0.25262624	0.94091195	-3.7076197e-17	-6.1217697e+12	316.3505
2.2549999999999986e-11	0.22672199	-0.26307103	0.9377437	-3.6142893e-17	-6.545725e+12	319.6692
2.2649999999999984e-11	0.228014	-0.2736788	0.9343887	-3.5928507e-17	-6.545725e+12	319.6692
2.2749999999999983e-11	0.22931604	-0.28449485	0.9308328	-3.4901973e-17	-6.937534e+12	323.39572
2.284999999999998e-11	0.23062743	-0.2955004	0.9270724	-3.4667712e-17	-6.937534e+12	323.39572
2.294999999999998e-11	0.2319788	-0.3066119	0.92311853	-3.442208e-17	-6.937534e+12	323.39572
2.3049999999999978e-11	0.23329464	-0.31795177	0.9189413	-3.3308376e-17	-7.284339e+12	327.5024
2.3149999999999976e-11	0.23464961	-0.32935324	0.91457015	-3.3045098e-17	-7.284339e+12	327.5024
2.3249999999999975e-11	0.23599923	-0.34087282	0.90999043	-3.187106e-17	-7.5737376e+12	331.9396
2.3349999999999973e-11	0.23734288	-0.35248584	0.90520406	-3.159275e-17	-7.5737376e+12	331.9396
2.344999999999997e-11	0.23872541	-0.36408743	0.9002347	-3.1305272e-17	-7.5737376e+12	331.9396
2.354999999999997e-11	0.24004406	-0.3758252	0.8950452	-3.009126e-17	-7.794647e+12	336.6366
2.3649999999999968e-11	0.24140157	-0.38750023	0.8896853	-2.979343e-17	-7.794647e+12	336.6366
2.3749999999999966e-11	0.24274126	-0.39917833	0.88414013	-2.8569912e-17	-7.938157e+12	341.50452
2.3849999999999965e-11	0.24406324	-0.41083357	0.8784184	-2.8265592e-17	-7.938157e+12	341.50452
2.3949999999999963e-11	0.24542587	-0.4223507	0.87255675	-2.7956164e-17	-7.938157e+12	341.50452
2.404999999999996e-11	0.24670571	-0.43389094	0.8665121	-2.6752085e-17	-7.9982735e+12	346.44205
2.414999999999996e-11	0.24802801	-0.44524533	0.8603524	-2.644204e-17	-7.9982735e+12	346.44205
2.4249999999999958e-11	0.24932893	-0.4564843	0.8540629	-2.528143e-17	-7.9724355e+12	351.34244
2.4349999999999957e-11	0.25060982	-0.46758613	0.8476575	-2.4974714e-17	-7.9724355e+12	351.34244
2.4449999999999955e-11	0.25193748	-0.47844046	0.8411814	-2.4667613e-17	-7.9724355e+12	351.34244
2.4549999999999953e-11	0.2531811	-0.48920563	0.8345897	-2.3578573e-17	-7.861747e+12	356.10138
2.4649999999999952e-11	0.254475	-0.49968874	0.82795835	-2.3280098e-17	-7.861747e+12	356.10138
2.474999999999995e-11	0.25575575	-0.50995886	0.82127404	-2.2272677e-17	-7.6708766e+12	360.62466
2.484999999999995e-11	0.25702548	-0.52000207	0.8145514	-2.1985677e-17	-7.6708766e+12	360.62466
2.4949999999999947e-11	0.25835145	-0.5297266	0.8078371	-2.1702395e-17	-7.6708766e+12	360.62466
2.5049999999999945e-11	0.25961053	-0.53927255	0.80108815	-2.0796652e-17	-7.407647e+12	364.83435
2.5149999999999944e-11	0.26093003	-0.5484832	0.79437685	-2.052832e-17	-7.407647e+12	364.83435
2.5249999999999942e-11	0.2622534	-0.5574204	0.78769064	-1.9719427e-17	-7.0823707e+12	368.67285
2.534999999999994e-11	0.2635828	-0.56607944	0.7810422	-1.9467395e-17	-7.0823707e+12	368.67285
2.544999999999994e-11	0.26497808	-0.57439345	0.774471	-1.9221743e-17	-7.0823707e+12	368.67285
2.5549999999999937e-11	0.26633516	-0.5824753	0.7679404	-1.8520152e-17	-6.7070266e+12	372.1045
2.5649999999999935e-11	0.26776138	-0.59021264	0.76150835	-1.8292184e-17	-6.7070266e+12	372.1045
2.5749999999999934e-11	0.26921102	-0.5976561	0.75516367	-1.7682976e-17	-6.294392e+12	375.11505
2.5849999999999932e-11	0.2706854	-0.60480857	0.7489145	-1.7472788e-17	-6.294392e+12	375.11505
2.594999999999993e-11	0.27223212	-0.6116278	0.7427889	-1.7270125e-17	-6.294392e+12	375.11505
2.604999999999993e-11	0.27377087	-0.6181978	0.7367581	-1.6756641e-17	-5.8572124e+12	377.70895
2.6149999999999927e-11	0.2753832	-0.62444633	0.73086214	-1.657157e-17	-5.8572124e+12	377.70895
2.6249999999999926e-11	0.27703494	-0.6304128	0.7250911	-1.6135038e-17	-5.407508e+12	379.90588
2.6349999999999924e-11	0.27872634	-0.6361044	0.71944803	-1.596691e-17	-5.407508e+12	379.90588
2.6449999999999922e-11	0.28049123	-0.6414982	0.7139497	-1.5806239e-17	-5.407508e+12	379.90588
2.654999999999992e-11	0.28227267	-0.64665306	0.7085748	-1.5446451e-17	-4.9560457e+12	381.73636
2.664999999999992e-11	0.28412676	-0.6515274	0.70334685	-1.5301655e-17	-4.9560457e+12	381.73636
2.6749999999999917e-11	0.28602958	-0.6561506	0.6982571	-1.500047e-17	-4.5120037e+12	383.23767
2.6849999999999916e-11	0.28798035	-0.6605313	0.6933049	-1.4870562e-17	-4.5120037e+12	383.23767
2.6949999999999914e-11	0.29000095	-0.66465944	0.688498	-1.4747381e-17	-4.5120037e+12	383.23767
2.7049999999999912e-11	0.29205334	-0.6685748	0.68382084	-1.450364e-17	-4.0828118e+12	384.4503
2.714999999999991e-11	0.29417297	-0.6722561	0.67928535	-1.439393e-17	-4.0828118e+12	384.4503
2.724999999999991e-11	0.29634386	-0.67572427	0.67488337	-1.419228e-17	-3.6741448e+12	385.41492
2.7349999999999907e-11	0.29856458	-0.6789881	0.6706124	-1.409501e-17	-3.6741448e+12	385.41492
2.7449999999999906e-11	0.30084774	-0.6820449	0.666474	-1.4003445e-17	-3.6741448e+12	385.41492
2.7549999999999904e-11	0.3031693	-0.6849209	0.6624573	-1.3842968e-17	-3.2900262e+12	386.17032
2.7649999999999903e-11	0.30554983	-0.6876069	0.6585663	-1.3762399e-17	-3.2900262e+12	386.17032
2.77499999999999e-11	0.30797887	-0.6901177	0.6547943	-1.3631069e-17	-2.9330102e+12	386.75198
2.78499999999999e-11	0.3104546	-0.6924611	0.6511375	-1.3560546e-17	-2.9330102e+12	386.75198
2.7949999999999898e-11	0.3129835	-0.69463813	0.6475946	-1.34946626e-17	-2.9330102e+12	386.75198
2.8049999999999896e-11	0.31555095	-0.6966659	0.64415747	-1.339213e-17	-2.6044022e+12	387.1914
2.8149999999999894e-11	0.31816763	-0.6985419	0.6408262	-1.3334984e-17	-2.6044022e+12	387.1914
2.8249999999999893e-11	0.32082692	-0.7002764	0.63759524	-1.3252212e-17	-2.3044922e+12	387.51578
2.834999999999989e-11	0.32352683	-0.70187575	0.63446045	-1.3202987e-17	-2.3044922e+12	387.51578
2.844999999999989e-11	0.32626995	-0.70334303	0.6314193	-1.3157423e-17	-2.3044922e+12	387.51578
2.8549999999999888e-11	0.32904783	-0.70468897	0.6284659	-1.3094558e-17	-2.0327824e+12	387.7481
2.8649999999999886e-11	0.33186498	-0.70591444	0.62559825	-1.3055802e-17	-2.0327824e+12	387.7481
2.8749999999999885e-11	0.3347173	-0.7070266	0.62281203	-1.3006198e-17	-1.7881925e+12	387.9074
2.8849999999999883e-11	0.33760285	-0.7080306	0.6201034	-1.2973578e-17	-1.7881925e+12	387.9074
2.894999999999988e-11	0.34052196	-0.7089299	0.6174694	-1.2943784e-17	-1.7881925e+12	387.9074
2.904999999999988e-11	0.34347004	-0.7097312	0.6149058	-1.2907868e-17	-1.5692376e+12	388.00934
2.914999999999988e-11	0.34644803	-0.71043694	0.61240995	-1.2883295e-17	-1.5692376e+12	388.00934
2.9249999999999886e-11	0.34945273	-0.7110526	0.6099782	-1.2856682e-17	-1.4113665e+12	388.0615
2.934999999999989e-11	0.35248396	-0.71158123	0.6076078	-1.2836785e-17	-1.4113665e+12	388.0615
2.9449999999999896e-11	0.35553914	-0.71202713	0.60529554	-1.2816664e-17	-1.2678308e+12	388.08966
2.95499999999999e-11	0.35861742	-0.7123936	0.6030386	-1.2800943e-17	-1.2678308e+12	388.08966
2.9649999999999905e-11	0.36171708	-0.7126842	0.60083425	-1.2786427e-17	-1.1376453e+12	388.09833
2.974999999999991e-11	0.36483663	-0.7129023	0.5986798	-1.2774439e-17	-1.1376453e+12	388.09833
2.9849999999999915e-11	0.3679749	-0.71305054	0.59657276	-1.2764747e-17	-1.01982477e+12	388.09113
2.994999999999992e-11	0.3711302	-0.7131324	0.5945106	-1.27560804e-17	-1.01982477e+12	388.09113
3.0049999999999925e-11	0.37430167	-0.7131503	0.59249127	-1.27505565e-17	-9.13401e+11	388.0711
3.014999999999993e-11	0.37748742	-0.7131074	0.5905123	-1.2744836e-17	-9.13401e+11	388.0711
3.0249999999999934e-11	0.38068694	-0.7130055	0.5885716	-1.2742908e-17	-8.1743754e+11	388.04077
3.034999999999994e-11	0.3838981	-0.71284777	0.5866673	-1.2739806e-17	-8.1743754e+11	388.04077
3.0449999999999944e-11	0.38712078	-0.7126357	0.5847975	-1.27409836e-17	-7.310396e+11	388.00214
3.054999999999995e-11	0.39035276	-0.71237236	0.58296025	-1.2740197e-17	-7.310396e+11	388.00214
3.0649999999999954e-11	0.3935941	-0.7120589	0.581154	-1.27440474e-17	-6.533604e+11	387.95682
3.074999999999996e-11	0.39684248	-0.7116982	0.57937706	-1.27453105e-17	-6.533604e+11	387.95682
3.0849999999999963e-11	0.40009817	-0.711291	0.5776279	-1.2751476e-17	-5.836057e+11	387.9062
3.094999999999997e-11	0.40335894	-0.71084034	0.5759049	-1.27545435e-17	-5.836057e+11	387.9062
3.104999999999997e-11	0.40662506	-0.7103468	0.5742071	-1.27627045e-17	-5.2103525e+11	387.8513
3.114999999999998e-11	0.40989447	-0.70981294	0.5725327	-1.27673615e-17	-5.2103525e+11	387.8513
3.124999999999998e-11	0.4131674	-0.7092393	0.57088083	-1.2777233e-17	-4.6496383e+11	387.79297
3.134999999999999e-11	0.41644186	-0.70862836	0.56925017	-1.2783285e-17	-4.6496383e+11	387.79297
3.144999999999999e-11	0.41971835	-0.70798033	0.5676397	-1.2794642e-17	-4.1475985e+11	387.73196
3.155e-11	0.42299467	-0.7072978	0.5660482	-1.2801912e-17	-4.1475985e+11	387.73196
3.165e-11	0.42627153	-0.70658076	0.56447506	-1.2814535e-17	-3.69844e+11	387.6688
3.1700000000000004e-11	0.42790937	-0.7062101	0.5636949	-1.2818643e-17	-3.69844e+11	387.6688
3.180000000000001e-11	0.4311843	-0.70544463	0.56214714	-1.2832116e-17	-3.296868e+11	387.60394
3.1900000000000014e-11	0.43445733	-0.70464814	0.5606153	-1.2841163e-17	-3.296868e+11	387.60394
3.200000000000002e-11	0.4377278	-0.7038217	0.55909866	-1.2855603e-17	-2.938061e+11	387.53775
3.2100000000000024e-11	0.44099522	-0.7029662	0.5575963	-1.2865489e-17	-2.938061e+11	387.53775
3.220000000000003e-11	0.44425887	-0.7020827	0.55610776	-1.2880749e-17	-2.6176394e+11	387.4705
3.230000000000003e-11	0.4475182	-0.70117205	0.55463225	-1.2891356e-17	-2.6176394e+11	387.4705
3.240000000000004e-11	0.45077282	-0.700235	0.55316913	-1.2907314e-17	-2.3316349e+11	387.40244
3.250000000000004e-11	0.4540221	-0.69927263	0.55171794	-1.2918541e-17	-2.3316349e+11	387.40244
3.260000000000005e-11	0.45726562	-0.69828546	0.55027795	-1.2935093e-17	-2.0764608e+11	387.3337
3.270000000000005e-11	0.46050286	-0.6972745	0.5488488	-1.2946858e-17	-2.0764608e+11	387.3337
3.280000000000006e-11	0.4637335	-0.69624025	0.5474299	-1.29639054e-17	-1.8488812e+11	387.2645
3.290000000000006e-11	0.46695697	-0.69518346	0.54602104	-1.2976125e-17	-1.8488812e+11	387.2645
3.300000000000007e-11	0.470173	-0.6941049	0.5446214	-1.2993592e-17	-1.6459812e+11	387.1949
3.310000000000007e-11	0.47338113	-0.69300497	0.543231	-1.3006194e-17	-1.6459812e+11	387.1949
3.3200000000000077e-11	0.476581	-0.6918845	0.54184926	-1.30239984e-17	-1.4651394e+11	387.12497
3.330000000000008e-11	0.47977236	-0.6907439	0.5404758	-1.30369215e-17	-1.4651394e+11	387.12497
3.3400000000000086e-11	0.4829548	-0.6895838	0.53911036	-1.3055011e-17	-1.3040012e+11	387.05487
3.350000000000009e-11	0.48612806	-0.68840474	0.5377526	-1.3068208e-17	-1.3040012e+11	387.05487
3.3600000000000096e-11	0.48929185	-0.6872072	0.53640234	-1.3086517e-17	-1.1604545e+11	386.9846
3.37000000000001e-11	0.49244583	-0.6859915	0.5350593	-1.3099932e-17	-1.1604545e+11	386.9846
3.3800000000000106e-11	0.49558976	-0.6847584	0.5337231	-1.3118419e-17	-1.032606e+11	386.91418
3.390000000000011e-11	0.49872348	-0.6835082	0.5323936	-1.31320076e-17	-1.032606e+11	386.91418
3.4000000000000115e-11	0.50184655	-0.6822413	0.53107065	-1.3150631e-17	-9.187608e+10	386.8437
3.410000000000012e-11	0.504959	-0.68095815	0.52975386	-1.316436e-17	-9.187608e+10	386.8437
3.4200000000000125e-11	0.5080604	-0.6796592	0.5284432	-1.3183077e-17	-8.174021e+10	386.77316
3.430000000000013e-11	0.5111507	-0.6783446	0.52713853	-1.3196914e-17	-8.174021e+10	386.77316
3.4400000000000135e-11	0.51422966	-0.677015	0.52583957	-1.3215697e-17	-7.27174e+10	386.7026
3.450000000000014e-11	0.5172971	-0.6756706	0.5245462	-1.3229602e-17	-7.27174e+10	386.7026
3.4600000000000144e-11	0.52035284	-0.67431176	0.5232583	-1.3248423e-17	-6.4686506e+10	386.63202
3.470000000000015e-11	0.52339673	-0.6729388	0.5219759	-1.3262384e-17	-6.4686506e+10	386.63202
3.4800000000000154e-11	0.5264286	-0.671552	0.52069855	-1.3281206e-17	-5.753932e+10	386.56146
3.490000000000016e-11	0.52944833	-0.6701518	0.5194264	-1.32951946e-17	-5.753932e+10	386.56146
3.5000000000000163e-11	0.5324558	-0.6687385	0.51815915	-1.3314013e-17	-5.1179282e+10	386.4909
3.510000000000017e-11	0.5354508	-0.6673121	0.5168969	-1.33280055e-17	-5.1179282e+10	386.4909
3.520000000000017e-11	0.5384334	-0.6658731	0.51563954	-1.3346792e-17	-4.5520224e+10	386.42038
3.530000000000018e-11	0.5414033	-0.6644218	0.5143869	-1.3360771e-17	-4.5520224e+10	386.42038
3.540000000000018e-11	0.5443605	-0.6629583	0.51313883	-1.33795116e-17	-4.048532e+10	386.34988
3.550000000000019e-11	0.54730487	-0.66148305	0.51189554	-1.3393467e-17	-4.048532e+10	386.34988
3.560000000000019e-11	0.5502363	-0.6599961	0.51065665	-1.3412145e-17	-3.600605e+10	386.27942
3.57000000000002e-11	0.5531547	-0.6584978	0.5094223	-1.3426059e-17	-3.600605e+10	386.27942
3.58000000000002e-11	0.5560601	-0.6569884	0.5081924	-1.3444661e-17	-3.202137e+10	386.20898
3.590000000000021e-11	0.5589523	-0.655468	0.5069669	-1.34585255e-17	-3.202137e+10	386.20898
3.600000000000021e-11	0.5618313	-0.6539368	0.50574577	-1.3477045e-17	-2.8476875e+10	386.1386
3.6100000000000217e-11	0.564697	-0.6523951	0.5045289	-1.3490845e-17	-2.8476875e+10	386.1386
3.620000000000022e-11	0.56754947	-0.65084314	0.5033163	-1.35092706e-17	-2.5324102e+10	386.06827
3.6300000000000226e-11	0.57038844	-0.649281	0.50210786	-1.3522998e-17	-2.5324102e+10	386.06827
3.640000000000023e-11	0.57321405	-0.647709	0.50090367	-1.3541319e-17	-2.2519888e+10	385.998
3.6500000000000236e-11	0.5760261	-0.6461272	0.49970374	-1.3554968e-17	-2.2519888e+10	385.998
3.660000000000024e-11	0.57882476	-0.64453584	0.49850792	-1.3573183e-17	-2.0025805e+10	385.92776
3.6700000000000245e-11	0.5816097	-0.64293504	0.4973163	-1.3586748e-17	-2.0025805e+10	385.92776
3.680000000000025e-11	0.58438116	-0.6413251	0.49612865	-1.3604848e-17	-1.7807634e+10	385.85757
3.6900000000000255e-11	0.587139	-0.63970613	0.49494517	-1.361832e-17	-1.7807634e+10	385.85757
3.700000000000026e-11	0.5898832	-0.6380782	0.49376583	-1.3636299e-17	-1.5834917e+10	385.78745
3.7100000000000265e-11	0.5926137	-0.6364415	0.49259052	-1.3649675e-17	-1.5834917e+10	385.78745
3.720000000000027e-11	0.5953306	-0.6347964	0.49141935	-1.3667524e-17	-1.4080543e+10	385.71738
3.7300000000000274e-11	0.59803367	-0.6331428	0.49025217	-1.36808005e-17	-1.4080543e+10	385.71738
3.740000000000028e-11	0.60072315	-0.63148093	0.489089	-1.3698526e-17	-1.2520386e+10	385.64734
3.7500000000000284e-11	0.6033988	-0.6298109	0.48792997	-1.37117e-17	-1.2520386e+10	385.64734
3.760000000000029e-11	0.60606086	-0.62813294	0.48677495	-1.372929e-17	-1.1132978e+10	385.5774
3.7700000000000294e-11	0.6087091	-0.6264472	0.485624	-1.3742357e-17	-1.1132978e+10	385.5774
3.78000000000003e-11	0.61134356	-0.62475365	0.48447704	-1.37598145e-17	-9.899216e+09	385.50748
3.7900000000000303e-11	0.61396444	-0.62305266	0.48333415	-1.3772773e-17	-9.899216e+09	385.50748
3.800000000000031e-11	0.6165714	-0.62134415	0.48219526	-1.3790095e-17	-8.802104e+09	385.43762
3.810000000000031e-11	0.6191647	-0.6196283	0.48106045	-1.3802941e-17	-8.802104e+09	385.43762
3.820000000000032e-11	0.6217443	-0.6179054	0.47992963	-1.3820127e-17	-7.826524e+09	385.36783
3.830000000000032e-11	0.62431014	-0.61617535	0.47880292	-1.3832857e-17	-7.826524e+09	385.36783
3.840000000000033e-11	0.6268623	-0.6144384	0.47768024	-1.3849905e-17	-6.959025e+09	385.2981
3.850000000000033e-11	0.62940073	-0.61269456	0.47656164	-1.3862521e-17	-6.959025e+09	385.2981
3.860000000000034e-11	0.63192546	-0.61094415	0.47544712	-1.387943e-17	-6.1876434e+09	385.2284
3.870000000000034e-11	0.6344364	-0.6091871	0.47433665	-1.3891931e-17	-6.1876434e+09	385.2284
3.880000000000035e-11	0.6369338	-0.6074236	0.47323024	-1.3908696e-17	-5.5017375e+09	385.15878
3.890000000000035e-11	0.6394176	-0.60565376	0.47212788	-1.3921086e-17	-5.5017375e+09	385.15878
3.9000000000000356e-11	0.64188766	-0.60387766	0.47102973	-1.393771e-17	-4.891841e+09	385.0892
3.910000000000036e-11	0.64434415	-0.6020955	0.46993557	-1.394998e-17	-4.891841e+09	385.0892
3.9200000000000366e-11	0.64678705	-0.6003072	0.46884555	-1.3966468e-17	-4.349536e+09	385.01968
3.930000000000037e-11	0.6492163	-0.5985131	0.46775964	-1.3978621e-17	-4.349536e+09	385.01968
3.9400000000000376e-11	0.6516321	-0.59671307	0.46667784	-1.399497e-17	-3.8673367e+09	384.95023
3.950000000000038e-11	0.6540343	-0.59490734	0.46560022	-1.4007005e-17	-3.8673367e+09	384.95023
3.9600000000000385e-11	0.65642303	-0.593096	0.4645267	-1.4023214e-17	-3.4385833e+09	384.88083
3.970000000000039e-11	0.6587983	-0.59127915	0.46345735	-1.4035134e-17	-3.4385833e+09	384.88083
3.9800000000000395e-11	0.66116005	-0.58945686	0.46239215	-1.4051201e-17	-3.0573548e+09	384.8115
3.99000000000004e-11	0.6635084	-0.5876293	0.46133116	-1.4063003e-17	-3.0573548e+09	384.8115
4.0000000000000405e-11	0.66584337	-0.5857965	0.46027434	-1.4078932e-17	-2.718385e+09	384.7422
4.010000000000041e-11	0.66816497	-0.58395857	0.45922172	-1.4090618e-17	-2.718385e+09	384.7422
4.0200000000000414e-11	0.67047316	-0.5821154	0.45817327	-1.4106407e-17	-2.4169912e+09	384.67297
4.030000000000042e-11	0.6727681	-0.5802675	0.4571291	-1.4117978e-17	-2.4169912e+09	384.67297
4.0400000000000424e-11	0.6750497	-0.57841456	0.45608905	-1.4133635e-17	-2.1490092e+09	384.6038
4.050000000000043e-11	0.6773182	-0.5765569	0.4550533	-1.414509e-17	-2.1490092e+09	384.6038
4.0600000000000434e-11	0.6795733	-0.57469463	0.4540218	-1.4160607e-17	-1.9107359e+09	384.53467
4.070000000000044e-11	0.6818153	-0.5728277	0.45299459	-1.4171946e-17	-1.9107359e+09	384.53467
4.0800000000000443e-11	0.6840441	-0.5709561	0.4519716	-1.4187332e-17	-1.6988785e+09	384.4656
4.090000000000045e-11	0.6862599	-0.56908023	0.45095286	-1.4198557e-17	-1.6988785e+09	384.4656
4.100000000000045e-11	0.6884626	-0.56719995	0.44993845	-1.4213808e-17	-1.5105092e+09	384.3966
4.110000000000046e-11	0.6906521	-0.5653153	0.44892836	-1.422492e-17	-1.5105092e+09	384.3966
4.120000000000046e-11	0.69282866	-0.5634265	0.44792253	-1.4240037e-17	-1.3430241e+09	384.32767
4.130000000000047e-11	0.6949923	-0.5615336	0.44692102	-1.4251038e-17	-1.3430241e+09	384.32767
4.140000000000047e-11	0.69714296	-0.5596366	0.44592386	-1.4266022e-17	-1.1941085e+09	384.25876
4.150000000000048e-11	0.6992807	-0.55773556	0.4449311	-1.4276912e-17	-1.1941085e+09	384.25876
4.160000000000048e-11	0.7014055	-0.5558307	0.44394258	-1.4291767e-17	-1.0617036e+09	384.18994
4.1700000000000487e-11	0.7035176	-0.55392206	0.4429585	-1.4302548e-17	-1.0617036e+09	384.18994
4.180000000000049e-11	0.70561683	-0.55200964	0.44197878	-1.4317269e-17	-9.439792e+08	384.12115
4.1900000000000496e-11	0.70770335	-0.5500934	0.44100344	-1.4327943e-17	-9.439792e+08	384.12115
4.20000000000005e-11	0.70977706	-0.5481737	0.44003254	-1.4342538e-17	-8.3930765e+08	384.05243
4.2100000000000506e-11	0.7118381	-0.54625046	0.43906593	-1.4353099e-17	-8.3930765e+08	384.05243
4.220000000000051e-11	0.7138866	-0.5443236	0.4381038	-1.436757e-17	-7.462419e+08	383.98376
4.2300000000000516e-11	0.71592253	-0.54239357	0.43714613	-1.4378027e-17	-7.462419e+08	383.98376
4.240000000000052e-11	0.7179458	-0.54046	0.4361928	-1.439237e-17	-6.6349523e+08	383.91513
4.2500000000000525e-11	0.7199566	-0.53852326	0.43524408	-1.440272e-17	-6.6349523e+08	383.91513
4.260000000000053e-11	0.7219549	-0.5365833	0.43429965	-1.4416936e-17	-5.899235e+08	383.8466
4.2700000000000535e-11	0.72394073	-0.53464013	0.43335974	-1.4427186e-17	-5.899235e+08	383.8466
4.280000000000054e-11	0.72591424	-0.5326939	0.4324243	-1.444128e-17	-5.2450957e+08	383.77808
4.2900000000000545e-11	0.7278753	-0.53074473	0.4314934	-1.4451421e-17	-5.2450957e+08	383.77808
4.300000000000055e-11	0.72982407	-0.5287926	0.4305669	-1.4465394e-17	-4.6634886e+08	383.70963
4.3100000000000554e-11	0.7317605	-0.52683765	0.42964497	-1.4475434e-17	-4.6634886e+08	383.70963
4.320000000000056e-11	0.7336848	-0.52487975	0.4287275	-1.4489288e-17	-4.146372e+08	383.64127
4.3300000000000564e-11	0.7355968	-0.5229191	0.42781454	-1.4499227e-17	-4.146372e+08	383.64127
4.340000000000057e-11	0.73749673	-0.5209558	0.4269062	-1.451296e-17	-3.686595e+08	383.5729
4.3500000000000574e-11	0.73938453	-0.5189898	0.42600235	-1.4522798e-17	-3.686595e+08	383.5729
4.360000000000058e-11	0.7412602	-0.51702124	0.425103	-1.4536414e-17	-3.2778e+08	383.50464
4.370000000000058e-11	0.7431239	-0.5150502	0.42420822	-1.4546153e-17	-3.2778e+08	383.50464
4.380000000000059e-11	0.74497557	-0.51307654	0.4233181	-1.4559654e-17	-2.914334e+08	383.43643
4.390000000000059e-11	0.7468153	-0.5111006	0.42243242	-1.4569294e-17	-2.914334e+08	383.43643
4.40000000000006e-11	0.74864316	-0.50912225	0.4215514	-1.4582685e-17	-2.5911715e+08	383.36826
4.41000000000006e-11	0.7504591	-0.5071415	0.42067492	-1.459223e-17	-2.5911715e+08	383.36826
4.420000000000061e-11	0.7522633	-0.5051586	0.41980305	-1.4605502e-17	-2.3038429e+08	383.30014
4.430000000000061e-11	0.7540556	-0.5031735	0.41893584	-1.4614953e-17	-2.3038429e+08	383.30014
4.440000000000062e-11	0.7558363	-0.50118613	0.41807318	-1.4628113e-17	-2.048375e+08	383.2321
4.450000000000062e-11	0.75760525	-0.4991967	0.4172152	-1.4637469e-17	-2.048375e+08	383.2321
4.4600000000000627e-11	0.75936246	-0.4972053	0.41636178	-1.4650523e-17	-1.821235e+08	383.1641
4.470000000000063e-11	0.76110816	-0.49521178	0.415513	-1.4659786e-17	-1.821235e+08	383.1641
4.4800000000000636e-11	0.7628423	-0.49321634	0.41466895	-1.4672728e-17	-1.619282e+08	383.09616
4.490000000000064e-11	0.7645648	-0.49121904	0.41382948	-1.4681898e-17	-1.619282e+08	383.09616
4.5000000000000646e-11	0.76627594	-0.48921984	0.4129947	-1.4694733e-17	-1.4397229e+08	383.02826
4.510000000000065e-11	0.76797557	-0.4872189	0.41216457	-1.4703812e-17	-1.4397229e+08	383.02826
4.5200000000000656e-11	0.7696638	-0.48521614	0.41133916	-1.4716544e-17	-1.2800745e+08	382.96042
4.530000000000066e-11	0.7713407	-0.48321164	0.41051835	-1.4725534e-17	-1.2800745e+08	382.96042
4.5400000000000665e-11	0.77300626	-0.48120546	0.40970233	-1.4738157e-17	-1.1381292e+08	382.89267
4.550000000000067e-11	0.7746606	-0.47919768	0.4088909	-1.4747059e-17	-1.1381292e+08	382.89267
4.5600000000000675e-11	0.7763037	-0.47718835	0.40808427	-1.475958e-17	-1.0119238e+08	382.82492
4.570000000000068e-11	0.7779355	-0.4751774	0.40728226	-1.4768395e-17	-1.0119238e+08	382.82492
4.5800000000000685e-11	0.77955616	-0.47316498	0.40648505	-1.4780816e-17	-8.997131e+07	382.75726
4.590000000000069e-11	0.78116596	-0.47115114	0.40569252	-1.4789546e-17	-8.997131e+07	382.75726
4.6000000000000694e-11	0.7827644	-0.46913582	0.40490472	-1.4801866e-17	-7.999452e+07	382.68967
4.61000000000007e-11	0.784352	-0.46711922	0.40412164	-1.4810508e-17	-7.999452e+07	382.68967
4.6200000000000704e-11	0.78592855	-0.4651012	0.40334335	-1.482273e-17	-7.112404e+07	382.6221
4.630000000000071e-11	0.7874942	-0.46308196	0.40256983	-1.483129e-17	-7.112404e+07	382.6221
4.6400000000000713e-11	0.78904885	-0.4610614	0.401801	-1.4843414e-17	-6.3237184e+07	382.5546
4.650000000000072e-11	0.7905928	-0.45903963	0.40103692	-1.485189e-17	-6.3237184e+07	382.5546
4.660000000000072e-11	0.7921258	-0.45701674	0.40027767	-1.486392e-17	-5.6224896e+07	382.48715
4.670000000000073e-11	0.79364806	-0.45499265	0.39952314	-1.4872315e-17	-5.6224896e+07	382.48715
4.680000000000073e-11	0.79515964	-0.45296746	0.3987734	-1.488425e-17	-4.9990184e+07	382.41977
4.690000000000074e-11	0.79666054	-0.45094126	0.3980285	-1.4892566e-17	-4.9990184e+07	382.41977
4.700000000000074e-11	0.79815066	-0.448914	0.39728835	-1.4904407e-17	-4.444683e+07	382.35242
4.710000000000075e-11	0.79963034	-0.44688573	0.396553	-1.4912642e-17	-4.444683e+07	382.35242
4.720000000000075e-11	0.8010993	-0.44485652	0.3958224	-1.4924391e-17	-3.9518172e+07	382.28516
4.730000000000076e-11	0.8025578	-0.44282633	0.39509666	-1.493255e-17	-3.9518172e+07	382.28516
4.740000000000076e-11	0.80400586	-0.44079533	0.3943758	-1.4944209e-17	-3.513605e+07	382.21793
4.7500000000000767e-11	0.8054434	-0.4387634	0.39365965	-1.495229e-17	-3.513605e+07	382.21793
4.760000000000077e-11	0.80687064	-0.43673068	0.39294836	-1.4963861e-17	-3.123985e+07	382.15076
4.7700000000000776e-11	0.8082874	-0.43469715	0.39224195	-1.4971865e-17	-3.123985e+07	382.15076
4.780000000000078e-11	0.8096938	-0.43266284	0.39154032	-1.4983348e-17	-2.7775696e+07	382.08365
4.7900000000000786e-11	0.81109005	-0.43062788	0.39084354	-1.4991279e-17	-2.7775696e+07	382.08365
4.800000000000079e-11	0.81247604	-0.42859212	0.39015162	-1.5002676e-17	-2.4695678e+07	382.01657
4.8100000000000795e-11	0.8138518	-0.4265557	0.38946456	-1.5010534e-17	-2.4695678e+07	382.01657
4.82000000000008e-11	0.8152173	-0.42451867	0.38878232	-1.5021841e-17	-2.19572e+07	381.9496
4.8300000000000805e-11	0.8165728	-0.42248103	0.38810498	-1.5029629e-17	-2.19572e+07	381.9496
4.840000000000081e-11	0.8179181	-0.4204428	0.3874325	-1.5040857e-17	-1.9522388e+07	381.88263
4.8500000000000815e-11	0.81925344	-0.418404	0.38676488	-1.5048574e-17	-1.9522388e+07	381.88263
4.860000000000082e-11	0.82057875	-0.4163647	0.38610214	-1.5059716e-17	-1.735757e+07	381.81573
4.8700000000000824e-11	0.82189417	-0.41432485	0.38544428	-1.5067361e-17	-1.735757e+07	381.81573
4.880000000000083e-11	0.8231995	-0.41228455	0.38479128	-1.5078426e-17	-1.5432806e+07	381.7489
4.8900000000000834e-11	0.8244951	-0.4102438	0.3841432	-1.5086001e-17	-1.5432806e+07	381.7489
4.900000000000084e-11	0.82578063	-0.40820262	0.3835	-1.5096988e-17	-1.3721477e+07	381.6821
4.9100000000000844e-11	0.82705647	-0.40616104	0.3828617	-1.5104495e-17	-1.3721477e+07	381.6821
4.920000000000085e-11	0.8283225	-0.40411913	0.3822283	-1.5115397e-17	-1.2199916e+07	381.61536
4.9300000000000853e-11	0.8295788	-0.40207684	0.3815998	-1.5122842e-17	-1.2199916e+07	381.61536
4.940000000000086e-11	0.8308255	-0.40003422	0.38097623	-1.5133668e-17	-1.0847079e+07	381.5487
4.950000000000086e-11	0.83206236	-0.39799133	0.38035756	-1.5141046e-17	-1.0847079e+07	381.5487
4.960000000000087e-11	0.8332898	-0.39594814	0.37974384	-1.5151796e-17	-9.644256e+06	381.48206
4.970000000000087e-11	0.83450747	-0.3939047	0.379135	-1.5159109e-17	-9.644256e+06	381.48206
4.980000000000088e-11	0.8357156	-0.39186102	0.3785312	-1.516979e-17	-8.574814e+06	381.4155
4.990000000000088e-11	0.83691424	-0.38981712	0.37793222	-1.5177035e-17	-8.574814e+06	381.4155
5.000000000000089e-11	0.83810335	-0.38777307	0.3773382	-1.518764e-17	-7.6239605e+06	381.349
5.010000000000089e-11	0.8392831	-0.38572884	0.37674916	-1.5194826e-17	-7.6239605e+06	381.349
5.02000000000009e-11	0.84045345	-0.3836844	0.37616503	-1.520536e-17	-6.7785465e+06	381.28253
5.03000000000009e-11	0.8416143	-0.38163993	0.37558585	-1.5212483e-17	-6.7785465e+06	381.28253
5.0400000000000906e-11	0.8427659	-0.37959528	0.3750116	-1.5222947e-17	-6.0268795e+06	381.21613
5.050000000000091e-11	0.84390825	-0.3775506	0.37444234	-1.5230013e-17	-6.0268795e+06	381.21613
5.0600000000000916e-11	0.8450413	-0.37550578	0.37387806	-1.5240406e-17	-5.3585645e+06	381.14978
5.070000000000092e-11	0.846165	-0.37346095	0.3733187	-1.5247412e-17	-5.3585645e+06	381.14978
5.0800000000000926e-11	0.8472795	-0.3714161	0.37276435	-1.5257735e-17	-4.764358e+06	381.08347
5.090000000000093e-11	0.848385	-0.36937118	0.37221494	-1.5264682e-17	-4.764358e+06	381.08347
5.1000000000000935e-11	0.8494812	-0.3673263	0.37167054	-1.527494e-17	-4.236043e+06	381.01724
5.110000000000094e-11	0.8505685	-0.36528146	0.37113106	-1.5281833e-17	-4.236043e+06	381.01724
5.1200000000000945e-11	0.85164666	-0.36323667	0.37059665	-1.5292022e-17	0	380.95105
5.130000000000095e-11	0.8527157	-0.3611919	0.37006718	-1.5298858e-17	0	380.95105
5.1400000000000955e-11	0.85377556	-0.35914785	0.36954257	-1.530566e-17	0	380.95105
5.150000000000096e-11	0.8548262	-0.35710457	0.3690228	-1.5312433e-17	0	380.95105
5.1600000000000964e-11	0.85586786	-0.3550621	0.36850786	-1.5319173e-17	0	380.95105
5.170000000000097e-11	0.85690045	-0.35302043	0.36799777	-1.5325885e-17	0	380.95105
5.1800000000000974e-11	0.85792387	-0.3509795	0.36749256	-1.5332565e-17	0	380.95105
5.190000000000098e-11	0.8589382	-0.34893948	0.36699212	-1.5339214e-17	0	380.95105
5.2000000000000984e-11	0.8599436	-0.34690022	0.36649656	-1.5345833e-17	0	380.95105
5.210000000000099e-11	0.86094016	-0.34486184	0.36600587	-1.5352421e-17	0	380.95105
5.2200000000000993e-11	0.86192775	-0.34282434	0.36552006	-1.5358984e-17	0	380.95105
5.2300000000001e-11	0.8629065	-0.34078768	0.3650391	-1.5365513e-17	0	380.95105
5.2400000000001e-11	0.8638764	-0.33875194	0.36456302	-1.5372018e-17	0	380.95105
5.250000000000101e-11	0.8648375	-0.3367171	0.36409172	-1.5378489e-17	0	380.95105
5.260000000000101e-11	0.8657899	-0.33468312	0.36362535	-1.5384936e-17	0	380.95105
5.270000000000102e-11	0.8667336	-0.3326501	0.36316383	-1.5391353e-17	0	380.95105
5.280000000000102e-11	0.86766857	-0.33061802	0.3627072	-1.539774e-17	0	380.95105
5.290000000000103e-11	0.8685949	-0.3285869	0.36225542	-1.5404101e-17	0	380.95105
5.300000000000103e-11	0.8695126	-0.3265567	0.36180848	-1.5410438e-17	0	380.95105
5.3100000000001037e-11	0.87042177	-0.3245275	0.36136645	-1.5416746e-17	0	380.95105
5.320000000000104e-11	0.8713224	-0.32249928	0.36092928	-1.5423026e-17	0	380.95105
5.3300000000001046e-11	0.87221444	-0.32047197	0.36049697	-1.5429281e-17	0	380.95105
5.340000000000105e-11	0.8730981	-0.3184457	0.3600696	-1.5435508e-17	0	380.95105
5.3500000000001056e-11	0.87397325	-0.31642047	0.35964707	-1.544171e-17	0	380.95105
5.360000000000106e-11	0.87484	-0.31439623	0.35922942	-1.5447889e-17	0	380.95105
5.3700000000001066e-11	0.8756985	-0.31237304	0.35881665	-1.5454038e-17	0	380.95105
5.380000000000107e-11	0.8765486	-0.3103508	0.35840878	-1.5460164e-17	0	380.95105
5.3900000000001075e-11	0.8773904	-0.30832967	0.35800576	-1.5466264e-17	0	380.95105
5.400000000000108e-11	0.8782239	-0.30630958	0.35760766	-1.547234e-17	0	380.95105
5.4100000000001085e-11	0.8790492	-0.3042905	0.35721445	-1.5478394e-17	0	380.95105
5.420000000000109e-11	0.8798662	-0.30227253	0.35682613	-1.5484422e-17	0	380.95105
5.4300000000001095e-11	0.8806751	-0.30025563	0.35644266	-1.5490426e-17	0	380.95105
5.44000000000011e-11	0.8814758	-0.29823974	0.35606414	-1.5496407e-17	0	380.95105
5.4500000000001104e-11	0.8822684	-0.29622498	0.35569048	-1.5502362e-17	0	380.95105
5.460000000000111e-11	0.883053	-0.29421133	0.35532168	-1.5508296e-17	0	380.95105
5.4700000000001114e-11	0.8838295	-0.29219872	0.35495782	-1.5514207e-17	0	380.95105
5.480000000000112e-11	0.8845979	-0.29018724	0.35459888	-1.5520097e-17	0	380.95105
5.4900000000001124e-11	0.88535845	-0.28817686	0.35424486	-1.5525963e-17	0	380.95105
5.500000000000113e-11	0.886111	-0.2861676	0.3538957	-1.5531807e-17	0	380.95105
5.510000000000113e-11	0.88685554	-0.28415942	0.35355145	-1.5537628e-17	0	380.95105
5.520000000000114e-11	0.88759226	-0.2821524	0.3532121	-1.5543428e-17	0	380.95105
5.530000000000114e-11	0.88832116	-0.28014648	0.35287762	-1.5549207e-17	0	380.95105
5.540000000000115e-11	0.8890421	-0.2781417	0.35254812	-1.5554964e-17	0	380.95105
5.550000000000115e-11	0.88975525	-0.27613807	0.3522235	-1.5560702e-17	0	380.95105
5.560000000000116e-11	0.8904606	-0.27413556	0.3519038	-1.5566417e-17	0	380.95105
5.570000000000116e-11	0.8911582	-0.27213418	0.35158893	-1.5572113e-17	0	380.95105
5.580000000000117e-11	0.8918481	-0.27013394	0.35127908	-1.5577788e-17	0	380.95105
5.590000000000117e-11	0.8925303	-0.2681349	0.35097408	-1.5583446e-17	0	380.95105
5.6000000000001177e-11	0.8932048	-0.26613694	0.35067403	-1.5589079e-17	0	380.95105
5.610000000000118e-11	0.8938717	-0.2641402	0.35037887	-1.5594697e-17	0	380.95105
5.6200000000001186e-11	0.8945309	-0.26214457	0.35008866	-1.5600294e-17	0	380.95105
5.630000000000119e-11	0.8951825	-0.26015013	0.34980336	-1.560587e-17	0	380.95105
5.6400000000001196e-11	0.8958266	-0.25815684	0.34952298	-1.5611433e-17	0	380.95105
5.65000000000012e-11	0.89646316	-0.2561647	0.34924755	-1.5616973e-17	0	380.95105
5.6600000000001206e-11	0.8970921	-0.25417373	0.348977	-1.5622494e-17	0	380.95105
5.670000000000121e-11	0.89771354	-0.25218397	0.34871137	-1.5628e-17	0	380.95105
5.6800000000001215e-11	0.89832765	-0.25019532	0.34845072	-1.5633487e-17	0	380.95105
5.690000000000122e-11	0.8989342	-0.2482079	0.34819493	-1.5638955e-17	0	380.95105
5.7000000000001225e-11	0.8995334	-0.2462216	0.34794408	-1.5644409e-17	0	380.95105
5.710000000000123e-11	0.9001251	-0.24423651	0.3476982	-1.564984e-17	0	380.95105
5.7200000000001235e-11	0.9007095	-0.24225257	0.34745726	-1.5655258e-17	0	380.95105
5.730000000000124e-11	0.9012865	-0.24026984	0.34722123	-1.5660658e-17	0	380.95105
5.7400000000001244e-11	0.90185624	-0.23828825	0.34699014	-1.5666043e-17	0	380.95105
5.750000000000125e-11	0.9024186	-0.23630786	0.34676397	-1.5671412e-17	0	380.95105
5.7600000000001254e-11	0.9029738	-0.23432866	0.34654275	-1.5676762e-17	0	380.95105
5.770000000000126e-11	0.90352166	-0.23235065	0.34632644	-1.56821e-17	0	380.95105
5.7800000000001263e-11	0.9040623	-0.23037377	0.3461151	-1.5687419e-17	0	380.95105
5.790000000000127e-11	0.9045957	-0.22839808	0.34590867	-1.5692726e-17	0	380.95105
5.800000000000127e-11	0.90512186	-0.22642359	0.3457072	-1.5698015e-17	0	380.95105
5.810000000000128e-11	0.90564084	-0.22445029	0.3455107	-1.570329e-17	0	380.95105
5.820000000000128e-11	0.9061527	-0.22247815	0.34531915	-1.5708552e-17	0	380.95105
5.830000000000129e-11	0.9066576	-0.22050717	0.34513253	-1.5713796e-17	0	380.95105
5.840000000000129e-11	0.90715516	-0.21853738	0.3449508	-1.571903e-17	0	380.95105
5.85000000000013e-11	0.90764564	-0.21656881	0.3447741	-1.5724248e-17	0	380.95105
5.86000000000013e-11	0.90812916	-0.21460135	0.3446023	-1.5729451e-17	0	380.95105
5.870000000000131e-11	0.9086056	-0.21263511	0.34443545	-1.5734641e-17	0	380.95105
5.880000000000131e-11	0.909075	-0.21067005	0.34427357	-1.5739818e-17	0	380.95105
5.890000000000132e-11	0.9095373	-0.20870614	0.34411666	-1.5744983e-17	0	380.95105
5.900000000000132e-11	0.9099927	-0.20674342	0.3439647	-1.5750131e-17	0	380.95105
5.910000000000133e-11	0.91044104	-0.20478186	0.34381768	-1.575527e-17	0	380.95105
5.920000000000133e-11	0.9108825	-0.20282146	0.3436756	-1.5760395e-17	0	380.95105
5.930000000000134e-11	0.91131693	-0.20086226	0.34353855	-1.5765507e-17	0	380.95105
5.940000000000134e-11	0.9117446	-0.1989042	0.3434064	-1.5770609e-17	0	380.95105
5.950000000000135e-11	0.9121652	-0.19694732	0.3432792	-1.5775697e-17	0	380.95105
5.960000000000135e-11	0.912579	-0.1949916	0.343157	-1.5780776e-17	0	380.95105
5.970000000000136e-11	0.9129859	-0.19303705	0.34303975	-1.578584e-17	0	380.95105
5.980000000000136e-11	0.91338587	-0.19108365	0.3429275	-1.5790898e-17	0	380.95105
5.990000000000136e-11	0.91377914	-0.1891314	0.34282014	-1.5795939e-17	0	380.95105
6.000000000000137e-11	0.9141655	-0.18718033	0.34271783	-1.5800973e-17	0	380.95105
6.010000000000137e-11	0.91454506	-0.18523039	0.34262043	-1.5805994e-17	0	380.95105
6.020000000000138e-11	0.9149178	-0.18328162	0.34252805	-1.5811005e-17	0	380.95105
6.030000000000138e-11	0.9152839	-0.18133402	0.3424406	-1.5816006e-17	0	380.95105
6.040000000000139e-11	0.9156431	-0.17938752	0.34235817	-1.5820999e-17	0	380.95105
6.05000000000014e-11	0.9159956	-0.1774422	0.34228066	-1.5825978e-17	0	380.95105
6.06000000000014e-11	0.9163413	-0.17549801	0.34220815	-1.5830951e-17	0	380.95105
6.07000000000014e-11	0.91668034	-0.17355499	0.34214061	-1.5835913e-17	0	380.95105
6.080000000000141e-11	0.9170127	-0.17161307	0.34207812	-1.5840866e-17	0	380.95105
6.090000000000141e-11	0.9173383	-0.1696723	0.3420205	-1.584581e-17	0	380.95105
6.100000000000142e-11	0.91765726	-0.16773267	0.34196794	-1.5850744e-17	0	380.95105
6.110000000000142e-11	0.9179696	-0.16579416	0.34192035	-1.5855673e-17	0	380.95105
6.120000000000143e-11	0.91827774	-0.16382466	0.3418846	-1.6018465e-17	0	377.70963
6.130000000000143e-11	0.91858125	-0.16182415	0.3418609	-1.6023718e-17	0	377.70963
6.140000000000144e-11	0.91887796	-0.15982477	0.34184238	-1.6028965e-17	0	377.70963
6.150000000000144e-11	0.9191675	-0.15782645	0.34182903	-1.6034201e-17	0	377.70963
6.160000000000145e-11	0.9194503	-0.15582922	0.3418208	-1.6039434e-17	0	377.70963
6.170000000000145e-11	0.919726	-0.15383309	0.34181777	-1.6044655e-17	0	377.70963
6.180000000000146e-11	0.9199948	-0.15183803	0.34181988	-1.6049871e-17	0	377.70963
6.190000000000146e-11	0.9202566	-0.14984408	0.34182718	-1.6055081e-17	0	377.70963
6.200000000000147e-11	0.9205116	-0.14785117	0.3418397	-1.606028e-17	0	377.70963
6.210000000000147e-11	0.92075956	-0.14585936	0.34185734	-1.6065477e-17	0	377.70963
6.220000000000148e-11	0.92100066	-0.14386861	0.34188017	-1.6070667e-17	0	377.70963
6.230000000000148e-11	0.92123497	-0.14187896	0.3419082	-1.6075848e-17	0	377.70963
6.240000000000149e-11	0.92146236	-0.13989034	0.34194142	-1.6081028e-17	0	377.70963
6.250000000000149e-11	0.9216827	-0.13790281	0.34197974	-1.6086196e-17	0	377.70963
6.26000000000015e-11	0.9218964	-0.13591635	0.34202334	-1.6091366e-17	0	377.70963
6.27000000000015e-11	0.9221031	-0.13393095	0.34207207	-1.6096524e-17	0	377.70963
6.28000000000015e-11	0.92230296	-0.1319466	0.342126	-1.6101681e-17	0	377.70963
6.290000000000151e-11	0.9224961	-0.1299633	0.34218514	-1.6106831e-17	0	377.70963
6.300000000000151e-11	0.9226823	-0.12798105	0.34224948	-1.6111976e-17	0	377.70963
6.310000000000152e-11	0.9228617	-0.12599985	0.342319	-1.611712e-17	0	377.70963
6.320000000000152e-11	0.9230343	-0.12401972	0.3423937	-1.6122256e-17	0	377.70963
6.330000000000153e-11	0.9232	-0.122040614	0.34247363	-1.612739e-17	0	377.70963
6.340000000000153e-11	0.92335904	-0.12006256	0.34255874	-1.6132518e-17	0	377.70963
6.350000000000154e-11	0.92351127	-0.118085526	0.342649	-1.6137645e-17	0	377.70963
6.360000000000154e-11	0.9236565	-0.11610955	0.34274456	-1.6142769e-17	0	377.70963
6.370000000000155e-11	0.9237952	-0.1141346	0.34284526	-1.6147887e-17	0	377.70963
6.380000000000155e-11	0.923927	-0.11216068	0.3429512	-1.6153004e-17	0	377.70963
6.390000000000156e-11	0.92405206	-0.110187806	0.3430623	-1.615812e-17	0	377.70963
6.400000000000156e-11	0.92417026	-0.10821596	0.3431787	-1.6163228e-17	0	377.70963
6.410000000000157e-11	0.92428184	-0.106245115	0.34330025	-1.6168337e-17	0	377.70963
6.420000000000157e-11	0.92438656	-0.10427531	0.34342703	-1.6173442e-17	0	377.70963
6.430000000000158e-11	0.9244846	-0.10230653	0.34355903	-1.617855e-17	0	377.70963
6.440000000000158e-11	0.92457575	-0.10033875	0.34369624	-1.6183653e-17	0	377.70963
6.450000000000159e-11	0.9246603	-0.098372005	0.34383866	-1.6188755e-17	0	377.70963
6.460000000000159e-11	0.92473805	-0.096406266	0.3439863	-1.6193854e-17	0	377.70963
6.47000000000016e-11	0.9248091	-0.09444153	0.34413916	-1.6198953e-17	0	377.70963
6.48000000000016e-11	0.92487335	-0.09247782	0.3442973	-1.6204051e-17	0	377.70963
6.49000000000016e-11	0.924931	-0.090515114	0.34446055	-1.6209148e-17	0	377.70963
6.500000000000161e-11	0.9249817	-0.08855341	0.3446291	-1.6214244e-17	0	377.70963
6.510000000000162e-11	0.9250259	-0.08659273	0.3448029	-1.6219341e-17	0	377.70963
6.520000000000162e-11	0.9250632	-0.08463304	0.3449819	-1.6224438e-17	0	377.70963
6.530000000000163e-11	0.9250939	-0.082674354	0.34516615	-1.6229533e-17	0	377.70963
6.540000000000163e-11	0.9251178	-0.080716655	0.34535563	-1.6234629e-17	0	377.70963
6.550000000000163e-11	0.92513496	-0.07875998	0.3455503	-1.6239728e-17	0	377.70963
6.560000000000164e-11	0.9251455	-0.07680429	0.34575027	-1.6244825e-17	0	377.70963
6.570000000000164e-11	0.9251493	-0.0748496	0.3459555	-1.6249923e-17	0	377.70963
6.580000000000165e-11	0.9251464	-0.07289589	0.3461659	-1.6255022e-17	0	377.70963
6.590000000000165e-11	0.9251367	-0.07094319	0.34638157	-1.6260124e-17	0	377.70963
6.600000000000166e-11	0.92512035	-0.06899149	0.34660247	-1.6265226e-17	0	377.70963
6.610000000000166e-11	0.9250972	-0.06704078	0.34682864	-1.6270328e-17	0	377.70963
6.620000000000167e-11	0.9250674	-0.06509105	0.34706002	-1.6275434e-17	0	377.70963
6.630000000000167e-11	0.9250309	-0.06314232	0.3472967	-1.6280546e-17	0	377.70963
6.640000000000168e-11	0.9249876	-0.061194584	0.34753862	-1.6285651e-17	0	377.70963
6.650000000000168e-11	0.92493767	-0.059247836	0.34778577	-1.6290765e-17	0	377.70963
6.660000000000169e-11	0.924881	-0.057302088	0.34803817	-1.6295882e-17	0	377.70963
6.670000000000169e-11	0.9248176	-0.05535732	0.34829584	-1.6300999e-17	0	377.70963
6.68000000000017e-11	0.9247476	-0.05341354	0.34855878	-1.6306119e-17	0	377.70963
6.69000000000017e-11	0.92467076	-0.05147076	0.34882697	-1.6311246e-17	0	377.70963
6.700000000000171e-11	0.9245871	-0.049528968	0.3491004	-1.6316373e-17	0	377.70963
6.710000000000171e-11	0.9244968	-0.04758817	0.3493791	-1.6321503e-17	0	377.70963
6.720000000000172e-11	0.92439985	-0.04564836	0.34966308	-1.6326641e-17	0	377.70963
6.730000000000172e-11	0.924296	-0.04370954	0.34995228	-1.6331778e-17	0	377.70963
6.740000000000173e-11	0.92418563	-0.041771714	0.3502468	-1.6336921e-17	0	377.70963
6.750000000000173e-11	0.92406833	-0.039834876	0.35054657	-1.6342068e-17	0	377.70963
6.760000000000174e-11	0.9239444	-0.037899043	0.35085157	-1.6347221e-17	0	377.70963
6.770000000000174e-11	0.9238137	-0.0359642	0.3511619	-1.6352378e-17	0	377.70963
6.780000000000175e-11	0.92367625	-0.034030356	0.35147747	-1.6357541e-17	0	377.70963
6.790000000000175e-11	0.92353207	-0.03209751	0.3517983	-1.6362708e-17	0	377.70963
6.800000000000176e-11	0.9233811	-0.030165665	0.35212442	-1.636788e-17	0	377.70963
6.810000000000176e-11	0.92322344	-0.02823482	0.3524558	-1.6373058e-17	0	377.70963
6.820000000000177e-11	0.9230589	-0.026304979	0.35279244	-1.6378244e-17	0	377.70963
6.830000000000177e-11	0.92288756	-0.024376146	0.3531344	-1.638343e-17	0	377.70963
6.840000000000177e-11	0.9227096	-0.022448318	0.35348162	-1.6388628e-17	0	377.70963
6.850000000000178e-11	0.92252487	-0.020521503	0.3538341	-1.639383e-17	0	377.70963
6.860000000000178e-11	0.9223333	-0.018595695	0.3541919	-1.6399038e-17	0	377.70963
6.870000000000179e-11	0.9221349	-0.016670905	0.35455492	-1.6404254e-17	0	377.70963
6.88000000000018e-11	0.9219297	-0.014747135	0.3549233	-1.6409475e-17	0	377.70963
6.89000000000018e-11	0.9217178	-0.012824383	0.3552969	-1.6414704e-17	0	377.70963
6.90000000000018e-11	0.92149895	-0.010902654	0.35567582	-1.641994e-17	0	377.70963
6.910000000000181e-11	0.92127347	-0.008981952	0.35606003	-1.6425186e-17	0	377.70963
6.920000000000181e-11	0.921041	-0.0070622824	0.35644946	-1.6430436e-17	0	377.70963
6.930000000000182e-11	0.92080176	-0.00514365	0.35684425	-1.6435697e-17	0	377.70963
6.940000000000182e-11	0.9205558	-0.0032260502	0.3572443	-1.6440964e-17	0	377.70963
6.950000000000183e-11	0.92030287	-0.0013094936	0.35764965	-1.6446238e-17	0	377.70963
6.960000000000183e-11	0.9200431	0.00060601346	0.35806027	-1.6451522e-17	0	377.70963
6.970000000000184e-11	0.9197765	0.0025204737	0.35847622	-1.6456813e-17	0	377.70963
6.980000000000184e-11	0.9195031	0.0044338764	0.3588974	-1.6462117e-17	0	377.70963
6.990000000000185e-11	0.91922283	0.0063462183	0.35932392	-1.6467424e-17	0	377.70963
7.000000000000185e-11	0.91893566	0.008257499	0.35975567	-1.6472743e-17	0	377.70963
7.010000000000186e-11	0.91864157	0.010167707	0.36019278	-1.6478075e-17	0	377.70963
7.020000000000186e-11	0.9183406	0.012076842	0.36063516	-1.648341e-17	0	377.70963
7.030000000000187e-11	0.91803277	0.013984894	0.36108282	-1.6488757e-17	0	377.70963
7.040000000000187e-11	0.917718	0.01589186	0.36153576	-1.6494117e-17	0	377.70963
7.050000000000188e-11	0.91739637	0.017797735	0.36199412	-1.6499484e-17	0	377.70963
7.060000000000188e-11	0.91706765	0.019702509	0.36245763	-1.6504859e-17	0	377.70963
7.070000000000189e-11	0.9167322	0.02160618	0.36292645	-1.6510249e-17	0	377.70963
7.080000000000189e-11	0.9163899	0.023508739	0.3634006	-1.6515649e-17	0	377.70963
7.09000000000019e-11	0.91604036	0.025410179	0.36388004	-1.6521057e-17	0	377.70963
7.10000000000019e-11	0.915684	0.027310498	0.36436477	-1.6526478e-17	0	377.70963
7.11000000000019e-11	0.9153207	0.029209683	0.3648548	-1.653191e-17	0	377.70963
7.120000000000191e-11	0.91494524	0.031139353	0.3653569	-1.670556e-17	0	374.598
7.130000000000191e-11	0.91455734	0.033099502	0.3658711	-1.6711384e-17	0	374.598
7.140000000000192e-11	0.9141622	0.03505848	0.36639082	-1.6717221e-17	0	374.598
7.150000000000192e-11	0.9137595	0.037016287	0.36691603	-1.6723072e-17	0	374.598
7.160000000000193e-11	0.91334945	0.03897291	0.36744672	-1.6728934e-17	0	374.598
7.170000000000193e-11	0.9129319	0.04092834	0.3679829	-1.6734813e-17	0	374.598
7.180000000000194e-11	0.91250694	0.04288256	0.36852455	-1.6740703e-17	0	374.598
7.190000000000194e-11	0.91207457	0.044835575	0.36907166	-1.674661e-17	0	374.598
7.200000000000195e-11	0.9116347	0.046787363	0.3696243	-1.675253e-17	0	374.598
7.210000000000195e-11	0.91118735	0.04873792	0.37018237	-1.6758462e-17	0	374.598
7.220000000000196e-11	0.9107325	0.05068723	0.37074596	-1.6764412e-17	0	374.598
7.230000000000196e-11	0.91027015	0.052635282	0.37131503	-1.6770374e-17	0	374.598
7.240000000000197e-11	0.90980047	0.054582063	0.3718896	-1.6776351e-17	0	374.598
7.250000000000197e-11	0.909323	0.056527577	0.37246963	-1.6782343e-17	0	374.598
7.260000000000198e-11	0.9088381	0.05847179	0.37305516	-1.6788352e-17	0	374.598
7.270000000000198e-11	0.9083457	0.06041471	0.37364614	-1.6794375e-17	0	374.598
7.280000000000199e-11	0.9078456	0.062356308	0.3742426	-1.680041e-17	0	374.598
7.290000000000199e-11	0.907338	0.06429657	0.37484455	-1.6806469e-17	0	374.598
7.3000000000002e-11	0.9068228	0.06623551	0.37545198	-1.6812537e-17	0	374.598
7.3100000000002e-11	0.90630007	0.06817308	0.3760649	-1.6818623e-17	0	374.598
7.3200000000002e-11	0.9057697	0.07010929	0.37668326	-1.6824728e-17	0	374.598
7.330000000000201e-11	0.90523165	0.07204413	0.37730712	-1.6830847e-17	0	374.598
7.340000000000202e-11	0.9046861	0.073977545	0.37793645	-1.6836983e-17	0	374.598
7.350000000000202e-11	0.9041327	0.07590958	0.37857127	-1.6843138e-17	0	374.598
7.360000000000203e-11	0.90357184	0.07784017	0.3792115	-1.6849308e-17	0	374.598
7.370000000000203e-11	0.9030031	0.07976933	0.37985724	-1.6855497e-17	0	374.598
7.380000000000204e-11	0.90242684	0.08169704	0.38050848	-1.6861703e-17	0	374.598
7.390000000000204e-11	0.9018427	0.083623275	0.38116515	-1.6867927e-17	0	374.598
7.400000000000205e-11	0.901251	0.08554802	0.3818273	-1.6874167e-17	0	374.598
7.410000000000205e-11	0.9006515	0.08747128	0.38249493	-1.6880427e-17	0	374.598
7.420000000000205e-11	0.90004426	0.089393	0.38316795	-1.6886705e-17	0	374.598
7.430000000000206e-11	0.89942926	0.0913132	0.3838465	-1.6893002e-17	0	374.598
7.440000000000206e-11	0.8988065	0.093231834	0.38453045	-1.6899316e-17	0	374.598
7.450000000000207e-11	0.8981759	0.09514891	0.3852199	-1.6905651e-17	0	374.598
7.460000000000207e-11	0.8975376	0.097064406	0.38591477	-1.6912004e-17	0	374.598
7.470000000000208e-11	0.8968915	0.09897828	0.38661513	-1.6918375e-17	0	374.598
7.480000000000208e-11	0.8962375	0.10089055	0.38732094	-1.6924769e-17	0	374.598
7.490000000000209e-11	0.8955757	0.10280117	0.38803214	-1.6931176e-17	0	374.598
7.500000000000209e-11	0.8949059	0.104710124	0.3887488	-1.693761e-17	0	374.598
7.51000000000021e-11	0.89422846	0.10661741	0.3894709	-1.694406e-17	0	374.598
7.52000000000021e-11	0.8935429	0.108523	0.39019847	-1.6950532e-17	0	374.598
7.530000000000211e-11	0.8928496	0.110426866	0.3909315	-1.6957026e-17	0	374.598
7.540000000000211e-11	0.8921484	0.112329	0.3916699	-1.6963537e-17	0	374.598
7.550000000000212e-11	0.8914392	0.114229366	0.39241377	-1.697007e-17	0	374.598
7.560000000000212e-11	0.89072204	0.11612795	0.39316303	-1.6976623e-17	0	374.598
7.570000000000213e-11	0.88999707	0.11802476	0.39391768	-1.69832e-17	0	374.598
7.580000000000213e-11	0.889264	0.11991974	0.3946778	-1.6989795e-17	0	374.598
7.590000000000214e-11	0.888523	0.12181285	0.39544332	-1.6996414e-17	0	374.598
7.600000000000214e-11	0.887774	0.12370413	0.3962143	-1.7003053e-17	0	374.598
7.610000000000215e-11	0.8870169	0.12559351	0.3969906	-1.7009717e-17	0	374.598
7.620000000000215e-11	0.886252	0.12748097	0.3977724	-1.70164e-17	0	374.598
7.630000000000216e-11	0.8854788	0.12936652	0.39855954	-1.7023106e-17	0	374.598
7.640000000000216e-11	0.8846978	0.13125011	0.39935204	-1.7029834e-17	0	374.598
7.650000000000217e-11	0.8839085	0.1331317	0.40015	-1.7036584e-17	0	374.598
7.660000000000217e-11	0.88311124	0.13501132	0.40095335	-1.7043357e-17	0	374.598
7.670000000000218e-11	0.8823058	0.13688888	0.401762	-1.7050153e-17	0	374.598
7.680000000000218e-11	0.8814924	0.13876441	0.4025761	-1.7056972e-17	0	374.598
7.690000000000218e-11	0.8806708	0.14063787	0.40339553	-1.7063816e-17	0	374.598
7.700000000000219e-11	0.87984097	0.14250922	0.4042204	-1.7070687e-17	0	374.598
7.71000000000022e-11	0.8790031	0.14437845	0.40505058	-1.7077574e-17	0	374.598
7.72000000000022e-11	0.8781571	0.14624551	0.4058861	-1.7084489e-17	0	374.598
7.73000000000022e-11	0.8773029	0.14811042	0.40672702	-1.7091426e-17	0	374.598
7.740000000000221e-11	0.87644047	0.14997311	0.40757328	-1.7098387e-17	0	374.598
7.750000000000221e-11	0.8755699	0.15183356	0.40842485	-1.7105374e-17	0	374.598
7.760000000000222e-11	0.874691	0.15369177	0.4092818	-1.7112385e-17	0	374.598
7.770000000000222e-11	0.873804	0.1555477	0.41014403	-1.7119423e-17	0	374.598
7.780000000000223e-11	0.8729086	0.1574013	0.41101164	-1.7126483e-17	0	374.598
7.790000000000223e-11	0.87200505	0.15925255	0.4118845	-1.7133567e-17	0	374.598
7.800000000000224e-11	0.87109315	0.16110148	0.41276273	-1.714068e-17	0	374.598
7.810000000000224e-11	0.8701731	0.16294797	0.41364622	-1.7147815e-17	0	374.598
7.820000000000225e-11	0.8692447	0.16479203	0.41453505	-1.7154978e-17	0	374.598
7.830000000000225e-11	0.8683079	0.16663364	0.4154292	-1.7162165e-17	0	374.598
7.840000000000226e-11	0.86736286	0.16847278	0.41632864	-1.7169378e-17	0	374.598
7.850000000000226e-11	0.8664095	0.1703094	0.4172333	-1.7176617e-17	0	374.598
7.860000000000227e-11	0.86544776	0.17214344	0.4181432	-1.7183883e-17	0	374.598
7.870000000000227e-11	0.86447763	0.17397495	0.41905844	-1.7191176e-17	0	374.598
7.880000000000228e-11	0.86349916	0.17580383	0.41997895	-1.7198493e-17	0	374.598
7.890000000000228e-11	0.8625123	0.17763007	0.4209047	-1.720584e-17	0	374.598
7.900000000000229e-11	0.861517	0.17945364	0.42183566	-1.7213212e-17	0	374.598
7.910000000000229e-11	0.8605134	0.18127449	0.4227719	-1.7220612e-17	0	374.598
7.92000000000023e-11	0.85950124	0.18309264	0.42371336	-1.7228035e-17	0	374.598
7.93000000000023e-11	0.85848075	0.184908	0.42466003	-1.7235493e-17	0	374.598
7.94000000000023e-11	0.85745174	0.18672058	0.42561194	-1.7242972e-17	0	374.598
7.950000000000231e-11	0.8564143	0.1885303	0.426569	-1.7250483e-17	0	374.598
7.960000000000232e-11	0.8553685	0.19033714	0.4275313	-1.725802e-17	0	374.598
7.970000000000232e-11	0.8543141	0.1921411	0.42849877	-1.7265585e-17	0	374.598
7.980000000000232e-11	0.85325116	0.19394211	0.42947143	-1.7273176e-17	0	374.598
7.990000000000233e-11	0.8521798	0.19574016	0.43044925	-1.72808e-17	0	374.598
8.000000000000233e-11	0.85109997	0.19753522	0.43143225	-1.7288449e-17	0	374.598
8.010000000000234e-11	0.85001147	0.19932722	0.43242043	-1.729613e-17	0	374.598
8.020000000000234e-11	0.84891456	0.20111614	0.43341365	-1.7303838e-17	0	374.598
8.030000000000235e-11	0.8478091	0.20290196	0.43441212	-1.7311572e-17	0	374.598
8.040000000000235e-11	0.84669495	0.20468464	0.4354157	-1.731934e-17	0	374.598
8.050000000000236e-11	0.8455724	0.20646411	0.4364243	-1.7327133e-17	0	374.598
8.060000000000236e-11	0.8444412	0.20824036	0.43743807	-1.733496e-17	0	374.598
8.070000000000237e-11	0.84330136	0.21001334	0.43845695	-1.7342813e-17	0	374.598
8.080000000000237e-11	0.84215295	0.21178305	0.43948084	-1.7350696e-17	0	374.598
8.090000000000238e-11	0.840996	0.21354942	0.44050992	-1.7358607e-17	0	374.598
8.100000000000238e-11	0.83983046	0.21531242	0.44154397	-1.7366553e-17	0	374.598
8.110000000000239e-11	0.8386562	0.21707198	0.44258308	-1.7374528e-17	0	374.598
8.120000000000239e-11	0.8374594	0.21885966	0.4436342	-1.7587292e-17	0	371.611
8.13000000000024e-11	0.83623934	0.22067526	0.44469732	-1.7595788e-17	0	371.611
8.14000000000024e-11	0.8350104	0.22248717	0.4457657	-1.760432e-17	0	371.611
8.150000000000241e-11	0.8337721	0.22429536	0.4468392	-1.7612884e-17	0	371.611
8.160000000000241e-11	0.83252484	0.2260998	0.447918	-1.7621483e-17	0	371.611
8.170000000000242e-11	0.83126825	0.22790042	0.4490019	-1.763011e-17	0	371.611
8.180000000000242e-11	0.8300026	0.2296972	0.45009097	-1.763878e-17	0	371.611
8.190000000000243e-11	0.8287277	0.23149009	0.4511852	-1.7647478e-17	0	371.611
8.200000000000243e-11	0.8274436	0.23327902	0.45228457	-1.7656208e-17	0	371.611
8.210000000000244e-11	0.8261505	0.23506396	0.45338905	-1.7664971e-17	0	371.611
8.220000000000244e-11	0.824848	0.23684485	0.45449865	-1.7673774e-17	0	371.611
8.230000000000245e-11	0.8235363	0.23862168	0.45561332	-1.768261e-17	0	371.611
8.240000000000245e-11	0.82221556	0.24039438	0.4567331	-1.7691478e-17	0	371.611
8.250000000000246e-11	0.8208855	0.24216291	0.45785797	-1.7700383e-17	0	371.611
8.260000000000246e-11	0.8195462	0.24392726	0.4589878	-1.7709321e-17	0	371.611
8.270000000000246e-11	0.81819767	0.24568728	0.4601228	-1.7718291e-17	0	371.611
8.280000000000247e-11	0.81684	0.24744305	0.46126276	-1.77273e-17	0	371.611
8.290000000000247e-11	0.8154731	0.24919441	0.46240768	-1.7736344e-17	0	371.611
8.300000000000248e-11	0.81409687	0.25094137	0.4635577	-1.7745423e-17	0	371.611
8.310000000000248e-11	0.8127114	0.2526839	0.46471268	-1.7754534e-17	0	371.611
8.320000000000249e-11	0.8113167	0.25442192	0.46587253	-1.7763684e-17	0	371.611
8.33000000000025e-11	0.8099128	0.2561554	0.4670374	-1.777287e-17	0	371.611
8.34000000000025e-11	0.8084996	0.25788423	0.46820724	-1.7782092e-17	0	371.611
8.35000000000025e-11	0.8070771	0.25960845	0.46938196	-1.7791351e-17	0	371.611
8.360000000000251e-11	0.80564547	0.26132795	0.47056156	-1.7800644e-17	0	371.611
8.370000000000251e-11	0.80420446	0.26304272	0.4717461	-1.7809974e-17	0	371.611
8.380000000000252e-11	0.8027542	0.2647527	0.4729355	-1.781934e-17	0	371.611
8.390000000000252e-11	0.8012947	0.26645777	0.47412974	-1.7828743e-17	0	371.611
8.400000000000253e-11	0.7998259	0.26815796	0.4753288	-1.783818e-17	0	371.611
8.410000000000253e-11	0.79834783	0.2698532	0.4765327	-1.7847658e-17	0	371.611
8.420000000000254e-11	0.79686046	0.27154344	0.47774142	-1.785717e-17	0	371.611
8.430000000000254e-11	0.7953638	0.27322865	0.4789549	-1.7866722e-17	0	371.611
8.440000000000255e-11	0.79385793	0.2749087	0.48017317	-1.7876308e-17	0	371.611
8.450000000000255e-11	0.79234284	0.27658358	0.48139617	-1.7885934e-17	0	371.611
8.460000000000256e-11	0.79081845	0.27825326	0.48262396	-1.7895593e-17	0	371.611
8.470000000000256e-11	0.78928477	0.2799177	0.48385638	-1.7905295e-17	0	371.611
8.480000000000257e-11	0.78774184	0.28157678	0.48509353	-1.791503e-17	0	371.611
8.490000000000257e-11	0.7861896	0.2832305	0.48633534	-1.7924805e-17	0	371.611
8.500000000000258e-11	0.78462815	0.28487882	0.4875819	-1.7934619e-17	0	371.611
8.510000000000258e-11	0.78305733	0.2865216	0.488833	-1.794447e-17	0	371.611
8.520000000000259e-11	0.7814774	0.28815883	0.49008873	-1.7954357e-17	0	371.611
8.530000000000259e-11	0.7798882	0.2897905	0.4913491	-1.7964288e-17	0	371.611
8.54000000000026e-11	0.7782897	0.29141653	0.49261403	-1.7974253e-17	0	371.611
8.55000000000026e-11	0.7766819	0.29303688	0.49388355	-1.7984256e-17	0	371.611
8.56000000000026e-11	0.77506495	0.2946514	0.49515754	-1.79943e-17	0	371.611
8.570000000000261e-11	0.7734387	0.29626015	0.49643615	-1.800438e-17	0	371.611
8.580000000000261e-11	0.77180326	0.297863	0.49771917	-1.8014502e-17	0	371.611
8.590000000000262e-11	0.77015865	0.29946	0.4990067	-1.8024654e-17	0	371.611
8.600000000000262e-11	0.7685048	0.3010509	0.50029874	-1.8034857e-17	0	371.611
8.610000000000263e-11	0.76684165	0.30263582	0.50159514	-1.8045094e-17	0	371.611
8.620000000000263e-11	0.7651694	0.30421463	0.502896	-1.8055368e-17	0	371.611
8.630000000000264e-11	0.7634879	0.3057873	0.50420123	-1.8065687e-17	0	371.611
8.640000000000264e-11	0.7617972	0.30735376	0.50551087	-1.8076042e-17	0	371.611
8.650000000000265e-11	0.7600974	0.30891392	0.5068248	-1.8086436e-17	0	371.611
8.660000000000265e-11	0.7583883	0.31046775	0.5081431	-1.809687e-17	0	371.611
8.670000000000266e-11	0.7566701	0.31201527	0.5094657	-1.8107344e-17	0	371.611
8.680000000000266e-11	0.75494266	0.31355625	0.51079255	-1.8117854e-17	0	371.611
8.690000000000267e-11	0.7532063	0.31509078	0.51212376	-1.8128411e-17	0	371.611
8.700000000000267e-11	0.7514607	0.31661874	0.5134591	-1.8139004e-17	0	371.611
8.710000000000268e-11	0.749706	0.31814006	0.51479864	-1.8149635e-17	0	371.611
8.720000000000268e-11	0.74794215	0.3196547	0.5161424	-1.8160309e-17	0	371.611
8.730000000000269e-11	0.7461692	0.32116264	0.51749045	-1.8171022e-17	0	371.611
8.740000000000269e-11	0.7443872	0.32266372	0.51884246	-1.8181776e-17	0	371.611
8.75000000000027e-11	0.7425962	0.32415798	0.52019864	-1.8192569e-17	0	371.611
8.76000000000027e-11	0.740796	0.3256453	0.521559	-1.8203405e-17	0	371.611
8.77000000000027e-11	0.7389869	0.32712567	0.52292335	-1.8214279e-17	0	371.611
8.780000000000271e-11	0.73716867	0.32859898	0.52429175	-1.8225194e-17	0	371.611
8.790000000000272e-11	0.73534155	0.3300652	0.5256642	-1.8236153e-17	0	371.611
8.800000000000272e-11	0.73350537	0.33152425	0.5270406	-1.8247148e-17	0	371.611
8.810000000000273e-11	0.73166025	0.3329761	0.528421	-1.8258187e-17	0	371.611
8.820000000000273e-11	0.7298061	0.33442065	0.5298053	-1.8269268e-17	0	371.611
8.830000000000273e-11	0.7279431	0.33585787	0.53119355	-1.8280385e-17	0	371.611
8.840000000000274e-11	0.72607106	0.33728766	0.5325857	-1.8291546e-17	0	371.611
8.850000000000274e-11	0.72419024	0.33871	0.5339817	-1.8302747e-17	0	371.611
8.860000000000275e-11	0.7223004	0.34012482	0.53538156	-1.8313992e-17	0	371.611
8.870000000000275e-11	0.7204019	0.341532	0.5367851	-1.8325278e-17	0	371.611
8.880000000000276e-11	0.7184943	0.3429316	0.5381926	-1.8336602e-17	0	371.611
8.890000000000276e-11	0.7165781	0.3443235	0.53960377	-1.8347968e-17	0	371.611
8.900000000000277e-11	0.71465296	0.34570757	0.54101866	-1.8359378e-17	0	371.611
8.910000000000277e-11	0.712719	0.3470838	0.5424373	-1.8370826e-17	0	371.611
8.920000000000278e-11	0.71077645	0.34845215	0.5438596	-1.8382316e-17	0	371.611
8.930000000000278e-11	0.708825	0.3498125	0.54528546	-1.8393848e-17	0	371.611
8.940000000000279e-11	0.70686483	0.3511649	0.546715	-1.840542e-17	0	371.611
8.950000000000279e-11	0.70489603	0.35250914	0.54814816	-1.8417036e-17	0	371.611
8.96000000000028e-11	0.7029186	0.35384533	0.54958487	-1.8428694e-17	0	371.611
8.97000000000028e-11	0.70093244	0.35517323	0.5510251	-1.8440394e-17	0	371.611
8.980000000000281e-11	0.6989377	0.35649285	0.5524688	-1.8452135e-17	0	371.611
8.990000000000281e-11	0.69693434	0.35780415	0.5539159	-1.8463914e-17	0	371.611
9.000000000000282e-11	0.6949225	0.35910705	0.55536664	-1.8475739e-17	0	371.611
9.010000000000282e-11	0.69290197	0.36040148	0.55682063	-1.8487601e-17	0	371.611
9.020000000000283e-11	0.6908731	0.36168736	0.5582781	-1.8499512e-17	0	371.611
9.030000000000283e-11	0.6888356	0.3629647	0.5597389	-1.8511462e-17	0	371.611
9.040000000000284e-11	0.68678975	0.36423334	0.56120294	-1.8523457e-17	0	371.611
9.050000000000284e-11	0.6847354	0.3654933	0.56267035	-1.8535488e-17	0	371.611
9.060000000000285e-11	0.6826727	0.36674443	0.564141	-1.8547563e-17	0	371.611
9.070000000000285e-11	0.68060154	0.3679867	0.5656149	-1.8559676e-17	0	371.611
9.080000000000286e-11	0.6785222	0.36922014	0.5670919	-1.8571841e-17	0	371.611
9.090000000000286e-11	0.67643434	0.3704446	0.56857216	-1.8584043e-17	0	371.611
9.100000000000287e-11	0.67433846	0.37165993	0.5700556	-1.8596282e-17	0	371.611
9.110000000000287e-11	0.6722342	0.37286627	0.571542	-1.8608573e-17	0	371.611
9.120000000000287e-11	0.67009777	0.3740916	0.5730383	-1.8894163e-17	0	368.74356
9.130000000000288e-11	0.66792905	0.3753357	0.57454437	-1.8907109e-17	0	368.74356
9.140000000000288e-11	0.66575176	0.37657005	0.5760536	-1.8920096e-17	0	368.74356
9.150000000000289e-11	0.6635658	0.37779468	0.57756597	-1.893313e-17	0	368.74356
9.16000000000029e-11	0.6613714	0.37900946	0.5790814	-1.894621e-17	0	368.74356
9.17000000000029e-11	0.6591684	0.38021427	0.58059996	-1.895933e-17	0	368.74356
9.18000000000029e-11	0.65695703	0.3814092	0.58212155	-1.8972504e-17	0	368.74356
9.190000000000291e-11	0.6547372	0.38259402	0.58364606	-1.898571e-17	0	368.74356
9.200000000000291e-11	0.65250885	0.38376874	0.5851736	-1.899897e-17	0	368.74356
9.210000000000292e-11	0.6502723	0.3849333	0.586704	-1.9012277e-17	0	368.74356
9.220000000000292e-11	0.6480274	0.38608754	0.5882373	-1.902562e-17	0	368.74356
9.230000000000293e-11	0.6457742	0.38723147	0.5897735	-1.903902e-17	0	368.74356
9.240000000000293e-11	0.64351285	0.3883651	0.5913124	-1.9052456e-17	0	368.74356
9.250000000000294e-11	0.6412433	0.3894882	0.59285426	-1.906594e-17	0	368.74356
9.260000000000294e-11	0.6389656	0.3906008	0.5943987	-1.907947e-17	0	368.74356
9.270000000000295e-11	0.63667977	0.39170277	0.5959459	-1.9093044e-17	0	368.74356
9.280000000000295e-11	0.63438594	0.39279407	0.59749573	-1.9106656e-17	0	368.74356
9.290000000000296e-11	0.6320841	0.39387465	0.59904826	-1.9120325e-17	0	368.74356
9.300000000000296e-11	0.62977433	0.3949445	0.6006033	-1.9134034e-17	0	368.74356
9.310000000000297e-11	0.6274566	0.3960034	0.6021608	-1.9147785e-17	0	368.74356
9.320000000000297e-11	0.625131	0.39705136	0.603721	-1.9161591e-17	0	368.74356
9.330000000000298e-11	0.6227976	0.39808837	0.6052837	-1.9175428e-17	0	368.74356
9.340000000000298e-11	0.62045646	0.39911428	0.6068487	-1.9189315e-17	0	368.74356
9.350000000000299e-11	0.6181076	0.40012902	0.60841614	-1.9203253e-17	0	368.74356
9.360000000000299e-11	0.6157511	0.40113258	0.60998595	-1.9217227e-17	0	368.74356
9.3700000000003e-11	0.6133869	0.40212488	0.6115581	-1.9231251e-17	0	368.74356
9.3800000000003e-11	0.61101526	0.40310583	0.6131325	-1.9245316e-17	0	368.74356
9.3900000000003e-11	0.608636	0.40407532	0.61470914	-1.9259431e-17	0	368.74356
9.400000000000301e-11	0.6062494	0.40503338	0.616288	-1.9273586e-17	0	368.74356
9.410000000000301e-11	0.6038554	0.40597987	0.617869	-1.9287789e-17	0	368.74356
9.420000000000302e-11	0.60145396	0.40691474	0.61945224	-1.9302035e-17	0	368.74356
9.430000000000302e-11	0.5990453	0.40783796	0.6210375	-1.9316323e-17	0	368.74356
9.440000000000303e-11	0.59662926	0.40874937	0.6226248	-1.9330662e-17	0	368.74356
9.450000000000303e-11	0.59420615	0.409649	0.6242141	-1.934504e-17	0	368.74356
9.460000000000304e-11	0.59177595	0.4105368	0.6258053	-1.9359464e-17	0	368.74356
9.470000000000304e-11	0.5893386	0.41141257	0.62739855	-1.9373935e-17	0	368.74356
9.480000000000305e-11	0.58689433	0.4122764	0.62899363	-1.938844e-17	0	368.74356
9.490000000000305e-11	0.58444303	0.41312808	0.63059056	-1.9403e-17	0	368.74356
9.500000000000306e-11	0.5819849	0.41396764	0.6321893	-1.9417605e-17	0	368.74356
9.510000000000306e-11	0.57951987	0.41479498	0.63378966	-1.9432243e-17	0	368.74356
9.520000000000307e-11	0.5770481	0.41561002	0.6353919	-1.9446937e-17	0	368.74356
9.530000000000307e-11	0.57456964	0.4164127	0.6369957	-1.9461672e-17	0	368.74356
9.540000000000308e-11	0.57208455	0.41720304	0.6386013	-1.9476446e-17	0	368.74356
9.550000000000308e-11	0.56959283	0.41798088	0.6402083	-1.949127e-17	0	368.74356
9.560000000000309e-11	0.5670947	0.4187461	0.6418169	-1.950613e-17	0	368.74356
9.570000000000309e-11	0.56459004	0.4194988	0.6434272	-1.9521039e-17	0	368.74356
9.58000000000031e-11	0.56207895	0.4202388	0.6450387	-1.9535991e-17	0	368.74356
9.59000000000031e-11	0.5595616	0.4209661	0.64665174	-1.9550988e-17	0	368.74356
9.60000000000031e-11	0.55703795	0.4216805	0.6482661	-1.9566023e-17	0	368.74356
9.610000000000311e-11	0.5545081	0.42238212	0.64988184	-1.9581104e-17	0	368.74356
9.620000000000312e-11	0.55197227	0.4230708	0.6514989	-1.9596228e-17	0	368.74356
9.630000000000312e-11	0.54943025	0.42374647	0.6531171	-1.9611402e-17	0	368.74356
9.640000000000313e-11	0.5468823	0.4244091	0.6547366	-1.9626612e-17	0	368.74356
9.650000000000313e-11	0.5443284	0.42505857	0.6563573	-1.9641864e-17	0	368.74356
9.660000000000314e-11	0.5417686	0.4256949	0.657979	-1.9657156e-17	0	368.74356
9.670000000000314e-11	0.53920317	0.42631796	0.6596018	-1.96725e-17	0	368.74356
9.680000000000315e-11	0.536632	0.42692772	0.6612256	-1.9687885e-17	0	368.74356
9.690000000000315e-11	0.5340552	0.42752412	0.6628504	-1.9703308e-17	0	368.74356
9.700000000000315e-11	0.5314728	0.42810708	0.66447616	-1.9718776e-17	0	368.74356
9.710000000000316e-11	0.52888495	0.42867655	0.66610277	-1.9734288e-17	0	368.74356
9.720000000000316e-11	0.52629167	0.42923245	0.6677302	-1.9749834e-17	0	368.74356
9.730000000000317e-11	0.5236931	0.42977473	0.66935855	-1.9765431e-17	0	368.74356
9.740000000000317e-11	0.5210893	0.43030334	0.6709875	-1.9781065e-17	0	368.74356
9.750000000000318e-11	0.51848024	0.43081826	0.67261726	-1.9796745e-17	0	368.74356
9.760000000000318e-11	0.51586616	0.4313193	0.6742476	-1.9812461e-17	0	368.74356
9.770000000000319e-11	0.513247	0.4318065	0.6758787	-1.9828219e-17	0	368.74356
9.780000000000319e-11	0.5106229	0.43227983	0.67751026	-1.9844026e-17	0	368.74356
9.79000000000032e-11	0.50799406	0.4327391	0.6791424	-1.9859872e-17	0	368.74356
9.80000000000032e-11	0.5053603	0.43318444	0.680775	-1.9875749e-17	0	368.74356
9.810000000000321e-11	0.5027219	0.4336156	0.68240786	-1.9891682e-17	0	368.74356
9.820000000000321e-11	0.50007886	0.43403265	0.6840413	-1.9907645e-17	0	368.74356
9.830000000000322e-11	0.4974313	0.43443546	0.68567497	-1.9923651e-17	0	368.74356
9.840000000000322e-11	0.4947793	0.434824	0.687309	-1.9939698e-17	0	368.74356
9.850000000000323e-11	0.4921229	0.43519825	0.68894327	-1.9955784e-17	0	368.74356
9.860000000000323e-11	0.4894623	0.4355581	0.69057775	-1.9971917e-17	0	368.74356
9.870000000000324e-11	0.4867974	0.4359035	0.6922123	-1.998809e-17	0	368.74356
9.880000000000324e-11	0.4841284	0.4362344	0.693847	-2.0004294e-17	0	368.74356
9.890000000000325e-11	0.4814554	0.4365508	0.69548166	-2.0020544e-17	0	368.74356
9.900000000000325e-11	0.47877848	0.43685254	0.6971164	-2.0036822e-17	0	368.74356
9.910000000000326e-11	0.47609767	0.43713963	0.69875115	-2.0053156e-17	0	368.74356
9.920000000000326e-11	0.47341314	0.437412	0.7003857	-2.0069524e-17	0	368.74356
9.930000000000327e-11	0.47072488	0.4376696	0.70202005	-2.0085932e-17	0	368.74356
9.940000000000327e-11	0.46803308	0.43791234	0.70365435	-2.0102375e-17	0	368.74356
9.950000000000328e-11	0.46533775	0.43814027	0.7052884	-2.011886e-17	0	368.74356
9.960000000000328e-11	0.4626391	0.43835324	0.7069221	-2.0135384e-17	0	368.74356
9.970000000000328e-11	0.4599371	0.4385512	0.70855546	-2.0151943e-17	0	368.74356
9.980000000000329e-11	0.45723188	0.43873417	0.7101885	-2.0168544e-17	0	368.74356
9.99000000000033e-11	0.4545235	0.438902	0.71182096	-2.0185177e-17	0	368.74356
1.000000000000033e-10	0.45181212	0.43905473	0.71345305	-2.0201853e-17	0	368.74356
1.001000000000033e-10	0.44909784	0.43919224	0.71508455	-2.0218567e-17	0	368.74356
1.0020000000000331e-10	0.44638073	0.43931454	0.7167155	-2.0235318e-17	0	368.74356
1.0030000000000331e-10	0.4436609	0.43942156	0.7183459	-2.0252103e-17	0	368.74356
1.0040000000000332e-10	0.44093835	0.43951324	0.7199754	-2.0268928e-17	0	368.74356
1.0050000000000332e-10	0.4382133	0.43958944	0.72160435	-2.0285789e-17	0	368.74356
1.0060000000000333e-10	0.4354858	0.43965033	0.7232324	-2.0302685e-17	0	368.74356
1.0070000000000333e-10	0.43275595	0.43969566	0.7248597	-2.0319616e-17	0	368.74356
1.0080000000000334e-10	0.43002388	0.43972552	0.726486	-2.0336593e-17	0	368.74356
1.0090000000000334e-10	0.4272896	0.43973973	0.7281115	-2.0353598e-17	0	368.74356
1.0100000000000335e-10	0.42455336	0.43973836	0.729736	-2.037064e-17	0	368.74356
1.0110000000000335e-10	0.42181516	0.4397213	0.73135936	-2.0387717e-17	0	368.74356
1.0120000000000336e-10	0.41904506	0.4397075	0.73298717	-2.0774001e-17	0	365.99094
1.0130000000000336e-10	0.41624287	0.4396965	0.73461926	-2.0791764e-17	0	365.99094
1.0140000000000337e-10	0.41343883	0.43966892	0.7362503	-2.0809576e-17	0	365.99094
1.0150000000000337e-10	0.41063303	0.43962494	0.7378801	-2.0827419e-17	0	365.99094
1.0160000000000338e-10	0.40782553	0.43956432	0.73950875	-2.0845302e-17	0	365.99094
1.0170000000000338e-10	0.40501648	0.43948707	0.7411362	-2.0863216e-17	0	365.99094
1.0180000000000339e-10	0.402206	0.4393932	0.74276227	-2.0881174e-17	0	365.99094
1.0190000000000339e-10	0.39939415	0.4392826	0.7443869	-2.0899162e-17	0	365.99094
1.020000000000034e-10	0.39658114	0.43915528	0.7460102	-2.0917183e-17	0	365.99094
1.021000000000034e-10	0.393767	0.43901107	0.7476319	-2.0935243e-17	0	365.99094
1.022000000000034e-10	0.3909519	0.4388501	0.7492522	-2.0953342e-17	0	365.99094
1.0230000000000341e-10	0.38813597	0.43867224	0.7508708	-2.0971472e-17	0	365.99094
1.0240000000000342e-10	0.38531926	0.43847746	0.7524877	-2.0989634e-17	0	365.99094
1.0250000000000342e-10	0.38250193	0.43826568	0.75410306	-2.1007835e-17	0	365.99094
1.0260000000000342e-10	0.3796841	0.43803695	0.75571656	-2.1026066e-17	0	365.99094
1.0270000000000343e-10	0.37686586	0.4377911	0.7573282	-2.1044332e-17	0	365.99094
1.0280000000000343e-10	0.37404737	0.43752828	0.7589381	-2.106263e-17	0	365.99094
1.0290000000000344e-10	0.37122875	0.4372483	0.760546	-2.1080968e-17	0	365.99094
1.0300000000000344e-10	0.3684101	0.43695113	0.76215196	-2.1099333e-17	0	365.99094
1.0310000000000345e-10	0.36559153	0.4366368	0.7637559	-2.1117729e-17	0	365.99094
1.0320000000000345e-10	0.36277324	0.43630522	0.76535773	-2.1136164e-17	0	365.99094
1.0330000000000346e-10	0.35995525	0.43595636	0.76695746	-2.115463e-17	0	365.99094
1.0340000000000346e-10	0.35713777	0.4355902	0.7685549	-2.1173115e-17	0	365.99094
1.0350000000000347e-10	0.35432085	0.43520674	0.7701502	-2.119164e-17	0	365.99094
1.0360000000000347e-10	0.3515047	0.43480593	0.77174306	-2.1210201e-17	0	365.99094
1.0370000000000348e-10	0.3486894	0.4343877	0.77333367	-2.1228786e-17	0	365.99094
1.0380000000000348e-10	0.34587508	0.4339521	0.7749217	-2.1247408e-17	0	365.99094
1.0390000000000349e-10	0.3430619	0.43349898	0.77650744	-2.1266051e-17	0	365.99094
1.0400000000000349e-10	0.34024996	0.4330284	0.77809066	-2.1284722e-17	0	365.99094
1.041000000000035e-10	0.3374394	0.43254033	0.7796712	-2.1303428e-17	0	365.99094
1.042000000000035e-10	0.33463034	0.43203467	0.7812492	-2.1322162e-17	0	365.99094
1.0430000000000351e-10	0.3318229	0.43151152	0.78282434	-2.134093e-17	0	365.99094
1.0440000000000351e-10	0.32901728	0.4309707	0.7843969	-2.1359714e-17	0	365.99094
1.0450000000000352e-10	0.32621354	0.43041226	0.7859666	-2.1378538e-17	0	365.99094
1.0460000000000352e-10	0.32341185	0.42983627	0.7875334	-2.1397387e-17	0	365.99094
1.0470000000000353e-10	0.3206123	0.42924255	0.7890973	-2.1416252e-17	0	365.99094
1.0480000000000353e-10	0.31781512	0.42863122	0.7906583	-2.1435151e-17	0	365.99094
1.0490000000000354e-10	0.31502038	0.42800212	0.7922162	-2.1454082e-17	0	365.99094
1.0500000000000354e-10	0.31222823	0.42735526	0.7937709	-2.1473031e-17	0	365.99094
1.0510000000000355e-10	0.3094388	0.42669076	0.7953226	-2.149201e-17	0	365.99094
1.0520000000000355e-10	0.30665222	0.4260084	0.7968711	-2.1511009e-17	0	365.99094
1.0530000000000356e-10	0.30386868	0.42530835	0.79841644	-2.1530042e-17	0	365.99094
1.0540000000000356e-10	0.3010883	0.42459047	0.79995835	-2.1549087e-17	0	365.99094
1.0550000000000356e-10	0.29831117	0.42385477	0.80149686	-2.1568167e-17	0	365.99094
1.0560000000000357e-10	0.29553747	0.4231013	0.80303204	-2.1587265e-17	0	365.99094
1.0570000000000357e-10	0.29276738	0.42232996	0.80456364	-2.1606388e-17	0	365.99094
1.0580000000000358e-10	0.29000098	0.4215408	0.8060919	-2.1625532e-17	0	365.99094
1.0590000000000358e-10	0.28723842	0.4207338	0.8076164	-2.1644704e-17	0	365.99094
1.0600000000000359e-10	0.2844799	0.4199089	0.80913734	-2.166389e-17	0	365.99094
1.061000000000036e-10	0.2817255	0.41906616	0.8106546	-2.1683107e-17	0	365.99094
1.062000000000036e-10	0.27897543	0.4182055	0.812168	-2.170234e-17	0	365.99094
1.063000000000036e-10	0.27622974	0.41732705	0.8136777	-2.172159e-17	0	365.99094
1.0640000000000361e-10	0.2734887	0.41643062	0.8151835	-2.1740858e-17	0	365.99094
1.0650000000000361e-10	0.27075234	0.41551635	0.8166853	-2.1760157e-17	0	365.99094
1.0660000000000362e-10	0.2680209	0.41458422	0.81818336	-2.1779472e-17	0	365.99094
1.0670000000000362e-10	0.2652945	0.41363412	0.8196772	-2.1798798e-17	0	365.99094
1.0680000000000363e-10	0.26257324	0.41266617	0.82116693	-2.1818156e-17	0	365.99094
1.0690000000000363e-10	0.25985733	0.4116803	0.8226526	-2.1837525e-17	0	365.99094
1.0700000000000364e-10	0.2571469	0.4106766	0.82413405	-2.1856908e-17	0	365.99094
1.0710000000000364e-10	0.25444213	0.40965497	0.8256113	-2.1876302e-17	0	365.99094
1.0720000000000365e-10	0.25174314	0.40861553	0.8270842	-2.1895736e-17	0	365.99094
1.0730000000000365e-10	0.24905007	0.4075582	0.8285527	-2.1915174e-17	0	365.99094
1.0740000000000366e-10	0.24636309	0.40648296	0.83001685	-2.1934618e-17	0	365.99094
1.0750000000000366e-10	0.24368235	0.4053899	0.83147645	-2.1954086e-17	0	365.99094
1.0760000000000367e-10	0.24100803	0.404279	0.83293164	-2.1973575e-17	0	365.99094
1.0770000000000367e-10	0.23834024	0.40315026	0.83438206	-2.199307e-17	0	365.99094
1.0780000000000368e-10	0.23567921	0.40200374	0.835828	-2.2012585e-17	0	365.99094
1.0790000000000368e-10	0.233025	0.40083942	0.8372692	-2.2032098e-17	0	365.99094
1.0800000000000369e-10	0.2303778	0.39965734	0.8387057	-2.2051641e-17	0	365.99094
1.0810000000000369e-10	0.22773778	0.3984574	0.84013736	-2.207119e-17	0	365.99094
1.082000000000037e-10	0.22510514	0.39723977	0.8415643	-2.209076e-17	0	365.99094
1.083000000000037e-10	0.22247995	0.39600444	0.8429862	-2.2110333e-17	0	365.99094
1.084000000000037e-10	0.21986243	0.3947514	0.8444031	-2.212992e-17	0	365.99094
1.0850000000000371e-10	0.21725272	0.39348066	0.845815	-2.2149511e-17	0	365.99094
1.0860000000000371e-10	0.21465096	0.39219227	0.847222	-2.2169117e-17	0	365.99094
1.0870000000000372e-10	0.2120573	0.3908863	0.84862375	-2.2188744e-17	0	365.99094
1.0880000000000372e-10	0.20947199	0.38956267	0.8500204	-2.2208363e-17	0	365.99094
1.0890000000000373e-10	0.20689507	0.38822153	0.8514117	-2.2227997e-17	0	365.99094
1.0900000000000373e-10	0.2043268	0.3868628	0.8527977	-2.224763e-17	0	365.99094
1.0910000000000374e-10	0.20176727	0.3854866	0.8541785	-2.2267282e-17	0	365.99094
1.0920000000000374e-10	0.19921666	0.38409296	0.8555539	-2.2286937e-17	0	365.99094
1.0930000000000375e-10	0.19667515	0.38268182	0.85692376	-2.2306601e-17	0	365.99094
1.0940000000000375e-10	0.19414291	0.3812534	0.8582882	-2.2326271e-17	0	365.99094
1.0950000000000376e-10	0.19162004	0.3798075	0.85964715	-2.234595e-17	0	365.99094
1.0960000000000376e-10	0.18910679	0.3783444	0.8610005	-2.2365629e-17	0	365.99094
1.0970000000000377e-10	0.18660325	0.37686396	0.86234814	-2.2385309e-17	0	365.99094
1.0980000000000377e-10	0.1841096	0.3753663	0.8636901	-2.2404998e-17	0	365.99094
1.0990000000000378e-10	0.18162604	0.37385148	0.8650263	-2.2424688e-17	0	365.99094
1.1000000000000378e-10	0.17915267	0.37231952	0.86635673	-2.2444381e-17	0	365.99094
1.1010000000000379e-10	0.17668971	0.3707705	0.8676813	-2.2464083e-17	0	365.99094
1.1020000000000379e-10	0.1742373	0.3692044	0.86899996	-2.2483783e-17	0	365.99094
1.103000000000038e-10	0.1717956	0.36762136	0.8703127	-2.2503477e-17	0	365.99094
1.104000000000038e-10	0.16936478	0.3660214	0.8716194	-2.2523183e-17	0	365.99094
1.105000000000038e-10	0.16694501	0.36440456	0.8729201	-2.2542879e-17	0	365.99094
1.1060000000000381e-10	0.16453645	0.36277092	0.87421465	-2.2562579e-17	0	365.99094
1.1070000000000382e-10	0.16213924	0.36112052	0.87550306	-2.2582272e-17	0	365.99094
1.1080000000000382e-10	0.15975359	0.35945347	0.87678534	-2.2601977e-17	0	365.99094
1.1090000000000383e-10	0.1573796	0.35776976	0.8780614	-2.2621676e-17	0	365.99094
1.1100000000000383e-10	0.1550175	0.35606954	0.87933105	-2.2641361e-17	0	365.99094
1.1110000000000383e-10	0.15266742	0.35435277	0.88059443	-2.2661043e-17	0	365.99094
1.1120000000000384e-10	0.15030354	0.35262525	0.88185453	-2.314902e-17	0	363.34857
1.1130000000000384e-10	0.14792615	0.35088637	0.88311136	-2.3169238e-17	0	363.34857
1.1140000000000385e-10	0.14556146	0.3491306	0.88436174	-2.3189448e-17	0	363.34857
1.1150000000000385e-10	0.14320964	0.34735796	0.8856055	-2.3209647e-17	0	363.34857
1.1160000000000386e-10	0.14087087	0.3455685	0.8868428	-2.3229844e-17	0	363.34857
1.1170000000000386e-10	0.13854529	0.3437623	0.8880733	-2.3250034e-17	0	363.34857
1.1180000000000387e-10	0.13623309	0.34193948	0.88929725	-2.3270215e-17	0	363.34857
1.1190000000000387e-10	0.13393445	0.34010014	0.8905144	-2.3290397e-17	0	363.34857
1.1200000000000388e-10	0.13164955	0.33824426	0.8917247	-2.3310555e-17	0	363.34857
1.1210000000000388e-10	0.12937851	0.33637208	0.8929283	-2.3330719e-17	0	363.34857
1.1220000000000389e-10	0.12712157	0.33448353	0.8941249	-2.3350864e-17	0	363.34857
1.1230000000000389e-10	0.12487886	0.33257884	0.8953148	-2.3371006e-17	0	363.34857
1.124000000000039e-10	0.12265054	0.33065805	0.89649755	-2.3391137e-17	0	363.34857
1.125000000000039e-10	0.1204368	0.32872123	0.89767337	-2.3411254e-17	0	363.34857
1.1260000000000391e-10	0.118237816	0.32676852	0.8988421	-2.3431372e-17	0	363.34857
1.1270000000000391e-10	0.116053745	0.3248	0.9000037	-2.3451454e-17	0	363.34857
1.1280000000000392e-10	0.11388473	0.32281578	0.9011582	-2.3471533e-17	0	363.34857
1.1290000000000392e-10	0.11173098	0.320816	0.9023055	-2.3491605e-17	0	363.34857
1.1300000000000393e-10	0.10959264	0.3188007	0.90344554	-2.3511664e-17	0	363.34857
1.1310000000000393e-10	0.10746988	0.31677002	0.90457845	-2.3531702e-17	0	363.34857
1.1320000000000394e-10	0.10536286	0.31472403	0.9057039	-2.3551726e-17	0	363.34857
1.1330000000000394e-10	0.103271775	0.31266296	0.9068221	-2.3571737e-17	0	363.34857
1.1340000000000395e-10	0.10119675	0.3105868	0.9079329	-2.3591725e-17	0	363.34857
1.1350000000000395e-10	0.099137954	0.30849576	0.90903604	-2.3611702e-17	0	363.34857
1.1360000000000396e-10	0.09709557	0.3063899	0.910132	-2.363167e-17	0	363.34857
1.1370000000000396e-10	0.09506976	0.3042693	0.9112203	-2.3651608e-17	0	363.34857
1.1380000000000397e-10	0.093060665	0.30213428	0.912301	-2.3671527e-17	0	363.34857
1.1390000000000397e-10	0.091068454	0.29998472	0.9133742	-2.3691427e-17	0	363.34857
1.1400000000000397e-10	0.089093305	0.29782093	0.9144397	-2.3711308e-17	0	363.34857
1.1410000000000398e-10	0.08713536	0.2956429	0.91549754	-2.3731167e-17	0	363.34857
1.1420000000000398e-10	0.085194774	0.2934509	0.91654766	-2.3751022e-17	0	363.34857
1.1430000000000399e-10	0.08327171	0.29124495	0.9175901	-2.377083e-17	0	363.34857
1.14400000000004e-10	0.08136633	0.28902525	0.9186247	-2.3790631e-17	0	363.34857
1.14500000000004e-10	0.07947879	0.28679192	0.91965157	-2.3810407e-17	0	363.34857
1.14600000000004e-10	0.077609226	0.28454512	0.92067045	-2.3830154e-17	0	363.34857
1.1470000000000401e-10	0.0757578	0.28228498	0.92168146	-2.3849882e-17	0	363.34857
1.1480000000000401e-10	0.07392468	0.28001165	0.92268467	-2.3869585e-17	0	363.34857
1.1490000000000402e-10	0.07210999	0.27772522	0.9236798	-2.388926e-17	0	363.34857
1.1500000000000402e-10	0.0703139	0.27542594	0.924667	-2.3908923e-17	0	363.34857
1.1510000000000403e-10	0.06853654	0.2731139	0.9256462	-2.3928547e-17	0	363.34857
1.1520000000000403e-10	0.06677809	0.27078927	0.92661726	-2.3948143e-17	0	363.34857
1.1530000000000404e-10	0.065038666	0.2684522	0.9275804	-2.3967709e-17	0	363.34857
1.1540000000000404e-10	0.06331842	0.26610285	0.9285353	-2.3987257e-17	0	363.34857
1.1550000000000405e-10	0.061617494	0.26374137	0.929482	-2.4006777e-17	0	363.34857
1.1560000000000405e-10	0.05993603	0.26136795	0.93042064	-2.4026258e-17	0	363.34857
1.1570000000000406e-10	0.058274172	0.2589827	0.93135107	-2.4045712e-17	0	363.34857
1.1580000000000406e-10	0.056632057	0.25658587	0.93227327	-2.4065142e-17	0	363.34857
1.1590000000000407e-10	0.055009823	0.2541775	0.9331871	-2.4084533e-17	0	363.34857
1.1600000000000407e-10	0.053407602	0.25175792	0.93409276	-2.4103893e-17	0	363.34857
1.1610000000000408e-10	0.05182553	0.24932721	0.93499	-2.4123227e-17	0	363.34857
1.1620000000000408e-10	0.050263748	0.24688554	0.93587905	-2.4142532e-17	0	363.34857
1.1630000000000409e-10	0.04872237	0.24443312	0.9367597	-2.4161798e-17	0	363.34857
1.1640000000000409e-10	0.047201544	0.24197006	0.9376319	-2.4181034e-17	0	363.34857
1.1650000000000407e-10	0.045701385	0.23949663	0.93849576	-2.4200236e-17	0	363.34857
1.1660000000000405e-10	0.044222023	0.23701295	0.93935114	-2.42194e-17	0	363.34857
1.1670000000000403e-10	0.042763587	0.23451926	0.9401981	-2.4238526e-17	0	363.34857
1.16800000000004e-10	0.041326184	0.23201568	0.9410365	-2.4257629e-17	0	363.34857
1.1690000000000399e-10	0.039909948	0.22950242	0.9418665	-2.4276689e-17	0	363.34857
1.1700000000000396e-10	0.03851499	0.22697969	0.942688	-2.4295709e-17	0	363.34857
1.1710000000000394e-10	0.037141435	0.22444765	0.9435009	-2.4314688e-17	0	363.34857
1.1720000000000392e-10	0.03578939	0.22190653	0.9443053	-2.4333635e-17	0	363.34857
1.173000000000039e-10	0.03445897	0.2193565	0.9451011	-2.4352545e-17	0	363.34857
1.1740000000000388e-10	0.033150285	0.21679778	0.9458883	-2.4371418e-17	0	363.34857
1.1750000000000386e-10	0.031863444	0.2142305	0.94666684	-2.4390248e-17	0	363.34857
1.1760000000000384e-10	0.030598558	0.21165496	0.9474368	-2.4409044e-17	0	363.34857
1.1770000000000382e-10	0.029355723	0.20907126	0.9481981	-2.4427798e-17	0	363.34857
1.178000000000038e-10	0.028135048	0.2064797	0.9489508	-2.4446512e-17	0	363.34857
1.1790000000000378e-10	0.026936626	0.20388038	0.94969475	-2.4465179e-17	0	363.34857
1.1800000000000375e-10	0.025760561	0.20127359	0.95043015	-2.4483805e-17	0	363.34857
1.1810000000000373e-10	0.024606949	0.19865952	0.9511568	-2.4502393e-17	0	363.34857
1.182000000000037e-10	0.02347588	0.19603837	0.95187473	-2.4520939e-17	0	363.34857
1.183000000000037e-10	0.022367444	0.19341037	0.95258385	-2.4539453e-17	0	363.34857
1.1840000000000367e-10	0.02128173	0.19077568	0.9532843	-2.455791e-17	0	363.34857
1.1850000000000365e-10	0.02021883	0.18813457	0.9539761	-2.4576327e-17	0	363.34857
1.1860000000000363e-10	0.01917882	0.18548721	0.9546591	-2.4594698e-17	0	363.34857
1.187000000000036e-10	0.018161785	0.18283384	0.95533335	-2.4613025e-17	0	363.34857
1.1880000000000359e-10	0.017167803	0.18017471	0.9559989	-2.463131e-17	0	363.34857
1.1890000000000357e-10	0.016196955	0.17750996	0.95665556	-2.4649546e-17	0	363.34857
1.1900000000000354e-10	0.015249306	0.17483988	0.9573036	-2.466774e-17	0	363.34857
1.1910000000000352e-10	0.014324935	0.17216468	0.9579427	-2.468589e-17	0	363.34857
1.192000000000035e-10	0.0134239085	0.16948456	0.9585731	-2.470399e-17	0	363.34857
1.1930000000000348e-10	0.012546293	0.16679972	0.9591947	-2.4722035e-17	0	363.34857
1.1940000000000346e-10	0.011692154	0.16411048	0.9598076	-2.4740046e-17	0	363.34857
1.1950000000000344e-10	0.010861549	0.16141696	0.9604116	-2.4758009e-17	0	363.34857
1.1960000000000342e-10	0.010054536	0.15871945	0.9610068	-2.4775916e-17	0	363.34857
1.197000000000034e-10	0.009271174	0.1560182	0.9615933	-2.4793781e-17	0	363.34857
1.1980000000000338e-10	0.0085115135	0.15331335	0.96217096	-2.4811584e-17	0	363.34857
1.1990000000000335e-10	0.007775607	0.15060522	0.9627398	-2.4829343e-17	0	363.34857
1.2000000000000333e-10	0.0070635015	0.14789398	0.96329993	-2.4847071e-17	0	363.34857
1.201000000000033e-10	0.0063752397	0.14517991	0.9638512	-2.4864733e-17	0	363.34857
1.202000000000033e-10	0.0057108663	0.1424632	0.9643938	-2.4882337e-17	0	363.34857
1.2030000000000327e-10	0.005070416	0.13974412	0.96492755	-2.4899907e-17	0	363.34857
1.2040000000000325e-10	0.0044539315	0.13702291	0.96545255	-2.4917413e-17	0	363.34857
1.2050000000000323e-10	0.0038614413	0.13429976	0.9659687	-2.4934885e-17	0	363.34857
1.206000000000032e-10	0.0032929778	0.13157491	0.9664762	-2.4952294e-17	0	363.34857
1.2070000000000319e-10	0.0027485667	0.12884866	0.966975	-2.4969653e-17	0	363.34857
1.2080000000000317e-10	0.0022282377	0.1261212	0.96746486	-2.4986952e-17	0	363.34857
1.2090000000000314e-10	0.0017320085	0.12339276	0.9679461	-2.500421e-17	0	363.34857
1.2100000000000312e-10	0.0012598997	0.12066359	0.96841866	-2.5021413e-17	0	363.34857
1.211000000000031e-10	0.000811927	0.117933944	0.96888244	-2.5038557e-17	0	363.34857
1.2120000000000308e-10	0.0003881026	0.115204036	0.96933746	-2.5055658e-17	0	363.34857
1.2130000000000306e-10	-2.8597191e-05	0.11247093	0.96978587	-2.5603705e-17	0	360.79956
1.2140000000000304e-10	-0.00042067748	0.10973793	0.9702256	-2.5620986e-17	0	360.79956
1.2150000000000302e-10	-0.000788128	0.10700527	0.9706565	-2.5638222e-17	0	360.79956
1.21600000000003e-10	-0.0011309525	0.10427321	0.9710789	-2.5655387e-17	0	360.79956
1.2170000000000298e-10	-0.0014491468	0.101541996	0.97149247	-2.5672507e-17	0	360.79956
1.2180000000000296e-10	-0.0017427215	0.09881187	0.97189736	-2.5689556e-17	0	360.79956
1.2190000000000293e-10	-0.0020116782	0.0960831	0.97229373	-2.570657e-17	0	360.79956
1.2200000000000291e-10	-0.0022560274	0.09335591	0.97268146	-2.5723512e-17	0	360.79956
1.221000000000029e-10	-0.0024757888	0.09063057	0.97306055	-2.5740392e-17	0	360.79956
1.2220000000000287e-10	-0.0026709754	0.08790732	0.9734311	-2.5757231e-17	0	360.79956
1.2230000000000285e-10	-0.002841604	0.085186414	0.9737931	-2.5774007e-17	0	360.79956
1.2240000000000283e-10	-0.0029877042	0.0824681	0.9741464	-2.5790724e-17	0	360.79956
1.225000000000028e-10	-0.0031092986	0.07975262	0.9744914	-2.580738e-17	0	360.79956
1.226000000000028e-10	-0.003206417	0.077040225	0.9748279	-2.5823977e-17	0	360.79956
1.2270000000000277e-10	-0.0032790927	0.07433118	0.97515583	-2.5840523e-17	0	360.79956
1.2280000000000275e-10	-0.003327364	0.0716257	0.97547525	-2.5856996e-17	0	360.79956
1.2290000000000272e-10	-0.0033512665	0.068924055	0.9757863	-2.5873422e-17	0	360.79956
1.230000000000027e-10	-0.0033508455	0.06622651	0.976089	-2.5889785e-17	0	360.79956
1.2310000000000268e-10	-0.0033261408	0.063533284	0.9763832	-2.590609e-17	0	360.79956
1.2320000000000266e-10	-0.0032772087	0.060844626	0.9766692	-2.5922345e-17	0	360.79956
1.2330000000000264e-10	-0.003204096	0.058160793	0.9769469	-2.5938525e-17	0	360.79956
1.2340000000000262e-10	-0.0031068604	0.05548202	0.9772161	-2.5954656e-17	0	360.79956
1.235000000000026e-10	-0.0029855566	0.052808557	0.97747713	-2.5970723e-17	0	360.79956
1.2360000000000258e-10	-0.0028402507	0.050140645	0.9777299	-2.5986733e-17	0	360.79956
1.2370000000000256e-10	-0.0026710015	0.047478538	0.97797453	-2.6002679e-17	0	360.79956
1.2380000000000253e-10	-0.0024778834	0.044822462	0.9782111	-2.6018577e-17	0	360.79956
1.2390000000000251e-10	-0.0022609616	0.042172674	0.97843933	-2.60344e-17	0	360.79956
1.240000000000025e-10	-0.0020203097	0.039529406	0.97865945	-2.6050174e-17	0	360.79956
1.2410000000000247e-10	-0.0017560087	0.0368929	0.9788716	-2.606587e-17	0	360.79956
1.2420000000000245e-10	-0.0014681313	0.03426339	0.97907555	-2.6081536e-17	0	360.79956
1.2430000000000243e-10	-0.0011567688	0.03164112	0.97927165	-2.6097108e-17	0	360.79956
1.244000000000024e-10	-0.00082200114	0.029026318	0.97945976	-2.611263e-17	0	360.79956
1.245000000000024e-10	-0.00046392065	0.026419234	0.9796398	-2.612811e-17	0	360.79956
1.2460000000000237e-10	-8.261576e-05	0.023820087	0.9798121	-2.6143508e-17	0	360.79956
1.2470000000000235e-10	0.000321812	0.021229118	0.9799765	-2.6158856e-17	0	360.79956
1.2480000000000232e-10	0.0007492732	0.018646559	0.9801329	-2.6174134e-17	0	360.79956
1.249000000000023e-10	0.0011996608	0.016072635	0.9802817	-2.6189365e-17	0	360.79956
1.2500000000000228e-10	0.0016728705	0.013507582	0.9804227	-2.6204531e-17	0	360.79956
1.2510000000000226e-10	0.0021688044	0.01095162	0.980556	-2.6219622e-17	0	360.79956
1.2520000000000224e-10	0.0026873425	0.008404983	0.9806815	-2.6234672e-17	0	360.79956
1.2530000000000222e-10	0.0032283776	0.005867891	0.98079944	-2.6249645e-17	0	360.79956
1.254000000000022e-10	0.0037917923	0.0033405698	0.9809098	-2.6264556e-17	0	360.79956
1.2550000000000218e-10	0.0043774704	0.000823237	0.98101264	-2.627943e-17	0	360.79956
1.2560000000000216e-10	0.0049852915	-0.0016838862	0.98110807	-2.6294217e-17	0	360.79956
1.2570000000000214e-10	0.005615131	-0.0041805804	0.9811958	-2.6308964e-17	0	360.79956
1.2580000000000211e-10	0.006266862	-0.0066666347	0.9812762	-2.6323642e-17	0	360.79956
1.259000000000021e-10	0.0069403537	-0.0091418205	0.98134935	-2.6338248e-17	0	360.79956
1.2600000000000207e-10	0.0076354817	-0.011605939	0.9814151	-2.6352806e-17	0	360.79956
1.2610000000000205e-10	0.008352102	-0.014058774	0.98147357	-2.6367285e-17	0	360.79956
1.2620000000000203e-10	0.00909009	-0.01650012	0.9815247	-2.6381721e-17	0	360.79956
1.26300000000002e-10	0.009849296	-0.01892976	0.98156875	-2.6396088e-17	0	360.79956
1.26400000000002e-10	0.0106295785	-0.0213475	0.9816056	-2.641041e-17	0	360.79956
1.2650000000000197e-10	0.011430801	-0.023753133	0.98163533	-2.6424652e-17	0	360.79956
1.2660000000000195e-10	0.012252804	-0.02614645	0.98165816	-2.6438836e-17	0	360.79956
1.2670000000000193e-10	0.0130954515	-0.028527264	0.9816738	-2.6452971e-17	0	360.79956
1.268000000000019e-10	0.013958583	-0.030895367	0.9816826	-2.6467038e-17	0	360.79956
1.2690000000000188e-10	0.014842046	-0.033250574	0.9816843	-2.6481034e-17	0	360.79956
1.2700000000000186e-10	0.015745692	-0.035592686	0.9816795	-2.6494992e-17	0	360.79956
1.2710000000000184e-10	0.01666935	-0.03792151	0.9816677	-2.6508864e-17	0	360.79956
1.2720000000000182e-10	0.017612865	-0.040236868	0.9816491	-2.6522694e-17	0	360.79956
1.273000000000018e-10	0.01857607	-0.04253856	0.9816238	-2.6536465e-17	0	360.79956
1.2740000000000178e-10	0.01955881	-0.04482642	0.98159194	-2.6550165e-17	0	360.79956
1.2750000000000176e-10	0.020560905	-0.047100246	0.98155344	-2.6563809e-17	0	360.79956
1.2760000000000174e-10	0.02158219	-0.04935987	0.9815084	-2.6577396e-17	0	360.79956
1.2770000000000171e-10	0.022622494	-0.05160512	0.9814569	-2.6590912e-17	0	360.79956
1.278000000000017e-10	0.02368165	-0.053835813	0.98139894	-2.6604388e-17	0	360.79956
1.2790000000000167e-10	0.024759471	-0.056051776	0.98133457	-2.661779e-17	0	360.79956
1.2800000000000165e-10	0.025855782	-0.05825285	0.98126394	-2.6631124e-17	0	360.79956
1.2810000000000163e-10	0.026970405	-0.060438853	0.981187	-2.6644414e-17	0	360.79956
1.282000000000016e-10	0.028103169	-0.062609635	0.9811038	-2.6657634e-17	0	360.79956
1.283000000000016e-10	0.029253867	-0.06476502	0.9810144	-2.667081e-17	0	360.79956
1.2840000000000157e-10	0.030422337	-0.066904865	0.980919	-2.6683904e-17	0	360.79956
1.2850000000000155e-10	0.03160838	-0.069029	0.98081744	-2.6696958e-17	0	360.79956
1.2860000000000153e-10	0.032811813	-0.07113728	0.98071	-2.6709942e-17	0	360.79956
1.287000000000015e-10	0.034032438	-0.073229544	0.98059654	-2.672288e-17	0	360.79956
1.2880000000000148e-10	0.035270073	-0.07530565	0.98047715	-2.6735748e-17	0	360.79956
1.2890000000000146e-10	0.03652452	-0.07736546	0.98035204	-2.6748563e-17	0	360.79956
1.2900000000000144e-10	0.03779559	-0.079408795	0.9802211	-2.6761316e-17	0	360.79956
1.2910000000000142e-10	0.03908308	-0.081435554	0.9800845	-2.6774013e-17	0	360.79956
1.292000000000014e-10	0.04038679	-0.08344557	0.97994226	-2.6786648e-17	0	360.79956
1.2930000000000138e-10	0.04170653	-0.08543874	0.97979426	-2.6799234e-17	0	360.79956
1.2940000000000136e-10	0.043042094	-0.0874149	0.9796409	-2.6811743e-17	0	360.79956
1.2950000000000134e-10	0.044393282	-0.08937394	0.97948205	-2.6824215e-17	0	360.79956
1.2960000000000132e-10	0.04575989	-0.09131571	0.97931767	-2.683661e-17	0	360.79956
1.297000000000013e-10	0.047141716	-0.093240105	0.97914803	-2.6848953e-17	0	360.79956
1.2980000000000127e-10	0.04853855	-0.095147	0.97897303	-2.686125e-17	0	360.79956
1.2990000000000125e-10	0.049950197	-0.09703627	0.9787929	-2.6873487e-17	0	360.79956
1.3000000000000123e-10	0.051376436	-0.09890781	0.9786075	-2.6885653e-17	0	360.79956
1.301000000000012e-10	0.05281707	-0.100761496	0.97841686	-2.6897773e-17	0	360.79956
1.302000000000012e-10	0.05427188	-0.102597214	0.9782213	-2.6909838e-17	0	360.79956
1.3030000000000117e-10	0.055740662	-0.104414865	0.9780208	-2.6921845e-17	0	360.79956
1.3040000000000115e-10	0.0572232	-0.10621436	0.9778153	-2.6933787e-17	0	360.79956
1.3050000000000113e-10	0.05871929	-0.10799555	0.97760487	-2.6945681e-17	0	360.79956
1.306000000000011e-10	0.060228705	-0.10975836	0.97738963	-2.695752e-17	0	360.79956
1.3070000000000108e-10	0.061751246	-0.111502714	0.97716975	-2.6969292e-17	0	360.79956
1.3080000000000106e-10	0.06328669	-0.1132285	0.97694504	-2.698102e-17	0	360.79956
1.3090000000000104e-10	0.06483483	-0.11493562	0.97671574	-2.6992685e-17	0	360.79956
1.3100000000000102e-10	0.06639545	-0.116624	0.9764819	-2.7004297e-17	0	360.79956
1.31100000000001e-10	0.067968324	-0.11829355	0.97624356	-2.7015866e-17	0	360.79956
1.3120000000000098e-10	0.06955323	-0.11994417	0.97600067	-2.7027354e-17	0	360.79956
1.3130000000000096e-10	0.0711579	-0.12156838	0.97575426	-2.7562058e-17	0	358.35312
1.3140000000000094e-10	0.07278211	-0.123165786	0.9755044	-2.7573607e-17	0	358.35312
1.3150000000000092e-10	0.074417695	-0.12474364	0.97525024	-2.7585114e-17	0	358.35312
1.316000000000009e-10	0.07606445	-0.12630185	0.97499204	-2.7596567e-17	0	358.35312
1.3170000000000087e-10	0.077722125	-0.1278404	0.9747296	-2.760796e-17	0	358.35312
1.3180000000000085e-10	0.07939051	-0.12935917	0.97446316	-2.7619296e-17	0	358.35312
1.3190000000000083e-10	0.08106938	-0.13085812	0.97419286	-2.763057e-17	0	358.35312
1.320000000000008e-10	0.08275851	-0.13233721	0.97391844	-2.76418e-17	0	358.35312
1.321000000000008e-10	0.08445765	-0.13379635	0.9736403	-2.7652972e-17	0	358.35312
1.3220000000000077e-10	0.086166605	-0.1352355	0.97335845	-2.7664076e-17	0	358.35312
1.3230000000000075e-10	0.08788513	-0.13665462	0.97307277	-2.7675136e-17	0	358.35312
1.3240000000000073e-10	0.089613006	-0.13805364	0.97278345	-2.768615e-17	0	358.35312
1.325000000000007e-10	0.091350004	-0.13943252	0.97249055	-2.7697086e-17	0	358.35312
1.3260000000000068e-10	0.093095884	-0.14079125	0.9721942	-2.7707985e-17	0	358.35312
1.3270000000000066e-10	0.09485044	-0.14212975	0.97189426	-2.771883e-17	0	358.35312
1.3280000000000064e-10	0.096613444	-0.14344801	0.971591	-2.7729612e-17	0	358.35312
1.3290000000000062e-10	0.098384656	-0.14474598	0.97128445	-2.7740347e-17	0	358.35312
1.330000000000006e-10	0.10016386	-0.14602362	0.97097445	-2.7751028e-17	0	358.35312
1.3310000000000058e-10	0.10195081	-0.14728092	0.9706614	-2.7761654e-17	0	358.35312
1.3320000000000056e-10	0.10374532	-0.14851786	0.970345	-2.7772225e-17	0	358.35312
1.3330000000000054e-10	0.10554713	-0.1497344	0.97002566	-2.778275e-17	0	358.35312
1.3340000000000052e-10	0.10735605	-0.15093052	0.9697033	-2.7793222e-17	0	358.35312
1.335000000000005e-10	0.10917181	-0.15210621	0.96937793	-2.7803628e-17	0	358.35312
1.3360000000000047e-10	0.11099422	-0.15326145	0.9690497	-2.781399e-17	0	358.35312
1.3370000000000045e-10	0.11282304	-0.15439625	0.9687186	-2.78243e-17	0	358.35312
1.3380000000000043e-10	0.114658065	-0.15551057	0.9683847	-2.783456e-17	0	358.35312
1.339000000000004e-10	0.11649907	-0.15660442	0.96804804	-2.7844766e-17	0	358.35312
1.340000000000004e-10	0.11834581	-0.15767778	0.9677088	-2.7854913e-17	0	358.35312
1.3410000000000037e-10	0.12019808	-0.15873069	0.96736693	-2.786502e-17	0	358.35312
1.3420000000000035e-10	0.12205566	-0.1597631	0.9670226	-2.7875067e-17	0	358.35312
1.3430000000000033e-10	0.12391834	-0.16077504	0.96667576	-2.7885082e-17	0	358.35312
1.344000000000003e-10	0.12578589	-0.1617665	0.9663265	-2.7895015e-17	0	358.35312
1.3450000000000029e-10	0.12765807	-0.16273749	0.96597487	-2.790492e-17	0	358.35312
1.3460000000000026e-10	0.12953472	-0.16368806	0.965621	-2.7914768e-17	0	358.35312
1.3470000000000024e-10	0.13141558	-0.16461818	0.9652649	-2.7924555e-17	0	358.35312
1.3480000000000022e-10	0.13330044	-0.1655279	0.9649065	-2.7934323e-17	0	358.35312
1.349000000000002e-10	0.13518909	-0.16641718	0.9645462	-2.7944004e-17	0	358.35312
1.3500000000000018e-10	0.1370813	-0.1672861	0.96418375	-2.795367e-17	0	358.35312
1.3510000000000016e-10	0.1389769	-0.16813464	0.9638193	-2.796326e-17	0	358.35312
1.3520000000000014e-10	0.14087564	-0.16896288	0.963453	-2.79728e-17	0	358.35312
1.3530000000000012e-10	0.14277732	-0.16977078	0.96308476	-2.7982306e-17	0	358.35312
1.354000000000001e-10	0.14468174	-0.17055842	0.9627148	-2.799175e-17	0	358.35312
1.3550000000000007e-10	0.14658867	-0.17132582	0.962343	-2.800116e-17	0	358.35312
1.3560000000000005e-10	0.14849791	-0.17207304	0.96196955	-2.8010513e-17	0	358.35312
1.3570000000000003e-10	0.15040927	-0.17280003	0.9615944	-2.801981e-17	0	358.35312
1.358e-10	0.15232253	-0.17350693	0.96121776	-2.802907e-17	0	358.35312
1.3594999999999998e-10	0.15519553	-0.1745296	0.96064997	-2.804286e-17	0	358.35312
1.3604999999999996e-10	0.15711269	-0.17518632	0.9602697	-2.805201e-17	0	358.35312
1.3614999999999994e-10	0.15903099	-0.17582308	0.959888	-2.8061087e-17	0	358.35312
1.3624999999999992e-10	0.1609503	-0.1764399	0.95950496	-2.8070126e-17	0	358.35312
1.363499999999999e-10	0.1628704	-0.17703684	0.95912075	-2.807912e-17	0	358.35312
1.3644999999999988e-10	0.1647911	-0.17761394	0.9587351	-2.808807e-17	0	358.35312
1.3654999999999985e-10	0.16671221	-0.17817128	0.95834863	-2.809697e-17	0	358.35312
1.3664999999999983e-10	0.16863352	-0.1787089	0.95796096	-2.8105827e-17	0	358.35312
1.367499999999998e-10	0.17055483	-0.17922686	0.95757216	-2.811464e-17	0	358.35312
1.368499999999998e-10	0.17247596	-0.17972519	0.9571825	-2.8123393e-17	0	358.35312
1.3694999999999977e-10	0.17439674	-0.18020402	0.9567918	-2.813211e-17	0	358.35312
1.3704999999999975e-10	0.17631693	-0.18066336	0.9564004	-2.814078e-17	0	358.35312
1.3714999999999973e-10	0.1782364	-0.18110329	0.9560082	-2.8149403e-17	0	358.35312
1.372499999999997e-10	0.18015492	-0.18152387	0.95561516	-2.8157986e-17	0	358.35312
1.3734999999999969e-10	0.18207231	-0.18192518	0.9552213	-2.816651e-17	0	358.35312
1.3744999999999966e-10	0.1839884	-0.1823073	0.954827	-2.8175e-17	0	358.35312
1.3754999999999964e-10	0.185903	-0.1826703	0.954432	-2.818345e-17	0	358.35312
1.3764999999999962e-10	0.18781595	-0.18301421	0.9540364	-2.819184e-17	0	358.35312
1.377499999999996e-10	0.18972702	-0.18333918	0.95364046	-2.8200192e-17	0	358.35312
1.3784999999999958e-10	0.19163609	-0.18364522	0.95324403	-2.8208507e-17	0	358.35312
1.3794999999999956e-10	0.19354293	-0.18393245	0.9528471	-2.8216762e-17	0	358.35312
1.3804999999999954e-10	0.19544742	-0.18420093	0.95245	-2.8224987e-17	0	358.35312
1.3814999999999952e-10	0.19734934	-0.18445078	0.9520526	-2.8233167e-17	0	358.35312
1.382499999999995e-10	0.19924855	-0.18468204	0.95165485	-2.8241303e-17	0	358.35312
1.3834999999999948e-10	0.20114486	-0.1848948	0.951257	-2.8249393e-17	0	358.35312
1.3844999999999945e-10	0.2030381	-0.18508916	0.950859	-2.825743e-17	0	358.35312
1.3854999999999943e-10	0.20492814	-0.1852652	0.9504611	-2.8265437e-17	0	358.35312
1.386499999999994e-10	0.20681478	-0.18542302	0.950063	-2.827339e-17	0	358.35312
1.387499999999994e-10	0.20869781	-0.18556271	0.9496649	-2.8281305e-17	0	358.35312
1.3884999999999937e-10	0.21057716	-0.18568435	0.94926697	-2.8289193e-17	0	358.35312
1.3894999999999935e-10	0.21245262	-0.18578807	0.94886905	-2.8297018e-17	0	358.35312
1.3904999999999933e-10	0.21432406	-0.18587388	0.94847137	-2.8304817e-17	0	358.35312
1.391499999999993e-10	0.21619126	-0.185942	0.94807386	-2.831256e-17	0	358.35312
1.3924999999999929e-10	0.21805416	-0.18599242	0.9476766	-2.8320272e-17	0	358.35312
1.3934999999999927e-10	0.2199125	-0.18602529	0.9472798	-2.8327922e-17	0	358.35312
1.3944999999999924e-10	0.22176619	-0.1860407	0.9468832	-2.833556e-17	0	358.35312
1.3954999999999922e-10	0.22361508	-0.18603873	0.9464871	-2.8343142e-17	0	358.35312
1.396499999999992e-10	0.22545898	-0.1860195	0.94609153	-2.8350673e-17	0	358.35312
1.3974999999999918e-10	0.22729778	-0.18598315	0.94569623	-2.835817e-17	0	358.35312
1.3984999999999916e-10	0.22913134	-0.18592972	0.9453016	-2.8365628e-17	0	358.35312
1.3994999999999914e-10	0.23095949	-0.18585935	0.94490755	-2.8373046e-17	0	358.35312
1.4004999999999912e-10	0.2327821	-0.18577214	0.9445142	-2.8380425e-17	0	358.35312
1.401499999999991e-10	0.234599	-0.1856682	0.94412136	-2.8387767e-17	0	358.35312
1.4024999999999908e-10	0.23641011	-0.18554765	0.94372934	-2.8395062e-17	0	358.35312
1.4034999999999906e-10	0.23821521	-0.18541057	0.94333816	-2.840232e-17	0	358.35312
1.4044999999999903e-10	0.24001427	-0.18525708	0.9429476	-2.8409538e-17	0	358.35312
1.4054999999999901e-10	0.24180704	-0.1850873	0.9425581	-2.841672e-17	0	358.35312
1.40649999999999e-10	0.24359347	-0.18490133	0.9421693	-2.8423858e-17	0	358.35312
1.4074999999999897e-10	0.24537341	-0.18469931	0.94178164	-2.8430955e-17	0	358.35312
1.4084999999999895e-10	0.24714673	-0.18448132	0.94139487	-2.8438016e-17	0	358.35312
1.4094999999999893e-10	0.24891327	-0.1842475	0.94100904	-2.8445037e-17	0	358.35312
1.410499999999989e-10	0.25067294	-0.18399796	0.94062436	-2.8452022e-17	0	358.35312
1.4114999999999889e-10	0.25242558	-0.1837328	0.9402408	-2.845896e-17	0	358.35312
1.4124999999999887e-10	0.25417113	-0.18345211	0.9398583	-2.846587e-17	0	358.35312
1.4134999999999884e-10	0.25591815	-0.18313546	0.9394789	-2.8952344e-17	0	356.00513
1.4144999999999882e-10	0.25766614	-0.18278271	0.93910265	-2.8959378e-17	0	356.00513
1.415499999999988e-10	0.2594061	-0.18241453	0.93872774	-2.8966363e-17	0	356.00513
1.4164999999999878e-10	0.26113793	-0.18203105	0.93835425	-2.897331e-17	0	356.00513
1.4174999999999876e-10	0.26286146	-0.18163243	0.9379822	-2.898021e-17	0	356.00513
1.4184999999999874e-10	0.26457664	-0.18121876	0.93761164	-2.89871e-17	0	356.00513
1.4194999999999872e-10	0.26628333	-0.1807902	0.9372427	-2.8993915e-17	0	356.00513
1.420499999999987e-10	0.2679814	-0.18034686	0.9368751	-2.9000707e-17	0	356.00513
1.4214999999999868e-10	0.26967078	-0.17988886	0.9365093	-2.9007464e-17	0	356.00513
1.4224999999999866e-10	0.2713513	-0.17941634	0.93614507	-2.9014187e-17	0	356.00513
1.4234999999999863e-10	0.27302295	-0.17892946	0.93578243	-2.902086e-17	0	356.00513
1.4244999999999861e-10	0.2746855	-0.1784283	0.9354216	-2.90275e-17	0	356.00513
1.425499999999986e-10	0.27633893	-0.17791305	0.9350624	-2.9034116e-17	0	356.00513
1.4264999999999857e-10	0.27798313	-0.17738378	0.9347051	-2.904068e-17	0	356.00513
1.4274999999999855e-10	0.279618	-0.17684065	0.9343495	-2.9047208e-17	0	356.00513
1.4284999999999853e-10	0.28124338	-0.1762838	0.93399584	-2.905371e-17	0	356.00513
1.429499999999985e-10	0.28285927	-0.17571335	0.93364394	-2.9060165e-17	0	356.00513
1.430499999999985e-10	0.2844655	-0.17512944	0.9332941	-2.9066587e-17	0	356.00513
1.4314999999999847e-10	0.28606203	-0.17453222	0.932946	-2.9072977e-17	0	356.00513
1.4324999999999845e-10	0.28764874	-0.1739218	0.9326	-2.9079316e-17	0	356.00513
1.4334999999999842e-10	0.28922552	-0.17329831	0.9322561	-2.9085632e-17	0	356.00513
1.434499999999984e-10	0.29079235	-0.17266192	0.9319142	-2.9091906e-17	0	356.00513
1.4354999999999838e-10	0.29234904	-0.17201273	0.9315743	-2.9098153e-17	0	356.00513
1.4364999999999836e-10	0.2938956	-0.1713509	0.93123645	-2.9104356e-17	0	356.00513
1.4374999999999834e-10	0.2954319	-0.17067651	0.9309008	-2.9110537e-17	0	356.00513
1.4384999999999832e-10	0.29695788	-0.16998976	0.9305674	-2.9116665e-17	0	356.00513
1.439499999999983e-10	0.29847342	-0.1692908	0.9302361	-2.912277e-17	0	356.00513
1.4404999999999828e-10	0.29997846	-0.1685797	0.929907	-2.9128834e-17	0	356.00513
1.4414999999999826e-10	0.30147296	-0.1678566	0.92958015	-2.9134883e-17	0	356.00513
1.4424999999999824e-10	0.30295682	-0.16712172	0.9292557	-2.9140875e-17	0	356.00513
1.4434999999999821e-10	0.30442995	-0.16637509	0.92893344	-2.9146847e-17	0	356.00513
1.444499999999982e-10	0.3058923	-0.1656169	0.9286136	-2.9152773e-17	0	356.00513
1.4454999999999817e-10	0.30734378	-0.16484731	0.9282961	-2.915867e-17	0	356.00513
1.4464999999999815e-10	0.30878434	-0.1640664	0.9279809	-2.9164536e-17	0	356.00513
1.4474999999999813e-10	0.31021386	-0.16327435	0.92766815	-2.9170365e-17	0	356.00513
1.448499999999981e-10	0.3116323	-0.16247125	0.9273579	-2.9176172e-17	0	356.00513
1.449499999999981e-10	0.31303966	-0.1616573	0.9270501	-2.918194e-17	0	356.00513
1.4504999999999807e-10	0.31443584	-0.16083258	0.92674476	-2.9187663e-17	0	356.00513
1.4514999999999805e-10	0.3158207	-0.15999727	0.926442	-2.9193354e-17	0	356.00513
1.4524999999999803e-10	0.31719428	-0.15915146	0.9261418	-2.9199032e-17	0	356.00513
1.45349999999998e-10	0.31855652	-0.1582953	0.92584413	-2.9204667e-17	0	356.00513
1.4544999999999798e-10	0.31990728	-0.15742898	0.925549	-2.9210275e-17	0	356.00513
1.4554999999999796e-10	0.32124656	-0.15655257	0.9252565	-2.9215854e-17	0	356.00513
1.4564999999999794e-10	0.32257432	-0.15566625	0.92496663	-2.9221396e-17	0	356.00513
1.4574999999999792e-10	0.32389048	-0.15477012	0.92467946	-2.9226895e-17	0	356.00513
1.458499999999979e-10	0.325195	-0.15386432	0.92439497	-2.923238e-17	0	356.00513
1.4594999999999788e-10	0.32648778	-0.152949	0.92411315	-2.923783e-17	0	356.00513
1.4604999999999786e-10	0.3277689	-0.15202431	0.9238341	-2.924325e-17	0	356.00513
1.4614999999999784e-10	0.32903814	-0.15109037	0.9235577	-2.9248637e-17	0	356.00513
1.4624999999999781e-10	0.33029556	-0.1501473	0.9232842	-2.925399e-17	0	356.00513
1.463499999999978e-10	0.33154112	-0.14919527	0.9230134	-2.925932e-17	0	356.00513
1.4644999999999777e-10	0.33277473	-0.14823437	0.92274535	-2.9264614e-17	0	356.00513
1.4654999999999775e-10	0.33399636	-0.14726476	0.9224802	-2.9269885e-17	0	356.00513
1.4664999999999773e-10	0.33520603	-0.14628658	0.9222179	-2.9275113e-17	0	356.00513
1.467499999999977e-10	0.3364036	-0.14529997	0.9219585	-2.928031e-17	0	356.00513
1.468499999999977e-10	0.33758911	-0.14430505	0.9217019	-2.9285502e-17	0	356.00513
1.4694999999999767e-10	0.33876246	-0.14330193	0.9214481	-2.929065e-17	0	356.00513
1.4704999999999765e-10	0.33992374	-0.14229079	0.9211974	-2.9295773e-17	0	356.00513
1.4714999999999763e-10	0.34107277	-0.14127173	0.9209496	-2.9300865e-17	0	356.00513
1.472499999999976e-10	0.34220958	-0.14024492	0.9207047	-2.930592e-17	0	356.00513
1.4734999999999758e-10	0.3433341	-0.13921045	0.92046285	-2.9310963e-17	0	356.00513
1.4744999999999756e-10	0.34444636	-0.13816845	0.9202239	-2.9315966e-17	0	356.00513
1.4754999999999754e-10	0.3455463	-0.13711911	0.91998786	-2.9320942e-17	0	356.00513
1.4764999999999752e-10	0.3466339	-0.1360625	0.919755	-2.9325895e-17	0	356.00513
1.477499999999975e-10	0.34770912	-0.1349988	0.919525	-2.9330822e-17	0	356.00513
1.4784999999999748e-10	0.34877196	-0.1339281	0.91929823	-2.9335716e-17	0	356.00513
1.4794999999999746e-10	0.3498224	-0.13285056	0.9190745	-2.9340583e-17	0	356.00513
1.4804999999999744e-10	0.3508604	-0.13176627	0.91885376	-2.934543e-17	0	356.00513
1.4814999999999742e-10	0.35188586	-0.13067542	0.9186361	-2.9350244e-17	0	356.00513
1.482499999999974e-10	0.35289893	-0.12957808	0.9184215	-2.9355035e-17	0	356.00513
1.4834999999999737e-10	0.35389942	-0.12847444	0.91820997	-2.9359796e-17	0	356.00513
1.4844999999999735e-10	0.35488746	-0.12736458	0.91800165	-2.936453e-17	0	356.00513
1.4854999999999733e-10	0.35586292	-0.12624866	0.9177965	-2.9369236e-17	0	356.00513
1.486499999999973e-10	0.3568258	-0.12512676	0.91759443	-2.937392e-17	0	356.00513
1.487499999999973e-10	0.35777617	-0.123999074	0.91739553	-2.937858e-17	0	356.00513
1.4884999999999727e-10	0.35871392	-0.1228657	0.9171998	-2.9383206e-17	0	356.00513
1.4894999999999725e-10	0.35963905	-0.12172676	0.9170072	-2.9387818e-17	0	356.00513
1.4904999999999723e-10	0.36055163	-0.12058237	0.9168178	-2.939239e-17	0	356.00513
1.491499999999972e-10	0.36145157	-0.11943267	0.9166316	-2.939696e-17	0	356.00513
1.4924999999999718e-10	0.36233884	-0.118277796	0.91644865	-2.940149e-17	0	356.00513
1.4934999999999716e-10	0.36321354	-0.11711786	0.9162689	-2.9406003e-17	0	356.00513
1.4944999999999714e-10	0.36407554	-0.11595298	0.9160923	-2.9410476e-17	0	356.00513
1.4954999999999712e-10	0.36492494	-0.1147833	0.915919	-2.9414936e-17	0	356.00513
1.496499999999971e-10	0.36576167	-0.11360894	0.91574895	-2.9419373e-17	0	356.00513
1.4974999999999708e-10	0.3665857	-0.11243002	0.9155821	-2.9423787e-17	0	356.00513
1.4984999999999706e-10	0.36739713	-0.11124665	0.9154185	-2.9428168e-17	0	356.00513
1.4994999999999704e-10	0.3681959	-0.11005898	0.9152582	-2.9432516e-17	0	356.00513
1.5004999999999702e-10	0.36898196	-0.10886711	0.9151012	-2.9436867e-17	0	356.00513
1.50149999999997e-10	0.36975536	-0.10767116	0.9149474	-2.9441178e-17	0	356.00513
1.5024999999999697e-10	0.37051612	-0.106471255	0.9147969	-2.944548e-17	0	356.00513
1.5034999999999695e-10	0.37126422	-0.10526754	0.91464967	-2.9449747e-17	0	356.00513
1.5044999999999693e-10	0.37199965	-0.1040601	0.91450584	-2.9453996e-17	0	356.00513
1.505499999999969e-10	0.3727224	-0.10284909	0.9143652	-2.9458214e-17	0	356.00513
1.506499999999969e-10	0.37343255	-0.10163459	0.91422784	-2.9462426e-17	0	356.00513
1.5074999999999687e-10	0.37413	-0.10041676	0.9140938	-2.9466595e-17	0	356.00513
1.5084999999999685e-10	0.37481484	-0.09919569	0.9139631	-2.947075e-17	0	356.00513
1.5094999999999683e-10	0.37548703	-0.097971484	0.91383564	-2.947488e-17	0	356.00513
1.510499999999968e-10	0.37614664	-0.0967443	0.91371167	-2.9479003e-17	0	356.00513
1.5114999999999678e-10	0.37679365	-0.09551423	0.9135909	-2.9483103e-17	0	356.00513
1.5124999999999676e-10	0.377428	-0.0942814	0.9134734	-2.9487162e-17	0	356.00513
1.5134999999999674e-10	0.37804976	-0.09304592	0.9133593	-2.9491216e-17	0	356.00513
1.5144999999999672e-10	0.37866008	-0.09175647	0.9132534	-2.99408e-17	0	353.7516
1.515499999999967e-10	0.37925717	-0.09046468	0.9131509	-2.9945017e-17	0	353.7516
1.5164999999999668e-10	0.37984103	-0.089170665	0.91305196	-2.9949216e-17	0	353.7516
1.5174999999999666e-10	0.38041168	-0.08787452	0.9129565	-2.99534e-17	0	353.7516
1.5184999999999664e-10	0.38096917	-0.0865764	0.9128643	-2.9957544e-17	0	353.7516
1.5194999999999662e-10	0.3815135	-0.08527642	0.91277575	-2.9961683e-17	0	353.7516
1.520499999999966e-10	0.3820447	-0.083974674	0.9126905	-2.9965796e-17	0	353.7516
1.5214999999999657e-10	0.3825628	-0.08267131	0.9126088	-2.996988e-17	0	353.7516
1.5224999999999655e-10	0.38306776	-0.08136642	0.91253066	-2.997395e-17	0	353.7516
1.5234999999999653e-10	0.38355967	-0.08006015	0.9124558	-2.9977998e-17	0	353.7516
1.524499999999965e-10	0.38403854	-0.07875258	0.91238445	-2.9982025e-17	0	353.7516
1.525499999999965e-10	0.38450435	-0.07744387	0.9123166	-2.9986035e-17	0	353.7516
1.5264999999999647e-10	0.38495716	-0.0761341	0.91225207	-2.9990022e-17	0	353.7516
1.5274999999999645e-10	0.38539696	-0.07482341	0.91219103	-2.9993996e-17	0	353.7516
1.5284999999999643e-10	0.38582385	-0.073511906	0.9121336	-2.9997946e-17	0	353.7516
1.529499999999964e-10	0.38623783	-0.07219968	0.91207933	-3.000187e-17	0	353.7516
1.5304999999999639e-10	0.3866389	-0.07088688	0.9120287	-3.000577e-17	0	353.7516
1.5314999999999636e-10	0.38702708	-0.0695736	0.91198146	-3.0009663e-17	0	353.7516
1.5324999999999634e-10	0.38740242	-0.068259954	0.9119375	-3.0013537e-17	0	353.7516
1.5334999999999632e-10	0.38776493	-0.06694605	0.9118971	-3.0017385e-17	0	353.7516
1.534499999999963e-10	0.38811472	-0.06563202	0.9118601	-3.002123e-17	0	353.7516
1.5354999999999628e-10	0.38845173	-0.06431794	0.9118266	-3.0025035e-17	0	353.7516
1.5364999999999626e-10	0.38877603	-0.06300395	0.91179633	-3.002883e-17	0	353.7516
1.5374999999999624e-10	0.38908765	-0.06169014	0.91176957	-3.003261e-17	0	353.7516
1.5384999999999622e-10	0.38938656	-0.060376626	0.9117462	-3.003637e-17	0	353.7516
1.539499999999962e-10	0.3896729	-0.059063513	0.9117262	-3.0040106e-17	0	353.7516
1.5404999999999617e-10	0.3899467	-0.05775091	0.9117096	-3.004384e-17	0	353.7516
1.5414999999999615e-10	0.3902079	-0.056438927	0.9116964	-3.0047544e-17	0	353.7516
1.5424999999999613e-10	0.39045665	-0.055127654	0.91168654	-3.0051233e-17	0	353.7516
1.543499999999961e-10	0.39069286	-0.053817224	0.9116801	-3.00549e-17	0	353.7516
1.544499999999961e-10	0.39091668	-0.052507717	0.91167694	-3.0058552e-17	0	353.7516
1.5454999999999607e-10	0.39112806	-0.051199246	0.9116771	-3.00622e-17	0	353.7516
1.5464999999999605e-10	0.39132714	-0.049891923	0.91168076	-3.0065812e-17	0	353.7516
1.5474999999999603e-10	0.39151385	-0.048585832	0.9116877	-3.0069425e-17	0	353.7516
1.54849999999996e-10	0.39168835	-0.047281086	0.9116979	-3.0073005e-17	0	353.7516
1.5494999999999599e-10	0.3918506	-0.045977794	0.9117115	-3.007658e-17	0	353.7516
1.5504999999999596e-10	0.39200062	-0.04467604	0.9117284	-3.008014e-17	0	353.7516
1.5514999999999594e-10	0.39213854	-0.04337593	0.91174847	-3.0083672e-17	0	353.7516
1.5524999999999592e-10	0.39226434	-0.04207758	0.9117721	-3.00872e-17	0	353.7516
1.553499999999959e-10	0.39237803	-0.04078107	0.91179866	-3.00907e-17	0	353.7516
1.5544999999999588e-10	0.39247978	-0.039486505	0.9118287	-3.00942e-17	0	353.7516
1.5554999999999586e-10	0.39256954	-0.03819398	0.9118619	-3.0097665e-17	0	353.7516
1.5564999999999584e-10	0.39264736	-0.036903594	0.9118985	-3.0101126e-17	0	353.7516
1.5574999999999582e-10	0.39271325	-0.035615448	0.91193825	-3.0104573e-17	0	353.7516
1.558499999999958e-10	0.3927674	-0.03432963	0.9119812	-3.0108008e-17	0	353.7516
1.5594999999999578e-10	0.39280972	-0.033046246	0.9120274	-3.0111422e-17	0	353.7516
1.5604999999999575e-10	0.39284027	-0.03176538	0.91207683	-3.0114824e-17	0	353.7516
1.5614999999999573e-10	0.39285913	-0.030487128	0.9121294	-3.0118205e-17	0	353.7516
1.562499999999957e-10	0.39286637	-0.029211584	0.9121852	-3.0121577e-17	0	353.7516
1.563499999999957e-10	0.39286208	-0.027938848	0.9122442	-3.0124935e-17	0	353.7516
1.5644999999999567e-10	0.39284617	-0.026669001	0.9123063	-3.0128274e-17	0	353.7516
1.5654999999999565e-10	0.39281878	-0.025402144	0.9123716	-3.0131612e-17	0	353.7516
1.5664999999999563e-10	0.39277998	-0.024138363	0.91244	-3.0134934e-17	0	353.7516
1.567499999999956e-10	0.3927298	-0.022877749	0.91251147	-3.0138223e-17	0	353.7516
1.5684999999999559e-10	0.39266828	-0.021620395	0.9125861	-3.0141512e-17	0	353.7516
1.5694999999999557e-10	0.39259547	-0.02036638	0.91266394	-3.0144788e-17	0	353.7516
1.5704999999999554e-10	0.39251137	-0.019115806	0.9127447	-3.0148043e-17	0	353.7516
1.5714999999999552e-10	0.39241624	-0.017868752	0.91282856	-3.01513e-17	0	353.7516
1.572499999999955e-10	0.39230984	-0.016625304	0.9129155	-3.0154535e-17	0	353.7516
1.5734999999999548e-10	0.39219248	-0.015385558	0.9130055	-3.0157754e-17	0	353.7516
1.5744999999999546e-10	0.3920641	-0.014149587	0.9130984	-3.0160964e-17	0	353.7516
1.5754999999999544e-10	0.39192474	-0.012917487	0.91319436	-3.0164157e-17	0	353.7516
1.5764999999999542e-10	0.39177448	-0.011689336	0.9132935	-3.016734e-17	0	353.7516
1.577499999999954e-10	0.3916134	-0.010465224	0.9133954	-3.0170506e-17	0	353.7516
1.5784999999999538e-10	0.39144152	-0.00924523	0.9135003	-3.0173666e-17	0	353.7516
1.5794999999999535e-10	0.3912589	-0.008029435	0.9136082	-3.0176813e-17	0	353.7516
1.5804999999999533e-10	0.3910657	-0.006817925	0.91371906	-3.0179943e-17	0	353.7516
1.581499999999953e-10	0.3908618	-0.00561078	0.9138327	-3.018306e-17	0	353.7516
1.582499999999953e-10	0.39064747	-0.004408083	0.9139493	-3.0186176e-17	0	353.7516
1.5834999999999527e-10	0.39042252	-0.0032099101	0.9140689	-3.0189263e-17	0	353.7516
1.5844999999999525e-10	0.3901872	-0.002016344	0.91419125	-3.019234e-17	0	353.7516
1.5854999999999523e-10	0.3899415	-0.00082746334	0.9143164	-3.0195424e-17	0	353.7516
1.586499999999952e-10	0.38968557	0.0003566551	0.91444445	-3.019848e-17	0	353.7516
1.5874999999999519e-10	0.38941932	0.0015359325	0.9145754	-3.020154e-17	0	353.7516
1.5884999999999517e-10	0.38914293	0.0027102917	0.914709	-3.0204576e-17	0	353.7516
1.5894999999999514e-10	0.3888564	0.0038796582	0.91484547	-3.0207614e-17	0	353.7516
1.5904999999999512e-10	0.38855985	0.005043953	0.91498464	-3.0210625e-17	0	353.7516
1.591499999999951e-10	0.38825327	0.0062031033	0.91512656	-3.0213632e-17	0	353.7516
1.5924999999999508e-10	0.38793683	0.007357033	0.9152713	-3.0216627e-17	0	353.7516
1.5934999999999506e-10	0.38761047	0.00850567	0.91541874	-3.021961e-17	0	353.7516
1.5944999999999504e-10	0.38727432	0.0096489405	0.9155688	-3.022258e-17	0	353.7516
1.5954999999999502e-10	0.38692847	0.01078677	0.91572154	-3.022554e-17	0	353.7516
1.59649999999995e-10	0.3865729	0.0119190905	0.9158769	-3.02285e-17	0	353.7516
1.5974999999999498e-10	0.38620782	0.013045827	0.9160349	-3.0231436e-17	0	353.7516
1.5984999999999496e-10	0.38583314	0.014166909	0.9161956	-3.0234375e-17	0	353.7516
1.5994999999999493e-10	0.38544902	0.0152822705	0.9163588	-3.023729e-17	0	353.7516
1.6004999999999491e-10	0.38505548	0.016391838	0.9165247	-3.0240208e-17	0	353.7516
1.601499999999949e-10	0.3846526	0.017495543	0.9166931	-3.024311e-17	0	353.7516
1.6024999999999487e-10	0.3842405	0.018593317	0.916864	-3.024599e-17	0	353.7516
1.6034999999999485e-10	0.3838192	0.019685097	0.9170374	-3.0248877e-17	0	353.7516
1.6044999999999483e-10	0.38338876	0.02077081	0.91721344	-3.0251752e-17	0	353.7516
1.605499999999948e-10	0.38294926	0.021850396	0.9173918	-3.0254617e-17	0	353.7516
1.606499999999948e-10	0.3825008	0.022923782	0.9175726	-3.0257466e-17	0	353.7516
1.6074999999999477e-10	0.38204342	0.02399091	0.91775596	-3.0260315e-17	0	353.7516
1.6084999999999475e-10	0.3815772	0.025051713	0.91794163	-3.026314e-17	0	353.7516
1.6094999999999472e-10	0.3811022	0.026106127	0.9181298	-3.026597e-17	0	353.7516
1.610499999999947e-10	0.38061845	0.027154088	0.9183203	-3.026878e-17	0	353.7516
1.6114999999999468e-10	0.38012612	0.028195538	0.91851306	-3.0271588e-17	0	353.7516
1.6124999999999466e-10	0.3796252	0.029230408	0.91870826	-3.0274387e-17	0	353.7516
1.6134999999999464e-10	0.37911582	0.030258644	0.91890574	-3.027718e-17	0	353.7516
1.6144999999999462e-10	0.37859103	0.0313034	0.9191077	-3.0714834e-17	0	351.58875
1.615499999999946e-10	0.3780505	0.03236438	0.9193141	-3.0717776e-17	0	351.58875
1.6164999999999458e-10	0.37750116	0.033418227	0.91952294	-3.0720704e-17	0	351.58875
1.6174999999999456e-10	0.37694308	0.034464873	0.9197342	-3.072363e-17	0	351.58875
1.6184999999999453e-10	0.3763764	0.03550426	0.91994756	-3.0726544e-17	0	351.58875
1.6194999999999451e-10	0.37580115	0.036536325	0.92016345	-3.0729455e-17	0	351.58875
1.620499999999945e-10	0.3752174	0.037561	0.9203813	-3.073235e-17	0	351.58875
1.6214999999999447e-10	0.37462527	0.038578235	0.92060167	-3.0735242e-17	0	351.58875
1.6224999999999445e-10	0.3740248	0.039587963	0.92082405	-3.0738118e-17	0	351.58875
1.6234999999999443e-10	0.37341613	0.04059013	0.92104876	-3.074099e-17	0	351.58875
1.624499999999944e-10	0.37279928	0.041584674	0.92127556	-3.0743858e-17	0	351.58875
1.625499999999944e-10	0.37217438	0.042571533	0.9215044	-3.0746704e-17	0	351.58875
1.6264999999999437e-10	0.37154147	0.04355066	0.9217355	-3.0749553e-17	0	351.58875
1.6274999999999435e-10	0.37090057	0.044521987	0.92196864	-3.0752388e-17	0	351.58875
1.6284999999999432e-10	0.37025195	0.045485474	0.92220384	-3.075521e-17	0	351.58875
1.629499999999943e-10	0.36959553	0.046441045	0.922441	-3.0758023e-17	0	351.58875
1.6304999999999428e-10	0.36893147	0.047388665	0.9226804	-3.0760835e-17	0	351.58875
1.6314999999999426e-10	0.36825982	0.048328266	0.9229216	-3.0763638e-17	0	351.58875
1.6324999999999424e-10	0.36758068	0.049259808	0.9231648	-3.076644e-17	0	351.58875
1.6334999999999422e-10	0.36689407	0.05018323	0.92340994	-3.076922e-17	0	351.58875
1.634499999999942e-10	0.3662002	0.05109849	0.92365694	-3.0772e-17	0	351.58875
1.6354999999999418e-10	0.3654991	0.052005522	0.92390585	-3.0774775e-17	0	351.58875
1.6364999999999416e-10	0.3647908	0.05290429	0.92415667	-3.077753e-17	0	351.58875
1.6374999999999414e-10	0.36407542	0.05379474	0.9244094	-3.0780274e-17	0	351.58875
1.6384999999999411e-10	0.3633531	0.054676823	0.9246639	-3.078303e-17	0	351.58875
1.639499999999941e-10	0.36262384	0.05555049	0.9249201	-3.0785773e-17	0	351.58875
1.6404999999999407e-10	0.36188775	0.056415703	0.9251781	-3.0788503e-17	0	351.58875
1.6414999999999405e-10	0.36114496	0.057272404	0.92543787	-3.0791216e-17	0	351.58875
1.6424999999999403e-10	0.3603955	0.058120556	0.92569923	-3.0793936e-17	0	351.58875
1.64349999999994e-10	0.35963953	0.058960114	0.92596245	-3.0796642e-17	0	351.58875
1.64449999999994e-10	0.35887706	0.05979103	0.9262272	-3.079934e-17	0	351.58875
1.6454999999999397e-10	0.35810816	0.06061326	0.92649364	-3.0802022e-17	0	351.58875
1.6464999999999395e-10	0.35733303	0.06142677	0.92676175	-3.08047e-17	0	351.58875
1.6474999999999393e-10	0.3565517	0.062231503	0.9270312	-3.080741e-17	0	351.58875
1.648499999999939e-10	0.3557642	0.06302744	0.92730236	-3.081006e-17	0	351.58875
1.6494999999999388e-10	0.35497078	0.06381452	0.9275751	-3.081273e-17	0	351.58875
1.6504999999999386e-10	0.35417134	0.06459272	0.92784935	-3.081538e-17	0	351.58875
1.6514999999999384e-10	0.35336602	0.065361984	0.92812496	-3.0818033e-17	0	351.58875
1.6524999999999382e-10	0.352555	0.06612229	0.928402	-3.0820664e-17	0	351.58875
1.653499999999938e-10	0.35173833	0.066873595	0.92868054	-3.0823297e-17	0	351.58875
1.6544999999999378e-10	0.350916	0.06761586	0.92896044	-3.0825924e-17	0	351.58875
1.6554999999999376e-10	0.35008827	0.068349056	0.9292417	-3.0828545e-17	0	351.58875
1.6564999999999374e-10	0.34925506	0.06907314	0.92952436	-3.0831152e-17	0	351.58875
1.6574999999999371e-10	0.3484166	0.0697881	0.92980826	-3.0833763e-17	0	351.58875
1.658499999999937e-10	0.3475729	0.07049387	0.93009347	-3.083636e-17	0	351.58875
1.6594999999999367e-10	0.34672403	0.07119044	0.93038	-3.083895e-17	0	351.58875
1.6604999999999365e-10	0.34587023	0.07187776	0.9306676	-3.0841525e-17	0	351.58875
1.6614999999999363e-10	0.34501135	0.07255582	0.9309565	-3.0844113e-17	0	351.58875
1.662499999999936e-10	0.34414768	0.07322458	0.93124664	-3.084667e-17	0	351.58875
1.663499999999936e-10	0.34327924	0.07388401	0.93153787	-3.0849238e-17	0	351.58875
1.6644999999999357e-10	0.34240612	0.07453409	0.93183017	-3.0851802e-17	0	351.58875
1.6654999999999355e-10	0.34152845	0.07517478	0.9321236	-3.0854346e-17	0	351.58875
1.6664999999999353e-10	0.34064627	0.07580606	0.93241805	-3.0856887e-17	0	351.58875
1.667499999999935e-10	0.3397597	0.07642791	0.93271357	-3.0859412e-17	0	351.58875
1.6684999999999348e-10	0.33886886	0.07704029	0.93301004	-3.086195e-17	0	351.58875
1.6694999999999346e-10	0.33797377	0.077643186	0.93330765	-3.086447e-17	0	351.58875
1.6704999999999344e-10	0.33707458	0.07823657	0.9336061	-3.086699e-17	0	351.58875
1.6714999999999342e-10	0.33617133	0.07882042	0.9339054	-3.086949e-17	0	351.58875
1.672499999999934e-10	0.33526424	0.07939472	0.9342058	-3.0871995e-17	0	351.58875
1.6734999999999338e-10	0.33435324	0.079959445	0.93450695	-3.087448e-17	0	351.58875
1.6744999999999336e-10	0.33343852	0.080514565	0.93480897	-3.087697e-17	0	351.58875
1.6754999999999334e-10	0.33252013	0.081060074	0.93511176	-3.0879456e-17	0	351.58875
1.6764999999999332e-10	0.33159816	0.08159594	0.9354154	-3.088193e-17	0	351.58875
1.677499999999933e-10	0.3306728	0.08212218	0.9357198	-3.0884393e-17	0	351.58875
1.6784999999999327e-10	0.32974404	0.08263872	0.93602496	-3.0886855e-17	0	351.58875
1.6794999999999325e-10	0.328812	0.08314559	0.93633074	-3.088931e-17	0	351.58875
1.6804999999999323e-10	0.32787678	0.08364274	0.93663734	-3.0891758e-17	0	351.58875
1.681499999999932e-10	0.32693848	0.0841302	0.9369444	-3.0894203e-17	0	351.58875
1.682499999999932e-10	0.32599714	0.084607914	0.93725216	-3.0896625e-17	0	351.58875
1.6834999999999317e-10	0.32505295	0.085075885	0.9375607	-3.0899057e-17	0	351.58875
1.6844999999999315e-10	0.32410595	0.0855341	0.9378695	-3.0901476e-17	0	351.58875
1.6854999999999313e-10	0.32315624	0.08598256	0.938179	-3.0903895e-17	0	351.58875
1.686499999999931e-10	0.3222039	0.08642123	0.9384889	-3.09063e-17	0	351.58875
1.6874999999999308e-10	0.32124907	0.086850114	0.9387995	-3.0908705e-17	0	351.58875
1.6884999999999306e-10	0.32029176	0.08726921	0.9391104	-3.0911094e-17	0	351.58875
1.6894999999999304e-10	0.31933218	0.08767851	0.9394218	-3.0913483e-17	0	351.58875
1.6904999999999302e-10	0.31837034	0.08807798	0.9397335	-3.091588e-17	0	351.58875
1.69149999999993e-10	0.31740636	0.08846765	0.94004565	-3.091824e-17	0	351.58875
1.6924999999999298e-10	0.3164403	0.08884747	0.94035816	-3.0920613e-17	0	351.58875
1.6934999999999296e-10	0.31547233	0.08921749	0.94067097	-3.092297e-17	0	351.58875
1.6944999999999294e-10	0.31450248	0.08957767	0.94098413	-3.0925332e-17	0	351.58875
1.6954999999999292e-10	0.31353092	0.089928016	0.94129753	-3.092767e-17	0	351.58875
1.696499999999929e-10	0.3125576	0.09026854	0.9416111	-3.0930027e-17	0	351.58875
1.6974999999999287e-10	0.31158277	0.0905992	0.9419248	-3.093236e-17	0	351.58875
1.6984999999999285e-10	0.31060642	0.09092004	0.94223887	-3.0934685e-17	0	351.58875
1.6994999999999283e-10	0.3096287	0.09123104	0.9425531	-3.0937025e-17	0	351.58875
1.700499999999928e-10	0.30864972	0.0915322	0.94286734	-3.0939324e-17	0	351.58875
1.701499999999928e-10	0.3076695	0.09182353	0.9431817	-3.0941644e-17	0	351.58875
1.7024999999999277e-10	0.3066882	0.09210504	0.94349617	-3.0943947e-17	0	351.58875
1.7034999999999275e-10	0.3057059	0.09237671	0.9438107	-3.0946246e-17	0	351.58875
1.7044999999999273e-10	0.30472267	0.09263856	0.94412524	-3.0948526e-17	0	351.58875
1.705499999999927e-10	0.3037386	0.09289059	0.9444397	-3.0950812e-17	0	351.58875
1.7064999999999268e-10	0.3027538	0.09313282	0.9447541	-3.09531e-17	0	351.58875
1.7074999999999266e-10	0.3017684	0.093365245	0.94506866	-3.0955362e-17	0	351.58875
1.7084999999999264e-10	0.30078247	0.093587875	0.94538295	-3.0957635e-17	0	351.58875
1.7094999999999262e-10	0.29979607	0.093800716	0.94569725	-3.095988e-17	0	351.58875
1.710499999999926e-10	0.29880935	0.09400378	0.94601136	-3.0962135e-17	0	351.58875
1.7114999999999258e-10	0.29782236	0.09419709	0.94632536	-3.096438e-17	0	351.58875
1.7124999999999256e-10	0.29683518	0.09438065	0.946639	-3.096661e-17	0	351.58875
1.7134999999999254e-10	0.29584792	0.09455445	0.9469525	-3.0968848e-17	0	351.58875
1.7144999999999252e-10	0.29486075	0.09471853	0.94726574	-3.0971068e-17	0	351.58875
1.715499999999925e-10	0.29385385	0.09490691	0.9475817	-3.1412865e-17	0	349.51294
1.7164999999999247e-10	0.2928469	0.095085196	0.94789743	-3.1415178e-17	0	349.51294
1.7174999999999245e-10	0.2918399	0.095253415	0.94821286	-3.1417458e-17	0	349.51294
1.7184999999999243e-10	0.29083306	0.09541156	0.9485282	-3.1419767e-17	0	349.51294
1.719499999999924e-10	0.2898264	0.09555967	0.948843	-3.1422044e-17	0	349.51294
1.720499999999924e-10	0.28882003	0.09569776	0.9491576	-3.1424307e-17	0	349.51294
1.7214999999999237e-10	0.28781408	0.09582582	0.94947165	-3.1426577e-17	0	349.51294
1.7224999999999235e-10	0.2868086	0.09594391	0.94978553	-3.142884e-17	0	349.51294
1.7234999999999233e-10	0.28580377	0.09605202	0.9500989	-3.143109e-17	0	349.51294
1.724499999999923e-10	0.28479955	0.09615019	0.95041186	-3.1433333e-17	0	349.51294
1.7254999999999229e-10	0.2837962	0.096238405	0.9507245	-3.1435576e-17	0	349.51294
1.7264999999999226e-10	0.28279364	0.09631673	0.95103645	-3.14378e-17	0	349.51294
1.7274999999999224e-10	0.2817921	0.096385166	0.9513478	-3.1440023e-17	0	349.51294
1.7284999999999222e-10	0.2807916	0.09644373	0.95165884	-3.1442244e-17	0	349.51294
1.729499999999922e-10	0.2797923	0.09649247	0.95196927	-3.1444464e-17	0	349.51294
1.7304999999999218e-10	0.27879426	0.09653138	0.952279	-3.1446644e-17	0	349.51294
1.7314999999999216e-10	0.27779755	0.09656052	0.9525881	-3.144885e-17	0	349.51294
1.7324999999999214e-10	0.2768023	0.096579894	0.9528968	-3.145104e-17	0	349.51294
1.7334999999999212e-10	0.27580866	0.09658955	0.95320445	-3.1453222e-17	0	349.51294
1.734499999999921e-10	0.2748166	0.0965895	0.9535117	-3.14554e-17	0	349.51294
1.7354999999999207e-10	0.2738263	0.096579775	0.9538181	-3.145755e-17	0	349.51294
1.7364999999999205e-10	0.27283782	0.096560426	0.95412374	-3.145973e-17	0	349.51294
1.7374999999999203e-10	0.27185124	0.09653146	0.95442873	-3.1461868e-17	0	349.51294
1.73849999999992e-10	0.2708667	0.09649291	0.95473284	-3.1464018e-17	0	349.51294
1.73949999999992e-10	0.26988423	0.09644483	0.9550361	-3.1466152e-17	0	349.51294
1.7404999999999197e-10	0.26890397	0.09638725	0.95533854	-3.146828e-17	0	349.51294
1.7414999999999195e-10	0.267926	0.0963202	0.95564014	-3.1470407e-17	0	349.51294
1.7424999999999193e-10	0.26695043	0.09624371	0.95594084	-3.1472525e-17	0	349.51294
1.743499999999919e-10	0.2659773	0.09615783	0.9562406	-3.1474643e-17	0	349.51294
1.7444999999999189e-10	0.26500675	0.096062586	0.9565394	-3.147674e-17	0	349.51294
1.7454999999999186e-10	0.2640388	0.09595803	0.9568373	-3.1478835e-17	0	349.51294
1.7464999999999184e-10	0.26307365	0.09584419	0.9571342	-3.1480922e-17	0	349.51294
1.7474999999999182e-10	0.2621113	0.095721126	0.95743	-3.1483e-17	0	349.51294
1.748499999999918e-10	0.26115185	0.09558884	0.9577249	-3.148507e-17	0	349.51294
1.7494999999999178e-10	0.26019546	0.09544743	0.9580187	-3.148714e-17	0	349.51294
1.7504999999999176e-10	0.25924212	0.09529689	0.9583114	-3.148919e-17	0	349.51294
1.7514999999999174e-10	0.25829196	0.0951373	0.95860296	-3.1491246e-17	0	349.51294
1.7524999999999172e-10	0.25734508	0.09496868	0.9588934	-3.1493277e-17	0	349.51294
1.753499999999917e-10	0.25640154	0.0947911	0.9591827	-3.1495322e-17	0	349.51294
1.7544999999999168e-10	0.25546142	0.094604574	0.95947087	-3.149735e-17	0	349.51294
1.7554999999999165e-10	0.25452486	0.09440917	0.9597579	-3.149937e-17	0	349.51294
1.7564999999999163e-10	0.2535919	0.094204925	0.96004355	-3.1501387e-17	0	349.51294
1.757499999999916e-10	0.2526626	0.09399193	0.9603281	-3.150339e-17	0	349.51294
1.758499999999916e-10	0.2517371	0.09377018	0.9606113	-3.1505387e-17	0	349.51294
1.7594999999999157e-10	0.25081542	0.09353975	0.9608933	-3.1507372e-17	0	349.51294
1.7604999999999155e-10	0.24989769	0.09330071	0.96117395	-3.1509358e-17	0	349.51294
1.7614999999999153e-10	0.24898401	0.09305308	0.96145326	-3.151134e-17	0	349.51294
1.762499999999915e-10	0.24807441	0.09279692	0.9617313	-3.1513305e-17	0	349.51294
1.7634999999999149e-10	0.24716899	0.0925323	0.96200794	-3.1515264e-17	0	349.51294
1.7644999999999147e-10	0.24626783	0.09225926	0.96228325	-3.1517213e-17	0	349.51294
1.7654999999999144e-10	0.24537101	0.09197786	0.96255714	-3.1519155e-17	0	349.51294
1.7664999999999142e-10	0.24447861	0.09168817	0.9628295	-3.1521104e-17	0	349.51294
1.767499999999914e-10	0.24359073	0.09139023	0.96310043	-3.1523026e-17	0	349.51294
1.7684999999999138e-10	0.24270739	0.09108411	0.9633701	-3.1524948e-17	0	349.51294
1.7694999999999136e-10	0.24182874	0.09076985	0.9636381	-3.1526874e-17	0	349.51294
1.7704999999999134e-10	0.24095477	0.09044753	0.9639047	-3.1528777e-17	0	349.51294
1.7714999999999132e-10	0.24008563	0.0901172	0.96416974	-3.1530676e-17	0	349.51294
1.772499999999913e-10	0.2392214	0.08977893	0.9644332	-3.1532568e-17	0	349.51294
1.7734999999999128e-10	0.23836207	0.08943276	0.9646952	-3.1534454e-17	0	349.51294
1.7744999999999126e-10	0.23750776	0.08907878	0.9649555	-3.1536334e-17	0	349.51294
1.7754999999999123e-10	0.23665859	0.08871704	0.9652143	-3.1538206e-17	0	349.51294
1.7764999999999121e-10	0.23581456	0.08834761	0.9654714	-3.154006e-17	0	349.51294
1.777499999999912e-10	0.23497579	0.08797055	0.965727	-3.1541906e-17	0	349.51294
1.7784999999999117e-10	0.23414229	0.08758592	0.96598095	-3.1543765e-17	0	349.51294
1.7794999999999115e-10	0.2333142	0.08719379	0.96623313	-3.1545595e-17	0	349.51294
1.7804999999999113e-10	0.23249155	0.08679423	0.96648383	-3.154743e-17	0	349.51294
1.781499999999911e-10	0.23167443	0.0863873	0.9667326	-3.1549254e-17	0	349.51294
1.7824999999999109e-10	0.23086289	0.08597308	0.9669798	-3.1551067e-17	0	349.51294
1.7834999999999107e-10	0.230057	0.08555163	0.9672252	-3.1552874e-17	0	349.51294
1.7844999999999104e-10	0.22925682	0.08512302	0.9674689	-3.155467e-17	0	349.51294
1.7854999999999102e-10	0.22846244	0.084687315	0.96771085	-3.155647e-17	0	349.51294
1.78649999999991e-10	0.2276739	0.0842446	0.96795106	-3.155825e-17	0	349.51294
1.7874999999999098e-10	0.22689126	0.08379494	0.9681894	-3.156002e-17	0	349.51294
1.7884999999999096e-10	0.22611462	0.08333839	0.968426	-3.1561798e-17	0	349.51294
1.7894999999999094e-10	0.22534397	0.08287505	0.9686607	-3.1563555e-17	0	349.51294
1.7904999999999092e-10	0.22457944	0.08240496	0.96889365	-3.1565308e-17	0	349.51294
1.791499999999909e-10	0.22382107	0.081928246	0.9691247	-3.1567052e-17	0	349.51294
1.7924999999999088e-10	0.22306892	0.08144492	0.969354	-3.1568796e-17	0	349.51294
1.7934999999999086e-10	0.22232302	0.08095511	0.96958125	-3.157053e-17	0	349.51294
1.7944999999999083e-10	0.22158346	0.08045886	0.96980673	-3.1572247e-17	0	349.51294
1.7954999999999081e-10	0.22085032	0.07995625	0.97003037	-3.1573964e-17	0	349.51294
1.796499999999908e-10	0.22012359	0.07944736	0.9702519	-3.157567e-17	0	349.51294
1.7974999999999077e-10	0.21940337	0.07893226	0.97047156	-3.1577385e-17	0	349.51294
1.7984999999999075e-10	0.2186897	0.078411035	0.97068936	-3.1579062e-17	0	349.51294
1.7994999999999073e-10	0.21798263	0.077883765	0.9709052	-3.158076e-17	0	349.51294
1.800499999999907e-10	0.21728224	0.077350534	0.97111905	-3.1582437e-17	0	349.51294
1.801499999999907e-10	0.21658853	0.0768114	0.9713309	-3.1584105e-17	0	349.51294
1.8024999999999067e-10	0.21590161	0.07626645	0.97154075	-3.1585763e-17	0	349.51294
1.8034999999999065e-10	0.2152215	0.07571578	0.97174865	-3.1587417e-17	0	349.51294
1.8044999999999062e-10	0.21454822	0.075159445	0.97195464	-3.158907e-17	0	349.51294
1.805499999999906e-10	0.21388188	0.074597545	0.97215843	-3.15907e-17	0	349.51294
1.8064999999999058e-10	0.2132225	0.07403015	0.97236013	-3.159233e-17	0	349.51294
1.8074999999999056e-10	0.21257009	0.07345736	0.97256005	-3.1593968e-17	0	349.51294
1.8084999999999054e-10	0.21192473	0.072879225	0.97275776	-3.1595573e-17	0	349.51294
1.8094999999999052e-10	0.21128647	0.072295845	0.97295344	-3.1597188e-17	0	349.51294
1.810499999999905e-10	0.21065533	0.071707316	0.973147	-3.159878e-17	0	349.51294
1.8114999999999048e-10	0.21003139	0.07111369	0.97333866	-3.1600384e-17	0	349.51294
1.8124999999999046e-10	0.20941465	0.07051508	0.97352797	-3.1601972e-17	0	349.51294
1.8134999999999044e-10	0.20880516	0.06991155	0.9737153	-3.1603544e-17	0	349.51294
1.8144999999999041e-10	0.20820299	0.0693032	0.97390056	-3.1605105e-17	0	349.51294
1.815499999999904e-10	0.20760101	0.06870197	0.9740844	-3.2049308e-17	0	347.52063
1.8164999999999037e-10	0.20699915	0.068107754	0.9742668	-3.2050876e-17	0	347.52063
1.8174999999999035e-10	0.20640463	0.06750872	0.97444737	-3.2052428e-17	0	347.52063
1.8184999999999033e-10	0.20581739	0.066904925	0.97462565	-3.205397e-17	0	347.52063
1.819499999999903e-10	0.20523751	0.06629648	0.97480196	-3.2055492e-17	0	347.52063
1.820499999999903e-10	0.20466505	0.06568345	0.97497606	-3.2057044e-17	0	347.52063
1.8214999999999027e-10	0.20410003	0.06506591	0.9751481	-3.2058556e-17	0	347.52063
1.8224999999999025e-10	0.20354247	0.06444399	0.975318	-3.2060065e-17	0	347.52063
1.8234999999999022e-10	0.2029924	0.06381775	0.97548586	-3.2061577e-17	0	347.52063
1.824499999999902e-10	0.20244987	0.063187264	0.97565156	-3.2063072e-17	0	347.52063
1.8254999999999018e-10	0.20191492	0.06255264	0.9758152	-3.2064565e-17	0	347.52063
1.8264999999999016e-10	0.20138754	0.061913967	0.9759765	-3.206605e-17	0	347.52063
1.8274999999999014e-10	0.20086782	0.061271325	0.9761358	-3.2067523e-17	0	347.52063
1.8284999999999012e-10	0.20035574	0.060624793	0.97629285	-3.2068998e-17	0	347.52063
1.829499999999901e-10	0.19985133	0.05997448	0.9764478	-3.207046e-17	0	347.52063
1.8304999999999008e-10	0.19935466	0.05932046	0.9766006	-3.2071907e-17	0	347.52063
1.8314999999999006e-10	0.19886571	0.058662813	0.9767512	-3.2073353e-17	0	347.52063
1.8324999999999004e-10	0.19838451	0.058001652	0.9768997	-3.2074805e-17	0	347.52063
1.8334999999999001e-10	0.19791113	0.05733705	0.977046	-3.2076238e-17	0	347.52063
1.8344999999999e-10	0.19744554	0.056669094	0.97719014	-3.2077667e-17	0	347.52063
1.8354999999998997e-10	0.19698778	0.05599788	0.977332	-3.2079073e-17	0	347.52063
1.8364999999998995e-10	0.19653787	0.055323496	0.97747177	-3.2080486e-17	0	347.52063
1.8374999999998993e-10	0.19609581	0.054646026	0.9776093	-3.2081892e-17	0	347.52063
1.838499999999899e-10	0.19566166	0.053965565	0.9777447	-3.20833e-17	0	347.52063
1.839499999999899e-10	0.1952354	0.05328221	0.97787774	-3.2084678e-17	0	347.52063
1.8404999999998987e-10	0.19481707	0.05259603	0.97800887	-3.2086058e-17	0	347.52063
1.8414999999998985e-10	0.19440669	0.051907126	0.97813755	-3.2087434e-17	0	347.52063
1.8424999999998983e-10	0.19400425	0.051215585	0.97826403	-3.2088804e-17	0	347.52063
1.843499999999898e-10	0.19360977	0.050521504	0.9783884	-3.2090164e-17	0	347.52063
1.8444999999998978e-10	0.1932233	0.049824964	0.97851056	-3.2091524e-17	0	347.52063
1.8454999999998976e-10	0.1928448	0.04912606	0.97863054	-3.2092877e-17	0	347.52063
1.8464999999998974e-10	0.1924743	0.048424874	0.9787482	-3.2094204e-17	0	347.52063
1.8474999999998972e-10	0.19211179	0.0477215	0.9788638	-3.2095538e-17	0	347.52063
1.848499999999897e-10	0.19175734	0.047016036	0.9789771	-3.2096874e-17	0	347.52063
1.8494999999998968e-10	0.19141087	0.046308547	0.9790881	-3.2098184e-17	0	347.52063
1.8504999999998966e-10	0.19107245	0.045599148	0.9791969	-3.2099505e-17	0	347.52063
1.8514999999998964e-10	0.19074206	0.044887915	0.9793038	-3.2100805e-17	0	347.52063
1.8524999999998962e-10	0.19041972	0.04417494	0.97940826	-3.2102102e-17	0	347.52063
1.853499999999896e-10	0.19010541	0.04346031	0.97951055	-3.2103396e-17	0	347.52063
1.8544999999998957e-10	0.18979917	0.04274412	0.97961056	-3.2104676e-17	0	347.52063
1.8554999999998955e-10	0.18950096	0.04202645	0.97970843	-3.2105957e-17	0	347.52063
1.8564999999998953e-10	0.1892108	0.041307393	0.9798041	-3.2107237e-17	0	347.52063
1.857499999999895e-10	0.1889287	0.040587034	0.97989756	-3.2108508e-17	0	347.52063
1.858499999999895e-10	0.18865463	0.03986547	0.97998875	-3.210976e-17	0	347.52063
1.8594999999998947e-10	0.1883886	0.039142784	0.98007786	-3.211101e-17	0	347.52063
1.8604999999998945e-10	0.18813062	0.038419053	0.98016465	-3.2112256e-17	0	347.52063
1.8614999999998943e-10	0.18788067	0.037694383	0.98024935	-3.21135e-17	0	347.52063
1.862499999999894e-10	0.18763873	0.036968853	0.98033184	-3.2114728e-17	0	347.52063
1.8634999999998938e-10	0.18740483	0.036242545	0.9804121	-3.2115956e-17	0	347.52063
1.8644999999998936e-10	0.18717894	0.03551555	0.9804902	-3.2117177e-17	0	347.52063
1.8654999999998934e-10	0.18696105	0.034787957	0.98056614	-3.2118384e-17	0	347.52063
1.8664999999998932e-10	0.18675116	0.034059852	0.98064	-3.2119595e-17	0	347.52063
1.867499999999893e-10	0.18654928	0.033331316	0.98071146	-3.212079e-17	0	347.52063
1.8684999999998928e-10	0.18635534	0.032602437	0.9807809	-3.2122e-17	0	347.52063
1.8694999999998926e-10	0.18616939	0.031873304	0.9808481	-3.212318e-17	0	347.52063
1.8704999999998924e-10	0.18599133	0.031144	0.9809133	-3.2124353e-17	0	347.52063
1.8714999999998922e-10	0.18582126	0.030414611	0.98097616	-3.212554e-17	0	347.52063
1.872499999999892e-10	0.1856591	0.029685222	0.981037	-3.2126702e-17	0	347.52063
1.8734999999998917e-10	0.18550485	0.028955912	0.9810956	-3.212788e-17	0	347.52063
1.8744999999998915e-10	0.18535845	0.028226767	0.9811522	-3.2129032e-17	0	347.52063
1.8754999999998913e-10	0.18521993	0.027497873	0.9812065	-3.2130183e-17	0	347.52063
1.876499999999891e-10	0.18508928	0.026769314	0.9812588	-3.2131328e-17	0	347.52063
1.877499999999891e-10	0.18496642	0.026041167	0.9813089	-3.2132453e-17	0	347.52063
1.8784999999998907e-10	0.1848514	0.025313517	0.9813569	-3.2133598e-17	0	347.52063
1.8794999999998905e-10	0.18474415	0.024586447	0.98140293	-3.2134726e-17	0	347.52063
1.8804999999998903e-10	0.18464467	0.023860035	0.9814467	-3.213584e-17	0	347.52063
1.88149999999989e-10	0.18455294	0.023134373	0.9814884	-3.213697e-17	0	347.52063
1.8824999999998898e-10	0.18446892	0.022409527	0.98152804	-3.2138074e-17	0	347.52063
1.8834999999998896e-10	0.18439259	0.021685584	0.9815656	-3.213917e-17	0	347.52063
1.8844999999998894e-10	0.18432392	0.020962624	0.9816011	-3.2140268e-17	0	347.52063
1.8854999999998892e-10	0.18426289	0.020240728	0.98163456	-3.2141363e-17	0	347.52063
1.886499999999889e-10	0.18420948	0.019519966	0.98166597	-3.2142452e-17	0	347.52063
1.8874999999998888e-10	0.18416363	0.018800426	0.9816953	-3.2143524e-17	0	347.52063
1.8884999999998886e-10	0.18412536	0.018082183	0.9817226	-3.2144606e-17	0	347.52063
1.8894999999998884e-10	0.18409462	0.01736531	0.98174787	-3.214567e-17	0	347.52063
1.8904999999998882e-10	0.18407133	0.016649889	0.98177105	-3.2146727e-17	0	347.52063
1.891499999999888e-10	0.18405554	0.015935993	0.9817924	-3.214779e-17	0	347.52063
1.8924999999998877e-10	0.18404716	0.015223701	0.9818116	-3.214885e-17	0	347.52063
1.8934999999998875e-10	0.18404618	0.014513086	0.98182887	-3.21499e-17	0	347.52063
1.8944999999998873e-10	0.18405257	0.0138042215	0.9818442	-3.215094e-17	0	347.52063
1.895499999999887e-10	0.18406625	0.013097183	0.9818575	-3.2151988e-17	0	347.52063
1.896499999999887e-10	0.18408726	0.012392041	0.9818688	-3.215301e-17	0	347.52063
1.8974999999998867e-10	0.18411553	0.011688873	0.9818781	-3.215403e-17	0	347.52063
1.8984999999998865e-10	0.184151	0.010987749	0.9818857	-3.2155058e-17	0	347.52063
1.8994999999998863e-10	0.18419364	0.010288743	0.9818911	-3.2156067e-17	0	347.52063
1.900499999999886e-10	0.18424344	0.009591923	0.9818948	-3.215708e-17	0	347.52063
1.9014999999998858e-10	0.18430033	0.008897362	0.98189646	-3.2158076e-17	0	347.52063
1.9024999999998856e-10	0.1843643	0.008205127	0.9818962	-3.2159075e-17	0	347.52063
1.9034999999998854e-10	0.18443528	0.0075152908	0.981894	-3.2160084e-17	0	347.52063
1.9044999999998852e-10	0.18451321	0.0068279193	0.98189014	-3.2161073e-17	0	347.52063
1.905499999999885e-10	0.18459813	0.006143082	0.98188424	-3.2162053e-17	0	347.52063
1.9064999999998848e-10	0.18468992	0.0054608462	0.9818765	-3.216303e-17	0	347.52063
1.9074999999998846e-10	0.18478858	0.0047812792	0.98186696	-3.2164e-17	0	347.52063
1.9084999999998844e-10	0.18489403	0.004104446	0.9818557	-3.2164984e-17	0	347.52063
1.9094999999998842e-10	0.18500625	0.0034304126	0.9818425	-3.2165947e-17	0	347.52063
1.910499999999884e-10	0.1851252	0.0027592443	0.9818275	-3.21669e-17	0	347.52063
1.9114999999998837e-10	0.18525079	0.002091005	0.9818106	-3.2167853e-17	0	347.52063
1.9124999999998835e-10	0.18538307	0.0014257578	0.9817921	-3.216881e-17	0	347.52063
1.9134999999998833e-10	0.18552189	0.00076356647	0.9817717	-3.216975e-17	0	347.52063
1.914499999999883e-10	0.18566725	0.00010449218	0.9817496	-3.217069e-17	0	347.52063
1.915499999999883e-10	0.18581907	-0.00055140257	0.98172575	-3.2171635e-17	0	347.52063
1.9164999999998827e-10	0.18597233	-0.0011818433	0.9817013	-3.2604803e-17	0	345.60852
1.9174999999998825e-10	0.1861318	-0.0018090591	0.981675	-3.2605696e-17	0	345.60852
1.9184999999998823e-10	0.18629748	-0.0024329918	0.98164713	-3.260658e-17	0	345.60852
1.919499999999882e-10	0.18646929	-0.0030535834	0.9816177	-3.2607483e-17	0	345.60852
1.9204999999998819e-10	0.18664716	-0.0036707777	0.9815866	-3.260835e-17	0	345.60852
1.9214999999998816e-10	0.18683112	-0.0042845164	0.98155385	-3.2609243e-17	0	345.60852
1.9224999999998814e-10	0.18702102	-0.004894745	0.9815195	-3.2610113e-17	0	345.60852
1.9234999999998812e-10	0.18721686	-0.0055014095	0.98148364	-3.2610984e-17	0	345.60852
1.924499999999881e-10	0.18741858	-0.0061044535	0.98144615	-3.2611854e-17	0	345.60852
1.9254999999998808e-10	0.18762612	-0.0067038247	0.98140717	-3.261271e-17	0	345.60852
1.9264999999998806e-10	0.18783943	-0.00729947	0.98136675	-3.261356e-17	0	345.60852
1.9274999999998804e-10	0.18805851	-0.007891336	0.98132455	-3.2614425e-17	0	345.60852
1.9284999999998802e-10	0.1882832	-0.008479376	0.98128104	-3.2615268e-17	0	345.60852
1.92949999999988e-10	0.18851352	-0.009063534	0.981236	-3.2616122e-17	0	345.60852
1.9304999999998798e-10	0.1887494	-0.009643762	0.9811894	-3.2616956e-17	0	345.60852
1.9314999999998795e-10	0.18899076	-0.010220012	0.9811414	-3.2617793e-17	0	345.60852
1.9324999999998793e-10	0.1892376	-0.010792234	0.9810919	-3.261862e-17	0	345.60852
1.933499999999879e-10	0.18948981	-0.011360383	0.98104095	-3.2619454e-17	0	345.60852
1.934499999999879e-10	0.18974735	-0.011924408	0.98098856	-3.2620274e-17	0	345.60852
1.9354999999998787e-10	0.19001016	-0.0124842655	0.9809349	-3.2621085e-17	0	345.60852
1.9364999999998785e-10	0.1902782	-0.01303991	0.98087966	-3.26219e-17	0	345.60852
1.9374999999998783e-10	0.1905514	-0.013591297	0.98082316	-3.262272e-17	0	345.60852
1.938499999999878e-10	0.1908297	-0.014138383	0.9807652	-3.2623527e-17	0	345.60852
1.9394999999998779e-10	0.19111302	-0.014681123	0.98070604	-3.2624324e-17	0	345.60852
1.9404999999998776e-10	0.19140136	-0.015219477	0.9806454	-3.2625122e-17	0	345.60852
1.9414999999998774e-10	0.19169462	-0.015753401	0.98058355	-3.2625922e-17	0	345.60852
1.9424999999998772e-10	0.19199276	-0.016282858	0.9805203	-3.262671e-17	0	345.60852
1.943499999999877e-10	0.19229569	-0.016807804	0.9804558	-3.2627507e-17	0	345.60852
1.9444999999998768e-10	0.19260336	-0.017328203	0.98039	-3.2628285e-17	0	345.60852
1.9454999999998766e-10	0.19291572	-0.017844014	0.980323	-3.2629066e-17	0	345.60852
1.9464999999998764e-10	0.19323272	-0.0183552	0.9802547	-3.262984e-17	0	345.60852
1.9474999999998762e-10	0.19355428	-0.018861724	0.9801852	-3.26306e-17	0	345.60852
1.948499999999876e-10	0.19388033	-0.01936355	0.9801145	-3.263138e-17	0	345.60852
1.9494999999998758e-10	0.19421086	-0.019860646	0.9800426	-3.2632143e-17	0	345.60852
1.9504999999998755e-10	0.19454575	-0.02035297	0.9799695	-3.2632897e-17	0	345.60852
1.9514999999998753e-10	0.19488496	-0.020840494	0.97989523	-3.2633675e-17	0	345.60852
1.952499999999875e-10	0.19522843	-0.021323185	0.9798197	-3.263441e-17	0	345.60852
1.953499999999875e-10	0.1955761	-0.021801006	0.97974324	-3.2635154e-17	0	345.60852
1.9544999999998747e-10	0.19592789	-0.022273934	0.9796655	-3.2635905e-17	0	345.60852
1.9554999999998745e-10	0.19628376	-0.022741929	0.9795868	-3.2636646e-17	0	345.60852
1.9564999999998743e-10	0.19664367	-0.023204964	0.97950697	-3.2637384e-17	0	345.60852
1.957499999999874e-10	0.19700748	-0.023663012	0.979426	-3.2638122e-17	0	345.60852
1.9584999999998739e-10	0.19737522	-0.024116043	0.979344	-3.263885e-17	0	345.60852
1.9594999999998737e-10	0.19774674	-0.024564033	0.979261	-3.2639574e-17	0	345.60852
1.9604999999998734e-10	0.19812205	-0.025006946	0.97917694	-3.2640305e-17	0	345.60852
1.9614999999998732e-10	0.19850104	-0.025444768	0.979092	-3.2641014e-17	0	345.60852
1.962499999999873e-10	0.19888365	-0.025877465	0.9790058	-3.264174e-17	0	345.60852
1.9634999999998728e-10	0.19926985	-0.026305014	0.97891885	-3.264245e-17	0	345.60852
1.9644999999998726e-10	0.19965956	-0.026727391	0.9788308	-3.2643167e-17	0	345.60852
1.9654999999998724e-10	0.20005271	-0.027144577	0.978742	-3.264387e-17	0	345.60852
1.9664999999998722e-10	0.2004492	-0.027556544	0.9786521	-3.2644567e-17	0	345.60852
1.967499999999872e-10	0.20084903	-0.027963273	0.9785614	-3.264527e-17	0	345.60852
1.9684999999998718e-10	0.2012521	-0.028364748	0.9784697	-3.264597e-17	0	345.60852
1.9694999999998716e-10	0.20165837	-0.028760938	0.9783772	-3.264665e-17	0	345.60852
1.9704999999998713e-10	0.20206775	-0.029151833	0.9782839	-3.2647353e-17	0	345.60852
1.9714999999998711e-10	0.2024802	-0.029537415	0.9781897	-3.264803e-17	0	345.60852
1.972499999999871e-10	0.20289564	-0.029917661	0.97809464	-3.264872e-17	0	345.60852
1.9734999999998707e-10	0.20331399	-0.030292552	0.97799873	-3.2649394e-17	0	345.60852
1.9744999999998705e-10	0.2037352	-0.030662082	0.977902	-3.2650083e-17	0	345.60852
1.9754999999998703e-10	0.20415926	-0.031026226	0.97780466	-3.2650744e-17	0	345.60852
1.97649999999987e-10	0.20458603	-0.03138497	0.97770643	-3.2651426e-17	0	345.60852
1.9774999999998699e-10	0.20501547	-0.031738304	0.97760755	-3.2652078e-17	0	345.60852
1.9784999999998697e-10	0.20544751	-0.032086216	0.9775078	-3.2652746e-17	0	345.60852
1.9794999999998694e-10	0.20588212	-0.03242869	0.97740746	-3.2653408e-17	0	345.60852
1.9804999999998692e-10	0.2063192	-0.032765713	0.9773063	-3.2654066e-17	0	345.60852
1.981499999999869e-10	0.20675871	-0.033097275	0.97720456	-3.2654718e-17	0	345.60852
1.9824999999998688e-10	0.20720054	-0.033423364	0.9771021	-3.2655367e-17	0	345.60852
1.9834999999998686e-10	0.20764469	-0.033743974	0.97699916	-3.2656015e-17	0	345.60852
1.9844999999998684e-10	0.20809105	-0.034059096	0.97689533	-3.2656657e-17	0	345.60852
1.9854999999998682e-10	0.20853958	-0.03436872	0.97679114	-3.2657302e-17	0	345.60852
1.986499999999868e-10	0.20899022	-0.034672834	0.97668624	-3.2657944e-17	0	345.60852
1.9874999999998678e-10	0.20944288	-0.034971446	0.9765807	-3.2658576e-17	0	345.60852
1.9884999999998676e-10	0.20989752	-0.03526453	0.9764746	-3.2659208e-17	0	345.60852
1.9894999999998673e-10	0.21035406	-0.035552092	0.97636795	-3.2659837e-17	0	345.60852
1.9904999999998671e-10	0.21081246	-0.035834126	0.9762608	-3.2660452e-17	0	345.60852
1.991499999999867e-10	0.21127266	-0.03611063	0.9761531	-3.2661088e-17	0	345.60852
1.9924999999998667e-10	0.21173453	-0.03638159	0.9760448	-3.266171e-17	0	345.60852
1.9934999999998665e-10	0.21219812	-0.036647018	0.97593623	-3.266231e-17	0	345.60852
1.9944999999998663e-10	0.21266328	-0.036906905	0.9758271	-3.266293e-17	0	345.60852
1.995499999999866e-10	0.21312997	-0.03716125	0.9757174	-3.2663546e-17	0	345.60852
1.996499999999866e-10	0.21359813	-0.037410054	0.9756075	-3.2664155e-17	0	345.60852
1.9974999999998657e-10	0.21406771	-0.03765331	0.97549695	-3.266475e-17	0	345.60852
1.9984999999998655e-10	0.21453863	-0.037891027	0.97538614	-3.2665356e-17	0	345.60852
1.9994999999998652e-10	0.21501084	-0.0381232	0.97527486	-3.266595e-17	0	345.60852
2.000499999999865e-10	0.21548428	-0.038349837	0.9751632	-3.2666554e-17	0	345.60852
2.0014999999998648e-10	0.21595888	-0.03857094	0.97505116	-3.266715e-17	0	345.60852
2.0024999999998646e-10	0.2164346	-0.0387865	0.9749388	-3.266773e-17	0	345.60852
2.0034999999998644e-10	0.21691133	-0.03899654	0.9748262	-3.2668327e-17	0	345.60852
2.0044999999998642e-10	0.21738905	-0.03920105	0.9747132	-3.2668903e-17	0	345.60852
2.005499999999864e-10	0.21786769	-0.039400045	0.9745999	-3.2669485e-17	0	345.60852
2.0064999999998638e-10	0.2183472	-0.03959352	0.97448635	-3.2670064e-17	0	345.60852
2.0074999999998636e-10	0.21882753	-0.039781496	0.9743725	-3.2670633e-17	0	345.60852
2.0084999999998634e-10	0.2193086	-0.03996397	0.9742584	-3.2671225e-17	0	345.60852
2.0094999999998631e-10	0.21979031	-0.040140945	0.97414404	-3.267179e-17	0	345.60852
2.010499999999863e-10	0.22027266	-0.04031244	0.9740296	-3.267235e-17	0	345.60852
2.0114999999998627e-10	0.22075558	-0.040478457	0.9739148	-3.2672916e-17	0	345.60852
2.0124999999998625e-10	0.22123902	-0.040639013	0.9737999	-3.2673475e-17	0	345.60852
2.0134999999998623e-10	0.22172289	-0.040794108	0.9736848	-3.2674038e-17	0	345.60852
2.014499999999862e-10	0.22220716	-0.040943757	0.9735694	-3.2674597e-17	0	345.60852
2.015499999999862e-10	0.22269174	-0.041087966	0.973454	-3.267514e-17	0	345.60852
2.0164999999998617e-10	0.22317606	-0.041213546	0.9733391	-3.3086996e-17	0	343.77335
2.0174999999998615e-10	0.22365986	-0.04132051	0.97322494	-3.308754e-17	0	343.77335
2.0184999999998612e-10	0.22414353	-0.041422106	0.9731107	-3.308807e-17	0	343.77335
2.019499999999861e-10	0.22462706	-0.041518345	0.97299635	-3.3088604e-17	0	343.77335
2.0204999999998608e-10	0.22511034	-0.04160925	0.97288215	-3.308915e-17	0	343.77335
2.0214999999998606e-10	0.22559333	-0.04169484	0.9727678	-3.308969e-17	0	343.77335
2.0224999999998604e-10	0.226076	-0.041775122	0.9726535	-3.30902e-17	0	343.77335
2.0234999999998602e-10	0.22655824	-0.041850127	0.97253937	-3.3090732e-17	0	343.77335
2.02449999999986e-10	0.22704005	-0.04191987	0.97242516	-3.309126e-17	0	343.77335
2.0254999999998598e-10	0.22752139	-0.041984368	0.972311	-3.3091784e-17	0	343.77335
2.0264999999998596e-10	0.22800213	-0.042043645	0.9721971	-3.30923e-17	0	343.77335
2.0274999999998594e-10	0.22848225	-0.042097714	0.97208315	-3.3092813e-17	0	343.77335
2.0284999999998591e-10	0.22896174	-0.04214661	0.97196937	-3.309333e-17	0	343.77335
2.029499999999859e-10	0.22944053	-0.04219034	0.97185576	-3.3093832e-17	0	343.77335
2.0304999999998587e-10	0.22991851	-0.042228937	0.9717423	-3.3094345e-17	0	343.77335
2.0314999999998585e-10	0.2303957	-0.04226241	0.9716288	-3.3094854e-17	0	343.77335
2.0324999999998583e-10	0.23087202	-0.042290803	0.97151554	-3.309535e-17	0	343.77335
2.033499999999858e-10	0.23134741	-0.04231412	0.9714024	-3.309586e-17	0	343.77335
2.034499999999858e-10	0.23182184	-0.042332392	0.97128963	-3.3096363e-17	0	343.77335
2.0354999999998577e-10	0.23229523	-0.042345647	0.9711769	-3.3096843e-17	0	343.77335
2.0364999999998575e-10	0.23276755	-0.042353906	0.97106445	-3.309735e-17	0	343.77335
2.0374999999998573e-10	0.23323876	-0.04235719	0.9709523	-3.309784e-17	0	343.77335
2.038499999999857e-10	0.2337088	-0.04235554	0.9708402	-3.309832e-17	0	343.77335
2.0394999999998568e-10	0.23417762	-0.04234897	0.9707285	-3.3098805e-17	0	343.77335
2.0404999999998566e-10	0.23464517	-0.0423375	0.97061706	-3.3099288e-17	0	343.77335
2.0414999999998564e-10	0.23511143	-0.042321175	0.97050583	-3.3099768e-17	0	343.77335
2.0424999999998562e-10	0.23557629	-0.042300012	0.970395	-3.310024e-17	0	343.77335
2.043499999999856e-10	0.23603977	-0.042274036	0.97028434	-3.310072e-17	0	343.77335
2.0444999999998558e-10	0.23650178	-0.042243283	0.9701741	-3.310119e-17	0	343.77335
2.0454999999998556e-10	0.2369623	-0.042207778	0.9700641	-3.310166e-17	0	343.77335
2.0464999999998554e-10	0.23742127	-0.042167548	0.9699545	-3.3102127e-17	0	343.77335
2.0474999999998552e-10	0.23787865	-0.04212263	0.9698453	-3.3102594e-17	0	343.77335
2.048499999999855e-10	0.2383344	-0.042073045	0.9697364	-3.3103053e-17	0	343.77335
2.0494999999998547e-10	0.23878846	-0.042018823	0.9696278	-3.310351e-17	0	343.77335
2.0504999999998545e-10	0.2392408	-0.041960005	0.9695196	-3.310397e-17	0	343.77335
2.0514999999998543e-10	0.23969136	-0.04189661	0.9694119	-3.310443e-17	0	343.77335
2.052499999999854e-10	0.24014014	-0.041828677	0.96930456	-3.310488e-17	0	343.77335
2.053499999999854e-10	0.24058703	-0.041756235	0.96919763	-3.3105333e-17	0	343.77335
2.0544999999998537e-10	0.24103205	-0.04167932	0.9690911	-3.3105777e-17	0	343.77335
2.0554999999998535e-10	0.24147514	-0.04159795	0.9689851	-3.3106213e-17	0	343.77335
2.0564999999998533e-10	0.24191621	-0.041512176	0.9688795	-3.3106667e-17	0	343.77335
2.057499999999853e-10	0.24235529	-0.041422024	0.9687743	-3.31071e-17	0	343.77335
2.0584999999998528e-10	0.24279231	-0.04132752	0.9686696	-3.3107537e-17	0	343.77335
2.0594999999998526e-10	0.24322726	-0.04122871	0.96856546	-3.3107977e-17	0	343.77335
2.0604999999998524e-10	0.24366005	-0.04112562	0.96846175	-3.3108407e-17	0	343.77335
2.0614999999998522e-10	0.24409065	-0.041018292	0.9683585	-3.310885e-17	0	343.77335
2.062499999999852e-10	0.24451905	-0.040906746	0.9682559	-3.3109264e-17	0	343.77335
2.0634999999998518e-10	0.24494521	-0.040791027	0.9681538	-3.3109694e-17	0	343.77335
2.0644999999998516e-10	0.24536906	-0.040671173	0.96805215	-3.3110124e-17	0	343.77335
2.0654999999998514e-10	0.2457906	-0.04054721	0.96795106	-3.311055e-17	0	343.77335
2.0664999999998512e-10	0.24620979	-0.04041918	0.9678505	-3.3110958e-17	0	343.77335
2.067499999999851e-10	0.24662656	-0.040287122	0.96775055	-3.3111388e-17	0	343.77335
2.0684999999998507e-10	0.2470409	-0.040151063	0.9676511	-3.3111795e-17	0	343.77335
2.0694999999998505e-10	0.24745277	-0.040011045	0.96755236	-3.311221e-17	0	343.77335
2.0704999999998503e-10	0.24786213	-0.039867103	0.9674541	-3.3112612e-17	0	343.77335
2.07149999999985e-10	0.24826895	-0.03971928	0.96735656	-3.311302e-17	0	343.77335
2.07249999999985e-10	0.2486732	-0.039567597	0.9672596	-3.3113426e-17	0	343.77335
2.0734999999998497e-10	0.24907488	-0.03941211	0.9671632	-3.3113833e-17	0	343.77335
2.0744999999998495e-10	0.2494739	-0.03925285	0.96706736	-3.311424e-17	0	343.77335
2.0754999999998493e-10	0.24987024	-0.039089855	0.9669723	-3.3114637e-17	0	343.77335
2.076499999999849e-10	0.25026387	-0.03892316	0.96687776	-3.311504e-17	0	343.77335
2.0774999999998488e-10	0.25065482	-0.0387528	0.966784	-3.3115428e-17	0	343.77335
2.0784999999998486e-10	0.25104296	-0.038578823	0.96669084	-3.3115815e-17	0	343.77335
2.0794999999998484e-10	0.25142834	-0.038401265	0.96659833	-3.3116206e-17	0	343.77335
2.0804999999998482e-10	0.25181088	-0.03822016	0.96650654	-3.3116603e-17	0	343.77335
2.081499999999848e-10	0.25219056	-0.038035553	0.96641535	-3.3116973e-17	0	343.77335
2.0824999999998478e-10	0.25256735	-0.03784748	0.9663248	-3.3117364e-17	0	343.77335
2.0834999999998476e-10	0.25294125	-0.037655976	0.96623516	-3.3117747e-17	0	343.77335
2.0844999999998474e-10	0.25331226	-0.037461087	0.9661461	-3.311813e-17	0	343.77335
2.0854999999998472e-10	0.25368023	-0.037262853	0.96605784	-3.3118505e-17	0	343.77335
2.086499999999847e-10	0.25404525	-0.03706131	0.96597016	-3.311888e-17	0	343.77335
2.0874999999998467e-10	0.25440723	-0.036856502	0.9658834	-3.3119253e-17	0	343.77335
2.0884999999998465e-10	0.25476617	-0.036648467	0.96579725	-3.3119633e-17	0	343.77335
2.0894999999998463e-10	0.25512207	-0.036437247	0.96571183	-3.312e-17	0	343.77335
2.090499999999846e-10	0.25547487	-0.03622288	0.96562713	-3.312037e-17	0	343.77335
2.091499999999846e-10	0.2558245	-0.036005408	0.9655433	-3.312073e-17	0	343.77335
2.0924999999998457e-10	0.25617105	-0.035784867	0.96546024	-3.3121096e-17	0	343.77335
2.0934999999998455e-10	0.25651443	-0.03556131	0.9653778	-3.3121463e-17	0	343.77335
2.0944999999998453e-10	0.25685462	-0.03533477	0.96529627	-3.312181e-17	0	343.77335
2.095499999999845e-10	0.25719157	-0.03510528	0.96521556	-3.3122175e-17	0	343.77335
2.0964999999998449e-10	0.25752532	-0.034872897	0.9651354	-3.3122522e-17	0	343.77335
2.0974999999998446e-10	0.2578558	-0.034637652	0.96505624	-3.312287e-17	0	343.77335
2.0984999999998444e-10	0.258183	-0.034399588	0.96497786	-3.3123233e-17	0	343.77335
2.0994999999998442e-10	0.25850692	-0.03415875	0.9649003	-3.312357e-17	0	343.77335
2.100499999999844e-10	0.2588275	-0.03391518	0.9648234	-3.312393e-17	0	343.77335
2.1014999999998438e-10	0.25914478	-0.033668917	0.96474755	-3.312427e-17	0	343.77335
2.1024999999998436e-10	0.2594587	-0.033419997	0.9646723	-3.312461e-17	0	343.77335
2.1034999999998434e-10	0.25976923	-0.033168472	0.96459806	-3.3124954e-17	0	343.77335
2.1044999999998432e-10	0.26007634	-0.032914385	0.96452457	-3.3125295e-17	0	343.77335
2.105499999999843e-10	0.26038012	-0.032657765	0.9644519	-3.3125626e-17	0	343.77335
2.1064999999998427e-10	0.26068044	-0.032398663	0.96438015	-3.312596e-17	0	343.77335
2.1074999999998425e-10	0.2609773	-0.03213712	0.96430916	-3.3126304e-17	0	343.77335
2.1084999999998423e-10	0.2612707	-0.03187318	0.9642391	-3.3126628e-17	0	343.77335
2.109499999999842e-10	0.26156068	-0.03160688	0.9641697	-3.3126956e-17	0	343.77335
2.110499999999842e-10	0.2618471	-0.031338267	0.9641013	-3.312729e-17	0	343.77335
2.1114999999998417e-10	0.26213005	-0.03106738	0.9640339	-3.3127617e-17	0	343.77335
2.1124999999998415e-10	0.26240948	-0.030794263	0.96396714	-3.3127932e-17	0	343.77335
2.1134999999998413e-10	0.26268536	-0.03051896	0.9639014	-3.3128266e-17	0	343.77335
2.114499999999841e-10	0.26295772	-0.030241508	0.9638365	-3.312858e-17	0	343.77335
2.1154999999998409e-10	0.2632265	-0.029961953	0.96377254	-3.3128908e-17	0	343.77335
2.1164999999998406e-10	0.26349172	-0.029680338	0.9637093	-3.3129212e-17	0	343.77335
2.1174999999998404e-10	0.26375008	-0.029367529	0.9636488	-3.351987e-17	0	342.012
2.1184999999998402e-10	0.26400447	-0.029052839	0.96358943	-3.3520204e-17	0	342.012
2.11949999999984e-10	0.2642549	-0.028736306	0.9635308	-3.3520538e-17	0	342.012
2.1204999999998398e-10	0.26450142	-0.028417978	0.9634733	-3.3520872e-17	0	342.012
2.1214999999998396e-10	0.26474398	-0.028097909	0.96341664	-3.35212e-17	0	342.012
2.1224999999998394e-10	0.26498252	-0.027776135	0.9633611	-3.3521527e-17	0	342.012
2.1234999999998392e-10	0.26521716	-0.02745271	0.96330655	-3.3521855e-17	0	342.012
2.124499999999839e-10	0.26544774	-0.027127674	0.9632529	-3.352218e-17	0	342.012
2.1254999999998388e-10	0.26567435	-0.026801074	0.9632002	-3.3522507e-17	0	342.012
2.1264999999998385e-10	0.26589698	-0.026472956	0.9631485	-3.3522824e-17	0	342.012
2.1274999999998383e-10	0.2661156	-0.026143366	0.9630977	-3.3523145e-17	0	342.012
2.128499999999838e-10	0.2663302	-0.02581235	0.96304816	-3.3523453e-17	0	342.012
2.129499999999838e-10	0.26654083	-0.025479954	0.96299934	-3.3523767e-17	0	342.012
2.1304999999998377e-10	0.26674742	-0.025146218	0.96295166	-3.3524085e-17	0	342.012
2.1314999999998375e-10	0.26694998	-0.024811199	0.9629048	-3.35244e-17	0	342.012
2.1324999999998373e-10	0.2671485	-0.024474928	0.9628591	-3.3524714e-17	0	342.012
2.133499999999837e-10	0.26734304	-0.024137462	0.9628144	-3.3525018e-17	0	342.012
2.1344999999998369e-10	0.26753354	-0.023798836	0.96277064	-3.352533e-17	0	342.012
2.1354999999998367e-10	0.26772	-0.023459103	0.96272796	-3.352563e-17	0	342.012
2.1364999999998364e-10	0.26790243	-0.023118306	0.9626862	-3.352593e-17	0	342.012
2.1374999999998362e-10	0.26808086	-0.022776484	0.9626454	-3.352624e-17	0	342.012
2.138499999999836e-10	0.2682552	-0.022433689	0.96260554	-3.352654e-17	0	342.012
2.1394999999998358e-10	0.26842558	-0.022089964	0.96256685	-3.352683e-17	0	342.012
2.1404999999998356e-10	0.26859188	-0.021745352	0.962529	-3.3527132e-17	0	342.012
2.1414999999998354e-10	0.26875418	-0.021399893	0.96249235	-3.3527414e-17	0	342.012
2.1424999999998352e-10	0.26891243	-0.021053633	0.96245646	-3.3527715e-17	0	342.012
2.143499999999835e-10	0.26906663	-0.02070662	0.96242166	-3.3528013e-17	0	342.012
2.1444999999998348e-10	0.26921687	-0.020358898	0.9623879	-3.3528294e-17	0	342.012
2.1454999999998345e-10	0.26936308	-0.020010509	0.9623552	-3.352859e-17	0	342.012
2.1464999999998343e-10	0.26950523	-0.019661494	0.9623233	-3.352887e-17	0	342.012
2.147499999999834e-10	0.2696434	-0.019311894	0.96229255	-3.352915e-17	0	342.012
2.148499999999834e-10	0.26977754	-0.01896176	0.96226275	-3.3529442e-17	0	342.012
2.1494999999998337e-10	0.2699077	-0.018611133	0.9622339	-3.3529726e-17	0	342.012
2.1504999999998335e-10	0.27003384	-0.018260052	0.9622061	-3.3530008e-17	0	342.012
2.1514999999998333e-10	0.270156	-0.01790856	0.96217936	-3.3530286e-17	0	342.012
2.152499999999833e-10	0.27027416	-0.0175567	0.9621535	-3.3530567e-17	0	342.012
2.1534999999998329e-10	0.27038833	-0.01720452	0.96212864	-3.3530845e-17	0	342.012
2.1544999999998327e-10	0.2704985	-0.016852057	0.96210474	-3.3531116e-17	0	342.012
2.1554999999998324e-10	0.27060476	-0.016499348	0.96208197	-3.3531384e-17	0	342.012
2.1564999999998322e-10	0.27070704	-0.016146446	0.96206003	-3.3531662e-17	0	342.012
2.157499999999832e-10	0.27080536	-0.015793385	0.9620392	-3.3531937e-17	0	342.012
2.1584999999998318e-10	0.27089977	-0.015440208	0.9620192	-3.3532188e-17	0	342.012
2.1594999999998316e-10	0.27099016	-0.015086957	0.9620003	-3.353246e-17	0	342.012
2.1604999999998314e-10	0.27107668	-0.014733673	0.9619823	-3.353273e-17	0	342.012
2.1614999999998312e-10	0.2711593	-0.014380395	0.9619654	-3.3532992e-17	0	342.012
2.162499999999831e-10	0.27123794	-0.014027166	0.96194935	-3.3533267e-17	0	342.012
2.1634999999998308e-10	0.27131274	-0.013674025	0.9619343	-3.3533518e-17	0	342.012
2.1644999999998306e-10	0.27138364	-0.013321012	0.9619202	-3.3533776e-17	0	342.012
2.1654999999998303e-10	0.27145067	-0.012968168	0.961907	-3.353403e-17	0	342.012
2.1664999999998301e-10	0.27151382	-0.012615532	0.9618949	-3.3534292e-17	0	342.012
2.16749999999983e-10	0.27157313	-0.012263143	0.96188384	-3.353456e-17	0	342.012
2.1684999999998297e-10	0.2716286	-0.011911041	0.9618736	-3.3534802e-17	0	342.012
2.1694999999998295e-10	0.27168024	-0.011559265	0.96186435	-3.3535053e-17	0	342.012
2.1704999999998293e-10	0.27172807	-0.011207853	0.96185607	-3.3535318e-17	0	342.012
2.171499999999829e-10	0.27177206	-0.010856845	0.9618486	-3.3535566e-17	0	342.012
2.172499999999829e-10	0.27181232	-0.010506278	0.96184224	-3.3535814e-17	0	342.012
2.1734999999998287e-10	0.27184874	-0.010156192	0.96183676	-3.3536046e-17	0	342.012
2.1744999999998285e-10	0.27188146	-0.009806624	0.9618323	-3.353631e-17	0	342.012
2.1754999999998282e-10	0.27191037	-0.009457611	0.9618286	-3.3536556e-17	0	342.012
2.176499999999828e-10	0.2719356	-0.00910919	0.961826	-3.35368e-17	0	342.012
2.1774999999998278e-10	0.27195713	-0.008761399	0.96182424	-3.353703e-17	0	342.012
2.1784999999998276e-10	0.2719749	-0.008414274	0.9618234	-3.353728e-17	0	342.012
2.1794999999998274e-10	0.27198902	-0.008067853	0.96182346	-3.3537512e-17	0	342.012
2.1804999999998272e-10	0.27199948	-0.0077221706	0.9618244	-3.353777e-17	0	342.012
2.181499999999827e-10	0.27200627	-0.007377265	0.9618264	-3.3537998e-17	0	342.012
2.1824999999998268e-10	0.27200943	-0.007033171	0.96182925	-3.353823e-17	0	342.012
2.1834999999998266e-10	0.27200896	-0.0066899243	0.96183306	-3.3538475e-17	0	342.012
2.1844999999998263e-10	0.27200493	-0.0063475585	0.96183765	-3.3538703e-17	0	342.012
2.1854999999998261e-10	0.2719973	-0.0060061114	0.9618432	-3.3538935e-17	0	342.012
2.186499999999826e-10	0.2719861	-0.0056656166	0.9618497	-3.353917e-17	0	342.012
2.1874999999998257e-10	0.27197134	-0.0053261085	0.96185696	-3.3539398e-17	0	342.012
2.1884999999998255e-10	0.27195308	-0.00498762	0.9618651	-3.353963e-17	0	342.012
2.1894999999998253e-10	0.2719313	-0.004650188	0.9618741	-3.353985e-17	0	342.012
2.190499999999825e-10	0.27190602	-0.004313844	0.96188414	-3.3540076e-17	0	342.012
2.191499999999825e-10	0.27187732	-0.003978622	0.96189487	-3.354031e-17	0	342.012
2.1924999999998247e-10	0.27184513	-0.0036445542	0.9619067	-3.3540536e-17	0	342.012
2.1934999999998245e-10	0.27180955	-0.0033116753	0.9619191	-3.354076e-17	0	342.012
2.1944999999998242e-10	0.27177054	-0.0029800155	0.9619325	-3.3540986e-17	0	342.012
2.195499999999824e-10	0.27172813	-0.0026496083	0.9619466	-3.3541204e-17	0	342.012
2.1964999999998238e-10	0.2716824	-0.0023204861	0.96196175	-3.354142e-17	0	342.012
2.1974999999998236e-10	0.27163327	-0.0019926787	0.96197766	-3.354165e-17	0	342.012
2.1984999999998234e-10	0.27158087	-0.0016662191	0.9619944	-3.354187e-17	0	342.012
2.1994999999998232e-10	0.27152514	-0.0013411372	0.962012	-3.3542088e-17	0	342.012
2.200499999999823e-10	0.27146614	-0.0010174648	0.9620303	-3.3542296e-17	0	342.012
2.2014999999998228e-10	0.27140388	-0.0006952316	0.9620495	-3.3542518e-17	0	342.012
2.2024999999998226e-10	0.2713384	-0.00037446804	0.9620695	-3.354273e-17	0	342.012
2.2034999999998224e-10	0.2712697	-5.520339e-05	0.9620902	-3.3542948e-17	0	342.012
2.2044999999998221e-10	0.27119783	0.0002625324	0.9621119	-3.3543163e-17	0	342.012
2.205499999999822e-10	0.2711228	0.0005787105	0.96213424	-3.3543368e-17	0	342.012
2.2064999999998217e-10	0.2710446	0.0008933018	0.9621574	-3.3543567e-17	0	342.012
2.2074999999998215e-10	0.27096334	0.001206278	0.9621812	-3.3543795e-17	0	342.012
2.2084999999998213e-10	0.27087894	0.0015176106	0.96220607	-3.3543994e-17	0	342.012
2.209499999999821e-10	0.2707915	0.0018272718	0.96223146	-3.3544202e-17	0	342.012
2.210499999999821e-10	0.270701	0.002135234	0.9622577	-3.3544404e-17	0	342.012
2.2114999999998207e-10	0.2706075	0.0024414703	0.9622848	-3.3544612e-17	0	342.012
2.2124999999998205e-10	0.270511	0.0027459532	0.96231246	-3.3544818e-17	0	342.012
2.2134999999998203e-10	0.27041155	0.0030486563	0.9623409	-3.354502e-17	0	342.012
2.21449999999982e-10	0.27030918	0.0033495533	0.9623701	-3.3545234e-17	0	342.012
2.2154999999998198e-10	0.27020386	0.0036486182	0.96240014	-3.354543e-17	0	342.012
2.2164999999998196e-10	0.27009565	0.0039458256	0.9624308	-3.3545618e-17	0	342.012
2.2174999999998194e-10	0.26998124	0.0042550866	0.962463	-3.3921066e-17	0	340.32153
2.2184999999998192e-10	0.26986042	0.0045762556	0.96249694	-3.3921304e-17	0	340.32153
2.219499999999819e-10	0.26973647	0.004895327	0.9625316	-3.392152e-17	0	340.32153
2.2204999999998188e-10	0.26960942	0.005212275	0.962567	-3.3921737e-17	0	340.32153
2.2214999999998186e-10	0.26947933	0.0055270717	0.9626032	-3.392196e-17	0	340.32153
2.2224999999998184e-10	0.2693462	0.0058396906	0.96264017	-3.3922174e-17	0	340.32153
2.2234999999998181e-10	0.2692101	0.0061501046	0.9626778	-3.3922402e-17	0	340.32153
2.224499999999818e-10	0.26907098	0.006458288	0.9627162	-3.3922624e-17	0	340.32153
2.2254999999998177e-10	0.26892895	0.0067642154	0.9627554	-3.3922836e-17	0	340.32153
2.2264999999998175e-10	0.26878402	0.007067862	0.9627952	-3.3923044e-17	0	340.32153
2.2274999999998173e-10	0.2686362	0.0073692035	0.9628357	-3.3923263e-17	0	340.32153
2.228499999999817e-10	0.26848555	0.007668214	0.962877	-3.3923478e-17	0	340.32153
2.229499999999817e-10	0.26833206	0.00796487	0.9629189	-3.3923693e-17	0	340.32153
2.2304999999998167e-10	0.26817584	0.008259147	0.96296155	-3.39239e-17	0	340.32153
2.2314999999998165e-10	0.2680168	0.008551025	0.9630049	-3.3924113e-17	0	340.32153
2.2324999999998163e-10	0.26785505	0.008840478	0.9630488	-3.392433e-17	0	340.32153
2.233499999999816e-10	0.26769063	0.009127484	0.96309346	-3.392454e-17	0	340.32153
2.2344999999998158e-10	0.2675236	0.009412021	0.9631387	-3.3924748e-17	0	340.32153
2.2354999999998156e-10	0.2673539	0.009694067	0.9631847	-3.3924953e-17	0	340.32153
2.2364999999998154e-10	0.26718163	0.0099736005	0.9632312	-3.3925162e-17	0	340.32153
2.2374999999998152e-10	0.26700675	0.010250603	0.9632785	-3.3925374e-17	0	340.32153
2.238499999999815e-10	0.2668294	0.010525051	0.9633263	-3.3925575e-17	0	340.32153
2.2394999999998148e-10	0.26664954	0.010796926	0.9633747	-3.392579e-17	0	340.32153
2.2404999999998146e-10	0.2664672	0.011066207	0.9634237	-3.3925976e-17	0	340.32153
2.2414999999998144e-10	0.2662825	0.011332876	0.9634733	-3.392619e-17	0	340.32153
2.2424999999998142e-10	0.26609534	0.011596912	0.96352357	-3.392639e-17	0	340.32153
2.243499999999814e-10	0.26590586	0.0118582975	0.9635744	-3.3926585e-17	0	340.32153
2.2444999999998137e-10	0.26571405	0.012117015	0.9636257	-3.392678e-17	0	340.32153
2.2454999999998135e-10	0.26551992	0.012373047	0.9636776	-3.3926988e-17	0	340.32153
2.2464999999998133e-10	0.26532358	0.012626374	0.96373004	-3.3927187e-17	0	340.32153
2.247499999999813e-10	0.26512498	0.012876979	0.9637831	-3.392739e-17	0	340.32153
2.248499999999813e-10	0.26492417	0.013124848	0.96383667	-3.392758e-17	0	340.32153
2.2494999999998127e-10	0.26472127	0.013369963	0.9638908	-3.3927786e-17	0	340.32153
2.2504999999998125e-10	0.26451623	0.013612307	0.9639454	-3.3927968e-17	0	340.32153
2.2514999999998123e-10	0.26430905	0.013851867	0.9640005	-3.3928166e-17	0	340.32153
2.252499999999812e-10	0.26409987	0.014088626	0.964056	-3.392836e-17	0	340.32153
2.2534999999998118e-10	0.2638886	0.01432257	0.9641121	-3.3928547e-17	0	340.32153
2.2544999999998116e-10	0.26367542	0.014553685	0.96416867	-3.3928742e-17	0	340.32153
2.2554999999998114e-10	0.2634603	0.014781955	0.96422577	-3.3928937e-17	0	340.32153
2.2564999999998112e-10	0.2632432	0.01500737	0.9642833	-3.392912e-17	0	340.32153
2.257499999999811e-10	0.26302424	0.015229913	0.9643412	-3.3929304e-17	0	340.32153
2.2584999999998108e-10	0.26280347	0.015449577	0.9643997	-3.3929493e-17	0	340.32153
2.2594999999998106e-10	0.2625808	0.015666345	0.9644586	-3.392968e-17	0	340.32153
2.2604999999998104e-10	0.26235646	0.015880205	0.9645179	-3.3929873e-17	0	340.32153
2.2614999999998102e-10	0.26213032	0.016091146	0.96457756	-3.3930052e-17	0	340.32153
2.26249999999981e-10	0.26190248	0.016299158	0.96463776	-3.3930244e-17	0	340.32153
2.2634999999998097e-10	0.26167297	0.016504228	0.96469826	-3.3930433e-17	0	340.32153
2.2644999999998095e-10	0.26144183	0.01670635	0.9647591	-3.3930605e-17	0	340.32153
2.2654999999998093e-10	0.2612091	0.016905509	0.9648205	-3.393078e-17	0	340.32153
2.266499999999809e-10	0.26097476	0.017101698	0.9648822	-3.3930975e-17	0	340.32153
2.267499999999809e-10	0.2607389	0.017294906	0.96494436	-3.3931157e-17	0	340.32153
2.2684999999998087e-10	0.2605016	0.017485129	0.9650067	-3.3931333e-17	0	340.32153
2.2694999999998085e-10	0.2602628	0.017672352	0.96506953	-3.3931524e-17	0	340.32153
2.2704999999998083e-10	0.26002255	0.01785657	0.96513253	-3.3931696e-17	0	340.32153
2.271499999999808e-10	0.25978094	0.018037777	0.96519613	-3.393187e-17	0	340.32153
2.2724999999998078e-10	0.25953797	0.018215965	0.96525985	-3.3932037e-17	0	340.32153
2.2734999999998076e-10	0.25929368	0.018391125	0.965324	-3.393223e-17	0	340.32153
2.2744999999998074e-10	0.2590481	0.01856325	0.9653883	-3.3932405e-17	0	340.32153
2.2754999999998072e-10	0.25880128	0.018732335	0.9654531	-3.3932577e-17	0	340.32153
2.276499999999807e-10	0.2585532	0.018898379	0.96551806	-3.3932752e-17	0	340.32153
2.2774999999998068e-10	0.25830397	0.01906137	0.9655833	-3.3932917e-17	0	340.32153
2.2784999999998066e-10	0.2580536	0.019221304	0.9656489	-3.3933096e-17	0	340.32153
2.2794999999998064e-10	0.25780213	0.01937818	0.9657147	-3.3933268e-17	0	340.32153
2.2804999999998062e-10	0.25754955	0.019531991	0.9657808	-3.3933444e-17	0	340.32153
2.281499999999806e-10	0.25729597	0.019682731	0.96584713	-3.3933616e-17	0	340.32153
2.2824999999998057e-10	0.25704136	0.019830402	0.96591365	-3.393378e-17	0	340.32153
2.2834999999998055e-10	0.25678578	0.019975	0.9659804	-3.3933943e-17	0	340.32153
2.2844999999998053e-10	0.25652927	0.020116515	0.9660474	-3.393412e-17	0	340.32153
2.285499999999805e-10	0.25627184	0.020254955	0.96611464	-3.3934284e-17	0	340.32153
2.286499999999805e-10	0.2560136	0.02039031	0.9661821	-3.3934446e-17	0	340.32153
2.2874999999998047e-10	0.2557545	0.020522583	0.9662495	-3.3934625e-17	0	340.32153
2.2884999999998045e-10	0.25549456	0.020651769	0.96631736	-3.3934777e-17	0	340.32153
2.2894999999998043e-10	0.2552339	0.020777872	0.96638536	-3.3934942e-17	0	340.32153
2.290499999999804e-10	0.25497252	0.020900887	0.96645343	-3.393511e-17	0	340.32153
2.2914999999998039e-10	0.25471044	0.021020819	0.96652174	-3.3935283e-17	0	340.32153
2.2924999999998036e-10	0.2544477	0.021137659	0.9665903	-3.3935435e-17	0	340.32153
2.2934999999998034e-10	0.25418434	0.021251418	0.96665883	-3.3935597e-17	0	340.32153
2.2944999999998032e-10	0.25392035	0.021362092	0.9667275	-3.3935763e-17	0	340.32153
2.295499999999803e-10	0.25365585	0.021469682	0.9667962	-3.393593e-17	0	340.32153
2.2964999999998028e-10	0.2533908	0.02157419	0.96686524	-3.3936087e-17	0	340.32153
2.2974999999998026e-10	0.25312528	0.021675617	0.9669343	-3.3936246e-17	0	340.32153
2.2984999999998024e-10	0.2528593	0.021773968	0.9670035	-3.3936405e-17	0	340.32153
2.2994999999998022e-10	0.25259292	0.021869246	0.9670727	-3.3936564e-17	0	340.32153
2.300499999999802e-10	0.25232613	0.021961449	0.96714205	-3.3936722e-17	0	340.32153
2.3014999999998017e-10	0.25205898	0.022050586	0.96721137	-3.393687e-17	0	340.32153
2.3024999999998015e-10	0.25179154	0.022136658	0.96728086	-3.393702e-17	0	340.32153
2.3034999999998013e-10	0.2515238	0.022219673	0.9673504	-3.3937176e-17	0	340.32153
2.304499999999801e-10	0.2512558	0.022299629	0.96742	-3.3937335e-17	0	340.32153
2.305499999999801e-10	0.2509876	0.022376534	0.9674896	-3.3937497e-17	0	340.32153
2.3064999999998007e-10	0.2507192	0.022450391	0.9675592	-3.3937642e-17	0	340.32153
2.3074999999998005e-10	0.2504506	0.02252121	0.96762896	-3.3937788e-17	0	340.32153
2.3084999999998003e-10	0.25018194	0.022588996	0.96769863	-3.3937947e-17	0	340.32153
2.3094999999998e-10	0.24991319	0.022653753	0.96776825	-3.3938096e-17	0	340.32153
2.3104999999997999e-10	0.24964438	0.022715485	0.9678379	-3.3938244e-17	0	340.32153
2.3114999999997996e-10	0.24937555	0.022774205	0.9679076	-3.39384e-17	0	340.32153
2.3124999999997994e-10	0.2491067	0.022829914	0.9679773	-3.393855e-17	0	340.32153
2.3134999999997992e-10	0.2488379	0.022882625	0.9680469	-3.3938694e-17	0	340.32153
2.314499999999799e-10	0.24856919	0.022932343	0.96811646	-3.3938853e-17	0	340.32153
2.3154999999997988e-10	0.24830057	0.022979075	0.968186	-3.3938982e-17	0	340.32153
2.3164999999997986e-10	0.2480321	0.02302283	0.9682555	-3.393914e-17	0	340.32153
2.3174999999997984e-10	0.24776378	0.023063619	0.96832496	-3.393928e-17	0	340.32153
2.3184999999997982e-10	0.24748772	0.023125688	0.9683959	-3.4304216e-17	0	338.69907
2.319499999999798e-10	0.24721162	0.023184627	0.9684666	-3.4304365e-17	0	338.69907
2.3204999999997978e-10	0.24693556	0.023240453	0.96853745	-3.4304523e-17	0	338.69907
2.3214999999997975e-10	0.24665958	0.023293165	0.96860826	-3.4304682e-17	0	338.69907
2.3224999999997973e-10	0.24638367	0.023342777	0.96867895	-3.430483e-17	0	338.69907
2.323499999999797e-10	0.24610783	0.023389295	0.9687497	-3.430498e-17	0	338.69907
2.324499999999797e-10	0.2458322	0.023432722	0.96882033	-3.4305132e-17	0	338.69907
2.3254999999997967e-10	0.24555674	0.023473082	0.9688909	-3.4305284e-17	0	338.69907
2.3264999999997965e-10	0.2452815	0.023510372	0.9689615	-3.430543e-17	0	338.69907
2.3274999999997963e-10	0.2450065	0.023544606	0.9690319	-3.4305576e-17	0	338.69907
2.328499999999796e-10	0.24473181	0.023575794	0.96910226	-3.430573e-17	0	338.69907
2.3294999999997964e-10	0.24445741	0.023603942	0.96917236	-3.430587e-17	0	338.69907
2.3304999999997967e-10	0.24418336	0.023629071	0.96924263	-3.4306022e-17	0	338.69907
2.331499999999797e-10	0.24390972	0.023651185	0.9693126	-3.4306164e-17	0	338.69907
2.3324999999997973e-10	0.24363646	0.023670297	0.9693825	-3.4306317e-17	0	338.69907
2.3334999999997976e-10	0.24336365	0.023686416	0.9694524	-3.4306462e-17	0	338.69907
2.334499999999798e-10	0.24309132	0.02369956	0.969522	-3.4306598e-17	0	338.69907
2.335499999999798e-10	0.24281949	0.023709739	0.9695915	-3.4306747e-17	0	338.69907
2.3364999999997985e-10	0.24254821	0.023716962	0.9696609	-3.430689e-17	0	338.69907
2.337499999999799e-10	0.24227749	0.023721246	0.9697301	-3.4307018e-17	0	338.69907
2.338499999999799e-10	0.24200734	0.023722604	0.96979916	-3.430717e-17	0	338.69907
2.3394999999997994e-10	0.24173787	0.023721047	0.969868	-3.4307316e-17	0	338.69907
2.3404999999998e-10	0.24146903	0.023716591	0.9699366	-3.430745e-17	0	338.69907
2.3414999999998e-10	0.24120088	0.02370925	0.9700052	-3.430759e-17	0	338.69907
2.3424999999998004e-10	0.24093342	0.023699041	0.9700735	-3.4307733e-17	0	338.69907
2.3434999999998007e-10	0.24066676	0.023685973	0.9701416	-3.4307872e-17	0	338.69907
2.344499999999801e-10	0.24040085	0.023670068	0.9702096	-3.4308014e-17	0	338.69907
2.3454999999998013e-10	0.24013573	0.023651334	0.97027725	-3.4308153e-17	0	338.69907
2.3464999999998016e-10	0.23987147	0.023629794	0.97034466	-3.4308285e-17	0	338.69907
2.347499999999802e-10	0.23960805	0.023605458	0.970412	-3.4308414e-17	0	338.69907
2.348499999999802e-10	0.23934555	0.023578346	0.97047895	-3.4308553e-17	0	338.69907
2.3494999999998025e-10	0.23908395	0.023548469	0.9705457	-3.4308682e-17	0	338.69907
2.350499999999803e-10	0.23882332	0.023515852	0.97061217	-3.430882e-17	0	338.69907
2.351499999999803e-10	0.23856361	0.023480507	0.9706785	-3.430895e-17	0	338.69907
2.3524999999998034e-10	0.23830494	0.02344245	0.9707445	-3.4309086e-17	0	338.69907
2.3534999999998037e-10	0.23804729	0.023401704	0.9708102	-3.430922e-17	0	338.69907
2.354499999999804e-10	0.2377907	0.023358278	0.9708756	-3.4309344e-17	0	338.69907
2.3554999999998044e-10	0.23753518	0.023312196	0.97094077	-3.4309477e-17	0	338.69907
2.3564999999998047e-10	0.23728079	0.023263479	0.9710058	-3.430962e-17	0	338.69907
2.357499999999805e-10	0.23702751	0.023212139	0.9710703	-3.4309735e-17	0	338.69907
2.3584999999998053e-10	0.23677541	0.0231582	0.97113466	-3.430987e-17	0	338.69907
2.3594999999998056e-10	0.23652449	0.023101674	0.97119856	-3.4309993e-17	0	338.69907
2.360499999999806e-10	0.23627476	0.023042584	0.9712623	-3.4310115e-17	0	338.69907
2.361499999999806e-10	0.23602629	0.022980954	0.9713256	-3.4310247e-17	0	338.69907
2.3624999999998065e-10	0.23577908	0.0229168	0.9713885	-3.4310367e-17	0	338.69907
2.363499999999807e-10	0.23553315	0.022850139	0.9714512	-3.43105e-17	0	338.69907
2.364499999999807e-10	0.2352885	0.022780994	0.9715135	-3.4310618e-17	0	338.69907
2.3654999999998074e-10	0.23504521	0.022709385	0.9715755	-3.4310747e-17	0	338.69907
2.3664999999998077e-10	0.23480329	0.022635331	0.97163725	-3.4310873e-17	0	338.69907
2.367499999999808e-10	0.2345627	0.022558857	0.97169846	-3.4310992e-17	0	338.69907
2.3684999999998083e-10	0.23432358	0.02247998	0.9717594	-3.431111e-17	0	338.69907
2.3694999999998086e-10	0.23408586	0.02239872	0.97182006	-3.431123e-17	0	338.69907
2.370499999999809e-10	0.23384956	0.0223151	0.9718802	-3.4311356e-17	0	338.69907
2.3714999999998093e-10	0.23361476	0.022229144	0.97194016	-3.4311475e-17	0	338.69907
2.3724999999998096e-10	0.23338145	0.022140872	0.97199947	-3.43116e-17	0	338.69907
2.37349999999981e-10	0.23314965	0.022050304	0.97205853	-3.4311717e-17	0	338.69907
2.37449999999981e-10	0.23291938	0.021957468	0.9721172	-3.4311836e-17	0	338.69907
2.3754999999998105e-10	0.23269066	0.021862375	0.9721755	-3.4311945e-17	0	338.69907
2.376499999999811e-10	0.23246352	0.021765057	0.97223324	-3.4312067e-17	0	338.69907
2.377499999999811e-10	0.23223801	0.021665536	0.9722907	-3.4312173e-17	0	338.69907
2.3784999999998114e-10	0.23201407	0.02156383	0.9723478	-3.431231e-17	0	338.69907
2.3794999999998117e-10	0.23179181	0.021459967	0.97240436	-3.431241e-17	0	338.69907
2.380499999999812e-10	0.2315712	0.021353966	0.97246057	-3.4312534e-17	0	338.69907
2.3814999999998123e-10	0.23135224	0.021245852	0.97251636	-3.4312646e-17	0	338.69907
2.3824999999998126e-10	0.231135	0.02113565	0.97257173	-3.4312755e-17	0	338.69907
2.383499999999813e-10	0.23091948	0.021023378	0.9726266	-3.431288e-17	0	338.69907
2.384499999999813e-10	0.23070565	0.020909067	0.97268105	-3.4312994e-17	0	338.69907
2.3854999999998136e-10	0.23049363	0.020792738	0.9727351	-3.4313096e-17	0	338.69907
2.386499999999814e-10	0.23028335	0.020674413	0.9727887	-3.431321e-17	0	338.69907
2.387499999999814e-10	0.23007485	0.020554118	0.9728418	-3.431332e-17	0	338.69907
2.3884999999998145e-10	0.22986817	0.02043188	0.97289443	-3.4313434e-17	0	338.69907
2.389499999999815e-10	0.22966331	0.020307716	0.9729467	-3.4313553e-17	0	338.69907
2.390499999999815e-10	0.22946031	0.02018166	0.9729984	-3.4313645e-17	0	338.69907
2.3914999999998154e-10	0.22925912	0.02005373	0.9730497	-3.431375e-17	0	338.69907
2.3924999999998157e-10	0.22905983	0.01992395	0.9731004	-3.431386e-17	0	338.69907
2.393499999999816e-10	0.22886243	0.019792348	0.97315073	-3.4313976e-17	0	338.69907
2.3944999999998163e-10	0.22866693	0.01965895	0.97320056	-3.431408e-17	0	338.69907
2.3954999999998166e-10	0.2284733	0.019523777	0.97324985	-3.431419e-17	0	338.69907
2.396499999999817e-10	0.22828165	0.019386858	0.9732988	-3.4314284e-17	0	338.69907
2.397499999999817e-10	0.22809193	0.019248221	0.97334707	-3.43144e-17	0	338.69907
2.3984999999998175e-10	0.22790417	0.019107882	0.97339505	-3.4314506e-17	0	338.69907
2.399499999999818e-10	0.22771838	0.018965876	0.97344244	-3.4314605e-17	0	338.69907
2.400499999999818e-10	0.22753462	0.018822223	0.9734892	-3.4314718e-17	0	338.69907
2.4014999999998185e-10	0.2273528	0.018676948	0.9735356	-3.4314813e-17	0	338.69907
2.402499999999819e-10	0.22717302	0.018530082	0.97358143	-3.4314916e-17	0	338.69907
2.403499999999819e-10	0.22699527	0.018381648	0.97362685	-3.431502e-17	0	338.69907
2.4044999999998194e-10	0.22681955	0.018231673	0.9736717	-3.4315108e-17	0	338.69907
2.4054999999998197e-10	0.22664589	0.01808018	0.97371596	-3.4315214e-17	0	338.69907
2.40649999999982e-10	0.22647427	0.017927198	0.97375983	-3.4315316e-17	0	338.69907
2.4074999999998203e-10	0.22630477	0.017772753	0.9738031	-3.431542e-17	0	338.69907
2.4084999999998206e-10	0.22613733	0.017616868	0.9738458	-3.431552e-17	0	338.69907
2.409499999999821e-10	0.22597197	0.017459573	0.97388804	-3.431561e-17	0	338.69907
2.410499999999821e-10	0.22580871	0.017300896	0.97392976	-3.4315707e-17	0	338.69907
2.4114999999998215e-10	0.2256476	0.017140856	0.9739709	-3.4315813e-17	0	338.69907
2.412499999999822e-10	0.22548862	0.016979486	0.97401154	-3.4315902e-17	0	338.69907
2.413499999999822e-10	0.22533172	0.016816813	0.9740517	-3.4316e-17	0	338.69907
2.4144999999998225e-10	0.225177	0.016652856	0.97409123	-3.431609e-17	0	338.69907
2.415499999999823e-10	0.22502446	0.016487649	0.97413015	-3.4316193e-17	0	338.69907
2.416499999999823e-10	0.22487405	0.016321216	0.9741687	-3.4316276e-17	0	338.69907
2.4174999999998234e-10	0.22472583	0.016153581	0.9742067	-3.431637e-17	0	338.69907
2.4184999999998237e-10	0.22457327	0.016006025	0.9742452	-3.4669237e-17	0	337.1495
2.419499999999824e-10	0.22442266	0.015857182	0.9742833	-3.4669336e-17	0	337.1495
2.4204999999998243e-10	0.22427408	0.01570708	0.9743207	-3.4669413e-17	0	337.1495
2.4214999999998246e-10	0.2241275	0.015555744	0.97435784	-3.4669512e-17	0	337.1495
2.422499999999825e-10	0.22398293	0.015403197	0.9743943	-3.4669598e-17	0	337.1495
2.423499999999825e-10	0.2238404	0.015249466	0.9744304	-3.4669684e-17	0	337.1495
2.4244999999998255e-10	0.2236999	0.015094574	0.97446585	-3.4669777e-17	0	337.1495
2.425499999999826e-10	0.2235614	0.014938549	0.974501	-3.4669853e-17	0	337.1495
2.426499999999826e-10	0.223425	0.014781414	0.9745356	-3.4669932e-17	0	337.1495
2.4274999999998264e-10	0.2232906	0.014623196	0.97456944	-3.467002e-17	0	337.1495
2.428499999999827e-10	0.22315827	0.014463917	0.97460306	-3.4670107e-17	0	337.1495
2.429499999999827e-10	0.22302805	0.014303608	0.9746361	-3.467019e-17	0	337.1495
2.4304999999998274e-10	0.22289984	0.014142288	0.9746685	-3.4670276e-17	0	337.1495
2.4314999999998277e-10	0.22277375	0.013979989	0.97470045	-3.4670346e-17	0	337.1495
2.432499999999828e-10	0.22264972	0.01381673	0.9747318	-3.467043e-17	0	337.1495
2.4334999999998283e-10	0.2225278	0.013652539	0.9747629	-3.467051e-17	0	337.1495
2.4344999999998286e-10	0.22240798	0.0134874405	0.97479326	-3.467059e-17	0	337.1495
2.435499999999829e-10	0.22229026	0.013321461	0.97482324	-3.4670673e-17	0	337.1495
2.436499999999829e-10	0.22217463	0.013154628	0.9748525	-3.4670746e-17	0	337.1495
2.4374999999998295e-10	0.22206111	0.012986961	0.9748814	-3.467085e-17	0	337.1495
2.43849999999983e-10	0.22194973	0.01281849	0.9749097	-3.4670918e-17	0	337.1495
2.43949999999983e-10	0.22184044	0.012649237	0.97493744	-3.4670994e-17	0	337.1495
2.4404999999998304e-10	0.22173326	0.012479232	0.97496474	-3.4671074e-17	0	337.1495
2.4414999999998307e-10	0.22162822	0.012308495	0.97499144	-3.4671146e-17	0	337.1495
2.442499999999831e-10	0.22152531	0.012137053	0.97501767	-3.467122e-17	0	337.1495
2.4434999999998313e-10	0.22142455	0.011964934	0.9750434	-3.4671295e-17	0	337.1495
2.4444999999998317e-10	0.2213259	0.011792158	0.97506857	-3.4671378e-17	0	337.1495
2.445499999999832e-10	0.22122937	0.011618753	0.97509325	-3.4671447e-17	0	337.1495
2.4464999999998323e-10	0.221135	0.011444745	0.9751172	-3.467152e-17	0	337.1495
2.4474999999998326e-10	0.22104277	0.011270157	0.97514087	-3.4671603e-17	0	337.1495
2.448499999999833e-10	0.22095264	0.0110950135	0.9751639	-3.4671672e-17	0	337.1495
2.449499999999833e-10	0.2208647	0.010919343	0.97518635	-3.467175e-17	0	337.1495
2.4504999999998335e-10	0.22077887	0.010743167	0.9752084	-3.4671825e-17	0	337.1495
2.451499999999834e-10	0.22069518	0.01056651	0.97522986	-3.46719e-17	0	337.1495
2.452499999999834e-10	0.22061366	0.0103894025	0.9752508	-3.4671974e-17	0	337.1495
2.4534999999998344e-10	0.22053427	0.010211862	0.9752711	-3.467203e-17	0	337.1495
2.4544999999998347e-10	0.220457	0.010033916	0.975291	-3.4672122e-17	0	337.1495
2.455499999999835e-10	0.22038189	0.009855588	0.9753103	-3.4672195e-17	0	337.1495
2.4564999999998353e-10	0.2203089	0.009676905	0.9753293	-3.4672265e-17	0	337.1495
2.4574999999998356e-10	0.22023806	0.009497891	0.9753475	-3.467233e-17	0	337.1495
2.458499999999836e-10	0.22016935	0.009318568	0.97536516	-3.4672397e-17	0	337.1495
2.459499999999836e-10	0.2201028	0.009138961	0.97538245	-3.467248e-17	0	337.1495
2.4604999999998366e-10	0.22003835	0.008959096	0.97539914	-3.4672536e-17	0	337.1495
2.461499999999837e-10	0.21997604	0.008778995	0.97541535	-3.46726e-17	0	337.1495
2.462499999999837e-10	0.21991584	0.008598684	0.97543097	-3.4672678e-17	0	337.1495
2.4634999999998375e-10	0.2198578	0.008418186	0.9754461	-3.4672744e-17	0	337.1495
2.464499999999838e-10	0.21980184	0.008237524	0.97546077	-3.467281e-17	0	337.1495
2.465499999999838e-10	0.21974805	0.008056722	0.9754748	-3.4672873e-17	0	337.1495
2.4664999999998384e-10	0.21969634	0.007875805	0.9754884	-3.4672946e-17	0	337.1495
2.4674999999998387e-10	0.21964675	0.0076947943	0.9755015	-3.467302e-17	0	337.1495
2.468499999999839e-10	0.21959928	0.007513716	0.975514	-3.4673082e-17	0	337.1495
2.4694999999998393e-10	0.21955389	0.0073325913	0.975526	-3.467315e-17	0	337.1495
2.4704999999998396e-10	0.21951059	0.007151445	0.9755374	-3.467321e-17	0	337.1495
2.47149999999984e-10	0.2194694	0.0069702994	0.9755484	-3.4673284e-17	0	337.1495
2.47249999999984e-10	0.2194303	0.0067891767	0.97555894	-3.4673343e-17	0	337.1495
2.4734999999998405e-10	0.21939327	0.0066081015	0.9755689	-3.467341e-17	0	337.1495
2.474499999999841e-10	0.21935831	0.0064270957	0.9755783	-3.4673476e-17	0	337.1495
2.475499999999841e-10	0.21932542	0.006246182	0.9755872	-3.4673535e-17	0	337.1495
2.4764999999998415e-10	0.21929462	0.006065383	0.97559565	-3.4673608e-17	0	337.1495
2.477499999999842e-10	0.21926586	0.005884721	0.9756035	-3.4673664e-17	0	337.1495
2.478499999999842e-10	0.21923916	0.005704219	0.975611	-3.4673734e-17	0	337.1495
2.4794999999998424e-10	0.2192145	0.0055238972	0.9756178	-3.46738e-17	0	337.1495
2.4804999999998427e-10	0.21919188	0.0053437795	0.9756243	-3.467386e-17	0	337.1495
2.481499999999843e-10	0.2191713	0.0051638875	0.97563016	-3.467392e-17	0	337.1495
2.4824999999998433e-10	0.2191527	0.004984242	0.9756356	-3.467398e-17	0	337.1495
2.4834999999998436e-10	0.21913615	0.004804866	0.9756405	-3.467404e-17	0	337.1495
2.484499999999844e-10	0.21912163	0.0046257796	0.9756448	-3.467411e-17	0	337.1495
2.485499999999844e-10	0.21910906	0.004447005	0.9756488	-3.4674167e-17	0	337.1495
2.4864999999998445e-10	0.21909852	0.0042685634	0.97565216	-3.4674223e-17	0	337.1495
2.487499999999845e-10	0.21908996	0.004090476	0.9756552	-3.4674276e-17	0	337.1495
2.488499999999845e-10	0.21908337	0.003912762	0.9756576	-3.467435e-17	0	337.1495
2.4894999999998455e-10	0.2190787	0.0037354447	0.9756596	-3.4674405e-17	0	337.1495
2.490499999999846e-10	0.21907605	0.0035585423	0.97566104	-3.4674475e-17	0	337.1495
2.491499999999846e-10	0.2190753	0.0033820772	0.9756621	-3.4674528e-17	0	337.1495
2.4924999999998464e-10	0.21907651	0.0032060682	0.97566265	-3.4674577e-17	0	337.1495
2.4934999999998467e-10	0.21907966	0.0030305362	0.9756627	-3.467464e-17	0	337.1495
2.494499999999847e-10	0.2190847	0.002855501	0.9756623	-3.4674697e-17	0	337.1495
2.4954999999998473e-10	0.21909165	0.002680982	0.9756614	-3.4674753e-17	0	337.1495
2.4964999999998476e-10	0.2191005	0.0025069993	0.97566	-3.4674816e-17	0	337.1495
2.497499999999848e-10	0.21911123	0.0023335724	0.9756582	-3.467487e-17	0	337.1495
2.498499999999848e-10	0.21912387	0.0021607203	0.97565603	-3.467493e-17	0	337.1495
2.4994999999998485e-10	0.21913834	0.0019884622	0.97565323	-3.4674988e-17	0	337.1495
2.500499999999849e-10	0.21915466	0.0018168167	0.97565	-3.467504e-17	0	337.1495
2.501499999999849e-10	0.21917284	0.0016458033	0.9756464	-3.4675094e-17	0	337.1495
2.5024999999998494e-10	0.21919283	0.00147544	0.9756424	-3.467515e-17	0	337.1495
2.50349999999985e-10	0.21921465	0.0013057454	0.97563785	-3.46752e-17	0	337.1495
2.50449999999985e-10	0.21923828	0.0011367379	0.9756328	-3.4675256e-17	0	337.1495
2.5054999999998504e-10	0.2192637	0.00096843543	0.9756274	-3.4675325e-17	0	337.1495
2.5064999999998507e-10	0.21929088	0.00080085587	0.9756215	-3.4675368e-17	0	337.1495
2.507499999999851e-10	0.21931987	0.0006340168	0.97561526	-3.4675425e-17	0	337.1495
2.5084999999998513e-10	0.21935058	0.00046793604	0.9756086	-3.4675484e-17	0	337.1495
2.5094999999998516e-10	0.21938305	0.00030263048	0.97560143	-3.467553e-17	0	337.1495
2.510499999999852e-10	0.21941727	0.00013811779	0.9755939	-3.4675587e-17	0	337.1495
2.511499999999852e-10	0.21945319	-2.5585585e-05	0.97558594	-3.4675643e-17	0	337.1495
2.5124999999998525e-10	0.2194908	-0.00018846248	0.9755774	-3.467569e-17	0	337.1495
2.513499999999853e-10	0.21953014	-0.00035049656	0.97556853	-3.4675745e-17	0	337.1495
2.514499999999853e-10	0.21957113	-0.0005116713	0.97555935	-3.46758e-17	0	337.1495
2.5154999999998534e-10	0.2196138	-0.0006719706	0.9755497	-3.467584e-17	0	337.1495
2.5164999999998537e-10	0.2196581	-0.00083137833	0.9755397	-3.4675898e-17	0	337.1495
2.517499999999854e-10	0.21970403	-0.0009898788	0.9755292	-3.4675947e-17	0	337.1495
2.5184999999998544e-10	0.21974704	-0.0011271205	0.9755194	-3.5016372e-17	0	335.662
2.5194999999998547e-10	0.21979144	-0.0012635232	0.9755092	-3.501641e-17	0	335.662
2.520499999999855e-10	0.21983723	-0.0013990739	0.97549874	-3.5016468e-17	0	335.662
2.5214999999998553e-10	0.21988441	-0.0015337588	0.9754879	-3.5016498e-17	0	335.662
2.5224999999998556e-10	0.21993296	-0.0016675657	0.97547674	-3.5016544e-17	0	335.662
2.523499999999856e-10	0.21998285	-0.0018004815	0.9754653	-3.5016584e-17	0	335.662
2.524499999999856e-10	0.22003406	-0.0019324934	0.9754535	-3.5016627e-17	0	335.662
2.5254999999998565e-10	0.22008663	-0.0020635894	0.97544134	-3.5016653e-17	0	335.662
2.526499999999857e-10	0.2201405	-0.0021937569	0.9754289	-3.501671e-17	0	335.662
2.527499999999857e-10	0.2201957	-0.0023229842	0.97541606	-3.501674e-17	0	335.662
2.5284999999998574e-10	0.22025216	-0.0024512592	0.97540295	-3.5016805e-17	0	335.662
2.5294999999998577e-10	0.22030988	-0.0025785703	0.9753895	-3.5016842e-17	0	335.662
2.530499999999858e-10	0.22036889	-0.002704906	0.9753759	-3.501686e-17	0	335.662
2.5314999999998583e-10	0.22042914	-0.0028302548	0.97536176	-3.501691e-17	0	335.662
2.5324999999998586e-10	0.22049057	-0.0029546055	0.97534746	-3.5016954e-17	0	335.662
2.533499999999859e-10	0.22055326	-0.0030779478	0.9753328	-3.5016997e-17	0	335.662
2.5344999999998593e-10	0.22061718	-0.00320027	0.975318	-3.501703e-17	0	335.662
2.5354999999998596e-10	0.22068225	-0.0033215624	0.97530276	-3.5017077e-17	0	335.662
2.53649999999986e-10	0.22074848	-0.0034418143	0.9752873	-3.5017116e-17	0	335.662
2.53749999999986e-10	0.2208159	-0.003561015	0.97527146	-3.5017156e-17	0	335.662
2.5384999999998605e-10	0.22088447	-0.003679155	0.97525555	-3.5017192e-17	0	335.662
2.539499999999861e-10	0.22095415	-0.0037962245	0.9752392	-3.5017222e-17	0	335.662
2.540499999999861e-10	0.22102496	-0.0039122137	0.9752225	-3.5017275e-17	0	335.662
2.5414999999998614e-10	0.22109687	-0.004027113	0.97520566	-3.5017308e-17	0	335.662
2.5424999999998617e-10	0.22116984	-0.0041409135	0.97518855	-3.5017348e-17	0	335.662
2.543499999999862e-10	0.22124392	-0.004253606	0.9751712	-3.5017394e-17	0	335.662
2.5444999999998623e-10	0.221319	-0.004365181	0.97515357	-3.5017427e-17	0	335.662
2.5454999999998626e-10	0.22139518	-0.004475631	0.97513556	-3.501746e-17	0	335.662
2.546499999999863e-10	0.22147238	-0.0045849467	0.97511744	-3.5017497e-17	0	335.662
2.547499999999863e-10	0.22155057	-0.0046931203	0.97509897	-3.5017536e-17	0	335.662
2.5484999999998636e-10	0.22162974	-0.0048001427	0.97508043	-3.501758e-17	0	335.662
2.549499999999864e-10	0.2217099	-0.004906007	0.9750615	-3.5017613e-17	0	335.662
2.550499999999864e-10	0.22179106	-0.0050107054	0.97504234	-3.5017646e-17	0	335.662
2.5514999999998645e-10	0.22187313	-0.00511423	0.97502303	-3.501769e-17	0	335.662
2.552499999999865e-10	0.22195616	-0.0052165734	0.9750034	-3.5017722e-17	0	335.662
2.553499999999865e-10	0.22204012	-0.005317728	0.9749836	-3.5017755e-17	0	335.662
2.5544999999998654e-10	0.22212495	-0.005417688	0.9749636	-3.5017795e-17	0	335.662
2.5554999999998657e-10	0.22221068	-0.005516446	0.9749433	-3.501783e-17	0	335.662
2.556499999999866e-10	0.2222973	-0.0056139953	0.97492284	-3.5017874e-17	0	335.662
2.5574999999998663e-10	0.22238475	-0.0057103294	0.9749023	-3.5017897e-17	0	335.662
2.5584999999998666e-10	0.22247303	-0.0058054426	0.97488135	-3.5017937e-17	0	335.662
2.559499999999867e-10	0.22256216	-0.0058993283	0.97486025	-3.5017967e-17	0	335.662
2.560499999999867e-10	0.22265211	-0.005991982	0.97483903	-3.501801e-17	0	335.662
2.5614999999998675e-10	0.22274284	-0.006083396	0.97481745	-3.501804e-17	0	335.662
2.562499999999868e-10	0.22283436	-0.0061735655	0.9747957	-3.501807e-17	0	335.662
2.563499999999868e-10	0.22292662	-0.006262486	0.974774	-3.5018112e-17	0	335.662
2.5644999999998685e-10	0.22301961	-0.006350152	0.97475195	-3.5018145e-17	0	335.662
2.565499999999869e-10	0.22311336	-0.0064365594	0.9747297	-3.5018172e-17	0	335.662
2.566499999999869e-10	0.22320786	-0.006521702	0.9747074	-3.5018208e-17	0	335.662
2.5674999999998694e-10	0.22330302	-0.0066055763	0.97468483	-3.501825e-17	0	335.662
2.5684999999998697e-10	0.22339886	-0.0066881776	0.974662	-3.5018278e-17	0	335.662
2.56949999999987e-10	0.2234954	-0.0067695016	0.9746392	-3.50183e-17	0	335.662
2.5704999999998703e-10	0.22359255	-0.006849545	0.97461617	-3.501835e-17	0	335.662
2.5714999999998706e-10	0.22369035	-0.006928304	0.97459286	-3.501838e-17	0	335.662
2.572499999999871e-10	0.2237888	-0.007005774	0.9745695	-3.5018403e-17	0	335.662
2.573499999999871e-10	0.22388782	-0.0070819533	0.9745461	-3.501844e-17	0	335.662
2.5744999999998715e-10	0.22398745	-0.0071568373	0.97452235	-3.501847e-17	0	335.662
2.575499999999872e-10	0.22408766	-0.007230424	0.97449857	-3.501852e-17	0	335.662
2.576499999999872e-10	0.22418839	-0.0073027085	0.9744746	-3.5018532e-17	0	335.662
2.5774999999998725e-10	0.22428969	-0.0073736906	0.97445047	-3.5018572e-17	0	335.662
2.578499999999873e-10	0.2243915	-0.0074433666	0.9744264	-3.5018602e-17	0	335.662
2.579499999999873e-10	0.22449383	-0.007511735	0.9744021	-3.5018635e-17	0	335.662
2.5804999999998734e-10	0.22459665	-0.0075787916	0.97437763	-3.5018675e-17	0	335.662
2.5814999999998737e-10	0.22469994	-0.007644538	0.97435296	-3.5018695e-17	0	335.662
2.582499999999874e-10	0.22480375	-0.0077089695	0.9743284	-3.5018738e-17	0	335.662
2.5834999999998743e-10	0.22490796	-0.0077720857	0.97430366	-3.5018764e-17	0	335.662
2.5844999999998746e-10	0.22501259	-0.007833884	0.9742786	-3.50188e-17	0	335.662
2.585499999999875e-10	0.22511764	-0.007894365	0.97425365	-3.5018824e-17	0	335.662
2.586499999999875e-10	0.22522312	-0.007953527	0.9742286	-3.501886e-17	0	335.662
2.5874999999998755e-10	0.22532895	-0.008011369	0.9742034	-3.5018886e-17	0	335.662
2.588499999999876e-10	0.22543515	-0.00806789	0.9741781	-3.5018916e-17	0	335.662
2.589499999999876e-10	0.22554173	-0.0081230905	0.97415274	-3.5018956e-17	0	335.662
2.5904999999998764e-10	0.22564864	-0.008176969	0.9741273	-3.5018982e-17	0	335.662
2.591499999999877e-10	0.22575587	-0.008229526	0.9741018	-3.501902e-17	0	335.662
2.592499999999877e-10	0.22586343	-0.008280761	0.97407615	-3.5019042e-17	0	335.662
2.5934999999998774e-10	0.2259712	-0.008330674	0.9740505	-3.5019072e-17	0	335.662
2.5944999999998777e-10	0.22607933	-0.008379266	0.9740247	-3.50191e-17	0	335.662
2.595499999999878e-10	0.2261877	-0.008426537	0.9739988	-3.501913e-17	0	335.662
2.5964999999998783e-10	0.2262963	-0.008472487	0.97397304	-3.5019158e-17	0	335.662
2.5974999999998786e-10	0.22640517	-0.008517121	0.97394717	-3.5019188e-17	0	335.662
2.598499999999879e-10	0.2265142	-0.008560434	0.9739211	-3.5019217e-17	0	335.662
2.599499999999879e-10	0.22662348	-0.008602431	0.9738951	-3.5019247e-17	0	335.662
2.6004999999998795e-10	0.22673292	-0.008643113	0.973869	-3.5019267e-17	0	335.662
2.60149999999988e-10	0.22684252	-0.008682479	0.97384274	-3.5019303e-17	0	335.662
2.60249999999988e-10	0.2269523	-0.008720535	0.97381663	-3.5019323e-17	0	335.662
2.6034999999998804e-10	0.22706223	-0.008757278	0.97379047	-3.501936e-17	0	335.662
2.6044999999998807e-10	0.22717226	-0.008792713	0.97376424	-3.5019383e-17	0	335.662
2.605499999999881e-10	0.2272824	-0.008826842	0.9737379	-3.501942e-17	0	335.662
2.6064999999998813e-10	0.22739263	-0.008859667	0.97371155	-3.5019456e-17	0	335.662
2.6074999999998817e-10	0.22750296	-0.008891189	0.9736854	-3.5019462e-17	0	335.662
2.608499999999882e-10	0.22761337	-0.008921413	0.9736591	-3.50195e-17	0	335.662
2.6094999999998823e-10	0.2277238	-0.00895034	0.9736327	-3.5019535e-17	0	335.662
2.6104999999998826e-10	0.2278343	-0.008977972	0.9736063	-3.5019558e-17	0	335.662
2.611499999999883e-10	0.2279448	-0.009004315	0.97357994	-3.5019585e-17	0	335.662
2.612499999999883e-10	0.22805533	-0.009029371	0.97355354	-3.5019608e-17	0	335.662
2.6134999999998835e-10	0.22816584	-0.009053142	0.97352713	-3.501964e-17	0	335.662
2.614499999999884e-10	0.22827634	-0.009075634	0.9735008	-3.501967e-17	0	335.662
2.615499999999884e-10	0.2283868	-0.009096848	0.97347444	-3.5019694e-17	0	335.662
2.6164999999998844e-10	0.22849724	-0.00911679	0.97344804	-3.5019717e-17	0	335.662
2.6174999999998847e-10	0.2286076	-0.009135462	0.9734218	-3.501974e-17	0	335.662
2.618499999999885e-10	0.22871402	-0.009132436	0.97339654	-3.534636e-17	0	334.234
2.6194999999998853e-10	0.22882015	-0.009128238	0.9733713	-3.5346377e-17	0	334.234
2.6204999999998856e-10	0.22892594	-0.009122878	0.9733462	-3.5346417e-17	0	334.234
2.621499999999886e-10	0.22903144	-0.00911636	0.9733212	-3.5346437e-17	0	334.234
2.622499999999886e-10	0.22913656	-0.009108691	0.9732963	-3.534645e-17	0	334.234
2.6234999999998866e-10	0.22924133	-0.009099878	0.9732715	-3.5346486e-17	0	334.234
2.624499999999887e-10	0.22934571	-0.00908993	0.97324663	-3.534651e-17	0	334.234
2.625499999999887e-10	0.22944973	-0.00907885	0.97322196	-3.5346536e-17	0	334.234
2.6264999999998875e-10	0.22955336	-0.009066652	0.97319746	-3.5346566e-17	0	334.234
2.627499999999888e-10	0.22965658	-0.009053336	0.97317296	-3.534658e-17	0	334.234
2.628499999999888e-10	0.22975941	-0.009038915	0.9731485	-3.5346605e-17	0	334.234
2.6294999999998884e-10	0.22986178	-0.009023394	0.97312427	-3.5346642e-17	0	334.234
2.6304999999998887e-10	0.22996373	-0.009006782	0.9731001	-3.5346652e-17	0	334.234
2.631499999999889e-10	0.23006523	-0.008989086	0.97307605	-3.5346688e-17	0	334.234
2.6324999999998893e-10	0.23016627	-0.008970315	0.973052	-3.5346715e-17	0	334.234
2.6334999999998896e-10	0.23026684	-0.008950476	0.9730282	-3.5346715e-17	0	334.234
2.63449999999989e-10	0.23036695	-0.008929576	0.9730044	-3.5346754e-17	0	334.234
2.63549999999989e-10	0.23046654	-0.0089076245	0.97298074	-3.5346768e-17	0	334.234
2.6364999999998905e-10	0.23056562	-0.008884631	0.9729573	-3.5346794e-17	0	334.234
2.637499999999891e-10	0.23066421	-0.008860602	0.9729339	-3.5346824e-17	0	334.234
2.638499999999891e-10	0.23076227	-0.008835547	0.97291064	-3.5346844e-17	0	334.234
2.6394999999998915e-10	0.23085983	-0.008809474	0.9728874	-3.5346867e-17	0	334.234
2.640499999999892e-10	0.23095682	-0.008782392	0.9728645	-3.534689e-17	0	334.234
2.641499999999892e-10	0.23105325	-0.008754309	0.9728416	-3.5346903e-17	0	334.234
2.6424999999998924e-10	0.23114914	-0.008725236	0.97281873	-3.5346933e-17	0	334.234
2.6434999999998927e-10	0.23124444	-0.00869518	0.9727962	-3.5346936e-17	0	334.234
2.644499999999893e-10	0.23133919	-0.00866415	0.9727738	-3.534697e-17	0	334.234
2.6454999999998933e-10	0.23143333	-0.008632155	0.97275144	-3.5346993e-17	0	334.234
2.6464999999998936e-10	0.23152687	-0.008599206	0.97272915	-3.534701e-17	0	334.234
2.647499999999894e-10	0.23161983	-0.008565309	0.9727071	-3.534704e-17	0	334.234
2.648499999999894e-10	0.23171215	-0.008530476	0.9726852	-3.5347065e-17	0	334.234
2.6494999999998945e-10	0.23180385	-0.008494716	0.9726635	-3.534709e-17	0	334.234
2.650499999999895e-10	0.23189491	-0.008458037	0.9726418	-3.5347102e-17	0	334.234
2.651499999999895e-10	0.23198535	-0.008420451	0.9726204	-3.5347125e-17	0	334.234
2.6524999999998955e-10	0.23207514	-0.008381965	0.97259915	-3.5347148e-17	0	334.234
2.653499999999896e-10	0.23216426	-0.008342589	0.9725779	-3.5347165e-17	0	334.234
2.654499999999896e-10	0.23225272	-0.008302333	0.97255695	-3.534718e-17	0	334.234
2.6554999999998964e-10	0.23234048	-0.008261208	0.97253615	-3.5347208e-17	0	334.234
2.6564999999998967e-10	0.2324276	-0.0082192235	0.97251534	-3.5347228e-17	0	334.234
2.657499999999897e-10	0.23251401	-0.008176388	0.97249496	-3.534725e-17	0	334.234
2.6584999999998973e-10	0.2325997	-0.008132713	0.9724746	-3.534727e-17	0	334.234
2.6594999999998976e-10	0.23268472	-0.008088206	0.9724544	-3.534728e-17	0	334.234
2.660499999999898e-10	0.23276901	-0.00804288	0.9724344	-3.5347314e-17	0	334.234
2.661499999999898e-10	0.23285258	-0.0079967445	0.9724146	-3.5347327e-17	0	334.234
2.6624999999998985e-10	0.23293543	-0.007949807	0.972395	-3.534734e-17	0	334.234
2.663499999999899e-10	0.23301753	-0.007902082	0.9723755	-3.5347366e-17	0	334.234
2.664499999999899e-10	0.23309891	-0.007853577	0.9723562	-3.5347383e-17	0	334.234
2.6654999999998994e-10	0.23317954	-0.0078043025	0.97233707	-3.534741e-17	0	334.234
2.6664999999999e-10	0.23325942	-0.0077542686	0.97231805	-3.534743e-17	0	334.234
2.6674999999999e-10	0.23333853	-0.0077034873	0.97229934	-3.5347436e-17	0	334.234
2.6684999999999004e-10	0.23341689	-0.007651967	0.9722807	-3.5347472e-17	0	334.234
2.6694999999999007e-10	0.23349445	-0.00759972	0.9722624	-3.5347496e-17	0	334.234
2.670499999999901e-10	0.23357126	-0.007546755	0.97224414	-3.5347496e-17	0	334.234
2.6714999999999013e-10	0.23364727	-0.0074930848	0.9722261	-3.534753e-17	0	334.234
2.6724999999999016e-10	0.23372248	-0.007438718	0.97220826	-3.534754e-17	0	334.234
2.673499999999902e-10	0.23379691	-0.007383666	0.97219056	-3.5347562e-17	0	334.234
2.674499999999902e-10	0.23387054	-0.0073279385	0.9721731	-3.534757e-17	0	334.234
2.6754999999999025e-10	0.23394337	-0.0072715487	0.97215587	-3.5347595e-17	0	334.234
2.676499999999903e-10	0.23401536	-0.0072145043	0.9721389	-3.534761e-17	0	334.234
2.677499999999903e-10	0.23408654	-0.0071568186	0.9721219	-3.5347628e-17	0	334.234
2.6784999999999034e-10	0.2341569	-0.0070985006	0.9721052	-3.5347664e-17	0	334.234
2.6794999999999037e-10	0.23422647	-0.0070395614	0.97208875	-3.5347687e-17	0	334.234
2.680499999999904e-10	0.23429516	-0.006980012	0.9720724	-3.5347684e-17	0	334.234
2.6814999999999044e-10	0.23436305	-0.006919864	0.9720564	-3.53477e-17	0	334.234
2.6824999999999047e-10	0.23443006	-0.006859128	0.97204053	-3.5347717e-17	0	334.234
2.683499999999905e-10	0.23449625	-0.0067978124	0.97202486	-3.5347744e-17	0	334.234
2.6844999999999053e-10	0.23456159	-0.0067359316	0.97200936	-3.534776e-17	0	334.234
2.6854999999999056e-10	0.23462608	-0.0066734953	0.97199404	-3.5347767e-17	0	334.234
2.686499999999906e-10	0.23468971	-0.0066105137	0.971979	-3.5347787e-17	0	334.234
2.687499999999906e-10	0.23475246	-0.006546998	0.9719641	-3.5347807e-17	0	334.234
2.6884999999999065e-10	0.23481438	-0.0064829597	0.97194946	-3.5347833e-17	0	334.234
2.689499999999907e-10	0.23487541	-0.0064184098	0.97193503	-3.534784e-17	0	334.234
2.690499999999907e-10	0.23493557	-0.006353358	0.97192085	-3.5347863e-17	0	334.234
2.6914999999999074e-10	0.23499486	-0.0062878164	0.9719067	-3.5347873e-17	0	334.234
2.6924999999999077e-10	0.23505327	-0.0062217964	0.97189295	-3.5347896e-17	0	334.234
2.693499999999908e-10	0.2351108	-0.006155308	0.97187936	-3.5347902e-17	0	334.234
2.6944999999999083e-10	0.23516743	-0.006088362	0.97186583	-3.5347926e-17	0	334.234
2.6954999999999086e-10	0.2352232	-0.00602097	0.9718528	-3.534795e-17	0	334.234
2.696499999999909e-10	0.23527807	-0.0059531434	0.9718398	-3.5347955e-17	0	334.234
2.6974999999999093e-10	0.23533206	-0.005884893	0.9718269	-3.5347965e-17	0	334.234
2.6984999999999096e-10	0.23538513	-0.005816228	0.97181445	-3.534799e-17	0	334.234
2.69949999999991e-10	0.2354373	-0.0057471627	0.9718022	-3.5348015e-17	0	334.234
2.70049999999991e-10	0.23548861	-0.005677705	0.97178996	-3.534802e-17	0	334.234
2.7014999999999105e-10	0.23553899	-0.0056078676	0.9717781	-3.534804e-17	0	334.234
2.702499999999911e-10	0.23558849	-0.0055376613	0.9717664	-3.5348055e-17	0	334.234
2.703499999999911e-10	0.23563705	-0.005467096	0.9717549	-3.5348068e-17	0	334.234
2.7044999999999114e-10	0.23568474	-0.005396183	0.97174364	-3.534809e-17	0	334.234
2.7054999999999117e-10	0.23573151	-0.005324934	0.97173274	-3.5348104e-17	0	334.234
2.706499999999912e-10	0.23577735	-0.0052533606	0.9717218	-3.5348118e-17	0	334.234
2.7074999999999123e-10	0.23582229	-0.0051814714	0.9717113	-3.534814e-17	0	334.234
2.7084999999999126e-10	0.23586634	-0.005109279	0.9717008	-3.5348157e-17	0	334.234
2.709499999999913e-10	0.23590948	-0.005036793	0.9716907	-3.5348157e-17	0	334.234
2.710499999999913e-10	0.23595169	-0.0049640257	0.97168076	-3.5348184e-17	0	334.234
2.7114999999999136e-10	0.23599298	-0.0048909867	0.971671	-3.5348194e-17	0	334.234
2.712499999999914e-10	0.23603338	-0.0048176884	0.9716615	-3.5348217e-17	0	334.234
2.713499999999914e-10	0.23607284	-0.00474414	0.97165215	-3.5348233e-17	0	334.234
2.7144999999999145e-10	0.23611139	-0.0046703527	0.9716432	-3.5348233e-17	0	334.234
2.715499999999915e-10	0.23614903	-0.004596337	0.97163427	-3.534825e-17	0	334.234
2.716499999999915e-10	0.23618576	-0.0045221047	0.9716257	-3.534827e-17	0	334.234
2.7174999999999154e-10	0.23622157	-0.0044476655	0.9716173	-3.534829e-17	0	334.234
2.7184999999999157e-10	0.23625225	-0.0043529025	0.9716103	-3.5661738e-17	0	332.86322
2.719499999999916e-10	0.23628175	-0.0042580557	0.97160345	-3.5661758e-17	0	332.86322
2.7204999999999163e-10	0.23631015	-0.00416314	0.97159684	-3.5661775e-17	0	332.86322
2.7214999999999166e-10	0.2363374	-0.004068165	0.9715906	-3.566179e-17	0	332.86322
2.722499999999917e-10	0.2363635	-0.003973146	0.97158456	-3.5661814e-17	0	332.86322
2.723499999999917e-10	0.23638849	-0.0038780943	0.9715789	-3.566182e-17	0	332.86322
2.7244999999999175e-10	0.23641235	-0.0037830235	0.9715734	-3.566185e-17	0	332.86322
2.725499999999918e-10	0.23643513	-0.003687946	0.9715683	-3.566186e-17	0	332.86322
2.726499999999918e-10	0.2364567	-0.003592874	0.97156346	-3.566188e-17	0	332.86322
2.7274999999999185e-10	0.2364772	-0.0034978203	0.97155875	-3.5661907e-17	0	332.86322
2.728499999999919e-10	0.2364966	-0.0034027968	0.9715543	-3.5661913e-17	0	332.86322
2.729499999999919e-10	0.23651484	-0.003307817	0.97155017	-3.566194e-17	0	332.86322
2.7304999999999194e-10	0.23653197	-0.0032128927	0.97154635	-3.5661963e-17	0	332.86322
2.7314999999999197e-10	0.23654805	-0.003118035	0.97154266	-3.5661973e-17	0	332.86322
2.73249999999992e-10	0.236563	-0.0030232572	0.97153944	-3.5661983e-17	0	332.86322
2.7334999999999203e-10	0.23657683	-0.0029285713	0.97153634	-3.566201e-17	0	332.86322
2.7344999999999206e-10	0.23658961	-0.0028339892	0.97153354	-3.566203e-17	0	332.86322
2.735499999999921e-10	0.23660125	-0.0027395226	0.97153085	-3.566204e-17	0	332.86322
2.736499999999921e-10	0.23661181	-0.0026451834	0.97152865	-3.5662046e-17	0	332.86322
2.7374999999999215e-10	0.23662132	-0.0025509829	0.9715266	-3.566208e-17	0	332.86322
2.738499999999922e-10	0.23662972	-0.002456934	0.9715248	-3.566209e-17	0	332.86322
2.739499999999922e-10	0.23663707	-0.002363047	0.9715233	-3.566211e-17	0	332.86322
2.7404999999999224e-10	0.23664331	-0.0022693342	0.971522	-3.566212e-17	0	332.86322
2.741499999999923e-10	0.23664856	-0.0021758066	0.97152096	-3.566213e-17	0	332.86322
2.742499999999923e-10	0.2366527	-0.0020824757	0.9715201	-3.5662152e-17	0	332.86322
2.7434999999999234e-10	0.23665577	-0.0019893525	0.97151965	-3.5662168e-17	0	332.86322
2.7444999999999237e-10	0.23665784	-0.001896449	0.97151935	-3.5662188e-17	0	332.86322
2.745499999999924e-10	0.23665883	-0.0018037751	0.97151935	-3.5662198e-17	0	332.86322
2.7464999999999243e-10	0.23665881	-0.0017113428	0.97151953	-3.5662218e-17	0	332.86322
2.7474999999999246e-10	0.23665774	-0.0016191625	0.97151995	-3.5662238e-17	0	332.86322
2.748499999999925e-10	0.23665562	-0.0015272454	0.9715207	-3.566225e-17	0	332.86322
2.749499999999925e-10	0.2366525	-0.0014356019	0.9715216	-3.566226e-17	0	332.86322
2.7504999999999255e-10	0.23664837	-0.0013442426	0.9715228	-3.566228e-17	0	332.86322
2.751499999999926e-10	0.23664321	-0.0012531782	0.97152436	-3.5662297e-17	0	332.86322
2.752499999999926e-10	0.23663707	-0.0011624191	0.971526	-3.566231e-17	0	332.86322
2.7534999999999264e-10	0.23662987	-0.0010719757	0.9715279	-3.566232e-17	0	332.86322
2.754499999999927e-10	0.23662172	-0.0009818583	0.97153	-3.566234e-17	0	332.86322
2.755499999999927e-10	0.23661262	-0.00089207705	0.9715324	-3.566236e-17	0	332.86322
2.7564999999999274e-10	0.2366025	-0.00080264197	0.9715351	-3.5662373e-17	0	332.86322
2.7574999999999277e-10	0.23659143	-0.0007135632	0.9715379	-3.5662387e-17	0	332.86322
2.758499999999928e-10	0.23657936	-0.0006248503	0.971541	-3.5662403e-17	0	332.86322
2.7594999999999283e-10	0.23656633	-0.00053651317	0.9715443	-3.566242e-17	0	332.86322
2.7604999999999286e-10	0.23655237	-0.00044856165	0.9715478	-3.5662433e-17	0	332.86322
2.761499999999929e-10	0.23653746	-0.00036100522	0.9715515	-3.5662443e-17	0	332.86322
2.762499999999929e-10	0.2365216	-0.00027385345	0.9715556	-3.5662463e-17	0	332.86322
2.7634999999999295e-10	0.2365048	-0.00018711551	0.97155976	-3.5662473e-17	0	332.86322
2.76449999999993e-10	0.23648709	-0.00010080071	0.9715641	-3.566249e-17	0	332.86322
2.76549999999993e-10	0.23646845	-1.4918558e-05	0.9715688	-3.56625e-17	0	332.86322
2.7664999999999304e-10	0.23644888	7.052222e-05	0.97157365	-3.5662516e-17	0	332.86322
2.7674999999999307e-10	0.23642844	0.00015551256	0.9715787	-3.566253e-17	0	332.86322
2.768499999999931e-10	0.23640707	0.00024004372	0.97158396	-3.566255e-17	0	332.86322
2.7694999999999313e-10	0.23638484	0.00032410683	0.97158945	-3.566256e-17	0	332.86322
2.7704999999999317e-10	0.23636173	0.0004076932	0.9715952	-3.566259e-17	0	332.86322
2.771499999999932e-10	0.2363377	0.00049079425	0.97160107	-3.5662585e-17	0	332.86322
2.7724999999999323e-10	0.23631284	0.0005734017	0.9716072	-3.566259e-17	0	332.86322
2.7734999999999326e-10	0.2362871	0.0006555071	0.9716135	-3.5662608e-17	0	332.86322
2.774499999999933e-10	0.23626053	0.0007371024	0.97161996	-3.5662628e-17	0	332.86322
2.775499999999933e-10	0.23623312	0.00081817934	0.9716269	-3.5662648e-17	0	332.86322
2.7764999999999335e-10	0.23620485	0.00089872995	0.9716337	-3.566266e-17	0	332.86322
2.777499999999934e-10	0.23617576	0.0009787462	0.97164077	-3.566266e-17	0	332.86322
2.778499999999934e-10	0.23614582	0.0010582206	0.9716481	-3.566268e-17	0	332.86322
2.7794999999999344e-10	0.23611513	0.0011371454	0.97165567	-3.5662694e-17	0	332.86322
2.7804999999999347e-10	0.2360836	0.001215513	0.97166324	-3.5662708e-17	0	332.86322
2.781499999999935e-10	0.23605126	0.0012933158	0.9716713	-3.566272e-17	0	332.86322
2.7824999999999353e-10	0.23601818	0.0013705469	0.9716793	-3.566273e-17	0	332.86322
2.7834999999999356e-10	0.23598428	0.0014471986	0.9716875	-3.566274e-17	0	332.86322
2.784499999999936e-10	0.23594964	0.001523264	0.971696	-3.5662754e-17	0	332.86322
2.785499999999936e-10	0.23591422	0.0015987359	0.97170454	-3.5662777e-17	0	332.86322
2.7864999999999366e-10	0.23587805	0.0016736076	0.9717134	-3.5662784e-17	0	332.86322
2.787499999999937e-10	0.23584114	0.0017478724	0.97172236	-3.5662794e-17	0	332.86322
2.788499999999937e-10	0.23580347	0.0018215238	0.9717316	-3.566281e-17	0	332.86322
2.7894999999999375e-10	0.23576508	0.0018945546	0.9717409	-3.5662817e-17	0	332.86322
2.790499999999938e-10	0.235726	0.001966959	0.9717503	-3.5662833e-17	0	332.86322
2.791499999999938e-10	0.2356862	0.0020387305	0.9717601	-3.5662847e-17	0	332.86322
2.7924999999999384e-10	0.23564568	0.0021098629	0.97176987	-3.5662866e-17	0	332.86322
2.7934999999999387e-10	0.23560448	0.0021803498	0.9717799	-3.5662883e-17	0	332.86322
2.794499999999939e-10	0.23556264	0.0022501857	0.9717901	-3.566288e-17	0	332.86322
2.7954999999999393e-10	0.2355201	0.0023193648	0.9718003	-3.5662903e-17	0	332.86322
2.7964999999999396e-10	0.23547685	0.0023878808	0.9718109	-3.566292e-17	0	332.86322
2.79749999999994e-10	0.23543297	0.0024557288	0.97182155	-3.5662916e-17	0	332.86322
2.79849999999994e-10	0.23538846	0.0025229026	0.97183216	-3.5662926e-17	0	332.86322
2.7994999999999405e-10	0.2353433	0.0025893971	0.97184324	-3.5662946e-17	0	332.86322
2.800499999999941e-10	0.23529752	0.0026552072	0.97185427	-3.566296e-17	0	332.86322
2.801499999999941e-10	0.23525113	0.0027203278	0.97186553	-3.5662982e-17	0	332.86322
2.8024999999999415e-10	0.2352041	0.0027847535	0.97187686	-3.5662986e-17	0	332.86322
2.803499999999942e-10	0.23515649	0.0028484794	0.97188836	-3.5663002e-17	0	332.86322
2.804499999999942e-10	0.2351083	0.0029115009	0.9719	-3.566302e-17	0	332.86322
2.8054999999999424e-10	0.2350595	0.0029738129	0.97191185	-3.5663012e-17	0	332.86322
2.8064999999999427e-10	0.23501016	0.0030354115	0.9719237	-3.5663035e-17	0	332.86322
2.807499999999943e-10	0.23496024	0.0030962918	0.97193587	-3.5663042e-17	0	332.86322
2.8084999999999433e-10	0.23490977	0.0031564494	0.971948	-3.5663052e-17	0	332.86322
2.8094999999999436e-10	0.23485875	0.0032158804	0.9719603	-3.5663055e-17	0	332.86322
2.810499999999944e-10	0.23480721	0.0032745812	0.97197276	-3.5663065e-17	0	332.86322
2.811499999999944e-10	0.23475514	0.0033325462	0.9719854	-3.566308e-17	0	332.86322
2.8124999999999445e-10	0.23470256	0.003389773	0.9719981	-3.566309e-17	0	332.86322
2.813499999999945e-10	0.23464945	0.0034462567	0.9720109	-3.5663108e-17	0	332.86322
2.814499999999945e-10	0.23459588	0.0035019945	0.97202384	-3.566312e-17	0	332.86322
2.8154999999999455e-10	0.23454179	0.0035569826	0.97203684	-3.5663128e-17	0	332.86322
2.816499999999946e-10	0.23448724	0.0036112182	0.9720501	-3.5663148e-17	0	332.86322
2.817499999999946e-10	0.23443224	0.003664697	0.97206324	-3.566315e-17	0	332.86322
2.8184999999999464e-10	0.23437208	0.0037364492	0.9720777	-3.596504e-17	0	331.54733
2.8194999999999467e-10	0.23431128	0.0038073272	0.97209233	-3.596505e-17	0	331.54733
2.820499999999947e-10	0.23424979	0.0038773268	0.9721071	-3.5965065e-17	0	331.54733
2.8214999999999473e-10	0.23418772	0.003946442	0.97212195	-3.5965072e-17	0	331.54733
2.8224999999999476e-10	0.23412499	0.004014669	0.97213703	-3.596509e-17	0	331.54733
2.823499999999948e-10	0.23406167	0.004082002	0.97215223	-3.5965102e-17	0	331.54733
2.824499999999948e-10	0.23399773	0.0041484376	0.97216755	-3.596511e-17	0	331.54733
2.8254999999999485e-10	0.23393323	0.0042139716	0.972183	-3.596513e-17	0	331.54733
2.826499999999949e-10	0.23386814	0.0042785984	0.9721986	-3.5965145e-17	0	331.54733
2.827499999999949e-10	0.2338025	0.0043423157	0.9722143	-3.5965165e-17	0	331.54733
2.8284999999999494e-10	0.2337363	0.004405118	0.9722301	-3.596517e-17	0	331.54733
2.82949999999995e-10	0.23366956	0.004467003	0.9722461	-3.5965194e-17	0	331.54733
2.83049999999995e-10	0.23360229	0.0045279665	0.97226214	-3.596519e-17	0	331.54733
2.8314999999999504e-10	0.23353451	0.004588004	0.9722785	-3.596521e-17	0	331.54733
2.8324999999999507e-10	0.23346624	0.004647114	0.97229475	-3.596523e-17	0	331.54733
2.833499999999951e-10	0.23339744	0.004705292	0.97231126	-3.5965247e-17	0	331.54733
2.8344999999999513e-10	0.2333282	0.0047625354	0.9723277	-3.5965257e-17	0	331.54733
2.8354999999999516e-10	0.23325846	0.0048188413	0.9723444	-3.5965274e-17	0	331.54733
2.836499999999952e-10	0.23318827	0.0048742066	0.9723612	-3.5965274e-17	0	331.54733
2.837499999999952e-10	0.23311764	0.0049286294	0.9723782	-3.5965303e-17	0	331.54733
2.8384999999999525e-10	0.23304658	0.0049821064	0.9723951	-3.5965323e-17	0	331.54733
2.839499999999953e-10	0.2329751	0.005034636	0.9724122	-3.5965323e-17	0	331.54733
2.840499999999953e-10	0.23290321	0.0050862157	0.9724294	-3.5965337e-17	0	331.54733
2.8414999999999534e-10	0.23283091	0.0051368424	0.9724467	-3.5965356e-17	0	331.54733
2.8424999999999537e-10	0.23275822	0.005186516	0.97246397	-3.596537e-17	0	331.54733
2.843499999999954e-10	0.23268515	0.0052352333	0.97248155	-3.5965376e-17	0	331.54733
2.8444999999999544e-10	0.23261175	0.0052829934	0.972499	-3.5965393e-17	0	331.54733
2.8454999999999547e-10	0.23253798	0.0053297943	0.9725166	-3.5965403e-17	0	331.54733
2.846499999999955e-10	0.23246388	0.005375635	0.9725343	-3.596542e-17	0	331.54733
2.8474999999999553e-10	0.23238944	0.005420515	0.97255206	-3.5965426e-17	0	331.54733
2.8484999999999556e-10	0.23231468	0.005464431	0.9725699	-3.5965452e-17	0	331.54733
2.849499999999956e-10	0.23223963	0.005507384	0.9725877	-3.5965446e-17	0	331.54733
2.850499999999956e-10	0.23216428	0.005549372	0.9726058	-3.5965452e-17	0	331.54733
2.8514999999999565e-10	0.23208866	0.005590395	0.9726238	-3.5965476e-17	0	331.54733
2.852499999999957e-10	0.23201275	0.005630452	0.97264194	-3.59655e-17	0	331.54733
2.853499999999957e-10	0.23193657	0.0056695426	0.9726601	-3.5965515e-17	0	331.54733
2.8544999999999574e-10	0.23186019	0.005707667	0.9726783	-3.5965515e-17	0	331.54733
2.8554999999999577e-10	0.23178355	0.005744825	0.97269666	-3.596554e-17	0	331.54733
2.856499999999958e-10	0.23170668	0.0057810154	0.972715	-3.5965555e-17	0	331.54733
2.8574999999999583e-10	0.23162961	0.00581624	0.9727334	-3.5965558e-17	0	331.54733
2.8584999999999586e-10	0.23155233	0.0058504976	0.9727516	-3.596557e-17	0	331.54733
2.859499999999959e-10	0.23147488	0.005883789	0.9727702	-3.596557e-17	0	331.54733
2.860499999999959e-10	0.23139724	0.0059161144	0.9727887	-3.5965598e-17	0	331.54733
2.8614999999999596e-10	0.23131946	0.0059474753	0.9728072	-3.59656e-17	0	331.54733
2.86249999999996e-10	0.2312415	0.005977871	0.9728258	-3.5965624e-17	0	331.54733
2.86349999999996e-10	0.23116337	0.006007304	0.9728445	-3.5965654e-17	0	331.54733
2.8644999999999605e-10	0.23108514	0.0060357735	0.9728631	-3.5965644e-17	0	331.54733
2.865499999999961e-10	0.2310068	0.006063282	0.97288173	-3.5965654e-17	0	331.54733
2.866499999999961e-10	0.23092833	0.0060898303	0.97290045	-3.596567e-17	0	331.54733
2.8674999999999614e-10	0.23084977	0.0061154193	0.9729192	-3.596567e-17	0	331.54733
2.8684999999999617e-10	0.23077111	0.0061400514	0.9729379	-3.5965687e-17	0	331.54733
2.869499999999962e-10	0.2306924	0.0061637275	0.97295666	-3.5965697e-17	0	331.54733
2.8704999999999623e-10	0.23061359	0.006186449	0.9729754	-3.5965704e-17	0	331.54733
2.8714999999999626e-10	0.23053475	0.006208218	0.97299415	-3.5965717e-17	0	331.54733
2.872499999999963e-10	0.23045585	0.006229037	0.97301304	-3.5965727e-17	0	331.54733
2.873499999999963e-10	0.2303769	0.0062489077	0.97303176	-3.5965747e-17	0	331.54733
2.8744999999999636e-10	0.23029798	0.006267832	0.9730506	-3.5965767e-17	0	331.54733
2.875499999999964e-10	0.23021904	0.006285812	0.9730693	-3.5965777e-17	0	331.54733
2.876499999999964e-10	0.23014008	0.006302851	0.97308815	-3.5965773e-17	0	331.54733
2.8774999999999645e-10	0.23006114	0.006318951	0.973107	-3.5965793e-17	0	331.54733
2.878499999999965e-10	0.22998221	0.006334115	0.9731258	-3.596581e-17	0	331.54733
2.879499999999965e-10	0.22990331	0.0063483454	0.97314453	-3.5965816e-17	0	331.54733
2.8804999999999654e-10	0.22982445	0.006361645	0.9731633	-3.596583e-17	0	331.54733
2.8814999999999657e-10	0.22974567	0.0063740164	0.9731821	-3.596583e-17	0	331.54733
2.882499999999966e-10	0.22966693	0.006385463	0.97320074	-3.5965853e-17	0	331.54733
2.8834999999999663e-10	0.22958827	0.006395989	0.97321945	-3.5965863e-17	0	331.54733
2.8844999999999666e-10	0.22950971	0.006405596	0.97323817	-3.5965866e-17	0	331.54733
2.885499999999967e-10	0.22943121	0.006414289	0.97325677	-3.5965886e-17	0	331.54733
2.886499999999967e-10	0.22935283	0.006422071	0.9732755	-3.5965886e-17	0	331.54733
2.8874999999999675e-10	0.22927457	0.006428945	0.97329414	-3.5965896e-17	0	331.54733
2.888499999999968e-10	0.22919641	0.006434915	0.97331274	-3.5965906e-17	0	331.54733
2.889499999999968e-10	0.2291184	0.006439985	0.9733313	-3.5965926e-17	0	331.54733
2.8904999999999685e-10	0.22904053	0.006444159	0.97334975	-3.5965935e-17	0	331.54733
2.891499999999969e-10	0.22896281	0.006447441	0.9733683	-3.596594e-17	0	331.54733
2.892499999999969e-10	0.22888526	0.006449835	0.97338676	-3.5965955e-17	0	331.54733
2.8934999999999694e-10	0.2288079	0.0064513455	0.97340524	-3.596598e-17	0	331.54733
2.8944999999999697e-10	0.2287307	0.0064519756	0.9734234	-3.5965985e-17	0	331.54733
2.89549999999997e-10	0.2286537	0.0064517315	0.9734418	-3.5965995e-17	0	331.54733
2.8964999999999703e-10	0.2285769	0.006450617	0.97345996	-3.5966e-17	0	331.54733
2.8974999999999706e-10	0.2285003	0.0064486368	0.9734782	-3.5966005e-17	0	331.54733
2.898499999999971e-10	0.22842391	0.0064457953	0.97349644	-3.5966018e-17	0	331.54733
2.899499999999971e-10	0.22834778	0.006442097	0.9735145	-3.5966028e-17	0	331.54733
2.9004999999999715e-10	0.22827189	0.006437548	0.97353256	-3.596604e-17	0	331.54733
2.901499999999972e-10	0.22819623	0.0064321524	0.97355056	-3.5966048e-17	0	331.54733
2.902499999999972e-10	0.22812082	0.0064259153	0.9735685	-3.5966064e-17	0	331.54733
2.9034999999999724e-10	0.22804567	0.006418842	0.9735863	-3.5966078e-17	0	331.54733
2.904499999999973e-10	0.22797081	0.0064109373	0.97360414	-3.596606e-17	0	331.54733
2.905499999999973e-10	0.22789624	0.006402207	0.97362185	-3.5966098e-17	0	331.54733
2.9064999999999734e-10	0.22782195	0.0063926573	0.9736395	-3.596609e-17	0	331.54733
2.9074999999999737e-10	0.22774795	0.0063822926	0.9736571	-3.5966104e-17	0	331.54733
2.908499999999974e-10	0.22767426	0.006371118	0.97367465	-3.5966127e-17	0	331.54733
2.9094999999999743e-10	0.2276009	0.0063591404	0.973692	-3.5966137e-17	0	331.54733
2.9104999999999746e-10	0.22752786	0.006346365	0.9737094	-3.5966124e-17	0	331.54733
2.911499999999975e-10	0.22745515	0.0063327984	0.97372663	-3.5966157e-17	0	331.54733
2.912499999999975e-10	0.22738278	0.006318445	0.9737439	-3.5966164e-17	0	331.54733
2.9134999999999755e-10	0.22731078	0.0063033123	0.97376096	-3.5966167e-17	0	331.54733
2.914499999999976e-10	0.22723912	0.006287405	0.973778	-3.596617e-17	0	331.54733
2.915499999999976e-10	0.22716781	0.0062707304	0.97379494	-3.5966187e-17	0	331.54733
2.9164999999999764e-10	0.22709687	0.0062532932	0.97381186	-3.5966197e-17	0	331.54733
2.917499999999977e-10	0.22702634	0.0062351013	0.9738286	-3.5966203e-17	0	331.54733
2.918499999999977e-10	0.2269516	0.0062338393	0.97384626	-3.625747e-17	0	330.28412
2.9194999999999774e-10	0.2268771	0.0062317285	0.97386384	-3.6257484e-17	0	330.28412
2.9204999999999777e-10	0.22680278	0.006228772	0.97388136	-3.6257484e-17	0	330.28412
2.921499999999978e-10	0.2267287	0.006224976	0.97389877	-3.6257503e-17	0	330.28412
2.9224999999999783e-10	0.22665483	0.0062203435	0.97391623	-3.6257517e-17	0	330.28412
2.9234999999999786e-10	0.22658122	0.0062148813	0.9739336	-3.625752e-17	0	330.28412
2.924499999999979e-10	0.22650786	0.006208594	0.97395074	-3.6257533e-17	0	330.28412
2.925499999999979e-10	0.22643475	0.0062014856	0.973968	-3.6257536e-17	0	330.28412
2.9264999999999795e-10	0.22636193	0.0061935615	0.9739852	-3.625756e-17	0	330.28412
2.92749999999998e-10	0.22628939	0.006184829	0.97400236	-3.625756e-17	0	330.28412
2.92849999999998e-10	0.2262171	0.0061752913	0.97401935	-3.6257556e-17	0	330.28412
2.9294999999999804e-10	0.22614513	0.0061649536	0.97403634	-3.6257573e-17	0	330.28412
2.9304999999999807e-10	0.22607347	0.0061538233	0.97405314	-3.6257593e-17	0	330.28412
2.931499999999981e-10	0.2260021	0.0061419043	0.97407	-3.62576e-17	0	330.28412
2.9324999999999813e-10	0.2259311	0.0061292034	0.9740868	-3.6257593e-17	0	330.28412
2.9334999999999816e-10	0.22586039	0.0061157253	0.9741034	-3.625761e-17	0	330.28412
2.934499999999982e-10	0.22579	0.0061014765	0.97411996	-3.6257623e-17	0	330.28412
2.9354999999999823e-10	0.22571999	0.006086463	0.9741365	-3.625764e-17	0	330.28412
2.9364999999999826e-10	0.22565028	0.00607069	0.9741529	-3.625764e-17	0	330.28412
2.937499999999983e-10	0.22558098	0.006054166	0.9741692	-3.6257646e-17	0	330.28412
2.938499999999983e-10	0.22551203	0.0060368944	0.9741855	-3.6257656e-17	0	330.28412
2.9394999999999835e-10	0.22544345	0.0060188817	0.9742017	-3.6257662e-17	0	330.28412
2.940499999999984e-10	0.22537525	0.006000135	0.9742178	-3.6257672e-17	0	330.28412
2.941499999999984e-10	0.22530748	0.0059806616	0.9742336	-3.625768e-17	0	330.28412
2.9424999999999844e-10	0.22524007	0.005960465	0.9742496	-3.6257675e-17	0	330.28412
2.9434999999999847e-10	0.22517306	0.0059395544	0.97426534	-3.62577e-17	0	330.28412
2.944499999999985e-10	0.22510648	0.0059179356	0.974281	-3.6257715e-17	0	330.28412
2.9454999999999853e-10	0.22504032	0.0058956146	0.97429657	-3.625771e-17	0	330.28412
2.9464999999999856e-10	0.22497456	0.0058725993	0.97431207	-3.6257725e-17	0	330.28412
2.947499999999986e-10	0.22490926	0.0058488944	0.9743275	-3.6257732e-17	0	330.28412
2.948499999999986e-10	0.2248444	0.00582451	0.97434276	-3.625774e-17	0	330.28412
2.9494999999999866e-10	0.22477998	0.0057994486	0.9743579	-3.625776e-17	0	330.28412
2.950499999999987e-10	0.22471601	0.0057737203	0.974373	-3.625776e-17	0	330.28412
2.951499999999987e-10	0.22465247	0.0057473322	0.9743879	-3.6257755e-17	0	330.28412
2.9524999999999875e-10	0.22458944	0.0057202894	0.9744027	-3.6257778e-17	0	330.28412
2.953499999999988e-10	0.22452684	0.0056926007	0.9744175	-3.6257768e-17	0	330.28412
2.954499999999988e-10	0.22446474	0.0056642713	0.97443205	-3.6257798e-17	0	330.28412
2.9554999999999884e-10	0.22440314	0.0056353104	0.97444654	-3.625779e-17	0	330.28412
2.9564999999999887e-10	0.22434202	0.005605724	0.97446096	-3.625779e-17	0	330.28412
2.957499999999989e-10	0.2242814	0.005575521	0.97447526	-3.625781e-17	0	330.28412
2.9584999999999893e-10	0.22422126	0.0055447062	0.97448933	-3.625782e-17	0	330.28412
2.9594999999999896e-10	0.22416164	0.0055132895	0.9745035	-3.6257834e-17	0	330.28412
2.96049999999999e-10	0.22410254	0.005481277	0.97451735	-3.6257847e-17	0	330.28412
2.96149999999999e-10	0.22404397	0.005448676	0.9745311	-3.6257847e-17	0	330.28412
2.9624999999999905e-10	0.22398591	0.0054154946	0.97454476	-3.6257838e-17	0	330.28412
2.963499999999991e-10	0.22392838	0.00538174	0.9745583	-3.6257864e-17	0	330.28412
2.964499999999991e-10	0.22387137	0.0053474205	0.97457176	-3.6257857e-17	0	330.28412
2.9654999999999915e-10	0.2238149	0.0053125424	0.97458506	-3.625786e-17	0	330.28412
2.966499999999992e-10	0.223759	0.0052771154	0.9745982	-3.6257887e-17	0	330.28412
2.967499999999992e-10	0.22370365	0.005241145	0.97461116	-3.625788e-17	0	330.28412
2.9684999999999924e-10	0.22364882	0.0052046403	0.9746241	-3.6257897e-17	0	330.28412
2.9694999999999927e-10	0.22359456	0.0051676086	0.9746369	-3.6257904e-17	0	330.28412
2.970499999999993e-10	0.2235409	0.0051300586	0.9746496	-3.6257904e-17	0	330.28412
2.9714999999999933e-10	0.22348778	0.0050919973	0.974662	-3.6257917e-17	0	330.28412
2.9724999999999936e-10	0.22343522	0.0050534317	0.97467434	-3.6257917e-17	0	330.28412
2.973499999999994e-10	0.22338328	0.005014372	0.97468656	-3.6257934e-17	0	330.28412
2.974499999999994e-10	0.22333187	0.004974825	0.9746987	-3.6257943e-17	0	330.28412
2.9754999999999945e-10	0.22328109	0.004934798	0.97471076	-3.625794e-17	0	330.28412
2.976499999999995e-10	0.22323087	0.0048943	0.9747225	-3.6257953e-17	0	330.28412
2.977499999999995e-10	0.22318123	0.0048533385	0.9747342	-3.6257953e-17	0	330.28412
2.9784999999999955e-10	0.2231322	0.004811921	0.97474575	-3.6257973e-17	0	330.28412
2.979499999999996e-10	0.22308381	0.0047700577	0.9747572	-3.625798e-17	0	330.28412
2.980499999999996e-10	0.223036	0.004727754	0.9747684	-3.6257983e-17	0	330.28412
2.9814999999999964e-10	0.22298877	0.0046850205	0.97477955	-3.6257986e-17	0	330.28412
2.9824999999999967e-10	0.22294217	0.0046418635	0.9747904	-3.6257983e-17	0	330.28412
2.983499999999997e-10	0.22289617	0.004598291	0.9748013	-3.6258003e-17	0	330.28412
2.9844999999999973e-10	0.2228508	0.004554313	0.974812	-3.6258003e-17	0	330.28412
2.9854999999999976e-10	0.22280607	0.0045099366	0.97482246	-3.6258023e-17	0	330.28412
2.986499999999998e-10	0.22276194	0.004465169	0.97483283	-3.6258026e-17	0	330.28412
2.987499999999998e-10	0.22271845	0.0044200197	0.97484314	-3.6258016e-17	0	330.28412
2.9884999999999985e-10	0.22267559	0.004374497	0.9748533	-3.6258023e-17	0	330.28412
2.989499999999999e-10	0.22263336	0.0043286085	0.9748633	-3.6258056e-17	0	330.28412
2.990499999999999e-10	0.22259174	0.0042823623	0.97487295	-3.625805e-17	0	330.28412
2.9914999999999994e-10	0.22255081	0.004235767	0.9748826	-3.6258046e-17	0	330.28412
2.9925e-10	0.22251046	0.0041888314	0.9748921	-3.625806e-17	0	330.28412
2.9935e-10	0.22247076	0.0041415626	0.97490144	-3.6258063e-17	0	330.28412
2.994e-10	0.22245118	0.004117806	0.9749061	-3.6258063e-17	0	330.28412
2.9950000000000005e-10	0.22241245	0.004070054	0.9749152	-3.6258082e-17	0	330.28412
2.996000000000001e-10	0.2223744	0.004021989	0.9749241	-3.6258086e-17	0	330.28412
2.997000000000001e-10	0.22233695	0.0039736214	0.97493297	-3.6258076e-17	0	330.28412
2.9980000000000014e-10	0.2223002	0.003924958	0.9749417	-3.6258086e-17	0	330.28412
2.9990000000000017e-10	0.22226408	0.0038760079	0.97495	-3.62581e-17	0	330.28412
3.000000000000002e-10	0.22222862	0.0038267784	0.9749585	-3.6258112e-17	0	330.28412
3.0010000000000024e-10	0.22219379	0.0037772777	0.97496665	-3.625812e-17	0	330.28412
3.0020000000000027e-10	0.22215964	0.0037275152	0.9749747	-3.625812e-17	0	330.28412
3.003000000000003e-10	0.22212614	0.0036774979	0.9749826	-3.625813e-17	0	330.28412
3.0040000000000033e-10	0.22209331	0.0036272348	0.97499037	-3.625812e-17	0	330.28412
3.0050000000000036e-10	0.22206113	0.0035767339	0.97499794	-3.625814e-17	0	330.28412
3.006000000000004e-10	0.22202961	0.0035260038	0.9750054	-3.6258132e-17	0	330.28412
3.007000000000004e-10	0.22199878	0.0034750516	0.97501266	-3.6258145e-17	0	330.28412
3.0080000000000045e-10	0.22196856	0.003423887	0.97501975	-3.6258152e-17	0	330.28412
3.009000000000005e-10	0.22193904	0.003372517	0.9750268	-3.625817e-17	0	330.28412
3.010000000000005e-10	0.2219102	0.00332095	0.9750336	-3.6258162e-17	0	330.28412
3.0110000000000054e-10	0.22188197	0.0032691949	0.9750402	-3.625817e-17	0	330.28412
3.0120000000000057e-10	0.22185448	0.003217259	0.97504675	-3.6258172e-17	0	330.28412
3.013000000000006e-10	0.22182758	0.00316515	0.9750531	-3.6258185e-17	0	330.28412
3.0140000000000063e-10	0.22180142	0.0031128775	0.9750593	-3.6258182e-17	0	330.28412
3.0150000000000066e-10	0.22177587	0.0030604484	0.9750653	-3.6258205e-17	0	330.28412
3.016000000000007e-10	0.22175102	0.0030078716	0.97507113	-3.6258198e-17	0	330.28412
3.0170000000000073e-10	0.22172679	0.002955154	0.9750768	-3.6258195e-17	0	330.28412
3.0180000000000076e-10	0.22170123	0.0029106434	0.9750829	-3.6538993e-17	0	329.0715
3.019000000000008e-10	0.22167423	0.002874276	0.9750892	-3.6538983e-17	0	329.0715
3.020000000000008e-10	0.2216477	0.002837697	0.9750952	-3.6538986e-17	0	329.0715
3.0210000000000085e-10	0.22162163	0.0028009126	0.97510135	-3.6539013e-17	0	329.0715
3.022000000000009e-10	0.22159608	0.0027639281	0.9751074	-3.6539006e-17	0	329.0715
3.023000000000009e-10	0.22157103	0.0027267507	0.97511315	-3.653901e-17	0	329.0715
3.0240000000000094e-10	0.22154646	0.0026893858	0.975119	-3.6539013e-17	0	329.0715
3.0250000000000097e-10	0.22152239	0.0026518402	0.97512454	-3.6539013e-17	0	329.0715
3.02600000000001e-10	0.22149879	0.0026141198	0.97513	-3.6539013e-17	0	329.0715
3.0270000000000103e-10	0.22147569	0.002576231	0.9751355	-3.653902e-17	0	329.0715
3.0280000000000106e-10	0.22145312	0.0025381795	0.9751406	-3.653903e-17	0	329.0715
3.029000000000011e-10	0.22143099	0.002499972	0.97514576	-3.6539026e-17	0	329.0715
3.030000000000011e-10	0.22140941	0.0024616136	0.9751508	-3.653904e-17	0	329.0715
3.0310000000000116e-10	0.2213883	0.0024231123	0.97515583	-3.653904e-17	0	329.0715
3.032000000000012e-10	0.22136769	0.0023844722	0.9751606	-3.6539043e-17	0	329.0715
3.033000000000012e-10	0.22134757	0.0023457007	0.97516525	-3.653904e-17	0	329.0715
3.0340000000000125e-10	0.22132799	0.0023068038	0.9751699	-3.653905e-17	0	329.0715
3.035000000000013e-10	0.22130886	0.002267787	0.9751743	-3.6539062e-17	0	329.0715
3.036000000000013e-10	0.22129026	0.0022286566	0.9751787	-3.6539046e-17	0	329.0715
3.0370000000000134e-10	0.22127216	0.002189419	0.97518283	-3.653907e-17	0	329.0715
3.0380000000000137e-10	0.22125453	0.0021500797	0.9751869	-3.6539066e-17	0	329.0715
3.039000000000014e-10	0.22123742	0.0021106456	0.975191	-3.6539072e-17	0	329.0715
3.0400000000000143e-10	0.22122079	0.0020711215	0.9751948	-3.6539066e-17	0	329.0715
3.0410000000000146e-10	0.22120467	0.0020315144	0.97519857	-3.653908e-17	0	329.0715
3.042000000000015e-10	0.22118904	0.0019918298	0.97520226	-3.653908e-17	0	329.0715
3.043000000000015e-10	0.22117393	0.0019520738	0.9752057	-3.6539096e-17	0	329.0715
3.0440000000000155e-10	0.2211593	0.0019122522	0.9752092	-3.6539082e-17	0	329.0715
3.045000000000016e-10	0.22114515	0.0018723707	0.97521245	-3.65391e-17	0	329.0715
3.046000000000016e-10	0.22113152	0.001832436	0.9752157	-3.6539086e-17	0	329.0715
3.0470000000000165e-10	0.22111838	0.0017924531	0.97521865	-3.65391e-17	0	329.0715
3.048000000000017e-10	0.22110572	0.0017524284	0.9752217	-3.6539102e-17	0	329.0715
3.049000000000017e-10	0.22109358	0.0017123672	0.97522455	-3.65391e-17	0	329.0715
3.0500000000000174e-10	0.22108191	0.0016722756	0.9752272	-3.65391e-17	0	329.0715
3.0510000000000177e-10	0.22107077	0.0016321596	0.97522986	-3.6539115e-17	0	329.0715
3.052000000000018e-10	0.22106007	0.0015920245	0.97523224	-3.6539096e-17	0	329.0715
3.0530000000000183e-10	0.22104989	0.0015518763	0.9752347	-3.6539115e-17	0	329.0715
3.0540000000000186e-10	0.22104019	0.0015117207	0.97523695	-3.6539115e-17	0	329.0715
3.055000000000019e-10	0.22103097	0.001471563	0.97523916	-3.653912e-17	0	329.0715
3.056000000000019e-10	0.22102223	0.0014314092	0.9752412	-3.6539112e-17	0	329.0715
3.0570000000000195e-10	0.22101402	0.0013912651	0.9752431	-3.6539125e-17	0	329.0715
3.05800000000002e-10	0.22100623	0.0013511353	0.9752449	-3.653912e-17	0	329.0715
3.05900000000002e-10	0.22099897	0.0013110264	0.97524667	-3.6539125e-17	0	329.0715
3.0600000000000205e-10	0.22099218	0.0012709433	0.9752482	-3.6539132e-17	0	329.0715
3.061000000000021e-10	0.22098586	0.0012308918	0.97524965	-3.6539135e-17	0	329.0715
3.062000000000021e-10	0.22098002	0.0011908773	0.9752511	-3.6539132e-17	0	329.0715
3.0630000000000214e-10	0.22097462	0.001150905	0.97525233	-3.6539145e-17	0	329.0715
3.0640000000000217e-10	0.22096975	0.0011109804	0.9752534	-3.6539152e-17	0	329.0715
3.065000000000022e-10	0.22096534	0.0010711089	0.9752544	-3.6539145e-17	0	329.0715
3.0660000000000223e-10	0.22096139	0.0010312956	0.97525537	-3.6539162e-17	0	329.0715
3.0670000000000226e-10	0.22095793	0.0009915461	0.9752562	-3.6539152e-17	0	329.0715
3.068000000000023e-10	0.2209549	0.0009518653	0.975257	-3.6539162e-17	0	329.0715
3.069000000000023e-10	0.22095236	0.0009122586	0.9752575	-3.6539152e-17	0	329.0715
3.0700000000000235e-10	0.22095029	0.000872731	0.97525805	-3.653917e-17	0	329.0715
3.071000000000024e-10	0.22094867	0.00083328784	0.9752584	-3.6539165e-17	0	329.0715
3.072000000000024e-10	0.2209475	0.0007939341	0.9752587	-3.653917e-17	0	329.0715
3.0730000000000244e-10	0.22094679	0.00075467484	0.97525895	-3.653917e-17	0	329.0715
3.074000000000025e-10	0.22094652	0.0007155148	0.97525895	-3.653918e-17	0	329.0715
3.075000000000025e-10	0.22094673	0.0006764594	0.9752589	-3.6539185e-17	0	329.0715
3.0760000000000254e-10	0.22094738	0.0006375133	0.9752587	-3.6539188e-17	0	329.0715
3.0770000000000257e-10	0.22094849	0.0005986814	0.97525847	-3.653919e-17	0	329.0715
3.078000000000026e-10	0.22095002	0.00055996847	0.9752581	-3.653919e-17	0	329.0715
3.0790000000000263e-10	0.220952	0.0005213794	0.97525764	-3.6539188e-17	0	329.0715
3.0800000000000266e-10	0.22095442	0.0004829188	0.97525716	-3.653918e-17	0	329.0715
3.081000000000027e-10	0.22095725	0.00044459154	0.9752565	-3.6539195e-17	0	329.0715
3.082000000000027e-10	0.22096054	0.00040640234	0.9752557	-3.6539195e-17	0	329.0715
3.0830000000000275e-10	0.22096428	0.00036835572	0.9752549	-3.6539205e-17	0	329.0715
3.084000000000028e-10	0.22096841	0.00033045636	0.975254	-3.653921e-17	0	329.0715
3.085000000000028e-10	0.22097299	0.00029270875	0.9752529	-3.6539205e-17	0	329.0715
3.0860000000000284e-10	0.22097796	0.0002551173	0.9752518	-3.6539215e-17	0	329.0715
3.0870000000000287e-10	0.22098339	0.00021768657	0.9752505	-3.6539198e-17	0	329.0715
3.088000000000029e-10	0.22098923	0.00018042089	0.9752491	-3.6539205e-17	0	329.0715
3.0890000000000293e-10	0.22099549	0.00014332471	0.97524774	-3.6539215e-17	0	329.0715
3.0900000000000297e-10	0.22100216	0.00010640219	0.97524625	-3.6539215e-17	0	329.0715
3.09100000000003e-10	0.2210092	6.965769e-05	0.9752445	-3.6539218e-17	0	329.0715
3.0920000000000303e-10	0.22101668	3.309543e-05	0.97524285	-3.6539228e-17	0	329.0715
3.0930000000000306e-10	0.22102456	-3.2803528e-06	0.97524107	-3.6539234e-17	0	329.0715
3.094000000000031e-10	0.2210328	-3.9465656e-05	0.97523916	-3.653923e-17	0	329.0715
3.095000000000031e-10	0.22104147	-7.5456446e-05	0.9752371	-3.6539238e-17	0	329.0715
3.0960000000000315e-10	0.22105055	-0.0001112486	0.97523504	-3.6539228e-17	0	329.0715
3.097000000000032e-10	0.22105998	-0.0001468382	0.9752328	-3.6539234e-17	0	329.0715
3.098000000000032e-10	0.22106981	-0.00018222122	0.9752305	-3.653923e-17	0	329.0715
3.0990000000000324e-10	0.22108003	-0.00021739391	0.9752282	-3.6539238e-17	0	329.0715
3.1000000000000327e-10	0.22109063	-0.00025235247	0.9752257	-3.6539238e-17	0	329.0715
3.101000000000033e-10	0.22110158	-0.000287093	0.9752232	-3.653925e-17	0	329.0715
3.1020000000000333e-10	0.2211129	-0.00032161185	0.9752206	-3.653924e-17	0	329.0715
3.1030000000000336e-10	0.22112462	-0.0003559054	0.9752178	-3.6539248e-17	0	329.0715
3.104000000000034e-10	0.2211367	-0.00038996994	0.9752151	-3.653925e-17	0	329.0715
3.105000000000034e-10	0.22114912	-0.00042380195	0.9752122	-3.6539268e-17	0	329.0715
3.1060000000000346e-10	0.22116193	-0.0004573978	0.97520924	-3.653925e-17	0	329.0715
3.107000000000035e-10	0.22117504	-0.00049075426	0.97520614	-3.6539258e-17	0	329.0715
3.108000000000035e-10	0.22118855	-0.0005238676	0.9752031	-3.653926e-17	0	329.0715
3.1090000000000355e-10	0.22120237	-0.00055673457	0.9751999	-3.6539268e-17	0	329.0715
3.110000000000036e-10	0.22121654	-0.0005893519	0.9751967	-3.6539258e-17	0	329.0715
3.111000000000036e-10	0.22123107	-0.0006217164	0.97519326	-3.6539278e-17	0	329.0715
3.1120000000000364e-10	0.22124591	-0.00065382477	0.9751898	-3.6539268e-17	0	329.0715
3.1130000000000367e-10	0.22126108	-0.0006856739	0.9751864	-3.6539268e-17	0	329.0715
3.114000000000037e-10	0.22127661	-0.00071726076	0.9751828	-3.6539268e-17	0	329.0715
3.1150000000000373e-10	0.22129242	-0.00074858207	0.975179	-3.653928e-17	0	329.0715
3.1160000000000376e-10	0.22130857	-0.0007796351	0.9751753	-3.6539274e-17	0	329.0715
3.117000000000038e-10	0.22132504	-0.0008104169	0.97517157	-3.6539274e-17	0	329.0715
3.118000000000038e-10	0.22134002	-0.00083290186	0.9751681	-3.680942e-17	0	327.9074
3.1190000000000386e-10	0.22135341	-0.0008471518	0.97516495	-3.680942e-17	0	327.9074
3.120000000000039e-10	0.2213669	-0.00086120894	0.9751618	-3.6809415e-17	0	327.9074
3.121000000000039e-10	0.22138053	-0.0008750723	0.9751587	-3.6809418e-17	0	327.9074
3.1220000000000395e-10	0.22139429	-0.00088874117	0.97515553	-3.680943e-17	0	327.9074
3.12300000000004e-10	0.22140813	-0.0009022144	0.9751523	-3.680943e-17	0	327.9074
3.12400000000004e-10	0.2214221	-0.0009154914	0.975149	-3.6809435e-17	0	327.9074
3.1250000000000404e-10	0.2214362	-0.0009285711	0.9751457	-3.680943e-17	0	327.9074
3.1260000000000407e-10	0.22145043	-0.00094145286	0.9751426	-3.680943e-17	0	327.9074
3.127000000000041e-10	0.22146474	-0.00095413614	0.9751392	-3.6809435e-17	0	327.9074
3.1280000000000413e-10	0.22147919	-0.00096662	0.9751358	-3.680943e-17	0	327.9074
3.1290000000000416e-10	0.22149372	-0.0009789036	0.97513247	-3.6809428e-17	0	327.9074
3.130000000000042e-10	0.22150835	-0.0009909865	0.9751291	-3.6809435e-17	0	327.9074
3.131000000000042e-10	0.22152309	-0.001002868	0.9751258	-3.680945e-17	0	327.9074
3.1320000000000425e-10	0.22153793	-0.0010145477	0.9751222	-3.6809448e-17	0	327.9074
3.133000000000043e-10	0.22155288	-0.0010260247	0.97511876	-3.680943e-17	0	327.9074
3.134000000000043e-10	0.2215679	-0.0010372987	0.9751153	-3.6809438e-17	0	327.9074
3.1350000000000435e-10	0.22158302	-0.001048369	0.9751117	-3.6809448e-17	0	327.9074
3.136000000000044e-10	0.22159822	-0.0010592352	0.9751083	-3.680945e-17	0	327.9074
3.137000000000044e-10	0.2216135	-0.0010698972	0.97510475	-3.680944e-17	0	327.9074
3.1380000000000444e-10	0.22162887	-0.0010803541	0.9751012	-3.6809438e-17	0	327.9074
3.1390000000000447e-10	0.22164433	-0.0010906057	0.97509766	-3.6809445e-17	0	327.9074
3.140000000000045e-10	0.22165987	-0.0011006518	0.97509396	-3.680944e-17	0	327.9074
3.1410000000000453e-10	0.22167544	-0.0011104919	0.9750904	-3.6809445e-17	0	327.9074
3.1420000000000456e-10	0.22169113	-0.0011201255	0.9750867	-3.680944e-17	0	327.9074
3.143000000000046e-10	0.22170687	-0.0011295528	0.9750831	-3.6809445e-17	0	327.9074
3.144000000000046e-10	0.22172266	-0.0011387733	0.97507936	-3.6809458e-17	0	327.9074
3.1450000000000465e-10	0.22173855	-0.0011477869	0.9750758	-3.6809445e-17	0	327.9074
3.146000000000047e-10	0.22175449	-0.0011565932	0.9750721	-3.6809455e-17	0	327.9074
3.147000000000047e-10	0.22177048	-0.0011651925	0.97506833	-3.680945e-17	0	327.9074
3.1480000000000474e-10	0.22178653	-0.0011735841	0.9750647	-3.680945e-17	0	327.9074
3.149000000000048e-10	0.22180265	-0.0011817686	0.9750608	-3.680945e-17	0	327.9074
3.150000000000048e-10	0.2218188	-0.0011897453	0.9750572	-3.6809448e-17	0	327.9074
3.1510000000000484e-10	0.22183502	-0.0011975147	0.97505337	-3.6809448e-17	0	327.9074
3.1520000000000487e-10	0.22185126	-0.0012050766	0.9750497	-3.6809455e-17	0	327.9074
3.153000000000049e-10	0.22186756	-0.0012124307	0.9750459	-3.6809455e-17	0	327.9074
3.1540000000000493e-10	0.22188391	-0.0012195775	0.975042	-3.6809458e-17	0	327.9074
3.1550000000000496e-10	0.22190027	-0.0012265173	0.97503823	-3.6809464e-17	0	327.9074
3.15600000000005e-10	0.2219167	-0.0012332494	0.9750345	-3.6809468e-17	0	327.9074
3.15700000000005e-10	0.22193316	-0.0012397749	0.97503066	-3.6809464e-17	0	327.9074
3.1580000000000505e-10	0.22194962	-0.0012460933	0.97502685	-3.6809455e-17	0	327.9074
3.159000000000051e-10	0.22196615	-0.001252205	0.975023	-3.6809468e-17	0	327.9074
3.160000000000051e-10	0.22198269	-0.0012581103	0.97501916	-3.680947e-17	0	327.9074
3.1610000000000514e-10	0.22199924	-0.0012638096	0.9750154	-3.6809468e-17	0	327.9074
3.1620000000000517e-10	0.22201583	-0.0012693028	0.97501147	-3.6809474e-17	0	327.9074
3.163000000000052e-10	0.22203243	-0.0012745904	0.97500765	-3.6809474e-17	0	327.9074
3.1640000000000524e-10	0.22204906	-0.0012796727	0.97500384	-3.6809474e-17	0	327.9074
3.1650000000000527e-10	0.22206569	-0.0012845506	0.97499996	-3.6809474e-17	0	327.9074
3.166000000000053e-10	0.22208233	-0.0012892236	0.974996	-3.6809474e-17	0	327.9074
3.1670000000000533e-10	0.222099	-0.0012936929	0.9749922	-3.680946e-17	0	327.9074
3.1680000000000536e-10	0.22211565	-0.0012979584	0.9749884	-3.6809474e-17	0	327.9074
3.169000000000054e-10	0.22213233	-0.001302021	0.9749845	-3.6809474e-17	0	327.9074
3.170000000000054e-10	0.22214901	-0.0013058807	0.9749806	-3.6809474e-17	0	327.9074
3.1710000000000545e-10	0.22216567	-0.0013095385	0.97497684	-3.6809474e-17	0	327.9074
3.172000000000055e-10	0.22218233	-0.0013129946	0.97497284	-3.6809474e-17	0	327.9074
3.173000000000055e-10	0.22219902	-0.0013162498	0.974969	-3.6809488e-17	0	327.9074
3.1740000000000554e-10	0.22221568	-0.0013193049	0.9749652	-3.6809474e-17	0	327.9074
3.1750000000000557e-10	0.22223234	-0.0013221601	0.9749614	-3.6809474e-17	0	327.9074
3.176000000000056e-10	0.22224897	-0.0013248163	0.97495747	-3.680948e-17	0	327.9074
3.1770000000000563e-10	0.2222656	-0.0013272739	0.9749536	-3.6809468e-17	0	327.9074
3.1780000000000566e-10	0.2222822	-0.0013295341	0.9749498	-3.6809488e-17	0	327.9074
3.179000000000057e-10	0.2222988	-0.0013315973	0.97494596	-3.680948e-17	0	327.9074
3.1800000000000573e-10	0.22231537	-0.001333464	0.9749421	-3.680949e-17	0	327.9074
3.1810000000000576e-10	0.22233193	-0.0013351354	0.9749383	-3.680949e-17	0	327.9074
3.182000000000058e-10	0.22234847	-0.0013366123	0.9749344	-3.6809494e-17	0	327.9074
3.183000000000058e-10	0.22236496	-0.0013378952	0.97493064	-3.6809498e-17	0	327.9074
3.1840000000000585e-10	0.22238146	-0.001338985	0.97492677	-3.6809488e-17	0	327.9074
3.185000000000059e-10	0.2223979	-0.0013398831	0.9749229	-3.680949e-17	0	327.9074
3.186000000000059e-10	0.22241428	-0.0013405897	0.9749192	-3.6809488e-17	0	327.9074
3.1870000000000594e-10	0.22243068	-0.001341106	0.97491527	-3.6809498e-17	0	327.9074
3.1880000000000597e-10	0.22244702	-0.0013414329	0.9749116	-3.6809478e-17	0	327.9074
3.18900000000006e-10	0.22246331	-0.0013415714	0.97490776	-3.6809494e-17	0	327.9074
3.1900000000000603e-10	0.2224796	-0.0013415223	0.97490406	-3.6809494e-17	0	327.9074
3.1910000000000606e-10	0.2224958	-0.0013412867	0.97490036	-3.680949e-17	0	327.9074
3.192000000000061e-10	0.22251195	-0.0013408656	0.97489643	-3.680949e-17	0	327.9074
3.193000000000061e-10	0.22252807	-0.0013402603	0.9748928	-3.6809494e-17	0	327.9074
3.1940000000000616e-10	0.22254413	-0.0013394715	0.97488904	-3.6809498e-17	0	327.9074
3.195000000000062e-10	0.22256017	-0.0013385005	0.9748854	-3.6809484e-17	0	327.9074
3.196000000000062e-10	0.22257614	-0.0013373484	0.97488165	-3.680949e-17	0	327.9074
3.1970000000000625e-10	0.22259201	-0.001336016	0.97487783	-3.680949e-17	0	327.9074
3.198000000000063e-10	0.22260791	-0.0013345048	0.97487426	-3.6809488e-17	0	327.9074
3.199000000000063e-10	0.22262366	-0.0013328159	0.97487056	-3.6809498e-17	0	327.9074
3.2000000000000634e-10	0.22263941	-0.0013309501	0.9748669	-3.6809504e-17	0	327.9074
3.2010000000000637e-10	0.22265509	-0.001328909	0.9748633	-3.68095e-17	0	327.9074
3.202000000000064e-10	0.22267072	-0.0013266933	0.9748597	-3.6809504e-17	0	327.9074
3.2030000000000643e-10	0.22268625	-0.001324305	0.97485614	-3.6809498e-17	0	327.9074
3.2040000000000646e-10	0.22270171	-0.0013217449	0.9748525	-3.68095e-17	0	327.9074
3.205000000000065e-10	0.2227171	-0.001319014	0.974849	-3.6809494e-17	0	327.9074
3.206000000000065e-10	0.22273244	-0.0013161144	0.97484547	-3.6809498e-17	0	327.9074
3.2070000000000655e-10	0.2227477	-0.0013130468	0.9748419	-3.6809507e-17	0	327.9074
3.208000000000066e-10	0.22276288	-0.0013098123	0.9748383	-3.6809504e-17	0	327.9074
3.209000000000066e-10	0.22277798	-0.0013064125	0.9748349	-3.6809498e-17	0	327.9074
3.2100000000000665e-10	0.222793	-0.0013028489	0.9748314	-3.6809504e-17	0	327.9074
3.211000000000067e-10	0.22280796	-0.0012991228	0.9748279	-3.6809504e-17	0	327.9074
3.212000000000067e-10	0.2228228	-0.0012952352	0.9748245	-3.6809507e-17	0	327.9074
3.2130000000000674e-10	0.22283757	-0.001291188	0.9748211	-3.6809504e-17	0	327.9074
3.2140000000000677e-10	0.22285226	-0.0012869826	0.97481763	-3.6809504e-17	0	327.9074
3.215000000000068e-10	0.22286688	-0.0012826201	0.9748143	-3.6809504e-17	0	327.9074
3.2160000000000683e-10	0.2228814	-0.001278102	0.9748109	-3.6809514e-17	0	327.9074
3.2170000000000686e-10	0.22289583	-0.00127343	0.97480756	-3.6809514e-17	0	327.9074
3.218000000000069e-10	0.22290844	-0.0012608495	0.9748047	-3.7069202e-17	0	326.78995
3.219000000000069e-10	0.22291912	-0.0012404248	0.97480226	-3.7069212e-17	0	326.78995
3.2200000000000695e-10	0.22292952	-0.0012199355	0.9747999	-3.7069202e-17	0	326.78995
3.22100000000007e-10	0.22293967	-0.0011993847	0.9747975	-3.706921e-17	0	326.78995
3.22200000000007e-10	0.22294955	-0.001178776	0.97479504	-3.7069206e-17	0	326.78995
3.2230000000000705e-10	0.22295916	-0.0011581122	0.97479296	-3.7069202e-17	0	326.78995
3.224000000000071e-10	0.22296849	-0.0011373971	0.97479075	-3.706921e-17	0	326.78995
3.225000000000071e-10	0.22297758	-0.001116634	0.9747887	-3.7069206e-17	0	326.78995
3.2260000000000714e-10	0.22298637	-0.0010958253	0.9747866	-3.7069212e-17	0	326.78995
3.2270000000000717e-10	0.22299491	-0.0010749752	0.9747847	-3.7069206e-17	0	326.78995
3.228000000000072e-10	0.22300321	-0.0010540865	0.9747827	-3.7069216e-17	0	326.78995
3.2290000000000723e-10	0.22301123	-0.0010331625	0.9747808	-3.7069226e-17	0	326.78995
3.2300000000000726e-10	0.22301896	-0.0010122062	0.9747791	-3.7069212e-17	0	326.78995
3.231000000000073e-10	0.22302645	-0.000991221	0.9747774	-3.706921e-17	0	326.78995
3.232000000000073e-10	0.22303364	-0.0009702102	0.9747757	-3.7069226e-17	0	326.78995
3.2330000000000735e-10	0.2230406	-0.00094917655	0.97477406	-3.7069222e-17	0	326.78995
3.234000000000074e-10	0.2230473	-0.0009281236	0.9747726	-3.7069226e-17	0	326.78995
3.235000000000074e-10	0.22305372	-0.000907054	0.974771	-3.706923e-17	0	326.78995
3.2360000000000744e-10	0.22305986	-0.00088597136	0.97476965	-3.7069226e-17	0	326.78995
3.237000000000075e-10	0.22306576	-0.0008648784	0.9747683	-3.7069222e-17	0	326.78995
3.238000000000075e-10	0.22307141	-0.0008437785	0.97476685	-3.7069222e-17	0	326.78995
3.2390000000000754e-10	0.22307679	-0.00082267437	0.9747656	-3.706923e-17	0	326.78995
3.2400000000000757e-10	0.22308189	-0.00080156943	0.97476447	-3.7069222e-17	0	326.78995
3.241000000000076e-10	0.22308677	-0.0007804664	0.9747633	-3.7069232e-17	0	326.78995
3.2420000000000763e-10	0.22309136	-0.0007593685	0.9747623	-3.706923e-17	0	326.78995
3.2430000000000766e-10	0.2230957	-0.00073827844	0.97476125	-3.706923e-17	0	326.78995
3.244000000000077e-10	0.22309978	-0.0007171994	0.9747603	-3.706923e-17	0	326.78995
3.245000000000077e-10	0.2231036	-0.0006961344	0.9747594	-3.706923e-17	0	326.78995
3.2460000000000775e-10	0.22310716	-0.0006750863	0.9747586	-3.7069236e-17	0	326.78995
3.247000000000078e-10	0.22311048	-0.00065405783	0.97475773	-3.7069232e-17	0	326.78995
3.248000000000078e-10	0.22311355	-0.0006330521	0.974757	-3.706923e-17	0	326.78995
3.2490000000000784e-10	0.22311637	-0.00061207195	0.97475636	-3.706924e-17	0	326.78995
3.2500000000000787e-10	0.22311892	-0.0005911203	0.97475576	-3.706923e-17	0	326.78995
3.251000000000079e-10	0.22312123	-0.0005701998	0.97475517	-3.7069236e-17	0	326.78995
3.2520000000000793e-10	0.22312328	-0.00054931344	0.97475475	-3.706924e-17	0	326.78995
3.2530000000000797e-10	0.22312507	-0.00052846404	0.9747543	-3.7069246e-17	0	326.78995
3.25400000000008e-10	0.22312666	-0.00050765433	0.97475386	-3.7069242e-17	0	326.78995
3.2550000000000803e-10	0.22312796	-0.00048688694	0.97475356	-3.7069246e-17	0	326.78995
3.2560000000000806e-10	0.22312903	-0.00046616478	0.9747534	-3.706925e-17	0	326.78995
3.257000000000081e-10	0.22312985	-0.0004454905	0.9747531	-3.706925e-17	0	326.78995
3.258000000000081e-10	0.22313046	-0.00042486668	0.9747529	-3.706924e-17	0	326.78995
3.2590000000000815e-10	0.22313078	-0.00040429612	0.9747528	-3.7069246e-17	0	326.78995
3.260000000000082e-10	0.22313088	-0.00038378144	0.9747528	-3.7069246e-17	0	326.78995
3.261000000000082e-10	0.22313076	-0.00036332532	0.9747528	-3.7069242e-17	0	326.78995
3.2620000000000824e-10	0.22313039	-0.00034293023	0.9747529	-3.706926e-17	0	326.78995
3.2630000000000827e-10	0.2231298	-0.00032259902	0.97475296	-3.706925e-17	0	326.78995
3.264000000000083e-10	0.22312894	-0.00030233394	0.97475314	-3.7069252e-17	0	326.78995
3.2650000000000833e-10	0.22312787	-0.0002821377	0.9747534	-3.706925e-17	0	326.78995
3.2660000000000836e-10	0.22312653	-0.00026201268	0.9747537	-3.7069255e-17	0	326.78995
3.267000000000084e-10	0.223125	-0.00024196142	0.974754	-3.7069255e-17	0	326.78995
3.268000000000084e-10	0.22312325	-0.0002219864	0.97475433	-3.706925e-17	0	326.78995
3.2690000000000846e-10	0.22312124	-0.00020209006	0.97475475	-3.7069262e-17	0	326.78995
3.270000000000085e-10	0.22311902	-0.0001822749	0.9747553	-3.7069265e-17	0	326.78995
3.271000000000085e-10	0.22311658	-0.00016254309	0.9747558	-3.7069252e-17	0	326.78995
3.2720000000000855e-10	0.2231139	-0.00014289716	0.97475636	-3.7069255e-17	0	326.78995
3.273000000000086e-10	0.22311102	-0.00012333947	0.9747571	-3.7069252e-17	0	326.78995
3.274000000000086e-10	0.2231079	-0.00010387209	0.97475773	-3.706925e-17	0	326.78995
3.2750000000000864e-10	0.2231046	-8.4497486e-05	0.9747585	-3.7069262e-17	0	326.78995
3.2760000000000867e-10	0.22310102	-6.5217915e-05	0.9747592	-3.706925e-17	0	326.78995
3.277000000000087e-10	0.22309728	-4.6035573e-05	0.97476006	-3.706927e-17	0	326.78995
3.2780000000000873e-10	0.22309333	-2.6952664e-05	0.974761	-3.706925e-17	0	326.78995
3.2790000000000876e-10	0.22308913	-7.9714155e-06	0.97476196	-3.706925e-17	0	326.78995
3.280000000000088e-10	0.22308475	1.090606e-05	0.9747629	-3.7069255e-17	0	326.78995
3.281000000000088e-10	0.22308016	2.967763e-05	0.974764	-3.7069252e-17	0	326.78995
3.2820000000000885e-10	0.22307535	4.834112e-05	0.97476506	-3.7069255e-17	0	326.78995
3.283000000000089e-10	0.22307032	6.689455e-05	0.9747663	-3.7069265e-17	0	326.78995
3.284000000000089e-10	0.22306514	8.533588e-05	0.9747674	-3.706926e-17	0	326.78995
3.2850000000000895e-10	0.22305971	0.000103663035	0.97476846	-3.7069255e-17	0	326.78995
3.28600000000009e-10	0.22305411	0.00012187406	0.97476983	-3.7069265e-17	0	326.78995
3.28700000000009e-10	0.2230483	0.00013996696	0.97477114	-3.7069255e-17	0	326.78995
3.2880000000000904e-10	0.22304232	0.00015793998	0.9747726	-3.7069272e-17	0	326.78995
3.2890000000000907e-10	0.22303614	0.00017579098	0.97477394	-3.7069275e-17	0	326.78995
3.290000000000091e-10	0.22302975	0.0001935182	0.9747754	-3.7069285e-17	0	326.78995
3.2910000000000913e-10	0.2230232	0.00021111983	0.97477686	-3.7069275e-17	0	326.78995
3.2920000000000916e-10	0.22301644	0.00022859403	0.97477835	-3.7069265e-17	0	326.78995
3.293000000000092e-10	0.2230095	0.00024593895	0.97478	-3.7069272e-17	0	326.78995
3.294000000000092e-10	0.22300237	0.00026315288	0.9747815	-3.7069275e-17	0	326.78995
3.2950000000000925e-10	0.22299507	0.0002802341	0.9747831	-3.706927e-17	0	326.78995
3.296000000000093e-10	0.2229876	0.00029718078	0.9747849	-3.7069272e-17	0	326.78995
3.297000000000093e-10	0.22297995	0.00031399133	0.9747867	-3.706928e-17	0	326.78995
3.2980000000000935e-10	0.2229721	0.00033066404	0.9747884	-3.7069265e-17	0	326.78995
3.299000000000094e-10	0.22296411	0.0003471974	0.9747902	-3.7069272e-17	0	326.78995
3.300000000000094e-10	0.22295594	0.00036358985	0.9747921	-3.706928e-17	0	326.78995
3.3010000000000944e-10	0.22294761	0.0003798396	0.974794	-3.7069275e-17	0	326.78995
3.3020000000000947e-10	0.2229391	0.0003959452	0.97479594	-3.7069275e-17	0	326.78995
3.303000000000095e-10	0.22293042	0.0004119053	0.9747979	-3.706928e-17	0	326.78995
3.3040000000000953e-10	0.2229216	0.00042771816	0.9747999	-3.7069282e-17	0	326.78995
3.3050000000000956e-10	0.22291261	0.00044338248	0.974802	-3.7069292e-17	0	326.78995
3.306000000000096e-10	0.22290345	0.00045889686	0.9748041	-3.7069282e-17	0	326.78995
3.307000000000096e-10	0.22289416	0.0004742599	0.97480613	-3.7069282e-17	0	326.78995
3.3080000000000965e-10	0.22288468	0.00048947014	0.97480834	-3.7069282e-17	0	326.78995
3.309000000000097e-10	0.22287512	0.0005045264	0.9748105	-3.706929e-17	0	326.78995
3.310000000000097e-10	0.22286533	0.00051942735	0.9748126	-3.7069262e-17	0	326.78995
3.3110000000000974e-10	0.22285545	0.00053417165	0.974815	-3.7069292e-17	0	326.78995
3.312000000000098e-10	0.2228454	0.0005487582	0.9748173	-3.7069295e-17	0	326.78995
3.313000000000098e-10	0.22283521	0.0005631857	0.97481954	-3.7069282e-17	0	326.78995
3.3140000000000984e-10	0.22282489	0.00057745306	0.9748219	-3.7069285e-17	0	326.78995
3.3150000000000987e-10	0.22281443	0.00059155904	0.9748243	-3.706928e-17	0	326.78995
3.316000000000099e-10	0.22280383	0.0006055025	0.9748267	-3.7069285e-17	0	326.78995
3.3170000000000993e-10	0.22279309	0.00061928236	0.97482926	-3.7069282e-17	0	326.78995
3.3180000000000996e-10	0.22278054	0.000640324	0.974832	-3.7319057e-17	0	325.71725
3.3190000000001e-10	0.22276601	0.0006685639	0.9748353	-3.731907e-17	0	325.71725
3.3200000000001e-10	0.22275117	0.00069655187	0.97483873	-3.7319074e-17	0	325.71725
3.3210000000001005e-10	0.22273606	0.0007242855	0.97484213	-3.7319064e-17	0	325.71725
3.322000000000101e-10	0.22272067	0.00075176184	0.97484565	-3.7319064e-17	0	325.71725
3.323000000000101e-10	0.22270498	0.0007789784	0.9748492	-3.7319067e-17	0	325.71725
3.3240000000001014e-10	0.22268903	0.00080593274	0.9748528	-3.7319077e-17	0	325.71725
3.3250000000001017e-10	0.22267279	0.00083262223	0.9748565	-3.731907e-17	0	325.71725
3.326000000000102e-10	0.22265631	0.0008590444	0.97486025	-3.7319077e-17	0	325.71725
3.3270000000001024e-10	0.22263956	0.000885197	0.9748641	-3.731907e-17	0	325.71725
3.3280000000001027e-10	0.22262254	0.0009110775	0.97486794	-3.7319074e-17	0	325.71725
3.329000000000103e-10	0.22260526	0.00093668373	0.9748719	-3.7319077e-17	0	325.71725
3.3300000000001033e-10	0.22258773	0.00096201367	0.9748758	-3.7319074e-17	0	325.71725
3.3310000000001036e-10	0.22256996	0.0009870649	0.97488	-3.7319077e-17	0	325.71725
3.332000000000104e-10	0.22255193	0.0010118354	0.97488403	-3.7319074e-17	0	325.71725
3.333000000000104e-10	0.22253364	0.001036323	0.9748883	-3.7319084e-17	0	325.71725
3.3340000000001045e-10	0.22251515	0.0010605258	0.9748924	-3.7319094e-17	0	325.71725
3.335000000000105e-10	0.22249642	0.0010844417	0.97489667	-3.7319084e-17	0	325.71725
3.336000000000105e-10	0.22247744	0.0011080687	0.974901	-3.7319094e-17	0	325.71725
3.3370000000001054e-10	0.22245827	0.0011314054	0.9749054	-3.7319097e-17	0	325.71725
3.3380000000001057e-10	0.22243881	0.0011544493	0.9749098	-3.7319097e-17	0	325.71725
3.339000000000106e-10	0.2224192	0.0011771993	0.97491425	-3.7319094e-17	0	325.71725
3.3400000000001063e-10	0.22239937	0.0011996535	0.9749188	-3.73191e-17	0	325.71725
3.3410000000001066e-10	0.2223793	0.0012218099	0.9749234	-3.7319097e-17	0	325.71725
3.342000000000107e-10	0.22235903	0.0012436673	0.9749279	-3.731909e-17	0	325.71725
3.3430000000001073e-10	0.22233857	0.001265224	0.97493255	-3.7319104e-17	0	325.71725
3.3440000000001076e-10	0.22231793	0.0012864786	0.9749373	-3.7319107e-17	0	325.71725
3.345000000000108e-10	0.22229707	0.0013074294	0.974942	-3.731912e-17	0	325.71725
3.346000000000108e-10	0.22227603	0.0013280754	0.97494674	-3.7319097e-17	0	325.71725
3.3470000000001085e-10	0.22225481	0.0013484152	0.9749517	-3.73191e-17	0	325.71725
3.348000000000109e-10	0.22223337	0.0013684474	0.97495645	-3.7319114e-17	0	325.71725
3.349000000000109e-10	0.22221178	0.0013881706	0.9749615	-3.7319104e-17	0	325.71725
3.3500000000001094e-10	0.22219005	0.001407584	0.97496635	-3.731912e-17	0	325.71725
3.3510000000001097e-10	0.22216815	0.0014266858	0.9749714	-3.73191e-17	0	325.71725
3.35200000000011e-10	0.22214603	0.001445476	0.9749764	-3.731912e-17	0	325.71725
3.3530000000001103e-10	0.2221238	0.0014639526	0.9749814	-3.7319124e-17	0	325.71725
3.3540000000001106e-10	0.22210139	0.0014821149	0.9749866	-3.7319107e-17	0	325.71725
3.355000000000111e-10	0.22207884	0.0014999624	0.97499174	-3.7319117e-17	0	325.71725
3.356000000000111e-10	0.22205612	0.0015174937	0.9749968	-3.7319114e-17	0	325.71725
3.3570000000001116e-10	0.22203328	0.0015347084	0.97500205	-3.7319124e-17	0	325.71725
3.358000000000112e-10	0.22201031	0.0015516054	0.9750073	-3.7319127e-17	0	325.71725
3.359000000000112e-10	0.22198719	0.0015681842	0.97501254	-3.7319127e-17	0	325.71725
3.3600000000001125e-10	0.22196393	0.0015844441	0.9750179	-3.731913e-17	0	325.71725
3.361000000000113e-10	0.22194055	0.0016003844	0.97502315	-3.7319124e-17	0	325.71725
3.362000000000113e-10	0.22191705	0.0016160044	0.97502863	-3.7319117e-17	0	325.71725
3.3630000000001134e-10	0.22189343	0.0016313039	0.9750339	-3.7319124e-17	0	325.71725
3.3640000000001137e-10	0.22186969	0.0016462824	0.97503936	-3.7319137e-17	0	325.71725
3.365000000000114e-10	0.22184584	0.0016609391	0.9750447	-3.7319133e-17	0	325.71725
3.3660000000001143e-10	0.22182187	0.0016752739	0.9750502	-3.731913e-17	0	325.71725
3.3670000000001146e-10	0.22179784	0.0016892867	0.97505563	-3.7319137e-17	0	325.71725
3.368000000000115e-10	0.22177371	0.001702977	0.9750612	-3.731913e-17	0	325.71725
3.369000000000115e-10	0.22174945	0.0017163447	0.97506666	-3.7319133e-17	0	325.71725
3.3700000000001155e-10	0.22172514	0.0017293894	0.97507215	-3.7319143e-17	0	325.71725
3.371000000000116e-10	0.2217007	0.0017421106	0.97507775	-3.731913e-17	0	325.71725
3.372000000000116e-10	0.22167619	0.001754509	0.97508335	-3.731914e-17	0	325.71725
3.3730000000001165e-10	0.22165161	0.0017665843	0.975089	-3.731914e-17	0	325.71725
3.374000000000117e-10	0.22162694	0.0017783367	0.9750945	-3.7319153e-17	0	325.71725
3.375000000000117e-10	0.2216022	0.0017897657	0.9751002	-3.731914e-17	0	325.71725
3.3760000000001174e-10	0.2215774	0.0018008717	0.9751058	-3.7319147e-17	0	325.71725
3.3770000000001177e-10	0.22155255	0.001811655	0.9751115	-3.7319137e-17	0	325.71725
3.378000000000118e-10	0.22152765	0.0018221159	0.97511715	-3.7319147e-17	0	325.71725
3.3790000000001183e-10	0.22150266	0.0018322542	0.9751228	-3.731915e-17	0	325.71725
3.3800000000001186e-10	0.22147766	0.0018420704	0.97512853	-3.7319143e-17	0	325.71725
3.381000000000119e-10	0.22145261	0.0018515647	0.97513425	-3.7319137e-17	0	325.71725
3.382000000000119e-10	0.22142747	0.0018607381	0.97514	-3.7319143e-17	0	325.71725
3.3830000000001195e-10	0.22140232	0.0018695904	0.9751457	-3.7319143e-17	0	325.71725
3.38400000000012e-10	0.22137716	0.0018781221	0.9751515	-3.731915e-17	0	325.71725
3.38500000000012e-10	0.22135194	0.001886334	0.9751572	-3.7319153e-17	0	325.71725
3.3860000000001204e-10	0.2213267	0.0018942268	0.9751629	-3.7319157e-17	0	325.71725
3.387000000000121e-10	0.22130142	0.0019018005	0.9751687	-3.731915e-17	0	325.71725
3.388000000000121e-10	0.22127613	0.0019090562	0.9751744	-3.7319147e-17	0	325.71725
3.3890000000001214e-10	0.22125083	0.0019159944	0.97518015	-3.7319157e-17	0	325.71725
3.3900000000001217e-10	0.22122553	0.0019226162	0.97518593	-3.731916e-17	0	325.71725
3.391000000000122e-10	0.22120021	0.0019289219	0.9751917	-3.7319157e-17	0	325.71725
3.3920000000001223e-10	0.2211749	0.0019349124	0.97519743	-3.7319167e-17	0	325.71725
3.3930000000001226e-10	0.22114956	0.0019405887	0.9752033	-3.731916e-17	0	325.71725
3.394000000000123e-10	0.22112426	0.001945952	0.975209	-3.731916e-17	0	325.71725
3.395000000000123e-10	0.22109893	0.0019510024	0.9752148	-3.731916e-17	0	325.71725
3.3960000000001235e-10	0.22107363	0.0019557416	0.9752205	-3.7319163e-17	0	325.71725
3.397000000000124e-10	0.22104833	0.0019601705	0.9752263	-3.7319163e-17	0	325.71725
3.398000000000124e-10	0.22102305	0.0019642897	0.97523206	-3.7319167e-17	0	325.71725
3.3990000000001244e-10	0.2209978	0.001968101	0.9752379	-3.7319163e-17	0	325.71725
3.400000000000125e-10	0.22097258	0.0019716055	0.9752436	-3.7319173e-17	0	325.71725
3.401000000000125e-10	0.2209474	0.0019748036	0.9752493	-3.7319173e-17	0	325.71725
3.4020000000001254e-10	0.22092223	0.0019776975	0.975255	-3.731918e-17	0	325.71725
3.4030000000001257e-10	0.22089711	0.0019802873	0.9752608	-3.7319167e-17	0	325.71725
3.404000000000126e-10	0.220872	0.001982575	0.9752666	-3.731918e-17	0	325.71725
3.4050000000001263e-10	0.22084695	0.0019845623	0.9752722	-3.7319167e-17	0	325.71725
3.4060000000001266e-10	0.22082193	0.0019862496	0.9752779	-3.7319173e-17	0	325.71725
3.407000000000127e-10	0.22079697	0.0019876393	0.9752836	-3.7319176e-17	0	325.71725
3.408000000000127e-10	0.22077207	0.0019887323	0.9752893	-3.7319173e-17	0	325.71725
3.4090000000001275e-10	0.22074722	0.0019895297	0.9752949	-3.7319167e-17	0	325.71725
3.410000000000128e-10	0.22072245	0.0019900338	0.97530067	-3.7319163e-17	0	325.71725
3.411000000000128e-10	0.2206977	0.0019902454	0.9753062	-3.7319176e-17	0	325.71725
3.4120000000001284e-10	0.22067304	0.0019901667	0.9753118	-3.7319183e-17	0	325.71725
3.4130000000001287e-10	0.22064847	0.001989799	0.9753175	-3.731918e-17	0	325.71725
3.414000000000129e-10	0.22062394	0.0019891444	0.975323	-3.731918e-17	0	325.71725
3.4150000000001293e-10	0.22059947	0.0019882033	0.9753286	-3.731918e-17	0	325.71725
3.4160000000001297e-10	0.2205751	0.0019869788	0.97533417	-3.731919e-17	0	325.71725
3.41700000000013e-10	0.22055084	0.001985472	0.9753397	-3.731919e-17	0	325.71725
3.4180000000001303e-10	0.22052494	0.001990735	0.9753457	-3.755957e-17	0	324.6875
3.4190000000001306e-10	0.22049737	0.002002709	0.9753518	-3.7559572e-17	0	324.6875
3.420000000000131e-10	0.22046973	0.0020143231	0.9753581	-3.7559578e-17	0	324.6875
3.421000000000131e-10	0.22044201	0.002025578	0.9753643	-3.7559588e-17	0	324.6875
3.4220000000001315e-10	0.22041427	0.002036473	0.9753707	-3.755958e-17	0	324.6875
3.423000000000132e-10	0.22038645	0.0020470098	0.975377	-3.7559578e-17	0	324.6875
3.424000000000132e-10	0.22035855	0.0020571875	0.9753834	-3.7559578e-17	0	324.6875
3.4250000000001324e-10	0.22033066	0.0020670071	0.97538966	-3.7559585e-17	0	324.6875
3.4260000000001327e-10	0.2203027	0.0020764696	0.975396	-3.7559578e-17	0	324.6875
3.427000000000133e-10	0.22027473	0.002085575	0.97540236	-3.755958e-17	0	324.6875
3.4280000000001333e-10	0.22024672	0.0020943237	0.9754087	-3.7559598e-17	0	324.6875
3.4290000000001336e-10	0.22021867	0.0021027168	0.975415	-3.7559598e-17	0	324.6875
3.430000000000134e-10	0.22019061	0.0021107546	0.9754214	-3.7559588e-17	0	324.6875
3.431000000000134e-10	0.22016251	0.0021184382	0.9754277	-3.755959e-17	0	324.6875
3.4320000000001346e-10	0.22013442	0.0021257682	0.9754341	-3.7559608e-17	0	324.6875
3.433000000000135e-10	0.22010633	0.0021327455	0.9754405	-3.7559605e-17	0	324.6875
3.434000000000135e-10	0.22007819	0.002139371	0.9754468	-3.75596e-17	0	324.6875
3.4350000000001355e-10	0.22005008	0.0021456457	0.97545326	-3.7559598e-17	0	324.6875
3.436000000000136e-10	0.22002198	0.0021515703	0.97545964	-3.75596e-17	0	324.6875
3.437000000000136e-10	0.21999384	0.002157146	0.97546595	-3.755959e-17	0	324.6875
3.4380000000001364e-10	0.21996577	0.0021623743	0.9754723	-3.7559605e-17	0	324.6875
3.4390000000001367e-10	0.21993768	0.0021672559	0.9754787	-3.7559605e-17	0	324.6875
3.440000000000137e-10	0.21990961	0.0021717919	0.975485	-3.75596e-17	0	324.6875
3.4410000000001373e-10	0.21988158	0.0021759835	0.97549146	-3.7559605e-17	0	324.6875
3.4420000000001376e-10	0.21985357	0.002179832	0.97549784	-3.755959e-17	0	324.6875
3.443000000000138e-10	0.2198256	0.0021833389	0.97550416	-3.75596e-17	0	324.6875
3.444000000000138e-10	0.21979763	0.0021865056	0.9755104	-3.7559615e-17	0	324.6875
3.4450000000001385e-10	0.21976973	0.002189333	0.9755168	-3.75596e-17	0	324.6875
3.446000000000139e-10	0.21974188	0.0021918232	0.9755231	-3.7559615e-17	0	324.6875
3.447000000000139e-10	0.21971405	0.0021939776	0.9755294	-3.7559615e-17	0	324.6875
3.4480000000001395e-10	0.21968628	0.0021957967	0.9755357	-3.7559618e-17	0	324.6875
3.44900000000014e-10	0.21965857	0.0021972833	0.975542	-3.7559615e-17	0	324.6875
3.45000000000014e-10	0.2196309	0.0021984386	0.97554815	-3.755961e-17	0	324.6875
3.4510000000001404e-10	0.21960331	0.0021992638	0.97555447	-3.7559625e-17	0	324.6875
3.4520000000001407e-10	0.2195758	0.002199761	0.9755608	-3.7559608e-17	0	324.6875
3.453000000000141e-10	0.21954831	0.0021999318	0.9755669	-3.755962e-17	0	324.6875
3.4540000000001413e-10	0.21952094	0.0021997783	0.9755732	-3.7559618e-17	0	324.6875
3.4550000000001416e-10	0.21949363	0.0021993015	0.9755794	-3.7559628e-17	0	324.6875
3.456000000000142e-10	0.21946639	0.002198504	0.9755855	-3.7559618e-17	0	324.6875
3.457000000000142e-10	0.21943927	0.0021973874	0.97559166	-3.755961e-17	0	324.6875
3.4580000000001425e-10	0.21941218	0.0021959532	0.9755978	-3.7559625e-17	0	324.6875
3.459000000000143e-10	0.2193852	0.002194204	0.97560394	-3.7559628e-17	0	324.6875
3.460000000000143e-10	0.21935835	0.0021921413	0.97560996	-3.7559625e-17	0	324.6875
3.4610000000001435e-10	0.21933158	0.0021897673	0.97561604	-3.7559628e-17	0	324.6875
3.462000000000144e-10	0.21930489	0.0021870842	0.9756221	-3.7559628e-17	0	324.6875
3.463000000000144e-10	0.21927832	0.002184094	0.9756282	-3.755963e-17	0	324.6875
3.4640000000001444e-10	0.21925187	0.0021807987	0.97563416	-3.7559635e-17	0	324.6875
3.4650000000001447e-10	0.2192255	0.0021772003	0.9756401	-3.7559635e-17	0	324.6875
3.466000000000145e-10	0.21919927	0.0021733008	0.975646	-3.7559635e-17	0	324.6875
3.4670000000001453e-10	0.21917316	0.0021691034	0.975652	-3.7559638e-17	0	324.6875
3.4680000000001456e-10	0.21914716	0.0021646097	0.97565794	-3.7559635e-17	0	324.6875
3.469000000000146e-10	0.21912128	0.0021598218	0.9756637	-3.7559648e-17	0	324.6875
3.470000000000146e-10	0.21909551	0.0021547421	0.9756696	-3.7559638e-17	0	324.6875
3.4710000000001465e-10	0.21906993	0.002149373	0.97567534	-3.7559635e-17	0	324.6875
3.472000000000147e-10	0.21904442	0.0021437171	0.9756812	-3.7559635e-17	0	324.6875
3.473000000000147e-10	0.21901909	0.002137777	0.97568685	-3.7559644e-17	0	324.6875
3.4740000000001474e-10	0.21899387	0.0021315545	0.97569263	-3.7559654e-17	0	324.6875
3.475000000000148e-10	0.21896881	0.0021250523	0.9756983	-3.7559648e-17	0	324.6875
3.476000000000148e-10	0.21894388	0.0021182725	0.97570395	-3.7559644e-17	0	324.6875
3.4770000000001484e-10	0.21891913	0.0021112182	0.9757096	-3.755964e-17	0	324.6875
3.4780000000001487e-10	0.21889451	0.0021038917	0.97571516	-3.755964e-17	0	324.6875
3.479000000000149e-10	0.21887001	0.002096296	0.9757207	-3.755965e-17	0	324.6875
3.4800000000001493e-10	0.21884571	0.0020884331	0.9757262	-3.755965e-17	0	324.6875
3.4810000000001496e-10	0.21882156	0.0020803057	0.9757317	-3.7559648e-17	0	324.6875
3.48200000000015e-10	0.21879758	0.0020719166	0.9757371	-3.755965e-17	0	324.6875
3.48300000000015e-10	0.21877374	0.0020632683	0.9757425	-3.7559658e-17	0	324.6875
3.4840000000001505e-10	0.21875009	0.002054364	0.9757478	-3.7559654e-17	0	324.6875
3.485000000000151e-10	0.2187266	0.0020452058	0.97575325	-3.755964e-17	0	324.6875
3.486000000000151e-10	0.21870327	0.0020357966	0.97575843	-3.755966e-17	0	324.6875
3.4870000000001514e-10	0.21868014	0.0020261393	0.9757638	-3.755966e-17	0	324.6875
3.4880000000001517e-10	0.21865718	0.0020162365	0.9757689	-3.755965e-17	0	324.6875
3.489000000000152e-10	0.2186344	0.0020060912	0.9757741	-3.7559654e-17	0	324.6875
3.4900000000001524e-10	0.2186118	0.001995706	0.97577924	-3.755966e-17	0	324.6875
3.4910000000001527e-10	0.2185894	0.0019850838	0.97578436	-3.755967e-17	0	324.6875
3.492000000000153e-10	0.21856716	0.0019742276	0.9757894	-3.7559664e-17	0	324.6875
3.4930000000001533e-10	0.21854511	0.0019631404	0.9757944	-3.7559654e-17	0	324.6875
3.4940000000001536e-10	0.21852326	0.0019518248	0.9757993	-3.755966e-17	0	324.6875
3.495000000000154e-10	0.2185016	0.0019402838	0.9758042	-3.7559658e-17	0	324.6875
3.496000000000154e-10	0.21848013	0.0019285202	0.97580904	-3.7559658e-17	0	324.6875
3.4970000000001545e-10	0.21845889	0.0019165371	0.9758139	-3.755966e-17	0	324.6875
3.498000000000155e-10	0.21843782	0.0019043374	0.97581863	-3.7559668e-17	0	324.6875
3.499000000000155e-10	0.21841694	0.0018919243	0.9758234	-3.7559668e-17	0	324.6875
3.5000000000001554e-10	0.2183963	0.0018793006	0.9758282	-3.7559668e-17	0	324.6875
3.5010000000001557e-10	0.21837583	0.0018664692	0.97583276	-3.7559664e-17	0	324.6875
3.502000000000156e-10	0.21835558	0.0018534336	0.9758373	-3.7559664e-17	0	324.6875
3.5030000000001563e-10	0.21833555	0.0018401961	0.975842	-3.7559668e-17	0	324.6875
3.5040000000001566e-10	0.21831574	0.0018267602	0.97584647	-3.7559674e-17	0	324.6875
3.505000000000157e-10	0.21829611	0.0018131292	0.9758508	-3.7559684e-17	0	324.6875
3.506000000000157e-10	0.21827672	0.0017993057	0.9758552	-3.755967e-17	0	324.6875
3.5070000000001576e-10	0.21825755	0.0017852931	0.9758596	-3.755968e-17	0	324.6875
3.508000000000158e-10	0.21823859	0.0017710944	0.97586393	-3.755968e-17	0	324.6875
3.509000000000158e-10	0.21821985	0.0017567127	0.9758681	-3.7559678e-17	0	324.6875
3.5100000000001585e-10	0.21820131	0.001742151	0.9758724	-3.7559674e-17	0	324.6875
3.511000000000159e-10	0.21818301	0.0017274127	0.97587645	-3.7559678e-17	0	324.6875
3.512000000000159e-10	0.21816492	0.0017125006	0.9758807	-3.7559674e-17	0	324.6875
3.5130000000001594e-10	0.2181471	0.0016974184	0.97588474	-3.755968e-17	0	324.6875
3.5140000000001597e-10	0.21812947	0.0016821683	0.9758887	-3.755967e-17	0	324.6875
3.51500000000016e-10	0.21811205	0.0016667545	0.97589266	-3.755967e-17	0	324.6875
3.5160000000001603e-10	0.21809492	0.00165118	0.9758965	-3.755968e-17	0	324.6875
3.5170000000001606e-10	0.21807799	0.0016354474	0.9759004	-3.7559674e-17	0	324.6875
3.518000000000161e-10	0.21805969	0.0016262584	0.97590446	-3.7791033e-17	0	323.69894
3.519000000000161e-10	0.21803996	0.0016235587	0.9759089	-3.7791033e-17	0	323.69894
3.5200000000001616e-10	0.21802032	0.0016206321	0.9759133	-3.7791037e-17	0	323.69894
3.521000000000162e-10	0.21800077	0.0016174805	0.9759177	-3.7791033e-17	0	323.69894
3.522000000000162e-10	0.21798128	0.0016141058	0.9759221	-3.7791037e-17	0	323.69894
3.5230000000001625e-10	0.21796189	0.0016105094	0.97592646	-3.7791043e-17	0	323.69894
3.524000000000163e-10	0.21794263	0.001606693	0.9759308	-3.779104e-17	0	323.69894
3.525000000000163e-10	0.21792343	0.0016026587	0.97593516	-3.7791043e-17	0	323.69894
3.5260000000001634e-10	0.21790436	0.0015984079	0.9759394	-3.7791047e-17	0	323.69894
3.5270000000001637e-10	0.21788538	0.0015939423	0.97594374	-3.779104e-17	0	323.69894
3.528000000000164e-10	0.21786648	0.0015892641	0.97594804	-3.779105e-17	0	323.69894
3.5290000000001643e-10	0.2178477	0.0015843748	0.97595227	-3.779104e-17	0	323.69894
3.5300000000001646e-10	0.21782902	0.0015792765	0.9759563	-3.779105e-17	0	323.69894
3.531000000000165e-10	0.21781048	0.001573971	0.9759606	-3.7791043e-17	0	323.69894
3.532000000000165e-10	0.21779205	0.0015684601	0.9759648	-3.7791053e-17	0	323.69894
3.5330000000001655e-10	0.2177737	0.0015627461	0.97596896	-3.7791057e-17	0	323.69894
3.534000000000166e-10	0.2177555	0.0015568306	0.975973	-3.7791043e-17	0	323.69894
3.535000000000166e-10	0.2177374	0.0015507156	0.97597706	-3.7791057e-17	0	323.69894
3.5360000000001665e-10	0.21771944	0.0015444034	0.9759811	-3.7791047e-17	0	323.69894
3.537000000000167e-10	0.21770161	0.0015378955	0.9759851	-3.7791066e-17	0	323.69894
3.538000000000167e-10	0.21768388	0.0015311942	0.97598904	-3.7791047e-17	0	323.69894
3.5390000000001674e-10	0.21766628	0.0015243015	0.9759931	-3.7791037e-17	0	323.69894
3.5400000000001677e-10	0.21764883	0.0015172194	0.975997	-3.779105e-17	0	323.69894
3.541000000000168e-10	0.21763152	0.00150995	0.97600096	-3.779105e-17	0	323.69894
3.5420000000001683e-10	0.2176143	0.0015024955	0.9760048	-3.7791053e-17	0	323.69894
3.5430000000001686e-10	0.21759725	0.0014948583	0.97600865	-3.7791057e-17	0	323.69894
3.544000000000169e-10	0.21758029	0.0014870398	0.9760124	-3.779105e-17	0	323.69894
3.545000000000169e-10	0.21756354	0.0014790427	0.97601616	-3.7791053e-17	0	323.69894
3.5460000000001695e-10	0.21754688	0.0014708686	0.97602	-3.7791047e-17	0	323.69894
3.54700000000017e-10	0.21753035	0.0014625202	0.9760237	-3.779106e-17	0	323.69894
3.54800000000017e-10	0.21751401	0.0014539995	0.97602737	-3.7791057e-17	0	323.69894
3.5490000000001704e-10	0.21749778	0.0014453087	0.97603095	-3.779106e-17	0	323.69894
3.550000000000171e-10	0.21748173	0.0014364498	0.9760345	-3.7791063e-17	0	323.69894
3.551000000000171e-10	0.21746582	0.0014274257	0.97603816	-3.779106e-17	0	323.69894
3.5520000000001714e-10	0.21745002	0.0014182379	0.97604173	-3.779106e-17	0	323.69894
3.5530000000001717e-10	0.2174344	0.0014088892	0.9760453	-3.779106e-17	0	323.69894
3.554000000000172e-10	0.21741895	0.0013993813	0.9760487	-3.7791053e-17	0	323.69894
3.5550000000001723e-10	0.21740365	0.0013897168	0.97605217	-3.7791066e-17	0	323.69894
3.5560000000001726e-10	0.21738847	0.0013798982	0.9760556	-3.7791057e-17	0	323.69894
3.557000000000173e-10	0.21737349	0.0013699272	0.97605896	-3.7791063e-17	0	323.69894
3.558000000000173e-10	0.21735865	0.0013598065	0.9760623	-3.7791063e-17	0	323.69894
3.5590000000001735e-10	0.21734397	0.0013495384	0.97606564	-3.7791063e-17	0	323.69894
3.560000000000174e-10	0.21732946	0.0013391253	0.9760688	-3.779107e-17	0	323.69894
3.561000000000174e-10	0.21731511	0.0013285694	0.9760721	-3.7791066e-17	0	323.69894
3.5620000000001744e-10	0.21730094	0.001317873	0.9760753	-3.779107e-17	0	323.69894
3.563000000000175e-10	0.2172869	0.0013070388	0.97607845	-3.7791053e-17	0	323.69894
3.564000000000175e-10	0.21727306	0.0012960687	0.97608155	-3.779107e-17	0	323.69894
3.5650000000001754e-10	0.21725935	0.0012849652	0.9760846	-3.779106e-17	0	323.69894
3.5660000000001757e-10	0.21724583	0.0012737308	0.9760876	-3.7791066e-17	0	323.69894
3.567000000000176e-10	0.2172325	0.0012623678	0.97609067	-3.7791053e-17	0	323.69894
3.5680000000001763e-10	0.21721931	0.0012508783	0.97609365	-3.779107e-17	0	323.69894
3.5690000000001766e-10	0.2172063	0.0012392652	0.9760965	-3.7791076e-17	0	323.69894
3.570000000000177e-10	0.21719347	0.0012275308	0.9760995	-3.7791076e-17	0	323.69894
3.571000000000177e-10	0.21718082	0.0012156772	0.97610223	-3.7791073e-17	0	323.69894
3.5720000000001775e-10	0.21716833	0.001203707	0.97610503	-3.7791063e-17	0	323.69894
3.573000000000178e-10	0.21715602	0.0011916226	0.9761079	-3.7791073e-17	0	323.69894
3.574000000000178e-10	0.21714391	0.0011794264	0.9761106	-3.7791066e-17	0	323.69894
3.5750000000001784e-10	0.21713194	0.0011671211	0.9761134	-3.779108e-17	0	323.69894
3.5760000000001787e-10	0.21712017	0.0011547087	0.9761159	-3.779108e-17	0	323.69894
3.577000000000179e-10	0.21710858	0.0011421917	0.9761185	-3.779107e-17	0	323.69894
3.5780000000001793e-10	0.21709715	0.0011295727	0.97612107	-3.7791066e-17	0	323.69894
3.5790000000001797e-10	0.21708593	0.0011168541	0.9761237	-3.779108e-17	0	323.69894
3.58000000000018e-10	0.21707487	0.0011040382	0.9761261	-3.779106e-17	0	323.69894
3.5810000000001803e-10	0.217064	0.0010911277	0.9761286	-3.7791066e-17	0	323.69894
3.5820000000001806e-10	0.21705331	0.0010781246	0.97613084	-3.7791083e-17	0	323.69894
3.583000000000181e-10	0.2170428	0.0010650317	0.97613335	-3.7791076e-17	0	323.69894
3.584000000000181e-10	0.21703249	0.0010518513	0.9761356	-3.7791066e-17	0	323.69894
3.5850000000001815e-10	0.21702236	0.001038586	0.97613794	-3.779108e-17	0	323.69894
3.586000000000182e-10	0.21701242	0.0010252377	0.9761401	-3.7791073e-17	0	323.69894
3.587000000000182e-10	0.21700266	0.0010118096	0.97614235	-3.7791066e-17	0	323.69894
3.5880000000001824e-10	0.21699306	0.0009983035	0.97614443	-3.779107e-17	0	323.69894
3.5890000000001827e-10	0.21698368	0.0009847222	0.97614664	-3.7791073e-17	0	323.69894
3.590000000000183e-10	0.21697445	0.000971068	0.97614866	-3.779108e-17	0	323.69894
3.5910000000001833e-10	0.21696545	0.0009573433	0.97615063	-3.7791086e-17	0	323.69894
3.5920000000001836e-10	0.21695662	0.0009435505	0.9761528	-3.7791086e-17	0	323.69894
3.593000000000184e-10	0.21694797	0.00092969195	0.9761547	-3.7791076e-17	0	323.69894
3.594000000000184e-10	0.21693954	0.00091577036	0.9761566	-3.779108e-17	0	323.69894
3.5950000000001846e-10	0.21693125	0.00090178795	0.9761585	-3.779108e-17	0	323.69894
3.596000000000185e-10	0.21692318	0.00088774716	0.97616017	-3.7791076e-17	0	323.69894
3.597000000000185e-10	0.21691528	0.00087365054	0.976162	-3.7791073e-17	0	323.69894
3.5980000000001855e-10	0.21690758	0.0008595002	0.9761637	-3.7791076e-17	0	323.69894
3.599000000000186e-10	0.21690007	0.0008452987	0.9761655	-3.779108e-17	0	323.69894
3.600000000000186e-10	0.21689276	0.0008310484	0.97616696	-3.779108e-17	0	323.69894
3.6010000000001864e-10	0.21688561	0.0008167517	0.97616863	-3.7791086e-17	0	323.69894
3.6020000000001867e-10	0.21687868	0.00080241094	0.9761701	-3.7791086e-17	0	323.69894
3.603000000000187e-10	0.21687192	0.0007880286	0.9761718	-3.779107e-17	0	323.69894
3.6040000000001873e-10	0.21686535	0.00077360694	0.9761731	-3.7791073e-17	0	323.69894
3.6050000000001876e-10	0.21685898	0.0007591483	0.9761746	-3.7791083e-17	0	323.69894
3.606000000000188e-10	0.21685278	0.0007446551	0.9761759	-3.7791073e-17	0	323.69894
3.607000000000188e-10	0.2168468	0.00073012966	0.9761774	-3.7791073e-17	0	323.69894
3.6080000000001885e-10	0.21684097	0.00071557425	0.9761786	-3.7791086e-17	0	323.69894
3.609000000000189e-10	0.21683535	0.0007009912	0.97617996	-3.7791093e-17	0	323.69894
3.610000000000189e-10	0.21682991	0.0006863831	0.97618115	-3.7791076e-17	0	323.69894
3.6110000000001895e-10	0.21682468	0.00067175203	0.9761823	-3.779109e-17	0	323.69894
3.61200000000019e-10	0.21681963	0.00065710046	0.9761835	-3.7791086e-17	0	323.69894
3.61300000000019e-10	0.21681476	0.0006424305	0.9761845	-3.7791086e-17	0	323.69894
3.6140000000001904e-10	0.21681008	0.0006277446	0.9761856	-3.7791086e-17	0	323.69894
3.6150000000001907e-10	0.21680555	0.00061304483	0.97618663	-3.7791093e-17	0	323.69894
3.616000000000191e-10	0.21680127	0.00059833366	0.97618765	-3.7791096e-17	0	323.69894
3.6170000000001913e-10	0.21679714	0.0005836131	0.97618854	-3.779109e-17	0	323.69894
3.6180000000001916e-10	0.21679172	0.0005752864	0.97618973	-3.8013644e-17	0	322.75
3.619000000000192e-10	0.21678492	0.0005733013	0.9761912	-3.8013644e-17	0	322.75
3.620000000000192e-10	0.21677816	0.0005712398	0.9761927	-3.8013638e-17	0	322.75
3.6210000000001925e-10	0.21677142	0.0005691025	0.97619426	-3.8013628e-17	0	322.75
3.622000000000193e-10	0.21676476	0.00056689023	0.9761957	-3.8013644e-17	0	322.75
3.623000000000193e-10	0.21675813	0.0005646035	0.9761972	-3.8013648e-17	0	322.75
3.6240000000001935e-10	0.2167515	0.0005622433	0.97619855	-3.8013638e-17	0	322.75
3.625000000000194e-10	0.21674497	0.00055981	0.9762001	-3.8013624e-17	0	322.75
3.626000000000194e-10	0.21673846	0.00055730465	0.97620153	-3.8013634e-17	0	322.75
3.6270000000001944e-10	0.21673201	0.0005547278	0.97620296	-3.801364e-17	0	322.75
3.6280000000001947e-10	0.21672559	0.00055208034	0.9762044	-3.8013638e-17	0	322.75
3.629000000000195e-10	0.21671924	0.00054936303	0.97620577	-3.8013624e-17	0	322.75
3.6300000000001953e-10	0.21671294	0.0005465765	0.97620726	-3.8013628e-17	0	322.75
3.6310000000001956e-10	0.21670666	0.00054372166	0.97620857	-3.801363e-17	0	322.75
3.632000000000196e-10	0.21670046	0.0005407993	0.97621	-3.801364e-17	0	322.75
3.633000000000196e-10	0.2166943	0.0005378102	0.97621137	-3.8013624e-17	0	322.75
3.6340000000001965e-10	0.21668819	0.0005347552	0.9762126	-3.801363e-17	0	322.75
3.635000000000197e-10	0.21668214	0.0005316349	0.97621405	-3.801363e-17	0	322.75
3.636000000000197e-10	0.21667612	0.0005284503	0.97621536	-3.8013638e-17	0	322.75
3.6370000000001974e-10	0.21667022	0.000525202	0.97621673	-3.8013634e-17	0	322.75
3.638000000000198e-10	0.21666431	0.00052189105	0.976218	-3.8013648e-17	0	322.75
3.639000000000198e-10	0.21665846	0.00051851815	0.97621924	-3.8013638e-17	0	322.75
3.6400000000001984e-10	0.21665266	0.00051508425	0.9762206	-3.8013638e-17	0	322.75
3.6410000000001987e-10	0.21664695	0.00051159	0.97622186	-3.801364e-17	0	322.75
3.642000000000199e-10	0.21664128	0.00050803646	0.97622305	-3.8013628e-17	0	322.75
3.6430000000001993e-10	0.21663564	0.0005044242	0.9762243	-3.8013634e-17	0	322.75
3.6440000000001996e-10	0.21663009	0.0005007543	0.9762256	-3.8013618e-17	0	322.75
3.6450000000002e-10	0.2166246	0.00049702753	0.9762267	-3.8013644e-17	0	322.75
3.6460000000002e-10	0.21661916	0.00049324485	0.976228	-3.801364e-17	0	322.75
3.6470000000002005e-10	0.21661378	0.00048940687	0.9762291	-3.801364e-17	0	322.75
3.648000000000201e-10	0.21660848	0.0004855146	0.97623026	-3.8013638e-17	0	322.75
3.649000000000201e-10	0.21660319	0.00048156903	0.97623146	-3.801363e-17	0	322.75
3.6500000000002014e-10	0.216598	0.00047757092	0.97623265	-3.8013648e-17	0	322.75
3.6510000000002017e-10	0.2165929	0.00047352118	0.9762337	-3.8013634e-17	0	322.75
3.652000000000202e-10	0.2165878	0.00046942066	0.9762349	-3.801365e-17	0	322.75
3.6530000000002023e-10	0.2165828	0.00046527025	0.976236	-3.8013648e-17	0	322.75
3.6540000000002027e-10	0.21657786	0.0004610709	0.97623706	-3.8013644e-17	0	322.75
3.655000000000203e-10	0.21657297	0.00045682333	0.97623813	-3.8013644e-17	0	322.75
3.6560000000002033e-10	0.21656814	0.0004525286	0.9762392	-3.8013657e-17	0	322.75
3.6570000000002036e-10	0.21656337	0.00044818746	0.9762403	-3.8013634e-17	0	322.75
3.658000000000204e-10	0.2165587	0.0004438009	0.97624123	-3.8013634e-17	0	322.75
3.659000000000204e-10	0.21655406	0.00043936993	0.9762423	-3.801364e-17	0	322.75
3.6600000000002045e-10	0.2165495	0.00043489534	0.9762433	-3.8013644e-17	0	322.75
3.661000000000205e-10	0.21654502	0.00043037804	0.9762442	-3.801363e-17	0	322.75
3.662000000000205e-10	0.21654059	0.00042581907	0.9762453	-3.801364e-17	0	322.75
3.6630000000002054e-10	0.21653622	0.0004212192	0.9762462	-3.8013644e-17	0	322.75
3.6640000000002057e-10	0.2165319	0.00041657937	0.9762472	-3.8013648e-17	0	322.75
3.665000000000206e-10	0.21652767	0.00041190046	0.976248	-3.8013638e-17	0	322.75
3.6660000000002063e-10	0.21652353	0.00040718348	0.9762489	-3.8013648e-17	0	322.75
3.6670000000002066e-10	0.21651943	0.00040242914	0.97624993	-3.8013634e-17	0	322.75
3.668000000000207e-10	0.2165154	0.0003976386	0.97625077	-3.8013648e-17	0	322.75
3.669000000000207e-10	0.21651144	0.00039281248	0.97625154	-3.8013634e-17	0	322.75
3.6700000000002076e-10	0.21650755	0.00038795188	0.9762525	-3.8013644e-17	0	322.75
3.671000000000208e-10	0.21650372	0.0003830576	0.97625333	-3.8013634e-17	0	322.75
3.672000000000208e-10	0.21649998	0.00037813064	0.97625417	-3.8013638e-17	0	322.75
3.6730000000002085e-10	0.21649629	0.000373172	0.97625494	-3.8013638e-17	0	322.75
3.674000000000209e-10	0.21649267	0.00036818252	0.9762558	-3.801365e-17	0	322.75
3.675000000000209e-10	0.21648914	0.0003631631	0.97625655	-3.8013638e-17	0	322.75
3.6760000000002094e-10	0.21648565	0.0003581147	0.97625726	-3.8013634e-17	0	322.75
3.6770000000002097e-10	0.21648224	0.0003530382	0.97625804	-3.8013628e-17	0	322.75
3.67800000000021e-10	0.21647891	0.00034793446	0.97625875	-3.8013644e-17	0	322.75
3.6790000000002103e-10	0.21647567	0.0003428046	0.9762596	-3.8013648e-17	0	322.75
3.6800000000002106e-10	0.21647246	0.00033764937	0.9762602	-3.8013638e-17	0	322.75
3.681000000000211e-10	0.21646933	0.0003324697	0.9762608	-3.8013644e-17	0	322.75
3.682000000000211e-10	0.21646628	0.00032726664	0.97626156	-3.801364e-17	0	322.75
3.6830000000002116e-10	0.2164633	0.00032204104	0.97626215	-3.8013644e-17	0	322.75
3.684000000000212e-10	0.21646038	0.00031679377	0.9762628	-3.8013638e-17	0	322.75
3.685000000000212e-10	0.21645753	0.00031152574	0.97626346	-3.8013644e-17	0	322.75
3.6860000000002125e-10	0.21645477	0.0003062378	0.976264	-3.8013638e-17	0	322.75
3.687000000000213e-10	0.21645206	0.000300931	0.97626454	-3.801365e-17	0	322.75
3.688000000000213e-10	0.21644941	0.0002956061	0.97626513	-3.8013644e-17	0	322.75
3.6890000000002134e-10	0.21644688	0.00029026403	0.97626567	-3.8013648e-17	0	322.75
3.6900000000002137e-10	0.21644439	0.00028490566	0.97626626	-3.801364e-17	0	322.75
3.691000000000214e-10	0.21644193	0.000279532	0.97626674	-3.8013644e-17	0	322.75
3.6920000000002143e-10	0.21643962	0.00027414382	0.9762673	-3.8013654e-17	0	322.75
3.6930000000002146e-10	0.21643734	0.00026874203	0.97626776	-3.8013644e-17	0	322.75
3.694000000000215e-10	0.21643513	0.00026332756	0.97626823	-3.8013648e-17	0	322.75
3.695000000000215e-10	0.21643299	0.00025790127	0.9762687	-3.8013638e-17	0	322.75
3.6960000000002155e-10	0.2164309	0.00025246415	0.9762692	-3.8013644e-17	0	322.75
3.697000000000216e-10	0.21642894	0.00024701693	0.97626966	-3.801365e-17	0	322.75
3.698000000000216e-10	0.216427	0.0002415606	0.97626996	-3.8013644e-17	0	322.75
3.6990000000002165e-10	0.21642515	0.00023609586	0.97627044	-3.8013648e-17	0	322.75
3.700000000000217e-10	0.21642338	0.00023062374	0.97627085	-3.801365e-17	0	322.75
3.701000000000217e-10	0.21642166	0.00022514511	0.97627115	-3.8013638e-17	0	322.75
3.7020000000002174e-10	0.21642001	0.0002196607	0.9762715	-3.8013644e-17	0	322.75
3.7030000000002177e-10	0.21641842	0.00021417151	0.97627187	-3.8013644e-17	0	322.75
3.704000000000218e-10	0.21641693	0.00020867825	0.9762721	-3.8013644e-17	0	322.75
3.7050000000002183e-10	0.21641551	0.0002031819	0.9762725	-3.801364e-17	0	322.75
3.7060000000002186e-10	0.21641412	0.00019768323	0.9762727	-3.801364e-17	0	322.75
3.707000000000219e-10	0.21641284	0.00019218319	0.97627306	-3.801365e-17	0	322.75
3.708000000000219e-10	0.21641162	0.00018668259	0.97627324	-3.8013644e-17	0	322.75
3.7090000000002195e-10	0.21641046	0.00018118226	0.97627354	-3.8013644e-17	0	322.75
3.71000000000022e-10	0.21640937	0.00017568303	0.9762737	-3.8013654e-17	0	322.75
3.71100000000022e-10	0.21640836	0.00017018575	0.97627395	-3.8013638e-17	0	322.75
3.7120000000002204e-10	0.2164074	0.00016469113	0.9762742	-3.8013648e-17	0	322.75
3.713000000000221e-10	0.21640652	0.00015920008	0.9762744	-3.8013648e-17	0	322.75
3.714000000000221e-10	0.21640572	0.00015371354	0.9762745	-3.801364e-17	0	322.75
3.7150000000002214e-10	0.21640497	0.0001482322	0.97627467	-3.8013648e-17	0	322.75
3.7160000000002217e-10	0.21640429	0.00014275678	0.97627467	-3.8013644e-17	0	322.75
3.717000000000222e-10	0.2164037	0.00013728824	0.97627485	-3.8013648e-17	0	322.75
3.7180000000002223e-10	0.21640177	0.00013796383	0.9762753	-3.822763e-17	0	321.83905
3.7190000000002226e-10	0.21639837	0.00014473213	0.97627616	-3.8227646e-17	0	321.83905
3.720000000000223e-10	0.21639493	0.00015143874	0.9762768	-3.8227636e-17	0	321.83905
3.721000000000223e-10	0.21639138	0.00015808301	0.97627753	-3.8227636e-17	0	321.83905
3.7220000000002235e-10	0.21638781	0.00016466435	0.97627836	-3.822765e-17	0	321.83905
3.723000000000224e-10	0.21638413	0.00017118195	0.9762792	-3.822763e-17	0	321.83905
3.724000000000224e-10	0.2163804	0.00017763523	0.97628	-3.8227636e-17	0	321.83905
3.7250000000002244e-10	0.2163766	0.00018402362	0.9762807	-3.8227646e-17	0	321.83905
3.7260000000002247e-10	0.21637273	0.0001903464	0.9762816	-3.8227636e-17	0	321.83905
3.727000000000225e-10	0.2163688	0.0001966029	0.9762825	-3.8227636e-17	0	321.83905
3.7280000000002254e-10	0.21636482	0.00020279267	0.97628325	-3.8227642e-17	0	321.83905
3.7290000000002257e-10	0.21636075	0.00020891495	0.9762842	-3.822763e-17	0	321.83905
3.730000000000226e-10	0.21635664	0.0002149693	0.9762852	-3.822764e-17	0	321.83905
3.7310000000002263e-10	0.21635243	0.00022095512	0.97628593	-3.8227633e-17	0	321.83905
3.7320000000002266e-10	0.2163482	0.00022687193	0.97628695	-3.8227633e-17	0	321.83905
3.733000000000227e-10	0.21634386	0.00023271909	0.9762879	-3.8227642e-17	0	321.83905
3.734000000000227e-10	0.2163395	0.00023849611	0.97628886	-3.8227636e-17	0	321.83905
3.7350000000002275e-10	0.21633509	0.00024420256	0.9762898	-3.8227626e-17	0	321.83905
3.736000000000228e-10	0.2163306	0.00024983793	0.9762907	-3.8227642e-17	0	321.83905
3.737000000000228e-10	0.21632607	0.00025540186	0.9762918	-3.8227636e-17	0	321.83905
3.7380000000002284e-10	0.21632148	0.00026089375	0.9762927	-3.822764e-17	0	321.83905
3.7390000000002287e-10	0.21631685	0.00026631326	0.9762938	-3.8227636e-17	0	321.83905
3.740000000000229e-10	0.21631216	0.00027165978	0.9762949	-3.8227636e-17	0	321.83905
3.7410000000002293e-10	0.2163074	0.00027693316	0.9762959	-3.8227652e-17	0	321.83905
3.7420000000002296e-10	0.21630262	0.00028213285	0.97629684	-3.8227646e-17	0	321.83905
3.74300000000023e-10	0.21629778	0.00028725844	0.976298	-3.8227646e-17	0	321.83905
3.7440000000002303e-10	0.21629289	0.00029230962	0.97629905	-3.8227646e-17	0	321.83905
3.7450000000002306e-10	0.21628794	0.000297286	0.9763001	-3.8227636e-17	0	321.83905
3.746000000000231e-10	0.21628293	0.0003021874	0.9763012	-3.8227646e-17	0	321.83905
3.747000000000231e-10	0.21627791	0.00030701325	0.9763024	-3.8227642e-17	0	321.83905
3.7480000000002315e-10	0.21627283	0.00031176335	0.9763034	-3.822764e-17	0	321.83905
3.749000000000232e-10	0.2162677	0.00031643742	0.97630453	-3.8227642e-17	0	321.83905
3.750000000000232e-10	0.21626256	0.00032103516	0.9763056	-3.8227642e-17	0	321.83905
3.7510000000002324e-10	0.21625736	0.00032555623	0.9763068	-3.822765e-17	0	321.83905
3.7520000000002327e-10	0.21625212	0.00033000045	0.97630787	-3.8227642e-17	0	321.83905
3.753000000000233e-10	0.21624686	0.00033436756	0.97630906	-3.8227636e-17	0	321.83905
3.7540000000002333e-10	0.21624152	0.00033865735	0.97631013	-3.822764e-17	0	321.83905
3.7550000000002336e-10	0.21623617	0.00034286967	0.97631145	-3.822764e-17	0	321.83905
3.756000000000234e-10	0.2162308	0.0003470042	0.9763125	-3.8227642e-17	0	321.83905
3.757000000000234e-10	0.21622536	0.00035106082	0.97631377	-3.822764e-17	0	321.83905
3.7580000000002346e-10	0.2162199	0.00035503937	0.97631496	-3.8227656e-17	0	321.83905
3.759000000000235e-10	0.21621445	0.00035893972	0.9763161	-3.822764e-17	0	321.83905
3.760000000000235e-10	0.2162089	0.0003627615	0.97631735	-3.8227646e-17	0	321.83905
3.7610000000002355e-10	0.21620338	0.0003665047	0.9763186	-3.8227642e-17	0	321.83905
3.762000000000236e-10	0.2161978	0.00037016917	0.97631985	-3.8227636e-17	0	321.83905
3.763000000000236e-10	0.21619219	0.00037375488	0.97632104	-3.822765e-17	0	321.83905
3.7640000000002364e-10	0.21618655	0.0003772615	0.97632223	-3.8227636e-17	0	321.83905
3.7650000000002367e-10	0.21618089	0.00038068922	0.9763234	-3.822765e-17	0	321.83905
3.766000000000237e-10	0.2161752	0.00038403788	0.9763247	-3.8227642e-17	0	321.83905
3.7670000000002373e-10	0.2161695	0.0003873074	0.97632605	-3.8227642e-17	0	321.83905
3.7680000000002376e-10	0.21616374	0.0003904978	0.9763273	-3.8227646e-17	0	321.83905
3.769000000000238e-10	0.21615802	0.00039360902	0.9763285	-3.822765e-17	0	321.83905
3.770000000000238e-10	0.21615224	0.000396641	0.97632974	-3.822765e-17	0	321.83905
3.7710000000002385e-10	0.21614644	0.0003995938	0.97633106	-3.8227652e-17	0	321.83905
3.772000000000239e-10	0.21614063	0.00040246724	0.9763323	-3.8227636e-17	0	321.83905
3.773000000000239e-10	0.21613479	0.0004052614	0.9763336	-3.8227652e-17	0	321.83905
3.7740000000002395e-10	0.21612898	0.00040797645	0.97633487	-3.822765e-17	0	321.83905
3.77500000000024e-10	0.21612309	0.00041061224	0.97633624	-3.8227652e-17	0	321.83905
3.77600000000024e-10	0.2161172	0.000413169	0.97633743	-3.822765e-17	0	321.83905
3.7770000000002404e-10	0.21611133	0.0004156467	0.9763388	-3.822765e-17	0	321.83905
3.7780000000002407e-10	0.21610542	0.00041804547	0.97634006	-3.8227646e-17	0	321.83905
3.779000000000241e-10	0.21609952	0.00042036542	0.97634125	-3.8227656e-17	0	321.83905
3.7800000000002413e-10	0.21609357	0.00042260648	0.9763427	-3.822765e-17	0	321.83905
3.7810000000002416e-10	0.21608764	0.000424769	0.976344	-3.8227646e-17	0	321.83905
3.782000000000242e-10	0.2160817	0.00042685293	0.97634524	-3.8227646e-17	0	321.83905
3.783000000000242e-10	0.21607575	0.0004288585	0.9763465	-3.8227642e-17	0	321.83905
3.7840000000002425e-10	0.21606979	0.00043078582	0.97634786	-3.822765e-17	0	321.83905
3.785000000000243e-10	0.21606383	0.00043263502	0.9763491	-3.8227626e-17	0	321.83905
3.786000000000243e-10	0.21605787	0.0004344061	0.9763505	-3.822764e-17	0	321.83905
3.7870000000002435e-10	0.21605188	0.00043609962	0.97635186	-3.8227646e-17	0	321.83905
3.788000000000244e-10	0.21604589	0.00043771538	0.97635305	-3.822765e-17	0	321.83905
3.789000000000244e-10	0.21603993	0.00043925393	0.9763544	-3.8227642e-17	0	321.83905
3.7900000000002444e-10	0.21603392	0.0004407153	0.97635573	-3.8227642e-17	0	321.83905
3.7910000000002447e-10	0.21602798	0.00044209976	0.97635704	-3.8227642e-17	0	321.83905
3.792000000000245e-10	0.21602197	0.0004434076	0.97635835	-3.8227652e-17	0	321.83905
3.7930000000002453e-10	0.216016	0.000444639	0.9763596	-3.8227646e-17	0	321.83905
3.7940000000002456e-10	0.21601003	0.00044579405	0.976361	-3.8227652e-17	0	321.83905
3.795000000000246e-10	0.21600404	0.00044687313	0.9763624	-3.8227642e-17	0	321.83905
3.796000000000246e-10	0.21599808	0.0004478767	0.97636354	-3.8227642e-17	0	321.83905
3.7970000000002465e-10	0.21599212	0.0004488048	0.976365	-3.8227642e-17	0	321.83905
3.798000000000247e-10	0.21598615	0.00044965785	0.9763662	-3.8227646e-17	0	321.83905
3.799000000000247e-10	0.21598023	0.00045043617	0.97636753	-3.8227652e-17	0	321.83905
3.8000000000002474e-10	0.21597427	0.00045113996	0.9763688	-3.8227642e-17	0	321.83905
3.801000000000248e-10	0.21596831	0.00045176968	0.97637016	-3.8227656e-17	0	321.83905
3.802000000000248e-10	0.2159624	0.00045232556	0.9763714	-3.8227646e-17	0	321.83905
3.8030000000002484e-10	0.21595648	0.0004528081	0.9763727	-3.822765e-17	0	321.83905
3.8040000000002487e-10	0.21595058	0.00045321757	0.976374	-3.8227656e-17	0	321.83905
3.805000000000249e-10	0.2159447	0.0004535542	0.97637534	-3.822764e-17	0	321.83905
3.8060000000002493e-10	0.21593884	0.0004538185	0.9763766	-3.8227642e-17	0	321.83905
3.8070000000002496e-10	0.21593295	0.00045401094	0.97637784	-3.822764e-17	0	321.83905
3.80800000000025e-10	0.21592712	0.0004541316	0.9763792	-3.8227636e-17	0	321.83905
3.80900000000025e-10	0.21592128	0.00045418122	0.97638047	-3.8227646e-17	0	321.83905
3.8100000000002505e-10	0.21591546	0.00045415998	0.9763818	-3.8227636e-17	0	321.83905
3.811000000000251e-10	0.21590967	0.00045406853	0.9763831	-3.8227652e-17	0	321.83905
3.812000000000251e-10	0.2159039	0.00045390718	0.9763843	-3.8227642e-17	0	321.83905
3.8130000000002514e-10	0.21589816	0.00045367624	0.9763856	-3.8227642e-17	0	321.83905
3.8140000000002517e-10	0.2158924	0.00045337636	0.9763869	-3.822764e-17	0	321.83905
3.815000000000252e-10	0.21588668	0.00045300787	0.97638816	-3.8227652e-17	0	321.83905
3.8160000000002523e-10	0.21588099	0.00045257126	0.9763893	-3.822765e-17	0	321.83905
3.8170000000002527e-10	0.2158753	0.00045206695	0.9763907	-3.822765e-17	0	321.83905
3.818000000000253e-10	0.2158683	0.0004573696	0.97639215	-3.84334e-17	0	320.9646
3.8190000000002533e-10	0.21585985	0.0004684292	0.97639406	-3.8433405e-17	0	320.9646
3.8200000000002536e-10	0.21585129	0.00047935394	0.9763959	-3.8433415e-17	0	320.9646
3.821000000000254e-10	0.21584263	0.00049014273	0.97639775	-3.8433405e-17	0	320.9646
3.822000000000254e-10	0.21583387	0.00050079485	0.9763997	-3.843341e-17	0	320.9646
3.8230000000002545e-10	0.215825	0.00051130925	0.9764018	-3.8433405e-17	0	320.9646
3.824000000000255e-10	0.21581605	0.00052168505	0.97640365	-3.8433405e-17	0	320.9646
3.825000000000255e-10	0.21580696	0.00053192145	0.9764057	-3.8433402e-17	0	320.9646
3.8260000000002554e-10	0.21579778	0.00054201775	0.97640765	-3.843341e-17	0	320.9646
3.8270000000002557e-10	0.21578854	0.00055197324	0.9764097	-3.843341e-17	0	320.9646
3.828000000000256e-10	0.21577914	0.0005617869	0.9764119	-3.84334e-17	0	320.9646
3.8290000000002563e-10	0.21576971	0.00057145813	0.9764139	-3.843341e-17	0	320.9646
3.8300000000002566e-10	0.21576017	0.0005809863	0.976416	-3.8433405e-17	0	320.9646
3.831000000000257e-10	0.21575053	0.00059037085	0.976418	-3.8433405e-17	0	320.9646
3.832000000000257e-10	0.21574083	0.00059961097	0.9764202	-3.84334e-17	0	320.9646
3.8330000000002576e-10	0.21573104	0.00060870626	0.97642237	-3.8433415e-17	0	320.9646
3.834000000000258e-10	0.21572115	0.00061765604	0.9764246	-3.8433412e-17	0	320.9646
3.835000000000258e-10	0.2157112	0.00062645966	0.9764268	-3.843342e-17	0	320.9646
3.8360000000002585e-10	0.21570116	0.0006351169	0.97642905	-3.84334e-17	0	320.9646
3.837000000000259e-10	0.21569103	0.00064362696	0.97643113	-3.843342e-17	0	320.9646
3.838000000000259e-10	0.21568087	0.00065198954	0.9764335	-3.8433402e-17	0	320.9646
3.8390000000002594e-10	0.21567059	0.0006602041	0.9764358	-3.8433412e-17	0	320.9646
3.8400000000002597e-10	0.21566027	0.0006682702	0.97643805	-3.843341e-17	0	320.9646
3.84100000000026e-10	0.21564986	0.00067618745	0.97644037	-3.8433402e-17	0	320.9646
3.8420000000002603e-10	0.21563941	0.0006839554	0.9764427	-3.8433402e-17	0	320.9646
3.8430000000002606e-10	0.21562889	0.0006915737	0.97644484	-3.8433395e-17	0	320.9646
3.844000000000261e-10	0.2156183	0.0006990423	0.9764472	-3.8433412e-17	0	320.9646
3.845000000000261e-10	0.21560766	0.0007063606	0.9764496	-3.843341e-17	0	320.9646
3.8460000000002615e-10	0.21559693	0.00071352837	0.97645193	-3.8433412e-17	0	320.9646
3.847000000000262e-10	0.21558617	0.0007205454	0.97645426	-3.8433412e-17	0	320.9646
3.848000000000262e-10	0.21557537	0.0007274116	0.97645664	-3.843341e-17	0	320.9646
3.8490000000002625e-10	0.21556449	0.0007341266	0.97645915	-3.8433412e-17	0	320.9646
3.850000000000263e-10	0.21555358	0.0007406902	0.9764615	-3.843342e-17	0	320.9646
3.851000000000263e-10	0.2155426	0.00074710243	0.9764639	-3.8433412e-17	0	320.9646
3.8520000000002634e-10	0.2155316	0.000753363	0.9764663	-3.8433422e-17	0	320.9646
3.8530000000002637e-10	0.21552053	0.000759472	0.9764688	-3.8433425e-17	0	320.9646
3.854000000000264e-10	0.21550944	0.0007654293	0.9764713	-3.843341e-17	0	320.9646
3.8550000000002643e-10	0.2154983	0.00077123474	0.9764737	-3.8433415e-17	0	320.9646
3.8560000000002646e-10	0.21548712	0.0007768882	0.9764762	-3.843342e-17	0	320.9646
3.857000000000265e-10	0.2154759	0.0007823898	0.97647864	-3.8433412e-17	0	320.9646
3.858000000000265e-10	0.21546465	0.00078773947	0.9764811	-3.843342e-17	0	320.9646
3.8590000000002655e-10	0.21545339	0.0007929373	0.9764836	-3.8433412e-17	0	320.9646
3.860000000000266e-10	0.21544206	0.0007979835	0.976486	-3.843341e-17	0	320.9646
3.861000000000266e-10	0.2154307	0.00080287777	0.9764886	-3.8433415e-17	0	320.9646
3.8620000000002665e-10	0.21541935	0.0008076205	0.9764911	-3.8433422e-17	0	320.9646
3.863000000000267e-10	0.21540794	0.0008122119	0.9764936	-3.8433412e-17	0	320.9646
3.864000000000267e-10	0.21539654	0.0008166519	0.97649616	-3.843341e-17	0	320.9646
3.8650000000002674e-10	0.21538508	0.0008209408	0.97649866	-3.8433412e-17	0	320.9646
3.8660000000002677e-10	0.21537364	0.0008250788	0.9765012	-3.8433402e-17	0	320.9646
3.867000000000268e-10	0.21536216	0.00082906615	0.97650373	-3.8433412e-17	0	320.9646
3.8680000000002683e-10	0.21535069	0.00083290297	0.97650623	-3.8433402e-17	0	320.9646
3.8690000000002686e-10	0.21533917	0.00083658966	0.97650886	-3.843342e-17	0	320.9646
3.870000000000269e-10	0.21532765	0.0008401264	0.9765113	-3.8433425e-17	0	320.9646
3.871000000000269e-10	0.21531613	0.0008435134	0.976514	-3.8433415e-17	0	320.9646
3.8720000000002695e-10	0.21530461	0.00084675127	0.9765165	-3.843342e-17	0	320.9646
3.87300000000027e-10	0.21529303	0.0008498401	0.976519	-3.843341e-17	0	320.9646
3.87400000000027e-10	0.21528152	0.0008527804	0.9765215	-3.8433415e-17	0	320.9646
3.8750000000002704e-10	0.21526995	0.0008555726	0.976524	-3.8433412e-17	0	320.9646
3.876000000000271e-10	0.21525842	0.000858217	0.9765266	-3.843342e-17	0	320.9646
3.877000000000271e-10	0.21524687	0.00086071406	0.97652924	-3.8433422e-17	0	320.9646
3.8780000000002714e-10	0.21523534	0.00086306443	0.97653174	-3.8433412e-17	0	320.9646
3.8790000000002717e-10	0.2152238	0.0008652683	0.97653425	-3.843342e-17	0	320.9646
3.880000000000272e-10	0.21521226	0.00086732634	0.97653675	-3.8433415e-17	0	320.9646
3.8810000000002723e-10	0.21520074	0.0008692391	0.97653943	-3.8433415e-17	0	320.9646
3.8820000000002726e-10	0.21518923	0.00087100687	0.9765419	-3.843342e-17	0	320.9646
3.883000000000273e-10	0.21517771	0.0008726305	0.97654444	-3.843341e-17	0	320.9646
3.884000000000273e-10	0.21516624	0.0008741102	0.976547	-3.8433412e-17	0	320.9646
3.8850000000002735e-10	0.21515474	0.0008754468	0.9765495	-3.8433415e-17	0	320.9646
3.886000000000274e-10	0.2151433	0.0008766408	0.976552	-3.8433425e-17	0	320.9646
3.887000000000274e-10	0.21513182	0.00087769295	0.9765546	-3.8433415e-17	0	320.9646
3.8880000000002744e-10	0.21512043	0.0008786039	0.97655714	-3.8433412e-17	0	320.9646
3.8890000000002747e-10	0.21510904	0.0008793742	0.9765596	-3.843343e-17	0	320.9646
3.890000000000275e-10	0.21509765	0.0008800048	0.97656214	-3.8433415e-17	0	320.9646
3.8910000000002754e-10	0.21508628	0.0008804958	0.9765645	-3.843342e-17	0	320.9646
3.8920000000002757e-10	0.21507496	0.00088084856	0.97656727	-3.8433425e-17	0	320.9646
3.893000000000276e-10	0.21506368	0.00088106346	0.9765697	-3.8433425e-17	0	320.9646
3.8940000000002763e-10	0.2150524	0.00088114146	0.97657216	-3.8433425e-17	0	320.9646
3.8950000000002766e-10	0.21504116	0.00088108314	0.97657466	-3.8433412e-17	0	320.9646
3.896000000000277e-10	0.21502997	0.0008808894	0.97657716	-3.8433425e-17	0	320.9646
3.897000000000277e-10	0.2150188	0.000880561	0.9765796	-3.843343e-17	0	320.9646
3.8980000000002775e-10	0.21500763	0.0008800988	0.97658205	-3.8433415e-17	0	320.9646
3.899000000000278e-10	0.21499656	0.00087950355	0.97658443	-3.8433425e-17	0	320.9646
3.900000000000278e-10	0.2149855	0.0008787761	0.97658694	-3.8433422e-17	0	320.9646
3.9010000000002784e-10	0.2149745	0.0008779173	0.9765894	-3.843342e-17	0	320.9646
3.9020000000002787e-10	0.21496351	0.00087692804	0.97659177	-3.8433425e-17	0	320.9646
3.903000000000279e-10	0.21495257	0.00087580923	0.97659427	-3.8433415e-17	0	320.9646
3.9040000000002793e-10	0.2149417	0.0008745618	0.97659665	-3.8433422e-17	0	320.9646
3.9050000000002796e-10	0.21493086	0.00087318674	0.9765991	-3.843341e-17	0	320.9646
3.90600000000028e-10	0.21492004	0.0008716849	0.97660136	-3.8433425e-17	0	320.9646
3.9070000000002803e-10	0.21490929	0.0008700574	0.9766038	-3.8433432e-17	0	320.9646
3.9080000000002806e-10	0.21489862	0.0008683051	0.9766062	-3.8433415e-17	0	320.9646
3.909000000000281e-10	0.21488796	0.0008664289	0.97660846	-3.843342e-17	0	320.9646
3.910000000000281e-10	0.21487734	0.00086442975	0.9766109	-3.8433435e-17	0	320.9646
3.9110000000002815e-10	0.21486682	0.00086230884	0.9766132	-3.8433422e-17	0	320.9646
3.912000000000282e-10	0.21485634	0.000860067	0.9766155	-3.8433435e-17	0	320.9646
3.913000000000282e-10	0.2148459	0.0008577055	0.9766178	-3.843343e-17	0	320.9646
3.9140000000002824e-10	0.21483552	0.00085522496	0.97662014	-3.843343e-17	0	320.9646
3.9150000000002827e-10	0.21482523	0.00085262675	0.97662234	-3.843344e-17	0	320.9646
3.916000000000283e-10	0.21481498	0.000849912	0.97662467	-3.843343e-17	0	320.9646
3.9170000000002833e-10	0.21480478	0.00084708165	0.976627	-3.8433422e-17	0	320.9646
3.9180000000002836e-10	0.21479335	0.00084974617	0.97662944	-3.8631283e-17	0	320.12512
3.919000000000284e-10	0.21478063	0.0008578575	0.97663224	-3.8631267e-17	0	320.12512
3.920000000000284e-10	0.2147678	0.0008657903	0.9766351	-3.863128e-17	0	320.12512
3.9210000000002846e-10	0.21475491	0.0008735443	0.97663796	-3.863128e-17	0	320.12512
3.922000000000285e-10	0.21474198	0.0008811194	0.9766408	-3.8631297e-17	0	320.12512
3.923000000000285e-10	0.21472898	0.00088851515	0.97664356	-3.863128e-17	0	320.12512
3.9240000000002855e-10	0.21471594	0.00089573156	0.9766464	-3.8631277e-17	0	320.12512
3.925000000000286e-10	0.21470284	0.0009027686	0.97664946	-3.8631274e-17	0	320.12512
3.926000000000286e-10	0.21468969	0.00090962625	0.9766523	-3.8631277e-17	0	320.12512
3.9270000000002864e-10	0.2146765	0.0009163042	0.9766551	-3.8631277e-17	0	320.12512
3.9280000000002867e-10	0.21466324	0.0009228025	0.97665817	-3.8631283e-17	0	320.12512
3.929000000000287e-10	0.21464998	0.00092912116	0.976661	-3.8631277e-17	0	320.12512
3.9300000000002873e-10	0.21463665	0.0009352602	0.97666395	-3.8631283e-17	0	320.12512
3.9310000000002876e-10	0.21462329	0.00094121974	0.976667	-3.8631293e-17	0	320.12512
3.932000000000288e-10	0.2146099	0.00094699964	0.9766699	-3.863128e-17	0	320.12512
3.933000000000288e-10	0.21459648	0.00095260015	0.9766729	-3.8631297e-17	0	320.12512
3.9340000000002885e-10	0.21458304	0.0009580216	0.97667587	-3.8631274e-17	0	320.12512
3.935000000000289e-10	0.21456957	0.00096326374	0.9766788	-3.863129e-17	0	320.12512
3.936000000000289e-10	0.21455604	0.0009683269	0.9766817	-3.8631283e-17	0	320.12512
3.9370000000002895e-10	0.21454251	0.00097321166	0.9766847	-3.86313e-17	0	320.12512
3.93800000000029e-10	0.21452896	0.0009779179	0.9766877	-3.863128e-17	0	320.12512
3.93900000000029e-10	0.21451539	0.0009824459	0.9766907	-3.8631297e-17	0	320.12512
3.9400000000002904e-10	0.21450177	0.000986796	0.97669363	-3.8631283e-17	0	320.12512
3.9410000000002907e-10	0.21448818	0.0009909687	0.9766967	-3.863129e-17	0	320.12512
3.942000000000291e-10	0.21447457	0.000994964	0.97669965	-3.8631267e-17	0	320.12512
3.9430000000002913e-10	0.21446097	0.0009987826	0.9767026	-3.8631287e-17	0	320.12512
3.9440000000002916e-10	0.21444732	0.0010024246	0.9767057	-3.8631293e-17	0	320.12512
3.945000000000292e-10	0.21443368	0.0010058907	0.9767086	-3.8631293e-17	0	320.12512
3.946000000000292e-10	0.21442005	0.0010091814	0.97671163	-3.863128e-17	0	320.12512
3.9470000000002925e-10	0.21440642	0.0010122964	0.97671473	-3.8631287e-17	0	320.12512
3.948000000000293e-10	0.21439275	0.0010152373	0.97671765	-3.8631287e-17	0	320.12512
3.949000000000293e-10	0.2143791	0.0010180041	0.9767208	-3.8631293e-17	0	320.12512
3.9500000000002935e-10	0.21436548	0.0010205974	0.9767238	-3.8631287e-17	0	320.12512
3.951000000000294e-10	0.21435185	0.0010230178	0.9767267	-3.8631293e-17	0	320.12512
3.952000000000294e-10	0.21433823	0.0010252659	0.97672975	-3.8631297e-17	0	320.12512
3.9530000000002944e-10	0.21432464	0.0010273423	0.9767328	-3.8631297e-17	0	320.12512
3.9540000000002947e-10	0.21431102	0.0010292477	0.97673565	-3.863129e-17	0	320.12512
3.955000000000295e-10	0.21429746	0.0010309825	0.9767386	-3.8631293e-17	0	320.12512
3.9560000000002953e-10	0.2142839	0.0010325478	0.9767417	-3.86313e-17	0	320.12512
3.9570000000002956e-10	0.21427035	0.0010339441	0.9767446	-3.863129e-17	0	320.12512
3.958000000000296e-10	0.21425684	0.0010351723	0.9767475	-3.8631303e-17	0	320.12512
3.959000000000296e-10	0.21424332	0.0010362327	0.9767506	-3.863128e-17	0	320.12512
3.9600000000002965e-10	0.21422988	0.0010371264	0.97675353	-3.8631297e-17	0	320.12512
3.961000000000297e-10	0.21421644	0.0010378545	0.9767565	-3.8631287e-17	0	320.12512
3.962000000000297e-10	0.21420301	0.0010384173	0.97675955	-3.8631293e-17	0	320.12512
3.9630000000002974e-10	0.21418965	0.001038816	0.9767625	-3.8631297e-17	0	320.12512
3.964000000000298e-10	0.21417627	0.0010390511	0.9767654	-3.86313e-17	0	320.12512
3.965000000000298e-10	0.21416296	0.001039124	0.9767683	-3.8631293e-17	0	320.12512
3.9660000000002984e-10	0.21414968	0.0010390349	0.97677124	-3.86313e-17	0	320.12512
3.9670000000002987e-10	0.21413642	0.0010387854	0.9767742	-3.86313e-17	0	320.12512
3.968000000000299e-10	0.21412325	0.001038376	0.9767771	-3.863129e-17	0	320.12512
3.9690000000002993e-10	0.21411008	0.0010378079	0.97677994	-3.8631297e-17	0	320.12512
3.9700000000002996e-10	0.21409696	0.0010370817	0.9767829	-3.8631287e-17	0	320.12512
3.9710000000003e-10	0.2140839	0.0010361988	0.9767858	-3.86313e-17	0	320.12512
3.9720000000003e-10	0.21407087	0.0010351602	0.9767886	-3.86313e-17	0	320.12512
3.9730000000003005e-10	0.2140579	0.0010339668	0.9767915	-3.863129e-17	0	320.12512
3.974000000000301e-10	0.21404496	0.0010326196	0.97679436	-3.8631297e-17	0	320.12512
3.975000000000301e-10	0.2140321	0.0010311197	0.9767972	-3.8631303e-17	0	320.12512
3.9760000000003014e-10	0.21401931	0.0010294685	0.9768001	-3.8631303e-17	0	320.12512
3.9770000000003017e-10	0.21400653	0.0010276667	0.97680277	-3.863129e-17	0	320.12512
3.978000000000302e-10	0.21399382	0.0010257156	0.9768056	-3.8631307e-17	0	320.12512
3.9790000000003023e-10	0.21398121	0.0010236164	0.97680837	-3.8631303e-17	0	320.12512
3.9800000000003027e-10	0.2139686	0.0010213703	0.97681123	-3.8631297e-17	0	320.12512
3.981000000000303e-10	0.21395609	0.0010189781	0.9768139	-3.86313e-17	0	320.12512
3.9820000000003033e-10	0.21394365	0.0010164413	0.97681665	-3.86313e-17	0	320.12512
3.9830000000003036e-10	0.21393126	0.0010137612	0.9768194	-3.8631297e-17	0	320.12512
3.984000000000304e-10	0.21391892	0.0010109387	0.9768222	-3.8631297e-17	0	320.12512
3.985000000000304e-10	0.21390669	0.0010079753	0.97682476	-3.8631307e-17	0	320.12512
3.9860000000003045e-10	0.2138945	0.0010048723	0.9768275	-3.86313e-17	0	320.12512
3.987000000000305e-10	0.21388239	0.0010016308	0.9768301	-3.8631303e-17	0	320.12512
3.988000000000305e-10	0.21387035	0.000998252	0.9768328	-3.8631297e-17	0	320.12512
3.9890000000003054e-10	0.21385837	0.0009947376	0.9768355	-3.8631307e-17	0	320.12512
3.9900000000003057e-10	0.2138465	0.0009910882	0.9768381	-3.863131e-17	0	320.12512
3.991000000000306e-10	0.21383469	0.0009873058	0.97684073	-3.86313e-17	0	320.12512
3.9920000000003063e-10	0.21382296	0.0009833914	0.97684324	-3.8631293e-17	0	320.12512
3.9930000000003066e-10	0.21381132	0.0009793465	0.9768459	-3.8631307e-17	0	320.12512
3.994000000000307e-10	0.21379974	0.0009751723	0.97684836	-3.86313e-17	0	320.12512
3.995000000000307e-10	0.21378827	0.00097087043	0.976851	-3.8631303e-17	0	320.12512
3.9960000000003076e-10	0.21377689	0.00096644205	0.9768535	-3.8631287e-17	0	320.12512
3.997000000000308e-10	0.21376556	0.0009618886	0.97685593	-3.86313e-17	0	320.12512
3.998000000000308e-10	0.21375436	0.0009572115	0.9768585	-3.86313e-17	0	320.12512
3.9990000000003085e-10	0.21374321	0.00095241226	0.97686094	-3.8631307e-17	0	320.12512
4.000000000000309e-10	0.21373215	0.00094749226	0.9768634	-3.86313e-17	0	320.12512
4.001000000000309e-10	0.21372122	0.000942453	0.9768658	-3.8631303e-17	0	320.12512
4.0020000000003094e-10	0.21371035	0.0009372957	0.9768681	-3.863131e-17	0	320.12512
4.0030000000003097e-10	0.21369958	0.00093202206	0.9768705	-3.863129e-17	0	320.12512
4.00400000000031e-10	0.2136889	0.0009266335	0.9768729	-3.8631307e-17	0	320.12512
4.0050000000003103e-10	0.2136783	0.0009211313	0.97687507	-3.863131e-17	0	320.12512
4.0060000000003106e-10	0.21366782	0.0009155172	0.97687745	-3.8631297e-17	0	320.12512
4.007000000000311e-10	0.21365744	0.0009097926	0.9768798	-3.8631287e-17	0	320.12512
4.008000000000311e-10	0.21364716	0.00090395915	0.976882	-3.8631307e-17	0	320.12512
4.0090000000003115e-10	0.21363696	0.00089801813	0.97688437	-3.8631313e-17	0	320.12512
4.010000000000312e-10	0.21362689	0.0008919712	0.9768865	-3.8631293e-17	0	320.12512
4.011000000000312e-10	0.2136169	0.0008858199	0.9768888	-3.86313e-17	0	320.12512
4.0120000000003125e-10	0.213607	0.0008795657	0.9768909	-3.863131e-17	0	320.12512
4.013000000000313e-10	0.21359724	0.0008732103	0.97689307	-3.86313e-17	0	320.12512
4.014000000000313e-10	0.21358757	0.00086675514	0.9768952	-3.8631293e-17	0	320.12512
4.0150000000003134e-10	0.21357799	0.0008602018	0.97689724	-3.8631307e-17	0	320.12512
4.0160000000003137e-10	0.21356851	0.000853552	0.97689927	-3.8631297e-17	0	320.12512
4.017000000000314e-10	0.21355915	0.00084680726	0.9769015	-3.8631317e-17	0	320.12512
4.0180000000003143e-10	0.21354866	0.00084532355	0.97690374	-3.8821568e-17	0	319.3193
4.0190000000003146e-10	0.21353695	0.00084905565	0.9769063	-3.8821575e-17	0	319.3193
4.020000000000315e-10	0.21352522	0.00085263397	0.9769089	-3.882157e-17	0	319.3193
4.021000000000315e-10	0.2135135	0.0008560587	0.9769115	-3.8821565e-17	0	319.3193
4.0220000000003155e-10	0.21350172	0.0008593302	0.97691405	-3.8821568e-17	0	319.3193
4.023000000000316e-10	0.21348995	0.0008624491	0.97691655	-3.882157e-17	0	319.3193
4.024000000000316e-10	0.21347821	0.0008654153	0.97691923	-3.8821578e-17	0	319.3193
4.0250000000003165e-10	0.21346644	0.0008682296	0.9769218	-3.8821568e-17	0	319.3193
4.026000000000317e-10	0.21345466	0.00087089214	0.97692436	-3.8821578e-17	0	319.3193
4.027000000000317e-10	0.21344289	0.00087340333	0.97692704	-3.8821578e-17	0	319.3193
4.0280000000003174e-10	0.21343113	0.00087576365	0.97692955	-3.8821575e-17	0	319.3193
4.0290000000003177e-10	0.21341938	0.0008779737	0.9769321	-3.8821578e-17	0	319.3193
4.030000000000318e-10	0.2134076	0.00088003365	0.97693473	-3.882157e-17	0	319.3193
4.0310000000003183e-10	0.2133959	0.0008819443	0.9769373	-3.8821568e-17	0	319.3193
4.0320000000003186e-10	0.21338414	0.0008837061	0.9769398	-3.882158e-17	0	319.3193
4.033000000000319e-10	0.21337241	0.0008853196	0.9769424	-3.8821565e-17	0	319.3193
4.034000000000319e-10	0.21336071	0.0008867853	0.97694504	-3.882157e-17	0	319.3193
4.0350000000003195e-10	0.21334898	0.00088810397	0.97694755	-3.8821578e-17	0	319.3193
4.03600000000032e-10	0.2133373	0.00088927604	0.9769501	-3.882158e-17	0	319.3193
4.03700000000032e-10	0.21332565	0.0008903022	0.9769527	-3.882158e-17	0	319.3193
4.0380000000003204e-10	0.21331401	0.00089118304	0.97695524	-3.8821575e-17	0	319.3193
4.039000000000321e-10	0.21330237	0.0008919193	0.97695774	-3.882157e-17	0	319.3193
4.040000000000321e-10	0.21329078	0.0008925119	0.9769603	-3.8821575e-17	0	319.3193
4.0410000000003214e-10	0.21327922	0.0008929612	0.9769629	-3.8821585e-17	0	319.3193
4.0420000000003217e-10	0.21326767	0.00089326804	0.9769654	-3.8821565e-17	0	319.3193
4.043000000000322e-10	0.21325614	0.0008934332	0.97696793	-3.8821568e-17	0	319.3193
4.0440000000003223e-10	0.21324466	0.0008934575	0.97697043	-3.8821578e-17	0	319.3193
4.0450000000003226e-10	0.21323323	0.0008933415	0.9769729	-3.8821575e-17	0	319.3193
4.046000000000323e-10	0.21322179	0.00089308614	0.97697544	-3.8821588e-17	0	319.3193
4.047000000000323e-10	0.2132104	0.00089269225	0.976978	-3.8821588e-17	0	319.3193
4.0480000000003235e-10	0.21319905	0.00089216075	0.97698045	-3.882157e-17	0	319.3193
4.049000000000324e-10	0.21318772	0.00089149224	0.97698295	-3.882157e-17	0	319.3193
4.050000000000324e-10	0.21317647	0.0008906877	0.97698534	-3.882157e-17	0	319.3193
4.0510000000003244e-10	0.21316522	0.0008897481	0.97698784	-3.882157e-17	0	319.3193
4.0520000000003247e-10	0.21315403	0.0008886742	0.9769903	-3.882157e-17	0	319.3193
4.053000000000325e-10	0.21314289	0.00088746706	0.97699267	-3.8821578e-17	0	319.3193
4.0540000000003254e-10	0.21313182	0.0008861276	0.97699517	-3.882158e-17	0	319.3193
4.0550000000003257e-10	0.21312074	0.0008846567	0.9769976	-3.8821585e-17	0	319.3193
4.056000000000326e-10	0.21310975	0.00088305527	0.977	-3.8821588e-17	0	319.3193
4.0570000000003263e-10	0.21309876	0.0008813242	0.9770024	-3.8821578e-17	0	319.3193
4.0580000000003266e-10	0.21308789	0.0008794646	0.97700477	-3.8821578e-17	0	319.3193
4.059000000000327e-10	0.21307704	0.0008774776	0.9770072	-3.8821565e-17	0	319.3193
4.060000000000327e-10	0.21306622	0.00087536394	0.9770095	-3.8821578e-17	0	319.3193
4.0610000000003275e-10	0.21305548	0.0008731247	0.97701186	-3.8821568e-17	0	319.3193
4.062000000000328e-10	0.21304479	0.0008707611	0.9770142	-3.8821588e-17	0	319.3193
4.063000000000328e-10	0.21303418	0.0008682741	0.97701657	-3.8821578e-17	0	319.3193
4.0640000000003284e-10	0.21302359	0.0008656648	0.97701895	-3.8821565e-17	0	319.3193
4.0650000000003287e-10	0.21301308	0.0008629342	0.9770213	-3.882158e-17	0	319.3193
4.066000000000329e-10	0.21300265	0.00086008356	0.9770234	-3.8821575e-17	0	319.3193
4.0670000000003293e-10	0.21299228	0.00085711404	0.97702575	-3.8821585e-17	0	319.3193
4.0680000000003296e-10	0.21298197	0.00085402664	0.977028	-3.8821585e-17	0	319.3193
4.06900000000033e-10	0.21297175	0.0008508227	0.9770303	-3.8821588e-17	0	319.3193
4.0700000000003303e-10	0.21296157	0.0008475031	0.9770324	-3.882159e-17	0	319.3193
4.0710000000003306e-10	0.21295144	0.0008440692	0.9770347	-3.882159e-17	0	319.3193
4.072000000000331e-10	0.21294141	0.00084052194	0.97703683	-3.8821578e-17	0	319.3193
4.073000000000331e-10	0.21293145	0.00083686283	0.9770391	-3.8821585e-17	0	319.3193
4.0740000000003315e-10	0.21292156	0.0008330927	0.97704124	-3.882158e-17	0	319.3193
4.075000000000332e-10	0.21291174	0.00082921324	0.97704345	-3.8821585e-17	0	319.3193
4.076000000000332e-10	0.212902	0.00082522526	0.97704554	-3.882159e-17	0	319.3193
4.0770000000003324e-10	0.21289234	0.00082113006	0.9770476	-3.882158e-17	0	319.3193
4.0780000000003327e-10	0.21288274	0.0008169291	0.97704965	-3.8821578e-17	0	319.3193
4.079000000000333e-10	0.21287322	0.00081262353	0.97705185	-3.882157e-17	0	319.3193
4.0800000000003333e-10	0.2128638	0.0008082145	0.9770539	-3.882158e-17	0	319.3193
4.0810000000003336e-10	0.21285444	0.0008037034	0.9770559	-3.8821588e-17	0	319.3193
4.082000000000334e-10	0.21284518	0.0007990915	0.97705793	-3.882159e-17	0	319.3193
4.083000000000334e-10	0.21283601	0.00079438	0.97705996	-3.8821575e-17	0	319.3193
4.0840000000003346e-10	0.2128269	0.00078957045	0.977062	-3.8821575e-17	0	319.3193
4.085000000000335e-10	0.21281788	0.0007846639	0.9770639	-3.882159e-17	0	319.3193
4.086000000000335e-10	0.21280897	0.00077966176	0.9770658	-3.882157e-17	0	319.3193
4.0870000000003355e-10	0.2128001	0.00077456527	0.9770678	-3.8821585e-17	0	319.3193
4.088000000000336e-10	0.2127913	0.0007693757	0.9770698	-3.882159e-17	0	319.3193
4.089000000000336e-10	0.21278262	0.00076409435	0.9770717	-3.8821588e-17	0	319.3193
4.0900000000003364e-10	0.21277404	0.0007587226	0.9770736	-3.882159e-17	0	319.3193
4.0910000000003367e-10	0.21276554	0.00075326185	0.97707546	-3.8821585e-17	0	319.3193
4.092000000000337e-10	0.21275711	0.0007477133	0.97707725	-3.882159e-17	0	319.3193
4.0930000000003373e-10	0.2127488	0.00074207847	0.9770791	-3.8821585e-17	0	319.3193
4.0940000000003376e-10	0.21274057	0.0007363585	0.9770808	-3.8821588e-17	0	319.3193
4.095000000000338e-10	0.21273242	0.00073055504	0.9770826	-3.8821575e-17	0	319.3193
4.096000000000338e-10	0.21272437	0.0007246692	0.9770844	-3.8821585e-17	0	319.3193
4.0970000000003385e-10	0.21271643	0.0007187025	0.9770862	-3.8821588e-17	0	319.3193
4.098000000000339e-10	0.21270856	0.00071265653	0.97708786	-3.8821578e-17	0	319.3193
4.099000000000339e-10	0.21270083	0.00070653245	0.9770896	-3.8821588e-17	0	319.3193
4.1000000000003395e-10	0.21269318	0.00070033164	0.97709113	-3.882158e-17	0	319.3193
4.10100000000034e-10	0.21268561	0.0006940557	0.97709286	-3.8821588e-17	0	319.3193
4.10200000000034e-10	0.21267815	0.0006877058	0.9770946	-3.8821578e-17	0	319.3193
4.1030000000003404e-10	0.2126708	0.0006812837	0.97709614	-3.882158e-17	0	319.3193
4.1040000000003407e-10	0.21266355	0.0006747907	0.9770977	-3.8821588e-17	0	319.3193
4.105000000000341e-10	0.21265635	0.000668228	0.97709936	-3.8821588e-17	0	319.3193
4.1060000000003413e-10	0.21264932	0.00066159724	0.97710085	-3.8821585e-17	0	319.3193
4.1070000000003416e-10	0.21264234	0.0006548999	0.9771024	-3.882159e-17	0	319.3193
4.108000000000342e-10	0.21263547	0.0006481373	0.9771039	-3.8821588e-17	0	319.3193
4.109000000000342e-10	0.21262872	0.00064131094	0.9771054	-3.8821598e-17	0	319.3193
4.1100000000003425e-10	0.21262208	0.000634422	0.9771068	-3.882158e-17	0	319.3193
4.111000000000343e-10	0.21261549	0.0006274722	0.97710824	-3.8821598e-17	0	319.3193
4.112000000000343e-10	0.21260904	0.0006204625	0.9771096	-3.882159e-17	0	319.3193
4.1130000000003434e-10	0.21260272	0.0006133948	0.97711104	-3.882157e-17	0	319.3193
4.114000000000344e-10	0.21259645	0.00060627045	0.97711235	-3.88216e-17	0	319.3193
4.115000000000344e-10	0.2125903	0.00059909077	0.9771137	-3.8821585e-17	0	319.3193
4.1160000000003444e-10	0.21258427	0.0005918571	0.97711504	-3.882159e-17	0	319.3193
4.1170000000003447e-10	0.21257833	0.00058457104	0.9771164	-3.8821588e-17	0	319.3193
4.118000000000345e-10	0.21257132	0.0005823523	0.9771179	-3.9004517e-17	0	318.54572
4.1190000000003453e-10	0.21256314	0.00058515766	0.9771197	-3.9004514e-17	0	318.54572
4.1200000000003456e-10	0.21255493	0.0005878542	0.9771215	-3.9004524e-17	0	318.54572
4.121000000000346e-10	0.21254674	0.00059044216	0.97712326	-3.900452e-17	0	318.54572
4.122000000000346e-10	0.21253854	0.00059292157	0.97712505	-3.9004524e-17	0	318.54572
4.1230000000003465e-10	0.21253031	0.0005952928	0.97712684	-3.9004514e-17	0	318.54572
4.124000000000347e-10	0.21252209	0.0005975559	0.97712857	-3.9004537e-17	0	318.54572
4.125000000000347e-10	0.21251385	0.00059971126	0.9771304	-3.9004527e-17	0	318.54572
4.1260000000003474e-10	0.21250565	0.00060175924	0.97713214	-3.9004537e-17	0	318.54572
4.127000000000348e-10	0.21249741	0.0006036998	0.977134	-3.9004527e-17	0	318.54572
4.128000000000348e-10	0.21248917	0.0006055333	0.9771358	-3.9004517e-17	0	318.54572
4.1290000000003484e-10	0.21248095	0.0006072601	0.97713757	-3.900452e-17	0	318.54572
4.1300000000003487e-10	0.21247272	0.00060888065	0.97713935	-3.9004517e-17	0	318.54572
4.131000000000349e-10	0.21246447	0.00061039504	0.9771412	-3.9004514e-17	0	318.54572
4.1320000000003493e-10	0.21245624	0.0006118037	0.97714293	-3.9004517e-17	0	318.54572
4.1330000000003496e-10	0.21244802	0.0006131071	0.97714466	-3.9004527e-17	0	318.54572
4.13400000000035e-10	0.21243984	0.0006143056	0.9771465	-3.9004517e-17	0	318.54572
4.13500000000035e-10	0.21243162	0.00061539945	0.97714823	-3.900452e-17	0	318.54572
4.1360000000003505e-10	0.21242344	0.00061638915	0.9771501	-3.9004524e-17	0	318.54572
4.137000000000351e-10	0.21241525	0.00061727525	0.9771519	-3.9004527e-17	0	318.54572
4.138000000000351e-10	0.21240707	0.00061805785	0.97715366	-3.9004517e-17	0	318.54572
4.1390000000003514e-10	0.2123989	0.0006187378	0.97715545	-3.9004527e-17	0	318.54572
4.1400000000003517e-10	0.21239078	0.00061931537	0.97715724	-3.9004534e-17	0	318.54572
4.141000000000352e-10	0.21238264	0.00061979104	0.977159	-3.9004524e-17	0	318.54572
4.1420000000003523e-10	0.21237457	0.0006201654	0.97716063	-3.9004524e-17	0	318.54572
4.1430000000003527e-10	0.21236646	0.0006204389	0.9771625	-3.9004527e-17	0	318.54572
4.144000000000353e-10	0.21235839	0.00062061206	0.9771642	-3.900452e-17	0	318.54572
4.1450000000003533e-10	0.21235034	0.00062068546	0.977166	-3.9004514e-17	0	318.54572
4.1460000000003536e-10	0.21234229	0.0006206596	0.9771677	-3.9004527e-17	0	318.54572
4.147000000000354e-10	0.2123343	0.000620535	0.97716945	-3.900452e-17	0	318.54572
4.148000000000354e-10	0.21232632	0.0006203124	0.97717124	-3.9004527e-17	0	318.54572
4.1490000000003545e-10	0.21231836	0.00061999203	0.9771729	-3.9004527e-17	0	318.54572
4.150000000000355e-10	0.21231043	0.00061957486	0.9771747	-3.900453e-17	0	318.54572
4.151000000000355e-10	0.2123025	0.0006190613	0.97717637	-3.900453e-17	0	318.54572
4.1520000000003554e-10	0.21229465	0.00061845186	0.97717804	-3.9004514e-17	0	318.54572
4.1530000000003557e-10	0.21228683	0.00061774737	0.97717977	-3.9004517e-17	0	318.54572
4.154000000000356e-10	0.21227899	0.00061694835	0.9771815	-3.9004534e-17	0	318.54572
4.1550000000003563e-10	0.2122712	0.0006160556	0.9771831	-3.9004517e-17	0	318.54572
4.1560000000003566e-10	0.21226345	0.00061506976	0.97718483	-3.900452e-17	0	318.54572
4.157000000000357e-10	0.21225575	0.0006139914	0.97718656	-3.9004527e-17	0	318.54572
4.158000000000357e-10	0.21224806	0.0006128213	0.9771882	-3.9004534e-17	0	318.54572
4.1590000000003576e-10	0.21224044	0.00061156007	0.9771898	-3.9004514e-17	0	318.54572
4.160000000000358e-10	0.2122328	0.00061020826	0.9771915	-3.9004527e-17	0	318.54572
4.161000000000358e-10	0.21222526	0.0006087669	0.9771931	-3.9004527e-17	0	318.54572
4.1620000000003585e-10	0.21221772	0.0006072368	0.9771948	-3.900452e-17	0	318.54572
4.163000000000359e-10	0.21221024	0.00060561846	0.9771964	-3.900453e-17	0	318.54572
4.164000000000359e-10	0.21220276	0.00060391286	0.977198	-3.9004527e-17	0	318.54572
4.1650000000003594e-10	0.21219537	0.0006021206	0.9771997	-3.9004524e-17	0	318.54572
4.1660000000003597e-10	0.212188	0.0006002424	0.9772012	-3.9004534e-17	0	318.54572
4.16700000000036e-10	0.21218067	0.0005982791	0.9772029	-3.900453e-17	0	318.54572
4.1680000000003603e-10	0.21217342	0.00059623155	0.9772044	-3.9004524e-17	0	318.54572
4.1690000000003606e-10	0.21216618	0.0005941005	0.977206	-3.9004537e-17	0	318.54572
4.170000000000361e-10	0.21215898	0.0005918869	0.97720754	-3.9004524e-17	0	318.54572
4.171000000000361e-10	0.21215187	0.00058959145	0.9772091	-3.900453e-17	0	318.54572
4.1720000000003615e-10	0.21214476	0.0005872149	0.97721064	-3.900454e-17	0	318.54572
4.173000000000362e-10	0.21213776	0.0005847581	0.97721213	-3.900453e-17	0	318.54572
4.174000000000362e-10	0.21213076	0.0005822218	0.9772137	-3.9004527e-17	0	318.54572
4.1750000000003625e-10	0.21212381	0.0005796071	0.9772152	-3.9004524e-17	0	318.54572
4.176000000000363e-10	0.2121169	0.0005769146	0.9772166	-3.9004537e-17	0	318.54572
4.177000000000363e-10	0.2121101	0.00057414535	0.97721815	-3.9004517e-17	0	318.54572
4.1780000000003634e-10	0.2121033	0.0005713001	0.9772197	-3.9004524e-17	0	318.54572
4.1790000000003637e-10	0.2120966	0.0005683799	0.9772211	-3.9004534e-17	0	318.54572
4.180000000000364e-10	0.21208993	0.0005653855	0.97722244	-3.9004527e-17	0	318.54572
4.1810000000003643e-10	0.21208331	0.0005623178	0.9772239	-3.9004524e-17	0	318.54572
4.1820000000003646e-10	0.21207672	0.0005591776	0.97722554	-3.9004524e-17	0	318.54572
4.183000000000365e-10	0.21207021	0.0005559659	0.97722685	-3.9004534e-17	0	318.54572
4.184000000000365e-10	0.21206379	0.00055268354	0.9772283	-3.9004527e-17	0	318.54572
4.1850000000003655e-10	0.21205738	0.00054933154	0.97722965	-3.9004534e-17	0	318.54572
4.186000000000366e-10	0.21205108	0.0005459109	0.97723097	-3.9004537e-17	0	318.54572
4.187000000000366e-10	0.21204479	0.00054242235	0.97723234	-3.9004524e-17	0	318.54572
4.1880000000003665e-10	0.21203855	0.00053886697	0.9772337	-3.9004534e-17	0	318.54572
4.189000000000367e-10	0.21203242	0.00053524564	0.97723496	-3.9004527e-17	0	318.54572
4.190000000000367e-10	0.21202633	0.00053155917	0.9772364	-3.9004524e-17	0	318.54572
4.1910000000003674e-10	0.21202031	0.0005278087	0.9772376	-3.900453e-17	0	318.54572
4.1920000000003677e-10	0.21201433	0.00052399497	0.9772389	-3.9004524e-17	0	318.54572
4.193000000000368e-10	0.21200842	0.000520119	0.97724026	-3.9004527e-17	0	318.54572
4.1940000000003683e-10	0.21200258	0.00051618164	0.9772415	-3.9004524e-17	0	318.54572
4.1950000000003686e-10	0.2119968	0.00051218405	0.9772427	-3.9004547e-17	0	318.54572
4.196000000000369e-10	0.21199109	0.00050812704	0.97724396	-3.9004517e-17	0	318.54572
4.197000000000369e-10	0.21198542	0.00050401175	0.97724515	-3.9004517e-17	0	318.54572
4.1980000000003695e-10	0.21197984	0.00049983896	0.97724646	-3.9004524e-17	0	318.54572
4.19900000000037e-10	0.21197432	0.0004956097	0.9772476	-3.900452e-17	0	318.54572
4.20000000000037e-10	0.21196887	0.000491325	0.9772489	-3.900454e-17	0	318.54572
4.2010000000003704e-10	0.21196352	0.00048698587	0.97725	-3.900452e-17	0	318.54572
4.202000000000371e-10	0.21195818	0.0004825933	0.9772511	-3.900453e-17	0	318.54572
4.203000000000371e-10	0.21195295	0.0004781483	0.97725224	-3.9004537e-17	0	318.54572
4.2040000000003714e-10	0.21194778	0.00047365186	0.9772534	-3.9004517e-17	0	318.54572
4.2050000000003717e-10	0.21194267	0.0004691051	0.9772545	-3.9004547e-17	0	318.54572
4.206000000000372e-10	0.21193764	0.0004645089	0.9772555	-3.9004537e-17	0	318.54572
4.2070000000003723e-10	0.21193269	0.00045986442	0.97725666	-3.900452e-17	0	318.54572
4.2080000000003726e-10	0.2119278	0.0004551726	0.97725767	-3.9004537e-17	0	318.54572
4.209000000000373e-10	0.21192297	0.00045043443	0.9772587	-3.9004527e-17	0	318.54572
4.210000000000373e-10	0.21191825	0.00044565092	0.9772598	-3.9004527e-17	0	318.54572
4.2110000000003735e-10	0.21191359	0.00044082312	0.97726077	-3.9004534e-17	0	318.54572
4.212000000000374e-10	0.21190897	0.00043595207	0.9772617	-3.9004527e-17	0	318.54572
4.213000000000374e-10	0.21190447	0.0004310388	0.97726285	-3.900453e-17	0	318.54572
4.2140000000003744e-10	0.2119	0.00042608436	0.97726375	-3.9004524e-17	0	318.54572
4.2150000000003747e-10	0.21189563	0.00042108967	0.97726464	-3.900453e-17	0	318.54572
4.216000000000375e-10	0.21189132	0.00041605582	0.9772656	-3.9004527e-17	0	318.54572
4.2170000000003753e-10	0.2118871	0.000410984	0.97726643	-3.9004524e-17	0	318.54572
4.2180000000003757e-10	0.21188182	0.00041077327	0.9772677	-3.918037e-17	0	317.8031
4.219000000000376e-10	0.2118754	0.0004153819	0.97726905	-3.918037e-17	0	317.8031
4.2200000000003763e-10	0.21186894	0.00041989743	0.9772704	-3.9180376e-17	0	317.8031
4.2210000000003766e-10	0.21186246	0.0004243195	0.9772718	-3.9180373e-17	0	317.8031
4.222000000000377e-10	0.21185592	0.00042864826	0.9772732	-3.918038e-17	0	317.8031
4.223000000000377e-10	0.21184936	0.00043288327	0.9772747	-3.9180376e-17	0	317.8031
4.2240000000003775e-10	0.21184278	0.00043702443	0.97727615	-3.9180373e-17	0	317.8031
4.225000000000378e-10	0.21183616	0.00044107164	0.9772776	-3.9180382e-17	0	317.8031
4.226000000000378e-10	0.21182948	0.00044502466	0.97727895	-3.9180373e-17	0	317.8031
4.2270000000003784e-10	0.21182278	0.0004488835	0.97728044	-3.9180366e-17	0	317.8031
4.2280000000003787e-10	0.21181607	0.000452648	0.97728187	-3.9180376e-17	0	317.8031
4.229000000000379e-10	0.2118093	0.00045631806	0.97728336	-3.9180382e-17	0	317.8031
4.2300000000003793e-10	0.21180256	0.00045989378	0.9772848	-3.918039e-17	0	317.8031
4.2310000000003796e-10	0.21179576	0.00046337507	0.9772862	-3.9180376e-17	0	317.8031
4.23200000000038e-10	0.21178894	0.00046676194	0.97728777	-3.9180376e-17	0	317.8031
4.23300000000038e-10	0.21178208	0.0004700543	0.9772893	-3.9180376e-17	0	317.8031
4.2340000000003806e-10	0.21177523	0.00047325215	0.97729075	-3.918038e-17	0	317.8031
4.235000000000381e-10	0.21176833	0.0004763555	0.9772921	-3.9180386e-17	0	317.8031
4.236000000000381e-10	0.21176143	0.0004793643	0.9772936	-3.9180373e-17	0	317.8031
4.2370000000003815e-10	0.21175449	0.0004822786	0.9772952	-3.9180376e-17	0	317.8031
4.238000000000382e-10	0.21174759	0.00048509866	0.9772966	-3.9180373e-17	0	317.8031
4.239000000000382e-10	0.21174061	0.00048782455	0.97729814	-3.9180382e-17	0	317.8031
4.2400000000003824e-10	0.21173364	0.0004904563	0.9772997	-3.9180382e-17	0	317.8031
4.2410000000003827e-10	0.21172668	0.000492994	0.97730124	-3.918038e-17	0	317.8031
4.242000000000383e-10	0.21171969	0.00049543777	0.9773027	-3.9180376e-17	0	317.8031
4.2430000000003833e-10	0.21171267	0.0004977877	0.9773042	-3.918038e-17	0	317.8031
4.2440000000003836e-10	0.21170567	0.00050004415	0.9773057	-3.9180376e-17	0	317.8031
4.245000000000384e-10	0.21169865	0.0005022071	0.9773072	-3.9180373e-17	0	317.8031
4.246000000000384e-10	0.21169162	0.0005042767	0.9773088	-3.9180376e-17	0	317.8031
4.2470000000003846e-10	0.2116846	0.00050625345	0.9773103	-3.9180386e-17	0	317.8031
4.248000000000385e-10	0.21167758	0.0005081374	0.9773118	-3.9180386e-17	0	317.8031
4.249000000000385e-10	0.21167053	0.0005099288	0.97731334	-3.9180363e-17	0	317.8031
4.2500000000003855e-10	0.21166348	0.00051162776	0.97731495	-3.918038e-17	0	317.8031
4.251000000000386e-10	0.21165644	0.0005132347	0.9773163	-3.918037e-17	0	317.8031
4.252000000000386e-10	0.21164942	0.00051474967	0.9773179	-3.9180366e-17	0	317.8031
4.2530000000003864e-10	0.21164237	0.0005161731	0.9773194	-3.9180376e-17	0	317.8031
4.2540000000003867e-10	0.21163535	0.00051750545	0.97732085	-3.9180366e-17	0	317.8031
4.255000000000387e-10	0.2116283	0.0005187468	0.9773225	-3.9180366e-17	0	317.8031
4.2560000000003873e-10	0.21162128	0.00051989756	0.97732395	-3.9180382e-17	0	317.8031
4.2570000000003876e-10	0.21161428	0.0005209581	0.97732544	-3.918038e-17	0	317.8031
4.258000000000388e-10	0.21160725	0.0005219289	0.97732705	-3.9180376e-17	0	317.8031
4.259000000000388e-10	0.21160024	0.00052281	0.97732854	-3.918038e-17	0	317.8031
4.2600000000003885e-10	0.21159327	0.0005236019	0.97733	-3.9180376e-17	0	317.8031
4.261000000000389e-10	0.21158628	0.0005243049	0.9773316	-3.9180366e-17	0	317.8031
4.262000000000389e-10	0.2115793	0.00052491954	0.9773331	-3.9180366e-17	0	317.8031
4.2630000000003895e-10	0.21157235	0.00052544626	0.9773345	-3.918037e-17	0	317.8031
4.26400000000039e-10	0.2115654	0.0005258853	0.97733605	-3.9180373e-17	0	317.8031
4.26500000000039e-10	0.21155848	0.0005262373	0.9773376	-3.9180373e-17	0	317.8031
4.2660000000003904e-10	0.21155155	0.00052650267	0.977339	-3.9180382e-17	0	317.8031
4.2670000000003907e-10	0.21154466	0.00052668166	0.9773406	-3.918037e-17	0	317.8031
4.268000000000391e-10	0.2115378	0.00052677485	0.97734207	-3.9180373e-17	0	317.8031
4.2690000000003913e-10	0.21153092	0.0005267827	0.9773435	-3.918038e-17	0	317.8031
4.2700000000003916e-10	0.21152407	0.00052670593	0.977345	-3.9180373e-17	0	317.8031
4.271000000000392e-10	0.21151723	0.00052654464	0.9773465	-3.9180373e-17	0	317.8031
4.272000000000392e-10	0.21151043	0.0005262997	0.97734797	-3.9180376e-17	0	317.8031
4.2730000000003925e-10	0.21150367	0.00052597123	0.9773494	-3.9180373e-17	0	317.8031
4.274000000000393e-10	0.2114969	0.0005255602	0.9773509	-3.918038e-17	0	317.8031
4.275000000000393e-10	0.21149018	0.00052506675	0.9773523	-3.918038e-17	0	317.8031
4.2760000000003934e-10	0.21148348	0.0005244918	0.97735375	-3.9180376e-17	0	317.8031
4.277000000000394e-10	0.2114768	0.0005238356	0.97735524	-3.9180376e-17	0	317.8031
4.278000000000394e-10	0.21147013	0.00052309886	0.9773567	-3.918038e-17	0	317.8031
4.2790000000003944e-10	0.21146353	0.0005222822	0.97735816	-3.9180382e-17	0	317.8031
4.2800000000003947e-10	0.21145694	0.0005213862	0.97735953	-3.9180373e-17	0	317.8031
4.281000000000395e-10	0.21145035	0.00052041153	0.9773609	-3.918039e-17	0	317.8031
4.2820000000003953e-10	0.2114438	0.00051935867	0.9773624	-3.9180376e-17	0	317.8031
4.2830000000003956e-10	0.21143731	0.0005182282	0.9773638	-3.918038e-17	0	317.8031
4.284000000000396e-10	0.21143085	0.0005170208	0.9773652	-3.918038e-17	0	317.8031
4.285000000000396e-10	0.21142441	0.00051573705	0.97736657	-3.9180373e-17	0	317.8031
4.2860000000003965e-10	0.21141799	0.00051437767	0.97736794	-3.9180386e-17	0	317.8031
4.287000000000397e-10	0.21141161	0.0005129432	0.9773693	-3.918038e-17	0	317.8031
4.288000000000397e-10	0.21140529	0.0005114343	0.9773707	-3.9180373e-17	0	317.8031
4.2890000000003974e-10	0.21139897	0.0005098516	0.97737205	-3.9180376e-17	0	317.8031
4.290000000000398e-10	0.21139273	0.00050819595	0.9773734	-3.9180386e-17	0	317.8031
4.291000000000398e-10	0.21138649	0.0005064679	0.97737473	-3.9180376e-17	0	317.8031
4.2920000000003984e-10	0.2113803	0.0005046681	0.9773761	-3.918036e-17	0	317.8031
4.2930000000003987e-10	0.21137415	0.00050279725	0.9773774	-3.9180382e-17	0	317.8031
4.294000000000399e-10	0.21136805	0.000500856	0.97737867	-3.9180386e-17	0	317.8031
4.2950000000003993e-10	0.21136197	0.0004988453	0.97738004	-3.9180386e-17	0	317.8031
4.2960000000003996e-10	0.21135595	0.0004967656	0.97738135	-3.918038e-17	0	317.8031
4.2970000000004e-10	0.21134995	0.00049461774	0.97738266	-3.9180386e-17	0	317.8031
4.2980000000004e-10	0.211344	0.0004924024	0.977384	-3.918038e-17	0	317.8031
4.2990000000004005e-10	0.2113381	0.0004901204	0.97738516	-3.9180376e-17	0	317.8031
4.300000000000401e-10	0.21133223	0.00048777234	0.9773865	-3.9180373e-17	0	317.8031
4.301000000000401e-10	0.21132644	0.000485359	0.9773877	-3.9180376e-17	0	317.8031
4.3020000000004014e-10	0.21132067	0.0004828813	0.97738904	-3.9180386e-17	0	317.8031
4.3030000000004017e-10	0.21131496	0.00048033983	0.9773903	-3.9180376e-17	0	317.8031
4.304000000000402e-10	0.21130927	0.00047773542	0.9773914	-3.918037e-17	0	317.8031
4.3050000000004023e-10	0.21130367	0.00047506866	0.9773927	-3.9180376e-17	0	317.8031
4.3060000000004026e-10	0.21129811	0.00047234056	0.97739387	-3.9180382e-17	0	317.8031
4.307000000000403e-10	0.21129258	0.00046955195	0.97739506	-3.918038e-17	0	317.8031
4.3080000000004033e-10	0.21128711	0.00046670367	0.9773963	-3.9180386e-17	0	317.8031
4.3090000000004036e-10	0.21128169	0.0004637964	0.9773973	-3.9180382e-17	0	317.8031
4.310000000000404e-10	0.21127632	0.00046083104	0.9773986	-3.918038e-17	0	317.8031
4.311000000000404e-10	0.21127103	0.00045780838	0.9773997	-3.918038e-17	0	317.8031
4.3120000000004045e-10	0.21126576	0.00045472922	0.9774009	-3.9180373e-17	0	317.8031
4.313000000000405e-10	0.21126056	0.0004515946	0.977402	-3.918038e-17	0	317.8031
4.314000000000405e-10	0.21125543	0.0004484052	0.9774031	-3.9180373e-17	0	317.8031
4.3150000000004054e-10	0.21125033	0.0004451619	0.9774042	-3.9180373e-17	0	317.8031
4.3160000000004057e-10	0.2112453	0.00044186547	0.9774053	-3.9180382e-17	0	317.8031
4.317000000000406e-10	0.21124034	0.00043851684	0.9774064	-3.918038e-17	0	317.8031
4.3180000000004063e-10	0.21123432	0.00043980498	0.97740775	-3.934941e-17	0	317.09024
4.3190000000004066e-10	0.21122724	0.00044568974	0.97740924	-3.9349425e-17	0	317.09024
4.320000000000407e-10	0.21122009	0.0004514691	0.9774108	-3.9349425e-17	0	317.09024
4.321000000000407e-10	0.21121287	0.00045714265	0.9774124	-3.9349425e-17	0	317.09024
4.3220000000004076e-10	0.21120563	0.00046271004	0.9774139	-3.934942e-17	0	317.09024
4.323000000000408e-10	0.21119836	0.00046817117	0.9774154	-3.9349422e-17	0	317.09024
4.324000000000408e-10	0.211191	0.00047352564	0.9774171	-3.9349425e-17	0	317.09024
4.3250000000004085e-10	0.21118361	0.0004787732	0.9774186	-3.934942e-17	0	317.09024
4.326000000000409e-10	0.21117616	0.0004839134	0.9774202	-3.9349425e-17	0	317.09024
4.327000000000409e-10	0.2111687	0.0004889462	0.9774219	-3.9349415e-17	0	317.09024
4.3280000000004094e-10	0.21116118	0.0004938715	0.9774234	-3.9349422e-17	0	317.09024
4.3290000000004097e-10	0.21115363	0.00049868895	0.9774251	-3.9349422e-17	0	317.09024
4.33000000000041e-10	0.211146	0.00050339854	0.97742665	-3.9349422e-17	0	317.09024
4.3310000000004103e-10	0.21113837	0.0005079998	0.97742844	-3.9349435e-17	0	317.09024
4.3320000000004106e-10	0.21113071	0.0005124929	0.97743	-3.934943e-17	0	317.09024
4.333000000000411e-10	0.21112299	0.00051687745	0.9774317	-3.9349425e-17	0	317.09024
4.334000000000411e-10	0.21111524	0.0005211535	0.97743344	-3.934943e-17	0	317.09024
4.3350000000004115e-10	0.21110748	0.000525321	0.97743505	-3.934943e-17	0	317.09024
4.336000000000412e-10	0.2110997	0.00052938	0.9774367	-3.9349425e-17	0	317.09024
4.337000000000412e-10	0.21109188	0.0005333303	0.9774384	-3.934943e-17	0	317.09024
4.3380000000004125e-10	0.21108404	0.000537172	0.97744006	-3.9349415e-17	0	317.09024
4.339000000000413e-10	0.21107614	0.00054090505	0.97744185	-3.934942e-17	0	317.09024
4.340000000000413e-10	0.21106824	0.0005445296	0.97744346	-3.934943e-17	0	317.09024
4.3410000000004134e-10	0.21106032	0.0005480455	0.97744524	-3.934943e-17	0	317.09024
4.3420000000004137e-10	0.21105239	0.00055145286	0.97744703	-3.9349415e-17	0	317.09024
4.343000000000414e-10	0.21104442	0.00055475184	0.97744864	-3.9349422e-17	0	317.09024
4.3440000000004143e-10	0.21103644	0.00055794255	0.97745043	-3.934941e-17	0	317.09024
4.3450000000004146e-10	0.21102843	0.0005610248	0.97745216	-3.9349415e-17	0	317.09024
4.346000000000415e-10	0.21102042	0.00056399894	0.9774538	-3.9349422e-17	0	317.09024
4.347000000000415e-10	0.2110124	0.0005668652	0.9774556	-3.9349422e-17	0	317.09024
4.3480000000004155e-10	0.21100436	0.0005696235	0.97745734	-3.9349435e-17	0	317.09024
4.349000000000416e-10	0.21099631	0.0005722742	0.977459	-3.934943e-17	0	317.09024
4.350000000000416e-10	0.21098825	0.0005748173	0.97746074	-3.934942e-17	0	317.09024
4.3510000000004165e-10	0.21098019	0.00057725323	0.9774626	-3.9349432e-17	0	317.09024
4.352000000000417e-10	0.21097212	0.0005795821	0.97746426	-3.9349425e-17	0	317.09024
4.353000000000417e-10	0.21096402	0.00058180414	0.977466	-3.9349422e-17	0	317.09024
4.3540000000004174e-10	0.21095595	0.0005839197	0.97746783	-3.934943e-17	0	317.09024
4.3550000000004177e-10	0.21094786	0.00058592897	0.97746956	-3.934942e-17	0	317.09024
4.356000000000418e-10	0.2109398	0.0005878322	0.97747123	-3.9349432e-17	0	317.09024
4.3570000000004183e-10	0.21093169	0.0005896298	0.977473	-3.9349425e-17	0	317.09024
4.3580000000004186e-10	0.2109236	0.00059132196	0.9774748	-3.9349422e-17	0	317.09024
4.359000000000419e-10	0.21091552	0.0005929091	0.9774765	-3.934943e-17	0	317.09024
4.360000000000419e-10	0.21090744	0.00059439166	0.9774782	-3.9349425e-17	0	317.09024
4.3610000000004195e-10	0.21089937	0.0005957698	0.97748005	-3.9349438e-17	0	317.09024
4.36200000000042e-10	0.21089128	0.0005970438	0.9774817	-3.934942e-17	0	317.09024
4.36300000000042e-10	0.21088322	0.00059821433	0.97748345	-3.9349415e-17	0	317.09024
4.3640000000004204e-10	0.21087518	0.00059928175	0.9774852	-3.9349422e-17	0	317.09024
4.365000000000421e-10	0.21086714	0.00060024654	0.97748697	-3.9349422e-17	0	317.09024
4.366000000000421e-10	0.21085912	0.00060110906	0.97748864	-3.934943e-17	0	317.09024
4.3670000000004214e-10	0.2108511	0.0006018697	0.9774904	-3.9349432e-17	0	317.09024
4.3680000000004217e-10	0.21084309	0.00060252903	0.9774922	-3.9349432e-17	0	317.09024
4.369000000000422e-10	0.21083507	0.0006030874	0.9774939	-3.9349422e-17	0	317.09024
4.3700000000004223e-10	0.21082714	0.0006035455	0.9774957	-3.934943e-17	0	317.09024
4.3710000000004226e-10	0.21081918	0.0006039036	0.9774973	-3.9349422e-17	0	317.09024
4.372000000000423e-10	0.21081123	0.0006041626	0.977499	-3.9349435e-17	0	317.09024
4.373000000000423e-10	0.21080333	0.0006043227	0.9775008	-3.9349432e-17	0	317.09024
4.3740000000004235e-10	0.21079542	0.0006043845	0.97750247	-3.9349432e-17	0	317.09024
4.375000000000424e-10	0.21078756	0.0006043487	0.9775042	-3.9349435e-17	0	317.09024
4.376000000000424e-10	0.21077971	0.0006042157	0.9775058	-3.9349425e-17	0	317.09024
4.3770000000004244e-10	0.21077189	0.0006039861	0.9775076	-3.9349438e-17	0	317.09024
4.3780000000004247e-10	0.21076408	0.0006036606	0.9775092	-3.9349425e-17	0	317.09024
4.379000000000425e-10	0.21075632	0.0006032396	0.9775109	-3.9349435e-17	0	317.09024
4.3800000000004253e-10	0.21074857	0.0006027238	0.9775126	-3.9349438e-17	0	317.09024
4.3810000000004257e-10	0.21074085	0.00060211396	0.9775142	-3.9349435e-17	0	317.09024
4.382000000000426e-10	0.21073315	0.0006014105	0.97751594	-3.9349415e-17	0	317.09024
4.3830000000004263e-10	0.21072549	0.00060061424	0.9775176	-3.9349425e-17	0	317.09024
4.3840000000004266e-10	0.21071787	0.00059972587	0.9775192	-3.9349432e-17	0	317.09024
4.385000000000427e-10	0.21071027	0.000598746	0.9775208	-3.9349432e-17	0	317.09024
4.386000000000427e-10	0.21070272	0.0005976751	0.9775225	-3.934943e-17	0	317.09024
4.3870000000004275e-10	0.21069518	0.0005965142	0.97752416	-3.9349422e-17	0	317.09024
4.388000000000428e-10	0.2106877	0.0005952638	0.9775257	-3.9349432e-17	0	317.09024
4.389000000000428e-10	0.21068025	0.0005939247	0.9775274	-3.9349425e-17	0	317.09024
4.3900000000004284e-10	0.21067284	0.00059249776	0.9775289	-3.934943e-17	0	317.09024
4.3910000000004287e-10	0.21066546	0.0005909834	0.9775305	-3.9349425e-17	0	317.09024
4.392000000000429e-10	0.21065815	0.00058938266	0.97753215	-3.9349438e-17	0	317.09024
4.3930000000004293e-10	0.21065085	0.0005876961	0.9775337	-3.9349422e-17	0	317.09024
4.3940000000004296e-10	0.21064362	0.0005859247	0.97753525	-3.934943e-17	0	317.09024
4.39500000000043e-10	0.21063639	0.0005840692	0.9775368	-3.9349435e-17	0	317.09024
4.39600000000043e-10	0.21062922	0.0005821303	0.9775384	-3.9349422e-17	0	317.09024
4.3970000000004306e-10	0.2106221	0.00058010884	0.97753996	-3.9349425e-17	0	317.09024
4.398000000000431e-10	0.21061504	0.00057800545	0.97754145	-3.934942e-17	0	317.09024
4.399000000000431e-10	0.21060804	0.00057582115	0.977543	-3.934943e-17	0	317.09024
4.4000000000004315e-10	0.21060103	0.00057355675	0.97754455	-3.9349432e-17	0	317.09024
4.401000000000432e-10	0.2105941	0.00057121285	0.977546	-3.9349425e-17	0	317.09024
4.402000000000432e-10	0.21058725	0.00056879065	0.9775474	-3.934943e-17	0	317.09024
4.4030000000004324e-10	0.21058041	0.00056629075	0.97754896	-3.934943e-17	0	317.09024
4.4040000000004327e-10	0.21057363	0.000563714	0.97755045	-3.934943e-17	0	317.09024
4.405000000000433e-10	0.21056691	0.0005610612	0.9775519	-3.9349432e-17	0	317.09024
4.4060000000004333e-10	0.2105602	0.00055833336	0.97755325	-3.9349432e-17	0	317.09024
4.4070000000004336e-10	0.21055359	0.00055553124	0.9775547	-3.934943e-17	0	317.09024
4.408000000000434e-10	0.21054702	0.0005526558	0.97755617	-3.9349425e-17	0	317.09024
4.409000000000434e-10	0.21054047	0.0005497079	0.97755754	-3.9349435e-17	0	317.09024
4.4100000000004346e-10	0.21053404	0.0005466884	0.977559	-3.934943e-17	0	317.09024
4.411000000000435e-10	0.21052763	0.0005435982	0.97756034	-3.9349415e-17	0	317.09024
4.412000000000435e-10	0.21052128	0.0005404382	0.9775618	-3.9349425e-17	0	317.09024
4.4130000000004355e-10	0.21051498	0.0005372092	0.97756314	-3.9349438e-17	0	317.09024
4.414000000000436e-10	0.21050875	0.00053391233	0.9775645	-3.9349435e-17	0	317.09024
4.415000000000436e-10	0.21050255	0.00053054834	0.9775657	-3.934942e-17	0	317.09024
4.4160000000004364e-10	0.21049643	0.00052711816	0.9775671	-3.9349422e-17	0	317.09024
4.4170000000004367e-10	0.21049038	0.0005236229	0.9775684	-3.9349435e-17	0	317.09024
4.418000000000437e-10	0.21048334	0.000524547	0.9775699	-3.9511903e-17	0	316.4059
4.4190000000004373e-10	0.21047524	0.00052985165	0.9775717	-3.9511907e-17	0	316.4059
4.4200000000004376e-10	0.21046712	0.00053504016	0.9775734	-3.9511903e-17	0	316.4059
4.421000000000438e-10	0.21045892	0.0005401123	0.9775752	-3.95119e-17	0	316.4059
4.422000000000438e-10	0.21045071	0.0005450679	0.97757703	-3.9511897e-17	0	316.4059
4.4230000000004385e-10	0.2104425	0.00054990686	0.97757876	-3.9511893e-17	0	316.4059
4.424000000000439e-10	0.21043417	0.000554629	0.9775804	-3.9511897e-17	0	316.4059
4.425000000000439e-10	0.21042585	0.0005592342	0.97758234	-3.9511903e-17	0	316.4059
4.4260000000004395e-10	0.2104175	0.00056372245	0.9775841	-3.9511903e-17	0	316.4059
4.42700000000044e-10	0.2104091	0.0005680938	0.97758603	-3.951189e-17	0	316.4059
4.42800000000044e-10	0.2104007	0.00057234796	0.9775877	-3.9511897e-17	0	316.4059
4.4290000000004404e-10	0.21039224	0.00057648506	0.97758955	-3.9511897e-17	0	316.4059
4.4300000000004407e-10	0.21038377	0.00058050494	0.9775914	-3.95119e-17	0	316.4059
4.431000000000441e-10	0.21037528	0.0005844079	0.9775933	-3.951191e-17	0	316.4059
4.4320000000004413e-10	0.21036674	0.0005881937	0.9775951	-3.9511897e-17	0	316.4059
4.4330000000004416e-10	0.2103582	0.0005918625	0.97759694	-3.95119e-17	0	316.4059
4.434000000000442e-10	0.21034962	0.0005954143	0.9775988	-3.951189e-17	0	316.4059
4.435000000000442e-10	0.21034107	0.00059884926	0.9776006	-3.9511893e-17	0	316.4059
4.4360000000004425e-10	0.21033245	0.0006021674	0.9776024	-3.951189e-17	0	316.4059
4.437000000000443e-10	0.21032381	0.0006053689	0.97760427	-3.9511907e-17	0	316.4059
4.438000000000443e-10	0.21031518	0.00060845393	0.9776062	-3.9511897e-17	0	316.4059
4.4390000000004434e-10	0.21030653	0.0006114227	0.9776081	-3.9511897e-17	0	316.4059
4.440000000000444e-10	0.21029787	0.00061427546	0.97761	-3.9511907e-17	0	316.4059
4.441000000000444e-10	0.2102892	0.00061701215	0.9776118	-3.9511897e-17	0	316.4059
4.4420000000004444e-10	0.21028051	0.0006196331	0.9776136	-3.9511903e-17	0	316.4059
4.4430000000004447e-10	0.21027182	0.0006221386	0.9776155	-3.9511893e-17	0	316.4059
4.444000000000445e-10	0.21026313	0.00062452885	0.9776174	-3.9511887e-17	0	316.4059
4.4450000000004453e-10	0.21025443	0.0006268042	0.97761923	-3.951191e-17	0	316.4059
4.4460000000004456e-10	0.21024571	0.0006289651	0.97762114	-3.951191e-17	0	316.4059
4.447000000000446e-10	0.21023703	0.0006310116	0.977623	-3.9511903e-17	0	316.4059
4.448000000000446e-10	0.2102283	0.00063294405	0.9776249	-3.9511907e-17	0	316.4059
4.4490000000004465e-10	0.21021962	0.0006347628	0.9776268	-3.95119e-17	0	316.4059
4.450000000000447e-10	0.2102109	0.0006364682	0.97762865	-3.9511897e-17	0	316.4059
4.451000000000447e-10	0.21020222	0.0006380606	0.97763056	-3.951191e-17	0	316.4059
4.4520000000004474e-10	0.21019353	0.0006395405	0.9776324	-3.95119e-17	0	316.4059
4.4530000000004477e-10	0.21018484	0.00064090843	0.9776343	-3.95119e-17	0	316.4059
4.454000000000448e-10	0.21017617	0.00064216455	0.9776362	-3.951191e-17	0	316.4059
4.4550000000004484e-10	0.2101675	0.0006433095	0.97763807	-3.9511913e-17	0	316.4059
4.4560000000004487e-10	0.21015884	0.00064434356	0.9776399	-3.95119e-17	0	316.4059
4.457000000000449e-10	0.21015021	0.00064526737	0.9776417	-3.951191e-17	0	316.4059
4.4580000000004493e-10	0.2101416	0.00064608135	0.9776436	-3.9511907e-17	0	316.4059
4.4590000000004496e-10	0.21013299	0.00064678607	0.9776454	-3.951191e-17	0	316.4059
4.46000000000045e-10	0.21012436	0.0006473819	0.9776473	-3.9511907e-17	0	316.4059
4.46100000000045e-10	0.21011582	0.0006478694	0.97764915	-3.9511897e-17	0	316.4059
4.4620000000004505e-10	0.21010724	0.0006482492	0.977651	-3.95119e-17	0	316.4059
4.463000000000451e-10	0.21009868	0.00064852164	0.9776527	-3.9511903e-17	0	316.4059
4.464000000000451e-10	0.21009016	0.0006486875	0.9776546	-3.95119e-17	0	316.4059
4.4650000000004514e-10	0.21008167	0.0006487473	0.9776565	-3.9511907e-17	0	316.4059
4.4660000000004517e-10	0.21007317	0.0006487017	0.9776584	-3.951191e-17	0	316.4059
4.467000000000452e-10	0.21006474	0.00064855115	0.9776602	-3.951191e-17	0	316.4059
4.4680000000004523e-10	0.21005632	0.0006482963	0.97766197	-3.951191e-17	0	316.4059
4.4690000000004526e-10	0.21004792	0.0006479379	0.97766376	-3.951191e-17	0	316.4059
4.470000000000453e-10	0.21003956	0.00064747647	0.97766554	-3.9511903e-17	0	316.4059
4.4710000000004533e-10	0.21003121	0.00064691284	0.97766745	-3.951191e-17	0	316.4059
4.4720000000004536e-10	0.21002291	0.00064624747	0.9776692	-3.95119e-17	0	316.4059
4.473000000000454e-10	0.21001464	0.0006454812	0.97767097	-3.9511897e-17	0	316.4059
4.474000000000454e-10	0.21000639	0.0006446147	0.9776727	-3.9511916e-17	0	316.4059
4.4750000000004545e-10	0.20999818	0.0006436485	0.97767454	-3.95119e-17	0	316.4059
4.476000000000455e-10	0.20999001	0.00064258376	0.97767633	-3.951191e-17	0	316.4059
4.477000000000455e-10	0.20998187	0.00064142083	0.97767794	-3.9511913e-17	0	316.4059
4.4780000000004554e-10	0.20997377	0.0006401607	0.97767985	-3.9511907e-17	0	316.4059
4.4790000000004557e-10	0.20996572	0.000638804	0.97768146	-3.9511907e-17	0	316.4059
4.480000000000456e-10	0.20995767	0.00063735154	0.9776832	-3.9511907e-17	0	316.4059
4.4810000000004563e-10	0.20994972	0.000635804	0.977685	-3.951191e-17	0	316.4059
4.4820000000004566e-10	0.20994179	0.00063416234	0.97768664	-3.95119e-17	0	316.4059
4.483000000000457e-10	0.20993388	0.00063242746	0.97768843	-3.95119e-17	0	316.4059
4.484000000000457e-10	0.20992604	0.0006305999	0.97769004	-3.951191e-17	0	316.4059
4.4850000000004576e-10	0.20991823	0.00062868075	0.9776917	-3.9511913e-17	0	316.4059
4.486000000000458e-10	0.20991048	0.0006266708	0.9776934	-3.9511903e-17	0	316.4059
4.487000000000458e-10	0.2099028	0.00062457076	0.97769505	-3.9511903e-17	0	316.4059
4.4880000000004585e-10	0.20989512	0.00062238163	0.9776968	-3.9511913e-17	0	316.4059
4.489000000000459e-10	0.2098875	0.0006201041	0.9776983	-3.9511907e-17	0	316.4059
4.490000000000459e-10	0.20987996	0.0006177394	0.9777	-3.951191e-17	0	316.4059
4.4910000000004594e-10	0.20987245	0.0006152879	0.97770154	-3.951191e-17	0	316.4059
4.4920000000004597e-10	0.20986499	0.000612751	0.9777032	-3.95119e-17	0	316.4059
4.49300000000046e-10	0.20985758	0.00061012944	0.97770476	-3.9511916e-17	0	316.4059
4.4940000000004603e-10	0.20985022	0.0006074239	0.9777064	-3.9511907e-17	0	316.4059
4.4950000000004606e-10	0.20984294	0.00060463545	0.977708	-3.9511903e-17	0	316.4059
4.496000000000461e-10	0.20983572	0.000601765	0.9777095	-3.9511916e-17	0	316.4059
4.497000000000461e-10	0.20982851	0.00059881364	0.977711	-3.9511903e-17	0	316.4059
4.4980000000004615e-10	0.2098214	0.0005957821	0.9777126	-3.9511913e-17	0	316.4059
4.499000000000462e-10	0.20981432	0.0005926717	0.97771424	-3.9511913e-17	0	316.4059
4.500000000000462e-10	0.20980734	0.00058948307	0.9777156	-3.9511916e-17	0	316.4059
4.5010000000004625e-10	0.20980039	0.00058621715	0.9777171	-3.9511913e-17	0	316.4059
4.502000000000463e-10	0.20979351	0.000582875	0.9777186	-3.9511913e-17	0	316.4059
4.503000000000463e-10	0.20978668	0.0005794577	0.9777201	-3.9511893e-17	0	316.4059
4.5040000000004634e-10	0.20977992	0.00057596597	0.9777216	-3.95119e-17	0	316.4059
4.5050000000004637e-10	0.20977324	0.00057240116	0.97772294	-3.9511893e-17	0	316.4059
4.506000000000464e-10	0.20976658	0.00056876405	0.97772443	-3.951191e-17	0	316.4059
4.5070000000004643e-10	0.20976001	0.00056505564	0.9777258	-3.9511913e-17	0	316.4059
4.5080000000004646e-10	0.20975348	0.00056127715	0.97772723	-3.9511907e-17	0	316.4059
4.509000000000465e-10	0.20974705	0.0005574293	0.9777286	-3.9511903e-17	0	316.4059
4.510000000000465e-10	0.20974067	0.0005535132	0.97773004	-3.95119e-17	0	316.4059
4.5110000000004655e-10	0.20973435	0.0005495298	0.97773147	-3.9511913e-17	0	316.4059
4.512000000000466e-10	0.20972812	0.0005454803	0.9777328	-3.951191e-17	0	316.4059
4.513000000000466e-10	0.20972195	0.0005413658	0.97773397	-3.9511907e-17	0	316.4059
4.5140000000004665e-10	0.20971584	0.00053718715	0.9777354	-3.9511903e-17	0	316.4059
4.515000000000467e-10	0.20970982	0.0005329456	0.9777367	-3.9511903e-17	0	316.4059
4.516000000000467e-10	0.20970383	0.0005286419	0.97773784	-3.9511903e-17	0	316.4059
4.5170000000004674e-10	0.20969793	0.0005242773	0.9777392	-3.95119e-17	0	316.4059
4.5180000000004677e-10	0.20969112	0.000524141	0.97774065	-3.966807e-17	0	315.749
4.519000000000468e-10	0.2096833	0.00052819616	0.97774243	-3.9668075e-17	0	315.749
4.5200000000004683e-10	0.20967549	0.0005321419	0.97774404	-3.966807e-17	0	315.749
4.5210000000004686e-10	0.20966761	0.00053597847	0.9777458	-3.9668075e-17	0	315.749
4.522000000000469e-10	0.20965973	0.0005397055	0.97774744	-3.9668088e-17	0	315.749
4.523000000000469e-10	0.20965183	0.0005433233	0.97774917	-3.9668075e-17	0	315.749
4.5240000000004695e-10	0.20964387	0.00054683175	0.9777509	-3.9668078e-17	0	315.749
4.52500000000047e-10	0.2096359	0.0005502309	0.97775257	-3.966809e-17	0	315.749
4.52600000000047e-10	0.20962794	0.0005535208	0.9777543	-3.966809e-17	0	315.749
4.5270000000004704e-10	0.20961994	0.0005567015	0.97775596	-3.9668078e-17	0	315.749
4.528000000000471e-10	0.20961194	0.0005597732	0.9777577	-3.9668078e-17	0	315.749
4.529000000000471e-10	0.2096039	0.0005627357	0.9777595	-3.966808e-17	0	315.749
4.5300000000004714e-10	0.20959584	0.0005655895	0.97776115	-3.9668088e-17	0	315.749
4.5310000000004717e-10	0.2095878	0.00056833477	0.9777629	-3.966808e-17	0	315.749
4.532000000000472e-10	0.20957975	0.0005709714	0.97776455	-3.966807e-17	0	315.749
4.5330000000004723e-10	0.20957166	0.00057349965	0.9777663	-3.9668085e-17	0	315.749
4.5340000000004726e-10	0.20956355	0.0005759198	0.9777681	-3.9668088e-17	0	315.749
4.535000000000473e-10	0.20955549	0.00057823193	0.9777699	-3.9668075e-17	0	315.749
4.536000000000473e-10	0.20954737	0.0005804363	0.9777715	-3.9668078e-17	0	315.749
4.5370000000004735e-10	0.20953926	0.00058253325	0.97777337	-3.9668078e-17	0	315.749
4.538000000000474e-10	0.20953117	0.00058452314	0.97777504	-3.9668075e-17	0	315.749
4.539000000000474e-10	0.20952307	0.00058640615	0.97777677	-3.966807e-17	0	315.749
4.5400000000004744e-10	0.20951495	0.0005881826	0.97777855	-3.966807e-17	0	315.749
4.5410000000004747e-10	0.20950685	0.0005898529	0.97778034	-3.966808e-17	0	315.749
4.542000000000475e-10	0.20949876	0.00059141737	0.97778195	-3.966808e-17	0	315.749
4.5430000000004753e-10	0.20949069	0.0005928763	0.9777838	-3.9668085e-17	0	315.749
4.5440000000004757e-10	0.20948258	0.00059423	0.9777855	-3.966808e-17	0	315.749
4.545000000000476e-10	0.2094745	0.0005954792	0.9777872	-3.966808e-17	0	315.749
4.5460000000004763e-10	0.20946641	0.000596624	0.97778904	-3.9668085e-17	0	315.749
4.5470000000004766e-10	0.20945835	0.00059766474	0.97779065	-3.9668085e-17	0	315.749
4.548000000000477e-10	0.20945033	0.00059860194	0.9777924	-3.9668085e-17	0	315.749
4.549000000000477e-10	0.20944227	0.0005994361	0.9777941	-3.9668088e-17	0	315.749
4.5500000000004775e-10	0.20943424	0.00060016767	0.97779584	-3.966808e-17	0	315.749
4.551000000000478e-10	0.20942622	0.00060079707	0.9777976	-3.9668068e-17	0	315.749
4.552000000000478e-10	0.2094182	0.0006013248	0.97779936	-3.9668088e-17	0	315.749
4.5530000000004784e-10	0.20941022	0.00060175126	0.97780097	-3.966808e-17	0	315.749
4.5540000000004787e-10	0.20940226	0.000602077	0.9778028	-3.966808e-17	0	315.749
4.555000000000479e-10	0.2093943	0.0006023025	0.9778044	-3.9668075e-17	0	315.749
4.5560000000004793e-10	0.20938638	0.0006024284	0.97780615	-3.966808e-17	0	315.749
4.5570000000004796e-10	0.20937847	0.0006024552	0.9778079	-3.9668078e-17	0	315.749
4.55800000000048e-10	0.20937057	0.0006023834	0.97780955	-3.9668085e-17	0	315.749
4.55900000000048e-10	0.20936269	0.0006022138	0.9778112	-3.9668088e-17	0	315.749
4.5600000000004806e-10	0.20935488	0.00060194667	0.9778129	-3.9668078e-17	0	315.749
4.561000000000481e-10	0.20934705	0.0006015826	0.9778147	-3.9668068e-17	0	315.749
4.562000000000481e-10	0.20933926	0.0006011225	0.9778163	-3.9668075e-17	0	315.749
4.5630000000004815e-10	0.2093315	0.00060056685	0.977818	-3.9668075e-17	0	315.749
4.564000000000482e-10	0.20932375	0.0005999163	0.97781956	-3.9668065e-17	0	315.749
4.565000000000482e-10	0.20931609	0.0005991716	0.9778212	-3.9668075e-17	0	315.749
4.5660000000004824e-10	0.20930842	0.0005983332	0.97782284	-3.9668088e-17	0	315.749
4.5670000000004827e-10	0.20930079	0.00059740193	0.97782445	-3.966808e-17	0	315.749
4.568000000000483e-10	0.20929317	0.00059637835	0.9778261	-3.966808e-17	0	315.749
4.5690000000004833e-10	0.20928562	0.00059526326	0.9778278	-3.9668088e-17	0	315.749
4.5700000000004836e-10	0.20927808	0.00059405743	0.97782946	-3.9668088e-17	0	315.749
4.571000000000484e-10	0.20927058	0.00059276156	0.97783095	-3.966808e-17	0	315.749
4.572000000000484e-10	0.20926315	0.00059137633	0.9778326	-3.9668085e-17	0	315.749
4.5730000000004845e-10	0.20925573	0.0005899025	0.97783417	-3.9668088e-17	0	315.749
4.574000000000485e-10	0.20924835	0.0005883409	0.9778357	-3.9668078e-17	0	315.749
4.575000000000485e-10	0.20924102	0.0005866921	0.9778373	-3.9668088e-17	0	315.749
4.5760000000004855e-10	0.20923373	0.000584957	0.97783893	-3.966808e-17	0	315.749
4.577000000000486e-10	0.20922649	0.0005831362	0.9778404	-3.9668085e-17	0	315.749
4.578000000000486e-10	0.20921926	0.0005812306	0.9778419	-3.966807e-17	0	315.749
4.5790000000004864e-10	0.20921211	0.000579241	0.9778436	-3.966808e-17	0	315.749
4.5800000000004867e-10	0.20920497	0.0005771683	0.9778451	-3.9668088e-17	0	315.749
4.581000000000487e-10	0.2091979	0.0005750133	0.97784656	-3.966808e-17	0	315.749
4.5820000000004873e-10	0.20919088	0.00057277665	0.97784805	-3.9668078e-17	0	315.749
4.5830000000004876e-10	0.2091839	0.0005704592	0.9778496	-3.966808e-17	0	315.749
4.584000000000488e-10	0.20917697	0.0005680619	0.9778511	-3.966809e-17	0	315.749
4.585000000000488e-10	0.20917009	0.0005655857	0.97785264	-3.9668085e-17	0	315.749
4.5860000000004885e-10	0.20916328	0.00056303147	0.977854	-3.9668085e-17	0	315.749
4.587000000000489e-10	0.20915651	0.0005604001	0.9778555	-3.9668085e-17	0	315.749
4.588000000000489e-10	0.2091498	0.0005576924	0.97785693	-3.9668085e-17	0	315.749
4.5890000000004895e-10	0.20914313	0.0005549091	0.97785836	-3.966808e-17	0	315.749
4.59000000000049e-10	0.20913652	0.00055205123	0.97785985	-3.966809e-17	0	315.749
4.59100000000049e-10	0.20912996	0.00054911966	0.97786117	-3.966808e-17	0	315.749
4.5920000000004904e-10	0.20912343	0.0005461151	0.9778626	-3.9668085e-17	0	315.749
4.5930000000004907e-10	0.209117	0.00054303854	0.97786397	-3.9668098e-17	0	315.749
4.594000000000491e-10	0.20911056	0.00053989084	0.97786534	-3.966809e-17	0	315.749
4.5950000000004913e-10	0.20910424	0.0005366729	0.9778667	-3.9668078e-17	0	315.749
4.5960000000004916e-10	0.20909794	0.0005333856	0.9778681	-3.966808e-17	0	315.749
4.597000000000492e-10	0.2090917	0.0005300299	0.97786933	-3.966808e-17	0	315.749
4.598000000000492e-10	0.20908552	0.0005266067	0.9778707	-3.9668075e-17	0	315.749
4.5990000000004925e-10	0.20907938	0.0005231169	0.97787195	-3.966807e-17	0	315.749
4.600000000000493e-10	0.20907333	0.0005195616	0.9778734	-3.9668085e-17	0	315.749
4.601000000000493e-10	0.20906734	0.0005159415	0.9778745	-3.966808e-17	0	315.749
4.6020000000004934e-10	0.20906141	0.0005122575	0.9778759	-3.9668078e-17	0	315.749
4.603000000000494e-10	0.20905554	0.00050851086	0.9778771	-3.9668085e-17	0	315.749
4.604000000000494e-10	0.20904973	0.0005047024	0.97787833	-3.9668088e-17	0	315.749
4.6050000000004944e-10	0.20904398	0.00050083303	0.9778796	-3.9668075e-17	0	315.749
4.6060000000004947e-10	0.20903832	0.00049690396	0.97788084	-3.966809e-17	0	315.749
4.607000000000495e-10	0.20903268	0.00049291604	0.977882	-3.9668085e-17	0	315.749
4.6080000000004953e-10	0.20902714	0.0004888702	0.9778833	-3.9668078e-17	0	315.749
4.6090000000004956e-10	0.20902169	0.00048476734	0.9778844	-3.9668088e-17	0	315.749
4.610000000000496e-10	0.20901628	0.00048060884	0.9778856	-3.9668078e-17	0	315.749
4.611000000000496e-10	0.20901096	0.00047639577	0.97788674	-3.9668095e-17	0	315.749
4.6120000000004965e-10	0.20900568	0.00047212894	0.9778879	-3.966809e-17	0	315.749
4.613000000000497e-10	0.20900048	0.00046780944	0.97788894	-3.966808e-17	0	315.749
4.614000000000497e-10	0.20899534	0.00046343828	0.97788996	-3.9668068e-17	0	315.749
4.6150000000004974e-10	0.20899026	0.00045901633	0.9778912	-3.9668085e-17	0	315.749
4.6160000000004977e-10	0.20898528	0.00045454456	0.97789216	-3.9668085e-17	0	315.749
4.617000000000498e-10	0.20898037	0.00045002424	0.97789323	-3.966809e-17	0	315.749
