# t (s)	mx ()	my ()	mz ()	E_total (J)	J (A/m2)	T (K)
0	0	0	1	-4.1875195e-17	0	300
1e-13	0.1940095	-3.768577e-08	0.98097837	-4.346452e-17	-2.9975744e+07	300
2e-13	0.1940095	-7.656513e-08	0.98097837	-4.346452e-17	-2.9975744e+07	300
3.4999999999999997e-13	0.1940095	-1.3726117e-07	0.98097837	-4.3464533e-17	-3.2165948e+07	300
4.4999999999999995e-13	0.1940095	-1.7938824e-07	0.98097837	-4.3464526e-17	-3.2165948e+07	300
5.5e-13	0.1940095	-2.2290092e-07	0.98097837	-4.3464533e-17	-3.5130096e+07	300
6.5e-13	0.1940095	-2.6784323e-07	0.98097837	-4.3464526e-17	-3.5130096e+07	300
7.499999999999999e-13	0.1940095	-3.1427484e-07	0.98097837	-4.3464526e-17	-3.7696908e+07	300
8.499999999999999e-13	0.1940095	-3.622438e-07	0.98097837	-4.3464526e-17	-3.7696908e+07	300
9.5e-13	0.1940095	-4.118085e-07	0.98097837	-4.3464526e-17	-4.1170744e+07	300
1.05e-12	0.1940095	-4.63024e-07	0.98097837	-4.3464526e-17	-4.1170744e+07	300
1.15e-12	0.1940095	-5.1595e-07	0.98097837	-4.3464533e-17	-4.4178924e+07	300
1.25e-12	0.1940095	-5.706536e-07	0.98097837	-4.3464526e-17	-4.4178924e+07	300
1.35e-12	0.1940095	-6.2719175e-07	0.98097837	-4.346454e-17	-4.7406892e+07	300
1.4499999999999999e-12	0.1940095	-6.856359e-07	0.98097837	-4.3464526e-17	-4.7406892e+07	300
1.5499999999999999e-12	0.1940095	-7.4605043e-07	0.98097837	-4.3464526e-17	-5.0870716e+07	300
1.6499999999999998e-12	0.1940095	-8.085107e-07	0.98097837	-4.3464526e-17	-5.0870716e+07	300
1.7499999999999998e-12	0.1940095	-8.730884e-07	0.98097837	-4.3464526e-17	-5.4587628e+07	300
1.85e-12	0.1940095	-9.3986125e-07	0.98097837	-4.3464526e-17	-5.4587628e+07	300
1.95e-12	0.1940095	-1.0089057e-06	0.98097837	-4.3464526e-17	-5.857612e+07	300
2.05e-12	0.1940095	-1.0803076e-06	0.98097837	-4.3464526e-17	-5.857612e+07	300
2.15e-12	0.1940095	-1.1541501e-06	0.98097837	-4.3464526e-17	-6.2856028e+07	300
2.25e-12	0.1940095	-1.2305193e-06	0.98097837	-4.3464526e-17	-6.2856028e+07	300
2.35e-12	0.1940095	-1.3095079e-06	0.98097837	-4.3464526e-17	-6.744866e+07	300
2.45e-12	0.19400948	-1.3912108e-06	0.98097837	-4.3464526e-17	-6.744866e+07	300
2.55e-12	0.1940095	-1.4757223e-06	0.98097837	-4.3464526e-17	-7.237684e+07	300
2.65e-12	0.1940095	-1.56315e-06	0.98097837	-4.3464526e-17	-7.237684e+07	300
2.7499999999999998e-12	0.1940095	-1.6535927e-06	0.98097837	-4.3464526e-17	-7.766511e+07	300
2.8499999999999998e-12	0.1940095	-1.7471652e-06	0.98097837	-4.3464526e-17	-7.766511e+07	300
2.9499999999999997e-12	0.1940095	-1.8439764e-06	0.98097837	-4.3464526e-17	-8.333977e+07	300
3.0499999999999997e-12	0.19400948	-1.9441413e-06	0.98097837	-4.3464526e-17	-8.333977e+07	300
3.1499999999999997e-12	0.1940095	-2.0477846e-06	0.98097837	-4.3464533e-17	-8.942905e+07	300
3.2499999999999997e-12	0.1940095	-2.155029e-06	0.98097837	-4.3464526e-17	-8.942905e+07	300
3.3499999999999997e-12	0.1940095	-2.2660056e-06	0.98097837	-4.3464526e-17	-9.596324e+07	300
3.4499999999999996e-12	0.1940095	-2.380844e-06	0.98097837	-4.3464533e-17	-9.596324e+07	300
3.5499999999999996e-12	0.1940095	-2.4996903e-06	0.98097837	-4.3464526e-17	-1.02974856e+08	300
3.65e-12	0.1940095	-2.622684e-06	0.98097837	-4.3464533e-17	-1.02974856e+08	300
3.75e-12	0.1940095	-2.7499782e-06	0.98097837	-4.3464526e-17	-1.1049878e+08	300
3.85e-12	0.1940095	-2.8817244e-06	0.98097837	-4.346454e-17	-1.1049878e+08	300
3.95e-12	0.1940095	-3.0180831e-06	0.98097837	-4.3464526e-17	-1.1857244e+08	300
4.05e-12	0.1940095	-3.15922e-06	0.98097837	-4.3464526e-17	-1.1857244e+08	300
4.15e-12	0.1940095	-3.305306e-06	0.98097837	-4.3464526e-17	-1.27236e+08	300
4.25e-12	0.1940095	-3.4565205e-06	0.98097837	-4.3464526e-17	-1.27236e+08	300
4.35e-12	0.1940095	-3.613049e-06	0.98097837	-4.3464526e-17	-1.3653258e+08	300
4.45e-12	0.1940095	-3.775082e-06	0.98097837	-4.3464526e-17	-1.3653258e+08	300
4.55e-12	0.1940095	-3.942817e-06	0.98097837	-4.3464526e-17	-1.4650838e+08	300
4.65e-12	0.1940095	-4.116454e-06	0.98097837	-4.3464526e-17	-1.4650838e+08	300
4.75e-12	0.1940095	-4.296212e-06	0.98097837	-4.3464526e-17	-1.5721309e+08	300
4.85e-12	0.1940095	-4.48231e-06	0.98097837	-4.3464526e-17	-1.5721309e+08	300
4.95e-12	0.1940095	-4.67497e-06	0.98097837	-4.3464526e-17	-1.6869994e+08	300
5.05e-12	0.1940095	-4.874436e-06	0.98097837	-4.3464533e-17	-1.6869994e+08	300
5.15e-12	0.19400948	-5.080946e-06	0.98097837	-4.3464526e-17	-1.8102605e+08	300
5.25e-12	0.1940095	-5.294745e-06	0.98097837	-4.3464526e-17	-1.8102605e+08	300
5.35e-12	0.1940095	-5.5160954e-06	0.98097837	-4.3464526e-17	-1.9425278e+08	300
5.45e-12	0.1940095	-5.7452808e-06	0.98097837	-4.3464526e-17	-1.9425278e+08	300
5.5499999999999996e-12	0.1940095	-5.9825716e-06	0.98097837	-4.3464526e-17	-2.084459e+08	300
5.6499999999999996e-12	0.1940095	-6.2282634e-06	0.98097837	-4.3464526e-17	-2.084459e+08	300
5.7499999999999995e-12	0.1940095	-6.482659e-06	0.98097837	-4.3464533e-17	-2.2367606e+08	300
5.8499999999999995e-12	0.1940095	-6.746074e-06	0.98097837	-4.3464526e-17	-2.2367606e+08	300
5.9499999999999995e-12	0.1940095	-7.0188344e-06	0.98097837	-4.3464526e-17	-2.4001898e+08	300
6.0499999999999995e-12	0.1940095	-7.301251e-06	0.98097837	-4.3464533e-17	-2.4001898e+08	300
6.1499999999999994e-12	0.1940095	-7.593665e-06	0.98097837	-4.3464533e-17	-2.5755598e+08	300
6.2499999999999994e-12	0.1940095	-7.896439e-06	0.98097837	-4.3464546e-17	-2.5755598e+08	300
6.349999999999999e-12	0.1940095	-8.209936e-06	0.98097837	-4.3464533e-17	-2.7637434e+08	300
6.449999999999999e-12	0.19400951	-8.534523e-06	0.98097837	-4.3464533e-17	-2.7637434e+08	300
6.549999999999999e-12	0.19400951	-8.87056e-06	0.98097837	-4.3464533e-17	-2.9656758e+08	300
6.649999999999999e-12	0.19400953	-9.218489e-06	0.98097837	-4.3464533e-17	-2.9656758e+08	300
6.749999999999999e-12	0.19400953	-9.57872e-06	0.98097837	-4.3464533e-17	-3.1823626e+08	300
6.849999999999999e-12	0.19400953	-9.951696e-06	0.98097837	-4.3464533e-17	-3.1823626e+08	300
6.949999999999999e-12	0.19400953	-1.0337886e-05	0.98097837	-4.3464533e-17	-3.4148813e+08	300
7.049999999999999e-12	0.19400953	-1.0737753e-05	0.98097837	-4.3464533e-17	-3.4148813e+08	300
7.149999999999999e-12	0.19400954	-1.115177e-05	0.98097837	-4.3464536e-17	-3.6643885e+08	300
7.249999999999999e-12	0.19400957	-1.1580427e-05	0.98097837	-4.346454e-17	-3.6643885e+08	300
7.35e-12	0.19400957	-1.2024177e-05	0.9809783	-4.3464543e-17	-3.9321258e+08	300
7.400000000000002e-12	0.19400962	-1.2251837e-05	0.9809783	-4.3464543e-17	-3.9321258e+08	300
7.500000000000003e-12	0.19400966	-1.2718959e-05	0.9809783	-4.3464543e-17	-3.9321258e+08	300
7.600000000000005e-12	0.1940097	-1.3202129e-05	0.9809783	-4.3464543e-17	-4.2194243e+08	300
7.700000000000006e-12	0.19400977	-1.3701897e-05	0.9809783	-4.346454e-17	-4.2194243e+08	300
7.800000000000008e-12	0.19400981	-1.4218884e-05	0.9809783	-4.346454e-17	-4.527714e+08	300
7.90000000000001e-12	0.19400989	-1.4753738e-05	0.9809783	-4.346454e-17	-4.527714e+08	300
8.000000000000011e-12	0.19400993	-1.5307123e-05	0.9809783	-4.346454e-17	-4.858528e+08	300
8.100000000000013e-12	0.19401	-1.5879716e-05	0.9809783	-4.346455e-17	-4.858528e+08	300
8.200000000000014e-12	0.19401005	-1.6472248e-05	0.9809783	-4.3464543e-17	-5.2135123e+08	300
8.300000000000016e-12	0.19401011	-1.7085425e-05	0.98097825	-4.346455e-17	-5.2135123e+08	300
8.400000000000018e-12	0.19401017	-1.7720042e-05	0.98097825	-4.3464553e-17	-5.594432e+08	300
8.500000000000019e-12	0.19401023	-1.8376862e-05	0.98097825	-4.3464553e-17	-5.594432e+08	300
8.60000000000002e-12	0.19401029	-1.9056693e-05	0.98097825	-4.346454e-17	-6.003183e+08	300
8.700000000000022e-12	0.19401038	-1.976029e-05	0.98097825	-4.3464543e-17	-6.003183e+08	300
8.800000000000024e-12	0.19401042	-2.0488475e-05	0.98097825	-4.3464543e-17	-6.441798e+08	300
8.900000000000025e-12	0.19401051	-2.1242238e-05	0.98097825	-4.346455e-17	-6.441798e+08	300
9.000000000000027e-12	0.1940106	-2.2022467e-05	0.98097825	-4.3464553e-17	-6.9124576e+08	300
9.100000000000029e-12	0.19401065	-2.2830052e-05	0.98097825	-4.346454e-17	-6.9124576e+08	300
9.20000000000003e-12	0.19401073	-2.3665962e-05	0.98097825	-4.3464533e-17	-7.4175046e+08	300
9.300000000000032e-12	0.19401085	-2.453118e-05	0.98097813	-4.3464536e-17	-7.4175046e+08	300
9.400000000000033e-12	0.19401096	-2.5426578e-05	0.9809781	-4.346454e-17	-7.959451e+08	300
9.500000000000035e-12	0.19401106	-2.6353173e-05	0.9809781	-4.3464533e-17	-7.959451e+08	300
9.600000000000037e-12	0.19401121	-2.7312115e-05	0.9809781	-4.3464543e-17	-8.5409914e+08	300
9.700000000000038e-12	0.1940113	-2.830467e-05	0.9809781	-4.3464543e-17	-8.5409914e+08	300
9.80000000000004e-12	0.19401142	-2.9332088e-05	0.9809781	-4.3464546e-17	-9.1650195e+08	300
9.900000000000041e-12	0.19401155	-3.039554e-05	0.980978	-4.3464536e-17	-9.1650195e+08	300
1.0000000000000043e-11	0.19401166	-3.149634e-05	0.980978	-4.3464536e-17	-9.834638e+08	300
1.0100000000000045e-11	0.19401179	-3.263588e-05	0.98097795	-4.346454e-17	-9.834638e+08	300
1.0200000000000046e-11	0.19401196	-3.3815544e-05	0.98097795	-4.3464536e-17	-1.0553178e+09	300
1.0300000000000048e-11	0.1940121	-3.5036795e-05	0.98097783	-4.3464533e-17	-1.0553178e+09	300
1.040000000000005e-11	0.19401225	-3.630112e-05	0.98097783	-4.346454e-17	-1.1324214e+09	300
1.0500000000000051e-11	0.1940124	-3.760998e-05	0.98097783	-4.3464543e-17	-1.1324214e+09	300
1.0600000000000053e-11	0.19401258	-3.896491e-05	0.98097783	-4.3464546e-17	-1.2151579e+09	300
1.0700000000000054e-11	0.19401275	-4.036762e-05	0.9809777	-4.346455e-17	-1.2151579e+09	300
1.0800000000000056e-11	0.19401293	-4.1819905e-05	0.98097765	-4.3464546e-17	-1.3039388e+09	300
1.0900000000000057e-11	0.19401309	-4.332358e-05	0.98097765	-4.346453e-17	-1.3039388e+09	300
1.1000000000000059e-11	0.19401324	-4.488055e-05	0.98097765	-4.346453e-17	-1.3992058e+09	300
1.110000000000006e-11	0.19401345	-4.6492758e-05	0.9809776	-4.346454e-17	-1.3992058e+09	300
1.1200000000000062e-11	0.19401361	-4.8162306e-05	0.9809776	-4.3464536e-17	-1.5014324e+09	300
1.1300000000000064e-11	0.19401379	-4.989138e-05	0.98097754	-4.346454e-17	-1.5014324e+09	300
1.1400000000000065e-11	0.19401395	-5.168205e-05	0.98097754	-4.346455e-17	-1.6111274e+09	300
1.1500000000000067e-11	0.19401415	-5.3536576e-05	0.98097754	-4.3464526e-17	-1.6111274e+09	300
1.1600000000000069e-11	0.19401434	-5.5457363e-05	0.9809774	-4.3464543e-17	-1.7288358e+09	300
1.170000000000007e-11	0.19401455	-5.744667e-05	0.98097736	-4.3464533e-17	-1.7288358e+09	300
1.1800000000000072e-11	0.19401476	-5.9506954e-05	0.98097736	-4.3464543e-17	-1.8551433e+09	300
1.1900000000000073e-11	0.19401497	-6.164078e-05	0.9809773	-4.346454e-17	-1.8551433e+09	300
1.2000000000000075e-11	0.19401519	-6.38509e-05	0.9809773	-4.3464543e-17	-1.9906778e+09	300
1.2100000000000076e-11	0.19401544	-6.613991e-05	0.98097724	-4.3464553e-17	-1.9906778e+09	300
1.2200000000000078e-11	0.19401568	-6.85105e-05	0.9809772	-4.346454e-17	-2.1361132e+09	300
1.230000000000008e-11	0.19401592	-7.096585e-05	0.9809771	-4.3464536e-17	-2.1361132e+09	300
1.2400000000000081e-11	0.19401619	-7.350899e-05	0.9809771	-4.3464536e-17	-2.2921725e+09	300
1.2500000000000083e-11	0.19401647	-7.614266e-05	0.98097706	-4.3464546e-17	-2.2921725e+09	300
1.2600000000000084e-11	0.19401677	-7.887034e-05	0.980977	-4.346453e-17	-2.4596319e+09	300
1.2700000000000086e-11	0.19401708	-8.169543e-05	0.9809769	-4.346455e-17	-2.4596319e+09	300
1.2800000000000088e-11	0.1940174	-8.462125e-05	0.9809768	-4.346455e-17	-2.639324e+09	300
1.290000000000009e-11	0.19401774	-8.765157e-05	0.9809767	-4.346454e-17	-2.639324e+09	300
1.3000000000000091e-11	0.19401807	-9.078999e-05	0.9809767	-4.346454e-17	-2.8321413e+09	300
1.3100000000000092e-11	0.1940184	-9.404038e-05	0.98097664	-4.3464533e-17	-2.8321413e+09	300
1.3200000000000094e-11	0.19401877	-9.740687e-05	0.9809766	-4.346454e-17	-3.0390433e+09	300
1.3300000000000096e-11	0.19401914	-0.000100893754	0.98097646	-4.3464543e-17	-3.0390433e+09	300
1.3400000000000097e-11	0.19401948	-0.00010450545	0.98097634	-4.3464543e-17	-3.261058e+09	300
1.3500000000000099e-11	0.19401985	-0.000108246626	0.98097634	-4.3464543e-17	-3.261058e+09	300
1.36000000000001e-11	0.19402023	-0.000112121736	0.9809762	-4.3464543e-17	-3.4992888e+09	300
1.3700000000000102e-11	0.19402066	-0.000116135634	0.9809762	-4.3464543e-17	-3.4992888e+09	300
1.3800000000000104e-11	0.19402109	-0.00012029324	0.98097616	-4.346454e-17	-3.75492e+09	300
1.3900000000000105e-11	0.19402154	-0.00012459965	0.98097605	-4.3464546e-17	-3.75492e+09	300
1.4000000000000107e-11	0.19402203	-0.00012906015	0.98097587	-4.346454e-17	-4.0292216e+09	300
1.4100000000000108e-11	0.1940225	-0.00013368021	0.9809758	-4.3464543e-17	-4.0292216e+09	300
1.420000000000011e-11	0.19402301	-0.00013846566	0.98097575	-4.3464543e-17	-4.3235574e+09	300
1.4300000000000112e-11	0.19402352	-0.00014342215	0.9809757	-4.346454e-17	-4.3235574e+09	300
1.4400000000000113e-11	0.19402406	-0.00014855602	0.9809756	-4.3464543e-17	-4.639389e+09	300
1.4500000000000115e-11	0.1940246	-0.00015387383	0.98097533	-4.3464533e-17	-4.639389e+09	300
1.4600000000000116e-11	0.19402516	-0.00015938217	0.9809753	-4.346454e-17	-4.9782866e+09	300
1.4700000000000115e-11	0.19402573	-0.0001650879	0.9809752	-4.3464543e-17	-4.9782866e+09	300
1.4800000000000113e-11	0.19402635	-0.00017099797	0.98097503	-4.346454e-17	-5.341933e+09	300
1.490000000000011e-11	0.19402699	-0.00017711981	0.98097485	-4.346454e-17	-5.341933e+09	300
1.500000000000011e-11	0.19402766	-0.00018346094	0.9809748	-4.3464536e-17	-5.834059e+09	300
1.5100000000000108e-11	0.19402832	-0.00019002911	0.9809747	-4.346455e-17	-5.834059e+09	300
1.5200000000000106e-11	0.19402905	-0.00019683248	0.9809745	-4.346454e-17	-5.834059e+09	300
1.5300000000000105e-11	0.19402978	-0.00020387961	0.9809744	-4.346454e-17	-6.371507e+09	300
1.5400000000000103e-11	0.19403051	-0.00021117933	0.9809742	-4.346454e-17	-6.371507e+09	300
1.55000000000001e-11	0.1940313	-0.00021874075	0.9809741	-4.346454e-17	-6.9584497e+09	300
1.56000000000001e-11	0.19403212	-0.00022657313	0.9809739	-4.3464546e-17	-6.9584497e+09	300
1.5700000000000098e-11	0.19403295	-0.0002346861	0.9809737	-4.346454e-17	-6.9584497e+09	300
1.5800000000000097e-11	0.19403385	-0.0002430897	0.9809736	-4.3464536e-17	-7.599441e+09	300
1.5900000000000095e-11	0.1940348	-0.00025179403	0.9809734	-4.3464533e-17	-7.599441e+09	300
1.6000000000000093e-11	0.19403575	-0.00026080967	0.9809732	-4.346455e-17	-8.2994534e+09	300
1.6100000000000092e-11	0.19403678	-0.00027014798	0.9809731	-4.346454e-17	-8.2994534e+09	300
1.620000000000009e-11	0.19403782	-0.00027982038	0.98097277	-4.3464536e-17	-8.2994534e+09	300
1.630000000000009e-11	0.19403891	-0.00028983888	0.98097247	-4.3464536e-17	-9.063918e+09	300
1.6400000000000087e-11	0.19404003	-0.00030021582	0.9809723	-4.3464536e-17	-9.063918e+09	300
1.6500000000000085e-11	0.19404119	-0.0003109642	0.9809722	-4.346453e-17	-9.898761e+09	300
1.6600000000000084e-11	0.19404237	-0.00032209745	0.9809719	-4.3464543e-17	-9.898761e+09	300
1.6700000000000082e-11	0.1940436	-0.00033362937	0.9809717	-4.3464536e-17	-9.898761e+09	300
1.680000000000008e-11	0.1940449	-0.00034557426	0.98097134	-4.346454e-17	-1.0810458e+10	300
1.690000000000008e-11	0.19404623	-0.0003579467	0.9809712	-4.3464553e-17	-1.0810458e+10	300
1.7000000000000077e-11	0.19404757	-0.00037076246	0.98097086	-4.3464526e-17	-1.1806074e+10	300
1.7100000000000075e-11	0.19404899	-0.00038403735	0.98097044	-4.3464536e-17	-1.1806074e+10	300
1.7200000000000074e-11	0.19405046	-0.00039778766	0.98097026	-4.3464546e-17	-1.1806074e+10	300
1.7300000000000072e-11	0.19405198	-0.00041203055	0.9809699	-4.3464533e-17	-1.2893325e+10	300
1.740000000000007e-11	0.19405353	-0.00042678378	0.98096955	-4.3464533e-17	-1.2893325e+10	300
1.750000000000007e-11	0.19405517	-0.00044206562	0.9809693	-4.3464526e-17	-1.4080633e+10	300
1.7600000000000067e-11	0.19405684	-0.00045789496	0.98096895	-4.3464536e-17	-1.4080633e+10	300
1.7700000000000066e-11	0.19405857	-0.00047429156	0.9809686	-4.346454e-17	-1.4080633e+10	300
1.7800000000000064e-11	0.1940604	-0.0004912757	0.9809683	-4.346453e-17	-1.5377193e+10	300
1.7900000000000062e-11	0.19406232	-0.000508868	0.9809679	-4.346453e-17	-1.5377193e+10	300
1.800000000000006e-11	0.19406427	-0.0005270903	0.98096746	-4.3464523e-17	-1.6793041e+10	300
1.810000000000006e-11	0.1940663	-0.00054596504	0.980967	-4.3464536e-17	-1.6793041e+10	300
1.8200000000000057e-11	0.1940684	-0.0005655156	0.9809666	-4.3464533e-17	-1.6793041e+10	300
1.8300000000000056e-11	0.19407058	-0.0005857666	0.9809661	-4.346453e-17	-1.8339131e+10	300
1.8400000000000054e-11	0.19407283	-0.00060674286	0.9809657	-4.346453e-17	-1.8339131e+10	300
1.8500000000000052e-11	0.19407515	-0.0006284705	0.98096526	-4.3464516e-17	-2.0027425e+10	300
1.860000000000005e-11	0.19407757	-0.00065097644	0.9809647	-4.346453e-17	-2.0027425e+10	300
1.870000000000005e-11	0.19408005	-0.0006742886	0.9809642	-4.346452e-17	-2.0027425e+10	300
1.8800000000000048e-11	0.19408262	-0.00069843594	0.98096365	-4.3464516e-17	-2.1870973e+10	300
1.8900000000000046e-11	0.1940853	-0.00072344823	0.9809631	-4.3464523e-17	-2.1870973e+10	300
1.9000000000000044e-11	0.19408812	-0.0007493565	0.9809626	-4.3464516e-17	-2.3884016e+10	300
1.9100000000000043e-11	0.19409099	-0.00077619246	0.9809621	-4.3464526e-17	-2.3884016e+10	300
1.920000000000004e-11	0.19409399	-0.00080398924	0.98096144	-4.3464516e-17	-2.3884016e+10	300
1.930000000000004e-11	0.19409709	-0.0008327814	0.9809607	-4.3464503e-17	-2.6082103e+10	300
1.9400000000000038e-11	0.19410028	-0.00086260465	0.98096013	-4.3464506e-17	-2.6082103e+10	300
1.9500000000000036e-11	0.1941036	-0.00089349604	0.9809595	-4.3464516e-17	-2.8482193e+10	300
1.9600000000000034e-11	0.194107	-0.000925494	0.9809587	-4.34645e-17	-2.8482193e+10	300
1.9700000000000033e-11	0.19411053	-0.00095863786	0.9809581	-4.3464506e-17	-2.8482193e+10	300
1.980000000000003e-11	0.1941142	-0.000992969	0.9809572	-4.3464503e-17	-3.1102798e+10	300
1.990000000000003e-11	0.19411796	-0.0010285298	0.9809564	-4.34645e-17	-3.1102798e+10	300
2.0000000000000028e-11	0.19412185	-0.0010653646	0.9809556	-4.346449e-17	-3.396411e+10	300
2.0100000000000026e-11	0.19412589	-0.0011035188	0.9809548	-4.346449e-17	-3.396411e+10	300
2.0200000000000025e-11	0.19413006	-0.0011430393	0.980954	-4.34645e-17	-3.396411e+10	300
2.0300000000000023e-11	0.19413441	-0.0011839756	0.98095304	-4.346449e-17	-3.7088158e+10	300
2.040000000000002e-11	0.19413897	-0.0012263777	0.980952	-4.3464473e-17	-3.7088158e+10	300
2.050000000000002e-11	0.19414364	-0.0012702978	0.9809511	-4.3464467e-17	-4.0498975e+10	300
2.0600000000000018e-11	0.19414848	-0.0013157905	0.98095006	-4.346447e-17	-4.0498975e+10	300
2.0700000000000016e-11	0.19415349	-0.0013629119	0.98094904	-4.346445e-17	-4.0498975e+10	300
2.0800000000000015e-11	0.19415866	-0.00141172	0.9809479	-4.346447e-17	-4.4222775e+10	300
2.0900000000000013e-11	0.19416405	-0.0014622752	0.9809469	-4.3464457e-17	-4.4222775e+10	300
2.100000000000001e-11	0.19416964	-0.0015146394	0.9809456	-4.3464447e-17	-4.8288137e+10	300
2.110000000000001e-11	0.19417542	-0.0015688775	0.98094445	-4.346444e-17	-4.8288137e+10	300
2.1200000000000008e-11	0.1941814	-0.0016250568	0.9809431	-4.346444e-17	-4.8288137e+10	300
2.1300000000000007e-11	0.19418764	-0.0016832462	0.98094183	-4.346442e-17	-5.272624e+10	300
2.1400000000000005e-11	0.19419408	-0.0017435171	0.98094034	-4.346441e-17	-5.272624e+10	300
2.1500000000000003e-11	0.19420072	-0.0018059437	0.98093903	-4.3464404e-17	-5.7571058e+10	300
2.1600000000000002e-11	0.19420758	-0.0018706034	0.9809375	-4.3464397e-17	-5.7571058e+10	300
2.175e-11	0.19421834	-0.001971955	0.9809352	-4.3464374e-17	-6.285964e+10	300
2.1849999999999998e-11	0.19422582	-0.0020425525	0.9809336	-4.3464357e-17	-6.285964e+10	300
2.1949999999999996e-11	0.19423363	-0.0021156743	0.98093194	-4.3464354e-17	-6.285964e+10	300
2.2049999999999994e-11	0.19424166	-0.0021914104	0.9809301	-4.346434e-17	-6.8632367e+10	300
2.2149999999999993e-11	0.19425002	-0.0022698543	0.98092836	-4.3464318e-17	-6.8632367e+10	300
2.224999999999999e-11	0.19425867	-0.002351102	0.98092645	-4.346431e-17	-7.493323e+10	300
2.234999999999999e-11	0.19426762	-0.002435253	0.9809244	-4.3464285e-17	-7.493323e+10	300
2.2449999999999988e-11	0.19427693	-0.0025224108	0.9809224	-4.346427e-17	-7.493323e+10	300
2.2549999999999986e-11	0.19428654	-0.0026126823	0.9809203	-4.346425e-17	-8.181018e+10	300
2.2649999999999984e-11	0.19429648	-0.0027061782	0.98091805	-4.346423e-17	-8.181018e+10	300
2.2749999999999983e-11	0.19430676	-0.0028030132	0.9809158	-4.3464205e-17	-8.93154e+10	300
2.284999999999998e-11	0.19431743	-0.0029033069	0.98091334	-4.3464182e-17	-8.93154e+10	300
2.294999999999998e-11	0.19432846	-0.0030071812	0.9809109	-4.3464166e-17	-8.93154e+10	300
2.3049999999999978e-11	0.19433993	-0.0031147639	0.9809082	-4.346413e-17	-9.750576e+10	300
2.3149999999999976e-11	0.19435178	-0.003226186	0.98090553	-4.3464093e-17	-9.750576e+10	300
2.3249999999999975e-11	0.19436409	-0.0033415842	0.9809027	-4.3464063e-17	-1.0644317e+11	300
2.3349999999999973e-11	0.19437678	-0.0034610985	0.9808998	-4.3464017e-17	-1.0644317e+11	300
2.344999999999997e-11	0.19438995	-0.0035848755	0.9808968	-4.3463987e-17	-1.0644317e+11	300
2.354999999999997e-11	0.19440359	-0.0037130672	0.98089355	-4.3463957e-17	-1.1619497e+11	300
2.3649999999999968e-11	0.19441772	-0.003845829	0.9808903	-4.3463914e-17	-1.1619497e+11	300
2.3749999999999966e-11	0.19443236	-0.003983323	0.9808868	-4.3463858e-17	-1.2683444e+11	300
2.3849999999999965e-11	0.19444755	-0.004125716	0.9808833	-4.3463818e-17	-1.2683444e+11	300
2.3949999999999963e-11	0.19446322	-0.0042731822	0.9808795	-4.346377e-17	-1.2683444e+11	300
2.404999999999996e-11	0.19447948	-0.004425901	0.9808756	-4.346371e-17	-1.3844131e+11	300
2.414999999999996e-11	0.19449632	-0.0045840573	0.98087156	-4.3463646e-17	-1.3844131e+11	300
2.4249999999999958e-11	0.19451377	-0.0047478443	0.98086727	-4.3463587e-17	-1.5110221e+11	300
2.4349999999999957e-11	0.19453181	-0.004917459	0.98086286	-4.3463504e-17	-1.5110221e+11	300
2.4449999999999955e-11	0.19455051	-0.0050931075	0.9808583	-4.3463428e-17	-1.5110221e+11	300
2.4549999999999953e-11	0.1945699	-0.005275004	0.9808535	-4.346336e-17	-1.6491128e+11	300
2.4649999999999952e-11	0.19458997	-0.0054633664	0.98084843	-4.346327e-17	-1.6491128e+11	300
2.474999999999995e-11	0.19461073	-0.0056584235	0.98084325	-4.346318e-17	-1.7997083e+11	300
2.484999999999995e-11	0.19463228	-0.0058604097	0.9808378	-4.346307e-17	-1.7997083e+11	300
2.4949999999999947e-11	0.19465458	-0.006069571	0.9808322	-4.3462965e-17	-1.7997083e+11	300
2.5049999999999945e-11	0.19467765	-0.0062861564	0.9808262	-4.3462855e-17	-1.9639188e+11	300
2.5149999999999944e-11	0.19470154	-0.006510428	0.98082	-4.3462723e-17	-1.9639188e+11	300
2.5249999999999942e-11	0.19472632	-0.0067426558	0.9808135	-4.3462604e-17	-2.1429484e+11	300
2.534999999999994e-11	0.19475195	-0.0069831177	0.9808068	-4.3462468e-17	-2.1429484e+11	300
2.544999999999994e-11	0.1947785	-0.0072321026	0.9807998	-4.346231e-17	-2.1429484e+11	300
2.5549999999999937e-11	0.194806	-0.0074899076	0.9807923	-4.3462137e-17	-2.3381036e+11	300
2.5649999999999935e-11	0.19483449	-0.0077568414	0.98078454	-4.3461972e-17	-2.3381036e+11	300
2.5749999999999934e-11	0.19486399	-0.008033222	0.98077655	-4.3461777e-17	-2.5507994e+11	300
2.5849999999999932e-11	0.19489452	-0.008319382	0.9807681	-4.346158e-17	-2.5507994e+11	300
2.594999999999993e-11	0.19492616	-0.008615656	0.98075926	-4.3461363e-17	-2.5507994e+11	300
2.604999999999993e-11	0.19495893	-0.008922402	0.9807501	-4.346113e-17	-2.782568e+11	300
2.6149999999999927e-11	0.19499284	-0.009239981	0.9807403	-4.346089e-17	-2.782568e+11	300
2.6249999999999926e-11	0.19502796	-0.009568768	0.98073024	-4.3460632e-17	-3.0350672e+11	300
2.6349999999999924e-11	0.19506435	-0.009909153	0.9807196	-4.346034e-17	-3.0350672e+11	300
2.6449999999999922e-11	0.195102	-0.010261539	0.9807085	-4.3460043e-17	-3.0350672e+11	300
2.654999999999992e-11	0.19514102	-0.010626339	0.9806969	-4.3459722e-17	-3.310088e+11	300
2.664999999999992e-11	0.19518141	-0.011003983	0.98068476	-4.3459365e-17	-3.310088e+11	300
2.6749999999999917e-11	0.19522324	-0.011394911	0.980672	-4.3459004e-17	-3.6095656e+11	300
2.6849999999999916e-11	0.19526654	-0.011799583	0.98065853	-4.3458594e-17	-3.6095656e+11	300
2.6949999999999914e-11	0.19531138	-0.012218472	0.9806446	-4.3458177e-17	-3.6095656e+11	300
2.7049999999999912e-11	0.19535783	-0.012652065	0.98062974	-4.3457707e-17	-3.9355856e+11	300
2.714999999999991e-11	0.1954059	-0.013100864	0.9806143	-4.3457224e-17	-3.9355856e+11	300
2.724999999999991e-11	0.1954557	-0.013565393	0.9805982	-4.345668e-17	-4.2903958e+11	300
2.7349999999999907e-11	0.19550723	-0.014046185	0.98058105	-4.3456106e-17	-4.2903958e+11	300
2.7449999999999906e-11	0.19556062	-0.014543797	0.98056316	-4.3455503e-17	-4.2903958e+11	300
2.7549999999999904e-11	0.19561587	-0.015058802	0.98054445	-4.3454848e-17	-4.6764134e+11	300
2.7649999999999903e-11	0.19567308	-0.015591787	0.9805247	-4.3454147e-17	-4.6764134e+11	300
2.77499999999999e-11	0.19573233	-0.016143363	0.98050404	-4.3453402e-17	-5.0962357e+11	300
2.78499999999999e-11	0.19579366	-0.01671416	0.9804823	-4.345261e-17	-5.0962357e+11	300
2.7949999999999898e-11	0.19585715	-0.017304825	0.9804594	-4.3451738e-17	-5.0962357e+11	300
2.8049999999999896e-11	0.19592287	-0.017916022	0.98043525	-4.3450805e-17	-5.552647e+11	300
2.8149999999999894e-11	0.19599095	-0.01854845	0.9804099	-4.3449836e-17	-5.552647e+11	300
2.8249999999999893e-11	0.1960614	-0.01920281	0.9803833	-4.3448777e-17	-6.0486274e+11	300
2.834999999999989e-11	0.19613433	-0.019879838	0.98035526	-4.3447655e-17	-6.0486274e+11	300
2.844999999999989e-11	0.19620982	-0.020580292	0.98032564	-4.344644e-17	-6.0486274e+11	300
2.8549999999999888e-11	0.19628797	-0.021304943	0.98029464	-4.3445137e-17	-6.587362e+11	300
2.8649999999999886e-11	0.19636886	-0.022054598	0.9802619	-4.3443757e-17	-6.587362e+11	300
2.8749999999999885e-11	0.1964526	-0.022830078	0.98022735	-4.3442262e-17	-7.1722435e+11	300
2.8849999999999883e-11	0.19653928	-0.023632236	0.980191	-4.3440664e-17	-7.1722435e+11	300
2.894999999999988e-11	0.19662899	-0.024461944	0.9801528	-4.343896e-17	-7.1722435e+11	300
2.904999999999988e-11	0.19672182	-0.025320102	0.9801123	-4.3437127e-17	-7.806878e+11	300
2.914999999999988e-11	0.19681793	-0.026207639	0.98006976	-4.343519e-17	-7.806878e+11	300
2.9249999999999886e-11	0.1969174	-0.027125506	0.98002493	-4.3433077e-17	-8.35297e+11	300
2.934999999999989e-11	0.19702035	-0.028074678	0.9799775	-4.3430853e-17	-8.35297e+11	300
2.9449999999999896e-11	0.19712684	-0.02905617	0.9799275	-4.3428458e-17	-8.9354056e+11	300
2.95499999999999e-11	0.19723709	-0.030071009	0.97987473	-4.3425887e-17	-8.9354056e+11	300
2.9649999999999905e-11	0.19735114	-0.031120267	0.97981906	-4.3423144e-17	-9.556328e+11	300
2.974999999999991e-11	0.19746919	-0.03220503	0.9797603	-4.3420196e-17	-9.556328e+11	300
2.9849999999999915e-11	0.19759132	-0.033326425	0.9796981	-4.341706e-17	-1.02179694e+12	300
2.994999999999992e-11	0.1977177	-0.03448559	0.9796326	-4.3413704e-17	-1.02179694e+12	300
3.0049999999999925e-11	0.19784844	-0.035683718	0.97956336	-4.3410108e-17	-1.0922644e+12	300
3.014999999999993e-11	0.19798371	-0.036922015	0.9794902	-4.340627e-17	-1.0922644e+12	300
3.0249999999999934e-11	0.19812366	-0.03820172	0.97941285	-4.3402144e-17	-1.1672744e+12	300
3.034999999999994e-11	0.19826843	-0.03952411	0.9793312	-4.3397753e-17	-1.1672744e+12	300
3.0449999999999944e-11	0.1984182	-0.04089048	0.97924477	-4.3393058e-17	-1.2470735e+12	300
3.054999999999995e-11	0.19857313	-0.042302176	0.97915345	-4.338804e-17	-1.2470735e+12	300
3.0649999999999954e-11	0.19873333	-0.04376054	0.97905695	-4.3382665e-17	-1.3319147e+12	300
3.074999999999996e-11	0.19889905	-0.045266993	0.97895485	-4.3376934e-17	-1.3319147e+12	300
3.0849999999999963e-11	0.19907044	-0.046822943	0.97884685	-4.3370803e-17	-1.4220566e+12	300
3.094999999999997e-11	0.19924767	-0.048429858	0.97873276	-4.336425e-17	-1.4220566e+12	300
3.104999999999997e-11	0.19943097	-0.050089207	0.9786119	-4.335725e-17	-1.5177624e+12	300
3.114999999999998e-11	0.19962049	-0.051802523	0.9784841	-4.334979e-17	-1.5177624e+12	300
3.124999999999998e-11	0.19981644	-0.05357135	0.97834903	-4.3341822e-17	-1.6192977e+12	300
3.134999999999999e-11	0.20001902	-0.055397253	0.978206	-4.333332e-17	-1.6192977e+12	300
3.144999999999999e-11	0.20022845	-0.057281855	0.97805464	-4.3324233e-17	-1.7269298e+12	300
3.155e-11	0.20044495	-0.059226766	0.97789454	-4.331455e-17	-1.7269298e+12	300
3.165e-11	0.20066874	-0.061233662	0.9777251	-4.3304205e-17	-1.8409252e+12	300
3.1700000000000004e-11	0.20078343	-0.06226087	0.9776367	-4.329877e-17	-1.8409252e+12	300
3.180000000000001e-11	0.20101853	-0.06436389	0.9774522	-4.328739e-17	-1.9615471e+12	300
3.1900000000000014e-11	0.20126154	-0.06653313	0.97725713	-4.3275228e-17	-1.9615471e+12	300
3.200000000000002e-11	0.20151262	-0.068770364	0.97705054	-4.326229e-17	-2.0890529e+12	300
3.2100000000000024e-11	0.20177203	-0.07107732	0.97683185	-4.3248483e-17	-2.0890529e+12	300
3.220000000000003e-11	0.20204005	-0.0734558	0.9766006	-4.3233783e-17	-2.2236913e+12	300
3.230000000000003e-11	0.20231692	-0.07590759	0.97635585	-4.3218103e-17	-2.2236913e+12	300
3.240000000000004e-11	0.2026029	-0.078434505	0.9760969	-4.320142e-17	-2.3656983e+12	300
3.250000000000004e-11	0.20289825	-0.08103837	0.9758229	-4.318365e-17	-2.3656983e+12	300
3.260000000000005e-11	0.20320328	-0.08372103	0.97553307	-4.316473e-17	-2.5152934e+12	300
3.270000000000005e-11	0.20351821	-0.08648431	0.97522634	-4.31446e-17	-2.5152934e+12	300
3.280000000000006e-11	0.20384338	-0.08933008	0.97490203	-4.3123192e-17	-2.6726758e+12	300
3.290000000000006e-11	0.20417902	-0.09226017	0.97455895	-4.3100424e-17	-2.6726758e+12	300
3.300000000000007e-11	0.20452549	-0.0952764	0.9741961	-4.307621e-17	-2.8380184e+12	300
3.310000000000007e-11	0.20488304	-0.09838063	0.9738124	-4.3050493e-17	-2.8380184e+12	300
3.3200000000000077e-11	0.20525199	-0.101574674	0.9734068	-4.3023156e-17	-3.0114633e+12	300
3.330000000000008e-11	0.20563269	-0.10486034	0.97297806	-4.2994122e-17	-3.0114633e+12	300
3.3400000000000086e-11	0.20602538	-0.10823943	0.97252494	-4.29633e-17	-3.1931158e+12	300
3.350000000000009e-11	0.20643039	-0.11171366	0.97204614	-4.2930575e-17	-3.1931158e+12	300
3.3600000000000096e-11	0.20684806	-0.11528479	0.97154045	-4.289587e-17	-3.383038e+12	300
3.37000000000001e-11	0.20727871	-0.11895448	0.9710061	-4.2859076e-17	-3.383038e+12	300
3.3800000000000106e-11	0.20772268	-0.1227244	0.97044194	-4.2820047e-17	-3.581242e+12	300
3.390000000000011e-11	0.20818028	-0.12659614	0.96984655	-4.2778714e-17	-3.581242e+12	300
3.4000000000000115e-11	0.20865184	-0.13057123	0.96921796	-4.2734936e-17	-3.7876833e+12	300
3.410000000000012e-11	0.20913768	-0.13465112	0.96855485	-4.2688584e-17	-3.7876833e+12	300
3.4200000000000125e-11	0.20963815	-0.13883726	0.9678556	-4.2639553e-17	-4.002253e+12	300
3.430000000000013e-11	0.2101536	-0.14313093	0.96711814	-4.2587688e-17	-4.002253e+12	300
3.4400000000000135e-11	0.21068434	-0.14753337	0.96634084	-4.2532873e-17	-4.224771e+12	300
3.450000000000014e-11	0.2112307	-0.1520457	0.96552193	-4.247496e-17	-4.224771e+12	300
3.4600000000000144e-11	0.21179305	-0.156669	0.9646592	-4.2413805e-17	-4.4549774e+12	300
3.470000000000015e-11	0.21237166	-0.16140415	0.9637511	-4.2349272e-17	-4.4549774e+12	300
3.4800000000000154e-11	0.2129669	-0.16625196	0.9627952	-4.2281195e-17	-4.692526e+12	300
3.490000000000016e-11	0.21357913	-0.17121309	0.9617896	-4.2209432e-17	-4.692526e+12	300
3.5000000000000163e-11	0.2142086	-0.17628804	0.9607324	-4.2133844e-17	-4.9369763e+12	300
3.510000000000017e-11	0.21485567	-0.18147722	0.959621	-4.205425e-17	-4.9369763e+12	300
3.520000000000017e-11	0.21552059	-0.1867808	0.95845366	-4.1970522e-17	-5.187788e+12	300
3.530000000000018e-11	0.21620381	-0.19219886	0.9572278	-4.1882467e-17	-5.187788e+12	300
3.540000000000018e-11	0.21690543	-0.19773121	0.95594144	-4.1789965e-17	-5.444313e+12	300
3.550000000000019e-11	0.21762589	-0.20337757	0.9545921	-4.1692824e-17	-5.444313e+12	300
3.560000000000019e-11	0.21836543	-0.20913741	0.9531776	-4.1590903e-17	-5.7057933e+12	300
3.57000000000002e-11	0.21912432	-0.21500996	0.95169574	-4.148405e-17	-5.7057933e+12	300
3.58000000000002e-11	0.21990281	-0.22099432	0.9501441	-4.1372107e-17	-5.971353e+12	300
3.590000000000021e-11	0.22070119	-0.22708927	0.94852036	-4.125489e-17	-5.971353e+12	300
3.600000000000021e-11	0.22151968	-0.23329344	0.9468223	-4.1132294e-17	-6.2400003e+12	300
3.6100000000000217e-11	0.22235847	-0.23960511	0.94504774	-4.1004177e-17	-6.2400003e+12	300
3.620000000000022e-11	0.22321779	-0.2460225	0.94319445	-4.087036e-17	-6.5106236e+12	300
3.6300000000000226e-11	0.22409791	-0.25254336	0.9412602	-4.0730744e-17	-6.5106236e+12	300
3.640000000000023e-11	0.22499898	-0.25916538	0.93924284	-4.0585203e-17	-6.7819956e+12	300
3.6500000000000236e-11	0.22592112	-0.2658859	0.9371406	-4.0433614e-17	-6.7819956e+12	300
3.660000000000024e-11	0.22686455	-0.2727019	0.93495125	-4.027587e-17	-7.052775e+12	300
3.6700000000000245e-11	0.22782938	-0.2796102	0.93267316	-4.0111897e-17	-7.052775e+12	300
3.680000000000025e-11	0.22881576	-0.2866074	0.93030447	-3.9941574e-17	-7.321515e+12	300
3.6900000000000255e-11	0.22982381	-0.2936898	0.9278436	-3.976486e-17	-7.321515e+12	300
3.700000000000026e-11	0.23085362	-0.3008533	0.925289	-3.9581687e-17	-7.586672e+12	300
3.7100000000000265e-11	0.23190525	-0.3080938	0.92263937	-3.9392005e-17	-7.586672e+12	300
3.720000000000027e-11	0.23297882	-0.31540662	0.91989356	-3.9195788e-17	-7.846616e+12	300
3.7300000000000274e-11	0.23407432	-0.3227871	0.9170505	-3.899305e-17	-7.846616e+12	300
3.740000000000028e-11	0.23519185	-0.33023024	0.9141094	-3.8783773e-17	-8.0996493e+12	300
3.7500000000000284e-11	0.23633143	-0.33773077	0.9110694	-3.856799e-17	-8.0996493e+12	300
3.760000000000029e-11	0.23749301	-0.3452832	0.9079306	-3.8345757e-17	-8.3440215e+12	300
3.7700000000000294e-11	0.2386767	-0.3528819	0.9046923	-3.8117105e-17	-8.3440215e+12	300
3.78000000000003e-11	0.23988244	-0.36052102	0.90135473	-3.7882132e-17	-8.577953e+12	300
3.7900000000000303e-11	0.24111025	-0.36819446	0.89791805	-3.7640966e-17	-8.577953e+12	300
3.800000000000031e-11	0.24236012	-0.375896	0.89438295	-3.739369e-17	-8.799656e+12	300
3.810000000000031e-11	0.24363194	-0.38361925	0.89075	-3.7140492e-17	-8.799656e+12	300
3.820000000000032e-11	0.2449258	-0.39135772	0.88702023	-3.6881492e-17	-9.007361e+12	300
3.830000000000032e-11	0.24624166	-0.3991049	0.8831949	-3.6616894e-17	-9.007361e+12	300
3.840000000000033e-11	0.24757944	-0.4068539	0.8792758	-3.6346935e-17	-9.199346e+12	300
3.850000000000033e-11	0.24893917	-0.41459817	0.87526435	-3.6071795e-17	-9.199346e+12	300
3.860000000000034e-11	0.25032085	-0.42233068	0.8711627	-3.5791735e-17	-9.373958e+12	300
3.870000000000034e-11	0.25172445	-0.43004474	0.86697346	-3.5507032e-17	-9.373958e+12	300
3.880000000000035e-11	0.25314996	-0.4377334	0.86269885	-3.5217956e-17	-9.529651e+12	300
3.890000000000035e-11	0.2545974	-0.44539	0.8583419	-3.4924806e-17	-9.529651e+12	300
3.9000000000000356e-11	0.25606683	-0.45300767	0.8539054	-3.462789e-17	-9.665004e+12	300
3.910000000000036e-11	0.25755826	-0.46057975	0.8493931	-3.432754e-17	-9.665004e+12	300
3.9200000000000366e-11	0.25907177	-0.46809965	0.8448082	-3.402411e-17	-9.778754e+12	300
3.930000000000037e-11	0.26060745	-0.4755609	0.8401545	-3.371791e-17	-9.778754e+12	300
3.9400000000000376e-11	0.2621653	-0.48295712	0.8354361	-3.3409352e-17	-9.869821e+12	300
3.950000000000038e-11	0.26374558	-0.4902822	0.83065695	-3.309876e-17	-9.869821e+12	300
3.9600000000000385e-11	0.2653484	-0.49752995	0.8258213	-3.2786544e-17	-9.937322e+12	300
3.970000000000039e-11	0.26697382	-0.5046949	0.8209337	-3.2473063e-17	-9.937322e+12	300
3.9800000000000395e-11	0.2686221	-0.5117711	0.8159987	-3.215869e-17	-9.980599e+12	300
3.99000000000004e-11	0.27029347	-0.51875335	0.8110209	-3.1843846e-17	-9.980599e+12	300
4.0000000000000405e-11	0.27198815	-0.5256365	0.8060052	-3.1528876e-17	-9.999223e+12	300
4.010000000000041e-11	0.2737064	-0.5324156	0.80095625	-3.1214177e-17	-9.999223e+12	300
4.0200000000000414e-11	0.2754485	-0.5390863	0.7958791	-3.0900132e-17	-9.99301e+12	300
4.030000000000042e-11	0.27721477	-0.545644	0.7907787	-3.0587098e-17	-9.99301e+12	300
4.0400000000000424e-11	0.27900547	-0.55208457	0.7856599	-3.0275446e-17	-9.962021e+12	300
4.050000000000043e-11	0.28082106	-0.55840456	0.78052765	-2.9965518e-17	-9.962021e+12	300
4.0600000000000434e-11	0.28266177	-0.5646002	0.7753869	-2.9657694e-17	-9.906564e+12	300
4.070000000000044e-11	0.2845281	-0.5706685	0.7702426	-2.935227e-17	-9.906564e+12	300
4.0800000000000443e-11	0.28642046	-0.57660645	0.7650994	-2.9049597e-17	-9.827183e+12	300
4.090000000000045e-11	0.28833917	-0.5824115	0.7599621	-2.8749956e-17	-9.827183e+12	300
4.100000000000045e-11	0.29028472	-0.58808124	0.7548353	-2.8453673e-17	-9.724651e+12	300
4.110000000000046e-11	0.29225755	-0.5936137	0.7497236	-2.8161e-17	-9.724651e+12	300
4.120000000000046e-11	0.29425806	-0.5990072	0.74463135	-2.787222e-17	-9.599952e+12	300
4.130000000000047e-11	0.29628676	-0.60426	0.73956275	-2.7587572e-17	-9.599952e+12	300
4.140000000000047e-11	0.29834408	-0.60937107	0.734522	-2.7307293e-17	-9.454261e+12	300
4.150000000000048e-11	0.30043048	-0.61433953	0.72951293	-2.703159e-17	-9.454261e+12	300
4.160000000000048e-11	0.30254638	-0.61916435	0.72453934	-2.676068e-17	-9.288923e+12	300
4.1700000000000487e-11	0.30469224	-0.62384534	0.71960497	-2.6494722e-17	-9.288923e+12	300
4.180000000000049e-11	0.3068685	-0.628382	0.71471304	-2.6233894e-17	-9.105424e+12	300
4.1900000000000496e-11	0.30907553	-0.6327745	0.7098669	-2.5978335e-17	-9.105424e+12	300
4.20000000000005e-11	0.31131387	-0.6370228	0.7050696	-2.5728184e-17	-8.905367e+12	300
4.2100000000000506e-11	0.3135838	-0.6411274	0.7003238	-2.5483554e-17	-8.905367e+12	300
4.220000000000051e-11	0.31588566	-0.64508873	0.69563234	-2.5244545e-17	-8.6904443e+12	300
4.2300000000000516e-11	0.31822002	-0.6489075	0.69099754	-2.5011234e-17	-8.6904443e+12	300
4.240000000000052e-11	0.32058692	-0.65258455	0.68642175	-2.4783704e-17	-8.462404e+12	300
4.2500000000000525e-11	0.3229869	-0.6561209	0.6819068	-2.456199e-17	-8.462404e+12	300
4.260000000000053e-11	0.3254201	-0.6595175	0.67745477	-2.4346147e-17	-8.223029e+12	300
4.2700000000000535e-11	0.32788688	-0.6627759	0.67306715	-2.4136204e-17	-8.223029e+12	300
4.280000000000054e-11	0.33038738	-0.66589725	0.6687455	-2.3932173e-17	-7.974105e+12	300
4.2900000000000545e-11	0.33292183	-0.66888285	0.6644912	-2.3734053e-17	-7.974105e+12	300
4.300000000000055e-11	0.33549038	-0.6717345	0.66030514	-2.3541838e-17	-7.7174003e+12	300
4.3100000000000554e-11	0.33809316	-0.6744537	0.65618837	-2.3355506e-17	-7.7174003e+12	300
4.320000000000056e-11	0.34073025	-0.67704207	0.6521417	-2.3175035e-17	-7.4546414e+12	300
4.3300000000000564e-11	0.34340176	-0.67950153	0.6481656	-2.300039e-17	-7.4546414e+12	300
4.340000000000057e-11	0.34610757	-0.68183357	0.64426076	-2.283152e-17	-7.1874946e+12	300
4.3500000000000574e-11	0.3488478	-0.68404025	0.64042723	-2.2668372e-17	-7.1874946e+12	300
4.360000000000058e-11	0.35162237	-0.6861234	0.6366654	-2.2510883e-17	-6.9175476e+12	300
4.370000000000058e-11	0.3544311	-0.6880847	0.6329752	-2.2358991e-17	-6.9175476e+12	300
4.380000000000059e-11	0.357274	-0.6899263	0.6293566	-2.2212615e-17	-6.6462973e+12	300
4.390000000000059e-11	0.3601508	-0.69165015	0.6258094	-2.2071692e-17	-6.6462973e+12	300
4.40000000000006e-11	0.3630613	-0.6932579	0.6223333	-2.1936118e-17	-6.375139e+12	300
4.41000000000006e-11	0.36600533	-0.6947518	0.6189277	-2.1805813e-17	-6.375139e+12	300
4.420000000000061e-11	0.36898258	-0.69613355	0.6155925	-2.1680693e-17	-6.1053574e+12	300
4.430000000000061e-11	0.37199277	-0.69740516	0.6123267	-2.1560658e-17	-6.1053574e+12	300
4.440000000000062e-11	0.37503546	-0.6985686	0.6091299	-2.1445607e-17	-5.8381225e+12	300
4.450000000000062e-11	0.37811038	-0.69962573	0.60600126	-2.1335436e-17	-5.8381225e+12	300
4.4600000000000627e-11	0.38121706	-0.70057833	0.60293996	-2.1230052e-17	-5.574486e+12	300
4.470000000000063e-11	0.3843551	-0.70142853	0.5999451	-2.1129356e-17	-5.574486e+12	300
4.4800000000000636e-11	0.387524	-0.702178	0.59701574	-2.103323e-17	-5.315381e+12	300
4.490000000000064e-11	0.39072326	-0.7028285	0.59415114	-2.0941573e-17	-5.315381e+12	300
4.5000000000000646e-11	0.39395234	-0.703382	0.5913499	-2.0854285e-17	-5.0616247e+12	300
4.510000000000065e-11	0.39721072	-0.70384026	0.5886113	-2.0771241e-17	-5.0616247e+12	300
4.5200000000000656e-11	0.4004977	-0.704205	0.585934	-2.0692355e-17	-4.8139196e+12	300
4.530000000000066e-11	0.40381286	-0.70447785	0.5833171	-2.061751e-17	-4.8139196e+12	300
4.5400000000000665e-11	0.4071554	-0.70466053	0.5807593	-2.05466e-17	-4.572859e+12	300
4.550000000000067e-11	0.41052476	-0.70475477	0.57825947	-2.047952e-17	-4.572859e+12	300
4.5600000000000675e-11	0.41392016	-0.70476204	0.57581633	-2.0416166e-17	-4.3389328e+12	300
4.570000000000068e-11	0.41734096	-0.70468414	0.573429	-2.0356428e-17	-4.3389328e+12	300
4.5800000000000685e-11	0.4207865	-0.7045226	0.571096	-2.0300212e-17	-4.112533e+12	300
4.590000000000069e-11	0.4242559	-0.7042788	0.56881624	-2.0247406e-17	-4.112533e+12	300
4.6000000000000694e-11	0.42774853	-0.7039545	0.5665885	-2.019792e-17	-3.8939617e+12	300
4.61000000000007e-11	0.4312636	-0.7035508	0.56441164	-2.015165e-17	-3.8939617e+12	300
4.6200000000000704e-11	0.4348002	-0.70306957	0.5622844	-2.0108494e-17	-3.6834383e+12	300
4.630000000000071e-11	0.4383577	-0.7025118	0.5602055	-2.0068361e-17	-3.6834383e+12	300
4.6400000000000713e-11	0.44193524	-0.70187914	0.558174	-2.0031155e-17	-3.481106e+12	300
4.650000000000072e-11	0.44553193	-0.70117277	0.5561885	-1.9996787e-17	-3.481106e+12	300
4.660000000000072e-11	0.449147	-0.7003942	0.55424803	-1.9965157e-17	-3.2870412e+12	300
4.670000000000073e-11	0.45277965	-0.6995445	0.5523513	-1.9936184e-17	-3.2870412e+12	300
4.680000000000073e-11	0.456429	-0.6986252	0.5504973	-1.9909779e-17	-3.1012587e+12	300
4.690000000000074e-11	0.46009418	-0.69763726	0.5486848	-1.9885849e-17	-3.1012587e+12	300
4.700000000000074e-11	0.46377432	-0.6965821	0.5469128	-1.9864324e-17	-2.9237206e+12	300
4.710000000000075e-11	0.46746862	-0.6954607	0.5451802	-1.9845113e-17	-2.9237206e+12	300
4.720000000000075e-11	0.4711762	-0.69427437	0.54348594	-1.9828145e-17	-2.7543423e+12	300
4.730000000000076e-11	0.4748962	-0.6930241	0.541829	-1.9813328e-17	-2.7543423e+12	300
4.740000000000076e-11	0.47862765	-0.6917111	0.5402084	-1.9800596e-17	-2.5929997e+12	300
4.7500000000000767e-11	0.48236984	-0.69033647	0.5386232	-1.9789873e-17	-2.5929997e+12	300
4.760000000000077e-11	0.4861219	-0.6889012	0.5370723	-1.9781086e-17	-2.4395343e+12	300
4.7700000000000776e-11	0.4898829	-0.6874064	0.53555477	-1.9774173e-17	-2.4395343e+12	300
4.780000000000078e-11	0.4936519	-0.685853	0.53406984	-1.9769057e-17	-2.2937595e+12	300
4.7900000000000786e-11	0.49742818	-0.68424195	0.5326166	-1.9765671e-17	-2.2937595e+12	300
4.800000000000079e-11	0.5012109	-0.68257433	0.531194	-1.9763955e-17	-2.1554654e+12	300
4.8100000000000795e-11	0.5049991	-0.6808511	0.52980137	-1.9763843e-17	-2.1554654e+12	300
4.82000000000008e-11	0.50879204	-0.6790731	0.52843785	-1.9765277e-17	-2.0244237e+12	300
4.8300000000000805e-11	0.51258886	-0.6772413	0.5271026	-1.9768192e-17	-2.0244237e+12	300
4.840000000000081e-11	0.51638865	-0.67535657	0.52579486	-1.9772542e-17	-1.9003916e+12	300
4.8500000000000815e-11	0.5201907	-0.67341995	0.52451396	-1.9778256e-17	-1.9003916e+12	300
4.860000000000082e-11	0.52399415	-0.671432	0.52325916	-1.9785292e-17	-1.7831155e+12	300
4.8700000000000824e-11	0.52779824	-0.66939384	0.52202964	-1.97936e-17	-1.7831155e+12	300
4.880000000000083e-11	0.531602	-0.6673061	0.5208249	-1.9803116e-17	-1.6723349e+12	300
4.8900000000000834e-11	0.5354049	-0.6651698	0.51964414	-1.9813796e-17	-1.6723349e+12	300
4.900000000000084e-11	0.5392059	-0.66298556	0.51848674	-1.9825595e-17	-1.5677846e+12	300
4.9100000000000844e-11	0.54300445	-0.6607542	0.51735216	-1.9838463e-17	-1.5677846e+12	300
4.920000000000085e-11	0.54679966	-0.6584766	0.51623976	-1.9852368e-17	-1.4691975e+12	300
4.9300000000000853e-11	0.55059093	-0.65615344	0.51514906	-1.9867247e-17	-1.4691975e+12	300
4.940000000000086e-11	0.55437726	-0.65378547	0.51407933	-1.9883074e-17	-1.3763067e+12	300
4.950000000000086e-11	0.5581581	-0.6513734	0.5130302	-1.9899798e-17	-1.3763067e+12	300
4.960000000000087e-11	0.5619328	-0.648918	0.51200104	-1.9917389e-17	-1.2888478e+12	300
4.970000000000087e-11	0.56570053	-0.64642	0.5109916	-1.9935804e-17	-1.2888478e+12	300
4.980000000000088e-11	0.5694607	-0.64387995	0.5100012	-1.9955003e-17	-1.2065596e+12	300
4.990000000000088e-11	0.57321244	-0.6412987	0.5090294	-1.9974963e-17	-1.2065596e+12	300
5.000000000000089e-11	0.5769554	-0.6386768	0.50807583	-1.9995635e-17	-1.1291863e+12	300
5.010000000000089e-11	0.58068854	-0.63601506	0.50714004	-2.0016997e-17	-1.1291863e+12	300
5.02000000000009e-11	0.58441156	-0.63331413	0.5062217	-2.0039011e-17	-1.056478e+12	300
5.03000000000009e-11	0.5881236	-0.6305744	0.50532037	-2.0061653e-17	-1.056478e+12	300
5.0400000000000906e-11	0.5918242	-0.62779677	0.5044356	-2.0084882e-17	-9.8819165e+11	300
5.050000000000091e-11	0.59551257	-0.6249818	0.5035673	-2.010868e-17	-9.8819165e+11	300
5.0600000000000916e-11	0.5991883	-0.62213004	0.5027149	-2.0133022e-17	-9.240918e+11	300
5.070000000000092e-11	0.6028508	-0.61924213	0.50187814	-2.0157869e-17	-9.240918e+11	300
5.0800000000000926e-11	0.60649943	-0.61631864	0.50105673	-2.0183207e-17	-8.639513e+11	300
5.090000000000093e-11	0.6101335	-0.6133602	0.5002504	-2.0209007e-17	-8.639513e+11	300
5.1000000000000935e-11	0.6137528	-0.6103674	0.49945885	-2.0235243e-17	-8.0755124e+11	300
5.110000000000094e-11	0.61735654	-0.60734075	0.49868184	-2.02619e-17	-8.0755124e+11	300
5.1200000000000945e-11	0.62094426	-0.6042809	0.4979191	-2.0288949e-17	-7.546814e+11	300
5.130000000000095e-11	0.6245155	-0.60118836	0.49717042	-2.0316366e-17	-7.546814e+11	300
5.1400000000000955e-11	0.62806976	-0.5980636	0.49643552	-2.034414e-17	-7.0514056e+11	300
5.150000000000096e-11	0.63160646	-0.5949072	0.49571422	-2.0372246e-17	-7.0514056e+11	300
5.1600000000000964e-11	0.6351253	-0.59171975	0.49500632	-2.0400666e-17	-6.587362e+11	300
5.170000000000097e-11	0.6386256	-0.5885017	0.49431163	-2.0429387e-17	-6.587362e+11	300
5.1800000000000974e-11	0.6421072	-0.58525366	0.49362987	-2.0458385e-17	-6.1528487e+11	300
5.190000000000098e-11	0.6455693	-0.58197594	0.49296102	-2.0487644e-17	-6.1528487e+11	300
5.2000000000000984e-11	0.6490119	-0.5786693	0.49230483	-2.0517156e-17	-5.746117e+11	300
5.210000000000099e-11	0.6524343	-0.575334	0.49166116	-2.0546897e-17	-5.746117e+11	300
5.2200000000000993e-11	0.6558362	-0.5719707	0.49102986	-2.0576856e-17	-5.3655054e+11	300
5.2300000000001e-11	0.6592172	-0.56857973	0.49041083	-2.0607016e-17	-5.3655054e+11	300
5.2400000000001e-11	0.6625768	-0.5651617	0.48980385	-2.0637367e-17	-5.009436e+11	300
5.250000000000101e-11	0.6659149	-0.561717	0.48920882	-2.0667898e-17	-5.009436e+11	300
5.260000000000101e-11	0.66923094	-0.5582461	0.48862574	-2.069859e-17	-4.6764134e+11	300
5.270000000000102e-11	0.6725246	-0.55474937	0.4880544	-2.0729437e-17	-4.6764134e+11	300
5.280000000000102e-11	0.6757956	-0.55122733	0.48749465	-2.0760427e-17	-4.365022e+11	300
5.290000000000103e-11	0.67904365	-0.54768044	0.48694652	-2.0791547e-17	-4.365022e+11	300
5.300000000000103e-11	0.6822682	-0.5441091	0.48640984	-2.0822785e-17	-4.0739232e+11	300
5.3100000000001037e-11	0.68546927	-0.5405138	0.4858846	-2.0854136e-17	-4.0739232e+11	300
5.320000000000104e-11	0.6886463	-0.53689486	0.48537067	-2.0885592e-17	-3.8018525e+11	300
5.3300000000001046e-11	0.69179916	-0.5332527	0.48486793	-2.0917136e-17	-3.8018525e+11	300
5.340000000000105e-11	0.6949276	-0.52958786	0.48437643	-2.0948766e-17	-3.5476157e+11	300
5.3500000000001056e-11	0.6980311	-0.52590054	0.483896	-2.098047e-17	-3.5476157e+11	300
5.360000000000106e-11	0.70110965	-0.5221913	0.48342672	-2.1012247e-17	-3.310088e+11	300
5.3700000000001066e-11	0.704163	-0.5184604	0.48296836	-2.1044077e-17	-3.310088e+11	300
5.380000000000107e-11	0.7071909	-0.51470834	0.48252106	-2.1075961e-17	-3.0882097e+11	300
5.3900000000001075e-11	0.71019286	-0.5109354	0.4820846	-2.1107897e-17	-3.0882097e+11	300
5.400000000000108e-11	0.71316886	-0.507142	0.48165905	-2.1139871e-17	-2.880983e+11	300
5.4100000000001085e-11	0.7161188	-0.50332856	0.48124442	-2.117188e-17	-2.880983e+11	300
5.420000000000109e-11	0.71904224	-0.49949536	0.48084053	-2.1203916e-17	-2.6874687e+11	300
5.4300000000001095e-11	0.7219391	-0.49564278	0.48044756	-2.123598e-17	-2.6874687e+11	300
5.44000000000011e-11	0.72480905	-0.4917711	0.48006523	-2.1268056e-17	-2.5067853e+11	300
5.4500000000001104e-11	0.7276521	-0.48788086	0.47969374	-2.1300147e-17	-2.5067853e+11	300
5.460000000000111e-11	0.730468	-0.48397216	0.47933298	-2.1332248e-17	-2.3381036e+11	300
5.4700000000001114e-11	0.7332564	-0.48004556	0.47898293	-2.136435e-17	-2.3381036e+11	300
5.480000000000112e-11	0.73601735	-0.47610122	0.47864357	-2.1396451e-17	-2.1806458e+11	300
5.4900000000001124e-11	0.73875064	-0.47213948	0.47831494	-2.1428554e-17	-2.1806458e+11	300
5.500000000000113e-11	0.7414559	-0.46816075	0.477997	-2.1460643e-17	-2.0336815e+11	300
5.510000000000113e-11	0.7441333	-0.46416527	0.47768974	-2.149273e-17	-2.0336815e+11	300
5.520000000000114e-11	0.74678266	-0.46015343	0.47739312	-2.1524793e-17	-1.896526e+11	300
5.530000000000114e-11	0.7494036	-0.45612547	0.47710732	-2.155684e-17	-1.896526e+11	300
5.540000000000115e-11	0.75199604	-0.45208165	0.47683206	-2.1588873e-17	-1.768537e+11	300
5.550000000000115e-11	0.75456005	-0.44802237	0.4765676	-2.1620877e-17	-1.768537e+11	300
5.560000000000116e-11	0.75709534	-0.44394785	0.47631383	-2.1652859e-17	-1.6491128e+11	300
5.570000000000116e-11	0.75960183	-0.43985844	0.47607067	-2.1684814e-17	-1.6491128e+11	300
5.580000000000117e-11	0.76207936	-0.43575436	0.47583833	-2.1716734e-17	-1.5376902e+11	300
5.590000000000117e-11	0.76452786	-0.43163592	0.47561672	-2.1748628e-17	-1.5376902e+11	300
5.6000000000001177e-11	0.7669472	-0.42750338	0.4754058	-2.1780488e-17	-1.4337409e+11	300
5.610000000000118e-11	0.7693375	-0.42335698	0.47520566	-2.1812311e-17	-1.4337409e+11	300
5.6200000000001186e-11	0.7716982	-0.41919702	0.47501624	-2.1844098e-17	-1.3367709e+11	300
5.630000000000119e-11	0.77402955	-0.4150238	0.47483766	-2.1875848e-17	-1.3367709e+11	300
5.6400000000001196e-11	0.7763314	-0.41083753	0.47466987	-2.190756e-17	-1.246318e+11	300
5.65000000000012e-11	0.7786036	-0.4066385	0.47451282	-2.1939227e-17	-1.246318e+11	300
5.6600000000001206e-11	0.78084624	-0.4024269	0.4743667	-2.1970855e-17	-1.1619497e+11	300
5.670000000000121e-11	0.78305894	-0.39820302	0.47423136	-2.200244e-17	-1.1619497e+11	300
5.6800000000001215e-11	0.78524184	-0.39396712	0.47410688	-2.2033986e-17	-1.0832612e+11	300
5.690000000000122e-11	0.7873948	-0.3897194	0.4739934	-2.2065481e-17	-1.0832612e+11	300
5.7000000000001225e-11	0.78951776	-0.38546014	0.4738907	-2.209694e-17	-1.0098744e+11	300
5.710000000000123e-11	0.7916107	-0.38118947	0.473799	-2.212835e-17	-1.0098744e+11	300
5.7200000000001235e-11	0.79367346	-0.37690777	0.47371826	-2.2159714e-17	-9.414356e+10	300
5.730000000000124e-11	0.79570603	-0.3726152	0.4736485	-2.2191037e-17	-9.414356e+10	300
5.7400000000001244e-11	0.7977084	-0.36831188	0.47358972	-2.2222311e-17	-8.776144e+10	300
5.750000000000125e-11	0.79968035	-0.3639982	0.473542	-2.2253537e-17	-8.776144e+10	300
5.7600000000001254e-11	0.80162203	-0.3596743	0.47350532	-2.2284724e-17	-8.181018e+10	300
5.770000000000126e-11	0.8035332	-0.3553404	0.47347966	-2.231586e-17	-8.181018e+10	300
5.7800000000001263e-11	0.8054139	-0.35099667	0.47346517	-2.2346956e-17	-7.6260925e+10	300
5.790000000000127e-11	0.8072641	-0.34664333	0.4734618	-2.2378002e-17	-7.6260925e+10	300
5.800000000000127e-11	0.80908364	-0.34228063	0.47346961	-2.2409004e-17	-7.108674e+10	300
5.810000000000128e-11	0.8108726	-0.33790877	0.47348857	-2.243996e-17	-7.108674e+10	300
5.820000000000128e-11	0.8126309	-0.33352795	0.47351876	-2.2470874e-17	-6.626245e+10	300
5.830000000000129e-11	0.8143585	-0.32913825	0.47356015	-2.2501743e-17	-6.626245e+10	300
5.840000000000129e-11	0.81605524	-0.32474002	0.4736128	-2.2532572e-17	-6.1764534e+10	300
5.85000000000013e-11	0.81772125	-0.32033336	0.47367674	-2.2563355e-17	-6.1764534e+10	300
5.86000000000013e-11	0.8193564	-0.31591856	0.473752	-2.2594101e-17	-5.7571058e+10	300
5.870000000000131e-11	0.82096064	-0.31149563	0.47383857	-2.26248e-17	-5.7571058e+10	300
5.880000000000131e-11	0.82253397	-0.30706495	0.47393656	-2.265546e-17	-5.3661524e+10	300
5.890000000000132e-11	0.82407635	-0.30262658	0.4740459	-2.2686082e-17	-5.3661524e+10	300
5.900000000000132e-11	0.82558775	-0.29818073	0.47416666	-2.2716663e-17	-5.0016813e+10	300
5.910000000000133e-11	0.82706803	-0.29372755	0.4742989	-2.2747204e-17	-5.0016813e+10	300
5.920000000000133e-11	0.8285173	-0.2892673	0.4744426	-2.2777709e-17	-4.661907e+10	300
5.930000000000134e-11	0.8299354	-0.28480005	0.47459778	-2.280818e-17	-4.661907e+10	300
5.940000000000134e-11	0.83132243	-0.28032607	0.4747645	-2.2838612e-17	-4.345164e+10	300
5.950000000000135e-11	0.83267814	-0.27584544	0.4749428	-2.2869016e-17	-4.345164e+10	300
5.960000000000135e-11	0.83400285	-0.27135837	0.4751326	-2.2899379e-17	-4.0498975e+10	300
5.970000000000136e-11	0.8352962	-0.26686507	0.47533405	-2.2929711e-17	-4.0498975e+10	300
5.980000000000136e-11	0.8365583	-0.26236567	0.4755471	-2.2960016e-17	-3.7746573e+10	300
5.990000000000136e-11	0.8377891	-0.2578603	0.47577184	-2.2990289e-17	-3.7746573e+10	300
6.000000000000137e-11	0.83898854	-0.25334918	0.47600824	-2.3020534e-17	-3.51809e+10	300
6.010000000000137e-11	0.8401566	-0.24883243	0.47625634	-2.305075e-17	-3.51809e+10	300
6.020000000000138e-11	0.8412932	-0.24431023	0.4765162	-2.3080938e-17	-3.2789332e+10	300
6.030000000000138e-11	0.8423985	-0.23978272	0.4767878	-2.3111104e-17	-3.2789332e+10	300
6.040000000000139e-11	0.8434723	-0.23525004	0.4770712	-2.3141241e-17	-3.0560092e+10	300
6.05000000000014e-11	0.8445145	-0.23071244	0.4773664	-2.317136e-17	-3.0560092e+10	300
6.06000000000014e-11	0.8455252	-0.22616997	0.47767335	-2.3201455e-17	-2.8482193e+10	300
6.07000000000014e-11	0.8465044	-0.22162287	0.47799224	-2.3231531e-17	-2.8482193e+10	300
6.080000000000141e-11	0.8474519	-0.2170712	0.47832292	-2.3261588e-17	-2.6545392e+10	300
6.090000000000141e-11	0.8483678	-0.21251519	0.47866556	-2.3291626e-17	-2.6545392e+10	300
6.100000000000142e-11	0.8492521	-0.20795497	0.4790201	-2.3321653e-17	-2.4740129e+10	300
6.110000000000142e-11	0.8501047	-0.20339067	0.47938657	-2.3351656e-17	-2.4740129e+10	300
6.120000000000143e-11	0.8509255	-0.19882248	0.47976503	-2.3381653e-17	-2.3057494e+10	300
6.130000000000143e-11	0.8517145	-0.19425051	0.48015547	-2.3411638e-17	-2.3057494e+10	300
6.140000000000144e-11	0.85247177	-0.1896749	0.4805579	-2.3441612e-17	-2.1489177e+10	300
6.150000000000144e-11	0.85319716	-0.18509585	0.48097235	-2.3471571e-17	-2.1489177e+10	300
6.160000000000145e-11	0.85389066	-0.18051349	0.48139888	-2.3501531e-17	-2.0027425e+10	300
6.170000000000145e-11	0.8545523	-0.17592794	0.4818374	-2.353148e-17	-2.0027425e+10	300
6.180000000000146e-11	0.855182	-0.17133938	0.4822881	-2.3561429e-17	-1.8665013e+10	300
6.190000000000146e-11	0.85577965	-0.16674793	0.48275086	-2.359137e-17	-1.8665013e+10	300
6.200000000000147e-11	0.8563452	-0.16215374	0.48322576	-2.3621312e-17	-1.7395202e+10	300
6.210000000000147e-11	0.8568788	-0.15755698	0.48371273	-2.3651251e-17	-1.7395202e+10	300
6.220000000000148e-11	0.8573804	-0.1529578	0.48421195	-2.368119e-17	-1.6211707e+10	300
6.230000000000148e-11	0.8578497	-0.1483563	0.48472333	-2.3711137e-17	-1.6211707e+10	300
6.240000000000149e-11	0.8582869	-0.14375268	0.48524687	-2.3741083e-17	-1.5108671e+10	300
6.250000000000149e-11	0.8586917	-0.13914707	0.48578265	-2.3771042e-17	-1.5108671e+10	300
6.26000000000015e-11	0.85906446	-0.1345396	0.4863307	-2.3801007e-17	-1.4080633e+10	300
6.27000000000015e-11	0.85940486	-0.12993042	0.48689088	-2.3830977e-17	-1.4080633e+10	300
6.28000000000015e-11	0.85971284	-0.12531969	0.48746347	-2.3860958e-17	-1.31225e+10	300
6.290000000000151e-11	0.85998845	-0.12070758	0.4880482	-2.3890955e-17	-1.31225e+10	300
6.300000000000151e-11	0.86023164	-0.11609419	0.48864523	-2.3920963e-17	-1.2229523e+10	300
6.310000000000152e-11	0.8604424	-0.1114797	0.48925462	-2.3950987e-17	-1.2229523e+10	300
6.320000000000152e-11	0.86062056	-0.10686425	0.4898763	-2.3981026e-17	-1.1397279e+10	300
6.330000000000153e-11	0.860766	-0.10224799	0.4905103	-2.4011086e-17	-1.1397279e+10	300
6.340000000000153e-11	0.860879	-0.09763109	0.49115664	-2.4041167e-17	-1.062164e+10	300
6.350000000000154e-11	0.8609593	-0.09301366	0.49181533	-2.4071265e-17	-1.062164e+10	300
6.360000000000154e-11	0.861007	-0.08839588	0.49248636	-2.410139e-17	-9.898761e+09	300
6.370000000000155e-11	0.86102176	-0.083777905	0.4931698	-2.4131535e-17	-9.898761e+09	300
6.380000000000155e-11	0.8610037	-0.079159886	0.4938656	-2.4161714e-17	-9.225056e+09	300
6.390000000000156e-11	0.86095273	-0.074541956	0.49457383	-2.4191913e-17	-9.225056e+09	300
6.400000000000156e-11	0.860869	-0.0699243	0.49529442	-2.4222146e-17	-8.597185e+09	300
6.410000000000157e-11	0.8607522	-0.065307066	0.49602738	-2.4252408e-17	-8.597185e+09	300
6.420000000000157e-11	0.8606024	-0.060690403	0.49677286	-2.4282706e-17	-8.012029e+09	300
6.430000000000158e-11	0.8604196	-0.056074474	0.49753067	-2.4313034e-17	-8.012029e+09	300
6.440000000000158e-11	0.8602035	-0.05145944	0.4983009	-2.43434e-17	-7.4666865e+09	300
6.450000000000159e-11	0.8599544	-0.046845462	0.49908364	-2.4373803e-17	-7.4666865e+09	300
6.460000000000159e-11	0.85967195	-0.0422327	0.4998788	-2.4404245e-17	-6.9584497e+09	300
6.47000000000016e-11	0.8593562	-0.03762132	0.5006864	-2.4434732e-17	-6.9584497e+09	300
6.48000000000016e-11	0.85900706	-0.03301149	0.50150645	-2.4465256e-17	-6.4847964e+09	300
6.49000000000016e-11	0.8586246	-0.02840337	0.5023389	-2.4495824e-17	-6.4847964e+09	300
6.500000000000161e-11	0.85820866	-0.02379713	0.50318384	-2.4526436e-17	-6.043374e+09	300
6.510000000000162e-11	0.8577591	-0.019192941	0.5040412	-2.4557098e-17	-6.043374e+09	300
6.520000000000162e-11	0.8572761	-0.014590974	0.50491107	-2.458781e-17	-5.6319913e+09	300
6.530000000000163e-11	0.8567593	-0.009991399	0.50579333	-2.461857e-17	-5.6319913e+09	300
6.540000000000163e-11	0.8562089	-0.0053943964	0.5066881	-2.4649378e-17	-5.2486047e+09	300
6.550000000000163e-11	0.8556248	-0.00080013415	0.50759536	-2.4680242e-17	-5.2486047e+09	300
6.560000000000164e-11	0.85500664	0.0037912047	0.508515	-2.4711165e-17	-4.8913096e+09	300
6.570000000000164e-11	0.8543549	0.008379443	0.50944716	-2.474214e-17	-4.8913096e+09	300
6.580000000000165e-11	0.85366905	0.012964397	0.5103917	-2.4773171e-17	-4.558332e+09	300
6.590000000000165e-11	0.8529492	0.017545884	0.5113487	-2.4804263e-17	-4.558332e+09	300
6.600000000000166e-11	0.85219526	0.022123717	0.5123182	-2.4835418e-17	-4.2480172e+09	300
6.610000000000166e-11	0.85140723	0.026697716	0.51330006	-2.4866636e-17	-4.2480172e+09	300
6.620000000000167e-11	0.8505851	0.031267684	0.5142944	-2.4897918e-17	-3.958823e+09	300
6.630000000000167e-11	0.8497286	0.035833433	0.5153011	-2.492926e-17	-3.958823e+09	300
6.640000000000168e-11	0.8488379	0.040394768	0.5163202	-2.4960673e-17	-3.689313e+09	300
6.650000000000168e-11	0.8479127	0.0449515	0.5173518	-2.4992157e-17	-3.689313e+09	300
6.660000000000169e-11	0.84695315	0.049503412	0.5183957	-2.5023712e-17	-3.4381476e+09	300
6.670000000000169e-11	0.84595907	0.054050326	0.51945204	-2.5055334e-17	-3.4381476e+09	300
6.68000000000017e-11	0.84493035	0.05859203	0.52052075	-2.5087026e-17	-3.2040783e+09	300
6.69000000000017e-11	0.8438672	0.063128315	0.5216018	-2.51188e-17	-3.2040783e+09	300
6.700000000000171e-11	0.84276927	0.067658976	0.52269524	-2.5150645e-17	-2.9859425e+09	300
6.710000000000171e-11	0.84163654	0.07218381	0.52380097	-2.5182569e-17	-2.9859425e+09	300
6.720000000000172e-11	0.8404691	0.0767026	0.52491903	-2.5214576e-17	-2.7826552e+09	300
6.730000000000172e-11	0.83926666	0.08121514	0.5260495	-2.5246657e-17	-2.7826552e+09	300
6.740000000000173e-11	0.8380295	0.0857212	0.5271921	-2.5278825e-17	-2.5932063e+09	300
6.750000000000173e-11	0.8367572	0.09022056	0.5283471	-2.5311075e-17	-2.5932063e+09	300
6.760000000000174e-11	0.83544993	0.09471302	0.52951425	-2.5343408e-17	-2.4166538e+09	300
6.770000000000174e-11	0.8341075	0.09919831	0.53069365	-2.5375828e-17	-2.4166538e+09	300
6.780000000000175e-11	0.83272994	0.103676245	0.5318854	-2.540834e-17	-2.2521203e+09	300
6.790000000000175e-11	0.8313172	0.10814659	0.53308916	-2.5440937e-17	-2.2521203e+09	300
6.800000000000176e-11	0.8298691	0.11260909	0.5343052	-2.5473626e-17	-2.0987875e+09	300
6.810000000000176e-11	0.8283856	0.11706354	0.53553337	-2.5506409e-17	-2.0987875e+09	300
6.820000000000177e-11	0.82686687	0.121509664	0.5367736	-2.5539282e-17	-1.9558931e+09	300
6.830000000000177e-11	0.8253125	0.12594724	0.53802603	-2.5572247e-17	-1.9558931e+09	300
6.840000000000177e-11	0.8237228	0.13037603	0.5392905	-2.5605315e-17	-1.8227268e+09	300
6.850000000000178e-11	0.8220975	0.13479578	0.54056704	-2.5638478e-17	-1.8227268e+09	300
6.860000000000178e-11	0.8204365	0.13920626	0.5418555	-2.5671736e-17	-1.6986262e+09	300
6.870000000000179e-11	0.81873983	0.14360717	0.543156	-2.5705099e-17	-1.6986262e+09	300
6.88000000000018e-11	0.81700754	0.1479983	0.5444685	-2.5738562e-17	-1.5829743e+09	300
6.89000000000018e-11	0.8152394	0.15237936	0.54579294	-2.5772124e-17	-1.5829743e+09	300
6.90000000000018e-11	0.81343555	0.15675013	0.5471292	-2.5805795e-17	-1.4751962e+09	300
6.910000000000181e-11	0.81159574	0.16111028	0.5484774	-2.5839569e-17	-1.4751962e+09	300
6.920000000000181e-11	0.80972004	0.16545962	0.5498374	-2.587345e-17	-1.3747556e+09	300
6.930000000000182e-11	0.8078084	0.16979782	0.5512092	-2.5907439e-17	-1.3747556e+09	300
6.940000000000182e-11	0.8058607	0.17412461	0.55259275	-2.5941535e-17	-1.2811533e+09	300
6.950000000000183e-11	0.80387706	0.17843977	0.55398804	-2.5975746e-17	-1.2811533e+09	300
6.960000000000183e-11	0.80185735	0.18274295	0.555395	-2.6010064e-17	-1.1939236e+09	300
6.970000000000184e-11	0.79980147	0.1870339	0.5568136	-2.6044493e-17	-1.1939236e+09	300
6.980000000000184e-11	0.7977095	0.19131231	0.5582438	-2.6079046e-17	-1.1126328e+09	300
6.990000000000185e-11	0.7955813	0.19557795	0.5596855	-2.611371e-17	-1.1126328e+09	300
7.000000000000185e-11	0.7934168	0.19983046	0.5611388	-2.6148486e-17	-1.03687654e+09	300
7.010000000000186e-11	0.79121614	0.20406958	0.56260353	-2.618338e-17	-1.03687654e+09	300
7.020000000000186e-11	0.78897923	0.20829499	0.56407964	-2.621839e-17	-9.6627814e+08	300
7.030000000000187e-11	0.786706	0.2125064	0.56556726	-2.6253528e-17	-9.6627814e+08	300
7.040000000000187e-11	0.7843963	0.2167035	0.567066	-2.6288783e-17	-9.0048634e+08	300
7.050000000000188e-11	0.7820504	0.22088599	0.5685762	-2.6324161e-17	-9.0048634e+08	300
7.060000000000188e-11	0.7796681	0.22505358	0.57009757	-2.6359664e-17	-8.3917395e+08	300
7.070000000000189e-11	0.77724946	0.22920589	0.57163006	-2.6395282e-17	-8.3917395e+08	300
7.080000000000189e-11	0.77479434	0.23334268	0.57317376	-2.6431031e-17	-7.820361e+08	300
7.09000000000019e-11	0.7723028	0.23746353	0.5747284	-2.6466911e-17	-7.820361e+08	300
7.10000000000019e-11	0.76977485	0.24156822	0.5762942	-2.6502907e-17	-7.287885e+08	300
7.11000000000019e-11	0.7672105	0.24565637	0.57787085	-2.6539034e-17	-7.287885e+08	300
7.120000000000191e-11	0.7646096	0.24972764	0.5794584	-2.6575291e-17	-6.7916634e+08	300
7.130000000000191e-11	0.7619724	0.25378174	0.58105683	-2.661168e-17	-6.7916634e+08	300
7.140000000000192e-11	0.7592986	0.2578183	0.582666	-2.6648202e-17	-6.3292275e+08	300
7.150000000000192e-11	0.7565886	0.26183698	0.58428586	-2.6684853e-17	-6.3292275e+08	300
7.160000000000193e-11	0.75384206	0.26583743	0.5859164	-2.6721636e-17	-5.898277e+08	300
7.170000000000193e-11	0.75105906	0.26981932	0.58755744	-2.6758555e-17	-5.898277e+08	300
7.180000000000194e-11	0.74823976	0.27378228	0.58920914	-2.6795603e-17	-5.4966694e+08	300
7.190000000000194e-11	0.74538404	0.277726	0.59087116	-2.6832791e-17	-5.4966694e+08	300
7.200000000000195e-11	0.74249196	0.28165007	0.5925436	-2.6870114e-17	-5.1224058e+08	300
7.210000000000195e-11	0.7395636	0.28555417	0.59422636	-2.6907572e-17	-5.1224058e+08	300
7.220000000000196e-11	0.73659885	0.28943792	0.59591925	-2.6945164e-17	-4.773625e+08	300
7.230000000000196e-11	0.73359793	0.29330096	0.5976224	-2.6982905e-17	-4.773625e+08	300
7.240000000000197e-11	0.73056066	0.29714292	0.5993357	-2.7020773e-17	-4.4485917e+08	300
7.250000000000197e-11	0.7274874	0.30096343	0.60105884	-2.7058787e-17	-4.4485917e+08	300
7.260000000000198e-11	0.7243778	0.3047621	0.60279197	-2.7096941e-17	-4.1456893e+08	300
7.270000000000198e-11	0.72123224	0.3085386	0.6045349	-2.7135235e-17	-4.1456893e+08	300
7.280000000000199e-11	0.71805054	0.31229252	0.60628766	-2.7173666e-17	-3.8634112e+08	300
7.290000000000199e-11	0.7148329	0.31602347	0.6080501	-2.7212242e-17	-3.8634112e+08	300
7.3000000000002e-11	0.7115793	0.31973106	0.60982215	-2.725096e-17	-3.6003526e+08	300
7.3100000000002e-11	0.7082899	0.32341492	0.6116037	-2.7289823e-17	-3.6003526e+08	300
7.3200000000002e-11	0.7049648	0.32707465	0.6133947	-2.7328833e-17	-3.3552054e+08	300
7.330000000000201e-11	0.70160395	0.33070987	0.6151949	-2.736798e-17	-3.3552054e+08	300
7.340000000000202e-11	0.69820744	0.33432016	0.6170045	-2.7407278e-17	-3.12675e+08	300
7.350000000000202e-11	0.6947754	0.33790514	0.61882323	-2.7446713e-17	-3.12675e+08	300
7.360000000000203e-11	0.6913079	0.3414644	0.620651	-2.74863e-17	-2.91385e+08	300
7.370000000000203e-11	0.68780506	0.34499758	0.6224878	-2.7526028e-17	-2.91385e+08	300
7.380000000000204e-11	0.684267	0.34850422	0.6243334	-2.7565903e-17	-2.715446e+08	300
7.390000000000204e-11	0.68069375	0.35198388	0.6261878	-2.7605929e-17	-2.715446e+08	300
7.400000000000205e-11	0.6770856	0.35543627	0.62805086	-2.7646095e-17	-2.5305512e+08	300
7.410000000000205e-11	0.67344236	0.35886088	0.6299225	-2.7686415e-17	-2.5305512e+08	300
7.420000000000205e-11	0.6697645	0.36225733	0.63180256	-2.7726879e-17	-2.3582458e+08	300
7.430000000000206e-11	0.66605186	0.36562514	0.6336911	-2.7767487e-17	-2.3582458e+08	300
7.440000000000206e-11	0.6623047	0.36896402	0.6355879	-2.7808247e-17	-2.1976725e+08	300
7.450000000000207e-11	0.6585232	0.37227342	0.6374928	-2.7849156e-17	-2.1976725e+08	300
7.460000000000207e-11	0.65470743	0.375553	0.6394057	-2.7890208e-17	-2.0480325e+08	300
7.470000000000208e-11	0.6508576	0.3788023	0.64132655	-2.7931408e-17	-2.0480325e+08	300
7.480000000000208e-11	0.6469738	0.38202092	0.64325523	-2.7972754e-17	-1.9085814e+08	300
7.490000000000209e-11	0.6430563	0.3852084	0.6451917	-2.8014258e-17	-1.9085814e+08	300
7.500000000000209e-11	0.639105	0.38836437	0.6471358	-2.8055902e-17	-1.7786256e+08	300
7.51000000000021e-11	0.6351206	0.39148828	0.64908737	-2.8097694e-17	-1.7786256e+08	300
7.52000000000021e-11	0.6311028	0.39457977	0.6510463	-2.813964e-17	-1.6575184e+08	300
7.530000000000211e-11	0.62705195	0.3976385	0.6530125	-2.8181723e-17	-1.6575184e+08	300
7.540000000000211e-11	0.6229682	0.40066388	0.6549858	-2.822396e-17	-1.5446573e+08	300
7.550000000000212e-11	0.6188519	0.40365562	0.65696603	-2.8266343e-17	-1.5446573e+08	300
7.560000000000212e-11	0.61470306	0.40661308	0.6589533	-2.8308877e-17	-1.439481e+08	300
7.570000000000213e-11	0.6105221	0.409536	0.6609472	-2.8351553e-17	-1.439481e+08	300
7.580000000000213e-11	0.60630906	0.41242388	0.66294783	-2.8394374e-17	-1.3414661e+08	300
7.590000000000214e-11	0.6020643	0.41527635	0.6649549	-2.8437348e-17	-1.3414661e+08	300
7.600000000000214e-11	0.597788	0.41809285	0.66696835	-2.8480464e-17	-1.25012504e+08	300
7.610000000000215e-11	0.59348035	0.42087308	0.6689881	-2.852372e-17	-1.25012504e+08	300
7.620000000000215e-11	0.5891417	0.42361644	0.67101395	-2.8567136e-17	-1.1650034e+08	300
7.630000000000216e-11	0.58477235	0.42632264	0.67304575	-2.8610682e-17	-1.1650034e+08	300
7.640000000000216e-11	0.58037245	0.4289911	0.6750834	-2.8654377e-17	-1.0856777e+08	300
7.650000000000217e-11	0.5759423	0.43162152	0.67712677	-2.8698214e-17	-1.0856777e+08	300
7.660000000000217e-11	0.5714821	0.43421334	0.67917573	-2.8742204e-17	-1.0117533e+08	300
7.670000000000218e-11	0.56699234	0.43676618	0.68123007	-2.8786322e-17	-1.0117533e+08	300
7.680000000000218e-11	0.5624732	0.43927962	0.68328977	-2.8830593e-17	-9.428624e+07	300
7.690000000000218e-11	0.5579249	0.44175312	0.6853546	-2.8875006e-17	-9.428624e+07	300
7.700000000000219e-11	0.55334795	0.4441864	0.6874243	-2.891955e-17	-8.786624e+07	300
7.71000000000022e-11	0.5487425	0.44657892	0.68949896	-2.8964242e-17	-8.786624e+07	300
7.72000000000022e-11	0.5441089	0.44893023	0.6915783	-2.9009075e-17	-8.188337e+07	300
7.73000000000022e-11	0.5394476	0.45123994	0.6936623	-2.9054037e-17	-8.188337e+07	300
7.740000000000221e-11	0.5347588	0.4535076	0.69575065	-2.9099142e-17	-7.630788e+07	300
7.750000000000221e-11	0.53004295	0.45573273	0.6978433	-2.9144382e-17	-7.630788e+07	300
7.760000000000222e-11	0.5253004	0.45791504	0.69993997	-2.9189758e-17	-7.1112024e+07	300
7.770000000000222e-11	0.5205314	0.46005398	0.70204073	-2.9235276e-17	-7.1112024e+07	300
7.780000000000223e-11	0.5157365	0.46214905	0.7041452	-2.9280917e-17	-6.626996e+07	300
7.790000000000223e-11	0.51091594	0.46420005	0.7062533	-2.9326693e-17	-6.626996e+07	300
7.800000000000224e-11	0.5060702	0.46620637	0.7083649	-2.9372605e-17	-6.175759e+07	300
7.810000000000224e-11	0.5011996	0.4681676	0.71047986	-2.941865e-17	-6.175759e+07	300
7.820000000000225e-11	0.4963047	0.4700834	0.7125979	-2.946482e-17	-5.7552476e+07	300
7.830000000000225e-11	0.49138567	0.4719533	0.71471906	-2.9511114e-17	-5.7552476e+07	300
7.840000000000226e-11	0.48644313	0.47377694	0.7168431	-2.9557542e-17	-5.3633684e+07	300
7.850000000000226e-11	0.4814775	0.47555387	0.7189697	-2.9604093e-17	-5.3633684e+07	300
7.860000000000227e-11	0.47648913	0.47728366	0.72109884	-2.965078e-17	-4.998173e+07	300
7.870000000000227e-11	0.47147846	0.4789659	0.7232303	-2.969757e-17	-4.998173e+07	300
7.880000000000228e-11	0.46644607	0.48060024	0.72536397	-2.974449e-17	-4.6578436e+07	300
7.890000000000228e-11	0.4613923	0.48218632	0.7274997	-2.979153e-17	-4.6578436e+07	300
7.900000000000229e-11	0.45631772	0.4837236	0.72963727	-2.98387e-17	-4.3406876e+07	300
7.910000000000229e-11	0.45122275	0.4852118	0.7317765	-2.9885976e-17	-4.3406876e+07	300
7.92000000000023e-11	0.4461079	0.48665053	0.7339171	-2.993337e-17	-4.0451268e+07	300
7.93000000000023e-11	0.44097364	0.48803928	0.7360592	-2.9980883e-17	-4.0451268e+07	300
7.94000000000023e-11	0.43582055	0.48937783	0.73820245	-3.0028503e-17	-3.7696908e+07	300
7.950000000000231e-11	0.4306491	0.4906658	0.74034655	-3.0076237e-17	-3.7696908e+07	300
7.960000000000232e-11	0.4254598	0.4919027	0.7424916	-3.0124088e-17	-3.5130096e+07	300
7.970000000000232e-11	0.42025316	0.49308825	0.7446372	-3.017204e-17	-3.5130096e+07	300
7.980000000000232e-11	0.4150298	0.49422213	0.7467832	-3.02201e-17	-3.2738062e+07	300
7.990000000000233e-11	0.40979022	0.49530387	0.7489296	-3.0268256e-17	-3.2738062e+07	300
8.000000000000233e-11	0.40453497	0.49633318	0.751076	-3.0316523e-17	-3.0508902e+07	300
8.010000000000234e-11	0.39926457	0.4973097	0.75322235	-3.0364897e-17	-3.0508902e+07	300
8.020000000000234e-11	0.39397976	0.49823317	0.7553684	-3.0413363e-17	-2.8431526e+07	300
8.030000000000235e-11	0.3886809	0.49910322	0.757514	-3.0461932e-17	-2.8431526e+07	300
8.040000000000235e-11	0.38336873	0.4999194	0.759659	-3.0510587e-17	-2.64956e+07	300
8.050000000000236e-11	0.37804383	0.50068164	0.76180327	-3.055934e-17	-2.64956e+07	300
8.060000000000236e-11	0.37270668	0.50138944	0.7639463	-3.060818e-17	-2.4691494e+07	300
8.070000000000237e-11	0.36735806	0.5020425	0.7660883	-3.0657127e-17	-2.4691494e+07	300
8.080000000000237e-11	0.36199853	0.50264066	0.7682289	-3.070616e-17	-2.301023e+07	300
8.090000000000238e-11	0.3566287	0.50318336	0.770368	-3.0755253e-17	-2.301023e+07	300
8.100000000000238e-11	0.35124916	0.5036707	0.7725053	-3.0804457e-17	-2.1443444e+07	300
8.110000000000239e-11	0.34586066	0.50410205	0.7746406	-3.085373e-17	-2.1443444e+07	300
8.120000000000239e-11	0.3404638	0.5044773	0.7767739	-3.0903077e-17	-1.9983342e+07	300
8.13000000000024e-11	0.33505917	0.5047962	0.77890486	-3.0952506e-17	-1.9983342e+07	300
8.14000000000024e-11	0.32964754	0.5050585	0.7810333	-3.1002018e-17	-1.862266e+07	300
8.150000000000241e-11	0.3242296	0.5052639	0.78315914	-3.1051596e-17	-1.862266e+07	300
8.160000000000241e-11	0.31880587	0.5054122	0.7852819	-3.110124e-17	-1.7354626e+07	300
8.170000000000242e-11	0.31337717	0.5055032	0.7874018	-3.115095e-17	-1.7354626e+07	300
8.180000000000242e-11	0.30794418	0.5055366	0.7895185	-3.1200746e-17	-1.6172936e+07	300
8.190000000000243e-11	0.30250758	0.50551224	0.7916316	-3.1250586e-17	-1.6172936e+07	300
8.200000000000243e-11	0.29706806	0.50543	0.7937411	-3.130049e-17	-1.5071707e+07	300
8.210000000000244e-11	0.29162633	0.5052895	0.7958467	-3.1350456e-17	-1.5071707e+07	300
8.220000000000244e-11	0.28618318	0.5050908	0.7979484	-3.140047e-17	-1.4045461e+07	300
8.230000000000245e-11	0.2807393	0.50483346	0.8000459	-3.145055e-17	-1.4045461e+07	300
8.240000000000245e-11	0.27529538	0.5045175	0.802139	-3.1500676e-17	-1.3089094e+07	300
8.250000000000246e-11	0.2698522	0.5041427	0.8042275	-3.1550846e-17	-1.3089094e+07	300
8.260000000000246e-11	0.2644105	0.50370896	0.8063112	-3.1601072e-17	-1.2197846e+07	300
8.270000000000246e-11	0.258971	0.50321615	0.8083899	-3.1651328e-17	-1.2197846e+07	300
8.280000000000247e-11	0.25353447	0.5026641	0.8104634	-3.1701637e-17	-1.1367284e+07	300
8.290000000000247e-11	0.2481017	0.5020528	0.8125317	-3.175198e-17	-1.1367284e+07	300
8.300000000000248e-11	0.24267346	0.50138193	0.81459445	-3.1802365e-17	-1.0593276e+07	300
8.310000000000248e-11	0.23725045	0.50065166	0.81665146	-3.185277e-17	-1.0593276e+07	300
8.320000000000249e-11	0.23183352	0.49986172	0.8187024	-3.1903218e-17	0	300
8.33000000000025e-11	0.22642341	0.49901223	0.8207473	-3.1953686e-17	0	300
8.34000000000025e-11	0.2210209	0.49810296	0.82278603	-3.2004177e-17	0	300
8.35000000000025e-11	0.21562684	0.497134	0.8248182	-3.20547e-17	0	300
8.360000000000251e-11	0.21024197	0.49610528	0.8268436	-3.2105235e-17	0	300
8.370000000000251e-11	0.2048671	0.49501666	0.82886225	-3.2155793e-17	0	300
8.380000000000252e-11	0.19950303	0.49386832	0.83087385	-3.2206366e-17	0	300
8.390000000000252e-11	0.19415055	0.49266016	0.8328782	-3.2256944e-17	0	300
8.400000000000253e-11	0.18881051	0.49139228	0.83487505	-3.2307534e-17	0	300
8.410000000000253e-11	0.18348368	0.49006453	0.83686423	-3.2358134e-17	0	300
8.420000000000254e-11	0.17817087	0.4886772	0.83884585	-3.2408725e-17	0	300
8.430000000000254e-11	0.17287293	0.4872301	0.8408194	-3.2459328e-17	0	300
8.440000000000255e-11	0.16759068	0.4857235	0.84278476	-3.2509932e-17	0	300
8.450000000000255e-11	0.16232494	0.48415732	0.8447418	-3.2560526e-17	0	300
8.460000000000256e-11	0.15707648	0.48253185	0.8466903	-3.2611106e-17	0	300
8.470000000000256e-11	0.15184617	0.48084697	0.84863013	-3.2661676e-17	0	300
8.480000000000257e-11	0.14663485	0.47910297	0.850561	-3.2712237e-17	0	300
8.490000000000257e-11	0.14144331	0.47729987	0.8524829	-3.2762784e-17	0	300
8.500000000000258e-11	0.13627242	0.47543803	0.8543955	-3.281331e-17	0	300
8.510000000000258e-11	0.13112298	0.4735173	0.8562987	-3.2863806e-17	0	300
8.520000000000259e-11	0.12599583	0.47153807	0.85819227	-3.291429e-17	0	300
8.530000000000259e-11	0.1208918	0.46950042	0.86007607	-3.2964736e-17	0	300
8.54000000000026e-11	0.11581173	0.4674047	0.86195004	-3.301516e-17	0	300
8.55000000000026e-11	0.110756405	0.46525097	0.8638139	-3.3065546e-17	0	300
8.56000000000026e-11	0.10572672	0.46303952	0.86566734	-3.311589e-17	0	300
8.570000000000261e-11	0.10072346	0.4607706	0.86751044	-3.316621e-17	0	300
8.580000000000261e-11	0.095747456	0.45844448	0.8693428	-3.3216473e-17	0	300
8.590000000000262e-11	0.09079956	0.4560614	0.8711645	-3.3266706e-17	0	300
8.600000000000262e-11	0.08588058	0.45362163	0.8729752	-3.331688e-17	0	300
8.610000000000263e-11	0.08099132	0.45112556	0.8747748	-3.3367007e-17	0	300
8.620000000000263e-11	0.07613263	0.44857335	0.8765632	-3.341707e-17	0	300
8.630000000000264e-11	0.07130532	0.44596553	0.8783401	-3.3467096e-17	0	300
8.640000000000264e-11	0.066510186	0.44330227	0.8801054	-3.351705e-17	0	300
8.650000000000265e-11	0.061748065	0.44058403	0.88185894	-3.3566943e-17	0	300
8.660000000000265e-11	0.057019755	0.43781114	0.8836007	-3.361678e-17	0	300
8.670000000000266e-11	0.05232606	0.43498394	0.8853304	-3.3666545e-17	0	300
8.680000000000266e-11	0.04766778	0.43210295	0.88704777	-3.371624e-17	0	300
8.690000000000267e-11	0.04304571	0.42916846	0.8887529	-3.3765867e-17	0	300
8.700000000000267e-11	0.03846065	0.42618096	0.8904455	-3.3815415e-17	0	300
8.710000000000268e-11	0.03391338	0.42314088	0.8921254	-3.3864883e-17	0	300
8.720000000000268e-11	0.029404685	0.42004868	0.8937926	-3.3914286e-17	0	300
8.730000000000269e-11	0.024935348	0.41690484	0.89544684	-3.3963593e-17	0	300
8.740000000000269e-11	0.020506125	0.41370976	0.897088	-3.4012803e-17	0	300
8.75000000000027e-11	0.016117796	0.4104641	0.89871615	-3.4061938e-17	0	300
8.76000000000027e-11	0.011771108	0.4071682	0.9003308	-3.411099e-17	0	300
8.77000000000027e-11	0.007466822	0.4038227	0.9019319	-3.4159935e-17	0	300
8.780000000000271e-11	0.003205676	0.4004281	0.9035196	-3.4208785e-17	0	300
8.790000000000272e-11	-0.0010115854	0.3969849	0.9050934	-3.4257536e-17	0	300
8.800000000000272e-11	-0.005184239	0.3934938	0.9066534	-3.4306188e-17	0	300
8.810000000000273e-11	-0.009311555	0.38995522	0.9081996	-3.4354746e-17	0	300
8.820000000000273e-11	-0.013392823	0.38636982	0.9097315	-3.4403183e-17	0	300
8.830000000000273e-11	-0.017427335	0.3827382	0.9112494	-3.4451513e-17	0	300
8.840000000000274e-11	-0.021414395	0.37906098	0.9127528	-3.4499748e-17	0	300
8.850000000000274e-11	-0.02535331	0.37533885	0.9142418	-3.4547853e-17	0	300
8.860000000000275e-11	-0.029243404	0.37157232	0.9157163	-3.4595843e-17	0	300
8.870000000000275e-11	-0.033084005	0.3677622	0.9171761	-3.4643714e-17	0	300
8.880000000000276e-11	-0.03687445	0.36390898	0.9186213	-3.4691472e-17	0	300
8.890000000000276e-11	-0.0406141	0.36001348	0.9200515	-3.4739117e-17	0	300
8.900000000000277e-11	-0.044302307	0.35607633	0.92146677	-3.478662e-17	0	300
8.910000000000277e-11	-0.047938436	0.35209826	0.92286694	-3.4833998e-17	0	300
8.920000000000278e-11	-0.051521868	0.34807995	0.9242521	-3.4881254e-17	0	300
8.930000000000278e-11	-0.05505201	0.34402215	0.92562187	-3.492838e-17	0	300
8.940000000000279e-11	-0.058528244	0.3399256	0.9269763	-3.4975357e-17	0	300
8.950000000000279e-11	-0.06195001	0.33579105	0.9283155	-3.5022212e-17	0	300
8.96000000000028e-11	-0.06531672	0.33161923	0.92963904	-3.5068934e-17	0	300
8.97000000000028e-11	-0.068627805	0.32741097	0.93094707	-3.5115498e-17	0	300
8.980000000000281e-11	-0.071882725	0.32316703	0.9322395	-3.5161932e-17	0	300
8.990000000000281e-11	-0.07508095	0.3188881	0.9335161	-3.5208218e-17	0	300
9.000000000000282e-11	-0.078221954	0.31457508	0.9347769	-3.5254365e-17	0	300
9.010000000000282e-11	-0.08130522	0.31022877	0.9360218	-3.5300363e-17	0	300
9.020000000000283e-11	-0.084330246	0.30585006	0.9372509	-3.5346212e-17	0	300
9.030000000000283e-11	-0.087296575	0.30143955	0.938464	-3.5391915e-17	0	300
9.040000000000284e-11	-0.0902037	0.29699832	0.93966097	-3.5437456e-17	0	300
9.050000000000284e-11	-0.09305118	0.29252708	0.9408418	-3.5482845e-17	0	300
9.060000000000285e-11	-0.095838584	0.28802675	0.9420065	-3.5528082e-17	0	300
9.070000000000285e-11	-0.098565474	0.28349814	0.943155	-3.5573154e-17	0	300
9.080000000000286e-11	-0.10123143	0.27894217	0.94428724	-3.5618063e-17	0	300
9.090000000000286e-11	-0.10383606	0.27435973	0.9454031	-3.5662823e-17	0	300
9.100000000000287e-11	-0.10637897	0.2697516	0.9465027	-3.5707425e-17	0	300
9.110000000000287e-11	-0.10885981	0.26511878	0.9475859	-3.5751848e-17	0	300
9.120000000000287e-11	-0.111278206	0.2604621	0.94865257	-3.5796115e-17	0	300
9.130000000000288e-11	-0.11363382	0.2557825	0.94970286	-3.5840204e-17	0	300
9.140000000000288e-11	-0.11592634	0.25108093	0.95073664	-3.588414e-17	0	300
9.150000000000289e-11	-0.11815546	0.24635822	0.951754	-3.5927895e-17	0	300
9.16000000000029e-11	-0.12032086	0.24161536	0.9527547	-3.5971484e-17	0	300
9.17000000000029e-11	-0.12242228	0.23685323	0.95373887	-3.6014895e-17	0	300
9.18000000000029e-11	-0.12445945	0.2320728	0.9547065	-3.605814e-17	0	300
9.190000000000291e-11	-0.12643214	0.22727498	0.9556575	-3.610121e-17	0	300
9.200000000000291e-11	-0.12834011	0.22246076	0.9565919	-3.6144094e-17	0	300
9.210000000000292e-11	-0.13018313	0.21763101	0.95750976	-3.6186813e-17	0	300
9.220000000000292e-11	-0.13196105	0.21278672	0.9584109	-3.622934e-17	0	300
9.230000000000293e-11	-0.13367364	0.20792887	0.9592955	-3.627171e-17	0	300
9.240000000000293e-11	-0.13532075	0.20305836	0.9601635	-3.6313884e-17	0	300
9.250000000000294e-11	-0.13690224	0.19817622	0.9610148	-3.635588e-17	0	300
9.260000000000294e-11	-0.13841799	0.1932833	0.9618497	-3.639771e-17	0	300
9.270000000000295e-11	-0.13986786	0.18838066	0.96266776	-3.6439324e-17	0	300
9.280000000000295e-11	-0.14125173	0.1834692	0.96346945	-3.6480786e-17	0	300
9.290000000000296e-11	-0.14256957	0.17854993	0.96425456	-3.6522046e-17	0	300
9.300000000000296e-11	-0.14382128	0.1736238	0.965023	-3.6563117e-17	0	300
9.310000000000297e-11	-0.14500682	0.16869177	0.96577495	-3.6604003e-17	0	300
9.320000000000297e-11	-0.14612617	0.16375479	0.9665104	-3.664472e-17	0	300
9.330000000000298e-11	-0.14717928	0.15881388	0.96722955	-3.668524e-17	0	300
9.340000000000298e-11	-0.1481662	0.15386997	0.967932	-3.672557e-17	0	300
9.350000000000299e-11	-0.1490869	0.14892401	0.9686183	-3.6765707e-17	0	300
9.360000000000299e-11	-0.14994141	0.14397697	0.9692881	-3.6805666e-17	0	300
9.3700000000003e-11	-0.15072984	0.13902986	0.9699416	-3.684543e-17	0	300
9.3800000000003e-11	-0.1514522	0.13408357	0.9705789	-3.6884996e-17	0	300
9.3900000000003e-11	-0.15210861	0.12913911	0.9711998	-3.6924393e-17	0	300
9.400000000000301e-11	-0.15269913	0.12419744	0.97180474	-3.696357e-17	0	300
9.410000000000301e-11	-0.1532239	0.11925946	0.97239333	-3.7002575e-17	0	300
9.420000000000302e-11	-0.15368304	0.11432618	0.97296596	-3.704139e-17	0	300
9.430000000000302e-11	-0.15407671	0.109398514	0.97352254	-3.7080015e-17	0	300
9.440000000000303e-11	-0.15440509	0.10447742	0.9740631	-3.711843e-17	0	300
9.450000000000303e-11	-0.15466833	0.09956382	0.97458786	-3.7156662e-17	0	300
9.460000000000304e-11	-0.1548666	0.09465868	0.9750967	-3.7194712e-17	0	300
9.470000000000304e-11	-0.1550002	0.089762904	0.9755899	-3.7232547e-17	0	300
9.480000000000305e-11	-0.15506928	0.084877424	0.9760673	-3.7270204e-17	0	300
9.490000000000305e-11	-0.1550741	0.080003165	0.97652906	-3.7307665e-17	0	300
9.500000000000306e-11	-0.15501493	0.07514105	0.97697526	-3.734493e-17	0	300
9.510000000000306e-11	-0.15489204	0.07029196	0.977406	-3.7382006e-17	0	300
9.520000000000307e-11	-0.15470572	0.06545683	0.97782147	-3.741888e-17	0	300
9.530000000000307e-11	-0.15445626	0.060636554	0.9782215	-3.7455565e-17	0	300
9.540000000000308e-11	-0.15414399	0.055831987	0.97860634	-3.749206e-17	0	300
9.550000000000308e-11	-0.15376922	0.051044066	0.9789761	-3.7528367e-17	0	300
9.560000000000309e-11	-0.15333234	0.046273623	0.9793308	-3.756446e-17	0	300
9.570000000000309e-11	-0.15283367	0.04152155	0.9796705	-3.760037e-17	0	300
9.58000000000031e-11	-0.15227361	0.036788702	0.9799954	-3.763609e-17	0	300
9.59000000000031e-11	-0.15165256	0.03207593	0.98030543	-3.7671618e-17	0	300
9.60000000000031e-11	-0.15097088	0.027384076	0.98060083	-3.7706952e-17	0	300
9.610000000000311e-11	-0.150229	0.022713989	0.9808818	-3.7742097e-17	0	300
9.620000000000312e-11	-0.14942738	0.018066484	0.9811481	-3.7777044e-17	0	300
9.630000000000312e-11	-0.14856644	0.013442379	0.98140025	-3.7811786e-17	0	300
9.640000000000313e-11	-0.14764664	0.008842491	0.981638	-3.7846365e-17	0	300
9.650000000000313e-11	-0.14666843	0.004267617	0.9818617	-3.7880723e-17	0	300
9.660000000000314e-11	-0.14563231	-0.00028145593	0.9820714	-3.7914915e-17	0	300
9.670000000000314e-11	-0.14453879	-0.0048039444	0.98226714	-3.79489e-17	0	300
9.680000000000315e-11	-0.14338833	-0.009299077	0.982449	-3.7982694e-17	0	300
9.690000000000315e-11	-0.14218149	-0.013766099	0.9826173	-3.8016298e-17	0	300
9.700000000000315e-11	-0.14091876	-0.018204259	0.982772	-3.804972e-17	0	300
9.710000000000316e-11	-0.13960072	-0.022612814	0.9829134	-3.8082932e-17	0	300
9.720000000000316e-11	-0.13822788	-0.02699104	0.9830412	-3.8115986e-17	0	300
9.730000000000317e-11	-0.13680084	-0.031338222	0.98315597	-3.8148825e-17	0	300
9.740000000000317e-11	-0.13532014	-0.035653647	0.9832578	-3.8181486e-17	0	300
9.750000000000318e-11	-0.13378638	-0.03993663	0.9833465	-3.8213958e-17	0	300
9.760000000000318e-11	-0.13220017	-0.04418648	0.9834224	-3.8246234e-17	0	300
9.770000000000319e-11	-0.13056204	-0.04840253	0.9834857	-3.827832e-17	0	300
9.780000000000319e-11	-0.12887268	-0.052584127	0.9835365	-3.8310248e-17	0	300
9.79000000000032e-11	-0.12713267	-0.056730613	0.98357475	-3.834196e-17	0	300
9.80000000000032e-11	-0.12534267	-0.060841355	0.9836008	-3.8373494e-17	0	300
9.810000000000321e-11	-0.12350327	-0.06491573	0.98361474	-3.8404844e-17	0	300
9.820000000000321e-11	-0.12161517	-0.06895314	0.98361653	-3.8436006e-17	0	300
9.830000000000322e-11	-0.11967898	-0.07295297	0.9836066	-3.846699e-17	0	300
9.840000000000322e-11	-0.1176954	-0.07691464	0.983585	-3.8497783e-17	0	300
9.850000000000323e-11	-0.11566508	-0.08083758	0.9835516	-3.8528412e-17	0	300
9.860000000000323e-11	-0.1135887	-0.08472123	0.9835069	-3.8558842e-17	0	300
9.870000000000324e-11	-0.11146696	-0.08856503	0.98345095	-3.858909e-17	0	300
9.880000000000324e-11	-0.109300524	-0.09236846	0.9833837	-3.861917e-17	0	300
9.890000000000325e-11	-0.107090116	-0.096131004	0.9833056	-3.864907e-17	0	300
9.900000000000325e-11	-0.10483642	-0.09985213	0.9832165	-3.867877e-17	0	300
9.910000000000326e-11	-0.10254016	-0.103531376	0.9831168	-3.8708294e-17	0	300
9.920000000000326e-11	-0.100202054	-0.10716823	0.98300654	-3.8737636e-17	0	300
9.930000000000327e-11	-0.09782282	-0.11076222	0.9828857	-3.8766822e-17	0	300
9.940000000000327e-11	-0.095403194	-0.11431293	0.9827547	-3.8795826e-17	0	300
9.950000000000328e-11	-0.09294389	-0.11781987	0.9826137	-3.8824645e-17	0	300
9.960000000000328e-11	-0.09044566	-0.12128264	0.9824626	-3.8853282e-17	0	300
9.970000000000328e-11	-0.08790924	-0.124700814	0.9823017	-3.8881754e-17	0	300
9.980000000000329e-11	-0.08533536	-0.12807399	0.9821311	-3.891005e-17	0	300
9.99000000000033e-11	-0.0827248	-0.13140179	0.9819511	-3.893817e-17	0	300
1.000000000000033e-10	-0.0800783	-0.13468383	0.9817617	-3.8966106e-17	0	300
1.001000000000033e-10	-0.077396594	-0.13791975	0.9815631	-3.8993876e-17	0	300
1.0020000000000331e-10	-0.07468047	-0.1411092	0.9813556	-3.9021488e-17	0	300
1.0030000000000331e-10	-0.071930684	-0.14425184	0.98113906	-3.9048924e-17	0	300
1.0040000000000332e-10	-0.069148	-0.14734733	0.98091394	-3.9076174e-17	0	300
1.0050000000000332e-10	-0.06633316	-0.15039541	0.98068005	-3.910328e-17	0	300
1.0060000000000333e-10	-0.06348697	-0.15339574	0.9804379	-3.9130196e-17	0	300
1.0070000000000333e-10	-0.060610183	-0.15634808	0.98018736	-3.9156947e-17	0	300
1.0080000000000334e-10	-0.05770357	-0.1592521	0.97992885	-3.9183532e-17	0	300
1.0090000000000334e-10	-0.054767903	-0.16210762	0.97966236	-3.920996e-17	0	300
1.0100000000000335e-10	-0.05180397	-0.16491432	0.97938806	-3.9236197e-17	0	300
1.0110000000000335e-10	-0.04881252	-0.16767204	0.9791062	-3.926228e-17	0	300
1.0120000000000336e-10	-0.045794357	-0.1703805	0.9788168	-3.928821e-17	0	300
1.0130000000000336e-10	-0.042750247	-0.17303956	0.97852015	-3.9313972e-17	0	300
1.0140000000000337e-10	-0.03968096	-0.17564896	0.9782163	-3.9339572e-17	0	300
1.0150000000000337e-10	-0.036587276	-0.17820859	0.9779055	-3.9364996e-17	0	300
1.0160000000000338e-10	-0.03346997	-0.18071823	0.9775877	-3.9390275e-17	0	300
1.0170000000000338e-10	-0.03032982	-0.1831778	0.97726333	-3.9415375e-17	0	300
1.0180000000000339e-10	-0.027167598	-0.18558708	0.9769325	-3.9440332e-17	0	300
1.0190000000000339e-10	-0.023984075	-0.18794596	0.97659534	-3.946512e-17	0	300
1.020000000000034e-10	-0.020780029	-0.19025433	0.97625196	-3.9489758e-17	0	300
1.021000000000034e-10	-0.017556222	-0.19251212	0.9759025	-3.9514223e-17	0	300
1.022000000000034e-10	-0.014313428	-0.19471921	0.975547	-3.9538545e-17	0	300
1.0230000000000341e-10	-0.011052418	-0.19687553	0.97518605	-3.9562702e-17	0	300
1.0240000000000342e-10	-0.007773947	-0.19898102	0.9748193	-3.9586707e-17	0	300
1.0250000000000342e-10	-0.0044787833	-0.20103559	0.9744472	-3.9610553e-17	0	300
1.0260000000000342e-10	-0.0011676885	-0.20303926	0.9740699	-3.9634253e-17	0	300
1.0270000000000343e-10	0.0021585813	-0.20499194	0.9736873	-3.96578e-17	0	300
1.0280000000000343e-10	0.0054992735	-0.20689362	0.97329986	-3.9681184e-17	0	300
1.0290000000000344e-10	0.008853633	-0.20874435	0.9729078	-3.9704425e-17	0	300
1.0300000000000344e-10	0.012220915	-0.21054405	0.9725108	-3.9727523e-17	0	300
1.0310000000000345e-10	0.015600374	-0.21229279	0.97210944	-3.975045e-17	0	300
1.0320000000000345e-10	0.018991265	-0.21399057	0.97170377	-3.977325e-17	0	300
1.0330000000000346e-10	0.02239285	-0.21563746	0.97129387	-3.9795878e-17	0	300
1.0340000000000346e-10	0.025804402	-0.21723345	0.97088	-3.9818364e-17	0	300
1.0350000000000347e-10	0.029225186	-0.21877867	0.9704621	-3.984072e-17	0	300
1.0360000000000347e-10	0.032654475	-0.2202731	0.97004056	-3.9862906e-17	0	300
1.0370000000000348e-10	0.036091547	-0.22171693	0.96961534	-3.988496e-17	0	300
1.0380000000000348e-10	0.03953569	-0.22311014	0.9691867	-3.990687e-17	0	300
1.0390000000000349e-10	0.042986184	-0.22445288	0.968755	-3.9928627e-17	0	300
1.0400000000000349e-10	0.04644233	-0.22574529	0.96832	-3.995024e-17	0	300
1.041000000000035e-10	0.04990342	-0.22698739	0.96788204	-3.9971716e-17	0	300
1.042000000000035e-10	0.053368755	-0.22817945	0.9674412	-3.9993054e-17	0	300
1.0430000000000351e-10	0.05683765	-0.2293215	0.9669976	-4.001424e-17	0	300
1.0440000000000351e-10	0.060309406	-0.23041372	0.9665516	-4.0035293e-17	0	300
1.0450000000000352e-10	0.06378335	-0.23145628	0.966103	-4.0056205e-17	0	300
1.0460000000000352e-10	0.0672588	-0.23244932	0.9656522	-4.0076967e-17	0	300
1.0470000000000353e-10	0.07073508	-0.23339303	0.96519935	-4.00976e-17	0	300
1.0480000000000353e-10	0.07421155	-0.23428762	0.9647445	-4.01181e-17	0	300
1.0490000000000354e-10	0.07768752	-0.2351332	0.9642877	-4.0138456e-17	0	300
1.0500000000000354e-10	0.08116235	-0.23593009	0.9638293	-4.0158682e-17	0	300
1.0510000000000355e-10	0.0846354	-0.23667839	0.9633693	-4.0178756e-17	0	300
1.0520000000000355e-10	0.088106014	-0.23737836	0.9629079	-4.0198715e-17	0	300
1.0530000000000356e-10	0.09157356	-0.23803025	0.9624451	-4.021854e-17	0	300
1.0540000000000356e-10	0.095037416	-0.23863429	0.9619812	-4.023823e-17	0	300
1.0550000000000356e-10	0.09849696	-0.23919068	0.96151626	-4.025777e-17	0	300
1.0560000000000357e-10	0.10195157	-0.23969969	0.96105045	-4.0277194e-17	0	300
1.0570000000000357e-10	0.10540064	-0.24016158	0.9605839	-4.0296484e-17	0	300
1.0580000000000358e-10	0.10884355	-0.24057662	0.9601166	-4.0315638e-17	0	300
1.0590000000000358e-10	0.11227972	-0.24094507	0.95964897	-4.033467e-17	0	300
1.0600000000000359e-10	0.11570857	-0.2412672	0.95918083	-4.0353576e-17	0	300
1.061000000000036e-10	0.119129494	-0.24154332	0.9587126	-4.0372343e-17	0	300
1.062000000000036e-10	0.12254194	-0.24177366	0.9582441	-4.0390988e-17	0	300
1.063000000000036e-10	0.1259453	-0.24195862	0.9577757	-4.0409517e-17	0	300
1.0640000000000361e-10	0.12933907	-0.2420984	0.9573074	-4.0427913e-17	0	300
1.0650000000000361e-10	0.13272265	-0.2421934	0.95683926	-4.0446167e-17	0	300
1.0660000000000362e-10	0.13609551	-0.24224386	0.95637167	-4.0464316e-17	0	300
1.0670000000000362e-10	0.13945708	-0.24225013	0.9559045	-4.0482338e-17	0	300
1.0680000000000363e-10	0.14280686	-0.24221256	0.9554379	-4.0500232e-17	0	300
1.0690000000000363e-10	0.14614432	-0.24213146	0.95497215	-4.0518e-17	0	300
1.0700000000000364e-10	0.14946893	-0.2420072	0.95450705	-4.053565e-17	0	300
1.0710000000000364e-10	0.15278016	-0.24184005	0.95404303	-4.0553198e-17	0	300
1.0720000000000365e-10	0.15607753	-0.24163042	0.9535802	-4.057061e-17	0	300
1.0730000000000365e-10	0.15936054	-0.24137865	0.95311844	-4.0587896e-17	0	300
1.0740000000000366e-10	0.1626287	-0.24108513	0.952658	-4.060508e-17	0	300
1.0750000000000366e-10	0.16588148	-0.24075015	0.9521989	-4.0622125e-17	0	300
1.0760000000000367e-10	0.1691185	-0.24037415	0.95174146	-4.063907e-17	0	300
1.0770000000000367e-10	0.1723392	-0.23995745	0.95128566	-4.0655897e-17	0	300
1.0780000000000368e-10	0.17554316	-0.23950046	0.9508315	-4.0672596e-17	0	300
1.0790000000000368e-10	0.1787299	-0.2390036	0.9503792	-4.06892e-17	0	300
1.0800000000000369e-10	0.18189901	-0.23846716	0.9499289	-4.070567e-17	0	300
1.0810000000000369e-10	0.18505003	-0.23789161	0.9494807	-4.0722042e-17	0	300
1.082000000000037e-10	0.1881825	-0.2372773	0.9490346	-4.073828e-17	0	300
1.083000000000037e-10	0.19129604	-0.23662463	0.94859076	-4.0754424e-17	0	300
1.084000000000037e-10	0.19439022	-0.23593399	0.9481492	-4.0770455e-17	0	300
1.0850000000000371e-10	0.19746462	-0.23520583	0.9477101	-4.078637e-17	0	300
1.0860000000000371e-10	0.20051885	-0.23444052	0.9472737	-4.0802186e-17	0	300
1.0870000000000372e-10	0.20355248	-0.23363847	0.94683975	-4.081788e-17	0	300
1.0880000000000372e-10	0.20656514	-0.23280014	0.9464086	-4.0833483e-17	0	300
1.0890000000000373e-10	0.20955649	-0.2319259	0.94598037	-4.084896e-17	0	300
1.0900000000000373e-10	0.21252611	-0.23101616	0.9455549	-4.0864337e-17	0	300
1.0910000000000374e-10	0.21547362	-0.23007138	0.9451325	-4.0879597e-17	0	300
1.0920000000000374e-10	0.21839872	-0.22909196	0.94471335	-4.0894764e-17	0	300
1.0930000000000375e-10	0.221301	-0.22807832	0.94429713	-4.0909825e-17	0	300
1.0940000000000375e-10	0.22418013	-0.22703092	0.94388443	-4.0924784e-17	0	300
1.0950000000000376e-10	0.2270358	-0.22595018	0.943475	-4.0939634e-17	0	300
1.0960000000000376e-10	0.22986767	-0.22483648	0.94306886	-4.0954377e-17	0	300
1.0970000000000377e-10	0.23267537	-0.22369035	0.9426664	-4.096902e-17	0	300
1.0980000000000377e-10	0.23545861	-0.22251213	0.9422674	-4.0983573e-17	0	300
1.0990000000000378e-10	0.23821715	-0.22130232	0.94187224	-4.099802e-17	0	300
1.1000000000000378e-10	0.24095055	-0.22006138	0.94148064	-4.1012372e-17	0	300
1.1010000000000379e-10	0.24365863	-0.2187897	0.9410931	-4.1026603e-17	0	300
1.1020000000000379e-10	0.24634108	-0.21748772	0.94070923	-4.1040748e-17	0	300
1.103000000000038e-10	0.24899757	-0.2161559	0.94032943	-4.1054797e-17	0	300
1.104000000000038e-10	0.2516279	-0.21479475	0.9399537	-4.1068753e-17	0	300
1.105000000000038e-10	0.25423172	-0.21340461	0.939582	-4.1082603e-17	0	300
1.1060000000000381e-10	0.2568088	-0.211986	0.9392146	-4.1096374e-17	0	300
1.1070000000000382e-10	0.2593589	-0.21053934	0.93885136	-4.1110033e-17	0	300
1.1080000000000382e-10	0.2618818	-0.20906512	0.9384924	-4.1123602e-17	0	300
1.1090000000000383e-10	0.26437718	-0.20756371	0.93813795	-4.1137075e-17	0	300
1.1100000000000383e-10	0.2668449	-0.20603563	0.9377879	-4.1150455e-17	0	300
1.1110000000000383e-10	0.26928464	-0.20448132	0.9374424	-4.1163753e-17	0	300
1.1120000000000384e-10	0.27169627	-0.20290124	0.9371014	-4.117695e-17	0	300
1.1130000000000384e-10	0.2740795	-0.20129581	0.93676513	-4.1190077e-17	0	300
1.1140000000000385e-10	0.27643418	-0.19966552	0.9364335	-4.1203087e-17	0	300
1.1150000000000385e-10	0.27876005	-0.1980108	0.9361066	-4.1216018e-17	0	300
1.1160000000000386e-10	0.281057	-0.1963321	0.93578434	-4.122886e-17	0	300
1.1170000000000386e-10	0.28332475	-0.1946299	0.9354671	-4.124162e-17	0	300
1.1180000000000387e-10	0.28556314	-0.19290462	0.9351548	-4.1254286e-17	0	300
1.1190000000000387e-10	0.2877721	-0.19115676	0.9348474	-4.126686e-17	0	300
1.1200000000000388e-10	0.2899513	-0.18938673	0.93454504	-4.1279353e-17	0	300
1.1210000000000388e-10	0.29210067	-0.18759501	0.9342476	-4.1291754e-17	0	300
1.1220000000000389e-10	0.29422003	-0.18578205	0.93395543	-4.1304083e-17	0	300
1.1230000000000389e-10	0.29630926	-0.18394831	0.93366843	-4.131632e-17	0	300
1.124000000000039e-10	0.2983682	-0.18209422	0.93338656	-4.1328478e-17	0	300
1.125000000000039e-10	0.30039665	-0.18022023	0.9331098	-4.1340558e-17	0	300
1.1260000000000391e-10	0.30239454	-0.17832685	0.9328385	-4.1352546e-17	0	300
1.1270000000000391e-10	0.3043618	-0.17641446	0.9325725	-4.1364447e-17	0	300
1.1280000000000392e-10	0.3062982	-0.17448355	0.9323118	-4.137629e-17	0	300
1.1290000000000392e-10	0.30820364	-0.17253456	0.93205655	-4.138804e-17	0	300
1.1300000000000393e-10	0.31007808	-0.17056794	0.93180656	-4.1399715e-17	0	300
1.1310000000000393e-10	0.31192136	-0.16858415	0.9315623	-4.14113e-17	0	300
1.1320000000000394e-10	0.3137334	-0.16658363	0.9313234	-4.1422816e-17	0	300
1.1330000000000394e-10	0.31551415	-0.16456681	0.9310901	-4.1434258e-17	0	300
1.1340000000000395e-10	0.31726342	-0.16253416	0.9308623	-4.1445623e-17	0	300
1.1350000000000395e-10	0.31898123	-0.1604861	0.93064016	-4.1456916e-17	0	300
1.1360000000000396e-10	0.32066745	-0.15842311	0.9304236	-4.1468126e-17	0	300
1.1370000000000396e-10	0.322322	-0.1563456	0.93021274	-4.1479256e-17	0	300
1.1380000000000397e-10	0.32394487	-0.15425405	0.9300075	-4.1490317e-17	0	300
1.1390000000000397e-10	0.325536	-0.15214884	0.9298081	-4.150131e-17	0	300
1.1400000000000397e-10	0.3270953	-0.15003046	0.9296144	-4.1512224e-17	0	300
1.1410000000000398e-10	0.3286227	-0.14789933	0.9294263	-4.1523074e-17	0	300
1.1420000000000398e-10	0.3301182	-0.14575587	0.9292441	-4.153385e-17	0	300
1.1430000000000399e-10	0.33158177	-0.14360057	0.92906773	-4.1544557e-17	0	300
1.14400000000004e-10	0.3330134	-0.1414338	0.92889714	-4.1555185e-17	0	300
1.14500000000004e-10	0.33441293	-0.13925602	0.92873234	-4.1565756e-17	0	300
1.14600000000004e-10	0.33578047	-0.13706766	0.9285735	-4.157625e-17	0	300
1.1470000000000401e-10	0.337116	-0.13486916	0.9284205	-4.158667e-17	0	300
1.1480000000000401e-10	0.33841944	-0.13266091	0.9282733	-4.159704e-17	0	300
1.1490000000000402e-10	0.33969077	-0.13044338	0.928132	-4.1607334e-17	0	300
1.1500000000000402e-10	0.3409301	-0.12821695	0.9279967	-4.1617558e-17	0	300
1.1510000000000403e-10	0.34213734	-0.12598209	0.9278673	-4.162772e-17	0	300
1.1520000000000403e-10	0.3433125	-0.12373918	0.9277438	-4.163782e-17	0	300
1.1530000000000404e-10	0.3444556	-0.12148867	0.92762625	-4.164785e-17	0	300
1.1540000000000404e-10	0.3455667	-0.11923095	0.9275146	-4.165782e-17	0	300
1.1550000000000405e-10	0.34664574	-0.11696645	0.92740893	-4.166773e-17	0	300
1.1560000000000405e-10	0.34769285	-0.114695564	0.92730933	-4.167758e-17	0	300
1.1570000000000406e-10	0.34870797	-0.11241873	0.9272156	-4.168736e-17	0	300
1.1580000000000406e-10	0.34969118	-0.110136345	0.92712784	-4.1697073e-17	0	300
1.1590000000000407e-10	0.3506425	-0.107848816	0.92704606	-4.1706728e-17	0	300
1.1600000000000407e-10	0.351562	-0.10555654	0.92697024	-4.1716333e-17	0	300
1.1610000000000408e-10	0.35244966	-0.10325993	0.9269004	-4.172587e-17	0	300
1.1620000000000408e-10	0.35330564	-0.10095938	0.9268365	-4.1735355e-17	0	300
1.1630000000000409e-10	0.35412985	-0.0986553	0.9267787	-4.174477e-17	0	300
1.1640000000000409e-10	0.35492253	-0.09634807	0.9267267	-4.1754148e-17	0	300
1.1650000000000407e-10	0.35568365	-0.0940381	0.9266807	-4.1763452e-17	0	300
1.1660000000000405e-10	0.35641322	-0.09172577	0.9266406	-4.17727e-17	0	300
1.1670000000000403e-10	0.3571114	-0.08941146	0.92660654	-4.1781885e-17	0	300
1.16800000000004e-10	0.35777822	-0.08709559	0.9265784	-4.179104e-17	0	300
1.1690000000000399e-10	0.35841382	-0.08477852	0.9265562	-4.1800113e-17	0	300
1.1700000000000396e-10	0.3590182	-0.08246064	0.9265399	-4.180915e-17	0	300
1.1710000000000394e-10	0.35959154	-0.08014233	0.9265295	-4.1818122e-17	0	300
1.1720000000000392e-10	0.3601339	-0.07782397	0.926525	-4.1827043e-17	0	300
1.173000000000039e-10	0.36064532	-0.07550592	0.9265264	-4.183591e-17	0	300
1.1740000000000388e-10	0.36112598	-0.07318858	0.9265336	-4.1844728e-17	0	300
1.1750000000000386e-10	0.36157596	-0.07087231	0.92654675	-4.1853486e-17	0	300
1.1760000000000384e-10	0.36199534	-0.06855746	0.9265657	-4.1862198e-17	0	300
1.1770000000000382e-10	0.36238426	-0.06624442	0.92659044	-4.1870864e-17	0	300
1.178000000000038e-10	0.3627428	-0.06393355	0.926621	-4.1879486e-17	0	300
1.1790000000000378e-10	0.3630711	-0.0616252	0.92665744	-4.1888042e-17	0	300
1.1800000000000375e-10	0.36336935	-0.05931974	0.9266995	-4.1896552e-17	0	300
1.1810000000000373e-10	0.3636376	-0.057017513	0.92674744	-4.190502e-17	0	300
1.182000000000037e-10	0.363876	-0.05471889	0.926801	-4.1913427e-17	0	300
1.183000000000037e-10	0.3640847	-0.0524242	0.9268603	-4.1921808e-17	0	300
1.1840000000000367e-10	0.36426374	-0.050133802	0.92692524	-4.1930123e-17	0	300
1.1850000000000365e-10	0.36441338	-0.04784805	0.926996	-4.1938408e-17	0	300
1.1860000000000363e-10	0.36453375	-0.04556727	0.9270723	-4.1946627e-17	0	300
1.187000000000036e-10	0.36462492	-0.043291807	0.92715406	-4.1954806e-17	0	300
1.1880000000000359e-10	0.36468714	-0.04102201	0.9272416	-4.1962955e-17	0	300
1.1890000000000357e-10	0.3647205	-0.038758196	0.92733467	-4.197104e-17	0	300
1.1900000000000354e-10	0.36472514	-0.036500707	0.92743313	-4.1979095e-17	0	300
1.1910000000000352e-10	0.3647013	-0.034249872	0.9275372	-4.1987092e-17	0	300
1.192000000000035e-10	0.36464912	-0.032006014	0.92764676	-4.1995056e-17	0	300
1.1930000000000348e-10	0.36456868	-0.029769458	0.9277616	-4.200297e-17	0	300
1.1940000000000346e-10	0.36446023	-0.027540524	0.9278819	-4.201084e-17	0	300
1.1950000000000344e-10	0.36432394	-0.025319524	0.9280076	-4.2018677e-17	0	300
1.1960000000000342e-10	0.36415994	-0.023106784	0.92813873	-4.2026483e-17	0	300
1.197000000000034e-10	0.3639685	-0.02090261	0.928275	-4.2034225e-17	0	300
1.1980000000000338e-10	0.36374968	-0.01870731	0.9284165	-4.204192e-17	0	300
1.1990000000000335e-10	0.36350378	-0.016521193	0.9285634	-4.204959e-17	0	300
1.2000000000000333e-10	0.36323088	-0.014344559	0.92871535	-4.205723e-17	0	300
1.201000000000033e-10	0.36293122	-0.012177711	0.9288726	-4.2064804e-17	0	300
1.202000000000033e-10	0.36260507	-0.010020946	0.9290349	-4.2072358e-17	0	300
1.2030000000000327e-10	0.36225247	-0.007874559	0.9292023	-4.2079862e-17	0	300
1.2040000000000325e-10	0.36187375	-0.005738839	0.9293747	-4.208733e-17	0	300
1.2050000000000323e-10	0.3614691	-0.0036140757	0.9295521	-4.209476e-17	0	300
1.206000000000032e-10	0.36103863	-0.0015005548	0.92973447	-4.2102163e-17	0	300
1.2070000000000319e-10	0.36058262	0.0006014423	0.9299217	-4.210951e-17	0	300
1.2080000000000317e-10	0.3601013	0.002691635	0.93011385	-4.211683e-17	0	300
1.2090000000000314e-10	0.35959485	0.004769749	0.93031085	-4.2124113e-17	0	300
1.2100000000000312e-10	0.35906348	0.006835509	0.9305126	-4.2131363e-17	0	300
1.211000000000031e-10	0.3585074	0.008888647	0.93071914	-4.2138576e-17	0	300
1.2120000000000308e-10	0.35792685	0.010928895	0.9309304	-4.214575e-17	0	300
1.2130000000000306e-10	0.357322	0.01295599	0.93114614	-4.215289e-17	0	300
1.2140000000000304e-10	0.35669318	0.014969671	0.93136674	-4.2159996e-17	0	300
1.2150000000000302e-10	0.35604057	0.01696968	0.9315917	-4.216706e-17	0	300
1.21600000000003e-10	0.35536432	0.018955765	0.93182135	-4.2174098e-17	0	300
1.2170000000000298e-10	0.3546648	0.020927675	0.9320553	-4.218109e-17	0	300
1.2180000000000296e-10	0.35394213	0.02288516	0.9322937	-4.2188054e-17	0	300
1.2190000000000293e-10	0.35319662	0.024827976	0.9325365	-4.219499e-17	0	300
1.2200000000000291e-10	0.35242844	0.026755884	0.9327836	-4.220188e-17	0	300
1.221000000000029e-10	0.35163796	0.02866864	0.933035	-4.2208754e-17	0	300
1.2220000000000287e-10	0.35082528	0.030566018	0.9332906	-4.2215596e-17	0	300
1.2230000000000285e-10	0.34999067	0.032447785	0.9335503	-4.222239e-17	0	300
1.2240000000000283e-10	0.34913445	0.034313705	0.9338142	-4.2229165e-17	0	300
1.225000000000028e-10	0.34825683	0.03616356	0.93408215	-4.22359e-17	0	300
1.226000000000028e-10	0.34735805	0.03799713	0.93435407	-4.224261e-17	0	300
1.2270000000000277e-10	0.34643838	0.039814197	0.9346299	-4.224929e-17	0	300
1.2280000000000275e-10	0.34549806	0.041614532	0.9349097	-4.2255923e-17	0	300
1.2290000000000272e-10	0.34453738	0.04339795	0.93519336	-4.226254e-17	0	300
1.230000000000027e-10	0.34355652	0.04516422	0.9354807	-4.2269125e-17	0	300
1.2310000000000268e-10	0.34255585	0.046913147	0.93577194	-4.2275666e-17	0	300
1.2320000000000266e-10	0.3415356	0.04864453	0.9360666	-4.22822e-17	0	300
1.2330000000000264e-10	0.340496	0.050358173	0.9363651	-4.2288692e-17	0	300
1.2340000000000262e-10	0.33943737	0.05205388	0.9366672	-4.2295154e-17	0	300
1.235000000000026e-10	0.33835986	0.053731464	0.93697274	-4.2301583e-17	0	300
1.2360000000000258e-10	0.33726388	0.05539073	0.93728167	-4.2307995e-17	0	300
1.2370000000000256e-10	0.33614966	0.057031497	0.93759394	-4.2314378e-17	0	300
1.2380000000000253e-10	0.33501744	0.058653593	0.93790966	-4.232071e-17	0	300
1.2390000000000251e-10	0.33386752	0.06025683	0.9382287	-4.2327034e-17	0	300
1.240000000000025e-10	0.3327002	0.061841045	0.9385509	-4.2333327e-17	0	300
1.2410000000000247e-10	0.3315157	0.063406065	0.9388762	-4.2339594e-17	0	300
1.2420000000000245e-10	0.3303143	0.064951725	0.9392047	-4.2345827e-17	0	300
1.2430000000000243e-10	0.3290964	0.066477865	0.9395361	-4.2352034e-17	0	300
1.244000000000024e-10	0.32786214	0.06798431	0.93987066	-4.235821e-17	0	300
1.245000000000024e-10	0.3266119	0.06947093	0.9402081	-4.2364356e-17	0	300
1.2460000000000237e-10	0.3253459	0.07093756	0.94054836	-4.2370497e-17	0	300
1.2470000000000235e-10	0.32406446	0.07238405	0.94089144	-4.237659e-17	0	300
1.2480000000000232e-10	0.32276788	0.07381027	0.9412371	-4.238265e-17	0	300
1.249000000000023e-10	0.32145643	0.07521607	0.9415856	-4.2388692e-17	0	300
1.2500000000000228e-10	0.32013035	0.076601304	0.9419366	-4.2394717e-17	0	300
1.2510000000000226e-10	0.31879005	0.07796586	0.9422902	-4.240071e-17	0	300
1.2520000000000224e-10	0.3174357	0.07930959	0.9426463	-4.2406668e-17	0	300
1.2530000000000222e-10	0.3160677	0.08063239	0.94300485	-4.24126e-17	0	300
1.254000000000022e-10	0.31468627	0.08193411	0.94336575	-4.241853e-17	0	300
1.2550000000000218e-10	0.3132918	0.083214656	0.9437289	-4.2424413e-17	0	300
1.2560000000000216e-10	0.3118844	0.08447391	0.94409436	-4.243027e-17	0	300
1.2570000000000214e-10	0.31046456	0.08571175	0.944462	-4.2436116e-17	0	300
1.2580000000000211e-10	0.3090325	0.08692807	0.9448316	-4.244193e-17	0	300
1.259000000000021e-10	0.30758852	0.08812278	0.9452033	-4.244771e-17	0	300
1.2600000000000207e-10	0.3061329	0.089295775	0.9455771	-4.2453467e-17	0	300
1.2610000000000205e-10	0.304666	0.09044695	0.9459528	-4.2459204e-17	0	300
1.2620000000000203e-10	0.3031881	0.091576226	0.9463302	-4.2464915e-17	0	300
1.26300000000002e-10	0.3016995	0.09268352	0.9467095	-4.2470603e-17	0	300
1.26400000000002e-10	0.30020043	0.09376873	0.94709045	-4.247626e-17	0	300
1.2650000000000197e-10	0.29869133	0.094831795	0.9474731	-4.24819e-17	0	300
1.2660000000000195e-10	0.29717237	0.095872626	0.9478575	-4.248751e-17	0	300
1.2670000000000193e-10	0.29564396	0.09689116	0.94824326	-4.249309e-17	0	300
1.268000000000019e-10	0.29410636	0.09788732	0.9486306	-4.2498657e-17	0	300
1.2690000000000188e-10	0.29255986	0.098861046	0.94901925	-4.250419e-17	0	300
1.2700000000000186e-10	0.2910048	0.09981226	0.94940925	-4.2509708e-17	0	300
1.2710000000000184e-10	0.28944147	0.10074094	0.94980055	-4.2515204e-17	0	300
1.2720000000000182e-10	0.28787014	0.10164701	0.95019305	-4.2520667e-17	0	300
1.273000000000018e-10	0.2862912	0.10253043	0.95058674	-4.2526126e-17	0	300
1.2740000000000178e-10	0.2847049	0.10339114	0.95098144	-4.253154e-17	0	300
1.2750000000000176e-10	0.28311154	0.104229115	0.9513772	-4.2536926e-17	0	300
1.2760000000000174e-10	0.28151146	0.10504431	0.9517739	-4.25423e-17	0	300
1.2770000000000171e-10	0.27990496	0.105836704	0.95217144	-4.2547643e-17	0	300
1.278000000000017e-10	0.2782923	0.10660623	0.9525699	-4.2552977e-17	0	300
1.2790000000000167e-10	0.27667385	0.10735291	0.95296913	-4.2558264e-17	0	300
1.2800000000000165e-10	0.27504987	0.1080767	0.9533689	-4.2563545e-17	0	300
1.2810000000000163e-10	0.27342072	0.108777575	0.95376945	-4.2568805e-17	0	300
1.282000000000016e-10	0.27178666	0.109455526	0.9541706	-4.257403e-17	0	300
1.283000000000016e-10	0.27014804	0.11011054	0.95457226	-4.2579235e-17	0	300
1.2840000000000157e-10	0.26850507	0.110742636	0.95497423	-4.2584426e-17	0	300
1.2850000000000155e-10	0.26685816	0.11135178	0.9553767	-4.258959e-17	0	300
1.2860000000000153e-10	0.26520762	0.11193799	0.9557794	-4.259472e-17	0	300
1.287000000000015e-10	0.26355368	0.112501256	0.9561824	-4.2599825e-17	0	300
1.2880000000000148e-10	0.26189667	0.11304161	0.95658565	-4.260492e-17	0	300
1.2890000000000146e-10	0.2602369	0.11355904	0.956989	-4.2609986e-17	0	300
1.2900000000000144e-10	0.25857466	0.114053585	0.95739233	-4.261503e-17	0	300
1.2910000000000142e-10	0.2569103	0.11452526	0.95779574	-4.2620048e-17	0	300
1.292000000000014e-10	0.25524408	0.11497407	0.958199	-4.262506e-17	0	300
1.2930000000000138e-10	0.2535763	0.11540006	0.9586023	-4.2630037e-17	0	300
1.2940000000000136e-10	0.2519073	0.115803264	0.9590053	-4.2634977e-17	0	300
1.2950000000000134e-10	0.2502373	0.11618372	0.9594081	-4.2639913e-17	0	300
1.2960000000000132e-10	0.24856669	0.11654147	0.9598107	-4.264483e-17	0	300
1.297000000000013e-10	0.2468957	0.11687655	0.96021277	-4.2649714e-17	0	300
1.2980000000000127e-10	0.24522465	0.117189	0.9606144	-4.2654574e-17	0	300
1.2990000000000125e-10	0.24355386	0.11747888	0.9610156	-4.2659415e-17	0	300
1.3000000000000123e-10	0.2418836	0.11774624	0.96141636	-4.2664222e-17	0	300
1.301000000000012e-10	0.24021417	0.11799116	0.96181643	-4.266902e-17	0	300
1.302000000000012e-10	0.23854588	0.11821367	0.96221584	-4.2673788e-17	0	300
1.3030000000000117e-10	0.23687896	0.11841386	0.96261454	-4.2678546e-17	0	300
1.3040000000000115e-10	0.23521379	0.118591785	0.96301246	-4.2683264e-17	0	300
1.3050000000000113e-10	0.23355055	0.118747525	0.96340954	-4.2687972e-17	0	300
1.306000000000011e-10	0.23188962	0.11888116	0.96380574	-4.269265e-17	0	300
1.3070000000000108e-10	0.23023126	0.118992776	0.964201	-4.2697316e-17	0	300
1.3080000000000106e-10	0.22857574	0.119082436	0.96459526	-4.2701942e-17	0	300
1.3090000000000104e-10	0.22692335	0.11915026	0.96498847	-4.2706554e-17	0	300
1.3100000000000102e-10	0.22527437	0.11919631	0.96538055	-4.2711153e-17	0	300
1.31100000000001e-10	0.22362909	0.119220704	0.96577144	-4.271572e-17	0	300
1.3120000000000098e-10	0.22198774	0.11922351	0.966161	-4.272027e-17	0	300
1.3130000000000096e-10	0.22035067	0.119204864	0.9665494	-4.2724792e-17	0	300
1.3140000000000094e-10	0.21871811	0.119164854	0.9669364	-4.2729285e-17	0	300
1.3150000000000092e-10	0.21709034	0.11910361	0.96732205	-4.273377e-17	0	300
1.316000000000009e-10	0.21546763	0.11902121	0.9677062	-4.273823e-17	0	300
1.3170000000000087e-10	0.21385026	0.11891779	0.968089	-4.274267e-17	0	300
1.3180000000000085e-10	0.21223849	0.11879347	0.96847	-4.2747063e-17	0	300
1.3190000000000083e-10	0.21063259	0.11864839	0.9688496	-4.275146e-17	0	300
1.320000000000008e-10	0.2090328	0.118482634	0.9692275	-4.2755828e-17	0	300
1.321000000000008e-10	0.20743941	0.11829637	0.9696036	-4.2760162e-17	0	300
1.3220000000000077e-10	0.20585267	0.11808971	0.9699781	-4.2764493e-17	0	300
1.3230000000000075e-10	0.2042728	0.1178628	0.9703506	-4.2768795e-17	0	300
1.3240000000000073e-10	0.20270011	0.11761576	0.9707214	-4.2773076e-17	0	300
1.325000000000007e-10	0.20113483	0.117348775	0.97109026	-4.2777328e-17	0	300
1.3260000000000068e-10	0.19957723	0.11706194	0.9714572	-4.278155e-17	0	300
1.3270000000000066e-10	0.19802752	0.116755456	0.9718221	-4.278577e-17	0	300
1.3280000000000064e-10	0.19648594	0.116429426	0.97218484	-4.278996e-17	0	300
1.3290000000000062e-10	0.19495276	0.11608404	0.9725456	-4.2794133e-17	0	300
1.330000000000006e-10	0.19342822	0.11571942	0.9729042	-4.2798282e-17	0	300
1.3310000000000058e-10	0.19191256	0.11533578	0.9732606	-4.280239e-17	0	300
1.3320000000000056e-10	0.190406	0.11493323	0.97361493	-4.2806494e-17	0	300
1.3330000000000054e-10	0.18890877	0.114511974	0.9739667	-4.2810587e-17	0	300
1.3340000000000052e-10	0.18742113	0.114072174	0.97431636	-4.2814644e-17	0	300
1.335000000000005e-10	0.18594326	0.11361398	0.9746637	-4.281868e-17	0	300
1.3360000000000047e-10	0.18447544	0.1131376	0.9750084	-4.2822697e-17	0	300
1.3370000000000045e-10	0.18301784	0.112643205	0.97535086	-4.2826687e-17	0	300
1.3380000000000043e-10	0.1815707	0.11213094	0.9756907	-4.2830648e-17	0	300
1.339000000000004e-10	0.18013424	0.11160104	0.9760281	-4.2834602e-17	0	300
1.340000000000004e-10	0.17870866	0.11105366	0.9763629	-4.283852e-17	0	300
1.3410000000000037e-10	0.17729416	0.110488996	0.9766952	-4.2842437e-17	0	300
1.3420000000000035e-10	0.175891	0.10990726	0.9770246	-4.284631e-17	0	300
1.3430000000000033e-10	0.17449933	0.1093086	0.9773515	-4.2850176e-17	0	300
1.344000000000003e-10	0.17311938	0.10869326	0.9776757	-4.2854017e-17	0	300
1.3450000000000029e-10	0.17175132	0.1080614	0.97799706	-4.285784e-17	0	300
1.3460000000000026e-10	0.17039539	0.107413255	0.9783156	-4.286163e-17	0	300
1.3470000000000024e-10	0.16905175	0.106749006	0.9786315	-4.286541e-17	0	300
1.3480000000000022e-10	0.1677206	0.106068864	0.97894436	-4.2869165e-17	0	300
1.349000000000002e-10	0.16640209	0.10537303	0.9792544	-4.2872894e-17	0	300
1.3500000000000018e-10	0.16509646	0.10466174	0.97956145	-4.2876603e-17	0	300
1.3510000000000016e-10	0.16380385	0.103935175	0.9798655	-4.2880292e-17	0	300
1.3520000000000014e-10	0.16252443	0.103193566	0.9801667	-4.288396e-17	0	300
1.3530000000000012e-10	0.1612584	0.10243714	0.9804647	-4.2887614e-17	0	300
1.354000000000001e-10	0.16000593	0.10166608	0.98075974	-4.2891237e-17	0	300
1.3550000000000007e-10	0.15876716	0.100880645	0.98105174	-4.2894837e-17	0	300
1.3560000000000005e-10	0.15754226	0.100081034	0.9813405	-4.2898424e-17	0	300
1.3570000000000003e-10	0.15633142	0.099267475	0.9816262	-4.290198e-17	0	300
1.358e-10	0.15513474	0.0984402	0.9819087	-4.2905528e-17	0	300
1.3594999999999998e-10	0.15336667	0.09717405	0.98232645	-4.2910795e-17	0	300
1.3604999999999996e-10	0.15220615	0.09631346	0.982601	-4.291429e-17	0	300
1.3614999999999994e-10	0.15106031	0.09543997	0.98287225	-4.2917753e-17	0	300
1.3624999999999992e-10	0.14992934	0.09455378	0.9831401	-4.2921208e-17	0	300
1.363499999999999e-10	0.14881334	0.09365516	0.9834047	-4.2924625e-17	0	300
1.3644999999999988e-10	0.14771242	0.09274431	0.98366594	-4.2928047e-17	0	300
1.3654999999999985e-10	0.1466268	0.09182149	0.9839239	-4.2931418e-17	0	300
1.3664999999999983e-10	0.14555652	0.090886936	0.9841783	-4.29348e-17	0	300
1.367499999999998e-10	0.14450175	0.089940876	0.9844296	-4.2938145e-17	0	300
1.368499999999998e-10	0.14346257	0.08898358	0.9846773	-4.2941467e-17	0	300
1.3694999999999977e-10	0.14243913	0.08801526	0.9849215	-4.2944772e-17	0	300
1.3704999999999975e-10	0.14143151	0.087036155	0.9851624	-4.2948058e-17	0	300
1.3714999999999973e-10	0.14043984	0.086046524	0.9853997	-4.295132e-17	0	300
1.372499999999997e-10	0.13946421	0.08504662	0.9856335	-4.2954546e-17	0	300
1.3734999999999969e-10	0.13850473	0.08403668	0.98586386	-4.2957795e-17	0	300
1.3744999999999966e-10	0.13756149	0.08301695	0.9860907	-4.2960985e-17	0	300
1.3754999999999964e-10	0.13663459	0.08198768	0.986314	-4.2964165e-17	0	300
1.3764999999999962e-10	0.1357241	0.08094912	0.98653376	-4.296735e-17	0	300
1.377499999999996e-10	0.13483013	0.07990152	0.9867498	-4.297049e-17	0	300
1.3784999999999958e-10	0.13395275	0.07884512	0.98696244	-4.2973618e-17	0	300
1.3794999999999956e-10	0.13309202	0.07778018	0.9871715	-4.2976728e-17	0	300
1.3804999999999954e-10	0.13224804	0.07670695	0.98737675	-4.2979815e-17	0	300
1.3814999999999952e-10	0.13142088	0.07562569	0.9875785	-4.2982872e-17	0	300
1.382499999999995e-10	0.13061059	0.07453663	0.9877767	-4.2985923e-17	0	300
1.3834999999999948e-10	0.12981725	0.07344004	0.9879711	-4.2988954e-17	0	300
1.3844999999999945e-10	0.12904088	0.07233617	0.98816204	-4.2991958e-17	0	300
1.3854999999999943e-10	0.12828158	0.07122526	0.98834926	-4.2994952e-17	0	300
1.386499999999994e-10	0.12753938	0.07010759	0.98853284	-4.299792e-17	0	300
1.387499999999994e-10	0.12681435	0.06898338	0.9887128	-4.300087e-17	0	300
1.3884999999999937e-10	0.1261065	0.067852914	0.988889	-4.3003813e-17	0	300
1.3894999999999935e-10	0.12541589	0.06671641	0.9890616	-4.300673e-17	0	300
1.3904999999999933e-10	0.12474257	0.065574154	0.9892304	-4.3009623e-17	0	300
1.391499999999993e-10	0.124086544	0.06442639	0.9893956	-4.3012505e-17	0	300
1.3924999999999929e-10	0.12344784	0.06327336	0.989557	-4.3015374e-17	0	300
1.3934999999999927e-10	0.12282652	0.062115323	0.98971486	-4.3018203e-17	0	300
1.3944999999999924e-10	0.12222257	0.06095254	0.989869	-4.3021025e-17	0	300
1.3954999999999922e-10	0.121636026	0.059785254	0.9900195	-4.3023847e-17	0	300
1.396499999999992e-10	0.12106691	0.058613714	0.99016625	-4.3026623e-17	0	300
1.3974999999999918e-10	0.1205152	0.057438172	0.99030936	-4.3029406e-17	0	300
1.3984999999999916e-10	0.11998094	0.056258887	0.9904488	-4.3032162e-17	0	300
1.3994999999999914e-10	0.11946412	0.055076104	0.9905844	-4.3034892e-17	0	300
1.4004999999999912e-10	0.118964724	0.053890068	0.99071646	-4.30376e-17	0	300
1.401499999999991e-10	0.11848277	0.052701034	0.9908447	-4.30403e-17	0	300
1.4024999999999908e-10	0.11801825	0.051509246	0.9909694	-4.3042982e-17	0	300
1.4034999999999906e-10	0.117571145	0.05031495	0.9910904	-4.3045652e-17	0	300
1.4044999999999903e-10	0.11714144	0.049118407	0.9912078	-4.3048286e-17	0	300
1.4054999999999901e-10	0.11672911	0.047919847	0.9913215	-4.305094e-17	0	300
1.40649999999999e-10	0.11633416	0.04671952	0.9914315	-4.305354e-17	0	300
1.4074999999999897e-10	0.115956545	0.045517668	0.99153787	-4.3056137e-17	0	300
1.4084999999999895e-10	0.115596235	0.044314533	0.9916407	-4.3058725e-17	0	300
1.4094999999999893e-10	0.115253225	0.043110363	0.99173975	-4.3061286e-17	0	300
1.410499999999989e-10	0.11492744	0.041905392	0.99183524	-4.306384e-17	0	300
1.4114999999999889e-10	0.11461887	0.040699866	0.99192715	-4.3066364e-17	0	300
1.4124999999999887e-10	0.11432749	0.03949401	0.99201554	-4.3068876e-17	0	300
1.4134999999999884e-10	0.11405321	0.03828808	0.99210024	-4.307137e-17	0	300
1.4144999999999882e-10	0.113796	0.0370823	0.99218136	-4.3073852e-17	0	300
1.415499999999988e-10	0.11355582	0.0358769	0.99225897	-4.307632e-17	0	300
1.4164999999999878e-10	0.113332614	0.034672122	0.99233294	-4.3078756e-17	0	300
1.4174999999999876e-10	0.11312631	0.033468194	0.99240345	-4.308121e-17	0	300
1.4184999999999874e-10	0.11293687	0.032265354	0.99247044	-4.308363e-17	0	300
1.4194999999999872e-10	0.112764195	0.031063814	0.99253386	-4.3086025e-17	0	300
1.420499999999987e-10	0.11260826	0.029863812	0.9925939	-4.3088407e-17	0	300
1.4214999999999868e-10	0.11246897	0.028665574	0.9926504	-4.309078e-17	0	300
1.4224999999999866e-10	0.112346254	0.027469318	0.9927034	-4.309315e-17	0	300
1.4234999999999863e-10	0.112240046	0.026275268	0.99275297	-4.3095475e-17	0	300
1.4244999999999861e-10	0.11215024	0.025083644	0.99279916	-4.3097814e-17	0	300
1.425499999999986e-10	0.11207678	0.023894668	0.99284196	-4.310011e-17	0	300
1.4264999999999857e-10	0.11201958	0.022708552	0.9928813	-4.3102413e-17	0	300
1.4274999999999855e-10	0.11197855	0.02152551	0.9929173	-4.310469e-17	0	300
1.4284999999999853e-10	0.111953594	0.020345759	0.9929499	-4.3106956e-17	0	300
1.429499999999985e-10	0.11194463	0.01916951	0.99297935	-4.310922e-17	0	300
1.430499999999985e-10	0.111951545	0.017996963	0.9930053	-4.3111446e-17	0	300
1.4314999999999847e-10	0.11197424	0.016828332	0.99302804	-4.3113663e-17	0	300
1.4324999999999845e-10	0.112012625	0.015663825	0.99304754	-4.311587e-17	0	300
1.4334999999999842e-10	0.1120666	0.014503636	0.9930637	-4.311807e-17	0	300
1.434499999999984e-10	0.11213604	0.013347972	0.9930767	-4.3120254e-17	0	300
1.4354999999999838e-10	0.11222085	0.012197029	0.9930865	-4.3122414e-17	0	300
1.4364999999999836e-10	0.11232092	0.011051003	0.99309313	-4.312456e-17	0	300
1.4374999999999834e-10	0.112436146	0.009910092	0.9930966	-4.3126712e-17	0	300
1.4384999999999832e-10	0.11256638	0.008774481	0.99309695	-4.3128836e-17	0	300
1.439499999999983e-10	0.11271152	0.0076443646	0.9930941	-4.3130944e-17	0	300
1.4404999999999828e-10	0.112871446	0.0065199262	0.9930883	-4.3133035e-17	0	300
1.4414999999999826e-10	0.113046035	0.0054013543	0.9930793	-4.3135126e-17	0	300
1.4424999999999824e-10	0.11323515	0.0042888285	0.99306744	-4.3137188e-17	0	300
1.4434999999999821e-10	0.11343869	0.0031825318	0.9930525	-4.3139242e-17	0	300
1.444499999999982e-10	0.11365648	0.0020826396	0.99303454	-4.3141294e-17	0	300
1.4454999999999817e-10	0.11388844	0.0009893278	0.9930137	-4.3143325e-17	0	300
1.4464999999999815e-10	0.1141344	-9.723031e-05	0.9929899	-4.3145337e-17	0	300
1.4474999999999813e-10	0.114394225	-0.0011768652	0.99296325	-4.3147365e-17	0	300
1.448499999999981e-10	0.1146678	-0.0022494078	0.9929337	-4.3149347e-17	0	300
1.449499999999981e-10	0.11495496	-0.0033146944	0.99290127	-4.3151316e-17	0	300
1.4504999999999807e-10	0.11525558	-0.0043725614	0.9928662	-4.31533e-17	0	300
1.4514999999999805e-10	0.1155695	-0.005422848	0.99282825	-4.3155247e-17	0	300
1.4524999999999803e-10	0.11589658	-0.0064653973	0.99278754	-4.3157202e-17	0	300
1.45349999999998e-10	0.11623669	-0.0075000543	0.992744	-4.315912e-17	0	300
1.4544999999999798e-10	0.11658965	-0.008526666	0.99269795	-4.3161047e-17	0	300
1.4554999999999796e-10	0.116955325	-0.009545083	0.99264914	-4.316295e-17	0	300
1.4564999999999794e-10	0.11733356	-0.010555158	0.9925977	-4.3164832e-17	0	300
1.4574999999999792e-10	0.11772419	-0.011556748	0.9925437	-4.3166715e-17	0	300
1.458499999999979e-10	0.11812709	-0.0125497095	0.99248725	-4.3168594e-17	0	300
1.4594999999999788e-10	0.118542075	-0.013533903	0.99242806	-4.317045e-17	0	300
1.4604999999999786e-10	0.11896901	-0.0145091945	0.99236655	-4.31723e-17	0	300
1.4614999999999784e-10	0.11940769	-0.015475448	0.9923025	-4.3174143e-17	0	300
1.4624999999999781e-10	0.11985799	-0.016432535	0.99223596	-4.3175956e-17	0	300
1.463499999999978e-10	0.120319754	-0.017380325	0.99216694	-4.317776e-17	0	300
1.4644999999999777e-10	0.120792784	-0.018318692	0.99209577	-4.3179576e-17	0	300
1.4654999999999775e-10	0.121276945	-0.019247515	0.99202216	-4.318135e-17	0	300
1.4664999999999773e-10	0.12177205	-0.020166675	0.9919463	-4.3183156e-17	0	300
1.467499999999977e-10	0.122277945	-0.021076052	0.99186814	-4.3184906e-17	0	300
1.468499999999977e-10	0.12279445	-0.021975534	0.9917876	-4.3186666e-17	0	300
1.4694999999999767e-10	0.12332141	-0.02286501	0.99170494	-4.3188413e-17	0	300
1.4704999999999765e-10	0.12385863	-0.02374437	0.9916202	-4.3190147e-17	0	300
1.4714999999999763e-10	0.12440596	-0.024613507	0.99153316	-4.3191864e-17	0	300
1.472499999999976e-10	0.124963224	-0.025472315	0.99144423	-4.319358e-17	0	300
1.4734999999999758e-10	0.12553024	-0.026320703	0.99135303	-4.319529e-17	0	300
1.4744999999999756e-10	0.12610683	-0.027158566	0.99125993	-4.3196973e-17	0	300
1.4754999999999754e-10	0.12669285	-0.02798581	0.9911648	-4.3198667e-17	0	300
1.4764999999999752e-10	0.12728807	-0.028802345	0.99106765	-4.3200328e-17	0	300
1.477499999999975e-10	0.12789237	-0.02960808	0.99096864	-4.3201996e-17	0	300
1.4784999999999748e-10	0.12850554	-0.03040293	0.99086773	-4.3203643e-17	0	300
1.4794999999999746e-10	0.1291274	-0.03118681	0.990765	-4.3205288e-17	0	300
1.4804999999999744e-10	0.12975779	-0.031959638	0.9906604	-4.320692e-17	0	300
1.4814999999999742e-10	0.13039652	-0.03272134	0.9905539	-4.320854e-17	0	300
1.482499999999974e-10	0.1310434	-0.033471838	0.990446	-4.3210145e-17	0	300
1.4834999999999737e-10	0.13169828	-0.034211062	0.99033606	-4.3211746e-17	0	300
1.4844999999999735e-10	0.13236097	-0.03493894	0.99022454	-4.3213325e-17	0	300
1.4854999999999733e-10	0.13303125	-0.035655405	0.9901114	-4.321491e-17	0	300
1.486499999999973e-10	0.133709	-0.03636039	0.98999673	-4.3216488e-17	0	300
1.487499999999973e-10	0.13439399	-0.037053846	0.98988026	-4.3218046e-17	0	300
1.4884999999999727e-10	0.13508606	-0.0377357	0.9897624	-4.3219598e-17	0	300
1.4894999999999725e-10	0.13578503	-0.038405903	0.9896431	-4.322114e-17	0	300
1.4904999999999723e-10	0.13649072	-0.0390644	0.9895222	-4.3222665e-17	0	300
1.491499999999972e-10	0.13720295	-0.03971114	0.98939997	-4.32242e-17	0	300
1.4924999999999718e-10	0.13792151	-0.04034608	0.98927635	-4.3225703e-17	0	300
1.4934999999999716e-10	0.13864625	-0.04096917	0.98915124	-4.322722e-17	0	300
1.4944999999999714e-10	0.13937697	-0.041580368	0.989025	-4.3228714e-17	0	300
1.4954999999999712e-10	0.14011352	-0.04217964	0.9888973	-4.3230203e-17	0	300
1.496499999999971e-10	0.14085568	-0.042766944	0.9887686	-4.3231685e-17	0	300
1.4974999999999708e-10	0.14160329	-0.043342236	0.98863846	-4.323314e-17	0	300
1.4984999999999706e-10	0.14235616	-0.043905504	0.9885072	-4.3234583e-17	0	300
1.4994999999999704e-10	0.1431141	-0.044456713	0.9883748	-4.323605e-17	0	300
1.5004999999999702e-10	0.14387694	-0.04499583	0.98824143	-4.3237488e-17	0	300
1.50149999999997e-10	0.14464453	-0.04552284	0.98810685	-4.3238918e-17	0	300
1.5024999999999697e-10	0.14541662	-0.046037707	0.98797125	-4.3240344e-17	0	300
1.5034999999999695e-10	0.1461931	-0.046540428	0.9878347	-4.324176e-17	0	300
1.5044999999999693e-10	0.14697374	-0.047030978	0.98769724	-4.3243166e-17	0	300
1.505499999999969e-10	0.14775841	-0.047509346	0.9875587	-4.3244566e-17	0	300
1.506499999999969e-10	0.14854689	-0.047975518	0.98741937	-4.3245952e-17	0	300
1.5074999999999687e-10	0.149339	-0.048429497	0.9872792	-4.324731e-17	0	300
1.5084999999999685e-10	0.1501346	-0.048871264	0.98713815	-4.3248698e-17	0	300
1.5094999999999683e-10	0.15093347	-0.049300823	0.9869964	-4.325006e-17	0	300
1.510499999999968e-10	0.15173547	-0.04971817	0.9868539	-4.3251408e-17	0	300
1.5114999999999678e-10	0.1525404	-0.050123304	0.98671055	-4.325276e-17	0	300
1.5124999999999676e-10	0.15334812	-0.050516233	0.9865667	-4.325409e-17	0	300
1.5134999999999674e-10	0.1541584	-0.050896958	0.9864221	-4.3255425e-17	0	300
1.5144999999999672e-10	0.1549711	-0.051265493	0.9862771	-4.3256745e-17	0	300
1.515499999999967e-10	0.15578605	-0.051621847	0.98613125	-4.325805e-17	0	300
1.5164999999999668e-10	0.1566031	-0.051966034	0.9859849	-4.3259362e-17	0	300
1.5174999999999666e-10	0.15742199	-0.052298065	0.9858382	-4.326066e-17	0	300
1.5184999999999664e-10	0.15824264	-0.052617963	0.98569095	-4.326195e-17	0	300
1.5194999999999662e-10	0.15906486	-0.052925743	0.9855432	-4.3263227e-17	0	300
1.520499999999966e-10	0.15988848	-0.053221427	0.9853951	-4.3264504e-17	0	300
1.5214999999999657e-10	0.1607133	-0.053505044	0.9852467	-4.3265768e-17	0	300
1.5224999999999655e-10	0.1615392	-0.05377663	0.9850978	-4.326701e-17	0	300
1.5234999999999653e-10	0.16236597	-0.054036193	0.98494875	-4.3268273e-17	0	300
1.524499999999965e-10	0.16319348	-0.05428377	0.9847994	-4.3269517e-17	0	300
1.525499999999965e-10	0.16402155	-0.054519407	0.9846498	-4.327073e-17	0	300
1.5264999999999647e-10	0.16485003	-0.054743122	0.9845	-4.327197e-17	0	300
1.5274999999999645e-10	0.16567875	-0.05495497	0.98435	-4.32732e-17	0	300
1.5284999999999643e-10	0.16650754	-0.055154964	0.98419976	-4.3274394e-17	0	300
1.529499999999964e-10	0.16733626	-0.05534318	0.98404956	-4.3275598e-17	0	300
1.5304999999999639e-10	0.16816473	-0.055519637	0.98389935	-4.3276793e-17	0	300
1.5314999999999636e-10	0.16899282	-0.05568438	0.98374903	-4.3277974e-17	0	300
1.5324999999999634e-10	0.16982035	-0.055837467	0.9835986	-4.3279165e-17	0	300
1.5334999999999632e-10	0.17064717	-0.055978943	0.98344827	-4.3280333e-17	0	300
1.534499999999963e-10	0.17147318	-0.056108862	0.983298	-4.3281504e-17	0	300
1.5354999999999628e-10	0.17229812	-0.05622727	0.98314774	-4.3282656e-17	0	300
1.5364999999999626e-10	0.17312193	-0.05633423	0.98299766	-4.3283817e-17	0	300
1.5374999999999624e-10	0.17394441	-0.05642979	0.98284775	-4.3284945e-17	0	300
1.5384999999999622e-10	0.17476545	-0.05651401	0.9826979	-4.3286087e-17	0	300
1.539499999999962e-10	0.17558488	-0.056586955	0.9825483	-4.3287215e-17	0	300
1.5404999999999617e-10	0.17640255	-0.056648687	0.982399	-4.3288337e-17	0	300
1.5414999999999615e-10	0.17721835	-0.05669926	0.9822499	-4.3289462e-17	0	300
1.5424999999999613e-10	0.17803209	-0.056738757	0.98210114	-4.3290554e-17	0	300
1.543499999999961e-10	0.17884368	-0.05676723	0.9819526	-4.329166e-17	0	300
1.544499999999961e-10	0.17965293	-0.05678475	0.98180443	-4.3292747e-17	0	300
1.5454999999999607e-10	0.18045974	-0.056791384	0.98165673	-4.3293836e-17	0	300
1.5464999999999605e-10	0.18126394	-0.05678722	0.9815094	-4.329491e-17	0	300
1.5474999999999603e-10	0.18206543	-0.056772314	0.98136246	-4.3295977e-17	0	300
1.54849999999996e-10	0.18286404	-0.05674675	0.981216	-4.3297052e-17	0	300
1.5494999999999599e-10	0.18365966	-0.0567106	0.9810699	-4.329811e-17	0	300
1.5504999999999596e-10	0.18445218	-0.056663945	0.9809245	-4.3299163e-17	0	300
1.5514999999999594e-10	0.18524142	-0.056606866	0.9807795	-4.3300205e-17	0	300
1.5524999999999592e-10	0.18602729	-0.05653943	0.9806351	-4.3301244e-17	0	300
1.553499999999959e-10	0.18680966	-0.05646174	0.9804914	-4.3302266e-17	0	300
1.5544999999999588e-10	0.18758838	-0.05637386	0.9803482	-4.3303302e-17	0	300
1.5554999999999586e-10	0.18836336	-0.056275893	0.98020566	-4.330431e-17	0	300
1.5564999999999584e-10	0.18913445	-0.056167908	0.9800638	-4.330532e-17	0	300
1.5574999999999582e-10	0.18990156	-0.056050014	0.97992265	-4.330634e-17	0	300
1.558499999999958e-10	0.19066453	-0.05592227	0.97978216	-4.330733e-17	0	300
1.5594999999999578e-10	0.19142327	-0.05578479	0.9796425	-4.3308315e-17	0	300
1.5604999999999575e-10	0.1921777	-0.055637658	0.97950345	-4.3309304e-17	0	300
1.5614999999999573e-10	0.19292764	-0.055480964	0.9793653	-4.3310274e-17	0	300
1.562499999999957e-10	0.19367303	-0.0553148	0.9792279	-4.3311253e-17	0	300
1.563499999999957e-10	0.19441372	-0.05513927	0.9790914	-4.3312222e-17	0	300
1.5644999999999567e-10	0.19514963	-0.054954454	0.97895575	-4.3313172e-17	0	300
1.5654999999999565e-10	0.19588064	-0.054760464	0.978821	-4.331413e-17	0	300
1.5664999999999563e-10	0.19660665	-0.05455739	0.978687	-4.3315068e-17	0	300
1.567499999999956e-10	0.19732755	-0.054345332	0.978554	-4.3316014e-17	0	300
1.5684999999999559e-10	0.19804326	-0.054124393	0.97842205	-4.3316947e-17	0	300
1.5694999999999557e-10	0.19875367	-0.05389467	0.97829086	-4.3317884e-17	0	300
1.5704999999999554e-10	0.19945864	-0.05365626	0.9781608	-4.33188e-17	0	300
1.5714999999999552e-10	0.20015813	-0.053409286	0.97803164	-4.331971e-17	0	300
1.572499999999955e-10	0.20085202	-0.05315382	0.97790366	-4.332062e-17	0	300
1.5734999999999548e-10	0.20154023	-0.052889984	0.9777765	-4.3321523e-17	0	300
1.5744999999999546e-10	0.20222266	-0.052617893	0.97765064	-4.3322423e-17	0	300
1.5754999999999544e-10	0.20289922	-0.052337635	0.9775257	-4.3323317e-17	0	300
1.5764999999999542e-10	0.2035698	-0.052049316	0.97740185	-4.3324193e-17	0	300
1.577499999999954e-10	0.20423436	-0.05175306	0.97727925	-4.3325077e-17	0	300
1.5784999999999538e-10	0.20489278	-0.051448964	0.9771577	-4.3325954e-17	0	300
1.5794999999999535e-10	0.205545	-0.051137142	0.9770372	-4.332682e-17	0	300
1.5804999999999533e-10	0.20619093	-0.050817695	0.97691804	-4.3327677e-17	0	300
1.581499999999953e-10	0.20683049	-0.05049074	0.9768001	-4.332854e-17	0	300
1.582499999999953e-10	0.20746359	-0.050156385	0.97668314	-4.33294e-17	0	300
1.5834999999999527e-10	0.20809019	-0.049814742	0.97656757	-4.3330235e-17	0	300
1.5844999999999525e-10	0.20871016	-0.04946593	0.9764532	-4.333108e-17	0	300
1.5854999999999523e-10	0.20932347	-0.049110048	0.97634006	-4.333189e-17	0	300
1.586499999999952e-10	0.20993005	-0.048747223	0.9762282	-4.333272e-17	0	300
1.5874999999999519e-10	0.21052982	-0.04837756	0.97611755	-4.3333557e-17	0	300
1.5884999999999517e-10	0.21112268	-0.048001174	0.9760082	-4.3334378e-17	0	300
1.5894999999999514e-10	0.21170864	-0.047618177	0.9759003	-4.3335182e-17	0	300
1.5904999999999512e-10	0.21228755	-0.047228687	0.97579354	-4.3335992e-17	0	300
1.591499999999951e-10	0.21285944	-0.046832826	0.9756883	-4.3336783e-17	0	300
1.5924999999999508e-10	0.21342418	-0.0464307	0.97558427	-4.3337574e-17	0	300
1.5934999999999506e-10	0.21398172	-0.046022423	0.9754816	-4.3338375e-17	0	300
1.5944999999999504e-10	0.21453205	-0.045608126	0.9753805	-4.333916e-17	0	300
1.5954999999999502e-10	0.21507505	-0.045187913	0.97528046	-4.333993e-17	0	300
1.59649999999995e-10	0.21561071	-0.044761896	0.97518206	-4.3340717e-17	0	300
1.5974999999999498e-10	0.21613899	-0.044330202	0.97508496	-4.334147e-17	0	300
1.5984999999999496e-10	0.21665977	-0.04389295	0.97498935	-4.334223e-17	0	300
1.5994999999999493e-10	0.21717307	-0.04345026	0.97489506	-4.3342994e-17	0	300
1.6004999999999491e-10	0.21767883	-0.043002237	0.9748023	-4.3343745e-17	0	300
1.601499999999949e-10	0.21817702	-0.042549003	0.97471106	-4.33445e-17	0	300
1.6024999999999487e-10	0.21866754	-0.04209068	0.9746211	-4.3345234e-17	0	300
1.6034999999999485e-10	0.2191504	-0.04162739	0.9745327	-4.3345975e-17	0	300
1.6044999999999483e-10	0.21962555	-0.041159246	0.97444576	-4.3346706e-17	0	300
1.605499999999948e-10	0.22009295	-0.04068636	0.9743604	-4.334744e-17	0	300
1.606499999999948e-10	0.22055253	-0.04020886	0.9742764	-4.3348142e-17	0	300
1.6074999999999477e-10	0.22100429	-0.03972687	0.97419393	-4.3348867e-17	0	300
1.6084999999999475e-10	0.22144821	-0.039240494	0.97411305	-4.334959e-17	0	300
1.6094999999999472e-10	0.22188425	-0.03874986	0.9740336	-4.3350283e-17	0	300
1.610499999999947e-10	0.22231236	-0.03825508	0.97395575	-4.3350997e-17	0	300
1.6114999999999468e-10	0.22273251	-0.037756275	0.9738794	-4.33517e-17	0	300
1.6124999999999466e-10	0.22314471	-0.037253566	0.9738046	-4.3352394e-17	0	300
1.6134999999999464e-10	0.2235489	-0.036747072	0.9737312	-4.3353072e-17	0	300
1.6144999999999462e-10	0.22394507	-0.036236905	0.97365946	-4.335376e-17	0	300
1.615499999999946e-10	0.2243332	-0.035723187	0.9735893	-4.3354442e-17	0	300
1.6164999999999458e-10	0.22471327	-0.035206035	0.97352064	-4.3355107e-17	0	300
1.6174999999999456e-10	0.22508526	-0.03468557	0.9734536	-4.335578e-17	0	300
1.6184999999999453e-10	0.22544916	-0.03416191	0.97338814	-4.3356453e-17	0	300
1.6194999999999451e-10	0.22580492	-0.033635166	0.97332424	-4.335712e-17	0	300
1.620499999999945e-10	0.22615257	-0.033105455	0.9732618	-4.3357757e-17	0	300
1.6214999999999447e-10	0.22649208	-0.0325729	0.97320104	-4.3358422e-17	0	300
1.6224999999999445e-10	0.22682345	-0.032037612	0.9731419	-4.3359064e-17	0	300
1.6234999999999443e-10	0.22714666	-0.03149971	0.97308415	-4.33597e-17	0	300
1.624499999999944e-10	0.2274617	-0.030959316	0.9730283	-4.3360354e-17	0	300
1.625499999999944e-10	0.22776854	-0.030416533	0.97297376	-4.3360983e-17	0	300
1.6264999999999437e-10	0.22806725	-0.029871488	0.97292095	-4.3361615e-17	0	300
1.6274999999999435e-10	0.22835778	-0.02932429	0.97286963	-4.3362234e-17	0	300
1.6284999999999432e-10	0.22864012	-0.028775053	0.9728199	-4.3362853e-17	0	300
1.629499999999943e-10	0.22891426	-0.028223895	0.9727718	-4.336347e-17	0	300
1.6304999999999428e-10	0.22918023	-0.027670924	0.97272533	-4.33641e-17	0	300
1.6314999999999426e-10	0.22943804	-0.02711626	0.97268045	-4.3364705e-17	0	300
1.6324999999999424e-10	0.22968769	-0.02656001	0.9726372	-4.3365314e-17	0	300
1.6334999999999422e-10	0.22992915	-0.026002293	0.97259545	-4.336591e-17	0	300
1.634499999999942e-10	0.2301625	-0.025443219	0.9725553	-4.3366502e-17	0	300
1.6354999999999418e-10	0.23038764	-0.024882894	0.9725168	-4.3367094e-17	0	300
1.6364999999999416e-10	0.2306047	-0.024321437	0.9724799	-4.3367687e-17	0	300
1.6374999999999414e-10	0.23081358	-0.023758955	0.97244453	-4.3368272e-17	0	300
1.6384999999999411e-10	0.23101436	-0.023195555	0.97241074	-4.336886e-17	0	300
1.639499999999941e-10	0.23120707	-0.02263135	0.9723785	-4.336944e-17	0	300
1.6404999999999407e-10	0.23139165	-0.022066452	0.9723479	-4.3370013e-17	0	300
1.6414999999999405e-10	0.23156822	-0.02150096	0.9723189	-4.3370585e-17	0	300
1.6424999999999403e-10	0.2317367	-0.02093499	0.9722914	-4.337115e-17	0	300
1.64349999999994e-10	0.23189716	-0.020368649	0.97226554	-4.3371707e-17	0	300
1.64449999999994e-10	0.23204963	-0.019802036	0.9722412	-4.337226e-17	0	300
1.6454999999999397e-10	0.2321941	-0.019235263	0.9722185	-4.3372828e-17	0	300
1.6464999999999395e-10	0.2323306	-0.018668437	0.97219723	-4.3373368e-17	0	300
1.6474999999999393e-10	0.2324592	-0.018101659	0.97217757	-4.337394e-17	0	300
1.648499999999939e-10	0.23257989	-0.01753503	0.97215956	-4.3374466e-17	0	300
1.6494999999999388e-10	0.23269264	-0.016968656	0.9721429	-4.3375015e-17	0	300
1.6504999999999386e-10	0.23279758	-0.016402645	0.972128	-4.3375545e-17	0	300
1.6514999999999384e-10	0.23289466	-0.01583709	0.9721145	-4.3376087e-17	0	300
1.6524999999999382e-10	0.23298399	-0.015272098	0.9721025	-4.3376617e-17	0	300
1.653499999999938e-10	0.23306553	-0.014707765	0.97209215	-4.337713e-17	0	300
1.6544999999999378e-10	0.23313938	-0.014144194	0.9720831	-4.3377672e-17	0	300
1.6554999999999376e-10	0.2332055	-0.01358148	0.9720758	-4.3378182e-17	0	300
1.6564999999999374e-10	0.233264	-0.013019725	0.97207004	-4.33787e-17	0	300
1.6574999999999371e-10	0.23331484	-0.012459025	0.9720655	-4.337922e-17	0	300
1.658499999999937e-10	0.23335811	-0.011899475	0.97206265	-4.3379727e-17	0	300
1.6594999999999367e-10	0.23339383	-0.011341171	0.9720612	-4.338023e-17	0	300
1.6604999999999365e-10	0.23342207	-0.010784209	0.9720613	-4.338074e-17	0	300
1.6614999999999363e-10	0.23344284	-0.01022868	0.9720627	-4.3381246e-17	0	300
1.662499999999936e-10	0.2334562	-0.009674682	0.97206575	-4.3381742e-17	0	300
1.663499999999936e-10	0.23346215	-0.009122303	0.97207016	-4.3382232e-17	0	300
1.6644999999999357e-10	0.23346081	-0.008571636	0.972076	-4.338273e-17	0	300
1.6654999999999355e-10	0.23345217	-0.008022771	0.9720832	-4.3383224e-17	0	300
1.6664999999999353e-10	0.23343632	-0.007475799	0.97209203	-4.33837e-17	0	300
1.667499999999935e-10	0.23341323	-0.006930807	0.97210217	-4.3384197e-17	0	300
1.6684999999999348e-10	0.23338303	-0.0063878824	0.9721136	-4.338467e-17	0	300
1.6694999999999346e-10	0.23334573	-0.005847114	0.97212666	-4.338514e-17	0	300
1.6704999999999344e-10	0.23330137	-0.005308586	0.97214097	-4.3385626e-17	0	300
1.6714999999999342e-10	0.23325005	-0.004772385	0.97215664	-4.3386093e-17	0	300
1.672499999999934e-10	0.23319177	-0.0042385934	0.9721737	-4.3386553e-17	0	300
1.6734999999999338e-10	0.23312661	-0.0037072957	0.97219217	-4.3387026e-17	0	300
1.6744999999999336e-10	0.23305464	-0.0031785741	0.9722119	-4.3387486e-17	0	300
1.6754999999999334e-10	0.23297589	-0.0026525091	0.972233	-4.3387946e-17	0	300
1.6764999999999332e-10	0.2328904	-0.0021291813	0.9722554	-4.338839e-17	0	300
1.677499999999933e-10	0.23279825	-0.0016086694	0.972279	-4.3388856e-17	0	300
1.6784999999999327e-10	0.23269948	-0.0010910522	0.9723041	-4.3389306e-17	0	300
1.6794999999999325e-10	0.23259422	-0.00057640695	0.9723304	-4.3389766e-17	0	300
1.6804999999999323e-10	0.23248245	-6.481027e-05	0.972358	-4.3390196e-17	0	300
1.681499999999932e-10	0.23236425	0.0004436631	0.97238696	-4.3390656e-17	0	300
1.682499999999932e-10	0.23223966	0.0009489389	0.97241694	-4.339108e-17	0	300
1.6834999999999317e-10	0.2321088	0.0014509438	0.9724482	-4.3391523e-17	0	300
1.6844999999999315e-10	0.23197171	0.0019496054	0.97248083	-4.3391963e-17	0	300
1.6854999999999313e-10	0.2318284	0.0024448524	0.9725147	-4.3392376e-17	0	300
1.686499999999931e-10	0.231679	0.0029366151	0.9725497	-4.3392823e-17	0	300
1.6874999999999308e-10	0.23152354	0.0034248247	0.9725858	-4.3393246e-17	0	300
1.6884999999999306e-10	0.23136212	0.0039094123	0.97262317	-4.3393683e-17	0	300
1.6894999999999304e-10	0.23119475	0.004390312	0.97266173	-4.3394107e-17	0	300
1.6904999999999302e-10	0.23102154	0.0048674564	0.9727013	-4.339451e-17	0	300
1.69149999999993e-10	0.23084256	0.0053407825	0.9727422	-4.3394934e-17	0	300
1.6924999999999298e-10	0.23065788	0.005810225	0.97278404	-4.3395354e-17	0	300
1.6934999999999296e-10	0.2304675	0.006275722	0.9728271	-4.3395784e-17	0	300
1.6944999999999294e-10	0.23027158	0.0067372117	0.97287124	-4.3396178e-17	0	300
1.6954999999999292e-10	0.23007014	0.007194634	0.9729165	-4.3396575e-17	0	300
1.696499999999929e-10	0.22986327	0.007647929	0.97296274	-4.3396982e-17	0	300
1.6974999999999287e-10	0.22965103	0.008097038	0.97301006	-4.3397392e-17	0	300
1.6984999999999285e-10	0.22943349	0.008541904	0.9730584	-4.33978e-17	0	300
1.6994999999999283e-10	0.22921072	0.008982471	0.9731078	-4.3398193e-17	0	300
1.700499999999928e-10	0.22898282	0.009418685	0.97315824	-4.33986e-17	0	300
1.701499999999928e-10	0.22874984	0.009850492	0.97320956	-4.3399e-17	0	300
1.7024999999999277e-10	0.22851186	0.010277837	0.973262	-4.339937e-17	0	300
1.7034999999999275e-10	0.22826892	0.01070067	0.97331536	-4.3399778e-17	0	300
1.7044999999999273e-10	0.22802116	0.01111894	0.97336966	-4.340016e-17	0	300
1.705499999999927e-10	0.22776859	0.011532597	0.9734249	-4.3400542e-17	0	300
1.7064999999999268e-10	0.22751132	0.011941596	0.9734811	-4.340093e-17	0	300
1.7074999999999266e-10	0.22724943	0.012345886	0.9735381	-4.340132e-17	0	300
1.7084999999999264e-10	0.22698298	0.012745421	0.97359604	-4.340168e-17	0	300
1.7094999999999262e-10	0.22671206	0.013140158	0.9736549	-4.3402064e-17	0	300
1.710499999999926e-10	0.2264367	0.013530053	0.97371465	-4.3402435e-17	0	300
1.7114999999999258e-10	0.22615708	0.013915062	0.97377515	-4.3402822e-17	0	300
1.7124999999999256e-10	0.22587317	0.014295144	0.9738366	-4.34032e-17	0	300
1.7134999999999254e-10	0.2255851	0.014670259	0.97389877	-4.3403563e-17	0	300
1.7144999999999252e-10	0.22529298	0.015040366	0.9739617	-4.3403917e-17	0	300
1.715499999999925e-10	0.22499679	0.015405431	0.9740255	-4.3404278e-17	0	300
1.7164999999999247e-10	0.2246967	0.015765412	0.97409	-4.3404632e-17	0	300
1.7174999999999245e-10	0.22439274	0.016120277	0.97415525	-4.3405012e-17	0	300
1.7184999999999243e-10	0.22408502	0.016469989	0.97422135	-4.3405356e-17	0	300
1.719499999999924e-10	0.22377357	0.016814515	0.974288	-4.3405724e-17	0	300
1.720499999999924e-10	0.22345853	0.017153822	0.97435546	-4.3406068e-17	0	300
1.7214999999999237e-10	0.22313996	0.01748788	0.9744236	-4.340642e-17	0	300
1.7224999999999235e-10	0.22281793	0.017816655	0.9744924	-4.3406786e-17	0	300
1.7234999999999233e-10	0.2224925	0.018140126	0.9745618	-4.3407133e-17	0	300
1.724499999999923e-10	0.2221638	0.018458255	0.9746319	-4.340748e-17	0	300
1.7254999999999229e-10	0.22183187	0.018771023	0.9747026	-4.3407818e-17	0	300
1.7264999999999226e-10	0.22149682	0.019078402	0.9747739	-4.3408172e-17	0	300
1.7274999999999224e-10	0.22115868	0.019380365	0.97484577	-4.3408513e-17	0	300
1.7284999999999222e-10	0.2208176	0.019676892	0.97491825	-4.3408854e-17	0	300
1.729499999999922e-10	0.2204736	0.019967956	0.9749913	-4.3409185e-17	0	300
1.7304999999999218e-10	0.22012681	0.020253541	0.9750648	-4.340951e-17	0	300
1.7314999999999216e-10	0.2197773	0.020533623	0.975139	-4.3409846e-17	0	300
1.7324999999999214e-10	0.2194251	0.020808188	0.9752136	-4.341018e-17	0	300
1.7334999999999212e-10	0.21907035	0.021077212	0.9752888	-4.3410515e-17	0	300
1.734499999999921e-10	0.21871312	0.021340681	0.97536427	-4.3410836e-17	0	300
1.7354999999999207e-10	0.21835348	0.021598583	0.9754403	-4.3411173e-17	0	300
1.7364999999999205e-10	0.21799149	0.021850897	0.97551686	-4.3411497e-17	0	300
1.7374999999999203e-10	0.21762726	0.022097614	0.9755938	-4.341183e-17	0	300
1.73849999999992e-10	0.21726087	0.022338722	0.975671	-4.3412136e-17	0	300
1.73949999999992e-10	0.21689239	0.022574205	0.9757488	-4.3412457e-17	0	300
1.7404999999999197e-10	0.21652192	0.02280406	0.9758269	-4.3412778e-17	0	300
1.7414999999999195e-10	0.21614952	0.023028268	0.9759054	-4.34131e-17	0	300
1.7424999999999193e-10	0.21577527	0.023246828	0.9759841	-4.3413413e-17	0	300
1.743499999999919e-10	0.21539925	0.023459736	0.9760632	-4.341372e-17	0	300
1.7444999999999189e-10	0.21502155	0.023666978	0.97614264	-4.3414032e-17	0	300
1.7454999999999186e-10	0.21464227	0.023868555	0.9762224	-4.341434e-17	0	300
1.7464999999999184e-10	0.21426144	0.024064463	0.9763025	-4.341465e-17	0	300
1.7474999999999182e-10	0.21387917	0.024254696	0.9763828	-4.3414958e-17	0	300
1.748499999999918e-10	0.21349555	0.024439257	0.9764633	-4.3415266e-17	0	300
1.7494999999999178e-10	0.21311063	0.024618141	0.97654414	-4.3415557e-17	0	300
1.7504999999999176e-10	0.21272449	0.02479135	0.9766252	-4.3415865e-17	0	300
1.7514999999999174e-10	0.21233729	0.024958886	0.9767065	-4.3416173e-17	0	300
1.7524999999999172e-10	0.21194898	0.025120754	0.97678775	-4.3416454e-17	0	300
1.753499999999917e-10	0.21155971	0.025276957	0.97686934	-4.3416768e-17	0	300
1.7544999999999168e-10	0.21116957	0.025427494	0.976951	-4.3417043e-17	0	300
1.7554999999999165e-10	0.21077858	0.025572374	0.97703296	-4.3417337e-17	0	300
1.7564999999999163e-10	0.21038689	0.025711607	0.9771149	-4.3417632e-17	0	300
1.757499999999916e-10	0.20999448	0.025845198	0.977197	-4.3417933e-17	0	300
1.758499999999916e-10	0.20960155	0.025973156	0.9772792	-4.3418198e-17	0	300
1.7594999999999157e-10	0.2092081	0.026095487	0.97736144	-4.3418485e-17	0	300
1.7604999999999155e-10	0.20881422	0.026212208	0.9774438	-4.3418773e-17	0	300
1.7614999999999153e-10	0.20841996	0.026323328	0.97752625	-4.3419058e-17	0	300
1.762499999999915e-10	0.20802546	0.026428854	0.97760856	-4.3419342e-17	0	300
1.7634999999999149e-10	0.20763074	0.02652881	0.97769105	-4.3419617e-17	0	300
1.7644999999999147e-10	0.20723589	0.026623202	0.9777734	-4.34199e-17	0	300
1.7654999999999144e-10	0.20684096	0.026712054	0.977856	-4.342018e-17	0	300
1.7664999999999142e-10	0.20644608	0.02679537	0.97793835	-4.3420444e-17	0	300
1.767499999999914e-10	0.2060513	0.02687318	0.97802067	-4.342072e-17	0	300
1.7684999999999138e-10	0.20565666	0.026945492	0.978103	-4.3421e-17	0	300
1.7694999999999136e-10	0.20526229	0.027012331	0.9781852	-4.3421278e-17	0	300
1.7704999999999134e-10	0.20486821	0.027073717	0.9782673	-4.3421546e-17	0	300
1.7714999999999132e-10	0.20447451	0.027129669	0.9783494	-4.3421797e-17	0	300
1.772499999999913e-10	0.20408127	0.02718021	0.9784313	-4.3422075e-17	0	300
1.7734999999999128e-10	0.20368855	0.027225358	0.97851324	-4.342234e-17	0	300
1.7744999999999126e-10	0.20329641	0.027265148	0.97859484	-4.3422598e-17	0	300
1.7754999999999123e-10	0.20290495	0.027299594	0.9786764	-4.342285e-17	0	300
1.7764999999999121e-10	0.20251423	0.027328722	0.9787576	-4.3423124e-17	0	300
1.777499999999912e-10	0.2021243	0.027352564	0.97883874	-4.3423386e-17	0	300
1.7784999999999117e-10	0.20173524	0.027371142	0.9789198	-4.3423637e-17	0	300
1.7794999999999115e-10	0.20134711	0.027384488	0.97900057	-4.3423892e-17	0	300
1.7804999999999113e-10	0.20096001	0.027392628	0.97908115	-4.342415e-17	0	300
1.781499999999911e-10	0.20057397	0.027395587	0.97916144	-4.342439e-17	0	300
1.7824999999999109e-10	0.20018907	0.0273934	0.9792414	-4.342465e-17	0	300
1.7834999999999107e-10	0.19980533	0.027386103	0.97932124	-4.3424904e-17	0	300
1.7844999999999104e-10	0.19942293	0.027373722	0.97940075	-4.342515e-17	0	300
1.7854999999999102e-10	0.1990418	0.02735629	0.97947997	-4.3425397e-17	0	300
1.78649999999991e-10	0.19866209	0.027333835	0.97955894	-4.342564e-17	0	300
1.7874999999999098e-10	0.19828384	0.027306404	0.9796376	-4.3425887e-17	0	300
1.7884999999999096e-10	0.19790709	0.02727402	0.9797158	-4.3426125e-17	0	300
1.7894999999999094e-10	0.19753194	0.027236726	0.97979385	-4.3426367e-17	0	300
1.7904999999999092e-10	0.19715843	0.027194556	0.97987133	-4.3426602e-17	0	300
1.791499999999909e-10	0.19678661	0.02714754	0.9799486	-4.3426853e-17	0	300
1.7924999999999088e-10	0.19641656	0.027095728	0.98002553	-4.342709e-17	0	300
1.7934999999999086e-10	0.19604832	0.027039148	0.98010194	-4.3427323e-17	0	300
1.7944999999999083e-10	0.19568196	0.026977845	0.980178	-4.3427548e-17	0	300
1.7954999999999081e-10	0.19531755	0.026911858	0.9802539	-4.342778e-17	0	300
1.796499999999908e-10	0.19495511	0.026841225	0.98032904	-4.3428008e-17	0	300
1.7974999999999077e-10	0.19459474	0.02676599	0.98040384	-4.3428243e-17	0	300
1.7984999999999075e-10	0.19423646	0.026686192	0.9804783	-4.3428464e-17	0	300
1.7994999999999073e-10	0.19388035	0.026601871	0.9805522	-4.34287e-17	0	300
1.800499999999907e-10	0.19352645	0.026513075	0.98062575	-4.342892e-17	0	300
1.801499999999907e-10	0.19317481	0.026419848	0.98069876	-4.3429133e-17	0	300
1.8024999999999067e-10	0.1928255	0.026322227	0.9807712	-4.3429368e-17	0	300
1.8034999999999065e-10	0.19247855	0.026220262	0.9808433	-4.34296e-17	0	300
1.8044999999999062e-10	0.19213402	0.026114	0.98091483	-4.3429804e-17	0	300
1.805499999999906e-10	0.19179198	0.026003482	0.9809859	-4.3430023e-17	0	300
1.8064999999999058e-10	0.19145244	0.025888756	0.9810564	-4.3430248e-17	0	300
1.8074999999999056e-10	0.1911155	0.025769867	0.9811263	-4.343045e-17	0	300
1.8084999999999054e-10	0.19078115	0.025646865	0.9811957	-4.343067e-17	0	300
1.8094999999999052e-10	0.19044948	0.0255198	0.98126453	-4.343089e-17	0	300
1.810499999999905e-10	0.1901205	0.025388714	0.9813329	-4.3431108e-17	0	300
1.8114999999999048e-10	0.1897943	0.025253661	0.98140067	-4.3431317e-17	0	300
1.8124999999999046e-10	0.1894709	0.025114687	0.98146784	-4.3431515e-17	0	300
1.8134999999999044e-10	0.18915036	0.024971845	0.9815343	-4.3431737e-17	0	300
1.8144999999999041e-10	0.1888327	0.024825178	0.98160034	-4.343194e-17	0	300
1.815499999999904e-10	0.18851796	0.024674745	0.98166585	-4.3432144e-17	0	300
1.8164999999999037e-10	0.1882062	0.024520593	0.9817306	-4.343235e-17	0	300
1.8174999999999035e-10	0.18789744	0.024362775	0.98179466	-4.343255e-17	0	300
1.8184999999999033e-10	0.18759178	0.024201343	0.98185825	-4.3432753e-17	0	300
1.819499999999903e-10	0.18728918	0.024036344	0.9819211	-4.3432944e-17	0	300
1.820499999999903e-10	0.18698971	0.023867836	0.9819833	-4.3433153e-17	0	300
1.8214999999999027e-10	0.18669343	0.023695871	0.9820449	-4.3433345e-17	0	300
1.8224999999999025e-10	0.18640035	0.023520501	0.98210585	-4.343355e-17	0	300
1.8234999999999022e-10	0.18611051	0.023341782	0.98216605	-4.3433732e-17	0	300
1.824499999999902e-10	0.18582395	0.023159765	0.98222566	-4.3433934e-17	0	300
1.8254999999999018e-10	0.1855407	0.022974506	0.9822846	-4.343412e-17	0	300
1.8264999999999016e-10	0.1852608	0.022786062	0.9823429	-4.343431e-17	0	300
1.8274999999999014e-10	0.18498428	0.022594482	0.98240036	-4.3434503e-17	0	300
1.8284999999999012e-10	0.18471117	0.022399822	0.9824573	-4.343469e-17	0	300
1.829499999999901e-10	0.18444154	0.022202142	0.98251337	-4.3434887e-17	0	300
1.8304999999999008e-10	0.18417534	0.022001494	0.98256886	-4.3435075e-17	0	300
1.8314999999999006e-10	0.18391266	0.021797936	0.9826236	-4.3435257e-17	0	300
1.8324999999999004e-10	0.18365349	0.021591524	0.9826775	-4.343544e-17	0	300
1.8334999999999001e-10	0.18339789	0.02138231	0.98273087	-4.3435615e-17	0	300
1.8344999999999e-10	0.18314587	0.021170355	0.9827833	-4.343581e-17	0	300
1.8354999999998997e-10	0.18289748	0.020955715	0.9828352	-4.3435995e-17	0	300
1.8364999999998995e-10	0.18265271	0.020738445	0.98288625	-4.3436154e-17	0	300
1.8374999999998993e-10	0.18241158	0.020518605	0.9829366	-4.3436336e-17	0	300
1.838499999999899e-10	0.18217416	0.020296251	0.9829862	-4.3436515e-17	0	300
1.839499999999899e-10	0.18194045	0.020071438	0.98303515	-4.3436697e-17	0	300
1.8404999999998987e-10	0.18171048	0.019844227	0.9830831	-4.343687e-17	0	300
1.8414999999998985e-10	0.18148424	0.01961467	0.98313046	-4.3437034e-17	0	300
1.8424999999998983e-10	0.18126176	0.019382834	0.983177	-4.343722e-17	0	300
1.843499999999898e-10	0.18104309	0.01914877	0.9832227	-4.3437398e-17	0	300
1.8444999999998978e-10	0.18082821	0.018912537	0.98326784	-4.3437554e-17	0	300
1.8454999999998976e-10	0.18061717	0.018674195	0.98331195	-4.3437736e-17	0	300
1.8464999999998974e-10	0.18040997	0.0184338	0.9833554	-4.343789e-17	0	300
1.8474999999998972e-10	0.18020663	0.018191408	0.9833981	-4.3438056e-17	0	300
1.848499999999897e-10	0.18000714	0.01794708	0.9834399	-4.3438225e-17	0	300
1.8494999999998968e-10	0.17981155	0.017700877	0.98348105	-4.343839e-17	0	300
1.8504999999998966e-10	0.17961986	0.01745285	0.98352134	-4.343855e-17	0	300
1.8514999999998964e-10	0.17943206	0.017203065	0.98356086	-4.3438715e-17	0	300
1.8524999999998962e-10	0.17924823	0.016951572	0.98359954	-4.3438887e-17	0	300
1.853499999999896e-10	0.17906831	0.016698435	0.98363745	-4.343904e-17	0	300
1.8544999999998957e-10	0.17889233	0.01644371	0.9836745	-4.3439208e-17	0	300
1.8554999999998955e-10	0.17872033	0.016187456	0.9837109	-4.3439367e-17	0	300
1.8564999999998953e-10	0.17855227	0.01592973	0.98374635	-4.343951e-17	0	300
1.857499999999895e-10	0.17838818	0.01567059	0.98378104	-4.343966e-17	0	300
1.858499999999895e-10	0.1782281	0.0154100945	0.983815	-4.343981e-17	0	300
1.8594999999998947e-10	0.17807196	0.015148303	0.98384804	-4.3439982e-17	0	300
1.8604999999998945e-10	0.17791983	0.014885267	0.98388034	-4.344013e-17	0	300
1.8614999999998943e-10	0.1777717	0.014621049	0.9839118	-4.3440287e-17	0	300
1.862499999999894e-10	0.17762756	0.014355708	0.98394257	-4.3440442e-17	0	300
1.8634999999998938e-10	0.17748743	0.014089297	0.9839723	-4.3440588e-17	0	300
1.8644999999998936e-10	0.1773513	0.013821877	0.98400146	-4.344074e-17	0	300
1.8654999999998934e-10	0.17721912	0.0135535	0.98402965	-4.344089e-17	0	300
1.8664999999998932e-10	0.17709103	0.01328423	0.9840571	-4.3441038e-17	0	300
1.867499999999893e-10	0.1769669	0.013014116	0.9840837	-4.3441183e-17	0	300
1.8684999999998928e-10	0.17684679	0.01274322	0.9841096	-4.3441322e-17	0	300
1.8694999999998926e-10	0.17673066	0.012471597	0.9841345	-4.3441464e-17	0	300
1.8704999999998924e-10	0.17661853	0.012199299	0.98415875	-4.344162e-17	0	300
1.8714999999998922e-10	0.1765104	0.01192639	0.9841822	-4.3441752e-17	0	300
1.872499999999892e-10	0.17640628	0.0116529185	0.98420477	-4.3441898e-17	0	300
1.8734999999998917e-10	0.17630613	0.011378945	0.98422647	-4.3442034e-17	0	300
1.8744999999998915e-10	0.17620997	0.011104521	0.98424757	-4.3442176e-17	0	300
1.8754999999998913e-10	0.17611776	0.010829702	0.9842677	-4.344231e-17	0	300
1.876499999999891e-10	0.17602953	0.010554546	0.9842871	-4.344246e-17	0	300
1.877499999999891e-10	0.17594528	0.010279101	0.9843056	-4.3442593e-17	0	300
1.8784999999998907e-10	0.17586498	0.01000343	0.9843234	-4.344272e-17	0	300
1.8794999999998905e-10	0.1757886	0.00972758	0.9843404	-4.3442864e-17	0	300
1.8804999999998903e-10	0.17571616	0.009451605	0.9843566	-4.3443003e-17	0	300
1.88149999999989e-10	0.17564766	0.009175562	0.98437196	-4.3443125e-17	0	300
1.8824999999998898e-10	0.17558305	0.0088995015	0.98438656	-4.3443264e-17	0	300
1.8834999999998896e-10	0.17552233	0.008623475	0.9844004	-4.3443403e-17	0	300
1.8844999999998894e-10	0.17546552	0.008347538	0.9844135	-4.344352e-17	0	300
1.8854999999998892e-10	0.17541258	0.00807174	0.9844258	-4.344365e-17	0	300
1.886499999999889e-10	0.17536348	0.007796135	0.9844372	-4.3443777e-17	0	300
1.8874999999998888e-10	0.17531824	0.007520771	0.98444796	-4.3443906e-17	0	300
1.8884999999998886e-10	0.17527683	0.0072457013	0.98445785	-4.344403e-17	0	300
1.8894999999998884e-10	0.17523925	0.006970976	0.984467	-4.3444158e-17	0	300
1.8904999999998882e-10	0.17520545	0.006696645	0.9844754	-4.3444283e-17	0	300
1.891499999999888e-10	0.17517544	0.006422759	0.98448306	-4.344442e-17	0	300
1.8924999999998877e-10	0.17514916	0.0061493656	0.9844899	-4.3444528e-17	0	300
1.8934999999998875e-10	0.17512666	0.0058765146	0.98449606	-4.344466e-17	0	300
1.8944999999998873e-10	0.17510788	0.0056042555	0.9845014	-4.3444786e-17	0	300
1.895499999999887e-10	0.17509279	0.0053326357	0.98450613	-4.3444912e-17	0	300
1.896499999999887e-10	0.17508137	0.0050617033	0.98451006	-4.3445028e-17	0	300
1.8974999999998867e-10	0.17507367	0.004791504	0.9845131	-4.3445144e-17	0	300
1.8984999999998865e-10	0.17506957	0.004522087	0.9845155	-4.344526e-17	0	300
1.8994999999998863e-10	0.1750691	0.004253498	0.9845172	-4.3445385e-17	0	300
1.900499999999886e-10	0.17507221	0.0039857826	0.9845182	-4.3445488e-17	0	300
1.9014999999998858e-10	0.17507893	0.0037189862	0.9845184	-4.3445624e-17	0	300
1.9024999999998856e-10	0.1750892	0.0034531543	0.98451793	-4.3445736e-17	0	300
1.9034999999998854e-10	0.17510298	0.0031883314	0.98451674	-4.344586e-17	0	300
1.9044999999998852e-10	0.17512026	0.0029245617	0.98451483	-4.3445958e-17	0	300
1.905499999999885e-10	0.17514102	0.002661889	0.9845122	-4.344608e-17	0	300
1.9064999999998848e-10	0.17516525	0.0024003566	0.98450893	-4.3446196e-17	0	300
1.9074999999998846e-10	0.17519291	0.0021400065	0.98450506	-4.3446305e-17	0	300
1.9084999999998844e-10	0.17522393	0.0018808815	0.9845004	-4.3446434e-17	0	300
1.9094999999998842e-10	0.17525837	0.0016230228	0.984495	-4.3446533e-17	0	300
1.910499999999884e-10	0.17529613	0.0013664722	0.9844889	-4.3446633e-17	0	300
1.9114999999998837e-10	0.1753372	0.00111127	0.9844822	-4.344675e-17	0	300
1.9124999999998835e-10	0.17538156	0.0008574568	0.9844749	-4.3446854e-17	0	300
1.9134999999998833e-10	0.1754292	0.00060507166	0.9844669	-4.3446964e-17	0	300
1.914499999999883e-10	0.17548005	0.00035415404	0.98445815	-4.344706e-17	0	300
1.915499999999883e-10	0.1755341	0.000104742765	0.98444897	-4.344718e-17	0	300
1.9164999999998827e-10	0.17559132	-0.00014312466	0.98443896	-4.3447298e-17	0	300
1.9174999999998825e-10	0.1756517	-0.00038941015	0.9844283	-4.344739e-17	0	300
1.9184999999998823e-10	0.17571516	-0.0006340772	0.98441714	-4.3447506e-17	0	300
1.919499999999882e-10	0.17578171	-0.0008770889	0.9844054	-4.34476e-17	0	300
1.9204999999998819e-10	0.1758513	-0.0011184097	0.9843929	-4.3447708e-17	0	300
1.9214999999998816e-10	0.17592391	-0.001358004	0.9843799	-4.3447817e-17	0	300
1.9224999999998814e-10	0.17599949	-0.0015958374	0.9843661	-4.3447916e-17	0	300
1.9234999999998812e-10	0.176078	-0.0018318753	0.98435193	-4.3448022e-17	0	300
1.924499999999881e-10	0.17615946	-0.0020660842	0.98433715	-4.344812e-17	0	300
1.9254999999998808e-10	0.17624375	-0.002298431	0.9843218	-4.3448218e-17	0	300
1.9264999999998806e-10	0.17633092	-0.002528883	0.9843058	-4.344832e-17	0	300
1.9274999999998804e-10	0.1764209	-0.0027574084	0.9842892	-4.344841e-17	0	300
1.9284999999998802e-10	0.17651363	-0.0029839757	0.984272	-4.3448515e-17	0	300
1.92949999999988e-10	0.17660913	-0.003208554	0.9842544	-4.3448625e-17	0	300
1.9304999999998798e-10	0.1767073	-0.0034311134	0.9842362	-4.344871e-17	0	300
1.9314999999998795e-10	0.17680816	-0.0036516238	0.98421746	-4.3448806e-17	0	300
1.9324999999998793e-10	0.17691165	-0.0038700567	0.98419815	-4.3448902e-17	0	300
1.933499999999879e-10	0.17701772	-0.0040863827	0.98417836	-4.3449015e-17	0	300
1.934499999999879e-10	0.17712638	-0.004300575	0.984158	-4.344909e-17	0	300
1.9354999999998787e-10	0.17723756	-0.0045126053	0.98413706	-4.3449197e-17	0	300
1.9364999999998785e-10	0.17735122	-0.004722448	0.9841157	-4.344929e-17	0	300
1.9374999999998783e-10	0.17746729	-0.004930075	0.9840939	-4.3449372e-17	0	300
1.938499999999878e-10	0.1775858	-0.0051354626	0.9840717	-4.344947e-17	0	300
1.9394999999998779e-10	0.17770669	-0.005338586	0.9840488	-4.3449558e-17	0	300
1.9404999999998776e-10	0.17782992	-0.005539419	0.98402554	-4.344966e-17	0	300
1.9414999999998774e-10	0.17795543	-0.00573794	0.9840017	-4.3449766e-17	0	300
1.9424999999998772e-10	0.1780832	-0.0059341243	0.9839775	-4.3449842e-17	0	300
1.943499999999877e-10	0.1782132	-0.00612795	0.98395294	-4.3449928e-17	0	300
1.9444999999998768e-10	0.17834537	-0.006319395	0.9839278	-4.3450024e-17	0	300
1.9454999999998766e-10	0.1784797	-0.006508437	0.9839023	-4.3450113e-17	0	300
1.9464999999998764e-10	0.1786161	-0.0066950563	0.9838762	-4.345021e-17	0	300
1.9474999999998762e-10	0.1787546	-0.006879233	0.9838499	-4.3450295e-17	0	300
1.948499999999876e-10	0.17889509	-0.0070609474	0.9838231	-4.345038e-17	0	300
1.9494999999998758e-10	0.1790376	-0.0072401795	0.983796	-4.3450454e-17	0	300
1.9504999999998755e-10	0.17918205	-0.0074169114	0.98376834	-4.3450553e-17	0	300
1.9514999999998753e-10	0.17932838	-0.0075911256	0.9837403	-4.3450646e-17	0	300
1.952499999999875e-10	0.17947657	-0.0077628056	0.98371196	-4.3450732e-17	0	300
1.953499999999875e-10	0.17962661	-0.007931933	0.98368335	-4.3450815e-17	0	300
1.9544999999998747e-10	0.17977844	-0.008098493	0.98365414	-4.3450894e-17	0	300
1.9554999999998745e-10	0.179932	-0.00826247	0.98362476	-4.345098e-17	0	300
1.9564999999998743e-10	0.18008728	-0.00842385	0.983595	-4.345106e-17	0	300
1.957499999999874e-10	0.1802442	-0.008582617	0.98356485	-4.3451152e-17	0	300
1.9584999999998739e-10	0.18040279	-0.008738759	0.9835344	-4.3451222e-17	0	300
1.9594999999998737e-10	0.18056291	-0.008892261	0.9835036	-4.345132e-17	0	300
1.9604999999998734e-10	0.18072459	-0.009043113	0.98347247	-4.3451384e-17	0	300
1.9614999999998732e-10	0.18088779	-0.009191303	0.983441	-4.345147e-17	0	300
1.962499999999873e-10	0.18105243	-0.009336817	0.98340935	-4.345155e-17	0	300
1.9634999999998728e-10	0.18121849	-0.009479647	0.9833772	-4.3451632e-17	0	300
1.9644999999998726e-10	0.18138595	-0.009619782	0.98334503	-4.3451718e-17	0	300
1.9654999999998724e-10	0.18155475	-0.009757211	0.9833125	-4.345178e-17	0	300
1.9664999999998722e-10	0.18172486	-0.009891927	0.9832797	-4.345187e-17	0	300
1.967499999999872e-10	0.18189621	-0.010023923	0.98324645	-4.3451943e-17	0	300
1.9684999999998718e-10	0.18206877	-0.010153187	0.98321325	-4.3452032e-17	0	300
1.9694999999998716e-10	0.18224251	-0.010279716	0.9831796	-4.34521e-17	0	300
1.9704999999998713e-10	0.1824174	-0.0104035	0.98314583	-4.345217e-17	0	300
1.9714999999998711e-10	0.18259339	-0.0105245365	0.98311174	-4.345225e-17	0	300
1.972499999999871e-10	0.18277043	-0.010642815	0.9830775	-4.3452327e-17	0	300
1.9734999999998707e-10	0.18294849	-0.010758336	0.98304313	-4.3452413e-17	0	300
1.9744999999998705e-10	0.18312752	-0.010871091	0.9830083	-4.3452492e-17	0	300
1.9754999999998703e-10	0.1833075	-0.010981079	0.98297346	-4.3452565e-17	0	300
1.97649999999987e-10	0.18348837	-0.011088293	0.9829384	-4.345263e-17	0	300
1.9774999999998699e-10	0.1836701	-0.011192734	0.98290324	-4.3452704e-17	0	300
1.9784999999998697e-10	0.18385264	-0.011294398	0.9828677	-4.345278e-17	0	300
1.9794999999998694e-10	0.18403594	-0.011393286	0.9828322	-4.3452856e-17	0	300
1.9804999999998692e-10	0.18422002	-0.011489392	0.9827965	-4.3452913e-17	0	300
1.981499999999869e-10	0.18440476	-0.011582721	0.98276067	-4.345301e-17	0	300
1.9824999999998688e-10	0.18459019	-0.011673268	0.9827246	-4.3453068e-17	0	300
1.9834999999998686e-10	0.18477622	-0.011761036	0.9826884	-4.3453138e-17	0	300
1.9844999999998684e-10	0.18496281	-0.0118460255	0.98265225	-4.3453224e-17	0	300
1.9854999999998682e-10	0.18514994	-0.011928238	0.98261595	-4.345328e-17	0	300
1.986499999999868e-10	0.1853376	-0.012007677	0.98257935	-4.3453356e-17	0	300
1.9874999999998678e-10	0.1855257	-0.012084343	0.9825427	-4.3453422e-17	0	300
1.9884999999998676e-10	0.18571424	-0.012158241	0.98250616	-4.34535e-17	0	300
1.9894999999998673e-10	0.18590316	-0.012229372	0.9824693	-4.3453555e-17	0	300
1.9904999999998671e-10	0.18609244	-0.012297742	0.9824324	-4.3453627e-17	0	300
1.991499999999867e-10	0.18628201	-0.012363356	0.9823955	-4.3453703e-17	0	300
1.9924999999998667e-10	0.18647185	-0.012426218	0.98235863	-4.3453766e-17	0	300
1.9934999999998665e-10	0.18666191	-0.012486333	0.9823215	-4.345384e-17	0	300
1.9944999999998663e-10	0.18685222	-0.01254371	0.98228455	-4.3453902e-17	0	300
1.995499999999866e-10	0.18704264	-0.012598352	0.98224735	-4.3453968e-17	0	300
1.996499999999866e-10	0.1872332	-0.012650268	0.9822102	-4.3454034e-17	0	300
1.9974999999998657e-10	0.18742384	-0.012699464	0.9821731	-4.345409e-17	0	300
1.9984999999998655e-10	0.18761453	-0.012745951	0.98213583	-4.3454167e-17	0	300
1.9994999999998652e-10	0.18780522	-0.012789735	0.98209864	-4.345423e-17	0	300
2.000499999999865e-10	0.18799591	-0.012830826	0.9820614	-4.3454286e-17	0	300
2.0014999999998648e-10	0.18818653	-0.012869231	0.9820243	-4.3454355e-17	0	300
2.0024999999998646e-10	0.18837705	-0.012904963	0.9819871	-4.345442e-17	0	300
2.0034999999998644e-10	0.18856744	-0.01293803	0.98194987	-4.3454494e-17	0	300
2.0044999999998642e-10	0.18875766	-0.012968445	0.9819126	-4.345456e-17	0	300
2.005499999999864e-10	0.18894768	-0.012996217	0.9818756	-4.3454607e-17	0	300
2.0064999999998638e-10	0.18913746	-0.013021357	0.9818386	-4.345467e-17	0	300
2.0074999999998636e-10	0.18932699	-0.013043879	0.98180145	-4.345474e-17	0	300
2.0084999999998634e-10	0.1895162	-0.013063794	0.98176455	-4.3454795e-17	0	300
2.0094999999998631e-10	0.18970507	-0.013081117	0.98172766	-4.345486e-17	0	300
2.010499999999863e-10	0.18989357	-0.013095858	0.98169076	-4.345492e-17	0	300
2.0114999999998627e-10	0.19008166	-0.013108034	0.98165405	-4.3454967e-17	0	300
2.0124999999998625e-10	0.19026932	-0.013117654	0.9816174	-4.3455043e-17	0	300
2.0134999999998623e-10	0.19045651	-0.013124738	0.98158073	-4.3455103e-17	0	300
2.014499999999862e-10	0.19064318	-0.013129298	0.98154426	-4.3455156e-17	0	300
2.015499999999862e-10	0.19082934	-0.013131348	0.9815078	-4.3455222e-17	0	300
2.0164999999998617e-10	0.19101489	-0.013130906	0.9814715	-4.345528e-17	0	300
2.0174999999998615e-10	0.19119988	-0.013127987	0.9814353	-4.3455345e-17	0	300
2.0184999999998612e-10	0.19138424	-0.013122609	0.98139924	-4.34554e-17	0	300
2.019499999999861e-10	0.19156793	-0.013114785	0.9813633	-4.3455457e-17	0	300
2.0204999999998608e-10	0.19175093	-0.013104535	0.9813274	-4.345551e-17	0	300
2.0214999999998606e-10	0.1919332	-0.013091873	0.98129165	-4.345557e-17	0	300
2.0224999999998604e-10	0.19211474	-0.013076821	0.98125625	-4.345562e-17	0	300
2.0234999999998602e-10	0.19229546	-0.013059396	0.98122084	-4.3455685e-17	0	300
2.02449999999986e-10	0.1924754	-0.013039614	0.98118556	-4.345573e-17	0	300
2.0254999999998598e-10	0.19265452	-0.013017497	0.9811505	-4.345579e-17	0	300
2.0264999999998596e-10	0.19283274	-0.012993059	0.9811157	-4.3455838e-17	0	300
2.0274999999998594e-10	0.19301009	-0.012966324	0.98108083	-4.3455897e-17	0	300
2.0284999999998591e-10	0.19318649	-0.01293731	0.98104626	-4.3455967e-17	0	300
2.029499999999859e-10	0.19336195	-0.012906036	0.98101187	-4.3455996e-17	0	300
2.0304999999998587e-10	0.19353643	-0.012872526	0.9809777	-4.3456056e-17	0	300
2.0314999999998585e-10	0.19370991	-0.012836795	0.98094374	-4.3456115e-17	0	300
2.0324999999998583e-10	0.19388236	-0.012798868	0.98090994	-4.345617e-17	0	300
2.033499999999858e-10	0.19405375	-0.012758764	0.98087627	-4.345622e-17	0	300
2.034499999999858e-10	0.19422406	-0.012716504	0.98084295	-4.345627e-17	0	300
2.0354999999998577e-10	0.19439325	-0.012672113	0.9808098	-4.3456314e-17	0	300
2.0364999999998575e-10	0.19456135	-0.01262561	0.9807768	-4.345638e-17	0	300
2.0374999999998573e-10	0.19472826	-0.012577017	0.980744	-4.3456436e-17	0	300
2.038499999999857e-10	0.19489397	-0.012526357	0.9807115	-4.3456483e-17	0	300
2.0394999999998568e-10	0.19505851	-0.012473652	0.9806792	-4.3456532e-17	0	300
2.0404999999998566e-10	0.19522181	-0.012418927	0.9806472	-4.345658e-17	0	300
2.0414999999998564e-10	0.19538385	-0.012362203	0.9806155	-4.3456638e-17	0	300
2.0424999999998562e-10	0.19554465	-0.012303506	0.98058397	-4.345669e-17	0	300
2.043499999999856e-10	0.19570413	-0.012242856	0.9805526	-4.345673e-17	0	300
2.0444999999998558e-10	0.1958623	-0.012180279	0.9805216	-4.3456774e-17	0	300
2.0454999999998556e-10	0.1960191	-0.012115797	0.98049086	-4.3456833e-17	0	300
2.0464999999998554e-10	0.19617456	-0.0120494375	0.98046035	-4.3456883e-17	0	300
2.0474999999998552e-10	0.19632865	-0.011981223	0.9804302	-4.3456923e-17	0	300
2.048499999999855e-10	0.1964813	-0.011911178	0.9804002	-4.3456972e-17	0	300
2.0494999999998547e-10	0.1966326	-0.011839327	0.9803705	-4.3457012e-17	0	300
2.0504999999998545e-10	0.1967824	-0.011765694	0.9803412	-4.3457072e-17	0	300
2.0514999999998543e-10	0.19693077	-0.011690309	0.98031193	-4.3457108e-17	0	300
2.052499999999854e-10	0.19707763	-0.01161319	0.9802832	-4.345717e-17	0	300
2.053499999999854e-10	0.19722304	-0.011534368	0.98025465	-4.34572e-17	0	300
2.0544999999998537e-10	0.19736692	-0.011453867	0.98022646	-4.3457247e-17	0	300
2.0554999999998535e-10	0.19750924	-0.011371713	0.9801985	-4.3457293e-17	0	300
2.0564999999998533e-10	0.19765005	-0.011287931	0.98017097	-4.3457346e-17	0	300
2.057499999999853e-10	0.19778928	-0.011202547	0.9801435	-4.3457386e-17	0	300
2.0584999999998528e-10	0.1979269	-0.011115589	0.9801166	-4.345744e-17	0	300
2.0594999999998526e-10	0.19806296	-0.011027081	0.9800898	-4.3457472e-17	0	300
2.0604999999998524e-10	0.19819738	-0.010937051	0.98006356	-4.3457522e-17	0	300
2.0614999999998522e-10	0.1983302	-0.010845524	0.98003745	-4.345756e-17	0	300
2.062499999999852e-10	0.19846134	-0.010752529	0.9800117	-4.3457614e-17	0	300
2.0634999999998518e-10	0.19859086	-0.010658091	0.9799863	-4.3457657e-17	0	300
2.0644999999998516e-10	0.1987187	-0.010562237	0.9799611	-4.34577e-17	0	300
2.0654999999998514e-10	0.19884482	-0.010464996	0.97993636	-4.3457747e-17	0	300
2.0664999999998512e-10	0.19896927	-0.010366391	0.9799121	-4.3457786e-17	0	300
2.067499999999851e-10	0.19909202	-0.010266453	0.97988796	-4.345782e-17	0	300
2.0684999999998507e-10	0.19921304	-0.010165208	0.97986424	-4.3457876e-17	0	300
2.0694999999998505e-10	0.19933231	-0.010062682	0.9798409	-4.3457902e-17	0	300
2.0704999999998503e-10	0.19944984	-0.009958903	0.97981775	-4.3457952e-17	0	300
2.07149999999985e-10	0.19956562	-0.0098539	0.97979504	-4.3457985e-17	0	300
2.07249999999985e-10	0.19967961	-0.009747697	0.97977275	-4.3458028e-17	0	300
2.0734999999998497e-10	0.19979188	-0.009640325	0.9797508	-4.3458068e-17	0	300
2.0744999999998495e-10	0.19990231	-0.009531812	0.97972906	-4.3458104e-17	0	300
2.0754999999998493e-10	0.20001096	-0.00942218	0.9797078	-4.3458164e-17	0	300
2.076499999999849e-10	0.2001178	-0.009311464	0.97968686	-4.345819e-17	0	300
2.0774999999998488e-10	0.2002228	-0.009199686	0.97966623	-4.345824e-17	0	300
2.0784999999998486e-10	0.20032603	-0.009086875	0.979646	-4.3458266e-17	0	300
2.0794999999998484e-10	0.20042738	-0.008973059	0.9796261	-4.345832e-17	0	300
2.0804999999998482e-10	0.20052691	-0.008858269	0.9796066	-4.3458346e-17	0	300
2.081499999999848e-10	0.2006246	-0.008742528	0.9795875	-4.345839e-17	0	300
2.0824999999998478e-10	0.20072041	-0.008625866	0.9795688	-4.345842e-17	0	300
2.0834999999998476e-10	0.20081441	-0.00850831	0.97955036	-4.3458458e-17	0	300
2.0844999999998474e-10	0.2009065	-0.0083898865	0.9795323	-4.3458494e-17	0	300
2.0854999999998472e-10	0.20099674	-0.008270626	0.9795147	-4.3458534e-17	0	300
2.086499999999847e-10	0.20108512	-0.008150555	0.9794974	-4.345857e-17	0	300
2.0874999999998467e-10	0.20117156	-0.0080297	0.97948045	-4.3458614e-17	0	300
2.0884999999998465e-10	0.20125617	-0.00790809	0.97946393	-4.3458653e-17	0	300
2.0894999999998463e-10	0.20133887	-0.0077857506	0.9794478	-4.3458676e-17	0	300
2.090499999999846e-10	0.20141968	-0.007662711	0.979432	-4.3458723e-17	0	300
2.091499999999846e-10	0.20149861	-0.007539	0.97941655	-4.3458746e-17	0	300
2.0924999999998457e-10	0.20157564	-0.0074146427	0.9794016	-4.3458792e-17	0	300
2.0934999999998455e-10	0.20165074	-0.0072896667	0.9793869	-4.3458825e-17	0	300
2.0944999999998453e-10	0.20172395	-0.0071641007	0.9793726	-4.3458862e-17	0	300
2.095499999999845e-10	0.20179525	-0.007037971	0.9793587	-4.34589e-17	0	300
2.0964999999998449e-10	0.20186463	-0.0069113034	0.97934514	-4.3458925e-17	0	300
2.0974999999998446e-10	0.20193216	-0.006784128	0.9793319	-4.3458974e-17	0	300
2.0984999999998444e-10	0.20199773	-0.0066564702	0.9793192	-4.3459e-17	0	300
2.0994999999998442e-10	0.2020614	-0.006528357	0.9793068	-4.345902e-17	0	300
2.100499999999844e-10	0.20212317	-0.006399816	0.97929484	-4.345907e-17	0	300
2.1014999999998438e-10	0.20218302	-0.0062708734	0.9792831	-4.3459093e-17	0	300
2.1024999999998436e-10	0.20224097	-0.006141555	0.9792719	-4.3459126e-17	0	300
2.1034999999998434e-10	0.202297	-0.006011889	0.9792609	-4.3459163e-17	0	300
2.1044999999998432e-10	0.20235115	-0.005881901	0.97925043	-4.345921e-17	0	300
2.105499999999843e-10	0.20240337	-0.0057516177	0.97924036	-4.345924e-17	0	300
2.1064999999998427e-10	0.2024537	-0.0056210654	0.97923064	-4.345928e-17	0	300
2.1074999999998425e-10	0.20250213	-0.00549027	0.9792212	-4.345931e-17	0	300
2.1084999999998423e-10	0.20254865	-0.005359258	0.9792123	-4.3459328e-17	0	300
2.109499999999842e-10	0.20259333	-0.005228055	0.9792036	-4.345937e-17	0	300
2.110499999999842e-10	0.20263606	-0.0050966865	0.97919536	-4.3459388e-17	0	300
2.1114999999998417e-10	0.20267694	-0.0049651787	0.9791875	-4.3459418e-17	0	300
2.1124999999998415e-10	0.20271593	-0.0048335567	0.9791799	-4.345946e-17	0	300
2.1134999999998413e-10	0.20275304	-0.0047018463	0.9791728	-4.345949e-17	0	300
2.114499999999841e-10	0.20278826	-0.0045700725	0.97916615	-4.3459514e-17	0	300
2.1154999999998409e-10	0.20282164	-0.0044382606	0.9791597	-4.345956e-17	0	300
2.1164999999998406e-10	0.20285313	-0.004306435	0.97915375	-4.345959e-17	0	300
2.1174999999998404e-10	0.2028828	-0.0041746213	0.97914803	-4.345961e-17	0	300
2.1184999999998402e-10	0.20291057	-0.004042844	0.9791427	-4.3459643e-17	0	300
2.11949999999984e-10	0.20293653	-0.003911127	0.97913796	-4.3459666e-17	0	300
2.1204999999998398e-10	0.20296067	-0.0037794947	0.97913337	-4.3459695e-17	0	300
2.1214999999998396e-10	0.20298296	-0.0036479714	0.9791292	-4.3459735e-17	0	300
2.1224999999998394e-10	0.20300342	-0.0035165816	0.9791253	-4.3459745e-17	0	300
2.1234999999998392e-10	0.20302208	-0.0033853482	0.97912186	-4.3459788e-17	0	300
2.124499999999839e-10	0.2030389	-0.003254295	0.9791187	-4.3459815e-17	0	300
2.1254999999998388e-10	0.20305397	-0.0031234461	0.979116	-4.345985e-17	0	300
2.1264999999998385e-10	0.20306721	-0.002992825	0.9791137	-4.3459877e-17	0	300
2.1274999999998383e-10	0.20307867	-0.002862453	0.97911155	-4.3459904e-17	0	300
2.128499999999838e-10	0.20308837	-0.0027323544	0.97910994	-4.3459937e-17	0	300
2.129499999999838e-10	0.2030963	-0.0026025518	0.9791086	-4.3459957e-17	0	300
2.1304999999998377e-10	0.20310247	-0.002473067	0.9791076	-4.3459983e-17	0	300
2.1314999999998375e-10	0.20310691	-0.0023439229	0.9791069	-4.3460013e-17	0	300
2.1324999999998373e-10	0.2031096	-0.0022151414	0.9791067	-4.3460043e-17	0	300
2.133499999999837e-10	0.20311058	-0.0020867446	0.9791068	-4.3460086e-17	0	300
2.1344999999998369e-10	0.20310983	-0.0019587534	0.979107	-4.3460093e-17	0	300
2.1354999999998367e-10	0.2031074	-0.0018311904	0.97910786	-4.346012e-17	0	300
2.1364999999998364e-10	0.20310327	-0.0017040761	0.979109	-4.3460152e-17	0	300
2.1374999999998362e-10	0.20309743	-0.0015774315	0.9791103	-4.3460175e-17	0	300
2.138499999999836e-10	0.20308995	-0.0014512776	0.97911215	-4.34602e-17	0	300
2.1394999999998358e-10	0.2030808	-0.0013256352	0.9791142	-4.3460218e-17	0	300
2.1404999999998356e-10	0.20307001	-0.0012005239	0.97911656	-4.3460258e-17	0	300
2.1414999999998354e-10	0.20305759	-0.0010759648	0.97911924	-4.3460284e-17	0	300
2.1424999999998352e-10	0.20304357	-0.0009519772	0.9791223	-4.3460308e-17	0	300
2.143499999999835e-10	0.20302787	-0.00082858093	0.97912574	-4.346033e-17	0	300
2.1444999999998348e-10	0.20301065	-0.0007057955	0.9791293	-4.3460357e-17	0	300
2.1454999999998345e-10	0.20299181	-0.00058364007	0.97913337	-4.346039e-17	0	300
2.1464999999998343e-10	0.20297141	-0.0004621337	0.97913766	-4.3460407e-17	0	300
2.147499999999834e-10	0.20294946	-0.0003412952	0.9791423	-4.346044e-17	0	300
2.148499999999834e-10	0.20292597	-0.0002211427	0.97914726	-4.346046e-17	0	300
2.1494999999998337e-10	0.20290095	-0.00010169462	0.9791525	-4.346049e-17	0	300
2.1504999999998335e-10	0.20287442	1.7030863e-05	0.9791579	-4.3460506e-17	0	300
2.1514999999998333e-10	0.20284638	0.00013501605	0.9791638	-4.346054e-17	0	300
2.152499999999833e-10	0.20281684	0.00025224354	0.97916996	-4.3460556e-17	0	300
2.1534999999998329e-10	0.20278588	0.00036869594	0.97917634	-4.346058e-17	0	300
2.1544999999998327e-10	0.20275342	0.0004843562	0.9791831	-4.3460612e-17	0	300
2.1554999999998324e-10	0.20271955	0.0005992078	0.97919005	-4.3460635e-17	0	300
2.1564999999998322e-10	0.20268422	0.000713234	0.9791973	-4.3460652e-17	0	300
2.157499999999832e-10	0.20264752	0.00082641863	0.97920483	-4.3460685e-17	0	300
2.1584999999998318e-10	0.20260942	0.0009387457	0.9792127	-4.34607e-17	0	300
2.1594999999998316e-10	0.20256993	0.0010501995	0.9792208	-4.3460715e-17	0	300
2.1604999999998314e-10	0.20252907	0.0011607645	0.9792292	-4.3460758e-17	0	300
2.1614999999998312e-10	0.20248689	0.0012704255	0.97923774	-4.346077e-17	0	300
2.162499999999831e-10	0.20244338	0.0013791675	0.97924685	-4.3460787e-17	0	300
2.1634999999998308e-10	0.20239852	0.0014869759	0.97925586	-4.3460817e-17	0	300
2.1644999999998306e-10	0.20235239	0.0015938364	0.97926533	-4.3460837e-17	0	300
2.1654999999998303e-10	0.20230499	0.0016997345	0.9792751	-4.346086e-17	0	300
2.1664999999998301e-10	0.20225632	0.0018046563	0.979285	-4.346087e-17	0	300
2.16749999999983e-10	0.20220639	0.0019085888	0.9792952	-4.34609e-17	0	300
2.1684999999998297e-10	0.20215525	0.002011518	0.9793056	-4.3460933e-17	0	300
2.1694999999998295e-10	0.20210288	0.002113431	0.97931623	-4.346094e-17	0	300
2.1704999999998293e-10	0.20204934	0.0022143153	0.9793272	-4.3460973e-17	0	300
2.171499999999829e-10	0.20199461	0.0023141578	0.9793383	-4.3461e-17	0	300
2.172499999999829e-10	0.20193872	0.002412947	0.97934973	-4.3461012e-17	0	300
2.1734999999998287e-10	0.2018817	0.0025106699	0.97936136	-4.3461032e-17	0	300
2.1744999999998285e-10	0.20182355	0.0026073155	0.9793731	-4.346106e-17	0	300
2.1754999999998282e-10	0.20176427	0.0027028723	0.9793852	-4.3461075e-17	0	300
2.176499999999828e-10	0.2017039	0.0027973289	0.9793974	-4.3461092e-17	0	300
2.1774999999998278e-10	0.20164253	0.0028906744	0.97941	-4.346111e-17	0	300
2.1784999999998276e-10	0.20158005	0.0029828977	0.9794226	-4.3461138e-17	0	300
2.1794999999998274e-10	0.20151654	0.0030739894	0.97943556	-4.346116e-17	0	300
2.1804999999998272e-10	0.20145202	0.003163939	0.9794486	-4.346118e-17	0	300
2.181499999999827e-10	0.2013865	0.0032527372	0.9794619	-4.346121e-17	0	300
2.1824999999998268e-10	0.20132	0.0033403733	0.9794754	-4.3461227e-17	0	300
2.1834999999998266e-10	0.20125256	0.003426839	0.9794891	-4.346123e-17	0	300
2.1844999999998263e-10	0.20118417	0.003512125	0.979503	-4.3461257e-17	0	300
2.1854999999998261e-10	0.20111482	0.0035962223	0.979517	-4.3461284e-17	0	300
2.186499999999826e-10	0.20104462	0.003679123	0.97953117	-4.3461304e-17	0	300
2.1874999999998257e-10	0.2009735	0.0037608189	0.97954553	-4.3461317e-17	0	300
2.1884999999998255e-10	0.20090154	0.0038413017	0.9795601	-4.3461337e-17	0	300
2.1894999999998253e-10	0.2008287	0.0039205644	0.97957504	-4.3461366e-17	0	300
2.190499999999825e-10	0.20075507	0.003998599	0.9795899	-4.3461373e-17	0	300
2.191499999999825e-10	0.20068058	0.004075399	0.9796049	-4.34614e-17	0	300
2.1924999999998247e-10	0.20060536	0.0041509573	0.9796201	-4.3461423e-17	0	300
2.1934999999998245e-10	0.20052934	0.0042252676	0.97963554	-4.346144e-17	0	300
2.1944999999998242e-10	0.20045255	0.0042983238	0.97965103	-4.3461456e-17	0	300
2.195499999999824e-10	0.20037504	0.004370119	0.97966677	-4.3461476e-17	0	300
2.1964999999998238e-10	0.20029682	0.004440649	0.97968256	-4.3461486e-17	0	300
2.1974999999998236e-10	0.2002179	0.0045099077	0.97969854	-4.3461515e-17	0	300
2.1984999999998234e-10	0.20013832	0.004577889	0.9797145	-4.3461535e-17	0	300
2.1994999999998232e-10	0.20005804	0.0046445895	0.97973084	-4.346155e-17	0	300
2.200499999999823e-10	0.19997716	0.0047100037	0.9797472	-4.3461568e-17	0	300
2.2014999999998228e-10	0.19989565	0.0047741276	0.9797637	-4.3461578e-17	0	300
2.2024999999998226e-10	0.19981354	0.004836957	0.9797802	-4.3461608e-17	0	300
2.2034999999998224e-10	0.19973084	0.004898488	0.979797	-4.3461624e-17	0	300
2.2044999999998221e-10	0.19964759	0.004958717	0.9798137	-4.3461644e-17	0	300
2.205499999999822e-10	0.19956382	0.005017642	0.97983074	-4.346166e-17	0	300
2.2064999999998217e-10	0.19947948	0.0050752587	0.9798478	-4.346169e-17	0	300
2.2074999999998215e-10	0.19939464	0.005131564	0.9798649	-4.3461684e-17	0	300
2.2084999999998213e-10	0.19930938	0.0051865564	0.9798821	-4.3461714e-17	0	300
2.209499999999821e-10	0.1992236	0.0052402336	0.9798994	-4.3461737e-17	0	300
2.210499999999821e-10	0.19913736	0.0052925935	0.9799169	-4.346174e-17	0	300
2.2114999999998207e-10	0.19905071	0.0053436332	0.9799344	-4.3461763e-17	0	300
2.2124999999998205e-10	0.19896364	0.0053933533	0.97995186	-4.3461783e-17	0	300
2.2134999999998203e-10	0.19887619	0.0054417513	0.97996956	-4.3461803e-17	0	300
2.21449999999982e-10	0.19878837	0.005488826	0.9799873	-4.346182e-17	0	300
2.2154999999998198e-10	0.19870019	0.005534578	0.980005	-4.3461836e-17	0	300
2.2164999999998196e-10	0.19861168	0.005579006	0.9800229	-4.3461853e-17	0	300
2.2174999999998194e-10	0.19852285	0.0056221103	0.9800409	-4.3461863e-17	0	300
2.2184999999998192e-10	0.19843373	0.005663891	0.9800588	-4.3461883e-17	0	300
2.219499999999819e-10	0.19834432	0.005704347	0.9800769	-4.3461886e-17	0	300
2.2204999999998188e-10	0.19825466	0.0057434808	0.98009497	-4.3461916e-17	0	300
2.2214999999998186e-10	0.19816475	0.005781292	0.9801131	-4.346193e-17	0	300
2.2224999999998184e-10	0.19807464	0.005817783	0.98013127	-4.346194e-17	0	300
2.2234999999998181e-10	0.19798431	0.005852953	0.9801495	-4.3461975e-17	0	300
2.224499999999818e-10	0.19789377	0.005886805	0.98016775	-4.346198e-17	0	300
2.2254999999998177e-10	0.19780311	0.005919341	0.9801861	-4.3462e-17	0	300
2.2264999999998175e-10	0.19771226	0.0059505613	0.9802044	-4.3462002e-17	0	300
2.2274999999998173e-10	0.1976213	0.00598047	0.9802227	-4.3462025e-17	0	300
2.228499999999817e-10	0.19753021	0.006009069	0.9802412	-4.3462048e-17	0	300
2.229499999999817e-10	0.19743901	0.006036361	0.9802596	-4.3462068e-17	0	300
2.2304999999998167e-10	0.19734779	0.0060623484	0.9802779	-4.346207e-17	0	300
2.2314999999998165e-10	0.19725646	0.006087035	0.9802963	-4.346208e-17	0	300
2.2324999999998163e-10	0.19716509	0.006110424	0.9803148	-4.3462108e-17	0	300
2.233499999999816e-10	0.19707371	0.006132519	0.9803331	-4.346212e-17	0	300
2.2344999999998158e-10	0.1969823	0.0061533237	0.98035157	-4.3462134e-17	0	300
2.2354999999998156e-10	0.19689089	0.0061728423	0.98037	-4.3462157e-17	0	300
2.2364999999998154e-10	0.19679955	0.006191079	0.9803885	-4.3462164e-17	0	300
2.2374999999998152e-10	0.19670823	0.006208039	0.9804069	-4.3462187e-17	0	300
2.238499999999815e-10	0.19661695	0.006223725	0.98042524	-4.346219e-17	0	300
2.2394999999998148e-10	0.19652578	0.0062381444	0.9804436	-4.34622e-17	0	300
2.2404999999998146e-10	0.19643469	0.0062513007	0.980462	-4.3462227e-17	0	300
2.2414999999998144e-10	0.19634369	0.0062631993	0.98048043	-4.346223e-17	0	300
2.2424999999998142e-10	0.19625282	0.006273846	0.9804987	-4.3462247e-17	0	300
2.243499999999814e-10	0.1961621	0.0062832474	0.98051697	-4.3462263e-17	0	300
2.2444999999998137e-10	0.19607157	0.006291408	0.98053527	-4.3462273e-17	0	300
2.2454999999998135e-10	0.19598117	0.006298335	0.98055345	-4.346229e-17	0	300
2.2464999999998133e-10	0.19589096	0.006304034	0.9805716	-4.3462306e-17	0	300
2.247499999999813e-10	0.19580099	0.006308511	0.9805898	-4.3462323e-17	0	300
2.248499999999813e-10	0.19571123	0.0063117743	0.9806079	-4.3462333e-17	0	300
2.2494999999998127e-10	0.19562168	0.0063138297	0.9806259	-4.346235e-17	0	300
2.2504999999998125e-10	0.1955324	0.006314684	0.98064387	-4.3462362e-17	0	300
2.2514999999998123e-10	0.1954434	0.006314345	0.98066187	-4.346239e-17	0	300
2.252499999999812e-10	0.19535469	0.006312821	0.98067975	-4.3462402e-17	0	300
2.2534999999998118e-10	0.19526625	0.006310118	0.9806975	-4.3462395e-17	0	300
2.2544999999998116e-10	0.19517812	0.0063062445	0.9807154	-4.346242e-17	0	300
2.2554999999998114e-10	0.19509035	0.0063012084	0.9807329	-4.3462425e-17	0	300
2.2564999999998112e-10	0.19500291	0.0062950174	0.9807507	-4.3462455e-17	0	300
2.257499999999811e-10	0.19491582	0.0062876814	0.98076826	-4.346245e-17	0	300
2.2584999999998108e-10	0.19482909	0.006279207	0.9807857	-4.3462468e-17	0	300
2.2594999999998106e-10	0.19474277	0.0062696035	0.980803	-4.3462488e-17	0	300
2.2604999999998104e-10	0.19465682	0.0062588793	0.9808203	-4.346249e-17	0	300
2.2614999999998102e-10	0.1945713	0.006247044	0.9808377	-4.3462505e-17	0	300
2.26249999999981e-10	0.19448619	0.006234106	0.98085487	-4.3462518e-17	0	300
2.2634999999998097e-10	0.19440153	0.0062200762	0.98087186	-4.3462528e-17	0	300
2.2644999999998095e-10	0.19431733	0.0062049623	0.98088884	-4.346255e-17	0	300
2.2654999999998093e-10	0.1942336	0.0061887745	0.9809057	-4.3462564e-17	0	300
2.266499999999809e-10	0.19415033	0.0061715217	0.9809226	-4.3462564e-17	0	300
2.267499999999809e-10	0.19406755	0.006153214	0.9809392	-4.346259e-17	0	300
2.2684999999998087e-10	0.19398531	0.006133862	0.9809557	-4.34626e-17	0	300
2.2694999999998085e-10	0.19390352	0.006113475	0.9809722	-4.3462607e-17	0	300
2.2704999999998083e-10	0.1938223	0.006092065	0.98098856	-4.3462614e-17	0	300
2.271499999999808e-10	0.19374163	0.0060696397	0.981005	-4.3462624e-17	0	300
2.2724999999998078e-10	0.19366148	0.006046212	0.98102105	-4.346265e-17	0	300
2.2734999999998076e-10	0.19358192	0.0060217916	0.9810372	-4.3462653e-17	0	300
2.2744999999998074e-10	0.19350293	0.005996388	0.98105305	-4.346267e-17	0	300
2.2754999999998072e-10	0.19342452	0.005970014	0.9810689	-4.346268e-17	0	300
2.276499999999807e-10	0.19334671	0.0059426795	0.9810846	-4.3462693e-17	0	300
2.2774999999998068e-10	0.19326952	0.0059143957	0.98110026	-4.3462716e-17	0	300
2.2784999999998066e-10	0.19319291	0.0058851736	0.9811155	-4.3462716e-17	0	300
2.2794999999998064e-10	0.19311698	0.0058550253	0.9811309	-4.346272e-17	0	300
2.2804999999998062e-10	0.19304165	0.0058239624	0.98114616	-4.3462736e-17	0	300
2.281499999999806e-10	0.19296698	0.0057919947	0.9811611	-4.3462753e-17	0	300
2.2824999999998057e-10	0.192893	0.005759135	0.981176	-4.3462766e-17	0	300
2.2834999999998055e-10	0.19281968	0.005725395	0.98119086	-4.346278e-17	0	300
2.2844999999998053e-10	0.19274703	0.005690786	0.98120546	-4.346279e-17	0	300
2.285499999999805e-10	0.19267507	0.005655321	0.98122007	-4.34628e-17	0	300
2.286499999999805e-10	0.19260378	0.0056190114	0.98123443	-4.34628e-17	0	300
2.2874999999998047e-10	0.19253325	0.0055818683	0.9812486	-4.346282e-17	0	300
2.2884999999998045e-10	0.1924634	0.0055439053	0.98126286	-4.3462816e-17	0	300
2.2894999999998043e-10	0.1923943	0.005505134	0.9812767	-4.3462832e-17	0	300
2.290499999999804e-10	0.19232593	0.0054655666	0.9812906	-4.3462852e-17	0	300
2.2914999999998039e-10	0.1922583	0.0054252152	0.9813043	-4.3462855e-17	0	300
2.2924999999998036e-10	0.1921914	0.0053840927	0.98131764	-4.346287e-17	0	300
2.2934999999998034e-10	0.19212528	0.005342212	0.98133105	-4.346289e-17	0	300
2.2944999999998032e-10	0.19205992	0.005299585	0.98134416	-4.3462885e-17	0	300
2.295499999999803e-10	0.19199532	0.005256225	0.9813573	-4.34629e-17	0	300
2.2964999999998028e-10	0.19193152	0.005212144	0.98137015	-4.3462915e-17	0	300
2.2974999999998026e-10	0.19186851	0.0051673553	0.98138285	-4.3462915e-17	0	300
2.2984999999998024e-10	0.19180629	0.0051218714	0.9813954	-4.346293e-17	0	300
2.2994999999998022e-10	0.19174488	0.0050757057	0.98140776	-4.346295e-17	0	300
2.300499999999802e-10	0.19168428	0.0050288704	0.98142004	-4.346295e-17	0	300
2.3014999999998017e-10	0.19162449	0.004981379	0.9814322	-4.3462958e-17	0	300
2.3024999999998015e-10	0.19156551	0.0049332445	0.98144406	-4.3462978e-17	0	300
2.3034999999998013e-10	0.19150737	0.00488448	0.9814559	-4.3462978e-17	0	300
2.304499999999801e-10	0.19145006	0.004835098	0.9814674	-4.3462994e-17	0	300
2.305499999999801e-10	0.19139358	0.0047851126	0.9814789	-4.3463004e-17	0	300
2.3064999999998007e-10	0.19133797	0.0047345366	0.98149014	-4.3463014e-17	0	300
2.3074999999998005e-10	0.19128318	0.0046833823	0.98150116	-4.3463014e-17	0	300
2.3084999999998003e-10	0.19122925	0.004631664	0.98151207	-4.3463027e-17	0	300
2.3094999999998e-10	0.1911762	0.004579394	0.9815228	-4.3463034e-17	0	300
2.3104999999997999e-10	0.191124	0.004526587	0.9815334	-4.3463064e-17	0	300
2.3114999999997996e-10	0.19107269	0.004473256	0.9815437	-4.3463054e-17	0	300
2.3124999999997994e-10	0.19102223	0.0044194134	0.981554	-4.3463067e-17	0	300
2.3134999999997992e-10	0.19097266	0.0043650726	0.98156404	-4.346308e-17	0	300
2.314499999999799e-10	0.19092397	0.0043102475	0.9815739	-4.3463077e-17	0	300
2.3154999999997988e-10	0.19087616	0.004254951	0.98158354	-4.3463087e-17	0	300
2.3164999999997986e-10	0.19082922	0.0041991975	0.9815931	-4.34631e-17	0	300
2.3174999999997984e-10	0.1907832	0.0041429987	0.9816025	-4.346311e-17	0	300
2.3184999999997982e-10	0.19073807	0.004086369	0.9816115	-4.3463123e-17	0	300
2.319499999999798e-10	0.19069384	0.004029322	0.98162055	-4.3463117e-17	0	300
2.3204999999997978e-10	0.1906505	0.00397187	0.9816294	-4.3463143e-17	0	300
2.3214999999997975e-10	0.19060807	0.0039140275	0.98163795	-4.3463153e-17	0	300
2.3224999999997973e-10	0.19056654	0.0038558075	0.98164636	-4.3463163e-17	0	300
2.323499999999797e-10	0.19052592	0.0037972226	0.98165464	-4.346316e-17	0	300
2.324499999999797e-10	0.19048622	0.0037382874	0.9816627	-4.3463173e-17	0	300
2.3254999999997967e-10	0.19044742	0.0036790138	0.98167056	-4.3463186e-17	0	300
2.3264999999997965e-10	0.19040954	0.0036194164	0.98167825	-4.34632e-17	0	300
2.3274999999997963e-10	0.19037256	0.0035595074	0.9816857	-4.3463203e-17	0	300
2.328499999999796e-10	0.19033653	0.0034993007	0.98169315	-4.3463213e-17	0	300
2.3294999999997964e-10	0.19030137	0.0034388094	0.9817002	-4.3463213e-17	0	300
2.3304999999997967e-10	0.19026718	0.0033780462	0.98170716	-4.346323e-17	0	300
2.331499999999797e-10	0.19023386	0.0033170253	0.981714	-4.346323e-17	0	300
2.3324999999997973e-10	0.19020149	0.0032557584	0.98172057	-4.3463242e-17	0	300
2.3334999999997976e-10	0.19017002	0.0031942595	0.9817269	-4.3463246e-17	0	300
2.334499999999798e-10	0.19013949	0.0031325421	0.98173326	-4.3463262e-17	0	300
2.335499999999798e-10	0.19010986	0.003070618	0.9817393	-4.3463266e-17	0	300
2.3364999999997985e-10	0.19008116	0.0030085011	0.9817452	-4.346327e-17	0	300
2.337499999999799e-10	0.1900534	0.0029462038	0.98175085	-4.3463282e-17	0	300
2.338499999999799e-10	0.19002655	0.002883739	0.9817563	-4.3463282e-17	0	300
2.3394999999997994e-10	0.1900006	0.00282112	0.9817616	-4.3463292e-17	0	300
2.3404999999998e-10	0.18997559	0.00275836	0.9817667	-4.34633e-17	0	300
2.3414999999998e-10	0.18995148	0.0026954706	0.9817717	-4.3463315e-17	0	300
2.3424999999998004e-10	0.1899283	0.0026324647	0.9817764	-4.346332e-17	0	300
2.3434999999998007e-10	0.189906	0.0025693548	0.98178107	-4.3463325e-17	0	300
2.344499999999801e-10	0.18988466	0.0025061541	0.9817854	-4.3463335e-17	0	300
2.3454999999998013e-10	0.1898642	0.0024428754	0.98178965	-4.346334e-17	0	300
2.3464999999998016e-10	0.18984465	0.0023795296	0.98179364	-4.3463345e-17	0	300
2.347499999999802e-10	0.18982603	0.0023161306	0.9817975	-4.3463335e-17	0	300
2.348499999999802e-10	0.18980831	0.00225269	0.9818012	-4.3463365e-17	0	300
2.3494999999998025e-10	0.18979146	0.00218922	0.98180467	-4.346337e-17	0	300
2.350499999999803e-10	0.18977556	0.0021257328	0.98180795	-4.3463385e-17	0	300
2.351499999999803e-10	0.18976054	0.0020622408	0.98181105	-4.3463395e-17	0	300
2.3524999999998034e-10	0.18974638	0.0019987558	0.981814	-4.3463388e-17	0	300
2.3534999999998037e-10	0.18973315	0.0019352902	0.98181677	-4.3463395e-17	0	300
2.354499999999804e-10	0.1897208	0.001871855	0.9818194	-4.346341e-17	0	300
2.3554999999998044e-10	0.18970934	0.0018084624	0.9818218	-4.3463415e-17	0	300
2.3564999999998047e-10	0.18969876	0.0017451242	0.98182404	-4.3463415e-17	0	300
2.357499999999805e-10	0.18968904	0.0016818519	0.981826	-4.3463415e-17	0	300
2.3584999999998053e-10	0.18968023	0.001618657	0.9818279	-4.346343e-17	0	300
2.3594999999998056e-10	0.18967229	0.001555551	0.98182964	-4.3463434e-17	0	300
2.360499999999806e-10	0.1896652	0.0014925456	0.9818312	-4.3463454e-17	0	300
2.361499999999806e-10	0.18965897	0.0014296515	0.9818326	-4.3463454e-17	0	300
2.3624999999998065e-10	0.1896536	0.0013668805	0.9818337	-4.346346e-17	0	300
2.363499999999807e-10	0.1896491	0.0013042429	0.98183477	-4.3463458e-17	0	300
2.364499999999807e-10	0.18964544	0.0012417504	0.98183566	-4.3463467e-17	0	300
2.3654999999998074e-10	0.18964264	0.0011794134	0.98183626	-4.346348e-17	0	300
2.3664999999998077e-10	0.18964066	0.0011172428	0.9818368	-4.3463487e-17	0	300
2.367499999999808e-10	0.18963954	0.0010552498	0.98183715	-4.3463487e-17	0	300
2.3684999999998083e-10	0.18963923	0.0009934445	0.9818374	-4.3463507e-17	0	300
2.3694999999998086e-10	0.18963976	0.0009318375	0.9818374	-4.3463504e-17	0	300
2.370499999999809e-10	0.18964112	0.000870439	0.9818372	-4.3463514e-17	0	300
2.3714999999998093e-10	0.18964326	0.0008092598	0.9818369	-4.3463524e-17	0	300
2.3724999999998096e-10	0.18964623	0.00074830966	0.98183644	-4.3463527e-17	0	300
2.37349999999981e-10	0.18965001	0.00068759883	0.9818357	-4.3463524e-17	0	300
2.37449999999981e-10	0.18965459	0.0006271374	0.9818348	-4.346353e-17	0	300
2.3754999999998105e-10	0.18965998	0.000566935	0.981834	-4.346354e-17	0	300
2.376499999999811e-10	0.18966612	0.00050700124	0.98183286	-4.346355e-17	0	300
2.377499999999811e-10	0.18967305	0.0004473462	0.9818316	-4.3463557e-17	0	300
2.3784999999998114e-10	0.18968076	0.00038797912	0.9818301	-4.346356e-17	0	300
2.3794999999998117e-10	0.18968925	0.00032890952	0.9818286	-4.3463567e-17	0	300
2.380499999999812e-10	0.18969849	0.00027014653	0.98182684	-4.3463577e-17	0	300
2.3814999999998123e-10	0.1897085	0.00021169952	0.98182493	-4.346358e-17	0	300
2.3824999999998126e-10	0.18971923	0.00015357745	0.9818229	-4.3463583e-17	0	300
2.383499999999813e-10	0.18973073	9.578925e-05	0.98182076	-4.3463587e-17	0	300
2.384499999999813e-10	0.18974295	3.8343846e-05	0.98181844	-4.34636e-17	0	300
2.3854999999998136e-10	0.18975592	-1.87501e-05	0.98181593	-4.34636e-17	0	300
2.386499999999814e-10	0.18976958	-7.5484e-05	0.9818133	-4.3463606e-17	0	300
2.387499999999814e-10	0.18978396	-0.00013184946	0.9818105	-4.3463613e-17	0	300
2.3884999999998145e-10	0.18979907	-0.00018783819	0.98180765	-4.3463616e-17	0	300
2.389499999999815e-10	0.18981487	-0.0002434419	0.9818046	-4.3463626e-17	0	300
2.390499999999815e-10	0.18983136	-0.00029865245	0.9818014	-4.346362e-17	0	300
2.3914999999998154e-10	0.18984853	-0.0003534617	0.9817982	-4.346364e-17	0	300
2.3924999999998157e-10	0.18986638	-0.00040786224	0.98179454	-4.346365e-17	0	300
2.393499999999816e-10	0.1898849	-0.000461846	0.9817911	-4.346364e-17	0	300
2.3944999999998163e-10	0.1899041	-0.00051540567	0.9817873	-4.346366e-17	0	300
2.3954999999998166e-10	0.18992393	-0.0005685335	0.9817835	-4.3463656e-17	0	300
2.396499999999817e-10	0.18994442	-0.0006212223	0.98177946	-4.346366e-17	0	300
2.397499999999817e-10	0.18996556	-0.00067346485	0.9817753	-4.3463673e-17	0	300
2.3984999999998175e-10	0.1899873	-0.00072525407	0.98177105	-4.3463673e-17	0	300
2.399499999999818e-10	0.19000967	-0.00077658315	0.9817667	-4.346368e-17	0	300
2.400499999999818e-10	0.19003268	-0.0008274453	0.9817623	-4.346368e-17	0	300
2.4014999999998185e-10	0.19005628	-0.00087783363	0.9817576	-4.346368e-17	0	300
2.402499999999819e-10	0.19008046	-0.00092774164	0.9817529	-4.3463692e-17	0	300
2.403499999999819e-10	0.19010526	-0.0009771627	0.98174804	-4.346371e-17	0	300
2.4044999999998194e-10	0.19013062	-0.001026091	0.9817431	-4.3463702e-17	0	300
2.4054999999998197e-10	0.19015658	-0.0010745202	0.981738	-4.3463702e-17	0	300
2.40649999999982e-10	0.19018307	-0.0011224442	0.9817328	-4.3463716e-17	0	300
2.4074999999998203e-10	0.19021013	-0.0011698573	0.9817275	-4.3463716e-17	0	300
2.4084999999998206e-10	0.19023773	-0.0012167536	0.9817221	-4.3463726e-17	0	300
2.409499999999821e-10	0.19026591	-0.0012631274	0.9817165	-4.3463726e-17	0	300
2.410499999999821e-10	0.1902946	-0.0013089733	0.9817109	-4.3463735e-17	0	300
2.4114999999998215e-10	0.19032378	-0.0013542859	0.9817052	-4.3463742e-17	0	300
2.412499999999822e-10	0.1903535	-0.00139906	0.98169935	-4.346376e-17	0	300
2.413499999999822e-10	0.19038373	-0.0014432907	0.9816933	-4.346375e-17	0	300
2.4144999999998225e-10	0.19041443	-0.001486973	0.9816873	-4.3463745e-17	0	300
2.415499999999823e-10	0.19044563	-0.001530102	0.9816812	-4.3463765e-17	0	300
2.416499999999823e-10	0.19047733	-0.001572673	0.98167497	-4.3463772e-17	0	300
2.4174999999998234e-10	0.19050945	-0.0016146814	0.9816686	-4.3463765e-17	0	300
2.4184999999998237e-10	0.19054206	-0.0016561232	0.9816623	-4.3463775e-17	0	300
2.419499999999824e-10	0.19057514	-0.0016969936	0.9816558	-4.346378e-17	0	300
2.4204999999998243e-10	0.1906086	-0.0017372885	0.98164904	-4.3463782e-17	0	300
2.4214999999998246e-10	0.19064254	-0.0017770045	0.9816424	-4.3463795e-17	0	300
2.422499999999825e-10	0.19067691	-0.001816137	0.98163563	-4.3463795e-17	0	300
2.423499999999825e-10	0.19071165	-0.0018546829	0.9816288	-4.3463798e-17	0	300
2.4244999999998255e-10	0.19074684	-0.001892638	0.9816218	-4.3463805e-17	0	300
2.425499999999826e-10	0.1907824	-0.0019299991	0.9816148	-4.3463798e-17	0	300
2.426499999999826e-10	0.19081835	-0.001966763	0.9816077	-4.346381e-17	0	300
2.4274999999998264e-10	0.1908547	-0.0020029263	0.9816005	-4.346381e-17	0	300
2.428499999999827e-10	0.19089137	-0.002038486	0.9815933	-4.3463825e-17	0	300
2.429499999999827e-10	0.19092844	-0.0020734395	0.981586	-4.346382e-17	0	300
2.4304999999998274e-10	0.19096585	-0.0021077837	0.9815786	-4.346382e-17	0	300
2.4314999999998277e-10	0.19100359	-0.0021415155	0.9815711	-4.3463838e-17	0	300
2.432499999999828e-10	0.19104166	-0.0021746333	0.9815636	-4.3463835e-17	0	300
2.4334999999998283e-10	0.19108006	-0.0022071342	0.981556	-4.3463835e-17	0	300
2.4344999999998286e-10	0.19111875	-0.0022390157	0.9815483	-4.3463835e-17	0	300
2.435499999999829e-10	0.1911578	-0.002270276	0.98154056	-4.3463855e-17	0	300
2.436499999999829e-10	0.19119711	-0.002300913	0.9815328	-4.3463858e-17	0	300
2.4374999999998295e-10	0.19123669	-0.002330925	0.981525	-4.3463858e-17	0	300
2.43849999999983e-10	0.19127657	-0.0023603102	0.9815172	-4.3463858e-17	0	300
2.43949999999983e-10	0.1913167	-0.0023890669	0.9815093	-4.3463874e-17	0	300
2.4404999999998304e-10	0.19135708	-0.0024171933	0.9815012	-4.3463878e-17	0	300
2.4414999999998307e-10	0.19139771	-0.0024446887	0.9814932	-4.3463878e-17	0	300
2.442499999999831e-10	0.19143862	-0.002471551	0.98148507	-4.346388e-17	0	300
2.4434999999998313e-10	0.19147971	-0.0024977804	0.98147696	-4.3463888e-17	0	300
2.4444999999998317e-10	0.19152103	-0.0025233743	0.98146874	-4.3463888e-17	0	300
2.445499999999832e-10	0.19156256	-0.002548333	0.9814606	-4.34639e-17	0	300
2.4464999999998323e-10	0.19160432	-0.0025726561	0.9814522	-4.34639e-17	0	300
2.4474999999998326e-10	0.19164625	-0.0025963415	0.981444	-4.34639e-17	0	300
2.448499999999833e-10	0.19168834	-0.0026193904	0.98143566	-4.3463904e-17	0	300
2.449499999999833e-10	0.19173062	-0.002641801	0.98142725	-4.3463908e-17	0	300
2.4504999999998335e-10	0.1917731	-0.0026635742	0.98141885	-4.3463904e-17	0	300
2.451499999999834e-10	0.19181573	-0.0026847092	0.9814104	-4.3463917e-17	0	300
2.452499999999834e-10	0.19185846	-0.002705206	0.9814019	-4.3463914e-17	0	300
2.4534999999998344e-10	0.19190136	-0.0027250657	0.98139346	-4.3463924e-17	0	300
2.4544999999998347e-10	0.19194439	-0.0027442873	0.981385	-4.3463924e-17	0	300
2.455499999999835e-10	0.19198756	-0.0027628718	0.98137635	-4.346394e-17	0	300
2.4564999999998353e-10	0.19203079	-0.0027808193	0.9813678	-4.3463924e-17	0	300
2.4574999999998356e-10	0.19207416	-0.0027981312	0.9813591	-4.3463944e-17	0	300
2.458499999999836e-10	0.1921176	-0.0028148072	0.98135054	-4.346395e-17	0	300
2.459499999999836e-10	0.19216116	-0.0028308493	0.9813419	-4.3463954e-17	0	300
2.4604999999998366e-10	0.19220476	-0.0028462573	0.98133326	-4.3463957e-17	0	300
2.461499999999837e-10	0.19224846	-0.0028610327	0.9813246	-4.3463944e-17	0	300
2.462499999999837e-10	0.1922922	-0.002875177	0.9813159	-4.3463957e-17	0	300
2.4634999999998375e-10	0.192336	-0.0028886914	0.9813072	-4.3463967e-17	0	300
2.464499999999838e-10	0.19237982	-0.002901577	0.9812986	-4.3463964e-17	0	300
2.465499999999838e-10	0.19242369	-0.0029138352	0.98128986	-4.3463977e-17	0	300
2.4664999999998384e-10	0.19246759	-0.0029254686	0.9812811	-4.3463967e-17	0	300
2.4674999999998387e-10	0.19251151	-0.0029364773	0.9812724	-4.346398e-17	0	300
2.468499999999839e-10	0.19255541	-0.0029468643	0.9812637	-4.3463977e-17	0	300
2.4694999999998393e-10	0.19259934	-0.0029566316	0.98125494	-4.3463987e-17	0	300
2.4704999999998396e-10	0.19264324	-0.0029657807	0.98124623	-4.3463987e-17	0	300
2.47149999999984e-10	0.19268714	-0.0029743141	0.98123753	-4.3463977e-17	0	300
2.47249999999984e-10	0.19273102	-0.002982234	0.9812288	-4.3463997e-17	0	300
2.4734999999998405e-10	0.19277483	-0.002989543	0.9812201	-4.3463994e-17	0	300
2.474499999999841e-10	0.19281864	-0.0029962426	0.9812114	-4.3464e-17	0	300
2.475499999999841e-10	0.19286239	-0.003002336	0.98120266	-4.3464003e-17	0	300
2.4764999999998415e-10	0.19290605	-0.0030078264	0.981194	-4.3464017e-17	0	300
2.477499999999842e-10	0.19294968	-0.0030127156	0.9811853	-4.3463994e-17	0	300
2.478499999999842e-10	0.19299322	-0.0030170074	0.98117673	-4.3464003e-17	0	300
2.4794999999998424e-10	0.19303669	-0.0030207033	0.98116815	-4.3464023e-17	0	300
2.4804999999998427e-10	0.1930801	-0.0030238084	0.9811595	-4.3464023e-17	0	300
2.481499999999843e-10	0.19312336	-0.0030263234	0.981151	-4.3464017e-17	0	300
2.4824999999998433e-10	0.19316655	-0.0030282538	0.9811423	-4.3464037e-17	0	300
2.4834999999998436e-10	0.19320962	-0.0030296014	0.98113376	-4.346402e-17	0	300
2.484499999999844e-10	0.19325255	-0.0030303705	0.98112524	-4.3464027e-17	0	300
2.485499999999844e-10	0.1932954	-0.0030305635	0.98111665	-4.346403e-17	0	300
2.4864999999998445e-10	0.19333808	-0.0030301851	0.98110825	-4.3464043e-17	0	300
2.487499999999845e-10	0.19338064	-0.003029238	0.9810997	-4.3464056e-17	0	300
2.488499999999845e-10	0.19342305	-0.003027727	0.98109126	-4.3464056e-17	0	300
2.4894999999998455e-10	0.1934653	-0.0030256552	0.98108286	-4.3464053e-17	0	300
2.490499999999846e-10	0.19350737	-0.0030230265	0.9810746	-4.346405e-17	0	300
2.491499999999846e-10	0.1935493	-0.003019845	0.9810662	-4.3464053e-17	0	300
2.4924999999998464e-10	0.19359106	-0.0030161152	0.9810579	-4.3464056e-17	0	300
2.4934999999998467e-10	0.19363262	-0.0030118402	0.9810496	-4.3464053e-17	0	300
2.494499999999847e-10	0.19367398	-0.003007025	0.98104143	-4.3464063e-17	0	300
2.4954999999998473e-10	0.1937152	-0.0030016743	0.9810332	-4.346406e-17	0	300
2.4964999999998476e-10	0.19375616	-0.0029957914	0.9810251	-4.3464066e-17	0	300
2.497499999999848e-10	0.19379692	-0.002989381	0.98101693	-4.3464073e-17	0	300
2.498499999999848e-10	0.1938375	-0.0029824486	0.9810089	-4.3464073e-17	0	300
2.4994999999998485e-10	0.19387785	-0.0029749977	0.9810008	-4.3464066e-17	0	300
2.500499999999849e-10	0.19391796	-0.0029670328	0.9809929	-4.346409e-17	0	300
2.501499999999849e-10	0.19395782	-0.0029585597	0.9809849	-4.3464083e-17	0	300
2.5024999999998494e-10	0.19399746	-0.0029495822	0.98097706	-4.3464086e-17	0	300
2.50349999999985e-10	0.19403686	-0.002940106	0.9809692	-4.3464096e-17	0	300
2.50449999999985e-10	0.19407599	-0.0029301355	0.98096144	-4.3464093e-17	0	300
2.5054999999998504e-10	0.19411486	-0.002919675	0.9809537	-4.3464096e-17	0	300
2.5064999999998507e-10	0.1941535	-0.002908731	0.98094594	-4.3464093e-17	0	300
2.507499999999851e-10	0.19419186	-0.0028973077	0.9809383	-4.34641e-17	0	300
2.5084999999998513e-10	0.19422993	-0.0028854103	0.9809307	-4.3464096e-17	0	300
2.5094999999998516e-10	0.19426775	-0.002873044	0.9809233	-4.3464103e-17	0	300
2.510499999999852e-10	0.19430526	-0.0028602146	0.9809158	-4.3464103e-17	0	300
2.511499999999852e-10	0.1943425	-0.0028469262	0.9809083	-4.346411e-17	0	300
2.5124999999998525e-10	0.19437942	-0.0028331855	0.980901	-4.3464113e-17	0	300
2.513499999999853e-10	0.19441606	-0.002818997	0.9808937	-4.3464113e-17	0	300
2.514499999999853e-10	0.19445238	-0.0028043669	0.98088646	-4.3464116e-17	0	300
2.5154999999998534e-10	0.1944884	-0.0027893004	0.9808793	-4.3464113e-17	0	300
2.5164999999998537e-10	0.1945241	-0.0027738025	0.98087215	-4.3464126e-17	0	300
2.517499999999854e-10	0.1945595	-0.00275788	0.9808651	-4.346413e-17	0	300
2.5184999999998544e-10	0.19459455	-0.0027415375	0.98085815	-4.346413e-17	0	300
2.5194999999998547e-10	0.19462928	-0.0027247816	0.98085123	-4.3464132e-17	0	300
2.520499999999855e-10	0.19466369	-0.0027076171	0.9808444	-4.346414e-17	0	300
2.5214999999998553e-10	0.19469775	-0.00269005	0.98083764	-4.346414e-17	0	300
2.5224999999998556e-10	0.19473146	-0.002672087	0.9808309	-4.3464142e-17	0	300
2.523499999999856e-10	0.19476484	-0.0026537327	0.98082423	-4.3464152e-17	0	300
2.524499999999856e-10	0.19479784	-0.002634994	0.9808176	-4.3464146e-17	0	300
2.5254999999998565e-10	0.1948305	-0.0026158763	0.9808111	-4.3464152e-17	0	300
2.526499999999857e-10	0.19486283	-0.0025963853	0.98080474	-4.346415e-17	0	300
2.527499999999857e-10	0.19489479	-0.002576528	0.9807983	-4.3464152e-17	0	300
2.5284999999998574e-10	0.19492635	-0.0025563096	0.98079216	-4.346416e-17	0	300
2.5294999999998577e-10	0.19495758	-0.0025357367	0.98078585	-4.3464152e-17	0	300
2.530499999999858e-10	0.19498841	-0.0025148145	0.98077977	-4.346415e-17	0	300
2.5314999999998583e-10	0.19501886	-0.0024935496	0.9807737	-4.3464162e-17	0	300
2.5324999999998586e-10	0.19504894	-0.0024719485	0.98076767	-4.346417e-17	0	300
2.533499999999859e-10	0.19507866	-0.0024500177	0.98076177	-4.3464176e-17	0	300
2.5344999999998593e-10	0.19510797	-0.0024277624	0.98075587	-4.346417e-17	0	300
2.5354999999998596e-10	0.1951369	-0.0024051887	0.98075014	-4.346417e-17	0	300
2.53649999999986e-10	0.19516543	-0.002382304	0.9807445	-4.3464176e-17	0	300
2.53749999999986e-10	0.19519356	-0.0023591137	0.9807389	-4.346417e-17	0	300
2.5384999999998605e-10	0.19522129	-0.002335624	0.9807334	-4.3464182e-17	0	300
2.539499999999861e-10	0.19524863	-0.0023118418	0.98072785	-4.346419e-17	0	300
2.540499999999861e-10	0.19527557	-0.0022877732	0.9807224	-4.3464176e-17	0	300
2.5414999999998614e-10	0.1953021	-0.0022634238	0.98071724	-4.3464192e-17	0	300
2.5424999999998617e-10	0.19532822	-0.002238801	0.98071206	-4.3464192e-17	0	300
2.543499999999862e-10	0.19535393	-0.0022139107	0.9807069	-4.3464202e-17	0	300
2.5444999999998623e-10	0.19537923	-0.0021887587	0.98070186	-4.346419e-17	0	300
2.5454999999998626e-10	0.19540411	-0.002163352	0.980697	-4.34642e-17	0	300
2.546499999999863e-10	0.19542858	-0.0021376968	0.98069197	-4.3464195e-17	0	300
2.547499999999863e-10	0.19545262	-0.0021117998	0.9806872	-4.34642e-17	0	300
2.5484999999998636e-10	0.19547626	-0.0020856669	0.9806825	-4.346421e-17	0	300
2.549499999999864e-10	0.19549944	-0.0020593044	0.98067784	-4.3464205e-17	0	300
2.550499999999864e-10	0.19552222	-0.0020327193	0.98067325	-4.3464205e-17	0	300
2.5514999999998645e-10	0.19554457	-0.0020059173	0.9806689	-4.3464202e-17	0	300
2.552499999999865e-10	0.19556649	-0.0019789054	0.98066455	-4.3464202e-17	0	300
2.553499999999865e-10	0.195588	-0.0019516897	0.98066026	-4.346421e-17	0	300
2.5544999999998654e-10	0.19560905	-0.0019242767	0.980656	-4.34642e-17	0	300
2.5554999999998657e-10	0.19562969	-0.0018966723	0.9806519	-4.346422e-17	0	300
2.556499999999866e-10	0.19564986	-0.0018688837	0.9806479	-4.3464215e-17	0	300
2.5574999999998663e-10	0.19566964	-0.0018409167	0.9806439	-4.346422e-17	0	300
2.5584999999998666e-10	0.19568896	-0.0018127778	0.98064005	-4.3464222e-17	0	300
2.559499999999867e-10	0.19570784	-0.0017844732	0.9806363	-4.346424e-17	0	300
2.560499999999867e-10	0.1957263	-0.0017560096	0.9806327	-4.3464232e-17	0	300
2.5614999999998675e-10	0.1957443	-0.0017273932	0.98062897	-4.3464225e-17	0	300
2.562499999999868e-10	0.1957619	-0.0016986304	0.98062557	-4.3464225e-17	0	300
2.563499999999868e-10	0.19577903	-0.0016697271	0.9806221	-4.3464232e-17	0	300
2.5644999999998685e-10	0.19579573	-0.0016406904	0.98061883	-4.3464235e-17	0	300
2.565499999999869e-10	0.19581199	-0.0016115258	0.9806155	-4.346423e-17	0	300
2.566499999999869e-10	0.1958278	-0.0015822401	0.9806124	-4.3464248e-17	0	300
2.5674999999998694e-10	0.19584319	-0.0015528392	0.9806093	-4.3464225e-17	0	300
2.5684999999998697e-10	0.19585815	-0.0015233293	0.9806063	-4.3464242e-17	0	300
2.56949999999987e-10	0.19587263	-0.0014937171	0.98060346	-4.3464248e-17	0	300
2.5704999999998703e-10	0.1958867	-0.0014640082	0.9806006	-4.3464235e-17	0	300
2.5714999999998706e-10	0.19590029	-0.0014342095	0.9805979	-4.3464232e-17	0	300
2.572499999999871e-10	0.19591348	-0.0014043266	0.98059523	-4.3464245e-17	0	300
2.573499999999871e-10	0.19592622	-0.001374366	0.9805927	-4.3464255e-17	0	300
2.5744999999998715e-10	0.19593853	-0.0013443333	0.9805903	-4.3464258e-17	0	300
2.575499999999872e-10	0.19595037	-0.0013142352	0.9805879	-4.346425e-17	0	300
2.576499999999872e-10	0.1959618	-0.0012840772	0.9805856	-4.3464255e-17	0	300
2.5774999999998725e-10	0.19597279	-0.0012538655	0.9805834	-4.3464248e-17	0	300
2.578499999999873e-10	0.19598332	-0.0012236064	0.9805813	-4.3464255e-17	0	300
2.579499999999873e-10	0.19599344	-0.0011933057	0.9805793	-4.3464255e-17	0	300
2.5804999999998734e-10	0.19600312	-0.0011629694	0.98057735	-4.3464258e-17	0	300
2.5814999999998737e-10	0.19601235	-0.0011326032	0.98057556	-4.3464268e-17	0	300
2.582499999999874e-10	0.19602115	-0.001102213	0.9805738	-4.346427e-17	0	300
2.5834999999998743e-10	0.19602953	-0.0010718051	0.9805721	-4.3464275e-17	0	300
2.5844999999998746e-10	0.19603746	-0.0010413852	0.9805705	-4.3464278e-17	0	300
2.585499999999875e-10	0.19604495	-0.0010109588	0.980569	-4.3464278e-17	0	300
2.586499999999875e-10	0.19605204	-0.0009805317	0.9805676	-4.346427e-17	0	300
2.5874999999998755e-10	0.19605869	-0.00095010974	0.98056626	-4.3464285e-17	0	300
2.588499999999876e-10	0.19606492	-0.0009196987	0.980565	-4.3464278e-17	0	300
2.589499999999876e-10	0.19607072	-0.00088930404	0.9805638	-4.3464278e-17	0	300
2.5904999999998764e-10	0.19607611	-0.00085893145	0.98056287	-4.346428e-17	0	300
2.591499999999877e-10	0.19608106	-0.0008285864	0.98056185	-4.3464275e-17	0	300
2.592499999999877e-10	0.19608557	-0.00079827453	0.9805609	-4.3464285e-17	0	300
2.5934999999998774e-10	0.1960897	-0.0007680012	0.98056	-4.3464288e-17	0	300
2.5944999999998777e-10	0.1960934	-0.00073777186	0.98055935	-4.3464285e-17	0	300
2.595499999999878e-10	0.19609667	-0.0007075921	0.98055863	-4.346428e-17	0	300
2.5964999999998783e-10	0.19609955	-0.00067746715	0.98055816	-4.3464288e-17	0	300
2.5974999999998786e-10	0.19610202	-0.00064740237	0.9805576	-4.3464285e-17	0	300
2.598499999999879e-10	0.19610408	-0.00061740313	0.9805571	-4.3464288e-17	0	300
2.599499999999879e-10	0.1961057	-0.0005874743	0.9805569	-4.3464295e-17	0	300
2.6004999999998795e-10	0.19610696	-0.0005576214	0.9805567	-4.3464295e-17	0	300
2.60149999999988e-10	0.1961078	-0.0005278493	0.9805564	-4.346429e-17	0	300
2.60249999999988e-10	0.19610822	-0.0004981634	0.98055637	-4.3464298e-17	0	300
2.6034999999998804e-10	0.19610828	-0.00046856844	0.98055637	-4.3464298e-17	0	300
2.6044999999998807e-10	0.19610794	-0.00043906952	0.9805564	-4.3464298e-17	0	300
2.605499999999881e-10	0.19610718	-0.00040967163	0.98055667	-4.3464305e-17	0	300
2.6064999999998813e-10	0.19610606	-0.00038037967	0.98055685	-4.34643e-17	0	300
2.6074999999998817e-10	0.19610454	-0.00035119843	0.9805571	-4.3464314e-17	0	300
2.608499999999882e-10	0.19610265	-0.00032213275	0.9805575	-4.34643e-17	0	300
2.6094999999998823e-10	0.19610035	-0.00029318733	0.9805579	-4.3464305e-17	0	300
2.6104999999998826e-10	0.19609769	-0.00026436688	0.9805586	-4.346431e-17	0	300
2.611499999999883e-10	0.19609465	-0.00023567595	0.98055905	-4.346431e-17	0	300
2.612499999999883e-10	0.19609123	-0.00020711918	0.98055977	-4.3464308e-17	0	300
2.6134999999998835e-10	0.19608743	-0.00017870113	0.9805606	-4.346431e-17	0	300
2.614499999999884e-10	0.1960833	-0.00015042619	0.9805614	-4.3464318e-17	0	300
2.615499999999884e-10	0.19607878	-0.00012229895	0.9805622	-4.346432e-17	0	300
2.6164999999998844e-10	0.1960739	-9.432353e-05	0.9805633	-4.346431e-17	0	300
2.6174999999998847e-10	0.19606867	-6.650445e-05	0.98056436	-4.346431e-17	0	300
2.618499999999885e-10	0.1960631	-3.8845777e-05	0.98056537	-4.3464308e-17	0	300
2.6194999999998853e-10	0.19605717	-1.135176e-05	0.9805667	-4.346433e-17	0	300
2.6204999999998856e-10	0.19605087	1.5973423e-05	0.98056793	-4.3464324e-17	0	300
2.621499999999886e-10	0.19604425	4.312573e-05	0.9805691	-4.3464314e-17	0	300
2.622499999999886e-10	0.19603729	7.010106e-05	0.98057055	-4.346432e-17	0	300
2.6234999999998866e-10	0.19602996	9.689544e-05	0.98057204	-4.346432e-17	0	300
2.624499999999887e-10	0.19602232	0.00012350496	0.98057353	-4.346433e-17	0	300
2.625499999999887e-10	0.19601434	0.00014992585	0.98057514	-4.3464324e-17	0	300
2.6264999999998875e-10	0.19600604	0.00017615428	0.9805768	-4.3464334e-17	0	300
2.627499999999888e-10	0.19599743	0.00020218654	0.9805786	-4.3464334e-17	0	300
2.628499999999888e-10	0.19598848	0.00022801895	0.98058033	-4.3464328e-17	0	300
2.6294999999998884e-10	0.19597922	0.000253648	0.98058224	-4.346435e-17	0	300
2.6304999999998887e-10	0.19596964	0.00027907005	0.9805841	-4.3464348e-17	0	300
2.631499999999889e-10	0.19595976	0.00030428162	0.98058605	-4.3464338e-17	0	300
2.6324999999998893e-10	0.19594958	0.00032927925	0.9805881	-4.346433e-17	0	300
2.6334999999998896e-10	0.1959391	0.0003540596	0.98059016	-4.346434e-17	0	300
2.63449999999989e-10	0.1959283	0.0003786194	0.9805923	-4.3464348e-17	0	300
2.63549999999989e-10	0.19591725	0.0004029554	0.9805946	-4.3464334e-17	0	300
2.6364999999998905e-10	0.19590586	0.0004270645	0.98059684	-4.346434e-17	0	300
2.637499999999891e-10	0.19589421	0.00045094348	0.9805991	-4.3464354e-17	0	300
2.638499999999891e-10	0.19588229	0.00047458932	0.98060155	-4.3464338e-17	0	300
2.6394999999998915e-10	0.19587009	0.000497999	0.98060405	-4.3464338e-17	0	300
2.640499999999892e-10	0.19585758	0.0005211696	0.98060644	-4.3464344e-17	0	300
2.641499999999892e-10	0.19584484	0.0005440984	0.9806091	-4.3464344e-17	0	300
2.6424999999998924e-10	0.19583182	0.0005667823	0.9806117	-4.346435e-17	0	300
2.6434999999998927e-10	0.19581854	0.0005892188	0.9806143	-4.3464357e-17	0	300
2.644499999999893e-10	0.195805	0.00061140506	0.98061705	-4.3464364e-17	0	300
2.6454999999998933e-10	0.1957912	0.0006333386	0.9806197	-4.346435e-17	0	300
2.6464999999998936e-10	0.19577715	0.0006550168	0.98062253	-4.3464357e-17	0	300
2.647499999999894e-10	0.19576287	0.00067643716	0.98062545	-4.3464367e-17	0	300
2.648499999999894e-10	0.19574833	0.00069759745	0.9806283	-4.3464354e-17	0	300
2.6494999999998945e-10	0.19573359	0.00071849517	0.98063135	-4.3464354e-17	0	300
2.650499999999895e-10	0.19571859	0.000739128	0.9806343	-4.346437e-17	0	300
2.651499999999895e-10	0.19570337	0.00075949373	0.9806374	-4.3464367e-17	0	300
2.6524999999998955e-10	0.1956879	0.0007795904	0.9806405	-4.3464367e-17	0	300
2.653499999999896e-10	0.19567226	0.0007994155	0.9806436	-4.3464374e-17	0	300
2.654499999999896e-10	0.19565637	0.00081896735	0.9806467	-4.3464377e-17	0	300
2.6554999999998964e-10	0.19564027	0.00083824375	0.98064995	-4.3464377e-17	0	300
2.6564999999998967e-10	0.19562398	0.00085724285	0.98065317	-4.346437e-17	0	300
2.657499999999897e-10	0.19560747	0.00087596296	0.9806565	-4.3464364e-17	0	300
2.6584999999998973e-10	0.19559076	0.000894402	0.98065996	-4.3464377e-17	0	300
2.6594999999998976e-10	0.1955739	0.0009125584	0.98066324	-4.3464364e-17	0	300
2.660499999999898e-10	0.19555679	0.00093043054	0.98066664	-4.3464367e-17	0	300
2.661499999999898e-10	0.19553952	0.0009480168	0.98067003	-4.3464377e-17	0	300
2.6624999999998985e-10	0.19552208	0.0009653158	0.9806736	-4.3464367e-17	0	300
2.663499999999899e-10	0.19550446	0.0009823259	0.9806772	-4.3464374e-17	0	300
2.664499999999899e-10	0.19548666	0.0009990456	0.9806807	-4.3464384e-17	0	300
2.6654999999998994e-10	0.19546872	0.0010154739	0.9806843	-4.3464377e-17	0	300
2.6664999999999e-10	0.19545057	0.0010316091	0.98068786	-4.346436e-17	0	300
2.6674999999999e-10	0.19543232	0.0010474505	0.98069155	-4.3464384e-17	0	300
2.6684999999999004e-10	0.19541386	0.0010629966	0.98069525	-4.3464384e-17	0	300
2.6694999999999007e-10	0.19539529	0.0010782463	0.98069894	-4.3464374e-17	0	300
2.670499999999901e-10	0.19537656	0.0010931988	0.9807027	-4.3464387e-17	0	300
2.6714999999999013e-10	0.1953577	0.001107853	0.98070645	-4.346439e-17	0	300
2.6724999999999016e-10	0.19533868	0.0011222082	0.9807103	-4.3464394e-17	0	300
2.673499999999902e-10	0.19531956	0.0011362631	0.98071414	-4.3464394e-17	0	300
2.674499999999902e-10	0.19530028	0.0011500171	0.9807179	-4.346439e-17	0	300
2.6754999999999025e-10	0.19528091	0.0011634699	0.98072183	-4.34644e-17	0	300
2.676499999999903e-10	0.19526139	0.0011766203	0.9807257	-4.3464387e-17	0	300
2.677499999999903e-10	0.19524176	0.001189468	0.9807297	-4.3464387e-17	0	300
2.6784999999999034e-10	0.19522204	0.0012020122	0.98073363	-4.346439e-17	0	300
2.6794999999999037e-10	0.1952022	0.0012142528	0.98073757	-4.3464394e-17	0	300
2.680499999999904e-10	0.19518228	0.0012261892	0.98074156	-4.34644e-17	0	300
2.6814999999999044e-10	0.19516224	0.0012378212	0.9807456	-4.3464397e-17	0	300
2.6824999999999047e-10	0.19514214	0.0012491483	0.9807496	-4.346438e-17	0	300
2.683499999999905e-10	0.19512191	0.0012601701	0.98075366	-4.346439e-17	0	300
2.6844999999999053e-10	0.19510162	0.001270887	0.9807577	-4.3464397e-17	0	300
2.6854999999999056e-10	0.19508123	0.0012812985	0.9807618	-4.3464384e-17	0	300
2.686499999999906e-10	0.1950608	0.0012914042	0.98076576	-4.34644e-17	0	300
2.687499999999906e-10	0.19504029	0.0013012049	0.98076993	-4.3464384e-17	0	300
2.6884999999999065e-10	0.1950197	0.0013107	0.9807741	-4.3464394e-17	0	300
2.689499999999907e-10	0.19499904	0.0013198899	0.9807782	-4.3464394e-17	0	300
2.690499999999907e-10	0.19497833	0.0013287747	0.9807823	-4.3464407e-17	0	300
2.6914999999999074e-10	0.19495758	0.0013373547	0.98078656	-4.34644e-17	0	300
2.6924999999999077e-10	0.19493675	0.0013456299	0.9807908	-4.34644e-17	0	300
2.693499999999908e-10	0.19491589	0.001353601	0.9807949	-4.346439e-17	0	300
2.6944999999999083e-10	0.19489501	0.001361268	0.9807991	-4.34644e-17	0	300
2.6954999999999086e-10	0.1948741	0.0013686316	0.98080325	-4.3464404e-17	0	300
2.696499999999909e-10	0.19485311	0.0013756923	0.9808074	-4.34644e-17	0	300
2.6974999999999093e-10	0.19483213	0.0013824508	0.9808116	-4.3464407e-17	0	300
2.6984999999999096e-10	0.19481112	0.0013889075	0.9808159	-4.3464404e-17	0	300
2.69949999999991e-10	0.19479008	0.001395063	0.98082006	-4.346441e-17	0	300
2.70049999999991e-10	0.19476902	0.0014009182	0.98082423	-4.346442e-17	0	300
2.7014999999999105e-10	0.19474797	0.0014064737	0.98082846	-4.34644e-17	0	300
2.702499999999911e-10	0.19472688	0.0014117302	0.9808327	-4.3464407e-17	0	300
2.703499999999911e-10	0.19470581	0.0014166889	0.980837	-4.34644e-17	0	300
2.7044999999999114e-10	0.19468476	0.0014213505	0.98084116	-4.3464414e-17	0	300
2.7054999999999117e-10	0.19466367	0.0014257162	0.9808454	-4.3464417e-17	0	300
2.706499999999912e-10	0.19464262	0.0014297868	0.9808495	-4.346441e-17	0	300
2.7074999999999123e-10	0.19462155	0.0014335634	0.98085374	-4.3464417e-17	0	300
2.7084999999999126e-10	0.19460052	0.0014370471	0.98085797	-4.3464407e-17	0	300
2.709499999999913e-10	0.19457951	0.0014402391	0.9808622	-4.3464414e-17	0	300
2.710499999999913e-10	0.19455853	0.0014431407	0.98086643	-4.3464417e-17	0	300
2.7114999999999136e-10	0.19453754	0.0014457529	0.9808706	-4.3464417e-17	0	300
2.712499999999914e-10	0.19451661	0.0014480773	0.9808748	-4.346442e-17	0	300
2.713499999999914e-10	0.19449571	0.0014501151	0.98087895	-4.346441e-17	0	300
2.7144999999999145e-10	0.19447485	0.0014518675	0.9808831	-4.3464424e-17	0	300
2.715499999999915e-10	0.19445401	0.0014533364	0.98088735	-4.346442e-17	0	300
2.716499999999915e-10	0.19443326	0.0014545231	0.9808914	-4.3464427e-17	0	300
2.7174999999999154e-10	0.19441253	0.0014554288	0.98089564	-4.346442e-17	0	300
2.7184999999999157e-10	0.19439186	0.0014560557	0.98089975	-4.3464427e-17	0	300
2.719499999999916e-10	0.19437125	0.0014564045	0.9809039	-4.3464424e-17	0	300
2.7204999999999163e-10	0.19435069	0.0014564777	0.980908	-4.3464424e-17	0	300
2.7214999999999166e-10	0.19433022	0.0014562765	0.9809121	-4.3464417e-17	0	300
2.722499999999917e-10	0.19430977	0.001455803	0.98091626	-4.3464434e-17	0	300
2.723499999999917e-10	0.1942894	0.0014550589	0.9809203	-4.346442e-17	0	300
2.7244999999999175e-10	0.19426912	0.0014540458	0.98092437	-4.3464434e-17	0	300
2.725499999999918e-10	0.19424893	0.0014527657	0.9809284	-4.346443e-17	0	300
2.726499999999918e-10	0.19422883	0.0014512206	0.9809325	-4.3464434e-17	0	300
2.7274999999999185e-10	0.19420877	0.001449412	0.9809364	-4.3464424e-17	0	300
2.728499999999919e-10	0.19418882	0.0014473426	0.9809404	-4.3464444e-17	0	300
2.729499999999919e-10	0.19416896	0.0014450136	0.9809444	-4.3464444e-17	0	300
2.7304999999999194e-10	0.19414918	0.0014424276	0.9809484	-4.3464434e-17	0	300
2.7314999999999197e-10	0.19412953	0.0014395865	0.9809524	-4.3464434e-17	0	300
2.73249999999992e-10	0.19410995	0.0014364925	0.9809562	-4.3464434e-17	0	300
2.7334999999999203e-10	0.19409047	0.0014331476	0.9809602	-4.3464427e-17	0	300
2.7344999999999206e-10	0.19407111	0.0014295541	0.98096395	-4.346443e-17	0	300
2.735499999999921e-10	0.19405183	0.001425714	0.9809678	-4.3464437e-17	0	300
2.736499999999921e-10	0.19403271	0.0014216298	0.98097175	-4.3464437e-17	0	300
2.7374999999999215e-10	0.1940137	0.0014173038	0.98097557	-4.3464437e-17	0	300
2.738499999999922e-10	0.19399478	0.0014127382	0.9809793	-4.346444e-17	0	300
2.739499999999922e-10	0.19397597	0.0014079354	0.98098314	-4.3464434e-17	0	300
2.7404999999999224e-10	0.1939573	0.0014028976	0.98098683	-4.3464444e-17	0	300
2.741499999999923e-10	0.19393878	0.0013976274	0.9809906	-4.3464434e-17	0	300
2.742499999999923e-10	0.19392034	0.0013921272	0.9809942	-4.3464434e-17	0	300
2.7434999999999234e-10	0.19390206	0.0013863996	0.98099786	-4.3464427e-17	0	300
2.7444999999999237e-10	0.19388391	0.0013804466	0.9810015	-4.346445e-17	0	300
2.745499999999924e-10	0.1938659	0.0013742712	0.9810052	-4.3464444e-17	0	300
2.7464999999999243e-10	0.19384801	0.0013678758	0.98100877	-4.346444e-17	0	300
2.7474999999999246e-10	0.19383028	0.0013612628	0.9810122	-4.3464444e-17	0	300
2.748499999999925e-10	0.19381271	0.001354435	0.9810158	-4.3464444e-17	0	300
2.749499999999925e-10	0.19379523	0.001347395	0.98101926	-4.3464447e-17	0	300
2.7504999999999255e-10	0.19377796	0.0013401455	0.98102266	-4.3464444e-17	0	300
2.751499999999926e-10	0.19376081	0.0013326888	0.9810262	-4.346445e-17	0	300
2.752499999999926e-10	0.19374382	0.001325028	0.98102957	-4.346445e-17	0	300
2.7534999999999264e-10	0.193727	0.0013171656	0.981033	-4.3464447e-17	0	300
2.754499999999927e-10	0.19371031	0.0013091044	0.9810363	-4.3464437e-17	0	300
2.755499999999927e-10	0.19369379	0.0013008472	0.98103964	-4.3464444e-17	0	300
2.7564999999999274e-10	0.19367746	0.0012923965	0.981043	-4.346445e-17	0	300
2.7574999999999277e-10	0.19366126	0.0012837553	0.98104614	-4.3464447e-17	0	300
2.758499999999928e-10	0.19364521	0.0012749264	0.9810493	-4.3464453e-17	0	300
2.7594999999999283e-10	0.19362937	0.0012659125	0.9810525	-4.346445e-17	0	300
2.7604999999999286e-10	0.19361368	0.0012567168	0.9810557	-4.3464444e-17	0	300
2.761499999999929e-10	0.19359818	0.0012473417	0.9810587	-4.346445e-17	0	300
2.762499999999929e-10	0.19358283	0.0012377902	0.98106194	-4.3464444e-17	0	300
2.7634999999999295e-10	0.19356766	0.0012280656	0.98106486	-4.3464457e-17	0	300
2.76449999999993e-10	0.19355266	0.0012181702	0.9810679	-4.346446e-17	0	300
2.76549999999993e-10	0.19353786	0.0012081073	0.98107094	-4.3464457e-17	0	300
2.7664999999999304e-10	0.19352323	0.0011978796	0.98107386	-4.3464447e-17	0	300
2.7674999999999307e-10	0.19350879	0.0011874902	0.9810767	-4.346446e-17	0	300
2.768499999999931e-10	0.19349453	0.001176942	0.98107964	-4.346445e-17	0	300
2.7694999999999313e-10	0.19348043	0.0011662381	0.98108244	-4.346445e-17	0	300
2.7704999999999317e-10	0.19346656	0.0011553812	0.9810852	-4.3464467e-17	0	300
2.771499999999932e-10	0.19345285	0.0011443747	0.9810879	-4.346446e-17	0	300
2.7724999999999323e-10	0.19343933	0.0011332212	0.9810907	-4.3464463e-17	0	300
2.7734999999999326e-10	0.19342601	0.0011219239	0.9810933	-4.346445e-17	0	300
2.774499999999933e-10	0.19341289	0.0011104856	0.98109597	-4.3464457e-17	0	300
2.775499999999933e-10	0.19339995	0.0010989096	0.98109853	-4.3464457e-17	0	300
2.7764999999999335e-10	0.1933872	0.0010871988	0.98110116	-4.3464453e-17	0	300
2.777499999999934e-10	0.19337468	0.0010753563	0.98110366	-4.346446e-17	0	300
2.778499999999934e-10	0.19336233	0.0010633852	0.98110616	-4.3464457e-17	0	300
2.7794999999999344e-10	0.19335015	0.0010512881	0.9811086	-4.346446e-17	0	300
2.7804999999999347e-10	0.19333822	0.0010390687	0.981111	-4.3464457e-17	0	300
2.781499999999935e-10	0.19332644	0.0010267296	0.98111326	-4.3464463e-17	0	300
2.7824999999999353e-10	0.19331492	0.001014274	0.98111564	-4.3464467e-17	0	300
2.7834999999999356e-10	0.19330359	0.001001705	0.9811179	-4.346446e-17	0	300
2.784499999999936e-10	0.19329244	0.0009890258	0.9811201	-4.346447e-17	0	300
2.785499999999936e-10	0.19328149	0.0009762391	0.9811223	-4.346447e-17	0	300
2.7864999999999366e-10	0.19327076	0.00096334826	0.9811245	-4.3464467e-17	0	300
2.787499999999937e-10	0.19326024	0.0009503564	0.9811266	-4.3464473e-17	0	300
2.788499999999937e-10	0.19324988	0.0009372665	0.9811287	-4.3464457e-17	0	300
2.7894999999999375e-10	0.19323978	0.0009240815	0.9811307	-4.3464473e-17	0	300
2.790499999999938e-10	0.19322988	0.0009108045	0.98113275	-4.3464477e-17	0	300
2.791499999999938e-10	0.1932202	0.0008974386	0.98113465	-4.3464463e-17	0	300
2.7924999999999384e-10	0.19321069	0.00088398706	0.98113656	-4.3464463e-17	0	300
2.7934999999999387e-10	0.19320141	0.0008704526	0.9811385	-4.3464463e-17	0	300
2.794499999999939e-10	0.19319233	0.00085683854	0.98114026	-4.346447e-17	0	300
2.7954999999999393e-10	0.19318347	0.00084314786	0.98114204	-4.3464477e-17	0	300
2.7964999999999396e-10	0.19317482	0.0008293836	0.9811438	-4.3464457e-17	0	300
2.79749999999994e-10	0.1931664	0.00081554893	0.9811455	-4.3464473e-17	0	300
2.79849999999994e-10	0.19315816	0.0008016466	0.98114717	-4.346446e-17	0	300
2.7994999999999405e-10	0.19315015	0.00078768004	0.9811488	-4.346447e-17	0	300
2.800499999999941e-10	0.19314235	0.00077365193	0.9811503	-4.346447e-17	0	300
2.801499999999941e-10	0.19313475	0.0007595655	0.9811519	-4.3464473e-17	0	300
2.8024999999999415e-10	0.19312736	0.0007454238	0.98115337	-4.3464473e-17	0	300
2.803499999999942e-10	0.19312021	0.00073122955	0.98115486	-4.3464473e-17	0	300
2.804499999999942e-10	0.19311324	0.000716986	0.9811563	-4.3464467e-17	0	300
2.8054999999999424e-10	0.1931065	0.00070269604	0.9811576	-4.346447e-17	0	300
2.8064999999999427e-10	0.19309995	0.00068836263	0.9811589	-4.3464473e-17	0	300
2.807499999999943e-10	0.19309366	0.00067398883	0.98116016	-4.3464473e-17	0	300
2.8084999999999433e-10	0.19308752	0.0006595775	0.9811614	-4.3464467e-17	0	300
2.8094999999999436e-10	0.19308162	0.00064513145	0.9811626	-4.3464487e-17	0	300
2.810499999999944e-10	0.19307593	0.0006306537	0.98116374	-4.346449e-17	0	300
2.811499999999944e-10	0.19307046	0.0006161473	0.9811648	-4.3464483e-17	0	300
2.8124999999999445e-10	0.19306517	0.0006016149	0.98116595	-4.3464473e-17	0	300
2.813499999999945e-10	0.19306011	0.0005870595	0.9811669	-4.346448e-17	0	300
2.814499999999945e-10	0.19305526	0.00057248404	0.9811679	-4.346447e-17	0	300
2.8154999999999455e-10	0.19305061	0.0005578914	0.9811689	-4.3464477e-17	0	300
2.816499999999946e-10	0.19304618	0.00054328423	0.98116976	-4.3464483e-17	0	300
2.817499999999946e-10	0.19304197	0.0005286656	0.9811706	-4.346447e-17	0	300
2.8184999999999464e-10	0.19303794	0.0005140383	0.98117137	-4.3464483e-17	0	300
2.8194999999999467e-10	0.19303413	0.0004994051	0.9811722	-4.3464483e-17	0	300
2.820499999999947e-10	0.19303054	0.00048476877	0.9811729	-4.346448e-17	0	300
2.8214999999999473e-10	0.19302714	0.0004701321	0.98117363	-4.3464483e-17	0	300
2.8224999999999476e-10	0.19302396	0.00045549785	0.98117423	-4.346449e-17	0	300
2.823499999999948e-10	0.19302097	0.00044086878	0.9811749	-4.346448e-17	0	300
2.824499999999948e-10	0.1930182	0.00042624763	0.9811754	-4.3464477e-17	0	300
2.8254999999999485e-10	0.19301564	0.00041163704	0.981176	-4.3464487e-17	0	300
2.826499999999949e-10	0.19301327	0.00039703984	0.9811765	-4.346448e-17	0	300
2.827499999999949e-10	0.19301109	0.00038245853	0.98117685	-4.3464477e-17	0	300
2.8284999999999494e-10	0.19300914	0.00036789587	0.98117733	-4.3464483e-17	0	300
2.82949999999995e-10	0.19300736	0.00035335444	0.98117757	-4.346448e-17	0	300
2.83049999999995e-10	0.1930058	0.0003388368	0.981178	-4.346448e-17	0	300
2.8314999999999504e-10	0.19300443	0.00032434554	0.9811782	-4.346449e-17	0	300
2.8324999999999507e-10	0.19300327	0.00030988338	0.9811785	-4.346449e-17	0	300
2.833499999999951e-10	0.1930023	0.00029545272	0.9811787	-4.3464493e-17	0	300
2.8344999999999513e-10	0.19300152	0.00028105604	0.9811789	-4.3464493e-17	0	300
2.8354999999999516e-10	0.19300093	0.00026669595	0.98117894	-4.3464477e-17	0	300
2.836499999999952e-10	0.19300056	0.00025237477	0.9811791	-4.346449e-17	0	300
2.837499999999952e-10	0.19300033	0.00023809505	0.9811791	-4.346448e-17	0	300
2.8384999999999525e-10	0.19300035	0.00022385921	0.9811793	-4.3464493e-17	0	300
2.839499999999953e-10	0.19300054	0.00020966963	0.9811791	-4.3464483e-17	0	300
2.840499999999953e-10	0.19300088	0.00019552879	0.9811791	-4.346449e-17	0	300
2.8414999999999534e-10	0.19300146	0.00018143903	0.98117906	-4.346448e-17	0	300
2.8424999999999537e-10	0.19300221	0.00016740261	0.9811788	-4.3464496e-17	0	300
2.843499999999954e-10	0.19300315	0.0001534218	0.9811787	-4.3464487e-17	0	300
2.8444999999999544e-10	0.19300425	0.00013949895	0.98117846	-4.3464487e-17	0	300
2.8454999999999547e-10	0.19300555	0.00012563619	0.9811783	-4.3464487e-17	0	300
2.846499999999955e-10	0.19300702	0.00011183591	0.9811779	-4.3464487e-17	0	300
2.8474999999999553e-10	0.19300868	9.81003e-05	0.9811776	-4.3464483e-17	0	300
2.8484999999999556e-10	0.19301051	8.4431544e-05	0.9811773	-4.3464493e-17	0	300
2.849499999999956e-10	0.19301252	7.083182e-05	0.98117685	-4.3464487e-17	0	300
2.850499999999956e-10	0.19301471	5.7303194e-05	0.98117644	-4.3464496e-17	0	300
2.8514999999999565e-10	0.19301708	4.3847853e-05	0.98117596	-4.346449e-17	0	300
2.852499999999957e-10	0.19301961	3.0467812e-05	0.9811755	-4.3464487e-17	0	300
2.853499999999957e-10	0.19302231	1.7165175e-05	0.981175	-4.34645e-17	0	300
2.8544999999999574e-10	0.19302519	3.9419756e-06	0.98117447	-4.3464496e-17	0	300
2.8554999999999577e-10	0.19302823	-9.199877e-06	0.98117375	-4.3464493e-17	0	300
2.856499999999958e-10	0.19303142	-2.2258424e-05	0.9811731	-4.346449e-17	0	300
2.8574999999999583e-10	0.1930348	-3.523165e-05	0.9811725	-4.3464493e-17	0	300
2.8584999999999586e-10	0.19303833	-4.811775e-05	0.9811718	-4.3464493e-17	0	300
2.859499999999959e-10	0.19304202	-6.091469e-05	0.9811711	-4.346449e-17	0	300
2.860499999999959e-10	0.19304587	-7.362073e-05	0.9811703	-4.3464493e-17	0	300
2.8614999999999596e-10	0.1930499	-8.6234046e-05	0.9811695	-4.3464483e-17	0	300
2.86249999999996e-10	0.19305404	-9.875278e-05	0.98116875	-4.3464487e-17	0	300
2.86349999999996e-10	0.19305836	-0.00011117523	0.98116785	-4.3464493e-17	0	300
2.8644999999999605e-10	0.19306283	-0.00012349962	0.98116696	-4.3464496e-17	0	300
2.865499999999961e-10	0.19306745	-0.00013572426	0.98116606	-4.346449e-17	0	300
2.866499999999961e-10	0.19307223	-0.00014784737	0.9811651	-4.3464496e-17	0	300
2.8674999999999614e-10	0.19307715	-0.00015986741	0.98116416	-4.34645e-17	0	300
2.8684999999999617e-10	0.1930822	-0.00017178277	0.9811632	-4.3464506e-17	0	300
2.869499999999962e-10	0.1930874	-0.00018359181	0.98116213	-4.3464503e-17	0	300
2.8704999999999623e-10	0.19309275	-0.00019529302	0.9811611	-4.3464493e-17	0	300
2.8714999999999626e-10	0.19309822	-0.00020688493	0.98116	-4.3464493e-17	0	300
2.872499999999963e-10	0.19310385	-0.00021836584	0.9811589	-4.3464496e-17	0	300
2.873499999999963e-10	0.19310959	-0.00022973437	0.98115784	-4.34645e-17	0	300
2.8744999999999636e-10	0.1931155	-0.00024098917	0.98115647	-4.3464493e-17	0	300
2.875499999999964e-10	0.19312151	-0.00025212864	0.98115534	-4.346449e-17	0	300
2.876499999999964e-10	0.19312766	-0.00026315165	0.98115414	-4.3464503e-17	0	300
2.8774999999999645e-10	0.19313397	-0.0002740567	0.9811529	-4.346451e-17	0	300
2.878499999999965e-10	0.19314033	-0.00028484242	0.98115164	-4.3464503e-17	0	300
2.879499999999965e-10	0.19314687	-0.0002955077	0.9811504	-4.3464496e-17	0	300
2.8804999999999654e-10	0.19315352	-0.00030605117	0.98114896	-4.3464496e-17	0	300
2.8814999999999657e-10	0.19316028	-0.00031647162	0.9811477	-4.3464496e-17	0	300
2.882499999999966e-10	0.19316718	-0.0003267678	0.9811462	-4.3464496e-17	0	300
2.8834999999999663e-10	0.19317418	-0.00033693854	0.9811449	-4.3464503e-17	0	300
2.8844999999999666e-10	0.1931813	-0.00034698274	0.9811435	-4.3464503e-17	0	300
2.885499999999967e-10	0.19318853	-0.0003568993	0.98114204	-4.3464506e-17	0	300
2.886499999999967e-10	0.19319588	-0.00036668713	0.98114055	-4.346451e-17	0	300
2.8874999999999675e-10	0.19320333	-0.00037634507	0.9811391	-4.3464506e-17	0	300
2.888499999999968e-10	0.19321087	-0.0003858722	0.98113763	-4.3464487e-17	0	300
2.889499999999968e-10	0.19321853	-0.00039526753	0.98113614	-4.346449e-17	0	300
2.8904999999999685e-10	0.19322628	-0.00040453006	0.9811345	-4.346451e-17	0	300
2.891499999999969e-10	0.19323418	-0.0004136589	0.9811329	-4.3464503e-17	0	300
2.892499999999969e-10	0.1932421	-0.00042265328	0.9811313	-4.34645e-17	0	300
2.8934999999999694e-10	0.19325015	-0.00043151216	0.98112977	-4.3464496e-17	0	300
2.8944999999999697e-10	0.19325832	-0.00044023478	0.9811282	-4.3464503e-17	0	300
2.89549999999997e-10	0.19326654	-0.00044882036	0.9811266	-4.3464503e-17	0	300
2.8964999999999703e-10	0.19327487	-0.00045726818	0.9811249	-4.346451e-17	0	300
2.8974999999999706e-10	0.19328326	-0.00046557744	0.9811232	-4.3464496e-17	0	300
2.898499999999971e-10	0.19329175	-0.00047374744	0.98112154	-4.3464506e-17	0	300
2.899499999999971e-10	0.19330037	-0.0004817776	0.9811198	-4.3464513e-17	0	300
2.9004999999999715e-10	0.193309	-0.00048966706	0.98111814	-4.3464506e-17	0	300
2.901499999999972e-10	0.19331773	-0.00049741537	0.98111635	-4.3464496e-17	0	300
2.902499999999972e-10	0.19332655	-0.00050502206	0.9811146	-4.3464506e-17	0	300
2.9034999999999724e-10	0.19333543	-0.00051248644	0.98111284	-4.346451e-17	0	300
2.904499999999973e-10	0.19334438	-0.000519808	0.98111105	-4.3464496e-17	0	300
2.905499999999973e-10	0.1933534	-0.00052698626	0.98110926	-4.3464503e-17	0	300
2.9064999999999734e-10	0.1933625	-0.0005340209	0.9811075	-4.3464506e-17	0	300
2.9074999999999737e-10	0.19337165	-0.00054091134	0.9811056	-4.346451e-17	0	300
2.908499999999974e-10	0.19338086	-0.0005476572	0.9811038	-4.3464506e-17	0	300
2.9094999999999743e-10	0.19339015	-0.0005542582	0.981102	-4.346449e-17	0	300
2.9104999999999746e-10	0.19339947	-0.00056071393	0.9811001	-4.3464503e-17	0	300
2.911499999999975e-10	0.19340888	-0.00056702417	0.9810982	-4.346451e-17	0	300
2.912499999999975e-10	0.19341832	-0.00057318853	0.9810964	-4.346451e-17	0	300
2.9134999999999755e-10	0.19342783	-0.0005792068	0.9810944	-4.3464513e-17	0	300
2.914499999999976e-10	0.19343737	-0.00058507855	0.9810925	-4.3464516e-17	0	300
2.915499999999976e-10	0.19344698	-0.00059080386	0.98109066	-4.3464506e-17	0	300
2.9164999999999764e-10	0.19345662	-0.0005963825	0.98108876	-4.346451e-17	0	300
2.917499999999977e-10	0.1934663	-0.0006018142	0.9810868	-4.346451e-17	0	300
2.918499999999977e-10	0.19347604	-0.000607099	0.98108476	-4.346451e-17	0	300
2.9194999999999774e-10	0.19348583	-0.00061223673	0.9810829	-4.3464526e-17	0	300
2.9204999999999777e-10	0.19349565	-0.0006172274	0.9810809	-4.3464516e-17	0	300
2.921499999999978e-10	0.19350548	-0.00062207103	0.98107904	-4.346451e-17	0	300
2.9224999999999783e-10	0.19351538	-0.0006267675	0.98107696	-4.34645e-17	0	300
2.9234999999999786e-10	0.19352527	-0.00063131686	0.9810749	-4.3464506e-17	0	300
2.924499999999979e-10	0.19353522	-0.0006357192	0.981073	-4.3464516e-17	0	300
2.925499999999979e-10	0.19354516	-0.0006399747	0.98107105	-4.34645e-17	0	300
2.9264999999999795e-10	0.19355516	-0.00064408325	0.9810691	-4.3464516e-17	0	300
2.92749999999998e-10	0.1935652	-0.00064804504	0.9810671	-4.3464516e-17	0	300
2.92849999999998e-10	0.19357523	-0.0006518603	0.98106503	-4.346452e-17	0	300
2.9294999999999804e-10	0.19358529	-0.00065552915	0.98106307	-4.3464506e-17	0	300
2.9304999999999807e-10	0.19359538	-0.0006590521	0.9810611	-4.3464516e-17	0	300
2.931499999999981e-10	0.19360547	-0.0006624291	0.9810591	-4.346451e-17	0	300
2.9324999999999813e-10	0.19361556	-0.0006656604	0.981057	-4.3464513e-17	0	300
2.9334999999999816e-10	0.19362567	-0.0006687464	0.98105496	-4.346452e-17	0	300
2.934499999999982e-10	0.19363579	-0.00067168754	0.981053	-4.3464513e-17	0	300
2.9354999999999823e-10	0.19364592	-0.00067448395	0.98105097	-4.3464513e-17	0	300
2.9364999999999826e-10	0.19365609	-0.00067713606	0.98104894	-4.3464506e-17	0	300
2.937499999999983e-10	0.19366622	-0.0006796443	0.98104703	-4.3464503e-17	0	300
2.938499999999983e-10	0.19367638	-0.00068200915	0.9810448	-4.346451e-17	0	300
2.9394999999999835e-10	0.19368652	-0.00068423094	0.98104286	-4.3464516e-17	0	300
2.940499999999984e-10	0.19369668	-0.00068631023	0.98104084	-4.3464523e-17	0	300
2.941499999999984e-10	0.1937068	-0.00068824756	0.9810388	-4.3464516e-17	0	300
2.9424999999999844e-10	0.19371691	-0.0006900434	0.9810368	-4.3464516e-17	0	300
2.9434999999999847e-10	0.19372705	-0.00069169805	0.98103476	-4.346451e-17	0	300
2.944499999999985e-10	0.19373716	-0.00069321244	0.9810328	-4.3464506e-17	0	300
2.9454999999999853e-10	0.19374727	-0.000694587	0.9810307	-4.346452e-17	0	300
2.9464999999999856e-10	0.19375736	-0.00069582235	0.98102874	-4.346452e-17	0	300
2.947499999999986e-10	0.19376743	-0.00069691904	0.98102677	-4.3464516e-17	0	300
2.948499999999986e-10	0.19377747	-0.0006978778	0.98102474	-4.3464526e-17	0	300
2.9494999999999866e-10	0.19378752	-0.00069869927	0.98102266	-4.346452e-17	0	300
2.950499999999987e-10	0.19379754	-0.00069938425	0.9810207	-4.3464523e-17	0	300
2.951499999999987e-10	0.19380753	-0.00069993356	0.9810187	-4.3464506e-17	0	300
2.9524999999999875e-10	0.19381748	-0.0007003476	0.9810167	-4.346451e-17	0	300
2.953499999999988e-10	0.19382744	-0.0007006273	0.9810147	-4.3464513e-17	0	300
2.954499999999988e-10	0.19383736	-0.00070077344	0.9810129	-4.3464516e-17	0	300
2.9554999999999884e-10	0.19384725	-0.00070078706	0.9810108	-4.346451e-17	0	300
2.9564999999999887e-10	0.19385712	-0.00070066866	0.9810088	-4.346452e-17	0	300
2.957499999999989e-10	0.19386694	-0.00070041924	0.98100686	-4.346452e-17	0	300
2.9584999999999893e-10	0.19387673	-0.00070003956	0.98100495	-4.3464506e-17	0	300
2.9594999999999896e-10	0.19388647	-0.0006995305	0.98100305	-4.34645e-17	0	300
2.96049999999999e-10	0.19389619	-0.00069889304	0.981001	-4.3464513e-17	0	300
2.96149999999999e-10	0.19390586	-0.000698128	0.98099905	-4.3464516e-17	0	300
2.9624999999999905e-10	0.19391549	-0.0006972364	0.9809972	-4.3464516e-17	0	300
2.963499999999991e-10	0.1939251	-0.0006962191	0.98099524	-4.3464513e-17	0	300
2.964499999999991e-10	0.19393466	-0.0006950771	0.98099345	-4.3464516e-17	0	300
2.9654999999999915e-10	0.19394416	-0.00069381145	0.9809915	-4.346451e-17	0	300
2.966499999999992e-10	0.19395362	-0.0006924232	0.9809895	-4.3464513e-17	0	300
2.967499999999992e-10	0.19396302	-0.0006909132	0.9809877	-4.346452e-17	0	300
2.9684999999999924e-10	0.19397241	-0.00068928266	0.98098594	-4.3464513e-17	0	300
2.9694999999999927e-10	0.19398169	-0.0006875324	0.980984	-4.346451e-17	0	300
2.970499999999993e-10	0.19399096	-0.0006856637	0.9809822	-4.3464523e-17	0	300
2.9714999999999933e-10	0.19400015	-0.00068367773	0.9809802	-4.346452e-17	0	300
2.9724999999999936e-10	0.1940093	-0.00068157545	0.9809785	-4.3464523e-17	0	300
2.973499999999994e-10	0.1940184	-0.00067935814	0.9809767	-4.346451e-17	0	300
2.974499999999994e-10	0.19402742	-0.0006770266	0.98097485	-4.3464516e-17	0	300
2.9754999999999945e-10	0.1940364	-0.00067458214	0.98097306	-4.3464516e-17	0	300
2.976499999999995e-10	0.19404532	-0.000672026	0.98097134	-4.3464523e-17	0	300
2.977499999999995e-10	0.19405416	-0.0006693594	0.98096955	-4.346452e-17	0	300
2.9784999999999955e-10	0.19406298	-0.0006665832	0.98096776	-4.3464523e-17	0	300
2.979499999999996e-10	0.19407168	-0.000663699	0.98096603	-4.3464533e-17	0	300
2.980499999999996e-10	0.19408035	-0.00066070777	0.9809643	-4.3464533e-17	0	300
2.9814999999999964e-10	0.19408894	-0.0006576107	0.9809626	-4.346452e-17	0	300
2.9824999999999967e-10	0.19409746	-0.0006544092	0.9809609	-4.3464526e-17	0	300
2.983499999999997e-10	0.19410592	-0.0006511045	0.9809592	-4.3464516e-17	0	300
2.9844999999999973e-10	0.19411428	-0.0006476979	0.9809575	-4.346452e-17	0	300
2.9854999999999976e-10	0.1941226	-0.00064419035	0.98095584	-4.3464513e-17	0	300
2.986499999999998e-10	0.19413085	-0.00064058346	0.9809542	-4.346452e-17	0	300
2.987499999999998e-10	0.19413902	-0.0006368784	0.9809526	-4.3464526e-17	0	300
2.9884999999999985e-10	0.19414711	-0.0006330765	0.9809511	-4.346452e-17	0	300
2.989499999999999e-10	0.19415511	-0.0006291792	0.9809494	-4.3464523e-17	0	300
2.990499999999999e-10	0.19416304	-0.00062518753	0.98094773	-4.3464523e-17	0	300
2.9914999999999994e-10	0.1941709	-0.00062110316	0.9809461	-4.3464523e-17	0	300
2.9925e-10	0.19417869	-0.0006169273	0.9809447	-4.346453e-17	0	300
2.9935e-10	0.19418639	-0.0006126611	0.9809431	-4.3464523e-17	0	300
2.994e-10	0.1941902	-0.00061049475	0.9809423	-4.3464526e-17	0	300
2.9950000000000005e-10	0.19419777	-0.0006060962	0.98094094	-4.3464516e-17	0	300
2.996000000000001e-10	0.19420528	-0.0006016108	0.9809394	-4.3464516e-17	0	300
2.997000000000001e-10	0.19421269	-0.0005970401	0.98093784	-4.3464516e-17	0	300
2.9980000000000014e-10	0.19422004	-0.00059238536	0.9809364	-4.346453e-17	0	300
2.9990000000000017e-10	0.19422725	-0.00058764796	0.9809349	-4.346452e-17	0	300
3.000000000000002e-10	0.1942344	-0.0005828294	0.9809335	-4.346452e-17	0	300
3.0010000000000024e-10	0.1942415	-0.0005779311	0.9809321	-4.346451e-17	0	300
3.0020000000000027e-10	0.19424845	-0.00057295465	0.98093075	-4.346452e-17	0	300
3.003000000000003e-10	0.19425537	-0.0005679012	0.9809293	-4.3464526e-17	0	300
3.0040000000000033e-10	0.19426218	-0.00056277215	0.980928	-4.346452e-17	0	300
3.0050000000000036e-10	0.19426888	-0.00055756915	0.9809267	-4.3464523e-17	0	300
3.006000000000004e-10	0.1942755	-0.00055229344	0.98092526	-4.3464516e-17	0	300
3.007000000000004e-10	0.19428204	-0.00054694654	0.980924	-4.3464526e-17	0	300
3.0080000000000045e-10	0.19428848	-0.00054153	0.98092276	-4.3464516e-17	0	300
3.009000000000005e-10	0.19429484	-0.0005360452	0.9809215	-4.3464526e-17	0	300
3.010000000000005e-10	0.19430107	-0.00053049374	0.9809202	-4.3464533e-17	0	300
3.0110000000000054e-10	0.19430724	-0.0005248768	0.98091894	-4.3464523e-17	0	300
3.0120000000000057e-10	0.19431332	-0.0005191959	0.98091775	-4.3464526e-17	0	300
3.013000000000006e-10	0.19431928	-0.0005134526	0.98091656	-4.346453e-17	0	300
3.0140000000000063e-10	0.19432516	-0.0005076484	0.9809153	-4.346453e-17	0	300
3.0150000000000066e-10	0.19433093	-0.0005017847	0.98091424	-4.3464526e-17	0	300
3.016000000000007e-10	0.19433661	-0.00049586303	0.98091304	-4.346452e-17	0	300
3.0170000000000073e-10	0.1943422	-0.00048988475	0.98091197	-4.3464526e-17	0	300
3.0180000000000076e-10	0.1943477	-0.0004838516	0.98091084	-4.346454e-17	0	300
3.019000000000008e-10	0.19435309	-0.0004777648	0.98090976	-4.346452e-17	0	300
3.020000000000008e-10	0.19435838	-0.00047162597	0.98090875	-4.346453e-17	0	300
3.0210000000000085e-10	0.19436356	-0.00046543655	0.9809077	-4.346453e-17	0	300
3.022000000000009e-10	0.19436868	-0.00045919797	0.9809067	-4.3464523e-17	0	300
3.023000000000009e-10	0.19437367	-0.00045291177	0.9809057	-4.3464523e-17	0	300
3.0240000000000094e-10	0.19437855	-0.0004465794	0.9809047	-4.3464533e-17	0	300
3.0250000000000097e-10	0.19438335	-0.0004402023	0.9809038	-4.346453e-17	0	300
3.02600000000001e-10	0.19438805	-0.00043378212	0.9809028	-4.3464536e-17	0	300
3.0270000000000103e-10	0.19439264	-0.00042732028	0.98090184	-4.3464513e-17	0	300
3.0280000000000106e-10	0.19439714	-0.0004208181	0.98090094	-4.3464523e-17	0	300
3.029000000000011e-10	0.19440153	-0.00041427728	0.9809001	-4.346452e-17	0	300
3.030000000000011e-10	0.19440584	-0.00040769915	0.9808992	-4.3464526e-17	0	300
3.0310000000000116e-10	0.19441003	-0.0004010851	0.9808985	-4.3464536e-17	0	300
3.032000000000012e-10	0.19441411	-0.00039443676	0.9808976	-4.3464526e-17	0	300
3.033000000000012e-10	0.1944181	-0.0003877554	0.98089683	-4.3464533e-17	0	300
3.0340000000000125e-10	0.19442199	-0.0003810425	0.98089606	-4.3464526e-17	0	300
3.035000000000013e-10	0.19442578	-0.0003742997	0.9808953	-4.3464513e-17	0	300
3.036000000000013e-10	0.19442947	-0.00036752835	0.9808945	-4.346454e-17	0	300
3.0370000000000134e-10	0.19443306	-0.00036072987	0.9808938	-4.3464523e-17	0	300
3.0380000000000137e-10	0.19443652	-0.00035390587	0.9808931	-4.3464523e-17	0	300
3.039000000000014e-10	0.19443992	-0.00034705756	0.9808924	-4.346452e-17	0	300
3.0400000000000143e-10	0.19444321	-0.00034018655	0.98089176	-4.346453e-17	0	300
3.0410000000000146e-10	0.19444636	-0.00033329416	0.9808911	-4.3464516e-17	0	300
3.042000000000015e-10	0.19444944	-0.00032638185	0.9808905	-4.3464523e-17	0	300
3.043000000000015e-10	0.1944524	-0.00031945104	0.9808899	-4.346452e-17	0	300
3.0440000000000155e-10	0.19445528	-0.00031250305	0.9808894	-4.346453e-17	0	300
3.045000000000016e-10	0.19445807	-0.00030553938	0.9808887	-4.346453e-17	0	300
3.046000000000016e-10	0.19446073	-0.00029856144	0.98088825	-4.3464523e-17	0	300
3.0470000000000165e-10	0.1944633	-0.00029157056	0.9808877	-4.346452e-17	0	300
3.048000000000017e-10	0.19446577	-0.0002845683	0.9808873	-4.3464533e-17	0	300
3.049000000000017e-10	0.19446814	-0.00027755578	0.9808867	-4.346453e-17	0	300
3.0500000000000174e-10	0.19447039	-0.00027053463	0.98088634	-4.3464533e-17	0	300
3.0510000000000177e-10	0.19447255	-0.00026350614	0.98088586	-4.346453e-17	0	300
3.052000000000018e-10	0.19447462	-0.0002564716	0.98088545	-4.3464526e-17	0	300
3.0530000000000183e-10	0.19447659	-0.00024943246	0.9808851	-4.346452e-17	0	300
3.0540000000000186e-10	0.19447845	-0.00024239006	0.9808846	-4.346453e-17	0	300
3.055000000000019e-10	0.1944802	-0.00023534578	0.9808843	-4.3464526e-17	0	300
3.056000000000019e-10	0.19448188	-0.00022830092	0.98088396	-4.3464536e-17	0	300
3.0570000000000195e-10	0.19448344	-0.00022125685	0.98088366	-4.346453e-17	0	300
3.05800000000002e-10	0.1944849	-0.00021421493	0.98088336	-4.346453e-17	0	300
3.05900000000002e-10	0.19448628	-0.00020717639	0.9808831	-4.346453e-17	0	300
3.0600000000000205e-10	0.19448753	-0.00020014255	0.9808828	-4.3464533e-17	0	300
3.061000000000021e-10	0.1944887	-0.00019311476	0.9808825	-4.3464526e-17	0	300
3.062000000000021e-10	0.19448978	-0.00018609416	0.9808824	-4.346452e-17	0	300
3.0630000000000214e-10	0.19449075	-0.00017908217	0.9808823	-4.3464533e-17	0	300
3.0640000000000217e-10	0.19449164	-0.00017208002	0.98088205	-4.3464523e-17	0	300
3.065000000000022e-10	0.19449241	-0.0001650889	0.9808818	-4.3464523e-17	0	300
3.0660000000000223e-10	0.19449311	-0.00015811017	0.9808817	-4.3464533e-17	0	300
3.0670000000000226e-10	0.1944937	-0.000151145	0.98088163	-4.3464536e-17	0	300
3.068000000000023e-10	0.1944942	-0.00014419456	0.9808815	-4.3464526e-17	0	300
3.069000000000023e-10	0.1944946	-0.00013726018	0.9808814	-4.3464526e-17	0	300
3.0700000000000235e-10	0.19449492	-0.00013034293	0.98088133	-4.3464533e-17	0	300
3.071000000000024e-10	0.19449513	-0.0001234441	0.9808812	-4.346453e-17	0	300
3.072000000000024e-10	0.19449526	-0.00011656487	0.9808813	-4.3464533e-17	0	300
3.0730000000000244e-10	0.19449529	-0.00010970638	0.9808814	-4.3464533e-17	0	300
3.074000000000025e-10	0.19449523	-0.00010286967	0.9808813	-4.346453e-17	0	300
3.075000000000025e-10	0.19449508	-9.605605e-05	0.98088133	-4.3464523e-17	0	300
3.0760000000000254e-10	0.19449484	-8.926655e-05	0.98088133	-4.346453e-17	0	300
3.0770000000000257e-10	0.19449452	-8.250234e-05	0.98088133	-4.3464533e-17	0	300
3.078000000000026e-10	0.1944941	-7.576451e-05	0.9808816	-4.3464533e-17	0	300
3.0790000000000263e-10	0.1944936	-6.905419e-05	0.9808816	-4.3464536e-17	0	300
3.0800000000000266e-10	0.194493	-6.237249e-05	0.9808817	-4.3464533e-17	0	300
3.081000000000027e-10	0.19449231	-5.5720528e-05	0.98088187	-4.346454e-17	0	300
3.082000000000027e-10	0.19449157	-4.909927e-05	0.98088205	-4.3464536e-17	0	300
3.0830000000000275e-10	0.1944907	-4.2509924e-05	0.98088217	-4.346452e-17	0	300
3.084000000000028e-10	0.19448975	-3.5953475e-05	0.9808824	-4.346453e-17	0	300
3.085000000000028e-10	0.19448873	-2.9430948e-05	0.98088247	-4.3464533e-17	0	300
3.0860000000000284e-10	0.19448763	-2.2943408e-05	0.98088276	-4.346454e-17	0	300
3.0870000000000287e-10	0.19448641	-1.6491833e-05	0.980883	-4.3464533e-17	0	300
3.088000000000029e-10	0.19448516	-1.0077207e-05	0.98088324	-4.3464533e-17	0	300
3.0890000000000293e-10	0.19448377	-3.7005111e-06	0.98088354	-4.346453e-17	0	300
3.0900000000000297e-10	0.19448234	2.6372418e-06	0.98088384	-4.3464526e-17	0	300
3.09100000000003e-10	0.19448082	8.935146e-06	0.9808841	-4.3464533e-17	0	300
3.0920000000000303e-10	0.19447921	1.51922295e-05	0.98088443	-4.3464526e-17	0	300
3.0930000000000306e-10	0.19447751	2.1407463e-05	0.98088473	-4.3464536e-17	0	300
3.094000000000031e-10	0.19447577	2.7579996e-05	0.98088515	-4.3464526e-17	0	300
3.095000000000031e-10	0.19447394	3.370897e-05	0.98088557	-4.346453e-17	0	300
3.0960000000000315e-10	0.19447201	3.9793475e-05	0.98088586	-4.346453e-17	0	300
3.097000000000032e-10	0.19447002	4.5832567e-05	0.9808862	-4.346453e-17	0	300
3.098000000000032e-10	0.19446795	5.1825453e-05	0.98088664	-4.3464526e-17	0	300
3.0990000000000324e-10	0.19446583	5.7771293e-05	0.9808871	-4.3464543e-17	0	300
3.1000000000000327e-10	0.19446361	6.366923e-05	0.98088753	-4.346452e-17	0	300
3.101000000000033e-10	0.19446133	6.9518486e-05	0.980888	-4.3464533e-17	0	300
3.1020000000000333e-10	0.19445898	7.531828e-05	0.98088855	-4.3464526e-17	0	300
3.1030000000000336e-10	0.19445655	8.106778e-05	0.98088896	-4.346454e-17	0	300
3.104000000000034e-10	0.19445404	8.676626e-05	0.9808895	-4.3464543e-17	0	300
3.105000000000034e-10	0.19445151	9.2412934e-05	0.98089	-4.3464526e-17	0	300
3.1060000000000346e-10	0.19444889	9.800705e-05	0.98089045	-4.3464533e-17	0	300
3.107000000000035e-10	0.19444619	0.00010354784	0.98089105	-4.3464536e-17	0	300
3.108000000000035e-10	0.19444342	0.00010903476	0.9808915	-4.3464536e-17	0	300
3.1090000000000355e-10	0.19444062	0.00011446695	0.9808922	-4.346452e-17	0	300
3.110000000000036e-10	0.19443771	0.000119843855	0.9808927	-4.3464536e-17	0	300
3.111000000000036e-10	0.19443478	0.00012516476	0.9808933	-4.3464526e-17	0	300
3.1120000000000364e-10	0.19443175	0.00013042902	0.98089385	-4.346453e-17	0	300
3.1130000000000367e-10	0.1944287	0.0001356359	0.9808945	-4.3464536e-17	0	300
3.114000000000037e-10	0.19442555	0.00014078488	0.98089504	-4.3464543e-17	0	300
3.1150000000000373e-10	0.19442238	0.00014587535	0.98089576	-4.3464536e-17	0	300
3.1160000000000376e-10	0.19441915	0.00015090677	0.9808963	-4.3464526e-17	0	300
3.117000000000038e-10	0.19441584	0.00015587843	0.98089707	-4.346453e-17	0	300
3.118000000000038e-10	0.1944125	0.0001607899	0.9808978	-4.346452e-17	0	300
3.1190000000000386e-10	0.19440906	0.00016564062	0.9808983	-4.3464516e-17	0	300
3.120000000000039e-10	0.19440562	0.00017043001	0.9808991	-4.3464536e-17	0	300
3.121000000000039e-10	0.1944021	0.00017515778	0.9808998	-4.3464536e-17	0	300
3.1220000000000395e-10	0.19439852	0.00017982327	0.9809005	-4.346453e-17	0	300
3.12300000000004e-10	0.1943949	0.0001844259	0.98090124	-4.346454e-17	0	300
3.12400000000004e-10	0.19439127	0.00018896529	0.980902	-4.3464533e-17	0	300
3.1250000000000404e-10	0.19438753	0.00019344102	0.9809027	-4.346453e-17	0	300
3.1260000000000407e-10	0.19438374	0.0001978526	0.9809034	-4.3464536e-17	0	300
3.127000000000041e-10	0.19437997	0.00020219965	0.9809042	-4.3464533e-17	0	300
3.1280000000000413e-10	0.19437611	0.00020648172	0.98090494	-4.3464526e-17	0	300
3.1290000000000416e-10	0.19437219	0.00021069834	0.98090583	-4.346454e-17	0	300
3.130000000000042e-10	0.19436824	0.000214849	0.9809065	-4.3464526e-17	0	300
3.131000000000042e-10	0.19436425	0.00021893343	0.9809073	-4.346452e-17	0	300
3.1320000000000425e-10	0.19436021	0.00022295129	0.98090816	-4.3464523e-17	0	300
3.133000000000043e-10	0.19435613	0.0002269023	0.980909	-4.3464526e-17	0	300
3.134000000000043e-10	0.19435202	0.00023078601	0.9809098	-4.3464536e-17	0	300
3.1350000000000435e-10	0.19434787	0.00023460228	0.98091054	-4.3464533e-17	0	300
3.136000000000044e-10	0.19434369	0.00023835081	0.9809114	-4.3464533e-17	0	300
3.137000000000044e-10	0.19433945	0.00024203116	0.98091227	-4.3464543e-17	0	300
3.1380000000000444e-10	0.1943352	0.0002456431	0.9809131	-4.3464543e-17	0	300
3.1390000000000447e-10	0.19433087	0.00024918636	0.980914	-4.3464536e-17	0	300
3.140000000000045e-10	0.19432655	0.00025266068	0.9809149	-4.3464536e-17	0	300
3.1410000000000453e-10	0.19432217	0.00025606577	0.98091567	-4.346454e-17	0	300
3.1420000000000456e-10	0.1943178	0.0002594015	0.98091656	-4.3464533e-17	0	300
3.143000000000046e-10	0.19431335	0.00026266763	0.98091745	-4.346453e-17	0	300
3.144000000000046e-10	0.19430888	0.00026586393	0.98091835	-4.346454e-17	0	300
3.1450000000000465e-10	0.19430442	0.00026899032	0.9809192	-4.3464536e-17	0	300
3.146000000000047e-10	0.19429989	0.0002720465	0.9809202	-4.3464533e-17	0	300
3.147000000000047e-10	0.19429535	0.00027503254	0.9809211	-4.3464536e-17	0	300
3.1480000000000474e-10	0.19429079	0.0002779483	0.9809219	-4.346454e-17	0	300
3.149000000000048e-10	0.19428617	0.00028079358	0.98092294	-4.3464526e-17	0	300
3.150000000000048e-10	0.19428155	0.00028356834	0.9809239	-4.3464533e-17	0	300
3.1510000000000484e-10	0.19427691	0.00028627244	0.9809248	-4.3464536e-17	0	300
3.1520000000000487e-10	0.19427226	0.00028890587	0.9809257	-4.346453e-17	0	300
3.153000000000049e-10	0.19426759	0.00029146846	0.98092663	-4.3464536e-17	0	300
3.1540000000000493e-10	0.19426288	0.00029396024	0.9809275	-4.3464536e-17	0	300
3.1550000000000496e-10	0.19425815	0.0002963812	0.98092854	-4.3464543e-17	0	300
3.15600000000005e-10	0.19425343	0.0002987313	0.98092943	-4.3464523e-17	0	300
3.15700000000005e-10	0.19424868	0.0003010105	0.9809304	-4.3464533e-17	0	300
3.1580000000000505e-10	0.1942439	0.00030321899	0.9809313	-4.3464533e-17	0	300
3.159000000000051e-10	0.19423912	0.00030535666	0.98093224	-4.346453e-17	0	300
3.160000000000051e-10	0.19423433	0.0003074236	0.98093325	-4.346453e-17	0	300
3.1610000000000514e-10	0.19422953	0.00030941985	0.98093426	-4.346454e-17	0	300
3.1620000000000517e-10	0.1942247	0.00031134547	0.9809352	-4.3464533e-17	0	300
3.163000000000052e-10	0.19421987	0.0003132005	0.98093617	-4.3464536e-17	0	300
3.1640000000000524e-10	0.19421503	0.00031498505	0.9809371	-4.3464526e-17	0	300
3.1650000000000527e-10	0.19421019	0.00031669912	0.98093814	-4.3464536e-17	0	300
3.166000000000053e-10	0.19420531	0.00031834297	0.980939	-4.346453e-17	0	300
3.1670000000000533e-10	0.19420046	0.00031991664	0.98094	-4.3464536e-17	0	300
3.1680000000000536e-10	0.19419561	0.00032142032	0.98094094	-4.346455e-17	0	300
3.169000000000054e-10	0.19419073	0.0003228541	0.98094195	-4.3464533e-17	0	300
3.170000000000054e-10	0.19418585	0.0003242183	0.9809429	-4.346453e-17	0	300
3.1710000000000545e-10	0.19418097	0.00032551299	0.9809439	-4.3464526e-17	0	300
3.172000000000055e-10	0.1941761	0.0003267385	0.9809449	-4.3464543e-17	0	300
3.173000000000055e-10	0.19417122	0.00032789487	0.9809458	-4.3464546e-17	0	300
3.1740000000000554e-10	0.19416632	0.00032898257	0.98094684	-4.3464523e-17	0	300
3.1750000000000557e-10	0.19416144	0.00033000135	0.98094785	-4.346454e-17	0	300
3.176000000000056e-10	0.19415657	0.00033095176	0.98094875	-4.3464543e-17	0	300
3.1770000000000563e-10	0.1941517	0.000331834	0.9809497	-4.346454e-17	0	300
3.1780000000000566e-10	0.19414684	0.00033264823	0.9809507	-4.3464543e-17	0	300
3.179000000000057e-10	0.19414195	0.0003333949	0.98095167	-4.346452e-17	0	300
3.1800000000000573e-10	0.19413708	0.0003340742	0.98095274	-4.3464536e-17	0	300
3.1810000000000576e-10	0.19413225	0.00033468648	0.9809537	-4.3464536e-17	0	300
3.182000000000058e-10	0.19412738	0.0003352319	0.98095465	-4.346454e-17	0	300
3.183000000000058e-10	0.19412255	0.000335711	0.98095554	-4.3464536e-17	0	300
3.1840000000000585e-10	0.19411772	0.0003361238	0.98095655	-4.346454e-17	0	300
3.185000000000059e-10	0.19411288	0.00033647087	0.9809575	-4.3464536e-17	0	300
3.186000000000059e-10	0.19410808	0.0003367524	0.98095846	-4.3464536e-17	0	300
3.1870000000000594e-10	0.19410329	0.00033696875	0.9809594	-4.3464533e-17	0	300
3.1880000000000597e-10	0.19409849	0.00033712035	0.98096037	-4.346454e-17	0	300
3.18900000000006e-10	0.19409372	0.0003372076	0.9809613	-4.3464533e-17	0	300
3.1900000000000603e-10	0.19408895	0.00033723077	0.9809623	-4.3464523e-17	0	300
3.1910000000000606e-10	0.1940842	0.00033719034	0.9809631	-4.346453e-17	0	300
3.192000000000061e-10	0.19407947	0.0003370868	0.9809642	-4.3464536e-17	0	300
3.193000000000061e-10	0.19407478	0.00033692046	0.98096514	-4.3464533e-17	0	300
3.1940000000000616e-10	0.19407007	0.00033669174	0.9809661	-4.3464526e-17	0	300
3.195000000000062e-10	0.19406536	0.00033640105	0.980967	-4.346454e-17	0	300
3.196000000000062e-10	0.19406071	0.0003360488	0.98096794	-4.3464543e-17	0	300
3.1970000000000625e-10	0.19405606	0.00033563553	0.9809688	-4.346453e-17	0	300
3.198000000000063e-10	0.19405144	0.00033516157	0.98096967	-4.3464536e-17	0	300
3.199000000000063e-10	0.19404685	0.0003346275	0.98097074	-4.346454e-17	0	300
3.2000000000000634e-10	0.19404227	0.0003340337	0.9809716	-4.3464533e-17	0	300
3.2010000000000637e-10	0.19403772	0.00033338083	0.9809725	-4.3464543e-17	0	300
3.202000000000064e-10	0.19403318	0.00033266924	0.9809735	-4.346454e-17	0	300
3.2030000000000643e-10	0.19402865	0.0003318995	0.9809743	-4.3464546e-17	0	300
3.2040000000000646e-10	0.19402416	0.0003310721	0.98097533	-4.346454e-17	0	300
3.205000000000065e-10	0.1940197	0.0003301875	0.9809761	-4.346455e-17	0	300
3.206000000000065e-10	0.19401526	0.0003292462	0.980977	-4.3464546e-17	0	300
3.2070000000000655e-10	0.19401087	0.00032824883	0.9809779	-4.3464543e-17	0	300
3.208000000000066e-10	0.1940065	0.00032719588	0.9809788	-4.3464536e-17	0	300
3.209000000000066e-10	0.19400212	0.000326088	0.9809797	-4.3464536e-17	0	300
3.2100000000000665e-10	0.1939978	0.00032492564	0.98098046	-4.3464536e-17	0	300
3.211000000000067e-10	0.19399351	0.00032370928	0.98098135	-4.3464536e-17	0	300
3.212000000000067e-10	0.19398923	0.0003224396	0.9809822	-4.3464536e-17	0	300
3.2130000000000674e-10	0.19398499	0.0003211171	0.98098314	-4.3464543e-17	0	300
3.2140000000000677e-10	0.1939808	0.0003197425	0.98098385	-4.3464533e-17	0	300
3.215000000000068e-10	0.19397661	0.0003183162	0.9809847	-4.3464533e-17	0	300
3.2160000000000683e-10	0.19397247	0.00031683894	0.9809856	-4.3464536e-17	0	300
3.2170000000000686e-10	0.19396836	0.00031531125	0.9809864	-4.3464533e-17	0	300
3.218000000000069e-10	0.19396429	0.0003137336	0.9809872	-4.3464523e-17	0	300
3.219000000000069e-10	0.19396025	0.0003121067	0.9809881	-4.346454e-17	0	300
3.2200000000000695e-10	0.19395624	0.00031043123	0.98098874	-4.3464533e-17	0	300
3.22100000000007e-10	0.19395226	0.0003087077	0.9809896	-4.3464533e-17	0	300
3.22200000000007e-10	0.19394833	0.00030693668	0.98099035	-4.3464526e-17	0	300
3.2230000000000705e-10	0.19394441	0.0003051189	0.9809911	-4.3464543e-17	0	300
3.224000000000071e-10	0.19394055	0.00030325507	0.9809919	-4.3464553e-17	0	300
3.225000000000071e-10	0.19393672	0.0003013457	0.98099273	-4.3464533e-17	0	300
3.2260000000000714e-10	0.19393295	0.00029939154	0.9809935	-4.3464536e-17	0	300
3.2270000000000717e-10	0.19392917	0.00029739316	0.9809942	-4.3464536e-17	0	300
3.228000000000072e-10	0.19392549	0.00029535123	0.9809949	-4.3464546e-17	0	300
3.2290000000000723e-10	0.19392179	0.0002932664	0.98099566	-4.3464533e-17	0	300
3.2300000000000726e-10	0.19391815	0.00029113932	0.98099643	-4.3464536e-17	0	300
3.231000000000073e-10	0.19391456	0.00028897065	0.9809972	-4.3464536e-17	0	300
3.232000000000073e-10	0.19391102	0.00028676118	0.98099786	-4.346453e-17	0	300
3.2330000000000735e-10	0.1939075	0.00028451136	0.9809986	-4.346454e-17	0	300
3.234000000000074e-10	0.19390401	0.000282222	0.9809993	-4.3464543e-17	0	300
3.235000000000074e-10	0.19390059	0.00027989375	0.98099995	-4.346453e-17	0	300
3.2360000000000744e-10	0.1938972	0.0002775273	0.9810006	-4.346454e-17	0	300
3.237000000000075e-10	0.19389385	0.00027512334	0.9810013	-4.3464543e-17	0	300
3.238000000000075e-10	0.19389056	0.00027268255	0.981002	-4.346454e-17	0	300
3.2390000000000754e-10	0.19388728	0.00027020567	0.9810026	-4.3464543e-17	0	300
3.2400000000000757e-10	0.19388406	0.00026769337	0.9810032	-4.346453e-17	0	300
3.241000000000076e-10	0.19388089	0.00026514631	0.9810039	-4.3464526e-17	0	300
3.2420000000000763e-10	0.19387777	0.00026256518	0.9810045	-4.3464533e-17	0	300
3.2430000000000766e-10	0.19387466	0.0002599508	0.98100513	-4.346454e-17	0	300
3.244000000000077e-10	0.19387162	0.0002573037	0.9810057	-4.3464543e-17	0	300
3.245000000000077e-10	0.19386862	0.00025462479	0.9810064	-4.3464546e-17	0	300
3.2460000000000775e-10	0.19386567	0.00025191458	0.9810069	-4.346454e-17	0	300
3.247000000000078e-10	0.1938628	0.0002491739	0.9810076	-4.346455e-17	0	300
3.248000000000078e-10	0.19385992	0.0002464033	0.98100805	-4.3464536e-17	0	300
3.2490000000000784e-10	0.1938571	0.00024360357	0.9810087	-4.3464536e-17	0	300
3.2500000000000787e-10	0.19385433	0.00024077542	0.98100924	-4.3464533e-17	0	300
3.251000000000079e-10	0.19385162	0.00023791962	0.98100984	-4.3464533e-17	0	300
3.2520000000000793e-10	0.19384894	0.00023503683	0.9810102	-4.3464536e-17	0	300
3.2530000000000797e-10	0.19384632	0.0002321278	0.9810108	-4.3464543e-17	0	300
3.25400000000008e-10	0.19384375	0.0002291932	0.98101133	-4.346454e-17	0	300
3.2550000000000803e-10	0.1938412	0.00022623368	0.98101187	-4.3464536e-17	0	300
3.2560000000000806e-10	0.1938387	0.00022325	0.9810123	-4.3464536e-17	0	300
3.257000000000081e-10	0.19383627	0.00022024298	0.9810129	-4.3464533e-17	0	300
3.258000000000081e-10	0.19383389	0.00021721318	0.98101324	-4.3464546e-17	0	300
3.2590000000000815e-10	0.19383155	0.0002141615	0.9810138	-4.3464546e-17	0	300
3.260000000000082e-10	0.19382924	0.0002110885	0.9810143	-4.3464546e-17	0	300
3.261000000000082e-10	0.193827	0.0002079951	0.9810146	-4.346454e-17	0	300
3.2620000000000824e-10	0.1938248	0.00020488176	0.9810152	-4.346455e-17	0	300
3.2630000000000827e-10	0.19382267	0.00020174924	0.9810156	-4.346454e-17	0	300
3.264000000000083e-10	0.19382057	0.00019859833	0.981016	-4.3464536e-17	0	300
3.2650000000000833e-10	0.1938185	0.0001954296	0.9810164	-4.3464543e-17	0	300
3.2660000000000836e-10	0.1938165	0.00019224381	0.9810169	-4.346455e-17	0	300
3.267000000000084e-10	0.19381456	0.00018904178	0.98101723	-4.346455e-17	0	300
3.268000000000084e-10	0.19381264	0.00018582407	0.9810176	-4.3464536e-17	0	300
3.2690000000000846e-10	0.19381078	0.0001825915	0.98101795	-4.346455e-17	0	300
3.270000000000085e-10	0.19380897	0.00017934466	0.98101836	-4.3464533e-17	0	300
3.271000000000085e-10	0.19380723	0.00017608437	0.98101866	-4.3464543e-17	0	300
3.2720000000000855e-10	0.19380552	0.00017281125	0.98101896	-4.3464546e-17	0	300
3.273000000000086e-10	0.19380385	0.00016952597	0.9810193	-4.3464526e-17	0	300
3.274000000000086e-10	0.19380225	0.0001662293	0.9810196	-4.3464546e-17	0	300
3.2750000000000864e-10	0.19380067	0.00016292188	0.98102	-4.3464546e-17	0	300
3.2760000000000867e-10	0.19379917	0.00015960443	0.98102033	-4.346454e-17	0	300
3.277000000000087e-10	0.19379771	0.00015627769	0.98102057	-4.346454e-17	0	300
3.2780000000000873e-10	0.19379628	0.00015294226	0.98102087	-4.3464543e-17	0	300
3.2790000000000876e-10	0.1937949	0.00014959872	0.98102117	-4.3464546e-17	0	300
3.280000000000088e-10	0.19379361	0.00014624794	0.9810214	-4.346454e-17	0	300
3.281000000000088e-10	0.19379234	0.00014289063	0.98102164	-4.3464543e-17	0	300
3.2820000000000885e-10	0.19379112	0.0001395273	0.9810219	-4.3464543e-17	0	300
3.283000000000089e-10	0.19378996	0.00013615875	0.9810222	-4.3464543e-17	0	300
3.284000000000089e-10	0.19378884	0.00013278554	0.9810224	-4.3464543e-17	0	300
3.2850000000000895e-10	0.19378777	0.00012940848	0.98102266	-4.3464526e-17	0	300
3.28600000000009e-10	0.19378674	0.00012602808	0.9810228	-4.3464533e-17	0	300
3.28700000000009e-10	0.19378576	0.00012264511	0.98102295	-4.3464533e-17	0	300
3.2880000000000904e-10	0.19378483	0.000119260156	0.9810232	-4.3464536e-17	0	300
3.2890000000000907e-10	0.19378395	0.00011587387	0.9810233	-4.3464546e-17	0	300
3.290000000000091e-10	0.19378312	0.000112486945	0.98102355	-4.346454e-17	0	300
3.2910000000000913e-10	0.19378233	0.000109099965	0.98102367	-4.3464546e-17	0	300
3.2920000000000916e-10	0.19378158	0.00010571356	0.98102385	-4.346454e-17	0	300
3.293000000000092e-10	0.1937809	0.000102328355	0.98102397	-4.3464546e-17	0	300
3.294000000000092e-10	0.19378026	9.894499e-05	0.9810241	-4.3464543e-17	0	300
3.2950000000000925e-10	0.19377966	9.556401e-05	0.98102415	-4.3464533e-17	0	300
3.296000000000093e-10	0.19377911	9.218606e-05	0.98102427	-4.3464543e-17	0	300
3.297000000000093e-10	0.19377859	8.8811714e-05	0.9810244	-4.3464543e-17	0	300
3.2980000000000935e-10	0.19377811	8.544166e-05	0.9810245	-4.346454e-17	0	300
3.299000000000094e-10	0.19377771	8.207638e-05	0.98102456	-4.3464533e-17	0	300
3.300000000000094e-10	0.19377734	7.871659e-05	0.9810247	-4.3464533e-17	0	300
3.3010000000000944e-10	0.19377702	7.536281e-05	0.98102474	-4.3464543e-17	0	300
3.3020000000000947e-10	0.19377673	7.2015595e-05	0.98102486	-4.3464543e-17	0	300
3.303000000000095e-10	0.19377649	6.867555e-05	0.98102486	-4.346454e-17	0	300
3.3040000000000953e-10	0.19377631	6.534324e-05	0.981025	-4.3464536e-17	0	300
3.3050000000000956e-10	0.19377616	6.201922e-05	0.98102486	-4.3464533e-17	0	300
3.306000000000096e-10	0.19377606	5.8704107e-05	0.9810249	-4.346454e-17	0	300
3.307000000000096e-10	0.193776	5.5398476e-05	0.981025	-4.3464543e-17	0	300
3.3080000000000965e-10	0.19377597	5.210283e-05	0.9810251	-4.3464543e-17	0	300
3.309000000000097e-10	0.19377601	4.8817736e-05	0.98102486	-4.3464536e-17	0	300
3.310000000000097e-10	0.19377607	4.5543784e-05	0.9810249	-4.3464533e-17	0	300
3.3110000000000974e-10	0.1937762	4.228149e-05	0.981025	-4.346453e-17	0	300
3.312000000000098e-10	0.19377634	3.9031365e-05	0.98102486	-4.3464543e-17	0	300
3.313000000000098e-10	0.19377655	3.579389e-05	0.98102486	-4.3464533e-17	0	300
3.3140000000000984e-10	0.19377679	3.2569737e-05	0.9810248	-4.3464536e-17	0	300
3.3150000000000987e-10	0.19377708	2.935941e-05	0.9810248	-4.3464536e-17	0	300
3.316000000000099e-10	0.19377741	2.6163314e-05	0.9810247	-4.3464536e-17	0	300
3.3170000000000993e-10	0.19377778	2.2982062e-05	0.9810246	-4.3464546e-17	0	300
3.3180000000000996e-10	0.19377819	1.9816012e-05	0.98102456	-4.3464543e-17	0	300
3.3190000000001e-10	0.19377865	1.6665945e-05	0.98102444	-4.3464543e-17	0	300
3.3200000000001e-10	0.19377914	1.3532093e-05	0.9810244	-4.3464536e-17	0	300
3.3210000000001005e-10	0.19377966	1.0415052e-05	0.9810243	-4.3464546e-17	0	300
3.322000000000101e-10	0.19378024	7.315399e-06	0.98102415	-4.3464543e-17	0	300
3.323000000000101e-10	0.19378085	4.2335223e-06	0.981024	-4.346454e-17	0	300
3.3240000000001014e-10	0.19378152	1.1699176e-06	0.98102385	-4.346454e-17	0	300
3.3250000000001017e-10	0.19378221	-1.874917e-06	0.98102385	-4.3464543e-17	0	300
3.326000000000102e-10	0.19378294	-4.9004507e-06	0.98102355	-4.3464543e-17	0	300
3.3270000000001024e-10	0.1937837	-7.906339e-06	0.98102355	-4.346453e-17	0	300
3.3280000000001027e-10	0.19378452	-1.0892053e-05	0.9810233	-4.3464543e-17	0	300
3.329000000000103e-10	0.19378538	-1.3857295e-05	0.9810232	-4.346455e-17	0	300
3.3300000000001033e-10	0.19378626	-1.6801532e-05	0.98102295	-4.3464546e-17	0	300
3.3310000000001036e-10	0.19378719	-1.972432e-05	0.98102283	-4.346455e-17	0	300
3.332000000000104e-10	0.19378814	-2.262538e-05	0.9810226	-4.3464536e-17	0	300
3.333000000000104e-10	0.19378915	-2.5504118e-05	0.98102236	-4.3464543e-17	0	300
3.3340000000001045e-10	0.19379017	-2.8360222e-05	0.9810222	-4.3464553e-17	0	300
3.335000000000105e-10	0.19379121	-3.11933e-05	0.981022	-4.3464543e-17	0	300
3.336000000000105e-10	0.19379231	-3.400293e-05	0.98102176	-4.3464543e-17	0	300
3.3370000000001054e-10	0.19379345	-3.6788802e-05	0.9810216	-4.3464543e-17	0	300
3.3380000000001057e-10	0.19379461	-3.9550556e-05	0.98102134	-4.3464546e-17	0	300
3.339000000000106e-10	0.1937958	-4.2287797e-05	0.9810211	-4.346455e-17	0	300
3.3400000000001063e-10	0.19379704	-4.500008e-05	0.98102087	-4.3464536e-17	0	300
3.3410000000001066e-10	0.19379829	-4.7687114e-05	0.9810206	-4.346455e-17	0	300
3.342000000000107e-10	0.1937996	-5.0348623e-05	0.9810203	-4.346454e-17	0	300
3.3430000000001073e-10	0.19380093	-5.2984153e-05	0.9810201	-4.3464543e-17	0	300
3.3440000000001076e-10	0.19380228	-5.5593307e-05	0.9810198	-4.346454e-17	0	300
3.345000000000108e-10	0.19380367	-5.8175792e-05	0.9810195	-4.346455e-17	0	300
3.346000000000108e-10	0.19380508	-6.0731298e-05	0.98101926	-4.3464533e-17	0	300
3.3470000000001085e-10	0.19380651	-6.325952e-05	0.981019	-4.3464546e-17	0	300
3.348000000000109e-10	0.193808	-6.576023e-05	0.9810186	-4.3464536e-17	0	300
3.349000000000109e-10	0.19380951	-6.8233e-05	0.98101836	-4.3464536e-17	0	300
3.3500000000001094e-10	0.19381104	-7.067769e-05	0.98101807	-4.346455e-17	0	300
3.3510000000001097e-10	0.19381261	-7.309385e-05	0.9810177	-4.3464536e-17	0	300
3.35200000000011e-10	0.19381419	-7.548127e-05	0.9810174	-4.3464543e-17	0	300
3.3530000000001103e-10	0.19381581	-7.783974e-05	0.98101723	-4.346455e-17	0	300
3.3540000000001106e-10	0.19381747	-8.0168786e-05	0.9810168	-4.3464533e-17	0	300
3.355000000000111e-10	0.19381914	-8.2468156e-05	0.98101646	-4.3464546e-17	0	300
3.356000000000111e-10	0.19382086	-8.473771e-05	0.9810161	-4.3464536e-17	0	300
3.3570000000001116e-10	0.19382259	-8.697707e-05	0.9810158	-4.3464546e-17	0	300
3.358000000000112e-10	0.19382435	-8.918605e-05	0.98101544	-4.3464543e-17	0	300
3.359000000000112e-10	0.19382614	-9.136434e-05	0.981015	-4.3464553e-17	0	300
3.3600000000001125e-10	0.19382793	-9.351178e-05	0.9810147	-4.346453e-17	0	300
3.361000000000113e-10	0.19382972	-9.562822e-05	0.9810144	-4.346454e-17	0	300
3.362000000000113e-10	0.1938316	-9.771346e-05	0.981014	-4.346454e-17	0	300
3.3630000000001134e-10	0.19383346	-9.976722e-05	0.98101366	-4.3464543e-17	0	300
3.3640000000001137e-10	0.19383533	-0.00010178933	0.98101324	-4.3464536e-17	0	300
3.365000000000114e-10	0.19383726	-0.00010377979	0.9810128	-4.3464543e-17	0	300
3.3660000000001143e-10	0.19383918	-0.00010573821	0.9810125	-4.3464543e-17	0	300
3.3670000000001146e-10	0.19384113	-0.000107664484	0.9810121	-4.3464543e-17	0	300
3.368000000000115e-10	0.1938431	-0.000109558445	0.9810116	-4.3464543e-17	0	300
3.369000000000115e-10	0.19384511	-0.000111419795	0.9810113	-4.3464543e-17	0	300
3.3700000000001155e-10	0.19384709	-0.000113248556	0.9810108	-4.3464543e-17	0	300
3.371000000000116e-10	0.19384915	-0.00011504449	0.98101044	-4.3464546e-17	0	300
3.372000000000116e-10	0.1938512	-0.00011680749	0.98101014	-4.3464546e-17	0	300
3.3730000000001165e-10	0.19385326	-0.00011853743	0.98100966	-4.346454e-17	0	300
3.374000000000117e-10	0.19385532	-0.00012023424	0.98100924	-4.3464543e-17	0	300
3.375000000000117e-10	0.19385742	-0.00012189775	0.98100877	-4.3464546e-17	0	300
3.3760000000001174e-10	0.19385955	-0.00012352782	0.9810084	-4.3464536e-17	0	300
3.3770000000001177e-10	0.19386165	-0.00012512437	0.98100793	-4.346454e-17	0	300
3.378000000000118e-10	0.19386382	-0.00012668732	0.9810075	-4.3464546e-17	0	300
3.3790000000001183e-10	0.19386597	-0.00012821666	0.98100716	-4.346454e-17	0	300
3.3800000000001186e-10	0.19386815	-0.0001297122	0.98100674	-4.3464543e-17	0	300
3.381000000000119e-10	0.19387034	-0.00013117393	0.98100626	-4.346454e-17	0	300
3.382000000000119e-10	0.19387251	-0.00013260177	0.98100585	-4.3464543e-17	0	300
3.3830000000001195e-10	0.1938747	-0.00013399568	0.9810054	-4.3464553e-17	0	300
3.38400000000012e-10	0.19387692	-0.00013535553	0.98100495	-4.3464546e-17	0	300
3.38500000000012e-10	0.19387916	-0.0001366814	0.98100454	-4.3464536e-17	0	300
3.3860000000001204e-10	0.19388139	-0.00013797315	0.981004	-4.3464543e-17	0	300
3.387000000000121e-10	0.19388363	-0.00013923085	0.98100364	-4.3464553e-17	0	300
3.388000000000121e-10	0.19388592	-0.00014045442	0.98100317	-4.3464533e-17	0	300
3.3890000000001214e-10	0.19388817	-0.00014164382	0.9810027	-4.346453e-17	0	300
3.3900000000001217e-10	0.19389045	-0.0001427991	0.9810023	-4.3464543e-17	0	300
3.391000000000122e-10	0.19389273	-0.00014392025	0.9810018	-4.3464543e-17	0	300
3.3920000000001223e-10	0.19389504	-0.00014500725	0.98100126	-4.3464546e-17	0	300
3.3930000000001226e-10	0.19389732	-0.00014606019	0.9810009	-4.3464546e-17	0	300
3.394000000000123e-10	0.19389963	-0.00014707891	0.98100036	-4.346454e-17	0	300
3.395000000000123e-10	0.19390193	-0.00014806367	0.98099995	-4.3464533e-17	0	300
3.3960000000001235e-10	0.19390425	-0.00014901436	0.9809995	-4.3464546e-17	0	300
3.397000000000124e-10	0.19390656	-0.00014993103	0.98099905	-4.3464543e-17	0	300
3.398000000000124e-10	0.1939089	-0.00015081381	0.9809986	-4.3464536e-17	0	300
3.3990000000001244e-10	0.19391122	-0.00015166262	0.9809981	-4.3464556e-17	0	300
3.400000000000125e-10	0.19391356	-0.00015247767	0.98099756	-4.3464536e-17	0	300
3.401000000000125e-10	0.1939159	-0.00015325895	0.98099715	-4.3464543e-17	0	300
3.4020000000001254e-10	0.19391823	-0.00015400654	0.9809967	-4.3464543e-17	0	300
3.4030000000001257e-10	0.19392058	-0.0001547205	0.98099625	-4.3464536e-17	0	300
3.404000000000126e-10	0.19392292	-0.00015540089	0.98099583	-4.3464536e-17	0	300
3.4050000000001263e-10	0.19392525	-0.00015604786	0.9809953	-4.3464543e-17	0	300
3.4060000000001266e-10	0.19392763	-0.00015666141	0.9809948	-4.3464543e-17	0	300
3.407000000000127e-10	0.19392996	-0.0001572417	0.98099434	-4.3464536e-17	0	300
3.408000000000127e-10	0.19393231	-0.00015778885	0.98099387	-4.3464543e-17	0	300
3.4090000000001275e-10	0.19393465	-0.00015830284	0.9809935	-4.3464536e-17	0	300
3.410000000000128e-10	0.19393697	-0.00015878388	0.98099303	-4.3464543e-17	0	300
3.411000000000128e-10	0.19393934	-0.00015923209	0.9809925	-4.3464543e-17	0	300
3.4120000000001284e-10	0.19394167	-0.00015964756	0.9809921	-4.3464536e-17	0	300
3.4130000000001287e-10	0.19394402	-0.00016003044	0.9809916	-4.3464543e-17	0	300
3.414000000000129e-10	0.19394636	-0.00016038083	0.98099107	-4.346455e-17	0	300
3.4150000000001293e-10	0.19394869	-0.0001606989	0.9809905	-4.3464536e-17	0	300
3.4160000000001297e-10	0.19395101	-0.00016098477	0.98099023	-4.3464536e-17	0	300
3.41700000000013e-10	0.19395337	-0.00016123864	0.98098975	-4.3464536e-17	0	300
3.4180000000001303e-10	0.19395566	-0.00016146066	0.9809892	-4.3464543e-17	0	300
3.4190000000001306e-10	0.19395797	-0.00016165091	0.9809888	-4.346454e-17	0	300
3.420000000000131e-10	0.19396031	-0.00016180973	0.98098826	-4.346454e-17	0	300
3.421000000000131e-10	0.19396259	-0.00016193707	0.98098797	-4.346456e-17	0	300
3.4220000000001315e-10	0.1939649	-0.00016203334	0.9809874	-4.3464533e-17	0	300
3.423000000000132e-10	0.19396721	-0.00016209854	0.98098695	-4.3464556e-17	0	300
3.424000000000132e-10	0.1939695	-0.00016213284	0.9809865	-4.3464536e-17	0	300
3.4250000000001324e-10	0.1939718	-0.00016213652	0.980986	-4.3464536e-17	0	300
3.4260000000001327e-10	0.19397405	-0.00016210973	0.98098564	-4.3464543e-17	0	300
3.427000000000133e-10	0.19397633	-0.00016205269	0.98098516	-4.346454e-17	0	300
3.4280000000001333e-10	0.1939786	-0.00016196554	0.9809847	-4.346454e-17	0	300
3.4290000000001336e-10	0.19398083	-0.00016184858	0.98098415	-4.3464543e-17	0	300
3.430000000000134e-10	0.19398308	-0.00016170197	0.9809838	-4.3464536e-17	0	300
3.431000000000134e-10	0.19398531	-0.00016152595	0.9809833	-4.3464533e-17	0	300
3.4320000000001346e-10	0.19398752	-0.0001613208	0.98098296	-4.3464546e-17	0	300
3.433000000000135e-10	0.19398975	-0.00016108662	0.9809824	-4.3464543e-17	0	300
3.434000000000135e-10	0.19399196	-0.00016082368	0.98098195	-4.346454e-17	0	300
3.4350000000001355e-10	0.19399416	-0.0001605322	0.9809815	-4.3464543e-17	0	300
3.436000000000136e-10	0.19399631	-0.00016021244	0.9809812	-4.3464536e-17	0	300
3.437000000000136e-10	0.19399849	-0.0001598646	0.98098063	-4.3464546e-17	0	300
3.4380000000001364e-10	0.19400063	-0.00015948899	0.9809802	-4.346453e-17	0	300
3.4390000000001367e-10	0.1940028	-0.00015908577	0.98097986	-4.346454e-17	0	300
3.440000000000137e-10	0.19400492	-0.00015865524	0.98097944	-4.3464543e-17	0	300
3.4410000000001373e-10	0.19400705	-0.00015819762	0.98097897	-4.3464543e-17	0	300
3.4420000000001376e-10	0.19400917	-0.00015771326	0.9809786	-4.346454e-17	0	300
3.443000000000138e-10	0.19401127	-0.00015720238	0.98097813	-4.346455e-17	0	300
3.444000000000138e-10	0.19401333	-0.00015666524	0.9809777	-4.346454e-17	0	300
3.4450000000001385e-10	0.19401541	-0.00015610202	0.9809773	-4.3464546e-17	0	300
3.446000000000139e-10	0.19401747	-0.00015551306	0.98097694	-4.3464543e-17	0	300
3.447000000000139e-10	0.19401953	-0.00015489863	0.98097646	-4.346453e-17	0	300
3.4480000000001395e-10	0.19402155	-0.00015425892	0.9809761	-4.3464546e-17	0	300
3.44900000000014e-10	0.19402358	-0.00015359427	0.98097575	-4.346454e-17	0	300
3.45000000000014e-10	0.19402558	-0.00015290495	0.9809753	-4.346454e-17	0	300
3.4510000000001404e-10	0.19402754	-0.00015219113	0.9809749	-4.3464533e-17	0	300
3.4520000000001407e-10	0.19402952	-0.00015145323	0.9809745	-4.3464543e-17	0	300
3.453000000000141e-10	0.19403146	-0.00015069154	0.9809741	-4.3464546e-17	0	300
3.4540000000001413e-10	0.1940334	-0.00014990626	0.9809737	-4.3464546e-17	0	300
3.4550000000001416e-10	0.19403532	-0.0001490978	0.98097336	-4.346454e-17	0	300
3.456000000000142e-10	0.1940372	-0.00014826641	0.9809729	-4.3464533e-17	0	300
3.457000000000142e-10	0.1940391	-0.00014741234	0.9809726	-4.346454e-17	0	300
3.4580000000001425e-10	0.19404095	-0.00014653598	0.9809722	-4.3464543e-17	0	300
3.459000000000143e-10	0.1940428	-0.00014563758	0.9809718	-4.346455e-17	0	300
3.460000000000143e-10	0.19404463	-0.00014471747	0.98097146	-4.3464546e-17	0	300
3.4610000000001435e-10	0.19404647	-0.00014377589	0.98097104	-4.346455e-17	0	300
3.462000000000144e-10	0.19404826	-0.00014281325	0.9809708	-4.346454e-17	0	300
3.463000000000144e-10	0.19405003	-0.00014182985	0.9809703	-4.3464556e-17	0	300
3.4640000000001444e-10	0.19405179	-0.00014082593	0.9809701	-4.346454e-17	0	300
3.4650000000001447e-10	0.19405352	-0.00013980188	0.98096967	-4.3464533e-17	0	300
3.466000000000145e-10	0.19405524	-0.00013875794	0.9809694	-4.3464533e-17	0	300
3.4670000000001453e-10	0.19405693	-0.00013769453	0.98096895	-4.3464536e-17	0	300
3.4680000000001456e-10	0.19405861	-0.00013661187	0.98096865	-4.3464536e-17	0	300
3.469000000000146e-10	0.19406027	-0.0001355104	0.98096836	-4.346454e-17	0	300
3.470000000000146e-10	0.19406192	-0.00013439046	0.980968	-4.3464546e-17	0	300
3.4710000000001465e-10	0.19406354	-0.00013325227	0.98096764	-4.346455e-17	0	300
3.472000000000147e-10	0.19406514	-0.00013209626	0.9809674	-4.3464536e-17	0	300
3.473000000000147e-10	0.19406672	-0.00013092266	0.98096704	-4.3464543e-17	0	300
3.4740000000001474e-10	0.19406828	-0.00012973185	0.98096675	-4.346455e-17	0	300
3.475000000000148e-10	0.1940698	-0.0001285242	0.9809664	-4.3464543e-17	0	300
3.476000000000148e-10	0.19407132	-0.00012729998	0.9809662	-4.3464546e-17	0	300
3.4770000000001484e-10	0.19407284	-0.00012605956	0.98096573	-4.3464533e-17	0	300
3.4780000000001487e-10	0.19407429	-0.00012480328	0.98096555	-4.3464533e-17	0	300
3.479000000000149e-10	0.19407576	-0.00012353135	0.98096526	-4.3464536e-17	0	300
3.4800000000001493e-10	0.1940772	-0.00012224431	0.980965	-4.3464546e-17	0	300
3.4810000000001496e-10	0.1940786	-0.00012094233	0.9809648	-4.3464546e-17	0	300
3.48200000000015e-10	0.19408	-0.000119625794	0.9809643	-4.3464536e-17	0	300
3.48300000000015e-10	0.19408135	-0.000118295124	0.9809641	-4.3464533e-17	0	300
3.4840000000001505e-10	0.1940827	-0.00011695052	0.9809639	-4.346455e-17	0	300
3.485000000000151e-10	0.19408403	-0.00011559235	0.9809636	-4.3464536e-17	0	300
3.486000000000151e-10	0.19408533	-0.000114220966	0.98096335	-4.346454e-17	0	300
3.4870000000001514e-10	0.19408661	-0.00011283682	0.980963	-4.3464536e-17	0	300
3.4880000000001517e-10	0.19408785	-0.00011144013	0.9809628	-4.3464543e-17	0	300
3.489000000000152e-10	0.19408908	-0.00011003124	0.98096263	-4.346455e-17	0	300
3.4900000000001524e-10	0.1940903	-0.00010861056	0.9809623	-4.346454e-17	0	300
3.4910000000001527e-10	0.19409147	-0.00010717843	0.98096204	-4.3464546e-17	0	300
3.492000000000153e-10	0.19409263	-0.000105735104	0.9809619	-4.3464546e-17	0	300
3.4930000000001533e-10	0.1940938	-0.00010428098	0.98096156	-4.3464543e-17	0	300
3.4940000000001536e-10	0.19409488	-0.000102816484	0.9809614	-4.3464543e-17	0	300
3.495000000000154e-10	0.19409598	-0.00010134191	0.98096126	-4.346455e-17	0	300
3.496000000000154e-10	0.19409706	-9.985756e-05	0.98096085	-4.3464533e-17	0	300
3.4970000000001545e-10	0.19409811	-9.836382e-05	0.98096067	-4.346454e-17	0	300
3.498000000000155e-10	0.19409914	-9.6861026e-05	0.9809605	-4.3464543e-17	0	300
3.499000000000155e-10	0.19410014	-9.534956e-05	0.98096037	-4.346454e-17	0	300
3.5000000000001554e-10	0.19410111	-9.382968e-05	0.9809601	-4.3464543e-17	0	300
3.5010000000001557e-10	0.19410206	-9.230178e-05	0.98095995	-4.3464546e-17	0	300
3.502000000000156e-10	0.19410299	-9.076616e-05	0.9809598	-4.3464546e-17	0	300
3.5030000000001563e-10	0.19410391	-8.922317e-05	0.98095965	-4.346455e-17	0	300
3.5040000000001566e-10	0.19410478	-8.767307e-05	0.9809594	-4.3464533e-17	0	300
3.505000000000157e-10	0.19410564	-8.611633e-05	0.9809592	-4.346454e-17	0	300
3.506000000000157e-10	0.19410649	-8.455311e-05	0.98095906	-4.346454e-17	0	300
3.5070000000001576e-10	0.1941073	-8.298393e-05	0.9809589	-4.346454e-17	0	300
3.508000000000158e-10	0.19410808	-8.1408965e-05	0.98095876	-4.3464553e-17	0	300
3.509000000000158e-10	0.19410884	-7.982866e-05	0.98095864	-4.3464543e-17	0	300
3.5100000000001585e-10	0.1941096	-7.824329e-05	0.9809584	-4.346454e-17	0	300
3.511000000000159e-10	0.1941103	-7.665326e-05	0.9809583	-4.3464546e-17	0	300
3.512000000000159e-10	0.19411102	-7.5058866e-05	0.98095816	-4.3464526e-17	0	300
3.5130000000001594e-10	0.19411168	-7.3460404e-05	0.98095804	-4.346453e-17	0	300
3.5140000000001597e-10	0.19411235	-7.1858274e-05	0.9809579	-4.3464546e-17	0	300
3.51500000000016e-10	0.19411296	-7.025261e-05	0.98095787	-4.3464543e-17	0	300
3.5160000000001603e-10	0.19411354	-6.864392e-05	0.98095757	-4.346455e-17	0	300
3.5170000000001606e-10	0.19411413	-6.703242e-05	0.98095757	-4.3464533e-17	0	300
3.518000000000161e-10	0.19411469	-6.541853e-05	0.98095745	-4.346454e-17	0	300
3.519000000000161e-10	0.1941152	-6.380251e-05	0.9809573	-4.3464543e-17	0	300
3.5200000000001616e-10	0.19411573	-6.218471e-05	0.9809572	-4.3464553e-17	0	300
3.521000000000162e-10	0.19411622	-6.0565446e-05	0.98095715	-4.346454e-17	0	300
3.522000000000162e-10	0.19411668	-5.894495e-05	0.980957	-4.3464546e-17	0	300
3.5230000000001625e-10	0.19411713	-5.7323596e-05	0.980957	-4.346455e-17	0	300
3.524000000000163e-10	0.19411755	-5.5701617e-05	0.98095685	-4.3464536e-17	0	300
3.525000000000163e-10	0.19411793	-5.4079344e-05	0.9809568	-4.3464543e-17	0	300
3.5260000000001634e-10	0.19411832	-5.245705e-05	0.98095673	-4.346455e-17	0	300
3.5270000000001637e-10	0.19411865	-5.083523e-05	0.9809567	-4.3464536e-17	0	300
3.528000000000164e-10	0.19411899	-4.9213966e-05	0.9809566	-4.346454e-17	0	300
3.5290000000001643e-10	0.19411927	-4.7593647e-05	0.9809565	-4.3464546e-17	0	300
3.5300000000001646e-10	0.19411959	-4.5974553e-05	0.9809565	-4.3464543e-17	0	300
3.531000000000165e-10	0.19411984	-4.4356897e-05	0.98095644	-4.346455e-17	0	300
3.532000000000165e-10	0.1941201	-4.2740987e-05	0.9809564	-4.346454e-17	0	300
3.5330000000001655e-10	0.1941203	-4.112713e-05	0.98095626	-4.346455e-17	0	300
3.534000000000166e-10	0.1941205	-3.951575e-05	0.98095626	-4.3464546e-17	0	300
3.535000000000166e-10	0.19412068	-3.790697e-05	0.9809562	-4.3464543e-17	0	300
3.5360000000001665e-10	0.19412085	-3.630109e-05	0.9809562	-4.3464553e-17	0	300
3.537000000000167e-10	0.19412099	-3.4698292e-05	0.98095614	-4.3464536e-17	0	300
3.538000000000167e-10	0.19412108	-3.3099026e-05	0.9809561	-4.3464536e-17	0	300
3.5390000000001674e-10	0.19412117	-3.1503547e-05	0.9809561	-4.346454e-17	0	300
3.5400000000001677e-10	0.19412124	-2.9912107e-05	0.9809561	-4.3464533e-17	0	300
3.541000000000168e-10	0.19412127	-2.832495e-05	0.9809561	-4.3464546e-17	0	300
3.5420000000001683e-10	0.1941213	-2.674236e-05	0.9809561	-4.346454e-17	0	300
3.5430000000001686e-10	0.19412132	-2.5164616e-05	0.9809561	-4.346454e-17	0	300
3.544000000000169e-10	0.1941213	-2.3591998e-05	0.980956	-4.3464533e-17	0	300
3.545000000000169e-10	0.19412127	-2.2024724e-05	0.9809561	-4.346454e-17	0	300
3.5460000000001695e-10	0.1941212	-2.0463045e-05	0.9809561	-4.3464533e-17	0	300
3.54700000000017e-10	0.19412112	-1.8907223e-05	0.98095614	-4.346455e-17	0	300
3.54800000000017e-10	0.19412103	-1.735755e-05	0.9809562	-4.3464543e-17	0	300
3.5490000000001704e-10	0.1941209	-1.5814252e-05	0.9809562	-4.3464533e-17	0	300
3.550000000000171e-10	0.19412078	-1.4277573e-05	0.9809562	-4.346454e-17	0	300
3.551000000000171e-10	0.1941206	-1.2747742e-05	0.9809562	-4.3464556e-17	0	300
3.5520000000001714e-10	0.19412045	-1.1224927e-05	0.98095626	-4.3464546e-17	0	300
3.5530000000001717e-10	0.19412026	-9.709443e-06	0.9809562	-4.3464543e-17	0	300
3.554000000000172e-10	0.19412005	-8.201511e-06	0.9809564	-4.346454e-17	0	300
3.5550000000001723e-10	0.19411984	-6.7012306e-06	0.98095644	-4.346455e-17	0	300
3.5560000000001726e-10	0.19411957	-5.208971e-06	0.98095644	-4.3464543e-17	0	300
3.557000000000173e-10	0.19411932	-3.7248083e-06	0.9809565	-4.346454e-17	0	300
3.558000000000173e-10	0.19411902	-2.2489862e-06	0.9809565	-4.3464536e-17	0	300
3.5590000000001735e-10	0.19411872	-7.8175754e-07	0.98095655	-4.3464543e-17	0	300
3.560000000000174e-10	0.19411841	6.7661233e-07	0.9809567	-4.3464533e-17	0	300
3.561000000000174e-10	0.19411808	2.1259664e-06	0.9809568	-4.3464553e-17	0	300
3.5620000000001744e-10	0.19411772	3.566176e-06	0.9809568	-4.3464546e-17	0	300
3.563000000000175e-10	0.19411734	4.9968785e-06	0.98095685	-4.346454e-17	0	300
3.564000000000175e-10	0.19411695	6.418033e-06	0.9809569	-4.346454e-17	0	300
3.5650000000001754e-10	0.19411653	7.829248e-06	0.98095703	-4.3464533e-17	0	300
3.5660000000001757e-10	0.19411612	9.230449e-06	0.98095715	-4.3464546e-17	0	300
3.567000000000176e-10	0.19411568	1.0621294e-05	0.9809572	-4.3464536e-17	0	300
3.5680000000001763e-10	0.19411522	1.2001759e-05	0.98095727	-4.3464543e-17	0	300
3.5690000000001766e-10	0.19411474	1.3371585e-05	0.98095727	-4.3464536e-17	0	300
3.570000000000177e-10	0.19411425	1.47306655e-05	0.9809575	-4.346454e-17	0	300
3.571000000000177e-10	0.19411376	1.6078822e-05	0.9809575	-4.3464546e-17	0	300
3.5720000000001775e-10	0.19411322	1.7415812e-05	0.9809577	-4.3464536e-17	0	300
3.573000000000178e-10	0.1941127	1.8741586e-05	0.9809577	-4.3464546e-17	0	300
3.574000000000178e-10	0.19411215	2.0055893e-05	0.9809579	-4.3464533e-17	0	300
3.5750000000001784e-10	0.1941116	2.1358614e-05	0.980958	-4.3464553e-17	0	300
3.5760000000001787e-10	0.19411102	2.2649527e-05	0.9809581	-4.346454e-17	0	300
3.577000000000179e-10	0.19411042	2.3928467e-05	0.9809582	-4.3464553e-17	0	300
3.5780000000001793e-10	0.19410981	2.5195324e-05	0.98095834	-4.3464533e-17	0	300
3.5790000000001797e-10	0.19410919	2.6449869e-05	0.98095846	-4.346454e-17	0	300
3.58000000000018e-10	0.19410856	2.7691884e-05	0.9809586	-4.3464536e-17	0	300
3.5810000000001803e-10	0.19410789	2.8921319e-05	0.98095876	-4.346454e-17	0	300
3.5820000000001806e-10	0.19410722	3.0137988e-05	0.9809589	-4.3464553e-17	0	300
3.583000000000181e-10	0.19410653	3.1341675e-05	0.980959	-4.3464543e-17	0	300
3.584000000000181e-10	0.19410582	3.253229e-05	0.9809592	-4.3464543e-17	0	300
3.5850000000001815e-10	0.19410512	3.3709726e-05	0.9809593	-4.3464533e-17	0	300
3.586000000000182e-10	0.1941044	3.487376e-05	0.9809594	-4.3464546e-17	0	300
3.587000000000182e-10	0.19410364	3.6024303e-05	0.9809595	-4.3464533e-17	0	300
3.5880000000001824e-10	0.19410288	3.716114e-05	0.9809598	-4.346454e-17	0	300
3.5890000000001827e-10	0.19410208	3.8284106e-05	0.9809599	-4.3464553e-17	0	300
3.590000000000183e-10	0.19410132	3.9393148e-05	0.98095995	-4.346454e-17	0	300
3.5910000000001833e-10	0.19410051	4.0488005e-05	0.9809602	-4.346454e-17	0	300
3.5920000000001836e-10	0.19409971	4.1568626e-05	0.98096037	-4.3464553e-17	0	300
3.593000000000184e-10	0.19409886	4.2634867e-05	0.9809605	-4.3464543e-17	0	300
3.594000000000184e-10	0.19409804	4.368667e-05	0.9809607	-4.346455e-17	0	300
3.5950000000001846e-10	0.19409718	4.47238e-05	0.98096085	-4.346455e-17	0	300
3.596000000000185e-10	0.19409631	4.5746227e-05	0.980961	-4.3464533e-17	0	300
3.597000000000185e-10	0.19409543	4.6753783e-05	0.9809612	-4.346454e-17	0	300
3.5980000000001855e-10	0.19409457	4.7746435e-05	0.9809613	-4.3464543e-17	0	300
3.599000000000186e-10	0.19409367	4.872403e-05	0.98096156	-4.3464536e-17	0	300
3.600000000000186e-10	0.19409275	4.9686503e-05	0.9809618	-4.346454e-17	0	300
3.6010000000001864e-10	0.19409186	5.0633735e-05	0.9809619	-4.346455e-17	0	300
3.6020000000001867e-10	0.19409093	5.1565654e-05	0.98096204	-4.3464536e-17	0	300
3.603000000000187e-10	0.19409	5.2482235e-05	0.9809623	-4.346454e-17	0	300
3.6040000000001873e-10	0.19408904	5.3383363e-05	0.98096246	-4.3464543e-17	0	300
3.6050000000001876e-10	0.19408812	5.4268956e-05	0.98096263	-4.3464546e-17	0	300
3.606000000000188e-10	0.19408715	5.5138946e-05	0.9809629	-4.346453e-17	0	300
3.607000000000188e-10	0.19408616	5.599329e-05	0.980963	-4.346454e-17	0	300
3.6080000000001885e-10	0.1940852	5.683189e-05	0.98096323	-4.346454e-17	0	300
3.609000000000189e-10	0.19408421	5.7654717e-05	0.98096347	-4.3464536e-17	0	300
3.610000000000189e-10	0.19408321	5.8461737e-05	0.98096377	-4.3464543e-17	0	300
3.6110000000001895e-10	0.19408223	5.9252885e-05	0.9809639	-4.3464533e-17	0	300
3.61200000000019e-10	0.1940812	6.0028033e-05	0.980964	-4.3464543e-17	0	300
3.61300000000019e-10	0.19408019	6.078722e-05	0.9809643	-4.3464533e-17	0	300
3.6140000000001904e-10	0.19407916	6.1530314e-05	0.9809644	-4.346455e-17	0	300
3.6150000000001907e-10	0.19407813	6.225738e-05	0.98096466	-4.3464543e-17	0	300
3.616000000000191e-10	0.19407709	6.296828e-05	0.9809649	-4.3464553e-17	0	300
3.6170000000001913e-10	0.19407605	6.3663065e-05	0.9809651	-4.346455e-17	0	300
3.6180000000001916e-10	0.19407499	6.434166e-05	0.9809653	-4.3464536e-17	0	300
3.619000000000192e-10	0.19407395	6.5004046e-05	0.98096544	-4.3464546e-17	0	300
3.620000000000192e-10	0.19407287	6.5650194e-05	0.9809657	-4.3464546e-17	0	300
3.6210000000001925e-10	0.1940718	6.628008e-05	0.9809659	-4.346453e-17	0	300
3.622000000000193e-10	0.19407076	6.689368e-05	0.9809661	-4.346455e-17	0	300
3.623000000000193e-10	0.19406965	6.749094e-05	0.9809662	-4.346454e-17	0	300
3.6240000000001935e-10	0.19406858	6.807195e-05	0.9809666	-4.3464553e-17	0	300
3.625000000000194e-10	0.19406751	6.863663e-05	0.98096675	-4.3464536e-17	0	300
3.626000000000194e-10	0.1940664	6.918502e-05	0.98096704	-4.346455e-17	0	300
3.6270000000001944e-10	0.1940653	6.971708e-05	0.9809672	-4.346454e-17	0	300
3.6280000000001947e-10	0.19406423	7.023277e-05	0.9809674	-4.3464553e-17	0	300
3.629000000000195e-10	0.1940631	7.07322e-05	0.98096764	-4.3464536e-17	0	300
3.6300000000001953e-10	0.19406201	7.121527e-05	0.98096776	-4.3464543e-17	0	300
3.6310000000001956e-10	0.19406092	7.168212e-05	0.9809681	-4.3464543e-17	0	300
3.632000000000196e-10	0.1940598	7.2132636e-05	0.9809683	-4.3464546e-17	0	300
3.633000000000196e-10	0.19405869	7.256697e-05	0.9809686	-4.3464553e-17	0	300
3.6340000000001965e-10	0.19405755	7.298507e-05	0.9809688	-4.3464533e-17	0	300
3.635000000000197e-10	0.19405647	7.338698e-05	0.9809689	-4.3464536e-17	0	300
3.636000000000197e-10	0.19405535	7.377271e-05	0.9809692	-4.346453e-17	0	300
3.6370000000001974e-10	0.19405425	7.414235e-05	0.9809694	-4.3464536e-17	0	300
3.638000000000198e-10	0.19405313	7.449597e-05	0.9809697	-4.3464536e-17	0	300
3.639000000000198e-10	0.194052	7.483355e-05	0.98096985	-4.3464546e-17	0	300
3.6400000000001984e-10	0.19405088	7.5155156e-05	0.98097	-4.3464546e-17	0	300
3.6410000000001987e-10	0.19404975	7.546086e-05	0.9809704	-4.3464553e-17	0	300
3.642000000000199e-10	0.19404863	7.575066e-05	0.9809705	-4.3464533e-17	0	300
3.6430000000001993e-10	0.19404751	7.6024604e-05	0.98097074	-4.346455e-17	0	300
3.6440000000001996e-10	0.19404641	7.628276e-05	0.980971	-4.3464556e-17	0	300
3.6450000000002e-10	0.19404529	7.652521e-05	0.98097116	-4.3464536e-17	0	300
3.6460000000002e-10	0.19404416	7.675196e-05	0.98097146	-4.346454e-17	0	300
3.6470000000002005e-10	0.19404304	7.696301e-05	0.98097163	-4.3464546e-17	0	300
3.648000000000201e-10	0.19404194	7.7158526e-05	0.98097193	-4.3464546e-17	0	300
3.649000000000201e-10	0.19404082	7.733851e-05	0.9809721	-4.346454e-17	0	300
3.6500000000002014e-10	0.1940397	7.750307e-05	0.98097223	-4.346455e-17	0	300
3.6510000000002017e-10	0.1940386	7.765221e-05	0.9809725	-4.3464536e-17	0	300
3.652000000000202e-10	0.19403748	7.778601e-05	0.9809728	-4.346455e-17	0	300
3.6530000000002023e-10	0.19403636	7.7904515e-05	0.98097295	-4.3464533e-17	0	300
3.6540000000002027e-10	0.19403526	7.8007884e-05	0.9809732	-4.3464546e-17	0	300
3.655000000000203e-10	0.19403416	7.80962e-05	0.98097336	-4.346454e-17	0	300
3.6560000000002033e-10	0.19403306	7.816944e-05	0.9809737	-4.346455e-17	0	300
3.6570000000002036e-10	0.19403194	7.822774e-05	0.98097384	-4.346455e-17	0	300
3.658000000000204e-10	0.19403087	7.827121e-05	0.9809741	-4.346453e-17	0	300
3.659000000000204e-10	0.19402975	7.829982e-05	0.9809743	-4.3464553e-17	0	300
3.6600000000002045e-10	0.19402868	7.831376e-05	0.98097456	-4.3464553e-17	0	300
3.661000000000205e-10	0.19402757	7.831311e-05	0.9809747	-4.346453e-17	0	300
3.662000000000205e-10	0.1940265	7.8298e-05	0.980975	-4.3464543e-17	0	300
3.6630000000002054e-10	0.19402541	7.826844e-05	0.98097515	-4.3464546e-17	0	300
3.6640000000002057e-10	0.19402434	7.822456e-05	0.9809754	-4.346454e-17	0	300
3.665000000000206e-10	0.19402325	7.816649e-05	0.9809756	-4.3464536e-17	0	300
3.6660000000002063e-10	0.1940222	7.809435e-05	0.9809758	-4.346455e-17	0	300
3.6670000000002066e-10	0.19402112	7.800822e-05	0.980976	-4.3464546e-17	0	300
3.668000000000207e-10	0.19402006	7.7908226e-05	0.9809763	-4.3464546e-17	0	300
3.669000000000207e-10	0.19401902	7.7794415e-05	0.9809764	-4.346455e-17	0	300
3.6700000000002076e-10	0.19401798	7.766698e-05	0.9809767	-4.3464533e-17	0	300
3.671000000000208e-10	0.19401693	7.752599e-05	0.98097694	-4.3464546e-17	0	300
3.672000000000208e-10	0.19401589	7.7371544e-05	0.98097706	-4.346453e-17	0	300
3.6730000000002085e-10	0.19401486	7.7203775e-05	0.9809773	-4.3464546e-17	0	300
3.674000000000209e-10	0.19401383	7.702277e-05	0.9809775	-4.3464533e-17	0	300
3.675000000000209e-10	0.1940128	7.6828685e-05	0.98097765	-4.3464556e-17	0	300
3.6760000000002094e-10	0.19401178	7.662167e-05	0.98097795	-4.346454e-17	0	300
3.6770000000002097e-10	0.1940108	7.640172e-05	0.9809781	-4.3464543e-17	0	300
3.67800000000021e-10	0.19400978	7.6169075e-05	0.98097825	-4.3464553e-17	0	300
3.6790000000002103e-10	0.19400877	7.59238e-05	0.98097855	-4.3464543e-17	0	300
3.6800000000002106e-10	0.1940078	7.5666016e-05	0.9809787	-4.3464536e-17	0	300
3.681000000000211e-10	0.1940068	7.539596e-05	0.98097885	-4.346454e-17	0	300
3.682000000000211e-10	0.19400582	7.5113676e-05	0.98097914	-4.3464543e-17	0	300
3.6830000000002116e-10	0.19400485	7.481927e-05	0.98097926	-4.346454e-17	0	300
3.684000000000212e-10	0.19400388	7.451284e-05	0.98097944	-4.3464543e-17	0	300
3.685000000000212e-10	0.19400293	7.4194584e-05	0.9809797	-4.3464543e-17	0	300
3.6860000000002125e-10	0.19400197	7.386462e-05	0.9809799	-4.3464553e-17	0	300
3.687000000000213e-10	0.19400103	7.3523086e-05	0.98098004	-4.3464543e-17	0	300
3.688000000000213e-10	0.1940001	7.317009e-05	0.9809802	-4.3464546e-17	0	300
3.6890000000002134e-10	0.19399917	7.280577e-05	0.9809804	-4.3464536e-17	0	300
3.6900000000002137e-10	0.19399826	7.2430266e-05	0.98098063	-4.346455e-17	0	300
3.691000000000214e-10	0.19399735	7.204369e-05	0.9809809	-4.3464553e-17	0	300
3.6920000000002143e-10	0.19399643	7.1646224e-05	0.98098105	-4.3464536e-17	0	300
3.6930000000002146e-10	0.19399554	7.123804e-05	0.9809812	-4.346455e-17	0	300
3.694000000000215e-10	0.19399464	7.081926e-05	0.9809813	-4.3464533e-17	0	300
3.695000000000215e-10	0.19399378	7.038996e-05	0.9809815	-4.346454e-17	0	300
3.6960000000002155e-10	0.19399288	6.995032e-05	0.9809817	-4.3464543e-17	0	300
3.697000000000216e-10	0.19399202	6.950054e-05	0.9809819	-4.346455e-17	0	300
3.698000000000216e-10	0.19399115	6.904067e-05	0.9809821	-4.3464553e-17	0	300
3.6990000000002165e-10	0.19399033	6.857089e-05	0.98098224	-4.3464546e-17	0	300
3.700000000000217e-10	0.19398949	6.8091394e-05	0.98098236	-4.3464533e-17	0	300
3.701000000000217e-10	0.19398865	6.760231e-05	0.9809825	-4.346455e-17	0	300
3.7020000000002174e-10	0.19398783	6.710378e-05	0.9809828	-4.3464543e-17	0	300
3.7030000000002177e-10	0.19398703	6.6595974e-05	0.98098284	-4.3464543e-17	0	300
3.704000000000218e-10	0.19398622	6.607906e-05	0.980983	-4.3464536e-17	0	300
3.7050000000002183e-10	0.19398543	6.5553155e-05	0.98098314	-4.3464543e-17	0	300
3.7060000000002186e-10	0.19398466	6.501837e-05	0.9809834	-4.346455e-17	0	300
3.707000000000219e-10	0.19398388	6.447488e-05	0.9809835	-4.3464543e-17	0	300
3.708000000000219e-10	0.19398312	6.392291e-05	0.9809836	-4.3464543e-17	0	300
3.7090000000002195e-10	0.19398236	6.336266e-05	0.98098373	-4.3464536e-17	0	300
3.71000000000022e-10	0.19398162	6.279419e-05	0.9809839	-4.346454e-17	0	300
3.71100000000022e-10	0.1939809	6.221762e-05	0.9809842	-4.3464546e-17	0	300
3.7120000000002204e-10	0.19398017	6.1633145e-05	0.9809843	-4.346454e-17	0	300
3.713000000000221e-10	0.19397946	6.104096e-05	0.9809844	-4.3464536e-17	0	300
3.714000000000221e-10	0.19397876	6.0441238e-05	0.9809845	-4.3464556e-17	0	300
3.7150000000002214e-10	0.19397804	5.983416e-05	0.9809846	-4.3464536e-17	0	300
3.7160000000002217e-10	0.19397739	5.9219812e-05	0.9809848	-4.3464546e-17	0	300
3.717000000000222e-10	0.19397669	5.8598405e-05	0.9809849	-4.346454e-17	0	300
3.7180000000002223e-10	0.19397604	5.797003e-05	0.98098505	-4.3464523e-17	0	300
3.7190000000002226e-10	0.19397539	5.7334822e-05	0.98098516	-4.3464546e-17	0	300
3.720000000000223e-10	0.19397476	5.669306e-05	0.9809853	-4.3464546e-17	0	300
3.721000000000223e-10	0.19397412	5.6044857e-05	0.98098546	-4.3464543e-17	0	300
3.7220000000002235e-10	0.1939735	5.539041e-05	0.9809856	-4.3464546e-17	0	300
3.723000000000224e-10	0.19397289	5.4729833e-05	0.9809857	-4.3464543e-17	0	300
3.724000000000224e-10	0.19397229	5.406329e-05	0.98098576	-4.3464546e-17	0	300
3.7250000000002244e-10	0.19397171	5.3390886e-05	0.980986	-4.346455e-17	0	300
3.7260000000002247e-10	0.19397113	5.2712832e-05	0.98098606	-4.346454e-17	0	300
3.727000000000225e-10	0.19397056	5.2029358e-05	0.98098624	-4.346455e-17	0	300
3.7280000000002254e-10	0.19397001	5.134052e-05	0.98098624	-4.3464533e-17	0	300
3.7290000000002257e-10	0.19396946	5.064658e-05	0.98098636	-4.3464536e-17	0	300
3.730000000000226e-10	0.19396894	4.9947612e-05	0.9809865	-4.346453e-17	0	300
3.7310000000002263e-10	0.19396842	4.924385e-05	0.9809866	-4.3464546e-17	0	300
3.7320000000002266e-10	0.19396788	4.8535418e-05	0.98098665	-4.3464543e-17	0	300
3.733000000000227e-10	0.1939674	4.7822487e-05	0.9809869	-4.346455e-17	0	300
3.734000000000227e-10	0.1939669	4.710517e-05	0.9809869	-4.3464546e-17	0	300
3.7350000000002275e-10	0.19396642	4.6383713e-05	0.980987	-4.3464553e-17	0	300
3.736000000000228e-10	0.19396596	4.5658217e-05	0.9809871	-4.3464536e-17	0	300
3.737000000000228e-10	0.1939655	4.4928885e-05	0.98098713	-4.346455e-17	0	300
3.7380000000002284e-10	0.19396505	4.419581e-05	0.9809872	-4.3464536e-17	0	300
3.7390000000002287e-10	0.19396462	4.3459222e-05	0.98098737	-4.3464536e-17	0	300
3.740000000000229e-10	0.1939642	4.2719163e-05	0.9809875	-4.346454e-17	0	300
3.7410000000002293e-10	0.19396378	4.197582e-05	0.98098755	-4.3464533e-17	0	300
3.7420000000002296e-10	0.19396336	4.1229403e-05	0.9809876	-4.346454e-17	0	300
3.74300000000023e-10	0.19396299	4.048014e-05	0.98098767	-4.3464553e-17	0	300
3.7440000000002303e-10	0.19396259	3.972805e-05	0.9809877	-4.346454e-17	0	300
3.7450000000002306e-10	0.19396222	3.897335e-05	0.9809878	-4.346454e-17	0	300
3.746000000000231e-10	0.19396189	3.8216152e-05	0.9809879	-4.3464536e-17	0	300
3.747000000000231e-10	0.19396152	3.7456663e-05	0.9809879	-4.3464543e-17	0	300
3.7480000000002315e-10	0.19396119	3.6695e-05	0.980988	-4.346455e-17	0	300
3.749000000000232e-10	0.19396085	3.593128e-05	0.98098814	-4.3464543e-17	0	300
3.750000000000232e-10	0.19396055	3.5165718e-05	0.98098814	-4.3464546e-17	0	300
3.7510000000002324e-10	0.19396023	3.439861e-05	0.98098826	-4.3464533e-17	0	300
3.7520000000002327e-10	0.19395995	3.362985e-05	0.9809884	-4.3464543e-17	0	300
3.753000000000233e-10	0.19395967	3.2859694e-05	0.9809884	-4.3464543e-17	0	300
3.7540000000002333e-10	0.19395939	3.2088337e-05	0.98098844	-4.3464546e-17	0	300
3.7550000000002336e-10	0.19395915	3.1315958e-05	0.9809885	-4.346454e-17	0	300
3.756000000000234e-10	0.19395888	3.0542524e-05	0.9809885	-4.3464543e-17	0	300
3.757000000000234e-10	0.19395867	2.9768504e-05	0.9809886	-4.3464546e-17	0	300
3.7580000000002346e-10	0.19395845	2.8993843e-05	0.9809887	-4.3464543e-17	0	300
3.759000000000235e-10	0.19395821	2.8218785e-05	0.9809887	-4.3464546e-17	0	300
3.760000000000235e-10	0.19395804	2.7443364e-05	0.9809887	-4.3464536e-17	0	300
3.7610000000002355e-10	0.19395784	2.66677e-05	0.98098874	-4.346454e-17	0	300
3.762000000000236e-10	0.19395763	2.5892106e-05	0.98098874	-4.3464536e-17	0	300
3.763000000000236e-10	0.19395748	2.5116586e-05	0.98098874	-4.3464533e-17	0	300
3.7640000000002364e-10	0.1939573	2.4341261e-05	0.98098886	-4.346453e-17	0	300
3.7650000000002367e-10	0.19395715	2.3566252e-05	0.98098886	-4.3464533e-17	0	300
3.766000000000237e-10	0.19395702	2.2791715e-05	0.98098886	-4.3464533e-17	0	300
3.7670000000002373e-10	0.19395687	2.2017792e-05	0.98098886	-4.3464536e-17	0	300
3.7680000000002376e-10	0.19395675	2.1244683e-05	0.98098886	-4.3464546e-17	0	300
3.769000000000238e-10	0.19395663	2.0472467e-05	0.980989	-4.3464533e-17	0	300
3.770000000000238e-10	0.19395654	1.9701223e-05	0.980989	-4.3464543e-17	0	300
3.7710000000002385e-10	0.19395643	1.8931249e-05	0.980989	-4.3464543e-17	0	300
3.772000000000239e-10	0.19395638	1.816251e-05	0.980989	-4.346454e-17	0	300
3.773000000000239e-10	0.1939563	1.739527e-05	0.9809889	-4.3464546e-17	0	300
3.7740000000002395e-10	0.19395623	1.6629589e-05	0.980989	-4.3464546e-17	0	300
3.77500000000024e-10	0.19395618	1.5865533e-05	0.980989	-4.3464543e-17	0	300
3.77600000000024e-10	0.19395614	1.5103268e-05	0.980989	-4.3464543e-17	0	300
3.7770000000002404e-10	0.19395609	1.434297e-05	0.980989	-4.3464536e-17	0	300
3.7780000000002407e-10	0.19395609	1.3584782e-05	0.980989	-4.3464536e-17	0	300
3.779000000000241e-10	0.19395608	1.2828826e-05	0.98098904	-4.346455e-17	0	300
3.7800000000002413e-10	0.19395608	1.2075228e-05	0.98098904	-4.3464536e-17	0	300
3.7810000000002416e-10	0.1939561	1.1324142e-05	0.98098904	-4.3464523e-17	0	300
3.782000000000242e-10	0.19395612	1.057565e-05	0.98098904	-4.3464523e-17	0	300
3.783000000000242e-10	0.19395617	9.829895e-06	0.98098904	-4.3464536e-17	0	300
3.7840000000002425e-10	0.1939562	9.086999e-06	0.98098904	-4.3464543e-17	0	300
3.785000000000243e-10	0.19395626	8.347095e-06	0.98098904	-4.3464546e-17	0	300
3.786000000000243e-10	0.19395632	7.6103775e-06	0.98098904	-4.3464546e-17	0	300
3.7870000000002435e-10	0.19395638	6.8769505e-06	0.98098904	-4.346454e-17	0	300
3.788000000000244e-10	0.19395646	6.146841e-06	0.980989	-4.3464543e-17	0	300
3.789000000000244e-10	0.19395654	5.420172e-06	0.980989	-4.3464543e-17	0	300
3.7900000000002444e-10	0.19395664	4.6970526e-06	0.980989	-4.3464553e-17	0	300
3.7910000000002447e-10	0.19395675	3.9775337e-06	0.9809889	-4.3464546e-17	0	300
3.792000000000245e-10	0.19395688	3.261862e-06	0.9809889	-4.3464536e-17	0	300
3.7930000000002453e-10	0.19395697	2.5499894e-06	0.9809889	-4.3464543e-17	0	300
3.7940000000002456e-10	0.19395712	1.8420133e-06	0.9809889	-4.346454e-17	0	300
3.795000000000246e-10	0.19395724	1.1380304e-06	0.98098886	-4.3464536e-17	0	300
3.796000000000246e-10	0.19395739	4.381959e-07	0.98098874	-4.3464536e-17	0	300
3.7970000000002465e-10	0.19395755	-2.5739723e-07	0.98098874	-4.3464553e-17	0	300
3.798000000000247e-10	0.19395772	-9.486042e-07	0.98098874	-4.3464543e-17	0	300
3.799000000000247e-10	0.19395788	-1.635441e-06	0.98098874	-4.346454e-17	0	300
3.8000000000002474e-10	0.19395807	-2.3178154e-06	0.9809887	-4.346453e-17	0	300
3.801000000000248e-10	0.19395825	-2.995533e-06	0.9809886	-4.346454e-17	0	300
3.802000000000248e-10	0.19395845	-3.6684137e-06	0.98098856	-4.3464543e-17	0	300
3.8030000000002484e-10	0.19395865	-4.336495e-06	0.98098856	-4.3464553e-17	0	300
3.8040000000002487e-10	0.19395886	-4.999833e-06	0.98098856	-4.3464543e-17	0	300
3.805000000000249e-10	0.19395909	-5.6582994e-06	0.9809885	-4.3464553e-17	0	300
3.8060000000002493e-10	0.1939593	-6.3116217e-06	0.9809885	-4.346453e-17	0	300
3.8070000000002496e-10	0.19395952	-6.959962e-06	0.98098844	-4.346454e-17	0	300
3.80800000000025e-10	0.19395974	-7.603235e-06	0.9809883	-4.346455e-17	0	300
3.80900000000025e-10	0.19396	-8.241191e-06	0.98098826	-4.3464536e-17	0	300
3.8100000000002505e-10	0.19396025	-8.873768e-06	0.9809882	-4.346454e-17	0	300
3.811000000000251e-10	0.19396052	-9.5009445e-06	0.98098814	-4.3464546e-17	0	300
3.812000000000251e-10	0.19396079	-1.0122566e-05	0.98098814	-4.3464543e-17	0	300
3.8130000000002514e-10	0.19396105	-1.0738571e-05	0.9809881	-4.346454e-17	0	300
3.8140000000002517e-10	0.19396132	-1.1348848e-05	0.980988	-4.346454e-17	0	300
3.815000000000252e-10	0.19396164	-1.1953379e-05	0.980988	-4.3464536e-17	0	300
3.8160000000002523e-10	0.19396192	-1.2552092e-05	0.9809879	-4.3464543e-17	0	300
3.8170000000002527e-10	0.19396223	-1.3144828e-05	0.98098785	-4.3464533e-17	0	300
3.818000000000253e-10	0.19396254	-1.3731544e-05	0.9809878	-4.3464553e-17	0	300
3.8190000000002533e-10	0.19396286	-1.4312166e-05	0.9809878	-4.346455e-17	0	300
3.8200000000002536e-10	0.1939632	-1.48867e-05	0.98098767	-4.3464536e-17	0	300
3.821000000000254e-10	0.19396353	-1.545495e-05	0.98098767	-4.3464543e-17	0	300
3.822000000000254e-10	0.19396386	-1.6017e-05	0.98098755	-4.3464543e-17	0	300
3.8230000000002545e-10	0.19396421	-1.6572629e-05	0.9809875	-4.3464546e-17	0	300
3.824000000000255e-10	0.19396456	-1.7121907e-05	0.98098737	-4.3464546e-17	0	300
3.825000000000255e-10	0.19396491	-1.7664763e-05	0.98098725	-4.3464546e-17	0	300
3.8260000000002554e-10	0.19396529	-1.8201004e-05	0.98098725	-4.3464546e-17	0	300
3.8270000000002557e-10	0.19396564	-1.8730714e-05	0.98098713	-4.346454e-17	0	300
3.828000000000256e-10	0.193966	-1.9253834e-05	0.98098713	-4.3464546e-17	0	300
3.8290000000002563e-10	0.1939664	-1.9770281e-05	0.9809871	-4.3464546e-17	0	300
3.8300000000002566e-10	0.19396678	-2.0280027e-05	0.98098695	-4.3464533e-17	0	300
3.831000000000257e-10	0.19396718	-2.0783013e-05	0.98098683	-4.346454e-17	0	300
3.832000000000257e-10	0.19396758	-2.1279135e-05	0.9809868	-4.346454e-17	0	300
3.8330000000002576e-10	0.19396797	-2.1768397e-05	0.9809867	-4.3464553e-17	0	300
3.834000000000258e-10	0.19396836	-2.2250733e-05	0.9809866	-4.346454e-17	0	300
3.835000000000258e-10	0.19396877	-2.2726144e-05	0.9809866	-4.346454e-17	0	300
3.8360000000002585e-10	0.19396919	-2.319445e-05	0.98098654	-4.346456e-17	0	300
3.837000000000259e-10	0.19396959	-2.3655786e-05	0.9809865	-4.346454e-17	0	300
3.838000000000259e-10	0.19397002	-2.4110062e-05	0.98098636	-4.3464533e-17	0	300
3.8390000000002594e-10	0.19397044	-2.4557192e-05	0.9809862	-4.3464533e-17	0	300
3.8400000000002597e-10	0.19397089	-2.4997127e-05	0.9809861	-4.3464536e-17	0	300
3.84100000000026e-10	0.19397132	-2.5429823e-05	0.98098606	-4.3464543e-17	0	300
3.8420000000002603e-10	0.19397175	-2.5855363e-05	0.980986	-4.346455e-17	0	300
3.8430000000002606e-10	0.1939722	-2.6273503e-05	0.98098594	-4.346455e-17	0	300
3.844000000000261e-10	0.19397268	-2.6684398e-05	0.9809858	-4.346454e-17	0	300
3.845000000000261e-10	0.19397311	-2.7087905e-05	0.98098564	-4.3464546e-17	0	300
3.8460000000002615e-10	0.19397359	-2.7484104e-05	0.9809856	-4.3464553e-17	0	300
3.847000000000262e-10	0.19397405	-2.7872831e-05	0.9809855	-4.3464536e-17	0	300
3.848000000000262e-10	0.1939745	-2.8254171e-05	0.9809854	-4.3464543e-17	0	300
3.8490000000002625e-10	0.19397499	-2.8627994e-05	0.9809854	-4.3464556e-17	0	300
3.850000000000263e-10	0.19397545	-2.8994327e-05	0.9809852	-4.3464533e-17	0	300
3.851000000000263e-10	0.19397594	-2.9353208e-05	0.98098516	-4.346454e-17	0	300
3.8520000000002634e-10	0.19397642	-2.9704554e-05	0.98098505	-4.346455e-17	0	300
3.8530000000002637e-10	0.19397691	-3.0048306e-05	0.9809849	-4.3464536e-17	0	300
3.854000000000264e-10	0.19397739	-3.0384534e-05	0.9809848	-4.3464533e-17	0	300
3.8550000000002643e-10	0.19397788	-3.0713083e-05	0.98098475	-4.3464546e-17	0	300
3.8560000000002646e-10	0.19397837	-3.1034055e-05	0.98098457	-4.346455e-17	0	300
3.857000000000265e-10	0.19397888	-3.1347347e-05	0.9809845	-4.346455e-17	0	300
3.858000000000265e-10	0.19397937	-3.165311e-05	0.98098445	-4.3464553e-17	0	300
3.8590000000002655e-10	0.19397987	-3.195113e-05	0.9809844	-4.3464536e-17	0	300
3.860000000000266e-10	0.19398037	-3.2241558e-05	0.98098433	-4.3464543e-17	0	300
3.861000000000266e-10	0.19398087	-3.2524324e-05	0.9809842	-4.3464553e-17	0	300
3.8620000000002665e-10	0.19398136	-3.2799413e-05	0.980984	-4.3464546e-17	0	300
3.863000000000267e-10	0.19398189	-3.3066877e-05	0.9809839	-4.3464543e-17	0	300
3.864000000000267e-10	0.1939824	-3.3326705e-05	0.98098385	-4.3464543e-17	0	300
3.8650000000002674e-10	0.19398291	-3.357885e-05	0.98098373	-4.346454e-17	0	300
3.8660000000002677e-10	0.19398344	-3.382335e-05	0.9809837	-4.3464543e-17	0	300
3.867000000000268e-10	0.19398394	-3.4060304e-05	0.9809835	-4.3464543e-17	0	300
3.8680000000002683e-10	0.19398445	-3.428958e-05	0.9809834	-4.3464546e-17	0	300
3.8690000000002686e-10	0.19398499	-3.4511246e-05	0.9809833	-4.3464543e-17	0	300
3.870000000000269e-10	0.1939855	-3.47252e-05	0.9809832	-4.346455e-17	0	300
3.871000000000269e-10	0.19398601	-3.4931632e-05	0.98098314	-4.346454e-17	0	300
3.8720000000002695e-10	0.19398655	-3.5130382e-05	0.9809831	-4.3464543e-17	0	300
3.87300000000027e-10	0.19398707	-3.5321507e-05	0.9809829	-4.346453e-17	0	300
3.87400000000027e-10	0.19398758	-3.5505076e-05	0.9809828	-4.346454e-17	0	300
3.8750000000002704e-10	0.19398813	-3.5681038e-05	0.9809827	-4.346455e-17	0	300
3.876000000000271e-10	0.19398864	-3.58495e-05	0.98098266	-4.3464543e-17	0	300
3.877000000000271e-10	0.19398917	-3.6010373e-05	0.98098254	-4.3464546e-17	0	300
3.8780000000002714e-10	0.1939897	-3.616378e-05	0.9809823	-4.3464556e-17	0	300
3.8790000000002717e-10	0.19399022	-3.630969e-05	0.98098224	-4.346454e-17	0	300
3.880000000000272e-10	0.19399074	-3.6448186e-05	0.9809822	-4.3464546e-17	0	300
3.8810000000002723e-10	0.19399127	-3.657925e-05	0.98098207	-4.3464536e-17	0	300
3.8820000000002726e-10	0.19399178	-3.6702815e-05	0.980982	-4.3464546e-17	0	300
3.883000000000273e-10	0.1939923	-3.6819023e-05	0.98098195	-4.3464553e-17	0	300
3.884000000000273e-10	0.19399284	-3.692783e-05	0.9809817	-4.346455e-17	0	300
3.8850000000002735e-10	0.19399336	-3.702938e-05	0.9809816	-4.3464546e-17	0	300
3.886000000000274e-10	0.1939939	-3.7123533e-05	0.9809815	-4.3464546e-17	0	300
3.887000000000274e-10	0.19399442	-3.7210484e-05	0.98098147	-4.3464536e-17	0	300
3.8880000000002744e-10	0.19399494	-3.7290127e-05	0.98098135	-4.3464546e-17	0	300
3.8890000000002747e-10	0.19399546	-3.7362624e-05	0.9809812	-4.346454e-17	0	300
3.890000000000275e-10	0.19399598	-3.7427933e-05	0.9809811	-4.346455e-17	0	300
3.8910000000002754e-10	0.19399649	-3.7486057e-05	0.98098105	-4.3464546e-17	0	300
3.8920000000002757e-10	0.19399703	-3.7537146e-05	0.98098093	-4.346454e-17	0	300
3.893000000000276e-10	0.19399753	-3.7581216e-05	0.98098075	-4.346453e-17	0	300
3.8940000000002763e-10	0.19399804	-3.761822e-05	0.98098075	-4.346454e-17	0	300
3.8950000000002766e-10	0.19399855	-3.7648268e-05	0.9809805	-4.3464546e-17	0	300
3.896000000000277e-10	0.19399905	-3.7671376e-05	0.9809805	-4.346455e-17	0	300
3.897000000000277e-10	0.19399959	-3.7687656e-05	0.9809804	-4.3464536e-17	0	300
3.8980000000002775e-10	0.19400008	-3.7697122e-05	0.9809803	-4.346454e-17	0	300
3.899000000000278e-10	0.19400059	-3.769973e-05	0.9809803	-4.3464546e-17	0	300
3.900000000000278e-10	0.19400108	-3.7695616e-05	0.98098004	-4.3464543e-17	0	300
3.9010000000002784e-10	0.19400159	-3.7684844e-05	0.98098	-4.3464553e-17	0	300
3.9020000000002787e-10	0.19400209	-3.766755e-05	0.9809799	-4.346456e-17	0	300
3.903000000000279e-10	0.19400258	-3.7643644e-05	0.9809798	-4.3464536e-17	0	300
3.9040000000002793e-10	0.19400308	-3.7613263e-05	0.98097974	-4.3464536e-17	0	300
3.9050000000002796e-10	0.19400358	-3.75763e-05	0.9809796	-4.3464533e-17	0	300
3.90600000000028e-10	0.19400407	-3.7532976e-05	0.9809795	-4.3464546e-17	0	300
3.9070000000002803e-10	0.19400455	-3.748318e-05	0.9809794	-4.3464543e-17	0	300
3.9080000000002806e-10	0.19400503	-3.7427144e-05	0.98097926	-4.346455e-17	0	300
3.909000000000281e-10	0.19400552	-3.7364713e-05	0.9809792	-4.346454e-17	0	300
3.910000000000281e-10	0.19400601	-3.7296104e-05	0.98097914	-4.3464546e-17	0	300
3.9110000000002815e-10	0.19400649	-3.7221285e-05	0.9809791	-4.3464556e-17	0	300
3.912000000000282e-10	0.19400695	-3.714044e-05	0.98097897	-4.3464536e-17	0	300
3.913000000000282e-10	0.19400743	-3.7053465e-05	0.98097885	-4.3464526e-17	0	300
3.9140000000002824e-10	0.1940079	-3.696047e-05	0.9809787	-4.3464553e-17	0	300
3.9150000000002827e-10	0.19400838	-3.6861562e-05	0.9809786	-4.346454e-17	0	300
3.916000000000283e-10	0.19400883	-3.675681e-05	0.9809785	-4.346455e-17	0	300
3.9170000000002833e-10	0.19400932	-3.664612e-05	0.9809785	-4.3464543e-17	0	300
3.9180000000002836e-10	0.19400978	-3.652969e-05	0.9809784	-4.346454e-17	0	300
3.919000000000284e-10	0.19401023	-3.6407455e-05	0.98097837	-4.346454e-17	0	300
3.920000000000284e-10	0.19401067	-3.627956e-05	0.9809782	-4.346454e-17	0	300
3.9210000000002846e-10	0.19401114	-3.6145964e-05	0.98097813	-4.3464546e-17	0	300
3.922000000000285e-10	0.1940116	-3.600678e-05	0.980978	-4.346455e-17	0	300
3.923000000000285e-10	0.19401205	-3.5862042e-05	0.9809779	-4.3464523e-17	0	300
3.9240000000002855e-10	0.1940125	-3.571187e-05	0.9809779	-4.3464543e-17	0	300
3.925000000000286e-10	0.19401291	-3.5556197e-05	0.98097765	-4.3464546e-17	0	300
3.926000000000286e-10	0.19401336	-3.5395205e-05	0.98097754	-4.3464533e-17	0	300
3.9270000000002864e-10	0.1940138	-3.52289e-05	0.9809775	-4.3464546e-17	0	300
3.9280000000002867e-10	0.1940142	-3.505733e-05	0.9809775	-4.3464546e-17	0	300
3.929000000000287e-10	0.19401465	-3.488062e-05	0.9809774	-4.3464536e-17	0	300
3.9300000000002873e-10	0.19401509	-3.4698765e-05	0.98097736	-4.3464543e-17	0	300
3.9310000000002876e-10	0.1940155	-3.451183e-05	0.98097724	-4.3464543e-17	0	300
3.932000000000288e-10	0.19401592	-3.4319826e-05	0.9809771	-4.3464543e-17	0	300
3.933000000000288e-10	0.19401632	-3.412301e-05	0.9809771	-4.3464543e-17	0	300
3.9340000000002885e-10	0.19401675	-3.3921213e-05	0.980977	-4.346453e-17	0	300
3.935000000000289e-10	0.19401714	-3.371468e-05	0.9809768	-4.3464536e-17	0	300
3.936000000000289e-10	0.19401754	-3.3503384e-05	0.9809767	-4.3464543e-17	0	300
3.9370000000002895e-10	0.19401795	-3.3287382e-05	0.9809767	-4.346453e-17	0	300
3.93800000000029e-10	0.19401833	-3.3066764e-05	0.98097664	-4.3464536e-17	0	300
3.93900000000029e-10	0.19401872	-3.2841635e-05	0.9809766	-4.346455e-17	0	300
3.9400000000002904e-10	0.19401914	-3.26121e-05	0.98097646	-4.3464543e-17	0	300
3.9410000000002907e-10	0.1940195	-3.2378157e-05	0.98097634	-4.3464536e-17	0	300
3.942000000000291e-10	0.19401988	-3.213982e-05	0.9809763	-4.3464543e-17	0	300
3.9430000000002913e-10	0.19402027	-3.189724e-05	0.9809762	-4.3464543e-17	0	300
3.9440000000002916e-10	0.19402063	-3.165042e-05	0.98097616	-4.3464543e-17	0	300
3.945000000000292e-10	0.19402099	-3.1399537e-05	0.9809761	-4.3464536e-17	0	300
3.946000000000292e-10	0.19402137	-3.1144486e-05	0.98097605	-4.3464536e-17	0	300
3.9470000000002925e-10	0.19402172	-3.0885516e-05	0.980976	-4.3464543e-17	0	300
3.948000000000293e-10	0.19402206	-3.062269e-05	0.980976	-4.3464546e-17	0	300
3.949000000000293e-10	0.19402243	-3.0355899e-05	0.98097587	-4.3464546e-17	0	300
3.9500000000002935e-10	0.19402276	-3.0085454e-05	0.98097575	-4.346454e-17	0	300
3.951000000000294e-10	0.19402309	-2.9811268e-05	0.9809757	-4.346454e-17	0	300
3.952000000000294e-10	0.19402343	-2.9533428e-05	0.9809756	-4.3464543e-17	0	300
3.9530000000002944e-10	0.19402376	-2.9252064e-05	0.9809756	-4.3464543e-17	0	300
3.9540000000002947e-10	0.1940241	-2.8967104e-05	0.98097545	-4.3464543e-17	0	300
3.955000000000295e-10	0.19402441	-2.8678747e-05	0.98097545	-4.3464533e-17	0	300
3.9560000000002953e-10	0.19402474	-2.838711e-05	0.98097545	-4.346454e-17	0	300
3.9570000000002956e-10	0.19402504	-2.8092205e-05	0.9809752	-4.346454e-17	0	300
3.958000000000296e-10	0.19402535	-2.7794069e-05	0.9809752	-4.3464543e-17	0	300
3.959000000000296e-10	0.19402567	-2.7492908e-05	0.98097515	-4.3464543e-17	0	300
3.9600000000002965e-10	0.19402596	-2.7188726e-05	0.9809751	-4.3464546e-17	0	300
3.961000000000297e-10	0.19402626	-2.6881546e-05	0.98097503	-4.3464533e-17	0	300
3.962000000000297e-10	0.19402653	-2.6571493e-05	0.980975	-4.3464543e-17	0	300
3.9630000000002974e-10	0.19402681	-2.6258596e-05	0.980975	-4.3464543e-17	0	300
3.964000000000298e-10	0.1940271	-2.5942893e-05	0.9809749	-4.346454e-17	0	300
3.965000000000298e-10	0.19402736	-2.5624615e-05	0.98097485	-4.346454e-17	0	300
3.9660000000002984e-10	0.19402763	-2.530375e-05	0.98097485	-4.3464543e-17	0	300
3.9670000000002987e-10	0.19402787	-2.4980262e-05	0.9809748	-4.346454e-17	0	300
3.968000000000299e-10	0.19402814	-2.4654439e-05	0.98097473	-4.346454e-17	0	300
3.9690000000002993e-10	0.1940284	-2.4326178e-05	0.98097473	-4.3464543e-17	0	300
3.9700000000002996e-10	0.19402868	-2.3995637e-05	0.9809746	-4.3464553e-17	0	300
3.9710000000003e-10	0.19402888	-2.3662831e-05	0.9809745	-4.3464536e-17	0	300
3.9720000000003e-10	0.19402912	-2.3327872e-05	0.9809745	-4.3464543e-17	0	300
3.9730000000003005e-10	0.19402936	-2.299087e-05	0.98097444	-4.3464546e-17	0	300
3.974000000000301e-10	0.19402961	-2.2651826e-05	0.9809744	-4.346455e-17	0	300
3.975000000000301e-10	0.19402981	-2.2310847e-05	0.9809744	-4.3464546e-17	0	300
3.9760000000003014e-10	0.19403003	-2.1968008e-05	0.9809743	-4.346455e-17	0	300
3.9770000000003017e-10	0.19403026	-2.1623453e-05	0.9809742	-4.346454e-17	0	300
3.978000000000302e-10	0.19403046	-2.1277245e-05	0.9809742	-4.3464556e-17	0	300
3.9790000000003023e-10	0.19403064	-2.0929323e-05	0.9809742	-4.3464536e-17	0	300
3.9800000000003027e-10	0.19403085	-2.0579851e-05	0.9809742	-4.3464543e-17	0	300
3.981000000000303e-10	0.19403104	-2.0228963e-05	0.9809741	-4.3464546e-17	0	300
3.9820000000003033e-10	0.19403124	-1.9876583e-05	0.98097396	-4.346455e-17	0	300
3.9830000000003036e-10	0.19403142	-1.9523e-05	0.98097396	-4.346454e-17	0	300
3.984000000000304e-10	0.19403158	-1.9168143e-05	0.98097396	-4.346455e-17	0	300
3.985000000000304e-10	0.19403175	-1.8812076e-05	0.9809739	-4.3464546e-17	0	300
3.9860000000003045e-10	0.19403192	-1.8454866e-05	0.9809739	-4.3464556e-17	0	300
3.987000000000305e-10	0.19403207	-1.8096716e-05	0.98097384	-4.3464546e-17	0	300
3.988000000000305e-10	0.19403224	-1.7737657e-05	0.98097384	-4.346453e-17	0	300
3.9890000000003054e-10	0.19403239	-1.7377632e-05	0.9809737	-4.346453e-17	0	300
3.9900000000003057e-10	0.19403252	-1.701684e-05	0.9809737	-4.3464533e-17	0	300
3.991000000000306e-10	0.19403265	-1.6655207e-05	0.9809737	-4.3464543e-17	0	300
3.9920000000003063e-10	0.19403279	-1.6292923e-05	0.9809737	-4.3464543e-17	0	300
3.9930000000003066e-10	0.19403294	-1.5929985e-05	0.98097366	-4.3464533e-17	0	300
3.994000000000307e-10	0.19403306	-1.5566566e-05	0.98097366	-4.346453e-17	0	300
3.995000000000307e-10	0.19403318	-1.5202663e-05	0.98097366	-4.3464543e-17	0	300
3.9960000000003076e-10	0.19403331	-1.4838286e-05	0.9809736	-4.346454e-17	0	300
3.997000000000308e-10	0.19403341	-1.4473638e-05	0.9809736	-4.346454e-17	0	300
3.998000000000308e-10	0.19403352	-1.41085275e-05	0.9809736	-4.3464543e-17	0	300
3.9990000000003085e-10	0.19403361	-1.374323e-05	0.9809736	-4.3464533e-17	0	300
4.000000000000309e-10	0.19403371	-1.3377802e-05	0.9809736	-4.3464533e-17	0	300
4.001000000000309e-10	0.19403382	-1.3012238e-05	0.9809736	-4.3464546e-17	0	300
4.0020000000003094e-10	0.19403389	-1.264663e-05	0.9809736	-4.3464536e-17	0	300
4.0030000000003097e-10	0.194034	-1.2280986e-05	0.9809735	-4.346453e-17	0	300
4.00400000000031e-10	0.19403407	-1.1915428e-05	0.9809735	-4.346454e-17	0	300
4.0050000000003103e-10	0.19403414	-1.1549993e-05	0.9809735	-4.3464533e-17	0	300
4.0060000000003106e-10	0.1940342	-1.1184747e-05	0.9809734	-4.3464543e-17	0	300
4.007000000000311e-10	0.19403428	-1.0819769e-05	0.9809734	-4.3464536e-17	0	300
4.008000000000311e-10	0.19403434	-1.0455122e-05	0.9809734	-4.3464536e-17	0	300
4.0090000000003115e-10	0.1940344	-1.0090812e-05	0.9809734	-4.346454e-17	0	300
4.010000000000312e-10	0.19403446	-9.7268485e-06	0.9809734	-4.3464533e-17	0	300
4.011000000000312e-10	0.1940345	-9.363322e-06	0.9809734	-4.3464533e-17	0	300
4.0120000000003125e-10	0.19403455	-9.000257e-06	0.9809734	-4.3464533e-17	0	300
4.013000000000313e-10	0.19403459	-8.637685e-06	0.98097336	-4.3464536e-17	0	300
4.014000000000313e-10	0.19403464	-8.275737e-06	0.98097336	-4.346455e-17	0	300
4.0150000000003134e-10	0.19403467	-7.914458e-06	0.98097336	-4.346455e-17	0	300
4.0160000000003137e-10	0.1940347	-7.5539106e-06	0.98097336	-4.3464536e-17	0	300
4.017000000000314e-10	0.19403471	-7.1941454e-06	0.98097336	-4.3464543e-17	0	300
4.0180000000003143e-10	0.19403474	-6.835238e-06	0.98097336	-4.3464536e-17	0	300
4.0190000000003146e-10	0.19403476	-6.4772603e-06	0.98097336	-4.3464536e-17	0	300
4.020000000000315e-10	0.19403476	-6.1202754e-06	0.98097336	-4.3464536e-17	0	300
4.021000000000315e-10	0.19403474	-5.7643515e-06	0.98097336	-4.3464543e-17	0	300
4.0220000000003155e-10	0.19403476	-5.409582e-06	0.98097336	-4.3464543e-17	0	300
4.023000000000316e-10	0.19403473	-5.055993e-06	0.98097336	-4.3464536e-17	0	300
4.024000000000316e-10	0.19403474	-4.703642e-06	0.98097336	-4.3464543e-17	0	300
4.0250000000003165e-10	0.19403474	-4.352606e-06	0.98097336	-4.3464543e-17	0	300
4.026000000000317e-10	0.1940347	-4.002959e-06	0.98097336	-4.3464543e-17	0	300
4.027000000000317e-10	0.19403467	-3.6547494e-06	0.98097336	-4.3464543e-17	0	300
4.0280000000003174e-10	0.19403464	-3.3080191e-06	0.9809734	-4.3464543e-17	0	300
4.0290000000003177e-10	0.19403462	-2.9627806e-06	0.9809734	-4.3464543e-17	0	300
4.030000000000318e-10	0.19403458	-2.6190655e-06	0.9809734	-4.346454e-17	0	300
4.0310000000003183e-10	0.19403453	-2.2769063e-06	0.9809735	-4.346454e-17	0	300
4.0320000000003186e-10	0.1940345	-1.9363404e-06	0.9809735	-4.346454e-17	0	300
4.033000000000319e-10	0.19403444	-1.597419e-06	0.9809735	-4.346454e-17	0	300
4.034000000000319e-10	0.19403441	-1.2602097e-06	0.9809735	-4.346454e-17	0	300
4.0350000000003195e-10	0.19403435	-9.247533e-07	0.9809735	-4.346455e-17	0	300
4.03600000000032e-10	0.19403428	-5.9116985e-07	0.9809735	-4.3464523e-17	0	300
4.03700000000032e-10	0.19403422	-2.59491e-07	0.98097354	-4.346455e-17	0	300
4.0380000000003204e-10	0.19403414	7.02247e-08	0.98097354	-4.3464533e-17	0	300
4.039000000000321e-10	0.19403408	3.9792957e-07	0.98097354	-4.3464546e-17	0	300
4.040000000000321e-10	0.19403398	7.235772e-07	0.98097354	-4.346454e-17	0	300
4.0410000000003214e-10	0.1940339	1.0471208e-06	0.98097354	-4.3464543e-17	0	300
4.0420000000003217e-10	0.19403383	1.3684645e-06	0.98097354	-4.3464543e-17	0	300
4.043000000000322e-10	0.19403373	1.6875897e-06	0.98097354	-4.3464546e-17	0	300
4.0440000000003223e-10	0.19403362	2.0044981e-06	0.98097354	-4.3464546e-17	0	300
4.0450000000003226e-10	0.1940335	2.3189855e-06	0.98097354	-4.3464543e-17	0	300
4.046000000000323e-10	0.19403343	2.6309385e-06	0.98097354	-4.3464543e-17	0	300
4.047000000000323e-10	0.1940333	2.9404357e-06	0.9809736	-4.346454e-17	0	300
4.0480000000003235e-10	0.19403318	3.2473808e-06	0.9809736	-4.3464543e-17	0	300
4.049000000000324e-10	0.19403306	3.5517687e-06	0.98097366	-4.3464543e-17	0	300
4.050000000000324e-10	0.19403294	3.853629e-06	0.9809737	-4.3464546e-17	0	300
4.0510000000003244e-10	0.19403282	4.15281e-06	0.9809737	-4.3464543e-17	0	300
4.0520000000003247e-10	0.19403268	4.4493495e-06	0.9809737	-4.346455e-17	0	300
4.053000000000325e-10	0.19403255	4.743253e-06	0.98097384	-4.3464553e-17	0	300
4.0540000000003254e-10	0.1940324	5.0343683e-06	0.98097384	-4.3464543e-17	0	300
4.0550000000003257e-10	0.19403225	5.3226495e-06	0.9809739	-4.346455e-17	0	300
4.056000000000326e-10	0.1940321	5.608042e-06	0.9809739	-4.3464553e-17	0	300
4.0570000000003263e-10	0.19403195	5.89066e-06	0.98097396	-4.3464536e-17	0	300
4.0580000000003266e-10	0.19403182	6.170422e-06	0.980974	-4.346453e-17	0	300
4.059000000000327e-10	0.19403167	6.447304e-06	0.980974	-4.3464533e-17	0	300
4.060000000000327e-10	0.1940315	6.721216e-06	0.980974	-4.3464543e-17	0	300
4.0610000000003275e-10	0.19403134	6.9921184e-06	0.9809741	-4.346454e-17	0	300
4.062000000000328e-10	0.1940312	7.2599623e-06	0.9809741	-4.3464543e-17	0	300
4.063000000000328e-10	0.194031	7.524853e-06	0.9809741	-4.3464546e-17	0	300
4.0640000000003284e-10	0.19403085	7.786661e-06	0.98097414	-4.3464543e-17	0	300
4.0650000000003287e-10	0.19403067	8.045434e-06	0.98097414	-4.346455e-17	0	300
4.066000000000329e-10	0.19403052	8.301133e-06	0.9809742	-4.346454e-17	0	300
4.0670000000003293e-10	0.19403034	8.553527e-06	0.9809742	-4.3464543e-17	0	300
4.0680000000003296e-10	0.19403017	8.802762e-06	0.9809742	-4.3464533e-17	0	300
4.06900000000033e-10	0.19402999	9.04892e-06	0.98097426	-4.346455e-17	0	300
4.0700000000003303e-10	0.1940298	9.291953e-06	0.98097444	-4.3464546e-17	0	300
4.0710000000003306e-10	0.19402961	9.531688e-06	0.98097444	-4.3464536e-17	0	300
4.072000000000331e-10	0.19402942	9.768132e-06	0.98097444	-4.3464533e-17	0	300
4.073000000000331e-10	0.19402924	1.0001337e-05	0.98097456	-4.346453e-17	0	300
4.0740000000003315e-10	0.19402903	1.0231288e-05	0.98097456	-4.3464546e-17	0	300
4.075000000000332e-10	0.19402885	1.0457953e-05	0.98097456	-4.3464556e-17	0	300
4.076000000000332e-10	0.19402863	1.0681364e-05	0.9809746	-4.3464546e-17	0	300
4.0770000000003324e-10	0.19402845	1.0901416e-05	0.9809746	-4.346455e-17	0	300
4.0780000000003327e-10	0.19402826	1.1117958e-05	0.9809747	-4.3464546e-17	0	300
4.079000000000333e-10	0.19402805	1.133116e-05	0.98097473	-4.346455e-17	0	300
4.0800000000003333e-10	0.19402786	1.1541097e-05	0.98097473	-4.3464533e-17	0	300
4.0810000000003336e-10	0.19402763	1.1747552e-05	0.98097473	-4.3464543e-17	0	300
4.082000000000334e-10	0.19402742	1.1950524e-05	0.98097473	-4.3464533e-17	0	300
4.083000000000334e-10	0.19402722	1.2150083e-05	0.9809748	-4.346455e-17	0	300
4.0840000000003346e-10	0.19402699	1.2346102e-05	0.98097485	-4.3464546e-17	0	300
4.085000000000335e-10	0.1940268	1.2538678e-05	0.980975	-4.3464546e-17	0	300
4.086000000000335e-10	0.19402657	1.2727832e-05	0.980975	-4.3464543e-17	0	300
4.0870000000003355e-10	0.19402638	1.29133605e-05	0.9809751	-4.346454e-17	0	300
4.088000000000336e-10	0.19402614	1.3095377e-05	0.9809751	-4.3464536e-17	0	300
4.089000000000336e-10	0.1940259	1.3273921e-05	0.98097515	-4.3464546e-17	0	300
4.0900000000003364e-10	0.19402568	1.3448922e-05	0.98097515	-4.346455e-17	0	300
4.0910000000003367e-10	0.19402546	1.3620246e-05	0.9809753	-4.3464546e-17	0	300
4.092000000000337e-10	0.19402522	1.3788082e-05	0.9809753	-4.3464543e-17	0	300
4.0930000000003373e-10	0.19402501	1.3952394e-05	0.98097533	-4.3464543e-17	0	300
4.0940000000003376e-10	0.19402477	1.4113152e-05	0.98097533	-4.3464533e-17	0	300
4.095000000000338e-10	0.19402453	1.4270216e-05	0.9809754	-4.3464536e-17	0	300
4.096000000000338e-10	0.19402431	1.4423702e-05	0.9809755	-4.346454e-17	0	300
4.0970000000003385e-10	0.19402407	1.4573652e-05	0.9809755	-4.3464543e-17	0	300
4.098000000000339e-10	0.19402383	1.4720003e-05	0.9809756	-4.3464546e-17	0	300
4.099000000000339e-10	0.19402361	1.4862649e-05	0.9809756	-4.346454e-17	0	300
4.1000000000003395e-10	0.19402336	1.5001811e-05	0.9809756	-4.346453e-17	0	300
4.10100000000034e-10	0.19402312	1.5137284e-05	0.9809757	-4.3464553e-17	0	300
4.10200000000034e-10	0.19402288	1.5269194e-05	0.9809757	-4.3464543e-17	0	300
4.1030000000003404e-10	0.19402266	1.5397498e-05	0.98097575	-4.3464543e-17	0	300
4.1040000000003407e-10	0.19402242	1.5522164e-05	0.98097575	-4.3464546e-17	0	300
4.105000000000341e-10	0.19402216	1.5643349e-05	0.98097587	-4.3464536e-17	0	300
4.1060000000003413e-10	0.19402194	1.576094e-05	0.98097587	-4.346454e-17	0	300
4.1070000000003416e-10	0.19402169	1.5874883e-05	0.980976	-4.3464536e-17	0	300
4.108000000000342e-10	0.19402143	1.5985273e-05	0.980976	-4.3464543e-17	0	300
4.109000000000342e-10	0.1940212	1.6092114e-05	0.9809761	-4.3464546e-17	0	300
4.1100000000003425e-10	0.19402097	1.6195434e-05	0.9809762	-4.3464543e-17	0	300
4.111000000000343e-10	0.19402072	1.6295115e-05	0.9809762	-4.346454e-17	0	300
4.112000000000343e-10	0.19402047	1.6391272e-05	0.9809763	-4.346454e-17	0	300
4.1130000000003434e-10	0.19402024	1.6483986e-05	0.9809763	-4.3464536e-17	0	300
4.114000000000344e-10	0.19402	1.657314e-05	0.9809763	-4.346454e-17	0	300
4.115000000000344e-10	0.19401975	1.66588e-05	0.98097634	-4.3464543e-17	0	300
4.1160000000003444e-10	0.19401951	1.674087e-05	0.9809764	-4.3464543e-17	0	300
4.1170000000003447e-10	0.19401929	1.681949e-05	0.9809764	-4.3464546e-17	0	300
4.118000000000345e-10	0.19401903	1.6894688e-05	0.98097646	-4.346455e-17	0	300
4.1190000000003453e-10	0.19401878	1.6966349e-05	0.9809765	-4.3464533e-17	0	300
4.1200000000003456e-10	0.19401854	1.7034568e-05	0.98097664	-4.3464546e-17	0	300
4.121000000000346e-10	0.1940183	1.709942e-05	0.98097664	-4.346455e-17	0	300
4.122000000000346e-10	0.19401807	1.7160804e-05	0.98097676	-4.3464553e-17	0	300
4.1230000000003465e-10	0.19401781	1.7218756e-05	0.98097676	-4.346455e-17	0	300
4.124000000000347e-10	0.19401759	1.7273285e-05	0.98097676	-4.3464533e-17	0	300
4.125000000000347e-10	0.19401734	1.7324515e-05	0.9809768	-4.3464546e-17	0	300
4.1260000000003474e-10	0.1940171	1.7372375e-05	0.9809769	-4.3464543e-17	0	300
4.127000000000348e-10	0.19401686	1.741685e-05	0.98097694	-4.346454e-17	0	300
4.128000000000348e-10	0.19401662	1.7457987e-05	0.98097694	-4.3464543e-17	0	300
4.1290000000003484e-10	0.19401638	1.7495817e-05	0.98097706	-4.346455e-17	0	300
4.1300000000003487e-10	0.19401614	1.7530418e-05	0.98097706	-4.346454e-17	0	300
4.131000000000349e-10	0.19401589	1.7561726e-05	0.9809772	-4.3464543e-17	0	300
4.1320000000003493e-10	0.19401567	1.7589671e-05	0.9809772	-4.3464546e-17	0	300
4.1330000000003496e-10	0.19401543	1.7614451e-05	0.9809773	-4.3464546e-17	0	300
4.13400000000035e-10	0.1940152	1.7635932e-05	0.9809773	-4.3464543e-17	0	300
4.13500000000035e-10	0.19401494	1.76543e-05	0.98097736	-4.346454e-17	0	300
4.1360000000003505e-10	0.19401473	1.7669478e-05	0.98097736	-4.3464543e-17	0	300
4.137000000000351e-10	0.1940145	1.7681523e-05	0.9809774	-4.3464533e-17	0	300
4.138000000000351e-10	0.19401427	1.7690409e-05	0.9809774	-4.3464543e-17	0	300
4.1390000000003514e-10	0.19401403	1.7696304e-05	0.98097754	-4.3464536e-17	0	300
4.1400000000003517e-10	0.19401382	1.7699082e-05	0.98097754	-4.346454e-17	0	300
4.141000000000352e-10	0.19401358	1.769886e-05	0.98097754	-4.3464556e-17	0	300
4.1420000000003523e-10	0.19401336	1.7695696e-05	0.98097754	-4.3464533e-17	0	300
4.1430000000003527e-10	0.19401312	1.7689452e-05	0.98097765	-4.3464543e-17	0	300
4.144000000000353e-10	0.19401291	1.7680222e-05	0.9809778	-4.346455e-17	0	300
4.1450000000003533e-10	0.19401269	1.7668108e-05	0.9809778	-4.346454e-17	0	300
4.1460000000003536e-10	0.19401248	1.7653094e-05	0.9809779	-4.3464543e-17	0	300
4.147000000000354e-10	0.19401224	1.7635153e-05	0.9809779	-4.346454e-17	0	300
4.148000000000354e-10	0.194012	1.7614248e-05	0.9809779	-4.3464536e-17	0	300
4.1490000000003545e-10	0.1940118	1.7590528e-05	0.9809779	-4.346454e-17	0	300
4.150000000000355e-10	0.1940116	1.7564114e-05	0.980978	-4.3464536e-17	0	300
4.151000000000355e-10	0.19401138	1.7534803e-05	0.980978	-4.3464546e-17	0	300
4.1520000000003554e-10	0.19401115	1.7502725e-05	0.98097813	-4.3464543e-17	0	300
4.1530000000003557e-10	0.19401093	1.746779e-05	0.98097813	-4.3464543e-17	0	300
4.154000000000356e-10	0.19401072	1.7430235e-05	0.98097813	-4.3464546e-17	0	300
4.1550000000003563e-10	0.19401053	1.739006e-05	0.9809782	-4.3464543e-17	0	300
4.1560000000003566e-10	0.19401032	1.734714e-05	0.9809782	-4.3464546e-17	0	300
4.157000000000357e-10	0.1940101	1.7301545e-05	0.9809783	-4.346455e-17	0	300
4.158000000000357e-10	0.19400989	1.7253404e-05	0.9809783	-4.3464546e-17	0	300
4.1590000000003576e-10	0.19400969	1.7202698e-05	0.9809784	-4.3464543e-17	0	300
4.160000000000358e-10	0.19400948	1.7149316e-05	0.9809784	-4.3464546e-17	0	300
4.161000000000358e-10	0.19400927	1.709341e-05	0.9809785	-4.3464543e-17	0	300
4.1620000000003585e-10	0.19400907	1.7034883e-05	0.9809785	-4.3464546e-17	0	300
4.163000000000359e-10	0.19400889	1.6973994e-05	0.98097855	-4.3464536e-17	0	300
4.164000000000359e-10	0.19400868	1.6910744e-05	0.98097855	-4.346454e-17	0	300
4.1650000000003594e-10	0.19400847	1.6844957e-05	0.9809786	-4.346453e-17	0	300
4.1660000000003597e-10	0.19400829	1.6776634e-05	0.9809786	-4.3464526e-17	0	300
4.16700000000036e-10	0.1940081	1.6705999e-05	0.98097867	-4.3464536e-17	0	300
4.1680000000003603e-10	0.1940079	1.6633046e-05	0.98097867	-4.346454e-17	0	300
4.1690000000003606e-10	0.1940077	1.6557748e-05	0.9809787	-4.346455e-17	0	300
4.170000000000361e-10	0.19400752	1.6480162e-05	0.9809787	-4.3464533e-17	0	300
4.171000000000361e-10	0.19400732	1.6400316e-05	0.9809788	-4.346453e-17	0	300
4.1720000000003615e-10	0.19400713	1.6318158e-05	0.9809789	-4.3464546e-17	0	300
4.173000000000362e-10	0.19400693	1.6233866e-05	0.9809789	-4.3464543e-17	0	300
4.174000000000362e-10	0.19400676	1.6147318e-05	0.980979	-4.346454e-17	0	300
4.1750000000003625e-10	0.19400659	1.6058551e-05	0.980979	-4.3464536e-17	0	300
4.176000000000363e-10	0.19400641	1.5967631e-05	0.980979	-4.3464546e-17	0	300
4.177000000000363e-10	0.1940062	1.5874595e-05	0.9809791	-4.346455e-17	0	300
4.1780000000003634e-10	0.19400604	1.5779468e-05	0.9809791	-4.3464553e-17	0	300
4.1790000000003637e-10	0.19400585	1.5682343e-05	0.9809791	-4.3464546e-17	0	300
4.180000000000364e-10	0.1940057	1.5583244e-05	0.9809792	-4.3464543e-17	0	300
4.1810000000003643e-10	0.19400552	1.5482106e-05	0.9809792	-4.3464546e-17	0	300
4.1820000000003646e-10	0.19400534	1.5378999e-05	0.9809792	-4.3464536e-17	0	300
4.183000000000365e-10	0.19400516	1.5273994e-05	0.9809793	-4.346454e-17	0	300
4.184000000000365e-10	0.19400501	1.5167113e-05	0.9809793	-4.3464543e-17	0	300
4.1850000000003655e-10	0.19400483	1.5058261e-05	0.9809793	-4.346454e-17	0	300
4.186000000000366e-10	0.19400465	1.4947533e-05	0.9809793	-4.3464543e-17	0	300
4.187000000000366e-10	0.1940045	1.4834923e-05	0.9809793	-4.3464546e-17	0	300
4.1880000000003665e-10	0.19400433	1.4720514e-05	0.98097944	-4.3464553e-17	0	300
4.189000000000367e-10	0.1940042	1.4604296e-05	0.98097944	-4.3464543e-17	0	300
4.190000000000367e-10	0.19400403	1.4486375e-05	0.98097944	-4.346454e-17	0	300
4.1910000000003674e-10	0.19400387	1.4366793e-05	0.98097956	-4.346455e-17	0	300
4.1920000000003677e-10	0.19400373	1.4245433e-05	0.9809796	-4.346454e-17	0	300
4.193000000000368e-10	0.19400357	1.412231e-05	0.9809796	-4.346454e-17	0	300
4.1940000000003683e-10	0.1940034	1.3997635e-05	0.9809797	-4.3464543e-17	0	300
4.1950000000003686e-10	0.19400325	1.3871339e-05	0.9809797	-4.3464533e-17	0	300
4.196000000000369e-10	0.19400312	1.3743455e-05	0.9809797	-4.346455e-17	0	300
4.197000000000369e-10	0.19400296	1.3613963e-05	0.98097974	-4.346455e-17	0	300
4.1980000000003695e-10	0.19400282	1.3483017e-05	0.9809798	-4.3464553e-17	0	300
4.19900000000037e-10	0.19400266	1.3350676e-05	0.9809798	-4.346455e-17	0	300
4.20000000000037e-10	0.19400254	1.3216821e-05	0.98097986	-4.3464536e-17	0	300
4.2010000000003704e-10	0.1940024	1.3081457e-05	0.98097986	-4.3464533e-17	0	300
4.202000000000371e-10	0.19400224	1.2944796e-05	0.98097986	-4.3464543e-17	0	300
4.203000000000371e-10	0.19400212	1.2806814e-05	0.98097986	-4.3464536e-17	0	300
4.2040000000003714e-10	0.194002	1.266752e-05	0.9809799	-4.3464533e-17	0	300
4.2050000000003717e-10	0.19400188	1.2526823e-05	0.9809799	-4.3464536e-17	0	300
4.206000000000372e-10	0.19400175	1.2384855e-05	0.9809799	-4.346454e-17	0	300
4.2070000000003723e-10	0.19400163	1.2241729e-05	0.9809799	-4.3464546e-17	0	300
4.2080000000003726e-10	0.1940015	1.209749e-05	0.98098	-4.3464543e-17	0	300
4.209000000000373e-10	0.19400138	1.1952105e-05	0.98098	-4.3464543e-17	0	300
4.210000000000373e-10	0.19400126	1.1805574e-05	0.98098	-4.3464546e-17	0	300
4.2110000000003735e-10	0.19400114	1.1658022e-05	0.98098004	-4.3464543e-17	0	300
4.212000000000374e-10	0.19400106	1.1509526e-05	0.98098016	-4.3464536e-17	0	300
4.213000000000374e-10	0.19400093	1.1359987e-05	0.98098016	-4.3464533e-17	0	300
4.2140000000003744e-10	0.19400081	1.1209383e-05	0.9809802	-4.3464533e-17	0	300
4.2150000000003747e-10	0.19400074	1.1057826e-05	0.9809802	-4.3464543e-17	0	300
4.216000000000375e-10	0.19400063	1.0905441e-05	0.9809802	-4.346453e-17	0	300
4.2170000000003753e-10	0.19400053	1.0752291e-05	0.9809802	-4.3464533e-17	0	300
4.2180000000003757e-10	0.19400045	1.0598427e-05	0.9809803	-4.3464546e-17	0	300
4.219000000000376e-10	0.19400035	1.0443826e-05	0.9809803	-4.3464543e-17	0	300
4.2200000000003763e-10	0.19400024	1.0288521e-05	0.9809803	-4.3464536e-17	0	300
4.2210000000003766e-10	0.19400017	1.01323685e-05	0.9809803	-4.346454e-17	0	300
4.222000000000377e-10	0.19400007	9.975532e-06	0.98098034	-4.3464553e-17	0	300
4.223000000000377e-10	0.19399998	9.818105e-06	0.98098034	-4.346455e-17	0	300
4.2240000000003775e-10	0.19399992	9.660108e-06	0.98098034	-4.346455e-17	0	300
4.225000000000378e-10	0.19399983	9.501538e-06	0.98098034	-4.3464543e-17	0	300
4.226000000000378e-10	0.19399975	9.342503e-06	0.98098034	-4.346454e-17	0	300
4.2270000000003784e-10	0.19399968	9.183001e-06	0.98098034	-4.3464546e-17	0	300
4.2280000000003787e-10	0.19399962	9.0230105e-06	0.98098034	-4.3464546e-17	0	300
4.229000000000379e-10	0.19399953	8.8625575e-06	0.98098034	-4.3464543e-17	0	300
4.2300000000003793e-10	0.19399947	8.701655e-06	0.9809804	-4.3464543e-17	0	300
4.2310000000003796e-10	0.19399941	8.540381e-06	0.9809804	-4.3464546e-17	0	300
4.23200000000038e-10	0.19399932	8.378782e-06	0.9809804	-4.346454e-17	0	300
4.23300000000038e-10	0.19399926	8.216857e-06	0.9809804	-4.346454e-17	0	300
4.2340000000003806e-10	0.19399922	8.0546415e-06	0.9809804	-4.3464543e-17	0	300
4.235000000000381e-10	0.19399914	7.892131e-06	0.98098046	-4.3464543e-17	0	300
4.236000000000381e-10	0.1939991	7.729316e-06	0.9809804	-4.3464536e-17	0	300
4.2370000000003815e-10	0.19399902	7.5662188e-06	0.9809805	-4.3464543e-17	0	300
4.238000000000382e-10	0.19399898	7.402821e-06	0.9809805	-4.3464546e-17	0	300
4.239000000000382e-10	0.19399893	7.239252e-06	0.9809805	-4.346454e-17	0	300
4.2400000000003824e-10	0.19399889	7.075465e-06	0.9809805	-4.3464533e-17	0	300
4.2410000000003827e-10	0.19399884	6.911554e-06	0.9809805	-4.3464556e-17	0	300
4.242000000000383e-10	0.19399878	6.7475576e-06	0.9809805	-4.3464536e-17	0	300
4.2430000000003833e-10	0.19399874	6.5834815e-06	0.9809805	-4.346455e-17	0	300
4.2440000000003836e-10	0.19399871	6.4194146e-06	0.9809805	-4.346455e-17	0	300
4.245000000000384e-10	0.19399866	6.255382e-06	0.9809805	-4.346455e-17	0	300
4.246000000000384e-10	0.19399865	6.0913703e-06	0.9809805	-4.3464546e-17	0	300
4.2470000000003846e-10	0.1939986	5.927463e-06	0.9809805	-4.3464546e-17	0	300
4.248000000000385e-10	0.19399858	5.763683e-06	0.9809806	-4.3464546e-17	0	300
4.249000000000385e-10	0.19399853	5.6000554e-06	0.9809806	-4.3464546e-17	0	300
4.2500000000003855e-10	0.19399852	5.4366024e-06	0.9809806	-4.3464546e-17	0	300
4.251000000000386e-10	0.19399849	5.2733035e-06	0.9809806	-4.3464546e-17	0	300
4.252000000000386e-10	0.19399847	5.1102033e-06	0.9809806	-4.346456e-17	0	300
4.2530000000003864e-10	0.19399846	4.94733e-06	0.9809806	-4.346454e-17	0	300
4.2540000000003867e-10	0.19399844	4.7847166e-06	0.9809806	-4.346455e-17	0	300
4.255000000000387e-10	0.19399843	4.622414e-06	0.9809806	-4.346455e-17	0	300
4.2560000000003873e-10	0.19399841	4.460449e-06	0.9809806	-4.3464536e-17	0	300
4.2570000000003876e-10	0.1939984	4.2988268e-06	0.9809806	-4.346455e-17	0	300
4.258000000000388e-10	0.1939984	4.137561e-06	0.9809806	-4.346455e-17	0	300
4.259000000000388e-10	0.1939984	3.976699e-06	0.9809806	-4.346455e-17	0	300
4.2600000000003885e-10	0.19399838	3.81625e-06	0.9809806	-4.346455e-17	0	300
4.261000000000389e-10	0.19399837	3.6562383e-06	0.9809806	-4.346455e-17	0	300
4.262000000000389e-10	0.19399837	3.4966988e-06	0.9809806	-4.346455e-17	0	300
4.2630000000003895e-10	0.19399837	3.3376475e-06	0.9809806	-4.346455e-17	0	300
4.26400000000039e-10	0.19399837	3.1790946e-06	0.9809806	-4.346455e-17	0	300
4.26500000000039e-10	0.19399837	3.0210467e-06	0.9809806	-4.346455e-17	0	300
4.2660000000003904e-10	0.19399837	2.863509e-06	0.9809806	-4.346455e-17	0	300
4.2670000000003907e-10	0.19399838	2.7064893e-06	0.9809806	-4.346455e-17	0	300
4.268000000000391e-10	0.19399838	2.5499803e-06	0.9809806	-4.3464536e-17	0	300
4.2690000000003913e-10	0.1939984	2.3939965e-06	0.9809806	-4.346455e-17	0	300
4.2700000000003916e-10	0.19399837	2.2385543e-06	0.9809806	-4.346455e-17	0	300
4.271000000000392e-10	0.1939984	2.083644e-06	0.9809806	-4.346455e-17	0	300
4.272000000000392e-10	0.1939984	1.9292813e-06	0.9809806	-4.346455e-17	0	300
4.2730000000003925e-10	0.19399841	1.7754751e-06	0.9809806	-4.346455e-17	0	300
4.274000000000393e-10	0.1939984	1.6222388e-06	0.9809806	-4.3464536e-17	0	300
4.275000000000393e-10	0.19399843	1.4695556e-06	0.9809806	-4.346455e-17	0	300
4.2760000000003934e-10	0.19399843	1.3174567e-06	0.9809806	-4.346454e-17	0	300
4.277000000000394e-10	0.19399843	1.1659438e-06	0.9809806	-4.346455e-17	0	300
4.278000000000394e-10	0.19399844	1.0150319e-06	0.9809806	-4.346455e-17	0	300
4.2790000000003944e-10	0.19399844	8.647484e-07	0.98098063	-4.3464556e-17	0	300
4.2800000000003947e-10	0.19399844	7.151341e-07	0.9809806	-4.3464553e-17	0	300
4.281000000000395e-10	0.19399847	5.662222e-07	0.9809806	-4.346456e-17	0	300
4.2820000000003953e-10	0.1939985	4.1801397e-07	0.9809806	-4.346456e-17	0	300
4.2830000000003956e-10	0.19399852	2.7050757e-07	0.9809806	-4.346456e-17	0	300
4.284000000000396e-10	0.19399856	1.2368483e-07	0.9809806	-4.346454e-17	0	300
4.285000000000396e-10	0.19399856	-2.2397543e-08	0.9809805	-4.3464546e-17	0	300
4.2860000000003965e-10	0.19399859	-1.6771622e-07	0.9809805	-4.3464546e-17	0	300
4.287000000000397e-10	0.1939986	-3.1223325e-07	0.9809805	-4.3464546e-17	0	300
4.288000000000397e-10	0.19399863	-4.5591372e-07	0.9809805	-4.3464543e-17	0	300
4.2890000000003974e-10	0.19399868	-5.9874657e-07	0.9809805	-4.3464543e-17	0	300
4.290000000000398e-10	0.1939987	-7.4071e-07	0.9809805	-4.3464536e-17	0	300
4.291000000000398e-10	0.19399877	-8.817718e-07	0.9809805	-4.3464536e-17	0	300
4.2920000000003984e-10	0.19399878	-1.021924e-06	0.9809805	-4.3464536e-17	0	300
4.2930000000003987e-10	0.19399884	-1.1611374e-06	0.9809805	-4.346454e-17	0	300
4.294000000000399e-10	0.19399887	-1.2993293e-06	0.9809805	-4.346454e-17	0	300
4.2950000000003993e-10	0.1939989	-1.4364889e-06	0.9809805	-4.346454e-17	0	300
4.2960000000003996e-10	0.19399896	-1.5725311e-06	0.9809805	-4.346454e-17	0	300
4.2970000000004e-10	0.19399902	-1.7075168e-06	0.9809805	-4.3464536e-17	0	300
4.2980000000004e-10	0.19399907	-1.8414395e-06	0.9809805	-4.3464543e-17	0	300
4.2990000000004005e-10	0.19399913	-1.9741835e-06	0.9809805	-4.3464536e-17	0	300
4.300000000000401e-10	0.19399917	-2.105782e-06	0.9809805	-4.3464543e-17	0	300
4.301000000000401e-10	0.19399923	-2.2361514e-06	0.98098046	-4.3464533e-17	0	300
4.3020000000004014e-10	0.19399929	-2.3653424e-06	0.98098046	-4.346454e-17	0	300
4.3030000000004017e-10	0.19399935	-2.4933586e-06	0.9809804	-4.3464546e-17	0	300
4.304000000000402e-10	0.1939994	-2.6201851e-06	0.9809804	-4.3464546e-17	0	300
4.3050000000004023e-10	0.19399947	-2.745841e-06	0.9809804	-4.3464543e-17	0	300
4.3060000000004026e-10	0.19399956	-2.8702993e-06	0.9809804	-4.3464543e-17	0	300
4.307000000000403e-10	0.19399962	-2.9935345e-06	0.9809804	-4.3464543e-17	0	300
4.3080000000004033e-10	0.19399966	-3.1154286e-06	0.9809804	-4.3464553e-17	0	300
4.3090000000004036e-10	0.19399975	-3.23601e-06	0.9809804	-4.3464546e-17	0	300
4.310000000000404e-10	0.19399981	-3.3552897e-06	0.9809804	-4.3464553e-17	0	300
4.311000000000404e-10	0.19399989	-3.473267e-06	0.98098034	-4.346455e-17	0	300
4.3120000000004045e-10	0.19399998	-3.589848e-06	0.98098034	-4.3464536e-17	0	300
4.313000000000405e-10	0.19400005	-3.7050756e-06	0.98098034	-4.346454e-17	0	300
4.314000000000405e-10	0.19400012	-3.818835e-06	0.98098034	-4.346454e-17	0	300
4.3150000000004054e-10	0.19400021	-3.931261e-06	0.98098034	-4.3464546e-17	0	300
4.3160000000004057e-10	0.19400029	-4.0423056e-06	0.98098034	-4.346455e-17	0	300
4.317000000000406e-10	0.19400036	-4.151846e-06	0.98098034	-4.3464543e-17	0	300
4.3180000000004063e-10	0.19400045	-4.2599813e-06	0.9809803	-4.3464546e-17	0	300
4.3190000000004066e-10	0.19400054	-4.366671e-06	0.9809803	-4.3464546e-17	0	300
4.320000000000407e-10	0.1940006	-4.471908e-06	0.9809803	-4.346455e-17	0	300
4.321000000000407e-10	0.19400069	-4.5757306e-06	0.9809803	-4.3464536e-17	0	300
4.3220000000004076e-10	0.1940008	-4.6780992e-06	0.98098016	-4.3464553e-17	0	300
4.323000000000408e-10	0.19400088	-4.7789445e-06	0.98098016	-4.3464546e-17	0	300
4.324000000000408e-10	0.19400097	-4.8782385e-06	0.98098004	-4.346454e-17	0	300
4.3250000000004085e-10	0.19400108	-4.976002e-06	0.98098004	-4.346455e-17	0	300
4.326000000000409e-10	0.19400117	-5.072122e-06	0.98098004	-4.346455e-17	0	300
4.327000000000409e-10	0.19400126	-5.1667544e-06	0.98098004	-4.3464546e-17	0	300
4.3280000000004094e-10	0.19400133	-5.259892e-06	0.98098004	-4.3464546e-17	0	300
4.3290000000004097e-10	0.19400145	-5.351517e-06	0.98098004	-4.3464536e-17	0	300
4.33000000000041e-10	0.19400154	-5.4415023e-06	0.98098004	-4.3464543e-17	0	300
4.3310000000004103e-10	0.19400162	-5.5299483e-06	0.9809799	-4.3464546e-17	0	300
4.3320000000004106e-10	0.19400173	-5.616801e-06	0.9809799	-4.3464536e-17	0	300
4.333000000000411e-10	0.19400182	-5.7020525e-06	0.9809799	-4.3464536e-17	0	300
4.334000000000411e-10	0.19400194	-5.785787e-06	0.9809799	-4.3464536e-17	0	300
4.3350000000004115e-10	0.19400203	-5.867887e-06	0.98097986	-4.346454e-17	0	300
4.336000000000412e-10	0.19400215	-5.9482636e-06	0.98097986	-4.346454e-17	0	300
4.337000000000412e-10	0.19400224	-6.027077e-06	0.9809798	-4.3464543e-17	0	300
4.3380000000004125e-10	0.19400235	-6.104314e-06	0.98097986	-4.346455e-17	0	300
4.339000000000413e-10	0.19400245	-6.1799747e-06	0.9809798	-4.3464546e-17	0	300
4.340000000000413e-10	0.19400255	-6.25402e-06	0.9809798	-4.3464546e-17	0	300
4.3410000000004134e-10	0.19400266	-6.326473e-06	0.9809798	-4.3464543e-17	0	300
4.3420000000004137e-10	0.19400275	-6.397232e-06	0.98097974	-4.3464546e-17	0	300
4.343000000000414e-10	0.19400287	-6.4663777e-06	0.98097974	-4.3464553e-17	0	300
4.3440000000004143e-10	0.19400297	-6.533828e-06	0.98097974	-4.346455e-17	0	300
4.3450000000004146e-10	0.19400309	-6.5996505e-06	0.98097974	-4.3464536e-17	0	300
4.346000000000415e-10	0.1940032	-6.6638054e-06	0.98097974	-4.3464546e-17	0	300
4.347000000000415e-10	0.1940033	-6.72626e-06	0.9809797	-4.3464533e-17	0	300
4.3480000000004155e-10	0.1940034	-6.787067e-06	0.9809796	-4.3464543e-17	0	300
4.349000000000416e-10	0.19400354	-6.8463128e-06	0.9809795	-4.3464543e-17	0	300
4.350000000000416e-10	0.19400364	-6.903939e-06	0.9809795	-4.3464533e-17	0	300
4.3510000000004165e-10	0.19400373	-6.9598755e-06	0.9809795	-4.3464543e-17	0	300
4.352000000000417e-10	0.19400385	-7.0142028e-06	0.98097944	-4.3464536e-17	0	300
4.353000000000417e-10	0.19400395	-7.066878e-06	0.98097944	-4.346454e-17	0	300
4.3540000000004174e-10	0.19400406	-7.117895e-06	0.98097944	-4.346454e-17	0	300
4.3550000000004177e-10	0.19400418	-7.167291e-06	0.98097944	-4.3464543e-17	0	300
4.356000000000418e-10	0.19400427	-7.215104e-06	0.9809794	-4.3464543e-17	0	300
4.3570000000004183e-10	0.1940044	-7.2613566e-06	0.9809794	-4.3464546e-17	0	300
4.3580000000004186e-10	0.1940045	-7.3060496e-06	0.9809794	-4.346455e-17	0	300
4.359000000000419e-10	0.19400463	-7.349075e-06	0.9809794	-4.3464543e-17	0	300
4.360000000000419e-10	0.19400473	-7.390582e-06	0.9809794	-4.346454e-17	0	300
4.3610000000004195e-10	0.19400483	-7.430464e-06	0.9809794	-4.346454e-17	0	300
4.36200000000042e-10	0.19400494	-7.4687905e-06	0.9809793	-4.346455e-17	0	300
4.36300000000042e-10	0.19400506	-7.5054872e-06	0.9809793	-4.3464543e-17	0	300
4.3640000000004204e-10	0.19400516	-7.540583e-06	0.9809793	-4.346454e-17	0	300
4.365000000000421e-10	0.19400528	-7.574176e-06	0.98097926	-4.346454e-17	0	300
4.366000000000421e-10	0.19400539	-7.606284e-06	0.98097926	-4.3464543e-17	0	300
4.3670000000004214e-10	0.19400549	-7.636948e-06	0.98097926	-4.3464553e-17	0	300
4.3680000000004217e-10	0.19400558	-7.66605e-06	0.98097926	-4.3464553e-17	0	300
4.369000000000422e-10	0.19400568	-7.6935075e-06	0.9809792	-4.3464556e-17	0	300
4.3700000000004223e-10	0.1940058	-7.71938e-06	0.9809792	-4.3464556e-17	0	300
4.3710000000004226e-10	0.1940059	-7.743795e-06	0.9809792	-4.3464546e-17	0	300
4.372000000000423e-10	0.19400603	-7.76677e-06	0.98097914	-4.3464546e-17	0	300
4.373000000000423e-10	0.1940061	-7.788308e-06	0.98097914	-4.3464543e-17	0	300
4.3740000000004235e-10	0.1940062	-7.808459e-06	0.98097914	-4.3464536e-17	0	300
4.375000000000424e-10	0.19400634	-7.827178e-06	0.98097914	-4.3464546e-17	0	300
4.376000000000424e-10	0.19400643	-7.8443845e-06	0.980979	-4.3464546e-17	0	300
4.3770000000004244e-10	0.19400655	-7.860081e-06	0.98097897	-4.3464543e-17	0	300
4.3780000000004247e-10	0.19400665	-7.8744015e-06	0.9809789	-4.3464546e-17	0	300
4.379000000000425e-10	0.19400676	-7.887325e-06	0.98097885	-4.3464553e-17	0	300
4.3800000000004253e-10	0.19400685	-7.898774e-06	0.98097885	-4.3464553e-17	0	300
4.3810000000004257e-10	0.19400695	-7.908814e-06	0.98097885	-4.3464543e-17	0	300
4.382000000000426e-10	0.19400705	-7.91745e-06	0.98097885	-4.346454e-17	0	300
4.3830000000004263e-10	0.19400716	-7.924768e-06	0.98097885	-4.346454e-17	0	300
4.3840000000004266e-10	0.19400725	-7.930745e-06	0.98097885	-4.3464543e-17	0	300
4.385000000000427e-10	0.19400735	-7.935458e-06	0.98097885	-4.3464543e-17	0	300
4.386000000000427e-10	0.19400746	-7.938845e-06	0.98097885	-4.3464546e-17	0	300
4.3870000000004275e-10	0.19400758	-7.940908e-06	0.9809787	-4.3464546e-17	0	300
4.388000000000428e-10	0.19400765	-7.941555e-06	0.9809787	-4.3464536e-17	0	300
4.389000000000428e-10	0.19400775	-7.940857e-06	0.9809787	-4.3464543e-17	0	300
4.3900000000004284e-10	0.19400784	-7.93893e-06	0.9809787	-4.3464533e-17	0	300
4.3910000000004287e-10	0.19400793	-7.935776e-06	0.9809787	-4.346454e-17	0	300
4.392000000000429e-10	0.19400804	-7.93132e-06	0.9809787	-4.3464543e-17	0	300
4.3930000000004293e-10	0.19400813	-7.925608e-06	0.9809787	-4.3464543e-17	0	300
4.3940000000004296e-10	0.19400823	-7.918666e-06	0.9809786	-4.3464546e-17	0	300
4.39500000000043e-10	0.19400832	-7.910514e-06	0.9809786	-4.346454e-17	0	300
4.39600000000043e-10	0.19400841	-7.9012e-06	0.9809786	-4.3464546e-17	0	300
4.3970000000004306e-10	0.1940085	-7.89066e-06	0.9809786	-4.3464543e-17	0	300
4.398000000000431e-10	0.1940086	-7.878878e-06	0.9809786	-4.346455e-17	0	300
4.399000000000431e-10	0.19400868	-7.865925e-06	0.98097855	-4.3464546e-17	0	300
4.4000000000004315e-10	0.19400877	-7.851721e-06	0.98097855	-4.3464533e-17	0	300
4.401000000000432e-10	0.19400886	-7.836366e-06	0.98097855	-4.3464536e-17	0	300
4.402000000000432e-10	0.19400896	-7.819945e-06	0.9809785	-4.3464543e-17	0	300
4.4030000000004324e-10	0.19400905	-7.802445e-06	0.9809785	-4.3464533e-17	0	300
4.4040000000004327e-10	0.19400913	-7.783858e-06	0.9809785	-4.3464533e-17	0	300
4.405000000000433e-10	0.19400923	-7.764155e-06	0.98097837	-4.3464536e-17	0	300
4.4060000000004333e-10	0.1940093	-7.7434e-06	0.98097837	-4.346453e-17	0	300
4.4070000000004336e-10	0.19400938	-7.721521e-06	0.98097837	-4.346454e-17	0	300
4.408000000000434e-10	0.19400945	-7.698545e-06	0.9809783	-4.3464533e-17	0	300
4.409000000000434e-10	0.19400956	-7.674538e-06	0.9809783	-4.3464536e-17	0	300
4.4100000000004346e-10	0.19400965	-7.6495235e-06	0.9809783	-4.3464536e-17	0	300
4.411000000000435e-10	0.1940097	-7.623371e-06	0.9809783	-4.3464543e-17	0	300
4.412000000000435e-10	0.19400981	-7.5963e-06	0.9809783	-4.3464546e-17	0	300
4.4130000000004355e-10	0.19400989	-7.568269e-06	0.98097825	-4.346454e-17	0	300
4.414000000000436e-10	0.19400997	-7.539198e-06	0.98097825	-4.3464543e-17	0	300
4.415000000000436e-10	0.19401003	-7.5091593e-06	0.98097825	-4.3464543e-17	0	300
4.4160000000004364e-10	0.19401012	-7.4781856e-06	0.98097825	-4.346455e-17	0	300
4.4170000000004367e-10	0.1940102	-7.4462214e-06	0.98097825	-4.346454e-17	0	300
4.418000000000437e-10	0.19401029	-7.4133222e-06	0.98097825	-4.346454e-17	0	300
4.4190000000004373e-10	0.19401035	-7.3795186e-06	0.98097825	-4.3464543e-17	0	300
4.4200000000004376e-10	0.19401042	-7.3448664e-06	0.9809782	-4.346455e-17	0	300
4.421000000000438e-10	0.1940105	-7.3093215e-06	0.9809782	-4.3464536e-17	0	300
4.422000000000438e-10	0.19401059	-7.272846e-06	0.9809782	-4.346454e-17	0	300
4.4230000000004385e-10	0.19401065	-7.23544e-06	0.9809782	-4.346454e-17	0	300
4.424000000000439e-10	0.1940107	-7.1972017e-06	0.9809782	-4.3464533e-17	0	300
4.425000000000439e-10	0.19401078	-7.158174e-06	0.98097813	-4.3464536e-17	0	300
4.4260000000004395e-10	0.19401085	-7.118371e-06	0.98097813	-4.346453e-17	0	300
4.42700000000044e-10	0.19401096	-7.0778005e-06	0.98097813	-4.346454e-17	0	300
4.42800000000044e-10	0.19401102	-7.0363953e-06	0.98097813	-4.346454e-17	0	300
4.4290000000004404e-10	0.19401109	-6.9940975e-06	0.98097813	-4.346454e-17	0	300
4.4300000000004407e-10	0.19401115	-6.9509774e-06	0.98097813	-4.3464536e-17	0	300
4.431000000000441e-10	0.19401124	-6.9071193e-06	0.98097813	-4.3464543e-17	0	300
4.4320000000004413e-10	0.19401129	-6.8625463e-06	0.980978	-4.3464536e-17	0	300
4.4330000000004416e-10	0.19401136	-6.8171967e-06	0.980978	-4.3464546e-17	0	300
4.434000000000442e-10	0.19401143	-6.7710616e-06	0.980978	-4.3464546e-17	0	300
4.435000000000442e-10	0.19401148	-6.724197e-06	0.980978	-4.346454e-17	0	300
4.4360000000004425e-10	0.19401157	-6.6765747e-06	0.980978	-4.346455e-17	0	300
4.437000000000443e-10	0.19401161	-6.6281896e-06	0.980978	-4.346455e-17	0	300
4.438000000000443e-10	0.19401169	-6.57908e-06	0.980978	-4.346455e-17	0	300
4.4390000000004434e-10	0.19401175	-6.5292575e-06	0.98097795	-4.3464546e-17	0	300
4.440000000000444e-10	0.1940118	-6.478792e-06	0.98097795	-4.346454e-17	0	300
4.441000000000444e-10	0.19401187	-6.4276774e-06	0.98097795	-4.3464546e-17	0	300
4.4420000000004444e-10	0.19401193	-6.37595e-06	0.98097795	-4.346455e-17	0	300
4.4430000000004447e-10	0.19401199	-6.323647e-06	0.98097795	-4.346455e-17	0	300
4.444000000000445e-10	0.19401205	-6.2707736e-06	0.98097795	-4.346455e-17	0	300
4.4450000000004453e-10	0.1940121	-6.217263e-06	0.98097795	-4.3464543e-17	0	300
4.4460000000004456e-10	0.19401217	-6.163169e-06	0.98097795	-4.346454e-17	0	300
4.447000000000446e-10	0.19401222	-6.1085398e-06	0.98097795	-4.346454e-17	0	300
4.448000000000446e-10	0.19401227	-6.053339e-06	0.9809779	-4.3464526e-17	0	300
4.4490000000004465e-10	0.19401233	-5.997526e-06	0.9809779	-4.3464536e-17	0	300
4.450000000000447e-10	0.19401237	-5.9411304e-06	0.9809779	-4.3464536e-17	0	300
4.451000000000447e-10	0.19401243	-5.8842415e-06	0.9809778	-4.3464536e-17	0	300
4.4520000000004474e-10	0.1940125	-5.826823e-06	0.9809779	-4.3464536e-17	0	300
4.4530000000004477e-10	0.19401252	-5.7688967e-06	0.9809779	-4.346454e-17	0	300
4.454000000000448e-10	0.1940126	-5.710501e-06	0.9809779	-4.346454e-17	0	300
4.4550000000004484e-10	0.19401264	-5.6516956e-06	0.9809778	-4.346454e-17	0	300
4.4560000000004487e-10	0.19401267	-5.5924847e-06	0.98097765	-4.346454e-17	0	300
4.457000000000449e-10	0.19401272	-5.5328364e-06	0.98097765	-4.3464543e-17	0	300
4.4580000000004493e-10	0.19401278	-5.4727793e-06	0.98097765	-4.3464543e-17	0	300
4.4590000000004496e-10	0.1940128	-5.412315e-06	0.98097765	-4.3464536e-17	0	300
4.46000000000045e-10	0.19401284	-5.3514227e-06	0.98097765	-4.3464543e-17	0	300
4.46100000000045e-10	0.19401288	-5.290221e-06	0.9809777	-4.3464543e-17	0	300
4.4620000000004505e-10	0.19401293	-5.228708e-06	0.9809777	-4.3464546e-17	0	300
4.463000000000451e-10	0.19401297	-5.1668976e-06	0.98097765	-4.346454e-17	0	300
4.464000000000451e-10	0.194013	-5.1048255e-06	0.98097765	-4.346454e-17	0	300
4.4650000000004514e-10	0.19401301	-5.042505e-06	0.98097765	-4.346454e-17	0	300
4.4660000000004517e-10	0.19401304	-4.979946e-06	0.98097765	-4.346454e-17	0	300
4.467000000000452e-10	0.19401309	-4.917145e-06	0.98097765	-4.3464543e-17	0	300
4.4680000000004523e-10	0.19401313	-4.854148e-06	0.98097765	-4.3464543e-17	0	300
4.4690000000004526e-10	0.19401315	-4.7910007e-06	0.98097765	-4.3464543e-17	0	300
4.470000000000453e-10	0.19401318	-4.727674e-06	0.98097765	-4.3464543e-17	0	300
4.4710000000004533e-10	0.19401321	-4.664223e-06	0.98097765	-4.3464536e-17	0	300
4.4720000000004536e-10	0.19401324	-4.60064e-06	0.98097765	-4.3464536e-17	0	300
4.473000000000454e-10	0.19401325	-4.5368824e-06	0.98097765	-4.3464543e-17	0	300
4.474000000000454e-10	0.19401327	-4.4730305e-06	0.9809776	-4.3464543e-17	0	300
4.4750000000004545e-10	0.19401333	-4.4091285e-06	0.9809776	-4.346454e-17	0	300
4.476000000000455e-10	0.19401333	-4.345163e-06	0.9809776	-4.3464546e-17	0	300
4.477000000000455e-10	0.19401336	-4.281093e-06	0.9809776	-4.3464546e-17	0	300
4.4780000000004554e-10	0.19401336	-4.2169695e-06	0.9809776	-4.3464546e-17	0	300
4.4790000000004557e-10	0.19401339	-4.1528306e-06	0.9809776	-4.3464546e-17	0	300
4.480000000000456e-10	0.19401339	-4.08869e-06	0.9809776	-4.3464546e-17	0	300
4.4810000000004563e-10	0.19401342	-4.0245563e-06	0.9809776	-4.3464546e-17	0	300
4.4820000000004566e-10	0.19401342	-3.96039e-06	0.9809776	-4.346454e-17	0	300
4.483000000000457e-10	0.19401345	-3.8962057e-06	0.9809776	-4.3464546e-17	0	300
4.484000000000457e-10	0.19401345	-3.832045e-06	0.9809776	-4.3464553e-17	0	300
4.4850000000004576e-10	0.19401345	-3.7678979e-06	0.9809776	-4.3464546e-17	0	300
4.486000000000458e-10	0.19401345	-3.7038221e-06	0.9809776	-4.3464546e-17	0	300
4.487000000000458e-10	0.19401348	-3.6397664e-06	0.9809776	-4.3464553e-17	0	300
4.4880000000004585e-10	0.19401348	-3.5758012e-06	0.9809776	-4.3464553e-17	0	300
4.489000000000459e-10	0.1940135	-3.5119408e-06	0.9809776	-4.3464553e-17	0	300
4.490000000000459e-10	0.1940135	-3.4481998e-06	0.9809776	-4.3464553e-17	0	300
4.4910000000004594e-10	0.1940135	-3.3845922e-06	0.9809776	-4.3464553e-17	0	300
4.4920000000004597e-10	0.1940135	-3.3211159e-06	0.9809776	-4.3464553e-17	0	300
4.49300000000046e-10	0.1940135	-3.2577832e-06	0.9809776	-4.3464553e-17	0	300
4.4940000000004603e-10	0.1940135	-3.1946042e-06	0.9809776	-4.3464556e-17	0	300
4.4950000000004606e-10	0.1940135	-3.1315844e-06	0.9809776	-4.3464556e-17	0	300
4.496000000000461e-10	0.1940135	-3.0687447e-06	0.9809776	-4.3464556e-17	0	300
4.497000000000461e-10	0.1940135	-3.0060605e-06	0.9809776	-4.3464556e-17	0	300
4.4980000000004615e-10	0.1940135	-2.9435487e-06	0.9809776	-4.3464556e-17	0	300
4.499000000000462e-10	0.1940135	-2.881221e-06	0.9809776	-4.3464556e-17	0	300
4.500000000000462e-10	0.1940135	-2.819078e-06	0.9809776	-4.3464556e-17	0	300
4.5010000000004625e-10	0.1940135	-2.7571296e-06	0.9809776	-4.3464556e-17	0	300
4.502000000000463e-10	0.1940135	-2.6953787e-06	0.9809776	-4.3464556e-17	0	300
4.503000000000463e-10	0.1940135	-2.6338196e-06	0.9809776	-4.3464556e-17	0	300
4.5040000000004634e-10	0.1940135	-2.572452e-06	0.9809776	-4.3464556e-17	0	300
4.5050000000004637e-10	0.1940135	-2.5112793e-06	0.9809776	-4.3464556e-17	0	300
4.506000000000464e-10	0.1940135	-2.4502974e-06	0.9809776	-4.3464556e-17	0	300
4.5070000000004643e-10	0.1940135	-2.3895138e-06	0.9809776	-4.3464556e-17	0	300
4.5080000000004646e-10	0.1940135	-2.3289208e-06	0.9809776	-4.3464556e-17	0	300
4.509000000000465e-10	0.1940135	-2.2685235e-06	0.9809776	-4.3464556e-17	0	300
4.510000000000465e-10	0.1940135	-2.2083177e-06	0.9809776	-4.3464556e-17	0	300
4.5110000000004655e-10	0.1940135	-2.1483052e-06	0.9809776	-4.3464556e-17	0	300
4.512000000000466e-10	0.1940135	-2.088489e-06	0.9809776	-4.3464556e-17	0	300
4.513000000000466e-10	0.1940135	-2.028864e-06	0.9809776	-4.3464556e-17	0	300
4.5140000000004665e-10	0.1940135	-1.9694276e-06	0.9809776	-4.3464556e-17	0	300
4.515000000000467e-10	0.1940135	-1.9101835e-06	0.9809776	-4.3464556e-17	0	300
4.516000000000467e-10	0.1940135	-1.8511429e-06	0.9809776	-4.3464556e-17	0	300
4.5170000000004674e-10	0.1940135	-1.7922843e-06	0.9809776	-4.3464556e-17	0	300
4.5180000000004677e-10	0.1940135	-1.7336246e-06	0.9809776	-4.3464556e-17	0	300
4.519000000000468e-10	0.1940135	-1.6751642e-06	0.9809776	-4.3464556e-17	0	300
4.5200000000004683e-10	0.19401352	-1.6169008e-06	0.9809776	-4.3464556e-17	0	300
4.5210000000004686e-10	0.1940135	-1.5588322e-06	0.9809776	-4.3464556e-17	0	300
4.522000000000469e-10	0.1940135	-1.5009568e-06	0.9809776	-4.3464553e-17	0	300
4.523000000000469e-10	0.1940135	-1.4432701e-06	0.9809776	-4.3464556e-17	0	300
4.5240000000004695e-10	0.1940135	-1.3857823e-06	0.9809776	-4.3464556e-17	0	300
4.52500000000047e-10	0.1940135	-1.3284941e-06	0.9809776	-4.3464556e-17	0	300
4.52600000000047e-10	0.1940135	-1.2714004e-06	0.9809776	-4.3464556e-17	0	300
4.5270000000004704e-10	0.1940135	-1.2145169e-06	0.9809776	-4.3464556e-17	0	300
4.528000000000471e-10	0.1940135	-1.1578499e-06	0.9809776	-4.3464556e-17	0	300
4.529000000000471e-10	0.1940135	-1.1013999e-06	0.9809776	-4.3464556e-17	0	300
4.5300000000004714e-10	0.19401349	-1.0451607e-06	0.9809776	-4.3464556e-17	0	300
4.5310000000004717e-10	0.19401348	-9.891619e-07	0.9809776	-4.3464553e-17	0	300
4.532000000000472e-10	0.19401348	-9.3339673e-07	0.9809776	-4.3464553e-17	0	300
4.5330000000004723e-10	0.19401348	-8.77879e-07	0.9809776	-4.3464553e-17	0	300
4.5340000000004726e-10	0.19401348	-8.225937e-07	0.9809776	-4.3464553e-17	0	300
4.535000000000473e-10	0.19401346	-7.676192e-07	0.9809776	-4.3464553e-17	0	300
4.536000000000473e-10	0.19401346	-7.1290856e-07	0.9809776	-4.3464546e-17	0	300
4.5370000000004735e-10	0.19401345	-6.5849224e-07	0.9809776	-4.3464546e-17	0	300
4.538000000000474e-10	0.19401343	-6.04358e-07	0.9809776	-4.346454e-17	0	300
4.539000000000474e-10	0.19401343	-5.505194e-07	0.9809776	-4.3464546e-17	0	300
4.5400000000004744e-10	0.19401342	-4.9697456e-07	0.9809776	-4.3464546e-17	0	300
4.5410000000004747e-10	0.19401342	-4.437529e-07	0.9809776	-4.3464553e-17	0	300
4.542000000000475e-10	0.19401342	-3.9083795e-07	0.9809776	-4.3464546e-17	0	300
4.5430000000004753e-10	0.1940134	-3.3824153e-07	0.9809776	-4.3464546e-17	0	300
4.5440000000004757e-10	0.19401339	-2.8601772e-07	0.9809776	-4.3464546e-17	0	300
4.545000000000476e-10	0.19401336	-2.3411323e-07	0.9809776	-4.346454e-17	0	300
4.5460000000004763e-10	0.19401336	-1.8256247e-07	0.9809776	-4.3464546e-17	0	300
4.5470000000004766e-10	0.19401336	-1.3142468e-07	0.9809776	-4.346454e-17	0	300
4.548000000000477e-10	0.19401333	-8.065021e-08	0.98097765	-4.3464546e-17	0	300
4.549000000000477e-10	0.19401331	-3.020901e-08	0.98097765	-4.346454e-17	0	300
4.5500000000004775e-10	0.1940133	1.9877632e-08	0.98097765	-4.3464543e-17	0	300
4.551000000000478e-10	0.19401328	6.963077e-08	0.98097765	-4.3464543e-17	0	300
4.552000000000478e-10	0.19401327	1.190447e-07	0.98097765	-4.3464543e-17	0	300
4.5530000000004784e-10	0.19401322	1.6811023e-07	0.98097765	-4.3464536e-17	0	300
4.5540000000004787e-10	0.19401324	2.1681231e-07	0.98097765	-4.3464543e-17	0	300
4.555000000000479e-10	0.19401321	2.651363e-07	0.98097765	-4.3464543e-17	0	300
4.5560000000004793e-10	0.19401321	3.1307135e-07	0.98097765	-4.3464543e-17	0	300
4.5570000000004796e-10	0.19401318	3.6062409e-07	0.98097765	-4.3464543e-17	0	300
4.55800000000048e-10	0.19401316	4.0780765e-07	0.98097765	-4.3464543e-17	0	300
4.55900000000048e-10	0.19401313	4.5460905e-07	0.98097765	-4.3464543e-17	0	300
4.5600000000004806e-10	0.1940131	5.0102574e-07	0.98097765	-4.3464543e-17	0	300
4.561000000000481e-10	0.19401309	5.4704094e-07	0.98097765	-4.3464543e-17	0	300
4.562000000000481e-10	0.19401307	5.926415e-07	0.98097765	-4.346454e-17	0	300
4.5630000000004815e-10	0.19401306	6.3781704e-07	0.9809777	-4.346454e-17	0	300
4.564000000000482e-10	0.19401303	6.825667e-07	0.98097765	-4.3464546e-17	0	300
4.565000000000482e-10	0.194013	7.268834e-07	0.98097765	-4.3464546e-17	0	300
4.5660000000004824e-10	0.19401297	7.7076515e-07	0.98097765	-4.3464546e-17	0	300
4.5670000000004827e-10	0.19401297	8.1418756e-07	0.98097765	-4.3464546e-17	0	300
4.568000000000483e-10	0.19401293	8.571134e-07	0.98097765	-4.346454e-17	0	300
4.5690000000004833e-10	0.19401291	8.995172e-07	0.98097765	-4.3464543e-17	0	300
4.5700000000004836e-10	0.19401287	9.4144775e-07	0.98097765	-4.3464543e-17	0	300
4.571000000000484e-10	0.19401285	9.828062e-07	0.98097765	-4.3464543e-17	0	300
4.572000000000484e-10	0.19401282	1.0236764e-06	0.98097765	-4.3464543e-17	0	300
4.5730000000004845e-10	0.19401279	1.0640024e-06	0.9809777	-4.3464543e-17	0	300
4.574000000000485e-10	0.19401276	1.1038301e-06	0.9809778	-4.3464536e-17	0	300
4.575000000000485e-10	0.19401273	1.1431218e-06	0.9809778	-4.3464536e-17	0	300
4.5760000000004855e-10	0.19401269	1.1818938e-06	0.98097783	-4.346454e-17	0	300
4.577000000000486e-10	0.19401266	1.2201182e-06	0.98097783	-4.3464546e-17	0	300
4.578000000000486e-10	0.19401263	1.2578082e-06	0.98097783	-4.3464546e-17	0	300
4.5790000000004864e-10	0.19401258	1.2949605e-06	0.9809779	-4.3464546e-17	0	300
4.5800000000004867e-10	0.19401255	1.3315517e-06	0.9809779	-4.346454e-17	0	300
4.581000000000487e-10	0.19401252	1.3675766e-06	0.9809779	-4.3464546e-17	0	300
4.5820000000004873e-10	0.19401248	1.4030624e-06	0.9809778	-4.3464543e-17	0	300
4.5830000000004876e-10	0.19401245	1.4379925e-06	0.9809779	-4.3464543e-17	0	300
4.584000000000488e-10	0.19401242	1.4722352e-06	0.9809779	-4.3464543e-17	0	300
4.585000000000488e-10	0.19401237	1.505874e-06	0.9809779	-4.3464536e-17	0	300
4.5860000000004885e-10	0.19401234	1.538871e-06	0.9809779	-4.3464536e-17	0	300
4.587000000000489e-10	0.19401231	1.5712839e-06	0.9809779	-4.3464536e-17	0	300
4.588000000000489e-10	0.19401227	1.6030981e-06	0.9809779	-4.346454e-17	0	300
4.5890000000004895e-10	0.19401224	1.6343591e-06	0.9809779	-4.346454e-17	0	300
4.59000000000049e-10	0.1940122	1.6650473e-06	0.9809779	-4.346454e-17	0	300
4.59100000000049e-10	0.19401217	1.6951587e-06	0.9809779	-4.346454e-17	0	300
4.5920000000004904e-10	0.19401212	1.7246483e-06	0.9809779	-4.346454e-17	0	300
4.5930000000004907e-10	0.19401209	1.7535546e-06	0.98097795	-4.3464536e-17	0	300
4.594000000000491e-10	0.19401205	1.7818851e-06	0.98097795	-4.3464536e-17	0	300
4.5950000000004913e-10	0.194012	1.8096517e-06	0.98097795	-4.3464543e-17	0	300
4.5960000000004916e-10	0.19401199	1.8368225e-06	0.98097795	-4.3464543e-17	0	300
4.597000000000492e-10	0.19401194	1.8634095e-06	0.98097795	-4.3464546e-17	0	300
4.598000000000492e-10	0.1940119	1.8893878e-06	0.98097795	-4.3464546e-17	0	300
4.5990000000004925e-10	0.19401185	1.9147624e-06	0.98097795	-4.3464546e-17	0	300
4.600000000000493e-10	0.19401182	1.9395357e-06	0.980978	-4.3464546e-17	0	300
4.601000000000493e-10	0.19401178	1.9636568e-06	0.980978	-4.3464546e-17	0	300
4.6020000000004934e-10	0.19401172	1.9871668e-06	0.980978	-4.346455e-17	0	300
4.603000000000494e-10	0.19401167	2.0101234e-06	0.980978	-4.346455e-17	0	300
4.604000000000494e-10	0.19401166	2.0325056e-06	0.980978	-4.3464543e-17	0	300
4.6050000000004944e-10	0.1940116	2.0542948e-06	0.980978	-4.3464543e-17	0	300
4.6060000000004947e-10	0.19401155	2.0755037e-06	0.980978	-4.3464543e-17	0	300
4.607000000000495e-10	0.19401154	2.096085e-06	0.980978	-4.346455e-17	0	300
4.6080000000004953e-10	0.1940115	2.1160222e-06	0.9809781	-4.3464546e-17	0	300
4.6090000000004956e-10	0.19401145	2.1353587e-06	0.9809781	-4.3464546e-17	0	300
4.610000000000496e-10	0.1940114	2.1540934e-06	0.9809781	-4.346454e-17	0	300
4.611000000000496e-10	0.19401138	2.172299e-06	0.9809781	-4.3464546e-17	0	300
4.6120000000004965e-10	0.19401135	2.1899484e-06	0.98097813	-4.3464543e-17	0	300
4.613000000000497e-10	0.19401132	2.2070208e-06	0.98097813	-4.3464543e-17	0	300
4.614000000000497e-10	0.19401126	2.223481e-06	0.98097813	-4.3464543e-17	0	300
4.6150000000004974e-10	0.19401121	2.2393433e-06	0.98097813	-4.3464543e-17	0	300
4.6160000000004977e-10	0.19401118	2.2546756e-06	0.98097813	-4.3464536e-17	0	300
4.617000000000498e-10	0.19401115	2.2694592e-06	0.98097813	-4.3464543e-17	0	300
4.6180000000004984e-10	0.19401109	2.283678e-06	0.98097813	-4.346454e-17	0	300
4.6190000000004987e-10	0.19401105	2.297339e-06	0.98097813	-4.346454e-17	0	300
4.620000000000499e-10	0.19401102	2.3104733e-06	0.98097813	-4.3464546e-17	0	300
4.6210000000004993e-10	0.19401099	2.323086e-06	0.98097813	-4.3464546e-17	0	300
4.6220000000004996e-10	0.19401093	2.3351813e-06	0.98097813	-4.3464543e-17	0	300
4.6230000000005e-10	0.1940109	2.3467296e-06	0.98097813	-4.3464543e-17	0	300
4.6240000000005e-10	0.19401087	2.3577393e-06	0.98097813	-4.3464543e-17	0	300
4.6250000000005005e-10	0.19401084	2.3681891e-06	0.98097813	-4.346455e-17	0	300
4.626000000000501e-10	0.19401081	2.3781026e-06	0.9809782	-4.346455e-17	0	300
4.627000000000501e-10	0.19401075	2.3875004e-06	0.9809782	-4.3464543e-17	0	300
4.6280000000005014e-10	0.19401072	2.396347e-06	0.9809782	-4.3464546e-17	0	300
4.6290000000005017e-10	0.19401069	2.4046312e-06	0.9809782	-4.346454e-17	0	300
4.630000000000502e-10	0.19401063	2.4123924e-06	0.9809782	-4.3464546e-17	0	300
4.6310000000005023e-10	0.19401059	2.4195979e-06	0.9809782	-4.3464546e-17	0	300
4.6320000000005026e-10	0.19401056	2.4263234e-06	0.9809782	-4.3464556e-17	0	300
4.633000000000503e-10	0.19401053	2.4325873e-06	0.9809782	-4.3464543e-17	0	300
4.6340000000005033e-10	0.19401051	2.4383708e-06	0.9809782	-4.3464543e-17	0	300
4.6350000000005036e-10	0.19401047	2.4436567e-06	0.9809782	-4.3464543e-17	0	300
4.636000000000504e-10	0.19401042	2.4483902e-06	0.98097825	-4.3464543e-17	0	300
4.637000000000504e-10	0.19401039	2.452632e-06	0.98097825	-4.3464543e-17	0	300
4.6380000000005045e-10	0.19401035	2.4564138e-06	0.98097825	-4.3464543e-17	0	300
4.639000000000505e-10	0.19401032	2.4597584e-06	0.98097825	-4.346454e-17	0	300
4.640000000000505e-10	0.19401029	2.4626395e-06	0.98097825	-4.3464546e-17	0	300
4.6410000000005054e-10	0.19401026	2.4650558e-06	0.98097825	-4.3464546e-17	0	300
4.6420000000005057e-10	0.19401023	2.467034e-06	0.98097825	-4.3464546e-17	0	300
4.643000000000506e-10	0.1940102	2.468559e-06	0.98097825	-4.3464546e-17	0	300
4.6440000000005063e-10	0.19401017	2.4695798e-06	0.98097825	-4.3464543e-17	0	300
4.6450000000005066e-10	0.19401014	2.4700926e-06	0.98097825	-4.346455e-17	0	300
4.646000000000507e-10	0.1940101	2.470161e-06	0.98097825	-4.3464543e-17	0	300
4.647000000000507e-10	0.19401005	2.4698375e-06	0.98097825	-4.3464536e-17	0	300
4.6480000000005076e-10	0.19401003	2.4691126e-06	0.98097825	-4.3464536e-17	0	300
4.649000000000508e-10	0.19401002	2.467992e-06	0.98097825	-4.3464536e-17	0	300
4.650000000000508e-10	0.19400996	2.466476e-06	0.98097825	-4.3464543e-17	0	300
4.6510000000005085e-10	0.19400993	2.4645615e-06	0.9809783	-4.346454e-17	0	300
4.652000000000509e-10	0.19400989	2.4622886e-06	0.9809783	-4.346454e-17	0	300
4.653000000000509e-10	0.19400986	2.4596134e-06	0.9809783	-4.346454e-17	0	300
4.6540000000005094e-10	0.19400984	2.4565268e-06	0.9809783	-4.346454e-17	0	300
4.6550000000005097e-10	0.1940098	2.4530136e-06	0.9809783	-4.3464546e-17	0	300
4.65600000000051e-10	0.19400977	2.449137e-06	0.9809783	-4.3464543e-17	0	300
4.65700000000051e-10	0.19400974	2.4448887e-06	0.9809783	-4.3464543e-17	0	300
4.658000000000511e-10	0.19400972	2.440247e-06	0.9809783	-4.3464543e-17	0	300
4.659000000000511e-10	0.19400969	2.4352323e-06	0.9809783	-4.3464543e-17	0	300
4.660000000000511e-10	0.19400966	2.429828e-06	0.9809783	-4.3464543e-17	0	300
4.661000000000512e-10	0.19400962	2.4240542e-06	0.9809783	-4.3464543e-17	0	300
4.662000000000512e-10	0.1940096	2.4179149e-06	0.9809783	-4.346455e-17	0	300
4.663000000000512e-10	0.19400957	2.411417e-06	0.9809783	-4.3464543e-17	0	300
4.664000000000512e-10	0.19400956	2.4046046e-06	0.9809783	-4.3464536e-17	0	300
4.665000000000513e-10	0.19400953	2.3974894e-06	0.9809783	-4.346454e-17	0	300
4.666000000000513e-10	0.19400951	2.390072e-06	0.9809783	-4.3464533e-17	0	300
4.667000000000513e-10	0.19400948	2.382349e-06	0.9809783	-4.346454e-17	0	300
4.668000000000514e-10	0.19400944	2.3742623e-06	0.98097837	-4.3464533e-17	0	300
4.669000000000514e-10	0.19400945	2.3658781e-06	0.98097837	-4.3464533e-17	0	300
4.670000000000514e-10	0.19400942	2.357222e-06	0.98097837	-4.3464533e-17	0	300
4.671000000000515e-10	0.1940094	2.3483212e-06	0.98097837	-4.3464533e-17	0	300
4.672000000000515e-10	0.19400936	2.3391635e-06	0.98097837	-4.346454e-17	0	300
4.673000000000515e-10	0.19400933	2.3297607e-06	0.98097837	-4.3464536e-17	0	300
4.674000000000516e-10	0.19400933	2.3201117e-06	0.98097837	-4.3464536e-17	0	300
4.675000000000516e-10	0.1940093	2.3102011e-06	0.98097837	-4.3464536e-17	0	300
4.676000000000516e-10	0.19400929	2.3000403e-06	0.98097837	-4.3464536e-17	0	300
4.677000000000516e-10	0.19400926	2.2896388e-06	0.98097837	-4.3464543e-17	0	300
4.678000000000517e-10	0.19400926	2.2790225e-06	0.98097837	-4.3464543e-17	0	300
4.679000000000517e-10	0.19400923	2.268213e-06	0.98097837	-4.3464543e-17	0	300
4.680000000000517e-10	0.1940092	2.2572042e-06	0.98097837	-4.3464543e-17	0	300
4.681000000000518e-10	0.1940092	2.2459988e-06	0.98097837	-4.3464543e-17	0	300
4.682000000000518e-10	0.19400917	2.234613e-06	0.98097837	-4.346454e-17	0	300
4.683000000000518e-10	0.19400916	2.2230479e-06	0.98097837	-4.3464546e-17	0	300
4.684000000000519e-10	0.19400913	2.211314e-06	0.98097837	-4.346454e-17	0	300
4.685000000000519e-10	0.19400913	2.1994147e-06	0.9809785	-4.346454e-17	0	300
4.686000000000519e-10	0.1940091	2.1873375e-06	0.9809785	-4.3464546e-17	0	300
4.68700000000052e-10	0.1940091	2.175083e-06	0.9809785	-4.3464526e-17	0	300
4.68800000000052e-10	0.19400907	2.1626884e-06	0.9809785	-4.3464526e-17	0	300
4.68900000000052e-10	0.19400907	2.1500614e-06	0.9809785	-4.3464526e-17	0	300
4.69000000000052e-10	0.19400904	2.137258e-06	0.9809785	-4.3464526e-17	0	300
4.691000000000521e-10	0.19400904	2.1243072e-06	0.9809785	-4.3464533e-17	0	300
4.692000000000521e-10	0.194009	2.1112107e-06	0.9809785	-4.3464533e-17	0	300
4.693000000000521e-10	0.19400899	2.097965e-06	0.9809785	-4.3464533e-17	0	300
4.694000000000522e-10	0.19400898	2.0845737e-06	0.9809785	-4.3464536e-17	0	300
4.695000000000522e-10	0.19400896	2.071004e-06	0.9809785	-4.3464533e-17	0	300
4.696000000000522e-10	0.19400896	2.0572638e-06	0.9809785	-4.346453e-17	0	300
4.697000000000523e-10	0.19400893	2.04341e-06	0.9809785	-4.3464536e-17	0	300
4.698000000000523e-10	0.19400893	2.0294233e-06	0.9809785	-4.346453e-17	0	300
4.699000000000523e-10	0.19400892	2.0153411e-06	0.9809785	-4.346453e-17	0	300
4.700000000000524e-10	0.1940089	2.0011353e-06	0.9809785	-4.346453e-17	0	300
4.701000000000524e-10	0.1940089	1.9868226e-06	0.9809785	-4.346453e-17	0	300
4.702000000000524e-10	0.19400889	1.9724062e-06	0.9809785	-4.346453e-17	0	300
4.703000000000524e-10	0.19400889	1.957887e-06	0.9809785	-4.346453e-17	0	300
4.704000000000525e-10	0.19400886	1.9432612e-06	0.9809785	-4.3464536e-17	0	300
4.705000000000525e-10	0.19400886	1.928536e-06	0.9809785	-4.3464536e-17	0	300
4.706000000000525e-10	0.19400886	1.9137055e-06	0.9809785	-4.3464536e-17	0	300
4.707000000000526e-10	0.19400883	1.8988083e-06	0.9809785	-4.3464543e-17	0	300
4.708000000000526e-10	0.19400883	1.8838692e-06	0.9809785	-4.3464536e-17	0	300
4.709000000000526e-10	0.19400883	1.8688714e-06	0.9809785	-4.3464543e-17	0	300
4.710000000000527e-10	0.19400883	1.8537935e-06	0.9809785	-4.3464536e-17	0	300
4.711000000000527e-10	0.1940088	1.838685e-06	0.9809785	-4.3464543e-17	0	300
4.712000000000527e-10	0.19400883	1.82355e-06	0.9809785	-4.3464536e-17	0	300
4.713000000000527e-10	0.1940088	1.8083997e-06	0.9809785	-4.3464536e-17	0	300
4.714000000000528e-10	0.1940088	1.7932416e-06	0.9809785	-4.3464543e-17	0	300
4.715000000000528e-10	0.1940088	1.7780691e-06	0.9809785	-4.3464543e-17	0	300
4.716000000000528e-10	0.1940088	1.7628552e-06	0.9809785	-4.3464536e-17	0	300
4.717000000000529e-10	0.19400877	1.7476558e-06	0.9809785	-4.3464536e-17	0	300
4.718000000000529e-10	0.19400877	1.7324684e-06	0.9809785	-4.3464536e-17	0	300
4.719000000000529e-10	0.19400877	1.7173039e-06	0.9809785	-4.3464543e-17	0	300
4.72000000000053e-10	0.19400877	1.7021666e-06	0.9809785	-4.3464536e-17	0	300
4.72100000000053e-10	0.19400877	1.6870539e-06	0.9809786	-4.3464536e-17	0	300
4.72200000000053e-10	0.19400877	1.6719761e-06	0.9809785	-4.3464536e-17	0	300
4.723000000000531e-10	0.19400878	1.6569309e-06	0.9809785	-4.3464543e-17	0	300
4.724000000000531e-10	0.19400877	1.6419197e-06	0.9809785	-4.3464533e-17	0	300
4.725000000000531e-10	0.19400877	1.6269369e-06	0.9809785	-4.346454e-17	0	300
4.726000000000531e-10	0.19400877	1.6119913e-06	0.9809785	-4.3464536e-17	0	300
4.727000000000532e-10	0.19400877	1.5970808e-06	0.9809785	-4.346454e-17	0	300
4.728000000000532e-10	0.19400875	1.582211e-06	0.9809785	-4.3464533e-17	0	300
4.729000000000532e-10	0.19400875	1.5673896e-06	0.9809785	-4.346454e-17	0	300
4.730000000000533e-10	0.19400875	1.5526008e-06	0.9809785	-4.3464533e-17	0	300
4.731000000000533e-10	0.19400875	1.5378486e-06	0.9809785	-4.346454e-17	0	300
4.732000000000533e-10	0.19400875	1.5231419e-06	0.9809785	-4.346454e-17	0	300
4.733000000000534e-10	0.19400875	1.5084842e-06	0.9809785	-4.3464533e-17	0	300
4.734000000000534e-10	0.19400877	1.4938648e-06	0.9809785	-4.3464533e-17	0	300
4.735000000000534e-10	0.19400875	1.4792803e-06	0.9809785	-4.346454e-17	0	300
4.736000000000535e-10	0.19400875	1.4647311e-06	0.9809785	-4.346454e-17	0	300
4.737000000000535e-10	0.19400875	1.4502195e-06	0.9809785	-4.346454e-17	0	300
4.738000000000535e-10	0.19400875	1.435749e-06	0.9809785	-4.3464533e-17	0	300
4.739000000000535e-10	0.19400875	1.4213185e-06	0.9809785	-4.346454e-17	0	300
4.740000000000536e-10	0.19400875	1.4069285e-06	0.9809785	-4.3464533e-17	0	300
4.741000000000536e-10	0.19400875	1.3925818e-06	0.9809785	-4.3464533e-17	0	300
4.742000000000536e-10	0.19400875	1.3782618e-06	0.9809786	-4.3464533e-17	0	300
4.743000000000537e-10	0.19400875	1.3639782e-06	0.9809785	-4.346454e-17	0	300
4.744000000000537e-10	0.19400875	1.349738e-06	0.9809785	-4.346454e-17	0	300
4.745000000000537e-10	0.19400875	1.3355352e-06	0.9809785	-4.346454e-17	0	300
4.746000000000538e-10	0.19400875	1.3213702e-06	0.9809785	-4.3464533e-17	0	300
4.747000000000538e-10	0.19400875	1.3072444e-06	0.9809785	-4.346454e-17	0	300
4.748000000000538e-10	0.19400875	1.2931584e-06	0.9809785	-4.3464533e-17	0	300
4.749000000000539e-10	0.19400875	1.2791122e-06	0.9809785	-4.3464533e-17	0	300
4.750000000000539e-10	0.19400875	1.2651042e-06	0.9809785	-4.3464533e-17	0	300
4.751000000000539e-10	0.19400875	1.2511346e-06	0.9809785	-4.346454e-17	0	300
4.752000000000539e-10	0.19400875	1.2372027e-06	0.9809785	-4.3464533e-17	0	300
4.75300000000054e-10	0.19400875	1.2233079e-06	0.9809785	-4.3464533e-17	0	300
4.75400000000054e-10	0.19400875	1.2094486e-06	0.9809785	-4.3464533e-17	0	300
4.75500000000054e-10	0.19400875	1.1956282e-06	0.9809785	-4.346454e-17	0	300
4.756000000000541e-10	0.19400875	1.1818486e-06	0.9809785	-4.3464533e-17	0	300
4.757000000000541e-10	0.19400875	1.1681067e-06	0.9809785	-4.3464533e-17	0	300
4.758000000000541e-10	0.19400875	1.1544015e-06	0.9809785	-4.3464533e-17	0	300
4.759000000000542e-10	0.19400875	1.1407408e-06	0.9809785	-4.346454e-17	0	300
4.760000000000542e-10	0.19400875	1.127119e-06	0.9809785	-4.3464533e-17	0	300
4.761000000000542e-10	0.19400875	1.1135339e-06	0.9809785	-4.3464533e-17	0	300
4.762000000000543e-10	0.19400875	1.100019e-06	0.9809785	-4.346454e-17	0	300
4.763000000000543e-10	0.19400875	1.0865085e-06	0.9809785	-4.346454e-17	0	300
4.764000000000543e-10	0.19400875	1.0730353e-06	0.9809785	-4.3464533e-17	0	300
4.765000000000543e-10	0.19400875	1.0596069e-06	0.9809785	-4.3464533e-17	0	300
4.766000000000544e-10	0.19400875	1.0462185e-06	0.9809785	-4.3464533e-17	0	300
4.767000000000544e-10	0.19400875	1.0328713e-06	0.9809785	-4.346454e-17	0	300
4.768000000000544e-10	0.19400875	1.0195638e-06	0.9809785	-4.3464533e-17	0	300
4.769000000000545e-10	0.19400875	1.0062884e-06	0.9809786	-4.3464533e-17	0	300
4.770000000000545e-10	0.19400875	9.930546e-07	0.9809785	-4.3464533e-17	0	300
4.771000000000545e-10	0.19400875	9.798625e-07	0.9809785	-4.3464533e-17	0	300
4.772000000000546e-10	0.19400875	9.667093e-07	0.9809785	-4.3464533e-17	0	300
4.773000000000546e-10	0.19400875	9.5359394e-07	0.9809785	-4.346454e-17	0	300
4.774000000000546e-10	0.19400875	9.405196e-07	0.9809785	-4.3464533e-17	0	300
4.775000000000547e-10	0.19400875	9.274856e-07	0.9809785	-4.346454e-17	0	300
4.776000000000547e-10	0.19400875	9.144935e-07	0.9809785	-4.346454e-17	0	300
4.777000000000547e-10	0.19400875	9.0154555e-07	0.9809785	-4.3464533e-17	0	300
4.778000000000547e-10	0.19400875	8.8863567e-07	0.9809785	-4.3464533e-17	0	300
4.779000000000548e-10	0.19400875	8.757983e-07	0.9809785	-4.3464533e-17	0	300
4.780000000000548e-10	0.19400874	8.6300554e-07	0.9809785	-4.3464533e-17	0	300
4.781000000000548e-10	0.19400875	8.5025533e-07	0.9809785	-4.346454e-17	0	300
4.782000000000549e-10	0.19400874	8.375531e-07	0.9809785	-4.3464533e-17	0	300
4.783000000000549e-10	0.19400874	8.2489174e-07	0.9809785	-4.3464533e-17	0	300
4.784000000000549e-10	0.19400874	8.1227813e-07	0.9809785	-4.3464533e-17	0	300
4.78500000000055e-10	0.19400875	7.997124e-07	0.9809785	-4.346454e-17	0	300
4.78600000000055e-10	0.19400874	7.8718983e-07	0.9809785	-4.3464533e-17	0	300
4.78700000000055e-10	0.19400874	7.7471316e-07	0.9809785	-4.346454e-17	0	300
4.78800000000055e-10	0.19400874	7.622764e-07	0.9809785	-4.346454e-17	0	300
4.789000000000551e-10	0.19400874	7.498914e-07	0.9809785	-4.346454e-17	0	300
4.790000000000551e-10	0.19400874	7.3754603e-07	0.9809785	-4.3464533e-17	0	300
4.791000000000551e-10	0.19400878	7.2523846e-07	0.9809785	-4.3464533e-17	0	300
4.792000000000552e-10	0.19400877	7.1298246e-07	0.9809786	-4.3464533e-17	0	300
4.793000000000552e-10	0.19400875	7.0077147e-07	0.9809785	-4.346454e-17	0	300
4.794000000000552e-10	0.19400877	6.886112e-07	0.9809785	-4.3464533e-17	0	300
4.795000000000553e-10	0.19400874	6.7649887e-07	0.9809785	-4.346454e-17	0	300
4.796000000000553e-10	0.19400877	6.644334e-07	0.9809785	-4.346454e-17	0	300
4.797000000000553e-10	0.19400877	6.5245047e-07	0.9809785	-4.3464533e-17	0	300
4.798000000000554e-10	0.19400877	6.405218e-07	0.9809785	-4.3464533e-17	0	300
4.799000000000554e-10	0.19400877	6.2864274e-07	0.9809785	-4.346454e-17	0	300
4.800000000000554e-10	0.19400877	6.168043e-07	0.9809785	-4.3464533e-17	0	300
4.801000000000554e-10	0.19400877	6.0501253e-07	0.9809785	-4.3464533e-17	0	300
4.802000000000555e-10	0.19400877	5.932216e-07	0.9809785	-4.3464533e-17	0	300
4.803000000000555e-10	0.19400877	5.8148066e-07	0.9809785	-4.346454e-17	0	300
4.804000000000555e-10	0.19400877	5.6979036e-07	0.9809785	-4.3464533e-17	0	300
4.805000000000556e-10	0.19400875	5.5814667e-07	0.9809785	-4.346454e-17	0	300
4.806000000000556e-10	0.19400877	5.465497e-07	0.9809785	-4.3464533e-17	0	300
4.807000000000556e-10	0.19400878	5.3501276e-07	0.9809785	-4.346454e-17	0	300
4.808000000000557e-10	0.19400875	5.235307e-07	0.9809785	-4.3464533e-17	0	300
4.809000000000557e-10	0.19400877	5.1209827e-07	0.9809785	-4.346454e-17	0	300
4.810000000000557e-10	0.19400877	5.007227e-07	0.9809785	-4.346454e-17	0	300
4.811000000000558e-10	0.19400877	4.893974e-07	0.9809785	-4.346454e-17	0	300
4.812000000000558e-10	0.19400877	4.781265e-07	0.9809785	-4.3464533e-17	0	300
4.813000000000558e-10	0.19400877	4.6691073e-07	0.9809785	-4.346454e-17	0	300
4.814000000000558e-10	0.19400877	4.5574072e-07	0.9809785	-4.3464536e-17	0	300
4.815000000000559e-10	0.19400877	4.4463462e-07	0.9809785	-4.3464536e-17	0	300
4.816000000000559e-10	0.1940088	4.335958e-07	0.9809785	-4.3464536e-17	0	300
4.817000000000559e-10	0.1940088	4.2265452e-07	0.9809785	-4.3464536e-17	0	300
4.81800000000056e-10	0.1940088	4.1177316e-07	0.9809785	-4.3464536e-17	0	300
4.81900000000056e-10	0.1940088	4.0095023e-07	0.9809785	-4.3464536e-17	0	300
4.82000000000056e-10	0.1940088	3.9020074e-07	0.9809785	-4.3464543e-17	0	300
4.821000000000561e-10	0.19400878	3.795115e-07	0.9809785	-4.3464536e-17	0	300
4.822000000000561e-10	0.19400878	3.6888696e-07	0.9809785	-4.346453e-17	0	300
4.823000000000561e-10	0.1940088	3.58345e-07	0.9809785	-4.3464536e-17	0	300
4.824000000000562e-10	0.1940088	3.4786888e-07	0.9809785	-4.346453e-17	0	300
4.825000000000562e-10	0.1940088	3.374611e-07	0.9809785	-4.3464536e-17	0	300
4.826000000000562e-10	0.1940088	3.2713527e-07	0.9809785	-4.3464536e-17	0	300
4.827000000000562e-10	0.19400881	3.1689672e-07	0.9809785	-4.3464543e-17	0	300
4.828000000000563e-10	0.19400881	3.067439e-07	0.9809785	-4.3464536e-17	0	300
4.829000000000563e-10	0.19400881	2.966695e-07	0.9809785	-4.3464543e-17	0	300
4.830000000000563e-10	0.19400881	2.8669456e-07	0.9809785	-4.3464536e-17	0	300
4.831000000000564e-10	0.19400881	2.7681804e-07	0.9809785	-4.3464536e-17	0	300
4.832000000000564e-10	0.19400883	2.670161e-07	0.9809785	-4.3464536e-17	0	300
4.833000000000564e-10	0.19400883	2.5729878e-07	0.9809785	-4.3464536e-17	0	300
4.834000000000565e-10	0.19400884	2.476599e-07	0.9809785	-4.346453e-17	0	300
4.835000000000565e-10	0.19400884	2.3812268e-07	0.9809785	-4.346453e-17	0	300
4.836000000000565e-10	0.19400884	2.2869045e-07	0.9809785	-4.346453e-17	0	300
4.837000000000566e-10	0.19400886	2.1934918e-07	0.9809785	-4.346453e-17	0	300
4.838000000000566e-10	0.19400886	2.1010092e-07	0.9809785	-4.346453e-17	0	300
4.839000000000566e-10	0.19400886	2.0094221e-07	0.9809786	-4.346453e-17	0	300
4.840000000000566e-10	0.19400887	1.918705e-07	0.9809785	-4.346453e-17	0	300
4.841000000000567e-10	0.19400889	1.8289579e-07	0.9809785	-4.3464536e-17	0	300
4.842000000000567e-10	0.19400887	1.7401737e-07	0.9809785	-4.346453e-17	0	300
4.843000000000567e-10	0.19400889	1.6524771e-07	0.9809785	-4.346453e-17	0	300
4.844000000000568e-10	0.19400889	1.5656784e-07	0.9809785	-4.3464536e-17	0	300
4.845000000000568e-10	0.1940089	1.4796868e-07	0.9809785	-4.346453e-17	0	300
4.846000000000568e-10	0.1940089	1.3947344e-07	0.9809785	-4.346453e-17	0	300
4.847000000000569e-10	0.1940089	1.3108355e-07	0.9809785	-4.346453e-17	0	300
4.848000000000569e-10	0.19400892	1.2279644e-07	0.9809785	-4.346453e-17	0	300
4.849000000000569e-10	0.19400892	1.1460915e-07	0.9809785	-4.3464536e-17	0	300
4.85000000000057e-10	0.19400892	1.0652366e-07	0.9809785	-4.3464543e-17	0	300
4.85100000000057e-10	0.19400893	9.8554594e-08	0.9809785	-4.346455e-17	0	300
4.85200000000057e-10	0.19400893	9.072541e-08	0.9809785	-4.3464543e-17	0	300
4.85300000000057e-10	0.19400895	8.300803e-08	0.9809785	-4.3464543e-17	0	300
4.854000000000571e-10	0.19400895	7.5441775e-08	0.9809785	-4.3464543e-17	0	300
4.855000000000571e-10	0.19400895	6.7972636e-08	0.9809785	-4.3464543e-17	0	300
4.856000000000571e-10	0.19400896	6.061062e-08	0.9809785	-4.3464543e-17	0	300
4.857000000000572e-10	0.19400896	5.3342305e-08	0.9809785	-4.3464543e-17	0	300
4.858000000000572e-10	0.19400898	4.617992e-08	0.9809785	-4.3464543e-17	0	300
4.859000000000572e-10	0.19400898	3.9116998e-08	0.9809785	-4.3464543e-17	0	300
4.860000000000573e-10	0.19400899	3.2153878e-08	0.9809785	-4.346454e-17	0	300
4.861000000000573e-10	0.19400899	2.5316695e-08	0.9809785	-4.3464543e-17	0	300
4.862000000000573e-10	0.194009	1.8601213e-08	0.9809785	-4.346454e-17	0	300
4.863000000000574e-10	0.194009	1.1990551e-08	0.9809785	-4.3464546e-17	0	300
4.864000000000574e-10	0.194009	5.487351e-09	0.9809785	-4.346454e-17	0	300
4.865000000000574e-10	0.19400902	-9.0955155e-10	0.9809785	-4.346454e-17	0	300
4.866000000000574e-10	0.19400902	-7.1835586e-09	0.9809785	-4.346454e-17	0	300
4.867000000000575e-10	0.19400904	-1.33545655e-08	0.9809785	-4.346454e-17	0	300
4.868000000000575e-10	0.19400904	-1.940522e-08	0.9809785	-4.346454e-17	0	300
4.869000000000575e-10	0.19400905	-2.5354836e-08	0.9809785	-4.346454e-17	0	300
4.870000000000576e-10	0.19400905	-3.1203598e-08	0.9809785	-4.346454e-17	0	300
4.871000000000576e-10	0.19400907	-3.691997e-08	0.9809785	-4.346454e-17	0	300
4.872000000000576e-10	0.19400908	-4.2519986e-08	0.9809785	-4.346454e-17	0	300
4.873000000000577e-10	0.1940091	-4.8008417e-08	0.9809785	-4.346454e-17	0	300
4.874000000000577e-10	0.1940091	-5.3373128e-08	0.9809785	-4.346454e-17	0	300
4.875000000000577e-10	0.19400911	-5.8610908e-08	0.9809785	-4.346454e-17	0	300
4.876000000000577e-10	0.19400911	-6.373284e-08	0.9809785	-4.346454e-17	0	300
4.877000000000578e-10	0.19400911	-6.87312e-08	0.9809785	-4.346454e-17	0	300
4.878000000000578e-10	0.19400913	-7.359276e-08	0.9809785	-4.346454e-17	0	300
4.879000000000578e-10	0.19400913	-7.8331595e-08	0.9809785	-4.346454e-17	0	300
4.880000000000579e-10	0.19400914	-8.2949185e-08	0.9809785	-4.346454e-17	0	300
4.881000000000579e-10	0.19400914	-8.745059e-08	0.9809785	-4.346454e-17	0	300
4.882000000000579e-10	0.19400917	-9.1843475e-08	0.9809785	-4.3464533e-17	0	300
4.88300000000058e-10	0.19400917	-9.611293e-08	0.9809785	-4.3464533e-17	0	300
4.88400000000058e-10	0.19400918	-1.00261786e-07	0.9809785	-4.3464543e-17	0	300
4.88500000000058e-10	0.19400918	-1.04289796e-07	0.9809785	-4.3464536e-17	0	300
4.886000000000581e-10	0.1940092	-1.08203665e-07	0.9809785	-4.3464536e-17	0	300
4.887000000000581e-10	0.1940092	-1.1201058e-07	0.9809785	-4.3464536e-17	0	300
4.888000000000581e-10	0.1940092	-1.1570299e-07	0.9809785	-4.3464536e-17	0	300
4.889000000000581e-10	0.19400921	-1.1927352e-07	0.9809785	-4.3464536e-17	0	300
4.890000000000582e-10	0.19400923	-1.2273108e-07	0.9809785	-4.3464536e-17	0	300
4.891000000000582e-10	0.19400923	-1.2606597e-07	0.98097837	-4.346453e-17	0	300
4.892000000000582e-10	0.19400924	-1.2928072e-07	0.98097837	-4.3464536e-17	0	300
4.893000000000583e-10	0.19400924	-1.3238102e-07	0.98097837	-4.3464536e-17	0	300
4.894000000000583e-10	0.19400926	-1.3536243e-07	0.98097837	-4.3464536e-17	0	300
4.895000000000583e-10	0.19400926	-1.3823819e-07	0.98097837	-4.3464536e-17	0	300
4.896000000000584e-10	0.19400927	-1.4101315e-07	0.98097837	-4.3464536e-17	0	300
4.897000000000584e-10	0.19400927	-1.436569e-07	0.98097837	-4.3464536e-17	0	300
4.898000000000584e-10	0.19400927	-1.4620653e-07	0.98097837	-4.3464536e-17	0	300
4.899000000000585e-10	0.19400929	-1.4866535e-07	0.98097837	-4.3464536e-17	0	300
4.900000000000585e-10	0.1940093	-1.5102907e-07	0.98097837	-4.3464536e-17	0	300
4.901000000000585e-10	0.19400932	-1.533171e-07	0.98097837	-4.3464536e-17	0	300
4.902000000000585e-10	0.1940093	-1.5549395e-07	0.98097837	-4.3464536e-17	0	300
4.903000000000586e-10	0.19400932	-1.5758792e-07	0.98097837	-4.346453e-17	0	300
4.904000000000586e-10	0.19400932	-1.5959591e-07	0.98097837	-4.346453e-17	0	300
4.905000000000586e-10	0.19400932	-1.6152507e-07	0.98097837	-4.3464533e-17	0	300
4.906000000000587e-10	0.19400935	-1.6337867e-07	0.98097837	-4.3464533e-17	0	300
4.907000000000587e-10	0.19400935	-1.6516887e-07	0.98097837	-4.3464533e-17	0	300
4.908000000000587e-10	0.19400933	-1.6686275e-07	0.98097837	-4.3464536e-17	0	300
4.909000000000588e-10	0.19400935	-1.6848631e-07	0.98097837	-4.3464533e-17	0	300
4.910000000000588e-10	0.19400935	-1.700493e-07	0.98097837	-4.3464533e-17	0	300
4.911000000000588e-10	0.19400936	-1.7156046e-07	0.98097837	-4.3464533e-17	0	300
4.912000000000589e-10	0.19400935	-1.7302006e-07	0.98097837	-4.3464533e-17	0	300
4.913000000000589e-10	0.19400938	-1.7443398e-07	0.98097837	-4.3464533e-17	0	300
4.914000000000589e-10	0.19400938	-1.7579967e-07	0.98097837	-4.3464533e-17	0	300
4.915000000000589e-10	0.19400936	-1.771223e-07	0.98097837	-4.3464533e-17	0	300
4.91600000000059e-10	0.19400938	-1.7839525e-07	0.98097837	-4.3464533e-17	0	300
4.91700000000059e-10	0.19400938	-1.796194e-07	0.98097837	-4.3464533e-17	0	300
4.91800000000059e-10	0.1940094	-1.8079143e-07	0.98097837	-4.3464533e-17	0	300
4.919000000000591e-10	0.19400938	-1.81926e-07	0.98097837	-4.3464533e-17	0	300
4.920000000000591e-10	0.1940094	-1.8300784e-07	0.98097837	-4.3464533e-17	0	300
4.921000000000591e-10	0.1940094	-1.8403159e-07	0.98097837	-4.3464526e-17	0	300
4.922000000000592e-10	0.19400941	-1.8502323e-07	0.98097837	-4.3464533e-17	0	300
4.923000000000592e-10	0.19400941	-1.8598371e-07	0.98097837	-4.3464533e-17	0	300
4.924000000000592e-10	0.19400941	-1.8692504e-07	0.98097837	-4.3464526e-17	0	300
4.925000000000593e-10	0.19400941	-1.8784175e-07	0.98097837	-4.3464533e-17	0	300
4.926000000000593e-10	0.19400941	-1.8873365e-07	0.98097837	-4.3464533e-17	0	300
4.927000000000593e-10	0.1940094	-1.895985e-07	0.98097837	-4.3464533e-17	0	300
4.928000000000593e-10	0.19400941	-1.904454e-07	0.98097837	-4.3464526e-17	0	300
4.929000000000594e-10	0.19400941	-1.9126819e-07	0.98097837	-4.3464533e-17	0	300
4.930000000000594e-10	0.19400941	-1.920792e-07	0.98097837	-4.3464533e-17	0	300
4.931000000000594e-10	0.19400941	-1.9288262e-07	0.98097837	-4.3464533e-17	0	300
4.932000000000595e-10	0.19400942	-1.9366865e-07	0.98097837	-4.3464526e-17	0	300
4.933000000000595e-10	0.19400941	-1.9445119e-07	0.98097837	-4.3464533e-17	0	300
4.934000000000595e-10	0.19400941	-1.9521241e-07	0.98097837	-4.3464526e-17	0	300
4.935000000000596e-10	0.19400941	-1.9595797e-07	0.98097837	-4.3464533e-17	0	300
4.936000000000596e-10	0.19400941	-1.9670435e-07	0.98097837	-4.3464533e-17	0	300
4.937000000000596e-10	0.19400941	-1.9743658e-07	0.98097837	-4.3464533e-17	0	300
