# t (s)	mx ()	my ()	mz ()	E_total (J)	J (A/m2)	T (K)
0	0	0	1	-4.1875195e-17	0	300
1e-13	0.1940095	-3.7465202e-08	0.98097837	-4.346452e-17	-2.9975744e+07	300
2e-13	0.1940095	-7.566748e-08	0.98097837	-4.346452e-17	-2.9975744e+07	300
3.4999999999999997e-13	0.1940095	-1.3443477e-07	0.98097837	-4.3464533e-17	-3.1418654e+07	300
4.4999999999999995e-13	0.1940095	-1.7463e-07	0.98097837	-4.3464526e-17	-3.1418654e+07	300
5.5e-13	0.1940095	-2.1565648e-07	0.98097837	-4.3464526e-17	-3.332035e+07	300
6.5e-13	0.1940095	-2.575361e-07	0.98097837	-4.3464526e-17	-3.332035e+07	300
7.499999999999999e-13	0.1940095	-3.0028576e-07	0.98097837	-4.3464533e-17	-3.4924256e+07	300
8.499999999999999e-13	0.1940095	-3.4393017e-07	0.98097837	-4.3464526e-17	-3.4924256e+07	300
9.5e-13	0.1940095	-3.884914e-07	0.98097837	-4.3464533e-17	-3.703814e+07	300
1.05e-12	0.1940095	-4.3398782e-07	0.98097837	-4.3464526e-17	-3.703814e+07	300
1.15e-12	0.1940095	-4.804465e-07	0.98097837	-4.3464526e-17	-3.8821004e+07	300
1.25e-12	0.1940095	-5.278863e-07	0.98097837	-4.3464526e-17	-3.8821004e+07	300
1.35e-12	0.1940095	-5.763342e-07	0.98097837	-4.3464526e-17	-4.0689684e+07	300
1.4499999999999999e-12	0.1940095	-6.2581137e-07	0.98097837	-4.3464526e-17	-4.0689684e+07	300
1.5499999999999999e-12	0.1940095	-6.763464e-07	0.98097837	-4.3464526e-17	-4.264832e+07	300
1.6499999999999998e-12	0.1940095	-7.279632e-07	0.98097837	-4.3464526e-17	-4.264832e+07	300
1.7499999999999998e-12	0.1940095	-7.806884e-07	0.98097837	-4.3464526e-17	-4.4701236e+07	300
1.85e-12	0.1940095	-8.3454677e-07	0.98097837	-4.3464526e-17	-4.4701236e+07	300
1.95e-12	0.1940095	-8.8956926e-07	0.98097837	-4.3464526e-17	-4.685297e+07	300
2.05e-12	0.1940095	-9.457809e-07	0.98097837	-4.3464526e-17	-4.685297e+07	300
2.15e-12	0.1940095	-1.0032119e-06	0.98097837	-4.3464526e-17	-4.9108276e+07	300
2.25e-12	0.19400948	-1.0618908e-06	0.98097837	-4.3464526e-17	-4.9108276e+07	300
2.35e-12	0.1940095	-1.1218476e-06	0.98097837	-4.3464526e-17	-5.1472144e+07	300
2.45e-12	0.1940095	-1.1831137e-06	0.98097837	-4.3464526e-17	-5.1472144e+07	300
2.55e-12	0.1940095	-1.2457218e-06	0.98097837	-4.3464526e-17	-5.39498e+07	300
2.65e-12	0.1940095	-1.3097012e-06	0.98097837	-4.346454e-17	-5.39498e+07	300
2.7499999999999998e-12	0.1940095	-1.3750881e-06	0.98097837	-4.3464526e-17	-5.654672e+07	300
2.8499999999999998e-12	0.1940095	-1.4419137e-06	0.98097837	-4.3464526e-17	-5.654672e+07	300
2.9499999999999997e-12	0.19400948	-1.5102138e-06	0.98097837	-4.3464526e-17	-5.9268644e+07	300
3.0499999999999997e-12	0.1940095	-1.5800229e-06	0.98097837	-4.3464533e-17	-5.9268644e+07	300
3.1499999999999997e-12	0.1940095	-1.6513784e-06	0.98097837	-4.3464526e-17	-6.2121588e+07	300
3.2499999999999997e-12	0.1940095	-1.7243167e-06	0.98097837	-4.3464526e-17	-6.2121588e+07	300
3.3499999999999997e-12	0.1940095	-1.7988768e-06	0.98097837	-4.3464526e-17	-6.5111864e+07	300
3.4499999999999996e-12	0.1940095	-1.8750999e-06	0.98097837	-4.3464526e-17	-6.5111864e+07	300
3.5499999999999996e-12	0.1940095	-1.9530196e-06	0.98097837	-4.3464526e-17	-6.824607e+07	300
3.65e-12	0.1940095	-2.032681e-06	0.98097837	-4.3464526e-17	-6.824607e+07	300
3.75e-12	0.1940095	-2.1141232e-06	0.98097837	-4.3464533e-17	-7.153115e+07	300
3.85e-12	0.1940095	-2.1973947e-06	0.98097837	-4.3464526e-17	-7.153115e+07	300
3.95e-12	0.1940095	-2.2825316e-06	0.98097837	-4.3464526e-17	-7.497437e+07	300
4.05e-12	0.1940095	-2.3695834e-06	0.98097837	-4.3464526e-17	-7.497437e+07	300
4.15e-12	0.1940095	-2.4585918e-06	0.98097837	-4.3464526e-17	-7.858332e+07	300
4.25e-12	0.1940095	-2.5496058e-06	0.98097837	-4.3464526e-17	-7.858332e+07	300
4.35e-12	0.1940095	-2.6426746e-06	0.98097837	-4.3464526e-17	-8.236598e+07	300
4.45e-12	0.1940095	-2.7378467e-06	0.98097837	-4.3464526e-17	-8.236598e+07	300
4.55e-12	0.1940095	-2.8351712e-06	0.98097837	-4.3464526e-17	-8.633074e+07	300
4.65e-12	0.1940095	-2.9347007e-06	0.98097837	-4.3464526e-17	-8.633074e+07	300
4.75e-12	0.1940095	-3.0364843e-06	0.98097837	-4.3464526e-17	-9.048634e+07	300
4.85e-12	0.1940095	-3.1405757e-06	0.98097837	-4.3464526e-17	-9.048634e+07	300
4.95e-12	0.1940095	-3.2470302e-06	0.98097837	-4.3464526e-17	-9.484196e+07	300
5.05e-12	0.1940095	-3.3559045e-06	0.98097837	-4.3464526e-17	-9.484196e+07	300
5.15e-12	0.1940095	-3.4672576e-06	0.98097837	-4.3464526e-17	-9.940725e+07	300
5.25e-12	0.1940095	-3.5811508e-06	0.98097837	-4.3464526e-17	-9.940725e+07	300
5.35e-12	0.1940095	-3.6976376e-06	0.98097837	-4.3464526e-17	-1.0419229e+08	300
5.45e-12	0.1940095	-3.816787e-06	0.98097837	-4.3464526e-17	-1.0419229e+08	300
5.5499999999999996e-12	0.1940095	-3.9386628e-06	0.98097837	-4.3464526e-17	-1.0920766e+08	300
5.6499999999999996e-12	0.1940095	-4.0633295e-06	0.98097837	-4.3464526e-17	-1.0920766e+08	300
5.7499999999999995e-12	0.1940095	-4.1908575e-06	0.98097837	-4.3464526e-17	-1.1446445e+08	300
5.8499999999999995e-12	0.1940095	-4.321312e-06	0.98097837	-4.3464526e-17	-1.1446445e+08	300
5.9499999999999995e-12	0.19400948	-4.454759e-06	0.98097837	-4.3464526e-17	-1.1997427e+08	300
6.0499999999999995e-12	0.1940095	-4.591274e-06	0.98097837	-4.3464526e-17	-1.1997427e+08	300
6.1499999999999994e-12	0.1940095	-4.7309386e-06	0.98097837	-4.3464526e-17	-1.2574932e+08	300
6.2499999999999994e-12	0.1940095	-4.873815e-06	0.98097837	-4.3464526e-17	-1.2574932e+08	300
6.349999999999999e-12	0.1940095	-5.0199715e-06	0.98097837	-4.3464526e-17	-1.31802344e+08	300
6.449999999999999e-12	0.1940095	-5.1694647e-06	0.98097837	-4.3464526e-17	-1.31802344e+08	300
6.549999999999999e-12	0.1940095	-5.322369e-06	0.98097837	-4.3464526e-17	-1.3814674e+08	300
6.649999999999999e-12	0.1940095	-5.478747e-06	0.98097837	-4.3464526e-17	-1.3814674e+08	300
6.749999999999999e-12	0.1940095	-5.638698e-06	0.98097837	-4.3464526e-17	-1.4479651e+08	300
6.849999999999999e-12	0.19400951	-5.802296e-06	0.98097837	-4.3464526e-17	-1.4479651e+08	300
6.949999999999999e-12	0.19400951	-5.9696386e-06	0.98097837	-4.3464526e-17	-1.5176638e+08	300
7.049999999999999e-12	0.19400953	-6.140808e-06	0.98097837	-4.346454e-17	-1.5176638e+08	300
7.149999999999999e-12	0.19400953	-6.3159014e-06	0.98097837	-4.3464533e-17	-1.5907176e+08	300
7.249999999999999e-12	0.19400953	-6.494997e-06	0.98097837	-4.3464526e-17	-1.5907176e+08	300
7.35e-12	0.19400953	-6.678178e-06	0.98097837	-4.346453e-17	-1.6672877e+08	300
7.400000000000002e-12	0.19400953	-6.771296e-06	0.98097837	-4.346453e-17	-1.6672877e+08	300
7.500000000000003e-12	0.19400954	-6.9607113e-06	0.98097837	-4.3464536e-17	-1.6672877e+08	300
7.600000000000005e-12	0.19400957	-7.154371e-06	0.98097837	-4.3464536e-17	-1.7475435e+08	300
7.700000000000006e-12	0.1940096	-7.3522297e-06	0.9809783	-4.3464543e-17	-1.7475435e+08	300
7.800000000000008e-12	0.19400963	-7.5543003e-06	0.9809783	-4.3464543e-17	-1.8316624e+08	300
7.90000000000001e-12	0.1940097	-7.760449e-06	0.9809783	-4.3464543e-17	-1.8316624e+08	300
8.000000000000011e-12	0.19400975	-7.970699e-06	0.9809783	-4.3464546e-17	-1.9198306e+08	300
8.100000000000013e-12	0.19400981	-8.1851695e-06	0.9809783	-4.346454e-17	-1.9198306e+08	300
8.200000000000014e-12	0.19400987	-8.404014e-06	0.9809783	-4.346454e-17	-2.0122426e+08	300
8.300000000000016e-12	0.19400991	-8.6273485e-06	0.9809783	-4.346454e-17	-2.0122426e+08	300
8.400000000000018e-12	0.19400999	-8.855298e-06	0.9809783	-4.346455e-17	-2.1091027e+08	300
8.500000000000019e-12	0.19401005	-9.087982e-06	0.9809783	-4.3464543e-17	-2.1091027e+08	300
8.60000000000002e-12	0.1940101	-9.3255285e-06	0.9809783	-4.3464543e-17	-2.2106253e+08	300
8.700000000000022e-12	0.19401015	-9.568128e-06	0.98097825	-4.346455e-17	-2.2106253e+08	300
8.800000000000024e-12	0.19401023	-9.815869e-06	0.98097825	-4.3464553e-17	-2.3170347e+08	300
8.900000000000025e-12	0.19401027	-1.0068908e-05	0.98097825	-4.3464553e-17	-2.3170347e+08	300
9.000000000000027e-12	0.19401035	-1.0327336e-05	0.98097825	-4.3464553e-17	-2.428566e+08	300
9.100000000000029e-12	0.19401038	-1.0591191e-05	0.98097825	-4.346455e-17	-2.428566e+08	300
9.20000000000003e-12	0.19401044	-1.0860727e-05	0.98097825	-4.346455e-17	-2.5454661e+08	300
9.300000000000032e-12	0.1940105	-1.1136143e-05	0.98097825	-4.346455e-17	-2.5454661e+08	300
9.400000000000033e-12	0.19401057	-1.1417569e-05	0.98097825	-4.3464546e-17	-2.667993e+08	300
9.500000000000035e-12	0.19401062	-1.1705142e-05	0.98097825	-4.3464546e-17	-2.667993e+08	300
9.600000000000037e-12	0.19401067	-1.1999069e-05	0.98097825	-4.346454e-17	-2.7964176e+08	300
9.700000000000038e-12	0.19401073	-1.2299546e-05	0.98097813	-4.3464536e-17	-2.7964176e+08	300
9.80000000000004e-12	0.19401081	-1.2606639e-05	0.98097813	-4.3464536e-17	-2.931024e+08	300
9.900000000000041e-12	0.19401087	-1.2920531e-05	0.98097813	-4.3464536e-17	-2.931024e+08	300
1.0000000000000043e-11	0.19401094	-1.3241357e-05	0.98097813	-4.346454e-17	-3.0721094e+08	300
1.0100000000000045e-11	0.194011	-1.3569261e-05	0.98097813	-4.3464533e-17	-3.0721094e+08	300
1.0200000000000046e-11	0.19401109	-1.3904416e-05	0.98097813	-4.3464533e-17	-3.2199862e+08	300
1.0300000000000048e-11	0.19401118	-1.4246878e-05	0.9809781	-4.3464543e-17	-3.2199862e+08	300
1.040000000000005e-11	0.19401127	-1.4596755e-05	0.9809781	-4.3464543e-17	-3.3749808e+08	300
1.0500000000000051e-11	0.19401136	-1.4954196e-05	0.980978	-4.3464546e-17	-3.3749808e+08	300
1.0600000000000053e-11	0.19401146	-1.5319132e-05	0.980978	-4.3464546e-17	-3.5374358e+08	300
1.0700000000000054e-11	0.19401158	-1.5691861e-05	0.980978	-4.346455e-17	-3.5374358e+08	300
1.0800000000000056e-11	0.1940117	-1.6072496e-05	0.98097795	-4.3464536e-17	-3.7077107e+08	300
1.0900000000000057e-11	0.19401182	-1.6461294e-05	0.98097795	-4.346454e-17	-3.7077107e+08	300
1.1000000000000059e-11	0.19401194	-1.6858465e-05	0.98097795	-4.346453e-17	-3.8861814e+08	300
1.110000000000006e-11	0.19401205	-1.7264345e-05	0.98097783	-4.346453e-17	-3.8861814e+08	300
1.1200000000000062e-11	0.19401217	-1.767914e-05	0.98097783	-4.346454e-17	-4.073243e+08	300
1.1300000000000064e-11	0.19401228	-1.8103063e-05	0.98097783	-4.3464546e-17	-4.073243e+08	300
1.1400000000000065e-11	0.1940124	-1.8536319e-05	0.98097783	-4.3464543e-17	-4.269308e+08	300
1.1500000000000067e-11	0.19401254	-1.8979099e-05	0.98097783	-4.3464553e-17	-4.269308e+08	300
1.1600000000000069e-11	0.19401267	-1.943167e-05	0.9809778	-4.3464546e-17	-4.474811e+08	300
1.170000000000007e-11	0.19401279	-1.9894307e-05	0.9809777	-4.3464556e-17	-4.474811e+08	300
1.1800000000000072e-11	0.19401293	-2.036728e-05	0.9809778	-4.3464546e-17	-4.6902054e+08	300
1.1900000000000073e-11	0.19401304	-2.0850832e-05	0.98097765	-4.3464533e-17	-4.6902054e+08	300
1.2000000000000075e-11	0.19401316	-2.1345233e-05	0.98097765	-4.346453e-17	-4.9159674e+08	300
1.2100000000000076e-11	0.19401333	-2.18506e-05	0.9809776	-4.3464533e-17	-4.9159674e+08	300
1.2200000000000078e-11	0.19401348	-2.2367112e-05	0.9809776	-4.346454e-17	-5.1525965e+08	300
1.230000000000008e-11	0.19401363	-2.2895112e-05	0.9809776	-4.3464536e-17	-5.1525965e+08	300
1.2400000000000081e-11	0.1940138	-2.3434875e-05	0.9809776	-4.3464553e-17	-5.400615e+08	300
1.2500000000000083e-11	0.19401397	-2.3986595e-05	0.98097754	-4.346455e-17	-5.400615e+08	300
1.2600000000000084e-11	0.19401415	-2.4550516e-05	0.9809774	-4.3464526e-17	-5.6605715e+08	300
1.2700000000000086e-11	0.19401431	-2.5127025e-05	0.9809774	-4.3464543e-17	-5.6605715e+08	300
1.2800000000000088e-11	0.19401447	-2.571643e-05	0.9809774	-4.3464533e-17	-5.9330406e+08	300
1.290000000000009e-11	0.19401465	-2.6319109e-05	0.98097736	-4.3464543e-17	-5.9330406e+08	300
1.3000000000000091e-11	0.19401482	-2.6935453e-05	0.98097736	-4.3464543e-17	-6.2186246e+08	300
1.3100000000000092e-11	0.19401498	-2.7565906e-05	0.9809773	-4.3464546e-17	-6.2186246e+08	300
1.3200000000000094e-11	0.19401518	-2.8210863e-05	0.9809773	-4.3464543e-17	-6.5179546e+08	300
1.3300000000000096e-11	0.19401534	-2.887056e-05	0.9809773	-4.3464553e-17	-6.5179546e+08	300
1.3400000000000097e-11	0.1940155	-2.9545441e-05	0.9809773	-4.3464556e-17	-6.8316915e+08	300
1.3500000000000099e-11	0.19401568	-3.0235962e-05	0.9809772	-4.3464533e-17	-6.8316915e+08	300
1.36000000000001e-11	0.19401586	-3.094261e-05	0.9809771	-4.346453e-17	-7.16053e+08	300
1.3700000000000102e-11	0.19401604	-3.1665804e-05	0.9809771	-4.346454e-17	-7.16053e+08	300
1.3800000000000104e-11	0.19401622	-3.2405915e-05	0.9809771	-4.3464546e-17	-7.505196e+08	300
1.3900000000000105e-11	0.1940164	-3.3163185e-05	0.98097706	-4.3464543e-17	-7.505196e+08	300
1.4000000000000107e-11	0.19401658	-3.3938173e-05	0.980977	-4.346453e-17	-7.8664525e+08	300
1.4100000000000108e-11	0.19401675	-3.4731416e-05	0.980977	-4.346454e-17	-7.8664525e+08	300
1.420000000000011e-11	0.19401696	-3.5543362e-05	0.9809769	-4.3464533e-17	-8.245096e+08	300
1.4300000000000112e-11	0.19401716	-3.637431e-05	0.9809769	-4.3464536e-17	-8.245096e+08	300
1.4400000000000113e-11	0.19401737	-3.7224843e-05	0.9809768	-4.346454e-17	-8.641965e+08	300
1.4500000000000115e-11	0.19401756	-3.8095503e-05	0.9809768	-4.346455e-17	-8.641965e+08	300
1.4600000000000116e-11	0.19401775	-3.8986545e-05	0.9809767	-4.346455e-17	-9.0579354e+08	300
1.4700000000000115e-11	0.19401799	-3.989861e-05	0.9809767	-4.3464546e-17	-9.0579354e+08	300
1.4800000000000113e-11	0.19401821	-4.0832092e-05	0.98097664	-4.3464543e-17	-9.493927e+08	300
1.490000000000011e-11	0.19401845	-4.1787476e-05	0.98097664	-4.3464546e-17	-9.493927e+08	300
1.500000000000011e-11	0.19401869	-4.2765245e-05	0.9809766	-4.3464543e-17	-1.00685446e+09	300
1.5100000000000108e-11	0.19401893	-4.3766035e-05	0.98097646	-4.3464543e-17	-1.00685446e+09	300
1.5200000000000106e-11	0.19401918	-4.4790384e-05	0.98097646	-4.3464533e-17	-1.00685446e+09	300
1.5300000000000105e-11	0.19401944	-4.583865e-05	0.9809764	-4.3464536e-17	-1.06779386e+09	300
1.5400000000000103e-11	0.19401972	-4.6911602e-05	0.9809764	-4.346454e-17	-1.06779386e+09	300
1.55000000000001e-11	0.19402	-4.800963e-05	0.98097634	-4.3464546e-17	-1.1324214e+09	300
1.56000000000001e-11	0.19402029	-4.9133334e-05	0.98097634	-4.346455e-17	-1.1324214e+09	300
1.5700000000000098e-11	0.19402055	-5.02834e-05	0.98097616	-4.3464543e-17	-1.1324214e+09	300
1.5800000000000097e-11	0.19402087	-5.1460353e-05	0.98097616	-4.346454e-17	-1.2009601e+09	300
1.5900000000000095e-11	0.19402117	-5.2664942e-05	0.9809761	-4.3464546e-17	-1.2009601e+09	300
1.6000000000000093e-11	0.1940215	-5.3897707e-05	0.98097605	-4.346454e-17	-1.273647e+09	300
1.6100000000000092e-11	0.19402179	-5.5159384e-05	0.9809759	-4.3464536e-17	-1.273647e+09	300
1.620000000000009e-11	0.19402213	-5.64506e-05	0.9809759	-4.3464536e-17	-1.273647e+09	300
1.630000000000009e-11	0.19402248	-5.7771915e-05	0.98097575	-4.3464543e-17	-1.3507327e+09	300
1.6400000000000087e-11	0.19402283	-5.9124366e-05	0.98097575	-4.3464546e-17	-1.3507327e+09	300
1.6500000000000085e-11	0.19402318	-6.05085e-05	0.9809757	-4.346454e-17	-1.4324837e+09	300
1.6600000000000084e-11	0.19402352	-6.192537e-05	0.9809756	-4.346454e-17	-1.4324837e+09	300
1.6700000000000082e-11	0.19402386	-6.337577e-05	0.9809755	-4.3464546e-17	-1.4324837e+09	300
1.680000000000008e-11	0.1940242	-6.486062e-05	0.98097545	-4.346454e-17	-1.5191821e+09	300
1.690000000000008e-11	0.19402456	-6.638076e-05	0.98097545	-4.3464543e-17	-1.5191821e+09	300
1.7000000000000077e-11	0.19402492	-6.793713e-05	0.9809754	-4.3464543e-17	-1.6111274e+09	300
1.7100000000000075e-11	0.1940253	-6.9530506e-05	0.9809752	-4.346455e-17	-1.6111274e+09	300
1.7200000000000074e-11	0.19402567	-7.1161776e-05	0.9809752	-4.346455e-17	-1.6111274e+09	300
1.7300000000000072e-11	0.19402607	-7.283175e-05	0.98097515	-4.3464543e-17	-1.7086369e+09	300
1.740000000000007e-11	0.19402647	-7.454141e-05	0.98097503	-4.3464536e-17	-1.7086369e+09	300
1.750000000000007e-11	0.1940269	-7.629165e-05	0.980975	-4.3464543e-17	-1.8120476e+09	300
1.7600000000000067e-11	0.19402732	-7.808344e-05	0.9809748	-4.3464543e-17	-1.8120476e+09	300
1.7700000000000066e-11	0.19402778	-7.9917656e-05	0.9809748	-4.3464546e-17	-1.8120476e+09	300
1.7800000000000064e-11	0.19402823	-8.179514e-05	0.98097473	-4.346454e-17	-1.9217162e+09	300
1.7900000000000062e-11	0.19402868	-8.3717096e-05	0.9809746	-4.3464536e-17	-1.9217162e+09	300
1.800000000000006e-11	0.19402917	-8.5684536e-05	0.9809745	-4.3464543e-17	-2.0380215e+09	300
1.810000000000006e-11	0.19402967	-8.76986e-05	0.98097444	-4.3464536e-17	-2.0380215e+09	300
1.8200000000000057e-11	0.19403018	-8.976009e-05	0.9809743	-4.346454e-17	-2.0380215e+09	300
1.8300000000000056e-11	0.19403069	-9.1870344e-05	0.98097426	-4.3464536e-17	-2.161365e+09	300
1.8400000000000054e-11	0.19403121	-9.403057e-05	0.98097414	-4.3464543e-17	-2.161365e+09	300
1.8500000000000052e-11	0.19403175	-9.6242045e-05	0.98097396	-4.3464533e-17	-2.2921725e+09	300
1.860000000000005e-11	0.19403225	-9.850625e-05	0.98097384	-4.3464543e-17	-2.2921725e+09	300
1.870000000000005e-11	0.19403279	-0.00010082437	0.9809738	-4.346455e-17	-2.2921725e+09	300
1.8800000000000048e-11	0.19403335	-0.0001031978	0.9809737	-4.346454e-17	-2.4308959e+09	300
1.8900000000000046e-11	0.19403392	-0.00010562757	0.98097354	-4.3464536e-17	-2.4308959e+09	300
1.9000000000000044e-11	0.1940345	-0.0001081151	0.98097336	-4.3464546e-17	-2.5780134e+09	300
1.9100000000000043e-11	0.19403513	-0.000110661764	0.98097336	-4.3464536e-17	-2.5780134e+09	300
1.920000000000004e-11	0.19403574	-0.00011326886	0.98097324	-4.3464553e-17	-2.5780134e+09	300
1.930000000000004e-11	0.19403638	-0.00011593779	0.980973	-4.346454e-17	-2.7340337e+09	300
1.9400000000000038e-11	0.19403705	-0.0001186701	0.9809729	-4.3464536e-17	-2.7340337e+09	300
1.9500000000000036e-11	0.19403772	-0.000121467165	0.9809728	-4.3464543e-17	-2.8994944e+09	300
1.9600000000000034e-11	0.19403839	-0.00012433052	0.98097265	-4.346454e-17	-2.8994944e+09	300
1.9700000000000033e-11	0.1940391	-0.00012726184	0.98097247	-4.346454e-17	-2.8994944e+09	300
1.980000000000003e-11	0.19403979	-0.00013026291	0.9809724	-4.3464536e-17	-3.0749673e+09	300
1.990000000000003e-11	0.19404049	-0.00013333556	0.98097235	-4.346455e-17	-3.0749673e+09	300
2.0000000000000028e-11	0.19404125	-0.0001364815	0.98097205	-4.3464536e-17	-3.261058e+09	300
2.0100000000000026e-11	0.194042	-0.00013970229	0.98097193	-4.346455e-17	-3.261058e+09	300
2.0200000000000025e-11	0.19404279	-0.00014299972	0.9809719	-4.3464543e-17	-3.261058e+09	300
2.0300000000000023e-11	0.1940436	-0.00014637559	0.9809716	-4.346453e-17	-3.4584082e+09	300
2.040000000000002e-11	0.19404441	-0.00014983161	0.98097146	-4.346455e-17	-3.4584082e+09	300
2.050000000000002e-11	0.19404528	-0.00015336966	0.9809714	-4.3464543e-17	-3.6676997e+09	300
2.0600000000000018e-11	0.19404615	-0.00015699156	0.98097116	-4.346454e-17	-3.6676997e+09	300
2.0700000000000016e-11	0.19404706	-0.00016069923	0.980971	-4.3464543e-17	-3.6676997e+09	300
2.0800000000000015e-11	0.194048	-0.00016449459	0.98097086	-4.3464556e-17	-3.889654e+09	300
2.0900000000000013e-11	0.19404896	-0.00016837986	0.98097056	-4.3464546e-17	-3.889654e+09	300
2.100000000000001e-11	0.19404994	-0.00017235696	0.98097044	-4.3464543e-17	-4.1250376e+09	300
2.110000000000001e-11	0.19405095	-0.0001764281	0.98097026	-4.346454e-17	-4.1250376e+09	300
2.1200000000000008e-11	0.194052	-0.00018059541	0.98097	-4.346454e-17	-4.1250376e+09	300
2.1300000000000007e-11	0.19405307	-0.00018486122	0.9809698	-4.346455e-17	-4.374662e+09	300
2.1400000000000005e-11	0.19405416	-0.00018922775	0.98096955	-4.3464543e-17	-4.374662e+09	300
2.1500000000000003e-11	0.19405526	-0.00019369753	0.9809693	-4.3464546e-17	-4.639389e+09	300
2.1600000000000002e-11	0.19405635	-0.00019827328	0.98096913	-4.346454e-17	-4.639389e+09	300
2.175e-11	0.1940581	-0.00020534117	0.9809688	-4.3464536e-17	-4.920132e+09	300
2.1849999999999998e-11	0.19405931	-0.00021019297	0.9809686	-4.3464543e-17	-4.920132e+09	300
2.1949999999999996e-11	0.19406053	-0.00021515967	0.98096836	-4.3464536e-17	-4.920132e+09	300
2.2049999999999994e-11	0.19406177	-0.00022024396	0.9809681	-4.346454e-17	-5.2178586e+09	300
2.2149999999999993e-11	0.19406307	-0.00022544872	0.9809678	-4.346454e-17	-5.2178586e+09	300
2.224999999999999e-11	0.19406433	-0.00023077699	0.9809676	-4.3464543e-17	-5.5335967e+09	300
2.234999999999999e-11	0.19406566	-0.00023623194	0.9809672	-4.346454e-17	-5.5335967e+09	300
2.2449999999999988e-11	0.19406705	-0.00024181641	0.980967	-4.3464543e-17	-5.5335967e+09	300
2.2549999999999986e-11	0.19406846	-0.0002475333	0.98096675	-4.3464546e-17	-5.8684344e+09	300
2.2649999999999984e-11	0.19406986	-0.0002533858	0.98096645	-4.346453e-17	-5.8684344e+09	300
2.2749999999999983e-11	0.19407132	-0.00025937715	0.9809662	-4.3464536e-17	-6.2235274e+09	300
2.284999999999998e-11	0.19407281	-0.000265511	0.9809658	-4.346454e-17	-6.2235274e+09	300
2.294999999999998e-11	0.19407432	-0.00027179054	0.98096555	-4.346454e-17	-6.2235274e+09	300
2.3049999999999978e-11	0.19407587	-0.00027821932	0.98096526	-4.3464546e-17	-6.600099e+09	300
2.3149999999999976e-11	0.19407748	-0.0002848007	0.98096496	-4.3464533e-17	-6.600099e+09	300
2.3249999999999975e-11	0.1940791	-0.0002915385	0.9809646	-4.3464543e-17	-6.9994486e+09	300
2.3349999999999973e-11	0.19408077	-0.00029843656	0.9809643	-4.3464543e-17	-6.9994486e+09	300
2.344999999999997e-11	0.19408248	-0.00030549857	0.9809639	-4.3464526e-17	-6.9994486e+09	300
2.354999999999997e-11	0.19408423	-0.0003127284	0.9809636	-4.3464543e-17	-7.422952e+09	300
2.3649999999999968e-11	0.19408606	-0.00032012985	0.98096323	-4.3464533e-17	-7.422952e+09	300
2.3749999999999966e-11	0.19408792	-0.00032770657	0.9809629	-4.3464546e-17	-7.8720696e+09	300
2.3849999999999965e-11	0.19408983	-0.0003354631	0.98096246	-4.3464533e-17	-7.8720696e+09	300
2.3949999999999963e-11	0.1940918	-0.00034340346	0.9809621	-4.346454e-17	-7.8720696e+09	300
2.404999999999996e-11	0.1940938	-0.00035153198	0.98096174	-4.346454e-17	-8.3483494e+09	300
2.414999999999996e-11	0.19409584	-0.00035985323	0.9809613	-4.3464546e-17	-8.3483494e+09	300
2.4249999999999958e-11	0.19409794	-0.00036837198	0.98096085	-4.3464543e-17	-8.853432e+09	300
2.4349999999999957e-11	0.19410007	-0.0003770928	0.9809604	-4.3464546e-17	-8.853432e+09	300
2.4449999999999955e-11	0.19410229	-0.00038602052	0.98095995	-4.3464543e-17	-8.853432e+09	300
2.4549999999999953e-11	0.1941045	-0.00039516017	0.98095953	-4.346455e-17	-9.389059e+09	300
2.4649999999999952e-11	0.19410679	-0.00040451693	0.980959	-4.3464533e-17	-9.389059e+09	300
2.474999999999995e-11	0.19410913	-0.00041409585	0.9809585	-4.3464533e-17	-9.957075e+09	300
2.484999999999995e-11	0.19411151	-0.00042390224	0.98095804	-4.346453e-17	-9.957075e+09	300
2.4949999999999947e-11	0.19411395	-0.0004339418	0.98095757	-4.346453e-17	-9.957075e+09	300
2.5049999999999945e-11	0.19411646	-0.0004442198	0.9809571	-4.3464533e-17	-1.0559436e+10	300
2.5149999999999944e-11	0.194119	-0.000454742	0.9809566	-4.346453e-17	-1.0559436e+10	300
2.5249999999999942e-11	0.1941216	-0.00046551446	0.98095614	-4.3464526e-17	-1.1198217e+10	300
2.534999999999994e-11	0.19412431	-0.00047654292	0.9809556	-4.3464533e-17	-1.1198217e+10	300
2.544999999999994e-11	0.1941271	-0.00048783323	0.9809551	-4.3464526e-17	-1.1198217e+10	300
2.5549999999999937e-11	0.19412994	-0.00049939135	0.98095447	-4.346453e-17	-1.1875618e+10	300
2.5649999999999935e-11	0.19413286	-0.0005112237	0.980954	-4.346452e-17	-1.1875618e+10	300
2.5749999999999934e-11	0.19413583	-0.00052333676	0.9809533	-4.3464536e-17	-1.2593969e+10	300
2.5849999999999932e-11	0.19413887	-0.0005357372	0.98095274	-4.3464536e-17	-1.2593969e+10	300
2.594999999999993e-11	0.19414198	-0.0005484321	0.9809521	-4.3464536e-17	-1.2593969e+10	300
2.604999999999993e-11	0.19414516	-0.0005614283	0.9809514	-4.3464523e-17	-1.3355744e+10	300
2.6149999999999927e-11	0.19414839	-0.00057473336	0.9809508	-4.3464543e-17	-1.3355744e+10	300
2.6249999999999926e-11	0.19415171	-0.0005883543	0.9809502	-4.3464536e-17	-1.4163566e+10	300
2.6349999999999924e-11	0.1941551	-0.00060229906	0.9809494	-4.346452e-17	-1.4163566e+10	300
2.6449999999999922e-11	0.19415858	-0.000616575	0.9809488	-4.3464533e-17	-1.4163566e+10	300
2.654999999999992e-11	0.19416213	-0.00063119025	0.980948	-4.3464533e-17	-1.502021e+10	300
2.664999999999992e-11	0.19416577	-0.000646153	0.9809474	-4.346453e-17	-1.502021e+10	300
2.6749999999999917e-11	0.19416949	-0.0006614714	0.98094654	-4.346453e-17	-1.5928625e+10	300
2.6849999999999916e-11	0.19417326	-0.00067715405	0.9809459	-4.346453e-17	-1.5928625e+10	300
2.6949999999999914e-11	0.19417715	-0.00069320964	0.980945	-4.346451e-17	-1.5928625e+10	300
2.7049999999999912e-11	0.19418111	-0.000709647	0.98094416	-4.346451e-17	-1.6891935e+10	300
2.714999999999991e-11	0.19418517	-0.0007264754	0.98094344	-4.3464526e-17	-1.6891935e+10	300
2.724999999999991e-11	0.19418934	-0.00074370403	0.9809426	-4.3464516e-17	-1.7913448e+10	300
2.7349999999999907e-11	0.19419356	-0.0007613425	0.9809417	-4.346451e-17	-1.7913448e+10	300
2.7449999999999906e-11	0.19419792	-0.0007794006	0.9809408	-4.346451e-17	-1.7913448e+10	300
2.7549999999999904e-11	0.19420241	-0.0007978881	0.9809399	-4.3464513e-17	-1.899668e+10	300
2.7649999999999903e-11	0.194207	-0.000816815	0.980939	-4.3464513e-17	-1.899668e+10	300
2.77499999999999e-11	0.19421169	-0.0008361918	0.980938	-4.3464513e-17	-2.0145347e+10	300
2.78499999999999e-11	0.1942165	-0.00085602887	0.98093706	-4.3464496e-17	-2.0145347e+10	300
2.7949999999999898e-11	0.1942214	-0.00087633735	0.98093617	-4.3464506e-17	-2.0145347e+10	300
2.8049999999999896e-11	0.19422643	-0.0008971284	0.980935	-4.3464503e-17	-2.1363397e+10	300
2.8149999999999894e-11	0.1942316	-0.00091841375	0.980934	-4.3464506e-17	-2.1363397e+10	300
2.8249999999999893e-11	0.19423687	-0.00094020506	0.980933	-4.346451e-17	-2.265501e+10	300
2.834999999999989e-11	0.19424228	-0.0009625141	0.980932	-4.3464496e-17	-2.265501e+10	300
2.844999999999989e-11	0.19424783	-0.000985353	0.98093086	-4.346449e-17	-2.265501e+10	300
2.8549999999999888e-11	0.1942535	-0.0010087343	0.9809297	-4.3464493e-17	-2.402462e+10	300
2.8649999999999886e-11	0.19425932	-0.0010326711	0.9809284	-4.3464493e-17	-2.402462e+10	300
2.8749999999999885e-11	0.19426525	-0.0010571765	0.9809273	-4.34645e-17	-2.5476921e+10	300
2.8849999999999883e-11	0.1942713	-0.0010822641	0.9809261	-4.3464473e-17	-2.5476921e+10	300
2.894999999999988e-11	0.19427755	-0.0011079476	0.9809248	-4.346449e-17	-2.5476921e+10	300
2.904999999999988e-11	0.19428395	-0.001134241	0.98092353	-4.346448e-17	-2.7016899e+10	300
2.914999999999988e-11	0.1942905	-0.0011611586	0.9809222	-4.3464493e-17	-2.7016899e+10	300
2.9249999999999886e-11	0.19429716	-0.0011887152	0.9809208	-4.3464493e-17	-2.831554e+10	300
2.934999999999989e-11	0.194304	-0.0012169264	0.9809195	-4.346447e-17	-2.831554e+10	300
2.9449999999999896e-11	0.194311	-0.0012458074	0.98091805	-4.3464477e-17	-2.9676513e+10	300
2.95499999999999e-11	0.19431816	-0.0012753744	0.9809166	-4.346446e-17	-2.9676513e+10	300
2.9649999999999905e-11	0.19432548	-0.0013056437	0.980915	-4.3464463e-17	-3.1102798e+10	300
2.974999999999991e-11	0.19433296	-0.0013366321	0.98091364	-4.3464463e-17	-3.1102798e+10	300
2.9849999999999915e-11	0.1943406	-0.0013683568	0.98091197	-4.3464463e-17	-3.259752e+10	300
2.994999999999992e-11	0.19434842	-0.0014008349	0.98091036	-4.3464457e-17	-3.259752e+10	300
3.0049999999999925e-11	0.19435649	-0.001434085	0.9809089	-4.3464447e-17	-3.416395e+10	300
3.014999999999993e-11	0.1943647	-0.0014681246	0.9809071	-4.3464447e-17	-3.416395e+10	300
3.0249999999999934e-11	0.19437312	-0.0015029727	0.9809053	-4.346445e-17	-3.580552e+10	300
3.034999999999994e-11	0.19438174	-0.001538648	0.9809036	-4.3464444e-17	-3.580552e+10	300
3.0449999999999944e-11	0.1943906	-0.0015751706	0.9809018	-4.3464437e-17	-3.7525815e+10	300
3.054999999999995e-11	0.19439963	-0.0016125599	0.98089993	-4.3464424e-17	-3.7525815e+10	300
3.0649999999999954e-11	0.19440891	-0.0016508368	0.98089796	-4.3464417e-17	-3.9328604e+10	300
3.074999999999996e-11	0.19441839	-0.0016900222	0.98089606	-4.3464404e-17	-3.9328604e+10	300
3.0849999999999963e-11	0.19442813	-0.0017301377	0.9808941	-4.3464417e-17	-4.121782e+10	300
3.094999999999997e-11	0.19443807	-0.001771205	0.98089206	-4.34644e-17	-4.121782e+10	300
3.104999999999997e-11	0.19444825	-0.0018132468	0.9808899	-4.3464387e-17	-4.3197587e+10	300
3.114999999999998e-11	0.19445865	-0.0018562861	0.9808878	-4.34644e-17	-4.3197587e+10	300
3.124999999999998e-11	0.19446933	-0.0019003466	0.9808856	-4.3464387e-17	-4.5272236e+10	300
3.134999999999999e-11	0.19448021	-0.0019454528	0.9808834	-4.3464374e-17	-4.5272236e+10	300
3.144999999999999e-11	0.19449134	-0.0019916296	0.9808811	-4.3464357e-17	-4.7446282e+10	300
3.155e-11	0.19450277	-0.0020389024	0.9808787	-4.3464367e-17	-4.7446282e+10	300
3.165e-11	0.19451447	-0.0020872965	0.9808763	-4.3464348e-17	-4.9724473e+10	300
3.1700000000000004e-11	0.19452041	-0.0021119225	0.980875	-4.3464338e-17	-4.9724473e+10	300
3.180000000000001e-11	0.19453256	-0.002162049	0.98087263	-4.3464338e-17	-5.211176e+10	300
3.1900000000000014e-11	0.19454494	-0.0022133647	0.98087	-4.3464328e-17	-5.211176e+10	300
3.200000000000002e-11	0.19455767	-0.002265897	0.98086727	-4.346432e-17	-5.4613357e+10	300
3.2100000000000024e-11	0.19457069	-0.0023196756	0.98086464	-4.3464308e-17	-5.4613357e+10	300
3.220000000000003e-11	0.19458401	-0.0023747291	0.98086184	-4.3464298e-17	-5.723469e+10	300
3.230000000000003e-11	0.19459765	-0.002431088	0.980859	-4.3464285e-17	-5.723469e+10	300
3.240000000000004e-11	0.1946116	-0.002488783	0.9808561	-4.346426e-17	-5.9981464e+10	300
3.250000000000004e-11	0.19462585	-0.0025478457	0.9808532	-4.3464245e-17	-5.9981464e+10	300
3.260000000000005e-11	0.19464046	-0.0026083088	0.98085004	-4.346424e-17	-6.285964e+10	300
3.270000000000005e-11	0.19465543	-0.0026702054	0.98084694	-4.3464232e-17	-6.285964e+10	300
3.280000000000006e-11	0.19467075	-0.0027335691	0.98084366	-4.3464215e-17	-6.587547e+10	300
3.290000000000006e-11	0.19468646	-0.0027984348	0.9808404	-4.3464195e-17	-6.587547e+10	300
3.300000000000007e-11	0.1947025	-0.0028648372	0.98083705	-4.3464172e-17	-6.903548e+10	300
3.310000000000007e-11	0.19471897	-0.0029328135	0.98083365	-4.3464152e-17	-6.903548e+10	300
3.3200000000000077e-11	0.19473581	-0.0030023998	0.9808301	-4.3464142e-17	-7.234653e+10	300
3.330000000000008e-11	0.194753	-0.003073634	0.9808264	-4.3464116e-17	-7.234653e+10	300
3.3400000000000086e-11	0.19477062	-0.003146556	0.9808226	-4.3464103e-17	-7.581578e+10	300
3.350000000000009e-11	0.19478866	-0.0032212054	0.9808188	-4.346408e-17	-7.581578e+10	300
3.3600000000000096e-11	0.19480714	-0.0032976228	0.9808149	-4.3464063e-17	-7.945072e+10	300
3.37000000000001e-11	0.19482608	-0.0033758497	0.9808109	-4.346404e-17	-7.945072e+10	300
3.3800000000000106e-11	0.19484545	-0.0034559295	0.9808067	-4.3464007e-17	-8.32592e+10	300
3.390000000000011e-11	0.19486529	-0.0035379047	0.98080254	-4.346399e-17	-8.32592e+10	300
3.4000000000000115e-11	0.19488558	-0.0036218194	0.9807981	-4.3463957e-17	-8.724945e+10	300
3.410000000000012e-11	0.19490632	-0.0037077211	0.9807937	-4.3463927e-17	-8.724945e+10	300
3.4200000000000125e-11	0.19492757	-0.003795656	0.9807893	-4.3463898e-17	-9.143004e+10	300
3.430000000000013e-11	0.19494936	-0.0038856717	0.9807846	-4.3463864e-17	-9.143004e+10	300
3.4400000000000135e-11	0.19497167	-0.0039778166	0.98077977	-4.3463838e-17	-9.580999e+10	300
3.450000000000014e-11	0.19499448	-0.0040721423	0.9807749	-4.3463798e-17	-9.580999e+10	300
3.4600000000000144e-11	0.19501781	-0.004168698	0.98076975	-4.3463772e-17	-1.0039869e+11	300
3.470000000000015e-11	0.1950417	-0.004267538	0.9807647	-4.3463726e-17	-1.0039869e+11	300
3.4800000000000154e-11	0.19506618	-0.004368715	0.98075926	-4.346368e-17	-1.0520599e+11	300
3.490000000000016e-11	0.19509123	-0.004472284	0.9807539	-4.346365e-17	-1.0520599e+11	300
3.5000000000000163e-11	0.19511688	-0.0045783026	0.9807482	-4.3463616e-17	-1.1024219e+11	300
3.510000000000017e-11	0.19514313	-0.0046868254	0.9807425	-4.3463563e-17	-1.1024219e+11	300
3.520000000000017e-11	0.19517002	-0.0047979136	0.9807367	-4.346352e-17	-1.1551807e+11	300
3.530000000000018e-11	0.19519751	-0.004911626	0.98073065	-4.3463464e-17	-1.1551807e+11	300
3.540000000000018e-11	0.19522566	-0.0050280257	0.9807244	-4.3463415e-17	-1.2104489e+11	300
3.550000000000019e-11	0.1952545	-0.0051471745	0.980718	-4.346336e-17	-1.2104489e+11	300
3.560000000000019e-11	0.19528398	-0.005269137	0.9807116	-4.3463302e-17	-1.2683444e+11	300
3.57000000000002e-11	0.1953142	-0.005393979	0.9807049	-4.3463246e-17	-1.2683444e+11	300
3.58000000000002e-11	0.19534512	-0.0055217687	0.9806981	-4.3463176e-17	-1.3289904e+11	300
3.590000000000021e-11	0.19537677	-0.005652575	0.98069096	-4.3463107e-17	-1.3289904e+11	300
3.600000000000021e-11	0.19540916	-0.0057864673	0.98068374	-4.3463034e-17	-1.3925158e+11	300
3.6100000000000217e-11	0.19544233	-0.0059235194	0.98067635	-4.3462965e-17	-1.3925158e+11	300
3.620000000000022e-11	0.19547628	-0.0060638036	0.98066866	-4.3462898e-17	-1.4590552e+11	300
3.6300000000000226e-11	0.19551101	-0.0062073977	0.98066086	-4.346283e-17	-1.4590552e+11	300
3.640000000000023e-11	0.19554658	-0.006354377	0.98065287	-4.346274e-17	-1.5287493e+11	300
3.6500000000000236e-11	0.19558302	-0.006504821	0.98064464	-4.3462657e-17	-1.5287493e+11	300
3.660000000000024e-11	0.19562027	-0.0066588116	0.9806361	-4.3462558e-17	-1.6017454e+11	300
3.6700000000000245e-11	0.19565842	-0.00681643	0.9806275	-4.3462465e-17	-1.6017454e+11	300
3.680000000000025e-11	0.19569747	-0.0069777626	0.98061854	-4.3462356e-17	-1.6781974e+11	300
3.6900000000000255e-11	0.19573744	-0.007142895	0.98060936	-4.3462256e-17	-1.6781974e+11	300
3.700000000000026e-11	0.19577834	-0.0073119164	0.98059994	-4.346216e-17	-1.7582658e+11	300
3.7100000000000265e-11	0.19582024	-0.007484916	0.9805902	-4.3462038e-17	-1.7582658e+11	300
3.720000000000027e-11	0.19586311	-0.007661988	0.9805805	-4.3461916e-17	-1.8421187e+11	300
3.7300000000000274e-11	0.19590697	-0.007843226	0.98057014	-4.346179e-17	-1.8421187e+11	300
3.740000000000028e-11	0.19595191	-0.008028729	0.9805597	-4.346165e-17	-1.9299312e+11	300
3.7500000000000284e-11	0.1959979	-0.008218592	0.980549	-4.3461522e-17	-1.9299312e+11	300
3.760000000000029e-11	0.19604494	-0.008412921	0.9805379	-4.3461376e-17	-2.0218864e+11	300
3.7700000000000294e-11	0.19609311	-0.008611816	0.9805266	-4.346123e-17	-2.0218864e+11	300
3.78000000000003e-11	0.19614242	-0.008815386	0.9805149	-4.346106e-17	-2.1181758e+11	300
3.7900000000000303e-11	0.19619289	-0.009023738	0.98050284	-4.3460906e-17	-2.1181758e+11	300
3.800000000000031e-11	0.19624454	-0.009236981	0.98049057	-4.3460718e-17	-2.2189987e+11	300
3.810000000000031e-11	0.19629742	-0.009455232	0.980478	-4.3460546e-17	-2.2189987e+11	300
3.820000000000032e-11	0.19635154	-0.009678604	0.98046494	-4.346035e-17	-2.3245639e+11	300
3.830000000000032e-11	0.19640693	-0.009907217	0.9804516	-4.3460152e-17	-2.3245639e+11	300
3.840000000000033e-11	0.19646363	-0.010141191	0.9804378	-4.345995e-17	-2.4350884e+11	300
3.850000000000033e-11	0.19652165	-0.010380652	0.9804237	-4.345973e-17	-2.4350884e+11	300
3.860000000000034e-11	0.19658105	-0.010625724	0.98040926	-4.3459494e-17	-2.5507994e+11	300
3.870000000000034e-11	0.19664183	-0.010876538	0.98039436	-4.3459252e-17	-2.5507994e+11	300
3.880000000000035e-11	0.19670406	-0.011133224	0.9803789	-4.3458994e-17	-2.6719334e+11	300
3.890000000000035e-11	0.19676773	-0.011395922	0.9803632	-4.345873e-17	-2.6719334e+11	300
3.9000000000000356e-11	0.19683294	-0.011664767	0.9803469	-4.3458455e-17	-2.798737e+11	300
3.910000000000036e-11	0.19689964	-0.011939898	0.98033017	-4.3458167e-17	-2.798737e+11	300
3.9200000000000366e-11	0.1969679	-0.012221466	0.98031306	-4.3457856e-17	-2.9314682e+11	300
3.930000000000037e-11	0.19703782	-0.012509615	0.98029536	-4.3457535e-17	-2.9314682e+11	300
3.9400000000000376e-11	0.19710931	-0.012804493	0.9802771	-4.3457204e-17	-3.0703947e+11	300
3.950000000000038e-11	0.1971825	-0.01310626	0.98025846	-4.345686e-17	-3.0703947e+11	300
3.9600000000000385e-11	0.19725741	-0.013415071	0.9802393	-4.345649e-17	-3.2157955e+11	300
3.970000000000039e-11	0.1973341	-0.013731087	0.9802194	-4.3456112e-17	-3.2157955e+11	300
3.9800000000000395e-11	0.19741255	-0.0140544735	0.98019904	-4.345571e-17	-3.3679625e+11	300
3.99000000000004e-11	0.19749287	-0.014385395	0.9801781	-4.345529e-17	-3.3679625e+11	300
4.0000000000000405e-11	0.19757506	-0.014724029	0.9801566	-4.3454838e-17	-3.5271986e+11	300
4.010000000000041e-11	0.19765918	-0.015070548	0.98013437	-4.3454382e-17	-3.5271986e+11	300
4.0200000000000414e-11	0.19774526	-0.015425134	0.9801114	-4.3453902e-17	-3.693819e+11	300
4.030000000000042e-11	0.19783336	-0.015787967	0.9800878	-4.345339e-17	-3.693819e+11	300
4.0400000000000424e-11	0.1979235	-0.016159233	0.9800637	-4.3452863e-17	-3.8681526e+11	300
4.050000000000043e-11	0.19801575	-0.016539128	0.9800387	-4.3452307e-17	-3.8681526e+11	300
4.0600000000000434e-11	0.19811015	-0.016927846	0.980013	-4.345174e-17	-4.050541e+11	300
4.070000000000044e-11	0.1982068	-0.017325584	0.97998655	-4.3451106e-17	-4.050541e+11	300
4.0800000000000443e-11	0.19830567	-0.017732551	0.97995925	-4.345047e-17	-4.2413392e+11	300
4.090000000000045e-11	0.19840685	-0.018148951	0.9799312	-4.3449806e-17	-4.2413392e+11	300
4.100000000000045e-11	0.19851041	-0.018574998	0.97990215	-4.344911e-17	-4.4409166e+11	300
4.110000000000046e-11	0.19861636	-0.019010907	0.9798724	-4.344837e-17	-4.4409166e+11	300
4.120000000000046e-11	0.19872478	-0.019456904	0.97984165	-4.3447612e-17	-4.649657e+11	300
4.130000000000047e-11	0.19883572	-0.019913211	0.97981006	-4.3446798e-17	-4.649657e+11	300
4.140000000000047e-11	0.19894923	-0.020380063	0.97977734	-4.3445958e-17	-4.8679587e+11	300
4.150000000000048e-11	0.19906542	-0.020857694	0.9797438	-4.3445084e-17	-4.8679587e+11	300
4.160000000000048e-11	0.19918428	-0.021346342	0.9797091	-4.3444145e-17	-5.0962357e+11	300
4.1700000000000487e-11	0.1993059	-0.021846257	0.9796733	-4.3443188e-17	-5.0962357e+11	300
4.180000000000049e-11	0.19943038	-0.02235769	0.97963655	-4.3442176e-17	-5.3349165e+11	300
4.1900000000000496e-11	0.19955772	-0.022880891	0.9795985	-4.3441117e-17	-5.3349165e+11	300
4.20000000000005e-11	0.19968799	-0.02341613	0.9795593	-4.3440022e-17	-5.584447e+11	300
4.2100000000000506e-11	0.19982132	-0.023963667	0.9795189	-4.3438847e-17	-5.584447e+11	300
4.220000000000051e-11	0.19995774	-0.02452378	0.97947717	-4.343763e-17	-5.8452876e+11	300
4.2300000000000516e-11	0.20009728	-0.02509674	0.97943425	-4.3436372e-17	-5.8452876e+11	300
4.240000000000052e-11	0.20024006	-0.025682831	0.9793899	-4.3435032e-17	-6.1179167e+11	300
4.2500000000000525e-11	0.20038612	-0.026282344	0.97934407	-4.3433636e-17	-6.1179167e+11	300
4.260000000000053e-11	0.20053558	-0.026895577	0.979297	-4.3432174e-17	-6.4028285e+11	300
4.2700000000000535e-11	0.2006885	-0.027522823	0.97924817	-4.3430655e-17	-6.4028285e+11	300
4.280000000000054e-11	0.2008449	-0.028164396	0.97919774	-4.3429057e-17	-6.7005343e+11	300
4.2900000000000545e-11	0.20100495	-0.0288206	0.979146	-4.3427373e-17	-6.7005343e+11	300
4.300000000000055e-11	0.20116867	-0.029491762	0.9790924	-4.3425632e-17	-7.011563e+11	300
4.3100000000000554e-11	0.20133616	-0.030178197	0.97903705	-4.342379e-17	-7.011563e+11	300
4.320000000000056e-11	0.2015075	-0.030880244	0.97897995	-4.3421883e-17	-7.33646e+11	300
4.3300000000000564e-11	0.20168275	-0.031598236	0.97892094	-4.3419865e-17	-7.33646e+11	300
4.340000000000057e-11	0.20186204	-0.032332517	0.97886	-4.3417767e-17	-7.6757906e+11	300
4.3500000000000574e-11	0.20204541	-0.033083435	0.9787971	-4.341556e-17	-7.6757906e+11	300
4.360000000000058e-11	0.20223303	-0.03385135	0.9787321	-4.3413268e-17	-8.030134e+11	300
4.370000000000058e-11	0.20242487	-0.034636628	0.9786651	-4.3410862e-17	-8.030134e+11	300
4.380000000000059e-11	0.20262113	-0.035439633	0.9785958	-4.3408334e-17	-8.40009e+11	300
4.390000000000059e-11	0.20282188	-0.03626074	0.9785241	-4.3405704e-17	-8.40009e+11	300
4.40000000000006e-11	0.20302719	-0.037100337	0.97845006	-4.3402944e-17	-8.786274e+11	300
4.41000000000006e-11	0.20323719	-0.037958812	0.9783736	-4.340007e-17	-8.786274e+11	300
4.420000000000061e-11	0.20345196	-0.03883656	0.97829443	-4.339705e-17	-9.1893196e+11	300
4.430000000000061e-11	0.20367159	-0.039734002	0.9782127	-4.339388e-17	-9.1893196e+11	300
4.440000000000062e-11	0.20389622	-0.040651526	0.97812825	-4.3390583e-17	-9.6098786e+11	300
4.450000000000062e-11	0.20412594	-0.041589566	0.97804093	-4.3387142e-17	-9.6098786e+11	300
4.4600000000000627e-11	0.20436086	-0.04254854	0.9779507	-4.3383522e-17	-1.00486165e+12	300
4.470000000000063e-11	0.20460111	-0.043528885	0.97785735	-4.3379744e-17	-1.00486165e+12	300
4.4800000000000636e-11	0.20484677	-0.044531036	0.97776085	-4.337579e-17	-1.05062184e+12	300
4.490000000000064e-11	0.20509793	-0.04555545	0.97766095	-4.337166e-17	-1.05062184e+12	300
4.5000000000000646e-11	0.20535477	-0.04660258	0.9775578	-4.3367342e-17	-1.0983384e+12	300
4.510000000000065e-11	0.20561737	-0.047672875	0.97745097	-4.3362813e-17	-1.0983384e+12	300
4.5200000000000656e-11	0.20588586	-0.04876682	0.97734046	-4.3358085e-17	-1.1480827e+12	300
4.530000000000066e-11	0.20616038	-0.04988489	0.9772262	-4.3353155e-17	-1.1480827e+12	300
4.5400000000000665e-11	0.20644102	-0.051027562	0.97710794	-4.3347986e-17	-1.1999276e+12	300
4.550000000000067e-11	0.20672794	-0.05219533	0.97698563	-4.334259e-17	-1.1999276e+12	300
4.5600000000000675e-11	0.20702125	-0.053388696	0.97685915	-4.333695e-17	-1.2539475e+12	300
4.570000000000068e-11	0.20732108	-0.054608166	0.9767281	-4.3331052e-17	-1.2539475e+12	300
4.5800000000000685e-11	0.20762761	-0.055854253	0.97659254	-4.3324885e-17	-1.3102176e+12	300
4.590000000000069e-11	0.20794088	-0.05712748	0.97645223	-4.3318453e-17	-1.3102176e+12	300
4.6000000000000694e-11	0.20826112	-0.058428373	0.97630703	-4.3311706e-17	-1.3688146e+12	300
4.61000000000007e-11	0.20858838	-0.05975747	0.97615683	-4.3304675e-17	-1.3688146e+12	300
4.6200000000000704e-11	0.2089229	-0.061115317	0.97600114	-4.3297317e-17	-1.429816e+12	300
4.630000000000071e-11	0.20926476	-0.06250245	0.9758401	-4.3289637e-17	-1.429816e+12	300
4.6400000000000713e-11	0.2096141	-0.06391944	0.9756733	-4.3281613e-17	-1.4932999e+12	300
4.650000000000072e-11	0.20997111	-0.06536685	0.9755007	-4.327323e-17	-1.4932999e+12	300
4.660000000000072e-11	0.21033591	-0.066845246	0.9753219	-4.326447e-17	-1.559345e+12	300
4.670000000000073e-11	0.21070866	-0.06835519	0.9751369	-4.3255322e-17	-1.559345e+12	300
4.680000000000073e-11	0.21108952	-0.0698973	0.9749451	-4.3245783e-17	-1.6280305e+12	300
4.690000000000074e-11	0.21147862	-0.07147213	0.9747466	-4.3235794e-17	-1.6280305e+12	300
4.700000000000074e-11	0.21187614	-0.0730803	0.974541	-4.3225382e-17	-1.6994356e+12	300
4.710000000000075e-11	0.21228224	-0.07472241	0.97432816	-4.3214513e-17	-1.6994356e+12	300
4.720000000000075e-11	0.21269707	-0.07639906	0.9741076	-4.320317e-17	-1.7736394e+12	300
4.730000000000076e-11	0.21312079	-0.07811086	0.9738793	-4.3191312e-17	-1.7736394e+12	300
4.740000000000076e-11	0.21355355	-0.07985844	0.9736427	-4.3178934e-17	-1.8507204e+12	300
4.7500000000000767e-11	0.21399555	-0.08164241	0.97339773	-4.316602e-17	-1.8507204e+12	300
4.760000000000077e-11	0.21444695	-0.0834634	0.9731439	-4.3152537e-17	-1.9307562e+12	300
4.7700000000000776e-11	0.21490788	-0.08532205	0.9728811	-4.313848e-17	-1.9307562e+12	300
4.780000000000078e-11	0.21537857	-0.08721901	0.97260875	-4.312381e-17	-2.0138235e+12	300
4.7900000000000786e-11	0.21585914	-0.089154884	0.97232664	-4.31085e-17	-2.0138235e+12	300
4.800000000000079e-11	0.21634981	-0.091130346	0.97203434	-4.3092536e-17	-2.099997e+12	300
4.8100000000000795e-11	0.2168507	-0.09314604	0.97173166	-4.3075884e-17	-2.099997e+12	300
4.82000000000008e-11	0.21736203	-0.0952026	0.971418	-4.3058523e-17	-2.1893499e+12	300
4.8300000000000805e-11	0.21788391	-0.09730068	0.9710932	-4.304041e-17	-2.1893499e+12	300
4.840000000000081e-11	0.21841662	-0.09944094	0.97075677	-4.302153e-17	-2.2819522e+12	300
4.8500000000000815e-11	0.21896026	-0.10162403	0.9704081	-4.300185e-17	-2.2819522e+12	300
4.860000000000082e-11	0.21951503	-0.10385061	0.9700469	-4.2981337e-17	-2.3778718e+12	300
4.8700000000000824e-11	0.22008109	-0.10612133	0.969673	-4.295996e-17	-2.3778718e+12	300
4.880000000000083e-11	0.2206586	-0.108436845	0.96928537	-4.2937675e-17	-2.477172e+12	300
4.8900000000000834e-11	0.2212478	-0.110797785	0.9688839	-4.2914468e-17	-2.477172e+12	300
4.900000000000084e-11	0.22184885	-0.11320483	0.9684682	-4.289028e-17	-2.5799125e+12	300
4.9100000000000844e-11	0.22246186	-0.11565863	0.9680375	-4.2865115e-17	-2.5799125e+12	300
4.920000000000085e-11	0.2230871	-0.1181598	0.9675914	-4.2838873e-17	-2.6861481e+12	300
4.9300000000000853e-11	0.22372468	-0.12070901	0.96712935	-4.281156e-17	-2.6861481e+12	300
4.940000000000086e-11	0.2243748	-0.12330687	0.96665096	-4.2783125e-17	-2.795928e+12	300
4.950000000000086e-11	0.22503763	-0.12595403	0.96615547	-4.2753515e-17	-2.795928e+12	300
4.960000000000087e-11	0.22571331	-0.1286511	0.9656423	-4.2722714e-17	-2.9092953e+12	300
4.970000000000087e-11	0.22640207	-0.13139868	0.96511096	-4.269066e-17	-2.9092953e+12	300
4.980000000000088e-11	0.22710407	-0.13419741	0.9645607	-4.26573e-17	-3.0262863e+12	300
4.990000000000088e-11	0.22781941	-0.13704786	0.9639909	-4.2622602e-17	-3.0262863e+12	300
5.000000000000089e-11	0.22854829	-0.13995063	0.96340114	-4.258651e-17	-3.1469291e+12	300
5.010000000000089e-11	0.2292909	-0.14290628	0.9627906	-4.254901e-17	-3.1469291e+12	300
5.02000000000009e-11	0.23004733	-0.14591537	0.96215844	-4.2510016e-17	-3.271243e+12	300
5.03000000000009e-11	0.23081776	-0.14897849	0.9615043	-4.2469464e-17	-3.271243e+12	300
5.0400000000000906e-11	0.23160239	-0.15209612	0.9608271	-4.2427344e-17	-3.3992388e+12	300
5.050000000000091e-11	0.2324013	-0.1552688	0.96012646	-4.2383553e-17	-3.3992388e+12	300
5.0600000000000916e-11	0.23321468	-0.158497	0.9594014	-4.2338105e-17	-3.530916e+12	300
5.070000000000092e-11	0.23404257	-0.16178124	0.95865124	-4.2290866e-17	-3.530916e+12	300
5.0800000000000926e-11	0.23488519	-0.16512194	0.95787525	-4.2241854e-17	-3.666263e+12	300
5.090000000000093e-11	0.23574264	-0.16851956	0.9570723	-4.2190953e-17	-3.666263e+12	300
5.1000000000000935e-11	0.23661503	-0.17197451	0.95624197	-4.2138142e-17	-3.8052558e+12	300
5.110000000000094e-11	0.23750244	-0.17548718	0.95538336	-4.2083333e-17	-3.8052558e+12	300
5.1200000000000945e-11	0.23840503	-0.17905793	0.95449543	-4.2026493e-17	-3.9478572e+12	300
5.130000000000095e-11	0.23932286	-0.18268704	0.9535775	-4.1967528e-17	-3.9478572e+12	300
5.1400000000000955e-11	0.24025598	-0.18637493	0.9526285	-4.190642e-17	-4.094016e+12	300
5.150000000000096e-11	0.24120453	-0.1901218	0.95164764	-4.1843054e-17	-4.094016e+12	300
5.1600000000000964e-11	0.24216853	-0.19392788	0.95063424	-4.1777395e-17	-4.2436655e+12	300
5.170000000000097e-11	0.24314806	-0.19779342	0.949587	-4.1709385e-17	-4.2436655e+12	300
5.1800000000000974e-11	0.24414316	-0.20171858	0.94850516	-4.163895e-17	-4.3967224e+12	300
5.190000000000098e-11	0.24515387	-0.2057035	0.9473877	-4.156601e-17	-4.3967224e+12	300
5.2000000000000984e-11	0.2461802	-0.20974827	0.94623387	-4.149053e-17	-4.553087e+12	300
5.210000000000099e-11	0.2472222	-0.21385291	0.94504243	-4.141241e-17	-4.553087e+12	300
5.2200000000000993e-11	0.24827984	-0.21801753	0.9438125	-4.133161e-17	-4.71264e+12	300
5.2300000000001e-11	0.24935313	-0.222242	0.9425431	-4.1248056e-17	-4.71264e+12	300
5.2400000000001e-11	0.25044197	-0.22652628	0.9412333	-4.116166e-17	-4.8752445e+12	300
5.250000000000101e-11	0.2515464	-0.23087028	0.93988204	-4.107238e-17	-4.8752445e+12	300
5.260000000000101e-11	0.25266638	-0.23527378	0.93848825	-4.0980136e-17	-5.040743e+12	300
5.270000000000102e-11	0.25380176	-0.23973662	0.9370511	-4.0884868e-17	-5.040743e+12	300
5.280000000000102e-11	0.25495252	-0.24425846	0.93556947	-4.0786516e-17	-5.2089565e+12	300
5.290000000000103e-11	0.2561186	-0.24883896	0.9340423	-4.0685014e-17	-5.2089565e+12	300
5.300000000000103e-11	0.25729975	-0.25347784	0.93246853	-4.058028e-17	-5.3796856e+12	300
5.3100000000001037e-11	0.25849596	-0.25817454	0.9308474	-4.0472276e-17	-5.3796856e+12	300
5.320000000000104e-11	0.259707	-0.2629287	0.9291775	-4.0360925e-17	-5.5527085e+12	300
5.3300000000001046e-11	0.26093274	-0.26773962	0.9274584	-4.0246162e-17	-5.5527085e+12	300
5.340000000000105e-11	0.262173	-0.2726068	0.92568856	-4.0127948e-17	-5.7277803e+12	300
5.3500000000001056e-11	0.26342756	-0.27752948	0.92386734	-4.00062e-17	-5.7277803e+12	300
5.360000000000106e-11	0.26469618	-0.28250697	0.9219936	-3.988089e-17	-5.9046326e+12	300
5.3700000000001066e-11	0.26597866	-0.28753847	0.9200667	-3.975195e-17	-5.9046326e+12	300
5.380000000000107e-11	0.2672747	-0.29262307	0.9180853	-3.961935e-17	-6.0829755e+12	300
5.3900000000001075e-11	0.26858407	-0.29775983	0.9160487	-3.9483015e-17	-6.0829755e+12	300
5.400000000000108e-11	0.26990643	-0.30294782	0.91395605	-3.9342894e-17	-6.262493e+12	300
5.4100000000001085e-11	0.2712415	-0.3081859	0.91180634	-3.9198977e-17	-6.262493e+12	300
5.420000000000109e-11	0.27258888	-0.313473	0.9095988	-3.9051207e-17	-6.442848e+12	300
5.4300000000001095e-11	0.27394825	-0.31880784	0.9073327	-3.8899548e-17	-6.442848e+12	300
5.44000000000011e-11	0.27531928	-0.32418922	0.90500736	-3.8743972e-17	-6.623679e+12	300
5.4500000000001104e-11	0.27670145	-0.32961577	0.90262175	-3.858446e-17	-6.623679e+12	300
5.460000000000111e-11	0.27809453	-0.3350861	0.9001752	-3.8420978e-17	-6.8046024e+12	300
5.4700000000001114e-11	0.27949792	-0.34059873	0.89766735	-3.8253494e-17	-6.8046024e+12	300
5.480000000000112e-11	0.2809112	-0.3461521	0.89509743	-3.8082022e-17	-6.9852133e+12	300
5.4900000000001124e-11	0.282334	-0.35174462	0.89246476	-3.790653e-17	-6.9852133e+12	300
5.500000000000113e-11	0.2837658	-0.35737473	0.889769	-3.772704e-17	-7.165085e+12	300
5.510000000000113e-11	0.285206	-0.36304045	0.8870095	-3.7543518e-17	-7.165085e+12	300
5.520000000000114e-11	0.28665417	-0.36874023	0.88418627	-3.7356e-17	-7.3437707e+12	300
5.530000000000114e-11	0.28810975	-0.37447208	0.88129836	-3.7164454e-17	-7.3437707e+12	300
5.540000000000115e-11	0.28957227	-0.3802341	0.8783459	-3.6968948e-17	-7.5208065e+12	300
5.550000000000115e-11	0.29104102	-0.38602436	0.8753284	-3.676948e-17	-7.5208065e+12	300
5.560000000000116e-11	0.29251552	-0.39184076	0.872246	-3.6566075e-17	-7.6957116e+12	300
5.570000000000116e-11	0.29399517	-0.3976813	0.86909837	-3.635876e-17	-7.6957116e+12	300
5.580000000000117e-11	0.29547942	-0.40354374	0.8658855	-3.6147598e-17	-7.86799e+12	300
5.590000000000117e-11	0.29696763	-0.409426	0.86260766	-3.5932633e-17	-7.86799e+12	300
5.6000000000001177e-11	0.2984591	-0.41532576	0.8592646	-3.5713903e-17	-8.0371337e+12	300
5.610000000000118e-11	0.2999534	-0.4212408	0.85585684	-3.5491465e-17	-8.0371337e+12	300
5.6200000000001186e-11	0.30144972	-0.42716882	0.85238457	-3.5265396e-17	-8.202625e+12	300
5.630000000000119e-11	0.30294755	-0.43310738	0.848848	-3.5035764e-17	-8.202625e+12	300
5.6400000000001196e-11	0.30444625	-0.4390542	0.8452475	-3.4802648e-17	-8.363939e+12	300
5.65000000000012e-11	0.30594516	-0.44500673	0.84158397	-3.456612e-17	-8.363939e+12	300
5.6600000000001206e-11	0.30744365	-0.45096266	0.8378576	-3.4326295e-17	-8.5205466e+12	300
5.670000000000121e-11	0.3089411	-0.4569195	0.8340693	-3.4083256e-17	-8.5205466e+12	300
5.6800000000001215e-11	0.3104369	-0.46287468	0.8302198	-3.383708e-17	-8.6719175e+12	300
5.690000000000122e-11	0.31193045	-0.46882576	0.8263098	-3.3587924e-17	-8.6719175e+12	300
5.7000000000001225e-11	0.31342113	-0.47477028	0.82234025	-3.333587e-17	-8.817524e+12	300
5.710000000000123e-11	0.31490833	-0.4807057	0.81831235	-3.308104e-17	-8.817524e+12	300
5.7200000000001235e-11	0.31639153	-0.48662943	0.81422687	-3.2823566e-17	-8.956843e+12	300
5.730000000000124e-11	0.31787008	-0.49253905	0.8100852	-3.2563563e-17	-8.956843e+12	300
5.7400000000001244e-11	0.31934345	-0.49843204	0.8058884	-3.2301188e-17	-9.089362e+12	300
5.750000000000125e-11	0.3208111	-0.50430584	0.8016381	-3.203657e-17	-9.089362e+12	300
5.7600000000001254e-11	0.32227257	-0.51015806	0.79733545	-3.1769833e-17	-9.214582e+12	300
5.770000000000126e-11	0.32372725	-0.515986	0.7929818	-3.1501162e-17	-9.214582e+12	300
5.7800000000001263e-11	0.32517478	-0.5217876	0.78857905	-3.1230667e-17	-9.33202e+12	300
5.790000000000127e-11	0.32661462	-0.52756023	0.78412855	-3.0958538e-17	-9.33202e+12	300
5.800000000000127e-11	0.32804644	-0.5333014	0.7796319	-3.068491e-17	-9.441214e+12	300
5.810000000000128e-11	0.3294697	-0.53900903	0.7750912	-3.0409952e-17	-9.441214e+12	300
5.820000000000128e-11	0.33088413	-0.5446808	0.7705078	-3.0133822e-17	-9.541725e+12	300
5.830000000000129e-11	0.33228937	-0.5503141	0.7658839	-2.985667e-17	-9.541725e+12	300
5.840000000000129e-11	0.33368504	-0.55590713	0.7612213	-2.9578695e-17	-9.633144e+12	300
5.85000000000013e-11	0.33507094	-0.56145746	0.7565219	-2.9300044e-17	-9.633144e+12	300
5.86000000000013e-11	0.3364468	-0.5669632	0.75178784	-2.902089e-17	-9.715091e+12	300
5.870000000000131e-11	0.33781236	-0.5724221	0.747021	-2.874138e-17	-9.715091e+12	300
5.880000000000131e-11	0.3391675	-0.5778322	0.74222374	-2.8461703e-17	-9.787223e+12	300
5.890000000000132e-11	0.34051204	-0.5831917	0.7373979	-2.8182024e-17	-9.787223e+12	300
5.900000000000132e-11	0.34184578	-0.5884987	0.7325458	-2.79025e-17	-9.849232e+12	300
5.910000000000133e-11	0.3431688	-0.59375143	0.72766954	-2.7623304e-17	-9.849232e+12	300
5.920000000000133e-11	0.34448093	-0.59894806	0.7227713	-2.7344609e-17	-9.900854e+12	300
5.930000000000134e-11	0.34578216	-0.604087	0.71785355	-2.7066547e-17	-9.900854e+12	300
5.940000000000134e-11	0.34707266	-0.6091666	0.7129183	-2.678932e-17	-9.941862e+12	300
5.950000000000135e-11	0.3483523	-0.6141856	0.70796764	-2.6513041e-17	-9.941862e+12	300
5.960000000000135e-11	0.34962136	-0.61914235	0.7030042	-2.6237896e-17	-9.972078e+12	300
5.970000000000136e-11	0.35087982	-0.62403554	0.69802994	-2.5964017e-17	-9.972078e+12	300
5.980000000000136e-11	0.35212797	-0.62886393	0.6930471	-2.569156e-17	-9.991371e+12	300
5.990000000000136e-11	0.3533659	-0.6336264	0.68805814	-2.5420675e-17	-9.991371e+12	300
6.000000000000137e-11	0.3545939	-0.63832164	0.68306506	-2.5151482e-17	-9.999655e+12	300
6.010000000000137e-11	0.35581225	-0.64294887	0.6780702	-2.4884137e-17	-9.999655e+12	300
6.020000000000138e-11	0.35702127	-0.64750695	0.67307556	-2.4618763e-17	-9.996893e+12	300
6.030000000000138e-11	0.3582212	-0.6519951	0.66808337	-2.4355478e-17	-9.996893e+12	300
6.040000000000139e-11	0.3594124	-0.6564125	0.6630958	-2.4094413e-17	-9.983097e+12	300
6.05000000000014e-11	0.36059538	-0.66075844	0.6581149	-2.383569e-17	-9.983097e+12	300
6.06000000000014e-11	0.36177036	-0.6650323	0.6531427	-2.3579405e-17	-9.958328e+12	300
6.07000000000014e-11	0.36293796	-0.6692334	0.64818126	-2.332567e-17	-9.958328e+12	300
6.080000000000141e-11	0.3640985	-0.6733615	0.64323246	-2.3074594e-17	-9.922697e+12	300
6.090000000000141e-11	0.36525255	-0.6774159	0.63829833	-2.282627e-17	-9.922697e+12	300
6.100000000000142e-11	0.3664006	-0.6813964	0.63338065	-2.258078e-17	-9.876357e+12	300
6.110000000000142e-11	0.3675432	-0.6853027	0.6284813	-2.2338213e-17	-9.876357e+12	300
6.120000000000143e-11	0.36868078	-0.68913466	0.62360203	-2.2098654e-17	-9.819511e+12	300
6.130000000000143e-11	0.36981398	-0.69289196	0.6187445	-2.1862175e-17	-9.819511e+12	300
6.140000000000144e-11	0.37094334	-0.69657475	0.6139105	-2.1628837e-17	-9.752405e+12	300
6.150000000000144e-11	0.37206948	-0.7001828	0.6091015	-2.1398704e-17	-9.752405e+12	300
6.160000000000145e-11	0.37319297	-0.7037163	0.604319	-2.1171848e-17	-9.675324e+12	300
6.170000000000145e-11	0.3743144	-0.70717514	0.5995646	-2.0948306e-17	-9.675324e+12	300
6.180000000000146e-11	0.3754344	-0.7105598	0.59483963	-2.0728129e-17	-9.588595e+12	300
6.190000000000146e-11	0.37655362	-0.7138702	0.5901455	-2.0511363e-17	-9.588595e+12	300
6.200000000000147e-11	0.37767264	-0.7171069	0.58548343	-2.029804e-17	-9.492581e+12	300
6.210000000000147e-11	0.37879205	-0.7202699	0.5808548	-2.00882e-17	-9.492581e+12	300
6.220000000000148e-11	0.37991259	-0.7233597	0.57626045	-1.9881872e-17	-9.387675e+12	300
6.230000000000148e-11	0.3810348	-0.7263766	0.57170177	-1.9679062e-17	-9.387675e+12	300
6.240000000000149e-11	0.38215935	-0.7293212	0.5671796	-1.9479804e-17	-9.274303e+12	300
6.250000000000149e-11	0.38328683	-0.7321937	0.5626951	-1.928411e-17	-9.274303e+12	300
6.26000000000015e-11	0.38441786	-0.734995	0.55824894	-1.9091985e-17	-9.152915e+12	300
6.27000000000015e-11	0.3855531	-0.73772526	0.55384207	-1.8903438e-17	-9.152915e+12	300
6.28000000000015e-11	0.38669312	-0.7403853	0.5494753	-1.8718477e-17	-9.023984e+12	300
6.290000000000151e-11	0.38783854	-0.74297565	0.5451492	-1.8537086e-17	-9.023984e+12	300
6.300000000000151e-11	0.38898996	-0.74549687	0.5408646	-1.8359274e-17	-8.888002e+12	300
6.310000000000152e-11	0.39014792	-0.7479498	0.5366219	-1.8185018e-17	-8.888002e+12	300
6.320000000000152e-11	0.39131308	-0.750335	0.5324218	-1.801432e-17	-8.745474e+12	300
6.330000000000153e-11	0.39248586	-0.752653	0.5282646	-1.7847161e-17	-8.745474e+12	300
6.340000000000153e-11	0.39366698	-0.7549048	0.5241509	-1.7683522e-17	-8.59692e+12	300
6.350000000000154e-11	0.39485684	-0.757091	0.5200809	-1.752338e-17	-8.59692e+12	300
6.360000000000154e-11	0.39605606	-0.75921243	0.51605505	-1.7366712e-17	-8.4428645e+12	300
6.370000000000155e-11	0.39726502	-0.7612697	0.5120734	-1.7213493e-17	-8.4428645e+12	300
6.380000000000155e-11	0.39848438	-0.7632637	0.5081363	-1.70637e-17	-8.2838374e+12	300
6.390000000000156e-11	0.39971444	-0.7651952	0.50424397	-1.69173e-17	-8.2838374e+12	300
6.400000000000156e-11	0.4009558	-0.76706505	0.5003963	-1.677426e-17	-8.1203686e+12	300
6.410000000000157e-11	0.40220878	-0.7688739	0.49659356	-1.6634544e-17	-8.1203686e+12	300
6.420000000000157e-11	0.4034739	-0.7706226	0.49283564	-1.6498119e-17	-7.9529855e+12	300
6.430000000000158e-11	0.40475148	-0.772312	0.4891226	-1.6364951e-17	-7.9529855e+12	300
6.440000000000158e-11	0.40604195	-0.7739429	0.4854543	-1.6234993e-17	-7.78221e+12	300
6.450000000000159e-11	0.40734577	-0.77551603	0.4818307	-1.6108216e-17	-7.78221e+12	300
6.460000000000159e-11	0.40866306	-0.7770323	0.47825158	-1.5984569e-17	-7.608556e+12	300
6.47000000000016e-11	0.4099944	-0.7784926	0.4747168	-1.5864017e-17	-7.608556e+12	300
6.48000000000016e-11	0.4113399	-0.7798976	0.47122616	-1.5746516e-17	-7.4325243e+12	300
6.49000000000016e-11	0.41270003	-0.781248	0.46777946	-1.5632018e-17	-7.4325243e+12	300
6.500000000000161e-11	0.4140749	-0.7825449	0.46437633	-1.552048e-17	-7.2546045e+12	300
6.510000000000162e-11	0.41546488	-0.7837888	0.46101654	-1.5411859e-17	-7.2546045e+12	300
6.520000000000162e-11	0.41687015	-0.78498065	0.4576997	-1.5306114e-17	-7.0752687e+12	300
6.530000000000163e-11	0.418291	-0.7861213	0.45442548	-1.5203191e-17	-7.0752687e+12	300
6.540000000000163e-11	0.41972753	-0.7872114	0.45119354	-1.510304e-17	-6.8949734e+12	300
6.550000000000163e-11	0.42117992	-0.7882518	0.4480035	-1.5005629e-17	-6.8949734e+12	300
6.560000000000164e-11	0.42264843	-0.7892431	0.44485486	-1.4910895e-17	-6.7141543e+12	300
6.570000000000164e-11	0.42413315	-0.7901863	0.4417472	-1.4818798e-17	-6.7141543e+12	300
6.580000000000165e-11	0.42563418	-0.791082	0.43868005	-1.4729296e-17	-6.533227e+12	300
6.590000000000165e-11	0.42715162	-0.791931	0.43565303	-1.4642334e-17	-6.533227e+12	300
6.600000000000166e-11	0.42868567	-0.792734	0.4326655	-1.4557871e-17	-6.352588e+12	300
6.610000000000166e-11	0.43023625	-0.79349166	0.4297171	-1.447585e-17	-6.352588e+12	300
6.620000000000167e-11	0.4318035	-0.79420483	0.42680722	-1.4396232e-17	-6.172608e+12	300
6.630000000000167e-11	0.43338746	-0.7948742	0.4239354	-1.4318971e-17	-6.172608e+12	300
6.640000000000168e-11	0.43498817	-0.7955004	0.42110103	-1.424402e-17	-5.993637e+12	300
6.650000000000168e-11	0.43660557	-0.7960839	0.4183036	-1.4171328e-17	-5.993637e+12	300
6.660000000000169e-11	0.4382397	-0.79662585	0.41554254	-1.4100854e-17	-5.816002e+12	300
6.670000000000169e-11	0.43989056	-0.79712665	0.4128173	-1.403255e-17	-5.816002e+12	300
6.68000000000017e-11	0.44155806	-0.7975867	0.41012734	-1.396637e-17	-5.6400046e+12	300
6.69000000000017e-11	0.44324213	-0.79800713	0.40747204	-1.3902274e-17	-5.6400046e+12	300
6.700000000000171e-11	0.44494277	-0.7983883	0.40485084	-1.3840216e-17	-5.465925e+12	300
6.710000000000171e-11	0.4466599	-0.7987309	0.40226316	-1.37801515e-17	-5.465925e+12	300
6.720000000000172e-11	0.44839332	-0.7990354	0.3997084	-1.3722038e-17	-5.29402e+12	300
6.730000000000172e-11	0.450143	-0.7993026	0.397186	-1.36658286e-17	-5.29402e+12	300
6.740000000000173e-11	0.4519089	-0.79953295	0.3946954	-1.3611491e-17	-5.124522e+12	300
6.750000000000173e-11	0.45369074	-0.7997272	0.392236	-1.35589725e-17	-5.124522e+12	300
6.760000000000174e-11	0.45548847	-0.7998857	0.38980708	-1.3508237e-17	-4.957642e+12	300
6.770000000000174e-11	0.4573019	-0.80000913	0.38740823	-1.3459248e-17	-4.957642e+12	300
6.780000000000175e-11	0.45913082	-0.8000981	0.3850388	-1.3411957e-17	-4.79357e+12	300
6.790000000000175e-11	0.46097523	-0.80015296	0.3826983	-1.3366331e-17	-4.79357e+12	300
6.800000000000176e-11	0.4628348	-0.80017453	0.380386	-1.3322329e-17	-4.632473e+12	300
6.810000000000176e-11	0.4647093	-0.80016303	0.37810138	-1.3279913e-17	-4.632473e+12	300
6.820000000000177e-11	0.4665987	-0.80011916	0.37584394	-1.3239046e-17	-4.474498e+12	300
6.830000000000177e-11	0.46850255	-0.80004334	0.373613	-1.31996924e-17	-4.474498e+12	300
6.840000000000177e-11	0.47042084	-0.7999362	0.3714081	-1.3161813e-17	-4.3197737e+12	300
6.850000000000178e-11	0.47235322	-0.799798	0.3692286	-1.3125376e-17	-4.3197737e+12	300
6.860000000000178e-11	0.4742995	-0.7996295	0.367074	-1.3090345e-17	-4.1684092e+12	300
6.870000000000179e-11	0.4762594	-0.79943097	0.3649438	-1.305668e-17	-4.1684092e+12	300
6.88000000000018e-11	0.47823277	-0.799203	0.36283737	-1.30243574e-17	-4.0204957e+12	300
6.89000000000018e-11	0.4802192	-0.7989458	0.3607542	-1.29933365e-17	-4.0204957e+12	300
6.90000000000018e-11	0.4822185	-0.79866016	0.35869384	-1.2963586e-17	-3.8761084e+12	300
6.910000000000181e-11	0.4842304	-0.7983462	0.35665563	-1.2935076e-17	-3.8761084e+12	300
6.920000000000181e-11	0.48625466	-0.7980047	0.35463917	-1.2907771e-17	-3.7353056e+12	300
6.930000000000182e-11	0.48829097	-0.7976358	0.3526439	-1.2881646e-17	-3.7353056e+12	300
6.940000000000182e-11	0.49033904	-0.79724	0.35066938	-1.2856667e-17	-3.598132e+12	300
6.950000000000183e-11	0.4923986	-0.7968178	0.34871504	-1.2832807e-17	-3.598132e+12	300
6.960000000000183e-11	0.49446929	-0.7963697	0.34678045	-1.2810034e-17	-3.4646178e+12	300
6.970000000000184e-11	0.49655086	-0.7958957	0.3448651	-1.2788323e-17	-3.4646178e+12	300
6.980000000000184e-11	0.498643	-0.7953965	0.34296852	-1.2767643e-17	-3.3347805e+12	300
6.990000000000185e-11	0.5007455	-0.79487246	0.34109032	-1.2747967e-17	-3.3347805e+12	300
7.000000000000185e-11	0.50285786	-0.794324	0.33922994	-1.2729269e-17	-3.2086263e+12	300
7.010000000000186e-11	0.5049799	-0.79375136	0.33738703	-1.2711524e-17	-3.2086263e+12	300
7.020000000000186e-11	0.5071113	-0.7931551	0.3355611	-1.2694704e-17	-3.0861497e+12	300
7.030000000000187e-11	0.5092517	-0.79253536	0.3337518	-1.2678785e-17	-3.0861497e+12	300
7.040000000000187e-11	0.5114009	-0.79189265	0.33195853	-1.2663745e-17	-2.967336e+12	300
7.050000000000188e-11	0.5135584	-0.79122734	0.3301811	-1.2649555e-17	-2.967336e+12	300
7.060000000000188e-11	0.51572394	-0.7905398	0.32841897	-1.2636197e-17	-2.8521608e+12	300
7.070000000000189e-11	0.5178973	-0.7898302	0.32667172	-1.2623642e-17	-2.8521608e+12	300
7.080000000000189e-11	0.520078	-0.7890991	0.32493904	-1.2611873e-17	-2.740592e+12	300
7.09000000000019e-11	0.52226585	-0.78834677	0.32322055	-1.26008625e-17	-2.740592e+12	300
7.10000000000019e-11	0.5244605	-0.78757346	0.32151583	-1.2590593e-17	-2.63259e+12	300
7.11000000000019e-11	0.5266616	-0.7867795	0.31982455	-1.2581044e-17	-2.63259e+12	300
7.120000000000191e-11	0.52886873	-0.78596556	0.31814635	-1.25721916e-17	-2.5281086e+12	300
7.130000000000191e-11	0.53108174	-0.7851315	0.31648088	-1.2564018e-17	-2.5281086e+12	300
7.140000000000192e-11	0.5333003	-0.78427786	0.31482774	-1.2556503e-17	-2.4270954e+12	300
7.150000000000192e-11	0.5355239	-0.783405	0.3131867	-1.2549625e-17	-2.4270954e+12	300
7.160000000000193e-11	0.5377524	-0.782513	0.31155735	-1.2543368e-17	-2.3294934e+12	300
7.170000000000193e-11	0.53998536	-0.78160256	0.3099394	-1.2537714e-17	-2.3294934e+12	300
7.180000000000194e-11	0.54222256	-0.7806737	0.3083326	-1.2532645e-17	-2.2352405e+12	300
7.190000000000194e-11	0.54446363	-0.77972686	0.30673656	-1.252814e-17	-2.2352405e+12	300
7.200000000000195e-11	0.5467083	-0.7787621	0.305151	-1.2524185e-17	-2.1442716e+12	300
7.210000000000195e-11	0.5489561	-0.77778006	0.30357563	-1.2520762e-17	-2.1442716e+12	300
7.220000000000196e-11	0.5512069	-0.7767808	0.30201024	-1.2517854e-17	-2.0565173e+12	300
7.230000000000196e-11	0.55346024	-0.7757647	0.30045447	-1.2515449e-17	-2.0565173e+12	300
7.240000000000197e-11	0.55571604	-0.77473205	0.29890808	-1.2513525e-17	-1.9719062e+12	300
7.250000000000197e-11	0.5579736	-0.7736832	0.29737082	-1.2512072e-17	-1.9719062e+12	300
7.260000000000198e-11	0.56023306	-0.77261835	0.29584244	-1.2511073e-17	-1.8903642e+12	300
7.270000000000198e-11	0.5624938	-0.77153766	0.29432264	-1.2510513e-17	-1.8903642e+12	300
7.280000000000199e-11	0.5647556	-0.7704417	0.29281121	-1.2510379e-17	-1.8118153e+12	300
7.290000000000199e-11	0.5670183	-0.7693305	0.29130793	-1.2510656e-17	-1.8118153e+12	300
7.3000000000002e-11	0.56928134	-0.76820445	0.2898126	-1.2511332e-17	-1.7361827e+12	300
7.3100000000002e-11	0.5715447	-0.767064	0.28832492	-1.2512391e-17	-1.7361827e+12	300
7.3200000000002e-11	0.57380784	-0.765909	0.28684473	-1.2513825e-17	-1.6633882e+12	300
7.330000000000201e-11	0.57607067	-0.76474	0.2853718	-1.2515618e-17	-1.6633882e+12	300
7.340000000000202e-11	0.5783328	-0.76355726	0.28390592	-1.2517758e-17	-1.5933528e+12	300
7.350000000000202e-11	0.58059394	-0.76236105	0.2824469	-1.2520232e-17	-1.5933528e+12	300
7.360000000000203e-11	0.5828539	-0.7611515	0.28099453	-1.25230306e-17	-1.5259972e+12	300
7.370000000000203e-11	0.5851124	-0.75992906	0.27954865	-1.2526143e-17	-1.5259972e+12	300
7.380000000000204e-11	0.587369	-0.7586939	0.27810904	-1.25295545e-17	-1.4612427e+12	300
7.390000000000204e-11	0.5896237	-0.75744617	0.27667555	-1.2533259e-17	-1.4612427e+12	300
7.400000000000205e-11	0.591876	-0.7561863	0.275248	-1.25372415e-17	-1.39901e+12	300
7.410000000000205e-11	0.5941256	-0.75491446	0.2738262	-1.2541494e-17	-1.39901e+12	300
7.420000000000205e-11	0.59637254	-0.753631	0.27241004	-1.2546008e-17	-1.3392204e+12	300
7.430000000000206e-11	0.59861636	-0.75233597	0.2709993	-1.2550772e-17	-1.3392204e+12	300
7.440000000000206e-11	0.60085684	-0.75102985	0.26959386	-1.2555774e-17	-1.2817965e+12	300
7.450000000000207e-11	0.6030937	-0.7497127	0.2681936	-1.2561008e-17	-1.2817965e+12	300
7.460000000000207e-11	0.6053268	-0.7483849	0.26679832	-1.2566466e-17	-1.226661e+12	300
7.470000000000208e-11	0.6075557	-0.74704665	0.26540786	-1.2572137e-17	-1.226661e+12	300
7.480000000000208e-11	0.6097803	-0.74569815	0.26402214	-1.2578012e-17	-1.173738e+12	300
7.490000000000209e-11	0.61200047	-0.74433964	0.262641	-1.2584084e-17	-1.173738e+12	300
7.500000000000209e-11	0.6142158	-0.7429715	0.26126435	-1.25903465e-17	-1.1229525e+12	300
7.51000000000021e-11	0.61642617	-0.74159384	0.25989205	-1.2596788e-17	-1.1229525e+12	300
7.52000000000021e-11	0.61863136	-0.74020684	0.25852397	-1.26034036e-17	-1.0742312e+12	300
7.530000000000211e-11	0.620831	-0.7388109	0.25715995	-1.2610184e-17	-1.0742312e+12	300
7.540000000000211e-11	0.6230252	-0.73740613	0.2557999	-1.2617123e-17	-1.02750165e+12	300
7.550000000000212e-11	0.6252133	-0.7359928	0.25444376	-1.2624214e-17	-1.02750165e+12	300
7.560000000000212e-11	0.62739545	-0.7345711	0.25309137	-1.263145e-17	-9.8269325e+11	300
7.570000000000213e-11	0.6295713	-0.7331414	0.25174266	-1.2638822e-17	-9.8269325e+11	300
7.580000000000213e-11	0.6317408	-0.73170376	0.2503975	-1.2646328e-17	-9.397369e+11	300
7.590000000000214e-11	0.63390356	-0.7302584	0.24905583	-1.2653955e-17	-9.397369e+11	300
7.600000000000214e-11	0.6360595	-0.7288057	0.24771753	-1.2661705e-17	-8.985649e+11	300
7.610000000000215e-11	0.63820845	-0.7273459	0.24638247	-1.26695664e-17	-8.985649e+11	300
7.620000000000215e-11	0.6403501	-0.72587895	0.24505067	-1.2677535e-17	-8.591114e+11	300
7.630000000000216e-11	0.64248437	-0.72440535	0.24372195	-1.2685605e-17	-8.591114e+11	300
7.640000000000216e-11	0.6446111	-0.7229252	0.24239627	-1.26937706e-17	-8.213122e+11	300
7.650000000000217e-11	0.6467301	-0.7214386	0.24107352	-1.2702027e-17	-8.213122e+11	300
7.660000000000217e-11	0.64884114	-0.719946	0.23975365	-1.271037e-17	-7.851048e+11	300
7.670000000000218e-11	0.6509441	-0.7184474	0.23843658	-1.2718793e-17	-7.851048e+11	300
7.680000000000218e-11	0.6530389	-0.71694326	0.23712224	-1.2727292e-17	-7.5042855e+11	300
7.690000000000218e-11	0.65512526	-0.7154335	0.23581055	-1.273586e-17	-7.5042855e+11	300
7.700000000000219e-11	0.65720314	-0.71391857	0.23450144	-1.2744497e-17	-7.1722435e+11	300
7.71000000000022e-11	0.6592723	-0.7123984	0.23319484	-1.27531936e-17	-7.1722435e+11	300
7.72000000000022e-11	0.6613326	-0.71087354	0.23189071	-1.27619485e-17	-6.854349e+11	300
7.73000000000022e-11	0.663384	-0.7093439	0.230589	-1.2770758e-17	-6.854349e+11	300
7.740000000000221e-11	0.6654262	-0.70781	0.22928958	-1.2779616e-17	-6.550049e+11	300
7.750000000000221e-11	0.6674592	-0.7062717	0.22799246	-1.2788519e-17	-6.550049e+11	300
7.760000000000222e-11	0.6694827	-0.7047294	0.22669755	-1.2797465e-17	-6.258806e+11	300
7.770000000000222e-11	0.6714968	-0.7031832	0.22540481	-1.2806449e-17	-6.258806e+11	300
7.780000000000223e-11	0.6735012	-0.7016332	0.22411421	-1.2815467e-17	-5.9800984e+11	300
7.790000000000223e-11	0.675496	-0.7000799	0.22282565	-1.2824515e-17	-5.9800984e+11	300
7.800000000000224e-11	0.67748076	-0.6985233	0.22153911	-1.2833593e-17	-5.713424e+11	300
7.810000000000224e-11	0.6794555	-0.6969636	0.22025454	-1.2842692e-17	-5.713424e+11	300
7.820000000000225e-11	0.6814202	-0.6954011	0.21897191	-1.2851813e-17	-5.458297e+11	300
7.830000000000225e-11	0.6833748	-0.69383574	0.21769112	-1.2860953e-17	-5.458297e+11	300
7.840000000000226e-11	0.685319	-0.69226784	0.21641217	-1.2870108e-17	-5.214248e+11	300
7.850000000000226e-11	0.68725276	-0.69069767	0.21513502	-1.28792766e-17	-5.214248e+11	300
7.860000000000227e-11	0.68917596	-0.68912536	0.21385963	-1.2888453e-17	-4.9808238e+11	300
7.870000000000227e-11	0.6910887	-0.687551	0.21258593	-1.289764e-17	-4.9808238e+11	300
7.880000000000228e-11	0.69299066	-0.68597484	0.21131395	-1.29068275e-17	-4.7575872e+11	300
7.890000000000228e-11	0.6948818	-0.6843971	0.21004355	-1.2916017e-17	-4.7575872e+11	300
7.900000000000229e-11	0.696762	-0.6828178	0.20877475	-1.29252074e-17	-4.5441168e+11	300
7.910000000000229e-11	0.6986314	-0.68123746	0.20750755	-1.2934396e-17	-4.5441168e+11	300
7.92000000000023e-11	0.70048964	-0.67965585	0.20624186	-1.294358e-17	-4.340007e+11	300
7.93000000000023e-11	0.7023368	-0.6780733	0.20497768	-1.2952754e-17	-4.340007e+11	300
7.94000000000023e-11	0.70417273	-0.67649007	0.20371495	-1.2961919e-17	-4.144866e+11	300
7.950000000000231e-11	0.70599735	-0.6749062	0.20245367	-1.2971076e-17	-4.144866e+11	300
7.960000000000232e-11	0.70781076	-0.67332196	0.20119378	-1.2980219e-17	-3.958318e+11	300
7.970000000000232e-11	0.7096126	-0.67173743	0.19993526	-1.2989345e-17	-3.958318e+11	300
7.980000000000232e-11	0.71140313	-0.6701528	0.19867809	-1.2998458e-17	-3.7800008e+11	300
7.990000000000233e-11	0.713182	-0.66856813	0.19742225	-1.3007551e-17	-3.7800008e+11	300
8.000000000000233e-11	0.7149493	-0.6669838	0.19616766	-1.3016623e-17	-3.6095656e+11	300
8.010000000000234e-11	0.7167049	-0.6653998	0.19491437	-1.3025674e-17	-3.6095656e+11	300
8.020000000000234e-11	0.7184489	-0.66381633	0.1936623	-1.3034702e-17	-3.4466775e+11	300
8.030000000000235e-11	0.720181	-0.6622336	0.19241144	-1.3043707e-17	-3.4466775e+11	300
8.040000000000235e-11	0.72190136	-0.6606516	0.19116175	-1.3052684e-17	-3.2910148e+11	300
8.050000000000236e-11	0.72360986	-0.65907073	0.18991324	-1.3061635e-17	-3.2910148e+11	300
8.060000000000236e-11	0.7253064	-0.65749097	0.18866585	-1.307056e-17	-3.1422677e+11	300
8.070000000000237e-11	0.72699106	-0.6559125	0.1874196	-1.3079451e-17	-3.1422677e+11	300
8.080000000000237e-11	0.72866356	-0.6543355	0.18617441	-1.3088314e-17	-3.0001398e+11	300
8.090000000000238e-11	0.73032415	-0.6527599	0.1849303	-1.3097145e-17	-3.0001398e+11	300
8.100000000000238e-11	0.73197263	-0.6511862	0.18368724	-1.3105942e-17	-2.8643453e+11	300
8.110000000000239e-11	0.7336091	-0.6496144	0.1824452	-1.3114707e-17	-2.8643453e+11	300
8.120000000000239e-11	0.73523325	-0.6480446	0.18120414	-1.31234355e-17	-2.7346108e+11	300
8.13000000000024e-11	0.73684525	-0.64647686	0.17996408	-1.31321275e-17	-2.7346108e+11	300
8.14000000000024e-11	0.73844516	-0.6449115	0.17872497	-1.3140786e-17	-2.6106733e+11	300
8.150000000000241e-11	0.7400327	-0.64334846	0.1774868	-1.3149406e-17	-2.6106733e+11	300
8.160000000000241e-11	0.741608	-0.64178807	0.17624955	-1.3157987e-17	-2.492281e+11	300
8.170000000000242e-11	0.74317104	-0.64023036	0.1750132	-1.3166531e-17	-2.492281e+11	300
8.180000000000242e-11	0.74472165	-0.63867545	0.17377773	-1.3175033e-17	-2.3791922e+11	300
8.190000000000243e-11	0.74626005	-0.6371235	0.17254312	-1.3183496e-17	-2.3791922e+11	300
8.200000000000243e-11	0.74778605	-0.6355746	0.17130934	-1.3191919e-17	-2.2711751e+11	300
8.210000000000244e-11	0.74929965	-0.634029	0.17007639	-1.32003004e-17	-2.2711751e+11	300
8.220000000000244e-11	0.7508008	-0.63248664	0.16884422	-1.320864e-17	-2.1680077e+11	300
8.230000000000245e-11	0.7522896	-0.63094777	0.16761284	-1.3216937e-17	-2.1680077e+11	300
8.240000000000245e-11	0.75376594	-0.62941253	0.16638222	-1.322519e-17	-2.069477e+11	300
8.250000000000246e-11	0.75522983	-0.6278809	0.16515237	-1.3233401e-17	-2.069477e+11	300
8.260000000000246e-11	0.7566812	-0.62635314	0.16392322	-1.3241569e-17	-1.975379e+11	300
8.270000000000246e-11	0.7581201	-0.62482923	0.16269478	-1.3249695e-17	-1.975379e+11	300
8.280000000000247e-11	0.75954664	-0.6233095	0.16146705	-1.3257775e-17	-1.8855186e+11	300
8.290000000000247e-11	0.7609605	-0.6217938	0.16023995	-1.3265811e-17	-1.8855186e+11	300
8.300000000000248e-11	0.762362	-0.6202825	0.15901352	-1.3273802e-17	-1.7997083e+11	300
8.310000000000248e-11	0.763751	-0.61877555	0.15778773	-1.3281748e-17	-1.7997083e+11	300
8.320000000000249e-11	0.7651273	-0.6172731	0.15656257	-1.3289649e-17	-1.7177693e+11	300
8.33000000000025e-11	0.7664913	-0.6157752	0.15533799	-1.32975065e-17	-1.7177693e+11	300
8.34000000000025e-11	0.76784265	-0.61428213	0.15411398	-1.3305317e-17	-1.6395295e+11	300
8.35000000000025e-11	0.7691815	-0.61279386	0.15289053	-1.33130815e-17	-1.6395295e+11	300
8.360000000000251e-11	0.7705078	-0.6113106	0.15166764	-1.33208024e-17	-1.5648252e+11	300
8.370000000000251e-11	0.7718216	-0.60983217	0.15044528	-1.3328478e-17	-1.5648252e+11	300
8.380000000000252e-11	0.77312285	-0.60835904	0.14922339	-1.3336105e-17	-1.4934988e+11	300
8.390000000000252e-11	0.7744115	-0.60689116	0.14800203	-1.334369e-17	-1.4934988e+11	300
8.400000000000253e-11	0.77568775	-0.6054285	0.1467811	-1.3351228e-17	-1.4254e+11	300
8.410000000000253e-11	0.7769514	-0.6039714	0.14556065	-1.3358721e-17	-1.4254e+11	300
8.420000000000254e-11	0.7782025	-0.60251987	0.14434062	-1.3366168e-17	-1.3603849e+11	300
8.430000000000254e-11	0.77944106	-0.6010738	0.143121	-1.337357e-17	-1.3603849e+11	300
8.440000000000255e-11	0.7806672	-0.5996336	0.14190178	-1.3380928e-17	-1.2983157e+11	300
8.450000000000255e-11	0.7818807	-0.5981991	0.14068294	-1.338824e-17	-1.2983157e+11	300
8.460000000000256e-11	0.78308177	-0.59677064	0.13946444	-1.3395507e-17	-1.2390607e+11	300
8.470000000000256e-11	0.7842703	-0.59534806	0.1382463	-1.340273e-17	-1.2390607e+11	300
8.480000000000257e-11	0.7854463	-0.5939317	0.13702846	-1.3409907e-17	-1.1824939e+11	300
8.490000000000257e-11	0.78660977	-0.59252155	0.13581091	-1.341704e-17	-1.1824939e+11	300
8.500000000000258e-11	0.78776085	-0.5911175	0.13459367	-1.34241305e-17	-1.1284948e+11	300
8.510000000000258e-11	0.7888994	-0.58971995	0.13337667	-1.3431177e-17	-1.1284948e+11	300
8.520000000000259e-11	0.7900255	-0.5883287	0.13215992	-1.34381785e-17	-1.0769482e+11	300
8.530000000000259e-11	0.7911391	-0.5869441	0.1309434	-1.3445138e-17	-1.0769482e+11	300
8.54000000000026e-11	0.7922402	-0.58556616	0.12972707	-1.3452054e-17	-1.0277438e+11	300
8.55000000000026e-11	0.7933288	-0.5841948	0.12851092	-1.34589275e-17	-1.0277438e+11	300
8.56000000000026e-11	0.79440516	-0.5828302	0.12729494	-1.346576e-17	-9.807764e+10	300
8.570000000000261e-11	0.79546887	-0.5814725	0.12607908	-1.3472549e-17	-9.807764e+10	300
8.580000000000261e-11	0.79652023	-0.58012176	0.12486337	-1.3479297e-17	-9.359452e+10	300
8.590000000000262e-11	0.7975592	-0.5787779	0.12364775	-1.34860045e-17	-9.359452e+10	300
8.600000000000262e-11	0.79858565	-0.5774412	0.1224322	-1.34926715e-17	-8.93154e+10	300
8.610000000000263e-11	0.7995998	-0.5761117	0.121216714	-1.34992964e-17	-8.93154e+10	300
8.620000000000263e-11	0.8006015	-0.5747894	0.12000127	-1.3505881e-17	-8.523108e+10	300
8.630000000000264e-11	0.8015909	-0.5734744	0.118785836	-1.3512429e-17	-8.523108e+10	300
8.640000000000264e-11	0.8025679	-0.57216674	0.1175704	-1.3518936e-17	-8.1332765e+10	300
8.650000000000265e-11	0.8035324	-0.5708666	0.116354935	-1.3525405e-17	-8.1332765e+10	300
8.660000000000265e-11	0.8044846	-0.5695739	0.115139425	-1.3531835e-17	-7.761206e+10	300
8.670000000000266e-11	0.80542445	-0.56828886	0.11392384	-1.3538227e-17	-7.761206e+10	300
8.680000000000266e-11	0.806352	-0.5670114	0.11270817	-1.35445846e-17	-7.406092e+10	300
8.690000000000267e-11	0.8072673	-0.5657418	0.11149239	-1.3550903e-17	-7.406092e+10	300
8.700000000000267e-11	0.80817014	-0.5644798	0.11027647	-1.3557188e-17	-7.067169e+10	300
8.710000000000268e-11	0.80906075	-0.56322575	0.109060384	-1.3563437e-17	-7.067169e+10	300
8.720000000000268e-11	0.80993897	-0.56197965	0.107844114	-1.3569649e-17	-6.743703e+10	300
8.730000000000269e-11	0.81080496	-0.5607414	0.10662765	-1.3575829e-17	-6.743703e+10	300
8.740000000000269e-11	0.8116586	-0.5595113	0.10541095	-1.3581973e-17	-6.4349946e+10	300
8.75000000000027e-11	0.8124999	-0.5582893	0.104194	-1.35880835e-17	-6.4349946e+10	300
8.76000000000027e-11	0.813329	-0.55707544	0.10297677	-1.3594163e-17	-6.1403742e+10	300
8.77000000000027e-11	0.8141458	-0.55586976	0.10175925	-1.360021e-17	-6.1403742e+10	300
8.780000000000271e-11	0.81495035	-0.5546725	0.10054141	-1.3606226e-17	-5.859203e+10	300
8.790000000000272e-11	0.81574273	-0.5534834	0.09932322	-1.361221e-17	-5.859203e+10	300
8.800000000000272e-11	0.81652284	-0.5523028	0.098104656	-1.3618166e-17	-5.5908704e+10	300
8.810000000000273e-11	0.8172906	-0.55113065	0.096885696	-1.362409e-17	-5.5908704e+10	300
8.820000000000273e-11	0.81804615	-0.54996693	0.09566632	-1.3629987e-17	-5.334794e+10	300
8.830000000000273e-11	0.8187894	-0.54881185	0.094446495	-1.36358565e-17	-5.334794e+10	300
8.840000000000274e-11	0.81952053	-0.5476654	0.09322621	-1.36416956e-17	-5.090416e+10	300
8.850000000000274e-11	0.8202394	-0.54652756	0.09200542	-1.3647508e-17	-5.090416e+10	300
8.860000000000275e-11	0.8209461	-0.5453985	0.09078412	-1.3653298e-17	-4.8572056e+10	300
8.870000000000275e-11	0.82164055	-0.54427814	0.08956226	-1.3659058e-17	-4.8572056e+10	300
8.880000000000276e-11	0.8223227	-0.54316664	0.088339835	-1.36647954e-17	-4.6346543e+10	300
8.890000000000276e-11	0.82299274	-0.54206395	0.08711682	-1.36705096e-17	-4.6346543e+10	300
8.900000000000277e-11	0.8236505	-0.5409703	0.08589318	-1.36762e-17	-4.4222775e+10	300
8.910000000000277e-11	0.82429606	-0.5398855	0.08466889	-1.3681864e-17	-4.4222775e+10	300
8.920000000000278e-11	0.82492936	-0.53880984	0.08344392	-1.36875115e-17	-4.219612e+10	300
8.930000000000278e-11	0.8255505	-0.5377432	0.08221824	-1.3693136e-17	-4.219612e+10	300
8.940000000000279e-11	0.8261595	-0.53668565	0.08099185	-1.369874e-17	-4.0262152e+10	300
8.950000000000279e-11	0.8267561	-0.5356372	0.07976468	-1.37043256e-17	-4.0262152e+10	300
8.96000000000028e-11	0.8273406	-0.53459805	0.07853674	-1.3709891e-17	-3.841666e+10	300
8.97000000000028e-11	0.8279129	-0.5335681	0.077308	-1.3715439e-17	-3.841666e+10	300
8.980000000000281e-11	0.828473	-0.53254735	0.076078415	-1.3720969e-17	-3.6655596e+10	300
8.990000000000281e-11	0.8290208	-0.5315361	0.07484796	-1.3726484e-17	-3.6655596e+10	300
9.000000000000282e-11	0.8295564	-0.5305341	0.07361661	-1.37319815e-17	-3.497512e+10	300
9.010000000000282e-11	0.8300797	-0.52954155	0.072384335	-1.37374665e-17	-3.497512e+10	300
9.020000000000283e-11	0.8305909	-0.52855843	0.07115111	-1.3742935e-17	-3.337156e+10	300
9.030000000000283e-11	0.83108985	-0.5275848	0.06991691	-1.37483944e-17	-3.337156e+10	300
9.040000000000284e-11	0.8315764	-0.52662075	0.0686817	-1.3753837e-17	-3.1841403e+10	300
9.050000000000284e-11	0.8320508	-0.5256662	0.067445464	-1.375927e-17	-3.1841403e+10	300
9.060000000000285e-11	0.8325128	-0.52472126	0.066208154	-1.3764694e-17	-3.03813e+10	300
9.070000000000285e-11	0.8329626	-0.52378607	0.06496975	-1.37701054e-17	-3.03813e+10	300
9.080000000000286e-11	0.8334	-0.5228604	0.063730225	-1.3775509e-17	-2.8988051e+10	300
9.090000000000286e-11	0.8338253	-0.5219446	0.062489547	-1.3780905e-17	-2.8988051e+10	300
9.100000000000287e-11	0.83423823	-0.5210385	0.061247684	-1.3786293e-17	-2.7658609e+10	300
9.110000000000287e-11	0.83463883	-0.52014214	0.060004614	-1.3791677e-17	-2.7658609e+10	300
9.120000000000287e-11	0.83502704	-0.51925564	0.0587603	-1.3797053e-17	-2.6390055e+10	300
9.130000000000288e-11	0.83540285	-0.5183789	0.05751471	-1.3802426e-17	-2.6390055e+10	300
9.140000000000288e-11	0.8357664	-0.51751214	0.05626782	-1.3807795e-17	-2.5179611e+10	300
9.150000000000289e-11	0.8361175	-0.5166553	0.0550196	-1.3813163e-17	-2.5179611e+10	300
9.16000000000029e-11	0.8364561	-0.5158084	0.053770013	-1.3818528e-17	-2.402462e+10	300
9.17000000000029e-11	0.8367824	-0.5149715	0.05251904	-1.3823892e-17	-2.402462e+10	300
9.18000000000029e-11	0.83709633	-0.51414454	0.051266633	-1.3829257e-17	-2.2922545e+10	300
9.190000000000291e-11	0.8373976	-0.5133277	0.050012775	-1.3834623e-17	-2.2922545e+10	300
9.200000000000291e-11	0.83768654	-0.5125209	0.048757426	-1.3839989e-17	-2.1870973e+10	300
9.210000000000292e-11	0.83796287	-0.5117242	0.047500566	-1.38453615e-17	-2.1870973e+10	300
9.220000000000292e-11	0.8382268	-0.51093763	0.046242148	-1.38507365e-17	-2.086759e+10	300
9.230000000000293e-11	0.8384781	-0.5101613	0.044982158	-1.38561165e-17	-2.086759e+10	300
9.240000000000293e-11	0.8387168	-0.509395	0.043720547	-1.3861503e-17	-1.9910193e+10	300
9.250000000000294e-11	0.8389429	-0.508639	0.042457297	-1.3866897e-17	-1.9910193e+10	300
9.260000000000294e-11	0.8391564	-0.5078932	0.041192368	-1.3872298e-17	-1.899668e+10	300
9.270000000000295e-11	0.8393573	-0.5071576	0.039925728	-1.3877707e-17	-1.899668e+10	300
9.280000000000295e-11	0.8395455	-0.50643235	0.038657352	-1.3883128e-17	-1.8125042e+10	300
9.290000000000296e-11	0.8397209	-0.5057174	0.037387196	-1.388856e-17	-1.8125042e+10	300
9.300000000000296e-11	0.8398836	-0.5050128	0.036115237	-1.3894004e-17	-1.7293363e+10	300
9.310000000000297e-11	0.84003365	-0.50431854	0.03484144	-1.389946e-17	-1.7293363e+10	300
9.320000000000297e-11	0.84017074	-0.5036347	0.03356577	-1.3904931e-17	-1.6499816e+10	300
9.330000000000298e-11	0.8402951	-0.50296116	0.0322882	-1.3910418e-17	-1.6499816e+10	300
9.340000000000298e-11	0.84040654	-0.5022981	0.031008687	-1.3915921e-17	-1.5742653e+10	300
9.350000000000299e-11	0.840505	-0.50164545	0.02972721	-1.3921441e-17	-1.5742653e+10	300
9.360000000000299e-11	0.8405906	-0.5010033	0.028443724	-1.392698e-17	-1.502021e+10	300
9.3700000000003e-11	0.8406632	-0.50037163	0.027158203	-1.3932539e-17	-1.502021e+10	300
9.3800000000003e-11	0.8407228	-0.49975047	0.025870612	-1.3938119e-17	-1.4330896e+10	300
9.3900000000003e-11	0.8407693	-0.4991398	0.024580915	-1.394372e-17	-1.4330896e+10	300
9.400000000000301e-11	0.8408028	-0.49853963	0.023289077	-1.3949342e-17	-1.3673196e+10	300
9.410000000000301e-11	0.840823	-0.49795005	0.021995077	-1.3954992e-17	-1.3673196e+10	300
9.420000000000302e-11	0.8408301	-0.49737108	0.020698864	-1.3960665e-17	-1.304566e+10	300
9.430000000000302e-11	0.8408239	-0.49680257	0.019400414	-1.3966362e-17	-1.304566e+10	300
9.440000000000303e-11	0.8408045	-0.49624476	0.018099688	-1.3972091e-17	-1.2446906e+10	300
9.450000000000303e-11	0.8407718	-0.49569756	0.016796658	-1.3977845e-17	-1.2446906e+10	300
9.460000000000304e-11	0.8407257	-0.49516094	0.015491287	-1.398363e-17	-1.1875618e+10	300
9.470000000000304e-11	0.8406662	-0.49463502	0.014183538	-1.3989449e-17	-1.1875618e+10	300
9.480000000000305e-11	0.8405932	-0.4941197	0.01287338	-1.3995297e-17	-1.1330535e+10	300
9.490000000000305e-11	0.8405067	-0.49361506	0.011560774	-1.400118e-17	-1.1330535e+10	300
9.500000000000306e-11	0.8404066	-0.49312112	0.01024569	-1.4007098e-17	-1.0810458e+10	300
9.510000000000306e-11	0.84029293	-0.49263778	0.008928092	-1.4013047e-17	-1.0810458e+10	300
9.520000000000307e-11	0.8401655	-0.49216527	0.0076079466	-1.4019039e-17	-1.031424e+10	300
9.530000000000307e-11	0.8400244	-0.49170336	0.0062852167	-1.4025064e-17	-1.031424e+10	300
9.540000000000308e-11	0.83986956	-0.4912522	0.0049598683	-1.403113e-17	-9.840788e+09	300
9.550000000000308e-11	0.8397009	-0.49081177	0.003631866	-1.4037237e-17	-9.840788e+09	300
9.560000000000309e-11	0.8395182	-0.49038213	0.0023011754	-1.4043388e-17	-9.389059e+09	300
9.570000000000309e-11	0.8393216	-0.4899632	0.0009677622	-1.4049582e-17	-9.389059e+09	300
9.58000000000031e-11	0.839111	-0.48955497	-0.00036840816	-1.4055819e-17	-8.958057e+09	300
9.59000000000031e-11	0.8388863	-0.4891575	-0.0017073725	-1.4062099e-17	-8.958057e+09	300
9.60000000000031e-11	0.8386475	-0.4887708	-0.0030491666	-1.4068428e-17	-8.5468314e+09	300
9.610000000000311e-11	0.83839446	-0.48839486	-0.004393824	-1.4074806e-17	-8.5468314e+09	300
9.620000000000312e-11	0.838127	-0.4880297	-0.005741379	-1.4081233e-17	-8.154475e+09	300
9.630000000000312e-11	0.83784544	-0.48767528	-0.0070918696	-1.4087711e-17	-8.154475e+09	300
9.640000000000313e-11	0.8375493	-0.48733163	-0.008445327	-1.4094241e-17	-7.780124e+09	300
9.650000000000313e-11	0.8372388	-0.4869988	-0.00980179	-1.4100824e-17	-7.780124e+09	300
9.660000000000314e-11	0.8369137	-0.4866767	-0.011161294	-1.4107464e-17	-7.422952e+09	300
9.670000000000314e-11	0.836574	-0.48636532	-0.012523872	-1.4114158e-17	-7.422952e+09	300
9.680000000000315e-11	0.83621955	-0.48606476	-0.013889561	-1.4120911e-17	-7.0821714e+09	300
9.690000000000315e-11	0.83585036	-0.485775	-0.015258395	-1.4127722e-17	-7.0821714e+09	300
9.700000000000315e-11	0.8354664	-0.4854959	-0.016630407	-1.4134593e-17	-6.75703e+09	300
9.710000000000316e-11	0.8350674	-0.48522764	-0.018005641	-1.4141526e-17	-6.75703e+09	300
9.720000000000316e-11	0.8346535	-0.4849701	-0.019384123	-1.4148524e-17	-6.446811e+09	300
9.730000000000317e-11	0.8342245	-0.4847233	-0.020765891	-1.4155583e-17	-6.446811e+09	300
9.740000000000317e-11	0.8337804	-0.4844873	-0.022150988	-1.416271e-17	-6.1508306e+09	300
9.750000000000318e-11	0.83332103	-0.484262	-0.023539435	-1.4169903e-17	-6.1508306e+09	300
9.760000000000318e-11	0.8328464	-0.4840474	-0.024931274	-1.4177166e-17	-5.8684344e+09	300
9.770000000000319e-11	0.8323564	-0.48384354	-0.026326545	-1.41845e-17	-5.8684344e+09	300
9.780000000000319e-11	0.8318508	-0.48365042	-0.027725277	-1.4191903e-17	-5.599e+09	300
9.79000000000032e-11	0.83132976	-0.48346797	-0.029127508	-1.4199379e-17	-5.599e+09	300
9.80000000000032e-11	0.8307931	-0.48329622	-0.030533273	-1.4206931e-17	-5.341933e+09	300
9.810000000000321e-11	0.83024055	-0.48313513	-0.031942602	-1.4214558e-17	-5.341933e+09	300
9.820000000000321e-11	0.82967234	-0.48298466	-0.033355538	-1.4222266e-17	-5.0966656e+09	300
9.830000000000322e-11	0.82908815	-0.4828449	-0.03477211	-1.4230048e-17	-5.0966656e+09	300
9.840000000000322e-11	0.82848793	-0.48271573	-0.03619235	-1.4237912e-17	-4.8626565e+09	300
9.850000000000323e-11	0.82787174	-0.48259717	-0.0376163	-1.4245857e-17	-4.8626565e+09	300
9.860000000000323e-11	0.8272394	-0.48248923	-0.03904399	-1.425389e-17	-4.639389e+09	300
9.870000000000324e-11	0.82659066	-0.48239177	-0.040475465	-1.4262005e-17	-4.639389e+09	300
9.880000000000324e-11	0.8259257	-0.482305	-0.04191074	-1.4270207e-17	-4.426371e+09	300
9.890000000000325e-11	0.8252441	-0.48222867	-0.04334987	-1.4278494e-17	-4.426371e+09	300
9.900000000000325e-11	0.8245461	-0.48216283	-0.044792872	-1.4286873e-17	-4.2231314e+09	300
9.910000000000326e-11	0.82383144	-0.48210752	-0.04623979	-1.4295342e-17	-4.2231314e+09	300
9.920000000000326e-11	0.82310015	-0.4820627	-0.047690652	-1.4303905e-17	-4.0292216e+09	300
9.930000000000327e-11	0.8223518	-0.48202825	-0.0491455	-1.4312562e-17	-4.0292216e+09	300
9.940000000000327e-11	0.82158667	-0.48200417	-0.050604362	-1.4321317e-17	-3.844214e+09	300
9.950000000000328e-11	0.82080436	-0.4819906	-0.052067272	-1.4330166e-17	-3.844214e+09	300
9.960000000000328e-11	0.82000506	-0.4819873	-0.053534266	-1.4339118e-17	-3.6676997e+09	300
9.970000000000328e-11	0.8191884	-0.4819943	-0.055005368	-1.4348167e-17	-3.6676997e+09	300
9.980000000000329e-11	0.81835455	-0.4820116	-0.056480628	-1.435732e-17	-3.4992888e+09	300
9.99000000000033e-11	0.8175031	-0.48203912	-0.057960063	-1.4366577e-17	-3.4992888e+09	300
1.000000000000033e-10	0.81663406	-0.48207688	-0.05944372	-1.4375939e-17	-3.3386097e+09	300
1.001000000000033e-10	0.8157475	-0.48212484	-0.06093162	-1.4385409e-17	-3.3386097e+09	300
1.0020000000000331e-10	0.8148431	-0.48218286	-0.062423795	-1.4394987e-17	-3.1853074e+09	300
1.0030000000000331e-10	0.8139209	-0.48225102	-0.06392028	-1.4404675e-17	-3.1853074e+09	300
1.0040000000000332e-10	0.8129807	-0.48232925	-0.065421104	-1.4414477e-17	-3.0390433e+09	300
1.0050000000000332e-10	0.8120223	-0.48241746	-0.066926315	-1.4424392e-17	-3.0390433e+09	300
1.0060000000000333e-10	0.8110459	-0.4825157	-0.06843594	-1.4434424e-17	-2.8994944e+09	300
1.0070000000000333e-10	0.81005114	-0.48262382	-0.069949985	-1.4444572e-17	-2.8994944e+09	300
1.0080000000000334e-10	0.8090379	-0.4827417	-0.0714685	-1.445484e-17	-2.7663526e+09	300
1.0090000000000334e-10	0.8080062	-0.48286963	-0.07299153	-1.4465227e-17	-2.7663526e+09	300
1.0100000000000335e-10	0.80695575	-0.48300716	-0.074519075	-1.4475737e-17	-2.639324e+09	300
1.0110000000000335e-10	0.8058866	-0.4831545	-0.07605119	-1.4486371e-17	-2.639324e+09	300
1.0120000000000336e-10	0.8047987	-0.4833114	-0.077587895	-1.4497131e-17	-2.5181274e+09	300
1.0130000000000336e-10	0.8036918	-0.48347798	-0.07912923	-1.4508018e-17	-2.5181274e+09	300
1.0140000000000337e-10	0.8025658	-0.48365414	-0.0806752	-1.4519036e-17	-2.4024955e+09	300
1.0150000000000337e-10	0.80142045	-0.48383978	-0.08222585	-1.4530184e-17	-2.4024955e+09	300
1.0160000000000338e-10	0.800256	-0.4840348	-0.08378122	-1.4541465e-17	-2.2921725e+09	300
1.0170000000000338e-10	0.799072	-0.48423925	-0.08534132	-1.455288e-17	-2.2921725e+09	300
1.0180000000000339e-10	0.79786855	-0.48445293	-0.08690618	-1.4564432e-17	-2.1869153e+09	300
1.0190000000000339e-10	0.79664534	-0.48467585	-0.088475846	-1.4576122e-17	-2.1869153e+09	300
1.020000000000034e-10	0.79540247	-0.48490798	-0.090050325	-1.4587952e-17	-2.086491e+09	300
1.021000000000034e-10	0.7941396	-0.48514923	-0.091629654	-1.4599925e-17	-2.086491e+09	300
1.022000000000034e-10	0.7928569	-0.48539948	-0.09321385	-1.4612038e-17	-1.9906778e+09	300
1.0230000000000341e-10	0.79155385	-0.48565862	-0.09480297	-1.46243e-17	-1.9906778e+09	300
1.0240000000000342e-10	0.7902307	-0.48592663	-0.09639698	-1.4636708e-17	-1.899264e+09	300
1.0250000000000342e-10	0.78888714	-0.48620343	-0.097995974	-1.4649261e-17	-1.899264e+09	300
1.0260000000000342e-10	0.7875232	-0.48648897	-0.09959994	-1.4661972e-17	-1.8120476e+09	300
1.0270000000000343e-10	0.7861386	-0.48678312	-0.1012089	-1.467483e-17	-1.8120476e+09	300
1.0280000000000343e-10	0.78473324	-0.4870858	-0.1028229	-1.4687844e-17	-1.7288358e+09	300
1.0290000000000344e-10	0.7833071	-0.48739693	-0.10444194	-1.4701013e-17	-1.7288358e+09	300
1.0300000000000344e-10	0.7818601	-0.48771638	-0.10606605	-1.4714339e-17	-1.6494451e+09	300
1.0310000000000345e-10	0.780392	-0.4880441	-0.10769527	-1.4727828e-17	-1.6494451e+09	300
1.0320000000000345e-10	0.7789027	-0.48838007	-0.10932961	-1.4741477e-17	-1.5736997e+09	300
1.0330000000000346e-10	0.7773922	-0.488724	-0.11096909	-1.4755289e-17	-1.5736997e+09	300
1.0340000000000346e-10	0.7758602	-0.48907593	-0.11261373	-1.4769265e-17	-1.5014324e+09	300
1.0350000000000347e-10	0.7743068	-0.48943582	-0.11426355	-1.4783412e-17	-1.5014324e+09	300
1.0360000000000347e-10	0.7727317	-0.48980337	-0.115918584	-1.4797725e-17	-1.4324837e+09	300
1.0370000000000348e-10	0.7711348	-0.49017859	-0.11757886	-1.4812207e-17	-1.4324837e+09	300
1.0380000000000348e-10	0.7695161	-0.49056137	-0.11924436	-1.4826865e-17	-1.3667009e+09	300
1.0390000000000349e-10	0.76787543	-0.49095154	-0.12091513	-1.4841696e-17	-1.3667009e+09	300
1.0400000000000349e-10	0.7662127	-0.49134904	-0.12259117	-1.4856703e-17	-1.3039388e+09	300
1.041000000000035e-10	0.76452774	-0.49175373	-0.124272525	-1.4871887e-17	-1.3039388e+09	300
1.042000000000035e-10	0.7628205	-0.49216554	-0.1259592	-1.4887253e-17	-1.2440588e+09	300
1.0430000000000351e-10	0.7610908	-0.49258426	-0.12765121	-1.4902799e-17	-1.2440588e+09	300
1.0440000000000351e-10	0.7593386	-0.4930098	-0.12934856	-1.491853e-17	-1.1869283e+09	300
1.0450000000000352e-10	0.75756377	-0.49344206	-0.13105129	-1.4934443e-17	-1.1869283e+09	300
1.0460000000000352e-10	0.7557663	-0.49388084	-0.13275939	-1.4950548e-17	-1.1324214e+09	300
1.0470000000000353e-10	0.75394577	-0.49432606	-0.13447289	-1.4966837e-17	-1.1324214e+09	300
1.0480000000000353e-10	0.7521024	-0.49477762	-0.13619177	-1.4983321e-17	-1.0804173e+09	300
1.0490000000000354e-10	0.7502359	-0.4952353	-0.13791612	-1.4999994e-17	-1.0804173e+09	300
1.0500000000000354e-10	0.7483462	-0.49569896	-0.13964587	-1.5016863e-17	-1.03080134e+09	300
1.0510000000000355e-10	0.7464334	-0.49616846	-0.14138106	-1.5033928e-17	-1.03080134e+09	300
1.0520000000000355e-10	0.7444971	-0.49664375	-0.14312172	-1.5051191e-17	-9.834638e+08	300
1.0530000000000356e-10	0.7425374	-0.4971246	-0.14486784	-1.5068655e-17	-9.834638e+08	300
1.0540000000000356e-10	0.7405541	-0.49761078	-0.14661944	-1.5086317e-17	-9.383e+08	300
1.0550000000000356e-10	0.73854715	-0.49810228	-0.1483765	-1.5104187e-17	-9.383e+08	300
1.0560000000000357e-10	0.7365164	-0.49859878	-0.15013906	-1.5122258e-17	-8.9521024e+08	300
1.0570000000000357e-10	0.73446184	-0.4991002	-0.15190713	-1.5140537e-17	-8.9521024e+08	300
1.0580000000000358e-10	0.7323834	-0.49960637	-0.1536807	-1.5159024e-17	-8.5409914e+08	300
1.0590000000000358e-10	0.73028076	-0.5001171	-0.15545976	-1.5177724e-17	-8.5409914e+08	300
1.0600000000000359e-10	0.728154	-0.5006323	-0.15724434	-1.5196633e-17	-8.1487597e+08	300
1.061000000000036e-10	0.72600317	-0.5011516	-0.15903443	-1.5215757e-17	-8.1487597e+08	300
1.062000000000036e-10	0.7238281	-0.50167507	-0.16083005	-1.5235097e-17	-7.77454e+08	300
1.063000000000036e-10	0.7216285	-0.5022024	-0.16263117	-1.5254653e-17	-7.77454e+08	300
1.0640000000000361e-10	0.71940446	-0.50273335	-0.16443783	-1.527443e-17	-7.4175046e+08	300
1.0650000000000361e-10	0.71715593	-0.5032677	-0.16625	-1.5294426e-17	-7.4175046e+08	300
1.0660000000000362e-10	0.71488285	-0.5038054	-0.16806768	-1.5314645e-17	-7.076866e+08	300
1.0670000000000362e-10	0.712585	-0.5043462	-0.16989091	-1.5335086e-17	-7.076866e+08	300
1.0680000000000363e-10	0.7102624	-0.5048899	-0.17171963	-1.5355753e-17	-6.7518694e+08	300
1.0690000000000363e-10	0.70791507	-0.50543624	-0.17355385	-1.5376647e-17	-6.7518694e+08	300
1.0700000000000364e-10	0.70554286	-0.5059851	-0.17539361	-1.5397772e-17	-6.441798e+08	300
1.0710000000000364e-10	0.7031456	-0.5065361	-0.17723887	-1.5419126e-17	-6.441798e+08	300
1.0720000000000365e-10	0.70072347	-0.50708926	-0.17908958	-1.5440712e-17	-6.145965e+08	300
1.0730000000000365e-10	0.69827616	-0.5076442	-0.18094581	-1.5462532e-17	-6.145965e+08	300
1.0740000000000366e-10	0.69580376	-0.5082007	-0.1828075	-1.5484586e-17	-5.863718e+08	300
1.0750000000000366e-10	0.69330627	-0.50875866	-0.18467468	-1.5506875e-17	-5.863718e+08	300
1.0760000000000367e-10	0.69078356	-0.50931764	-0.18654728	-1.5529404e-17	-5.594432e+08	300
1.0770000000000367e-10	0.6882355	-0.5098776	-0.18842536	-1.5552177e-17	-5.594432e+08	300
1.0780000000000368e-10	0.6856623	-0.51043826	-0.19030887	-1.5575182e-17	-5.337513e+08	300
1.0790000000000368e-10	0.68306375	-0.5109994	-0.19219778	-1.5598438e-17	-5.337513e+08	300
1.0800000000000369e-10	0.68043983	-0.5115606	-0.19409211	-1.5621933e-17	-5.0923923e+08	300
1.0810000000000369e-10	0.6777905	-0.5121218	-0.19599181	-1.564567e-17	-5.0923923e+08	300
1.082000000000037e-10	0.6751158	-0.51268274	-0.1978969	-1.5669661e-17	-4.858528e+08	300
1.083000000000037e-10	0.6724157	-0.513243	-0.19980732	-1.5693898e-17	-4.858528e+08	300
1.084000000000037e-10	0.6696901	-0.5138026	-0.20172307	-1.5718384e-17	-4.6354038e+08	300
1.0850000000000371e-10	0.666939	-0.514361	-0.20364416	-1.5743118e-17	-4.6354038e+08	300
1.0860000000000371e-10	0.66416246	-0.5149181	-0.2055705	-1.5768106e-17	-4.422526e+08	300
1.0870000000000372e-10	0.66136044	-0.5154736	-0.20750213	-1.5793348e-17	-4.422526e+08	300
1.0880000000000372e-10	0.658533	-0.5160273	-0.209439	-1.581884e-17	-4.2194243e+08	300
1.0890000000000373e-10	0.65568	-0.5165787	-0.21138108	-1.5844595e-17	-4.2194243e+08	300
1.0900000000000373e-10	0.65280163	-0.51712763	-0.21332833	-1.5870603e-17	-4.02565e+08	300
1.0910000000000374e-10	0.64989775	-0.51767397	-0.21528077	-1.5896868e-17	-4.02565e+08	300
1.0920000000000374e-10	0.6469685	-0.5182172	-0.21723832	-1.5923396e-17	-3.840774e+08	300
1.0930000000000375e-10	0.64401376	-0.51875716	-0.21920098	-1.595018e-17	-3.840774e+08	300
1.0940000000000375e-10	0.64103365	-0.51929355	-0.22116871	-1.5977227e-17	-3.6643885e+08	300
1.0950000000000376e-10	0.63802826	-0.51982605	-0.22314145	-1.6004537e-17	-3.6643885e+08	300
1.0960000000000376e-10	0.6349975	-0.5203544	-0.2251192	-1.6032109e-17	-3.4961034e+08	300
1.0970000000000377e-10	0.6319415	-0.5208782	-0.22710194	-1.6059948e-17	-3.4961034e+08	300
1.0980000000000377e-10	0.6288603	-0.52139723	-0.22908959	-1.6088046e-17	-3.3355462e+08	300
1.0990000000000378e-10	0.6257539	-0.5219112	-0.23108211	-1.6116416e-17	-3.3355462e+08	300
1.1000000000000378e-10	0.62262243	-0.5224197	-0.23307951	-1.6145052e-17	-3.1823626e+08	300
1.1010000000000379e-10	0.6194659	-0.5229224	-0.23508172	-1.6173958e-17	-3.1823626e+08	300
1.1020000000000379e-10	0.6162844	-0.5234192	-0.23708865	-1.6203128e-17	-3.0362138e+08	300
1.103000000000038e-10	0.613078	-0.5239095	-0.23910034	-1.6232566e-17	-3.0362138e+08	300
1.104000000000038e-10	0.6098468	-0.52439314	-0.24111669	-1.6262283e-17	-2.896777e+08	300
1.105000000000038e-10	0.60659075	-0.5248698	-0.24313766	-1.6292265e-17	-2.896777e+08	300
1.1060000000000381e-10	0.6033103	-0.525339	-0.2451632	-1.632252e-17	-2.7637434e+08	300
1.1070000000000382e-10	0.60000515	-0.5258006	-0.2471933	-1.6353043e-17	-2.7637434e+08	300
1.1080000000000382e-10	0.59667563	-0.5262541	-0.24922785	-1.6383844e-17	-2.636819e+08	300
1.1090000000000383e-10	0.59332174	-0.52669924	-0.25126687	-1.6414918e-17	-2.636819e+08	300
1.1100000000000383e-10	0.58994377	-0.5271357	-0.25331023	-1.6446263e-17	-2.5157238e+08	300
1.1110000000000383e-10	0.58654165	-0.5275631	-0.25535792	-1.6477883e-17	-2.5157238e+08	300
1.1120000000000384e-10	0.58311564	-0.52798104	-0.25740987	-1.6509779e-17	-2.4001898e+08	300
1.1130000000000384e-10	0.5796658	-0.5283893	-0.25946602	-1.6541948e-17	-2.4001898e+08	300
1.1140000000000385e-10	0.5761924	-0.5287874	-0.26152632	-1.6574393e-17	-2.2899616e+08	300
1.1150000000000385e-10	0.5726953	-0.5291749	-0.2635907	-1.6607115e-17	-2.2899616e+08	300
1.1160000000000386e-10	0.569175	-0.52955174	-0.2656591	-1.6640113e-17	-2.1847955e+08	300
1.1170000000000386e-10	0.5656315	-0.52991736	-0.26773143	-1.6673385e-17	-2.1847955e+08	300
1.1180000000000387e-10	0.56206495	-0.5302714	-0.26980767	-1.6706936e-17	-2.084459e+08	300
1.1190000000000387e-10	0.5584756	-0.5306135	-0.27188775	-1.6740762e-17	-2.084459e+08	300
1.1200000000000388e-10	0.5548637	-0.5309434	-0.27397156	-1.6774864e-17	-1.9887306e+08	300
1.1210000000000388e-10	0.55122924	-0.5312605	-0.27605906	-1.680925e-17	-1.9887306e+08	300
1.1220000000000389e-10	0.5475726	-0.5315647	-0.27815017	-1.6843902e-17	-1.8973984e+08	300
1.1230000000000389e-10	0.5438939	-0.53185546	-0.2802448	-1.6878835e-17	-1.8973984e+08	300
1.124000000000039e-10	0.5401934	-0.53213257	-0.2823429	-1.6914042e-17	-1.8102605e+08	300
1.125000000000039e-10	0.5364713	-0.5323953	-0.28444442	-1.6949533e-17	-1.8102605e+08	300
1.1260000000000391e-10	0.5327278	-0.5326436	-0.2865492	-1.6985292e-17	-1.7271245e+08	300
1.1270000000000391e-10	0.5289632	-0.53287715	-0.28865728	-1.7021332e-17	-1.7271245e+08	300
1.1280000000000392e-10	0.5251777	-0.53309524	-0.29076847	-1.7057639e-17	-1.6478064e+08	300
1.1290000000000392e-10	0.5213716	-0.5332977	-0.29288274	-1.7094228e-17	-1.6478064e+08	300
1.1300000000000393e-10	0.5175451	-0.5334841	-0.29499996	-1.7131096e-17	-1.5721309e+08	300
1.1310000000000393e-10	0.5136986	-0.53365415	-0.29712012	-1.7168228e-17	-1.5721309e+08	300
1.1320000000000394e-10	0.50983214	-0.53380734	-0.2992431	-1.7205641e-17	-1.4999309e+08	300
1.1330000000000394e-10	0.50594616	-0.5339433	-0.30136877	-1.7243328e-17	-1.4999309e+08	300
1.1340000000000395e-10	0.502041	-0.53406173	-0.30349708	-1.7281287e-17	-1.4310466e+08	300
1.1350000000000395e-10	0.49811688	-0.5341621	-0.30562794	-1.7319516e-17	-1.4310466e+08	300
1.1360000000000396e-10	0.49417406	-0.5342442	-0.30776128	-1.7358023e-17	-1.3653258e+08	300
1.1370000000000396e-10	0.49021298	-0.53430754	-0.30989695	-1.7396794e-17	-1.3653258e+08	300
1.1380000000000397e-10	0.4862339	-0.5343517	-0.31203488	-1.7435839e-17	-1.302623e+08	300
1.1390000000000397e-10	0.4822371	-0.5343764	-0.31417498	-1.747515e-17	-1.302623e+08	300
1.1400000000000397e-10	0.47822303	-0.5343812	-0.31631717	-1.7514729e-17	-1.2428001e+08	300
1.1410000000000398e-10	0.47419196	-0.5343657	-0.31846133	-1.755458e-17	-1.2428001e+08	300
1.1420000000000398e-10	0.4701442	-0.53432953	-0.3206073	-1.7594699e-17	-1.1857244e+08	300
1.1430000000000399e-10	0.46608022	-0.5342723	-0.32275507	-1.7635074e-17	-1.1857244e+08	300
1.14400000000004e-10	0.46200034	-0.53419363	-0.3249045	-1.767572e-17	-1.1312699e+08	300
1.14500000000004e-10	0.45790493	-0.53409314	-0.3270555	-1.7716632e-17	-1.1312699e+08	300
1.14600000000004e-10	0.45379442	-0.5339704	-0.32920793	-1.77578e-17	-1.07931624e+08	300
1.1470000000000401e-10	0.44966918	-0.53382516	-0.33136168	-1.7799236e-17	-1.07931624e+08	300
1.1480000000000401e-10	0.44552958	-0.53365695	-0.33351666	-1.7840931e-17	-1.02974856e+08	300
1.1490000000000402e-10	0.44137606	-0.53346527	-0.3356728	-1.7882882e-17	-1.02974856e+08	300
1.1500000000000402e-10	0.43720898	-0.53325	-0.3378299	-1.7925088e-17	-9.824573e+07	300
1.1510000000000403e-10	0.43302885	-0.5330106	-0.33998787	-1.7967556e-17	-9.824573e+07	300
1.1520000000000403e-10	0.4288361	-0.53274673	-0.3421467	-1.8010276e-17	-9.3733784e+07	300
1.1530000000000404e-10	0.4246311	-0.532458	-0.34430608	-1.8053252e-17	-9.3733784e+07	300
1.1540000000000404e-10	0.4204144	-0.5321441	-0.3464661	-1.8096475e-17	-8.942905e+07	300
1.1550000000000405e-10	0.4161863	-0.5318047	-0.3486265	-1.8139952e-17	-8.942905e+07	300
1.1560000000000405e-10	0.41194737	-0.53143924	-0.35078722	-1.8183672e-17	-8.532201e+07	300
1.1570000000000406e-10	0.40769815	-0.5310476	-0.3529481	-1.822764e-17	-8.532201e+07	300
1.1580000000000406e-10	0.40343893	-0.5306292	-0.35510904	-1.8271859e-17	-8.140358e+07	300
1.1590000000000407e-10	0.39917034	-0.53018385	-0.35726994	-1.8316315e-17	-8.140358e+07	300
1.1600000000000407e-10	0.3948928	-0.5297112	-0.3594306	-1.8361019e-17	-7.766511e+07	300
1.1610000000000408e-10	0.39060694	-0.5292108	-0.361591	-1.8405955e-17	-7.766511e+07	300
1.1620000000000408e-10	0.3863131	-0.5286824	-0.36375093	-1.8451135e-17	-7.409833e+07	300
1.1630000000000409e-10	0.38201186	-0.5281256	-0.36591026	-1.8496544e-17	-7.409833e+07	300
1.1640000000000409e-10	0.37770373	-0.5275401	-0.36806893	-1.85422e-17	-7.069535e+07	300
1.1650000000000407e-10	0.37338924	-0.5269255	-0.37022677	-1.8588075e-17	-7.069535e+07	300
1.1660000000000405e-10	0.36906892	-0.5262816	-0.3723836	-1.8634186e-17	-7.069535e+07	300
1.1670000000000403e-10	0.36474335	-0.52560794	-0.37453935	-1.8680524e-17	-6.666055e+07	300
1.16800000000004e-10	0.36041304	-0.5249043	-0.37669387	-1.8727088e-17	-6.666055e+07	300
1.1690000000000399e-10	0.3560785	-0.5241704	-0.37884706	-1.8773875e-17	-6.2856028e+07	300
1.1700000000000396e-10	0.35174042	-0.52340585	-0.38099867	-1.8820887e-17	-6.2856028e+07	300
1.1710000000000394e-10	0.34739923	-0.52261037	-0.38314873	-1.8868114e-17	-6.2856028e+07	300
1.1720000000000392e-10	0.34305558	-0.5217836	-0.3852969	-1.8915556e-17	-5.9268644e+07	300
1.173000000000039e-10	0.33871	-0.52092534	-0.3874433	-1.8963221e-17	-5.9268644e+07	300
1.1740000000000388e-10	0.33436313	-0.5200353	-0.38958752	-1.9011097e-17	-5.5886e+07	300
1.1750000000000386e-10	0.33001548	-0.5191132	-0.39172965	-1.9059174e-17	-5.5886e+07	300
1.1760000000000384e-10	0.32566768	-0.5181587	-0.3938694	-1.910747e-17	-5.5886e+07	300
1.1770000000000382e-10	0.32132033	-0.51717156	-0.39600667	-1.9155968e-17	-5.2696412e+07	300
1.178000000000038e-10	0.31697404	-0.5161516	-0.3981413	-1.9204667e-17	-5.2696412e+07	300
1.1790000000000378e-10	0.31262946	-0.51509845	-0.4002732	-1.9253567e-17	-4.9688864e+07	300
1.1800000000000375e-10	0.3082871	-0.51401204	-0.40240216	-1.9302665e-17	-4.9688864e+07	300
1.1810000000000373e-10	0.30394766	-0.5128919	-0.40452814	-1.9351952e-17	-4.9688864e+07	300
1.182000000000037e-10	0.29961175	-0.51173794	-0.4066509	-1.9401444e-17	-4.685297e+07	300
1.183000000000037e-10	0.29527998	-0.5105499	-0.4087703	-1.945112e-17	-4.685297e+07	300
1.1840000000000367e-10	0.29095295	-0.50932753	-0.4108862	-1.9500985e-17	-4.4178924e+07	300
1.1850000000000365e-10	0.28663138	-0.5080707	-0.4129985	-1.9551034e-17	-4.4178924e+07	300
1.1860000000000363e-10	0.28231585	-0.50677913	-0.41510695	-1.9601262e-17	-4.4178924e+07	300
1.187000000000036e-10	0.27800697	-0.5054527	-0.41721153	-1.9651669e-17	-4.1657492e+07	300
1.1880000000000359e-10	0.27370545	-0.50409114	-0.41931206	-1.9702258e-17	-4.1657492e+07	300
1.1890000000000357e-10	0.26941192	-0.50269437	-0.42140833	-1.9753023e-17	-3.927997e+07	300
1.1900000000000354e-10	0.265127	-0.5012621	-0.4235003	-1.980395e-17	-3.927997e+07	300
1.1910000000000352e-10	0.26085138	-0.49979421	-0.42558765	-1.9855043e-17	-3.927997e+07	300
1.192000000000035e-10	0.25658572	-0.49829066	-0.42767036	-1.9906321e-17	-3.703814e+07	300
1.1930000000000348e-10	0.25233063	-0.49675122	-0.42974833	-1.9957752e-17	-3.703814e+07	300
1.1940000000000346e-10	0.24808684	-0.49517566	-0.4318213	-2.000934e-17	-3.4924256e+07	300
1.1950000000000344e-10	0.24385494	-0.493564	-0.4338891	-2.006108e-17	-3.4924256e+07	300
1.1960000000000342e-10	0.23963565	-0.4919161	-0.4359517	-2.011298e-17	-3.4924256e+07	300
1.197000000000034e-10	0.23542961	-0.49023175	-0.43800884	-2.0165039e-17	-3.2931018e+07	300
1.1980000000000338e-10	0.23123749	-0.48851094	-0.4400605	-2.0217237e-17	-3.2931018e+07	300
1.1990000000000335e-10	0.22705996	-0.48675358	-0.44210637	-2.0269573e-17	-3.1051542e+07	300
1.2000000000000333e-10	0.22289768	-0.48495966	-0.44414636	-2.0322069e-17	-3.1051542e+07	300
1.201000000000033e-10	0.21875134	-0.4831289	-0.4461804	-2.0374691e-17	-3.1051542e+07	300
1.202000000000033e-10	0.2146216	-0.48126146	-0.44820827	-2.042746e-17	-2.9279332e+07	300
1.2030000000000327e-10	0.21050912	-0.47935718	-0.45022985	-2.0480357e-17	-2.9279332e+07	300
1.2040000000000325e-10	0.20641457	-0.47741607	-0.45224488	-2.0533384e-17	-2.7608268e+07	300
1.2050000000000323e-10	0.20233864	-0.47543806	-0.45425346	-2.0586537e-17	-2.7608268e+07	300
1.206000000000032e-10	0.19828197	-0.47342306	-0.45625517	-2.0639822e-17	-2.7608268e+07	300
1.2070000000000319e-10	0.19424522	-0.47137126	-0.45825005	-2.0693223e-17	-2.6032576e+07	300
1.2080000000000317e-10	0.19022912	-0.4692825	-0.46023783	-2.0746742e-17	-2.6032576e+07	300
1.2090000000000314e-10	0.18623428	-0.46715695	-0.46221846	-2.0800376e-17	-2.4546816e+07	300
1.2100000000000312e-10	0.18226138	-0.46499443	-0.46419173	-2.085413e-17	-2.4546816e+07	300
1.211000000000031e-10	0.17831108	-0.46279514	-0.46615753	-2.0907984e-17	-2.4546816e+07	300
1.2120000000000308e-10	0.17438403	-0.46055904	-0.46811572	-2.0961941e-17	-2.314585e+07	300
1.2130000000000306e-10	0.1704809	-0.45828617	-0.4700661	-2.1016017e-17	-2.314585e+07	300
1.2140000000000304e-10	0.16660234	-0.4559767	-0.47200856	-2.1070184e-17	-2.1824844e+07	300
1.2150000000000302e-10	0.16274902	-0.45363066	-0.47394297	-2.1124438e-17	-2.1824844e+07	300
1.21600000000003e-10	0.15892155	-0.45124808	-0.47586915	-2.1178802e-17	-2.1824844e+07	300
1.2170000000000298e-10	0.15512064	-0.44882917	-0.47778708	-2.1233243e-17	-2.057923e+07	300
1.2180000000000296e-10	0.15134686	-0.44637397	-0.47969645	-2.1287783e-17	-2.057923e+07	300
1.2190000000000293e-10	0.1476009	-0.44388258	-0.48159721	-2.1342408e-17	-1.9404708e+07	300
1.2200000000000291e-10	0.14388339	-0.44135523	-0.48348925	-2.1397106e-17	-1.9404708e+07	300
1.221000000000029e-10	0.14019492	-0.438792	-0.48537233	-2.1451895e-17	-1.9404708e+07	300
1.2220000000000287e-10	0.13653618	-0.43619302	-0.4872464	-2.150675e-17	-1.829722e+07	300
1.2230000000000285e-10	0.13290773	-0.43355852	-0.4891113	-2.1561682e-17	-1.829722e+07	300
1.2240000000000283e-10	0.12931025	-0.43088865	-0.4909669	-2.1616684e-17	-1.7252938e+07	300
1.225000000000028e-10	0.12574428	-0.42818362	-0.49281305	-2.1671748e-17	-1.7252938e+07	300
1.226000000000028e-10	0.1222105	-0.42544362	-0.49464956	-2.172688e-17	-1.7252938e+07	300
1.2270000000000277e-10	0.11870946	-0.42266884	-0.4964764	-2.1782068e-17	-1.6268258e+07	300
1.2280000000000275e-10	0.115241766	-0.4198596	-0.49829346	-2.183731e-17	-1.6268258e+07	300
1.2290000000000272e-10	0.11180803	-0.41701594	-0.50010055	-2.1892614e-17	-1.5339777e+07	300
1.230000000000027e-10	0.10840881	-0.41413826	-0.5018975	-2.1947974e-17	-1.5339777e+07	300
1.2310000000000268e-10	0.1050447	-0.41122687	-0.5036842	-2.2003372e-17	-1.5339777e+07	300
1.2320000000000266e-10	0.10171625	-0.4082819	-0.5054607	-2.2058824e-17	-1.4464287e+07	300
1.2330000000000264e-10	0.09842405	-0.40530375	-0.5072266	-2.2114306e-17	-1.4464287e+07	300
1.2340000000000262e-10	0.09516863	-0.4022926	-0.508982	-2.2169838e-17	-1.3638764e+07	300
1.235000000000026e-10	0.09195054	-0.39924884	-0.5107267	-2.2225405e-17	-1.3638764e+07	300
1.2360000000000258e-10	0.08877036	-0.39617273	-0.5124605	-2.228101e-17	-1.3638764e+07	300
1.2370000000000256e-10	0.08562858	-0.39306456	-0.5141834	-2.2336636e-17	-1.2860356e+07	300
1.2380000000000253e-10	0.082525745	-0.3899248	-0.5158952	-2.2392289e-17	-1.2860356e+07	300
1.2390000000000251e-10	0.07946236	-0.38675368	-0.5175959	-2.2447983e-17	-1.2126374e+07	300
1.240000000000025e-10	0.07643895	-0.3835516	-0.5192852	-2.2503679e-17	-1.2126374e+07	300
1.2410000000000247e-10	0.073456004	-0.38031885	-0.5209632	-2.2559406e-17	-1.2126374e+07	300
1.2420000000000245e-10	0.07051402	-0.37705597	-0.5226296	-2.2615146e-17	-1.1434283e+07	300
1.2430000000000243e-10	0.06761348	-0.37376317	-0.5242846	-2.2670895e-17	-1.1434283e+07	300
1.244000000000024e-10	0.06475485	-0.370441	-0.52592766	-2.2726667e-17	-1.0781692e+07	300
1.245000000000024e-10	0.061938614	-0.36708975	-0.527559	-2.2782433e-17	-1.0781692e+07	300
1.2460000000000237e-10	0.059165206	-0.36370987	-0.5291784	-2.283821e-17	-1.0781692e+07	300
1.2470000000000235e-10	0.056435086	-0.36030185	-0.5307857	-2.2893999e-17	-1.0166346e+07	300
1.2480000000000232e-10	0.05374868	-0.35686603	-0.532381	-2.294977e-17	-1.0166346e+07	300
1.249000000000023e-10	0.05110641	-0.3534029	-0.53396404	-2.3005549e-17	-9.58612e+06	300
1.2500000000000228e-10	0.048508704	-0.34991294	-0.53553474	-2.3061316e-17	-9.58612e+06	300
1.2510000000000226e-10	0.04595597	-0.3463966	-0.53709304	-2.3117086e-17	-9.58612e+06	300
1.2520000000000224e-10	0.043448586	-0.34285438	-0.53863883	-2.3172823e-17	0	300
1.2530000000000222e-10	0.040986944	-0.33928666	-0.54017216	-2.3228565e-17	0	300
1.254000000000022e-10	0.038571425	-0.335694	-0.54169273	-2.3284282e-17	0	300
1.2550000000000218e-10	0.03620238	-0.33207697	-0.54320055	-2.333999e-17	0	300
1.2560000000000216e-10	0.033880167	-0.32843596	-0.54469556	-2.3395659e-17	0	300
1.2570000000000214e-10	0.031605136	-0.32477152	-0.5461777	-2.3451312e-17	0	300
1.2580000000000211e-10	0.029377595	-0.3210842	-0.5476468	-2.3506948e-17	0	300
1.259000000000021e-10	0.027197883	-0.3173746	-0.5491028	-2.3562533e-17	0	300
1.2600000000000207e-10	0.025066294	-0.3136431	-0.5505457	-2.3618103e-17	0	300
1.2610000000000205e-10	0.022983126	-0.30989036	-0.5519755	-2.3673636e-17	0	300
1.2620000000000203e-10	0.02094866	-0.3061169	-0.55339193	-2.3729123e-17	0	300
1.26300000000002e-10	0.018963173	-0.3023233	-0.55479497	-2.378459e-17	0	300
1.26400000000002e-10	0.017026927	-0.2985102	-0.5561847	-2.3840002e-17	0	300
1.2650000000000197e-10	0.015140161	-0.29467797	-0.55756086	-2.3895359e-17	0	300
1.2660000000000195e-10	0.013303114	-0.2908274	-0.5589236	-2.3950692e-17	0	300
1.2670000000000193e-10	0.01151601	-0.28695893	-0.56027275	-2.4005966e-17	0	300
1.268000000000019e-10	0.009779066	-0.28307325	-0.56160825	-2.4061202e-17	0	300
1.2690000000000188e-10	0.008092473	-0.27917093	-0.56293	-2.4116363e-17	0	300
1.2700000000000186e-10	0.0064564263	-0.2752526	-0.5642381	-2.417148e-17	0	300
1.2710000000000184e-10	0.0048710965	-0.27131882	-0.56553245	-2.422653e-17	0	300
1.2720000000000182e-10	0.0033366429	-0.26737022	-0.5668129	-2.4281541e-17	0	300
1.273000000000018e-10	0.0018532183	-0.2634074	-0.56807935	-2.4336474e-17	0	300
1.2740000000000178e-10	0.00042096898	-0.2594311	-0.56933206	-2.439135e-17	0	300
1.2750000000000176e-10	-0.00095999613	-0.25544178	-0.57057077	-2.444615e-17	0	300
1.2760000000000174e-10	-0.0022895578	-0.25144017	-0.5717955	-2.4500896e-17	0	300
1.2770000000000171e-10	-0.0035676043	-0.24742691	-0.5730062	-2.4555563e-17	0	300
1.278000000000017e-10	-0.004794065	-0.24340257	-0.5742029	-2.4610155e-17	0	300
1.2790000000000167e-10	-0.005968854	-0.23936787	-0.5753855	-2.4664681e-17	0	300
1.2800000000000165e-10	-0.0070919152	-0.23532343	-0.57655406	-2.471913e-17	0	300
1.2810000000000163e-10	-0.00816319	-0.2312699	-0.57770836	-2.4773495e-17	0	300
1.282000000000016e-10	-0.009182647	-0.2272079	-0.5788486	-2.4827781e-17	0	300
1.283000000000016e-10	-0.010150256	-0.22313812	-0.57997465	-2.4881993e-17	0	300
1.2840000000000157e-10	-0.011066005	-0.2190612	-0.5810865	-2.4936129e-17	0	300
1.2850000000000155e-10	-0.011929892	-0.21497777	-0.58218426	-2.4990152e-17	0	300
1.2860000000000153e-10	-0.0127419345	-0.21088853	-0.5832677	-2.5044104e-17	0	300
1.287000000000015e-10	-0.01350215	-0.20679414	-0.58433694	-2.5097977e-17	0	300
1.2880000000000148e-10	-0.014210567	-0.20269525	-0.585392	-2.515174e-17	0	300
1.2890000000000146e-10	-0.014867248	-0.19859248	-0.58643293	-2.5205432e-17	0	300
1.2900000000000144e-10	-0.015472256	-0.19448653	-0.5874595	-2.5259019e-17	0	300
1.2910000000000142e-10	-0.016025633	-0.19037807	-0.5884719	-2.5312503e-17	0	300
1.292000000000014e-10	-0.016527493	-0.1862677	-0.5894701	-2.5365907e-17	0	300
1.2930000000000138e-10	-0.016977927	-0.18215618	-0.5904541	-2.5419197e-17	0	300
1.2940000000000136e-10	-0.017377023	-0.17804405	-0.59142387	-2.5472403e-17	0	300
1.2950000000000134e-10	-0.01772492	-0.17393205	-0.59237945	-2.5525487e-17	0	300
1.2960000000000132e-10	-0.01802174	-0.16982083	-0.59332085	-2.5578481e-17	0	300
1.297000000000013e-10	-0.018267626	-0.16571103	-0.59424806	-2.5631364e-17	0	300
1.2980000000000127e-10	-0.018462725	-0.16160327	-0.5951612	-2.568416e-17	0	300
1.2990000000000125e-10	-0.01860721	-0.15749826	-0.5960602	-2.5736826e-17	0	300
1.3000000000000123e-10	-0.01870124	-0.15339662	-0.5969451	-2.578939e-17	0	300
1.301000000000012e-10	-0.01874502	-0.149299	-0.59781593	-2.5841852e-17	0	300
1.302000000000012e-10	-0.018738734	-0.14520605	-0.59867275	-2.5894181e-17	0	300
1.3030000000000117e-10	-0.018682593	-0.14111839	-0.5995155	-2.5946427e-17	0	300
1.3040000000000115e-10	-0.018576814	-0.13703667	-0.6003443	-2.5998551e-17	0	300
1.3050000000000113e-10	-0.018421613	-0.13296153	-0.6011591	-2.6050545e-17	0	300
1.306000000000011e-10	-0.018217258	-0.1288936	-0.60196006	-2.6102442e-17	0	300
1.3070000000000108e-10	-0.017963957	-0.12483352	-0.6027472	-2.6154214e-17	0	300
1.3080000000000106e-10	-0.017661992	-0.12078188	-0.6035204	-2.6205861e-17	0	300
1.3090000000000104e-10	-0.017311636	-0.11673934	-0.6042799	-2.6257394e-17	0	300
1.3100000000000102e-10	-0.016913142	-0.11270647	-0.6050256	-2.6308805e-17	0	300
1.31100000000001e-10	-0.01646682	-0.10868392	-0.6057577	-2.6360089e-17	0	300
1.3120000000000098e-10	-0.01597295	-0.10467227	-0.60647607	-2.6411255e-17	0	300
1.3130000000000096e-10	-0.015431827	-0.100672126	-0.6071809	-2.6462282e-17	0	300
1.3140000000000094e-10	-0.014843784	-0.09668408	-0.60787225	-2.6513187e-17	0	300
1.3150000000000092e-10	-0.014209136	-0.09270874	-0.6085501	-2.6563979e-17	0	300
1.316000000000009e-10	-0.013528205	-0.08874667	-0.6092145	-2.6614642e-17	0	300
1.3170000000000087e-10	-0.012801329	-0.08479846	-0.60986567	-2.6665176e-17	0	300
1.3180000000000085e-10	-0.012028862	-0.08086467	-0.61050344	-2.6715578e-17	0	300
1.3190000000000083e-10	-0.011211161	-0.07694589	-0.61112803	-2.6765839e-17	0	300
1.320000000000008e-10	-0.010348571	-0.07304265	-0.6117395	-2.681597e-17	0	300
1.321000000000008e-10	-0.00944147	-0.069155544	-0.6123378	-2.6865978e-17	0	300
1.3220000000000077e-10	-0.008490233	-0.06528509	-0.6129232	-2.6915845e-17	0	300
1.3230000000000075e-10	-0.0074952375	-0.061431818	-0.61349565	-2.6965585e-17	0	300
1.3240000000000073e-10	-0.0064568855	-0.057596307	-0.61405516	-2.7015184e-17	0	300
1.325000000000007e-10	-0.0053755566	-0.053779043	-0.61460197	-2.7064642e-17	0	300
1.3260000000000068e-10	-0.0042516654	-0.04998058	-0.6151361	-2.7113966e-17	0	300
1.3270000000000066e-10	-0.0030856216	-0.046201408	-0.61565757	-2.7163157e-17	0	300
1.3280000000000064e-10	-0.0018778313	-0.042442054	-0.61616653	-2.721221e-17	0	300
1.3290000000000062e-10	-0.0006287191	-0.038703	-0.61666304	-2.7261107e-17	0	300
1.330000000000006e-10	0.00066129025	-0.03498475	-0.61714727	-2.7309877e-17	0	300
1.3310000000000058e-10	0.0019917572	-0.031287782	-0.61761904	-2.7358506e-17	0	300
1.3320000000000056e-10	0.0033622552	-0.02761259	-0.6180788	-2.7406988e-17	0	300
1.3330000000000054e-10	0.0047723316	-0.023959626	-0.6185264	-2.7455322e-17	0	300
1.3340000000000052e-10	0.0062215477	-0.02032936	-0.61896205	-2.7503522e-17	0	300
1.335000000000005e-10	0.007709451	-0.01672226	-0.6193857	-2.7551573e-17	0	300
1.3360000000000047e-10	0.009235583	-0.013138751	-0.61979765	-2.7599465e-17	0	300
1.3370000000000045e-10	0.010799482	-0.009579288	-0.62019795	-2.7647217e-17	0	300
1.3380000000000043e-10	0.012400684	-0.0060443077	-0.6205865	-2.7694832e-17	0	300
1.339000000000004e-10	0.014038721	-0.0025342181	-0.62096363	-2.7742294e-17	0	300
1.340000000000004e-10	0.015713124	0.0009505525	-0.62132937	-2.778961e-17	0	300
1.3410000000000037e-10	0.017423408	0.0044096	-0.6216838	-2.7836762e-17	0	300
1.3420000000000035e-10	0.019169105	0.00784252	-0.62202704	-2.788377e-17	0	300
1.3430000000000033e-10	0.020949729	0.011248924	-0.62235916	-2.7930627e-17	0	300
1.344000000000003e-10	0.022764787	0.014628416	-0.6226804	-2.7977343e-17	0	300
1.3450000000000029e-10	0.0246138	0.017980637	-0.6229908	-2.8023883e-17	0	300
1.3460000000000026e-10	0.02649627	0.021305207	-0.6232904	-2.807029e-17	0	300
1.3470000000000024e-10	0.028411709	0.024601767	-0.6235794	-2.8116537e-17	0	300
1.3480000000000022e-10	0.030359618	0.02786997	-0.6238578	-2.8162638e-17	0	300
1.349000000000002e-10	0.0323395	0.031109454	-0.62412584	-2.8208556e-17	0	300
1.3500000000000018e-10	0.03435085	0.0343199	-0.6243836	-2.8254342e-17	0	300
1.3510000000000016e-10	0.036393173	0.037500974	-0.62463117	-2.8299963e-17	0	300
1.3520000000000014e-10	0.038465958	0.040652357	-0.62486875	-2.8345415e-17	0	300
1.3530000000000012e-10	0.040568706	0.043773733	-0.62509626	-2.8390728e-17	0	300
1.354000000000001e-10	0.04270091	0.046864796	-0.625314	-2.843587e-17	0	300
1.3550000000000007e-10	0.044862047	0.049925275	-0.6255221	-2.8480854e-17	0	300
1.3560000000000005e-10	0.047051627	0.052954838	-0.62572056	-2.8525687e-17	0	300
1.3570000000000003e-10	0.049269132	0.055953223	-0.62590957	-2.8570342e-17	0	300
1.358e-10	0.051514048	0.058920167	-0.6260892	-2.8614864e-17	0	300
1.3594999999999998e-10	0.0549317	0.06331105	-0.6263415	-2.868132e-17	0	300
1.3604999999999996e-10	0.05724291	0.06619824	-0.62649846	-2.8725422e-17	0	300
1.3614999999999994e-10	0.059579737	0.06905307	-0.62664634	-2.876935e-17	0	300
1.3624999999999992e-10	0.061941672	0.071875334	-0.6267855	-2.8813126e-17	0	300
1.363499999999999e-10	0.064328186	0.0746648	-0.6269161	-2.885673e-17	0	300
1.3644999999999988e-10	0.066738784	0.077421226	-0.62703806	-2.8900175e-17	0	300
1.3654999999999985e-10	0.06917295	0.080144405	-0.62715167	-2.8943457e-17	0	300
1.3664999999999983e-10	0.071630165	0.08283413	-0.627257	-2.8986573e-17	0	300
1.367499999999998e-10	0.07410991	0.08549021	-0.62735426	-2.9029523e-17	0	300
1.368499999999998e-10	0.07661168	0.08811245	-0.6274433	-2.9072308e-17	0	300
1.3694999999999977e-10	0.07913496	0.09070068	-0.62752455	-2.911492e-17	0	300
1.3704999999999975e-10	0.08167925	0.093254685	-0.627598	-2.9157372e-17	0	300
1.3714999999999973e-10	0.08424401	0.09577432	-0.6276638	-2.919964e-17	0	300
1.372499999999997e-10	0.08682876	0.098259434	-0.6277221	-2.924177e-17	0	300
1.3734999999999969e-10	0.089432985	0.10070985	-0.6277729	-2.928371e-17	0	300
1.3744999999999966e-10	0.092056155	0.10312544	-0.6278166	-2.932549e-17	0	300
1.3754999999999964e-10	0.09469779	0.10550605	-0.6278531	-2.9367105e-17	0	300
1.3764999999999962e-10	0.09735736	0.107851535	-0.62788254	-2.9408537e-17	0	300
1.377499999999996e-10	0.100034386	0.1101618	-0.62790513	-2.944981e-17	0	300
1.3784999999999958e-10	0.10272834	0.11243669	-0.6279209	-2.9490915e-17	0	300
1.3794999999999956e-10	0.10543875	0.11467613	-0.6279301	-2.9531843e-17	0	300
1.3804999999999954e-10	0.108165085	0.11688001	-0.6279327	-2.9572604e-17	0	300
1.3814999999999952e-10	0.110906854	0.119048186	-0.627929	-2.9613195e-17	0	300
1.382499999999995e-10	0.11366358	0.12118061	-0.627919	-2.965361e-17	0	300
1.3834999999999948e-10	0.11643475	0.12327718	-0.62790287	-2.9693858e-17	0	300
1.3844999999999945e-10	0.11921987	0.12533781	-0.6278807	-2.973394e-17	0	300
1.3854999999999943e-10	0.12201845	0.12736247	-0.62785256	-2.9773853e-17	0	300
1.386499999999994e-10	0.12483001	0.12935102	-0.6278188	-2.981359e-17	0	300
1.387499999999994e-10	0.12765406	0.13130347	-0.6277793	-2.9853153e-17	0	300
1.3884999999999937e-10	0.13049011	0.13321973	-0.6277343	-2.9892557e-17	0	300
1.3894999999999935e-10	0.13333766	0.13509977	-0.6276839	-2.9931785e-17	0	300
1.3904999999999933e-10	0.13619627	0.13694353	-0.6276282	-2.997083e-17	0	300
1.391499999999993e-10	0.13906544	0.138751	-0.6275673	-3.0009716e-17	0	300
1.3924999999999929e-10	0.14194469	0.14052212	-0.62750137	-3.0048434e-17	0	300
1.3934999999999927e-10	0.14483355	0.14225689	-0.62743056	-3.0086964e-17	0	300
1.3944999999999924e-10	0.14773156	0.14395529	-0.62735486	-3.0125342e-17	0	300
1.3954999999999922e-10	0.15063822	0.14561729	-0.6272744	-3.0163535e-17	0	300
1.396499999999992e-10	0.15355313	0.14724292	-0.6271895	-3.020156e-17	0	300
1.3974999999999918e-10	0.15647575	0.14883214	-0.62710005	-3.023941e-17	0	300
1.3984999999999916e-10	0.15940566	0.15038495	-0.6270063	-3.0277097e-17	0	300
1.3994999999999914e-10	0.1623424	0.15190144	-0.6269083	-3.0314608e-17	0	300
1.4004999999999912e-10	0.16528553	0.15338153	-0.62680614	-3.0351947e-17	0	300
1.401499999999991e-10	0.16823456	0.1548253	-0.62670004	-3.038912e-17	0	300
1.4024999999999908e-10	0.17118904	0.15623277	-0.62658995	-3.0426125e-17	0	300
1.4034999999999906e-10	0.17414857	0.15760396	-0.62647617	-3.0462948e-17	0	300
1.4044999999999903e-10	0.17711267	0.1589389	-0.6263586	-3.0499602e-17	0	300
1.4054999999999901e-10	0.18008092	0.16023763	-0.6262375	-3.0536087e-17	0	300
1.40649999999999e-10	0.18305287	0.16150023	-0.62611294	-3.0572407e-17	0	300
1.4074999999999897e-10	0.1860281	0.16272673	-0.625985	-3.0608558e-17	0	300
1.4084999999999895e-10	0.18900613	0.16391718	-0.62585384	-3.064453e-17	0	300
1.4094999999999893e-10	0.19198659	0.16507165	-0.62571955	-3.0680337e-17	0	300
1.410499999999989e-10	0.19496903	0.1661902	-0.6255822	-3.071599e-17	0	300
1.4114999999999889e-10	0.19795303	0.16727293	-0.6254419	-3.075145e-17	0	300
1.4124999999999887e-10	0.2009382	0.16831988	-0.62529874	-3.078674e-17	0	300
1.4134999999999884e-10	0.20392404	0.16933113	-0.62515277	-3.082187e-17	0	300
1.4144999999999882e-10	0.20691025	0.1703068	-0.6250043	-3.085683e-17	0	300
1.415499999999988e-10	0.20989633	0.17124696	-0.62485325	-3.089162e-17	0	300
1.4164999999999878e-10	0.21288192	0.17215168	-0.6246997	-3.0926255e-17	0	300
1.4174999999999876e-10	0.21586661	0.1730211	-0.62454385	-3.09607e-17	0	300
1.4184999999999874e-10	0.21884999	0.17385526	-0.62438583	-3.0994997e-17	0	300
1.4194999999999872e-10	0.22183166	0.17465433	-0.62422544	-3.1029106e-17	0	300
1.420499999999987e-10	0.22481126	0.17541839	-0.6240632	-3.106306e-17	0	300
1.4214999999999868e-10	0.22778836	0.17614755	-0.623899	-3.1096846e-17	0	300
1.4224999999999866e-10	0.23076257	0.17684194	-0.62373275	-3.1130463e-17	0	300
1.4234999999999863e-10	0.23373356	0.17750168	-0.62356484	-3.1163914e-17	0	300
1.4244999999999861e-10	0.23670089	0.17812689	-0.6233952	-3.1197203e-17	0	300
1.425499999999986e-10	0.23966423	0.17871767	-0.623224	-3.1230313e-17	0	300
1.4264999999999857e-10	0.24262314	0.1792742	-0.6230513	-3.1263268e-17	0	300
1.4274999999999855e-10	0.24557735	0.1797966	-0.6228771	-3.1296048e-17	0	300
1.4284999999999853e-10	0.24852641	0.18028502	-0.62270164	-3.132868e-17	0	300
1.429499999999985e-10	0.25146994	0.18073952	-0.62252486	-3.1361137e-17	0	300
1.430499999999985e-10	0.25440764	0.18116036	-0.62234694	-3.1393433e-17	0	300
1.4314999999999847e-10	0.25733915	0.18154766	-0.622168	-3.1425544e-17	0	300
1.4324999999999845e-10	0.26026413	0.18190151	-0.621988	-3.145751e-17	0	300
1.4334999999999842e-10	0.26318213	0.18222211	-0.6218071	-3.1489313e-17	0	300
1.434499999999984e-10	0.2660929	0.18250966	-0.6216254	-3.1520958e-17	0	300
1.4354999999999838e-10	0.26899606	0.18276423	-0.6214429	-3.1552434e-17	0	300
1.4364999999999836e-10	0.2718913	0.18298607	-0.6212598	-3.1583738e-17	0	300
1.4374999999999834e-10	0.27477822	0.18317531	-0.621076	-3.1614896e-17	0	300
1.4384999999999832e-10	0.27765656	0.18333212	-0.62089175	-3.1645872e-17	0	300
1.439499999999983e-10	0.2805259	0.18345669	-0.62070704	-3.1676696e-17	0	300
1.4404999999999828e-10	0.283386	0.18354915	-0.620522	-3.1707358e-17	0	300
1.4414999999999826e-10	0.28623644	0.18360975	-0.6203367	-3.173786e-17	0	300
1.4424999999999824e-10	0.28907698	0.18363863	-0.6201512	-3.1768192e-17	0	300
1.4434999999999821e-10	0.2919073	0.18363598	-0.61996555	-3.179838e-17	0	300
1.444499999999982e-10	0.29472703	0.18360202	-0.61977977	-3.1828395e-17	0	300
1.4454999999999817e-10	0.29753587	0.18353689	-0.6195941	-3.1858256e-17	0	300
1.4464999999999815e-10	0.30033353	0.18344079	-0.6194085	-3.1887958e-17	0	300
1.4474999999999813e-10	0.30311975	0.18331397	-0.6192231	-3.191749e-17	0	300
1.448499999999981e-10	0.3058941	0.18315658	-0.6190379	-3.1946877e-17	0	300
1.449499999999981e-10	0.30865642	0.18296884	-0.61885303	-3.1976112e-17	0	300
1.4504999999999807e-10	0.3114063	0.18275093	-0.6186685	-3.200517e-17	0	300
1.4514999999999805e-10	0.31414348	0.18250309	-0.6184844	-3.203408e-17	0	300
1.4524999999999803e-10	0.31686774	0.18222551	-0.61830086	-3.2062834e-17	0	300
1.45349999999998e-10	0.3195787	0.1819184	-0.6181178	-3.2091418e-17	0	300
1.4544999999999798e-10	0.32227612	0.181582	-0.6179354	-3.211986e-17	0	300
1.4554999999999796e-10	0.32495975	0.18121652	-0.61775386	-3.214814e-17	0	300
1.4564999999999794e-10	0.32762924	0.18082212	-0.61757296	-3.2176267e-17	0	300
1.4574999999999792e-10	0.33028433	0.18039909	-0.61739296	-3.2204232e-17	0	300
1.458499999999979e-10	0.3329248	0.17994764	-0.6172139	-3.2232052e-17	0	300
1.4594999999999788e-10	0.33555034	0.17946798	-0.6170358	-3.2259706e-17	0	300
1.4604999999999786e-10	0.3381607	0.17896035	-0.6168587	-3.2287212e-17	0	300
1.4614999999999784e-10	0.3407556	0.17842497	-0.61668277	-3.2314565e-17	0	300
1.4624999999999781e-10	0.3433348	0.17786206	-0.616508	-3.234177e-17	0	300
1.463499999999978e-10	0.34589806	0.1772719	-0.6163344	-3.2368805e-17	0	300
1.4644999999999777e-10	0.34844506	0.1766547	-0.61616206	-3.2395705e-17	0	300
1.4654999999999775e-10	0.35097566	0.17601068	-0.6159912	-3.2422446e-17	0	300
1.4664999999999773e-10	0.35348952	0.1753401	-0.6158217	-3.2449035e-17	0	300
1.467499999999977e-10	0.3559864	0.17464322	-0.6156537	-3.2475475e-17	0	300
1.468499999999977e-10	0.3584661	0.17392026	-0.6154871	-3.2501756e-17	0	300
1.4694999999999767e-10	0.36092836	0.17317146	-0.6153223	-3.25279e-17	0	300
1.4704999999999765e-10	0.36337298	0.17239709	-0.615159	-3.255388e-17	0	300
1.4714999999999763e-10	0.36579973	0.1715974	-0.61499745	-3.2579713e-17	0	300
1.472499999999976e-10	0.36820832	0.17077264	-0.61483765	-3.2605402e-17	0	300
1.4734999999999758e-10	0.37059855	0.16992307	-0.6146797	-3.2630945e-17	0	300
1.4744999999999756e-10	0.37297025	0.16904894	-0.61452365	-3.265634e-17	0	300
1.4754999999999754e-10	0.37532318	0.16815048	-0.61436945	-3.2681575e-17	0	300
1.4764999999999752e-10	0.37765712	0.16722801	-0.61421734	-3.2706675e-17	0	300
1.477499999999975e-10	0.3799718	0.16628176	-0.6140672	-3.273163e-17	0	300
1.4784999999999748e-10	0.38226712	0.16531198	-0.61391914	-3.275643e-17	0	300
1.4794999999999746e-10	0.3845428	0.16431895	-0.61377335	-3.2781098e-17	0	300
1.4804999999999744e-10	0.38679868	0.16330294	-0.6136297	-3.2805603e-17	0	300
1.4814999999999742e-10	0.38903454	0.16226423	-0.6134884	-3.2829965e-17	0	300
1.482499999999974e-10	0.3912502	0.16120306	-0.6133493	-3.2854198e-17	0	300
1.4834999999999737e-10	0.39344543	0.16011973	-0.61321265	-3.2878272e-17	0	300
1.4844999999999735e-10	0.3956201	0.15901452	-0.61307836	-3.2902214e-17	0	300
1.4854999999999733e-10	0.39777398	0.15788767	-0.6129466	-3.2926007e-17	0	300
1.486499999999973e-10	0.39990693	0.15673947	-0.6128173	-3.294966e-17	0	300
1.487499999999973e-10	0.40201876	0.15557024	-0.61269057	-3.297318e-17	0	300
1.4884999999999727e-10	0.40410924	0.1543802	-0.6125665	-3.2996546e-17	0	300
1.4894999999999725e-10	0.4061783	0.15316965	-0.6124451	-3.3019783e-17	0	300
1.4904999999999723e-10	0.40822574	0.15193889	-0.61232644	-3.3042874e-17	0	300
1.491499999999972e-10	0.41025132	0.15068817	-0.6122105	-3.3065824e-17	0	300
1.4924999999999718e-10	0.41225496	0.14941783	-0.61209744	-3.308864e-17	0	300
1.4934999999999716e-10	0.41423646	0.1481281	-0.6119872	-3.3111315e-17	0	300
1.4944999999999714e-10	0.41619575	0.1468193	-0.61187994	-3.313386e-17	0	300
1.4954999999999712e-10	0.41813257	0.14549172	-0.61177546	-3.315627e-17	0	300
1.496499999999971e-10	0.42004687	0.14414561	-0.6116742	-3.317854e-17	0	300
1.4974999999999708e-10	0.42193836	0.14278132	-0.61157584	-3.3200674e-17	0	300
1.4984999999999706e-10	0.42380708	0.14139909	-0.6114806	-3.322268e-17	0	300
1.4994999999999704e-10	0.42565283	0.13999924	-0.61138856	-3.3244544e-17	0	300
1.5004999999999702e-10	0.4274754	0.13858207	-0.6112996	-3.3266276e-17	0	300
1.50149999999997e-10	0.42927474	0.13714784	-0.6112139	-3.328788e-17	0	300
1.5024999999999697e-10	0.43105072	0.13569689	-0.6111315	-3.3309346e-17	0	300
1.5034999999999695e-10	0.43280324	0.13422947	-0.61105233	-3.3330687e-17	0	300
1.5044999999999693e-10	0.4345321	0.1327459	-0.6109765	-3.3351906e-17	0	300
1.505499999999969e-10	0.43623728	0.1312465	-0.6109041	-3.337298e-17	0	300
1.506499999999969e-10	0.43791857	0.12973155	-0.6108352	-3.3393927e-17	0	300
1.5074999999999687e-10	0.4395759	0.12820132	-0.6107697	-3.3414755e-17	0	300
1.5084999999999685e-10	0.44120926	0.12665616	-0.6107077	-3.3435448e-17	0	300
1.5094999999999683e-10	0.4428184	0.12509632	-0.6106491	-3.345602e-17	0	300
1.510499999999968e-10	0.44440338	0.12352215	-0.6105943	-3.3476456e-17	0	300
1.5114999999999678e-10	0.44596395	0.12193392	-0.6105429	-3.3496785e-17	0	300
1.5124999999999676e-10	0.44750005	0.12033195	-0.61049527	-3.3516975e-17	0	300
1.5134999999999674e-10	0.4490117	0.11871651	-0.61045134	-3.3537042e-17	0	300
1.5144999999999672e-10	0.4504987	0.11708793	-0.6104111	-3.3557e-17	0	300
1.515499999999967e-10	0.4519611	0.115446515	-0.6103746	-3.3576816e-17	0	300
1.5164999999999668e-10	0.4533987	0.11379255	-0.6103419	-3.3596533e-17	0	300
1.5174999999999666e-10	0.45481145	0.11212635	-0.610313	-3.361612e-17	0	300
1.5184999999999664e-10	0.45619926	0.11044821	-0.61028796	-3.3635582e-17	0	300
1.5194999999999662e-10	0.4575622	0.10875845	-0.61026675	-3.3654935e-17	0	300
1.520499999999966e-10	0.45890003	0.107057355	-0.6102495	-3.3674152e-17	0	300
1.5214999999999657e-10	0.4602128	0.105345234	-0.6102363	-3.3693273e-17	0	300
1.5224999999999655e-10	0.46150044	0.10362239	-0.6102268	-3.371227e-17	0	300
1.5234999999999653e-10	0.4627629	0.101889126	-0.6102215	-3.3731155e-17	0	300
1.524499999999965e-10	0.46400005	0.100145765	-0.61022013	-3.3749922e-17	0	300
1.525499999999965e-10	0.465212	0.09839257	-0.6102229	-3.376858e-17	0	300
1.5264999999999647e-10	0.4663986	0.09662987	-0.6102297	-3.378711e-17	0	300
1.5274999999999645e-10	0.46755973	0.094857976	-0.6102405	-3.3805538e-17	0	300
1.5284999999999643e-10	0.46869555	0.09307718	-0.61025554	-3.3823862e-17	0	300
1.529499999999964e-10	0.46980587	0.09128777	-0.6102747	-3.3842067e-17	0	300
1.5304999999999639e-10	0.4708908	0.08949007	-0.610298	-3.386017e-17	0	300
1.5314999999999636e-10	0.47195017	0.08768437	-0.61032546	-3.3878155e-17	0	300
1.5324999999999634e-10	0.47298405	0.08587098	-0.6103572	-3.3896035e-17	0	300
1.5334999999999632e-10	0.4739924	0.08405019	-0.61039317	-3.3913816e-17	0	300
1.534499999999963e-10	0.47497523	0.082222305	-0.61043334	-3.393147e-17	0	300
1.5354999999999628e-10	0.47593245	0.08038762	-0.6104778	-3.394904e-17	0	300
1.5364999999999626e-10	0.47686413	0.07854644	-0.61052656	-3.3966504e-17	0	300
1.5374999999999624e-10	0.4777702	0.07669907	-0.61057967	-3.3983852e-17	0	300
1.5384999999999622e-10	0.47865078	0.0748458	-0.61063707	-3.4001113e-17	0	300
1.539499999999962e-10	0.47950572	0.072986916	-0.6106987	-3.401826e-17	0	300
1.5404999999999617e-10	0.48033506	0.071122736	-0.6107648	-3.4035303e-17	0	300
1.5414999999999615e-10	0.48113883	0.06925355	-0.61083525	-3.4052256e-17	0	300
1.5424999999999613e-10	0.48191708	0.067379646	-0.61091	-3.406911e-17	0	300
1.543499999999961e-10	0.48266983	0.06550133	-0.61098915	-3.408586e-17	0	300
1.544499999999961e-10	0.483397	0.06361888	-0.6110728	-3.4102513e-17	0	300
1.5454999999999607e-10	0.48409858	0.061732594	-0.6111608	-3.4119073e-17	0	300
1.5464999999999605e-10	0.48477477	0.059842773	-0.6112532	-3.4135534e-17	0	300
1.5474999999999603e-10	0.48542547	0.057949703	-0.6113501	-3.4151912e-17	0	300
1.54849999999996e-10	0.48605075	0.05605367	-0.6114513	-3.4168174e-17	0	300
1.5494999999999599e-10	0.48665065	0.054154973	-0.61155707	-3.4184354e-17	0	300
1.5504999999999596e-10	0.48722517	0.052253887	-0.6116673	-3.4200447e-17	0	300
1.5514999999999594e-10	0.4877743	0.05035071	-0.61178195	-3.4216442e-17	0	300
1.5524999999999592e-10	0.4882982	0.048445724	-0.611901	-3.4232357e-17	0	300
1.553499999999959e-10	0.48879683	0.046539217	-0.61202455	-3.4248176e-17	0	300
1.5544999999999588e-10	0.48927027	0.04463147	-0.6121526	-3.42639e-17	0	300
1.5554999999999586e-10	0.4897185	0.04272277	-0.612285	-3.4279546e-17	0	300
1.5564999999999584e-10	0.49014172	0.04081339	-0.612422	-3.4295087e-17	0	300
1.5574999999999582e-10	0.49053982	0.038903616	-0.6125634	-3.431056e-17	0	300
1.558499999999958e-10	0.4909129	0.036993735	-0.6127092	-3.4325937e-17	0	300
1.5594999999999578e-10	0.49126115	0.035084013	-0.61285967	-3.434124e-17	0	300
1.5604999999999575e-10	0.49158442	0.033174742	-0.61301446	-3.4356444e-17	0	300
1.5614999999999573e-10	0.49188298	0.031266175	-0.6131737	-3.437158e-17	0	300
1.562499999999957e-10	0.49215677	0.02935861	-0.61333746	-3.438663e-17	0	300
1.563499999999957e-10	0.49240595	0.027452312	-0.61350566	-3.4401588e-17	0	300
1.5644999999999567e-10	0.49263042	0.02554755	-0.6136782	-3.441648e-17	0	300
1.5654999999999565e-10	0.49283046	0.023644593	-0.61385536	-3.4431284e-17	0	300
1.5664999999999563e-10	0.49300596	0.021743717	-0.61403686	-3.4446014e-17	0	300
1.567499999999956e-10	0.4931572	0.019845188	-0.61422276	-3.446067e-17	0	300
1.5684999999999559e-10	0.49328417	0.01794927	-0.61441314	-3.4475243e-17	0	300
1.5694999999999557e-10	0.4933869	0.01605623	-0.6146078	-3.4489736e-17	0	300
1.5704999999999554e-10	0.4934656	0.014166333	-0.61480707	-3.450415e-17	0	300
1.5714999999999552e-10	0.49352026	0.01227984	-0.6150105	-3.45185e-17	0	300
1.572499999999955e-10	0.49355102	0.010397013	-0.6152184	-3.4532776e-17	0	300
1.5734999999999548e-10	0.49355787	0.008518109	-0.61543065	-3.4546967e-17	0	300
1.5744999999999546e-10	0.49354112	0.0066433894	-0.61564726	-3.456109e-17	0	300
1.5754999999999544e-10	0.49350074	0.0047731083	-0.6158683	-3.4575144e-17	0	300
1.5764999999999542e-10	0.49343684	0.002907523	-0.61609346	-3.458913e-17	0	300
1.577499999999954e-10	0.4933495	0.0010468839	-0.616323	-3.4603036e-17	0	300
1.5784999999999538e-10	0.49323893	-0.00080855377	-0.6165568	-3.4616873e-17	0	300
1.5794999999999535e-10	0.4931051	-0.002658544	-0.61679494	-3.4630648e-17	0	300
1.5804999999999533e-10	0.49294826	-0.0045028348	-0.61703724	-3.4644356e-17	0	300
1.581499999999953e-10	0.49276847	-0.0063411803	-0.6172838	-3.465799e-17	0	300
1.582499999999953e-10	0.49256587	-0.008173334	-0.6175346	-3.4671573e-17	0	300
1.5834999999999527e-10	0.49234048	-0.009999054	-0.6177895	-3.468507e-17	0	300
1.5844999999999525e-10	0.49209255	-0.011818094	-0.61804867	-3.4698506e-17	0	300
1.5854999999999523e-10	0.49182212	-0.013630221	-0.6183118	-3.4711877e-17	0	300
1.586499999999952e-10	0.4915294	-0.015435191	-0.61857927	-3.4725194e-17	0	300
1.5874999999999519e-10	0.49121445	-0.017232763	-0.61885065	-3.4738436e-17	0	300
1.5884999999999517e-10	0.49087742	-0.019022714	-0.61912626	-3.4751624e-17	0	300
1.5894999999999514e-10	0.49051848	-0.020804795	-0.6194058	-3.4764743e-17	0	300
1.5904999999999512e-10	0.4901377	-0.022578789	-0.6196894	-3.4777803e-17	0	300
1.591499999999951e-10	0.48973528	-0.024344452	-0.6199769	-3.4790803e-17	0	300
1.5924999999999508e-10	0.48931134	-0.026101565	-0.62026846	-3.4803737e-17	0	300
1.5934999999999506e-10	0.488866	-0.0278499	-0.6205639	-3.4816614e-17	0	300
1.5944999999999504e-10	0.48839945	-0.029589228	-0.6208633	-3.4829436e-17	0	300
1.5954999999999502e-10	0.48791182	-0.031319328	-0.62116665	-3.48422e-17	0	300
1.59649999999995e-10	0.48740327	-0.033039987	-0.62147367	-3.4854913e-17	0	300
1.5974999999999498e-10	0.48687387	-0.034750976	-0.6217846	-3.4867562e-17	0	300
1.5984999999999496e-10	0.48632395	-0.036452077	-0.62209934	-3.488015e-17	0	300
1.5994999999999493e-10	0.48575348	-0.038143083	-0.6224178	-3.4892682e-17	0	300
1.6004999999999491e-10	0.48516273	-0.039823778	-0.62274	-3.4905156e-17	0	300
1.601499999999949e-10	0.48455185	-0.041493937	-0.6230658	-3.4917593e-17	0	300
1.6024999999999487e-10	0.48392096	-0.043153368	-0.6233954	-3.4929948e-17	0	300
1.6034999999999485e-10	0.48327023	-0.044801857	-0.62372845	-3.4942276e-17	0	300
1.6044999999999483e-10	0.48259985	-0.0464392	-0.62406516	-3.4954525e-17	0	300
1.605499999999948e-10	0.48191	-0.048065186	-0.6244054	-3.4966738e-17	0	300
1.606499999999948e-10	0.4812008	-0.049679622	-0.6247492	-3.49789e-17	0	300
1.6074999999999477e-10	0.4804725	-0.0512823	-0.6250963	-3.499101e-17	0	300
1.6084999999999475e-10	0.4797252	-0.052873023	-0.62544703	-3.500306e-17	0	300
1.6094999999999472e-10	0.47895914	-0.054451615	-0.6258011	-3.501507e-17	0	300
1.610499999999947e-10	0.47817445	-0.056017846	-0.6261585	-3.5027023e-17	0	300
1.6114999999999468e-10	0.47737136	-0.05757156	-0.6265192	-3.5038927e-17	0	300
1.6124999999999466e-10	0.47654998	-0.05911255	-0.62688315	-3.5050783e-17	0	300
1.6134999999999464e-10	0.47571054	-0.060640633	-0.6272503	-3.50626e-17	0	300
1.6144999999999462e-10	0.47485325	-0.06215562	-0.6276209	-3.5074354e-17	0	300
1.615499999999946e-10	0.47397825	-0.06365732	-0.62799436	-3.508606e-17	0	300
1.6164999999999458e-10	0.4730858	-0.06514558	-0.62837106	-3.509773e-17	0	300
1.6174999999999456e-10	0.47217602	-0.0666202	-0.6287508	-3.510934e-17	0	300
1.6184999999999453e-10	0.47124907	-0.06808101	-0.6291335	-3.5120908e-17	0	300
1.6194999999999451e-10	0.47030526	-0.06952781	-0.62951934	-3.5132445e-17	0	300
1.620499999999945e-10	0.46934474	-0.07096049	-0.62990797	-3.5143913e-17	0	300
1.6214999999999447e-10	0.46836764	-0.07237882	-0.63029945	-3.515534e-17	0	300
1.6224999999999445e-10	0.4673743	-0.07378265	-0.6306939	-3.5166723e-17	0	300
1.6234999999999443e-10	0.46636483	-0.07517183	-0.6310911	-3.517807e-17	0	300
1.624499999999944e-10	0.46533945	-0.076546185	-0.63149107	-3.5189365e-17	0	300
1.625499999999944e-10	0.46429837	-0.07790556	-0.6318936	-3.5200618e-17	0	300
1.6264999999999437e-10	0.4632418	-0.07924979	-0.63229895	-3.521182e-17	0	300
1.6274999999999435e-10	0.4621699	-0.08057873	-0.6327068	-3.522299e-17	0	300
1.6284999999999432e-10	0.461083	-0.081892215	-0.6331173	-3.523413e-17	0	300
1.629499999999943e-10	0.45998117	-0.083190106	-0.63353026	-3.52452e-17	0	300
1.6304999999999428e-10	0.45886478	-0.08447224	-0.6339457	-3.5256238e-17	0	300
1.6314999999999426e-10	0.45773393	-0.08573849	-0.63436353	-3.526723e-17	0	300
1.6324999999999424e-10	0.4565889	-0.08698869	-0.6347838	-3.527818e-17	0	300
1.6334999999999422e-10	0.4554298	-0.08822272	-0.63520634	-3.5289097e-17	0	300
1.634499999999942e-10	0.454257	-0.089440435	-0.6356311	-3.5299976e-17	0	300
1.6354999999999418e-10	0.45307064	-0.09064169	-0.6360581	-3.5310805e-17	0	300
1.6364999999999416e-10	0.451871	-0.09182637	-0.63648725	-3.5321585e-17	0	300
1.6374999999999414e-10	0.45065826	-0.09299432	-0.6369185	-3.5332335e-17	0	300
1.6384999999999411e-10	0.44943267	-0.09414544	-0.6373518	-3.534305e-17	0	300
1.639499999999941e-10	0.44819438	-0.09527958	-0.63778716	-3.535371e-17	0	300
1.6404999999999407e-10	0.44694376	-0.09639665	-0.6382244	-3.5364334e-17	0	300
1.6414999999999405e-10	0.4456809	-0.09749649	-0.63866353	-3.5374935e-17	0	300
1.6424999999999403e-10	0.44440615	-0.098579004	-0.6391046	-3.5385473e-17	0	300
1.64349999999994e-10	0.44311973	-0.09964407	-0.63954735	-3.5395985e-17	0	300
1.64449999999994e-10	0.44182178	-0.100691594	-0.6399919	-3.540646e-17	0	300
1.6454999999999397e-10	0.44051257	-0.10172146	-0.64043814	-3.5416903e-17	0	300
1.6464999999999395e-10	0.43919247	-0.10273353	-0.64088595	-3.5427295e-17	0	300
1.6474999999999393e-10	0.43786156	-0.10372775	-0.6413354	-3.5437642e-17	0	300
1.648499999999939e-10	0.43652016	-0.10470398	-0.64178634	-3.544796e-17	0	300
1.6494999999999388e-10	0.43516847	-0.10566213	-0.6422388	-3.545825e-17	0	300
1.6504999999999386e-10	0.43380678	-0.10660214	-0.64269257	-3.546849e-17	0	300
1.6514999999999384e-10	0.4324353	-0.10752388	-0.6431477	-3.5478693e-17	0	300
1.6524999999999382e-10	0.43105432	-0.108427264	-0.6436042	-3.5488857e-17	0	300
1.653499999999938e-10	0.42966402	-0.10931222	-0.64406186	-3.549899e-17	0	300
1.6544999999999378e-10	0.4282647	-0.110178664	-0.64452076	-3.5509077e-17	0	300
1.6554999999999376e-10	0.42685658	-0.1110265	-0.6449808	-3.551914e-17	0	300
1.6564999999999374e-10	0.4254399	-0.111855686	-0.6454419	-3.5529158e-17	0	300
1.6574999999999371e-10	0.42401496	-0.11266609	-0.645904	-3.5539133e-17	0	300
1.658499999999937e-10	0.422582	-0.11345768	-0.64636713	-3.5549076e-17	0	300
1.6594999999999367e-10	0.4211412	-0.114230394	-0.6468311	-3.555898e-17	0	300
1.6604999999999365e-10	0.41969293	-0.11498414	-0.6472959	-3.5568856e-17	0	300
1.6614999999999363e-10	0.41823733	-0.11571888	-0.64776146	-3.5578696e-17	0	300
1.662499999999936e-10	0.41677475	-0.11643453	-0.6482279	-3.558849e-17	0	300
1.663499999999936e-10	0.41530544	-0.11713106	-0.6486949	-3.5598254e-17	0	300
1.6644999999999357e-10	0.41382954	-0.117808394	-0.64916253	-3.560798e-17	0	300
1.6654999999999355e-10	0.41234747	-0.118466504	-0.6496307	-3.5617676e-17	0	300
1.6664999999999353e-10	0.41085938	-0.11910532	-0.6500994	-3.562732e-17	0	300
1.667499999999935e-10	0.40936553	-0.119724825	-0.6505686	-3.563693e-17	0	300
1.6684999999999348e-10	0.40786624	-0.12032494	-0.65103805	-3.564652e-17	0	300
1.6694999999999346e-10	0.40636176	-0.120905675	-0.651508	-3.5656074e-17	0	300
1.6704999999999344e-10	0.40485227	-0.12146698	-0.6519782	-3.5665573e-17	0	300
1.6714999999999342e-10	0.40333813	-0.122008786	-0.6524485	-3.5675052e-17	0	300
1.672499999999934e-10	0.40181956	-0.122531116	-0.6529191	-3.5684486e-17	0	300
1.6734999999999338e-10	0.40029678	-0.123033926	-0.6533897	-3.5693892e-17	0	300
1.6744999999999336e-10	0.39877012	-0.12351717	-0.6538604	-3.5703256e-17	0	300
1.6754999999999334e-10	0.3972398	-0.1239809	-0.6543311	-3.57126e-17	0	300
1.6764999999999332e-10	0.39570612	-0.124425024	-0.65480167	-3.5721884e-17	0	300
1.677499999999933e-10	0.3941693	-0.124849565	-0.6552723	-3.573116e-17	0	300
1.6784999999999327e-10	0.39262965	-0.12525451	-0.6557425	-3.574038e-17	0	300
1.6794999999999325e-10	0.39108735	-0.12563986	-0.6562126	-3.574956e-17	0	300
1.6804999999999323e-10	0.38954276	-0.12600562	-0.65668243	-3.5758717e-17	0	300
1.681499999999932e-10	0.38799608	-0.12635177	-0.6571519	-3.576784e-17	0	300
1.682499999999932e-10	0.38644764	-0.12667833	-0.6576209	-3.5776915e-17	0	300
1.6834999999999317e-10	0.3848976	-0.1269853	-0.6580895	-3.5785964e-17	0	300
1.6844999999999315e-10	0.38334635	-0.12727268	-0.6585576	-3.579497e-17	0	300
1.6854999999999313e-10	0.38179404	-0.12754053	-0.6590251	-3.580395e-17	0	300
1.686499999999931e-10	0.38024095	-0.12778884	-0.6594919	-3.5812894e-17	0	300
1.6874999999999308e-10	0.37868738	-0.1280176	-0.6599582	-3.5821808e-17	0	300
1.6884999999999306e-10	0.3771336	-0.1282269	-0.6604236	-3.5830668e-17	0	300
1.6894999999999304e-10	0.37557983	-0.12841672	-0.6608883	-3.5839503e-17	0	300
1.6904999999999302e-10	0.37402636	-0.12858711	-0.661352	-3.5848297e-17	0	300
1.69149999999993e-10	0.37247345	-0.12873809	-0.661815	-3.5857062e-17	0	300
1.6924999999999298e-10	0.37092134	-0.12886973	-0.6622769	-3.5865784e-17	0	300
1.6934999999999296e-10	0.36937028	-0.12898202	-0.6627379	-3.587448e-17	0	300
1.6944999999999294e-10	0.36782062	-0.12907507	-0.6631979	-3.588313e-17	0	300
1.6954999999999292e-10	0.36627254	-0.12914887	-0.6636566	-3.5891747e-17	0	300
1.696499999999929e-10	0.36472625	-0.1292035	-0.66411424	-3.5900333e-17	0	300
1.6974999999999287e-10	0.36318207	-0.12923901	-0.6645707	-3.5908886e-17	0	300
1.6984999999999285e-10	0.36164027	-0.12925546	-0.6650258	-3.5917396e-17	0	300
1.6994999999999283e-10	0.36010107	-0.12925291	-0.6654796	-3.5925864e-17	0	300
1.700499999999928e-10	0.35856482	-0.12923142	-0.665932	-3.5934307e-17	0	300
1.701499999999928e-10	0.35703164	-0.12919107	-0.6663831	-3.594272e-17	0	300
1.7024999999999277e-10	0.35550183	-0.12913191	-0.6668326	-3.5951093e-17	0	300
1.7034999999999275e-10	0.3539756	-0.12905402	-0.6672806	-3.5959407e-17	0	300
1.7044999999999273e-10	0.35245332	-0.12895751	-0.66772705	-3.5967712e-17	0	300
1.705499999999927e-10	0.35093516	-0.12884243	-0.6681718	-3.5975964e-17	0	300
1.7064999999999268e-10	0.34942135	-0.12870887	-0.668615	-3.5984186e-17	0	300
1.7074999999999266e-10	0.34791222	-0.1285569	-0.6690565	-3.5992372e-17	0	300
1.7084999999999264e-10	0.34640795	-0.12838665	-0.6694962	-3.6000535e-17	0	300
1.7094999999999262e-10	0.34490874	-0.12819818	-0.6699339	-3.600864e-17	0	300
1.710499999999926e-10	0.34341493	-0.12799162	-0.67036986	-3.601672e-17	0	300
1.7114999999999258e-10	0.3419267	-0.12776703	-0.6708039	-3.6024768e-17	0	300
1.7124999999999256e-10	0.34044433	-0.12752452	-0.67123604	-3.6032768e-17	0	300
1.7134999999999254e-10	0.338968	-0.12726423	-0.67166615	-3.6040742e-17	0	300
1.7144999999999252e-10	0.33749804	-0.12698625	-0.6720941	-3.6048663e-17	0	300
1.715499999999925e-10	0.3360346	-0.12669069	-0.67252016	-3.6056568e-17	0	300
1.7164999999999247e-10	0.33457792	-0.12637766	-0.6729439	-3.6064423e-17	0	300
1.7174999999999245e-10	0.3331283	-0.1260473	-0.6733655	-3.607225e-17	0	300
1.7184999999999243e-10	0.3316859	-0.1256997	-0.673785	-3.608003e-17	0	300
1.719499999999924e-10	0.33025098	-0.12533501	-0.674202	-3.6087773e-17	0	300
1.720499999999924e-10	0.32882378	-0.124953344	-0.6746168	-3.6095485e-17	0	300
1.7214999999999237e-10	0.32740447	-0.12455483	-0.67502934	-3.6103165e-17	0	300
1.7224999999999235e-10	0.32599333	-0.12413963	-0.67543936	-3.6110808e-17	0	300
1.7234999999999233e-10	0.32459056	-0.123707846	-0.67584693	-3.61184e-17	0	300
1.724499999999923e-10	0.3231964	-0.123259634	-0.6762521	-3.6125982e-17	0	300
1.7254999999999229e-10	0.32181102	-0.12279514	-0.6766548	-3.61335e-17	0	300
1.7264999999999226e-10	0.32043466	-0.122314505	-0.6770549	-3.6140997e-17	0	300
1.7274999999999224e-10	0.31906757	-0.12181786	-0.6774524	-3.6148445e-17	0	300
1.7284999999999222e-10	0.31770983	-0.12130538	-0.67784727	-3.6155863e-17	0	300
1.729499999999922e-10	0.31636184	-0.12077719	-0.6782394	-3.6163248e-17	0	300
1.7304999999999218e-10	0.31502363	-0.12023349	-0.67862886	-3.6170587e-17	0	300
1.7314999999999216e-10	0.31369552	-0.119674385	-0.6790157	-3.617789e-17	0	300
1.7324999999999214e-10	0.31237766	-0.119100064	-0.6793996	-3.618516e-17	0	300
1.7334999999999212e-10	0.31107023	-0.1185107	-0.6797807	-3.6192394e-17	0	300
1.734499999999921e-10	0.30977347	-0.117906444	-0.6801591	-3.6199584e-17	0	300
1.7354999999999207e-10	0.30848753	-0.11728747	-0.68053454	-3.620674e-17	0	300
1.7364999999999205e-10	0.30721268	-0.11665395	-0.6809071	-3.6213855e-17	0	300
1.7374999999999203e-10	0.305949	-0.11600605	-0.68127656	-3.622095e-17	0	300
1.73849999999992e-10	0.30469677	-0.11534395	-0.6816432	-3.6227996e-17	0	300
1.73949999999992e-10	0.30345607	-0.11466783	-0.6820068	-3.6235007e-17	0	300
1.7404999999999197e-10	0.3022272	-0.113977864	-0.68236727	-3.624197e-17	0	300
1.7414999999999195e-10	0.30101025	-0.11327424	-0.68272483	-3.62489e-17	0	300
1.7424999999999193e-10	0.2998054	-0.11255715	-0.68307924	-3.62558e-17	0	300
1.743499999999919e-10	0.2986129	-0.11182675	-0.6834305	-3.6262662e-17	0	300
1.7444999999999189e-10	0.29743278	-0.11108328	-0.6837786	-3.6269494e-17	0	300
1.7454999999999186e-10	0.29626533	-0.11032688	-0.6841235	-3.627627e-17	0	300
1.7464999999999184e-10	0.29511067	-0.10955778	-0.6844653	-3.628302e-17	0	300
1.7474999999999182e-10	0.29396892	-0.10877616	-0.68480384	-3.6289734e-17	0	300
1.748499999999918e-10	0.29284027	-0.1079822	-0.68513906	-3.6296417e-17	0	300
1.7494999999999178e-10	0.29172492	-0.10717614	-0.6854709	-3.630304e-17	0	300
1.7504999999999176e-10	0.29062295	-0.106358156	-0.6857996	-3.6309646e-17	0	300
1.7514999999999174e-10	0.2895345	-0.10552846	-0.6861249	-3.6316213e-17	0	300
1.7524999999999172e-10	0.28845978	-0.104687236	-0.68644696	-3.632274e-17	0	300
1.753499999999917e-10	0.28739887	-0.1038347	-0.68676555	-3.6329227e-17	0	300
1.7544999999999168e-10	0.28635198	-0.10297108	-0.6870808	-3.6335685e-17	0	300
1.7554999999999165e-10	0.28531918	-0.10209657	-0.6873926	-3.6342094e-17	0	300
1.7564999999999163e-10	0.2843006	-0.10121136	-0.6877009	-3.634848e-17	0	300
1.757499999999916e-10	0.2832964	-0.10031569	-0.68800586	-3.6354823e-17	0	300
1.758499999999916e-10	0.28230667	-0.09940979	-0.6883073	-3.6361126e-17	0	300
1.7594999999999157e-10	0.28133154	-0.098493814	-0.68860537	-3.6367396e-17	0	300
1.7604999999999155e-10	0.28037116	-0.097568035	-0.6888999	-3.6373633e-17	0	300
1.7614999999999153e-10	0.27942562	-0.09663265	-0.6891908	-3.6379833e-17	0	300
1.762499999999915e-10	0.27849504	-0.095687866	-0.6894783	-3.638599e-17	0	300
1.7634999999999149e-10	0.2775795	-0.09473392	-0.6897621	-3.6392106e-17	0	300
1.7644999999999147e-10	0.2766791	-0.093771055	-0.6900424	-3.6398197e-17	0	300
1.7654999999999144e-10	0.275794	-0.092799455	-0.6903191	-3.640425e-17	0	300
1.7664999999999142e-10	0.27492428	-0.091819346	-0.6905923	-3.641027e-17	0	300
1.767499999999914e-10	0.27406994	-0.09083097	-0.6908619	-3.6416246e-17	0	300
1.7684999999999138e-10	0.27323118	-0.08983455	-0.6911278	-3.642219e-17	0	300
1.7694999999999136e-10	0.27240807	-0.08883031	-0.69139016	-3.6428104e-17	0	300
1.7704999999999134e-10	0.27160066	-0.08781846	-0.69164884	-3.6433974e-17	0	300
1.7714999999999132e-10	0.27080902	-0.08679925	-0.6919039	-3.6439804e-17	0	300
1.772499999999913e-10	0.27003324	-0.0857729	-0.6921553	-3.6445608e-17	0	300
1.7734999999999128e-10	0.26927346	-0.08473964	-0.69240314	-3.6451365e-17	0	300
1.7744999999999126e-10	0.2685296	-0.083699696	-0.69264716	-3.64571e-17	0	300
1.7754999999999123e-10	0.26780188	-0.08265331	-0.69288766	-3.6462793e-17	0	300
1.7764999999999121e-10	0.26709026	-0.081600696	-0.69312435	-3.646845e-17	0	300
1.777499999999912e-10	0.26639485	-0.080542095	-0.69335747	-3.647408e-17	0	300
1.7784999999999117e-10	0.26571563	-0.079477735	-0.6935868	-3.6479664e-17	0	300
1.7794999999999115e-10	0.26505277	-0.07840784	-0.6938126	-3.6485226e-17	0	300
1.7804999999999113e-10	0.2644062	-0.07733265	-0.69403464	-3.6490745e-17	0	300
1.781499999999911e-10	0.26377603	-0.0762524	-0.69425285	-3.649621e-17	0	300
1.7824999999999109e-10	0.2631623	-0.07516731	-0.69446754	-3.6501677e-17	0	300
1.7834999999999107e-10	0.26256505	-0.074077636	-0.69467854	-3.6507084e-17	0	300
1.7844999999999104e-10	0.26198423	-0.07298359	-0.69488573	-3.6512467e-17	0	300
1.7854999999999102e-10	0.26141998	-0.07188541	-0.6950894	-3.6517804e-17	0	300
1.78649999999991e-10	0.26087227	-0.07078331	-0.69528925	-3.6523134e-17	0	300
1.7874999999999098e-10	0.2603411	-0.06967755	-0.6954854	-3.6528412e-17	0	300
1.7884999999999096e-10	0.25982654	-0.068568334	-0.69567794	-3.6533656e-17	0	300
1.7894999999999094e-10	0.25932854	-0.06745592	-0.69586676	-3.653888e-17	0	300
1.7904999999999092e-10	0.25884718	-0.06634052	-0.6960519	-3.6544045e-17	0	300
1.791499999999909e-10	0.25838247	-0.065222375	-0.69623345	-3.65492e-17	0	300
1.7924999999999088e-10	0.25793436	-0.06410171	-0.6964112	-3.655431e-17	0	300
1.7934999999999086e-10	0.25750282	-0.062978745	-0.69658536	-3.6559385e-17	0	300
1.7944999999999083e-10	0.25708798	-0.06185373	-0.69675577	-3.6564427e-17	0	300
1.7954999999999081e-10	0.25668973	-0.060726874	-0.69692266	-3.6569443e-17	0	300
1.796499999999908e-10	0.25630805	-0.059598416	-0.69708586	-3.6574426e-17	0	300
1.7974999999999077e-10	0.25594297	-0.058468565	-0.6972454	-3.6579373e-17	0	300
1.7984999999999075e-10	0.2555945	-0.057337575	-0.69740134	-3.6584293e-17	0	300
1.7994999999999073e-10	0.25526252	-0.056205645	-0.69755363	-3.6589173e-17	0	300
1.800499999999907e-10	0.2549471	-0.055073027	-0.69770235	-3.6594027e-17	0	300
1.801499999999907e-10	0.2546482	-0.05393991	-0.6978474	-3.659885e-17	0	300
1.8024999999999067e-10	0.2543657	-0.05280655	-0.697989	-3.6603642e-17	0	300
1.8034999999999065e-10	0.25409973	-0.05167314	-0.6981269	-3.660839e-17	0	300
1.8044999999999062e-10	0.2538501	-0.05053992	-0.69826126	-3.661312e-17	0	300
1.805499999999906e-10	0.25361684	-0.049407095	-0.6983922	-3.661782e-17	0	300
1.8064999999999058e-10	0.25339988	-0.048274897	-0.69851947	-3.6622482e-17	0	300
1.8074999999999056e-10	0.2531992	-0.047143526	-0.6986433	-3.6627108e-17	0	300
1.8084999999999054e-10	0.25301474	-0.046013214	-0.69876355	-3.663172e-17	0	300
1.8094999999999052e-10	0.25284645	-0.044884164	-0.6988804	-3.663629e-17	0	300
1.810499999999905e-10	0.25269422	-0.043756593	-0.69899374	-3.6640832e-17	0	300
1.8114999999999048e-10	0.25255808	-0.042630713	-0.6991036	-3.6645342e-17	0	300
1.8124999999999046e-10	0.2524379	-0.041506723	-0.69921005	-3.6649825e-17	0	300
1.8134999999999044e-10	0.25233364	-0.040384848	-0.6993129	-3.665427e-17	0	300
1.8144999999999041e-10	0.25224525	-0.039265286	-0.6994126	-3.6658696e-17	0	300
1.815499999999904e-10	0.2521726	-0.038148243	-0.69950885	-3.666308e-17	0	300
1.8164999999999037e-10	0.25211567	-0.03703392	-0.69960165	-3.666745e-17	0	300
1.8174999999999035e-10	0.25207436	-0.035922524	-0.6996912	-3.6671782e-17	0	300
1.8184999999999033e-10	0.25204858	-0.034814246	-0.6997773	-3.667608e-17	0	300
1.819499999999903e-10	0.25203827	-0.033709295	-0.69986016	-3.6680368e-17	0	300
1.820499999999903e-10	0.25204334	-0.03260786	-0.6999397	-3.6684616e-17	0	300
1.8214999999999027e-10	0.25206366	-0.03151014	-0.700016	-3.6688832e-17	0	300
1.8224999999999025e-10	0.25209922	-0.03041633	-0.7000891	-3.6693024e-17	0	300
1.8234999999999022e-10	0.25214985	-0.029326608	-0.7001589	-3.6697183e-17	0	300
1.824499999999902e-10	0.25221547	-0.02824118	-0.7002255	-3.6701316e-17	0	300
1.8254999999999018e-10	0.252296	-0.027160218	-0.700289	-3.6705425e-17	0	300
1.8264999999999016e-10	0.2523913	-0.026083913	-0.70034933	-3.6709515e-17	0	300
1.8274999999999014e-10	0.25250134	-0.02501245	-0.7004064	-3.671356e-17	0	300
1.8284999999999012e-10	0.25262594	-0.023946006	-0.7004604	-3.6717588e-17	0	300
1.829499999999901e-10	0.25276494	-0.022884764	-0.70051134	-3.6721588e-17	0	300
1.8304999999999008e-10	0.2529184	-0.021828894	-0.7005593	-3.672555e-17	0	300
1.8314999999999006e-10	0.25308603	-0.020778574	-0.7006041	-3.6729503e-17	0	300
1.8324999999999004e-10	0.25326782	-0.019733977	-0.70064604	-3.6733417e-17	0	300
1.8334999999999001e-10	0.25346363	-0.018695269	-0.7006848	-3.6737318e-17	0	300
1.8344999999999e-10	0.25367332	-0.017662622	-0.7007207	-3.674118e-17	0	300
1.8354999999998997e-10	0.25389674	-0.016636197	-0.7007538	-3.6745e-17	0	300
1.8364999999998995e-10	0.25413382	-0.01561616	-0.7007839	-3.6748822e-17	0	300
1.8374999999998993e-10	0.2543844	-0.014602669	-0.70081115	-3.6752614e-17	0	300
1.838499999999899e-10	0.25464833	-0.013595885	-0.70083547	-3.6756373e-17	0	300
1.839499999999899e-10	0.25492558	-0.01259596	-0.70085704	-3.6760125e-17	0	300
1.8404999999998987e-10	0.25521585	-0.011603049	-0.70087576	-3.6763824e-17	0	300
1.8414999999998985e-10	0.25551912	-0.010617305	-0.7008918	-3.676751e-17	0	300
1.8424999999998983e-10	0.25583524	-0.009638874	-0.7009051	-3.677117e-17	0	300
1.843499999999898e-10	0.256164	-0.008667903	-0.70091575	-3.6774816e-17	0	300
1.8444999999998978e-10	0.25650537	-0.007704534	-0.7009235	-3.6778422e-17	0	300
1.8454999999998976e-10	0.25685912	-0.006748908	-0.7009288	-3.678201e-17	0	300
1.8464999999998974e-10	0.25722516	-0.0058011664	-0.7009315	-3.6785582e-17	0	300
1.8474999999998972e-10	0.2576033	-0.0048614405	-0.7009316	-3.678912e-17	0	300
1.848499999999897e-10	0.25799337	-0.0039298683	-0.70092916	-3.679264e-17	0	300
1.8494999999998968e-10	0.25839528	-0.0030065777	-0.70092404	-3.6796124e-17	0	300
1.8504999999998966e-10	0.25880882	-0.0020916974	-0.7009166	-3.679959e-17	0	300
1.8514999999998964e-10	0.25923392	-0.001185352	-0.7009066	-3.680305e-17	0	300
1.8524999999998962e-10	0.25967035	-0.00028766273	-0.7008943	-3.680647e-17	0	300
1.853499999999896e-10	0.26011798	0.0006012437	-0.70087945	-3.680987e-17	0	300
1.8544999999998957e-10	0.26057667	0.0014812546	-0.7008624	-3.6813253e-17	0	300
1.8554999999998955e-10	0.26104623	0.002352254	-0.700843	-3.6816608e-17	0	300
1.8564999999998953e-10	0.2615265	0.0032141306	-0.7008212	-3.681994e-17	0	300
1.857499999999895e-10	0.26201734	0.004066774	-0.7007972	-3.6823232e-17	0	300
1.858499999999895e-10	0.26251855	0.004910076	-0.700771	-3.6826528e-17	0	300
1.8594999999998947e-10	0.26303002	0.005743935	-0.7007425	-3.6829793e-17	0	300
1.8604999999998945e-10	0.26355156	0.0065682437	-0.7007119	-3.6833032e-17	0	300
1.8614999999998943e-10	0.26408297	0.00738291	-0.7006791	-3.6836255e-17	0	300
1.862499999999894e-10	0.26462418	0.008187832	-0.7006444	-3.6839455e-17	0	300
1.8634999999998938e-10	0.26517487	0.008982919	-0.7006074	-3.6842644e-17	0	300
1.8644999999998936e-10	0.26573506	0.009768083	-0.7005685	-3.68458e-17	0	300
1.8654999999998934e-10	0.26630443	0.010543233	-0.7005276	-3.6848928e-17	0	300
1.8664999999998932e-10	0.2668829	0.011308276	-0.70048463	-3.6852044e-17	0	300
1.867499999999893e-10	0.26747024	0.012063142	-0.7004399	-3.6855135e-17	0	300
1.8684999999998928e-10	0.2680663	0.012807742	-0.70039314	-3.685823e-17	0	300
1.8694999999998926e-10	0.2686709	0.013542001	-0.7003446	-3.686127e-17	0	300
1.8704999999998924e-10	0.2692839	0.014265845	-0.70029426	-3.6864307e-17	0	300
1.8714999999998922e-10	0.26990506	0.0149791995	-0.7002421	-3.686732e-17	0	300
1.872499999999892e-10	0.27053428	0.015682003	-0.7001881	-3.6870302e-17	0	300
1.8734999999998917e-10	0.27117133	0.016374176	-0.7001325	-3.687328e-17	0	300
1.8744999999998915e-10	0.27181607	0.01705566	-0.7000751	-3.6876228e-17	0	300
1.8754999999998913e-10	0.27246836	0.0177264	-0.7000162	-3.6879163e-17	0	300
1.876499999999891e-10	0.27312794	0.018386327	-0.6999556	-3.688207e-17	0	300
1.877499999999891e-10	0.2737947	0.019035386	-0.6998933	-3.688497e-17	0	300
1.8784999999998907e-10	0.27446842	0.019673532	-0.6998296	-3.688784e-17	0	300
1.8794999999998905e-10	0.27514893	0.020300709	-0.6997643	-3.6890704e-17	0	300
1.8804999999998903e-10	0.2758361	0.020916864	-0.6996977	-3.689353e-17	0	300
1.88149999999989e-10	0.2765297	0.021521956	-0.6996295	-3.6896355e-17	0	300
1.8824999999998898e-10	0.2772296	0.022115944	-0.6995599	-3.689915e-17	0	300
1.8834999999998896e-10	0.2779356	0.022698782	-0.699489	-3.690193e-17	0	300
1.8844999999998894e-10	0.27864754	0.023270432	-0.6994167	-3.6904693e-17	0	300
1.8854999999998892e-10	0.27936518	0.023830863	-0.69934314	-3.690743e-17	0	300
1.886499999999889e-10	0.28008842	0.02438004	-0.6992682	-3.691016e-17	0	300
1.8874999999998888e-10	0.28081706	0.024917934	-0.69919217	-3.691286e-17	0	300
1.8884999999998886e-10	0.2815509	0.025444515	-0.6991149	-3.691555e-17	0	300
1.8894999999998884e-10	0.2822898	0.02595975	-0.6990364	-3.691823e-17	0	300
1.8904999999998882e-10	0.28303355	0.026463633	-0.69895697	-3.692087e-17	0	300
1.891499999999888e-10	0.283782	0.02695613	-0.69887626	-3.6923503e-17	0	300
1.8924999999998877e-10	0.28453496	0.027437229	-0.6987945	-3.692612e-17	0	300
1.8934999999998875e-10	0.28529233	0.02790691	-0.6987118	-3.6928714e-17	0	300
1.8944999999998873e-10	0.2860538	0.028365167	-0.698628	-3.6931305e-17	0	300
1.895499999999887e-10	0.28681928	0.028811984	-0.6985433	-3.6933866e-17	0	300
1.896499999999887e-10	0.28758857	0.02924735	-0.6984577	-3.6936417e-17	0	300
1.8974999999998867e-10	0.28836155	0.029671261	-0.6983713	-3.6938935e-17	0	300
1.8984999999998865e-10	0.28913796	0.030083718	-0.6982839	-3.6941463e-17	0	300
1.8994999999998863e-10	0.2899177	0.030484714	-0.69819576	-3.6943944e-17	0	300
1.900499999999886e-10	0.29070058	0.030874252	-0.6981068	-3.694644e-17	0	300
1.9014999999998858e-10	0.29148644	0.031252332	-0.69801706	-3.6948894e-17	0	300
1.9024999999998856e-10	0.29227507	0.031618968	-0.6979267	-3.695135e-17	0	300
1.9034999999998854e-10	0.29306632	0.03197416	-0.69783556	-3.695377e-17	0	300
1.9044999999998852e-10	0.29386005	0.032317914	-0.69774383	-3.695619e-17	0	300
1.905499999999885e-10	0.29465604	0.032650255	-0.69765145	-3.6958565e-17	0	300
1.9064999999998848e-10	0.29545417	0.03297118	-0.69755846	-3.696095e-17	0	300
1.9074999999998846e-10	0.29625425	0.033280727	-0.697465	-3.6963327e-17	0	300
1.9084999999998844e-10	0.29705614	0.033578895	-0.697371	-3.6965666e-17	0	300
1.9094999999998842e-10	0.2978596	0.03386572	-0.6972765	-3.6968002e-17	0	300
1.910499999999884e-10	0.29866457	0.03414121	-0.69718146	-3.6970318e-17	0	300
1.9114999999998837e-10	0.29947084	0.034405395	-0.6970861	-3.697263e-17	0	300
1.9124999999998835e-10	0.30027822	0.034658313	-0.6969904	-3.6974917e-17	0	300
1.9134999999998833e-10	0.3010866	0.034899972	-0.6968942	-3.697718e-17	0	300
1.914499999999883e-10	0.30189577	0.035130426	-0.6967977	-3.6979434e-17	0	300
1.915499999999883e-10	0.3027056	0.03534969	-0.69670105	-3.6981687e-17	0	300
1.9164999999998827e-10	0.30351594	0.03555781	-0.6966041	-3.69839e-17	0	300
1.9174999999998825e-10	0.30432662	0.03575481	-0.69650686	-3.698611e-17	0	300
1.9184999999998823e-10	0.3051375	0.03594074	-0.6964094	-3.69883e-17	0	300
1.919499999999882e-10	0.30594838	0.03611564	-0.6963119	-3.699048e-17	0	300
1.9204999999998819e-10	0.30675912	0.036279548	-0.6962141	-3.6992665e-17	0	300
1.9214999999998816e-10	0.30756962	0.03643251	-0.69611627	-3.699481e-17	0	300
1.9224999999998814e-10	0.30837968	0.036574565	-0.6960184	-3.699695e-17	0	300
1.9234999999998812e-10	0.30918917	0.036705773	-0.69592035	-3.699906e-17	0	300
1.924499999999881e-10	0.30999792	0.03682617	-0.6958224	-3.700117e-17	0	300
1.9254999999998808e-10	0.31080586	0.03693582	-0.6957245	-3.7003263e-17	0	300
1.9264999999998806e-10	0.31161267	0.03703477	-0.6956266	-3.7005344e-17	0	300
1.9274999999998804e-10	0.31241837	0.037123077	-0.69552875	-3.7007405e-17	0	300
1.9284999999998802e-10	0.31322277	0.037200794	-0.695431	-3.700946e-17	0	300
1.92949999999988e-10	0.31402573	0.037267976	-0.69533336	-3.7011502e-17	0	300
1.9304999999998798e-10	0.31482702	0.037324686	-0.6952359	-3.7013523e-17	0	300
1.9314999999998795e-10	0.31562665	0.03737099	-0.6951387	-3.7015532e-17	0	300
1.9324999999998793e-10	0.31642437	0.037406947	-0.6950416	-3.701753e-17	0	300
1.933499999999879e-10	0.31722012	0.037432622	-0.6949448	-3.701951e-17	0	300
1.934499999999879e-10	0.31801364	0.037448075	-0.69484824	-3.7021477e-17	0	300
1.9354999999998787e-10	0.31880492	0.03745338	-0.694752	-3.7023433e-17	0	300
1.9364999999998785e-10	0.31959382	0.037448596	-0.6946561	-3.7025382e-17	0	300
1.9374999999998783e-10	0.32038012	0.037433803	-0.6945605	-3.7027307e-17	0	300
1.938499999999878e-10	0.32116377	0.037409067	-0.6944653	-3.702922e-17	0	300
1.9394999999998779e-10	0.32194465	0.037374463	-0.6943705	-3.7031122e-17	0	300
1.9404999999998776e-10	0.32272252	0.03733006	-0.6942761	-3.7033012e-17	0	300
1.9414999999998774e-10	0.32349735	0.037275948	-0.6941823	-3.7034898e-17	0	300
1.9424999999998772e-10	0.32426903	0.03721219	-0.69408876	-3.7036754e-17	0	300
1.943499999999877e-10	0.32503733	0.037138868	-0.69399583	-3.7038613e-17	0	300
1.9444999999998768e-10	0.32580227	0.03705606	-0.69390345	-3.7040443e-17	0	300
1.9454999999998766e-10	0.32656366	0.036963843	-0.69381166	-3.704227e-17	0	300
1.9464999999998764e-10	0.3273213	0.036862306	-0.69372034	-3.7044086e-17	0	300
1.9474999999998762e-10	0.32807523	0.036751524	-0.6936297	-3.7045896e-17	0	300
1.948499999999876e-10	0.32882524	0.03663159	-0.6935397	-3.7047676e-17	0	300
1.9494999999998758e-10	0.3295712	0.036502585	-0.6934502	-3.704946e-17	0	300
1.9504999999998755e-10	0.33031306	0.036364593	-0.6933615	-3.7051216e-17	0	300
1.9514999999998753e-10	0.3310507	0.0362177	-0.6932735	-3.705297e-17	0	300
1.952499999999875e-10	0.33178395	0.036062002	-0.6931862	-3.7054714e-17	0	300
1.953499999999875e-10	0.33251274	0.03589758	-0.6930996	-3.7056437e-17	0	300
1.9544999999998747e-10	0.33323696	0.035724524	-0.6930138	-3.7058148e-17	0	300
1.9554999999998745e-10	0.33395654	0.035542935	-0.69292873	-3.7059862e-17	0	300
1.9564999999998743e-10	0.33467132	0.035352893	-0.6928445	-3.7061553e-17	0	300
1.957499999999874e-10	0.33538127	0.0351545	-0.6927611	-3.706325e-17	0	300
1.9584999999998739e-10	0.33608615	0.034947846	-0.6926785	-3.7064904e-17	0	300
1.9594999999998737e-10	0.33678606	0.034733027	-0.69259685	-3.7066562e-17	0	300
1.9604999999998734e-10	0.33748072	0.034510143	-0.6925161	-3.706821e-17	0	300
1.9614999999998732e-10	0.3381702	0.034279276	-0.6924361	-3.7069854e-17	0	300
1.962499999999873e-10	0.33885428	0.03404054	-0.6923571	-3.707147e-17	0	300
1.9634999999998728e-10	0.33953288	0.033794023	-0.69227904	-3.7073084e-17	0	300
1.9644999999998726e-10	0.340206	0.033539824	-0.692202	-3.7074698e-17	0	300
1.9654999999998724e-10	0.34087342	0.033278055	-0.6921259	-3.707629e-17	0	300
1.9664999999998722e-10	0.3415352	0.0330088	-0.69205076	-3.7077855e-17	0	300
1.967499999999872e-10	0.34219116	0.032732166	-0.69197667	-3.7079433e-17	0	300
1.9684999999998718e-10	0.34284118	0.032448262	-0.6919036	-3.7080985e-17	0	300
1.9694999999998716e-10	0.34348527	0.032157175	-0.6918316	-3.7082533e-17	0	300
1.9704999999998713e-10	0.34412333	0.031859018	-0.69176054	-3.7084085e-17	0	300
1.9714999999998711e-10	0.34475526	0.031553894	-0.69169074	-3.70856e-17	0	300
1.972499999999871e-10	0.34538093	0.031241909	-0.69162196	-3.7087123e-17	0	300
1.9734999999998707e-10	0.34600037	0.030923162	-0.6915543	-3.7088628e-17	0	300
1.9744999999998705e-10	0.34661347	0.030597758	-0.69148767	-3.7090124e-17	0	300
1.9754999999998703e-10	0.3472201	0.030265808	-0.69142234	-3.709161e-17	0	300
1.97649999999987e-10	0.34782025	0.029927408	-0.6913581	-3.7093095e-17	0	300
1.9774999999998699e-10	0.34841388	0.02958268	-0.691295	-3.7094557e-17	0	300
1.9784999999998697e-10	0.34900087	0.029231716	-0.69123316	-3.7096013e-17	0	300
1.9794999999998694e-10	0.34958106	0.028874632	-0.6911724	-3.7097462e-17	0	300
1.9804999999998692e-10	0.3501546	0.028511532	-0.691113	-3.7098898e-17	0	300
1.981499999999869e-10	0.35072127	0.028142525	-0.69105476	-3.7100314e-17	0	300
1.9824999999998688e-10	0.35128105	0.027767718	-0.6909978	-3.710174e-17	0	300
1.9834999999998686e-10	0.3518339	0.027387224	-0.69094205	-3.7103137e-17	0	300
1.9844999999998684e-10	0.35237974	0.02700115	-0.6908875	-3.7104546e-17	0	300
1.9854999999998682e-10	0.35291854	0.0266096	-0.6908343	-3.710593e-17	0	300
1.986499999999868e-10	0.3534502	0.026212692	-0.69078237	-3.710731e-17	0	300
1.9874999999998678e-10	0.35397473	0.025810529	-0.6907318	-3.7108682e-17	0	300
1.9884999999998676e-10	0.35449204	0.025403222	-0.6906824	-3.7110026e-17	0	300
1.9894999999998673e-10	0.35500205	0.024990885	-0.6906345	-3.711139e-17	0	300
1.9904999999998671e-10	0.35550478	0.024573628	-0.6905878	-3.711273e-17	0	300
1.991499999999867e-10	0.35600016	0.02415156	-0.69054246	-3.7114052e-17	0	300
1.9924999999998667e-10	0.35648814	0.023724787	-0.69049853	-3.711538e-17	0	300
1.9934999999998665e-10	0.3569686	0.023293424	-0.69045585	-3.71167e-17	0	300
1.9944999999998663e-10	0.35744166	0.022857584	-0.69041455	-3.7118003e-17	0	300
1.995499999999866e-10	0.35790718	0.022417376	-0.69037473	-3.7119303e-17	0	300
1.996499999999866e-10	0.3583651	0.021972911	-0.6903362	-3.7120597e-17	0	300
1.9974999999998657e-10	0.35881543	0.021524303	-0.69029915	-3.7121877e-17	0	300
1.9984999999998655e-10	0.35925812	0.021071654	-0.6902634	-3.712314e-17	0	300
1.9994999999998652e-10	0.3596931	0.020615082	-0.69022906	-3.7124402e-17	0	300
2.000499999999865e-10	0.36012045	0.0201547	-0.69019616	-3.712566e-17	0	300
2.0014999999998648e-10	0.36054003	0.019690614	-0.6901647	-3.712691e-17	0	300
2.0024999999998646e-10	0.36095187	0.019222938	-0.69013464	-3.7128137e-17	0	300
2.0034999999998644e-10	0.36135596	0.018751778	-0.69010603	-3.712938e-17	0	300
2.0044999999998642e-10	0.36175215	0.018277252	-0.69007885	-3.7130596e-17	0	300
2.005499999999864e-10	0.36214057	0.017799467	-0.6900531	-3.7131807e-17	0	300
2.0064999999998638e-10	0.3625211	0.017318532	-0.6900289	-3.7133008e-17	0	300
2.0074999999998636e-10	0.36289376	0.01683456	-0.690006	-3.7134206e-17	0	300
2.0084999999998634e-10	0.36325854	0.016347662	-0.6899846	-3.7135393e-17	0	300
2.0094999999998631e-10	0.3636154	0.015857944	-0.68996465	-3.7136575e-17	0	300
2.010499999999863e-10	0.36396426	0.01536552	-0.6899461	-3.7137753e-17	0	300
2.0114999999998627e-10	0.36430523	0.014870495	-0.6899291	-3.7138914e-17	0	300
2.0124999999998625e-10	0.3646382	0.014372983	-0.68991363	-3.7140085e-17	0	300
2.0134999999998623e-10	0.36496326	0.013873089	-0.68989956	-3.7141227e-17	0	300
2.014499999999862e-10	0.36528027	0.013370926	-0.6898869	-3.714237e-17	0	300
2.015499999999862e-10	0.36558932	0.0128665995	-0.68987584	-3.7143513e-17	0	300
2.0164999999998617e-10	0.36589035	0.012360219	-0.6898662	-3.714463e-17	0	300
2.0174999999998615e-10	0.36618334	0.011851894	-0.6898581	-3.7145753e-17	0	300
2.0184999999998612e-10	0.3664684	0.011341728	-0.6898513	-3.7146878e-17	0	300
2.019499999999861e-10	0.3667454	0.010829831	-0.68984616	-3.7147977e-17	0	300
2.0204999999998608e-10	0.3670144	0.01031631	-0.6898424	-3.7149082e-17	0	300
2.0214999999998606e-10	0.36727536	0.009801271	-0.6898402	-3.7150177e-17	0	300
2.0224999999998604e-10	0.36752835	0.00928482	-0.6898394	-3.715127e-17	0	300
2.0234999999998602e-10	0.3677733	0.008767064	-0.6898402	-3.7152337e-17	0	300
2.02449999999986e-10	0.36801022	0.008248107	-0.68984246	-3.7153406e-17	0	300
2.0254999999998598e-10	0.36823916	0.0077280533	-0.68984616	-3.7154478e-17	0	300
2.0264999999998596e-10	0.36846006	0.0072070095	-0.6898513	-3.715553e-17	0	300
2.0274999999998594e-10	0.368673	0.0066850767	-0.689858	-3.7156576e-17	0	300
2.0284999999998591e-10	0.36887795	0.006162361	-0.68986607	-3.715763e-17	0	300
2.029499999999859e-10	0.36907494	0.0056389635	-0.68987566	-3.7158664e-17	0	300
2.0304999999998587e-10	0.36926395	0.005114988	-0.6898868	-3.7159696e-17	0	300
2.0314999999998585e-10	0.369445	0.0045905346	-0.6898993	-3.716073e-17	0	300
2.0324999999998583e-10	0.36961818	0.0040657073	-0.68991333	-3.716175e-17	0	300
2.033499999999858e-10	0.3697834	0.0035406046	-0.68992877	-3.716276e-17	0	300
2.034499999999858e-10	0.3699407	0.0030153282	-0.68994576	-3.7163766e-17	0	300
2.0354999999998577e-10	0.37009022	0.0024899766	-0.6899641	-3.7164765e-17	0	300
2.0364999999998575e-10	0.3702318	0.0019646497	-0.68998396	-3.7165758e-17	0	300
2.0374999999998573e-10	0.3703656	0.0014394457	-0.69000524	-3.716674e-17	0	300
2.038499999999857e-10	0.3704915	0.0009144622	-0.690028	-3.716773e-17	0	300
2.0394999999998568e-10	0.37060967	0.0003897968	-0.6900522	-3.716871e-17	0	300
2.0404999999998566e-10	0.37072006	-0.00013445431	-0.6900778	-3.7169672e-17	0	300
2.0414999999998564e-10	0.37082267	-0.00065819453	-0.6901047	-3.7170638e-17	0	300
2.0424999999998562e-10	0.37091762	-0.0011813284	-0.6901333	-3.7171594e-17	0	300
2.043499999999856e-10	0.37100482	-0.0017037628	-0.69016314	-3.717255e-17	0	300
2.0444999999998558e-10	0.37108445	-0.0022254027	-0.6901944	-3.7173493e-17	0	300
2.0454999999998556e-10	0.3711564	-0.0027461555	-0.6902272	-3.7174433e-17	0	300
2.0464999999998554e-10	0.37122074	-0.0032659294	-0.69026124	-3.7175366e-17	0	300
2.0474999999998552e-10	0.37127754	-0.0037846302	-0.69029677	-3.7176306e-17	0	300
2.048499999999855e-10	0.37132683	-0.004302169	-0.6903337	-3.717723e-17	0	300
2.0494999999998547e-10	0.37136862	-0.0048184544	-0.6903719	-3.717815e-17	0	300
2.0504999999998545e-10	0.37140292	-0.005333399	-0.69041157	-3.7179055e-17	0	300
2.0514999999998543e-10	0.37142986	-0.005846911	-0.6904526	-3.7179962e-17	0	300
2.052499999999854e-10	0.37144938	-0.006358905	-0.6904949	-3.7180865e-17	0	300
2.053499999999854e-10	0.37146154	-0.0068692933	-0.6905386	-3.718177e-17	0	300
2.0544999999998537e-10	0.37146643	-0.0073779887	-0.6905836	-3.7182655e-17	0	300
2.0554999999998535e-10	0.37146404	-0.0078849085	-0.6906301	-3.7183542e-17	0	300
2.0564999999998533e-10	0.37145445	-0.008389963	-0.69067776	-3.7184422e-17	0	300
2.057499999999853e-10	0.37143773	-0.008893073	-0.6907268	-3.7185312e-17	0	300
2.0584999999998528e-10	0.37141386	-0.009394152	-0.6907771	-3.718618e-17	0	300
2.0594999999998526e-10	0.3713829	-0.009893118	-0.6908288	-3.7187036e-17	0	300
2.0604999999998524e-10	0.37134486	-0.010389894	-0.6908816	-3.7187906e-17	0	300
2.0614999999998522e-10	0.3712999	-0.010884397	-0.69093585	-3.7188753e-17	0	300
2.062499999999852e-10	0.37124795	-0.011376546	-0.6909913	-3.7189607e-17	0	300
2.0634999999998518e-10	0.37118918	-0.011866264	-0.69104797	-3.719046e-17	0	300
2.0644999999998516e-10	0.3711235	-0.012353472	-0.69110596	-3.7191294e-17	0	300
2.0654999999998514e-10	0.37105107	-0.0128380945	-0.6911652	-3.7192138e-17	0	300
2.0664999999998512e-10	0.37097192	-0.013320056	-0.6912256	-3.7192962e-17	0	300
2.067499999999851e-10	0.37088603	-0.01379928	-0.6912873	-3.719379e-17	0	300
2.0684999999998507e-10	0.37079355	-0.014275693	-0.69135	-3.7194616e-17	0	300
2.0694999999998505e-10	0.37069452	-0.014749219	-0.6914141	-3.7195447e-17	0	300
2.0704999999998503e-10	0.370589	-0.015219791	-0.6914793	-3.7196238e-17	0	300
2.07149999999985e-10	0.37047693	-0.015687335	-0.6915457	-3.7197065e-17	0	300
2.07249999999985e-10	0.3703585	-0.016151782	-0.6916132	-3.719786e-17	0	300
2.0734999999998497e-10	0.37023374	-0.01661306	-0.691682	-3.7198663e-17	0	300
2.0744999999998495e-10	0.37010267	-0.017071102	-0.6917517	-3.7199457e-17	0	300
2.0754999999998493e-10	0.36996537	-0.01752584	-0.6918227	-3.7200244e-17	0	300
2.076499999999849e-10	0.36982197	-0.01797721	-0.6918947	-3.720105e-17	0	300
2.0774999999998488e-10	0.36967242	-0.018425146	-0.69196796	-3.7201823e-17	0	300
2.0784999999998486e-10	0.36951682	-0.01886958	-0.69204223	-3.720261e-17	0	300
2.0794999999998484e-10	0.3693553	-0.019310456	-0.6921176	-3.7203374e-17	0	300
2.0804999999998482e-10	0.3691878	-0.019747699	-0.6921939	-3.7204145e-17	0	300
2.081499999999848e-10	0.36901447	-0.020181261	-0.69227135	-3.720491e-17	0	300
2.0824999999998478e-10	0.36883536	-0.020611074	-0.6923498	-3.7205677e-17	0	300
2.0834999999998476e-10	0.36865053	-0.021037081	-0.69242924	-3.720643e-17	0	300
2.0844999999998474e-10	0.36846	-0.021459226	-0.6925098	-3.720719e-17	0	300
2.0854999999998472e-10	0.368264	-0.021877443	-0.6925912	-3.720794e-17	0	300
2.086499999999847e-10	0.3680624	-0.022291683	-0.6926737	-3.7208685e-17	0	300
2.0874999999998467e-10	0.36785534	-0.022701893	-0.6927572	-3.720943e-17	0	300
2.0884999999998465e-10	0.36764294	-0.023108011	-0.6928415	-3.721016e-17	0	300
2.0894999999998463e-10	0.3674252	-0.02350999	-0.6929268	-3.7210892e-17	0	300
2.090499999999846e-10	0.36720222	-0.02390778	-0.6930131	-3.721163e-17	0	300
2.091499999999846e-10	0.36697412	-0.024301322	-0.6931003	-3.721236e-17	0	300
2.0924999999998457e-10	0.36674085	-0.024690572	-0.6931883	-3.7213076e-17	0	300
2.0934999999998455e-10	0.36650258	-0.025075478	-0.69327724	-3.721379e-17	0	300
2.0944999999998453e-10	0.36625934	-0.025455996	-0.69336706	-3.7214508e-17	0	300
2.095499999999845e-10	0.3660112	-0.025832072	-0.6934577	-3.7215216e-17	0	300
2.0964999999998449e-10	0.3657583	-0.02620367	-0.6935493	-3.7215928e-17	0	300
2.0974999999998446e-10	0.3655006	-0.026570737	-0.69364154	-3.721663e-17	0	300
2.0984999999998444e-10	0.36523828	-0.026933236	-0.6937347	-3.7217334e-17	0	300
2.0994999999998442e-10	0.36497134	-0.027291121	-0.69382864	-3.721802e-17	0	300
2.100499999999844e-10	0.36469987	-0.027644347	-0.69392335	-3.7218714e-17	0	300
2.1014999999998438e-10	0.364424	-0.027992882	-0.69401884	-3.7219412e-17	0	300
2.1024999999998436e-10	0.3641438	-0.028336685	-0.6941149	-3.7220093e-17	0	300
2.1034999999998434e-10	0.36385924	-0.02867571	-0.69421196	-3.722078e-17	0	300
2.1044999999998432e-10	0.36357048	-0.02900993	-0.6943096	-3.7221453e-17	0	300
2.105499999999843e-10	0.36327755	-0.029339306	-0.69440794	-3.7222135e-17	0	300
2.1064999999998427e-10	0.36298063	-0.029663797	-0.69450706	-3.72228e-17	0	300
2.1074999999998425e-10	0.3626797	-0.02998338	-0.6946068	-3.7223475e-17	0	300
2.1084999999998423e-10	0.36237484	-0.030298013	-0.6947072	-3.7224137e-17	0	300
2.109499999999842e-10	0.36206618	-0.030607669	-0.69480824	-3.7224792e-17	0	300
2.110499999999842e-10	0.36175376	-0.030912314	-0.6949099	-3.7225454e-17	0	300
2.1114999999998417e-10	0.3614377	-0.031211926	-0.6950122	-3.7226105e-17	0	300
2.1124999999998415e-10	0.36111802	-0.03150647	-0.6951151	-3.722676e-17	0	300
2.1134999999998413e-10	0.36079484	-0.031795923	-0.6952185	-3.722741e-17	0	300
2.114499999999841e-10	0.3604682	-0.032080255	-0.6953225	-3.7228048e-17	0	300
2.1154999999998409e-10	0.3601382	-0.032359444	-0.69542706	-3.7228703e-17	0	300
2.1164999999998406e-10	0.35980496	-0.032633465	-0.69553214	-3.7229335e-17	0	300
2.1174999999998404e-10	0.3594685	-0.032902293	-0.69563776	-3.722997e-17	0	300
2.1184999999998402e-10	0.3591289	-0.03316591	-0.69574386	-3.7230595e-17	0	300
2.11949999999984e-10	0.3587863	-0.03342429	-0.69585043	-3.723122e-17	0	300
2.1204999999998398e-10	0.35844073	-0.03367742	-0.6959575	-3.7231846e-17	0	300
2.1214999999998396e-10	0.35809225	-0.033925284	-0.69606507	-3.723248e-17	0	300
2.1224999999998394e-10	0.35774103	-0.034167852	-0.696173	-3.72331e-17	0	300
2.1234999999998392e-10	0.3573871	-0.03440512	-0.69628143	-3.7233715e-17	0	300
2.124499999999839e-10	0.3570305	-0.034637067	-0.6963903	-3.723432e-17	0	300
2.1254999999998388e-10	0.35667133	-0.034863677	-0.69649935	-3.723493e-17	0	300
2.1264999999998385e-10	0.3563097	-0.03508494	-0.6966089	-3.7235545e-17	0	300
2.1274999999998383e-10	0.35594568	-0.035300843	-0.6967189	-3.7236137e-17	0	300
2.128499999999838e-10	0.35557932	-0.03551138	-0.6968291	-3.723674e-17	0	300
2.129499999999838e-10	0.3552108	-0.03571653	-0.6969397	-3.7237345e-17	0	300
2.1304999999998377e-10	0.35484004	-0.03591629	-0.6970506	-3.7237937e-17	0	300
2.1314999999998375e-10	0.3544672	-0.03611066	-0.6971618	-3.723852e-17	0	300
2.1324999999998373e-10	0.35409242	-0.036299624	-0.6972733	-3.7239112e-17	0	300
2.133499999999837e-10	0.35371572	-0.036483176	-0.69738495	-3.7239704e-17	0	300
2.1344999999998369e-10	0.35333717	-0.036661312	-0.69749695	-3.724029e-17	0	300
2.1354999999998367e-10	0.3529569	-0.03683403	-0.69760925	-3.7240866e-17	0	300
2.1364999999998364e-10	0.35257488	-0.03700133	-0.69772166	-3.724144e-17	0	300
2.1374999999998362e-10	0.35219133	-0.037163213	-0.69783425	-3.724201e-17	0	300
2.138499999999836e-10	0.35180628	-0.037319668	-0.6979471	-3.724259e-17	0	300
2.1394999999998358e-10	0.35141975	-0.0374707	-0.69806015	-3.724316e-17	0	300
2.1404999999998356e-10	0.3510319	-0.037616313	-0.6981733	-3.724372e-17	0	300
2.1414999999998354e-10	0.35064277	-0.037756503	-0.6982866	-3.724428e-17	0	300
2.1424999999998352e-10	0.35025242	-0.037891284	-0.6984	-3.7244836e-17	0	300
2.143499999999835e-10	0.34986097	-0.038020648	-0.69851357	-3.7245402e-17	0	300
2.1444999999998348e-10	0.34946844	-0.038144607	-0.6986272	-3.724595e-17	0	300
2.1454999999998345e-10	0.349075	-0.038263176	-0.69874096	-3.7246507e-17	0	300
2.1464999999998343e-10	0.34868068	-0.038376346	-0.6988546	-3.724705e-17	0	300
2.147499999999834e-10	0.3482855	-0.038484138	-0.6989685	-3.7247592e-17	0	300
2.148499999999834e-10	0.34788963	-0.03858655	-0.6990824	-3.7248145e-17	0	300
2.1494999999998337e-10	0.3474931	-0.0386836	-0.6991963	-3.7248674e-17	0	300
2.1504999999998335e-10	0.347096	-0.038775302	-0.6993102	-3.7249214e-17	0	300
2.1514999999998333e-10	0.3466984	-0.038861662	-0.699424	-3.7249756e-17	0	300
2.152499999999833e-10	0.34630042	-0.0389427	-0.69953793	-3.7250276e-17	0	300
2.1534999999998329e-10	0.3459021	-0.039018422	-0.6996517	-3.7250802e-17	0	300
2.1544999999998327e-10	0.34550345	-0.03908884	-0.6997655	-3.7251334e-17	0	300
2.1554999999998324e-10	0.34510463	-0.03915398	-0.6998792	-3.725186e-17	0	300
2.1564999999998322e-10	0.3447057	-0.03921386	-0.69999284	-3.7252387e-17	0	300
2.157499999999832e-10	0.34430677	-0.03926849	-0.7001064	-3.7252903e-17	0	300
2.1584999999998318e-10	0.34390783	-0.039317887	-0.70021987	-3.725341e-17	0	300
2.1594999999998316e-10	0.34350896	-0.039362073	-0.7003331	-3.7253915e-17	0	300
2.1604999999998314e-10	0.3431103	-0.03940108	-0.70044625	-3.7254438e-17	0	300
2.1614999999998312e-10	0.3427119	-0.03943491	-0.70055926	-3.725494e-17	0	300
2.162499999999831e-10	0.34231383	-0.0394636	-0.70067215	-3.7255444e-17	0	300
2.1634999999998308e-10	0.34191614	-0.03948717	-0.70078486	-3.7255937e-17	0	300
2.1644999999998306e-10	0.34151897	-0.039505634	-0.70089734	-3.7256443e-17	0	300
2.1654999999998303e-10	0.3411223	-0.039519023	-0.7010096	-3.7256943e-17	0	300
2.1664999999998301e-10	0.34072626	-0.039527364	-0.7011217	-3.725744e-17	0	300
2.16749999999983e-10	0.34033084	-0.039530687	-0.7012335	-3.725793e-17	0	300
2.1684999999998297e-10	0.33993623	-0.039529007	-0.701345	-3.725842e-17	0	300
2.1694999999998295e-10	0.33954245	-0.039522365	-0.7014563	-3.7258898e-17	0	300
2.1704999999998293e-10	0.33914953	-0.039510787	-0.7015674	-3.7259388e-17	0	300
2.171499999999829e-10	0.33875757	-0.039494283	-0.70167816	-3.725986e-17	0	300
2.172499999999829e-10	0.33836663	-0.039472908	-0.70178866	-3.7260344e-17	0	300
2.1734999999998287e-10	0.3379768	-0.03944669	-0.7018989	-3.7260827e-17	0	300
2.1744999999998285e-10	0.33758813	-0.03941565	-0.7020087	-3.72613e-17	0	300
2.1754999999998282e-10	0.33720064	-0.039379824	-0.70211816	-3.7261757e-17	0	300
2.176499999999828e-10	0.33681452	-0.039339244	-0.70222735	-3.7262233e-17	0	300
2.1774999999998278e-10	0.33642972	-0.03929395	-0.7023362	-3.7262697e-17	0	300
2.1784999999998276e-10	0.3360463	-0.03924397	-0.7024447	-3.7263163e-17	0	300
2.1794999999998274e-10	0.33566442	-0.039189346	-0.70255274	-3.7263626e-17	0	300
2.1804999999998272e-10	0.33528405	-0.039130103	-0.7026604	-3.7264086e-17	0	300
2.181499999999827e-10	0.33490533	-0.039066285	-0.7027676	-3.726454e-17	0	300
2.1824999999998268e-10	0.33452827	-0.03899793	-0.70287454	-3.7264993e-17	0	300
2.1834999999998266e-10	0.3341529	-0.038925078	-0.702981	-3.726545e-17	0	300
2.1844999999998263e-10	0.33377934	-0.03884776	-0.7030869	-3.726589e-17	0	300
2.1854999999998261e-10	0.3334076	-0.03876602	-0.70319253	-3.7266336e-17	0	300
2.186499999999826e-10	0.33303788	-0.038679898	-0.7032976	-3.7266773e-17	0	300
2.1874999999998257e-10	0.33267003	-0.038589433	-0.7034022	-3.726722e-17	0	300
2.1884999999998255e-10	0.33230424	-0.038494673	-0.70350635	-3.726765e-17	0	300
2.1894999999998253e-10	0.33194053	-0.03839564	-0.70361	-3.7268093e-17	0	300
2.190499999999825e-10	0.331579	-0.0382924	-0.7037132	-3.726854e-17	0	300
2.191499999999825e-10	0.33121958	-0.038184978	-0.7038158	-3.7268963e-17	0	300
2.1924999999998247e-10	0.3308625	-0.038073428	-0.70391786	-3.7269387e-17	0	300
2.1934999999998245e-10	0.33050767	-0.037957795	-0.70401955	-3.7269817e-17	0	300
2.1944999999998242e-10	0.33015525	-0.037838113	-0.7041206	-3.727024e-17	0	300
2.195499999999824e-10	0.3298052	-0.037714433	-0.7042212	-3.727067e-17	0	300
2.1964999999998238e-10	0.32945764	-0.0375868	-0.7043211	-3.7271074e-17	0	300
2.1974999999998236e-10	0.32911256	-0.037455264	-0.70442045	-3.7271494e-17	0	300
2.1984999999998234e-10	0.32877004	-0.03731986	-0.7045193	-3.7271908e-17	0	300
2.1994999999998232e-10	0.3284302	-0.03718065	-0.7046175	-3.7272328e-17	0	300
2.200499999999823e-10	0.328093	-0.037037678	-0.70471513	-3.7272732e-17	0	300
2.2014999999998228e-10	0.3277585	-0.036890976	-0.7048121	-3.7273132e-17	0	300
2.2024999999998226e-10	0.32742676	-0.036740612	-0.7049086	-3.727355e-17	0	300
2.2034999999998224e-10	0.32709783	-0.036586624	-0.7050044	-3.727395e-17	0	300
2.2044999999998221e-10	0.32677177	-0.036429062	-0.7050995	-3.7274353e-17	0	300
2.205499999999822e-10	0.3264486	-0.03626798	-0.7051941	-3.7274747e-17	0	300
2.2064999999998217e-10	0.32612836	-0.036103427	-0.705288	-3.7275137e-17	0	300
2.2074999999998215e-10	0.32581112	-0.03593545	-0.7053812	-3.727554e-17	0	300
2.2084999999998213e-10	0.3254969	-0.035764102	-0.7054739	-3.727592e-17	0	300
2.209499999999821e-10	0.32518578	-0.035589434	-0.70556575	-3.727632e-17	0	300
2.210499999999821e-10	0.32487774	-0.035411492	-0.705657	-3.7276696e-17	0	300
2.2114999999998207e-10	0.3245729	-0.03523034	-0.7057476	-3.7277086e-17	0	300
2.2124999999998205e-10	0.3242712	-0.03504602	-0.70583755	-3.7277477e-17	0	300
2.2134999999998203e-10	0.32397273	-0.034858584	-0.7059267	-3.7277864e-17	0	300
2.21449999999982e-10	0.32367754	-0.03466809	-0.7060152	-3.7278234e-17	0	300
2.2154999999998198e-10	0.3233857	-0.03447459	-0.706103	-3.7278615e-17	0	300
2.2164999999998196e-10	0.32309714	-0.034278132	-0.7061901	-3.7278992e-17	0	300
2.2174999999998194e-10	0.32281202	-0.03407878	-0.70627654	-3.7279346e-17	0	300
2.2184999999998192e-10	0.32253027	-0.033876576	-0.7063622	-3.7279717e-17	0	300
2.219499999999819e-10	0.32225198	-0.03367158	-0.7064472	-3.728009e-17	0	300
2.2204999999998188e-10	0.32197714	-0.03346385	-0.70653135	-3.7280454e-17	0	300
2.2214999999998186e-10	0.32170588	-0.033253435	-0.70661485	-3.7280825e-17	0	300
2.2224999999998184e-10	0.32143807	-0.033040382	-0.7066976	-3.728118e-17	0	300
2.2234999999998181e-10	0.3211739	-0.032824766	-0.70677954	-3.728153e-17	0	300
2.224499999999818e-10	0.3209133	-0.032606624	-0.7068608	-3.7281894e-17	0	300
2.2254999999998177e-10	0.32065636	-0.03238602	-0.7069412	-3.7282238e-17	0	300
2.2264999999998175e-10	0.3204031	-0.03216301	-0.7070208	-3.728259e-17	0	300
2.2274999999998173e-10	0.32015347	-0.03193764	-0.7070999	-3.7282953e-17	0	300
2.228499999999817e-10	0.31990758	-0.031709976	-0.70717806	-3.7283287e-17	0	300
2.229499999999817e-10	0.31966543	-0.03148007	-0.7072554	-3.728365e-17	0	300
2.2304999999998167e-10	0.319427	-0.031247979	-0.70733213	-3.7283988e-17	0	300
2.2314999999998165e-10	0.3191924	-0.031013757	-0.70740795	-3.7284316e-17	0	300
2.2324999999998163e-10	0.3189616	-0.03077746	-0.707483	-3.7284666e-17	0	300
2.233499999999816e-10	0.31873462	-0.030539148	-0.7075572	-3.7285007e-17	0	300
2.2344999999998158e-10	0.3185115	-0.030298874	-0.7076308	-3.7285348e-17	0	300
2.2354999999998156e-10	0.3182922	-0.030056695	-0.70770335	-3.728567e-17	0	300
2.2364999999998154e-10	0.31807685	-0.029812668	-0.70777535	-3.7286007e-17	0	300
2.2374999999998152e-10	0.3178654	-0.029566845	-0.70784634	-3.7286334e-17	0	300
2.238499999999815e-10	0.3176579	-0.02931929	-0.7079167	-3.7286658e-17	0	300
2.2394999999998148e-10	0.31745428	-0.029070053	-0.7079861	-3.7286993e-17	0	300
2.2404999999998146e-10	0.31725466	-0.028819192	-0.7080549	-3.7287307e-17	0	300
2.2414999999998144e-10	0.31705904	-0.028566767	-0.70812273	-3.7287634e-17	0	300
2.2424999999998142e-10	0.31686732	-0.028312825	-0.70818985	-3.7287952e-17	0	300
2.243499999999814e-10	0.31667966	-0.028057436	-0.70825607	-3.7288266e-17	0	300
2.2444999999998137e-10	0.316496	-0.02780065	-0.7083215	-3.728858e-17	0	300
2.2454999999998135e-10	0.31631637	-0.027542517	-0.70838606	-3.7288895e-17	0	300
2.2464999999998133e-10	0.31614077	-0.027283102	-0.70844996	-3.7289213e-17	0	300
2.247499999999813e-10	0.31596923	-0.027022455	-0.7085129	-3.7289524e-17	0	300
2.248499999999813e-10	0.31580177	-0.026760636	-0.7085751	-3.7289818e-17	0	300
2.2494999999998127e-10	0.3156383	-0.026497703	-0.70863646	-3.7290136e-17	0	300
2.2504999999998125e-10	0.31547898	-0.026233703	-0.708697	-3.7290434e-17	0	300
2.2514999999998123e-10	0.31532368	-0.0259687	-0.70875674	-3.729074e-17	0	300
2.252499999999812e-10	0.3151725	-0.025702748	-0.7088157	-3.7291036e-17	0	300
2.2534999999998118e-10	0.3150254	-0.025435897	-0.70887375	-3.7291337e-17	0	300
2.2544999999998116e-10	0.3148824	-0.025168207	-0.7089311	-3.7291628e-17	0	300
2.2554999999998114e-10	0.31474346	-0.024899732	-0.70898753	-3.7291932e-17	0	300
2.2564999999998112e-10	0.3146086	-0.024630532	-0.70904315	-3.729222e-17	0	300
2.257499999999811e-10	0.31447792	-0.024360655	-0.709098	-3.7292508e-17	0	300
2.2584999999998108e-10	0.3143513	-0.024090154	-0.709152	-3.7292806e-17	0	300
2.2594999999998106e-10	0.31422874	-0.023819093	-0.70920515	-3.729309e-17	0	300
2.2604999999998104e-10	0.31411034	-0.023547513	-0.7092576	-3.729338e-17	0	300
2.2614999999998102e-10	0.31399605	-0.023275483	-0.70930916	-3.7293663e-17	0	300
2.26249999999981e-10	0.3138858	-0.023003044	-0.70935994	-3.729395e-17	0	300
2.2634999999998097e-10	0.3137797	-0.022730257	-0.70940983	-3.729423e-17	0	300
2.2644999999998095e-10	0.31367767	-0.022457171	-0.709459	-3.72945e-17	0	300
2.2654999999998093e-10	0.31357968	-0.022183841	-0.70950735	-3.729478e-17	0	300
2.266499999999809e-10	0.31348583	-0.02191032	-0.7095548	-3.7295056e-17	0	300
2.267499999999809e-10	0.31339607	-0.021636657	-0.7096015	-3.7295327e-17	0	300
2.2684999999998087e-10	0.31331033	-0.02136291	-0.7096474	-3.7295595e-17	0	300
2.2694999999998085e-10	0.3132287	-0.021089127	-0.70969254	-3.729587e-17	0	300
2.2704999999998083e-10	0.31315106	-0.02081536	-0.7097369	-3.729613e-17	0	300
2.271499999999808e-10	0.31307754	-0.02054166	-0.7097804	-3.7296406e-17	0	300
2.2724999999998078e-10	0.313008	-0.02026808	-0.70982313	-3.7296667e-17	0	300
2.2734999999998076e-10	0.3129425	-0.019994669	-0.7098651	-3.729694e-17	0	300
2.2744999999998074e-10	0.312881	-0.019721478	-0.7099062	-3.7297207e-17	0	300
2.2754999999998072e-10	0.31282353	-0.019448556	-0.70994663	-3.729745e-17	0	300
2.276499999999807e-10	0.31277004	-0.019175954	-0.7099862	-3.7297713e-17	0	300
2.2774999999998068e-10	0.3127205	-0.018903721	-0.71002495	-3.729797e-17	0	300
2.2784999999998066e-10	0.31267494	-0.018631905	-0.71006316	-3.7298236e-17	0	300
2.2794999999998064e-10	0.31263334	-0.018360551	-0.71010035	-3.7298477e-17	0	300
2.2804999999998062e-10	0.31259564	-0.018089715	-0.71013683	-3.7298725e-17	0	300
2.281499999999806e-10	0.31256184	-0.017819442	-0.7101726	-3.7298983e-17	0	300
2.2824999999998057e-10	0.31253198	-0.017549776	-0.71020764	-3.729922e-17	0	300
2.2834999999998055e-10	0.31250596	-0.017280767	-0.71024185	-3.729948e-17	0	300
2.2844999999998053e-10	0.31248388	-0.017012458	-0.7102753	-3.729973e-17	0	300
2.285499999999805e-10	0.3124656	-0.016744902	-0.7103081	-3.7299973e-17	0	300
2.286499999999805e-10	0.31245112	-0.01647814	-0.71034	-3.7300217e-17	0	300
2.2874999999998047e-10	0.31244048	-0.016212218	-0.71037126	-3.7300452e-17	0	300
2.2884999999998045e-10	0.31243363	-0.015947178	-0.71040183	-3.7300697e-17	0	300
2.2894999999998043e-10	0.31243053	-0.015683072	-0.7104317	-3.7300935e-17	0	300
2.290499999999804e-10	0.3124312	-0.015419936	-0.7104608	-3.730117e-17	0	300
2.2914999999998039e-10	0.31243557	-0.015157818	-0.7104891	-3.730141e-17	0	300
2.2924999999998036e-10	0.3124436	-0.01489676	-0.71051675	-3.7301637e-17	0	300
2.2934999999998034e-10	0.3124554	-0.014636803	-0.71054375	-3.7301875e-17	0	300
2.2944999999998032e-10	0.31247076	-0.014377994	-0.7105699	-3.7302103e-17	0	300
2.295499999999803e-10	0.3124898	-0.01412037	-0.7105954	-3.7302342e-17	0	300
2.2964999999998028e-10	0.31251243	-0.013863974	-0.7106202	-3.7302567e-17	0	300
2.2974999999998026e-10	0.31253865	-0.013608847	-0.7106444	-3.73028e-17	0	300
2.2984999999998024e-10	0.3125684	-0.013355027	-0.7106679	-3.7303023e-17	0	300
2.2994999999998022e-10	0.31260166	-0.013102558	-0.71069074	-3.7303245e-17	0	300
2.300499999999802e-10	0.31263843	-0.012851476	-0.7107129	-3.730347e-17	0	300
2.3014999999998017e-10	0.3126787	-0.012601819	-0.71073437	-3.730369e-17	0	300
2.3024999999998015e-10	0.31272233	-0.012353629	-0.7107552	-3.7303917e-17	0	300
2.3034999999998013e-10	0.31276944	-0.012106939	-0.71077526	-3.730413e-17	0	300
2.304499999999801e-10	0.31281996	-0.01186179	-0.71079487	-3.7304353e-17	0	300
2.305499999999801e-10	0.31287375	-0.011618217	-0.7108137	-3.730456e-17	0	300
2.3064999999998007e-10	0.3129309	-0.011376257	-0.71083194	-3.7304784e-17	0	300
2.3074999999998005e-10	0.31299138	-0.011135946	-0.7108496	-3.730499e-17	0	300
2.3084999999998003e-10	0.31305507	-0.010897318	-0.7108666	-3.7305217e-17	0	300
2.3094999999998e-10	0.31312197	-0.010660407	-0.71088284	-3.730542e-17	0	300
2.3104999999997999e-10	0.31319213	-0.010425247	-0.71089864	-3.7305634e-17	0	300
2.3114999999997996e-10	0.31326544	-0.0101918755	-0.7109139	-3.7305836e-17	0	300
2.3124999999997994e-10	0.31334186	-0.009960319	-0.7109284	-3.730603e-17	0	300
2.3134999999997992e-10	0.31342137	-0.009730615	-0.7109424	-3.7306253e-17	0	300
2.314499999999799e-10	0.31350398	-0.009502793	-0.71095586	-3.730645e-17	0	300
2.3154999999997988e-10	0.31358963	-0.009276886	-0.71096873	-3.7306663e-17	0	300
2.3164999999997986e-10	0.31367823	-0.009052922	-0.7109809	-3.730686e-17	0	300
2.3174999999997984e-10	0.31376985	-0.008830933	-0.71099275	-3.7307067e-17	0	300
2.3184999999997982e-10	0.31386435	-0.008610949	-0.7110038	-3.7307262e-17	0	300
2.319499999999798e-10	0.31396177	-0.008392999	-0.7110145	-3.7307474e-17	0	300
2.3204999999997978e-10	0.31406206	-0.008177108	-0.7110246	-3.7307655e-17	0	300
2.3214999999997975e-10	0.31416515	-0.00796331	-0.7110341	-3.7307854e-17	0	300
2.3224999999997973e-10	0.31427103	-0.007751628	-0.7110431	-3.7308053e-17	0	300
2.323499999999797e-10	0.31437963	-0.0075420896	-0.7110516	-3.7308248e-17	0	300
2.324499999999797e-10	0.314491	-0.0073347213	-0.7110596	-3.730844e-17	0	300
2.3254999999997967e-10	0.31460503	-0.007129549	-0.7110672	-3.730863e-17	0	300
2.3264999999997965e-10	0.31472167	-0.006926597	-0.7110742	-3.7308833e-17	0	300
2.3274999999997963e-10	0.3148409	-0.0067258906	-0.7110806	-3.7309015e-17	0	300
2.328499999999796e-10	0.31496271	-0.0065274523	-0.71108675	-3.7309204e-17	0	300
2.3294999999997964e-10	0.31508702	-0.006331307	-0.7110923	-3.7309393e-17	0	300
2.3304999999997967e-10	0.31521386	-0.0061374763	-0.71109736	-3.730958e-17	0	300
2.331499999999797e-10	0.31534314	-0.005945983	-0.711102	-3.730976e-17	0	300
2.3324999999997973e-10	0.31547478	-0.005756848	-0.7111062	-3.730995e-17	0	300
2.3334999999997976e-10	0.31560883	-0.005570093	-0.71110994	-3.7310134e-17	0	300
2.334499999999798e-10	0.31574517	-0.005385739	-0.71111333	-3.731032e-17	0	300
2.335499999999798e-10	0.31588382	-0.005203803	-0.7111162	-3.7310494e-17	0	300
2.3364999999997985e-10	0.31602472	-0.0050243065	-0.7111187	-3.7310683e-17	0	300
2.337499999999799e-10	0.31616783	-0.004847268	-0.7111208	-3.7310852e-17	0	300
2.338499999999799e-10	0.3163131	-0.004672705	-0.7111225	-3.7311034e-17	0	300
2.3394999999997994e-10	0.3164605	-0.0045006354	-0.7111238	-3.7311206e-17	0	300
2.3404999999998e-10	0.31660998	-0.0043310756	-0.71112466	-3.7311384e-17	0	300
2.3414999999998e-10	0.31676152	-0.004164042	-0.71112525	-3.7311547e-17	0	300
2.3424999999998004e-10	0.31691504	-0.0039995504	-0.71112543	-3.731173e-17	0	300
2.3434999999998007e-10	0.31707057	-0.003837616	-0.7111252	-3.7311914e-17	0	300
2.344499999999801e-10	0.317228	-0.0036782534	-0.7111246	-3.7312076e-17	0	300
2.3454999999998013e-10	0.31738728	-0.0035214764	-0.71112376	-3.731225e-17	0	300
2.3464999999998016e-10	0.31754845	-0.003367298	-0.7111225	-3.731241e-17	0	300
2.347499999999802e-10	0.31771138	-0.0032157318	-0.71112096	-3.731259e-17	0	300
2.348499999999802e-10	0.31787607	-0.0030667891	-0.7111191	-3.731276e-17	0	300
2.3494999999998025e-10	0.3180425	-0.0029204825	-0.71111697	-3.7312926e-17	0	300
2.350499999999803e-10	0.31821057	-0.002776823	-0.7111145	-3.7313105e-17	0	300
2.351499999999803e-10	0.31838033	-0.00263582	-0.71111166	-3.7313257e-17	0	300
2.3524999999998034e-10	0.31855163	-0.0024974847	-0.71110857	-3.7313426e-17	0	300
2.3534999999998037e-10	0.31872448	-0.0023618261	-0.7111052	-3.7313585e-17	0	300
2.354499999999804e-10	0.31889886	-0.0022288526	-0.7111016	-3.7313753e-17	0	300
2.3554999999998044e-10	0.3190747	-0.002098573	-0.7110978	-3.7313912e-17	0	300
2.3564999999998047e-10	0.31925198	-0.0019709945	-0.71109366	-3.7314074e-17	0	300
2.357499999999805e-10	0.31943062	-0.0018461242	-0.71108925	-3.7314227e-17	0	300
2.3584999999998053e-10	0.31961057	-0.001723969	-0.71108466	-3.731439e-17	0	300
2.3594999999998056e-10	0.31979188	-0.0016045349	-0.71107984	-3.7314544e-17	0	300
2.360499999999806e-10	0.31997436	-0.0014878269	-0.7110747	-3.7314703e-17	0	300
2.361499999999806e-10	0.32015812	-0.0013738505	-0.71106946	-3.7314862e-17	0	300
2.3624999999998065e-10	0.32034308	-0.0012626096	-0.711064	-3.731502e-17	0	300
2.363499999999807e-10	0.32052913	-0.0011541079	-0.71105826	-3.7315173e-17	0	300
2.364499999999807e-10	0.32071626	-0.0010483491	-0.7110525	-3.7315325e-17	0	300
2.3654999999998074e-10	0.32090446	-0.00094533566	-0.71104634	-3.7315474e-17	0	300
2.3664999999998077e-10	0.32109365	-0.00084507	-0.71104014	-3.7315626e-17	0	300
2.367499999999808e-10	0.32128382	-0.0007475534	-0.7110337	-3.7315775e-17	0	300
2.3684999999998083e-10	0.32147488	-0.0006527874	-0.71102715	-3.7315924e-17	0	300
2.3694999999998086e-10	0.32166687	-0.0005607722	-0.71102047	-3.731609e-17	0	300
2.370499999999809e-10	0.32185966	-0.0004715078	-0.71101356	-3.731623e-17	0	300
2.3714999999998093e-10	0.32205325	-0.00038499403	-0.71100664	-3.731637e-17	0	300
2.3724999999998096e-10	0.32224762	-0.0003012301	-0.7109996	-3.731652e-17	0	300
2.37349999999981e-10	0.3224427	-0.00022021425	-0.71099234	-3.731667e-17	0	300
2.37449999999981e-10	0.32263845	-0.00014194447	-0.710985	-3.731681e-17	0	300
2.3754999999998105e-10	0.32283485	-6.641814e-05	-0.71097755	-3.7316953e-17	0	300
2.376499999999811e-10	0.32303187	6.3674815e-06	-0.71097004	-3.7317092e-17	0	300
2.377499999999811e-10	0.32322937	7.641598e-05	-0.7109624	-3.731724e-17	0	300
2.3784999999998114e-10	0.32342744	0.00014373136	-0.7109548	-3.7317373e-17	0	300
2.3794999999998117e-10	0.32362595	0.00020831829	-0.71094704	-3.7317525e-17	0	300
2.380499999999812e-10	0.32382488	0.0002701815	-0.71093917	-3.7317658e-17	0	300
2.3814999999998123e-10	0.32402426	0.0003293265	-0.7109313	-3.7317783e-17	0	300
2.3824999999998126e-10	0.324224	0.000385759	-0.7109234	-3.731794e-17	0	300
2.383499999999813e-10	0.324424	0.00043948565	-0.71091545	-3.7318078e-17	0	300
2.384499999999813e-10	0.32462436	0.0004905132	-0.71090734	-3.731822e-17	0	300
2.3854999999998136e-10	0.32482487	0.00053884945	-0.71089935	-3.731835e-17	0	300
2.386499999999814e-10	0.32502562	0.0005845019	-0.71089137	-3.731849e-17	0	300
2.387499999999814e-10	0.3252265	0.00062747824	-0.7108833	-3.7318624e-17	0	300
2.3884999999998145e-10	0.32542753	0.0006677879	-0.7108752	-3.7318753e-17	0	300
2.389499999999815e-10	0.3256286	0.00070544024	-0.71086717	-3.731889e-17	0	300
2.390499999999815e-10	0.3258298	0.00074044365	-0.7108591	-3.731901e-17	0	300
2.3914999999998154e-10	0.32603097	0.00077280914	-0.7108511	-3.7319157e-17	0	300
2.3924999999998157e-10	0.32623208	0.0008025473	-0.7108431	-3.731928e-17	0	300
2.393499999999816e-10	0.32643315	0.00082966813	-0.71083516	-3.731941e-17	0	300
2.3944999999998163e-10	0.3266341	0.0008541836	-0.71082723	-3.731955e-17	0	300
2.3954999999998166e-10	0.32683492	0.0008761053	-0.7108193	-3.7319666e-17	0	300
2.396499999999817e-10	0.32703558	0.0008954454	-0.7108115	-3.731979e-17	0	300
2.397499999999817e-10	0.327236	0.00091221614	-0.7108038	-3.7319918e-17	0	300
2.3984999999998175e-10	0.32743618	0.0009264308	-0.71079606	-3.7320043e-17	0	300
2.399499999999818e-10	0.3276361	0.0009381028	-0.7107884	-3.7320182e-17	0	300
2.400499999999818e-10	0.32783568	0.00094724534	-0.7107809	-3.7320305e-17	0	300
2.4014999999998185e-10	0.32803488	0.0009538734	-0.71077335	-3.732042e-17	0	300
2.402499999999819e-10	0.3282337	0.0009580007	-0.710766	-3.7320546e-17	0	300
2.403499999999819e-10	0.32843208	0.000959642	-0.71075886	-3.7320682e-17	0	300
2.4044999999998194e-10	0.32863006	0.0009588131	-0.7107517	-3.7320798e-17	0	300
2.4054999999998197e-10	0.32882756	0.0009555297	-0.71074456	-3.7320907e-17	0	300
2.40649999999982e-10	0.32902443	0.00094980723	-0.7107377	-3.7321036e-17	0	300
2.4074999999998203e-10	0.32922083	0.00094166247	-0.71073085	-3.732116e-17	0	300
2.4084999999998206e-10	0.3294166	0.0009311117	-0.71072423	-3.732128e-17	0	300
2.409499999999821e-10	0.32961175	0.0009181723	-0.7107177	-3.732139e-17	0	300
2.410499999999821e-10	0.32980627	0.0009028615	-0.71071136	-3.7321506e-17	0	300
2.4114999999998215e-10	0.33000004	0.00088519685	-0.71070516	-3.732163e-17	0	300
2.412499999999822e-10	0.33019313	0.00086519646	-0.71069896	-3.7321747e-17	0	300
2.413499999999822e-10	0.3303855	0.00084287865	-0.71069306	-3.732186e-17	0	300
2.4144999999998225e-10	0.33057702	0.00081826205	-0.7106874	-3.732197e-17	0	300
2.415499999999823e-10	0.33076775	0.0007913654	-0.7106818	-3.7322088e-17	0	300
2.416499999999823e-10	0.33095765	0.00076220866	-0.71067655	-3.732221e-17	0	300
2.4174999999998234e-10	0.33114666	0.0007308108	-0.71067125	-3.732232e-17	0	300
2.4184999999998237e-10	0.3313348	0.00069719204	-0.71066624	-3.732243e-17	0	300
2.419499999999824e-10	0.33152196	0.000661372	-0.7106614	-3.7322545e-17	0	300
2.4204999999998243e-10	0.3317082	0.00062337157	-0.7106569	-3.732266e-17	0	300
2.4214999999998246e-10	0.3318934	0.0005832114	-0.7106525	-3.7322766e-17	0	300
2.422499999999825e-10	0.33207762	0.0005409124	-0.7106482	-3.7322876e-17	0	300
2.423499999999825e-10	0.3322608	0.00049649563	-0.71064425	-3.7322988e-17	0	300
2.4244999999998255e-10	0.33244288	0.00044998305	-0.71064055	-3.7323094e-17	0	300
2.425499999999826e-10	0.33262384	0.00040139572	-0.710637	-3.7323193e-17	0	300
2.426499999999826e-10	0.33280373	0.00035075608	-0.71063375	-3.7323312e-17	0	300
2.4274999999998264e-10	0.3329824	0.00029808644	-0.71063066	-3.7323415e-17	0	300
2.428499999999827e-10	0.33315992	0.00024340903	-0.7106279	-3.7323534e-17	0	300
2.429499999999827e-10	0.33333626	0.0001867468	-0.71062535	-3.7323623e-17	0	300
2.4304999999998274e-10	0.33351135	0.00012812257	-0.71062297	-3.7323736e-17	0	300
2.4314999999998277e-10	0.3336852	6.755942e-05	-0.710621	-3.7323832e-17	0	300
2.432499999999828e-10	0.33385772	5.0808303e-06	-0.7106192	-3.732394e-17	0	300
2.4334999999998283e-10	0.334029	-5.928974e-05	-0.71061766	-3.7324044e-17	0	300
2.4344999999998286e-10	0.33419892	-0.00012552849	-0.71061647	-3.7324143e-17	0	300
2.435499999999829e-10	0.33436748	-0.00019361134	-0.7106154	-3.7324245e-17	0	300
2.436499999999829e-10	0.33453465	-0.0002635141	-0.71061474	-3.7324355e-17	0	300
2.4374999999998295e-10	0.33470052	-0.00033521286	-0.7106143	-3.732445e-17	0	300
2.43849999999983e-10	0.33486488	-0.00040868245	-0.71061426	-3.7324543e-17	0	300
2.43949999999983e-10	0.3350278	-0.00048389868	-0.7106144	-3.732465e-17	0	300
2.4404999999998304e-10	0.3351893	-0.0005608363	-0.7106148	-3.7324745e-17	0	300
2.4414999999998307e-10	0.3353493	-0.00063947064	-0.71061563	-3.732485e-17	0	300
2.442499999999831e-10	0.33550784	-0.00071977644	-0.7106167	-3.7324944e-17	0	300
2.4434999999998313e-10	0.3356648	-0.00080172834	-0.7106181	-3.732505e-17	0	300
2.4444999999998317e-10	0.33582026	-0.0008853008	-0.7106197	-3.7325142e-17	0	300
2.445499999999832e-10	0.33597416	-0.0009704685	-0.7106217	-3.732524e-17	0	300
2.4464999999998323e-10	0.33612645	-0.0010572053	-0.71062404	-3.732532e-17	0	300
2.4474999999998326e-10	0.33627713	-0.0011454856	-0.7106266	-3.7325427e-17	0	300
2.448499999999833e-10	0.3364262	-0.0012352832	-0.7106296	-3.7325526e-17	0	300
2.449499999999833e-10	0.33657366	-0.0013265721	-0.7106329	-3.7325615e-17	0	300
2.4504999999998335e-10	0.3367195	-0.0014193259	-0.7106365	-3.7325705e-17	0	300
2.451499999999834e-10	0.33686358	-0.0015135186	-0.7106405	-3.73258e-17	0	300
2.452499999999834e-10	0.33700603	-0.0016091238	-0.71064466	-3.7325896e-17	0	300
2.4534999999998344e-10	0.33714685	-0.0017061144	-0.7106494	-3.7325983e-17	0	300
2.4544999999998347e-10	0.33728588	-0.0018044647	-0.7106543	-3.7326075e-17	0	300
2.455499999999835e-10	0.33742315	-0.0019041471	-0.7106596	-3.7326168e-17	0	300
2.4564999999998353e-10	0.33755872	-0.0020051356	-0.7106652	-3.7326257e-17	0	300
2.4574999999998356e-10	0.3376925	-0.002107403	-0.71067125	-3.7326343e-17	0	300
2.458499999999836e-10	0.33782455	-0.002210922	-0.7106776	-3.7326432e-17	0	300
2.459499999999836e-10	0.3379548	-0.0023156665	-0.71068436	-3.732652e-17	0	300
2.4604999999998366e-10	0.33808327	-0.002421609	-0.7106914	-3.7326608e-17	0	300
2.461499999999837e-10	0.3382099	-0.0025287222	-0.7106988	-3.7326704e-17	0	300
2.462499999999837e-10	0.33833474	-0.0026369793	-0.7107066	-3.7326783e-17	0	300
2.4634999999998375e-10	0.33845767	-0.0027463534	-0.71071476	-3.732687e-17	0	300
2.464499999999838e-10	0.33857882	-0.0028568166	-0.7107233	-3.732695e-17	0	300
2.465499999999838e-10	0.33869803	-0.0029683425	-0.71073216	-3.732705e-17	0	300
2.4664999999998384e-10	0.33881548	-0.0030809029	-0.71074134	-3.7327127e-17	0	300
2.4674999999998387e-10	0.338931	-0.0031944711	-0.71075106	-3.7327217e-17	0	300
2.468499999999839e-10	0.33904463	-0.0033090205	-0.71076095	-3.732731e-17	0	300
2.4694999999998393e-10	0.33915633	-0.003424523	-0.71077126	-3.7327372e-17	0	300
2.4704999999998396e-10	0.33926618	-0.0035409506	-0.7107821	-3.7327465e-17	0	300
2.47149999999984e-10	0.33937413	-0.0036582774	-0.71079314	-3.7327548e-17	0	300
2.47249999999984e-10	0.33948007	-0.0037764758	-0.7108047	-3.7327627e-17	0	300
2.4734999999998405e-10	0.33958414	-0.0038955181	-0.71081656	-3.7327716e-17	0	300
2.474499999999841e-10	0.33968627	-0.0040153773	-0.7108287	-3.7327802e-17	0	300
2.475499999999841e-10	0.3397864	-0.0041360264	-0.7108415	-3.7327875e-17	0	300
2.4764999999998415e-10	0.33988464	-0.004257438	-0.7108545	-3.7327945e-17	0	300
2.477499999999842e-10	0.3399809	-0.0043795835	-0.7108678	-3.7328037e-17	0	300
2.478499999999842e-10	0.34007517	-0.004502439	-0.7108816	-3.732812e-17	0	300
2.4794999999998424e-10	0.34016752	-0.0046259747	-0.71089566	-3.7328196e-17	0	300
2.4804999999998427e-10	0.34025788	-0.0047501638	-0.7109103	-3.732827e-17	0	300
2.481499999999843e-10	0.34034625	-0.004874981	-0.7109252	-3.7328355e-17	0	300
2.4824999999998433e-10	0.34043264	-0.005000397	-0.71094054	-3.732843e-17	0	300
2.4834999999998436e-10	0.340517	-0.0051263873	-0.7109562	-3.7328507e-17	0	300
2.484499999999844e-10	0.34059945	-0.0052529234	-0.7109724	-3.732859e-17	0	300
2.485499999999844e-10	0.34067985	-0.0053799795	-0.7109889	-3.7328663e-17	0	300
2.4864999999998445e-10	0.34075826	-0.0055075274	-0.7110057	-3.7328735e-17	0	300
2.487499999999845e-10	0.34083474	-0.0056355423	-0.711023	-3.732881e-17	0	300
2.488499999999845e-10	0.34090912	-0.005763997	-0.7110406	-3.7328888e-17	0	300
2.4894999999998455e-10	0.34098154	-0.0058928654	-0.71105874	-3.732896e-17	0	300
2.490499999999846e-10	0.34105197	-0.00602212	-0.71107715	-3.7329036e-17	0	300
2.491499999999846e-10	0.34112036	-0.006151736	-0.7110959	-3.732911e-17	0	300
2.4924999999998464e-10	0.3411868	-0.006281687	-0.7111151	-3.732919e-17	0	300
2.4934999999998467e-10	0.34125116	-0.0064119454	-0.7111348	-3.7329258e-17	0	300
2.494499999999847e-10	0.3413136	-0.0065424866	-0.7111548	-3.732934e-17	0	300
2.4954999999998473e-10	0.34137398	-0.006673285	-0.7111751	-3.7329397e-17	0	300
2.4964999999998476e-10	0.3414324	-0.0068043154	-0.71119595	-3.732948e-17	0	300
2.497499999999848e-10	0.34148878	-0.0069355494	-0.71121705	-3.732955e-17	0	300
2.498499999999848e-10	0.34154317	-0.007066965	-0.7112386	-3.7329625e-17	0	300
2.4994999999998485e-10	0.34159556	-0.007198535	-0.71126056	-3.7329698e-17	0	300
2.500499999999849e-10	0.34164596	-0.007330233	-0.7112828	-3.7329758e-17	0	300
2.501499999999849e-10	0.34169438	-0.0074620373	-0.7113055	-3.7329827e-17	0	300
2.5024999999998494e-10	0.3417408	-0.00759392	-0.71132857	-3.732991e-17	0	300
2.50349999999985e-10	0.3417852	-0.007725857	-0.711352	-3.732997e-17	0	300
2.50449999999985e-10	0.3418277	-0.007857826	-0.7113759	-3.733005e-17	0	300
2.5054999999998504e-10	0.34186816	-0.007989799	-0.71140003	-3.7330122e-17	0	300
2.5064999999998507e-10	0.3419067	-0.008121753	-0.7114247	-3.7330185e-17	0	300
2.507499999999851e-10	0.3419432	-0.008253665	-0.7114496	-3.7330244e-17	0	300
2.5084999999998513e-10	0.34197778	-0.008385509	-0.711475	-3.7330314e-17	0	300
2.5094999999998516e-10	0.34201038	-0.0085172625	-0.71150076	-3.7330383e-17	0	300
2.510499999999852e-10	0.34204108	-0.008648902	-0.7115269	-3.7330453e-17	0	300
2.511499999999852e-10	0.34206977	-0.008780402	-0.71155334	-3.7330515e-17	0	300
2.5124999999998525e-10	0.34209657	-0.008911743	-0.7115801	-3.733059e-17	0	300
2.513499999999853e-10	0.34212142	-0.009042897	-0.71160734	-3.733065e-17	0	300
2.514499999999853e-10	0.3421443	-0.009173845	-0.7116349	-3.733072e-17	0	300
2.5154999999998534e-10	0.34216535	-0.009304562	-0.7116629	-3.7330793e-17	0	300
2.5164999999998537e-10	0.34218442	-0.009435024	-0.7116912	-3.7330856e-17	0	300
2.517499999999854e-10	0.34220165	-0.009565214	-0.7117199	-3.733093e-17	0	300
2.5184999999998544e-10	0.34221688	-0.009695105	-0.71174896	-3.733099e-17	0	300
2.5194999999998547e-10	0.3422303	-0.0098246755	-0.71177834	-3.7331058e-17	0	300
2.520499999999855e-10	0.34224182	-0.009953905	-0.711808	-3.7331108e-17	0	300
2.5214999999998553e-10	0.3422515	-0.010082772	-0.7118381	-3.733118e-17	0	300
2.5224999999998556e-10	0.34225932	-0.010211254	-0.7118686	-3.7331243e-17	0	300
2.523499999999856e-10	0.34226528	-0.01033933	-0.7118994	-3.7331303e-17	0	300
2.524499999999856e-10	0.34226936	-0.010466979	-0.7119306	-3.733137e-17	0	300
2.5254999999998565e-10	0.3422717	-0.010594179	-0.7119621	-3.733143e-17	0	300
2.526499999999857e-10	0.34227216	-0.010720913	-0.711994	-3.7331495e-17	0	300
2.527499999999857e-10	0.34227082	-0.010847158	-0.7120261	-3.733155e-17	0	300
2.5284999999998574e-10	0.3422677	-0.010972894	-0.71205866	-3.7331604e-17	0	300
2.5294999999998577e-10	0.34226277	-0.0110981	-0.71209157	-3.733168e-17	0	300
2.530499999999858e-10	0.3422561	-0.011222758	-0.7121247	-3.733174e-17	0	300
2.5314999999998583e-10	0.34224766	-0.011346849	-0.7121583	-3.7331806e-17	0	300
2.5324999999998586e-10	0.3422374	-0.011470352	-0.7121921	-3.733187e-17	0	300
2.533499999999859e-10	0.34222552	-0.01159325	-0.71222633	-3.7331928e-17	0	300
2.5344999999998593e-10	0.34221184	-0.01171552	-0.71226084	-3.7331994e-17	0	300
2.5354999999998596e-10	0.34219643	-0.01183715	-0.7122958	-3.7332037e-17	0	300
2.53649999999986e-10	0.3421794	-0.011958117	-0.7123309	-3.733212e-17	0	300
2.53749999999986e-10	0.34216064	-0.012078404	-0.71236634	-3.7332167e-17	0	300
2.5384999999998605e-10	0.3421402	-0.012197993	-0.7124021	-3.7332233e-17	0	300
2.539499999999861e-10	0.34211814	-0.012316867	-0.7124382	-3.733228e-17	0	300
2.540499999999861e-10	0.3420944	-0.012435008	-0.71247464	-3.7332342e-17	0	300
2.5414999999998614e-10	0.34206897	-0.012552399	-0.7125113	-3.7332398e-17	0	300
2.5424999999998617e-10	0.34204197	-0.012669023	-0.7125484	-3.733246e-17	0	300
2.543499999999862e-10	0.34201342	-0.012784865	-0.7125857	-3.733252e-17	0	300
2.5444999999998623e-10	0.34198326	-0.012899906	-0.7126233	-3.7332583e-17	0	300
2.5454999999998626e-10	0.3419515	-0.013014134	-0.71266127	-3.7332643e-17	0	300
2.546499999999863e-10	0.34191817	-0.013127528	-0.7126995	-3.73327e-17	0	300
2.547499999999863e-10	0.34188336	-0.013240077	-0.7127379	-3.733275e-17	0	300
2.5484999999998636e-10	0.34184697	-0.01335176	-0.71277666	-3.733281e-17	0	300
2.549499999999864e-10	0.3418091	-0.013462569	-0.7128157	-3.7332875e-17	0	300
2.550499999999864e-10	0.34176973	-0.013572484	-0.71285504	-3.7332918e-17	0	300
2.5514999999998645e-10	0.34172887	-0.013681492	-0.7128946	-3.7332987e-17	0	300
2.552499999999865e-10	0.34168652	-0.013789578	-0.71293443	-3.733304e-17	0	300
2.553499999999865e-10	0.34164274	-0.013896732	-0.7129746	-3.73331e-17	0	300
2.5544999999998654e-10	0.3415976	-0.014002935	-0.71301496	-3.733315e-17	0	300
2.5554999999998657e-10	0.34155098	-0.014108176	-0.71305573	-3.7333202e-17	0	300
2.556499999999866e-10	0.34150296	-0.014212443	-0.71309656	-3.7333268e-17	0	300
2.5574999999998663e-10	0.34145358	-0.014315719	-0.71313775	-3.7333328e-17	0	300
2.5584999999998666e-10	0.34140286	-0.014417995	-0.71317923	-3.7333384e-17	0	300
2.559499999999867e-10	0.34135076	-0.0145192575	-0.71322083	-3.733343e-17	0	300
2.560499999999867e-10	0.34129733	-0.014619492	-0.7132628	-3.7333493e-17	0	300
2.5614999999998675e-10	0.34124258	-0.014718692	-0.7133049	-3.7333543e-17	0	300
2.562499999999868e-10	0.34118652	-0.014816843	-0.7133473	-3.7333596e-17	0	300
2.563499999999868e-10	0.34112924	-0.014913931	-0.7133899	-3.7333652e-17	0	300
2.5644999999998685e-10	0.34107074	-0.015009947	-0.7134327	-3.7333705e-17	0	300
2.565499999999869e-10	0.3410109	-0.015104881	-0.7134758	-3.733376e-17	0	300
2.566499999999869e-10	0.34094995	-0.015198724	-0.71351916	-3.7333814e-17	0	300
2.5674999999998694e-10	0.3408877	-0.015291463	-0.7135627	-3.733388e-17	0	300
2.5684999999998697e-10	0.3408243	-0.015383087	-0.71360636	-3.733392e-17	0	300
2.56949999999987e-10	0.34075972	-0.01547359	-0.7136503	-3.733398e-17	0	300
2.5704999999998703e-10	0.340694	-0.01556296	-0.71369445	-3.7334033e-17	0	300
2.5714999999998706e-10	0.3406272	-0.015651189	-0.7137388	-3.7334076e-17	0	300
2.572499999999871e-10	0.34055924	-0.015738267	-0.7137834	-3.733415e-17	0	300
2.573499999999871e-10	0.34049022	-0.015824188	-0.7138281	-3.7334185e-17	0	300
2.5744999999998715e-10	0.34042007	-0.015908938	-0.7138731	-3.7334248e-17	0	300
2.575499999999872e-10	0.34034896	-0.015992519	-0.7139182	-3.733429e-17	0	300
2.576499999999872e-10	0.34027675	-0.01607491	-0.71396357	-3.733434e-17	0	300
2.5774999999998725e-10	0.34020352	-0.016156115	-0.714009	-3.73344e-17	0	300
2.578499999999873e-10	0.34012932	-0.01623612	-0.71405464	-3.7334463e-17	0	300
2.579499999999873e-10	0.34005415	-0.016314922	-0.7141005	-3.7334506e-17	0	300
2.5804999999998734e-10	0.339978	-0.016392514	-0.71414655	-3.7334562e-17	0	300
2.5814999999998737e-10	0.33990097	-0.016468884	-0.7141927	-3.733461e-17	0	300
2.582499999999874e-10	0.33982295	-0.016544035	-0.71423906	-3.7334665e-17	0	300
2.5834999999998743e-10	0.33974406	-0.016617954	-0.71428555	-3.733471e-17	0	300
2.5844999999998746e-10	0.33966434	-0.016690636	-0.71433216	-3.7334767e-17	0	300
2.585499999999875e-10	0.3395837	-0.01676208	-0.71437895	-3.7334817e-17	0	300
2.586499999999875e-10	0.33950227	-0.016832277	-0.7144259	-3.7334873e-17	0	300
2.5874999999998755e-10	0.33941996	-0.016901225	-0.71447307	-3.733492e-17	0	300
2.588499999999876e-10	0.3393369	-0.016968915	-0.7145203	-3.733497e-17	0	300
2.589499999999876e-10	0.339253	-0.017035348	-0.71456766	-3.7335022e-17	0	300
2.5904999999998764e-10	0.33916846	-0.017100519	-0.7146151	-3.7335075e-17	0	300
2.591499999999877e-10	0.33908308	-0.017164424	-0.71466273	-3.7335125e-17	0	300
2.592499999999877e-10	0.338997	-0.017227056	-0.71471053	-3.733517e-17	0	300
2.5934999999998774e-10	0.33891022	-0.017288417	-0.71475834	-3.7335214e-17	0	300
2.5944999999998777e-10	0.3388228	-0.017348498	-0.7148063	-3.733527e-17	0	300
2.595499999999878e-10	0.33873466	-0.017407302	-0.7148545	-3.733532e-17	0	300
2.5964999999998783e-10	0.33864596	-0.017464826	-0.7149027	-3.733538e-17	0	300
2.5974999999998786e-10	0.3385566	-0.017521065	-0.71495104	-3.733542e-17	0	300
2.598499999999879e-10	0.3384666	-0.01757602	-0.71499944	-3.7335475e-17	0	300
2.599499999999879e-10	0.33837602	-0.017629689	-0.7150479	-3.733552e-17	0	300
2.6004999999998795e-10	0.33828497	-0.017682068	-0.71509653	-3.7335568e-17	0	300
2.60149999999988e-10	0.33819333	-0.01773316	-0.7151452	-3.7335618e-17	0	300
2.60249999999988e-10	0.33810112	-0.01778296	-0.715194	-3.7335664e-17	0	300
2.6034999999998804e-10	0.33800846	-0.01783147	-0.71524286	-3.7335713e-17	0	300
2.6044999999998807e-10	0.33791533	-0.017878689	-0.7152918	-3.733576e-17	0	300
2.605499999999881e-10	0.3378217	-0.017924618	-0.71534085	-3.7335823e-17	0	300
2.6064999999998813e-10	0.33772764	-0.017969254	-0.7153899	-3.7335852e-17	0	300
2.6074999999998817e-10	0.3376332	-0.018012602	-0.71543896	-3.733592e-17	0	300
2.608499999999882e-10	0.33753827	-0.018054657	-0.71548826	-3.7335955e-17	0	300
2.6094999999998823e-10	0.33744302	-0.018095428	-0.71553755	-3.733601e-17	0	300
2.6104999999998826e-10	0.3373474	-0.018134909	-0.7155868	-3.733604e-17	0	300
2.611499999999883e-10	0.33725142	-0.018173104	-0.7156362	-3.733609e-17	0	300
2.612499999999883e-10	0.33715513	-0.018210012	-0.7156856	-3.7336147e-17	0	300
2.6134999999998835e-10	0.33705848	-0.018245641	-0.7157351	-3.73362e-17	0	300
2.614499999999884e-10	0.33696163	-0.01827999	-0.71578467	-3.733625e-17	0	300
2.615499999999884e-10	0.3368645	-0.018313058	-0.71583414	-3.733629e-17	0	300
2.6164999999998844e-10	0.3367671	-0.018344853	-0.71588373	-3.7336332e-17	0	300
2.6174999999998847e-10	0.33666947	-0.018375374	-0.7159334	-3.7336385e-17	0	300
2.618499999999885e-10	0.33657163	-0.018404623	-0.715983	-3.7336428e-17	0	300
2.6194999999998853e-10	0.33647358	-0.01843261	-0.71603274	-3.733648e-17	0	300
2.6204999999998856e-10	0.33637545	-0.018459331	-0.71608233	-3.7336527e-17	0	300
2.621499999999886e-10	0.3362771	-0.018484794	-0.71613204	-3.7336574e-17	0	300
2.622499999999886e-10	0.3361786	-0.018509004	-0.71618176	-3.7336607e-17	0	300
2.6234999999998866e-10	0.33607998	-0.01853196	-0.71623147	-3.7336663e-17	0	300
2.624499999999887e-10	0.3359813	-0.01855367	-0.7162813	-3.733672e-17	0	300
2.625499999999887e-10	0.33588254	-0.01857414	-0.716331	-3.7336756e-17	0	300
2.6264999999998875e-10	0.33578372	-0.018593369	-0.71638066	-3.7336805e-17	0	300
2.627499999999888e-10	0.33568487	-0.01861137	-0.7164304	-3.733685e-17	0	300
2.628499999999888e-10	0.33558592	-0.018628143	-0.71648014	-3.7336898e-17	0	300
2.6294999999998884e-10	0.33548707	-0.018643692	-0.71652997	-3.7336948e-17	0	300
2.6304999999998887e-10	0.33538818	-0.018658027	-0.71657956	-3.7336994e-17	0	300
2.631499999999889e-10	0.3352893	-0.018671153	-0.71662927	-3.733703e-17	0	300
2.6324999999998893e-10	0.3351905	-0.018683074	-0.7166789	-3.7337083e-17	0	300
2.6334999999998896e-10	0.33509177	-0.018693797	-0.7167285	-3.7337126e-17	0	300
2.63449999999989e-10	0.3349931	-0.01870333	-0.7167782	-3.733717e-17	0	300
2.63549999999989e-10	0.3348946	-0.018711677	-0.71682775	-3.7337222e-17	0	300
2.6364999999998905e-10	0.33479616	-0.018718848	-0.7168773	-3.7337255e-17	0	300
2.637499999999891e-10	0.33469784	-0.018724846	-0.7169268	-3.73373e-17	0	300
2.638499999999891e-10	0.33459967	-0.018729683	-0.7169763	-3.7337358e-17	0	300
2.6394999999998915e-10	0.33450174	-0.018733362	-0.7170257	-3.733741e-17	0	300
2.640499999999892e-10	0.33440393	-0.018735895	-0.71707505	-3.7337437e-17	0	300
2.641499999999892e-10	0.3343063	-0.018737283	-0.71712446	-3.7337484e-17	0	300
2.6424999999998924e-10	0.33420897	-0.01873754	-0.7171737	-3.733753e-17	0	300
2.6434999999998927e-10	0.3341118	-0.018736672	-0.717223	-3.7337573e-17	0	300
2.644499999999893e-10	0.33401495	-0.018734686	-0.71727216	-3.7337616e-17	0	300
2.6454999999998933e-10	0.33391833	-0.018731594	-0.7173212	-3.7337656e-17	0	300
2.6464999999998936e-10	0.333822	-0.018727403	-0.7173703	-3.7337702e-17	0	300
2.647499999999894e-10	0.333726	-0.018722119	-0.71741927	-3.7337742e-17	0	300
2.648499999999894e-10	0.33363026	-0.018715754	-0.7174682	-3.733779e-17	0	300
2.6494999999998945e-10	0.3335349	-0.018708315	-0.7175171	-3.733784e-17	0	300
2.650499999999895e-10	0.3334399	-0.018699812	-0.71756583	-3.7337887e-17	0	300
2.651499999999895e-10	0.33334517	-0.018690258	-0.71761453	-3.7337917e-17	0	300
2.6524999999998955e-10	0.33325088	-0.018679656	-0.71766317	-3.7337973e-17	0	300
2.653499999999896e-10	0.33315694	-0.018668018	-0.71771175	-3.7338006e-17	0	300
2.654499999999896e-10	0.33306348	-0.018655358	-0.7177602	-3.7338056e-17	0	300
2.6554999999998964e-10	0.33297038	-0.018641679	-0.71780854	-3.73381e-17	0	300
2.6564999999998967e-10	0.33287776	-0.018626997	-0.7178568	-3.733814e-17	0	300
2.657499999999897e-10	0.33278555	-0.018611321	-0.717905	-3.7338175e-17	0	300
2.6584999999998973e-10	0.33269382	-0.018594658	-0.71795315	-3.7338225e-17	0	300
2.6594999999998976e-10	0.3326026	-0.018577019	-0.7180011	-3.733826e-17	0	300
2.660499999999898e-10	0.3325118	-0.01855842	-0.718049	-3.7338308e-17	0	300
2.661499999999898e-10	0.33242154	-0.018538864	-0.71809685	-3.733835e-17	0	300
2.6624999999998985e-10	0.33233178	-0.01851837	-0.7181445	-3.7338397e-17	0	300
2.663499999999899e-10	0.3322426	-0.018496942	-0.71819216	-3.7338443e-17	0	300
2.664499999999899e-10	0.33215392	-0.018474596	-0.7182396	-3.7338476e-17	0	300
2.6654999999998994e-10	0.3320658	-0.018451339	-0.718287	-3.733852e-17	0	300
2.6664999999999e-10	0.33197826	-0.018427186	-0.71833426	-3.7338566e-17	0	300
2.6674999999999e-10	0.3318913	-0.018402144	-0.7183814	-3.7338612e-17	0	300
2.6684999999999004e-10	0.33180493	-0.018376231	-0.7184285	-3.7338655e-17	0	300
2.6694999999999007e-10	0.33171916	-0.01834945	-0.71847534	-3.7338685e-17	0	300
2.670499999999901e-10	0.33163404	-0.018321821	-0.7185222	-3.7338728e-17	0	300
2.6714999999999013e-10	0.3315495	-0.018293351	-0.71856886	-3.7338764e-17	0	300
2.6724999999999016e-10	0.33146566	-0.018264057	-0.7186155	-3.7338807e-17	0	300
2.673499999999902e-10	0.3313824	-0.018233942	-0.7186619	-3.7338853e-17	0	300
2.674499999999902e-10	0.33129984	-0.018203028	-0.7187082	-3.73389e-17	0	300
2.6754999999999025e-10	0.33121794	-0.01817132	-0.71875435	-3.7338933e-17	0	300
2.676499999999903e-10	0.3311368	-0.018138831	-0.7188004	-3.7338976e-17	0	300
2.677499999999903e-10	0.33105627	-0.018105578	-0.7188463	-3.7339016e-17	0	300
2.6784999999999034e-10	0.3309765	-0.01807157	-0.7188921	-3.733906e-17	0	300
2.6794999999999037e-10	0.33089742	-0.018036818	-0.71893775	-3.7339105e-17	0	300
2.680499999999904e-10	0.33081907	-0.018001335	-0.71898323	-3.7339145e-17	0	300
2.6814999999999044e-10	0.33074147	-0.017965138	-0.71902865	-3.7339178e-17	0	300
2.6824999999999047e-10	0.33066458	-0.017928235	-0.7190739	-3.733922e-17	0	300
2.683499999999905e-10	0.33058846	-0.017890643	-0.719119	-3.7339257e-17	0	300
2.6844999999999053e-10	0.3305131	-0.01785237	-0.71916395	-3.73393e-17	0	300
2.6854999999999056e-10	0.33043852	-0.01781343	-0.7192087	-3.7339333e-17	0	300
2.686499999999906e-10	0.33036473	-0.017773837	-0.7192534	-3.733938e-17	0	300
2.687499999999906e-10	0.33029175	-0.017733606	-0.7192979	-3.7339426e-17	0	300
2.6884999999999065e-10	0.33021954	-0.017692745	-0.7193423	-3.7339462e-17	0	300
2.689499999999907e-10	0.33014816	-0.017651271	-0.71938646	-3.7339495e-17	0	300
2.690499999999907e-10	0.3300776	-0.017609196	-0.7194305	-3.7339545e-17	0	300
2.6914999999999074e-10	0.3300078	-0.017566532	-0.7194745	-3.7339575e-17	0	300
2.6924999999999077e-10	0.3299389	-0.017523294	-0.7195182	-3.733961e-17	0	300
2.693499999999908e-10	0.3298708	-0.017479494	-0.7195618	-3.7339664e-17	0	300
2.6944999999999083e-10	0.3298036	-0.017435145	-0.71960527	-3.7339687e-17	0	300
2.6954999999999086e-10	0.32973716	-0.017390262	-0.7196486	-3.7339743e-17	0	300
2.696499999999909e-10	0.3296716	-0.017344853	-0.7196917	-3.7339777e-17	0	300
2.6974999999999093e-10	0.32960698	-0.017298937	-0.7197347	-3.733981e-17	0	300
2.6984999999999096e-10	0.32954317	-0.017252527	-0.7197776	-3.733985e-17	0	300
2.69949999999991e-10	0.32948026	-0.017205633	-0.71982014	-3.7339896e-17	0	300
2.70049999999991e-10	0.32941824	-0.01715827	-0.7198627	-3.733993e-17	0	300
2.7014999999999105e-10	0.32935712	-0.01711045	-0.7199051	-3.7339975e-17	0	300
2.702499999999911e-10	0.3292969	-0.017062189	-0.7199473	-3.7340005e-17	0	300
2.703499999999911e-10	0.32923755	-0.0170135	-0.71998924	-3.734006e-17	0	300
2.7044999999999114e-10	0.32917914	-0.016964395	-0.7200312	-3.7340088e-17	0	300
2.7054999999999117e-10	0.3291216	-0.016914887	-0.72007287	-3.734013e-17	0	300
2.706499999999912e-10	0.32906502	-0.016864989	-0.7201144	-3.7340167e-17	0	300
2.7074999999999123e-10	0.32900935	-0.016814716	-0.7201557	-3.7340197e-17	0	300
2.7084999999999126e-10	0.32895458	-0.01676408	-0.72019696	-3.734024e-17	0	300
2.709499999999913e-10	0.32890075	-0.016713096	-0.7202379	-3.734028e-17	0	300
2.710499999999913e-10	0.32884786	-0.016661776	-0.72027886	-3.7340316e-17	0	300
2.7114999999999136e-10	0.32879594	-0.016610134	-0.72031957	-3.7340352e-17	0	300
2.712499999999914e-10	0.32874492	-0.016558183	-0.7203601	-3.7340385e-17	0	300
2.713499999999914e-10	0.32869488	-0.016505934	-0.7204006	-3.734043e-17	0	300
2.7144999999999145e-10	0.32864577	-0.016453404	-0.72044075	-3.734045e-17	0	300
2.715499999999915e-10	0.3285976	-0.016400605	-0.72048074	-3.7340495e-17	0	300
2.716499999999915e-10	0.3285504	-0.016347548	-0.7205206	-3.7340538e-17	0	300
2.7174999999999154e-10	0.32850415	-0.01629425	-0.7205603	-3.7340577e-17	0	300
2.7184999999999157e-10	0.32845885	-0.01624072	-0.72059983	-3.7340614e-17	0	300
2.719499999999916e-10	0.3284145	-0.016186971	-0.7206393	-3.7340653e-17	0	300
2.7204999999999163e-10	0.32837117	-0.01613302	-0.72067845	-3.734069e-17	0	300
2.7214999999999166e-10	0.32832876	-0.01607888	-0.72071755	-3.734072e-17	0	300
2.722499999999917e-10	0.3282873	-0.01602456	-0.72075635	-3.734077e-17	0	300
2.723499999999917e-10	0.32824686	-0.015970076	-0.7207951	-3.7340792e-17	0	300
2.7244999999999175e-10	0.3282074	-0.015915439	-0.7208336	-3.734083e-17	0	300
2.725499999999918e-10	0.32816884	-0.015860662	-0.720872	-3.7340875e-17	0	300
2.726499999999918e-10	0.32813132	-0.01580576	-0.7209102	-3.7340905e-17	0	300
2.7274999999999185e-10	0.32809475	-0.015750742	-0.7209483	-3.7340948e-17	0	300
2.728499999999919e-10	0.3280591	-0.015695624	-0.7209861	-3.734098e-17	0	300
2.729499999999919e-10	0.3280245	-0.015640417	-0.72102386	-3.734101e-17	0	300
2.7304999999999194e-10	0.32799083	-0.015585136	-0.72106147	-3.7341054e-17	0	300
2.7314999999999197e-10	0.32795817	-0.015529789	-0.7210987	-3.7341093e-17	0	300
2.73249999999992e-10	0.32792646	-0.015474391	-0.721136	-3.734112e-17	0	300
2.7334999999999203e-10	0.3278957	-0.015418957	-0.72117305	-3.7341163e-17	0	300
2.7344999999999206e-10	0.32786596	-0.015363493	-0.72120994	-3.73412e-17	0	300
2.735499999999921e-10	0.32783717	-0.015308015	-0.7212467	-3.7341242e-17	0	300
2.736499999999921e-10	0.32780936	-0.015252537	-0.7212832	-3.7341275e-17	0	300
2.7374999999999215e-10	0.3277825	-0.015197068	-0.72131956	-3.7341305e-17	0	300
2.738499999999922e-10	0.32775664	-0.01514162	-0.7213558	-3.734135e-17	0	300
2.739499999999922e-10	0.32773173	-0.0150862085	-0.7213919	-3.7341375e-17	0	300
2.7404999999999224e-10	0.32770777	-0.015030841	-0.72142786	-3.734141e-17	0	300
2.741499999999923e-10	0.32768482	-0.014975532	-0.72146356	-3.7341457e-17	0	300
2.742499999999923e-10	0.32766277	-0.014920292	-0.7214992	-3.7341474e-17	0	300
2.7434999999999234e-10	0.32764173	-0.014865132	-0.7215346	-3.7341517e-17	0	300
2.7444999999999237e-10	0.3276216	-0.014810067	-0.7215699	-3.7341553e-17	0	300
2.745499999999924e-10	0.32760248	-0.014755103	-0.72160506	-3.7341583e-17	0	300
2.7464999999999243e-10	0.3275843	-0.014700257	-0.72164	-3.7341626e-17	0	300
2.7474999999999246e-10	0.32756704	-0.014645534	-0.7216748	-3.7341663e-17	0	300
2.748499999999925e-10	0.32755074	-0.014590953	-0.7217095	-3.734169e-17	0	300
2.749499999999925e-10	0.3275354	-0.014536517	-0.72174394	-3.7341732e-17	0	300
2.7504999999999255e-10	0.32752097	-0.014482243	-0.7217784	-3.734177e-17	0	300
2.751499999999926e-10	0.32750753	-0.014428139	-0.72181255	-3.7341808e-17	0	300
2.752499999999926e-10	0.32749498	-0.014374218	-0.72184664	-3.7341825e-17	0	300
2.7534999999999264e-10	0.3274834	-0.014320486	-0.72188056	-3.7341868e-17	0	300
2.754499999999927e-10	0.3274727	-0.01426696	-0.72191423	-3.7341894e-17	0	300
2.755499999999927e-10	0.32746294	-0.014213646	-0.72194785	-3.7341934e-17	0	300
2.7564999999999274e-10	0.3274541	-0.014160556	-0.72198135	-3.734197e-17	0	300
2.7574999999999277e-10	0.32744613	-0.0141076995	-0.72201467	-3.734201e-17	0	300
2.758499999999928e-10	0.32743913	-0.014055088	-0.72204787	-3.734204e-17	0	300
2.7594999999999283e-10	0.32743302	-0.01400273	-0.7220808	-3.7342076e-17	0	300
2.7604999999999286e-10	0.3274278	-0.0139506385	-0.7221137	-3.7342103e-17	0	300
2.761499999999929e-10	0.3274235	-0.013898817	-0.7221465	-3.734214e-17	0	300
2.762499999999929e-10	0.32742012	-0.013847282	-0.7221792	-3.7342185e-17	0	300
2.7634999999999295e-10	0.32741755	-0.013796041	-0.72221154	-3.7342212e-17	0	300
2.76449999999993e-10	0.32741585	-0.013745101	-0.7222439	-3.7342245e-17	0	300
2.76549999999993e-10	0.32741508	-0.013694475	-0.7222761	-3.734228e-17	0	300
2.7664999999999304e-10	0.32741517	-0.013644172	-0.7223082	-3.734231e-17	0	300
2.7674999999999307e-10	0.32741615	-0.013594198	-0.7223401	-3.7342347e-17	0	300
2.768499999999931e-10	0.32741794	-0.013544566	-0.72237194	-3.7342377e-17	0	300
2.7694999999999313e-10	0.32742056	-0.013495282	-0.72240365	-3.734242e-17	0	300
2.7704999999999317e-10	0.32742405	-0.013446356	-0.72243506	-3.734245e-17	0	300
2.771499999999932e-10	0.3274284	-0.013397798	-0.7224665	-3.7342486e-17	0	300
2.7724999999999323e-10	0.3274336	-0.013349612	-0.7224979	-3.7342526e-17	0	300
2.7734999999999326e-10	0.3274396	-0.013301811	-0.722529	-3.7342543e-17	0	300
2.774499999999933e-10	0.32744646	-0.013254402	-0.72256005	-3.734258e-17	0	300
2.775499999999933e-10	0.32745406	-0.013207396	-0.722591	-3.7342615e-17	0	300
2.7764999999999335e-10	0.3274625	-0.013160795	-0.72262186	-3.7342655e-17	0	300
2.777499999999934e-10	0.32747176	-0.013114612	-0.72265255	-3.7342685e-17	0	300
2.778499999999934e-10	0.32748178	-0.013068851	-0.72268313	-3.7342718e-17	0	300
2.7794999999999344e-10	0.3274926	-0.0130235255	-0.7227135	-3.7342754e-17	0	300
2.7804999999999347e-10	0.32750422	-0.012978637	-0.7227439	-3.734278e-17	0	300
2.781499999999935e-10	0.3275166	-0.012934197	-0.72277415	-3.7342827e-17	0	300
2.7824999999999353e-10	0.3275297	-0.012890209	-0.7228043	-3.7342854e-17	0	300
2.7834999999999356e-10	0.32754356	-0.012846687	-0.7228343	-3.7342887e-17	0	300
2.784499999999936e-10	0.32755822	-0.01280363	-0.72286415	-3.7342913e-17	0	300
2.785499999999936e-10	0.3275736	-0.012761051	-0.722894	-3.734294e-17	0	300
2.7864999999999366e-10	0.32758972	-0.012718955	-0.72292376	-3.734298e-17	0	300
2.787499999999937e-10	0.32760656	-0.012677346	-0.7229533	-3.7343013e-17	0	300
2.788499999999937e-10	0.3276241	-0.012636234	-0.7229829	-3.734305e-17	0	300
2.7894999999999375e-10	0.3276424	-0.012595626	-0.7230122	-3.734308e-17	0	300
2.790499999999938e-10	0.32766137	-0.012555525	-0.72304153	-3.7343112e-17	0	300
2.791499999999938e-10	0.32768103	-0.012515939	-0.7230708	-3.734314e-17	0	300
2.7924999999999384e-10	0.3277014	-0.0124768745	-0.7230999	-3.7343175e-17	0	300
2.7934999999999387e-10	0.3277224	-0.012438336	-0.7231289	-3.7343218e-17	0	300
2.794499999999939e-10	0.32774413	-0.012400333	-0.7231578	-3.734323e-17	0	300
2.7954999999999393e-10	0.32776648	-0.012362866	-0.72318673	-3.7343274e-17	0	300
2.7964999999999396e-10	0.3277895	-0.012325944	-0.72321546	-3.7343317e-17	0	300
2.79749999999994e-10	0.32781312	-0.012289571	-0.72324425	-3.7343337e-17	0	300
2.79849999999994e-10	0.3278374	-0.012253752	-0.7232728	-3.7343376e-17	0	300
2.7994999999999405e-10	0.32786232	-0.012218494	-0.7233013	-3.7343406e-17	0	300
2.800499999999941e-10	0.3278879	-0.0121838	-0.7233297	-3.7343436e-17	0	300
2.801499999999941e-10	0.32791397	-0.012149676	-0.7233581	-3.7343476e-17	0	300
2.8024999999999415e-10	0.32794073	-0.012116126	-0.7233864	-3.73435e-17	0	300
2.803499999999942e-10	0.32796806	-0.012083156	-0.7234147	-3.7343532e-17	0	300
2.804499999999942e-10	0.327996	-0.01205077	-0.7234428	-3.7343562e-17	0	300
2.8054999999999424e-10	0.32802442	-0.01201897	-0.723471	-3.73436e-17	0	300
2.8064999999999427e-10	0.32805344	-0.011987764	-0.72349894	-3.7343625e-17	0	300
2.807499999999943e-10	0.32808307	-0.011957154	-0.72352695	-3.7343648e-17	0	300
2.8084999999999433e-10	0.3281132	-0.011927145	-0.7235548	-3.7343697e-17	0	300
2.8094999999999436e-10	0.3281439	-0.011897737	-0.7235826	-3.734373e-17	0	300
2.810499999999944e-10	0.32817507	-0.01186894	-0.7236104	-3.7343767e-17	0	300
2.811499999999944e-10	0.32820678	-0.011840752	-0.7236382	-3.7343793e-17	0	300
2.8124999999999445e-10	0.32823902	-0.011813179	-0.72366583	-3.7343826e-17	0	300
2.813499999999945e-10	0.32827175	-0.011786226	-0.7236935	-3.7343866e-17	0	300
2.814499999999945e-10	0.32830492	-0.011759894	-0.72372097	-3.7343893e-17	0	300
2.8154999999999455e-10	0.32833862	-0.011734184	-0.72374845	-3.7343916e-17	0	300
2.816499999999946e-10	0.32837278	-0.011709103	-0.7237759	-3.734396e-17	0	300
2.817499999999946e-10	0.32840738	-0.011684652	-0.7238034	-3.7343982e-17	0	300
2.8184999999999464e-10	0.32844242	-0.011660833	-0.72383076	-3.7344015e-17	0	300
2.8194999999999467e-10	0.32847792	-0.011637649	-0.72385806	-3.7344048e-17	0	300
2.820499999999947e-10	0.32851386	-0.011615103	-0.72388536	-3.7344078e-17	0	300
2.8214999999999473e-10	0.32855022	-0.011593197	-0.7239126	-3.7344104e-17	0	300
2.8224999999999476e-10	0.328587	-0.011571932	-0.72393984	-3.7344147e-17	0	300
2.823499999999948e-10	0.32862416	-0.011551312	-0.72396696	-3.7344174e-17	0	300
2.824499999999948e-10	0.32866168	-0.011531337	-0.72399414	-3.7344197e-17	0	300
2.8254999999999485e-10	0.32869965	-0.01151201	-0.72402126	-3.7344233e-17	0	300
2.826499999999949e-10	0.32873794	-0.011493333	-0.7240483	-3.734427e-17	0	300
2.827499999999949e-10	0.3287766	-0.011475308	-0.72407544	-3.7344293e-17	0	300
2.8284999999999494e-10	0.32881564	-0.011457932	-0.7241025	-3.7344333e-17	0	300
2.82949999999995e-10	0.328855	-0.011441212	-0.7241295	-3.734437e-17	0	300
2.83049999999995e-10	0.3288947	-0.011425145	-0.7241565	-3.73444e-17	0	300
2.8314999999999504e-10	0.32893473	-0.011409735	-0.7241835	-3.734443e-17	0	300
2.8324999999999507e-10	0.32897502	-0.011394979	-0.72421044	-3.7344462e-17	0	300
2.833499999999951e-10	0.32901567	-0.011380883	-0.7242374	-3.734448e-17	0	300
2.8344999999999513e-10	0.3290566	-0.011367445	-0.7242643	-3.734451e-17	0	300
2.8354999999999516e-10	0.3290978	-0.011354665	-0.7242913	-3.7344554e-17	0	300
2.836499999999952e-10	0.3291393	-0.011342544	-0.72431815	-3.7344578e-17	0	300
2.837499999999952e-10	0.32918105	-0.01133108	-0.7243451	-3.734461e-17	0	300
2.8384999999999525e-10	0.32922307	-0.011320279	-0.724372	-3.734464e-17	0	300
2.839499999999953e-10	0.32926527	-0.011310135	-0.72439885	-3.7344667e-17	0	300
2.840499999999953e-10	0.3293078	-0.011300651	-0.7244258	-3.7344713e-17	0	300
2.8414999999999534e-10	0.32935047	-0.011291828	-0.72445273	-3.7344746e-17	0	300
2.8424999999999537e-10	0.3293934	-0.011283661	-0.7244796	-3.7344766e-17	0	300
2.843499999999954e-10	0.3294365	-0.011276156	-0.72450656	-3.73448e-17	0	300
2.8444999999999544e-10	0.32947984	-0.011269307	-0.72453344	-3.7344836e-17	0	300
2.8454999999999547e-10	0.32952335	-0.011263117	-0.7245604	-3.7344865e-17	0	300
2.846499999999955e-10	0.32956704	-0.011257582	-0.7245873	-3.7344895e-17	0	300
2.8474999999999553e-10	0.32961088	-0.011252703	-0.7246143	-3.7344915e-17	0	300
2.8484999999999556e-10	0.3296549	-0.0112484805	-0.72464126	-3.7344958e-17	0	300
2.849499999999956e-10	0.3296991	-0.011244913	-0.7246682	-3.7344988e-17	0	300
2.850499999999956e-10	0.3297434	-0.011241995	-0.7246952	-3.734501e-17	0	300
2.8514999999999565e-10	0.3297878	-0.011239732	-0.7247222	-3.7345034e-17	0	300
2.852499999999957e-10	0.32983232	-0.011238117	-0.72474927	-3.734507e-17	0	300
2.853499999999957e-10	0.329877	-0.011237152	-0.7247763	-3.7345107e-17	0	300
2.8544999999999574e-10	0.32992175	-0.011236833	-0.72480345	-3.7345133e-17	0	300
2.8554999999999577e-10	0.32996655	-0.01123716	-0.7248305	-3.7345183e-17	0	300
2.856499999999958e-10	0.3300115	-0.011238132	-0.7248577	-3.7345206e-17	0	300
2.8574999999999583e-10	0.3300565	-0.011239745	-0.72488487	-3.734523e-17	0	300
2.8584999999999586e-10	0.33010158	-0.011241996	-0.72491205	-3.734526e-17	0	300
2.859499999999959e-10	0.33014667	-0.0112448875	-0.7249392	-3.7345296e-17	0	300
2.860499999999959e-10	0.33019185	-0.011248413	-0.7249666	-3.734532e-17	0	300
2.8614999999999596e-10	0.33023706	-0.011252573	-0.7249938	-3.7345365e-17	0	300
2.86249999999996e-10	0.33028227	-0.0112573635	-0.7250211	-3.734538e-17	0	300
2.86349999999996e-10	0.3303275	-0.011262784	-0.72504866	-3.7345418e-17	0	300
2.8644999999999605e-10	0.33037278	-0.011268828	-0.7250761	-3.7345444e-17	0	300
2.865499999999961e-10	0.33041802	-0.011275497	-0.7251035	-3.7345474e-17	0	300
2.866499999999961e-10	0.33046326	-0.011282786	-0.72513103	-3.734551e-17	0	300
2.8674999999999614e-10	0.33050847	-0.011290694	-0.7251586	-3.7345547e-17	0	300
2.8684999999999617e-10	0.33055368	-0.011299217	-0.7251862	-3.7345564e-17	0	300
2.869499999999962e-10	0.33059883	-0.0113083515	-0.7252139	-3.7345597e-17	0	300
2.8704999999999623e-10	0.33064395	-0.011318095	-0.72524154	-3.7345636e-17	0	300
2.8714999999999626e-10	0.33068904	-0.011328444	-0.7252694	-3.7345663e-17	0	300
2.872499999999963e-10	0.33073407	-0.011339395	-0.72529715	-3.734568e-17	0	300
2.873499999999963e-10	0.330779	-0.0113509465	-0.72532505	-3.734573e-17	0	300
2.8744999999999636e-10	0.33082387	-0.011363093	-0.725353	-3.7345762e-17	0	300
2.875499999999964e-10	0.33086863	-0.011375832	-0.725381	-3.734578e-17	0	300
2.876499999999964e-10	0.3309133	-0.01138916	-0.72540915	-3.7345818e-17	0	300
2.8774999999999645e-10	0.33095792	-0.011403073	-0.7254372	-3.7345845e-17	0	300
2.878499999999965e-10	0.33100238	-0.011417568	-0.7254654	-3.7345875e-17	0	300
2.879499999999965e-10	0.33104673	-0.011432638	-0.7254937	-3.7345914e-17	0	300
2.8804999999999654e-10	0.33109093	-0.011448286	-0.725522	-3.7345937e-17	0	300
2.8814999999999657e-10	0.33113506	-0.011464501	-0.7255504	-3.7345974e-17	0	300
2.882499999999966e-10	0.33117902	-0.011481281	-0.72557884	-3.7346e-17	0	300
2.8834999999999663e-10	0.33122277	-0.011498626	-0.72560745	-3.7346027e-17	0	300
2.8844999999999666e-10	0.33126646	-0.011516527	-0.725636	-3.7346063e-17	0	300
2.885499999999967e-10	0.3313099	-0.011534982	-0.72566473	-3.7346093e-17	0	300
2.886499999999967e-10	0.33135325	-0.011553986	-0.7256935	-3.734612e-17	0	300
2.8874999999999675e-10	0.33139634	-0.011573534	-0.7257223	-3.734616e-17	0	300
2.888499999999968e-10	0.33143932	-0.011593623	-0.72575116	-3.734619e-17	0	300
2.889499999999968e-10	0.33148205	-0.011614247	-0.72578025	-3.734621e-17	0	300
2.8904999999999685e-10	0.33152458	-0.011635403	-0.7258093	-3.7346242e-17	0	300
2.891499999999969e-10	0.3315669	-0.011657086	-0.7258384	-3.734629e-17	0	300
2.892499999999969e-10	0.33160904	-0.011679292	-0.7258677	-3.73463e-17	0	300
2.8934999999999694e-10	0.33165097	-0.011702013	-0.7258971	-3.7346338e-17	0	300
2.8944999999999697e-10	0.33169264	-0.01172525	-0.7259265	-3.734637e-17	0	300
2.89549999999997e-10	0.33173403	-0.011748994	-0.72595596	-3.7346404e-17	0	300
2.8964999999999703e-10	0.33177525	-0.011773239	-0.7259855	-3.734642e-17	0	300
2.8974999999999706e-10	0.3318162	-0.011797985	-0.7260153	-3.7346457e-17	0	300
2.898499999999971e-10	0.33185685	-0.011823222	-0.72604513	-3.7346493e-17	0	300
2.899499999999971e-10	0.3318973	-0.011848948	-0.72607493	-3.7346523e-17	0	300
2.9004999999999715e-10	0.33193743	-0.011875156	-0.72610486	-3.734655e-17	0	300
2.901499999999972e-10	0.3319773	-0.011901843	-0.726135	-3.734658e-17	0	300
2.902499999999972e-10	0.3320169	-0.0119290035	-0.72616506	-3.734662e-17	0	300
2.9034999999999724e-10	0.33205616	-0.01195663	-0.72619545	-3.7346642e-17	0	300
2.904499999999973e-10	0.33209518	-0.011984722	-0.72622573	-3.7346675e-17	0	300
2.905499999999973e-10	0.3321339	-0.012013268	-0.72625625	-3.734671e-17	0	300
2.9064999999999734e-10	0.3321723	-0.012042266	-0.7262867	-3.7346728e-17	0	300
2.9074999999999737e-10	0.3322104	-0.012071712	-0.7263174	-3.734677e-17	0	300
2.908499999999974e-10	0.33224818	-0.012101597	-0.72634816	-3.734679e-17	0	300
2.9094999999999743e-10	0.33228564	-0.012131918	-0.7263789	-3.734682e-17	0	300
2.9104999999999746e-10	0.33232278	-0.012162669	-0.72641	-3.7346854e-17	0	300
2.911499999999975e-10	0.33235955	-0.012193846	-0.7264411	-3.7346887e-17	0	300
2.912499999999975e-10	0.33239597	-0.012225441	-0.72647226	-3.7346933e-17	0	300
2.9134999999999755e-10	0.3324321	-0.012257449	-0.72650355	-3.734695e-17	0	300
2.914499999999976e-10	0.33246782	-0.012289864	-0.7265349	-3.734698e-17	0	300
2.915499999999976e-10	0.3325033	-0.012322682	-0.72656643	-3.734701e-17	0	300
2.9164999999999764e-10	0.3325383	-0.012355897	-0.7265981	-3.7347036e-17	0	300
2.917499999999977e-10	0.332573	-0.0123895025	-0.7266298	-3.7347076e-17	0	300
2.918499999999977e-10	0.33260733	-0.012423493	-0.72666156	-3.734711e-17	0	300
2.9194999999999774e-10	0.33264124	-0.012457862	-0.7266936	-3.7347132e-17	0	300
2.9204999999999777e-10	0.3326748	-0.012492605	-0.72672564	-3.7347168e-17	0	300
2.921499999999978e-10	0.332708	-0.012527717	-0.7267578	-3.7347198e-17	0	300
2.9224999999999783e-10	0.33274078	-0.01256319	-0.7267901	-3.734723e-17	0	300
2.9234999999999786e-10	0.3327732	-0.012599018	-0.7268225	-3.7347258e-17	0	300
2.924499999999979e-10	0.3328052	-0.0126351975	-0.726855	-3.734728e-17	0	300
2.925499999999979e-10	0.3328368	-0.01267172	-0.72688764	-3.734732e-17	0	300
2.9264999999999795e-10	0.33286798	-0.012708584	-0.7269205	-3.7347347e-17	0	300
2.92749999999998e-10	0.3328988	-0.012745777	-0.72695327	-3.7347373e-17	0	300
2.92849999999998e-10	0.3329292	-0.012783299	-0.72698635	-3.7347406e-17	0	300
2.9294999999999804e-10	0.33295915	-0.012821142	-0.7270195	-3.7347446e-17	0	300
2.9304999999999807e-10	0.33298868	-0.0128593	-0.7270527	-3.7347476e-17	0	300
2.931499999999981e-10	0.33301783	-0.012897765	-0.72708607	-3.7347512e-17	0	300
2.9324999999999813e-10	0.3330466	-0.012936536	-0.7271195	-3.7347526e-17	0	300
2.9334999999999816e-10	0.33307484	-0.012975601	-0.7271532	-3.7347555e-17	0	300
2.934499999999982e-10	0.3331027	-0.013014957	-0.72718686	-3.7347602e-17	0	300
2.9354999999999823e-10	0.3331301	-0.0130546	-0.7272208	-3.7347635e-17	0	300
2.9364999999999826e-10	0.3331571	-0.01309452	-0.7272547	-3.7347658e-17	0	300
2.937499999999983e-10	0.33318362	-0.013134715	-0.7272888	-3.7347684e-17	0	300
2.938499999999983e-10	0.33320972	-0.013175176	-0.72732306	-3.734772e-17	0	300
2.9394999999999835e-10	0.33323538	-0.013215898	-0.7273574	-3.7347757e-17	0	300
2.940499999999984e-10	0.33326057	-0.013256876	-0.72739196	-3.7347787e-17	0	300
2.941499999999984e-10	0.33328527	-0.013298102	-0.7274265	-3.7347807e-17	0	300
2.9424999999999844e-10	0.33330962	-0.013339572	-0.7274613	-3.734786e-17	0	300
2.9434999999999847e-10	0.3333334	-0.01338128	-0.7274961	-3.7347866e-17	0	300
2.944499999999985e-10	0.33335686	-0.013423219	-0.7275311	-3.7347903e-17	0	300
2.9454999999999853e-10	0.33337978	-0.013465381	-0.72756624	-3.734794e-17	0	300
2.9464999999999856e-10	0.33340222	-0.013507764	-0.72760147	-3.7347976e-17	0	300
2.947499999999986e-10	0.33342418	-0.013550361	-0.7276369	-3.7348002e-17	0	300
2.948499999999986e-10	0.33344573	-0.013593164	-0.72767234	-3.734804e-17	0	300
2.9494999999999866e-10	0.3334668	-0.01363617	-0.7277079	-3.7348068e-17	0	300
2.950499999999987e-10	0.3334874	-0.013679372	-0.7277437	-3.7348095e-17	0	300
2.951499999999987e-10	0.33350754	-0.013722761	-0.7277797	-3.7348128e-17	0	300
2.9524999999999875e-10	0.33352718	-0.013766337	-0.72781575	-3.7348164e-17	0	300
2.953499999999988e-10	0.33354634	-0.013810088	-0.72785187	-3.7348194e-17	0	300
2.954499999999988e-10	0.33356506	-0.013854014	-0.72788805	-3.7348227e-17	0	300
2.9554999999999884e-10	0.33358324	-0.013898103	-0.7279246	-3.7348254e-17	0	300
2.9564999999999887e-10	0.333601	-0.013942353	-0.7279611	-3.7348283e-17	0	300
2.957499999999989e-10	0.33361828	-0.013986759	-0.7279978	-3.7348316e-17	0	300
2.9584999999999893e-10	0.33363503	-0.014031313	-0.72803456	-3.7348346e-17	0	300
2.9594999999999896e-10	0.33365136	-0.01407601	-0.7280716	-3.7348383e-17	0	300
2.96049999999999e-10	0.33366722	-0.014120846	-0.72810864	-3.7348412e-17	0	300
2.96149999999999e-10	0.3336826	-0.014165811	-0.72814584	-3.7348442e-17	0	300
2.9624999999999905e-10	0.3336974	-0.014210903	-0.7281832	-3.7348475e-17	0	300
2.963499999999991e-10	0.33371183	-0.014256114	-0.72822064	-3.73485e-17	0	300
2.964499999999991e-10	0.33372575	-0.014301442	-0.72825825	-3.7348545e-17	0	300
2.9654999999999915e-10	0.33373913	-0.014346874	-0.72829604	-3.7348568e-17	0	300
2.966499999999992e-10	0.33375207	-0.014392413	-0.72833383	-3.73486e-17	0	300
2.967499999999992e-10	0.33376452	-0.014438049	-0.72837186	-3.734863e-17	0	300
2.9684999999999924e-10	0.33377647	-0.014483776	-0.72841	-3.734867e-17	0	300
2.9694999999999927e-10	0.33378798	-0.014529592	-0.72844833	-3.7348694e-17	0	300
2.970499999999993e-10	0.33379894	-0.014575487	-0.72848666	-3.734872e-17	0	300
2.9714999999999933e-10	0.3338095	-0.014621458	-0.7285252	-3.7348753e-17	0	300
2.9724999999999936e-10	0.33381948	-0.014667499	-0.72856385	-3.7348796e-17	0	300
2.973499999999994e-10	0.3338291	-0.014713603	-0.7286027	-3.7348826e-17	0	300
2.974499999999994e-10	0.33383816	-0.01475977	-0.7286417	-3.7348856e-17	0	300
2.9754999999999945e-10	0.33384675	-0.0148059875	-0.7286806	-3.73489e-17	0	300
2.976499999999995e-10	0.33385485	-0.0148522565	-0.7287199	-3.7348915e-17	0	300
2.977499999999995e-10	0.33386248	-0.0148985665	-0.72875917	-3.7348955e-17	0	300
2.9784999999999955e-10	0.33386967	-0.014944917	-0.7287986	-3.7348988e-17	0	300
2.979499999999996e-10	0.3338763	-0.014991298	-0.72883826	-3.734902e-17	0	300
2.980499999999996e-10	0.3338825	-0.015037709	-0.728878	-3.7349054e-17	0	300
2.9814999999999964e-10	0.33388823	-0.015084143	-0.72891784	-3.734908e-17	0	300
2.9824999999999967e-10	0.33389348	-0.0151305925	-0.7289578	-3.734912e-17	0	300
2.983499999999997e-10	0.33389828	-0.015177055	-0.72899795	-3.7349157e-17	0	300
2.9844999999999973e-10	0.33390257	-0.015223527	-0.7290382	-3.7349187e-17	0	300
2.9854999999999976e-10	0.33390644	-0.015270001	-0.72907853	-3.7349223e-17	0	300
2.986499999999998e-10	0.33390978	-0.015316473	-0.72911906	-3.7349243e-17	0	300
2.987499999999998e-10	0.33391267	-0.015362935	-0.72915965	-3.734927e-17	0	300
2.9884999999999985e-10	0.3339151	-0.015409389	-0.7292004	-3.7349316e-17	0	300
2.989499999999999e-10	0.33391705	-0.015455823	-0.7292413	-3.7349345e-17	0	300
2.990499999999999e-10	0.33391854	-0.015502238	-0.7292823	-3.7349382e-17	0	300
2.9914999999999994e-10	0.33391958	-0.015548626	-0.7293235	-3.734941e-17	0	300
2.9925e-10	0.3339202	-0.015594983	-0.72936475	-3.7349448e-17	0	300
2.9935e-10	0.3339203	-0.015641306	-0.72940624	-3.7349484e-17	0	300
2.994e-10	0.33392018	-0.015664449	-0.729427	-3.7349494e-17	0	300
2.9950000000000005e-10	0.33391964	-0.01571071	-0.7294685	-3.7349524e-17	0	300
2.996000000000001e-10	0.3339186	-0.015756924	-0.72951025	-3.734956e-17	0	300
2.997000000000001e-10	0.33391714	-0.015803086	-0.7295521	-3.7349594e-17	0	300
2.9980000000000014e-10	0.33391523	-0.01584919	-0.7295941	-3.7349623e-17	0	300
2.9990000000000017e-10	0.3339129	-0.015895236	-0.72963625	-3.7349663e-17	0	300
3.000000000000002e-10	0.3339101	-0.015941218	-0.7296784	-3.734969e-17	0	300
3.0010000000000024e-10	0.33390686	-0.015987132	-0.72972083	-3.734973e-17	0	300
3.0020000000000027e-10	0.3339032	-0.016032975	-0.72976327	-3.7349762e-17	0	300
3.003000000000003e-10	0.33389908	-0.016078737	-0.7298059	-3.7349795e-17	0	300
3.0040000000000033e-10	0.33389452	-0.016124422	-0.72984856	-3.7349822e-17	0	300
3.0050000000000036e-10	0.33388954	-0.01617002	-0.7298914	-3.7349865e-17	0	300
3.006000000000004e-10	0.33388415	-0.016215527	-0.72993445	-3.7349888e-17	0	300
3.007000000000004e-10	0.33387834	-0.016260944	-0.7299776	-3.7349928e-17	0	300
3.0080000000000045e-10	0.33387208	-0.016306266	-0.73002076	-3.734996e-17	0	300
3.009000000000005e-10	0.33386546	-0.016351484	-0.73006415	-3.7349997e-17	0	300
3.010000000000005e-10	0.33385837	-0.016396597	-0.73010767	-3.735003e-17	0	300
3.0110000000000054e-10	0.33385086	-0.016441602	-0.7301512	-3.735006e-17	0	300
3.0120000000000057e-10	0.33384293	-0.016486496	-0.73019487	-3.7350096e-17	0	300
3.013000000000006e-10	0.33383468	-0.016531276	-0.7302387	-3.735014e-17	0	300
3.0140000000000063e-10	0.33382595	-0.016575938	-0.73028266	-3.735017e-17	0	300
3.0150000000000066e-10	0.33381686	-0.016620476	-0.7303268	-3.7350202e-17	0	300
3.016000000000007e-10	0.33380732	-0.016664887	-0.73037094	-3.735024e-17	0	300
3.0170000000000073e-10	0.33379745	-0.016709171	-0.7304152	-3.7350272e-17	0	300
3.0180000000000076e-10	0.33378714	-0.01675332	-0.7304596	-3.7350298e-17	0	300
3.019000000000008e-10	0.33377647	-0.016797334	-0.73050416	-3.7350328e-17	0	300
3.020000000000008e-10	0.3337654	-0.016841207	-0.7305488	-3.735037e-17	0	300
3.0210000000000085e-10	0.33375397	-0.01688494	-0.73059356	-3.735041e-17	0	300
3.022000000000009e-10	0.3337421	-0.016928528	-0.73063844	-3.7350444e-17	0	300
3.023000000000009e-10	0.33372992	-0.016971966	-0.7306834	-3.7350474e-17	0	300
3.0240000000000094e-10	0.3337174	-0.017015252	-0.7307285	-3.735051e-17	0	300
3.0250000000000097e-10	0.33370447	-0.017058387	-0.7307738	-3.735054e-17	0	300
3.02600000000001e-10	0.3336912	-0.017101362	-0.73081905	-3.7350573e-17	0	300
3.0270000000000103e-10	0.33367756	-0.017144177	-0.7308646	-3.7350603e-17	0	300
3.0280000000000106e-10	0.33366358	-0.01718683	-0.7309101	-3.7350656e-17	0	300
3.029000000000011e-10	0.33364922	-0.017229315	-0.73095584	-3.7350682e-17	0	300
3.030000000000011e-10	0.33363456	-0.017271636	-0.7310015	-3.735071e-17	0	300
3.0310000000000116e-10	0.3336195	-0.017313784	-0.7310474	-3.735076e-17	0	300
3.032000000000012e-10	0.33360416	-0.01735576	-0.73109347	-3.7350795e-17	0	300
3.033000000000012e-10	0.33358845	-0.017397558	-0.73113954	-3.7350824e-17	0	300
3.0340000000000125e-10	0.33357242	-0.017439181	-0.7311858	-3.7350867e-17	0	300
3.035000000000013e-10	0.3335561	-0.017480623	-0.7312321	-3.7350884e-17	0	300
3.036000000000013e-10	0.3335394	-0.01752188	-0.7312785	-3.7350934e-17	0	300
3.0370000000000134e-10	0.33352244	-0.017562954	-0.73132503	-3.735096e-17	0	300
3.0380000000000137e-10	0.3335051	-0.017603839	-0.7313717	-3.7351003e-17	0	300
3.039000000000014e-10	0.3334875	-0.017644536	-0.7314183	-3.7351046e-17	0	300
3.0400000000000143e-10	0.3334696	-0.01768504	-0.7314652	-3.735107e-17	0	300
3.0410000000000146e-10	0.33345133	-0.017725354	-0.7315121	-3.7351112e-17	0	300
3.042000000000015e-10	0.33343282	-0.017765472	-0.73155916	-3.735114e-17	0	300
3.043000000000015e-10	0.33341402	-0.017805392	-0.73160636	-3.735118e-17	0	300
3.0440000000000155e-10	0.3333949	-0.017845113	-0.7316535	-3.7351218e-17	0	300
3.045000000000016e-10	0.33337557	-0.017884634	-0.73170096	-3.7351255e-17	0	300
3.046000000000016e-10	0.3333559	-0.017923955	-0.73174846	-3.7351284e-17	0	300
3.0470000000000165e-10	0.33333597	-0.017963069	-0.7317959	-3.7351334e-17	0	300
3.048000000000017e-10	0.3333158	-0.018001977	-0.7318436	-3.735137e-17	0	300
3.049000000000017e-10	0.3332953	-0.01804068	-0.73189133	-3.7351397e-17	0	300
3.0500000000000174e-10	0.3332746	-0.018079173	-0.7319391	-3.735144e-17	0	300
3.0510000000000177e-10	0.33325362	-0.018117458	-0.7319872	-3.7351483e-17	0	300
3.052000000000018e-10	0.33323234	-0.018155532	-0.7320351	-3.7351526e-17	0	300
3.0530000000000183e-10	0.3332109	-0.018193394	-0.7320832	-3.7351552e-17	0	300
3.0540000000000186e-10	0.3331892	-0.018231042	-0.7321314	-3.7351592e-17	0	300
3.055000000000019e-10	0.3331672	-0.018268473	-0.7321798	-3.7351635e-17	0	300
3.056000000000019e-10	0.333145	-0.018305693	-0.7322281	-3.7351668e-17	0	300
3.0570000000000195e-10	0.33312255	-0.018342692	-0.7322767	-3.73517e-17	0	300
3.05800000000002e-10	0.33309993	-0.018379474	-0.7323252	-3.735173e-17	0	300
3.05900000000002e-10	0.33307698	-0.01841604	-0.7323739	-3.7351777e-17	0	300
3.0600000000000205e-10	0.33305395	-0.018452385	-0.7324227	-3.735181e-17	0	300
3.061000000000021e-10	0.33303064	-0.018488508	-0.7324715	-3.7351853e-17	0	300
3.062000000000021e-10	0.33300713	-0.01852441	-0.73252046	-3.7351896e-17	0	300
3.0630000000000214e-10	0.33298343	-0.018560093	-0.7325696	-3.735192e-17	0	300
3.0640000000000217e-10	0.33295956	-0.018595552	-0.73261863	-3.7351953e-17	0	300
3.065000000000022e-10	0.33293545	-0.01863079	-0.73266786	-3.735201e-17	0	300
3.0660000000000223e-10	0.33291116	-0.018665805	-0.73271716	-3.7352042e-17	0	300
3.0670000000000226e-10	0.33288667	-0.018700592	-0.7327665	-3.7352065e-17	0	300
3.068000000000023e-10	0.33286205	-0.01873516	-0.7328159	-3.7352115e-17	0	300
3.069000000000023e-10	0.33283722	-0.0187695	-0.7328655	-3.735214e-17	0	300
3.0700000000000235e-10	0.33281222	-0.018803617	-0.7329151	-3.7352198e-17	0	300
3.071000000000024e-10	0.33278704	-0.018837508	-0.7329649	-3.735222e-17	0	300
3.072000000000024e-10	0.33276173	-0.018871175	-0.7330146	-3.7352277e-17	0	300
3.0730000000000244e-10	0.33273625	-0.018904615	-0.7330645	-3.7352307e-17	0	300
3.074000000000025e-10	0.33271062	-0.018937832	-0.7331144	-3.7352346e-17	0	300
3.075000000000025e-10	0.33268484	-0.018970823	-0.7331645	-3.7352386e-17	0	300
3.0760000000000254e-10	0.33265898	-0.019003589	-0.7332146	-3.7352436e-17	0	300
3.0770000000000257e-10	0.33263293	-0.01903613	-0.7332648	-3.7352475e-17	0	300
3.078000000000026e-10	0.33260673	-0.019068446	-0.733315	-3.7352502e-17	0	300
3.0790000000000263e-10	0.33258042	-0.019100536	-0.73336536	-3.735254e-17	0	300
3.0800000000000266e-10	0.33255398	-0.019132404	-0.7334158	-3.7352585e-17	0	300
3.081000000000027e-10	0.33252743	-0.019164046	-0.7334663	-3.7352624e-17	0	300
3.082000000000027e-10	0.33250073	-0.019195465	-0.7335168	-3.7352664e-17	0	300
3.0830000000000275e-10	0.332474	-0.019226657	-0.7335675	-3.735271e-17	0	300
3.084000000000028e-10	0.3324471	-0.019257635	-0.7336182	-3.7352747e-17	0	300
3.085000000000028e-10	0.3324201	-0.019288385	-0.733669	-3.7352793e-17	0	300
3.0860000000000284e-10	0.33239305	-0.019318912	-0.7337198	-3.7352826e-17	0	300
3.0870000000000287e-10	0.33236587	-0.019349221	-0.7337707	-3.7352863e-17	0	300
3.088000000000029e-10	0.33233857	-0.01937931	-0.7338218	-3.73529e-17	0	300
3.0890000000000293e-10	0.3323112	-0.01940918	-0.73387283	-3.7352952e-17	0	300
3.0900000000000297e-10	0.33228385	-0.01943883	-0.733924	-3.7352985e-17	0	300
3.09100000000003e-10	0.33225632	-0.019468263	-0.7339752	-3.7353025e-17	0	300
3.0920000000000303e-10	0.33222872	-0.019497478	-0.7340265	-3.735306e-17	0	300
3.0930000000000306e-10	0.33220106	-0.01952648	-0.7340778	-3.735311e-17	0	300
3.094000000000031e-10	0.33217344	-0.019555263	-0.7341292	-3.7353147e-17	0	300
3.095000000000031e-10	0.3321457	-0.019583836	-0.7341807	-3.735319e-17	0	300
3.0960000000000315e-10	0.33211786	-0.019612193	-0.73423225	-3.735322e-17	0	300
3.097000000000032e-10	0.33209	-0.019640341	-0.73428386	-3.7353273e-17	0	300
3.098000000000032e-10	0.33206213	-0.019668277	-0.7343355	-3.7353313e-17	0	300
3.0990000000000324e-10	0.33203417	-0.019696005	-0.7343873	-3.735335e-17	0	300
3.1000000000000327e-10	0.3320062	-0.019723523	-0.734439	-3.7353395e-17	0	300
3.101000000000033e-10	0.33197817	-0.019750837	-0.7344909	-3.7353435e-17	0	300
3.1020000000000333e-10	0.33195016	-0.019777946	-0.73454285	-3.7353485e-17	0	300
3.1030000000000336e-10	0.3319221	-0.019804848	-0.7345948	-3.735352e-17	0	300
3.104000000000034e-10	0.33189404	-0.019831553	-0.73464686	-3.7353574e-17	0	300
3.105000000000034e-10	0.33186594	-0.019858053	-0.7346991	-3.7353607e-17	0	300
3.1060000000000346e-10	0.33183786	-0.019884355	-0.73475116	-3.7353657e-17	0	300
3.107000000000035e-10	0.33180973	-0.019910458	-0.7348034	-3.73537e-17	0	300
3.108000000000035e-10	0.3317816	-0.019936368	-0.73485565	-3.7353746e-17	0	300
3.1090000000000355e-10	0.33175352	-0.019962082	-0.7349081	-3.735378e-17	0	300
3.110000000000036e-10	0.3317254	-0.0199876	-0.73496044	-3.735382e-17	0	300
3.111000000000036e-10	0.33169731	-0.020012932	-0.7350129	-3.7353872e-17	0	300
3.1120000000000364e-10	0.3316692	-0.020038072	-0.7350654	-3.7353905e-17	0	300
3.1130000000000367e-10	0.3316412	-0.02006303	-0.73511803	-3.7353954e-17	0	300
3.114000000000037e-10	0.33161312	-0.020087797	-0.73517066	-3.7354e-17	0	300
3.1150000000000373e-10	0.33158508	-0.020112384	-0.7352234	-3.7354047e-17	0	300
3.1160000000000376e-10	0.3315571	-0.020136785	-0.7352761	-3.7354077e-17	0	300
3.117000000000038e-10	0.33152914	-0.02016101	-0.7353289	-3.7354136e-17	0	300
3.118000000000038e-10	0.33150125	-0.020185059	-0.73538184	-3.7354176e-17	0	300
3.1190000000000386e-10	0.33147335	-0.02020893	-0.7354347	-3.7354222e-17	0	300
3.120000000000039e-10	0.33144546	-0.020232629	-0.73548764	-3.7354272e-17	0	300
3.121000000000039e-10	0.33141768	-0.020256156	-0.73554075	-3.7354312e-17	0	300
3.1220000000000395e-10	0.33138996	-0.020279516	-0.7355938	-3.7354355e-17	0	300
3.12300000000004e-10	0.33136225	-0.020302705	-0.73564684	-3.7354388e-17	0	300
3.12400000000004e-10	0.3313346	-0.020325733	-0.7357	-3.7354447e-17	0	300
3.1250000000000404e-10	0.33130702	-0.0203486	-0.7357533	-3.73545e-17	0	300
3.1260000000000407e-10	0.33127952	-0.020371303	-0.73580664	-3.7354537e-17	0	300
3.127000000000041e-10	0.33125204	-0.02039385	-0.7358599	-3.735458e-17	0	300
3.1280000000000413e-10	0.33122465	-0.020416245	-0.7359133	-3.735462e-17	0	300
3.1290000000000416e-10	0.33119735	-0.020438485	-0.7359667	-3.7354663e-17	0	300
3.130000000000042e-10	0.33117014	-0.020460574	-0.73602015	-3.7354706e-17	0	300
3.131000000000042e-10	0.33114296	-0.020482514	-0.7360737	-3.7354755e-17	0	300
3.1320000000000425e-10	0.3311159	-0.02050431	-0.7361273	-3.7354808e-17	0	300
3.133000000000043e-10	0.33108893	-0.020525964	-0.7361809	-3.735485e-17	0	300
3.134000000000043e-10	0.33106205	-0.020547478	-0.73623466	-3.735491e-17	0	300
3.1350000000000435e-10	0.33103526	-0.020568853	-0.7362883	-3.735494e-17	0	300
3.136000000000044e-10	0.33100852	-0.020590093	-0.73634213	-3.7354997e-17	0	300
3.137000000000044e-10	0.3309819	-0.020611202	-0.7363959	-3.7355043e-17	0	300
3.1380000000000444e-10	0.33095542	-0.02063218	-0.7364498	-3.7355093e-17	0	300
3.1390000000000447e-10	0.330929	-0.020653032	-0.7365037	-3.7355136e-17	0	300
3.140000000000045e-10	0.33090273	-0.020673754	-0.7365577	-3.735518e-17	0	300
3.1410000000000453e-10	0.33087656	-0.02069436	-0.73661166	-3.7355222e-17	0	300
3.1420000000000456e-10	0.33085045	-0.020714846	-0.7366657	-3.735529e-17	0	300
3.143000000000046e-10	0.3308245	-0.020735215	-0.73671985	-3.7355328e-17	0	300
3.144000000000046e-10	0.33079866	-0.020755474	-0.73677397	-3.7355377e-17	0	300
3.1450000000000465e-10	0.33077294	-0.02077562	-0.73682815	-3.7355427e-17	0	300
3.146000000000047e-10	0.3307473	-0.020795656	-0.7368824	-3.7355463e-17	0	300
3.147000000000047e-10	0.33072183	-0.02081559	-0.7369366	-3.7355516e-17	0	300
3.1480000000000474e-10	0.33069646	-0.02083542	-0.736991	-3.7355572e-17	0	300
3.149000000000048e-10	0.33067128	-0.020855157	-0.73704535	-3.7355606e-17	0	300
3.150000000000048e-10	0.33064616	-0.02087479	-0.73709977	-3.7355678e-17	0	300
3.1510000000000484e-10	0.3306212	-0.020894336	-0.7371543	-3.7355728e-17	0	300
3.1520000000000487e-10	0.3305964	-0.020913789	-0.7372088	-3.7355764e-17	0	300
3.153000000000049e-10	0.33057174	-0.020933157	-0.73726326	-3.7355807e-17	0	300
3.1540000000000493e-10	0.33054718	-0.020952439	-0.73731786	-3.735587e-17	0	300
3.1550000000000496e-10	0.33052278	-0.020971641	-0.7373725	-3.735592e-17	0	300
3.15600000000005e-10	0.33049855	-0.020990763	-0.73742723	-3.735596e-17	0	300
3.15700000000005e-10	0.33047444	-0.02100981	-0.73748195	-3.735602e-17	0	300
3.1580000000000505e-10	0.33045048	-0.021028787	-0.73753667	-3.735606e-17	0	300
3.159000000000051e-10	0.33042666	-0.021047693	-0.7375915	-3.7356125e-17	0	300
3.160000000000051e-10	0.33040297	-0.021066535	-0.7376464	-3.7356165e-17	0	300
3.1610000000000514e-10	0.3303795	-0.021085314	-0.7377013	-3.7356224e-17	0	300
3.1620000000000517e-10	0.33035612	-0.02110403	-0.73775613	-3.7356277e-17	0	300
3.163000000000052e-10	0.33033296	-0.021122694	-0.7378112	-3.735631e-17	0	300
3.1640000000000524e-10	0.33030993	-0.021141304	-0.7378662	-3.7356373e-17	0	300
3.1650000000000527e-10	0.33028707	-0.021159863	-0.7379213	-3.7356423e-17	0	300
3.166000000000053e-10	0.3302644	-0.021178374	-0.73797643	-3.735648e-17	0	300
3.1670000000000533e-10	0.33024183	-0.021196844	-0.7380315	-3.735653e-17	0	300
3.1680000000000536e-10	0.33021948	-0.021215273	-0.7380868	-3.735658e-17	0	300
3.169000000000054e-10	0.33019727	-0.021233661	-0.738142	-3.7356625e-17	0	300
3.170000000000054e-10	0.33017522	-0.021252017	-0.7381973	-3.7356687e-17	0	300
3.1710000000000545e-10	0.33015335	-0.021270342	-0.73825264	-3.7356737e-17	0	300
3.172000000000055e-10	0.33013165	-0.02128864	-0.738308	-3.7356787e-17	0	300
3.173000000000055e-10	0.33011013	-0.021306913	-0.73836344	-3.735685e-17	0	300
3.1740000000000554e-10	0.33008873	-0.021325162	-0.73841894	-3.7356896e-17	0	300
3.1750000000000557e-10	0.3300676	-0.021343393	-0.7384744	-3.7356955e-17	0	300
3.176000000000056e-10	0.3300466	-0.021361614	-0.7385299	-3.7357012e-17	0	300
3.1770000000000563e-10	0.33002576	-0.021379817	-0.73858553	-3.7357055e-17	0	300
3.1780000000000566e-10	0.3300051	-0.021398017	-0.73864114	-3.7357118e-17	0	300
3.179000000000057e-10	0.3299847	-0.02141621	-0.73869675	-3.7357177e-17	0	300
3.1800000000000573e-10	0.32996437	-0.021434398	-0.73875254	-3.7357227e-17	0	300
3.1810000000000576e-10	0.32994425	-0.021452593	-0.7388083	-3.7357283e-17	0	300
3.182000000000058e-10	0.32992435	-0.021470787	-0.7388641	-3.7357336e-17	0	300
3.183000000000058e-10	0.3299046	-0.021488992	-0.73892003	-3.735739e-17	0	300
3.1840000000000585e-10	0.329885	-0.021507204	-0.7389759	-3.7357452e-17	0	300
3.185000000000059e-10	0.32986563	-0.021525435	-0.7390318	-3.7357515e-17	0	300
3.186000000000059e-10	0.32984644	-0.021543682	-0.7390878	-3.7357554e-17	0	300
3.1870000000000594e-10	0.32982743	-0.02156195	-0.7391438	-3.735762e-17	0	300
3.1880000000000597e-10	0.32980862	-0.021580242	-0.7391999	-3.7357667e-17	0	300
3.18900000000006e-10	0.32979	-0.021598559	-0.7392561	-3.7357736e-17	0	300
3.1900000000000603e-10	0.32977155	-0.021616908	-0.7393122	-3.7357786e-17	0	300
3.1910000000000606e-10	0.32975325	-0.02163529	-0.73936844	-3.7357846e-17	0	300
3.192000000000061e-10	0.32973516	-0.02165371	-0.7394247	-3.7357895e-17	0	300
3.193000000000061e-10	0.32971725	-0.02167217	-0.739481	-3.7357965e-17	0	300
3.1940000000000616e-10	0.32969955	-0.021690676	-0.73953736	-3.7358018e-17	0	300
3.195000000000062e-10	0.32968208	-0.021709224	-0.73959374	-3.7358084e-17	0	300
3.196000000000062e-10	0.3296647	-0.021727826	-0.7396502	-3.735814e-17	0	300
3.1970000000000625e-10	0.32964757	-0.021746477	-0.7397067	-3.7358203e-17	0	300
3.198000000000063e-10	0.3296306	-0.021765187	-0.73976326	-3.7358243e-17	0	300
3.199000000000063e-10	0.32961383	-0.021783957	-0.7398199	-3.735831e-17	0	300
3.2000000000000634e-10	0.32959723	-0.021802789	-0.73987657	-3.7358365e-17	0	300
3.2010000000000637e-10	0.32958084	-0.021821687	-0.7399332	-3.7358434e-17	0	300
3.202000000000064e-10	0.32956463	-0.021840654	-0.7399899	-3.7358484e-17	0	300
3.2030000000000643e-10	0.3295486	-0.021859692	-0.74004674	-3.735855e-17	0	300
3.2040000000000646e-10	0.32953277	-0.021878807	-0.74010354	-3.73586e-17	0	300
3.205000000000065e-10	0.3295171	-0.021898	-0.7401604	-3.7358666e-17	0	300
3.206000000000065e-10	0.32950163	-0.021917274	-0.74021745	-3.735874e-17	0	300
3.2070000000000655e-10	0.32948637	-0.021936636	-0.74027437	-3.7358792e-17	0	300
3.208000000000066e-10	0.32947126	-0.02195608	-0.7403314	-3.735885e-17	0	300
3.209000000000066e-10	0.32945633	-0.021975622	-0.7403885	-3.7358908e-17	0	300
3.2100000000000665e-10	0.32944164	-0.021995254	-0.7404456	-3.7358984e-17	0	300
3.211000000000067e-10	0.3294271	-0.022014985	-0.74050283	-3.7359037e-17	0	300
3.212000000000067e-10	0.3294127	-0.022034816	-0.74056005	-3.7359103e-17	0	300
3.2130000000000674e-10	0.32939857	-0.022054749	-0.7406174	-3.7359166e-17	0	300
3.2140000000000677e-10	0.32938457	-0.02207479	-0.7406747	-3.735923e-17	0	300
3.215000000000068e-10	0.32937077	-0.022094939	-0.74073213	-3.7359285e-17	0	300
3.2160000000000683e-10	0.3293571	-0.0221152	-0.7407896	-3.7359348e-17	0	300
3.2170000000000686e-10	0.32934365	-0.02213558	-0.7408472	-3.7359417e-17	0	300
3.218000000000069e-10	0.32933035	-0.022156078	-0.7409047	-3.7359493e-17	0	300
3.219000000000069e-10	0.32931727	-0.022176698	-0.7409623	-3.7359546e-17	0	300
3.2200000000000695e-10	0.32930434	-0.022197438	-0.74102	-3.735961e-17	0	300
3.22100000000007e-10	0.32929158	-0.02221831	-0.7410777	-3.7359662e-17	0	300
3.22200000000007e-10	0.32927904	-0.022239309	-0.74113554	-3.7359745e-17	0	300
3.2230000000000705e-10	0.32926664	-0.02226044	-0.7411934	-3.73598e-17	0	300
3.224000000000071e-10	0.3292544	-0.022281712	-0.74125135	-3.7359877e-17	0	300
3.225000000000071e-10	0.32924232	-0.022303121	-0.7413093	-3.735993e-17	0	300
3.2260000000000714e-10	0.32923043	-0.022324672	-0.7413673	-3.736001e-17	0	300
3.2270000000000717e-10	0.32921872	-0.022346368	-0.74142545	-3.7360066e-17	0	300
3.228000000000072e-10	0.32920718	-0.022368211	-0.74148357	-3.7360125e-17	0	300
3.2290000000000723e-10	0.3291958	-0.022390204	-0.74154186	-3.73602e-17	0	300
3.2300000000000726e-10	0.3291846	-0.022412354	-0.74160004	-3.7360267e-17	0	300
3.231000000000073e-10	0.3291735	-0.022434656	-0.74165845	-3.736034e-17	0	300
3.232000000000073e-10	0.32916263	-0.022457113	-0.74171686	-3.73604e-17	0	300
3.2330000000000735e-10	0.32915193	-0.02247974	-0.7417753	-3.7360476e-17	0	300
3.234000000000074e-10	0.32914135	-0.022502529	-0.7418338	-3.7360535e-17	0	300
3.235000000000074e-10	0.32913092	-0.022525482	-0.74189234	-3.7360605e-17	0	300
3.2360000000000744e-10	0.32912064	-0.022548608	-0.7419511	-3.7360684e-17	0	300
3.237000000000075e-10	0.32911056	-0.022571906	-0.74200976	-3.7360747e-17	0	300
3.238000000000075e-10	0.32910064	-0.022595376	-0.7420685	-3.736082e-17	0	300
3.2390000000000754e-10	0.32909083	-0.022619024	-0.7421275	-3.7360876e-17	0	300
3.2400000000000757e-10	0.32908118	-0.022642855	-0.7421864	-3.7360956e-17	0	300
3.241000000000076e-10	0.32907167	-0.022666866	-0.7422453	-3.7361032e-17	0	300
3.2420000000000763e-10	0.3290623	-0.022691064	-0.7423044	-3.73611e-17	0	300
3.2430000000000766e-10	0.3290531	-0.022715447	-0.7423636	-3.7361174e-17	0	300
3.244000000000077e-10	0.32904404	-0.022740025	-0.7424227	-3.7361234e-17	0	300
3.245000000000077e-10	0.32903513	-0.022764795	-0.742482	-3.7361313e-17	0	300
3.2460000000000775e-10	0.32902637	-0.022789756	-0.7425414	-3.7361383e-17	0	300
3.247000000000078e-10	0.3290177	-0.02281492	-0.74260074	-3.7361455e-17	0	300
3.248000000000078e-10	0.3290092	-0.022840282	-0.7426603	-3.7361528e-17	0	300
3.2490000000000784e-10	0.3290008	-0.022865845	-0.7427199	-3.7361608e-17	0	300
3.2500000000000787e-10	0.32899258	-0.022891615	-0.74277943	-3.7361674e-17	0	300
3.251000000000079e-10	0.32898447	-0.022917591	-0.7428392	-3.736176e-17	0	300
3.2520000000000793e-10	0.32897648	-0.022943778	-0.74289894	-3.7361836e-17	0	300
3.2530000000000797e-10	0.3289686	-0.022970175	-0.7429588	-3.736191e-17	0	300
3.25400000000008e-10	0.32896087	-0.02299679	-0.7430188	-3.7361988e-17	0	300
3.2550000000000803e-10	0.3289532	-0.02302362	-0.7430787	-3.7362054e-17	0	300
3.2560000000000806e-10	0.32894573	-0.02305067	-0.74313885	-3.736213e-17	0	300
3.257000000000081e-10	0.32893836	-0.023077937	-0.74319905	-3.736221e-17	0	300
3.258000000000081e-10	0.3289311	-0.023105428	-0.74325925	-3.7362292e-17	0	300
3.2590000000000815e-10	0.32892397	-0.023133148	-0.74331963	-3.7362365e-17	0	300
3.260000000000082e-10	0.32891688	-0.023161093	-0.74338007	-3.736245e-17	0	300
3.261000000000082e-10	0.32891	-0.023189267	-0.7434406	-3.736253e-17	0	300
3.2620000000000824e-10	0.32890314	-0.023217672	-0.74350125	-3.7362594e-17	0	300
3.2630000000000827e-10	0.3288964	-0.023246316	-0.74356174	-3.7362673e-17	0	300
3.264000000000083e-10	0.3288898	-0.02327519	-0.74362254	-3.7362766e-17	0	300
3.2650000000000833e-10	0.32888326	-0.023304304	-0.7436834	-3.736284e-17	0	300
3.2660000000000836e-10	0.32887682	-0.02333366	-0.7437443	-3.7362914e-17	0	300
3.267000000000084e-10	0.32887048	-0.023363253	-0.7438054	-3.7362997e-17	0	300
3.268000000000084e-10	0.32886428	-0.023393095	-0.74386644	-3.736308e-17	0	300
3.2690000000000846e-10	0.32885808	-0.02342318	-0.7439276	-3.736317e-17	0	300
3.270000000000085e-10	0.32885203	-0.023453508	-0.7439889	-3.7363252e-17	0	300
3.271000000000085e-10	0.328846	-0.023484092	-0.7440503	-3.7363318e-17	0	300
3.2720000000000855e-10	0.32884014	-0.023514926	-0.7441118	-3.736342e-17	0	300
3.273000000000086e-10	0.3288343	-0.02354601	-0.7441732	-3.7363487e-17	0	300
3.274000000000086e-10	0.32882854	-0.023577355	-0.744235	-3.7363563e-17	0	300
3.2750000000000864e-10	0.3288229	-0.023608953	-0.74429667	-3.7363642e-17	0	300
3.2760000000000867e-10	0.32881725	-0.02364081	-0.7443585	-3.736374e-17	0	300
3.277000000000087e-10	0.3288117	-0.023672925	-0.74442047	-3.7363814e-17	0	300
3.2780000000000873e-10	0.32880628	-0.023705302	-0.7444824	-3.7363914e-17	0	300
3.2790000000000876e-10	0.3288009	-0.023737945	-0.7445445	-3.7363986e-17	0	300
3.280000000000088e-10	0.32879552	-0.023770854	-0.74460673	-3.736408e-17	0	300
3.281000000000088e-10	0.32879025	-0.023804028	-0.7446691	-3.7364162e-17	0	300
3.2820000000000885e-10	0.32878503	-0.02383747	-0.7447315	-3.7364248e-17	0	300
3.283000000000089e-10	0.32877982	-0.023871182	-0.744794	-3.736433e-17	0	300
3.284000000000089e-10	0.32877472	-0.023905165	-0.7448566	-3.7364413e-17	0	300
3.2850000000000895e-10	0.32876965	-0.023939421	-0.7449193	-3.7364516e-17	0	300
3.28600000000009e-10	0.32876462	-0.023973953	-0.7449821	-3.736459e-17	0	300
3.28700000000009e-10	0.32875964	-0.02400876	-0.74504507	-3.7364688e-17	0	300
3.2880000000000904e-10	0.32875466	-0.024043843	-0.74510807	-3.736478e-17	0	300
3.2890000000000907e-10	0.32874975	-0.024079205	-0.7451712	-3.7364873e-17	0	300
3.290000000000091e-10	0.32874486	-0.024114847	-0.74523443	-3.7364963e-17	0	300
3.2910000000000913e-10	0.32874	-0.024150774	-0.7452978	-3.736505e-17	0	300
3.2920000000000916e-10	0.32873517	-0.02418698	-0.74536127	-3.736514e-17	0	300
3.293000000000092e-10	0.32873037	-0.024223471	-0.74542475	-3.736524e-17	0	300
3.294000000000092e-10	0.3287256	-0.024260245	-0.7454884	-3.736532e-17	0	300
3.2950000000000925e-10	0.32872087	-0.024297312	-0.74555224	-3.7365422e-17	0	300
3.296000000000093e-10	0.32871616	-0.024334662	-0.7456162	-3.7365515e-17	0	300
3.297000000000093e-10	0.32871142	-0.024372302	-0.74568015	-3.736561e-17	0	300
3.2980000000000935e-10	0.32870668	-0.024410235	-0.7457442	-3.736569e-17	0	300
3.299000000000094e-10	0.32870197	-0.024448456	-0.7458085	-3.7365793e-17	0	300
3.300000000000094e-10	0.32869726	-0.024486968	-0.74587286	-3.7365892e-17	0	300
3.3010000000000944e-10	0.3286926	-0.02452578	-0.7459373	-3.7365985e-17	0	300
3.3020000000000947e-10	0.32868788	-0.024564883	-0.74600184	-3.7366088e-17	0	300
3.303000000000095e-10	0.32868317	-0.02460428	-0.7460666	-3.7366177e-17	0	300
3.3040000000000953e-10	0.32867846	-0.024643976	-0.7461314	-3.736627e-17	0	300
3.3050000000000956e-10	0.32867375	-0.024683971	-0.7461963	-3.736637e-17	0	300
3.306000000000096e-10	0.328669	-0.024724262	-0.7462614	-3.736646e-17	0	300
3.307000000000096e-10	0.32866427	-0.024764853	-0.74632657	-3.7366567e-17	0	300
3.3080000000000965e-10	0.3286595	-0.024805747	-0.7463919	-3.7366667e-17	0	300
3.309000000000097e-10	0.3286547	-0.024846938	-0.7464572	-3.7366772e-17	0	300
3.310000000000097e-10	0.3286499	-0.024888437	-0.7465228	-3.7366872e-17	0	300
3.3110000000000974e-10	0.3286451	-0.024930237	-0.74658847	-3.7366968e-17	0	300
3.312000000000098e-10	0.32864022	-0.02497234	-0.7466543	-3.7367074e-17	0	300
3.313000000000098e-10	0.3286353	-0.02501475	-0.7467203	-3.7367166e-17	0	300
3.3140000000000984e-10	0.3286304	-0.025057465	-0.74678636	-3.7367282e-17	0	300
3.3150000000000987e-10	0.32862538	-0.02510049	-0.7468525	-3.7367385e-17	0	300
3.316000000000099e-10	0.3286204	-0.02514382	-0.7469188	-3.7367484e-17	0	300
3.3170000000000993e-10	0.3286153	-0.025187459	-0.74698526	-3.7367586e-17	0	300
3.3180000000000996e-10	0.3286102	-0.025231404	-0.74705184	-3.73677e-17	0	300
3.3190000000001e-10	0.32860506	-0.025275659	-0.7471186	-3.736779e-17	0	300
3.3200000000001e-10	0.32859984	-0.025320226	-0.74718535	-3.736791e-17	0	300
3.3210000000001005e-10	0.3285946	-0.025365105	-0.7472524	-3.7368003e-17	0	300
3.322000000000101e-10	0.32858926	-0.02541029	-0.7473196	-3.7368122e-17	0	300
3.323000000000101e-10	0.3285839	-0.025455797	-0.7473868	-3.7368225e-17	0	300
3.3240000000001014e-10	0.3285784	-0.025501607	-0.7474542	-3.7368344e-17	0	300
3.3250000000001017e-10	0.3285729	-0.025547735	-0.74752164	-3.7368457e-17	0	300
3.326000000000102e-10	0.32856727	-0.025594175	-0.74758935	-3.736856e-17	0	300
3.3270000000001024e-10	0.3285616	-0.025640931	-0.7476572	-3.736867e-17	0	300
3.3280000000001027e-10	0.32855588	-0.025688	-0.7477252	-3.7368787e-17	0	300
3.329000000000103e-10	0.32855004	-0.025735388	-0.74779326	-3.736889e-17	0	300
3.3300000000001033e-10	0.32854414	-0.025783086	-0.74786144	-3.7369006e-17	0	300
3.3310000000001036e-10	0.32853815	-0.025831105	-0.7479299	-3.7369125e-17	0	300
3.332000000000104e-10	0.32853204	-0.025879435	-0.74799836	-3.7369237e-17	0	300
3.333000000000104e-10	0.32852587	-0.02592809	-0.748067	-3.736935e-17	0	300
3.3340000000001045e-10	0.3285196	-0.025977056	-0.74813586	-3.7369472e-17	0	300
3.335000000000105e-10	0.32851323	-0.02602634	-0.7482048	-3.7369585e-17	0	300
3.336000000000105e-10	0.32850677	-0.026075946	-0.74827397	-3.7369697e-17	0	300
3.3370000000001054e-10	0.32850015	-0.02612587	-0.7483432	-3.736982e-17	0	300
3.3380000000001057e-10	0.32849348	-0.02617611	-0.74841267	-3.736994e-17	0	300
3.339000000000106e-10	0.32848668	-0.02622667	-0.7484822	-3.7370055e-17	0	300
3.3400000000001063e-10	0.3284798	-0.026277546	-0.74855196	-3.737017e-17	0	300
3.3410000000001066e-10	0.3284728	-0.026328748	-0.7486218	-3.7370293e-17	0	300
3.342000000000107e-10	0.32846558	-0.026380263	-0.74869186	-3.7370415e-17	0	300
3.3430000000001073e-10	0.32845837	-0.026432104	-0.7487621	-3.7370534e-17	0	300
3.3440000000001076e-10	0.32845098	-0.026484262	-0.7488324	-3.7370654e-17	0	300
3.345000000000108e-10	0.3284435	-0.026536738	-0.74890286	-3.737077e-17	0	300
3.346000000000108e-10	0.32843584	-0.02658954	-0.7489736	-3.7370918e-17	0	300
3.3470000000001085e-10	0.32842806	-0.02664266	-0.7490444	-3.7371037e-17	0	300
3.348000000000109e-10	0.32842013	-0.0266961	-0.7491154	-3.7371166e-17	0	300
3.349000000000109e-10	0.3284121	-0.026749862	-0.74918664	-3.7371295e-17	0	300
3.3500000000001094e-10	0.3284039	-0.026803948	-0.7492579	-3.737142e-17	0	300
3.3510000000001097e-10	0.32839555	-0.026858348	-0.7493293	-3.7371547e-17	0	300
3.35200000000011e-10	0.32838708	-0.026913075	-0.749401	-3.7371666e-17	0	300
3.3530000000001103e-10	0.3283784	-0.026968122	-0.74947286	-3.7371802e-17	0	300
3.3540000000001106e-10	0.32836968	-0.02702349	-0.74954474	-3.7371924e-17	0	300
3.355000000000111e-10	0.3283607	-0.02707918	-0.7496169	-3.7372063e-17	0	300
3.356000000000111e-10	0.32835156	-0.02713519	-0.7496893	-3.737219e-17	0	300
3.3570000000001116e-10	0.3283423	-0.027191523	-0.7497617	-3.737233e-17	0	300
3.358000000000112e-10	0.32833287	-0.027248174	-0.7498344	-3.7372467e-17	0	300
3.359000000000112e-10	0.32832327	-0.02730515	-0.7499072	-3.73726e-17	0	300
3.3600000000001125e-10	0.3283135	-0.027362444	-0.7499802	-3.7372738e-17	0	300
3.361000000000113e-10	0.32830358	-0.02742006	-0.7500534	-3.7372874e-17	0	300
3.362000000000113e-10	0.32829344	-0.027478	-0.7501267	-3.737301e-17	0	300
3.3630000000001134e-10	0.32828313	-0.027536262	-0.7502002	-3.7373142e-17	0	300
3.3640000000001137e-10	0.3282727	-0.027594842	-0.750274	-3.737328e-17	0	300
3.365000000000114e-10	0.32826203	-0.027653744	-0.7503478	-3.737342e-17	0	300
3.3660000000001143e-10	0.32825118	-0.027712967	-0.7504219	-3.737357e-17	0	300
3.3670000000001146e-10	0.32824013	-0.027772514	-0.7504961	-3.7373698e-17	0	300
3.368000000000115e-10	0.3282289	-0.02783238	-0.7505706	-3.737384e-17	0	300
3.369000000000115e-10	0.32821745	-0.027892563	-0.7506451	-3.7373982e-17	0	300
3.3700000000001155e-10	0.32820585	-0.02795307	-0.7507199	-3.7374128e-17	0	300
3.371000000000116e-10	0.32819402	-0.028013896	-0.7507949	-3.7374293e-17	0	300
3.372000000000116e-10	0.32818198	-0.028075043	-0.75087005	-3.7374435e-17	0	300
3.3730000000001165e-10	0.32816976	-0.028136507	-0.7509453	-3.7374578e-17	0	300
3.374000000000117e-10	0.3281573	-0.028198292	-0.75102085	-3.737473e-17	0	300
3.375000000000117e-10	0.32814467	-0.028260399	-0.75109667	-3.737488e-17	0	300
3.3760000000001174e-10	0.3281318	-0.028322823	-0.7511725	-3.7375028e-17	0	300
3.3770000000001177e-10	0.3281187	-0.02838557	-0.7512486	-3.7375173e-17	0	300
3.378000000000118e-10	0.3281054	-0.028448634	-0.7513249	-3.7375345e-17	0	300
3.3790000000001183e-10	0.3280919	-0.028512016	-0.75140136	-3.7375494e-17	0	300
3.3800000000001186e-10	0.3280781	-0.028575715	-0.751478	-3.737563e-17	0	300
3.381000000000119e-10	0.32806414	-0.028639734	-0.75155485	-3.7375805e-17	0	300
3.382000000000119e-10	0.32804993	-0.028704073	-0.7516319	-3.7375957e-17	0	300
3.3830000000001195e-10	0.32803547	-0.028768731	-0.75170916	-3.7376106e-17	0	300
3.38400000000012e-10	0.32802078	-0.028833698	-0.7517866	-3.7376272e-17	0	300
3.38500000000012e-10	0.32800588	-0.02889899	-0.7518643	-3.7376437e-17	0	300
3.3860000000001204e-10	0.3279907	-0.0289646	-0.75194216	-3.737659e-17	0	300
3.387000000000121e-10	0.32797533	-0.02903052	-0.7520201	-3.7376758e-17	0	300
3.388000000000121e-10	0.3279597	-0.029096764	-0.7520984	-3.7376917e-17	0	300
3.3890000000001214e-10	0.32794377	-0.029163321	-0.7521768	-3.737709e-17	0	300
3.3900000000001217e-10	0.32792765	-0.029230196	-0.7522555	-3.737726e-17	0	300
3.391000000000122e-10	0.32791126	-0.029297382	-0.75233436	-3.7377413e-17	0	300
3.3920000000001223e-10	0.32789457	-0.029364888	-0.7524134	-3.7377582e-17	0	300
3.3930000000001226e-10	0.32787767	-0.029432708	-0.7524927	-3.7377747e-17	0	300
3.394000000000123e-10	0.32786047	-0.029500846	-0.75257206	-3.7377926e-17	0	300
3.395000000000123e-10	0.32784304	-0.029569292	-0.7526519	-3.7378088e-17	0	300
3.3960000000001235e-10	0.32782534	-0.029638058	-0.7527317	-3.737827e-17	0	300
3.397000000000124e-10	0.32780737	-0.029707134	-0.7528118	-3.737844e-17	0	300
3.398000000000124e-10	0.32778907	-0.029776525	-0.7528921	-3.7378624e-17	0	300
3.3990000000001244e-10	0.32777056	-0.029846232	-0.7529726	-3.7378796e-17	0	300
3.400000000000125e-10	0.32775182	-0.02991625	-0.75305337	-3.7378978e-17	0	300
3.401000000000125e-10	0.32773268	-0.029986583	-0.7531343	-3.737916e-17	0	300
3.4020000000001254e-10	0.3277133	-0.030057225	-0.7532155	-3.7379332e-17	0	300
3.4030000000001257e-10	0.32769367	-0.030128177	-0.7532968	-3.7379518e-17	0	300
3.404000000000126e-10	0.32767373	-0.030199446	-0.7533784	-3.7379693e-17	0	300
3.4050000000001263e-10	0.32765353	-0.030271027	-0.7534603	-3.737989e-17	0	300
3.4060000000001266e-10	0.327633	-0.030342918	-0.7535423	-3.738008e-17	0	300
3.407000000000127e-10	0.3276122	-0.030415118	-0.75362456	-3.7380252e-17	0	300
3.408000000000127e-10	0.3275911	-0.03048763	-0.75370705	-3.738044e-17	0	300
3.4090000000001275e-10	0.3275697	-0.030560454	-0.75378966	-3.738064e-17	0	300
3.410000000000128e-10	0.32754797	-0.030633587	-0.75387263	-3.7380828e-17	0	300
3.411000000000128e-10	0.32752594	-0.030707026	-0.7539557	-3.7381023e-17	0	300
3.4120000000001284e-10	0.32750365	-0.030780781	-0.7540391	-3.7381218e-17	0	300
3.4130000000001287e-10	0.32748103	-0.03085484	-0.75412273	-3.7381417e-17	0	300
3.414000000000129e-10	0.32745808	-0.03092921	-0.75420654	-3.738161e-17	0	300
3.4150000000001293e-10	0.3274348	-0.031003887	-0.75429064	-3.738181e-17	0	300
3.4160000000001297e-10	0.32741126	-0.031078873	-0.75437486	-3.7382002e-17	0	300
3.41700000000013e-10	0.32738736	-0.031154167	-0.7544594	-3.7382214e-17	0	300
3.4180000000001303e-10	0.32736313	-0.031229772	-0.7545442	-3.7382406e-17	0	300
3.4190000000001306e-10	0.32733858	-0.03130568	-0.75462914	-3.7382615e-17	0	300
3.420000000000131e-10	0.32731372	-0.031381894	-0.7547143	-3.7382813e-17	0	300
3.421000000000131e-10	0.32728857	-0.03145842	-0.7547998	-3.738303e-17	0	300
3.4220000000001315e-10	0.327263	-0.031535245	-0.75488544	-3.7383237e-17	0	300
3.423000000000132e-10	0.32723716	-0.03161238	-0.75497144	-3.7383458e-17	0	300
3.424000000000132e-10	0.32721093	-0.031689823	-0.7550575	-3.7383663e-17	0	300
3.4250000000001324e-10	0.3271844	-0.031767566	-0.7551439	-3.738389e-17	0	300
3.4260000000001327e-10	0.32715753	-0.031845618	-0.7552305	-3.7384097e-17	0	300
3.427000000000133e-10	0.3271303	-0.031923976	-0.75531745	-3.7384315e-17	0	300
3.4280000000001333e-10	0.32710272	-0.032002635	-0.7554046	-3.7384534e-17	0	300
3.4290000000001336e-10	0.3270748	-0.0320816	-0.75549185	-3.7384765e-17	0	300
3.430000000000134e-10	0.3270465	-0.03216087	-0.7555795	-3.7384977e-17	0	300
3.431000000000134e-10	0.3270179	-0.032240443	-0.7556673	-3.7385202e-17	0	300
3.4320000000001346e-10	0.32698888	-0.03232032	-0.7557554	-3.7385447e-17	0	300
3.433000000000135e-10	0.32695958	-0.0324005	-0.75584376	-3.7385665e-17	0	300
3.434000000000135e-10	0.32692987	-0.03248098	-0.75593233	-3.7385897e-17	0	300
3.4350000000001355e-10	0.32689977	-0.032561768	-0.7560212	-3.7386122e-17	0	300
3.436000000000136e-10	0.32686937	-0.032642853	-0.75611025	-3.738635e-17	0	300
3.437000000000136e-10	0.32683855	-0.032724246	-0.7561996	-3.7386598e-17	0	300
3.4380000000001364e-10	0.32680735	-0.032805942	-0.7562892	-3.738683e-17	0	300
3.4390000000001367e-10	0.3267758	-0.032887932	-0.7563791	-3.7387075e-17	0	300
3.440000000000137e-10	0.32674384	-0.032970227	-0.75646913	-3.7387316e-17	0	300
3.4410000000001373e-10	0.32671154	-0.033052824	-0.7565596	-3.7387564e-17	0	300
3.4420000000001376e-10	0.3266788	-0.033135723	-0.7566502	-3.7387813e-17	0	300
3.443000000000138e-10	0.32664576	-0.03321892	-0.7567411	-3.738806e-17	0	300
3.444000000000138e-10	0.32661226	-0.033302423	-0.7568322	-3.738831e-17	0	300
3.4450000000001385e-10	0.3265784	-0.033386223	-0.7569236	-3.738855e-17	0	300
3.446000000000139e-10	0.32654417	-0.03347032	-0.7570152	-3.738881e-17	0	300
3.447000000000139e-10	0.32650954	-0.03355472	-0.75710714	-3.7389063e-17	0	300
3.4480000000001395e-10	0.32647446	-0.033639424	-0.75719947	-3.7389318e-17	0	300
3.44900000000014e-10	0.326439	-0.033724423	-0.7572919	-3.7389583e-17	0	300
3.45000000000014e-10	0.32640314	-0.03380972	-0.75738454	-3.738985e-17	0	300
3.4510000000001404e-10	0.32636687	-0.03389532	-0.7574775	-3.7390115e-17	0	300
3.4520000000001407e-10	0.3263302	-0.03398122	-0.7575708	-3.739038e-17	0	300
3.453000000000141e-10	0.32629314	-0.034067415	-0.7576643	-3.7390648e-17	0	300
3.4540000000001413e-10	0.32625565	-0.03415391	-0.75775814	-3.7390916e-17	0	300
3.4550000000001416e-10	0.3262177	-0.034240708	-0.75785226	-3.739118e-17	0	300
3.456000000000142e-10	0.32617936	-0.034327794	-0.75794655	-3.7391475e-17	0	300
3.457000000000142e-10	0.32614058	-0.034415185	-0.75804114	-3.7391743e-17	0	300
3.4580000000001425e-10	0.32610142	-0.03450287	-0.75813603	-3.7392025e-17	0	300
3.459000000000143e-10	0.3260618	-0.034590855	-0.7582312	-3.739232e-17	0	300
3.460000000000143e-10	0.32602176	-0.034679137	-0.7583267	-3.73926e-17	0	300
3.4610000000001435e-10	0.32598126	-0.034767717	-0.75842243	-3.739289e-17	0	300
3.462000000000144e-10	0.32594034	-0.0348566	-0.75851846	-3.7393176e-17	0	300
3.463000000000144e-10	0.32589895	-0.034945767	-0.7586147	-3.739348e-17	0	300
3.4640000000001444e-10	0.32585716	-0.035035238	-0.7587114	-3.7393775e-17	0	300
3.4650000000001447e-10	0.3258149	-0.03512501	-0.7588082	-3.7394056e-17	0	300
3.466000000000145e-10	0.3257722	-0.035215072	-0.7589054	-3.739437e-17	0	300
3.4670000000001453e-10	0.32572904	-0.035305437	-0.7590028	-3.739467e-17	0	300
3.4680000000001456e-10	0.32568544	-0.035396088	-0.7591005	-3.7394973e-17	0	300
3.469000000000146e-10	0.32564136	-0.035487045	-0.7591985	-3.7395294e-17	0	300
3.470000000000146e-10	0.32559684	-0.035578292	-0.75929683	-3.739561e-17	0	300
3.4710000000001465e-10	0.3255518	-0.03566984	-0.7593955	-3.739593e-17	0	300
3.472000000000147e-10	0.32550636	-0.035761677	-0.7594943	-3.739624e-17	0	300
3.473000000000147e-10	0.3254604	-0.03585381	-0.7595935	-3.739656e-17	0	300
3.4740000000001474e-10	0.325414	-0.035946243	-0.759693	-3.7396872e-17	0	300
3.475000000000148e-10	0.3253671	-0.03603897	-0.7597928	-3.7397206e-17	0	300
3.476000000000148e-10	0.3253197	-0.03613199	-0.7598929	-3.7397534e-17	0	300
3.4770000000001484e-10	0.32527187	-0.036225304	-0.75999326	-3.7397868e-17	0	300
3.4780000000001487e-10	0.3252235	-0.036318913	-0.760094	-3.739821e-17	0	300
3.479000000000149e-10	0.3251747	-0.036412816	-0.7601949	-3.7398543e-17	0	300
3.4800000000001493e-10	0.32512537	-0.036507014	-0.7602962	-3.739888e-17	0	300
3.4810000000001496e-10	0.3250755	-0.036601506	-0.7603978	-3.7399238e-17	0	300
3.48200000000015e-10	0.32502517	-0.036696292	-0.7604997	-3.7399582e-17	0	300
3.48300000000015e-10	0.32497433	-0.03679137	-0.76060194	-3.7399932e-17	0	300
3.4840000000001505e-10	0.32492298	-0.036886744	-0.7607044	-3.7400293e-17	0	300
3.485000000000151e-10	0.32487112	-0.036982406	-0.7608073	-3.7400654e-17	0	300
3.486000000000151e-10	0.3248188	-0.037078366	-0.7609104	-3.7401008e-17	0	300
3.4870000000001514e-10	0.32476586	-0.037174616	-0.7610139	-3.7401375e-17	0	300
3.4880000000001517e-10	0.32471243	-0.037271157	-0.7611176	-3.740174e-17	0	300
3.489000000000152e-10	0.32465845	-0.037367992	-0.7612217	-3.740211e-17	0	300
3.4900000000001524e-10	0.32460403	-0.037465118	-0.7613261	-3.7402493e-17	0	300
3.4910000000001527e-10	0.32454902	-0.037562534	-0.76143086	-3.740287e-17	0	300
3.492000000000153e-10	0.32449344	-0.03766024	-0.7615359	-3.7403254e-17	0	300
3.4930000000001533e-10	0.32443735	-0.037758246	-0.7616413	-3.7403635e-17	0	300
3.4940000000001536e-10	0.32438073	-0.037856538	-0.76174706	-3.740404e-17	0	300
3.495000000000154e-10	0.32432353	-0.037955113	-0.76185304	-3.7404426e-17	0	300
3.496000000000154e-10	0.32426578	-0.038053986	-0.7619594	-3.7404833e-17	0	300
3.4970000000001545e-10	0.32420745	-0.03815314	-0.76206595	-3.7405236e-17	0	300
3.498000000000155e-10	0.32414863	-0.038252592	-0.76217306	-3.7405633e-17	0	300
3.499000000000155e-10	0.32408914	-0.03835233	-0.76228034	-3.7406037e-17	0	300
3.5000000000001554e-10	0.32402912	-0.03845235	-0.76238805	-3.7406457e-17	0	300
3.5010000000001557e-10	0.32396856	-0.038552668	-0.762496	-3.740687e-17	0	300
3.502000000000156e-10	0.3239074	-0.038653266	-0.76260436	-3.74073e-17	0	300
3.5030000000001563e-10	0.32384568	-0.03875415	-0.762713	-3.740773e-17	0	300
3.5040000000001566e-10	0.32378334	-0.03885532	-0.7628221	-3.740815e-17	0	300
3.505000000000157e-10	0.32372043	-0.03895678	-0.7629314	-3.7408598e-17	0	300
3.506000000000157e-10	0.3236569	-0.03905852	-0.76304114	-3.7409028e-17	0	300
3.5070000000001576e-10	0.32359272	-0.039160546	-0.76315117	-3.7409488e-17	0	300
3.508000000000158e-10	0.32352805	-0.039262857	-0.7632616	-3.740992e-17	0	300
3.509000000000158e-10	0.3234627	-0.039365448	-0.7633723	-3.7410375e-17	0	300
3.5100000000001585e-10	0.3233967	-0.039468326	-0.7634834	-3.741083e-17	0	300
3.511000000000159e-10	0.32333013	-0.039571483	-0.7635948	-3.74113e-17	0	300
3.512000000000159e-10	0.32326293	-0.03967492	-0.7637067	-3.7411758e-17	0	300
3.5130000000001594e-10	0.32319507	-0.039778635	-0.76381874	-3.741224e-17	0	300
3.5140000000001597e-10	0.3231266	-0.039882626	-0.7639313	-3.741272e-17	0	300
3.51500000000016e-10	0.32305747	-0.03998691	-0.76404417	-3.741319e-17	0	300
3.5160000000001603e-10	0.32298774	-0.040091455	-0.7641574	-3.741369e-17	0	300
3.5170000000001606e-10	0.3229173	-0.040196285	-0.7642709	-3.741417e-17	0	300
3.518000000000161e-10	0.32284626	-0.04030139	-0.7643848	-3.7414676e-17	0	300
3.519000000000161e-10	0.32277453	-0.04040677	-0.7644992	-3.7415172e-17	0	300
3.5200000000001616e-10	0.32270214	-0.040512417	-0.7646138	-3.741567e-17	0	300
3.521000000000162e-10	0.32262906	-0.04061834	-0.7647289	-3.7416195e-17	0	300
3.522000000000162e-10	0.3225553	-0.04072453	-0.7648443	-3.741671e-17	0	300
3.5230000000001625e-10	0.32248086	-0.040830992	-0.76496005	-3.7417234e-17	0	300
3.524000000000163e-10	0.32240576	-0.04093773	-0.76507616	-3.7417763e-17	0	300
3.525000000000163e-10	0.32232994	-0.041044727	-0.7651927	-3.7418293e-17	0	300
3.5260000000001634e-10	0.3222534	-0.041151986	-0.7653096	-3.741884e-17	0	300
3.5270000000001637e-10	0.32217622	-0.041259512	-0.76542693	-3.7419375e-17	0	300
3.528000000000164e-10	0.3220983	-0.041367304	-0.76554453	-3.741993e-17	0	300
3.5290000000001643e-10	0.32201967	-0.041475356	-0.76566255	-3.7420483e-17	0	300
3.5300000000001646e-10	0.3219403	-0.04158366	-0.7657809	-3.7421045e-17	0	300
3.531000000000165e-10	0.3218602	-0.041692227	-0.7658998	-3.742162e-17	0	300
3.532000000000165e-10	0.32177937	-0.04180105	-0.766019	-3.7422197e-17	0	300
3.5330000000001655e-10	0.3216978	-0.041910123	-0.76613855	-3.742278e-17	0	300
3.534000000000166e-10	0.3216155	-0.042019453	-0.76625854	-3.742337e-17	0	300
3.535000000000166e-10	0.3215324	-0.042129032	-0.7663789	-3.742396e-17	0	300
3.5360000000001665e-10	0.3214486	-0.042238854	-0.7664996	-3.742456e-17	0	300
3.537000000000167e-10	0.32136393	-0.042348925	-0.76662076	-3.7425178e-17	0	300
3.538000000000167e-10	0.32127857	-0.042459235	-0.76674235	-3.7425793e-17	0	300
3.5390000000001674e-10	0.32119244	-0.042569794	-0.7668643	-3.7426402e-17	0	300
3.5400000000001677e-10	0.32110548	-0.042680584	-0.7669866	-3.7427038e-17	0	300
3.541000000000168e-10	0.32101777	-0.04279161	-0.76710933	-3.7427666e-17	0	300
3.5420000000001683e-10	0.32092923	-0.042902865	-0.7672326	-3.742831e-17	0	300
3.5430000000001686e-10	0.3208399	-0.043014355	-0.76735616	-3.7428963e-17	0	300
3.544000000000169e-10	0.32074976	-0.043126076	-0.7674801	-3.7429615e-17	0	300
3.545000000000169e-10	0.3206588	-0.04323802	-0.7676045	-3.743027e-17	0	300
3.5460000000001695e-10	0.32056698	-0.043350182	-0.7677293	-3.743095e-17	0	300
3.54700000000017e-10	0.3204744	-0.043462567	-0.76785445	-3.743163e-17	0	300
3.54800000000017e-10	0.32038093	-0.043575164	-0.76798016	-3.7432315e-17	0	300
3.5490000000001704e-10	0.3202866	-0.04368797	-0.7681062	-3.743301e-17	0	300
3.550000000000171e-10	0.3201914	-0.043800987	-0.7682327	-3.7433708e-17	0	300
3.551000000000171e-10	0.3200954	-0.043914214	-0.7683596	-3.7434413e-17	0	300
3.5520000000001714e-10	0.3199985	-0.044027634	-0.7684869	-3.7435137e-17	0	300
3.5530000000001717e-10	0.31990072	-0.044141255	-0.76861465	-3.743586e-17	0	300
3.554000000000172e-10	0.31980202	-0.04425507	-0.76874286	-3.74366e-17	0	300
3.5550000000001723e-10	0.31970248	-0.044369075	-0.76887137	-3.743734e-17	0	300
3.5560000000001726e-10	0.31960204	-0.04448326	-0.7690005	-3.743808e-17	0	300
3.557000000000173e-10	0.31950068	-0.04459763	-0.76913	-3.743883e-17	0	300
3.558000000000173e-10	0.3193984	-0.04471217	-0.76925987	-3.7439614e-17	0	300
3.5590000000001735e-10	0.31929523	-0.044826884	-0.76939017	-3.7440378e-17	0	300
3.560000000000174e-10	0.3191911	-0.044941768	-0.76952106	-3.7441162e-17	0	300
3.561000000000174e-10	0.31908602	-0.04505681	-0.7696523	-3.7441963e-17	0	300
3.5620000000001744e-10	0.31898004	-0.045172006	-0.769784	-3.7442754e-17	0	300
3.563000000000175e-10	0.31887308	-0.045287356	-0.7699161	-3.7443578e-17	0	300
3.564000000000175e-10	0.31876516	-0.04540285	-0.7700487	-3.7444402e-17	0	300
3.5650000000001754e-10	0.3186563	-0.045518495	-0.77018166	-3.7445226e-17	0	300
3.5660000000001757e-10	0.3185464	-0.045634262	-0.7703153	-3.7446063e-17	0	300
3.567000000000176e-10	0.31843555	-0.04575016	-0.77044916	-3.744692e-17	0	300
3.5680000000001763e-10	0.3183237	-0.04586618	-0.7705835	-3.7447773e-17	0	300
3.5690000000001766e-10	0.31821087	-0.045982316	-0.77071846	-3.7448637e-17	0	300
3.570000000000177e-10	0.31809703	-0.046098564	-0.7708537	-3.7449524e-17	0	300
3.571000000000177e-10	0.31798214	-0.046214916	-0.77098954	-3.745041e-17	0	300
3.5720000000001775e-10	0.31786627	-0.04633136	-0.7711258	-3.7451317e-17	0	300
3.573000000000178e-10	0.31774935	-0.046447895	-0.7712625	-3.7452224e-17	0	300
3.574000000000178e-10	0.31763136	-0.04656452	-0.77139974	-3.7453147e-17	0	300
3.5750000000001784e-10	0.31751233	-0.046681207	-0.7715373	-3.745407e-17	0	300
3.5760000000001787e-10	0.3173923	-0.04679797	-0.7716754	-3.7455013e-17	0	300
3.577000000000179e-10	0.3172711	-0.04691479	-0.7718141	-3.7455972e-17	0	300
3.5780000000001793e-10	0.31714892	-0.04703166	-0.77195317	-3.7456945e-17	0	300
3.5790000000001797e-10	0.3170256	-0.047148567	-0.7720927	-3.7457918e-17	0	300
3.58000000000018e-10	0.31690127	-0.047265522	-0.7722327	-3.7458897e-17	0	300
3.5810000000001803e-10	0.31677577	-0.047382493	-0.7723732	-3.74599e-17	0	300
3.5820000000001806e-10	0.31664917	-0.047499485	-0.7725142	-3.7460896e-17	0	300
3.583000000000181e-10	0.31652147	-0.047616486	-0.77265567	-3.7461925e-17	0	300
3.584000000000181e-10	0.31639263	-0.047733486	-0.7727977	-3.746296e-17	0	300
3.5850000000001815e-10	0.3162627	-0.047850467	-0.77294016	-3.7464012e-17	0	300
3.586000000000182e-10	0.3161316	-0.047967438	-0.77308315	-3.7465068e-17	0	300
3.587000000000182e-10	0.31599933	-0.04808438	-0.77322656	-3.7466127e-17	0	300
3.5880000000001824e-10	0.31586593	-0.048201267	-0.7733705	-3.7467225e-17	0	300
3.5890000000001827e-10	0.31573135	-0.048318114	-0.77351487	-3.7468304e-17	0	300
3.590000000000183e-10	0.31559563	-0.0484349	-0.7736598	-3.7469422e-17	0	300
3.5910000000001833e-10	0.31545877	-0.048551608	-0.7738052	-3.7470547e-17	0	300
3.5920000000001836e-10	0.31532064	-0.048668236	-0.7739511	-3.747168e-17	0	300
3.593000000000184e-10	0.31518134	-0.048784766	-0.7740976	-3.747282e-17	0	300
3.594000000000184e-10	0.31504083	-0.048901185	-0.77424455	-3.7473975e-17	0	300
3.5950000000001846e-10	0.31489915	-0.04901749	-0.7743919	-3.747515e-17	0	300
3.596000000000185e-10	0.31475624	-0.04913366	-0.7745399	-3.747634e-17	0	300
3.597000000000185e-10	0.3146121	-0.049249694	-0.7746883	-3.747755e-17	0	300
3.5980000000001855e-10	0.31446674	-0.04936556	-0.7748372	-3.7478753e-17	0	300
3.599000000000186e-10	0.31432015	-0.04948126	-0.77498674	-3.7479984e-17	0	300
3.600000000000186e-10	0.31417227	-0.049596783	-0.77513665	-3.7481224e-17	0	300
3.6010000000001864e-10	0.3140232	-0.049712107	-0.7752871	-3.7482482e-17	0	300
3.6020000000001867e-10	0.3138728	-0.049827214	-0.7754381	-3.7483746e-17	0	300
3.603000000000187e-10	0.31372118	-0.049942106	-0.77558964	-3.7485043e-17	0	300
3.6040000000001873e-10	0.31356826	-0.05005675	-0.77574164	-3.7486336e-17	0	300
3.6050000000001876e-10	0.3134141	-0.05017115	-0.77589417	-3.7487647e-17	0	300
3.606000000000188e-10	0.31325865	-0.050285272	-0.77604717	-3.7488987e-17	0	300
3.607000000000188e-10	0.3131019	-0.05039912	-0.7762008	-3.7490337e-17	0	300
3.6080000000001885e-10	0.31294385	-0.05051266	-0.77635485	-3.749169e-17	0	300
3.609000000000189e-10	0.3127845	-0.05062589	-0.7765094	-3.7493076e-17	0	300
3.610000000000189e-10	0.31262383	-0.05073879	-0.7766645	-3.7494463e-17	0	300
3.6110000000001895e-10	0.31246185	-0.050851338	-0.7768202	-3.7495862e-17	0	300
3.61200000000019e-10	0.31229857	-0.050963532	-0.77697635	-3.7497295e-17	0	300
3.61300000000019e-10	0.31213397	-0.05107534	-0.777133	-3.7498734e-17	0	300
3.6140000000001904e-10	0.311968	-0.05118675	-0.77729017	-3.7500177e-17	0	300
3.6150000000001907e-10	0.31180078	-0.051297747	-0.7774479	-3.7501653e-17	0	300
3.616000000000191e-10	0.31163216	-0.05140831	-0.7776062	-3.750314e-17	0	300
3.6170000000001913e-10	0.31146222	-0.05151843	-0.77776486	-3.7504644e-17	0	300
3.6180000000001916e-10	0.31129092	-0.051628076	-0.77792406	-3.7506176e-17	0	300
3.619000000000192e-10	0.3111183	-0.051737234	-0.7780839	-3.750771e-17	0	300
3.620000000000192e-10	0.31094426	-0.05184589	-0.77824426	-3.7509263e-17	0	300
3.6210000000001925e-10	0.31076893	-0.051954016	-0.7784051	-3.751083e-17	0	300
3.622000000000193e-10	0.31059226	-0.052061606	-0.7785665	-3.7512416e-17	0	300
3.623000000000193e-10	0.3104142	-0.052168638	-0.77872825	-3.7514024e-17	0	300
3.6240000000001935e-10	0.31023476	-0.052275077	-0.7788906	-3.7515645e-17	0	300
3.625000000000194e-10	0.310054	-0.05238092	-0.77905345	-3.7517296e-17	0	300
3.626000000000194e-10	0.30987185	-0.052486137	-0.77921695	-3.7518954e-17	0	300
3.6270000000001944e-10	0.30968836	-0.052590717	-0.7793808	-3.7520638e-17	0	300
3.6280000000001947e-10	0.3095035	-0.052694634	-0.77954525	-3.7522322e-17	0	300
3.629000000000195e-10	0.30931726	-0.05279786	-0.7797103	-3.7524023e-17	0	300
3.6300000000001953e-10	0.30912966	-0.052900393	-0.7798757	-3.7525763e-17	0	300
3.6310000000001956e-10	0.3089407	-0.05300219	-0.7800416	-3.7527513e-17	0	300
3.632000000000196e-10	0.30875036	-0.053103242	-0.7802081	-3.752928e-17	0	300
3.633000000000196e-10	0.3085587	-0.053203527	-0.7803751	-3.753107e-17	0	300
3.6340000000001965e-10	0.30836567	-0.053303026	-0.7805426	-3.7532874e-17	0	300
3.635000000000197e-10	0.30817127	-0.05340171	-0.7807106	-3.7534683e-17	0	300
3.636000000000197e-10	0.30797547	-0.053499557	-0.78087914	-3.753653e-17	0	300
3.6370000000001974e-10	0.3077784	-0.05359656	-0.78104806	-3.7538386e-17	0	300
3.638000000000198e-10	0.30757993	-0.05369267	-0.7812176	-3.7540262e-17	0	300
3.639000000000198e-10	0.30738014	-0.053787883	-0.78138757	-3.7542168e-17	0	300
3.6400000000001984e-10	0.30717894	-0.053882174	-0.781558	-3.754408e-17	0	300
3.6410000000001987e-10	0.3069765	-0.05397552	-0.78172904	-3.7546013e-17	0	300
3.642000000000199e-10	0.30677265	-0.0540679	-0.7819004	-3.754796e-17	0	300
3.6430000000001993e-10	0.30656752	-0.054159276	-0.7820724	-3.754994e-17	0	300
3.6440000000001996e-10	0.30636108	-0.054249648	-0.78224486	-3.7551932e-17	0	300
3.6450000000002e-10	0.30615333	-0.054338973	-0.78241765	-3.7553947e-17	0	300
3.6460000000002e-10	0.30594423	-0.054427244	-0.78259104	-3.7555982e-17	0	300
3.6470000000002005e-10	0.30573386	-0.05451443	-0.78276485	-3.7558033e-17	0	300
3.648000000000201e-10	0.30552214	-0.054600507	-0.7829392	-3.75601e-17	0	300
3.649000000000201e-10	0.30530924	-0.054685462	-0.78311396	-3.756218e-17	0	300
3.6500000000002014e-10	0.30509502	-0.054769248	-0.7832892	-3.7564293e-17	0	300
3.6510000000002017e-10	0.30487952	-0.054851867	-0.78346485	-3.7566417e-17	0	300
3.652000000000202e-10	0.30466276	-0.05493328	-0.783641	-3.7568568e-17	0	300
3.6530000000002023e-10	0.30444482	-0.055013474	-0.7838176	-3.7570735e-17	0	300
3.6540000000002027e-10	0.30422562	-0.055092424	-0.78399456	-3.757292e-17	0	300
3.655000000000203e-10	0.30400518	-0.055170093	-0.78417206	-3.7575126e-17	0	300
3.6560000000002033e-10	0.30378354	-0.055246476	-0.7843499	-3.757735e-17	0	300
3.6570000000002036e-10	0.30356067	-0.05532154	-0.7845282	-3.75796e-17	0	300
3.658000000000204e-10	0.30333668	-0.055395268	-0.78470695	-3.758186e-17	0	300
3.659000000000204e-10	0.3031115	-0.055467635	-0.7848861	-3.7584146e-17	0	300
3.6600000000002045e-10	0.30288517	-0.055538625	-0.7850657	-3.7586452e-17	0	300
3.661000000000205e-10	0.30265772	-0.0556082	-0.78524566	-3.758877e-17	0	300
3.662000000000205e-10	0.3024291	-0.05567635	-0.7854261	-3.7591124e-17	0	300
3.6630000000002054e-10	0.30219942	-0.055743046	-0.78560674	-3.759348e-17	0	300
3.6640000000002057e-10	0.30196863	-0.055808272	-0.78578806	-3.759586e-17	0	300
3.665000000000206e-10	0.3017368	-0.055872004	-0.7859695	-3.759827e-17	0	300
3.6660000000002063e-10	0.30150384	-0.055934213	-0.7861514	-3.76007e-17	0	300
3.6670000000002066e-10	0.30126992	-0.055994898	-0.78633374	-3.7603124e-17	0	300
3.668000000000207e-10	0.30103493	-0.056054022	-0.7865164	-3.7605596e-17	0	300
3.669000000000207e-10	0.30079898	-0.056111563	-0.7866994	-3.7608068e-17	0	300
3.6700000000002076e-10	0.30056205	-0.056167502	-0.78688276	-3.7610572e-17	0	300
3.671000000000208e-10	0.30032414	-0.056221828	-0.78706646	-3.761309e-17	0	300
3.672000000000208e-10	0.30008528	-0.05627451	-0.7872505	-3.761562e-17	0	300
3.6730000000002085e-10	0.29984552	-0.05632554	-0.7874349	-3.7618172e-17	0	300
3.674000000000209e-10	0.2996049	-0.056374893	-0.78761965	-3.7620753e-17	0	300
3.675000000000209e-10	0.29936337	-0.056422543	-0.78780466	-3.7623344e-17	0	300
3.6760000000002094e-10	0.299121	-0.056468483	-0.78799	-3.762596e-17	0	300
3.6770000000002097e-10	0.2988778	-0.05651269	-0.78817564	-3.7628585e-17	0	300
3.67800000000021e-10	0.2986338	-0.056555152	-0.78836155	-3.7631232e-17	0	300
3.6790000000002103e-10	0.29838902	-0.056595843	-0.7885478	-3.7633912e-17	0	300
3.6800000000002106e-10	0.29814348	-0.056634746	-0.78873426	-3.76366e-17	0	300
3.681000000000211e-10	0.29789722	-0.056671854	-0.78892106	-3.7639302e-17	0	300
3.682000000000211e-10	0.29765022	-0.056707144	-0.78910804	-3.7642015e-17	0	300
3.6830000000002116e-10	0.2974026	-0.056740604	-0.7892953	-3.764477e-17	0	300
3.684000000000212e-10	0.2971543	-0.05677222	-0.7894829	-3.764752e-17	0	300
3.685000000000212e-10	0.29690537	-0.05680197	-0.7896707	-3.76503e-17	0	300
3.6860000000002125e-10	0.2966559	-0.05682985	-0.7898587	-3.76531e-17	0	300
3.687000000000213e-10	0.2964058	-0.056855842	-0.79004693	-3.765591e-17	0	300
3.688000000000213e-10	0.29615518	-0.056879945	-0.79023534	-3.765874e-17	0	300
3.6890000000002134e-10	0.295904	-0.056902118	-0.790424	-3.7661573e-17	0	300
3.6900000000002137e-10	0.29565242	-0.05692238	-0.7906128	-3.7664455e-17	0	300
3.691000000000214e-10	0.29540032	-0.0569407	-0.7908018	-3.7667324e-17	0	300
3.6920000000002143e-10	0.2951478	-0.05695708	-0.79099107	-3.767022e-17	0	300
3.6930000000002146e-10	0.2948949	-0.0569715	-0.7911803	-3.7673134e-17	0	300
3.694000000000215e-10	0.2946416	-0.056983963	-0.79137	-3.7676065e-17	0	300
3.695000000000215e-10	0.29438803	-0.056994446	-0.7915597	-3.767901e-17	0	300
3.6960000000002155e-10	0.2941341	-0.05700295	-0.7917495	-3.7681968e-17	0	300
3.697000000000216e-10	0.29387993	-0.057009473	-0.7919395	-3.7684956e-17	0	300
3.698000000000216e-10	0.29362547	-0.057013996	-0.7921295	-3.7687947e-17	0	300
3.6990000000002165e-10	0.2933708	-0.057016518	-0.7923197	-3.7690964e-17	0	300
3.700000000000217e-10	0.29311597	-0.057017032	-0.7925101	-3.7693982e-17	0	300
3.701000000000217e-10	0.29286098	-0.05701554	-0.79270047	-3.769703e-17	0	300
3.7020000000002174e-10	0.29260588	-0.05701202	-0.79289097	-3.7700073e-17	0	300
3.7030000000002177e-10	0.29235068	-0.05700649	-0.7930816	-3.770315e-17	0	300
3.704000000000218e-10	0.29209542	-0.05699893	-0.7932722	-3.770624e-17	0	300
3.7050000000002183e-10	0.29184014	-0.056989353	-0.7934629	-3.7709344e-17	0	300
3.7060000000002186e-10	0.29158488	-0.056977753	-0.79365367	-3.7712445e-17	0	300
3.707000000000219e-10	0.29132962	-0.05696412	-0.79384446	-3.7715575e-17	0	300
3.708000000000219e-10	0.29107445	-0.056948468	-0.7940353	-3.7718728e-17	0	300
3.7090000000002195e-10	0.29081938	-0.05693078	-0.79422617	-3.7721868e-17	0	300
3.71000000000022e-10	0.29056445	-0.056911074	-0.794417	-3.772504e-17	0	300
3.71100000000022e-10	0.2903097	-0.05688934	-0.7946079	-3.772823e-17	0	300
3.7120000000002204e-10	0.29005513	-0.056865588	-0.79479885	-3.7731433e-17	0	300
3.713000000000221e-10	0.2898008	-0.056839813	-0.79498965	-3.7734636e-17	0	300
3.714000000000221e-10	0.28954673	-0.05681203	-0.7951805	-3.773786e-17	0	300
3.7150000000002214e-10	0.28929296	-0.056782234	-0.7953714	-3.7741088e-17	0	300
3.7160000000002217e-10	0.2890395	-0.056750435	-0.79556215	-3.7744337e-17	0	300
3.717000000000222e-10	0.2887864	-0.056716636	-0.7957528	-3.7747587e-17	0	300
3.7180000000002223e-10	0.28853372	-0.05668085	-0.79594356	-3.7750872e-17	0	300
3.7190000000002226e-10	0.28828144	-0.056643076	-0.7961342	-3.7754144e-17	0	300
3.720000000000223e-10	0.28802964	-0.056603327	-0.79632473	-3.7757447e-17	0	300
3.721000000000223e-10	0.28777826	-0.056561604	-0.79651517	-3.7760752e-17	0	300
3.7220000000002235e-10	0.28752747	-0.05651793	-0.7967055	-3.7764077e-17	0	300
3.723000000000224e-10	0.2872772	-0.0564723	-0.79689574	-3.7767396e-17	0	300
3.724000000000224e-10	0.28702748	-0.05642473	-0.797086	-3.7770734e-17	0	300
3.7250000000002244e-10	0.2867784	-0.05637524	-0.797276	-3.7774083e-17	0	300
3.7260000000002247e-10	0.28652993	-0.056323823	-0.7974659	-3.777744e-17	0	300
3.727000000000225e-10	0.28628215	-0.056270514	-0.7976558	-3.778081e-17	0	300
3.7280000000002254e-10	0.28603506	-0.056215305	-0.79784536	-3.7784198e-17	0	300
3.7290000000002257e-10	0.28578869	-0.056158226	-0.7980349	-3.7787586e-17	0	300
3.730000000000226e-10	0.28554308	-0.05609927	-0.7982242	-3.779098e-17	0	300
3.7310000000002263e-10	0.2852983	-0.056038473	-0.79841334	-3.7794395e-17	0	300
3.7320000000002266e-10	0.28505427	-0.05597584	-0.79860246	-3.7797806e-17	0	300
3.733000000000227e-10	0.2848111	-0.055911392	-0.7987912	-3.7801234e-17	0	300
3.734000000000227e-10	0.28456882	-0.055845138	-0.7989799	-3.7804672e-17	0	300
3.7350000000002275e-10	0.28432742	-0.055777095	-0.7991682	-3.7808106e-17	0	300
3.736000000000228e-10	0.28408694	-0.055707283	-0.7993566	-3.781157e-17	0	300
3.737000000000228e-10	0.28384742	-0.055635728	-0.7995445	-3.7815015e-17	0	300
3.7380000000002284e-10	0.28360888	-0.055562437	-0.7997324	-3.7818492e-17	0	300
3.7390000000002287e-10	0.28337133	-0.055487435	-0.7999199	-3.782197e-17	0	300
3.740000000000229e-10	0.28313485	-0.055410735	-0.8001073	-3.782546e-17	0	300
3.7410000000002293e-10	0.28289938	-0.055332366	-0.8002944	-3.7828948e-17	0	300
3.7420000000002296e-10	0.282665	-0.05525234	-0.8004813	-3.7832445e-17	0	300
3.74300000000023e-10	0.28243172	-0.05517068	-0.80066794	-3.783595e-17	0	300
3.7440000000002303e-10	0.2821996	-0.055087414	-0.80085427	-3.7839457e-17	0	300
3.7450000000002306e-10	0.28196856	-0.05500255	-0.8010404	-3.7842977e-17	0	300
3.746000000000231e-10	0.28173876	-0.054916125	-0.8012262	-3.7846504e-17	0	300
3.747000000000231e-10	0.2815101	-0.054828145	-0.80141175	-3.785003e-17	0	300
3.7480000000002315e-10	0.28128272	-0.05473865	-0.80159706	-3.785357e-17	0	300
3.749000000000232e-10	0.28105655	-0.05464765	-0.801782	-3.785712e-17	0	300
3.750000000000232e-10	0.28083166	-0.05455518	-0.8019667	-3.786067e-17	0	300
3.7510000000002324e-10	0.28060803	-0.054461256	-0.80215114	-3.7864226e-17	0	300
3.7520000000002327e-10	0.2803857	-0.054365896	-0.80233526	-3.7867786e-17	0	300
3.753000000000233e-10	0.28016472	-0.054269135	-0.8025191	-3.787135e-17	0	300
3.7540000000002333e-10	0.27994505	-0.054171003	-0.80270237	-3.7874923e-17	0	300
3.7550000000002336e-10	0.27972674	-0.054071512	-0.8028856	-3.7878496e-17	0	300
3.756000000000234e-10	0.27950984	-0.053970695	-0.8030684	-3.7882076e-17	0	300
3.757000000000234e-10	0.2792943	-0.05386857	-0.8032509	-3.7885663e-17	0	300
3.7580000000002346e-10	0.2790802	-0.053765167	-0.80343306	-3.7889243e-17	0	300
3.759000000000235e-10	0.27886748	-0.05366052	-0.80361485	-3.789284e-17	0	300
3.760000000000235e-10	0.27865624	-0.053554647	-0.8037963	-3.7896436e-17	0	300
3.7610000000002355e-10	0.27844647	-0.053447574	-0.80397743	-3.790004e-17	0	300
3.762000000000236e-10	0.27823815	-0.05333934	-0.80415815	-3.790365e-17	0	300
3.763000000000236e-10	0.27803135	-0.05322995	-0.8043386	-3.790726e-17	0	300
3.7640000000002364e-10	0.277826	-0.05311945	-0.80451864	-3.791088e-17	0	300
3.7650000000002367e-10	0.27762222	-0.053007863	-0.8046983	-3.79145e-17	0	300
3.766000000000237e-10	0.27741992	-0.05289521	-0.8048776	-3.7918105e-17	0	300
3.7670000000002373e-10	0.2772192	-0.052781537	-0.8050566	-3.792174e-17	0	300
3.7680000000002376e-10	0.27702004	-0.05266685	-0.8052351	-3.7925354e-17	0	300
3.769000000000238e-10	0.27682245	-0.05255118	-0.8054133	-3.7928997e-17	0	300
3.770000000000238e-10	0.27662638	-0.052434575	-0.8055911	-3.793262e-17	0	300
3.7710000000002385e-10	0.27643192	-0.052317046	-0.8057685	-3.7936263e-17	0	300
3.772000000000239e-10	0.27623904	-0.052198622	-0.8059455	-3.79399e-17	0	300
3.773000000000239e-10	0.27604777	-0.05207933	-0.8061221	-3.7943536e-17	0	300
3.7740000000002395e-10	0.27585816	-0.051959217	-0.8062984	-3.7947182e-17	0	300
3.77500000000024e-10	0.2756701	-0.051838286	-0.8064742	-3.7950808e-17	0	300
3.77600000000024e-10	0.27548373	-0.051716585	-0.8066497	-3.795446e-17	0	300
3.7770000000002404e-10	0.27529895	-0.05159413	-0.80682474	-3.7958114e-17	0	300
3.7780000000002407e-10	0.27511582	-0.051470958	-0.8069993	-3.7961767e-17	0	300
3.779000000000241e-10	0.27493435	-0.05134709	-0.8071736	-3.796542e-17	0	300
3.7800000000002413e-10	0.27475452	-0.051222563	-0.8073475	-3.7969062e-17	0	300
3.7810000000002416e-10	0.27457637	-0.051097404	-0.8075208	-3.797272e-17	0	300
3.782000000000242e-10	0.27439985	-0.050971642	-0.8076938	-3.7976368e-17	0	300
3.783000000000242e-10	0.274225	-0.050845295	-0.80786645	-3.7980028e-17	0	300
3.7840000000002425e-10	0.27405185	-0.050718408	-0.8080386	-3.7983684e-17	0	300
3.785000000000243e-10	0.2738803	-0.050590996	-0.8082104	-3.7987346e-17	0	300
3.786000000000243e-10	0.2737105	-0.050463103	-0.8083817	-3.7991013e-17	0	300
3.7870000000002435e-10	0.27354234	-0.050334737	-0.8085527	-3.7994675e-17	0	300
3.788000000000244e-10	0.27337584	-0.050205946	-0.8087231	-3.799833e-17	0	300
3.789000000000244e-10	0.27321106	-0.050076745	-0.8088932	-3.8001988e-17	0	300
3.7900000000002444e-10	0.27304792	-0.049947172	-0.80906284	-3.8005654e-17	0	300
3.7910000000002447e-10	0.27288648	-0.049817245	-0.8092322	-3.800932e-17	0	300
3.792000000000245e-10	0.2727267	-0.049686998	-0.8094009	-3.8012992e-17	0	300
3.7930000000002453e-10	0.27256864	-0.04955646	-0.80956936	-3.801666e-17	0	300
3.7940000000002456e-10	0.2724122	-0.04942566	-0.8097373	-3.8020308e-17	0	300
3.795000000000246e-10	0.27225745	-0.04929462	-0.8099048	-3.802397e-17	0	300
3.796000000000246e-10	0.27210438	-0.04916337	-0.81007195	-3.8027643e-17	0	300
3.7970000000002465e-10	0.271953	-0.049031936	-0.8102386	-3.8031316e-17	0	300
3.798000000000247e-10	0.27180323	-0.048900355	-0.8104049	-3.803496e-17	0	300
3.799000000000247e-10	0.27165514	-0.04876864	-0.8105708	-3.8038635e-17	0	300
3.8000000000002474e-10	0.2715087	-0.04863683	-0.8107362	-3.8042288e-17	0	300
3.801000000000248e-10	0.27136394	-0.048504937	-0.81090117	-3.804596e-17	0	300
3.802000000000248e-10	0.2712208	-0.04837301	-0.8110657	-3.8049617e-17	0	300
3.8030000000002484e-10	0.2710793	-0.048241057	-0.81122994	-3.8053283e-17	0	300
3.8040000000002487e-10	0.27093947	-0.048109103	-0.8113936	-3.8056942e-17	0	300
3.805000000000249e-10	0.27080122	-0.047977194	-0.8115569	-3.8060605e-17	0	300
3.8060000000002493e-10	0.27066463	-0.047845334	-0.8117198	-3.8064264e-17	0	300
3.8070000000002496e-10	0.27052963	-0.047713563	-0.81188226	-3.8067917e-17	0	300
3.80800000000025e-10	0.27039626	-0.047581896	-0.81204426	-3.807158e-17	0	300
3.80900000000025e-10	0.27026448	-0.047450367	-0.81220585	-3.8075243e-17	0	300
3.8100000000002505e-10	0.27013427	-0.047318995	-0.81236714	-3.807889e-17	0	300
3.811000000000251e-10	0.2700057	-0.047187813	-0.8125279	-3.8082545e-17	0	300
3.812000000000251e-10	0.2698787	-0.047056835	-0.81268823	-3.8086208e-17	0	300
3.8130000000002514e-10	0.26975322	-0.046926096	-0.8128482	-3.808987e-17	0	300
3.8140000000002517e-10	0.2696293	-0.046795607	-0.8130077	-3.8093513e-17	0	300
3.815000000000252e-10	0.26950693	-0.046665404	-0.81316686	-3.809715e-17	0	300
3.8160000000002523e-10	0.2693861	-0.046535503	-0.8133256	-3.8100816e-17	0	300
3.8170000000002527e-10	0.2692668	-0.046405934	-0.81348383	-3.8104465e-17	0	300
3.818000000000253e-10	0.26914904	-0.04627672	-0.8136417	-3.8108095e-17	0	300
3.8190000000002533e-10	0.26903272	-0.046147868	-0.8137992	-3.8111754e-17	0	300
3.8200000000002536e-10	0.26891798	-0.046019427	-0.8139563	-3.8115394e-17	0	300
3.821000000000254e-10	0.26880464	-0.045891397	-0.814113	-3.811903e-17	0	300
3.822000000000254e-10	0.26869282	-0.045763806	-0.81426924	-3.812268e-17	0	300
3.8230000000002545e-10	0.2685824	-0.045636684	-0.8144252	-3.8126313e-17	0	300
3.824000000000255e-10	0.26847348	-0.045510046	-0.8145807	-3.812995e-17	0	300
3.825000000000255e-10	0.26836595	-0.045383915	-0.81473565	-3.813359e-17	0	300
3.8260000000002554e-10	0.26825982	-0.045258306	-0.81489044	-3.8137212e-17	0	300
3.8270000000002557e-10	0.26815513	-0.045133248	-0.81504476	-3.814086e-17	0	300
3.828000000000256e-10	0.26805183	-0.04500875	-0.8151986	-3.814448e-17	0	300
3.8290000000002563e-10	0.26794988	-0.044884842	-0.81535214	-3.8148107e-17	0	300
3.8300000000002566e-10	0.26784933	-0.04476154	-0.81550527	-3.8151744e-17	0	300
3.831000000000257e-10	0.26775005	-0.044638865	-0.81565803	-3.815536e-17	0	300
3.832000000000257e-10	0.26765215	-0.044516835	-0.81581044	-3.8158986e-17	0	300
3.8330000000002576e-10	0.2675556	-0.04439547	-0.81596243	-3.81626e-17	0	300
3.834000000000258e-10	0.2674603	-0.04427478	-0.81611407	-3.816623e-17	0	300
3.835000000000258e-10	0.2673663	-0.044154797	-0.8162654	-3.8169842e-17	0	300
3.8360000000002585e-10	0.26727358	-0.04403553	-0.8164162	-3.8173462e-17	0	300
3.837000000000259e-10	0.2671821	-0.043917	-0.81656677	-3.817707e-17	0	300
3.838000000000259e-10	0.26709187	-0.043799214	-0.81671697	-3.8180675e-17	0	300
3.8390000000002594e-10	0.26700285	-0.043682206	-0.81686664	-3.8184282e-17	0	300
3.8400000000002597e-10	0.26691505	-0.043565985	-0.8170161	-3.818788e-17	0	300
3.84100000000026e-10	0.26682842	-0.04345056	-0.81716526	-3.8191478e-17	0	300
3.8420000000002603e-10	0.26674297	-0.04333596	-0.817314	-3.819508e-17	0	300
3.8430000000002606e-10	0.2666587	-0.04322219	-0.81746244	-3.8198685e-17	0	300
3.844000000000261e-10	0.26657555	-0.04310927	-0.81761044	-3.8202278e-17	0	300
3.845000000000261e-10	0.26649353	-0.04299722	-0.8177582	-3.820587e-17	0	300
3.8460000000002615e-10	0.26641262	-0.04288605	-0.8179055	-3.820947e-17	0	300
3.847000000000262e-10	0.26633278	-0.042775765	-0.8180526	-3.8213068e-17	0	300
3.848000000000262e-10	0.26625404	-0.042666394	-0.8181993	-3.821664e-17	0	300
3.8490000000002625e-10	0.2661763	-0.042557947	-0.81834567	-3.822022e-17	0	300
3.850000000000263e-10	0.26609966	-0.042450424	-0.81849176	-3.8223804e-17	0	300
3.851000000000263e-10	0.266024	-0.042343866	-0.81863743	-3.8227394e-17	0	300
3.8520000000002634e-10	0.26594934	-0.042238265	-0.8187828	-3.8230968e-17	0	300
3.8530000000002637e-10	0.2658757	-0.04213364	-0.8189279	-3.8234538e-17	0	300
3.854000000000264e-10	0.26580298	-0.042030007	-0.81907266	-3.8238108e-17	0	300
3.8550000000002643e-10	0.26573122	-0.041927364	-0.8192172	-3.8241665e-17	0	300
3.8560000000002646e-10	0.2656604	-0.04182574	-0.81936127	-3.8245228e-17	0	300
3.857000000000265e-10	0.2655905	-0.041725136	-0.8195051	-3.8248802e-17	0	300
3.858000000000265e-10	0.26552147	-0.04162557	-0.8196487	-3.825236e-17	0	300
3.8590000000002655e-10	0.2654533	-0.041527048	-0.8197919	-3.825592e-17	0	300
3.860000000000266e-10	0.265386	-0.04142958	-0.81993484	-3.8259486e-17	0	300
3.861000000000266e-10	0.26531953	-0.041333184	-0.82007754	-3.8263026e-17	0	300
3.8620000000002665e-10	0.26525387	-0.041237857	-0.82022	-3.826658e-17	0	300
3.863000000000267e-10	0.26518902	-0.041143615	-0.8203621	-3.8270123e-17	0	300
3.864000000000267e-10	0.26512495	-0.04105047	-0.82050395	-3.8273657e-17	0	300
3.8650000000002674e-10	0.26506162	-0.040958434	-0.8206455	-3.8277204e-17	0	300
3.8660000000002677e-10	0.264999	-0.040867504	-0.8207867	-3.828075e-17	0	300
3.867000000000268e-10	0.26493713	-0.04077769	-0.8209278	-3.828428e-17	0	300
3.8680000000002683e-10	0.26487595	-0.04068901	-0.8210685	-3.8287818e-17	0	300
3.8690000000002686e-10	0.26481548	-0.040601462	-0.82120913	-3.8291342e-17	0	300
3.870000000000269e-10	0.2647556	-0.040515058	-0.8213493	-3.8294886e-17	0	300
3.871000000000269e-10	0.26469645	-0.040429797	-0.82148933	-3.8298403e-17	0	300
3.8720000000002695e-10	0.26463783	-0.04034569	-0.82162917	-3.8301937e-17	0	300
3.87300000000027e-10	0.26457986	-0.04026275	-0.82176864	-3.8305454e-17	0	300
3.87400000000027e-10	0.2645225	-0.040180974	-0.82190794	-3.8308974e-17	0	300
3.8750000000002704e-10	0.26446563	-0.04010037	-0.822047	-3.831248e-17	0	300
3.876000000000271e-10	0.26440936	-0.040020943	-0.82218575	-3.8315992e-17	0	300
3.877000000000271e-10	0.26435357	-0.039942697	-0.8223244	-3.8319503e-17	0	300
3.8780000000002714e-10	0.26429832	-0.039865635	-0.8224627	-3.8323006e-17	0	300
3.8790000000002717e-10	0.26424354	-0.039789762	-0.82260084	-3.8326524e-17	0	300
3.880000000000272e-10	0.2641892	-0.039715085	-0.82273877	-3.8330024e-17	0	300
3.8810000000002723e-10	0.26413536	-0.039641608	-0.8228765	-3.8333528e-17	0	300
3.8820000000002726e-10	0.26408193	-0.039569326	-0.823014	-3.833703e-17	0	300
3.883000000000273e-10	0.2640289	-0.039498255	-0.8231513	-3.834051e-17	0	300
3.884000000000273e-10	0.26397628	-0.039428383	-0.82328844	-3.8344004e-17	0	300
3.8850000000002735e-10	0.263924	-0.039359722	-0.8234254	-3.8347498e-17	0	300
3.886000000000274e-10	0.2638721	-0.039292276	-0.82356215	-3.8350985e-17	0	300
3.887000000000274e-10	0.26382047	-0.039226044	-0.82369864	-3.835447e-17	0	300
3.8880000000002744e-10	0.2637692	-0.039161023	-0.8238351	-3.8357956e-17	0	300
3.8890000000002747e-10	0.26371828	-0.039097223	-0.82397115	-3.8361437e-17	0	300
3.890000000000275e-10	0.26366755	-0.039034642	-0.82410717	-3.8364908e-17	0	300
3.8910000000002754e-10	0.26361716	-0.038973283	-0.824243	-3.8368386e-17	0	300
3.8920000000002757e-10	0.26356697	-0.038913142	-0.82437867	-3.837186e-17	0	300
3.893000000000276e-10	0.263517	-0.038854226	-0.8245142	-3.837532e-17	0	300
3.8940000000002763e-10	0.26346725	-0.038796525	-0.8246495	-3.8378788e-17	0	300
3.8950000000002766e-10	0.2634177	-0.038740057	-0.82478476	-3.8382243e-17	0	300
3.896000000000277e-10	0.26336828	-0.038684808	-0.82491976	-3.83857e-17	0	300
3.897000000000277e-10	0.26331905	-0.038630784	-0.8250546	-3.8389164e-17	0	300
3.8980000000002775e-10	0.26326993	-0.03857798	-0.8251894	-3.8392612e-17	0	300
3.899000000000278e-10	0.2632209	-0.038526393	-0.8253239	-3.8396066e-17	0	300
3.900000000000278e-10	0.26317203	-0.038476042	-0.8254584	-3.8399527e-17	0	300
3.9010000000002784e-10	0.2631232	-0.038426895	-0.82559276	-3.8402972e-17	0	300
3.9020000000002787e-10	0.26307446	-0.038378973	-0.82572705	-3.8406416e-17	0	300
3.903000000000279e-10	0.26302576	-0.03833227	-0.82586104	-3.840985e-17	0	300
3.9040000000002793e-10	0.26297706	-0.038286775	-0.82599497	-3.84133e-17	0	300
3.9050000000002796e-10	0.26292837	-0.0382425	-0.8261288	-3.8416736e-17	0	300
3.90600000000028e-10	0.26287967	-0.038199432	-0.8262625	-3.8420177e-17	0	300
3.9070000000002803e-10	0.26283094	-0.038157567	-0.82639617	-3.84236e-17	0	300
3.9080000000002806e-10	0.26278222	-0.038116913	-0.8265296	-3.842704e-17	0	300
3.909000000000281e-10	0.26273334	-0.03807746	-0.826663	-3.8430467e-17	0	300
3.910000000000281e-10	0.26268443	-0.0380392	-0.8267964	-3.8433885e-17	0	300
3.9110000000002815e-10	0.2626354	-0.03800213	-0.8269296	-3.8437306e-17	0	300
3.912000000000282e-10	0.26258627	-0.03796625	-0.8270627	-3.8440734e-17	0	300
3.913000000000282e-10	0.26253703	-0.037931554	-0.8271958	-3.844417e-17	0	300
3.9140000000002824e-10	0.2624876	-0.037898045	-0.8273288	-3.8447567e-17	0	300
3.9150000000002827e-10	0.262438	-0.037865702	-0.82746166	-3.8450994e-17	0	300
3.916000000000283e-10	0.26238826	-0.03783453	-0.8275946	-3.8454402e-17	0	300
3.9170000000002833e-10	0.26233825	-0.037804518	-0.8277273	-3.8457814e-17	0	300
3.9180000000002836e-10	0.26228806	-0.037775666	-0.82786006	-3.8461225e-17	0	300
3.919000000000284e-10	0.26223764	-0.037747964	-0.8279926	-3.8464643e-17	0	300
3.920000000000284e-10	0.26218697	-0.037721407	-0.82812524	-3.846804e-17	0	300
3.9210000000002846e-10	0.262136	-0.03769599	-0.8282578	-3.8471446e-17	0	300
3.922000000000285e-10	0.26208478	-0.0376717	-0.82839024	-3.847485e-17	0	300
3.923000000000285e-10	0.26203325	-0.037648536	-0.8285227	-3.847826e-17	0	300
3.9240000000002855e-10	0.26198137	-0.03762649	-0.8286551	-3.8481663e-17	0	300
3.925000000000286e-10	0.2619292	-0.037605554	-0.8287875	-3.8485064e-17	0	300
3.926000000000286e-10	0.26187667	-0.03758572	-0.8289198	-3.848845e-17	0	300
3.9270000000002864e-10	0.2618238	-0.037566982	-0.82905215	-3.849184e-17	0	300
3.9280000000002867e-10	0.26177052	-0.037549328	-0.8291844	-3.8495235e-17	0	300
3.929000000000287e-10	0.26171687	-0.037532758	-0.8293166	-3.8498647e-17	0	300
3.9300000000002873e-10	0.26166284	-0.037517257	-0.8294489	-3.850202e-17	0	300
3.9310000000002876e-10	0.26160833	-0.037502814	-0.82958114	-3.8505406e-17	0	300
3.932000000000288e-10	0.2615534	-0.037489433	-0.82971334	-3.8508788e-17	0	300
3.933000000000288e-10	0.2614981	-0.0374771	-0.8298455	-3.8512166e-17	0	300
3.9340000000002885e-10	0.26144224	-0.037465796	-0.82997775	-3.8515567e-17	0	300
3.935000000000289e-10	0.26138598	-0.03745552	-0.8301099	-3.8518952e-17	0	300
3.936000000000289e-10	0.26132917	-0.037446275	-0.8302421	-3.8522337e-17	0	300
3.9370000000002895e-10	0.2612719	-0.037438035	-0.8303743	-3.8525722e-17	0	300
3.93800000000029e-10	0.26121408	-0.037430793	-0.8305066	-3.852909e-17	0	300
3.93900000000029e-10	0.26115572	-0.037424546	-0.8306387	-3.8532465e-17	0	300
3.9400000000002904e-10	0.26109686	-0.03741928	-0.830771	-3.853584e-17	0	300
3.9410000000002907e-10	0.26103744	-0.03741499	-0.83090323	-3.8539218e-17	0	300
3.942000000000291e-10	0.26097745	-0.03741166	-0.83103555	-3.854259e-17	0	300
3.9430000000002913e-10	0.26091686	-0.037409287	-0.83116794	-3.854597e-17	0	300
3.9440000000002916e-10	0.2608557	-0.037407853	-0.8313002	-3.854933e-17	0	300
3.945000000000292e-10	0.26079395	-0.03740736	-0.8314326	-3.8552705e-17	0	300
3.946000000000292e-10	0.26073155	-0.037407782	-0.83156496	-3.8556083e-17	0	300
3.9470000000002925e-10	0.26066852	-0.037409123	-0.8316974	-3.8559444e-17	0	300
3.948000000000293e-10	0.26060486	-0.037411362	-0.83182985	-3.8562816e-17	0	300
3.949000000000293e-10	0.26054054	-0.03741449	-0.83196235	-3.8566178e-17	0	300
3.9500000000002935e-10	0.26047558	-0.0374185	-0.832095	-3.8569546e-17	0	300
3.951000000000294e-10	0.2604099	-0.03742338	-0.8322276	-3.8572908e-17	0	300
3.952000000000294e-10	0.26034355	-0.037429117	-0.83236027	-3.857627e-17	0	300
3.9530000000002944e-10	0.2602765	-0.0374357	-0.832493	-3.8579638e-17	0	300
3.9540000000002947e-10	0.26020876	-0.037443116	-0.83262587	-3.8582996e-17	0	300
3.955000000000295e-10	0.26014027	-0.037451353	-0.8327587	-3.858637e-17	0	300
3.9560000000002953e-10	0.26007104	-0.037460405	-0.8328916	-3.858973e-17	0	300
3.9570000000002956e-10	0.2600011	-0.03747025	-0.83302456	-3.859309e-17	0	300
3.958000000000296e-10	0.25993037	-0.03748089	-0.8331576	-3.859645e-17	0	300
3.959000000000296e-10	0.2598589	-0.037492305	-0.8332908	-3.8599817e-17	0	300
3.9600000000002965e-10	0.25978667	-0.03750448	-0.8334241	-3.860318e-17	0	300
3.961000000000297e-10	0.25971362	-0.0375174	-0.83355737	-3.860654e-17	0	300
3.962000000000297e-10	0.2596398	-0.037531063	-0.8336907	-3.86099e-17	0	300
3.9630000000002974e-10	0.2595652	-0.03754545	-0.8338242	-3.861326e-17	0	300
3.964000000000298e-10	0.25948974	-0.037560552	-0.8339578	-3.861663e-17	0	300
3.965000000000298e-10	0.25941348	-0.037576348	-0.8340914	-3.861999e-17	0	300
3.9660000000002984e-10	0.25933635	-0.03759284	-0.8342252	-3.862336e-17	0	300
3.9670000000002987e-10	0.25925842	-0.037609994	-0.834359	-3.8626724e-17	0	300
3.968000000000299e-10	0.25917962	-0.03762782	-0.834493	-3.8630082e-17	0	300
3.9690000000002993e-10	0.2591	-0.037646286	-0.83462703	-3.8633447e-17	0	300
3.9700000000002996e-10	0.25901943	-0.03766539	-0.8347612	-3.8636806e-17	0	300
3.9710000000003e-10	0.25893807	-0.037685115	-0.83489543	-3.864018e-17	0	300
3.9720000000003e-10	0.25885576	-0.037705448	-0.83502984	-3.8643546e-17	0	300
3.9730000000003005e-10	0.25877258	-0.037726372	-0.8351643	-3.8646917e-17	0	300
3.974000000000301e-10	0.25868848	-0.03774788	-0.83529896	-3.8650272e-17	0	300
3.975000000000301e-10	0.25860348	-0.03776995	-0.83543366	-3.8653644e-17	0	300
3.9760000000003014e-10	0.25851756	-0.03779258	-0.8355685	-3.865701e-17	0	300
3.9770000000003017e-10	0.25843072	-0.037815742	-0.8357035	-3.866038e-17	0	300
3.978000000000302e-10	0.25834292	-0.03783943	-0.83583856	-3.866376e-17	0	300
3.9790000000003023e-10	0.2582542	-0.03786363	-0.8359738	-3.866712e-17	0	300
3.9800000000003027e-10	0.25816453	-0.037888322	-0.83610916	-3.8670502e-17	0	300
3.981000000000303e-10	0.25807387	-0.0379135	-0.83624464	-3.8673877e-17	0	300
3.9820000000003033e-10	0.25798225	-0.037939146	-0.8363802	-3.867724e-17	0	300
3.9830000000003036e-10	0.2578897	-0.037965238	-0.8365159	-3.8680626e-17	0	300
3.984000000000304e-10	0.2577961	-0.037991773	-0.83665186	-3.8684e-17	0	300
3.985000000000304e-10	0.25770158	-0.038018726	-0.8367879	-3.868739e-17	0	300
3.9860000000003045e-10	0.25760606	-0.038046088	-0.8369241	-3.869075e-17	0	300
3.987000000000305e-10	0.25750953	-0.038073845	-0.83706033	-3.8694143e-17	0	300
3.988000000000305e-10	0.25741196	-0.038101975	-0.8371968	-3.869754e-17	0	300
3.9890000000003054e-10	0.25731343	-0.03813047	-0.83733344	-3.870092e-17	0	300
3.9900000000003057e-10	0.25721383	-0.038159303	-0.83747023	-3.8704314e-17	0	300
3.991000000000306e-10	0.25711328	-0.038188472	-0.8376071	-3.870771e-17	0	300
3.9920000000003063e-10	0.25701162	-0.038217954	-0.83774424	-3.8711103e-17	0	300
3.9930000000003066e-10	0.25690895	-0.03824774	-0.83788145	-3.8714495e-17	0	300
3.994000000000307e-10	0.25680527	-0.038277805	-0.83801883	-3.87179e-17	0	300
3.995000000000307e-10	0.25670055	-0.038308144	-0.83815634	-3.8721297e-17	0	300
3.9960000000003076e-10	0.25659478	-0.03833873	-0.8382939	-3.87247e-17	0	300
3.997000000000308e-10	0.25648794	-0.03836955	-0.8384319	-3.8728103e-17	0	300
3.998000000000308e-10	0.25638005	-0.038400598	-0.8385699	-3.8731505e-17	0	300
3.9990000000003085e-10	0.25627112	-0.038431853	-0.8387081	-3.873492e-17	0	300
4.000000000000309e-10	0.25616112	-0.03846329	-0.83884645	-3.8738334e-17	0	300
4.001000000000309e-10	0.25605005	-0.038494904	-0.83898485	-3.874175e-17	0	300
4.0020000000003094e-10	0.25593793	-0.038526673	-0.8391235	-3.874517e-17	0	300
4.0030000000003097e-10	0.2558247	-0.03855859	-0.8392624	-3.874859e-17	0	300
4.00400000000031e-10	0.25571042	-0.038590636	-0.8394015	-3.875203e-17	0	300
4.0050000000003103e-10	0.2555951	-0.03862279	-0.83954066	-3.875546e-17	0	300
4.0060000000003106e-10	0.25547865	-0.038655043	-0.83967996	-3.8758878e-17	0	300
4.007000000000311e-10	0.25536114	-0.03868737	-0.83981955	-3.8762312e-17	0	300
4.008000000000311e-10	0.2552425	-0.03871977	-0.8399592	-3.8765753e-17	0	300
4.0090000000003115e-10	0.25512284	-0.03875222	-0.84009916	-3.8769194e-17	0	300
4.010000000000312e-10	0.25500205	-0.038784705	-0.84023917	-3.877264e-17	0	300
4.011000000000312e-10	0.25488016	-0.03881721	-0.84037936	-3.8776073e-17	0	300
4.0120000000003125e-10	0.2547572	-0.03884971	-0.8405198	-3.8779547e-17	0	300
4.013000000000313e-10	0.25463313	-0.03888221	-0.84066033	-3.8783005e-17	0	300
4.014000000000313e-10	0.254508	-0.038914677	-0.8408011	-3.8786453e-17	0	300
4.0150000000003134e-10	0.25438175	-0.038947105	-0.840942	-3.8789923e-17	0	300
4.0160000000003137e-10	0.25425434	-0.03897947	-0.84108317	-3.8793384e-17	0	300
4.017000000000314e-10	0.25412592	-0.039011765	-0.8412245	-3.8796865e-17	0	300
4.0180000000003143e-10	0.2539963	-0.03904397	-0.84136593	-3.8800343e-17	0	300
4.0190000000003146e-10	0.25386566	-0.039076064	-0.84150755	-3.8803817e-17	0	300
4.020000000000315e-10	0.2537338	-0.039108045	-0.8416495	-3.8807307e-17	0	300
4.021000000000315e-10	0.25360093	-0.03913988	-0.8417915	-3.88108e-17	0	300
4.0220000000003155e-10	0.2534669	-0.03917156	-0.8419337	-3.881429e-17	0	300
4.023000000000316e-10	0.25333178	-0.039203078	-0.84207606	-3.881779e-17	0	300
4.024000000000316e-10	0.25319552	-0.039234407	-0.84221864	-3.8821303e-17	0	300
4.0250000000003165e-10	0.25305814	-0.03926553	-0.8423614	-3.882481e-17	0	300
4.026000000000317e-10	0.25291967	-0.039296433	-0.8425044	-3.8828324e-17	0	300
4.027000000000317e-10	0.25278002	-0.0393271	-0.8426475	-3.8831845e-17	0	300
4.0280000000003174e-10	0.25263932	-0.039357506	-0.84279084	-3.8835375e-17	0	300
4.0290000000003177e-10	0.25249743	-0.039387643	-0.8429343	-3.883891e-17	0	300
4.030000000000318e-10	0.25235447	-0.03941749	-0.8430781	-3.8842456e-17	0	300
4.0310000000003183e-10	0.25221038	-0.03944703	-0.8432219	-3.8845996e-17	0	300
4.0320000000003186e-10	0.25206515	-0.03947624	-0.843366	-3.8849543e-17	0	300
4.033000000000319e-10	0.2519188	-0.039505113	-0.84351027	-3.88531e-17	0	300
4.034000000000319e-10	0.25177133	-0.03953362	-0.84365475	-3.8856667e-17	0	300
4.0350000000003195e-10	0.2516227	-0.03956175	-0.84379935	-3.8860234e-17	0	300
4.03600000000032e-10	0.251473	-0.039589483	-0.8439442	-3.8863807e-17	0	300
4.03700000000032e-10	0.25132218	-0.0396168	-0.84408915	-3.886739e-17	0	300
4.0380000000003204e-10	0.25117022	-0.03964369	-0.84423435	-3.887099e-17	0	300
4.039000000000321e-10	0.25101712	-0.039670125	-0.8443797	-3.8874584e-17	0	300
4.040000000000321e-10	0.25086293	-0.039696082	-0.84452534	-3.887819e-17	0	300
4.0410000000003214e-10	0.25070763	-0.039721563	-0.84467113	-3.8881793e-17	0	300
4.0420000000003217e-10	0.25055122	-0.03974653	-0.84481704	-3.8885413e-17	0	300
4.043000000000322e-10	0.25039372	-0.039770976	-0.84496313	-3.8889036e-17	0	300
4.0440000000003223e-10	0.25023505	-0.039794877	-0.84510946	-3.8892666e-17	0	300
4.0450000000003226e-10	0.25007534	-0.039818224	-0.845256	-3.8896312e-17	0	300
4.046000000000323e-10	0.2499145	-0.039840985	-0.8454026	-3.889996e-17	0	300
4.047000000000323e-10	0.24975258	-0.039863158	-0.84554946	-3.8903618e-17	0	300
4.0480000000003235e-10	0.24958955	-0.039884716	-0.84569645	-3.8907264e-17	0	300
4.049000000000324e-10	0.24942544	-0.039905638	-0.8458437	-3.891095e-17	0	300
4.050000000000324e-10	0.24926025	-0.03992591	-0.84599113	-3.8914626e-17	0	300
4.0510000000003244e-10	0.24909398	-0.039945513	-0.84613866	-3.8918302e-17	0	300
4.0520000000003247e-10	0.24892662	-0.039964434	-0.84628636	-3.8922004e-17	0	300
4.053000000000325e-10	0.24875823	-0.03998265	-0.84643424	-3.8925707e-17	0	300
4.0540000000003254e-10	0.24858871	-0.040000148	-0.84658235	-3.8929416e-17	0	300
4.0550000000003257e-10	0.24841818	-0.04001691	-0.8467306	-3.8933138e-17	0	300
4.056000000000326e-10	0.24824658	-0.04003291	-0.84687895	-3.8936864e-17	0	300
4.0570000000003263e-10	0.24807394	-0.040048137	-0.8470276	-3.8940606e-17	0	300
4.0580000000003266e-10	0.24790022	-0.040062577	-0.84717625	-3.894435e-17	0	300
4.059000000000327e-10	0.24772547	-0.040076204	-0.84732515	-3.8948097e-17	0	300
4.060000000000327e-10	0.24754971	-0.040089007	-0.84747416	-3.8951866e-17	0	300
4.0610000000003275e-10	0.2473729	-0.04010097	-0.84762335	-3.895564e-17	0	300
4.062000000000328e-10	0.24719507	-0.040112067	-0.8477727	-3.8959426e-17	0	300
4.063000000000328e-10	0.24701622	-0.04012228	-0.8479222	-3.8963198e-17	0	300
4.0640000000003284e-10	0.24683636	-0.0401316	-0.84807175	-3.896702e-17	0	300
4.0650000000003287e-10	0.24665552	-0.040139996	-0.8482216	-3.897083e-17	0	300
4.066000000000329e-10	0.24647366	-0.04014747	-0.8483715	-3.8974643e-17	0	300
4.0670000000003293e-10	0.24629082	-0.040153973	-0.84852165	-3.8978474e-17	0	300
4.0680000000003296e-10	0.24610697	-0.040159516	-0.8486718	-3.8982306e-17	0	300
4.06900000000033e-10	0.24592218	-0.040164065	-0.8488221	-3.898616e-17	0	300
4.0700000000003303e-10	0.24573639	-0.040167604	-0.8489727	-3.8990025e-17	0	300
4.0710000000003306e-10	0.24554963	-0.04017012	-0.84912336	-3.8993893e-17	0	300
4.072000000000331e-10	0.24536195	-0.040171582	-0.84927404	-3.899778e-17	0	300
4.073000000000331e-10	0.24517329	-0.04017198	-0.84942496	-3.900167e-17	0	300
4.0740000000003315e-10	0.24498369	-0.040171295	-0.8495759	-3.9005576e-17	0	300
4.075000000000332e-10	0.2447932	-0.040169507	-0.84972703	-3.9009484e-17	0	300
4.076000000000332e-10	0.24460177	-0.04016659	-0.8498783	-3.9013418e-17	0	300
4.0770000000003324e-10	0.24440941	-0.040162534	-0.8500296	-3.9017362e-17	0	300
4.0780000000003327e-10	0.24421617	-0.04015731	-0.850181	-3.9021302e-17	0	300
4.079000000000333e-10	0.24402201	-0.040150903	-0.8503326	-3.9025266e-17	0	300
4.0800000000003333e-10	0.24382699	-0.0401433	-0.85048425	-3.9029233e-17	0	300
4.0810000000003336e-10	0.24363111	-0.040134475	-0.850636	-3.903322e-17	0	300
4.082000000000334e-10	0.24343435	-0.0401244	-0.85078794	-3.9037217e-17	0	300
4.083000000000334e-10	0.24323677	-0.040113077	-0.8509398	-3.904123e-17	0	300
4.0840000000003346e-10	0.24303833	-0.040100466	-0.851092	-3.9045234e-17	0	300
4.085000000000335e-10	0.24283907	-0.040086556	-0.85124415	-3.9049274e-17	0	300
4.086000000000335e-10	0.242639	-0.040071327	-0.8513963	-3.9053318e-17	0	300
4.0870000000003355e-10	0.24243812	-0.04005476	-0.85154855	-3.905738e-17	0	300
4.088000000000336e-10	0.24223647	-0.040036835	-0.851701	-3.9061454e-17	0	300
4.089000000000336e-10	0.24203405	-0.040017527	-0.8518534	-3.9065527e-17	0	300
4.0900000000003364e-10	0.24183086	-0.03999683	-0.85200584	-3.906962e-17	0	300
4.0910000000003367e-10	0.24162692	-0.03997471	-0.8521584	-3.9073742e-17	0	300
4.092000000000337e-10	0.24142225	-0.039951157	-0.8523111	-3.907785e-17	0	300
4.0930000000003373e-10	0.24121688	-0.039926153	-0.85246384	-3.9081988e-17	0	300
4.0940000000003376e-10	0.24101081	-0.039899677	-0.85261637	-3.908614e-17	0	300
4.095000000000338e-10	0.24080403	-0.0398717	-0.85276914	-3.9090286e-17	0	300
4.096000000000338e-10	0.24059662	-0.03984222	-0.85292196	-3.909446e-17	0	300
4.0970000000003385e-10	0.24038854	-0.03981121	-0.8530748	-3.9098657e-17	0	300
4.098000000000339e-10	0.24017984	-0.03977865	-0.85322756	-3.910286e-17	0	300
4.099000000000339e-10	0.23997049	-0.039744522	-0.8533805	-3.9107058e-17	0	300
4.1000000000003395e-10	0.23976058	-0.039708808	-0.85353327	-3.9111286e-17	0	300
4.10100000000034e-10	0.2395501	-0.039671488	-0.8536862	-3.9115528e-17	0	300
4.10200000000034e-10	0.23933902	-0.03963255	-0.85383904	-3.9119777e-17	0	300
4.1030000000003404e-10	0.23912741	-0.03959197	-0.853992	-3.9124038e-17	0	300
4.1040000000003407e-10	0.23891528	-0.03954974	-0.8541448	-3.9128336e-17	0	300
4.105000000000341e-10	0.23870265	-0.039505824	-0.85429764	-3.9132624e-17	0	300
4.1060000000003413e-10	0.23848954	-0.039460223	-0.85445046	-3.9136932e-17	0	300
4.1070000000003416e-10	0.23827597	-0.039412905	-0.8546032	-3.914126e-17	0	300
4.108000000000342e-10	0.23806193	-0.03936386	-0.85475594	-3.9145588e-17	0	300
4.109000000000342e-10	0.2378475	-0.039313078	-0.8549087	-3.9149932e-17	0	300
4.1100000000003425e-10	0.23763269	-0.03926052	-0.8550613	-3.9154313e-17	0	300
4.111000000000343e-10	0.2374175	-0.039206192	-0.85521394	-3.915868e-17	0	300
4.112000000000343e-10	0.23720197	-0.039150063	-0.8553665	-3.916307e-17	0	300
4.1130000000003434e-10	0.2369861	-0.039092127	-0.855519	-3.9167492e-17	0	300
4.114000000000344e-10	0.23676994	-0.03903236	-0.8556714	-3.9171896e-17	0	300
4.115000000000344e-10	0.23655348	-0.03897075	-0.85582376	-3.917635e-17	0	300
4.1160000000003444e-10	0.2363368	-0.038907282	-0.855976	-3.9180786e-17	0	300
4.1170000000003447e-10	0.23611988	-0.038841937	-0.8561282	-3.918525e-17	0	300
4.118000000000345e-10	0.23590277	-0.038774706	-0.8562802	-3.9189746e-17	0	300
4.1190000000003453e-10	0.23568553	-0.038705572	-0.8564322	-3.919423e-17	0	300
4.1200000000003456e-10	0.23546809	-0.038634516	-0.85658395	-3.9198736e-17	0	300
4.121000000000346e-10	0.23525056	-0.038561538	-0.8567357	-3.920325e-17	0	300
4.122000000000346e-10	0.23503298	-0.038486615	-0.8568872	-3.9207785e-17	0	300
4.1230000000003465e-10	0.23481531	-0.038409736	-0.8570387	-3.9212345e-17	0	300
4.124000000000347e-10	0.23459762	-0.03833089	-0.85719	-3.9216888e-17	0	300
4.125000000000347e-10	0.23437992	-0.038250066	-0.8573412	-3.9221464e-17	0	300
4.1260000000003474e-10	0.23416224	-0.038167257	-0.8574921	-3.922606e-17	0	300
4.127000000000348e-10	0.23394467	-0.038082443	-0.85764295	-3.9230665e-17	0	300
4.128000000000348e-10	0.2337272	-0.03799563	-0.8577936	-3.923528e-17	0	300
4.1290000000003484e-10	0.23350984	-0.03790679	-0.8579441	-3.9239913e-17	0	300
4.1300000000003487e-10	0.23329265	-0.037815925	-0.85809433	-3.9244555e-17	0	300
4.131000000000349e-10	0.23307568	-0.037723035	-0.8582444	-3.924922e-17	0	300
4.1320000000003493e-10	0.2328589	-0.0376281	-0.85839427	-3.9253892e-17	0	300
4.1330000000003496e-10	0.23264241	-0.03753112	-0.85854393	-3.9258574e-17	0	300
4.13400000000035e-10	0.23242618	-0.03743209	-0.8586933	-3.9263266e-17	0	300
4.13500000000035e-10	0.2322103	-0.037330996	-0.85884255	-3.9267994e-17	0	300
4.1360000000003505e-10	0.23199478	-0.03722785	-0.8589915	-3.9272712e-17	0	300
4.137000000000351e-10	0.23177963	-0.037122637	-0.8591402	-3.927745e-17	0	300
4.138000000000351e-10	0.23156494	-0.037015356	-0.8592887	-3.9282205e-17	0	300
4.1390000000003514e-10	0.23135069	-0.03690601	-0.85943687	-3.9286966e-17	0	300
4.1400000000003517e-10	0.23113693	-0.03679459	-0.8595848	-3.9291747e-17	0	300
4.141000000000352e-10	0.23092374	-0.0366811	-0.8597325	-3.9296532e-17	0	300
4.1420000000003523e-10	0.2307111	-0.036565542	-0.85987985	-3.9301336e-17	0	300
4.1430000000003527e-10	0.23049903	-0.036447912	-0.86002696	-3.9306147e-17	0	300
4.144000000000353e-10	0.23028763	-0.036328215	-0.8601737	-3.931096e-17	0	300
4.1450000000003533e-10	0.2300769	-0.03620645	-0.8603202	-3.931581e-17	0	300
4.1460000000003536e-10	0.22986685	-0.03608262	-0.8604663	-3.932066e-17	0	300
4.147000000000354e-10	0.22965756	-0.03595674	-0.8606122	-3.9325516e-17	0	300
4.148000000000354e-10	0.22944903	-0.035828803	-0.8607577	-3.9330383e-17	0	300
4.1490000000003545e-10	0.22924131	-0.035698812	-0.8609029	-3.9335264e-17	0	300
4.150000000000355e-10	0.22903442	-0.035566777	-0.8610476	-3.9340138e-17	0	300
4.151000000000355e-10	0.22882845	-0.035432708	-0.86119217	-3.9345054e-17	0	300
4.1520000000003554e-10	0.22862336	-0.035296608	-0.8613363	-3.9349955e-17	0	300
4.1530000000003557e-10	0.22841921	-0.035158485	-0.86148	-3.9354894e-17	0	300
4.154000000000356e-10	0.22821602	-0.035018355	-0.8616233	-3.9359828e-17	0	300
4.1550000000003563e-10	0.22801387	-0.034876216	-0.8617663	-3.936477e-17	0	300
4.1560000000003566e-10	0.22781277	-0.03473209	-0.8619089	-3.936973e-17	0	300
4.157000000000357e-10	0.22761275	-0.03458598	-0.86205107	-3.9374684e-17	0	300
4.158000000000357e-10	0.22741385	-0.0344379	-0.86219287	-3.937966e-17	0	300
4.1590000000003576e-10	0.22721606	-0.03428786	-0.86233413	-3.938465e-17	0	300
4.160000000000358e-10	0.22701947	-0.034135878	-0.86247516	-3.9389643e-17	0	300
4.161000000000358e-10	0.22682407	-0.033981964	-0.8626155	-3.9394635e-17	0	300
4.1620000000003585e-10	0.22662991	-0.033826135	-0.8627556	-3.9399638e-17	0	300
4.163000000000359e-10	0.22643706	-0.033668406	-0.8628952	-3.9404654e-17	0	300
4.164000000000359e-10	0.22624546	-0.033508793	-0.86303437	-3.9409693e-17	0	300
4.1650000000003594e-10	0.22605523	-0.033347312	-0.86317307	-3.9414723e-17	0	300
4.1660000000003597e-10	0.22586635	-0.03318397	-0.86331123	-3.941977e-17	0	300
4.16700000000036e-10	0.22567886	-0.0330188	-0.86344904	-3.9424824e-17	0	300
4.1680000000003603e-10	0.22549279	-0.032851815	-0.8635863	-3.9429863e-17	0	300
4.1690000000003606e-10	0.22530815	-0.03268303	-0.86372304	-3.9434946e-17	0	300
4.170000000000361e-10	0.22512498	-0.03251247	-0.86385936	-3.9440018e-17	0	300
4.171000000000361e-10	0.22494335	-0.03234015	-0.8639951	-3.944511e-17	0	300
4.1720000000003615e-10	0.22476323	-0.032166094	-0.86413026	-3.94502e-17	0	300
4.173000000000362e-10	0.22458464	-0.031990316	-0.864265	-3.9455284e-17	0	300
4.174000000000362e-10	0.22440767	-0.031812843	-0.86439925	-3.9460376e-17	0	300
4.1750000000003625e-10	0.22423226	-0.031633694	-0.8645329	-3.94655e-17	0	300
4.176000000000363e-10	0.22405851	-0.031452887	-0.864666	-3.9470604e-17	0	300
4.177000000000363e-10	0.2238864	-0.031270456	-0.8647986	-3.947572e-17	0	300
4.1780000000003634e-10	0.22371596	-0.031086413	-0.86493057	-3.948085e-17	0	300
4.1790000000003637e-10	0.22354724	-0.030900784	-0.86506206	-3.9486e-17	0	300
4.180000000000364e-10	0.22338024	-0.03071359	-0.8651929	-3.949114e-17	0	300
4.1810000000003643e-10	0.22321494	-0.030524854	-0.86532307	-3.949627e-17	0	300
4.1820000000003646e-10	0.22305141	-0.030334597	-0.8654529	-3.950143e-17	0	300
4.183000000000365e-10	0.2228897	-0.030142851	-0.865582	-3.9506573e-17	0	300
4.184000000000365e-10	0.22272976	-0.029949628	-0.8657105	-3.9511744e-17	0	300
4.1850000000003655e-10	0.22257161	-0.029754963	-0.8658384	-3.9516913e-17	0	300
4.186000000000366e-10	0.22241533	-0.02955887	-0.8659657	-3.9522084e-17	0	300
4.187000000000366e-10	0.22226088	-0.029361377	-0.8660924	-3.9527256e-17	0	300
4.1880000000003665e-10	0.22210832	-0.029162506	-0.86621845	-3.953245e-17	0	300
4.189000000000367e-10	0.22195761	-0.02896228	-0.86634386	-3.9537632e-17	0	300
4.190000000000367e-10	0.22180885	-0.028760726	-0.8664686	-3.9542823e-17	0	300
4.1910000000003674e-10	0.22166197	-0.028557865	-0.86659276	-3.9548025e-17	0	300
4.1920000000003677e-10	0.22151701	-0.028353717	-0.8667162	-3.9553216e-17	0	300
4.193000000000368e-10	0.22137402	-0.028148308	-0.866839	-3.9558427e-17	0	300
4.1940000000003683e-10	0.22123298	-0.027941663	-0.8669611	-3.9563642e-17	0	300
4.1950000000003686e-10	0.22109391	-0.027733805	-0.86708266	-3.956885e-17	0	300
4.196000000000369e-10	0.22095683	-0.02752475	-0.8672035	-3.957407e-17	0	300
4.197000000000369e-10	0.22082175	-0.02731453	-0.86732364	-3.95793e-17	0	300
4.1980000000003695e-10	0.22068867	-0.02710316	-0.8674431	-3.958453e-17	0	300
4.19900000000037e-10	0.22055762	-0.026890669	-0.8675618	-3.9589754e-17	0	300
4.20000000000037e-10	0.22042857	-0.026677072	-0.8676799	-3.959499e-17	0	300
4.2010000000003704e-10	0.22030158	-0.026462397	-0.8677972	-3.9600236e-17	0	300
4.202000000000371e-10	0.22017667	-0.026246663	-0.8679139	-3.960548e-17	0	300
4.203000000000371e-10	0.2200538	-0.02602989	-0.8680298	-3.9610728e-17	0	300
4.2040000000003714e-10	0.21993302	-0.0258121	-0.8681451	-3.961599e-17	0	300
4.2050000000003717e-10	0.2198143	-0.025593314	-0.8682596	-3.962123e-17	0	300
4.206000000000372e-10	0.21969768	-0.025373554	-0.8683734	-3.9626484e-17	0	300
4.2070000000003723e-10	0.21958321	-0.02515284	-0.86848646	-3.9631765e-17	0	300
4.2080000000003726e-10	0.21947083	-0.024931192	-0.8685987	-3.963704e-17	0	300
4.209000000000373e-10	0.21936058	-0.024708632	-0.8687103	-3.964229e-17	0	300
4.210000000000373e-10	0.21925245	-0.02448518	-0.86882114	-3.964757e-17	0	300
4.2110000000003735e-10	0.21914649	-0.024260852	-0.86893123	-3.9652855e-17	0	300
4.212000000000374e-10	0.21904266	-0.024035672	-0.86904055	-3.9658136e-17	0	300
4.213000000000374e-10	0.21894103	-0.023809658	-0.86914915	-3.9663423e-17	0	300
4.2140000000003744e-10	0.21884155	-0.02358283	-0.869257	-3.96687e-17	0	300
4.2150000000003747e-10	0.21874428	-0.023355208	-0.869364	-3.9673998e-17	0	300
4.216000000000375e-10	0.21864921	-0.023126815	-0.86947024	-3.967929e-17	0	300
4.2170000000003753e-10	0.21855633	-0.022897666	-0.86957586	-3.968459e-17	0	300
4.2180000000003757e-10	0.21846567	-0.022667777	-0.86968064	-3.9689893e-17	0	300
4.219000000000376e-10	0.21837725	-0.022437176	-0.86978453	-3.9695197e-17	0	300
4.2200000000003763e-10	0.21829107	-0.022205878	-0.8698878	-3.9700507e-17	0	300
4.2210000000003766e-10	0.21820715	-0.021973906	-0.8699903	-3.9705808e-17	0	300
4.222000000000377e-10	0.2181255	-0.021741275	-0.870092	-3.971113e-17	0	300
4.223000000000377e-10	0.2180461	-0.021508008	-0.8701928	-3.971645e-17	0	300
4.2240000000003775e-10	0.21796903	-0.021274125	-0.8702929	-3.9721746e-17	0	300
4.225000000000378e-10	0.21789423	-0.021039644	-0.8703922	-3.972707e-17	0	300
4.226000000000378e-10	0.21782176	-0.020804591	-0.87049073	-3.973239e-17	0	300
4.2270000000003784e-10	0.21775159	-0.020568985	-0.8705885	-3.9737714e-17	0	300
4.2280000000003787e-10	0.21768378	-0.020332845	-0.8706854	-3.9743044e-17	0	300
4.229000000000379e-10	0.21761832	-0.020096198	-0.87078154	-3.974836e-17	0	300
4.2300000000003793e-10	0.21755524	-0.01985906	-0.87087685	-3.975369e-17	0	300
4.2310000000003796e-10	0.21749455	-0.019621458	-0.87097144	-3.9759032e-17	0	300
4.23200000000038e-10	0.21743621	-0.019383412	-0.8710652	-3.9764355e-17	0	300
4.23300000000038e-10	0.21738032	-0.01914495	-0.8711581	-3.976969e-17	0	300
4.2340000000003806e-10	0.2173268	-0.01890609	-0.87125033	-3.9775016e-17	0	300
4.235000000000381e-10	0.21727577	-0.018666862	-0.8713416	-3.9780343e-17	0	300
4.236000000000381e-10	0.21722716	-0.01842729	-0.8714322	-3.9785677e-17	0	300
4.2370000000003815e-10	0.21718104	-0.018187398	-0.8715219	-3.9791014e-17	0	300
4.238000000000382e-10	0.21713738	-0.017947221	-0.8716109	-3.9796344e-17	0	300
4.239000000000382e-10	0.21709622	-0.017706776	-0.871699	-3.9801678e-17	0	300
4.2400000000003824e-10	0.21705759	-0.017466096	-0.87178636	-3.9807005e-17	0	300
4.2410000000003827e-10	0.21702147	-0.017225208	-0.8718729	-3.981234e-17	0	300
4.242000000000383e-10	0.21698788	-0.016984144	-0.8719587	-3.9817672e-17	0	300
4.2430000000003833e-10	0.21695682	-0.016742932	-0.8720436	-3.9823e-17	0	300
4.2440000000003836e-10	0.21692836	-0.016501604	-0.87212783	-3.9828326e-17	0	300
4.245000000000384e-10	0.2169025	-0.01626019	-0.8722111	-3.9833643e-17	0	300
4.246000000000384e-10	0.21687917	-0.016018726	-0.8722936	-3.983897e-17	0	300
4.2470000000003846e-10	0.2168585	-0.015777245	-0.8723754	-3.9844284e-17	0	300
4.248000000000385e-10	0.21684043	-0.015535776	-0.87245643	-3.9849615e-17	0	300
4.249000000000385e-10	0.216825	-0.015294361	-0.87253654	-3.985492e-17	0	300
4.2500000000003855e-10	0.2168122	-0.015053031	-0.87261593	-3.9860232e-17	0	300
4.251000000000386e-10	0.21680206	-0.014811822	-0.87269443	-3.9865543e-17	0	300
4.252000000000386e-10	0.2167946	-0.0145707745	-0.87277234	-3.9870833e-17	0	300
4.2530000000003864e-10	0.21678978	-0.014329923	-0.87284935	-3.9876127e-17	0	300
4.2540000000003867e-10	0.21678767	-0.014089308	-0.8729255	-3.9881435e-17	0	300
4.255000000000387e-10	0.21678826	-0.013848968	-0.873001	-3.988672e-17	0	300
4.2560000000003873e-10	0.21679157	-0.013608943	-0.87307566	-3.9891993e-17	0	300
4.2570000000003876e-10	0.21679758	-0.0133692715	-0.8731496	-3.9897267e-17	0	300
4.258000000000388e-10	0.21680629	-0.013129997	-0.8732227	-3.9902544e-17	0	300
4.259000000000388e-10	0.21681775	-0.01289116	-0.87329507	-3.9907805e-17	0	300
4.2600000000003885e-10	0.21683192	-0.012652804	-0.8733666	-3.991306e-17	0	300
4.261000000000389e-10	0.21684884	-0.012414971	-0.8734374	-3.9918304e-17	0	300
4.262000000000389e-10	0.21686853	-0.012177703	-0.8735075	-3.992355e-17	0	300
4.2630000000003895e-10	0.21689092	-0.0119410455	-0.87357676	-3.9928772e-17	0	300
4.26400000000039e-10	0.21691607	-0.01170504	-0.8736452	-3.9934004e-17	0	300
4.26500000000039e-10	0.21694398	-0.011469733	-0.873713	-3.993921e-17	0	300
4.2660000000003904e-10	0.21697462	-0.011235169	-0.87378	-3.9944426e-17	0	300
4.2670000000003907e-10	0.21700801	-0.011001391	-0.8738463	-3.9949614e-17	0	300
4.268000000000391e-10	0.21704414	-0.010768447	-0.87391174	-3.99548e-17	0	300
4.2690000000003913e-10	0.21708304	-0.01053638	-0.8739766	-3.995997e-17	0	300
4.2700000000003916e-10	0.21712467	-0.010305239	-0.87404066	-3.9965135e-17	0	300
4.271000000000392e-10	0.21716903	-0.010075065	-0.874104	-3.9970284e-17	0	300
4.272000000000392e-10	0.2172161	-0.00984591	-0.8741666	-3.9975432e-17	0	300
4.2730000000003925e-10	0.2172659	-0.009617812	-0.8742285	-3.9980554e-17	0	300
4.274000000000393e-10	0.21731845	-0.009390823	-0.87428963	-3.9985686e-17	0	300
4.275000000000393e-10	0.2173737	-0.009164987	-0.8743502	-3.999078e-17	0	300
4.2760000000003934e-10	0.2174316	-0.008940349	-0.8744099	-3.999588e-17	0	300
4.277000000000394e-10	0.21749222	-0.008716956	-0.8744689	-4.0000946e-17	0	300
4.278000000000394e-10	0.2175555	-0.008494852	-0.8745274	-4.000603e-17	0	300
4.2790000000003944e-10	0.21762146	-0.008274087	-0.874585	-4.0011067e-17	0	300
4.2800000000003947e-10	0.21769007	-0.0080547	-0.874642	-4.0016103e-17	0	300
4.281000000000395e-10	0.21776131	-0.007836739	-0.8746983	-4.0021126e-17	0	300
4.2820000000003953e-10	0.21783517	-0.0076202475	-0.8747539	-4.0026135e-17	0	300
4.2830000000003956e-10	0.21791163	-0.0074052713	-0.874809	-4.0031125e-17	0	300
4.284000000000396e-10	0.21799068	-0.007191854	-0.87486327	-4.0036114e-17	0	300
4.285000000000396e-10	0.21807231	-0.006980041	-0.874917	-4.004107e-17	0	300
4.2860000000003965e-10	0.21815649	-0.0067698704	-0.8749701	-4.004601e-17	0	300
4.287000000000397e-10	0.21824318	-0.006561389	-0.87502235	-4.0050937e-17	0	300
4.288000000000397e-10	0.21833237	-0.0063546402	-0.87507415	-4.0055857e-17	0	300
4.2890000000003974e-10	0.21842408	-0.0061496645	-0.8751252	-4.0060738e-17	0	300
4.290000000000398e-10	0.21851826	-0.005946503	-0.8751758	-4.0065625e-17	0	300
4.291000000000398e-10	0.21861486	-0.005745198	-0.8752256	-4.0070482e-17	0	300
4.2920000000003984e-10	0.21871388	-0.005545789	-0.8752749	-4.0075326e-17	0	300
4.2930000000003987e-10	0.2188153	-0.0053483164	-0.8753235	-4.008015e-17	0	300
4.294000000000399e-10	0.21891911	-0.005152821	-0.87537163	-4.008497e-17	0	300
4.2950000000003993e-10	0.21902524	-0.004959339	-0.8754191	-4.0089752e-17	0	300
4.2960000000003996e-10	0.21913369	-0.0047679106	-0.8754659	-4.0094536e-17	0	300
4.2970000000004e-10	0.21924444	-0.004578574	-0.8755123	-4.0099278e-17	0	300
4.2980000000004e-10	0.21935745	-0.0043913643	-0.875558	-4.0104016e-17	0	300
4.2990000000004005e-10	0.21947269	-0.004206321	-0.8756032	-4.0108734e-17	0	300
4.300000000000401e-10	0.21959013	-0.00402348	-0.8756478	-4.0113412e-17	0	300
4.301000000000401e-10	0.21970978	-0.0038428735	-0.8756919	-4.0118117e-17	0	300
4.3020000000004014e-10	0.21983154	-0.0036645401	-0.8757355	-4.012275e-17	0	300
4.3030000000004017e-10	0.21995543	-0.0034885125	-0.87577844	-4.012739e-17	0	300
4.304000000000402e-10	0.2200814	-0.0033148215	-0.87582105	-4.013201e-17	0	300
4.3050000000004023e-10	0.22020942	-0.0031435043	-0.87586296	-4.01366e-17	0	300
4.3060000000004026e-10	0.22033945	-0.0029745924	-0.87590444	-4.014119e-17	0	300
4.307000000000403e-10	0.22047149	-0.002808114	-0.8759454	-4.0145745e-17	0	300
4.3080000000004033e-10	0.22060546	-0.0026441037	-0.87598586	-4.0150278e-17	0	300
4.3090000000004036e-10	0.22074136	-0.0024825912	-0.8760258	-4.0154788e-17	0	300
4.310000000000404e-10	0.22087917	-0.0023236047	-0.8760654	-4.0159285e-17	0	300
4.311000000000404e-10	0.22101876	-0.002167175	-0.87610435	-4.016376e-17	0	300
4.3120000000004045e-10	0.2211602	-0.002013327	-0.87614304	-4.0168208e-17	0	300
4.313000000000405e-10	0.22130343	-0.0018620929	-0.87618124	-4.0172645e-17	0	300
4.314000000000405e-10	0.2214484	-0.0017134957	-0.87621886	-4.0177056e-17	0	300
4.3150000000004054e-10	0.2215951	-0.0015675649	-0.87625617	-4.018144e-17	0	300
4.3160000000004057e-10	0.22174343	-0.0014243238	-0.87629294	-4.018581e-17	0	300
4.317000000000406e-10	0.2218934	-0.0012837979	-0.8763295	-4.0190168e-17	0	300
4.3180000000004063e-10	0.22204496	-0.0011460115	-0.8763655	-4.01945e-17	0	300
4.3190000000004066e-10	0.22219808	-0.0010109884	-0.8764011	-4.0198784e-17	0	300
4.320000000000407e-10	0.22235271	-0.0008787494	-0.8764364	-4.0203072e-17	0	300
4.321000000000407e-10	0.22250882	-0.0007493198	-0.87647134	-4.0207334e-17	0	300
4.3220000000004076e-10	0.22266638	-0.0006227186	-0.8765058	-4.0211572e-17	0	300
4.323000000000408e-10	0.22282533	-0.00049896725	-0.87653995	-4.021579e-17	0	300
4.324000000000408e-10	0.22298566	-0.0003780839	-0.87657374	-4.021999e-17	0	300
4.3250000000004085e-10	0.22314727	-0.00026008813	-0.8766071	-4.0224165e-17	0	300
4.326000000000409e-10	0.22331017	-0.0001450018	-0.8766403	-4.022831e-17	0	300
4.327000000000409e-10	0.22347431	-3.2837852e-05	-0.87667316	-4.0232447e-17	0	300
4.3280000000004094e-10	0.22363964	7.638475e-05	-0.87670565	-4.0236563e-17	0	300
4.3290000000004097e-10	0.22380613	0.00018265145	-0.87673783	-4.0240653e-17	0	300
4.33000000000041e-10	0.22397372	0.00028594397	-0.8767698	-4.0244722e-17	0	300
4.3310000000004103e-10	0.22414239	0.00038625067	-0.8768013	-4.024877e-17	0	300
4.3320000000004106e-10	0.22431207	0.00048355525	-0.8768327	-4.0252796e-17	0	300
4.333000000000411e-10	0.22448274	0.00057784887	-0.8768638	-4.0256803e-17	0	300
4.334000000000411e-10	0.22465436	0.0006691143	-0.87689465	-4.026078e-17	0	300
4.3350000000004115e-10	0.22482686	0.00075734407	-0.8769252	-4.026474e-17	0	300
4.336000000000412e-10	0.2250002	0.000842527	-0.8769555	-4.026869e-17	0	300
4.337000000000412e-10	0.22517441	0.0009246529	-0.87698555	-4.0272602e-17	0	300
4.3380000000004125e-10	0.22534932	0.0010037101	-0.8770155	-4.027651e-17	0	300
4.339000000000413e-10	0.22552498	0.0010796939	-0.8770451	-4.028039e-17	0	300
4.340000000000413e-10	0.2257013	0.0011525955	-0.8770746	-4.0284258e-17	0	300
4.3410000000004134e-10	0.22587827	0.0012224093	-0.8771038	-4.0288096e-17	0	300
4.3420000000004137e-10	0.22605582	0.0012891288	-0.877133	-4.0291905e-17	0	300
4.343000000000414e-10	0.22623391	0.001352747	-0.87716186	-4.029571e-17	0	300
4.3440000000004143e-10	0.22641252	0.0014132643	-0.87719065	-4.0299492e-17	0	300
4.3450000000004146e-10	0.22659157	0.0014706745	-0.8772192	-4.0303247e-17	0	300
4.346000000000415e-10	0.22677103	0.0015249746	-0.8772477	-4.0306996e-17	0	300
4.347000000000415e-10	0.22695085	0.0015761647	-0.87727594	-4.03107e-17	0	300
4.3480000000004155e-10	0.22713101	0.0016242447	-0.87730414	-4.0314414e-17	0	300
4.349000000000416e-10	0.22731142	0.0016692108	-0.87733227	-4.03181e-17	0	300
4.350000000000416e-10	0.22749206	0.0017110677	-0.87736017	-4.0321773e-17	0	300
4.3510000000004165e-10	0.22767289	0.0017498143	-0.877388	-4.0325412e-17	0	300
4.352000000000417e-10	0.22785385	0.0017854525	-0.8774157	-4.0329042e-17	0	300
4.353000000000417e-10	0.22803491	0.0018179878	-0.8774433	-4.0332645e-17	0	300
4.3540000000004174e-10	0.22821602	0.001847425	-0.87747085	-4.033624e-17	0	300
4.3550000000004177e-10	0.22839712	0.001873764	-0.87749845	-4.0339812e-17	0	300
4.356000000000418e-10	0.22857822	0.0018970158	-0.87752575	-4.034336e-17	0	300
4.3570000000004183e-10	0.2287592	0.0019171848	-0.87755316	-4.03469e-17	0	300
4.3580000000004186e-10	0.2289401	0.0019342755	-0.8775804	-4.0350423e-17	0	300
4.359000000000419e-10	0.22912076	0.0019483003	-0.87760764	-4.0353914e-17	0	300
4.360000000000419e-10	0.22930123	0.0019592652	-0.8776349	-4.035739e-17	0	300
4.3610000000004195e-10	0.22948146	0.001967179	-0.87766206	-4.0360865e-17	0	300
4.36200000000042e-10	0.22966133	0.0019720527	-0.8776892	-4.036431e-17	0	300
4.36300000000042e-10	0.22984092	0.0019738956	-0.8777163	-4.036774e-17	0	300
4.3640000000004204e-10	0.23002008	0.0019727242	-0.8777434	-4.0371155e-17	0	300
4.365000000000421e-10	0.2301988	0.0019685454	-0.87777054	-4.037455e-17	0	300
4.366000000000421e-10	0.23037706	0.0019613735	-0.87779766	-4.037792e-17	0	300
4.3670000000004214e-10	0.23055482	0.0019512242	-0.87782484	-4.038129e-17	0	300
4.3680000000004217e-10	0.230732	0.0019381093	-0.87785196	-4.0384635e-17	0	300
4.369000000000422e-10	0.23090857	0.0019220468	-0.8778791	-4.0387974e-17	0	300
4.3700000000004223e-10	0.23108448	0.0019030506	-0.87790644	-4.0391282e-17	0	300
4.3710000000004226e-10	0.23125972	0.0018811366	-0.8779336	-4.0394574e-17	0	300
4.372000000000423e-10	0.23143424	0.0018563229	-0.87796086	-4.0397873e-17	0	300
4.373000000000423e-10	0.23160797	0.0018286272	-0.8779882	-4.0401132e-17	0	300
4.3740000000004235e-10	0.23178093	0.0017980693	-0.87801564	-4.040438e-17	0	300
4.375000000000424e-10	0.231953	0.0017646633	-0.87804306	-4.040761e-17	0	300
4.376000000000424e-10	0.23212421	0.0017284327	-0.8780705	-4.0410833e-17	0	300
4.3770000000004244e-10	0.2322945	0.0016893968	-0.87809813	-4.0414033e-17	0	300
4.3780000000004247e-10	0.23246382	0.0016475739	-0.8781258	-4.0417223e-17	0	300
4.379000000000425e-10	0.23263213	0.001602992	-0.8781535	-4.0420396e-17	0	300
4.3800000000004253e-10	0.23279941	0.0015556649	-0.87818134	-4.0423565e-17	0	300
4.3810000000004257e-10	0.23296559	0.0015056208	-0.87820935	-4.0426702e-17	0	300
4.382000000000426e-10	0.23313068	0.0014528786	-0.87823737	-4.0429826e-17	0	300
4.3830000000004263e-10	0.2332946	0.001397463	-0.8782655	-4.043294e-17	0	300
4.3840000000004266e-10	0.23345736	0.0013393988	-0.87829375	-4.0436036e-17	0	300
4.385000000000427e-10	0.23361889	0.0012787082	-0.87832206	-4.0439123e-17	0	300
4.386000000000427e-10	0.23377916	0.0012154176	-0.87835056	-4.0442197e-17	0	300
4.3870000000004275e-10	0.23393813	0.0011495536	-0.8783791	-4.0445244e-17	0	300
4.388000000000428e-10	0.23409578	0.0010811402	-0.87840796	-4.0448288e-17	0	300
4.389000000000428e-10	0.2342521	0.0010102026	-0.87843674	-4.0451302e-17	0	300
4.3900000000004284e-10	0.23440701	0.00093676965	-0.87846583	-4.0454323e-17	0	300
4.3910000000004287e-10	0.23456049	0.000860868	-0.878495	-4.0457314e-17	0	300
4.392000000000429e-10	0.23471251	0.0007825233	-0.8785243	-4.0460296e-17	0	300
4.3930000000004293e-10	0.23486304	0.0007017646	-0.87855375	-4.0463264e-17	0	300
4.3940000000004296e-10	0.23501208	0.00061862124	-0.87858343	-4.0466218e-17	0	300
4.39500000000043e-10	0.23515958	0.0005331179	-0.8786133	-4.046916e-17	0	300
4.39600000000043e-10	0.23530549	0.00044528698	-0.8786432	-4.0472085e-17	0	300
4.3970000000004306e-10	0.23544979	0.00035515893	-0.8786735	-4.0474993e-17	0	300
4.398000000000431e-10	0.23559244	0.00026275963	-0.8787039	-4.0477905e-17	0	300
4.399000000000431e-10	0.23573345	0.00016812095	-0.87873435	-4.0480783e-17	0	300
4.4000000000004315e-10	0.23587275	7.127365e-05	-0.87876517	-4.048366e-17	0	300
4.401000000000432e-10	0.23601036	-2.7753413e-05	-0.8787961	-4.048651e-17	0	300
4.402000000000432e-10	0.2361462	-0.00012892857	-0.8788272	-4.048935e-17	0	300
4.4030000000004324e-10	0.23628026	-0.00023222063	-0.87885857	-4.049219e-17	0	300
4.4040000000004327e-10	0.23641253	-0.00033759745	-0.87889016	-4.0494994e-17	0	300
4.405000000000433e-10	0.23654303	-0.00044502784	-0.8789219	-4.0497813e-17	0	300
4.4060000000004333e-10	0.23667164	-0.0005544801	-0.8789539	-4.0500602e-17	0	300
4.4070000000004336e-10	0.23679838	-0.0006659222	-0.8789861	-4.0503382e-17	0	300
4.408000000000434e-10	0.23692323	-0.00077932165	-0.8790186	-4.050614e-17	0	300
4.409000000000434e-10	0.23704617	-0.0008946452	-0.8790513	-4.0508887e-17	0	300
4.4100000000004346e-10	0.23716718	-0.001011864	-0.8790842	-4.0511627e-17	0	300
4.411000000000435e-10	0.23728624	-0.0011309364	-0.87911737	-4.0514353e-17	0	300
4.412000000000435e-10	0.2374033	-0.0012518377	-0.87915087	-4.0517067e-17	0	300
4.4130000000004355e-10	0.23751836	-0.0013745285	-0.8791845	-4.0519767e-17	0	300
4.414000000000436e-10	0.23763138	-0.0014989781	-0.87921846	-4.0522453e-17	0	300
4.415000000000436e-10	0.2377424	-0.0016251532	-0.87925273	-4.052514e-17	0	300
4.4160000000004364e-10	0.23785132	-0.0017530173	-0.8792871	-4.0527787e-17	0	300
4.4170000000004367e-10	0.23795821	-0.0018825377	-0.8793219	-4.0530444e-17	0	300
4.418000000000437e-10	0.23806295	-0.0020136815	-0.8793569	-4.053308e-17	0	300
4.4190000000004373e-10	0.2381656	-0.0021464126	-0.8793922	-4.0535695e-17	0	300
4.4200000000004376e-10	0.23826614	-0.0022806954	-0.87942773	-4.053831e-17	0	300
4.421000000000438e-10	0.23836452	-0.002416498	-0.8794636	-4.05409e-17	0	300
4.422000000000438e-10	0.23846072	-0.0025537831	-0.8794998	-4.054349e-17	0	300
4.4230000000004385e-10	0.23855476	-0.002692517	-0.8795362	-4.054607e-17	0	300
4.424000000000439e-10	0.2386466	-0.002832664	-0.87957305	-4.0548635e-17	0	300
4.425000000000439e-10	0.23873621	-0.0029741877	-0.87961	-4.055119e-17	0	300
4.4260000000004395e-10	0.23882364	-0.0031170566	-0.8796474	-4.0553717e-17	0	300
4.42700000000044e-10	0.23890883	-0.0032612341	-0.8796851	-4.0556242e-17	0	300
4.42800000000044e-10	0.23899174	-0.0034066825	-0.87972313	-4.0558766e-17	0	300
4.4290000000004404e-10	0.23907244	-0.0035533693	-0.8797614	-4.056127e-17	0	300
4.4300000000004407e-10	0.23915082	-0.0037012561	-0.8798	-4.056376e-17	0	300
4.431000000000441e-10	0.23922695	-0.003850311	-0.8798389	-4.056624e-17	0	300
4.4320000000004413e-10	0.2393008	-0.004000497	-0.8798782	-4.0568716e-17	0	300
4.4330000000004416e-10	0.23937231	-0.0041517755	-0.8799178	-4.0571158e-17	0	300
4.434000000000442e-10	0.23944154	-0.004304114	-0.8799578	-4.0573623e-17	0	300
4.435000000000442e-10	0.23950845	-0.004457479	-0.8799981	-4.057605e-17	0	300
4.4360000000004425e-10	0.23957302	-0.0046118298	-0.88003874	-4.0578477e-17	0	300
4.437000000000443e-10	0.23963524	-0.004767134	-0.8800797	-4.05809e-17	0	300
4.438000000000443e-10	0.23969513	-0.0049233558	-0.88012105	-4.0583294e-17	0	300
4.4390000000004434e-10	0.23975268	-0.0050804596	-0.88016266	-4.058569e-17	0	300
4.440000000000444e-10	0.23980789	-0.005238409	-0.88020474	-4.0588065e-17	0	300
4.441000000000444e-10	0.23986068	-0.005397169	-0.8802471	-4.0590428e-17	0	300
4.4420000000004444e-10	0.23991117	-0.005556704	-0.88028985	-4.05928e-17	0	300
4.4430000000004447e-10	0.23995924	-0.005716982	-0.880333	-4.059516e-17	0	300
4.444000000000445e-10	0.24000494	-0.005877961	-0.88037634	-4.0597482e-17	0	300
4.4450000000004453e-10	0.24004827	-0.006039613	-0.8804203	-4.0599798e-17	0	300
4.4460000000004456e-10	0.24008921	-0.006201896	-0.8804645	-4.060213e-17	0	300
4.447000000000446e-10	0.24012777	-0.0063647805	-0.8805091	-4.060444e-17	0	300
4.448000000000446e-10	0.24016395	-0.0065282304	-0.8805541	-4.060673e-17	0	300
4.4490000000004465e-10	0.24019772	-0.0066922093	-0.8805994	-4.0609013e-17	0	300
4.450000000000447e-10	0.24022911	-0.006856683	-0.88064504	-4.061129e-17	0	300
4.451000000000447e-10	0.2402581	-0.0070216167	-0.8806912	-4.061357e-17	0	300
4.4520000000004474e-10	0.2402847	-0.0071869763	-0.88073766	-4.0615822e-17	0	300
4.4530000000004477e-10	0.24030891	-0.007352726	-0.8807845	-4.0618062e-17	0	300
4.454000000000448e-10	0.24033074	-0.007518837	-0.8808318	-4.0620302e-17	0	300
4.4550000000004484e-10	0.24035017	-0.0076852683	-0.8808793	-4.062253e-17	0	300
4.4560000000004487e-10	0.2403672	-0.007851991	-0.88092726	-4.0624746e-17	0	300
4.457000000000449e-10	0.24038184	-0.008018968	-0.88097584	-4.0626943e-17	0	300
4.4580000000004493e-10	0.24039413	-0.008186166	-0.88102454	-4.0629143e-17	0	300
4.4590000000004496e-10	0.24040401	-0.008353554	-0.8810737	-4.0631337e-17	0	300
4.46000000000045e-10	0.2404115	-0.008521097	-0.88112324	-4.063352e-17	0	300
4.46100000000045e-10	0.24041665	-0.008688765	-0.8811732	-4.0635694e-17	0	300
4.4620000000004505e-10	0.24041943	-0.008856517	-0.8812235	-4.0637858e-17	0	300
4.463000000000451e-10	0.24041983	-0.0090243295	-0.8812742	-4.0640012e-17	0	300
4.464000000000451e-10	0.24041787	-0.009192165	-0.8813254	-4.0642156e-17	0	300
4.4650000000004514e-10	0.24041355	-0.009359992	-0.8813769	-4.0644297e-17	0	300
4.4660000000004517e-10	0.2404069	-0.00952778	-0.88142884	-4.064642e-17	0	300
4.467000000000452e-10	0.24039789	-0.009695495	-0.8814812	-4.0648535e-17	0	300
4.4680000000004523e-10	0.24038655	-0.009863105	-0.8815338	-4.065065e-17	0	300
4.4690000000004526e-10	0.2403729	-0.01003058	-0.88158697	-4.065274e-17	0	300
4.470000000000453e-10	0.24035689	-0.010197887	-0.8816404	-4.0654845e-17	0	300
4.4710000000004533e-10	0.24033858	-0.010364997	-0.8816943	-4.0656926e-17	0	300
4.4720000000004536e-10	0.24031797	-0.010531878	-0.88174856	-4.0659e-17	0	300
4.473000000000454e-10	0.24029508	-0.0106985	-0.8818033	-4.0661066e-17	0	300
4.474000000000454e-10	0.2402699	-0.010864832	-0.8818583	-4.066313e-17	0	300
4.4750000000004545e-10	0.24024242	-0.011030842	-0.8819137	-4.066517e-17	0	300
4.476000000000455e-10	0.2402127	-0.011196504	-0.88196963	-4.066722e-17	0	300
4.477000000000455e-10	0.2401807	-0.011361783	-0.88202584	-4.066925e-17	0	300
4.4780000000004554e-10	0.24014644	-0.0115266545	-0.8820824	-4.0671286e-17	0	300
4.4790000000004557e-10	0.24010998	-0.011691086	-0.8821394	-4.067331e-17	0	300
4.480000000000456e-10	0.2400713	-0.011855049	-0.8821968	-4.0675323e-17	0	300
4.4810000000004563e-10	0.24003038	-0.012018515	-0.88225454	-4.0677315e-17	0	300
4.4820000000004566e-10	0.23998727	-0.012181454	-0.88231266	-4.0679316e-17	0	300
4.483000000000457e-10	0.23994192	-0.012343839	-0.88237125	-4.0681302e-17	0	300
4.484000000000457e-10	0.23989446	-0.012505641	-0.8824302	-4.0683294e-17	0	300
4.4850000000004576e-10	0.23984483	-0.012666834	-0.88248944	-4.0685272e-17	0	300
4.486000000000458e-10	0.239793	-0.012827385	-0.8825491	-4.0687224e-17	0	300
4.487000000000458e-10	0.23973908	-0.012987274	-0.8826092	-4.0689196e-17	0	300
4.4880000000004585e-10	0.23968297	-0.013146468	-0.8826695	-4.0691155e-17	0	300
4.489000000000459e-10	0.23962481	-0.013304939	-0.8827303	-4.0693104e-17	0	300
4.490000000000459e-10	0.23956454	-0.013462665	-0.8827915	-4.0695043e-17	0	300
4.4910000000004594e-10	0.23950219	-0.013619618	-0.882853	-4.0696975e-17	0	300
4.4920000000004597e-10	0.23943774	-0.013775768	-0.88291484	-4.0698914e-17	0	300
4.49300000000046e-10	0.23937127	-0.013931091	-0.8829771	-4.0700813e-17	0	300
4.4940000000004603e-10	0.23930277	-0.014085563	-0.8830397	-4.0702736e-17	0	300
4.4950000000004606e-10	0.23923226	-0.014239157	-0.8831027	-4.070464e-17	0	300
4.496000000000461e-10	0.23915969	-0.014391845	-0.8831661	-4.0706544e-17	0	300
4.497000000000461e-10	0.23908517	-0.014543605	-0.88322973	-4.0708437e-17	0	300
4.4980000000004615e-10	0.23900868	-0.01469441	-0.8832937	-4.0710326e-17	0	300
4.499000000000462e-10	0.2389302	-0.01484424	-0.88335806	-4.07122e-17	0	300
4.500000000000462e-10	0.2388498	-0.014993062	-0.8834228	-4.0714085e-17	0	300
4.5010000000004625e-10	0.23876749	-0.01514086	-0.8834879	-4.0715954e-17	0	300
4.502000000000463e-10	0.23868328	-0.015287606	-0.88355327	-4.071782e-17	0	300
4.503000000000463e-10	0.23859718	-0.015433275	-0.88361895	-4.071967e-17	0	300
4.5040000000004634e-10	0.23850921	-0.015577846	-0.88368493	-4.0721526e-17	0	300
4.5050000000004637e-10	0.23841938	-0.015721295	-0.8837514	-4.0723375e-17	0	300
4.506000000000464e-10	0.23832776	-0.0158636	-0.88381803	-4.072521e-17	0	300
4.5070000000004643e-10	0.23823428	-0.016004736	-0.8838852	-4.0727045e-17	0	300
4.5080000000004646e-10	0.23813903	-0.016144684	-0.88395244	-4.072888e-17	0	300
4.509000000000465e-10	0.23804201	-0.016283417	-0.88402015	-4.073071e-17	0	300
4.510000000000465e-10	0.23794325	-0.016420918	-0.8840881	-4.073252e-17	0	300
4.5110000000004655e-10	0.23784274	-0.016557164	-0.88415635	-4.0734344e-17	0	300
4.512000000000466e-10	0.23774053	-0.016692134	-0.88422495	-4.073614e-17	0	300
4.513000000000466e-10	0.23763661	-0.016825804	-0.8842938	-4.073795e-17	0	300
4.5140000000004665e-10	0.23753104	-0.016958155	-0.884363	-4.0739737e-17	0	300
4.515000000000467e-10	0.2374238	-0.01708917	-0.8844325	-4.0741537e-17	0	300
4.516000000000467e-10	0.23731497	-0.017218823	-0.88450223	-4.074332e-17	0	300
4.5170000000004674e-10	0.23720452	-0.0173471	-0.88457227	-4.0745104e-17	0	300
4.5180000000004677e-10	0.2370925	-0.017473977	-0.88464254	-4.0746877e-17	0	300
4.519000000000468e-10	0.23697889	-0.017599437	-0.8847131	-4.0748657e-17	0	300
4.5200000000004683e-10	0.23686375	-0.017723462	-0.884784	-4.075041e-17	0	300
4.5210000000004686e-10	0.23674712	-0.017846031	-0.8848551	-4.0752178e-17	0	300
4.522000000000469e-10	0.236629	-0.017967127	-0.88492644	-4.075393e-17	0	300
4.523000000000469e-10	0.23650934	-0.018086735	-0.8849981	-4.0755682e-17	0	300
4.5240000000004695e-10	0.2363883	-0.018204834	-0.88506997	-4.0757435e-17	0	300
4.52500000000047e-10	0.23626581	-0.018321406	-0.88514215	-4.0759166e-17	0	300
4.52600000000047e-10	0.23614195	-0.018436441	-0.88521445	-4.0760906e-17	0	300
4.5270000000004704e-10	0.2360167	-0.018549915	-0.885287	-4.0762647e-17	0	300
4.528000000000471e-10	0.23589012	-0.018661818	-0.8853598	-4.0764364e-17	0	300
4.529000000000471e-10	0.23576218	-0.018772127	-0.8854329	-4.076609e-17	0	300
4.5300000000004714e-10	0.23563297	-0.018880833	-0.88550615	-4.0767808e-17	0	300
4.5310000000004717e-10	0.23550248	-0.018987922	-0.88557965	-4.076953e-17	0	300
4.532000000000472e-10	0.23537076	-0.019093376	-0.8856534	-4.0771233e-17	0	300
4.5330000000004723e-10	0.23523779	-0.019197179	-0.8857273	-4.077294e-17	0	300
4.5340000000004726e-10	0.23510362	-0.019299325	-0.8858014	-4.077463e-17	0	300
4.535000000000473e-10	0.2349683	-0.019399792	-0.8858757	-4.077632e-17	0	300
4.536000000000473e-10	0.23483184	-0.019498574	-0.8859502	-4.077803e-17	0	300
4.5370000000004735e-10	0.23469426	-0.019595655	-0.8860249	-4.0779713e-17	0	300
4.538000000000474e-10	0.23455557	-0.019691024	-0.88609964	-4.0781394e-17	0	300
4.539000000000474e-10	0.23441581	-0.019784668	-0.88617474	-4.078307e-17	0	300
4.5400000000004744e-10	0.23427503	-0.019876579	-0.8862499	-4.0784742e-17	0	300
4.5410000000004747e-10	0.23413324	-0.019966742	-0.8863253	-4.078641e-17	0	300
4.542000000000475e-10	0.23399046	-0.020055154	-0.88640076	-4.0788077e-17	0	300
4.5430000000004753e-10	0.23384671	-0.020141795	-0.8864765	-4.0789732e-17	0	300
4.5440000000004757e-10	0.23370206	-0.020226661	-0.8865523	-4.0791396e-17	0	300
4.545000000000476e-10	0.23355648	-0.020309744	-0.8866282	-4.079305e-17	0	300
4.5460000000004763e-10	0.23341002	-0.020391036	-0.8867043	-4.0794682e-17	0	300
4.5470000000004766e-10	0.23326272	-0.020470522	-0.8867805	-4.0796326e-17	0	300
4.548000000000477e-10	0.23311463	-0.020548202	-0.88685685	-4.0797964e-17	0	300
4.549000000000477e-10	0.2329657	-0.020624068	-0.8869333	-4.0799605e-17	0	300
4.5500000000004775e-10	0.23281601	-0.020698108	-0.88700986	-4.0801233e-17	0	300
4.551000000000478e-10	0.2326656	-0.020770319	-0.8870865	-4.080285e-17	0	300
4.552000000000478e-10	0.2325145	-0.020840693	-0.8871633	-4.0804485e-17	0	300
4.5530000000004784e-10	0.2323627	-0.020909227	-0.8872401	-4.0806097e-17	0	300
4.5540000000004787e-10	0.23221023	-0.020975918	-0.88731706	-4.0807715e-17	0	300
4.555000000000479e-10	0.23205715	-0.021040753	-0.8873941	-4.0809326e-17	0	300
4.5560000000004793e-10	0.2319035	-0.021103734	-0.8874712	-4.0810918e-17	0	300
4.5570000000004796e-10	0.23174927	-0.021164859	-0.8875484	-4.0812532e-17	0	300
4.55800000000048e-10	0.23159446	-0.021224119	-0.8876256	-4.0814127e-17	0	300
4.55900000000048e-10	0.23143919	-0.021281514	-0.8877029	-4.081571e-17	0	300
4.5600000000004806e-10	0.2312834	-0.021337043	-0.8877803	-4.0817287e-17	0	300
4.561000000000481e-10	0.23112717	-0.021390699	-0.8878576	-4.0818888e-17	0	300
4.562000000000481e-10	0.23097052	-0.021442482	-0.8879352	-4.082047e-17	0	300
4.5630000000004815e-10	0.23081344	-0.021492396	-0.8880126	-4.0822045e-17	0	300
4.564000000000482e-10	0.23065603	-0.021540437	-0.88809013	-4.0823613e-17	0	300
4.565000000000482e-10	0.23049824	-0.021586599	-0.88816774	-4.0825185e-17	0	300
4.5660000000004824e-10	0.23034017	-0.02163089	-0.88824534	-4.0826756e-17	0	300
4.5670000000004827e-10	0.23018178	-0.021673309	-0.88832295	-4.0828308e-17	0	300
4.568000000000483e-10	0.23002313	-0.02171385	-0.8884005	-4.0829873e-17	0	300
4.5690000000004833e-10	0.22986428	-0.02175252	-0.8884782	-4.0831412e-17	0	300
4.5700000000004836e-10	0.22970521	-0.021789325	-0.8885557	-4.0832957e-17	0	300
4.571000000000484e-10	0.22954597	-0.02182426	-0.88863325	-4.083451e-17	0	300
4.572000000000484e-10	0.22938657	-0.021857325	-0.8887109	-4.0836044e-17	0	300
4.5730000000004845e-10	0.22922705	-0.021888532	-0.8887885	-4.0837586e-17	0	300
4.574000000000485e-10	0.22906743	-0.021917876	-0.88886607	-4.083912e-17	0	300
4.575000000000485e-10	0.22890775	-0.021945367	-0.8889436	-4.084064e-17	0	300
4.5760000000004855e-10	0.22874802	-0.021971006	-0.88902116	-4.0842162e-17	0	300
4.577000000000486e-10	0.22858828	-0.021994796	-0.8890986	-4.0843687e-17	0	300
4.578000000000486e-10	0.22842857	-0.022016745	-0.889176	-4.0845213e-17	0	300
4.5790000000004864e-10	0.22826888	-0.022036856	-0.88925344	-4.0846715e-17	0	300
4.5800000000004867e-10	0.22810924	-0.022055136	-0.88933074	-4.084822e-17	0	300
4.581000000000487e-10	0.22794971	-0.022071589	-0.889408	-4.084974e-17	0	300
4.5820000000004873e-10	0.22779031	-0.022086224	-0.88948524	-4.0851228e-17	0	300
4.5830000000004876e-10	0.22763103	-0.022099048	-0.88956237	-4.0852733e-17	0	300
4.584000000000488e-10	0.22747195	-0.022110067	-0.88963944	-4.0854216e-17	0	300
4.585000000000488e-10	0.22731304	-0.022119286	-0.8897165	-4.0855714e-17	0	300
4.5860000000004885e-10	0.22715437	-0.022126714	-0.8897934	-4.0857203e-17	0	300
4.587000000000489e-10	0.22699593	-0.022132363	-0.88987035	-4.0858682e-17	0	300
4.588000000000489e-10	0.22683778	-0.022136237	-0.88994706	-4.0860158e-17	0	300
4.5890000000004895e-10	0.22667992	-0.022138348	-0.89002377	-4.0861627e-17	0	300
4.59000000000049e-10	0.22652239	-0.022138704	-0.89010024	-4.0863096e-17	0	300
4.59100000000049e-10	0.22636521	-0.022137314	-0.89017683	-4.086458e-17	0	300
4.5920000000004904e-10	0.22620837	-0.022134189	-0.8902532	-4.0866024e-17	0	300
4.5930000000004907e-10	0.22605194	-0.022129338	-0.8903294	-4.0867497e-17	0	300
4.594000000000491e-10	0.22589594	-0.022122776	-0.8904055	-4.0868956e-17	0	300
4.5950000000004913e-10	0.22574037	-0.02211451	-0.89048153	-4.087041e-17	0	300
4.5960000000004916e-10	0.22558528	-0.02210455	-0.89055747	-4.0871848e-17	0	300
4.597000000000492e-10	0.22543068	-0.022092914	-0.8906332	-4.08733e-17	0	300
4.598000000000492e-10	0.22527659	-0.022079611	-0.8907088	-4.0874726e-17	0	300
4.5990000000004925e-10	0.22512305	-0.022064649	-0.8907844	-4.0876176e-17	0	300
4.600000000000493e-10	0.22497004	-0.022048047	-0.8908598	-4.0877595e-17	0	300
4.601000000000493e-10	0.22481763	-0.022029815	-0.89093494	-4.0879034e-17	0	300
4.6020000000004934e-10	0.2246658	-0.022009969	-0.89101005	-4.088045e-17	0	300
4.603000000000494e-10	0.22451463	-0.02198852	-0.891085	-4.0881883e-17	0	300
4.604000000000494e-10	0.2243641	-0.021965483	-0.8911597	-4.08833e-17	0	300
4.6050000000004944e-10	0.22421423	-0.021940872	-0.8912343	-4.0884712e-17	0	300
4.6060000000004947e-10	0.22406504	-0.021914706	-0.8913087	-4.088614e-17	0	300
4.607000000000495e-10	0.22391659	-0.021886991	-0.89138305	-4.0887548e-17	0	300
4.6080000000004953e-10	0.22376886	-0.021857753	-0.89145714	-4.088894e-17	0	300
4.6090000000004956e-10	0.22362188	-0.021827	-0.89153105	-4.0890343e-17	0	300
4.610000000000496e-10	0.22347566	-0.021794748	-0.8916048	-4.0891733e-17	0	300
4.611000000000496e-10	0.22333024	-0.021761019	-0.8916784	-4.0893133e-17	0	300
4.6120000000004965e-10	0.22318563	-0.021725826	-0.8917518	-4.089452e-17	0	300
4.613000000000497e-10	0.22304186	-0.021689186	-0.8918251	-4.0895912e-17	0	300
4.614000000000497e-10	0.22289895	-0.021651112	-0.8918981	-4.0897305e-17	0	300
4.6150000000004974e-10	0.22275689	-0.02161163	-0.8919708	-4.089867e-17	0	300
4.6160000000004977e-10	0.22261573	-0.021570753	-0.8920435	-4.090005e-17	0	300
4.617000000000498e-10	0.22247545	-0.021528497	-0.892116	-4.0901424e-17	0	300
4.6180000000004984e-10	0.22233608	-0.021484884	-0.89218813	-4.09028e-17	0	300
4.6190000000004987e-10	0.22219768	-0.021439927	-0.89226013	-4.0904164e-17	0	300
4.620000000000499e-10	0.22206023	-0.021393651	-0.89233196	-4.0905514e-17	0	300
4.6210000000004993e-10	0.22192377	-0.021346068	-0.8924035	-4.090688e-17	0	300
4.6220000000004996e-10	0.22178829	-0.021297205	-0.89247495	-4.0908244e-17	0	300
4.6230000000005e-10	0.2216538	-0.021247078	-0.89254606	-4.0909584e-17	0	300
4.6240000000005e-10	0.22152035	-0.0211957	-0.892617	-4.0910934e-17	0	300
4.6250000000005005e-10	0.22138794	-0.021143101	-0.8926877	-4.0912284e-17	0	300
4.626000000000501e-10	0.22125655	-0.021089297	-0.8927582	-4.0913627e-17	0	300
4.627000000000501e-10	0.22112626	-0.021034302	-0.89282835	-4.091496e-17	0	300
4.6280000000005014e-10	0.220997	-0.020978145	-0.8928985	-4.0916297e-17	0	300
4.6290000000005017e-10	0.22086889	-0.020920845	-0.8929682	-4.0917627e-17	0	300
4.630000000000502e-10	0.22074187	-0.020862415	-0.89303774	-4.0918954e-17	0	300
4.6310000000005023e-10	0.22061595	-0.020802883	-0.89310706	-4.092027e-17	0	300
4.6320000000005026e-10	0.22049117	-0.020742271	-0.8931762	-4.0921594e-17	0	300
4.633000000000503e-10	0.22036755	-0.020680595	-0.893245	-4.0922918e-17	0	300
4.6340000000005033e-10	0.2202451	-0.02061788	-0.8933135	-4.092424e-17	0	300
4.6350000000005036e-10	0.22012375	-0.02055414	-0.8933819	-4.0925548e-17	0	300
4.636000000000504e-10	0.22000365	-0.020489406	-0.89345	-4.0926855e-17	0	300
4.637000000000504e-10	0.2198847	-0.020423694	-0.893518	-4.0928156e-17	0	300
4.6380000000005045e-10	0.21976697	-0.020357028	-0.89358544	-4.0929466e-17	0	300
4.639000000000505e-10	0.21965043	-0.020289425	-0.89365274	-4.0930753e-17	0	300
4.640000000000505e-10	0.21953514	-0.020220911	-0.8937198	-4.0932057e-17	0	300
4.6410000000005054e-10	0.21942106	-0.020151509	-0.89378667	-4.0933347e-17	0	300
4.6420000000005057e-10	0.21930823	-0.020081237	-0.8938533	-4.0934634e-17	0	300
4.643000000000506e-10	0.21919663	-0.020010116	-0.8939195	-4.0935928e-17	0	300
4.6440000000005063e-10	0.21908629	-0.019938173	-0.8939855	-4.0937218e-17	0	300
4.6450000000005066e-10	0.21897721	-0.019865425	-0.8940514	-4.09385e-17	0	300
4.646000000000507e-10	0.21886942	-0.019791896	-0.8941169	-4.093977e-17	0	300
4.647000000000507e-10	0.21876287	-0.019717611	-0.8941821	-4.0941046e-17	0	300
4.6480000000005076e-10	0.21865763	-0.019642588	-0.89424706	-4.0942317e-17	0	300
4.649000000000508e-10	0.21855366	-0.019566847	-0.8943118	-4.094359e-17	0	300
4.650000000000508e-10	0.21845096	-0.019490413	-0.8943763	-4.0944855e-17	0	300
4.6510000000005085e-10	0.2183496	-0.019413313	-0.8944404	-4.094612e-17	0	300
4.652000000000509e-10	0.21824954	-0.019335559	-0.8945044	-4.094738e-17	0	300
4.653000000000509e-10	0.21815076	-0.019257179	-0.8945681	-4.0948633e-17	0	300
4.6540000000005094e-10	0.21805334	-0.019178191	-0.8946314	-4.094989e-17	0	300
4.6550000000005097e-10	0.21795721	-0.01909862	-0.89469457	-4.0951138e-17	0	300
4.65600000000051e-10	0.21786241	-0.01901849	-0.8947574	-4.0952392e-17	0	300
4.65700000000051e-10	0.21776892	-0.018937819	-0.89482003	-4.095363e-17	0	300
4.658000000000511e-10	0.21767676	-0.018856628	-0.89488226	-4.095488e-17	0	300
4.659000000000511e-10	0.21758592	-0.01877494	-0.8949443	-4.095613e-17	0	300
4.660000000000511e-10	0.21749644	-0.018692775	-0.89500606	-4.095737e-17	0	300
4.661000000000512e-10	0.21740827	-0.018610157	-0.8950675	-4.09586e-17	0	300
4.662000000000512e-10	0.21732143	-0.018527105	-0.8951287	-4.0959827e-17	0	300
4.663000000000512e-10	0.21723594	-0.018443646	-0.89518964	-4.096106e-17	0	300
4.664000000000512e-10	0.21715179	-0.018359791	-0.8952504	-4.096229e-17	0	300
4.665000000000513e-10	0.21706896	-0.01827557	-0.8953107	-4.0963526e-17	0	300
4.666000000000513e-10	0.21698746	-0.018191	-0.89537084	-4.096474e-17	0	300
4.667000000000513e-10	0.21690732	-0.018106103	-0.8954307	-4.0965964e-17	0	300
4.668000000000514e-10	0.21682851	-0.018020898	-0.8954903	-4.096719e-17	0	300
4.669000000000514e-10	0.21675101	-0.017935406	-0.89554965	-4.0968406e-17	0	300
4.670000000000514e-10	0.21667488	-0.017849654	-0.89560866	-4.096962e-17	0	300
4.671000000000515e-10	0.21660006	-0.017763654	-0.89566743	-4.0970825e-17	0	300
4.672000000000515e-10	0.2165266	-0.017677426	-0.8957259	-4.097203e-17	0	300
4.673000000000515e-10	0.21645445	-0.017590996	-0.89578414	-4.0973253e-17	0	300
4.674000000000516e-10	0.21638362	-0.017504381	-0.8958421	-4.0974445e-17	0	300
4.675000000000516e-10	0.21631414	-0.017417602	-0.8958997	-4.0975656e-17	0	300
4.676000000000516e-10	0.21624595	-0.01733068	-0.8959572	-4.0976857e-17	0	300
4.677000000000516e-10	0.2161791	-0.017243631	-0.89601433	-4.097805e-17	0	300
4.678000000000517e-10	0.21611357	-0.017156478	-0.89607114	-4.0979252e-17	0	300
4.679000000000517e-10	0.21604933	-0.01706924	-0.8961278	-4.0980433e-17	0	300
4.680000000000517e-10	0.21598642	-0.016981933	-0.89618415	-4.0981628e-17	0	300
4.681000000000518e-10	0.21592481	-0.01689458	-0.8962402	-4.098282e-17	0	300
4.682000000000518e-10	0.21586451	-0.016807199	-0.89629596	-4.0984013e-17	0	300
4.683000000000518e-10	0.21580547	-0.016719809	-0.8963516	-4.09852e-17	0	300
4.684000000000519e-10	0.21574779	-0.016632427	-0.8964069	-4.098637e-17	0	300
4.685000000000519e-10	0.21569133	-0.016545076	-0.89646196	-4.098755e-17	0	300
4.686000000000519e-10	0.2156362	-0.016457766	-0.8965167	-4.0988725e-17	0	300
4.68700000000052e-10	0.21558233	-0.016370526	-0.89657116	-4.0989903e-17	0	300
4.68800000000052e-10	0.21552971	-0.016283365	-0.89662546	-4.0991078e-17	0	300
4.68900000000052e-10	0.21547838	-0.016196305	-0.8966794	-4.0992242e-17	0	300
4.69000000000052e-10	0.21542831	-0.016109366	-0.89673316	-4.099342e-17	0	300
4.691000000000521e-10	0.21537949	-0.016022563	-0.8967866	-4.099458e-17	0	300
4.692000000000521e-10	0.21533193	-0.015935913	-0.89683986	-4.0995756e-17	0	300
4.693000000000521e-10	0.21528558	-0.015849436	-0.89689285	-4.0996917e-17	0	300
4.694000000000522e-10	0.21524051	-0.015763147	-0.89694554	-4.0998072e-17	0	300
4.695000000000522e-10	0.21519662	-0.015677063	-0.89699805	-4.0999237e-17	0	300
4.696000000000522e-10	0.21515398	-0.015591201	-0.8970503	-4.1000385e-17	0	300
4.697000000000523e-10	0.21511255	-0.015505583	-0.89710224	-4.1001546e-17	0	300
4.698000000000523e-10	0.2150723	-0.015420216	-0.8971539	-4.1002694e-17	0	300
4.699000000000523e-10	0.21503326	-0.015335124	-0.89720535	-4.1003853e-17	0	300
4.700000000000524e-10	0.21499544	-0.015250321	-0.89725673	-4.1005e-17	0	300
4.701000000000524e-10	0.21495877	-0.015165822	-0.89730763	-4.1006142e-17	0	300
4.702000000000524e-10	0.21492328	-0.015081642	-0.8973584	-4.10073e-17	0	300
4.703000000000524e-10	0.21488896	-0.0149978	-0.8974089	-4.1008432e-17	0	300
4.704000000000525e-10	0.21485579	-0.01491431	-0.89745915	-4.100958e-17	0	300
4.705000000000525e-10	0.21482378	-0.014831186	-0.8975092	-4.1010718e-17	0	300
4.706000000000525e-10	0.21479289	-0.014748444	-0.8975589	-4.1011853e-17	0	300
4.707000000000526e-10	0.21476313	-0.014666101	-0.8976086	-4.1012988e-17	0	300
4.708000000000526e-10	0.21473451	-0.01458417	-0.8976579	-4.101412e-17	0	300
4.709000000000526e-10	0.21470699	-0.014502663	-0.897707	-4.1015254e-17	0	300
4.710000000000527e-10	0.21468057	-0.014421599	-0.89775586	-4.1016386e-17	0	300
4.711000000000527e-10	0.21465522	-0.014340988	-0.89780456	-4.1017518e-17	0	300
4.712000000000527e-10	0.21463099	-0.014260846	-0.89785296	-4.1018633e-17	0	300
4.713000000000527e-10	0.2146078	-0.014181189	-0.8979012	-4.1019764e-17	0	300
4.714000000000528e-10	0.21458568	-0.014102025	-0.8979491	-4.1020883e-17	0	300
4.715000000000528e-10	0.2145646	-0.014023373	-0.8979969	-4.1022007e-17	0	300
4.716000000000528e-10	0.21454458	-0.0139452405	-0.89804447	-4.1023123e-17	0	300
4.717000000000529e-10	0.21452558	-0.013867645	-0.89809173	-4.102424e-17	0	300
4.718000000000529e-10	0.21450758	-0.013790598	-0.8981389	-4.1025356e-17	0	300
4.719000000000529e-10	0.2144906	-0.01371411	-0.8981858	-4.1026478e-17	0	300
4.72000000000053e-10	0.21447462	-0.013638194	-0.89823246	-4.1027586e-17	0	300
4.72100000000053e-10	0.21445963	-0.013562862	-0.8982791	-4.1028694e-17	0	300
4.72200000000053e-10	0.21444562	-0.013488127	-0.89832526	-4.1029806e-17	0	300
4.723000000000531e-10	0.21443255	-0.013413998	-0.8983714	-4.1030908e-17	0	300
4.724000000000531e-10	0.21442042	-0.013340489	-0.89841723	-4.103202e-17	0	300
4.725000000000531e-10	0.21440926	-0.013267609	-0.898463	-4.1033118e-17	0	300
4.726000000000531e-10	0.21439902	-0.013195372	-0.8985084	-4.1034227e-17	0	300
4.727000000000532e-10	0.21438968	-0.0131237805	-0.8985537	-4.1035322e-17	0	300
4.728000000000532e-10	0.21438125	-0.013052853	-0.89859885	-4.1036414e-17	0	300
4.729000000000532e-10	0.2143737	-0.012982595	-0.89864373	-4.103751e-17	0	300
4.730000000000533e-10	0.21436703	-0.0129130175	-0.8986885	-4.1038617e-17	0	300
4.731000000000533e-10	0.21436124	-0.01284413	-0.8987331	-4.10397e-17	0	300
4.732000000000533e-10	0.21435629	-0.012775943	-0.8987775	-4.1040794e-17	0	300
4.733000000000534e-10	0.21435218	-0.012708463	-0.8988216	-4.10419e-17	0	300
4.734000000000534e-10	0.2143489	-0.012641701	-0.8988657	-4.1042975e-17	0	300
4.735000000000534e-10	0.21434644	-0.012575665	-0.8989095	-4.104406e-17	0	300
4.736000000000535e-10	0.21434477	-0.01251036	-0.8989532	-4.1045152e-17	0	300
4.737000000000535e-10	0.21434389	-0.012445798	-0.89899665	-4.1046224e-17	0	300
4.738000000000535e-10	0.21434377	-0.012381986	-0.8990401	-4.1047323e-17	0	300
4.739000000000535e-10	0.21434446	-0.01231893	-0.89908326	-4.10484e-17	0	300
4.740000000000536e-10	0.21434589	-0.012256637	-0.8991263	-4.1049483e-17	0	300
4.741000000000536e-10	0.21434803	-0.012195114	-0.8991691	-4.105056e-17	0	300
4.742000000000536e-10	0.21435091	-0.012134369	-0.89921176	-4.1051647e-17	0	300
4.743000000000537e-10	0.21435449	-0.012074411	-0.8992544	-4.105272e-17	0	300
4.744000000000537e-10	0.21435879	-0.01201524	-0.89929676	-4.1053798e-17	0	300
4.745000000000537e-10	0.21436374	-0.011956868	-0.8993391	-4.105486e-17	0	300
4.746000000000538e-10	0.21436942	-0.011899294	-0.8993812	-4.1055942e-17	0	300
4.747000000000538e-10	0.2143757	-0.01184253	-0.8994232	-4.1056997e-17	0	300
4.748000000000538e-10	0.21438266	-0.011786576	-0.89946496	-4.105808e-17	0	300
4.749000000000539e-10	0.21439025	-0.011731443	-0.8995067	-4.1059138e-17	0	300
4.750000000000539e-10	0.21439846	-0.011677129	-0.8995483	-4.1060197e-17	0	300
4.751000000000539e-10	0.21440727	-0.011623644	-0.89958966	-4.1061265e-17	0	300
4.752000000000539e-10	0.21441667	-0.01157099	-0.8996311	-4.1062334e-17	0	300
4.75300000000054e-10	0.21442667	-0.011519171	-0.89967215	-4.1063393e-17	0	300
4.75400000000054e-10	0.21443722	-0.01146819	-0.8997132	-4.1064452e-17	0	300
4.75500000000054e-10	0.21444833	-0.011418054	-0.8997543	-4.1065514e-17	0	300
4.756000000000541e-10	0.21446	-0.011368764	-0.899795	-4.1066576e-17	0	300
4.757000000000541e-10	0.21447217	-0.011320321	-0.89983577	-4.1067628e-17	0	300
4.758000000000541e-10	0.21448484	-0.011272733	-0.89987636	-4.1068684e-17	0	300
4.759000000000542e-10	0.21449807	-0.011226	-0.89991677	-4.1069736e-17	0	300
4.760000000000542e-10	0.21451175	-0.011180125	-0.8999571	-4.107079e-17	0	300
4.761000000000542e-10	0.21452592	-0.011135109	-0.8999975	-4.1071843e-17	0	300
4.762000000000543e-10	0.21454056	-0.011090957	-0.90003765	-4.10729e-17	0	300
4.763000000000543e-10	0.21455564	-0.011047669	-0.90007764	-4.107394e-17	0	300
4.764000000000543e-10	0.21457116	-0.011005249	-0.90011764	-4.1074973e-17	0	300
4.765000000000543e-10	0.21458712	-0.010963696	-0.90015745	-4.107603e-17	0	300
4.766000000000544e-10	0.21460348	-0.010923011	-0.90019727	-4.107708e-17	0	300
4.767000000000544e-10	0.21462025	-0.0108832	-0.900237	-4.1078117e-17	0	300
4.768000000000544e-10	0.21463741	-0.010844261	-0.90027666	-4.107916e-17	0	300
4.769000000000545e-10	0.21465495	-0.0108061945	-0.9003162	-4.10802e-17	0	300
4.770000000000545e-10	0.21467286	-0.010769	-0.90035564	-4.1081247e-17	0	300
4.771000000000545e-10	0.21469112	-0.010732682	-0.9003949	-4.1082286e-17	0	300
4.772000000000546e-10	0.2147097	-0.010697239	-0.90043426	-4.1083318e-17	0	300
4.773000000000546e-10	0.21472862	-0.010662671	-0.9004735	-4.108434e-17	0	300
4.774000000000546e-10	0.21474788	-0.01062898	-0.9005126	-4.1085386e-17	0	300
4.775000000000547e-10	0.21476741	-0.010596164	-0.9005516	-4.1086425e-17	0	300
4.776000000000547e-10	0.21478724	-0.01056422	-0.9005906	-4.1087457e-17	0	300
4.777000000000547e-10	0.21480736	-0.010533154	-0.90062964	-4.108848e-17	0	300
4.778000000000547e-10	0.21482776	-0.010502962	-0.90066844	-4.1089512e-17	0	300
4.779000000000548e-10	0.21484837	-0.010473644	-0.90070724	-4.109053e-17	0	300
4.780000000000548e-10	0.21486929	-0.010445198	-0.90074605	-4.1091563e-17	0	300
4.781000000000548e-10	0.21489042	-0.010417625	-0.90078473	-4.109258e-17	0	300
4.782000000000549e-10	0.21491176	-0.010390922	-0.9008234	-4.1093615e-17	0	300
4.783000000000549e-10	0.2149333	-0.010365089	-0.900862	-4.1094627e-17	0	300
4.784000000000549e-10	0.21495506	-0.010340126	-0.9009005	-4.1095653e-17	0	300
4.78500000000055e-10	0.21497703	-0.010316029	-0.90093905	-4.109667e-17	0	300
4.78600000000055e-10	0.21499912	-0.010292798	-0.9009775	-4.1097694e-17	0	300
4.78700000000055e-10	0.21502143	-0.010270429	-0.9010159	-4.109871e-17	0	300
4.78800000000055e-10	0.21504386	-0.010248922	-0.90105426	-4.109972e-17	0	300
4.789000000000551e-10	0.21506646	-0.010228275	-0.90109265	-4.1100732e-17	0	300
4.790000000000551e-10	0.21508917	-0.010208486	-0.9011309	-4.110175e-17	0	300
4.791000000000551e-10	0.215112	-0.01018955	-0.90116924	-4.1102754e-17	0	300
4.792000000000552e-10	0.21513496	-0.010171467	-0.90120745	-4.110376e-17	0	300
4.793000000000552e-10	0.21515799	-0.010154234	-0.90124565	-4.1104775e-17	0	300
4.794000000000552e-10	0.21518116	-0.0101378495	-0.9012838	-4.1105774e-17	0	300
4.795000000000553e-10	0.21520434	-0.0101223085	-0.9013219	-4.1106793e-17	0	300
4.796000000000553e-10	0.21522765	-0.010107607	-0.9013601	-4.11078e-17	0	300
4.797000000000553e-10	0.21525098	-0.010093743	-0.9013982	-4.1108805e-17	0	300
4.798000000000554e-10	0.21527436	-0.010080716	-0.90143627	-4.110979e-17	0	300
4.799000000000554e-10	0.21529777	-0.010068516	-0.90147436	-4.11108e-17	0	300
4.800000000000554e-10	0.21532121	-0.010057148	-0.9015125	-4.1111803e-17	0	300
4.801000000000554e-10	0.21534468	-0.010046599	-0.90155053	-4.1112802e-17	0	300
4.802000000000555e-10	0.21536815	-0.010036873	-0.9015886	-4.1113808e-17	0	300
4.803000000000555e-10	0.2153916	-0.010027961	-0.9016266	-4.1114797e-17	0	300
4.804000000000555e-10	0.21541505	-0.010019861	-0.90166473	-4.1115783e-17	0	300
4.805000000000556e-10	0.21543844	-0.010012567	-0.9017027	-4.111679e-17	0	300
4.806000000000556e-10	0.21546179	-0.0100060785	-0.9017408	-4.111778e-17	0	300
4.807000000000556e-10	0.21548516	-0.010000386	-0.90177876	-4.111877e-17	0	300
4.808000000000557e-10	0.2155084	-0.0099954875	-0.90181696	-4.1119764e-17	0	300
4.809000000000557e-10	0.21553162	-0.009991376	-0.901855	-4.1120756e-17	0	300
4.810000000000557e-10	0.21555474	-0.009988049	-0.901893	-4.112174e-17	0	300
4.811000000000558e-10	0.2155778	-0.009985499	-0.90193105	-4.112272e-17	0	300
4.812000000000558e-10	0.21560073	-0.009983723	-0.9019692	-4.1123718e-17	0	300
4.813000000000558e-10	0.21562356	-0.009982716	-0.9020072	-4.112469e-17	0	300
4.814000000000558e-10	0.2156463	-0.009982469	-0.90204537	-4.1125683e-17	0	300
4.815000000000559e-10	0.2156689	-0.009982979	-0.90208364	-4.1126666e-17	0	300
4.816000000000559e-10	0.21569134	-0.009984238	-0.90212166	-4.112765e-17	0	300
4.817000000000559e-10	0.21571365	-0.009986242	-0.9021598	-4.1128624e-17	0	300
4.81800000000056e-10	0.21573582	-0.009988986	-0.902198	-4.1129604e-17	0	300
4.81900000000056e-10	0.21575783	-0.00999246	-0.90223634	-4.113057e-17	0	300
4.82000000000056e-10	0.21577966	-0.009996662	-0.9022746	-4.1131553e-17	0	300
4.821000000000561e-10	0.21580131	-0.010001583	-0.9023129	-4.1132535e-17	0	300
4.822000000000561e-10	0.21582279	-0.010007217	-0.90235126	-4.1133515e-17	0	300
4.823000000000561e-10	0.21584405	-0.010013555	-0.9023896	-4.113449e-17	0	300
4.824000000000562e-10	0.21586512	-0.010020595	-0.9024281	-4.1135454e-17	0	300
4.825000000000562e-10	0.21588598	-0.010028327	-0.9024665	-4.113643e-17	0	300
4.826000000000562e-10	0.21590658	-0.010036744	-0.9025049	-4.11374e-17	0	300
4.827000000000562e-10	0.21592698	-0.010045839	-0.9025434	-4.113838e-17	0	300
4.828000000000563e-10	0.21594714	-0.010055606	-0.90258205	-4.1139338e-17	0	300
4.829000000000563e-10	0.21596704	-0.010066038	-0.90262073	-4.114029e-17	0	300
4.830000000000563e-10	0.21598671	-0.010077124	-0.9026593	-4.114127e-17	0	300
4.831000000000564e-10	0.21600607	-0.010088861	-0.90269804	-4.1142233e-17	0	300
4.832000000000564e-10	0.21602522	-0.010101238	-0.9027368	-4.1143193e-17	0	300
4.833000000000564e-10	0.21604404	-0.010114251	-0.9027755	-4.1144162e-17	0	300
4.834000000000565e-10	0.21606258	-0.010127889	-0.9028145	-4.1145138e-17	0	300
4.835000000000565e-10	0.21608084	-0.010142144	-0.90285337	-4.1146085e-17	0	300
4.836000000000565e-10	0.2160988	-0.010157012	-0.90289235	-4.1147057e-17	0	300
4.837000000000566e-10	0.21611644	-0.010172481	-0.90293145	-4.1148007e-17	0	300
4.838000000000566e-10	0.2161338	-0.010188545	-0.90297055	-4.1148976e-17	0	300
4.839000000000566e-10	0.21615079	-0.010205196	-0.9030097	-4.1149916e-17	0	300
4.840000000000566e-10	0.21616748	-0.010222426	-0.90304893	-4.1150872e-17	0	300
4.841000000000567e-10	0.21618381	-0.010240224	-0.9030882	-4.115184e-17	0	300
4.842000000000567e-10	0.21619983	-0.010258586	-0.9031277	-4.115279e-17	0	300
4.843000000000567e-10	0.21621552	-0.0102775	-0.903167	-4.1153744e-17	0	300
4.844000000000568e-10	0.2162308	-0.010296961	-0.90320647	-4.1154697e-17	0	300
4.845000000000568e-10	0.21624576	-0.010316959	-0.9032461	-4.1155657e-17	0	300
4.846000000000568e-10	0.21626034	-0.010337485	-0.9032857	-4.115661e-17	0	300
4.847000000000569e-10	0.21627451	-0.010358534	-0.90332544	-4.1157566e-17	0	300
4.848000000000569e-10	0.21628836	-0.010380092	-0.9033652	-4.1158502e-17	0	300
4.849000000000569e-10	0.2163018	-0.010402155	-0.9034051	-4.1159455e-17	0	300
4.85000000000057e-10	0.21631488	-0.010424713	-0.903445	-4.116041e-17	0	300
4.85100000000057e-10	0.21632753	-0.010447757	-0.90348494	-4.116134e-17	0	300
4.85200000000057e-10	0.2163398	-0.010471281	-0.9035251	-4.1162287e-17	0	300
4.85300000000057e-10	0.21635166	-0.010495274	-0.9035653	-4.1163237e-17	0	300
4.854000000000571e-10	0.2163631	-0.010519728	-0.90360546	-4.1164183e-17	0	300
4.855000000000571e-10	0.21637414	-0.0105446335	-0.9036458	-4.1165126e-17	0	300
4.856000000000571e-10	0.21638474	-0.010569986	-0.90368617	-4.1166073e-17	0	300
4.857000000000572e-10	0.21639493	-0.010595774	-0.9037267	-4.1167006e-17	0	300
4.858000000000572e-10	0.2164047	-0.010621987	-0.9037672	-4.1167945e-17	0	300
4.859000000000572e-10	0.21641403	-0.010648622	-0.9038079	-4.1168895e-17	0	300
4.860000000000573e-10	0.21642293	-0.010675667	-0.90384865	-4.1169825e-17	0	300
4.861000000000573e-10	0.21643138	-0.010703113	-0.9038895	-4.117077e-17	0	300
4.862000000000573e-10	0.2164394	-0.010730954	-0.9039303	-4.1171704e-17	0	300
4.863000000000574e-10	0.21644695	-0.0107591795	-0.90397125	-4.117264e-17	0	300
4.864000000000574e-10	0.21645406	-0.010787783	-0.9040124	-4.1173563e-17	0	300
4.865000000000574e-10	0.2164607	-0.010816752	-0.9040535	-4.11745e-17	0	300
4.866000000000574e-10	0.2164669	-0.010846084	-0.90409476	-4.1175443e-17	0	300
4.867000000000575e-10	0.21647261	-0.010875765	-0.9041362	-4.117638e-17	0	300
4.868000000000575e-10	0.2164779	-0.010905792	-0.9041776	-4.117731e-17	0	300
4.869000000000575e-10	0.21648268	-0.010936153	-0.90421903	-4.1178235e-17	0	300
4.870000000000576e-10	0.21648699	-0.010966841	-0.9042607	-4.117917e-17	0	300
4.871000000000576e-10	0.21649082	-0.010997847	-0.90430236	-4.1180095e-17	0	300
4.872000000000576e-10	0.2164942	-0.0110291615	-0.9043442	-4.118103e-17	0	300
4.873000000000577e-10	0.21649706	-0.011060781	-0.90438604	-4.1181954e-17	0	300
4.874000000000577e-10	0.21649943	-0.011092693	-0.904428	-4.1182878e-17	0	300
4.875000000000577e-10	0.21650137	-0.01112489	-0.9044701	-4.11838e-17	0	300
4.876000000000577e-10	0.21650277	-0.0111573655	-0.90451217	-4.118472e-17	0	300
4.877000000000578e-10	0.21650366	-0.011190109	-0.9045545	-4.1185647e-17	0	300
4.878000000000578e-10	0.21650411	-0.011223115	-0.9045968	-4.118658e-17	0	300
4.879000000000578e-10	0.21650402	-0.011256373	-0.9046393	-4.1187487e-17	0	300
4.880000000000579e-10	0.21650344	-0.011289876	-0.9046818	-4.1188416e-17	0	300
4.881000000000579e-10	0.21650237	-0.011323615	-0.9047245	-4.1189333e-17	0	300
4.882000000000579e-10	0.21650077	-0.011357583	-0.90476716	-4.1190263e-17	0	300
4.88300000000058e-10	0.21649864	-0.011391771	-0.90481	-4.119118e-17	0	300
4.88400000000058e-10	0.21649605	-0.011426173	-0.90485287	-4.11921e-17	0	300
4.88500000000058e-10	0.21649294	-0.011460778	-0.9048959	-4.119301e-17	0	300
4.886000000000581e-10	0.2164893	-0.011495581	-0.90493894	-4.1193932e-17	0	300
4.887000000000581e-10	0.21648514	-0.011530571	-0.9049822	-4.1194845e-17	0	300
4.888000000000581e-10	0.21648048	-0.01156574	-0.9050254	-4.1195765e-17	0	300
4.889000000000581e-10	0.21647528	-0.011601086	-0.9050689	-4.1196688e-17	0	300
4.890000000000582e-10	0.21646956	-0.011636592	-0.9051123	-4.1197605e-17	0	300
4.891000000000582e-10	0.21646334	-0.011672257	-0.9051559	-4.11985e-17	0	300
4.892000000000582e-10	0.21645659	-0.0117080705	-0.90519965	-4.1199418e-17	0	300
4.893000000000583e-10	0.21644929	-0.011744024	-0.9052433	-4.120034e-17	0	300
4.894000000000583e-10	0.21644148	-0.011780113	-0.90528715	-4.1201248e-17	0	300
4.895000000000583e-10	0.21643312	-0.011816325	-0.9053312	-4.1202167e-17	0	300
4.896000000000584e-10	0.21642427	-0.011852653	-0.9053753	-4.1203064e-17	0	300
4.897000000000584e-10	0.21641484	-0.011889091	-0.90541947	-4.1203977e-17	0	300
4.898000000000584e-10	0.2164049	-0.01192563	-0.9054637	-4.1204884e-17	0	300
4.899000000000585e-10	0.21639445	-0.011962263	-0.90550804	-4.120579e-17	0	300
4.900000000000585e-10	0.21638346	-0.011998982	-0.90555257	-4.1206704e-17	0	300
4.901000000000585e-10	0.2163719	-0.012035778	-0.90559703	-4.120761e-17	0	300
4.902000000000585e-10	0.21635982	-0.012072645	-0.9056417	-4.1208517e-17	0	300
4.903000000000586e-10	0.2163472	-0.012109576	-0.9056865	-4.120943e-17	0	300
4.904000000000586e-10	0.21633407	-0.01214656	-0.9057313	-4.121033e-17	0	300
4.905000000000586e-10	0.21632037	-0.01218359	-0.90577626	-4.1211233e-17	0	300
4.906000000000587e-10	0.21630616	-0.012220661	-0.9058213	-4.121214e-17	0	300
4.907000000000587e-10	0.21629137	-0.012257763	-0.9058665	-4.121305e-17	0	300
4.908000000000587e-10	0.21627608	-0.012294889	-0.9059116	-4.1213946e-17	0	300
4.909000000000588e-10	0.21626025	-0.012332032	-0.90595704	-4.1214843e-17	0	300
4.910000000000588e-10	0.21624385	-0.012369184	-0.90600246	-4.1215756e-17	0	300
4.911000000000588e-10	0.21622694	-0.012406337	-0.90604794	-4.1216653e-17	0	300
4.912000000000589e-10	0.21620947	-0.012443485	-0.9060936	-4.121755e-17	0	300
4.913000000000589e-10	0.21619147	-0.012480617	-0.9061394	-4.1218456e-17	0	300
4.914000000000589e-10	0.21617293	-0.012517728	-0.9061852	-4.121936e-17	0	300
4.915000000000589e-10	0.21615386	-0.012554813	-0.9062311	-4.1220263e-17	0	300
4.91600000000059e-10	0.21613422	-0.012591861	-0.90627706	-4.1221163e-17	0	300
4.91700000000059e-10	0.21611407	-0.012628865	-0.90632313	-4.122205e-17	0	300
4.91800000000059e-10	0.21609339	-0.01266582	-0.90636945	-4.1222953e-17	0	300
4.919000000000591e-10	0.21607216	-0.012702719	-0.90641564	-4.1223853e-17	0	300
4.920000000000591e-10	0.2160504	-0.012739552	-0.906462	-4.1224753e-17	0	300
4.921000000000591e-10	0.2160281	-0.012776315	-0.90650856	-4.1225646e-17	0	300
4.922000000000592e-10	0.21600524	-0.012812998	-0.90655506	-4.122654e-17	0	300
4.923000000000592e-10	0.2159819	-0.012849595	-0.90660185	-4.1227453e-17	0	300
4.924000000000592e-10	0.215958	-0.012886101	-0.90664864	-4.1228336e-17	0	300
4.925000000000593e-10	0.21593356	-0.012922508	-0.9066955	-4.122924e-17	0	300
4.926000000000593e-10	0.21590862	-0.012958809	-0.90674245	-4.1230136e-17	0	300
4.927000000000593e-10	0.21588314	-0.012994997	-0.9067894	-4.1231026e-17	0	300
4.928000000000593e-10	0.21585713	-0.013031066	-0.9068366	-4.1231926e-17	0	300
4.929000000000594e-10	0.2158306	-0.013067011	-0.9068838	-4.1232816e-17	0	300
4.930000000000594e-10	0.21580356	-0.013102823	-0.90693116	-4.123372e-17	0	300
4.931000000000594e-10	0.21577597	-0.013138497	-0.9069785	-4.1234616e-17	0	300
4.932000000000595e-10	0.21574791	-0.013174026	-0.907026	-4.1235503e-17	0	300
4.933000000000595e-10	0.21571928	-0.013209407	-0.9070736	-4.1236403e-17	0	300
4.934000000000595e-10	0.21569018	-0.013244631	-0.9071213	-4.1237293e-17	0	300
4.935000000000596e-10	0.21566053	-0.013279692	-0.90716904	-4.1238196e-17	0	300
4.936000000000596e-10	0.21563038	-0.013314584	-0.9072168	-4.1239073e-17	0	300
4.937000000000596e-10	0.21559975	-0.013349304	-0.90726477	-4.123998e-17	0	300
4.938000000000597e-10	0.21556862	-0.013383843	-0.90731275	-4.1240866e-17	0	300
4.939000000000597e-10	0.21553694	-0.013418198	-0.9073608	-4.1241746e-17	0	300
4.940000000000597e-10	0.2155048	-0.013452362	-0.907409	-4.1242656e-17	0	300
4.941000000000597e-10	0.21547215	-0.013486331	-0.90745723	-4.1243543e-17	0	300
4.942000000000598e-10	0.21543898	-0.013520097	-0.9075055	-4.1244433e-17	0	300
4.943000000000598e-10	0.21540534	-0.0135536585	-0.9075539	-4.124532e-17	0	300
4.944000000000598e-10	0.2153712	-0.013587009	-0.9076024	-4.1246216e-17	0	300
4.945000000000599e-10	0.21533659	-0.013620142	-0.907651	-4.1247103e-17	0	300
4.946000000000599e-10	0.21530153	-0.013653056	-0.90769964	-4.1247993e-17	0	300
4.947000000000599e-10	0.21526593	-0.013685743	-0.90774834	-4.124888e-17	0	300
4.9480000000006e-10	0.21522988	-0.013718201	-0.90779716	-4.1249763e-17	0	300
4.9490000000006e-10	0.21519335	-0.013750425	-0.9078461	-4.1250667e-17	0	300
4.9500000000006e-10	0.21515636	-0.013782408	-0.90789497	-4.125155e-17	0	300
4.9510000000006e-10	0.2151189	-0.013814149	-0.9079439	-4.1252427e-17	0	300
4.952000000000601e-10	0.21508099	-0.013845643	-0.9079931	-4.1253333e-17	0	300
4.953000000000601e-10	0.21504259	-0.013876884	-0.9080422	-4.125421e-17	0	300
4.954000000000601e-10	0.21500376	-0.01390787	-0.9080914	-4.1255097e-17	0	300
4.955000000000602e-10	0.21496448	-0.013938598	-0.9081406	-4.1256e-17	0	300
4.956000000000602e-10	0.21492474	-0.013969064	-0.90819	-4.125687e-17	0	300
4.957000000000602e-10	0.21488455	-0.01399926	-0.9082394	-4.125775e-17	0	300
4.958000000000603e-10	0.21484393	-0.014029188	-0.90828896	-4.1258654e-17	0	300
4.959000000000603e-10	0.21480283	-0.01405884	-0.9083384	-4.1259534e-17	0	300
4.960000000000603e-10	0.21476135	-0.014088219	-0.90838814	-4.126042e-17	0	300
4.961000000000604e-10	0.21471943	-0.014117313	-0.9084377	-4.1261304e-17	0	300
4.962000000000604e-10	0.21467707	-0.014146125	-0.9084874	-4.126219e-17	0	300
4.963000000000604e-10	0.21463425	-0.014174652	-0.90853727	-4.1263078e-17	0	300
4.964000000000604e-10	0.21459104	-0.014202889	-0.9085871	-4.1263964e-17	0	300
4.965000000000605e-10	0.21454743	-0.0142308315	-0.908637	-4.126485e-17	0	300
4.966000000000605e-10	0.2145034	-0.014258479	-0.90868694	-4.1265728e-17	0	300
4.967000000000605e-10	0.21445893	-0.014285828	-0.90873694	-4.1266625e-17	0	300
4.968000000000606e-10	0.21441408	-0.014312876	-0.908787	-4.1267508e-17	0	300
4.969000000000606e-10	0.21436882	-0.01433962	-0.90883714	-4.1268378e-17	0	300
4.970000000000606e-10	0.21432316	-0.014366059	-0.90888727	-4.1269275e-17	0	300
4.971000000000607e-10	0.21427713	-0.014392187	-0.90893745	-4.1270155e-17	0	300
4.972000000000607e-10	0.21423066	-0.014418004	-0.90898776	-4.127104e-17	0	300
4.973000000000607e-10	0.21418387	-0.014443509	-0.9090381	-4.127193e-17	0	300
4.974000000000608e-10	0.21413666	-0.014468698	-0.90908843	-4.1272805e-17	0	300
4.975000000000608e-10	0.21408907	-0.01449357	-0.9091389	-4.1273692e-17	0	300
4.976000000000608e-10	0.2140411	-0.014518118	-0.9091893	-4.127458e-17	0	300
4.977000000000608e-10	0.21399276	-0.014542347	-0.9092398	-4.127548e-17	0	300
4.978000000000609e-10	0.21394405	-0.014566251	-0.90929043	-4.127634e-17	0	300
4.979000000000609e-10	0.213895	-0.0145898275	-0.909341	-4.127723e-17	0	300
4.980000000000609e-10	0.21384554	-0.014613076	-0.9093915	-4.1278106e-17	0	300
4.98100000000061e-10	0.21379575	-0.014635993	-0.90944225	-4.1278993e-17	0	300
4.98200000000061e-10	0.21374561	-0.01465858	-0.90949297	-4.127988e-17	0	300
4.98300000000061e-10	0.21369514	-0.014680833	-0.90954375	-4.1280756e-17	0	300
4.984000000000611e-10	0.2136443	-0.014702749	-0.90959454	-4.128164e-17	0	300
4.985000000000611e-10	0.21359313	-0.014724327	-0.9096453	-4.1282526e-17	0	300
4.986000000000611e-10	0.21354163	-0.014745568	-0.9096962	-4.1283416e-17	0	300
4.987000000000612e-10	0.21348977	-0.014766468	-0.9097471	-4.1284293e-17	0	300
4.988000000000612e-10	0.21343762	-0.014787026	-0.9097981	-4.1285177e-17	0	300
4.989000000000612e-10	0.2133851	-0.014807237	-0.90984905	-4.1286037e-17	0	300
4.990000000000612e-10	0.2133323	-0.014827107	-0.90990007	-4.128693e-17	0	300
4.991000000000613e-10	0.21327914	-0.01484663	-0.9099511	-4.128783e-17	0	300
4.992000000000613e-10	0.21322569	-0.0148658035	-0.91000223	-4.128869e-17	0	300
4.993000000000613e-10	0.21317196	-0.01488463	-0.9100532	-4.1289587e-17	0	300
4.994000000000614e-10	0.21311787	-0.014903104	-0.9101044	-4.1290464e-17	0	300
4.995000000000614e-10	0.21306351	-0.0149212275	-0.91015553	-4.129136e-17	0	300
4.996000000000614e-10	0.21300885	-0.014938999	-0.91020674	-4.129223e-17	0	300
4.997000000000615e-10	0.2129539	-0.0149564175	-0.91025794	-4.1293118e-17	0	300
4.998000000000615e-10	0.21289864	-0.014973479	-0.9103092	-4.1294004e-17	0	300
4.999000000000615e-10	0.21284312	-0.014990186	-0.91036046	-4.1294888e-17	0	300
5.000000000000616e-10	0.21278732	-0.015006534	-0.9104118	-4.1295778e-17	0	300
5.001000000000616e-10	0.21273124	-0.015022526	-0.9104631	-4.1296648e-17	0	300
5.002000000000616e-10	0.21267489	-0.015038161	-0.91051435	-4.1297538e-17	0	300
5.003000000000616e-10	0.21261823	-0.015053435	-0.91056573	-4.129841e-17	0	300
5.004000000000617e-10	0.21256135	-0.015068349	-0.91061705	-4.1299305e-17	0	300
5.005000000000617e-10	0.21250422	-0.015082904	-0.9106685	-4.1300188e-17	0	300
5.006000000000617e-10	0.21244681	-0.015097096	-0.91072	-4.130108e-17	0	300
5.007000000000618e-10	0.21238919	-0.015110928	-0.9107713	-4.1301955e-17	0	300
5.008000000000618e-10	0.21233128	-0.015124396	-0.9108228	-4.1302855e-17	0	300
5.009000000000618e-10	0.21227314	-0.015137505	-0.91087437	-4.1303722e-17	0	300
5.010000000000619e-10	0.21221475	-0.015150249	-0.9109257	-4.1304612e-17	0	300
5.011000000000619e-10	0.21215616	-0.01516263	-0.91097724	-4.1305495e-17	0	300
5.012000000000619e-10	0.21209733	-0.015174649	-0.91102874	-4.130638e-17	0	300
5.01300000000062e-10	0.21203825	-0.015186303	-0.91108024	-4.1307266e-17	0	300
5.01400000000062e-10	0.21197899	-0.0151975965	-0.91113174	-4.1308152e-17	0	300
5.01500000000062e-10	0.21191949	-0.0152085265	-0.91118336	-4.1309036e-17	0	300
5.01600000000062e-10	0.21185979	-0.01521909	-0.91123486	-4.130993e-17	0	300
5.017000000000621e-10	0.21179987	-0.015229296	-0.9112865	-4.1310803e-17	0	300
5.018000000000621e-10	0.21173978	-0.015239135	-0.911338	-4.1311686e-17	0	300
5.019000000000621e-10	0.21167949	-0.015248616	-0.91138947	-4.131258e-17	0	300
5.020000000000622e-10	0.21161899	-0.015257733	-0.91144115	-4.1313463e-17	0	300
5.021000000000622e-10	0.2115583	-0.01526649	-0.91149265	-4.1314353e-17	0	300
5.022000000000622e-10	0.21149747	-0.015274886	-0.9115442	-4.1315233e-17	0	300
5.023000000000623e-10	0.21143642	-0.015282922	-0.9115958	-4.1316126e-17	0	300
5.024000000000623e-10	0.21137522	-0.015290603	-0.9116473	-4.1317016e-17	0	300
5.025000000000623e-10	0.21131384	-0.0152979195	-0.91169894	-4.1317903e-17	0	300
5.026000000000624e-10	0.2112523	-0.015304888	-0.91175044	-4.131879e-17	0	300
5.027000000000624e-10	0.21119061	-0.015311494	-0.91180205	-4.131968e-17	0	300
5.028000000000624e-10	0.21112877	-0.015317747	-0.91185355	-4.132056e-17	0	300
5.029000000000624e-10	0.21106678	-0.015323646	-0.9119051	-4.1321453e-17	0	300
5.030000000000625e-10	0.21100464	-0.015329193	-0.91195667	-4.132233e-17	0	300
5.031000000000625e-10	0.21094237	-0.01533439	-0.91200817	-4.1323214e-17	0	300
5.032000000000625e-10	0.21087995	-0.015339239	-0.91205966	-4.1324107e-17	0	300
5.033000000000626e-10	0.21081743	-0.015343737	-0.91211116	-4.132499e-17	0	300
5.034000000000626e-10	0.21075477	-0.015347891	-0.9121627	-4.1325887e-17	0	300
5.035000000000626e-10	0.21069199	-0.0153517	-0.9122142	-4.132676e-17	0	300
5.036000000000627e-10	0.21062909	-0.015355168	-0.9122657	-4.132765e-17	0	300
5.037000000000627e-10	0.21056609	-0.015358293	-0.91231716	-4.132855e-17	0	300
5.038000000000627e-10	0.21050297	-0.01536108	-0.9123686	-4.132943e-17	0	300
5.039000000000627e-10	0.21043977	-0.015363529	-0.91242	-4.1330324e-17	0	300
5.040000000000628e-10	0.21037647	-0.015365643	-0.9124715	-4.133121e-17	0	300
5.041000000000628e-10	0.21031305	-0.015367425	-0.91252285	-4.1332108e-17	0	300
5.042000000000628e-10	0.21024957	-0.015368878	-0.91257423	-4.133299e-17	0	300
5.043000000000629e-10	0.21018603	-0.01537	-0.91262555	-4.133387e-17	0	300
5.044000000000629e-10	0.21012238	-0.015370796	-0.9126769	-4.1334764e-17	0	300
5.045000000000629e-10	0.21005866	-0.0153712705	-0.9127282	-4.1335648e-17	0	300
5.04600000000063e-10	0.20999487	-0.015371421	-0.91277945	-4.1336545e-17	0	300
5.04700000000063e-10	0.20993103	-0.015371255	-0.9128307	-4.1337438e-17	0	300
5.04800000000063e-10	0.20986712	-0.015370769	-0.9128819	-4.1338325e-17	0	300
5.049000000000631e-10	0.20980316	-0.015369971	-0.9129332	-4.1339208e-17	0	300
5.050000000000631e-10	0.20973915	-0.015368861	-0.9129843	-4.134008e-17	0	300
5.051000000000631e-10	0.20967507	-0.015367442	-0.9130355	-4.134099e-17	0	300
5.052000000000631e-10	0.20961097	-0.015365717	-0.9130867	-4.1341878e-17	0	300
5.053000000000632e-10	0.20954685	-0.015363689	-0.9131378	-4.1342765e-17	0	300
5.054000000000632e-10	0.2094827	-0.015361358	-0.9131888	-4.1343665e-17	0	300
5.055000000000632e-10	0.20941845	-0.015358728	-0.91323984	-4.1344552e-17	0	300
5.056000000000633e-10	0.20935422	-0.015355801	-0.91329086	-4.134544e-17	0	300
5.057000000000633e-10	0.20928997	-0.0153525835	-0.9133419	-4.1346332e-17	0	300
5.058000000000633e-10	0.2092257	-0.015349076	-0.9133927	-4.134722e-17	0	300
5.059000000000634e-10	0.20916139	-0.015345281	-0.91344374	-4.13481e-17	0	300
5.060000000000634e-10	0.20909712	-0.015341198	-0.9134946	-4.1348985e-17	0	300
5.061000000000634e-10	0.2090328	-0.015336836	-0.91354537	-4.1349895e-17	0	300
5.062000000000635e-10	0.20896849	-0.015332193	-0.9135962	-4.1350782e-17	0	300
5.063000000000635e-10	0.20890418	-0.015327274	-0.91364694	-4.1351675e-17	0	300
5.064000000000635e-10	0.20883986	-0.015322079	-0.9136977	-4.1352565e-17	0	300
5.065000000000635e-10	0.20877558	-0.015316616	-0.9137484	-4.1353452e-17	0	300
5.066000000000636e-10	0.2087113	-0.015310882	-0.9137991	-4.135436e-17	0	300
5.067000000000636e-10	0.20864701	-0.015304885	-0.9138497	-4.1355242e-17	0	300
5.068000000000636e-10	0.20858276	-0.015298622	-0.91390026	-4.135613e-17	0	300
5.069000000000637e-10	0.20851852	-0.0152921	-0.91395086	-4.1357016e-17	0	300
5.070000000000637e-10	0.20845433	-0.01528532	-0.91400135	-4.1357912e-17	0	300
5.071000000000637e-10	0.20839015	-0.015278284	-0.91405183	-4.1358806e-17	0	300
5.072000000000638e-10	0.208326	-0.015270999	-0.9141022	-4.1359692e-17	0	300
5.073000000000638e-10	0.20826188	-0.015263464	-0.91415256	-4.1360592e-17	0	300
5.074000000000638e-10	0.20819782	-0.015255679	-0.9142029	-4.1361476e-17	0	300
5.075000000000639e-10	0.20813379	-0.015247653	-0.9142533	-4.136237e-17	0	300
5.076000000000639e-10	0.2080698	-0.015239384	-0.9143035	-4.1363276e-17	0	300
5.077000000000639e-10	0.20800588	-0.015230876	-0.9143537	-4.136417e-17	0	300
5.078000000000639e-10	0.20794198	-0.015222131	-0.9144039	-4.136506e-17	0	300
5.07900000000064e-10	0.20787814	-0.015213151	-0.914454	-4.1365952e-17	0	300
5.08000000000064e-10	0.20781438	-0.015203944	-0.91450405	-4.136684e-17	0	300
5.08100000000064e-10	0.20775065	-0.015194505	-0.9145542	-4.136774e-17	0	300
5.082000000000641e-10	0.20768702	-0.015184841	-0.9146042	-4.136863e-17	0	300
5.083000000000641e-10	0.20762344	-0.0151749505	-0.9146541	-4.1369526e-17	0	300
5.084000000000641e-10	0.2075599	-0.015164841	-0.914704	-4.1370413e-17	0	300
5.085000000000642e-10	0.2074965	-0.015154514	-0.9147538	-4.1371313e-17	0	300
5.086000000000642e-10	0.2074331	-0.01514397	-0.9148037	-4.137221e-17	0	300
5.087000000000642e-10	0.20736983	-0.015133214	-0.91485345	-4.1373113e-17	0	300
5.088000000000643e-10	0.20730664	-0.015122245	-0.9149031	-4.137401e-17	0	300
5.089000000000643e-10	0.2072435	-0.015111066	-0.91495275	-4.1374896e-17	0	300
5.090000000000643e-10	0.2071805	-0.015099684	-0.91500247	-4.13758e-17	0	300
5.091000000000643e-10	0.20711756	-0.015088096	-0.915052	-4.137669e-17	0	300
5.092000000000644e-10	0.20705473	-0.015076308	-0.9151015	-4.1377586e-17	0	300
5.093000000000644e-10	0.20699197	-0.0150643205	-0.915151	-4.137848e-17	0	300
5.094000000000644e-10	0.20692933	-0.015052139	-0.9152005	-4.137938e-17	0	300
5.095000000000645e-10	0.20686679	-0.015039761	-0.9152498	-4.138027e-17	0	300
5.096000000000645e-10	0.20680438	-0.015027193	-0.91529924	-4.1381173e-17	0	300
5.097000000000645e-10	0.20674206	-0.015014435	-0.9153484	-4.138207e-17	0	300
5.098000000000646e-10	0.20667985	-0.0150014935	-0.91539764	-4.1382976e-17	0	300
5.099000000000646e-10	0.20661773	-0.0149883665	-0.9154469	-4.138386e-17	0	300
5.100000000000646e-10	0.20655575	-0.014975058	-0.91549605	-4.138476e-17	0	300
5.101000000000647e-10	0.2064939	-0.0149615705	-0.91554505	-4.138566e-17	0	300
5.102000000000647e-10	0.20643216	-0.014947911	-0.915594	-4.138657e-17	0	300
5.103000000000647e-10	0.20637058	-0.014934074	-0.9156431	-4.1387456e-17	0	300
5.104000000000647e-10	0.20630908	-0.014920069	-0.915692	-4.1388356e-17	0	300
5.105000000000648e-10	0.20624775	-0.014905892	-0.9157409	-4.138926e-17	0	300
5.106000000000648e-10	0.20618655	-0.014891552	-0.91578966	-4.1390156e-17	0	300
5.107000000000648e-10	0.20612548	-0.014877049	-0.9158384	-4.1391056e-17	0	300
5.108000000000649e-10	0.20606455	-0.014862386	-0.91588724	-4.1391952e-17	0	300
5.109000000000649e-10	0.20600377	-0.014847565	-0.9159359	-4.139286e-17	0	300
5.110000000000649e-10	0.20594314	-0.01483259	-0.9159845	-4.1393746e-17	0	300
5.11100000000065e-10	0.20588265	-0.014817462	-0.91603297	-4.1394652e-17	0	300
5.11200000000065e-10	0.2058223	-0.014802188	-0.9160814	-4.1395556e-17	0	300
5.11300000000065e-10	0.20576218	-0.014786765	-0.9161299	-4.139645e-17	0	300
5.11400000000065e-10	0.20570216	-0.014771195	-0.91617835	-4.1397352e-17	0	300
5.115000000000651e-10	0.20564228	-0.014755489	-0.9162266	-4.1398242e-17	0	300
5.116000000000651e-10	0.2055826	-0.014739643	-0.91627485	-4.1399146e-17	0	300
5.117000000000651e-10	0.20552309	-0.014723662	-0.91632307	-4.140005e-17	0	300
5.118000000000652e-10	0.20546374	-0.014707549	-0.9163712	-4.1400952e-17	0	300
5.119000000000652e-10	0.20540456	-0.014691306	-0.91641927	-4.140185e-17	0	300
5.120000000000652e-10	0.20534557	-0.014674939	-0.9164673	-4.1402745e-17	0	300
5.121000000000653e-10	0.20528673	-0.014658447	-0.9165153	-4.1403655e-17	0	300
5.122000000000653e-10	0.20522809	-0.014641834	-0.9165632	-4.1404542e-17	0	300
5.123000000000653e-10	0.20516965	-0.014625103	-0.91661114	-4.1405452e-17	0	300
5.124000000000654e-10	0.20511138	-0.01460826	-0.916659	-4.1406345e-17	0	300
5.125000000000654e-10	0.20505328	-0.014591305	-0.9167066	-4.1407242e-17	0	300
5.126000000000654e-10	0.20499538	-0.014574241	-0.91675436	-4.140815e-17	0	300
5.127000000000654e-10	0.2049377	-0.01455707	-0.916802	-4.1409052e-17	0	300
5.128000000000655e-10	0.2048802	-0.014539798	-0.9168495	-4.1409955e-17	0	300
5.129000000000655e-10	0.20482288	-0.014522426	-0.916897	-4.1410842e-17	0	300
5.130000000000655e-10	0.20476578	-0.014504957	-0.9169444	-4.141175e-17	0	300
5.131000000000656e-10	0.20470889	-0.014487397	-0.91699183	-4.141264e-17	0	300
5.132000000000656e-10	0.20465219	-0.014469745	-0.91703916	-4.1413555e-17	0	300
5.133000000000656e-10	0.2045957	-0.014452005	-0.91708636	-4.141445e-17	0	300
5.134000000000657e-10	0.2045394	-0.01443418	-0.9171336	-4.1415332e-17	0	300
5.135000000000657e-10	0.20448333	-0.014416275	-0.91718066	-4.1416252e-17	0	300
5.136000000000657e-10	0.20442748	-0.014398292	-0.91722775	-4.1417145e-17	0	300
5.137000000000658e-10	0.20437184	-0.0143802315	-0.91727483	-4.1418048e-17	0	300
5.138000000000658e-10	0.20431642	-0.014362099	-0.9173216	-4.1418948e-17	0	300
5.139000000000658e-10	0.20426123	-0.014343897	-0.91736853	-4.1419838e-17	0	300
5.140000000000658e-10	0.20420624	-0.01432563	-0.91741544	-4.1420735e-17	0	300
5.141000000000659e-10	0.20415148	-0.014307298	-0.91746217	-4.1421638e-17	0	300
5.142000000000659e-10	0.20409694	-0.014288903	-0.91750884	-4.1422538e-17	0	300
5.143000000000659e-10	0.20404263	-0.014270451	-0.91755545	-4.1423438e-17	0	300
5.14400000000066e-10	0.20398855	-0.014251945	-0.917602	-4.1424338e-17	0	300
5.14500000000066e-10	0.20393468	-0.014233385	-0.91764855	-4.1425235e-17	0	300
5.14600000000066e-10	0.20388106	-0.014214776	-0.91769505	-4.1426128e-17	0	300
5.147000000000661e-10	0.20382768	-0.014196119	-0.9177414	-4.1427028e-17	0	300
5.148000000000661e-10	0.20377451	-0.014177417	-0.9177877	-4.1427935e-17	0	300
5.149000000000661e-10	0.20372158	-0.014158674	-0.9178339	-4.1428828e-17	0	300
5.150000000000662e-10	0.20366888	-0.01413989	-0.9178802	-4.142973e-17	0	300
5.151000000000662e-10	0.20361644	-0.0141210705	-0.9179262	-4.143063e-17	0	300
5.152000000000662e-10	0.20356421	-0.014102215	-0.91797227	-4.143153e-17	0	300
5.153000000000662e-10	0.20351225	-0.0140833305	-0.91801834	-4.1432428e-17	0	300
5.154000000000663e-10	0.20346051	-0.014064413	-0.9180643	-4.1433315e-17	0	300
5.155000000000663e-10	0.20340903	-0.014045469	-0.91811013	-4.1434228e-17	0	300
5.156000000000663e-10	0.20335776	-0.0140265	-0.91815597	-4.1435118e-17	0	300
5.157000000000664e-10	0.20330678	-0.014007509	-0.9182017	-4.1436018e-17	0	300
5.158000000000664e-10	0.203256	-0.013988497	-0.9182474	-4.1436918e-17	0	300
5.159000000000664e-10	0.20320548	-0.013969466	-0.91829306	-4.1437815e-17	0	300
5.160000000000665e-10	0.20315522	-0.013950419	-0.91833866	-4.143871e-17	0	300
5.161000000000665e-10	0.20310518	-0.013931357	-0.91838413	-4.1439598e-17	0	300
5.162000000000665e-10	0.20305541	-0.013912284	-0.9184296	-4.144051e-17	0	300
5.163000000000666e-10	0.20300588	-0.0138932	-0.91847503	-4.14414e-17	0	300
5.164000000000666e-10	0.20295659	-0.013874108	-0.91852033	-4.1442298e-17	0	300
5.165000000000666e-10	0.20290756	-0.013855008	-0.91856563	-4.14432e-17	0	300
5.166000000000666e-10	0.2028588	-0.013835904	-0.91861075	-4.1444095e-17	0	300
5.167000000000667e-10	0.20281027	-0.013816797	-0.91865593	-4.144499e-17	0	300
5.168000000000667e-10	0.20276198	-0.013797688	-0.9187011	-4.144589e-17	0	300
5.169000000000667e-10	0.20271397	-0.013778581	-0.9187462	-4.1446778e-17	0	300
5.170000000000668e-10	0.2026662	-0.013759474	-0.9187912	-4.144768e-17	0	300
5.171000000000668e-10	0.2026187	-0.013740372	-0.91883606	-4.1448578e-17	0	300
5.172000000000668e-10	0.20257144	-0.013721274	-0.9188809	-4.1449465e-17	0	300
5.173000000000669e-10	0.20252441	-0.013702182	-0.91892576	-4.1450365e-17	0	300
5.174000000000669e-10	0.20247768	-0.013683097	-0.91897047	-4.1451275e-17	0	300
5.175000000000669e-10	0.20243116	-0.013664025	-0.9190152	-4.1452168e-17	0	300
5.17600000000067e-10	0.20238493	-0.013644961	-0.9190599	-4.1453055e-17	0	300
5.17700000000067e-10	0.20233896	-0.0136259105	-0.91910446	-4.1453945e-17	0	300
5.17800000000067e-10	0.20229323	-0.013606872	-0.919149	-4.1454848e-17	0	300
5.17900000000067e-10	0.20224777	-0.013587849	-0.91919345	-4.145574e-17	0	300
5.180000000000671e-10	0.20220259	-0.013568843	-0.91923785	-4.1456645e-17	0	300
5.181000000000671e-10	0.20215763	-0.013549854	-0.91928226	-4.1457535e-17	0	300
5.182000000000671e-10	0.20211294	-0.013530882	-0.91932654	-4.145842e-17	0	300
5.183000000000672e-10	0.20206851	-0.013511931	-0.9193708	-4.145932e-17	0	300
5.184000000000672e-10	0.20202434	-0.013493	-0.919415	-4.1460218e-17	0	300
5.185000000000672e-10	0.20198044	-0.013474092	-0.91945916	-4.146111e-17	0	300
5.186000000000673e-10	0.2019368	-0.013455206	-0.9195033	-4.1462e-17	0	300
5.187000000000673e-10	0.20189342	-0.0134363435	-0.9195473	-4.1462905e-17	0	300
5.188000000000673e-10	0.20185031	-0.01341751	-0.9195913	-4.1463805e-17	0	300
5.189000000000674e-10	0.20180744	-0.013398699	-0.91963524	-4.1464695e-17	0	300
5.190000000000674e-10	0.20176485	-0.013379918	-0.91967916	-4.1465578e-17	0	300
5.191000000000674e-10	0.20172252	-0.013361167	-0.9197229	-4.1466478e-17	0	300
5.192000000000674e-10	0.20168045	-0.013342443	-0.9197667	-4.146737e-17	0	300
5.193000000000675e-10	0.20163867	-0.013323752	-0.91981053	-4.146827e-17	0	300
5.194000000000675e-10	0.20159712	-0.013305093	-0.91985416	-4.1469165e-17	0	300
5.195000000000675e-10	0.20155586	-0.013286466	-0.91989785	-4.1470045e-17	0	300
5.196000000000676e-10	0.20151486	-0.013267873	-0.9199413	-4.147095e-17	0	300
5.197000000000676e-10	0.20147413	-0.013249316	-0.9199849	-4.1471845e-17	0	300
5.198000000000676e-10	0.20143366	-0.013230795	-0.9200284	-4.147274e-17	0	300
5.199000000000677e-10	0.20139346	-0.013212312	-0.9200718	-4.1473618e-17	0	300
5.200000000000677e-10	0.20135354	-0.013193868	-0.9201151	-4.1474525e-17	0	300
5.201000000000677e-10	0.20131384	-0.013175462	-0.92015845	-4.1475395e-17	0	300
5.202000000000677e-10	0.20127448	-0.013157101	-0.92020166	-4.1476292e-17	0	300
5.203000000000678e-10	0.20123535	-0.0131387785	-0.9202449	-4.1477192e-17	0	300
5.204000000000678e-10	0.2011965	-0.013120499	-0.9202881	-4.1478075e-17	0	300
5.205000000000678e-10	0.2011579	-0.013102266	-0.92033124	-4.1478965e-17	0	300
5.206000000000679e-10	0.20111959	-0.013084076	-0.9203743	-4.147986e-17	0	300
5.207000000000679e-10	0.20108156	-0.013065935	-0.92041725	-4.1480745e-17	0	300
5.208000000000679e-10	0.20104378	-0.0130478395	-0.92046016	-4.1481642e-17	0	300
5.20900000000068e-10	0.20100628	-0.013029795	-0.92050314	-4.148252e-17	0	300
5.21000000000068e-10	0.20096904	-0.0130118	-0.92054594	-4.1483412e-17	0	300
5.21100000000068e-10	0.2009321	-0.012993856	-0.92058885	-4.148429e-17	0	300
5.212000000000681e-10	0.20089541	-0.012975965	-0.9206316	-4.148518e-17	0	300
5.213000000000681e-10	0.20085901	-0.012958127	-0.92067426	-4.148607e-17	0	300
5.214000000000681e-10	0.20082286	-0.012940344	-0.9207169	-4.1486962e-17	0	300
5.215000000000681e-10	0.20078698	-0.012922619	-0.92075956	-4.1487843e-17	0	300
5.216000000000682e-10	0.20075142	-0.0129049495	-0.9208021	-4.148874e-17	0	300
5.217000000000682e-10	0.20071608	-0.012887338	-0.9208446	-4.1489616e-17	0	300
5.218000000000682e-10	0.20068102	-0.012869789	-0.92088705	-4.1490513e-17	0	300
5.219000000000683e-10	0.20064625	-0.012852298	-0.9209295	-4.1491393e-17	0	300
5.220000000000683e-10	0.20061176	-0.01283487	-0.9209719	-4.1492273e-17	0	300
5.221000000000683e-10	0.20057753	-0.012817506	-0.9210142	-4.149316e-17	0	300
5.222000000000684e-10	0.20054357	-0.0128002055	-0.9210565	-4.1494046e-17	0	300
5.223000000000684e-10	0.20050989	-0.012782972	-0.9210987	-4.1494917e-17	0	300
5.224000000000684e-10	0.20047647	-0.012765805	-0.9211409	-4.149581e-17	0	300
5.225000000000685e-10	0.20044336	-0.012748706	-0.921183	-4.1496693e-17	0	300
5.226000000000685e-10	0.20041047	-0.012731678	-0.92122513	-4.149757e-17	0	300
5.227000000000685e-10	0.20037788	-0.012714719	-0.92126715	-4.149845e-17	0	300
5.228000000000685e-10	0.20034556	-0.012697831	-0.9213091	-4.1499327e-17	0	300
5.229000000000686e-10	0.20031352	-0.012681017	-0.9213511	-4.1500217e-17	0	300
5.230000000000686e-10	0.20028174	-0.012664276	-0.9213929	-4.1501084e-17	0	300
5.231000000000686e-10	0.20025025	-0.012647611	-0.9214348	-4.1501967e-17	0	300
5.232000000000687e-10	0.200219	-0.0126310205	-0.92147666	-4.1502848e-17	0	300
5.233000000000687e-10	0.20018804	-0.012614509	-0.9215183	-4.150373e-17	0	300
5.234000000000687e-10	0.20015734	-0.012598075	-0.9215601	-4.1504598e-17	0	300
5.235000000000688e-10	0.20012692	-0.012581719	-0.9216018	-4.150548e-17	0	300
5.236000000000688e-10	0.20009676	-0.012565444	-0.92164344	-4.1506355e-17	0	300
5.237000000000688e-10	0.20006688	-0.012549251	-0.92168504	-4.150723e-17	0	300
5.238000000000689e-10	0.20003727	-0.01253314	-0.9217265	-4.1508115e-17	0	300
5.239000000000689e-10	0.2000079	-0.012517111	-0.921768	-4.1508985e-17	0	300
5.240000000000689e-10	0.19997883	-0.012501167	-0.9218095	-4.1509855e-17	0	300
5.241000000000689e-10	0.19994998	-0.012485307	-0.92185086	-4.151074e-17	0	300
5.24200000000069e-10	0.19992144	-0.012469533	-0.9218923	-4.151161e-17	0	300
5.24300000000069e-10	0.19989315	-0.012453845	-0.9219336	-4.151248e-17	0	300
5.24400000000069e-10	0.19986512	-0.012438243	-0.9219749	-4.1513353e-17	0	300
5.245000000000691e-10	0.19983739	-0.01242273	-0.9220161	-4.1514226e-17	0	300
5.246000000000691e-10	0.19980985	-0.012407306	-0.92205733	-4.15151e-17	0	300
5.247000000000691e-10	0.19978261	-0.01239197	-0.9220985	-4.151597e-17	0	300
5.248000000000692e-10	0.19975564	-0.012376724	-0.9221396	-4.1516834e-17	0	300
5.249000000000692e-10	0.1997289	-0.0123615675	-0.92218065	-4.151772e-17	0	300
5.250000000000692e-10	0.19970244	-0.012346502	-0.9222218	-4.151858e-17	0	300
5.251000000000693e-10	0.1996762	-0.0123315295	-0.9222628	-4.151945e-17	0	300
5.252000000000693e-10	0.19965027	-0.012316647	-0.9223037	-4.152032e-17	0	300
5.253000000000693e-10	0.19962455	-0.0123018585	-0.9223446	-4.1521178e-17	0	300
5.254000000000693e-10	0.19959912	-0.012287161	-0.9223855	-4.1522045e-17	0	300
5.255000000000694e-10	0.19957392	-0.012272557	-0.92242634	-4.1522915e-17	0	300
5.256000000000694e-10	0.19954897	-0.012258047	-0.9224673	-4.1523792e-17	0	300
5.257000000000694e-10	0.19952428	-0.01224363	-0.922508	-4.152466e-17	0	300
5.258000000000695e-10	0.19949986	-0.012229307	-0.9225488	-4.1525522e-17	0	300
5.259000000000695e-10	0.19947566	-0.012215079	-0.9225895	-4.1526386e-17	0	300
5.260000000000695e-10	0.19945171	-0.012200944	-0.9226302	-4.152726e-17	0	300
5.261000000000696e-10	0.199428	-0.0121869035	-0.9226708	-4.1528116e-17	0	300
5.262000000000696e-10	0.19940455	-0.012172958	-0.92271143	-4.1528977e-17	0	300
5.263000000000696e-10	0.19938132	-0.012159107	-0.922752	-4.1529853e-17	0	300
5.264000000000697e-10	0.19935837	-0.01214535	-0.9227925	-4.1530704e-17	0	300
5.265000000000697e-10	0.19933563	-0.012131688	-0.922833	-4.1531577e-17	0	300
5.266000000000697e-10	0.19931316	-0.012118122	-0.9228735	-4.1532428e-17	0	300
5.267000000000697e-10	0.19929092	-0.012104649	-0.92291397	-4.1533284e-17	0	300
5.268000000000698e-10	0.19926888	-0.012091272	-0.9229543	-4.153416e-17	0	300
5.269000000000698e-10	0.19924712	-0.01207799	-0.92299485	-4.1535005e-17	0	300
5.270000000000698e-10	0.19922559	-0.012064801	-0.92303514	-4.1535862e-17	0	300
5.271000000000699e-10	0.19920427	-0.012051708	-0.92307544	-4.1536722e-17	0	300
5.272000000000699e-10	0.19918321	-0.01203871	-0.9231158	-4.153759e-17	0	300
5.273000000000699e-10	0.19916236	-0.012025804	-0.92315614	-4.1538436e-17	0	300
5.2740000000007e-10	0.19914177	-0.012012994	-0.9231963	-4.153931e-17	0	300
5.2750000000007e-10	0.19912137	-0.012000277	-0.9232365	-4.1540147e-17	0	300
5.2760000000007e-10	0.19910122	-0.0119876545	-0.92327666	-4.1541014e-17	0	300
5.2770000000007e-10	0.19908132	-0.011975125	-0.92331684	-4.1541867e-17	0	300
5.278000000000701e-10	0.1990616	-0.011962691	-0.9233569	-4.1542724e-17	0	300
5.279000000000701e-10	0.19904214	-0.011950349	-0.923397	-4.1543578e-17	0	300
5.280000000000701e-10	0.19902289	-0.011938101	-0.9234371	-4.1544435e-17	0	300
5.281000000000702e-10	0.19900389	-0.011925945	-0.92347723	-4.1545292e-17	0	300
5.282000000000702e-10	0.19898508	-0.011913883	-0.9235173	-4.1546136e-17	0	300
5.283000000000702e-10	0.1989665	-0.011901912	-0.92355716	-4.1546983e-17	0	300
5.284000000000703e-10	0.19894813	-0.011890036	-0.9235972	-4.1547856e-17	0	300
5.285000000000703e-10	0.19893	-0.011878252	-0.9236371	-4.15487e-17	0	300
5.286000000000703e-10	0.19891208	-0.01186656	-0.9236771	-4.1549547e-17	0	300
5.287000000000704e-10	0.19889438	-0.011854961	-0.9237169	-4.1550394e-17	0	300
5.288000000000704e-10	0.19887689	-0.011843454	-0.92375684	-4.1551248e-17	0	300
5.289000000000704e-10	0.19885962	-0.011832039	-0.9237967	-4.1552095e-17	0	300
5.290000000000704e-10	0.19884256	-0.011820716	-0.92383647	-4.155294e-17	0	300
5.291000000000705e-10	0.1988257	-0.011809484	-0.9238764	-4.155379e-17	0	300
5.292000000000705e-10	0.1988091	-0.011798346	-0.92391604	-4.1554646e-17	0	300
5.293000000000705e-10	0.19879265	-0.011787299	-0.92395586	-4.1555493e-17	0	300
5.294000000000706e-10	0.19877645	-0.011776344	-0.9239956	-4.1556323e-17	0	300
5.295000000000706e-10	0.19876043	-0.011765481	-0.92403525	-4.155718e-17	0	300
5.296000000000706e-10	0.19874465	-0.01175471	-0.92407495	-4.1558027e-17	0	300
5.297000000000707e-10	0.19872907	-0.011744032	-0.9241146	-4.155887e-17	0	300
5.298000000000707e-10	0.19871368	-0.011733444	-0.9241542	-4.1559708e-17	0	300
5.299000000000707e-10	0.19869849	-0.011722951	-0.92419386	-4.1560555e-17	0	300
5.300000000000708e-10	0.19868352	-0.011712548	-0.9242335	-4.1561392e-17	0	300
5.301000000000708e-10	0.19866875	-0.011702239	-0.9242731	-4.156224e-17	0	300
5.302000000000708e-10	0.19865417	-0.011692024	-0.9243126	-4.1563073e-17	0	300
5.303000000000708e-10	0.19863984	-0.011681899	-0.92435217	-4.156391e-17	0	300
5.304000000000709e-10	0.19862565	-0.011671869	-0.9243917	-4.1564757e-17	0	300
5.305000000000709e-10	0.19861169	-0.011661932	-0.92443115	-4.1565594e-17	0	300
5.306000000000709e-10	0.19859792	-0.011652088	-0.92447066	-4.1566425e-17	0	300
5.30700000000071e-10	0.19858436	-0.01164234	-0.9245101	-4.1567275e-17	0	300
5.30800000000071e-10	0.19857097	-0.011632685	-0.9245495	-4.1568102e-17	0	300
5.30900000000071e-10	0.1985578	-0.011623123	-0.9245889	-4.1568943e-17	0	300
5.310000000000711e-10	0.19854482	-0.011613658	-0.9246284	-4.156977e-17	0	300
5.311000000000711e-10	0.19853202	-0.011604289	-0.9246677	-4.157061e-17	0	300
5.312000000000711e-10	0.19851942	-0.0115950145	-0.924707	-4.157145e-17	0	300
5.313000000000712e-10	0.19850701	-0.011585835	-0.92474633	-4.1572278e-17	0	300
5.314000000000712e-10	0.19849479	-0.011576754	-0.9247857	-4.157311e-17	0	300
5.315000000000712e-10	0.19848275	-0.0115677705	-0.92482495	-4.1573945e-17	0	300
5.316000000000712e-10	0.19847094	-0.011558882	-0.9248642	-4.1574776e-17	0	300
5.317000000000713e-10	0.19845927	-0.011550093	-0.92490345	-4.157561e-17	0	300
5.318000000000713e-10	0.19844781	-0.011541403	-0.9249426	-4.1576443e-17	0	300
5.319000000000713e-10	0.1984365	-0.011532811	-0.9249819	-4.1577267e-17	0	300
5.320000000000714e-10	0.1984254	-0.011524318	-0.92502105	-4.1578095e-17	0	300
5.321000000000714e-10	0.19841447	-0.011515925	-0.9250603	-4.1578915e-17	0	300
5.322000000000714e-10	0.19840375	-0.011507633	-0.9250995	-4.1579732e-17	0	300
5.323000000000715e-10	0.19839318	-0.011499442	-0.92513853	-4.1580566e-17	0	300
5.324000000000715e-10	0.19838278	-0.011491353	-0.9251777	-4.158139e-17	0	300
5.325000000000715e-10	0.19837257	-0.011483365	-0.9252168	-4.1582214e-17	0	300
5.326000000000716e-10	0.19836256	-0.011475478	-0.92525584	-4.1583048e-17	0	300
5.327000000000716e-10	0.19835271	-0.011467697	-0.925295	-4.1583858e-17	0	300
5.328000000000716e-10	0.19834301	-0.011460017	-0.9253341	-4.1584682e-17	0	300
5.329000000000716e-10	0.1983335	-0.011452443	-0.9253731	-4.158551e-17	0	300
5.330000000000717e-10	0.19832416	-0.011444973	-0.92541206	-4.1586323e-17	0	300
5.331000000000717e-10	0.19831496	-0.011437606	-0.9254511	-4.1587137e-17	0	300
5.332000000000717e-10	0.19830598	-0.0114303455	-0.92549014	-4.1587955e-17	0	300
5.333000000000718e-10	0.19829713	-0.011423191	-0.92552906	-4.158878e-17	0	300
5.334000000000718e-10	0.19828846	-0.011416143	-0.925568	-4.1589596e-17	0	300
5.335000000000718e-10	0.19827995	-0.011409203	-0.92560697	-4.159041e-17	0	300
5.336000000000719e-10	0.19827159	-0.011402369	-0.92564595	-4.159123e-17	0	300
5.337000000000719e-10	0.19826338	-0.0113956425	-0.92568487	-4.159204e-17	0	300
5.338000000000719e-10	0.19825536	-0.011389025	-0.92572373	-4.1592855e-17	0	300
5.33900000000072e-10	0.19824748	-0.011382514	-0.92576265	-4.159367e-17	0	300
5.34000000000072e-10	0.19823976	-0.011376113	-0.9258015	-4.159448e-17	0	300
5.34100000000072e-10	0.19823217	-0.011369821	-0.92584044	-4.1595287e-17	0	300
5.34200000000072e-10	0.19822475	-0.011363639	-0.92587924	-4.1596097e-17	0	300
5.343000000000721e-10	0.19821748	-0.011357566	-0.92591816	-4.1596908e-17	0	300
5.344000000000721e-10	0.19821039	-0.011351604	-0.9259569	-4.1597715e-17	0	300
5.345000000000721e-10	0.19820338	-0.011345751	-0.9259958	-4.1598536e-17	0	300
5.346000000000722e-10	0.19819658	-0.011340008	-0.92603457	-4.159932e-17	0	300
5.347000000000722e-10	0.1981899	-0.011334377	-0.92607343	-4.160014e-17	0	300
5.348000000000722e-10	0.19818336	-0.011328857	-0.92611223	-4.160095e-17	0	300
5.349000000000723e-10	0.19817695	-0.011323447	-0.92615104	-4.1601742e-17	0	300
5.350000000000723e-10	0.19817068	-0.011318147	-0.9261898	-4.160254e-17	0	300
5.351000000000723e-10	0.19816458	-0.01131296	-0.9262285	-4.160335e-17	0	300
5.352000000000723e-10	0.19815859	-0.011307884	-0.9262674	-4.1604157e-17	0	300
5.353000000000724e-10	0.19815272	-0.011302919	-0.9263061	-4.160496e-17	0	300
5.354000000000724e-10	0.198147	-0.011298065	-0.9263449	-4.1605765e-17	0	300
5.355000000000724e-10	0.19814143	-0.011293323	-0.9263836	-4.1606556e-17	0	300
5.356000000000725e-10	0.19813594	-0.011288691	-0.92642236	-4.1607367e-17	0	300
