# t (s)	mx ()	my ()	mz ()	E_total (J)	J (A/m2)	T (K)
0	0	0	1	-4.1875195e-17	0	300
1e-13	0.1940095	-6.072857e-08	0.98097837	-4.3464526e-17	-4.796119e+07	300
2e-13	0.1940095	-1.2489167e-07	0.98097837	-4.3464526e-17	-4.796119e+07	300
3.4999999999999997e-13	0.1940095	-2.2810192e-07	0.98097837	-4.3464526e-17	-5.3942856e+07	300
4.4999999999999995e-13	0.1940095	-3.0189312e-07	0.98097837	-4.3464526e-17	-5.3942856e+07	300
5.5e-13	0.1940095	-3.7995176e-07	0.98097837	-4.3464526e-17	-6.24797e+07	300
6.5e-13	0.1940095	-4.625348e-07	0.98097837	-4.3464526e-17	-6.24797e+07	300
7.499999999999999e-13	0.1940095	-5.49907e-07	0.98097837	-4.3464526e-17	-7.02721e+07	300
8.499999999999999e-13	0.1940095	-6.4235076e-07	0.98097837	-4.3464533e-17	-7.02721e+07	300
9.5e-13	0.1940095	-7.4019476e-07	0.98097837	-4.3464526e-17	-8.139315e+07	300
1.05e-12	0.1940095	-8.4376336e-07	0.98097837	-4.3464533e-17	-8.139315e+07	300
1.15e-12	0.1940095	-9.534007e-07	0.98097837	-4.3464526e-17	-9.15444e+07	300
1.25e-12	0.1940095	-1.0694791e-06	0.98097837	-4.3464533e-17	-9.15444e+07	300
1.35e-12	0.1940095	-1.1923893e-06	0.98097837	-4.3464526e-17	-1.02961704e+08	300
1.4499999999999999e-12	0.1940095	-1.3225402e-06	0.98097837	-4.3464526e-17	-1.02961704e+08	300
1.5499999999999999e-12	0.1940095	-1.4603745e-06	0.98097837	-4.3464526e-17	-1.1580294e+08	300
1.6499999999999998e-12	0.1940095	-1.6063602e-06	0.98097837	-4.3464533e-17	-1.1580294e+08	300
1.7499999999999998e-12	0.1940095	-1.7609849e-06	0.98097837	-4.3464526e-17	-1.3024573e+08	300
1.85e-12	0.1940095	-1.9247732e-06	0.98097837	-4.3464526e-17	-1.3024573e+08	300
1.95e-12	0.1940095	-2.0982834e-06	0.98097837	-4.3464526e-17	-1.464898e+08	300
2.05e-12	0.1940095	-2.2820932e-06	0.98097837	-4.3464533e-17	-1.464898e+08	300
2.15e-12	0.1940095	-2.4768415e-06	0.98097837	-4.3464526e-17	-1.6475978e+08	300
2.25e-12	0.1940095	-2.6831874e-06	0.98097837	-4.3464533e-17	-1.6475978e+08	300
2.35e-12	0.1940095	-2.9018306e-06	0.98097837	-4.3464526e-17	-1.8530835e+08	300
2.45e-12	0.1940095	-3.133517e-06	0.98097837	-4.3464533e-17	-1.8530835e+08	300
2.55e-12	0.1940095	-3.3790388e-06	0.98097837	-4.3464526e-17	-2.084197e+08	300
2.65e-12	0.1940095	-3.6392325e-06	0.98097837	-4.3464533e-17	-2.084197e+08	300
2.7499999999999998e-12	0.1940095	-3.9149886e-06	0.98097837	-4.3464526e-17	-2.3441342e+08	300
2.8499999999999998e-12	0.1940095	-4.20725e-06	0.98097837	-4.3464526e-17	-2.3441342e+08	300
2.9499999999999997e-12	0.1940095	-4.5170136e-06	0.98097837	-4.3464526e-17	-2.6364902e+08	300
3.0499999999999997e-12	0.1940095	-4.8453394e-06	0.98097837	-4.3464533e-17	-2.6364902e+08	300
3.1499999999999997e-12	0.1940095	-5.1933484e-06	0.98097837	-4.3464533e-17	-2.9653078e+08	300
3.2499999999999997e-12	0.1940095	-5.5622377e-06	0.98097837	-4.3464526e-17	-2.9653078e+08	300
3.3499999999999997e-12	0.1940095	-5.953267e-06	0.98097837	-4.3464526e-17	-3.3351347e+08	300
3.4499999999999996e-12	0.1940095	-6.367779e-06	0.98097837	-4.3464533e-17	-3.3351347e+08	300
3.5499999999999996e-12	0.1940095	-6.807196e-06	0.98097837	-4.3464526e-17	-3.7510848e+08	300
3.65e-12	0.1940095	-7.2730236e-06	0.98097837	-4.3464533e-17	-3.7510848e+08	300
3.75e-12	0.1940095	-7.766867e-06	0.98097837	-4.3464526e-17	-4.2189107e+08	300
3.85e-12	0.1940095	-8.290418e-06	0.98097837	-4.3464526e-17	-4.2189107e+08	300
3.95e-12	0.1940095	-8.845464e-06	0.98097837	-4.3464526e-17	-4.7450816e+08	300
4.05e-12	0.1940095	-9.433924e-06	0.98097837	-4.3464526e-17	-4.7450816e+08	300
4.15e-12	0.1940095	-1.0057827e-05	0.98097837	-4.3464526e-17	-5.3368742e+08	300
4.25e-12	0.1940095	-1.071931e-05	0.98097837	-4.3464526e-17	-5.3368742e+08	300
4.35e-12	0.1940095	-1.1420668e-05	0.98097837	-4.3464526e-17	-6.002472e+08	300
4.45e-12	0.1940095	-1.2164338e-05	0.98097837	-4.3464526e-17	-6.002472e+08	300
4.55e-12	0.1940095	-1.2952851e-05	0.98097837	-4.3464526e-17	-6.751079e+08	300
4.65e-12	0.1940095	-1.378893e-05	0.98097837	-4.3464526e-17	-6.751079e+08	300
4.75e-12	0.1940095	-1.4675437e-05	0.98097837	-4.3464526e-17	-7.5930477e+08	300
4.85e-12	0.1940095	-1.5615436e-05	0.98097837	-4.3464526e-17	-7.5930477e+08	300
4.95e-12	0.1940095	-1.6612163e-05	0.98097837	-4.3464526e-17	-8.5400205e+08	300
5.05e-12	0.1940095	-1.7669025e-05	0.98097837	-4.3464526e-17	-8.5400205e+08	300
5.15e-12	0.1940095	-1.8789679e-05	0.98097837	-4.3464526e-17	-9.6050925e+08	300
5.25e-12	0.1940095	-1.9977972e-05	0.98097837	-4.3464526e-17	-9.6050925e+08	300
5.35e-12	0.1940095	-2.1237993e-05	0.98097837	-4.3464526e-17	-1.0802991e+09	300
5.45e-12	0.1940095	-2.2574159e-05	0.98097837	-4.3464526e-17	-1.0802991e+09	300
5.5499999999999996e-12	0.19400947	-2.399119e-05	0.98097837	-4.3464526e-17	-1.215028e+09	300
5.6499999999999996e-12	0.19400942	-2.549414e-05	0.98097837	-4.3464533e-17	-1.215028e+09	300
5.7499999999999995e-12	0.1940094	-2.7088397e-05	0.98097837	-4.3464533e-17	-1.3665587e+09	300
5.8499999999999995e-12	0.19400936	-2.8779488e-05	0.98097837	-4.3464533e-17	-1.3665587e+09	300
5.9499999999999995e-12	0.1940093	-3.0573257e-05	0.98097837	-4.346453e-17	-1.5369865e+09	300
6.0499999999999995e-12	0.19400924	-3.247588e-05	0.98097837	-4.346453e-17	-1.5369865e+09	300
6.1499999999999994e-12	0.1940092	-3.44939e-05	0.9809785	-4.346453e-17	-1.7286678e+09	300
6.2499999999999994e-12	0.19400916	-3.6634297e-05	0.9809785	-4.346454e-17	-1.7286678e+09	300
6.349999999999999e-12	0.1940091	-3.8904458e-05	0.9809785	-4.3464553e-17	-1.9442525e+09	300
6.449999999999999e-12	0.19400905	-4.131218e-05	0.9809785	-4.3464553e-17	-1.9442525e+09	300
6.549999999999999e-12	0.194009	-4.3865748e-05	0.98097855	-4.3464546e-17	-2.1867215e+09	300
6.649999999999999e-12	0.19400896	-4.6573943e-05	0.98097855	-4.3464543e-17	-2.1867215e+09	300
6.749999999999999e-12	0.1940089	-4.9446095e-05	0.98097855	-4.3464543e-17	-2.4594266e+09	300
6.849999999999999e-12	0.19400884	-5.249212e-05	0.98097855	-4.346455e-17	-2.4594266e+09	300
6.949999999999999e-12	0.19400878	-5.5722645e-05	0.98097855	-4.3464546e-17	-2.7661373e+09	300
7.049999999999999e-12	0.19400871	-5.9148853e-05	0.98097855	-4.346454e-17	-2.7661373e+09	300
7.149999999999999e-12	0.19400862	-6.278267e-05	0.98097855	-4.3464546e-17	-3.111094e+09	300
7.249999999999999e-12	0.19400854	-6.663686e-05	0.98097855	-4.3464543e-17	-3.111094e+09	300
7.35e-12	0.19400842	-7.07246e-05	0.9809786	-4.3464536e-17	-3.4990646e+09	300
7.400000000000002e-12	0.1940084	-7.2860435e-05	0.9809786	-4.3464536e-17	-3.4990646e+09	300
7.500000000000003e-12	0.19400829	-7.732518e-05	0.9809786	-4.346454e-17	-3.4990646e+09	300
7.600000000000005e-12	0.1940082	-8.206023e-05	0.9809786	-4.346454e-17	-3.9354112e+09	300
7.700000000000006e-12	0.19400808	-8.708194e-05	0.9809786	-4.346455e-17	-3.9354112e+09	300
7.800000000000008e-12	0.19400798	-9.240775e-05	0.9809786	-4.3464553e-17	-4.426164e+09	300
7.90000000000001e-12	0.19400786	-9.8056174e-05	0.9809787	-4.346454e-17	-4.426164e+09	300
8.000000000000011e-12	0.19400772	-0.00010404657	0.9809787	-4.3464543e-17	-4.978106e+09	300
8.100000000000013e-12	0.19400758	-0.00011039967	0.9809787	-4.3464533e-17	-4.978106e+09	300
8.200000000000014e-12	0.19400746	-0.00011713751	0.9809788	-4.3464553e-17	-5.598862e+09	300
8.300000000000016e-12	0.1940073	-0.00012428322	0.9809789	-4.346455e-17	-5.598862e+09	300
8.400000000000018e-12	0.19400716	-0.00013186136	0.9809789	-4.346454e-17	-6.2970097e+09	300
8.500000000000019e-12	0.19400701	-0.00013989802	0.9809789	-4.346454e-17	-6.2970097e+09	300
8.60000000000002e-12	0.19400686	-0.00014842076	0.98097897	-4.3464556e-17	-7.0821934e+09	300
8.700000000000022e-12	0.19400671	-0.00015745897	0.980979	-4.346456e-17	-7.0821934e+09	300
8.800000000000024e-12	0.19400653	-0.00016704385	0.980979	-4.346455e-17	-7.965259e+09	300
8.900000000000025e-12	0.19400635	-0.00017720871	0.9809791	-4.346454e-17	-7.965259e+09	300
9.000000000000027e-12	0.19400616	-0.00018798847	0.9809791	-4.3464536e-17	-8.9584e+09	300
9.100000000000029e-12	0.19400595	-0.00019942022	0.9809791	-4.346454e-17	-8.9584e+09	300
9.20000000000003e-12	0.19400573	-0.00021154364	0.98097914	-4.3464543e-17	-1.0075333e+10	300
9.300000000000032e-12	0.19400549	-0.00022440063	0.98097914	-4.346454e-17	-1.0075333e+10	300
9.400000000000033e-12	0.19400524	-0.00023803551	0.98097926	-4.3464536e-17	-1.1331474e+10	300
9.500000000000035e-12	0.19400495	-0.0002524954	0.98097926	-4.3464543e-17	-1.1331474e+10	300
9.600000000000037e-12	0.19400467	-0.0002678302	0.9809794	-4.3464533e-17	-1.2744162e+10	300
9.700000000000038e-12	0.19400436	-0.00028409273	0.9809794	-4.3464546e-17	-1.2744162e+10	300
9.80000000000004e-12	0.19400409	-0.00030133888	0.98097944	-4.3464543e-17	-1.4332891e+10	300
9.900000000000041e-12	0.19400373	-0.000319628	0.98097956	-4.3464536e-17	-1.4332891e+10	300
1.0000000000000043e-11	0.19400342	-0.00033902322	0.98097956	-4.3464536e-17	-1.6119576e+10	300
1.0100000000000045e-11	0.19400306	-0.00035959162	0.98097956	-4.3464543e-17	-1.6119576e+10	300
1.0200000000000046e-11	0.19400264	-0.00038140398	0.9809798	-4.3464543e-17	-1.8128857e+10	300
1.0300000000000048e-11	0.19400221	-0.00040453585	0.98097986	-4.3464536e-17	-1.8128857e+10	300
1.040000000000005e-11	0.1940018	-0.00042906665	0.9809799	-4.3464536e-17	-2.038843e+10	300
1.0500000000000051e-11	0.19400133	-0.00045508097	0.9809799	-4.3464536e-17	-2.038843e+10	300
1.0600000000000053e-11	0.19400086	-0.0004826684	0.98098	-4.346454e-17	-2.2929435e+10	300
1.0700000000000054e-11	0.19400032	-0.0005119241	0.98098004	-4.3464533e-17	-2.2929435e+10	300
1.0800000000000056e-11	0.19399975	-0.000542949	0.9809802	-4.3464516e-17	-2.5786868e+10	300
1.0900000000000057e-11	0.19399919	-0.00057584996	0.9809803	-4.346454e-17	-2.5786868e+10	300
1.1000000000000059e-11	0.19399858	-0.00061074004	0.98098034	-4.346453e-17	-2.9000067e+10	300
1.110000000000006e-11	0.1939979	-0.0006477395	0.9809805	-4.346453e-17	-2.9000067e+10	300
1.1200000000000062e-11	0.1939972	-0.00068697595	0.98098063	-4.346452e-17	-3.2613243e+10	300
1.1300000000000064e-11	0.19399649	-0.00072858436	0.9809808	-4.346452e-17	-3.2613243e+10	300
1.1400000000000065e-11	0.1939957	-0.00077270775	0.9809809	-4.3464526e-17	-3.667607e+10	300
1.1500000000000067e-11	0.19399486	-0.0008194982	0.98098105	-4.3464513e-17	-3.667607e+10	300
1.1600000000000069e-11	0.19399394	-0.00086911686	0.9809811	-4.3464523e-17	-4.124438e+10	300
1.170000000000007e-11	0.19399299	-0.0009217346	0.98098123	-4.3464503e-17	-4.124438e+10	300
1.1800000000000072e-11	0.19399194	-0.0009775324	0.98098147	-4.3464503e-17	-4.6380884e+10	300
1.1900000000000073e-11	0.19399087	-0.001036702	0.9809816	-4.34645e-17	-4.6380884e+10	300
1.2000000000000075e-11	0.19398972	-0.0010994473	0.9809817	-4.3464487e-17	-5.215603e+10	300
1.2100000000000076e-11	0.19398852	-0.0011659835	0.98098195	-4.3464473e-17	-5.215603e+10	300
1.2200000000000078e-11	0.19398722	-0.0012365391	0.98098207	-4.3464483e-17	-5.8648953e+10	300
1.230000000000008e-11	0.19398586	-0.0013113569	0.9809823	-4.346448e-17	-5.8648953e+10	300
1.2400000000000081e-11	0.1939844	-0.0013906932	0.9809824	-4.3464463e-17	-6.594851e+10	300
1.2500000000000083e-11	0.19398288	-0.0014748209	0.98098266	-4.3464457e-17	-6.594851e+10	300
1.2600000000000084e-11	0.19398125	-0.001564028	0.9809828	-4.3464437e-17	-7.415447e+10	300
1.2700000000000086e-11	0.19397952	-0.0016586207	0.980983	-4.3464424e-17	-7.415447e+10	300
1.2800000000000088e-11	0.19397768	-0.0017589232	0.98098314	-4.3464417e-17	-8.337882e+10	300
1.290000000000009e-11	0.19397578	-0.0018652787	0.98098326	-4.3464394e-17	-8.337882e+10	300
1.3000000000000091e-11	0.1939737	-0.0019780518	0.9809835	-4.3464374e-17	-9.374725e+10	300
1.3100000000000092e-11	0.19397154	-0.0020976285	0.98098373	-4.346435e-17	-9.374725e+10	300
1.3200000000000094e-11	0.19396922	-0.0022244176	0.9809839	-4.3464324e-17	-1.05400754e+11	300
1.3300000000000096e-11	0.19396679	-0.0023588524	0.9809841	-4.3464298e-17	-1.05400754e+11	300
1.3400000000000097e-11	0.1939642	-0.0025013923	0.98098433	-4.346426e-17	-1.1849748e+11	300
1.3500000000000099e-11	0.19396144	-0.002652524	0.98098445	-4.3464245e-17	-1.1849748e+11	300
1.36000000000001e-11	0.1939585	-0.0028127627	0.98098457	-4.3464222e-17	-1.3321473e+11	300
1.3700000000000102e-11	0.19395544	-0.0029826548	0.9809847	-4.3464172e-17	-1.3321473e+11	300
1.3800000000000104e-11	0.19395214	-0.0031627794	0.98098487	-4.346413e-17	-1.4975123e+11	300
1.3900000000000105e-11	0.19394867	-0.003353749	0.9809848	-4.3464066e-17	-1.4975123e+11	300
1.4000000000000107e-11	0.19394498	-0.0035562126	0.9809848	-4.3464007e-17	-1.6832958e+11	300
1.4100000000000108e-11	0.19394109	-0.003770859	0.98098487	-4.3463944e-17	-1.6832958e+11	300
1.420000000000011e-11	0.19393696	-0.0039984155	0.9809848	-4.346387e-17	-1.8919902e+11	300
1.4300000000000112e-11	0.19393256	-0.0042396532	0.9809846	-4.3463792e-17	-1.8919902e+11	300
1.4400000000000113e-11	0.19392791	-0.0044953893	0.98098445	-4.3463686e-17	-2.1263847e+11	300
1.4500000000000115e-11	0.19392294	-0.0047664884	0.98098415	-4.3463583e-17	-2.1263847e+11	300
1.4600000000000116e-11	0.19391769	-0.005053866	0.98098373	-4.3463474e-17	-2.389598e+11	300
1.4700000000000115e-11	0.19391213	-0.005358492	0.98098326	-4.3463325e-17	-2.389598e+11	300
1.4800000000000113e-11	0.19390625	-0.005681392	0.98098254	-4.346318e-17	-2.685116e+11	300
1.490000000000011e-11	0.19390002	-0.00602365	0.98098177	-4.3463008e-17	-2.685116e+11	300
1.500000000000011e-11	0.1938934	-0.0063864156	0.9809808	-4.3462816e-17	-3.1059123e+11	300
1.5100000000000108e-11	0.19388635	-0.0067709046	0.9809796	-4.3462604e-17	-3.1059123e+11	300
1.5200000000000106e-11	0.1938789	-0.0071784025	0.9809783	-4.3462356e-17	-3.1059123e+11	300
1.5300000000000105e-11	0.19387105	-0.007610269	0.98097664	-4.346209e-17	-3.5918994e+11	300
1.5400000000000103e-11	0.19386269	-0.008067943	0.9809747	-4.3461797e-17	-3.5918994e+11	300
1.55000000000001e-11	0.19385383	-0.008552945	0.98097223	-4.3461443e-17	-4.1529216e+11	300
1.56000000000001e-11	0.19384442	-0.009066883	0.98096955	-4.3461065e-17	-4.1529216e+11	300
1.5700000000000098e-11	0.19383447	-0.009611453	0.9809663	-4.3460632e-17	-4.1529216e+11	300
1.5800000000000097e-11	0.1938239	-0.010188455	0.98096263	-4.3460152e-17	-4.8002236e+11	300
1.5900000000000095e-11	0.19381273	-0.010799785	0.9809584	-4.3459613e-17	-4.8002236e+11	300
1.6000000000000093e-11	0.19380085	-0.011447446	0.98095334	-4.3459004e-17	-5.546619e+11	300
1.6100000000000092e-11	0.1937883	-0.012133552	0.9809477	-4.345832e-17	-5.546619e+11	300
1.620000000000009e-11	0.19377498	-0.012860341	0.9809411	-4.345755e-17	-5.546619e+11	300
1.630000000000009e-11	0.19376087	-0.0136301685	0.98093337	-4.345668e-17	-6.4066716e+11	300
1.6400000000000087e-11	0.1937459	-0.014445521	0.98092484	-4.3455722e-17	-6.4066716e+11	300
1.6500000000000085e-11	0.19373006	-0.015309023	0.9809149	-4.3454623e-17	-7.39688e+11	300
1.6600000000000084e-11	0.19371328	-0.016223438	0.9809035	-4.3453416e-17	-7.39688e+11	300
1.6700000000000082e-11	0.19369547	-0.017191686	0.98089063	-4.3452046e-17	-7.39688e+11	300
1.680000000000008e-11	0.1936766	-0.018216832	0.98087585	-4.345051e-17	-8.535867e+11	300
1.690000000000008e-11	0.19365665	-0.019302113	0.9808591	-4.3448793e-17	-8.535867e+11	300
1.7000000000000077e-11	0.19363546	-0.020450935	0.98083997	-4.344685e-17	-9.844558e+11	300
1.7100000000000075e-11	0.19361308	-0.021666875	0.9808184	-4.344468e-17	-9.844558e+11	300
1.7200000000000074e-11	0.19358934	-0.022953702	0.98079395	-4.3442272e-17	-9.844558e+11	300
1.7300000000000072e-11	0.19356419	-0.024315376	0.980766	-4.3439545e-17	-1.1346345e+12	300
1.740000000000007e-11	0.19353756	-0.025756042	0.98073465	-4.3436478e-17	-1.1346345e+12	300
1.750000000000007e-11	0.19350937	-0.027280075	0.980699	-4.3433077e-17	-1.3067209e+12	300
1.7600000000000067e-11	0.19347952	-0.028892046	0.9806588	-4.3429242e-17	-1.3067209e+12	300
1.7700000000000066e-11	0.1934479	-0.030596752	0.98061347	-4.3424957e-17	-1.3067209e+12	300
1.7800000000000064e-11	0.19341448	-0.032399215	0.9805622	-4.3420156e-17	-1.503579e+12	300
1.7900000000000062e-11	0.1933791	-0.034304693	0.98050445	-4.3414773e-17	-1.503579e+12	300
1.800000000000006e-11	0.19334166	-0.036318675	0.98043936	-4.340876e-17	-1.7283375e+12	300
1.810000000000006e-11	0.19330205	-0.038446907	0.9803661	-4.3402028e-17	-1.7283375e+12	300
1.8200000000000057e-11	0.19326015	-0.04069537	0.98028374	-4.339451e-17	-1.7283375e+12	300
1.8300000000000056e-11	0.19321582	-0.04307031	0.98019105	-4.3386096e-17	-1.9843752e+12	300
1.8400000000000054e-11	0.19316898	-0.0455782	0.980087	-4.3376696e-17	-1.9843752e+12	300
1.8500000000000052e-11	0.19311948	-0.048225805	0.97997016	-4.336618e-17	-2.2752906e+12	300
1.860000000000005e-11	0.19306716	-0.051020123	0.9798391	-4.335446e-17	-2.2752906e+12	300
1.870000000000005e-11	0.19301191	-0.053968415	0.97969216	-4.334138e-17	-2.2752906e+12	300
1.8800000000000048e-11	0.19295356	-0.057078186	0.97952753	-4.3326764e-17	-2.604849e+12	300
1.8900000000000046e-11	0.19289196	-0.060357172	0.9793433	-4.3310495e-17	-2.604849e+12	300
1.9000000000000044e-11	0.19282694	-0.06381337	0.9791371	-4.3292347e-17	-2.9768986e+12	300
1.9100000000000043e-11	0.19275843	-0.067454986	0.9789066	-4.327213e-17	-2.9768986e+12	300
1.920000000000004e-11	0.19268614	-0.07129043	0.9786491	-4.324962e-17	-2.9768986e+12	300
1.930000000000004e-11	0.19261	-0.07532832	0.9783617	-4.322458e-17	-3.395255e+12	300
1.9400000000000038e-11	0.1925298	-0.07957743	0.9780413	-4.319675e-17	-3.395255e+12	300
1.9500000000000036e-11	0.19244544	-0.08404667	0.9776841	-4.316583e-17	-3.8635357e+12	300
1.9600000000000034e-11	0.1923567	-0.08874508	0.9772865	-4.3131493e-17	-3.8635357e+12	300
1.9700000000000033e-11	0.19226342	-0.09368177	0.97684425	-4.3093413e-17	-3.8635357e+12	300
1.980000000000003e-11	0.1921655	-0.09886587	0.97635263	-4.3051197e-17	-4.3849474e+12	300
1.990000000000003e-11	0.19206275	-0.104306504	0.97580683	-4.3004452e-17	-4.3849474e+12	300
2.0000000000000028e-11	0.19195507	-0.11001274	0.97520137	-4.2952726e-17	-4.9620137e+12	300
2.0100000000000026e-11	0.19184232	-0.11599349	0.9745305	-4.2895575e-17	-4.9620137e+12	300
2.0200000000000025e-11	0.1917244	-0.1222575	0.97378796	-4.2832458e-17	-4.9620137e+12	300
2.0300000000000023e-11	0.19160125	-0.12881324	0.97296697	-4.2762845e-17	-5.5962433e+12	300
2.040000000000002e-11	0.19147277	-0.13566875	0.9720603	-4.2686186e-17	-5.5962433e+12	300
2.050000000000002e-11	0.19133897	-0.14283174	0.9710603	-4.2601807e-17	-6.2877383e+12	300
2.0600000000000018e-11	0.19119987	-0.1503093	0.9699586	-4.250912e-17	-6.2877383e+12	300
2.0700000000000016e-11	0.19105549	-0.15810786	0.9687467	-4.2407416e-17	-6.2877383e+12	300
2.0800000000000015e-11	0.19090596	-0.16623315	0.9674154	-4.2295975e-17	-7.034756e+12	300
2.0900000000000013e-11	0.19075143	-0.17468995	0.96595496	-4.217404e-17	-7.034756e+12	300
2.100000000000001e-11	0.19059214	-0.1834821	0.9643552	-4.2040876e-17	-7.833243e+12	300
2.110000000000001e-11	0.19042835	-0.19261222	0.962606	-4.1895666e-17	-7.833243e+12	300
2.1200000000000008e-11	0.19026047	-0.20208175	0.9606961	-4.1737618e-17	-7.833243e+12	300
2.1300000000000007e-11	0.19008896	-0.21189068	0.9586147	-4.1565895e-17	-8.676377e+12	300
2.1400000000000005e-11	0.18991439	-0.22203751	0.9563503	-4.137971e-17	-8.676377e+12	300
2.1500000000000003e-11	0.18973742	-0.23251908	0.9538915	-4.1178232e-17	-9.554165e+12	300
2.1600000000000002e-11	0.18955892	-0.24333042	0.95122695	-4.0960674e-17	-9.554165e+12	300
2.175e-11	0.18929026	-0.26015034	0.9468193	-4.060258e-17	-1.0453164e+13	300
2.1849999999999998e-11	0.18911225	-0.2717519	0.9435908	-4.0341648e-17	-1.0453164e+13	300
2.1949999999999996e-11	0.18893656	-0.28365055	0.940118	-4.0062193e-17	-1.0453164e+13	300
2.2049999999999994e-11	0.18876475	-0.2958322	0.93639094	-3.9763694e-17	-1.1356396e+13	300
2.2149999999999993e-11	0.18859842	-0.30828056	0.9324006	-3.944571e-17	-1.1356396e+13	300
2.224999999999999e-11	0.18843947	-0.3209773	0.92813873	-3.910789e-17	-1.2243539e+13	300
2.234999999999999e-11	0.18828991	-0.33390182	0.92359835	-3.874999e-17	-1.2243539e+13	300
2.2449999999999988e-11	0.18815196	-0.3470315	0.918774	-3.837197e-17	-1.2243539e+13	300
2.2549999999999986e-11	0.18802804	-0.36034185	0.9136612	-3.7973863e-17	-1.309145e+13	300
2.2649999999999984e-11	0.18792078	-0.37380633	0.9082577	-3.7555922e-17	-1.309145e+13	300
2.2749999999999983e-11	0.18783297	-0.387397	0.90256286	-3.711852e-17	-1.3875068e+13	300
2.284999999999998e-11	0.18776765	-0.40108424	0.89657784	-3.6662246e-17	-1.3875068e+13	300
2.294999999999998e-11	0.18772796	-0.41483733	0.89030606	-3.6187828e-17	-1.3875068e+13	300
2.3049999999999978e-11	0.18771726	-0.42862457	0.88375306	-3.569619e-17	-1.4568678e+13	300
2.3149999999999976e-11	0.18773903	-0.4424137	0.87692636	-3.518842e-17	-1.4568678e+13	300
2.3249999999999975e-11	0.18779695	-0.45617196	0.86983585	-3.4665786e-17	-1.5147475e+13	300
2.3349999999999973e-11	0.18789473	-0.46986663	0.8624936	-3.412968e-17	-1.5147475e+13	300
2.344999999999997e-11	0.18803622	-0.48346528	0.8549135	-3.3581657e-17	-1.5147475e+13	300
2.354999999999997e-11	0.18822539	-0.49693608	0.8471115	-3.3023386e-17	-1.5589294e+13	300
2.3649999999999968e-11	0.18846618	-0.51024824	0.8391057	-3.2456648e-17	-1.5589294e+13	300
2.3749999999999966e-11	0.18876255	-0.52337193	0.83091545	-3.1883273e-17	-1.5876314e+13	300
2.3849999999999965e-11	0.18911853	-0.5362792	0.82256156	-3.1305153e-17	-1.5876314e+13	300
2.3949999999999963e-11	0.18953803	-0.54894334	0.81406605	-3.0724254e-17	-1.5876314e+13	300
2.404999999999996e-11	0.19002494	-0.5613403	0.8054521	-3.0142475e-17	-1.5996547e+13	300
2.414999999999996e-11	0.19058302	-0.57344735	0.7967432	-2.9561754e-17	-1.5996547e+13	300
2.4249999999999958e-11	0.19121598	-0.5852447	0.78796375	-2.8983942e-17	-1.5944871e+13	300
2.4349999999999957e-11	0.19192731	-0.5967146	0.7791375	-2.8410875e-17	-1.5944871e+13	300
2.4449999999999955e-11	0.19272032	-0.60784185	0.7702887	-2.7844256e-17	-1.5944871e+13	300
2.4549999999999953e-11	0.1935982	-0.61861354	0.76144093	-2.728571e-17	-1.5723494e+13	300
2.4649999999999952e-11	0.19456387	-0.6290193	0.7526172	-2.6736747e-17	-1.5723494e+13	300
2.474999999999995e-11	0.19562002	-0.63905096	0.74383944	-2.6198749e-17	-1.5341753e+13	300
2.484999999999995e-11	0.19676915	-0.648703	0.7351288	-2.5672948e-17	-1.5341753e+13	300
2.4949999999999947e-11	0.19801341	-0.6579715	0.72650486	-2.5160472e-17	-1.5341753e+13	300
2.5049999999999945e-11	0.1993548	-0.666855	0.7179864	-2.4662253e-17	-1.4815294e+13	300
2.5149999999999944e-11	0.20079502	-0.6753538	0.7095901	-2.4179133e-17	-1.4815294e+13	300
2.5249999999999942e-11	0.20233539	-0.6834698	0.70133144	-2.3711777e-17	-1.4164741e+13	300
2.534999999999994e-11	0.20397712	-0.6912065	0.6932243	-2.3260727e-17	-1.4164741e+13	300
2.544999999999994e-11	0.205721	-0.6985691	0.685281	-2.2826396e-17	-1.4164741e+13	300
2.5549999999999937e-11	0.20756772	-0.70556337	0.677512	-2.2409077e-17	-1.3414053e+13	300
2.5649999999999935e-11	0.20951755	-0.71219665	0.66992635	-2.200894e-17	-1.3414053e+13	300
2.5749999999999934e-11	0.21157059	-0.71847713	0.6625317	-2.1626048e-17	-1.2588784e+13	300
2.5849999999999932e-11	0.2137267	-0.72441316	0.6553338	-2.1260385e-17	-1.2588784e+13	300
2.594999999999993e-11	0.21598542	-0.73001444	0.6483374	-2.0911814e-17	-1.2588784e+13	300
2.604999999999993e-11	0.21834621	-0.7352907	0.64154565	-2.0580178e-17	-1.1714425e+13	300
2.6149999999999927e-11	0.22080816	-0.7402519	0.6349607	-2.026519e-17	-1.1714425e+13	300
2.6249999999999926e-11	0.2233703	-0.74490863	0.6285834	-1.9966553e-17	-1.0815016e+13	300
2.6349999999999924e-11	0.22603136	-0.74927115	0.62241346	-1.9683894e-17	-1.0815016e+13	300
2.6449999999999922e-11	0.22879001	-0.75334996	0.61645	-1.941681e-17	-1.0815016e+13	300
2.654999999999992e-11	0.23164463	-0.75715554	0.61069083	-1.9164863e-17	-9.912091e+12	300
2.664999999999992e-11	0.23459354	-0.76069826	0.6051334	-1.8927586e-17	-9.912091e+12	300
2.6749999999999917e-11	0.23763493	-0.76398826	0.5997743	-1.8704502e-17	-9.024007e+12	300
2.6849999999999916e-11	0.24076678	-0.7670355	0.5946096	-1.8495107e-17	-9.024007e+12	300
2.6949999999999914e-11	0.24398702	-0.7698497	0.58963495	-1.8298886e-17	-9.024007e+12	300
2.7049999999999912e-11	0.24729352	-0.77244055	0.5848454	-1.8115335e-17	-8.1656236e+12	300
2.714999999999991e-11	0.25068393	-0.7748168	0.5802359	-1.7943928e-17	-8.1656236e+12	300
2.724999999999991e-11	0.25415602	-0.7769876	0.57580096	-1.7784161e-17	-7.3482895e+12	300
2.7349999999999907e-11	0.25770724	-0.7789614	0.571535	-1.7635527e-17	-7.3482895e+12	300
2.7449999999999906e-11	0.26133522	-0.7807465	0.5674322	-1.7497515e-17	-7.3482895e+12	300
2.7549999999999904e-11	0.26503742	-0.7823505	0.56348675	-1.7369651e-17	-6.5800524e+12	300
2.7649999999999903e-11	0.26881123	-0.78378123	0.55969274	-1.725144e-17	-6.5800524e+12	300
2.77499999999999e-11	0.27265415	-0.7850457	0.55604416	-1.7142423e-17	-5.8660204e+12	300
2.78499999999999e-11	0.27656344	-0.7861509	0.5525352	-1.7042149e-17	-5.8660204e+12	300
2.7949999999999898e-11	0.2805366	-0.7871033	0.5491599	-1.6950173e-17	-5.8660204e+12	300
2.8049999999999896e-11	0.28457093	-0.7879093	0.54591256	-1.6866067e-17	-5.2088044e+12	300
2.8149999999999894e-11	0.2886638	-0.7885747	0.54278755	-1.6789437e-17	-5.2088044e+12	300
2.8249999999999893e-11	0.29281265	-0.7891054	0.53977925	-1.6719876e-17	-4.6089844e+12	300
2.834999999999989e-11	0.29701477	-0.7895065	0.5368823	-1.6657009e-17	-4.6089844e+12	300
2.844999999999989e-11	0.3012676	-0.78978336	0.53409123	-1.6600476e-17	-4.6089844e+12	300
2.8549999999999888e-11	0.30556855	-0.7899407	0.5314012	-1.6549929e-17	-4.0655648e+12	300
2.8649999999999886e-11	0.309915	-0.7899832	0.5288072	-1.6505033e-17	-4.0655648e+12	300
2.8749999999999885e-11	0.31430456	-0.78991514	0.5263044	-1.6465478e-17	-3.576385e+12	300
2.8849999999999883e-11	0.3187346	-0.7897409	0.5238883	-1.6430959e-17	-3.576385e+12	300
2.894999999999988e-11	0.3232028	-0.78946435	0.52155435	-1.6401192e-17	-3.576385e+12	300
2.904999999999988e-11	0.3277066	-0.7890892	0.5192984	-1.6375888e-17	-3.1384753e+12	300
2.914999999999988e-11	0.33224374	-0.7886191	0.51711637	-1.63548e-17	-3.1384753e+12	300
2.9249999999999886e-11	0.33681184	-0.7880573	0.5150045	-1.6337684e-17	-2.822733e+12	300
2.934999999999989e-11	0.34140864	-0.7874073	0.512959	-1.6324289e-17	-2.822733e+12	300
2.9449999999999896e-11	0.34603184	-0.7866718	0.51097625	-1.6314402e-17	-2.5356615e+12	300
2.95499999999999e-11	0.3506794	-0.78585416	0.509053	-1.6307808e-17	-2.5356615e+12	300
2.9649999999999905e-11	0.35534903	-0.7849567	0.5071861	-1.6304309e-17	-2.2752906e+12	300
2.974999999999991e-11	0.3600388	-0.7839824	0.5053724	-1.6303708e-17	-2.2752906e+12	300
2.9849999999999915e-11	0.3647465	-0.7829336	0.5036092	-1.6305833e-17	-2.0396495e+12	300
2.994999999999992e-11	0.3694704	-0.7818127	0.5018936	-1.6310508e-17	-2.0396495e+12	300
3.0049999999999925e-11	0.37420836	-0.7806221	0.500223	-1.631757e-17	-1.826802e+12	300
3.014999999999993e-11	0.37895864	-0.77936393	0.49859512	-1.6326878e-17	-1.826802e+12	300
3.0249999999999934e-11	0.38371935	-0.7780402	0.49700752	-1.6338275e-17	-1.6348751e+12	300
3.034999999999994e-11	0.3884889	-0.77665293	0.4954581	-1.6351625e-17	-1.6348751e+12	300
3.0449999999999944e-11	0.39326543	-0.77520406	0.4939448	-1.6366809e-17	-1.4620792e+12	300
3.054999999999995e-11	0.3980473	-0.7736953	0.49246562	-1.6383697e-17	-1.4620792e+12	300
3.0649999999999954e-11	0.402833	-0.7721285	0.49101877	-1.6402178e-17	-1.3067209e+12	300
3.074999999999996e-11	0.407621	-0.7705053	0.48960263	-1.6422147e-17	-1.3067209e+12	300
3.0849999999999963e-11	0.41240975	-0.7688272	0.4882154	-1.6443492e-17	-1.1672114e+12	300
3.094999999999997e-11	0.41719788	-0.7670958	0.48685566	-1.6466127e-17	-1.1672114e+12	300
3.104999999999997e-11	0.421984	-0.76531255	0.485522	-1.648996e-17	-1.0420705e+12	300
3.114999999999998e-11	0.42676672	-0.76347893	0.48421302	-1.6514896e-17	-1.0420705e+12	300
3.124999999999998e-11	0.4315448	-0.7615961	0.48292762	-1.6540866e-17	-9.2992766e+11	300
3.134999999999999e-11	0.43631703	-0.7596655	0.48166445	-1.6567787e-17	-9.2992766e+11	300
3.144999999999999e-11	0.44108215	-0.75768834	0.48042244	-1.6595596e-17	-8.295197e+11	300
3.155e-11	0.4458391	-0.7556657	0.47920066	-1.6624214e-17	-8.295197e+11	300
3.165e-11	0.4505868	-0.753599	0.47799808	-1.665359e-17	-7.39688e+11	300
3.1700000000000004e-11	0.4529568	-0.7525493	0.4774037	-1.6668538e-17	-7.39688e+11	300
3.180000000000001e-11	0.45768857	-0.7504183	0.47622824	-1.6698935e-17	-6.593736e+11	300
3.1900000000000014e-11	0.46240848	-0.74824584	0.47506985	-1.6729938e-17	-6.593736e+11	300
3.200000000000002e-11	0.46711567	-0.7460327	0.47392777	-1.6761502e-17	-5.876122e+11	300
3.2100000000000024e-11	0.47180912	-0.7437801	0.47280133	-1.6793578e-17	-5.876122e+11	300
3.220000000000003e-11	0.47648802	-0.7414888	0.47168976	-1.6826118e-17	-5.2352788e+11	300
3.230000000000003e-11	0.48115155	-0.73916	0.47059256	-1.6859089e-17	-5.2352788e+11	300
3.240000000000004e-11	0.4857989	-0.7367943	0.46950918	-1.6892444e-17	-4.6632698e+11	300
3.250000000000004e-11	0.4904294	-0.7343927	0.46843895	-1.6926145e-17	-4.6632698e+11	300
3.260000000000005e-11	0.49504215	-0.731956	0.46738154	-1.6960166e-17	-4.1529216e+11	300
3.270000000000005e-11	0.49963656	-0.7294849	0.46633643	-1.6994465e-17	-4.1529216e+11	300
3.280000000000006e-11	0.504212	-0.7269803	0.46530312	-1.7029012e-17	-3.6977623e+11	300
3.290000000000006e-11	0.50876796	-0.724443	0.46428132	-1.7063786e-17	-3.6977623e+11	300
3.300000000000007e-11	0.5133035	-0.7218735	0.46327072	-1.7098751e-17	-3.2919624e+11	300
3.310000000000007e-11	0.5178184	-0.7192728	0.46227086	-1.7133888e-17	-3.2919624e+11	300
3.3200000000000077e-11	0.522312	-0.7166412	0.46128148	-1.7169174e-17	-2.9302787e+11	300
3.330000000000008e-11	0.5267837	-0.7139797	0.4603023	-1.7204587e-17	-2.9302787e+11	300
3.3400000000000086e-11	0.5312331	-0.71128887	0.45933306	-1.72401e-17	-2.6080023e+11	300
3.350000000000009e-11	0.5356598	-0.7085692	0.4583735	-1.7275699e-17	-2.6080023e+11	300
3.3600000000000096e-11	0.54006326	-0.7058215	0.45742342	-1.7311367e-17	-2.320909e+11	300
3.37000000000001e-11	0.5444431	-0.70304614	0.45648265	-1.7347086e-17	-2.320909e+11	300
3.3800000000000106e-11	0.548799	-0.7002439	0.45555094	-1.7382837e-17	-2.065212e+11	300
3.390000000000011e-11	0.55313045	-0.6974152	0.45462814	-1.7418609e-17	-2.065212e+11	300
3.4000000000000115e-11	0.55743724	-0.6945607	0.45371413	-1.7454386e-17	-1.8375216e+11	300
3.410000000000012e-11	0.56171894	-0.6916808	0.45280877	-1.7490162e-17	-1.8375216e+11	300
3.4200000000000125e-11	0.56597537	-0.6887761	0.45191196	-1.7525917e-17	-1.6348042e+11	300
3.430000000000013e-11	0.5702061	-0.68584716	0.4510235	-1.7561645e-17	-1.6348042e+11	300
3.4400000000000135e-11	0.5744109	-0.68289435	0.45014334	-1.7597334e-17	-1.454348e+11	300
3.450000000000014e-11	0.57858956	-0.67991817	0.44927144	-1.7632973e-17	-1.454348e+11	300
3.4600000000000144e-11	0.58274186	-0.67691916	0.44840762	-1.7668558e-17	-1.2937301e+11	300
3.470000000000015e-11	0.58686745	-0.6738976	0.44755185	-1.7704076e-17	-1.2937301e+11	300
3.4800000000000154e-11	0.5909662	-0.6708543	0.44670403	-1.7739522e-17	-1.1507864e+11	300
3.490000000000016e-11	0.595038	-0.6677893	0.4458642	-1.777489e-17	-1.1507864e+11	300
3.5000000000000163e-11	0.5990825	-0.6647032	0.44503233	-1.781017e-17	-1.02358565e+11	300
3.510000000000017e-11	0.6030997	-0.66159636	0.44420817	-1.784536e-17	-1.02358565e+11	300
3.520000000000017e-11	0.6070893	-0.6584693	0.44339192	-1.7880454e-17	-9.104045e+10	300
3.530000000000018e-11	0.6110512	-0.6553222	0.44258335	-1.7915442e-17	-9.104045e+10	300
3.540000000000018e-11	0.6149853	-0.65215564	0.44178268	-1.7950326e-17	-8.097064e+10	300
3.550000000000019e-11	0.6188914	-0.6489699	0.44098967	-1.7985099e-17	-8.097064e+10	300
3.560000000000019e-11	0.6227696	-0.64576536	0.44020447	-1.8019754e-17	-7.20121e+10	300
3.57000000000002e-11	0.62661946	-0.6425424	0.43942687	-1.8054294e-17	-7.20121e+10	300
3.58000000000002e-11	0.6304411	-0.6393014	0.43865708	-1.8088716e-17	-6.404274e+10	300
3.590000000000021e-11	0.6342345	-0.6360426	0.43789497	-1.8123011e-17	-6.404274e+10	300
3.600000000000021e-11	0.6379995	-0.6327664	0.43714055	-1.8157182e-17	-5.695375e+10	300
3.6100000000000217e-11	0.641736	-0.6294732	0.43639395	-1.8191217e-17	-5.695375e+10	300
3.620000000000022e-11	0.64544386	-0.6261632	0.435655	-1.8225131e-17	-5.0648203e+10	300
3.6300000000000226e-11	0.64912325	-0.6228367	0.43492383	-1.8258905e-17	-5.0648203e+10	300
3.640000000000023e-11	0.6527739	-0.61949414	0.43420044	-1.8292548e-17	-4.5039776e+10	300
3.6500000000000236e-11	0.6563959	-0.6161356	0.4334848	-1.8326056e-17	-4.5039776e+10	300
3.660000000000024e-11	0.6599893	-0.6127616	0.4327769	-1.8359428e-17	-4.005161e+10	300
3.6700000000000245e-11	0.6635539	-0.6093723	0.43207693	-1.8392659e-17	-4.005161e+10	300
3.680000000000025e-11	0.6670898	-0.6059681	0.43138468	-1.8425754e-17	-3.561527e+10	300
3.6900000000000255e-11	0.67059684	-0.6025492	0.4307004	-1.8458709e-17	-3.561527e+10	300
3.700000000000026e-11	0.6740752	-0.59911585	0.43002394	-1.8491525e-17	-3.1669834e+10	300
3.7100000000000265e-11	0.6775247	-0.59566826	0.4293554	-1.85242e-17	-3.1669834e+10	300
3.720000000000027e-11	0.68094546	-0.59220684	0.42869475	-1.8556735e-17	-2.8161085e+10	300
3.7300000000000274e-11	0.6843375	-0.5887317	0.42804214	-1.8589129e-17	-2.8161085e+10	300
3.740000000000028e-11	0.68770075	-0.58524317	0.42739755	-1.8621384e-17	-2.5040771e+10	300
3.7500000000000284e-11	0.6910353	-0.5817414	0.42676094	-1.8653497e-17	-2.5040771e+10	300
3.760000000000029e-11	0.694341	-0.5782268	0.42613238	-1.8685472e-17	-2.2265956e+10	300
3.7700000000000294e-11	0.6976181	-0.5746994	0.42551193	-1.8717306e-17	-2.2265956e+10	300
3.78000000000003e-11	0.70086634	-0.5711596	0.42489958	-1.8748998e-17	-1.9798432e+10	300
3.7900000000000303e-11	0.7040861	-0.5676075	0.4242954	-1.8780553e-17	-1.9798432e+10	300
3.800000000000031e-11	0.7072772	-0.56404346	0.4236994	-1.8811973e-17	-1.7604209e+10	300
3.810000000000031e-11	0.71043956	-0.56046754	0.42311165	-1.884325e-17	-1.7604209e+10	300
3.820000000000032e-11	0.71357346	-0.55688006	0.42253214	-1.8874394e-17	-1.5653048e+10	300
3.830000000000032e-11	0.7166788	-0.5532812	0.4219609	-1.8905398e-17	-1.5653048e+10	300
3.840000000000033e-11	0.71975565	-0.54967105	0.421398	-1.8936269e-17	-1.391805e+10	300
3.850000000000033e-11	0.72280407	-0.54604995	0.42084348	-1.8967005e-17	-1.391805e+10	300
3.860000000000034e-11	0.72582406	-0.54241806	0.42029738	-1.8997607e-17	-1.2375287e+10	300
3.870000000000034e-11	0.72881573	-0.53877556	0.4197597	-1.9028074e-17	-1.2375287e+10	300
3.880000000000035e-11	0.7317791	-0.5351226	0.41923046	-1.905841e-17	-1.1003475e+10	300
3.890000000000035e-11	0.73471415	-0.53145945	0.41870973	-1.9088619e-17	-1.1003475e+10	300
3.9000000000000356e-11	0.73762095	-0.5277862	0.41819757	-1.9118692e-17	-9.783682e+09	300
3.910000000000036e-11	0.74049973	-0.52410305	0.41769394	-1.9148642e-17	-9.783682e+09	300
3.9200000000000366e-11	0.74335027	-0.5204102	0.41719896	-1.9178462e-17	-8.699073e+09	300
3.930000000000037e-11	0.7461728	-0.5167078	0.4167126	-1.9208155e-17	-8.699073e+09	300
3.9400000000000376e-11	0.7489673	-0.512996	0.41623494	-1.9237725e-17	-7.7346734e+09	300
3.950000000000038e-11	0.751734	-0.509275	0.41576606	-1.9267172e-17	-7.7346734e+09	300
3.9600000000000385e-11	0.7544726	-0.50554496	0.41530585	-1.9296491e-17	-6.8771666e+09	300
3.970000000000039e-11	0.75718355	-0.501806	0.41485447	-1.932569e-17	-6.8771666e+09	300
3.9800000000000395e-11	0.7598666	-0.49805832	0.41441187	-1.9354774e-17	-6.1147095e+09	300
3.99000000000004e-11	0.76252204	-0.494302	0.4139782	-1.9383735e-17	-6.1147095e+09	300
4.0000000000000405e-11	0.76514983	-0.49053723	0.4135534	-1.9412582e-17	-5.43677e+09	300
4.010000000000041e-11	0.7677499	-0.4867642	0.41313756	-1.9441312e-17	-5.43677e+09	300
4.0200000000000414e-11	0.77032256	-0.48298302	0.4127306	-1.9469924e-17	-4.8339825e+09	300
4.030000000000042e-11	0.77286774	-0.47919378	0.4123327	-1.9498425e-17	-4.8339825e+09	300
4.0400000000000424e-11	0.7753855	-0.47539663	0.41194385	-1.9526814e-17	-4.2980183e+09	300
4.050000000000043e-11	0.7778759	-0.47159177	0.41156408	-1.9555096e-17	-4.2980183e+09	300
4.0600000000000434e-11	0.780339	-0.46777928	0.41119337	-1.9583266e-17	-3.8214717e+09	300
4.070000000000044e-11	0.78277487	-0.4639593	0.41083184	-1.9611329e-17	-3.8214717e+09	300
4.0800000000000443e-11	0.78518355	-0.46013194	0.41047943	-1.9639283e-17	-3.397757e+09	300
4.090000000000045e-11	0.7875651	-0.45629737	0.41013625	-1.9667136e-17	-3.397757e+09	300
4.100000000000045e-11	0.7899197	-0.45245567	0.40980238	-1.9694884e-17	-3.0210184e+09	300
4.110000000000046e-11	0.7922473	-0.44860694	0.4094777	-1.9722535e-17	-3.0210184e+09	300
4.120000000000046e-11	0.7945479	-0.4447513	0.40916234	-1.9750079e-17	-2.6860483e+09	300
4.130000000000047e-11	0.79682183	-0.44088894	0.40885633	-1.9777526e-17	-2.6860483e+09	300
4.140000000000047e-11	0.79906875	-0.43701994	0.40855968	-1.980488e-17	-2.388217e+09	300
4.150000000000048e-11	0.8012889	-0.43314433	0.40827248	-1.9832133e-17	-2.388217e+09	300
4.160000000000048e-11	0.80348253	-0.42926234	0.4079947	-1.9859295e-17	-2.1234072e+09	300
4.1700000000000487e-11	0.80564946	-0.425374	0.4077264	-1.9886363e-17	-2.1234072e+09	300
4.180000000000049e-11	0.8077898	-0.42147946	0.40746754	-1.9913341e-17	-1.8879584e+09	300
4.1900000000000496e-11	0.80990356	-0.41757885	0.40721828	-1.9940226e-17	-1.8879584e+09	300
4.20000000000005e-11	0.811991	-0.4136721	0.40697855	-1.9967025e-17	-1.6786153e+09	300
4.2100000000000506e-11	0.81405187	-0.40975946	0.4067484	-1.999374e-17	-1.6786153e+09	300
4.220000000000051e-11	0.8160866	-0.40584105	0.40652788	-2.0020368e-17	-1.4924838e+09	300
4.2300000000000516e-11	0.8180949	-0.40191686	0.40631706	-2.004691e-17	-1.4924838e+09	300
4.240000000000052e-11	0.82007706	-0.39798704	0.4061159	-2.0073372e-17	-1.3269905e+09	300
4.2500000000000525e-11	0.8220328	-0.39405173	0.40592447	-2.0099754e-17	-1.3269905e+09	300
4.260000000000053e-11	0.82396257	-0.39011085	0.40574276	-2.0126057e-17	-1.179847e+09	300
4.2700000000000535e-11	0.8258663	-0.3861647	0.40557083	-2.0152279e-17	-1.179847e+09	300
4.280000000000054e-11	0.8277439	-0.38221323	0.40540877	-2.017843e-17	-1.04901914e+09	300
4.2900000000000545e-11	0.8295956	-0.37825662	0.40525645	-2.0204505e-17	-1.04901914e+09	300
4.300000000000055e-11	0.8314214	-0.37429485	0.4051141	-2.0230505e-17	-9.326977e+08	300
4.3100000000000554e-11	0.8332212	-0.37032807	0.4049816	-2.0256436e-17	-9.326977e+08	300
4.320000000000056e-11	0.83499527	-0.36635634	0.40485907	-2.0282297e-17	-8.292744e+08	300
4.3300000000000564e-11	0.83674335	-0.36237976	0.4047464	-2.0308088e-17	-8.292744e+08	300
4.340000000000057e-11	0.83846587	-0.3583984	0.40464377	-2.033381e-17	-7.37319e+08	300
4.3500000000000574e-11	0.84016263	-0.35441232	0.4045512	-2.0359473e-17	-7.37319e+08	300
4.360000000000058e-11	0.8418337	-0.3504216	0.40446863	-2.0385065e-17	-6.5556e+08	300
4.370000000000058e-11	0.8434792	-0.34642634	0.4043961	-2.04106e-17	-6.5556e+08	300
4.380000000000059e-11	0.8450991	-0.34242654	0.40433365	-2.0436073e-17	-5.828668e+08	300
4.390000000000059e-11	0.8466934	-0.3384224	0.40428138	-2.0461485e-17	-5.828668e+08	300
4.40000000000006e-11	0.84826225	-0.33441392	0.40423927	-2.0486842e-17	-5.182343e+08	300
4.41000000000006e-11	0.84980565	-0.3304011	0.40420732	-2.0512144e-17	-5.182343e+08	300
4.420000000000061e-11	0.85132354	-0.32638413	0.40418556	-2.0537386e-17	-4.6076858e+08	300
4.430000000000061e-11	0.8528161	-0.32236302	0.40417406	-2.0562578e-17	-4.6076858e+08	300
4.440000000000062e-11	0.8542832	-0.31833783	0.40417278	-2.0587718e-17	-4.09675e+08	300
4.450000000000062e-11	0.85572517	-0.31430864	0.40418187	-2.061281e-17	-4.09675e+08	300
4.4600000000000627e-11	0.8571416	-0.31027555	0.4042012	-2.0637852e-17	-3.64247e+08	300
4.470000000000063e-11	0.858533	-0.30623856	0.40423092	-2.0662844e-17	-3.64247e+08	300
4.4800000000000636e-11	0.859899	-0.30219775	0.40427098	-2.0687794e-17	-3.238564e+08	300
4.490000000000064e-11	0.86123985	-0.29815316	0.40432143	-2.0712698e-17	-3.238564e+08	300
4.5000000000000646e-11	0.86255544	-0.294105	0.40438226	-2.073756e-17	-2.8794458e+08	300
4.510000000000065e-11	0.8638459	-0.29005313	0.4044536	-2.0762382e-17	-2.8794458e+08	300
4.5200000000000656e-11	0.86511135	-0.28599775	0.40453544	-2.0787163e-17	-2.560149e+08	300
4.530000000000066e-11	0.8663515	-0.28193885	0.40462774	-2.0811909e-17	-2.560149e+08	300
4.5400000000000665e-11	0.8675666	-0.27787647	0.4047305	-2.0836618e-17	-2.2762584e+08	300
4.550000000000067e-11	0.86875665	-0.27381074	0.4048439	-2.0861288e-17	-2.2762584e+08	300
4.5600000000000675e-11	0.8699216	-0.26974168	0.4049678	-2.088593e-17	-2.0238477e+08	300
4.570000000000068e-11	0.87106156	-0.26566935	0.4051023	-2.0910534e-17	-2.0238477e+08	300
4.5800000000000685e-11	0.8721765	-0.26159382	0.40524748	-2.093511e-17	-1.7994262e+08	300
4.590000000000069e-11	0.87326634	-0.25751516	0.40540332	-2.0959657e-17	-1.7994262e+08	300
4.6000000000000694e-11	0.87433124	-0.25343338	0.40556976	-2.0984179e-17	-1.5998904e+08	300
4.61000000000007e-11	0.8753712	-0.2493485	0.40574694	-2.1008672e-17	-1.5998904e+08	300
4.6200000000000704e-11	0.87638617	-0.2452607	0.40593475	-2.1033142e-17	-1.4224808e+08	300
4.630000000000071e-11	0.877376	-0.24116994	0.40613338	-2.1057586e-17	-1.4224808e+08	300
4.6400000000000713e-11	0.8783411	-0.23707631	0.40634274	-2.1082015e-17	-1.2647437e+08	300
4.650000000000072e-11	0.87928116	-0.23297986	0.40656295	-2.110642e-17	-1.2647437e+08	300
4.660000000000072e-11	0.88019615	-0.22888063	0.4067939	-2.1130809e-17	-1.1244979e+08	300
4.670000000000073e-11	0.88108623	-0.22477871	0.40703574	-2.1155179e-17	-1.1244979e+08	300
4.680000000000073e-11	0.88195145	-0.22067411	0.40728843	-2.1179533e-17	-9.998037e+07	300
4.690000000000074e-11	0.88279164	-0.21656692	0.40755194	-2.1203873e-17	-9.998037e+07	300
4.700000000000074e-11	0.8836069	-0.21245715	0.40782636	-2.12282e-17	-8.889366e+07	300
4.710000000000075e-11	0.88439727	-0.20834488	0.40811175	-2.1252522e-17	-8.889366e+07	300
4.720000000000075e-11	0.88516265	-0.20423017	0.4084081	-2.1276827e-17	-7.9036344e+07	300
4.730000000000076e-11	0.88590306	-0.20011309	0.40871537	-2.1301127e-17	-7.9036344e+07	300
4.740000000000076e-11	0.8866185	-0.19599363	0.40903366	-2.1325423e-17	-7.02721e+07	300
4.7500000000000767e-11	0.8873089	-0.19187191	0.4093629	-2.1349707e-17	-7.02721e+07	300
4.760000000000077e-11	0.8879744	-0.18774796	0.40970328	-2.1373995e-17	-6.24797e+07	300
4.7700000000000776e-11	0.8886149	-0.18362182	0.41005465	-2.1398276e-17	-6.24797e+07	300
4.780000000000078e-11	0.8892304	-0.17949356	0.41041714	-2.142256e-17	-5.555139e+07	300
4.7900000000000786e-11	0.8898208	-0.17536323	0.41079065	-2.1446844e-17	-5.555139e+07	300
4.800000000000079e-11	0.89038604	-0.17123087	0.4111753	-2.147113e-17	-4.9391356e+07	300
4.8100000000000795e-11	0.8909265	-0.16709657	0.4115711	-2.1495418e-17	-4.9391356e+07	300
4.82000000000008e-11	0.8914417	-0.16296035	0.4119781	-2.1519714e-17	-4.39144e+07	300
4.8300000000000805e-11	0.89193183	-0.1588223	0.4123962	-2.1544015e-17	-4.39144e+07	300
4.840000000000081e-11	0.89239687	-0.15468244	0.41282552	-2.1568326e-17	-3.9044776e+07	300
4.8500000000000815e-11	0.8928368	-0.15054083	0.4132661	-2.1592645e-17	-3.9044776e+07	300
4.860000000000082e-11	0.8932515	-0.14639756	0.4137179	-2.1616976e-17	-3.471514e+07	300
4.8700000000000824e-11	0.893641	-0.14225265	0.41418093	-2.1641321e-17	-3.471514e+07	300
4.880000000000083e-11	0.8940053	-0.13810618	0.4146552	-2.1665678e-17	-3.0865612e+07	300
4.8900000000000834e-11	0.89434433	-0.1339582	0.41514084	-2.1690054e-17	-3.0865612e+07	300
4.900000000000084e-11	0.8946582	-0.12980878	0.41563776	-2.1714442e-17	-2.7442954e+07	300
4.9100000000000844e-11	0.8949466	-0.12565798	0.416146	-2.1738852e-17	-2.7442954e+07	300
4.920000000000085e-11	0.89520967	-0.12150583	0.41666558	-2.1763284e-17	-2.4399832e+07	300
4.9300000000000853e-11	0.8954475	-0.11735241	0.4171965	-2.1787736e-17	-2.4399832e+07	300
4.940000000000086e-11	0.8956598	-0.11319779	0.41773883	-2.181221e-17	-2.1694158e+07	300
4.950000000000086e-11	0.8958468	-0.10904201	0.41829258	-2.1836713e-17	-2.1694158e+07	300
4.960000000000087e-11	0.89600813	-0.10488516	0.4188577	-2.1861237e-17	-1.9288512e+07	300
4.970000000000087e-11	0.89614403	-0.10072729	0.4194343	-2.1885793e-17	-1.9288512e+07	300
4.980000000000088e-11	0.89625436	-0.096568465	0.42002234	-2.1910373e-17	-1.7149628e+07	300
4.990000000000088e-11	0.8963391	-0.09240876	0.4206218	-2.1934989e-17	-1.7149628e+07	300
5.000000000000089e-11	0.89639825	-0.08824822	0.42123273	-2.1959632e-17	-1.5247921e+07	300
5.010000000000089e-11	0.89643157	-0.08408694	0.4218552	-2.1984312e-17	-1.5247921e+07	300
5.02000000000009e-11	0.89643925	-0.07992496	0.42248923	-2.2009026e-17	-1.3557093e+07	300
5.03000000000009e-11	0.8964211	-0.075762376	0.42313468	-2.2033775e-17	-1.3557093e+07	300
5.0400000000000906e-11	0.896377	-0.07159924	0.42379177	-2.2058564e-17	-1.2053759e+07	300
5.050000000000091e-11	0.89630723	-0.06743563	0.42446032	-2.2083391e-17	-1.2053759e+07	300
5.0600000000000916e-11	0.8962115	-0.06327163	0.42514047	-2.2108261e-17	-1.0717129e+07	300
5.070000000000092e-11	0.8960897	-0.059107285	0.42583218	-2.2133168e-17	-1.0717129e+07	300
5.0800000000000926e-11	0.8959419	-0.054942697	0.42653555	-2.2158127e-17	-9.528716e+06	300
5.090000000000093e-11	0.8957679	-0.050777934	0.42725042	-2.2183125e-17	-9.528716e+06	300
5.1000000000000935e-11	0.8955679	-0.046613067	0.42797703	-2.2208172e-17	-8.472086e+06	300
5.110000000000094e-11	0.89534163	-0.042448193	0.42871523	-2.2233267e-17	-8.472086e+06	300
5.1200000000000945e-11	0.8950891	-0.038283367	0.42946503	-2.225841e-17	0	300
5.130000000000095e-11	0.8948104	-0.034118682	0.43022653	-2.2283605e-17	0	300
5.1400000000000955e-11	0.894505	-0.029954221	0.43099964	-2.2308854e-17	0	300
5.150000000000096e-11	0.89417344	-0.025790084	0.43178448	-2.2334158e-17	0	300
5.1600000000000964e-11	0.89381516	-0.02162633	0.43258095	-2.2359514e-17	0	300
5.170000000000097e-11	0.8934305	-0.01746307	0.4333892	-2.2384928e-17	0	300
5.1800000000000974e-11	0.893019	-0.013300378	0.4342091	-2.2410402e-17	0	300
5.190000000000098e-11	0.89258105	-0.009138349	0.43504074	-2.2435936e-17	0	300
5.2000000000000984e-11	0.8921161	-0.004977082	0.43588412	-2.246153e-17	0	300
5.210000000000099e-11	0.8916244	-0.00081666233	0.43673918	-2.248719e-17	0	300
5.2200000000000993e-11	0.89110583	0.003342812	0.43760604	-2.251291e-17	0	300
5.2300000000001e-11	0.89056027	0.0075012418	0.4384846	-2.2538698e-17	0	300
5.2400000000001e-11	0.88998777	0.011658531	0.43937492	-2.2564554e-17	0	300
5.250000000000101e-11	0.8893881	0.015814576	0.440277	-2.2590478e-17	0	300
5.260000000000101e-11	0.8887613	0.019969275	0.4411909	-2.2616471e-17	0	300
5.270000000000102e-11	0.88810706	0.024122527	0.4421165	-2.2642536e-17	0	300
5.280000000000102e-11	0.88742554	0.028274221	0.4430539	-2.2668676e-17	0	300
5.290000000000103e-11	0.8867167	0.03242425	0.44400308	-2.269489e-17	0	300
5.300000000000103e-11	0.88598037	0.03657251	0.44496408	-2.2721176e-17	0	300
5.3100000000001037e-11	0.8852165	0.040718876	0.44593686	-2.2747543e-17	0	300
5.320000000000104e-11	0.88442504	0.04486325	0.44692138	-2.2773991e-17	0	300
5.3300000000001046e-11	0.8836057	0.0490055	0.44791773	-2.2800517e-17	0	300
5.340000000000105e-11	0.88275874	0.053145524	0.44892588	-2.2827123e-17	0	300
5.3500000000001056e-11	0.8818838	0.057283185	0.44994584	-2.2853812e-17	0	300
5.360000000000106e-11	0.8809811	0.061418377	0.45097756	-2.288059e-17	0	300
5.3700000000001066e-11	0.88005024	0.06555096	0.45202112	-2.290745e-17	0	300
5.380000000000107e-11	0.8790913	0.06968082	0.45307648	-2.2934398e-17	0	300
5.3900000000001075e-11	0.8781042	0.07380782	0.4541436	-2.2961434e-17	0	300
5.400000000000108e-11	0.87708884	0.077931836	0.45522255	-2.2988567e-17	0	300
5.4100000000001085e-11	0.8760451	0.08205272	0.45631325	-2.3015786e-17	0	300
5.420000000000109e-11	0.87497306	0.08617035	0.45741582	-2.30431e-17	0	300
5.4300000000001095e-11	0.87387246	0.0902846	0.45853013	-2.3070504e-17	0	300
5.44000000000011e-11	0.8727431	0.094395295	0.45965618	-2.3098008e-17	0	300
5.4500000000001104e-11	0.87158525	0.098502316	0.46079406	-2.3125606e-17	0	300
5.460000000000111e-11	0.87039864	0.102605514	0.46194372	-2.3153306e-17	0	300
5.4700000000001114e-11	0.86918324	0.106704734	0.4631052	-2.3181108e-17	0	300
5.480000000000112e-11	0.86793876	0.11079984	0.4642783	-2.320901e-17	0	300
5.4900000000001124e-11	0.8666655	0.11489066	0.46546325	-2.3237014e-17	0	300
5.500000000000113e-11	0.865363	0.11897706	0.46665993	-2.3265123e-17	0	300
5.510000000000113e-11	0.8640314	0.12305888	0.46786833	-2.3293338e-17	0	300
5.520000000000114e-11	0.86267054	0.12713593	0.46908844	-2.3321661e-17	0	300
5.530000000000114e-11	0.8612802	0.13120808	0.4703203	-2.3350091e-17	0	300
5.540000000000115e-11	0.85986066	0.13527516	0.47156388	-2.3378629e-17	0	300
5.550000000000115e-11	0.8584115	0.13933699	0.47281915	-2.3407282e-17	0	300
5.560000000000116e-11	0.85693276	0.14339338	0.4740861	-2.3436045e-17	0	300
5.570000000000116e-11	0.8554244	0.1474442	0.47536469	-2.3464924e-17	0	300
5.580000000000117e-11	0.85388637	0.15148924	0.4766549	-2.3493915e-17	0	300
5.590000000000117e-11	0.85231835	0.15552835	0.47795683	-2.3523028e-17	0	300
5.6000000000001177e-11	0.8507205	0.15956134	0.47927034	-2.3552254e-17	0	300
5.610000000000118e-11	0.84909266	0.16358799	0.48059547	-2.3581604e-17	0	300
5.6200000000001186e-11	0.84743476	0.16760816	0.48193222	-2.3611072e-17	0	300
5.630000000000119e-11	0.84574676	0.17162164	0.48328045	-2.3640661e-17	0	300
5.6400000000001196e-11	0.8440285	0.17562822	0.48464033	-2.3670375e-17	0	300
5.65000000000012e-11	0.84227985	0.17962772	0.48601168	-2.3700213e-17	0	300
5.6600000000001206e-11	0.8405009	0.18361995	0.48739457	-2.3730176e-17	0	300
5.670000000000121e-11	0.83869153	0.1876047	0.4887889	-2.3760268e-17	0	300
5.6800000000001215e-11	0.83685154	0.19158174	0.49019477	-2.3790487e-17	0	300
5.690000000000122e-11	0.83498096	0.1955509	0.49161202	-2.3820835e-17	0	300
5.7000000000001225e-11	0.8330797	0.19951196	0.4930407	-2.3851315e-17	0	300
5.710000000000123e-11	0.8311477	0.20346469	0.4944808	-2.3881929e-17	0	300
5.7200000000001235e-11	0.8291848	0.20740889	0.49593225	-2.3912676e-17	0	300
5.730000000000124e-11	0.82719105	0.21134432	0.49739507	-2.3943555e-17	0	300
5.7400000000001244e-11	0.8251663	0.21527079	0.49886912	-2.3974571e-17	0	300
5.750000000000125e-11	0.8231104	0.21918803	0.5003545	-2.4005724e-17	0	300
5.7600000000001254e-11	0.8210235	0.22309586	0.5018512	-2.4037018e-17	0	300
5.770000000000126e-11	0.8189054	0.22699402	0.5033591	-2.4068454e-17	0	300
5.7800000000001263e-11	0.8167561	0.23088226	0.50487804	-2.4100025e-17	0	300
5.790000000000127e-11	0.8145755	0.23476036	0.5064083	-2.4131742e-17	0	300
5.800000000000127e-11	0.8123633	0.23862809	0.5079496	-2.4163598e-17	0	300
5.810000000000128e-11	0.8101199	0.2424852	0.509502	-2.4195597e-17	0	300
5.820000000000128e-11	0.80784506	0.24633142	0.51106536	-2.4227746e-17	0	300
5.830000000000129e-11	0.8055385	0.2501665	0.5126399	-2.4260043e-17	0	300
5.840000000000129e-11	0.80320036	0.25399023	0.51422524	-2.4292485e-17	0	300
5.85000000000013e-11	0.8008306	0.2578023	0.51582164	-2.4325077e-17	0	300
5.86000000000013e-11	0.7984291	0.26160246	0.5174289	-2.435782e-17	0	300
5.870000000000131e-11	0.7959959	0.2653905	0.5190469	-2.4390709e-17	0	300
5.880000000000131e-11	0.7935307	0.26916608	0.52067584	-2.4423753e-17	0	300
5.890000000000132e-11	0.79103386	0.272929	0.5223155	-2.4456951e-17	0	300
5.900000000000132e-11	0.78850496	0.27667892	0.52396584	-2.4490307e-17	0	300
5.910000000000133e-11	0.7859442	0.2804156	0.5256269	-2.4523816e-17	0	300
5.920000000000133e-11	0.7833514	0.2841388	0.52729857	-2.455748e-17	0	300
5.930000000000134e-11	0.7807267	0.28784814	0.52898073	-2.45913e-17	0	300
5.940000000000134e-11	0.7780698	0.2915434	0.5306735	-2.4625278e-17	0	300
5.950000000000135e-11	0.7753809	0.29522428	0.53237677	-2.465942e-17	0	300
5.960000000000135e-11	0.77265984	0.2988905	0.5340904	-2.4693719e-17	0	300
5.970000000000136e-11	0.7699066	0.30254173	0.5358144	-2.472818e-17	0	300
5.980000000000136e-11	0.7671212	0.3061777	0.53754866	-2.4762801e-17	0	300
5.990000000000136e-11	0.76430357	0.30979812	0.5392932	-2.4797583e-17	0	300
6.000000000000137e-11	0.76145387	0.3134027	0.541048	-2.4832536e-17	0	300
6.010000000000137e-11	0.75857186	0.3169911	0.5428129	-2.4867652e-17	0	300
6.020000000000138e-11	0.75565755	0.320563	0.54458785	-2.490293e-17	0	300
6.030000000000138e-11	0.752711	0.32411808	0.54637283	-2.4938377e-17	0	300
6.040000000000139e-11	0.74973226	0.32765606	0.5481677	-2.4973992e-17	0	300
6.05000000000014e-11	0.74672127	0.3311766	0.54997253	-2.5009776e-17	0	300
6.06000000000014e-11	0.7436779	0.3346794	0.55178726	-2.504573e-17	0	300
6.07000000000014e-11	0.7406024	0.33816415	0.55361164	-2.5081852e-17	0	300
6.080000000000141e-11	0.7374946	0.34163046	0.55544573	-2.5118143e-17	0	300
6.090000000000141e-11	0.7343545	0.34507805	0.5572895	-2.5154609e-17	0	300
6.100000000000142e-11	0.7311822	0.34850654	0.5591427	-2.5191243e-17	0	300
6.110000000000142e-11	0.72797775	0.3519157	0.5610055	-2.5228049e-17	0	300
6.120000000000143e-11	0.72474104	0.3553051	0.56287766	-2.5265034e-17	0	300
6.130000000000143e-11	0.72147214	0.35867435	0.56475914	-2.5302184e-17	0	300
6.140000000000144e-11	0.7181712	0.3620232	0.56664985	-2.5339518e-17	0	300
6.150000000000144e-11	0.714838	0.36535126	0.5685498	-2.5377026e-17	0	300
6.160000000000145e-11	0.71147287	0.3686582	0.57045877	-2.5414707e-17	0	300
6.170000000000145e-11	0.7080757	0.37194365	0.57237685	-2.5452567e-17	0	300
6.180000000000146e-11	0.70464647	0.3752073	0.5743038	-2.5490601e-17	0	300
6.190000000000146e-11	0.70118535	0.37844875	0.57623965	-2.5528814e-17	0	300
6.200000000000147e-11	0.6976924	0.38166764	0.57818425	-2.5567203e-17	0	300
6.210000000000147e-11	0.69416755	0.38486364	0.5801375	-2.5605773e-17	0	300
6.220000000000148e-11	0.69061095	0.3880363	0.58209944	-2.5644526e-17	0	300
6.230000000000148e-11	0.6870226	0.39118534	0.58406985	-2.5683453e-17	0	300
6.240000000000149e-11	0.6834028	0.3943104	0.5860487	-2.5722554e-17	0	300
6.250000000000149e-11	0.67975134	0.39741105	0.5880359	-2.5761849e-17	0	300
6.26000000000015e-11	0.6760684	0.40048692	0.59003127	-2.5801317e-17	0	300
6.27000000000015e-11	0.6723541	0.40353766	0.5920349	-2.584097e-17	0	300
6.28000000000015e-11	0.6686085	0.40656286	0.5940465	-2.5880797e-17	0	300
6.290000000000151e-11	0.6648318	0.40956223	0.596066	-2.5920815e-17	0	300
6.300000000000151e-11	0.66102386	0.41253525	0.59809345	-2.5961002e-17	0	300
6.310000000000152e-11	0.657185	0.4154817	0.60012865	-2.6001382e-17	0	300
6.320000000000152e-11	0.6533153	0.41840097	0.6021715	-2.6041944e-17	0	300
6.330000000000153e-11	0.6494148	0.42129287	0.6042218	-2.6082684e-17	0	300
6.340000000000153e-11	0.6454838	0.42415693	0.60627973	-2.6123611e-17	0	300
6.350000000000154e-11	0.64152217	0.4269928	0.608345	-2.616472e-17	0	300
6.360000000000154e-11	0.6375302	0.42980003	0.6104174	-2.6206005e-17	0	300
6.370000000000155e-11	0.6335079	0.4325783	0.6124969	-2.624748e-17	0	300
6.380000000000155e-11	0.6294557	0.4353271	0.6145836	-2.6289137e-17	0	300
6.390000000000156e-11	0.6253735	0.4380461	0.61667717	-2.6330974e-17	0	300
6.400000000000156e-11	0.6212615	0.44073495	0.6187774	-2.6372995e-17	0	300
6.410000000000157e-11	0.61711985	0.44339317	0.6208844	-2.6415204e-17	0	300
6.420000000000157e-11	0.6129488	0.44602036	0.62299794	-2.6457587e-17	0	300
6.430000000000158e-11	0.60874844	0.44861618	0.6251181	-2.6500155e-17	0	300
6.440000000000158e-11	0.60451907	0.4511802	0.62724435	-2.6542907e-17	0	300
6.450000000000159e-11	0.6002607	0.453712	0.62937695	-2.6585843e-17	0	300
6.460000000000159e-11	0.5959737	0.45621115	0.6315157	-2.662896e-17	0	300
6.47000000000016e-11	0.5916581	0.45867732	0.6336604	-2.6672259e-17	0	300
6.48000000000016e-11	0.58731425	0.46111003	0.6358109	-2.6715743e-17	0	300
6.49000000000016e-11	0.5829423	0.46350893	0.6379671	-2.67594e-17	0	300
6.500000000000161e-11	0.5785425	0.46587357	0.64012897	-2.680324e-17	0	300
6.510000000000162e-11	0.5741149	0.46820357	0.6422964	-2.6847268e-17	0	300
6.520000000000162e-11	0.56966007	0.47049847	0.644469	-2.6891475e-17	0	300
6.530000000000163e-11	0.565178	0.47275797	0.646647	-2.6935858e-17	0	300
6.540000000000163e-11	0.56066895	0.47498155	0.64882994	-2.6980413e-17	0	300
6.550000000000163e-11	0.55613333	0.47716886	0.6510179	-2.7025162e-17	0	300
6.560000000000164e-11	0.55157113	0.47931945	0.6532107	-2.7070081e-17	0	300
6.570000000000164e-11	0.5469829	0.4814329	0.65540814	-2.711518e-17	0	300
6.580000000000165e-11	0.5423688	0.48350894	0.6576101	-2.7160457e-17	0	300
6.590000000000165e-11	0.53772897	0.48554704	0.65981656	-2.7205906e-17	0	300
6.600000000000166e-11	0.5330639	0.48754677	0.66202724	-2.7251533e-17	0	300
6.610000000000166e-11	0.52837384	0.48950785	0.664242	-2.7297336e-17	0	300
6.620000000000167e-11	0.52365893	0.49142975	0.6664609	-2.7343314e-17	0	300
6.630000000000167e-11	0.51891977	0.49331212	0.6686835	-2.7389465e-17	0	300
6.640000000000168e-11	0.51415634	0.49515456	0.6709098	-2.7435794e-17	0	300
6.650000000000168e-11	0.50936925	0.49695665	0.6731397	-2.7482293e-17	0	300
6.660000000000169e-11	0.5045587	0.49871796	0.67537296	-2.752896e-17	0	300
6.670000000000169e-11	0.49972504	0.50043815	0.67760956	-2.75758e-17	0	300
6.68000000000017e-11	0.49486858	0.5021168	0.67984915	-2.7622807e-17	0	300
6.69000000000017e-11	0.48998973	0.50375354	0.6820918	-2.7669982e-17	0	300
6.700000000000171e-11	0.48508888	0.5053479	0.6843372	-2.7717325e-17	0	300
6.710000000000171e-11	0.48016632	0.5068996	0.6865853	-2.7764837e-17	0	300
6.720000000000172e-11	0.4752224	0.5084082	0.6888359	-2.781251e-17	0	300
6.730000000000172e-11	0.47025758	0.5098733	0.6910888	-2.786036e-17	0	300
6.740000000000173e-11	0.46527225	0.5112944	0.6933439	-2.790836e-17	0	300
6.750000000000173e-11	0.46026677	0.51267135	0.69560105	-2.7956524e-17	0	300
6.760000000000174e-11	0.45524153	0.51400363	0.69786006	-2.8004848e-17	0	300
6.770000000000174e-11	0.450197	0.51529086	0.70012075	-2.8053334e-17	0	300
6.780000000000175e-11	0.44513354	0.5165328	0.7023829	-2.8101972e-17	0	300
6.790000000000175e-11	0.44005165	0.5177288	0.70464665	-2.815078e-17	0	300
6.800000000000176e-11	0.43495175	0.51887876	0.70691144	-2.8199735e-17	0	300
6.810000000000176e-11	0.42983422	0.5199822	0.7091774	-2.8248847e-17	0	300
6.820000000000177e-11	0.42469954	0.52103883	0.7114442	-2.8298113e-17	0	300
6.830000000000177e-11	0.41954815	0.5220481	0.71371174	-2.8347526e-17	0	300
6.840000000000177e-11	0.41438058	0.5230099	0.7159798	-2.8397087e-17	0	300
6.850000000000178e-11	0.40919727	0.5239238	0.71824825	-2.8446804e-17	0	300
6.860000000000178e-11	0.40399867	0.52478933	0.720517	-2.8496653e-17	0	300
6.870000000000179e-11	0.39878535	0.52560633	0.7227857	-2.8546658e-17	0	300
6.88000000000018e-11	0.39355773	0.52637434	0.7250543	-2.859681e-17	0	300
6.89000000000018e-11	0.38831633	0.52709305	0.7273227	-2.86471e-17	0	300
6.90000000000018e-11	0.38306165	0.5277622	0.72959054	-2.869752e-17	0	300
6.910000000000181e-11	0.37779427	0.52838135	0.7318578	-2.8748093e-17	0	300
6.920000000000181e-11	0.37251467	0.52895033	0.7341242	-2.879879e-17	0	300
6.930000000000182e-11	0.36722338	0.5294687	0.73638964	-2.8849638e-17	0	300
6.940000000000182e-11	0.36192098	0.5299362	0.7386539	-2.8900602e-17	0	300
6.950000000000183e-11	0.356608	0.53035253	0.7409168	-2.89517e-17	0	300
6.960000000000183e-11	0.35128498	0.5307174	0.74317825	-2.9002938e-17	0	300
6.970000000000184e-11	0.3459525	0.5310304	0.74543804	-2.9054292e-17	0	300
6.980000000000184e-11	0.34061113	0.53129154	0.7476958	-2.9105773e-17	0	300
6.990000000000185e-11	0.33526146	0.5315003	0.7499516	-2.9157375e-17	0	300
7.000000000000185e-11	0.32990402	0.5316563	0.75220513	-2.9209097e-17	0	300
7.010000000000186e-11	0.3245395	0.5317597	0.75445634	-2.9260942e-17	0	300
7.020000000000186e-11	0.31916842	0.5318099	0.75670487	-2.93129e-17	0	300
7.030000000000187e-11	0.31379145	0.5318067	0.7589507	-2.9364978e-17	0	300
7.040000000000187e-11	0.30840915	0.5317499	0.76119345	-2.941717e-17	0	300
7.050000000000188e-11	0.30302215	0.5316393	0.7634333	-2.9469464e-17	0	300
7.060000000000188e-11	0.29763114	0.53147453	0.76566964	-2.9521874e-17	0	300
7.070000000000189e-11	0.29223663	0.53125554	0.7679025	-2.957438e-17	0	300
7.080000000000189e-11	0.28683937	0.530982	0.77013165	-2.9627e-17	0	300
7.09000000000019e-11	0.28144002	0.5306538	0.7723571	-2.9679697e-17	0	300
7.10000000000019e-11	0.27603915	0.53027064	0.7745782	-2.973252e-17	0	300
7.11000000000019e-11	0.27063748	0.52983236	0.77679527	-2.9785417e-17	0	300
7.120000000000191e-11	0.26523563	0.52933884	0.7790079	-2.983843e-17	0	300
7.130000000000191e-11	0.25983435	0.52878976	0.7812159	-2.989152e-17	0	300
7.140000000000192e-11	0.25443426	0.5281851	0.78341913	-2.9944702e-17	0	300
7.150000000000192e-11	0.24903603	0.52752477	0.7856174	-2.9997963e-17	0	300
7.160000000000193e-11	0.2436404	0.5268084	0.78781044	-3.0051323e-17	0	300
7.170000000000193e-11	0.23824805	0.526036	0.7899982	-3.0104752e-17	0	300
7.180000000000194e-11	0.23285969	0.52520746	0.79218036	-3.0158264e-17	0	300
7.190000000000194e-11	0.227476	0.5243225	0.7943568	-3.0211845e-17	0	300
7.200000000000195e-11	0.22209775	0.5233812	0.7965274	-3.026551e-17	0	300
7.210000000000195e-11	0.21672559	0.5223834	0.798692	-3.0319223e-17	0	300
7.220000000000196e-11	0.21136028	0.5213289	0.8008502	-3.037303e-17	0	300
7.230000000000196e-11	0.20600256	0.52021784	0.803002	-3.0426886e-17	0	300
7.240000000000197e-11	0.20065315	0.51904994	0.8051472	-3.0480808e-17	0	300
7.250000000000197e-11	0.1953128	0.5178253	0.8072855	-3.053479e-17	0	300
7.260000000000198e-11	0.18998222	0.51654375	0.8094169	-3.0588838e-17	0	300
7.270000000000198e-11	0.18466216	0.5152053	0.81154096	-3.064292e-17	0	300
7.280000000000199e-11	0.17935342	0.51381004	0.81365776	-3.069707e-17	0	300
7.290000000000199e-11	0.17405671	0.5123578	0.815767	-3.0751253e-17	0	300
7.3000000000002e-11	0.16877282	0.5108486	0.8178685	-3.080549e-17	0	300
7.3100000000002e-11	0.16350248	0.50928247	0.819962	-3.085977e-17	0	300
7.3200000000002e-11	0.15824649	0.5076595	0.82204753	-3.091408e-17	0	300
7.330000000000201e-11	0.15300559	0.50597966	0.8241247	-3.096844e-17	0	300
7.340000000000202e-11	0.14778055	0.50424296	0.8261934	-3.1022827e-17	0	300
7.350000000000202e-11	0.14257216	0.50244945	0.82825357	-3.1077242e-17	0	300
7.360000000000203e-11	0.13738121	0.50059927	0.83030486	-3.113168e-17	0	300
7.370000000000203e-11	0.13220848	0.49869248	0.83234715	-3.1186145e-17	0	300
7.380000000000204e-11	0.1270547	0.49672914	0.8343804	-3.1240633e-17	0	300
7.390000000000204e-11	0.12192074	0.4947094	0.8364041	-3.1295134e-17	0	300
7.400000000000205e-11	0.11680731	0.49263325	0.8384184	-3.134967e-17	0	300
7.410000000000205e-11	0.11171523	0.49050105	0.8404231	-3.1404197e-17	0	300
7.420000000000205e-11	0.1066453	0.48831272	0.84241784	-3.1458747e-17	0	300
7.430000000000206e-11	0.10159828	0.48606855	0.8444025	-3.1513298e-17	0	300
7.440000000000206e-11	0.09657498	0.48376867	0.846377	-3.1567846e-17	0	300
7.450000000000207e-11	0.0915762	0.4814132	0.8483412	-3.162239e-17	0	300
7.460000000000207e-11	0.08660271	0.47900248	0.8502947	-3.1676948e-17	0	300
7.470000000000208e-11	0.081655316	0.4765365	0.8522376	-3.173149e-17	0	300
7.480000000000208e-11	0.07673481	0.47401565	0.85416955	-3.1786026e-17	0	300
7.490000000000209e-11	0.07184198	0.4714401	0.8560905	-3.1840548e-17	0	300
7.500000000000209e-11	0.06697761	0.4688101	0.8580003	-3.1895052e-17	0	300
7.51000000000021e-11	0.062142514	0.4661259	0.8598986	-3.1949543e-17	0	300
7.52000000000021e-11	0.05733746	0.46338782	0.86178553	-3.2004008e-17	0	300
7.530000000000211e-11	0.05256323	0.46059614	0.86366063	-3.205844e-17	0	300
7.540000000000211e-11	0.047820628	0.45775113	0.86552393	-3.2112855e-17	0	300
7.550000000000212e-11	0.043110434	0.45485306	0.86737525	-3.2167238e-17	0	300
7.560000000000212e-11	0.03843343	0.45190236	0.8692144	-3.2221583e-17	0	300
7.570000000000213e-11	0.033790387	0.44889927	0.87104124	-3.2275893e-17	0	300
7.580000000000213e-11	0.029182095	0.44584423	0.8728557	-3.233015e-17	0	300
7.590000000000214e-11	0.024609318	0.44273755	0.8746574	-3.2384386e-17	0	300
7.600000000000214e-11	0.02007283	0.43957967	0.87644637	-3.2438566e-17	0	300
7.610000000000215e-11	0.015573398	0.43637088	0.8782225	-3.249269e-17	0	300
7.620000000000215e-11	0.011111786	0.43311167	0.87998563	-3.2546768e-17	0	300
7.630000000000216e-11	0.0066887513	0.42980242	0.88173556	-3.2600786e-17	0	300
7.640000000000216e-11	0.0023050494	0.42644358	0.8834721	-3.2654755e-17	0	300
7.650000000000217e-11	-0.0020385678	0.42303568	0.8851952	-3.270864e-17	0	300
7.660000000000217e-11	-0.0063413577	0.41957906	0.88690466	-3.2762477e-17	0	300
7.670000000000218e-11	-0.0106025785	0.41607425	0.8886003	-3.281625e-17	0	300
7.680000000000218e-11	-0.0148215	0.41252175	0.8902822	-3.2869934e-17	0	300
7.690000000000218e-11	-0.018997388	0.40892202	0.89195	-3.2923562e-17	0	300
7.700000000000219e-11	-0.023129523	0.40527564	0.8936038	-3.29771e-17	0	300
7.71000000000022e-11	-0.02721719	0.40158308	0.8952433	-3.303056e-17	0	300
7.72000000000022e-11	-0.03125968	0.3978449	0.89686847	-3.3083952e-17	0	300
7.73000000000022e-11	-0.03525629	0.3940617	0.8984789	-3.3137233e-17	0	300
7.740000000000221e-11	-0.039206326	0.39023393	0.900075	-3.3190443e-17	0	300
7.750000000000221e-11	-0.043109097	0.38636234	0.9016562	-3.3243555e-17	0	300
7.760000000000222e-11	-0.046963926	0.3824474	0.9032227	-3.329658e-17	0	300
7.770000000000222e-11	-0.05077014	0.37848973	0.90477407	-3.3349507e-17	0	300
7.780000000000223e-11	-0.05452708	0.37449	0.9063105	-3.340233e-17	0	300
7.790000000000223e-11	-0.058234088	0.3704488	0.90783167	-3.345505e-17	0	300
7.800000000000224e-11	-0.06189052	0.36636677	0.9093376	-3.3507667e-17	0	300
7.810000000000224e-11	-0.065495744	0.36224464	0.9108282	-3.356017e-17	0	300
7.820000000000225e-11	-0.06904913	0.35808298	0.9123032	-3.3612574e-17	0	300
7.830000000000225e-11	-0.07255006	0.35388252	0.9137628	-3.3664848e-17	0	300
7.840000000000226e-11	-0.07599792	0.34964395	0.91520655	-3.3717013e-17	0	300
7.850000000000226e-11	-0.07939212	0.34536794	0.9166346	-3.3769056e-17	0	300
7.860000000000227e-11	-0.0827321	0.3410553	0.9180468	-3.3820987e-17	0	300
7.870000000000227e-11	-0.08601723	0.33670664	0.9194432	-3.387279e-17	0	300
7.880000000000228e-11	-0.089246996	0.33232278	0.9208234	-3.392446e-17	0	300
7.890000000000228e-11	-0.092420824	0.3279044	0.92218757	-3.3976e-17	0	300
7.900000000000229e-11	-0.09553817	0.32345232	0.92353547	-3.4027415e-17	0	300
7.910000000000229e-11	-0.09859852	0.31896725	0.9248673	-3.4078693e-17	0	300
7.92000000000023e-11	-0.10160133	0.31445006	0.9261827	-3.412984e-17	0	300
7.93000000000023e-11	-0.10454612	0.30990145	0.9274817	-3.418084e-17	0	300
7.94000000000023e-11	-0.10743241	0.3053223	0.9287643	-3.423171e-17	0	300
7.950000000000231e-11	-0.11025968	0.30071324	0.9300304	-3.4282424e-17	0	300
7.960000000000232e-11	-0.11302751	0.29607534	0.9312799	-3.4332988e-17	0	300
7.970000000000232e-11	-0.11573541	0.29140925	0.93251276	-3.4383423e-17	0	300
7.980000000000232e-11	-0.11838295	0.28671592	0.93372893	-3.4433702e-17	0	300
7.990000000000233e-11	-0.12096972	0.28199607	0.9349284	-3.448382e-17	0	300
8.000000000000233e-11	-0.123495296	0.27725065	0.93611103	-3.4533798e-17	0	300
8.010000000000234e-11	-0.12595926	0.2724805	0.93727684	-3.458359e-17	0	300
8.020000000000234e-11	-0.12836128	0.26768646	0.93842584	-3.4633258e-17	0	300
8.030000000000235e-11	-0.13070095	0.26286942	0.93955785	-3.468275e-17	0	300
8.040000000000235e-11	-0.1329779	0.25803024	0.940673	-3.4732067e-17	0	300
8.050000000000236e-11	-0.13519183	0.2531699	0.94177115	-3.4781237e-17	0	300
8.060000000000236e-11	-0.1373424	0.24828915	0.9428523	-3.483024e-17	0	300
8.070000000000237e-11	-0.13942929	0.24338903	0.9439163	-3.4879073e-17	0	300
8.080000000000237e-11	-0.14145222	0.23847036	0.94496334	-3.492773e-17	0	300
8.090000000000238e-11	-0.1434109	0.23353413	0.9459933	-3.497622e-17	0	300
8.100000000000238e-11	-0.14530507	0.22858118	0.9470062	-3.5024538e-17	0	300
8.110000000000239e-11	-0.14713448	0.22361247	0.948002	-3.5072696e-17	0	300
8.120000000000239e-11	-0.14889893	0.21862896	0.94898057	-3.512064e-17	0	300
8.13000000000024e-11	-0.15059817	0.21363156	0.9499422	-3.5168444e-17	0	300
8.14000000000024e-11	-0.15223196	0.20862116	0.9508865	-3.5216043e-17	0	300
8.150000000000241e-11	-0.15380022	0.20359877	0.95181376	-3.526347e-17	0	300
8.160000000000241e-11	-0.1553027	0.1985653	0.95272386	-3.5310712e-17	0	300
8.170000000000242e-11	-0.15673926	0.19352172	0.95361686	-3.5357772e-17	0	300
8.180000000000242e-11	-0.15810981	0.18846898	0.9544927	-3.5404634e-17	0	300
8.190000000000243e-11	-0.15941416	0.183408	0.9553515	-3.545133e-17	0	300
8.200000000000243e-11	-0.16065228	0.1783398	0.9561932	-3.5497814e-17	0	300
8.210000000000244e-11	-0.16182402	0.17326526	0.95701784	-3.5544133e-17	0	300
8.220000000000244e-11	-0.16292936	0.16818538	0.95782536	-3.559024e-17	0	300
8.230000000000245e-11	-0.16396822	0.16310114	0.9586159	-3.563617e-17	0	300
8.240000000000245e-11	-0.1649406	0.15801345	0.9593893	-3.5681898e-17	0	300
8.250000000000246e-11	-0.1658464	0.15292332	0.9601459	-3.5727426e-17	0	300
8.260000000000246e-11	-0.1666857	0.1478317	0.96088547	-3.5772776e-17	0	300
8.270000000000246e-11	-0.16745849	0.14273952	0.9616081	-3.5817923e-17	0	300
8.280000000000247e-11	-0.1681648	0.13764778	0.96231395	-3.586287e-17	0	300
8.290000000000247e-11	-0.16880466	0.1325574	0.96300286	-3.5907616e-17	0	300
8.300000000000248e-11	-0.16937815	0.12746939	0.9636751	-3.5952165e-17	0	300
8.310000000000248e-11	-0.16988535	0.122384675	0.9643305	-3.5996518e-17	0	300
8.320000000000249e-11	-0.17032635	0.11730421	0.9649692	-3.6040663e-17	0	300
8.33000000000025e-11	-0.17070128	0.11222896	0.96559125	-3.608461e-17	0	300
8.34000000000025e-11	-0.17101024	0.10715985	0.96619684	-3.6128354e-17	0	300
8.35000000000025e-11	-0.1712534	0.10209788	0.9667858	-3.6171903e-17	0	300
8.360000000000251e-11	-0.1714309	0.097043924	0.9673583	-3.6215234e-17	0	300
8.370000000000251e-11	-0.17154296	0.09199897	0.9679144	-3.6258377e-17	0	300
8.380000000000252e-11	-0.17158975	0.086963944	0.96845424	-3.63013e-17	0	300
8.390000000000252e-11	-0.17157145	0.08193979	0.96897775	-3.6344026e-17	0	300
8.400000000000253e-11	-0.17148833	0.07692739	0.9694851	-3.6386547e-17	0	300
8.410000000000253e-11	-0.17134061	0.071927726	0.96997625	-3.6428852e-17	0	300
8.420000000000254e-11	-0.17112856	0.06694168	0.9704515	-3.6470956e-17	0	300
8.430000000000254e-11	-0.17085245	0.061970174	0.97091067	-3.6512857e-17	0	300
8.440000000000255e-11	-0.1705126	0.057014115	0.971354	-3.6554544e-17	0	300
8.450000000000255e-11	-0.17010923	0.052074403	0.97178155	-3.6596035e-17	0	300
8.460000000000256e-11	-0.16964273	0.047151927	0.9721933	-3.663729e-17	0	300
8.470000000000256e-11	-0.16911344	0.042247582	0.9725895	-3.667836e-17	0	300
8.480000000000257e-11	-0.16852166	0.03736224	0.9729701	-3.671922e-17	0	300
8.490000000000257e-11	-0.16786778	0.03249678	0.97333544	-3.6759857e-17	0	300
8.500000000000258e-11	-0.1671522	0.02765207	0.9736853	-3.6800303e-17	0	300
8.510000000000258e-11	-0.16637526	0.022828955	0.97401994	-3.6840533e-17	0	300
8.520000000000259e-11	-0.16553742	0.018028293	0.97433954	-3.688056e-17	0	300
8.530000000000259e-11	-0.16463907	0.013250924	0.97464406	-3.692035e-17	0	300
8.54000000000026e-11	-0.16368063	0.00849768	0.9749336	-3.6959952e-17	0	300
8.55000000000026e-11	-0.1626626	0.0037693847	0.97520834	-3.6999332e-17	0	300
8.56000000000026e-11	-0.16158539	-0.0009331461	0.9754685	-3.703852e-17	0	300
8.570000000000261e-11	-0.16044949	-0.005609111	0.97571397	-3.7077507e-17	0	300
8.580000000000261e-11	-0.1592554	-0.010257712	0.97594494	-3.7116253e-17	0	300
8.590000000000262e-11	-0.15800361	-0.014878165	0.9761616	-3.715481e-17	0	300
8.600000000000262e-11	-0.15669462	-0.019469693	0.976364	-3.7193154e-17	0	300
8.610000000000263e-11	-0.15532899	-0.024031535	0.97655225	-3.7231287e-17	0	300
8.620000000000263e-11	-0.15390722	-0.02856293	0.9767266	-3.7269208e-17	0	300
8.630000000000264e-11	-0.15242986	-0.033063143	0.976887	-3.730692e-17	0	300
8.640000000000264e-11	-0.15089747	-0.03753143	0.9770336	-3.7344412e-17	0	300
8.650000000000265e-11	-0.14931065	-0.041967075	0.97716665	-3.738172e-17	0	300
8.660000000000265e-11	-0.14766994	-0.046369374	0.97728616	-3.7418812e-17	0	300
8.670000000000266e-11	-0.14597595	-0.050737616	0.9773924	-3.7455688e-17	0	300
8.680000000000266e-11	-0.1442293	-0.05507112	0.97748536	-3.7492368e-17	0	300
8.690000000000267e-11	-0.14243057	-0.059369206	0.9775652	-3.7528834e-17	0	300
8.700000000000267e-11	-0.1405804	-0.06363122	0.9776322	-3.756508e-17	0	300
8.710000000000268e-11	-0.13867941	-0.06785649	0.9776862	-3.760113e-17	0	300
8.720000000000268e-11	-0.13672827	-0.0720444	0.97772765	-3.7636986e-17	0	300
8.730000000000269e-11	-0.1347276	-0.07619432	0.97775656	-3.7672627e-17	0	300
8.740000000000269e-11	-0.13267805	-0.08030562	0.97777313	-3.7708057e-17	0	300
8.75000000000027e-11	-0.13058032	-0.08437771	0.9777773	-3.7743285e-17	0	300
8.76000000000027e-11	-0.12843506	-0.08841	0.97776943	-3.7778308e-17	0	300
8.77000000000027e-11	-0.12624297	-0.092401914	0.9777496	-3.7813142e-17	0	300
8.780000000000271e-11	-0.12400472	-0.09635288	0.977718	-3.7847758e-17	0	300
8.790000000000272e-11	-0.12172105	-0.100262366	0.9776746	-3.7882172e-17	0	300
8.800000000000272e-11	-0.119392626	-0.10412981	0.97761977	-3.791638e-17	0	300
8.810000000000273e-11	-0.11702017	-0.10795471	0.9775535	-3.79504e-17	0	300
8.820000000000273e-11	-0.114604406	-0.11173654	0.9774761	-3.79842e-17	0	300
8.830000000000273e-11	-0.11214606	-0.11547483	0.97738767	-3.8017807e-17	0	300
8.840000000000274e-11	-0.10964586	-0.11916906	0.9772883	-3.8051205e-17	0	300
8.850000000000274e-11	-0.10710454	-0.122818775	0.9771781	-3.808442e-17	0	300
8.860000000000275e-11	-0.10452284	-0.12642354	0.9770573	-3.8117432e-17	0	300
8.870000000000275e-11	-0.101901524	-0.12998287	0.9769261	-3.8150245e-17	0	300
8.880000000000276e-11	-0.099241324	-0.13349637	0.9767845	-3.8182856e-17	0	300
8.890000000000276e-11	-0.09654301	-0.13696364	0.97663295	-3.821525e-17	0	300
8.900000000000277e-11	-0.093807325	-0.14038423	0.9764713	-3.8247475e-17	0	300
8.910000000000277e-11	-0.09103505	-0.14375776	0.9762999	-3.82795e-17	0	300
8.920000000000278e-11	-0.08822697	-0.14708388	0.97611886	-3.8311333e-17	0	300
8.930000000000278e-11	-0.08538381	-0.15036222	0.9759283	-3.834296e-17	0	300
8.940000000000279e-11	-0.08250639	-0.15359241	0.9757283	-3.837439e-17	0	300
8.950000000000279e-11	-0.07959545	-0.15677416	0.9755192	-3.8405642e-17	0	300
8.96000000000028e-11	-0.076651804	-0.15990713	0.975301	-3.84367e-17	0	300
8.97000000000028e-11	-0.07367622	-0.16299102	0.9750741	-3.8467555e-17	0	300
8.980000000000281e-11	-0.070669495	-0.16602552	0.9748385	-3.8498226e-17	0	300
8.990000000000281e-11	-0.06763239	-0.16901034	0.9745942	-3.8528697e-17	0	300
9.000000000000282e-11	-0.06456572	-0.17194527	0.9743417	-3.855899e-17	0	300
9.010000000000282e-11	-0.061470244	-0.17482999	0.97408086	-3.8589087e-17	0	300
9.020000000000283e-11	-0.058346797	-0.17766431	0.9738121	-3.8618998e-17	0	300
9.030000000000283e-11	-0.055196136	-0.180448	0.9735353	-3.864873e-17	0	300
9.040000000000284e-11	-0.052019067	-0.18318085	0.973251	-3.8678264e-17	0	300
9.050000000000284e-11	-0.048816368	-0.18586265	0.9729589	-3.8707616e-17	0	300
9.060000000000285e-11	-0.045588847	-0.18849319	0.9726596	-3.8736775e-17	0	300
9.070000000000285e-11	-0.04233729	-0.19107234	0.972353	-3.8765757e-17	0	300
9.080000000000286e-11	-0.039062493	-0.19359991	0.97203934	-3.8794556e-17	0	300
9.090000000000286e-11	-0.035765246	-0.19607578	0.9717188	-3.8823176e-17	0	300
9.100000000000287e-11	-0.032446325	-0.19849983	0.97139144	-3.8851605e-17	0	300
9.110000000000287e-11	-0.029106539	-0.2008719	0.97105753	-3.8879855e-17	0	300
9.120000000000287e-11	-0.02574667	-0.20319188	0.97071725	-3.8907912e-17	0	300
9.130000000000288e-11	-0.022367498	-0.20545973	0.97037065	-3.8935808e-17	0	300
9.140000000000288e-11	-0.018969808	-0.20767532	0.9700181	-3.8963522e-17	0	300
9.150000000000289e-11	-0.015554392	-0.2098386	0.96965945	-3.899106e-17	0	300
9.16000000000029e-11	-0.012122018	-0.2119495	0.96929514	-3.901842e-17	0	300
9.17000000000029e-11	-0.008673474	-0.21400797	0.9689252	-3.90456e-17	0	300
9.18000000000029e-11	-0.005209524	-0.216014	0.96854985	-3.907259e-17	0	300
9.190000000000291e-11	-0.0017309505	-0.21796755	0.96816903	-3.9099415e-17	0	300
9.200000000000291e-11	0.0017614849	-0.21986862	0.9677833	-3.9126086e-17	0	300
9.210000000000292e-11	0.0052670063	-0.22171722	0.96739244	-3.9152566e-17	0	300
9.220000000000292e-11	0.00878486	-0.22351335	0.9669968	-3.917886e-17	0	300
9.230000000000293e-11	0.012314286	-0.22525704	0.9665967	-3.9205003e-17	0	300
9.240000000000293e-11	0.015854526	-0.22694832	0.96619195	-3.9230966e-17	0	300
9.250000000000294e-11	0.019404829	-0.22858723	0.9657829	-3.925677e-17	0	300
9.260000000000294e-11	0.02296445	-0.23017387	0.96536964	-3.9282387e-17	0	300
9.270000000000295e-11	0.02653264	-0.23170826	0.9649523	-3.9307844e-17	0	300
9.280000000000295e-11	0.03010867	-0.2331905	0.9645312	-3.9333143e-17	0	300
9.290000000000296e-11	0.033691794	-0.23462072	0.9641063	-3.935826e-17	0	300
9.300000000000296e-11	0.037281293	-0.23599894	0.9636779	-3.938322e-17	0	300
9.310000000000297e-11	0.040876433	-0.23732534	0.96324605	-3.9408016e-17	0	300
9.320000000000297e-11	0.044476505	-0.23860002	0.962811	-3.9432653e-17	0	300
9.330000000000298e-11	0.048080783	-0.2398231	0.9623728	-3.945711e-17	0	300
9.340000000000298e-11	0.051688567	-0.24099472	0.9619317	-3.948141e-17	0	300
9.350000000000299e-11	0.05529914	-0.24211508	0.9614878	-3.9505564e-17	0	300
9.360000000000299e-11	0.05891182	-0.24318425	0.96104115	-3.952954e-17	0	300
9.3700000000003e-11	0.06252591	-0.24420252	0.96059215	-3.9553348e-17	0	300
9.3800000000003e-11	0.06614071	-0.24516995	0.9601406	-3.9577016e-17	0	300
9.3900000000003e-11	0.069755554	-0.24608684	0.95968693	-3.9600514e-17	0	300
9.400000000000301e-11	0.07336977	-0.24695326	0.95923126	-3.9623867e-17	0	300
9.410000000000301e-11	0.07698267	-0.24776955	0.95877355	-3.964705e-17	0	300
9.420000000000302e-11	0.0805936	-0.24853583	0.9583141	-3.9670083e-17	0	300
9.430000000000302e-11	0.08420191	-0.24925235	0.95785296	-3.9692953e-17	0	300
9.440000000000303e-11	0.08780694	-0.24991935	0.95739055	-3.971568e-17	0	300
9.450000000000303e-11	0.09140806	-0.2505371	0.9569266	-3.9738246e-17	0	300
9.460000000000304e-11	0.09500462	-0.2511058	0.95646137	-3.9760666e-17	0	300
9.470000000000304e-11	0.09859598	-0.2516257	0.9559952	-3.978293e-17	0	300
9.480000000000305e-11	0.10218153	-0.25209707	0.955528	-3.980505e-17	0	300
9.490000000000305e-11	0.105760664	-0.2525202	0.95506	-3.982702e-17	0	300
9.500000000000306e-11	0.10933275	-0.25289539	0.9545914	-3.9848834e-17	0	300
9.510000000000306e-11	0.1128972	-0.25322288	0.95412225	-3.9870496e-17	0	300
9.520000000000307e-11	0.11645341	-0.25350294	0.9536526	-3.9892026e-17	0	300
9.530000000000307e-11	0.12000078	-0.25373596	0.95318276	-3.9913394e-17	0	300
9.540000000000308e-11	0.12353875	-0.25392222	0.9527128	-3.9934626e-17	0	300
9.550000000000308e-11	0.12706673	-0.25406194	0.9522428	-3.99557e-17	0	300
9.560000000000309e-11	0.13058417	-0.25415552	0.9517729	-3.997664e-17	0	300
9.570000000000309e-11	0.13409047	-0.25420326	0.95130324	-3.9997425e-17	0	300
9.58000000000031e-11	0.1375851	-0.25420552	0.95083386	-4.0018098e-17	0	300
9.59000000000031e-11	0.14106753	-0.25416258	0.950365	-4.0038592e-17	0	300
9.60000000000031e-11	0.1445372	-0.2540748	0.9498969	-4.005898e-17	0	300
9.610000000000311e-11	0.1479936	-0.2539426	0.9494294	-4.00792e-17	0	300
9.620000000000312e-11	0.15143615	-0.25376627	0.9489628	-4.0099297e-17	0	300
9.630000000000312e-11	0.15486442	-0.25354615	0.9484971	-4.011924e-17	0	300
9.640000000000313e-11	0.15827782	-0.25328264	0.9480326	-4.0139068e-17	0	300
9.650000000000313e-11	0.1616759	-0.2529761	0.94756925	-4.0158732e-17	0	300
9.660000000000314e-11	0.16505814	-0.25262687	0.94710726	-4.01783e-17	0	300
9.670000000000314e-11	0.16842407	-0.25223538	0.9466467	-4.0197696e-17	0	300
9.680000000000315e-11	0.1717732	-0.251802	0.9461877	-4.021697e-17	0	300
9.690000000000315e-11	0.17510504	-0.25132707	0.9457302	-4.0236116e-17	0	300
9.700000000000315e-11	0.17841916	-0.25081104	0.94527465	-4.0255125e-17	0	300
9.710000000000316e-11	0.18171507	-0.2502543	0.94482094	-4.0274008e-17	0	300
9.720000000000316e-11	0.18499237	-0.24965717	0.94436914	-4.0292762e-17	0	300
9.730000000000317e-11	0.18825057	-0.24902019	0.94391954	-4.031137e-17	0	300
9.740000000000317e-11	0.19148926	-0.24834366	0.94347197	-4.0329862e-17	0	300
9.750000000000318e-11	0.19470802	-0.24762802	0.9430269	-4.034823e-17	0	300
9.760000000000318e-11	0.1979064	-0.24687366	0.94258404	-4.0366467e-17	0	300
9.770000000000319e-11	0.201084	-0.24608105	0.9421438	-4.038457e-17	0	300
9.780000000000319e-11	0.20424043	-0.24525058	0.9417062	-4.040255e-17	0	300
9.79000000000032e-11	0.2073753	-0.24438265	0.94127125	-4.0420416e-17	0	300
9.80000000000032e-11	0.21048819	-0.24347773	0.94083905	-4.043814e-17	0	300
9.810000000000321e-11	0.21357872	-0.24253625	0.94040966	-4.045576e-17	0	300
9.820000000000321e-11	0.21664654	-0.2415586	0.9399835	-4.0473256e-17	0	300
9.830000000000322e-11	0.2196913	-0.24054524	0.9395602	-4.049061e-17	0	300
9.840000000000322e-11	0.2227126	-0.23949657	0.9391401	-4.0507875e-17	0	300
9.850000000000323e-11	0.2257101	-0.23841308	0.9387233	-4.052499e-17	0	300
9.860000000000323e-11	0.22868344	-0.23729518	0.9383098	-4.0542008e-17	0	300
9.870000000000324e-11	0.23163232	-0.23614334	0.93789977	-4.0558892e-17	0	300
9.880000000000324e-11	0.23455639	-0.23495798	0.9374932	-4.0575658e-17	0	300
9.890000000000325e-11	0.23745532	-0.23373955	0.9370903	-4.0592327e-17	0	300
9.900000000000325e-11	0.24032879	-0.23248848	0.936691	-4.0608864e-17	0	300
9.910000000000326e-11	0.24317653	-0.23120527	0.9362955	-4.0625298e-17	0	300
9.920000000000326e-11	0.2459982	-0.22989035	0.93590385	-4.0641607e-17	0	300
9.930000000000327e-11	0.24879351	-0.22854415	0.9355161	-4.0657816e-17	0	300
9.940000000000327e-11	0.2515622	-0.22716714	0.9351324	-4.067389e-17	0	300
9.950000000000328e-11	0.25430393	-0.22575977	0.9347526	-4.0689875e-17	0	300
9.960000000000328e-11	0.2570185	-0.22432253	0.93437696	-4.0705733e-17	0	300
9.970000000000328e-11	0.25970563	-0.22285584	0.9340056	-4.07215e-17	0	300
9.980000000000329e-11	0.262365	-0.22136013	0.9336386	-4.0737153e-17	0	300
9.99000000000033e-11	0.26499644	-0.21983595	0.933276	-4.075268e-17	0	300
1.000000000000033e-10	0.26759967	-0.21828365	0.9329177	-4.076812e-17	0	300
1.001000000000033e-10	0.27017438	-0.21670382	0.9325638	-4.078344e-17	0	300
1.0020000000000331e-10	0.27272046	-0.2150968	0.9322146	-4.0798652e-17	0	300
1.0030000000000331e-10	0.2752376	-0.21346311	0.9318701	-4.081377e-17	0	300
1.0040000000000332e-10	0.27772564	-0.21180323	0.9315301	-4.082878e-17	0	300
1.0050000000000332e-10	0.2801843	-0.21011755	0.93119496	-4.0843697e-17	0	300
1.0060000000000333e-10	0.28261346	-0.2084066	0.9308645	-4.085851e-17	0	300
1.0070000000000333e-10	0.28501284	-0.20667082	0.9305391	-4.0873204e-17	0	300
1.0080000000000334e-10	0.2873823	-0.20491068	0.9302185	-4.0887816e-17	0	300
1.0090000000000334e-10	0.2897216	-0.20312664	0.9299028	-4.0902298e-17	0	300
1.0100000000000335e-10	0.29203063	-0.20131913	0.9295923	-4.091672e-17	0	300
1.0110000000000335e-10	0.2943092	-0.19948865	0.92928666	-4.0931024e-17	0	300
1.0120000000000336e-10	0.29655707	-0.19763568	0.9289864	-4.094523e-17	0	300
1.0130000000000336e-10	0.29877418	-0.19576064	0.92869115	-4.0959347e-17	0	300
1.0140000000000337e-10	0.30096033	-0.193864	0.9284012	-4.0973363e-17	0	300
1.0150000000000337e-10	0.30311537	-0.19194624	0.92811644	-4.098728e-17	0	300
1.0160000000000338e-10	0.30523917	-0.1900078	0.92783713	-4.1001103e-17	0	300
1.0170000000000338e-10	0.30733156	-0.18804917	0.9275632	-4.1014847e-17	0	300
1.0180000000000339e-10	0.30939248	-0.18607074	0.9272946	-4.1028476e-17	0	300
1.0190000000000339e-10	0.3114217	-0.18407308	0.9270315	-4.104203e-17	0	300
1.020000000000034e-10	0.31341922	-0.18205655	0.92677397	-4.1055492e-17	0	300
1.021000000000034e-10	0.31538486	-0.18002164	0.9265219	-4.106885e-17	0	300
1.022000000000034e-10	0.3173185	-0.17796881	0.9262754	-4.1082124e-17	0	300
1.0230000000000341e-10	0.31922007	-0.17589854	0.9260345	-4.1095316e-17	0	300
1.0240000000000342e-10	0.32108945	-0.17381123	0.9257993	-4.1108425e-17	0	300
1.0250000000000342e-10	0.32292658	-0.17170739	0.92556983	-4.112143e-17	0	300
1.0260000000000342e-10	0.3247314	-0.16958743	0.925346	-4.1134355e-17	0	300
1.0270000000000343e-10	0.32650375	-0.16745181	0.925128	-4.11472e-17	0	300
1.0280000000000343e-10	0.32824367	-0.16530101	0.92491555	-4.1159958e-17	0	300
1.0290000000000344e-10	0.32995093	-0.16313544	0.9247092	-4.117263e-17	0	300
1.0300000000000344e-10	0.33162564	-0.16095555	0.9245086	-4.118521e-17	0	300
1.0310000000000345e-10	0.33326763	-0.1587618	0.92431366	-4.1197737e-17	0	300
1.0320000000000345e-10	0.3348769	-0.15655467	0.9241249	-4.1210138e-17	0	300
1.0330000000000346e-10	0.33645335	-0.15433453	0.92394197	-4.122248e-17	0	300
1.0340000000000346e-10	0.337997	-0.15210187	0.9237649	-4.1234745e-17	0	300
1.0350000000000347e-10	0.33950776	-0.14985712	0.9235938	-4.1246918e-17	0	300
1.0360000000000347e-10	0.34098566	-0.14760074	0.9234288	-4.1259024e-17	0	300
1.0370000000000348e-10	0.34243065	-0.14533313	0.92326975	-4.1271065e-17	0	300
1.0380000000000348e-10	0.34384272	-0.14305474	0.9231167	-4.1283003e-17	0	300
1.0390000000000349e-10	0.3452218	-0.140766	0.9229695	-4.129487e-17	0	300
1.0400000000000349e-10	0.34656793	-0.13846737	0.9228286	-4.1306667e-17	0	300
1.041000000000035e-10	0.34788108	-0.13615923	0.9226937	-4.131839e-17	0	300
1.042000000000035e-10	0.34916127	-0.13384207	0.9225648	-4.1330043e-17	0	300
1.0430000000000351e-10	0.35040846	-0.13151628	0.9224421	-4.1341607e-17	0	300
1.0440000000000351e-10	0.35162273	-0.12918226	0.9223255	-4.1353105e-17	0	300
1.0450000000000352e-10	0.35280403	-0.1268405	0.9222149	-4.136453e-17	0	300
1.0460000000000352e-10	0.3539524	-0.12449137	0.9221105	-4.1375875e-17	0	300
1.0470000000000353e-10	0.3550679	-0.122135326	0.9220122	-4.138716e-17	0	300
1.0480000000000353e-10	0.35615042	-0.119772755	0.9219201	-4.1398368e-17	0	300
1.0490000000000354e-10	0.35720018	-0.117404066	0.9218342	-4.1409515e-17	0	300
1.0500000000000354e-10	0.35821712	-0.11502971	0.9217542	-4.1420583e-17	0	300
1.0510000000000355e-10	0.35920122	-0.112650074	0.9216805	-4.1431578e-17	0	300
1.0520000000000355e-10	0.3601526	-0.110265575	0.92161286	-4.1442513e-17	0	300
1.0530000000000356e-10	0.36107132	-0.10787662	0.92155147	-4.1453392e-17	0	300
1.0540000000000356e-10	0.3619574	-0.10548362	0.9214962	-4.14642e-17	0	300
1.0550000000000356e-10	0.3628109	-0.10308696	0.92144704	-4.147493e-17	0	300
1.0560000000000357e-10	0.36363187	-0.10068706	0.92140406	-4.1485606e-17	0	300
1.0570000000000357e-10	0.3644204	-0.09828431	0.92136717	-4.149622e-17	0	300
1.0580000000000358e-10	0.36517662	-0.09587911	0.9213365	-4.1506762e-17	0	300
1.0590000000000358e-10	0.36590046	-0.093471855	0.92131186	-4.1517237e-17	0	300
1.0600000000000359e-10	0.36659205	-0.091062926	0.92129344	-4.1527663e-17	0	300
1.061000000000036e-10	0.36725152	-0.08865274	0.921281	-4.153802e-17	0	300
1.062000000000036e-10	0.36787894	-0.08624165	0.9212748	-4.1548306e-17	0	300
1.063000000000036e-10	0.36847436	-0.083830066	0.92127454	-4.155855e-17	0	300
1.0640000000000361e-10	0.369038	-0.081418365	0.9212805	-4.1568718e-17	0	300
1.0650000000000361e-10	0.36956972	-0.07900693	0.9212925	-4.157883e-17	0	300
1.0660000000000362e-10	0.37006986	-0.07659614	0.9213106	-4.158889e-17	0	300
1.0670000000000362e-10	0.37053835	-0.07418636	0.9213346	-4.15989e-17	0	300
1.0680000000000363e-10	0.37097538	-0.07177798	0.92136484	-4.160883e-17	0	300
1.0690000000000363e-10	0.37138104	-0.06937135	0.9214009	-4.1618726e-17	0	300
1.0700000000000364e-10	0.3717555	-0.066966854	0.921443	-4.162855e-17	0	300
1.0710000000000364e-10	0.37209883	-0.064564854	0.92149115	-4.1638317e-17	0	300
1.0720000000000365e-10	0.37241116	-0.062165715	0.9215452	-4.1648024e-17	0	300
1.0730000000000365e-10	0.37269258	-0.059769798	0.92160517	-4.1657706e-17	0	300
1.0740000000000366e-10	0.37294322	-0.057377465	0.92167115	-4.1667304e-17	0	300
1.0750000000000366e-10	0.37316334	-0.054989062	0.9217429	-4.167687e-17	0	300
1.0760000000000367e-10	0.3733529	-0.052604955	0.9218205	-4.1686363e-17	0	300
1.0770000000000367e-10	0.37351218	-0.050225478	0.921904	-4.169582e-17	0	300
1.0780000000000368e-10	0.3736412	-0.047851004	0.9219935	-4.1705222e-17	0	300
1.0790000000000368e-10	0.37374023	-0.045481853	0.9220886	-4.1714563e-17	0	300
1.0800000000000369e-10	0.37380937	-0.04311838	0.92218953	-4.1723854e-17	0	300
1.0810000000000369e-10	0.37384874	-0.04076093	0.92229617	-4.1733088e-17	0	300
1.082000000000037e-10	0.3738585	-0.038409837	0.9224086	-4.1742296e-17	0	300
1.083000000000037e-10	0.37383887	-0.036065426	0.9225266	-4.175143e-17	0	300
1.084000000000037e-10	0.37378997	-0.03372804	0.92265034	-4.176053e-17	0	300
1.0850000000000371e-10	0.373712	-0.031398006	0.9227797	-4.1769593e-17	0	300
1.0860000000000371e-10	0.37360504	-0.029075652	0.92291456	-4.1778593e-17	0	300
1.0870000000000372e-10	0.37346935	-0.026761297	0.92305505	-4.1787547e-17	0	300
1.0880000000000372e-10	0.37330502	-0.024455272	0.9232011	-4.179645e-17	0	300
1.0890000000000373e-10	0.3731124	-0.022157885	0.92335254	-4.1805314e-17	0	300
1.0900000000000373e-10	0.3728915	-0.019869458	0.92350954	-4.1814142e-17	0	300
1.0910000000000374e-10	0.37264255	-0.0175903	0.92367196	-4.18229e-17	0	300
1.0920000000000374e-10	0.37236577	-0.015320722	0.9238397	-4.1831632e-17	0	300
1.0930000000000375e-10	0.37206128	-0.013061034	0.9240128	-4.1840317e-17	0	300
1.0940000000000375e-10	0.37172934	-0.010811535	0.92419124	-4.1848943e-17	0	300
1.0950000000000376e-10	0.37137014	-0.008572531	0.924375	-4.1857533e-17	0	300
1.0960000000000376e-10	0.37098384	-0.0063443203	0.9245639	-4.1866086e-17	0	300
1.0970000000000377e-10	0.37057066	-0.0041271956	0.92475796	-4.1874596e-17	0	300
1.0980000000000377e-10	0.37013087	-0.0019214517	0.9249573	-4.188306e-17	0	300
1.0990000000000378e-10	0.36966458	0.00027262256	0.92516154	-4.189149e-17	0	300
1.1000000000000378e-10	0.369172	0.0024547419	0.9253711	-4.1899864e-17	0	300
1.1010000000000379e-10	0.36865345	0.00462462	0.92558557	-4.1908206e-17	0	300
1.1020000000000379e-10	0.368109	0.0067819785	0.925805	-4.1916517e-17	0	300
1.103000000000038e-10	0.36753893	0.008926538	0.92602926	-4.1924776e-17	0	300
1.104000000000038e-10	0.3669435	0.011058025	0.92625856	-4.1932995e-17	0	300
1.105000000000038e-10	0.36632293	0.013176167	0.9264926	-4.194117e-17	0	300
1.1060000000000381e-10	0.3656774	0.0152806975	0.92673147	-4.1949317e-17	0	300
1.1070000000000382e-10	0.3650071	0.017371347	0.92697513	-4.1957436e-17	0	300
1.1080000000000382e-10	0.36431235	0.01944786	0.92722344	-4.196548e-17	0	300
1.1090000000000383e-10	0.36359337	0.021509968	0.92747647	-4.1973523e-17	0	300
1.1100000000000383e-10	0.36285034	0.02355742	0.927734	-4.198151e-17	0	300
1.1110000000000383e-10	0.3620835	0.025589965	0.92799616	-4.1989468e-17	0	300
1.1120000000000384e-10	0.36129314	0.027607355	0.92826277	-4.1997373e-17	0	300
1.1130000000000384e-10	0.36047947	0.029609334	0.92853373	-4.2005257e-17	0	300
1.1140000000000385e-10	0.35964274	0.031595666	0.9288093	-4.2013102e-17	0	300
1.1150000000000385e-10	0.35878325	0.03356611	0.92908907	-4.20209e-17	0	300
1.1160000000000386e-10	0.3579011	0.035520427	0.9293732	-4.2028673e-17	0	300
1.1170000000000386e-10	0.35699672	0.037458383	0.9296615	-4.2036412e-17	0	300
1.1180000000000387e-10	0.35607016	0.039379753	0.92995405	-4.2044105e-17	0	300
1.1190000000000387e-10	0.35512188	0.041284308	0.93025064	-4.205179e-17	0	300
1.1200000000000388e-10	0.35415205	0.04317182	0.9305514	-4.2059418e-17	0	300
1.1210000000000388e-10	0.35316092	0.045042068	0.9308561	-4.2067028e-17	0	300
1.1220000000000389e-10	0.35214877	0.04689484	0.93116474	-4.207457e-17	0	300
1.1230000000000389e-10	0.35111576	0.04872992	0.9314774	-4.2082102e-17	0	300
1.124000000000039e-10	0.35006237	0.050547097	0.9317938	-4.20896e-17	0	300
1.125000000000039e-10	0.34898865	0.052346162	0.9321141	-4.2097064e-17	0	300
1.1260000000000391e-10	0.347895	0.05412691	0.9324381	-4.2104492e-17	0	300
1.1270000000000391e-10	0.3467816	0.055889152	0.9327657	-4.21119e-17	0	300
1.1280000000000392e-10	0.34564888	0.057632674	0.93309695	-4.211926e-17	0	300
1.1290000000000392e-10	0.34449694	0.0593573	0.93343186	-4.212659e-17	0	300
1.1300000000000393e-10	0.34332612	0.061062835	0.9337701	-4.21339e-17	0	300
1.1310000000000393e-10	0.3421367	0.06274908	0.93411183	-4.214118e-17	0	300
1.1320000000000394e-10	0.34092897	0.064415865	0.93445706	-4.2148412e-17	0	300
1.1330000000000394e-10	0.33970317	0.06606301	0.9348054	-4.215563e-17	0	300
1.1340000000000395e-10	0.3384597	0.06769033	0.9351572	-4.2162792e-17	0	300
1.1350000000000395e-10	0.33719864	0.06929767	0.93551207	-4.2169946e-17	0	300
1.1360000000000396e-10	0.33592045	0.07088484	0.93587005	-4.2177053e-17	0	300
1.1370000000000396e-10	0.33462542	0.07245169	0.93623114	-4.2184153e-17	0	300
1.1380000000000397e-10	0.3333137	0.07399805	0.9365953	-4.21912e-17	0	300
1.1390000000000397e-10	0.33198568	0.07552377	0.93696237	-4.2198232e-17	0	300
1.1400000000000397e-10	0.33064163	0.077028684	0.9373323	-4.2205233e-17	0	300
1.1410000000000398e-10	0.32928187	0.07851265	0.93770504	-4.2212195e-17	0	300
1.1420000000000398e-10	0.32790664	0.07997552	0.93808055	-4.221913e-17	0	300
1.1430000000000399e-10	0.3265163	0.081417166	0.9384587	-4.2226045e-17	0	300
1.14400000000004e-10	0.32511106	0.0828374	0.93883955	-4.2232907e-17	0	300
1.14500000000004e-10	0.3236913	0.084236145	0.9392229	-4.2239776e-17	0	300
1.14600000000004e-10	0.32225728	0.08561323	0.9396089	-4.2246582e-17	0	300
1.1470000000000401e-10	0.3208093	0.08696853	0.93999714	-4.2253375e-17	0	300
1.1480000000000401e-10	0.3193477	0.08830195	0.94038785	-4.226013e-17	0	300
1.1490000000000402e-10	0.31787276	0.08961333	0.9407808	-4.226687e-17	0	300
1.1500000000000402e-10	0.31638476	0.09090258	0.94117606	-4.227357e-17	0	300
1.1510000000000403e-10	0.31488407	0.092169575	0.9415734	-4.228027e-17	0	300
1.1520000000000403e-10	0.31337088	0.0934142	0.9419729	-4.2286922e-17	0	300
1.1530000000000404e-10	0.3118456	0.09463636	0.9423746	-4.2293533e-17	0	300
1.1540000000000404e-10	0.31030852	0.095835954	0.942778	-4.2300134e-17	0	300
1.1550000000000405e-10	0.30875987	0.09701286	0.94318336	-4.2306708e-17	0	300
1.1560000000000405e-10	0.3072001	0.09816702	0.94359064	-4.231325e-17	0	300
1.1570000000000406e-10	0.3056294	0.09929831	0.9439997	-4.2319758e-17	0	300
1.1580000000000406e-10	0.30404812	0.10040668	0.94441044	-4.2326246e-17	0	300
1.1590000000000407e-10	0.3024566	0.101492	0.9448228	-4.2332695e-17	0	300
1.1600000000000407e-10	0.3008551	0.10255424	0.9452368	-4.233914e-17	0	300
1.1610000000000408e-10	0.29924396	0.10359329	0.94565225	-4.2345553e-17	0	300
1.1620000000000408e-10	0.29762354	0.1046091	0.9460691	-4.2351915e-17	0	300
1.1630000000000409e-10	0.29599407	0.10560158	0.9464874	-4.2358268e-17	0	300
1.1640000000000409e-10	0.29435593	0.10657069	0.946907	-4.2364594e-17	0	300
1.1650000000000407e-10	0.29270938	0.107516356	0.9473278	-4.2370884e-17	0	300
1.1660000000000405e-10	0.29105476	0.10843854	0.9477498	-4.237716e-17	0	300
1.1670000000000403e-10	0.28939235	0.10933716	0.94817287	-4.2383414e-17	0	300
1.16800000000004e-10	0.28772256	0.110212184	0.948597	-4.2389628e-17	0	300
1.1690000000000399e-10	0.2860456	0.111063585	0.9490221	-4.239582e-17	0	300
1.1700000000000396e-10	0.2843619	0.1118913	0.9494482	-4.2401976e-17	0	300
1.1710000000000394e-10	0.2826717	0.11269531	0.949875	-4.2408127e-17	0	300
1.1720000000000392e-10	0.28097528	0.11347557	0.95030254	-4.241424e-17	0	300
1.173000000000039e-10	0.27927303	0.11423206	0.95073104	-4.2420327e-17	0	300
1.1740000000000388e-10	0.2775652	0.11496476	0.9511599	-4.2426385e-17	0	300
1.1750000000000386e-10	0.2758522	0.115673624	0.95158947	-4.2432427e-17	0	300
1.1760000000000384e-10	0.27413428	0.116358675	0.9520196	-4.2438425e-17	0	300
1.1770000000000382e-10	0.27241173	0.11701988	0.9524501	-4.2444407e-17	0	300
1.178000000000038e-10	0.27068496	0.11765723	0.952881	-4.245037e-17	0	300
1.1790000000000378e-10	0.26895422	0.11827073	0.9533122	-4.2456302e-17	0	300
1.1800000000000375e-10	0.26721978	0.11886038	0.9537436	-4.2462205e-17	0	300
1.1810000000000373e-10	0.26548204	0.11942617	0.9541752	-4.2468088e-17	0	300
1.182000000000037e-10	0.2637413	0.119968124	0.95460695	-4.2473944e-17	0	300
1.183000000000037e-10	0.26199782	0.12048625	0.95503867	-4.247976e-17	0	300
1.1840000000000367e-10	0.26025197	0.12098056	0.95547044	-4.248557e-17	0	300
1.1850000000000365e-10	0.25850403	0.12145108	0.9559021	-4.2491338e-17	0	300
1.1860000000000363e-10	0.25675434	0.12189783	0.95633364	-4.2497095e-17	0	300
1.187000000000036e-10	0.25500324	0.12232083	0.95676494	-4.2502823e-17	0	300
1.1880000000000359e-10	0.25325096	0.12272012	0.957196	-4.2508514e-17	0	300
1.1890000000000357e-10	0.25149783	0.12309575	0.9576267	-4.2514195e-17	0	300
1.1900000000000354e-10	0.2497442	0.12344774	0.9580569	-4.2519843e-17	0	300
1.1910000000000352e-10	0.24799031	0.12377614	0.95848674	-4.252547e-17	0	300
1.192000000000035e-10	0.24623658	0.12408101	0.9589162	-4.253107e-17	0	300
1.1930000000000348e-10	0.24448325	0.124362364	0.9593449	-4.253663e-17	0	300
1.1940000000000346e-10	0.2427306	0.12462032	0.9597728	-4.254218e-17	0	300
1.1950000000000344e-10	0.24097897	0.12485488	0.9602003	-4.254771e-17	0	300
1.1960000000000342e-10	0.23922864	0.12506613	0.96062696	-4.2553195e-17	0	300
1.197000000000034e-10	0.23747993	0.12525414	0.9610527	-4.2558664e-17	0	300
1.1980000000000338e-10	0.23573315	0.12541895	0.9614775	-4.256411e-17	0	300
1.1990000000000335e-10	0.23398858	0.12556069	0.96190137	-4.2569527e-17	0	300
1.2000000000000333e-10	0.23224653	0.1256794	0.9623243	-4.2574933e-17	0	300
1.201000000000033e-10	0.23050728	0.12577519	0.9627461	-4.2580297e-17	0	300
1.202000000000033e-10	0.22877117	0.12584811	0.96316683	-4.258564e-17	0	300
1.2030000000000327e-10	0.22703846	0.12589827	0.9635863	-4.2590957e-17	0	300
1.2040000000000325e-10	0.22530942	0.12592578	0.9640045	-4.2596248e-17	0	300
1.2050000000000323e-10	0.22358438	0.12593073	0.9644214	-4.260152e-17	0	300
1.206000000000032e-10	0.22186361	0.12591319	0.9648369	-4.260677e-17	0	300
1.2070000000000319e-10	0.2201474	0.1258733	0.9652511	-4.261197e-17	0	300
1.2080000000000317e-10	0.21843603	0.12581114	0.96566373	-4.2617166e-17	0	300
1.2090000000000314e-10	0.21672985	0.12572686	0.9660748	-4.2622344e-17	0	300
1.2100000000000312e-10	0.21502903	0.12562054	0.96648437	-4.2627476e-17	0	300
1.211000000000031e-10	0.21333393	0.12549233	0.9668922	-4.2632584e-17	0	300
1.2120000000000308e-10	0.2116448	0.12534234	0.9672984	-4.2637667e-17	0	300
1.2130000000000306e-10	0.2099619	0.12517068	0.96770287	-4.2642736e-17	0	300
1.2140000000000304e-10	0.20828556	0.124977514	0.96810544	-4.264779e-17	0	300
1.2150000000000302e-10	0.20661601	0.124762945	0.96850616	-4.26528e-17	0	300
1.21600000000003e-10	0.20495352	0.12452714	0.96890485	-4.2657777e-17	0	300
1.2170000000000298e-10	0.20329838	0.12427022	0.96930176	-4.266274e-17	0	300
1.2180000000000296e-10	0.20165083	0.12399232	0.9696966	-4.2667693e-17	0	300
1.2190000000000293e-10	0.20001115	0.1236936	0.9700894	-4.2672587e-17	0	300
1.2200000000000291e-10	0.19837959	0.123374216	0.9704801	-4.2677497e-17	0	300
1.221000000000029e-10	0.19675642	0.12303433	0.97086847	-4.268235e-17	0	300
1.2220000000000287e-10	0.1951419	0.12267407	0.97125465	-4.268719e-17	0	300
1.2230000000000285e-10	0.19353625	0.12229362	0.9716387	-4.2692006e-17	0	300
1.2240000000000283e-10	0.19193976	0.12189313	0.97202027	-4.2696797e-17	0	300
1.225000000000028e-10	0.19035268	0.12147279	0.97239965	-4.270155e-17	0	300
1.226000000000028e-10	0.1887752	0.12103276	0.9727765	-4.27063e-17	0	300
1.2270000000000277e-10	0.18720764	0.120573185	0.9731509	-4.2711e-17	0	300
1.2280000000000275e-10	0.1856502	0.120094284	0.9735229	-4.2715693e-17	0	300
1.2290000000000272e-10	0.1841031	0.119596206	0.9738922	-4.2720358e-17	0	300
1.230000000000027e-10	0.18256661	0.11907915	0.974259	-4.2724997e-17	0	300
1.2310000000000268e-10	0.18104094	0.11854331	0.9746231	-4.2729613e-17	0	300
1.2320000000000266e-10	0.17952636	0.11798884	0.97498465	-4.2734192e-17	0	300
1.2330000000000264e-10	0.17802304	0.11741597	0.97534335	-4.273875e-17	0	300
1.2340000000000262e-10	0.17653123	0.11682487	0.9756994	-4.2743294e-17	0	300
1.235000000000026e-10	0.17505115	0.11621574	0.97605264	-4.2747807e-17	0	300
1.2360000000000258e-10	0.17358303	0.11558879	0.976403	-4.2752287e-17	0	300
1.2370000000000256e-10	0.17212702	0.11494422	0.9767504	-4.2756754e-17	0	300
1.2380000000000253e-10	0.17068344	0.11428222	0.97709495	-4.276119e-17	0	300
1.2390000000000251e-10	0.16925241	0.11360302	0.97743654	-4.2765605e-17	0	300
1.240000000000025e-10	0.16783418	0.1129068	0.97777516	-4.277e-17	0	300
1.2410000000000247e-10	0.16642892	0.1121938	0.9781107	-4.2774376e-17	0	300
1.2420000000000245e-10	0.16503684	0.111464225	0.97844315	-4.2778714e-17	0	300
1.2430000000000243e-10	0.16365814	0.110718295	0.9787726	-4.278302e-17	0	300
1.244000000000024e-10	0.16229302	0.10995622	0.9790988	-4.2787307e-17	0	300
1.245000000000024e-10	0.16094166	0.109178245	0.97942185	-4.2791585e-17	0	300
1.2460000000000237e-10	0.15960422	0.10838457	0.97974175	-4.2795807e-17	0	300
1.2470000000000235e-10	0.15828091	0.10757542	0.9800583	-4.2800042e-17	0	300
1.2480000000000232e-10	0.15697192	0.10675104	0.9803716	-4.2804224e-17	0	300
1.249000000000023e-10	0.1556774	0.10591165	0.98068166	-4.2808403e-17	0	300
1.2500000000000228e-10	0.1543975	0.105057485	0.9809885	-4.2812546e-17	0	300
1.2510000000000226e-10	0.15313244	0.104188785	0.9812918	-4.281667e-17	0	300
1.2520000000000224e-10	0.15188235	0.10330578	0.9815917	-4.282076e-17	0	300
1.2530000000000222e-10	0.1506474	0.10240871	0.9818882	-4.2824844e-17	0	300
1.254000000000022e-10	0.14942774	0.101497814	0.98218143	-4.2828894e-17	0	300
1.2550000000000218e-10	0.14822352	0.10057335	0.982471	-4.2832904e-17	0	300
1.2560000000000216e-10	0.14703488	0.09963553	0.9827571	-4.283691e-17	0	300
1.2570000000000214e-10	0.14586201	0.09868462	0.9830397	-4.284089e-17	0	300
1.2580000000000211e-10	0.14470501	0.09772088	0.98331875	-4.284484e-17	0	300
1.259000000000021e-10	0.14356403	0.09674452	0.9835943	-4.2848773e-17	0	300
1.2600000000000207e-10	0.1424392	0.095755816	0.98386604	-4.2852667e-17	0	300
1.2610000000000205e-10	0.14133066	0.094755016	0.9841344	-4.285655e-17	0	300
1.2620000000000203e-10	0.14023852	0.09374237	0.98439896	-4.286042e-17	0	300
1.26300000000002e-10	0.13916291	0.09271813	0.98466	-4.286426e-17	0	300
1.26400000000002e-10	0.13810396	0.09168255	0.9849172	-4.286805e-17	0	300
1.2650000000000197e-10	0.13706177	0.0906359	0.9851709	-4.2871855e-17	0	300
1.2660000000000195e-10	0.13603647	0.08957843	0.9854208	-4.2875627e-17	0	300
1.2670000000000193e-10	0.13502812	0.08851039	0.9856669	-4.287937e-17	0	300
1.268000000000019e-10	0.13403688	0.08743204	0.98590934	-4.2883078e-17	0	300
1.2690000000000188e-10	0.13306284	0.08634365	0.986148	-4.288678e-17	0	300
1.2700000000000186e-10	0.13210605	0.085245475	0.9863829	-4.289045e-17	0	300
1.2710000000000184e-10	0.13116665	0.084137775	0.9866139	-4.289411e-17	0	300
1.2720000000000182e-10	0.13024472	0.083020814	0.98684126	-4.2897726e-17	0	300
1.273000000000018e-10	0.12934032	0.08189485	0.9870647	-4.2901342e-17	0	300
1.2740000000000178e-10	0.12845355	0.08076016	0.98728436	-4.2904925e-17	0	300
1.2750000000000176e-10	0.12758449	0.079617016	0.9875001	-4.290848e-17	0	300
1.2760000000000174e-10	0.12673317	0.078465655	0.987712	-4.291202e-17	0	300
1.2770000000000171e-10	0.1258997	0.07730635	0.98792017	-4.2915546e-17	0	300
1.278000000000017e-10	0.12508415	0.07613938	0.9881244	-4.2919044e-17	0	300
1.2790000000000167e-10	0.12428655	0.07496501	0.9883247	-4.2922505e-17	0	300
1.2800000000000165e-10	0.12350696	0.07378349	0.9885211	-4.2925956e-17	0	300
1.2810000000000163e-10	0.12274546	0.072595105	0.9887137	-4.2929383e-17	0	300
1.282000000000016e-10	0.122002065	0.07140011	0.98890233	-4.2932795e-17	0	300
1.283000000000016e-10	0.12127684	0.07019878	0.989087	-4.2936183e-17	0	300
1.2840000000000157e-10	0.120569825	0.06899137	0.9892678	-4.293955e-17	0	300
1.2850000000000155e-10	0.11988102	0.06777815	0.98944485	-4.2942886e-17	0	300
1.2860000000000153e-10	0.11921051	0.0665594	0.9896178	-4.2946208e-17	0	300
1.287000000000015e-10	0.11855829	0.065335356	0.9897869	-4.2949514e-17	0	300
1.2880000000000148e-10	0.1179244	0.06410632	0.9899522	-4.2952786e-17	0	300
1.2890000000000146e-10	0.117308855	0.062872544	0.99011344	-4.2956045e-17	0	300
1.2900000000000144e-10	0.11671168	0.06163428	0.9902707	-4.295929e-17	0	300
1.2910000000000142e-10	0.11613287	0.060391806	0.99042416	-4.2962504e-17	0	300
1.292000000000014e-10	0.11557244	0.059145395	0.99057376	-4.2965693e-17	0	300
1.2930000000000138e-10	0.115030415	0.057895284	0.9907193	-4.296888e-17	0	300
1.2940000000000136e-10	0.114506766	0.056641765	0.990861	-4.2972023e-17	0	300
1.2950000000000134e-10	0.114001505	0.05538508	0.99099874	-4.2975156e-17	0	300
1.2960000000000132e-10	0.11351464	0.05412551	0.99113274	-4.2978283e-17	0	300
1.297000000000013e-10	0.11304614	0.052863296	0.9912627	-4.2981357e-17	0	300
1.2980000000000127e-10	0.112596	0.05159872	0.99138886	-4.2984447e-17	0	300
1.2990000000000125e-10	0.11216419	0.050332017	0.99151105	-4.2987494e-17	0	300
1.3000000000000123e-10	0.11175072	0.049063463	0.9916293	-4.2990532e-17	0	300
1.301000000000012e-10	0.11135553	0.04779331	0.9917438	-4.299354e-17	0	300
1.302000000000012e-10	0.11097861	0.046521824	0.9918544	-4.2996537e-17	0	300
1.3030000000000117e-10	0.11061993	0.04524924	0.9919612	-4.2999505e-17	0	300
1.3040000000000115e-10	0.11027944	0.043975826	0.9920641	-4.300248e-17	0	300
1.3050000000000113e-10	0.10995713	0.042701837	0.9921632	-4.3005428e-17	0	300
1.306000000000011e-10	0.109652914	0.041427523	0.99225855	-4.3008333e-17	0	300
1.3070000000000108e-10	0.10936679	0.040153127	0.99235	-4.3011228e-17	0	300
1.3080000000000106e-10	0.10909866	0.038878907	0.99243754	-4.3014107e-17	0	300
1.3090000000000104e-10	0.10884852	0.037605114	0.9925215	-4.3016982e-17	0	300
1.3100000000000102e-10	0.1086163	0.036331978	0.99260163	-4.301982e-17	0	300
1.31100000000001e-10	0.10840191	0.035059758	0.992678	-4.302264e-17	0	300
1.3120000000000098e-10	0.10820532	0.03378869	0.99275064	-4.302545e-17	0	300
1.3130000000000096e-10	0.108026445	0.032519024	0.9928195	-4.302823e-17	0	300
1.3140000000000094e-10	0.107865214	0.03125099	0.99288464	-4.3031004e-17	0	300
1.3150000000000092e-10	0.10772158	0.029984836	0.9929462	-4.3033744e-17	0	300
1.316000000000009e-10	0.10759543	0.028720789	0.9930041	-4.3036493e-17	0	300
1.3170000000000087e-10	0.107486725	0.02745909	0.99305815	-4.3039197e-17	0	300
1.3180000000000085e-10	0.10739533	0.02619997	0.99310875	-4.3041906e-17	0	300
1.3190000000000083e-10	0.1073212	0.024943661	0.9931556	-4.3044586e-17	0	300
1.320000000000008e-10	0.107264236	0.023690388	0.993199	-4.3047243e-17	0	300
1.321000000000008e-10	0.10722433	0.022440383	0.9932388	-4.3049894e-17	0	300
1.3220000000000077e-10	0.10720141	0.021193873	0.9932749	-4.305252e-17	0	300
1.3230000000000075e-10	0.10719537	0.019951075	0.99330753	-4.3055135e-17	0	300
1.3240000000000073e-10	0.10720609	0.018712211	0.99333674	-4.3057735e-17	0	300
1.325000000000007e-10	0.1072335	0.017477507	0.9933624	-4.3060313e-17	0	300
1.3260000000000068e-10	0.10727747	0.01624717	0.9933846	-4.306288e-17	0	300
1.3270000000000066e-10	0.10733789	0.01502142	0.9934033	-4.3065405e-17	0	300
1.3280000000000064e-10	0.10741466	0.013800467	0.99341863	-4.306794e-17	0	300
1.3290000000000062e-10	0.10750766	0.012584523	0.99343055	-4.3070464e-17	0	300
1.330000000000006e-10	0.10761677	0.011373794	0.9934391	-4.307295e-17	0	300
1.3310000000000058e-10	0.10774185	0.010168487	0.9934444	-4.307544e-17	0	300
1.3320000000000056e-10	0.10788281	0.008968804	0.99344623	-4.3077885e-17	0	300
1.3330000000000054e-10	0.10803953	0.007774946	0.9934448	-4.3080344e-17	0	300
1.3340000000000052e-10	0.108211845	0.0065871114	0.99344015	-4.3082782e-17	0	300
1.335000000000005e-10	0.10839963	0.0054054935	0.99343216	-4.3085194e-17	0	300
1.3360000000000047e-10	0.10860278	0.0042302893	0.9934211	-4.3087597e-17	0	300
1.3370000000000045e-10	0.108821146	0.0030616855	0.9934067	-4.3089982e-17	0	300
1.3380000000000043e-10	0.10905458	0.0018998734	0.99338925	-4.309235e-17	0	300
1.339000000000004e-10	0.10930295	0.00074503664	0.9933686	-4.3094717e-17	0	300
1.340000000000004e-10	0.10956612	-0.00040264102	0.9933449	-4.3097046e-17	0	300
1.3410000000000037e-10	0.109843954	-0.0015429789	0.9933181	-4.3099372e-17	0	300
1.3420000000000035e-10	0.11013626	-0.0026758001	0.9932884	-4.3101685e-17	0	300
1.3430000000000033e-10	0.11044295	-0.0038009298	0.9932556	-4.3103965e-17	0	300
1.344000000000003e-10	0.110763825	-0.0049181953	0.9932198	-4.310626e-17	0	300
1.3450000000000029e-10	0.11109875	-0.006027427	0.993181	-4.3108534e-17	0	300
1.3460000000000026e-10	0.11144758	-0.00712846	0.9931393	-4.311078e-17	0	300
1.3470000000000024e-10	0.11181015	-0.008221127	0.99309486	-4.311302e-17	0	300
1.3480000000000022e-10	0.11218631	-0.0093052685	0.99304736	-4.311524e-17	0	300
1.349000000000002e-10	0.11257589	-0.010380725	0.9929972	-4.3117448e-17	0	300
1.3500000000000018e-10	0.11297873	-0.011447344	0.99294406	-4.3119648e-17	0	300
1.3510000000000016e-10	0.113394655	-0.012504969	0.9928884	-4.312182e-17	0	300
1.3520000000000014e-10	0.113823526	-0.013553453	0.99283004	-4.312399e-17	0	300
1.3530000000000012e-10	0.11426516	-0.014592647	0.99276876	-4.3126133e-17	0	300
1.354000000000001e-10	0.11471939	-0.015622407	0.9927049	-4.3128267e-17	0	300
1.3550000000000007e-10	0.11518606	-0.016642591	0.99263847	-4.313041e-17	0	300
1.3560000000000005e-10	0.115664974	-0.017653063	0.9925694	-4.3132522e-17	0	300
1.3570000000000003e-10	0.11615597	-0.018653685	0.9924978	-4.313463e-17	0	300
1.358e-10	0.116658874	-0.019644324	0.9924239	-4.313671e-17	0	300
1.3594999999999998e-10	0.11743519	-0.021111287	0.99230796	-4.31398e-17	0	300
1.3604999999999996e-10	0.11796709	-0.022076415	0.99222785	-4.3141853e-17	0	300
1.3614999999999994e-10	0.118510306	-0.023031116	0.9921451	-4.314391e-17	0	300
1.3624999999999992e-10	0.11906462	-0.02397528	0.9920602	-4.3145936e-17	0	300
1.363499999999999e-10	0.119629875	-0.024908781	0.9919729	-4.3147944e-17	0	300
1.3644999999999988e-10	0.12020588	-0.025831513	0.9918834	-4.314995e-17	0	300
1.3654999999999985e-10	0.12079243	-0.026743362	0.99179155	-4.3151948e-17	0	300
1.3664999999999983e-10	0.12138939	-0.02764422	0.99169755	-4.315393e-17	0	300
1.367499999999998e-10	0.12199654	-0.028533986	0.9916012	-4.3155885e-17	0	300
1.368499999999998e-10	0.122613706	-0.029412556	0.9915029	-4.3157834e-17	0	300
1.3694999999999977e-10	0.123240694	-0.030279832	0.9914025	-4.3159773e-17	0	300
1.3704999999999975e-10	0.12387733	-0.031135717	0.9913	-4.3161702e-17	0	300
1.3714999999999973e-10	0.12452344	-0.03198012	0.9911955	-4.3163614e-17	0	300
1.372499999999997e-10	0.12517878	-0.03281295	0.99108887	-4.3165524e-17	0	300
1.3734999999999969e-10	0.12584323	-0.033634122	0.9909804	-4.3167403e-17	0	300
1.3744999999999966e-10	0.12651654	-0.03444355	0.99087	-4.3169296e-17	0	300
1.3754999999999964e-10	0.12719858	-0.035241157	0.9907577	-4.317116e-17	0	300
1.3764999999999962e-10	0.12788911	-0.03602686	0.99064374	-4.3173018e-17	0	300
1.377499999999996e-10	0.12858796	-0.036800593	0.9905278	-4.3174854e-17	0	300
1.3784999999999958e-10	0.12929493	-0.037562273	0.9904101	-4.3176704e-17	0	300
1.3794999999999956e-10	0.13000984	-0.03831184	0.9902907	-4.3178514e-17	0	300
1.3804999999999954e-10	0.1307325	-0.039049223	0.9901697	-4.3180327e-17	0	300
1.3814999999999952e-10	0.13146272	-0.03977436	0.990047	-4.3182127e-17	0	300
1.382499999999995e-10	0.13220029	-0.040487185	0.9899226	-4.3183917e-17	0	300
1.3834999999999948e-10	0.13294502	-0.04118765	0.9897967	-4.3185697e-17	0	300
1.3844999999999945e-10	0.13369673	-0.041875705	0.9896692	-4.318747e-17	0	300
1.3854999999999943e-10	0.13445523	-0.04255129	0.98954034	-4.3189217e-17	0	300
1.386499999999994e-10	0.13522033	-0.043214343	0.9894099	-4.319097e-17	0	300
1.387499999999994e-10	0.13599183	-0.043864846	0.98927826	-4.3192708e-17	0	300
1.3884999999999937e-10	0.13676952	-0.044502743	0.98914504	-4.3194425e-17	0	300
1.3894999999999935e-10	0.13755323	-0.045127984	0.9890105	-4.3196136e-17	0	300
1.3904999999999933e-10	0.13834275	-0.045740552	0.9888746	-4.3197843e-17	0	300
1.391499999999993e-10	0.13913792	-0.0463404	0.9887376	-4.3199524e-17	0	300
1.3924999999999929e-10	0.13993853	-0.046927497	0.9885993	-4.320121e-17	0	300
1.3934999999999927e-10	0.14074439	-0.047501817	0.98845977	-4.320287e-17	0	300
1.3944999999999924e-10	0.14155528	-0.048063327	0.98831916	-4.3204533e-17	0	300
1.3954999999999922e-10	0.14237106	-0.048612013	0.9881774	-4.3206188e-17	0	300
1.396499999999992e-10	0.14319152	-0.049147848	0.98803455	-4.3207832e-17	0	300
1.3974999999999918e-10	0.14401643	-0.04967082	0.9878907	-4.320945e-17	0	300
1.3984999999999916e-10	0.14484566	-0.05018091	0.98774576	-4.3211068e-17	0	300
1.3994999999999914e-10	0.14567901	-0.050678104	0.98759985	-4.3212676e-17	0	300
1.4004999999999912e-10	0.14651625	-0.051162392	0.98745316	-4.321427e-17	0	300
1.401499999999991e-10	0.14735724	-0.05163377	0.9873055	-4.3215856e-17	0	300
1.4024999999999908e-10	0.14820176	-0.05209224	0.987157	-4.3217434e-17	0	300
1.4034999999999906e-10	0.14904965	-0.052537784	0.98700774	-4.3219016e-17	0	300
1.4044999999999903e-10	0.14990069	-0.052970413	0.98685753	-4.3220574e-17	0	300
1.4054999999999901e-10	0.15075475	-0.05339013	0.9867068	-4.3222123e-17	0	300
1.40649999999999e-10	0.15161157	-0.053796936	0.9865552	-4.322365e-17	0	300
1.4074999999999897e-10	0.15247102	-0.054190837	0.98640305	-4.3225186e-17	0	300
1.4084999999999895e-10	0.15333292	-0.054571852	0.9862502	-4.3226712e-17	0	300
1.4094999999999893e-10	0.15419707	-0.054939996	0.98609686	-4.3228217e-17	0	300
1.410499999999989e-10	0.15506327	-0.055295274	0.98594284	-4.3229723e-17	0	300
1.4114999999999889e-10	0.15593135	-0.05563771	0.98578835	-4.3231205e-17	0	300
1.4124999999999887e-10	0.15680116	-0.055967316	0.9856334	-4.3232697e-17	0	300
1.4134999999999884e-10	0.1576725	-0.05628413	0.98547804	-4.3234163e-17	0	300
1.4144999999999882e-10	0.1585452	-0.056588173	0.9853222	-4.3235632e-17	0	300
1.415499999999988e-10	0.15941906	-0.056879465	0.98516595	-4.3237075e-17	0	300
1.4164999999999878e-10	0.16029394	-0.057158038	0.98500943	-4.3238534e-17	0	300
1.4174999999999876e-10	0.16116963	-0.057423923	0.9848527	-4.3239967e-17	0	300
1.4184999999999874e-10	0.16204599	-0.05767716	0.98469543	-4.3241393e-17	0	300
1.4194999999999872e-10	0.16292281	-0.057917785	0.9845382	-4.3242812e-17	0	300
1.420499999999987e-10	0.16379996	-0.058145825	0.9843806	-4.324423e-17	0	300
1.4214999999999868e-10	0.16467723	-0.05836134	0.9842229	-4.3245618e-17	0	300
1.4224999999999866e-10	0.1655545	-0.058564354	0.984065	-4.3247e-17	0	300
1.4234999999999863e-10	0.16643155	-0.058754936	0.98390716	-4.324838e-17	0	300
1.4244999999999861e-10	0.16730823	-0.0589331	0.98374915	-4.3249764e-17	0	300
1.425499999999986e-10	0.1681844	-0.059098925	0.983591	-4.3251133e-17	0	300
1.4264999999999857e-10	0.16905987	-0.05925245	0.983433	-4.325248e-17	0	300
1.4274999999999855e-10	0.1699345	-0.05939373	0.983275	-4.325383e-17	0	300
1.4284999999999853e-10	0.1708081	-0.059522815	0.98311704	-4.325517e-17	0	300
1.429499999999985e-10	0.17168054	-0.059639767	0.9829592	-4.3256504e-17	0	300
1.430499999999985e-10	0.17255162	-0.059744652	0.9828015	-4.3257827e-17	0	300
1.4314999999999847e-10	0.17342125	-0.059837516	0.98264396	-4.3259127e-17	0	300
1.4324999999999845e-10	0.1742892	-0.05991844	0.9824866	-4.326044e-17	0	300
1.4334999999999842e-10	0.17515534	-0.05998747	0.9823295	-4.3261735e-17	0	300
1.434499999999984e-10	0.17601956	-0.060044684	0.9821726	-4.326301e-17	0	300
1.4354999999999838e-10	0.17688167	-0.060090154	0.9820161	-4.3264302e-17	0	300
1.4364999999999836e-10	0.17774153	-0.06012394	0.9818598	-4.3265556e-17	0	300
1.4374999999999834e-10	0.17859897	-0.060146123	0.9817039	-4.326683e-17	0	300
1.4384999999999832e-10	0.17945388	-0.06015677	0.9815483	-4.326809e-17	0	300
1.439499999999983e-10	0.18030609	-0.060155954	0.9813932	-4.3269335e-17	0	300
1.4404999999999828e-10	0.18115547	-0.06014376	0.9812385	-4.3270572e-17	0	300
1.4414999999999826e-10	0.18200186	-0.06012027	0.98108435	-4.32718e-17	0	300
1.4424999999999824e-10	0.18284512	-0.06008555	0.9809305	-4.3273024e-17	0	300
1.4434999999999821e-10	0.18368512	-0.0600397	0.9807773	-4.3274235e-17	0	300
1.444499999999982e-10	0.18452176	-0.059982777	0.9806247	-4.3275453e-17	0	300
1.4454999999999817e-10	0.18535486	-0.059914898	0.9804726	-4.327664e-17	0	300
1.4464999999999815e-10	0.18618429	-0.059836127	0.98032117	-4.3277825e-17	0	300
1.4474999999999813e-10	0.1870099	-0.059746552	0.9801703	-4.3279016e-17	0	300
1.448499999999981e-10	0.18783161	-0.05964628	0.98002017	-4.3280184e-17	0	300
1.449499999999981e-10	0.18864925	-0.059535377	0.9798706	-4.3281345e-17	0	300
1.4504999999999807e-10	0.1894627	-0.059413955	0.9797219	-4.3282513e-17	0	300
1.4514999999999805e-10	0.19027185	-0.0592821	0.9795739	-4.3283658e-17	0	300
1.4524999999999803e-10	0.19107656	-0.059139904	0.9794267	-4.3284803e-17	0	300
1.45349999999998e-10	0.19187677	-0.05898747	0.97928005	-4.3285954e-17	0	300
1.4544999999999798e-10	0.19267222	-0.058824882	0.97913444	-4.328707e-17	0	300
1.4554999999999796e-10	0.19346294	-0.058652252	0.9789897	-4.32882e-17	0	300
1.4564999999999794e-10	0.19424872	-0.058469675	0.9788457	-4.3289303e-17	0	300
1.4574999999999792e-10	0.19502948	-0.058277253	0.97870266	-4.329041e-17	0	300
1.458499999999979e-10	0.1958051	-0.058075085	0.9785605	-4.3291513e-17	0	300
1.4594999999999788e-10	0.19657548	-0.057863273	0.9784193	-4.329261e-17	0	300
1.4604999999999786e-10	0.19734049	-0.057641923	0.978279	-4.32937e-17	0	300
1.4614999999999784e-10	0.19810003	-0.05741114	0.9781399	-4.3294776e-17	0	300
1.4624999999999781e-10	0.198854	-0.057171024	0.97800165	-4.329584e-17	0	300
1.463499999999978e-10	0.19960229	-0.056921702	0.9778643	-4.3296913e-17	0	300
1.4644999999999777e-10	0.2003448	-0.056663252	0.9777281	-4.3297972e-17	0	300
1.4654999999999775e-10	0.20108142	-0.056395806	0.97759306	-4.329901e-17	0	300
1.4664999999999773e-10	0.20181206	-0.056119476	0.9774591	-4.3300066e-17	0	300
1.467499999999977e-10	0.20253663	-0.05583435	0.97732615	-4.3301092e-17	0	300
1.468499999999977e-10	0.20325501	-0.05554056	0.97719425	-4.3302108e-17	0	300
1.4694999999999767e-10	0.20396715	-0.055238206	0.97706366	-4.330313e-17	0	300
1.4704999999999765e-10	0.20467292	-0.054927412	0.9769342	-4.3304143e-17	0	300
1.4714999999999763e-10	0.20537223	-0.054608285	0.976806	-4.3305152e-17	0	300
1.472499999999976e-10	0.20606503	-0.054280944	0.97667885	-4.330615e-17	0	300
1.4734999999999758e-10	0.20675117	-0.0539455	0.97655296	-4.3307157e-17	0	300
1.4744999999999756e-10	0.20743065	-0.053602073	0.97642833	-4.3308136e-17	0	300
1.4754999999999754e-10	0.20810328	-0.05325077	0.9763049	-4.3309122e-17	0	300
1.4764999999999752e-10	0.2087691	-0.052891716	0.97618294	-4.3310095e-17	0	300
1.477499999999975e-10	0.20942795	-0.052525036	0.9760622	-4.3311058e-17	0	300
1.4784999999999748e-10	0.21007974	-0.05215084	0.9759428	-4.331201e-17	0	300
1.4794999999999746e-10	0.21072446	-0.05176925	0.9758246	-4.3312967e-17	0	300
1.4804999999999744e-10	0.21136199	-0.051380385	0.97570777	-4.3313916e-17	0	300
1.4814999999999742e-10	0.2119923	-0.05098436	0.9755923	-4.3314863e-17	0	300
1.482499999999974e-10	0.21261527	-0.05058131	0.9754782	-4.3315796e-17	0	300
1.4834999999999737e-10	0.21323086	-0.050171338	0.9753656	-4.3316726e-17	0	300
1.4844999999999735e-10	0.21383904	-0.049754575	0.97525436	-4.3317642e-17	0	300
1.4854999999999733e-10	0.21443965	-0.049331147	0.9751444	-4.3318565e-17	0	300
1.486499999999973e-10	0.21503271	-0.04890117	0.9750361	-4.3319465e-17	0	300
1.487499999999973e-10	0.21561812	-0.048464764	0.97492915	-4.3320375e-17	0	300
1.4884999999999727e-10	0.21619584	-0.048022058	0.97482353	-4.3321282e-17	0	300
1.4894999999999725e-10	0.21676582	-0.04757317	0.9747195	-4.332215e-17	0	300
1.4904999999999723e-10	0.21732795	-0.04711824	0.974617	-4.3323045e-17	0	300
1.491499999999972e-10	0.21788226	-0.04665737	0.97451586	-4.3323932e-17	0	300
1.4924999999999718e-10	0.21842864	-0.04619069	0.9744163	-4.3324796e-17	0	300
1.4934999999999716e-10	0.21896708	-0.045718335	0.97431827	-4.332566e-17	0	300
1.4944999999999714e-10	0.2194975	-0.045240417	0.97422177	-4.3326526e-17	0	300
1.4954999999999712e-10	0.22001983	-0.04475707	0.97412676	-4.3327376e-17	0	300
1.496499999999971e-10	0.2205341	-0.044268414	0.97403324	-4.3328227e-17	0	300
1.4974999999999708e-10	0.2210402	-0.043774564	0.97394145	-4.3329074e-17	0	300
1.4984999999999706e-10	0.22153814	-0.04327567	0.9738511	-4.3329914e-17	0	300
1.4994999999999704e-10	0.22202784	-0.042771835	0.97376233	-4.3330735e-17	0	300
1.5004999999999702e-10	0.22250926	-0.042263187	0.97367513	-4.333157e-17	0	300
1.50149999999997e-10	0.22298244	-0.041749865	0.97358954	-4.33324e-17	0	300
1.5024999999999697e-10	0.22344723	-0.041231975	0.9735055	-4.3333186e-17	0	300
1.5034999999999695e-10	0.22390369	-0.04070966	0.9734232	-4.3334e-17	0	300
1.5044999999999693e-10	0.22435175	-0.040183034	0.97334254	-4.3334818e-17	0	300
1.505499999999969e-10	0.2247914	-0.039652225	0.97326326	-4.33356e-17	0	300
1.506499999999969e-10	0.22522257	-0.039117355	0.9731857	-4.3336403e-17	0	300
1.5074999999999687e-10	0.2256453	-0.03857855	0.9731099	-4.3337177e-17	0	300
1.5084999999999685e-10	0.22605951	-0.03803594	0.97303563	-4.3337968e-17	0	300
1.5094999999999683e-10	0.22646521	-0.03748965	0.972963	-4.3338752e-17	0	300
1.510499999999968e-10	0.22686237	-0.036939792	0.97289205	-4.3339503e-17	0	300
1.5114999999999678e-10	0.22725096	-0.0363865	0.9728228	-4.3340287e-17	0	300
1.5124999999999676e-10	0.22763103	-0.035829894	0.9727551	-4.3341045e-17	0	300
1.5134999999999674e-10	0.22800247	-0.035270102	0.97268915	-4.3341796e-17	0	300
1.5144999999999672e-10	0.2283653	-0.03470725	0.9726249	-4.3342547e-17	0	300
1.515499999999967e-10	0.22871953	-0.03414145	0.97256213	-4.33433e-17	0	300
1.5164999999999668e-10	0.22906515	-0.033572838	0.97250116	-4.3344032e-17	0	300
1.5174999999999666e-10	0.22940211	-0.033001523	0.97244185	-4.334477e-17	0	300
1.5184999999999664e-10	0.22973044	-0.032427635	0.9723842	-4.3345508e-17	0	300
1.5194999999999662e-10	0.23005012	-0.0318513	0.97232836	-4.334623e-17	0	300
1.520499999999966e-10	0.23036116	-0.03127263	0.972274	-4.3346954e-17	0	300
1.5214999999999657e-10	0.23066354	-0.030691752	0.9722215	-4.3347662e-17	0	300
1.5224999999999655e-10	0.23095725	-0.030108787	0.9721705	-4.3348377e-17	0	300
1.5234999999999653e-10	0.23124236	-0.029523851	0.9721213	-4.3349085e-17	0	300
1.524499999999965e-10	0.23151879	-0.028937072	0.9720738	-4.3349783e-17	0	300
1.525499999999965e-10	0.23178656	-0.028348561	0.9720279	-4.335048e-17	0	300
1.5264999999999647e-10	0.23204571	-0.027758442	0.97198373	-4.3351173e-17	0	300
1.5274999999999645e-10	0.23229623	-0.027166829	0.97194123	-4.3351858e-17	0	300
1.5284999999999643e-10	0.2325381	-0.026573844	0.9719004	-4.3352556e-17	0	300
1.529499999999964e-10	0.23277138	-0.025979605	0.9718613	-4.335322e-17	0	300
1.5304999999999639e-10	0.23299606	-0.025384227	0.9718239	-4.33539e-17	0	300
1.5314999999999636e-10	0.23321216	-0.024787826	0.97178805	-4.3354564e-17	0	300
1.5324999999999634e-10	0.23341964	-0.024190519	0.97175395	-4.3355236e-17	0	300
1.5334999999999632e-10	0.23361862	-0.02359242	0.97172153	-4.3355888e-17	0	300
1.534499999999963e-10	0.23380901	-0.02299365	0.97169083	-4.3356543e-17	0	300
1.5354999999999628e-10	0.23399091	-0.02239431	0.9716616	-4.3357198e-17	0	300
1.5364999999999626e-10	0.23416427	-0.021794526	0.97163427	-4.335784e-17	0	300
1.5374999999999624e-10	0.23432918	-0.021194404	0.97160846	-4.3358495e-17	0	300
1.5384999999999622e-10	0.23448563	-0.020594057	0.9715843	-4.3359133e-17	0	300
1.539499999999962e-10	0.23463362	-0.0199936	0.97156185	-4.3359765e-17	0	300
1.5404999999999617e-10	0.23477323	-0.019393139	0.9715411	-4.33604e-17	0	300
1.5414999999999615e-10	0.23490444	-0.018792784	0.97152174	-4.3361033e-17	0	300
1.5424999999999613e-10	0.23502728	-0.018192649	0.9715043	-4.336164e-17	0	300
1.543499999999961e-10	0.23514183	-0.017592842	0.9714884	-4.3362264e-17	0	300
1.544499999999961e-10	0.23524806	-0.016993465	0.9714741	-4.3362876e-17	0	300
1.5454999999999607e-10	0.23534606	-0.016394628	0.9714614	-4.3363494e-17	0	300
1.5464999999999605e-10	0.23543581	-0.01579644	0.97145027	-4.33641e-17	0	300
1.5474999999999603e-10	0.23551737	-0.015199005	0.9714408	-4.3364712e-17	0	300
1.54849999999996e-10	0.23559079	-0.014602426	0.97143304	-4.3365298e-17	0	300
1.5494999999999599e-10	0.23565605	-0.014006808	0.9714267	-4.3365887e-17	0	300
1.5504999999999596e-10	0.23571327	-0.013412257	0.9714221	-4.336649e-17	0	300
1.5514999999999594e-10	0.23576242	-0.012818869	0.971419	-4.3367088e-17	0	300
1.5524999999999592e-10	0.23580357	-0.012226751	0.9714175	-4.3367653e-17	0	300
1.553499999999959e-10	0.23583676	-0.011636001	0.97141755	-4.336824e-17	0	300
1.5544999999999588e-10	0.23586205	-0.01104672	0.97141916	-4.3368818e-17	0	300
1.5554999999999586e-10	0.23587945	-0.010459006	0.97142226	-4.3369384e-17	0	300
1.5564999999999584e-10	0.23588903	-0.009872954	0.971427	-4.3369963e-17	0	300
1.5574999999999582e-10	0.23589085	-0.009288665	0.9714331	-4.3370522e-17	0	300
1.558499999999958e-10	0.23588488	-0.008706236	0.9714409	-4.337109e-17	0	300
1.5594999999999578e-10	0.23587126	-0.008125758	0.97145	-4.3371647e-17	0	300
1.5604999999999575e-10	0.23585002	-0.007547328	0.9714608	-4.33722e-17	0	300
1.5614999999999573e-10	0.23582116	-0.006971038	0.9714731	-4.3372756e-17	0	300
1.562499999999957e-10	0.23578478	-0.0063969814	0.97148675	-4.3373298e-17	0	300
1.563499999999957e-10	0.23574091	-0.0058252485	0.971502	-4.3373847e-17	0	300
1.5644999999999567e-10	0.23568963	-0.0052559315	0.9715186	-4.3374393e-17	0	300
1.5654999999999565e-10	0.23563099	-0.004689117	0.9715366	-4.3374923e-17	0	300
1.5664999999999563e-10	0.235565	-0.0041248957	0.9715562	-4.3375472e-17	0	300
1.567499999999956e-10	0.23549178	-0.0035633545	0.97157717	-4.3375995e-17	0	300
1.5684999999999559e-10	0.23541135	-0.0030045786	0.97159946	-4.3376518e-17	0	300
1.5694999999999557e-10	0.23532377	-0.0024486554	0.97162324	-4.3377054e-17	0	300
1.5704999999999554e-10	0.23522912	-0.0018956678	0.97164834	-4.3377563e-17	0	300
1.5714999999999552e-10	0.23512742	-0.0013456997	0.9716749	-4.33781e-17	0	300
1.572499999999955e-10	0.23501877	-0.00079883356	0.9717029	-4.3378615e-17	0	300
1.5734999999999548e-10	0.23490322	-0.0002551499	0.97173214	-4.3379115e-17	0	300
1.5744999999999546e-10	0.23478085	0.00028527062	0.97176266	-4.337963e-17	0	300
1.5754999999999544e-10	0.23465168	0.000822349	0.97179466	-4.3380137e-17	0	300
1.5764999999999542e-10	0.23451583	0.0013560071	0.971828	-4.338063e-17	0	300
1.577499999999954e-10	0.23437332	0.0018861678	0.9718625	-4.3381137e-17	0	300
1.5784999999999538e-10	0.23422423	0.0024127555	0.9718983	-4.3381636e-17	0	300
1.5794999999999535e-10	0.23406866	0.002935695	0.97193545	-4.3382132e-17	0	300
1.5804999999999533e-10	0.2339066	0.0034549134	0.97197384	-4.3382625e-17	0	300
1.581499999999953e-10	0.23373821	0.003970337	0.9720135	-4.3383125e-17	0	300
1.582499999999953e-10	0.2335635	0.0044818954	0.97205436	-4.3383608e-17	0	300
1.5834999999999527e-10	0.23338255	0.004989517	0.97209644	-4.338409e-17	0	300
1.5844999999999525e-10	0.23319545	0.0054931343	0.9721398	-4.3384564e-17	0	300
1.5854999999999523e-10	0.23300225	0.0059926775	0.9721842	-4.338504e-17	0	300
1.586499999999952e-10	0.23280305	0.00648808	0.97223	-4.3385527e-17	0	300
1.5874999999999519e-10	0.23259786	0.0069792774	0.97227687	-4.3385997e-17	0	300
1.5884999999999517e-10	0.23238683	0.0074662026	0.97232485	-4.3386457e-17	0	300
1.5894999999999514e-10	0.23216999	0.0079487935	0.97237396	-4.3386933e-17	0	300
1.5904999999999512e-10	0.2319474	0.008426988	0.9724243	-4.3387397e-17	0	300
1.591499999999951e-10	0.23171921	0.008900723	0.97247565	-4.338786e-17	0	300
1.5924999999999508e-10	0.23148541	0.0093699405	0.97252804	-4.3388313e-17	0	300
1.5934999999999506e-10	0.23124611	0.009834581	0.9725816	-4.338877e-17	0	300
1.5944999999999504e-10	0.23100142	0.010294585	0.9726363	-4.3389226e-17	0	300
1.5954999999999502e-10	0.23075138	0.010749897	0.9726919	-4.338969e-17	0	300
1.59649999999995e-10	0.23049606	0.011200463	0.9727486	-4.3390116e-17	0	300
1.5974999999999498e-10	0.23023556	0.011646228	0.9728063	-4.339057e-17	0	300
1.5984999999999496e-10	0.22996993	0.012087138	0.972865	-4.339101e-17	0	300
1.5994999999999493e-10	0.22969928	0.01252314	0.97292477	-4.339146e-17	0	300
1.6004999999999491e-10	0.2294237	0.012954187	0.97298527	-4.3391903e-17	0	300
1.601499999999949e-10	0.22914323	0.013380225	0.9730469	-4.339233e-17	0	300
1.6024999999999487e-10	0.22885798	0.01380121	0.97310936	-4.339275e-17	0	300
1.6034999999999485e-10	0.22856802	0.01421709	0.9731729	-4.3393197e-17	0	300
1.6044999999999483e-10	0.22827342	0.014627824	0.97323716	-4.3393617e-17	0	300
1.605499999999948e-10	0.2279743	0.015033363	0.9733025	-4.3394047e-17	0	300
1.606499999999948e-10	0.22767068	0.015433667	0.9733685	-4.339448e-17	0	300
1.6074999999999477e-10	0.22736272	0.015828691	0.9734356	-4.3394897e-17	0	300
1.6084999999999475e-10	0.22705042	0.016218396	0.9735033	-4.3395304e-17	0	300
1.6094999999999472e-10	0.22673392	0.016602738	0.9735719	-4.3395738e-17	0	300
1.610499999999947e-10	0.22641331	0.016981682	0.9736413	-4.3396145e-17	0	300
1.6114999999999468e-10	0.22608861	0.01735519	0.9737115	-4.3396562e-17	0	300
1.6124999999999466e-10	0.22575998	0.017723221	0.9737824	-4.339697e-17	0	300
1.6134999999999464e-10	0.22542748	0.018085752	0.9738541	-4.3397386e-17	0	300
1.6144999999999462e-10	0.22509116	0.018442735	0.9739266	-4.339777e-17	0	300
1.615499999999946e-10	0.22475111	0.01879414	0.97399986	-4.339819e-17	0	300
1.6164999999999458e-10	0.22440746	0.01913994	0.9740736	-4.3398587e-17	0	300
1.6174999999999456e-10	0.22406025	0.019480104	0.9741482	-4.3398984e-17	0	300
1.6184999999999453e-10	0.22370958	0.0198146	0.97422343	-4.3399387e-17	0	300
1.6194999999999451e-10	0.22335555	0.020143399	0.9742993	-4.3399788e-17	0	300
1.620499999999945e-10	0.22299822	0.020466479	0.9743758	-4.340017e-17	0	300
1.6214999999999447e-10	0.22263768	0.020783812	0.974453	-4.3400555e-17	0	300
1.6224999999999445e-10	0.22227405	0.02109537	0.97453064	-4.3400946e-17	0	300
1.6234999999999443e-10	0.22190736	0.021401133	0.974609	-4.3401343e-17	0	300
1.624499999999944e-10	0.22153775	0.02170108	0.9746878	-4.3401723e-17	0	300
1.625499999999944e-10	0.22116527	0.021995189	0.97476715	-4.340209e-17	0	300
1.6264999999999437e-10	0.22079	0.022283439	0.9748472	-4.3402474e-17	0	300
1.6274999999999435e-10	0.22041203	0.022565814	0.9749276	-4.3402868e-17	0	300
1.6284999999999432e-10	0.22003147	0.022842292	0.97500855	-4.340323e-17	0	300
1.629499999999943e-10	0.2196484	0.02311286	0.9750899	-4.3403613e-17	0	300
1.6304999999999428e-10	0.21926291	0.023377504	0.97517186	-4.340398e-17	0	300
1.6314999999999426e-10	0.21887505	0.023636203	0.9752542	-4.340436e-17	0	300
1.6324999999999424e-10	0.21848494	0.023888959	0.97533697	-4.3404714e-17	0	300
1.6334999999999422e-10	0.21809265	0.024135742	0.97542	-4.3405082e-17	0	300
1.634499999999942e-10	0.21769826	0.024376556	0.9755037	-4.3405456e-17	0	300
1.6354999999999418e-10	0.21730186	0.024611386	0.97558755	-4.3405806e-17	0	300
1.6364999999999416e-10	0.21690357	0.02484022	0.9756719	-4.3406164e-17	0	300
1.6374999999999414e-10	0.21650341	0.02506306	0.9757565	-4.340652e-17	0	300
1.6384999999999411e-10	0.21610151	0.025279893	0.97584134	-4.340689e-17	0	300
1.639499999999941e-10	0.21569793	0.025490714	0.97592676	-4.3407232e-17	0	300
1.6404999999999407e-10	0.21529278	0.025695527	0.97601223	-4.340759e-17	0	300
1.6414999999999405e-10	0.21488616	0.025894318	0.97609806	-4.340794e-17	0	300
1.6424999999999403e-10	0.21447808	0.026087094	0.97618407	-4.3408285e-17	0	300
1.64349999999994e-10	0.21406871	0.026273852	0.9762704	-4.340863e-17	0	300
1.64449999999994e-10	0.21365806	0.026454594	0.976357	-4.340898e-17	0	300
1.6454999999999397e-10	0.21324627	0.026629323	0.9764437	-4.340932e-17	0	300
1.6464999999999395e-10	0.21283339	0.026798036	0.9765307	-4.3409658e-17	0	300
1.6474999999999393e-10	0.21241954	0.026960744	0.97661763	-4.3409992e-17	0	300
1.648499999999939e-10	0.21200475	0.02711745	0.976705	-4.3410336e-17	0	300
1.6494999999999388e-10	0.21158913	0.027268156	0.9767924	-4.3410673e-17	0	300
1.6504999999999386e-10	0.21117276	0.027412875	0.9768798	-4.3411004e-17	0	300
1.6514999999999384e-10	0.21075574	0.02755161	0.9769675	-4.341134e-17	0	300
1.6524999999999382e-10	0.21033813	0.02768438	0.97705513	-4.341167e-17	0	300
1.653499999999938e-10	0.20991999	0.027811186	0.977143	-4.3411997e-17	0	300
1.6544999999999378e-10	0.20950145	0.027932039	0.97723085	-4.3412305e-17	0	300
1.6554999999999376e-10	0.20908254	0.028046958	0.9773187	-4.3412652e-17	0	300
1.6564999999999374e-10	0.20866337	0.028155956	0.9774066	-4.3412963e-17	0	300
1.6574999999999371e-10	0.20824406	0.02825904	0.9774946	-4.3413284e-17	0	300
1.658499999999937e-10	0.2078246	0.028356237	0.9775825	-4.3413602e-17	0	300
1.6594999999999367e-10	0.20740512	0.028447554	0.9776703	-4.341391e-17	0	300
1.6604999999999365e-10	0.20698571	0.02853301	0.97775817	-4.3414227e-17	0	300
1.6614999999999363e-10	0.2065664	0.028612625	0.97784597	-4.341454e-17	0	300
1.662499999999936e-10	0.20614733	0.028686423	0.97793376	-4.3414856e-17	0	300
1.663499999999936e-10	0.2057285	0.028754419	0.97802144	-4.3415157e-17	0	300
1.6644999999999357e-10	0.20531008	0.028816637	0.978109	-4.341548e-17	0	300
1.6654999999999355e-10	0.20489204	0.028873097	0.97819644	-4.341578e-17	0	300
1.6664999999999353e-10	0.20447455	0.028923823	0.97828376	-4.3416077e-17	0	300
1.667499999999935e-10	0.20405765	0.028968837	0.97837085	-4.3416384e-17	0	300
1.6684999999999348e-10	0.20364138	0.029008172	0.9784578	-4.341668e-17	0	300
1.6694999999999346e-10	0.20322587	0.029041851	0.9785447	-4.341698e-17	0	300
1.6704999999999344e-10	0.20281115	0.029069897	0.9786313	-4.341727e-17	0	300
1.6714999999999342e-10	0.2023973	0.029092338	0.9787178	-4.3417575e-17	0	300
1.672499999999934e-10	0.20198442	0.029109204	0.978804	-4.3417867e-17	0	300
1.6734999999999338e-10	0.20157257	0.029120531	0.97888994	-4.341816e-17	0	300
1.6744999999999336e-10	0.2011618	0.029126344	0.97897583	-4.3418456e-17	0	300
1.6754999999999334e-10	0.20075223	0.029126666	0.9790612	-4.3418743e-17	0	300
1.6764999999999332e-10	0.20034385	0.02912155	0.9791464	-4.3419025e-17	0	300
1.677499999999933e-10	0.19993679	0.02911101	0.97923136	-4.3419313e-17	0	300
1.6784999999999327e-10	0.1995311	0.029095089	0.97931606	-4.3419594e-17	0	300
1.6794999999999325e-10	0.19912684	0.02907382	0.9794004	-4.3419878e-17	0	300
1.6804999999999323e-10	0.19872409	0.029047236	0.97948426	-4.3420163e-17	0	300
1.681499999999932e-10	0.19832292	0.029015377	0.97956795	-4.3420447e-17	0	300
1.682499999999932e-10	0.19792338	0.028978279	0.9796512	-4.3420722e-17	0	300
1.6834999999999317e-10	0.19752555	0.028935978	0.9797342	-4.3420997e-17	0	300
1.6844999999999315e-10	0.1971295	0.028888516	0.97981673	-4.3421255e-17	0	300
1.6854999999999313e-10	0.19673526	0.02883593	0.9798989	-4.342153e-17	0	300
1.686499999999931e-10	0.19634293	0.02877826	0.9799807	-4.3421817e-17	0	300
1.6874999999999308e-10	0.19595256	0.028715547	0.980062	-4.3422075e-17	0	300
1.6884999999999306e-10	0.1955642	0.028647834	0.98014283	-4.3422343e-17	0	300
1.6894999999999304e-10	0.19517793	0.028575161	0.9802233	-4.3422608e-17	0	300
1.6904999999999302e-10	0.19479378	0.028497577	0.9803034	-4.3422866e-17	0	300
1.69149999999993e-10	0.19441186	0.028415117	0.98038286	-4.3423137e-17	0	300
1.6924999999999298e-10	0.19403219	0.028327832	0.98046196	-4.342339e-17	0	300
1.6934999999999296e-10	0.19365482	0.028235761	0.9805405	-4.3423654e-17	0	300
1.6944999999999294e-10	0.19327983	0.028138954	0.9806187	-4.3423918e-17	0	300
1.6954999999999292e-10	0.19290729	0.02803746	0.9806962	-4.342417e-17	0	300
1.696499999999929e-10	0.19253722	0.02793132	0.9807733	-4.3424425e-17	0	300
1.6974999999999287e-10	0.1921697	0.02782058	0.9808498	-4.3424683e-17	0	300
1.6984999999999285e-10	0.19180475	0.027705293	0.98092586	-4.3424927e-17	0	300
1.6994999999999283e-10	0.19144247	0.027585508	0.98100126	-4.342519e-17	0	300
1.700499999999928e-10	0.19108288	0.027461272	0.9810762	-4.3425417e-17	0	300
1.701499999999928e-10	0.19072604	0.027332637	0.98115045	-4.342567e-17	0	300
1.7024999999999277e-10	0.190372	0.027199648	0.9812242	-4.342592e-17	0	300
1.7034999999999275e-10	0.19002083	0.027062362	0.98129725	-4.3426168e-17	0	300
1.7044999999999273e-10	0.18967257	0.026920827	0.98136985	-4.342641e-17	0	300
1.705499999999927e-10	0.18932723	0.026775097	0.9814418	-4.3426648e-17	0	300
1.7064999999999268e-10	0.1889849	0.026625223	0.98151296	-4.342689e-17	0	300
1.7074999999999266e-10	0.18864562	0.02647126	0.9815837	-4.342713e-17	0	300
1.7084999999999264e-10	0.18830943	0.026313256	0.98165375	-4.3427363e-17	0	300
1.7094999999999262e-10	0.18797636	0.02615127	0.98172307	-4.342759e-17	0	300
1.710499999999926e-10	0.18764648	0.025985355	0.981792	-4.342783e-17	0	300
1.7114999999999258e-10	0.18731983	0.025815565	0.98185986	-4.342806e-17	0	300
1.7124999999999256e-10	0.18699645	0.025641957	0.9819273	-4.34283e-17	0	300
1.7134999999999254e-10	0.18667635	0.025464583	0.9819939	-4.342852e-17	0	300
1.7144999999999252e-10	0.18635963	0.025283502	0.98206	-4.3428752e-17	0	300
1.715499999999925e-10	0.18604626	0.02509877	0.9821253	-4.3428967e-17	0	300
1.7164999999999247e-10	0.18573634	0.024910444	0.9821899	-4.342921e-17	0	300
1.7174999999999245e-10	0.18542989	0.024718579	0.9822539	-4.342943e-17	0	300
1.7184999999999243e-10	0.18512693	0.024523234	0.982317	-4.3429642e-17	0	300
1.719499999999924e-10	0.1848275	0.024324467	0.9823794	-4.342985e-17	0	300
1.720499999999924e-10	0.18453166	0.024122335	0.9824412	-4.3430092e-17	0	300
1.7214999999999237e-10	0.1842394	0.023916896	0.9825021	-4.3430294e-17	0	300
1.7224999999999235e-10	0.18395081	0.023708208	0.9825624	-4.3430506e-17	0	300
1.7234999999999233e-10	0.18366589	0.023496337	0.9826219	-4.3430728e-17	0	300
1.724499999999923e-10	0.18338469	0.02328133	0.9826807	-4.3430946e-17	0	300
1.7254999999999229e-10	0.18310718	0.023063254	0.9827386	-4.3431154e-17	0	300
1.7264999999999226e-10	0.18283346	0.02284217	0.9827957	-4.3431373e-17	0	300
1.7274999999999224e-10	0.18256354	0.022618137	0.9828522	-4.3431578e-17	0	300
1.7284999999999222e-10	0.18229744	0.022391211	0.9829078	-4.343178e-17	0	300
1.729499999999922e-10	0.1820352	0.022161458	0.9829626	-4.3431995e-17	0	300
1.7304999999999218e-10	0.18177685	0.021928933	0.9830168	-4.3432203e-17	0	300
1.7314999999999216e-10	0.18152238	0.021693699	0.9830701	-4.3432395e-17	0	300
1.7324999999999214e-10	0.18127185	0.021455819	0.98312247	-4.3432604e-17	0	300
1.7334999999999212e-10	0.18102527	0.02121535	0.98317415	-4.34328e-17	0	300
1.734499999999921e-10	0.18078265	0.020972358	0.983225	-4.3433004e-17	0	300
1.7354999999999207e-10	0.18054405	0.020726899	0.98327506	-4.3433203e-17	0	300
1.7364999999999205e-10	0.18030944	0.020479036	0.9833243	-4.3433394e-17	0	300
1.7374999999999203e-10	0.18007888	0.020228837	0.9833725	-4.3433583e-17	0	300
1.73849999999992e-10	0.1798524	0.019976355	0.98342013	-4.3433795e-17	0	300
1.73949999999992e-10	0.17962997	0.019721657	0.98346686	-4.343399e-17	0	300
1.7404999999999197e-10	0.17941166	0.019464798	0.9835128	-4.3434172e-17	0	300
1.7414999999999195e-10	0.17919745	0.019205848	0.98355794	-4.3434367e-17	0	300
1.7424999999999193e-10	0.17898734	0.018944865	0.98360217	-4.3434553e-17	0	300
1.743499999999919e-10	0.17878138	0.01868191	0.98364556	-4.3434748e-17	0	300
1.7444999999999189e-10	0.17857963	0.018417045	0.9836881	-4.3434933e-17	0	300
1.7454999999999186e-10	0.17838198	0.018150337	0.98372984	-4.3435125e-17	0	300
1.7464999999999184e-10	0.17818853	0.017881839	0.9837706	-4.3435294e-17	0	300
1.7474999999999182e-10	0.17799929	0.017611617	0.98381066	-4.343548e-17	0	300
1.748499999999918e-10	0.17781422	0.017339734	0.9838498	-4.343567e-17	0	300
1.7494999999999178e-10	0.17763337	0.017066253	0.9838881	-4.3435843e-17	0	300
1.7504999999999176e-10	0.17745677	0.016791234	0.9839255	-4.3436018e-17	0	300
1.7514999999999174e-10	0.17728439	0.016514737	0.98396206	-4.3436207e-17	0	300
1.7524999999999172e-10	0.17711623	0.016236823	0.9839978	-4.343638e-17	0	300
1.753499999999917e-10	0.17695233	0.015957559	0.9840327	-4.343655e-17	0	300
1.7544999999999168e-10	0.17679267	0.015677	0.98406667	-4.343673e-17	0	300
1.7554999999999165e-10	0.17663723	0.015395209	0.98409986	-4.3436908e-17	0	300
1.7564999999999163e-10	0.17648607	0.015112248	0.98413223	-4.3437084e-17	0	300
1.757499999999916e-10	0.1763392	0.014828179	0.98416364	-4.343724e-17	0	300
1.758499999999916e-10	0.17619655	0.01454306	0.98419416	-4.343742e-17	0	300
1.7594999999999157e-10	0.17605816	0.014256956	0.9842237	-4.3437583e-17	0	300
1.7604999999999155e-10	0.17592406	0.0139699215	0.9842527	-4.3437765e-17	0	300
1.7614999999999153e-10	0.17579418	0.013682023	0.98428065	-4.343793e-17	0	300
1.762499999999915e-10	0.1756686	0.013393314	0.9843077	-4.3438083e-17	0	300
1.7634999999999149e-10	0.17554727	0.013103859	0.98433405	-4.3438252e-17	0	300
1.7644999999999147e-10	0.17543016	0.012813718	0.9843593	-4.3438407e-17	0	300
1.7654999999999144e-10	0.17531735	0.012522948	0.9843839	-4.3438573e-17	0	300
1.7664999999999142e-10	0.17520876	0.012231609	0.98440766	-4.343874e-17	0	300
1.767499999999914e-10	0.17510441	0.011939761	0.9844304	-4.3438903e-17	0	300
1.7684999999999138e-10	0.1750043	0.011647462	0.9844524	-4.343907e-17	0	300
1.7694999999999136e-10	0.1749084	0.01135477	0.98447347	-4.3439224e-17	0	300
1.7704999999999134e-10	0.17481676	0.011061742	0.9844937	-4.3439377e-17	0	300
1.7714999999999132e-10	0.1747293	0.010768439	0.98451304	-4.343952e-17	0	300
1.772499999999913e-10	0.17464603	0.010474916	0.9845317	-4.343968e-17	0	300
1.7734999999999128e-10	0.17456698	0.0101812305	0.98454934	-4.3439837e-17	0	300
1.7744999999999126e-10	0.1744921	0.009887441	0.9845663	-4.3439992e-17	0	300
1.7754999999999123e-10	0.1744214	0.009593601	0.9845822	-4.3440154e-17	0	300
1.7764999999999121e-10	0.17435484	0.009299771	0.98459756	-4.3440303e-17	0	300
1.777499999999912e-10	0.17429243	0.009006004	0.98461187	-4.3440452e-17	0	300
1.7784999999999117e-10	0.17423417	0.008712356	0.98462534	-4.3440594e-17	0	300
1.7794999999999115e-10	0.17418	0.008418884	0.984638	-4.3440753e-17	0	300
1.7804999999999113e-10	0.17412996	0.00812564	0.98464996	-4.3440902e-17	0	300
1.781499999999911e-10	0.17408398	0.00783268	0.98466086	-4.3441044e-17	0	300
1.7824999999999109e-10	0.17404208	0.0075400593	0.98467106	-4.3441187e-17	0	300
1.7834999999999107e-10	0.17400423	0.007247829	0.98468053	-4.3441342e-17	0	300
1.7844999999999104e-10	0.1739704	0.0069560437	0.9846891	-4.3441474e-17	0	300
1.7854999999999102e-10	0.17394063	0.006664756	0.98469687	-4.344161e-17	0	300
1.78649999999991e-10	0.17391482	0.006374019	0.9847038	-4.3441756e-17	0	300
1.7874999999999098e-10	0.17389299	0.006083884	0.9847099	-4.34419e-17	0	300
1.7884999999999096e-10	0.17387512	0.0057944027	0.9847153	-4.3442037e-17	0	300
1.7894999999999094e-10	0.17386119	0.0055056266	0.98471993	-4.3442176e-17	0	300
1.7904999999999092e-10	0.17385116	0.0052176067	0.9847236	-4.3442315e-17	0	300
1.791499999999909e-10	0.17384505	0.004930392	0.98472667	-4.3442457e-17	0	300
1.7924999999999088e-10	0.1738428	0.004644032	0.98472893	-4.344259e-17	0	300
1.7934999999999086e-10	0.17384437	0.004358578	0.9847303	-4.3442705e-17	0	300
1.7944999999999083e-10	0.17384979	0.004074077	0.98473096	-4.344285e-17	0	300
1.7954999999999081e-10	0.17385899	0.0037905779	0.9847309	-4.344299e-17	0	300
1.796499999999908e-10	0.17387196	0.0035081294	0.98473	-4.344313e-17	0	300
1.7974999999999077e-10	0.17388867	0.003226777	0.98472846	-4.3443248e-17	0	300
1.7984999999999075e-10	0.1739091	0.0029465691	0.98472595	-4.3443387e-17	0	300
1.7994999999999073e-10	0.17393321	0.0026675514	0.98472285	-4.344352e-17	0	300
1.800499999999907e-10	0.17396101	0.0023897698	0.9847191	-4.3443655e-17	0	300
1.801499999999907e-10	0.17399246	0.0021132696	0.98471445	-4.3443787e-17	0	300
1.8024999999999067e-10	0.17402746	0.001838095	0.98470914	-4.3443906e-17	0	300
1.8034999999999065e-10	0.17406608	0.0015642906	0.9847031	-4.3444035e-17	0	300
1.8044999999999062e-10	0.17410822	0.0012919004	0.98469645	-4.3444158e-17	0	300
1.805499999999906e-10	0.1741539	0.0010209669	0.984689	-4.344427e-17	0	300
1.8064999999999058e-10	0.17420305	0.0007515331	0.98468083	-4.3444406e-17	0	300
1.8074999999999056e-10	0.17425567	0.00048364085	0.98467195	-4.3444538e-17	0	300
1.8084999999999054e-10	0.1743117	0.00021733157	0.9846624	-4.3444657e-17	0	300
1.8094999999999052e-10	0.17437111	-4.735397e-05	0.9846522	-4.344478e-17	0	300
1.810499999999905e-10	0.17443392	-0.00031037515	0.9846412	-4.3444906e-17	0	300
1.8114999999999048e-10	0.17450003	-0.0005716925	0.9846297	-4.344502e-17	0	300
1.8124999999999046e-10	0.17456943	-0.0008312665	0.9846175	-4.3445144e-17	0	300
1.8134999999999044e-10	0.1746421	-0.001089059	0.9846046	-4.344526e-17	0	300
1.8144999999999041e-10	0.17471799	-0.0013450321	0.984591	-4.3445382e-17	0	300
1.815499999999904e-10	0.17479709	-0.0015991479	0.9845768	-4.3445494e-17	0	300
1.8164999999999037e-10	0.1748793	-0.00185137	0.98456204	-4.344561e-17	0	300
1.8174999999999035e-10	0.17496465	-0.002101662	0.98454654	-4.344573e-17	0	300
1.8184999999999033e-10	0.17505312	-0.0023499883	0.9845304	-4.3445835e-17	0	300
1.819499999999903e-10	0.1751446	-0.002596314	0.98451376	-4.3445958e-17	0	300
1.820499999999903e-10	0.1752391	-0.0028406046	0.98449636	-4.344607e-17	0	300
1.8214999999999027e-10	0.17533657	-0.0030828265	0.9844785	-4.344619e-17	0	300
1.8224999999999025e-10	0.17543697	-0.0033229461	0.98446	-4.34463e-17	0	300
1.8234999999999022e-10	0.1755403	-0.0035609314	0.98444086	-4.3446404e-17	0	300
1.824499999999902e-10	0.17564645	-0.00379675	0.98442125	-4.3446523e-17	0	300
1.8254999999999018e-10	0.17575546	-0.004030371	0.984401	-4.344664e-17	0	300
1.8264999999999016e-10	0.17586724	-0.0042617633	0.98438025	-4.344675e-17	0	300
1.8274999999999014e-10	0.17598176	-0.004490897	0.9843589	-4.3446844e-17	0	300
1.8284999999999012e-10	0.176099	-0.004717743	0.9843369	-4.344696e-17	0	300
1.829499999999901e-10	0.1762189	-0.004942272	0.9843145	-4.344708e-17	0	300
1.8304999999999008e-10	0.17634141	-0.0051644556	0.9842915	-4.3447172e-17	0	300
1.8314999999999006e-10	0.17646652	-0.0053842673	0.98426795	-4.3447278e-17	0	300
1.8324999999999004e-10	0.17659418	-0.005601679	0.984244	-4.344739e-17	0	300
1.8334999999999001e-10	0.17672436	-0.0058166645	0.98421955	-4.3447493e-17	0	300
1.8344999999999e-10	0.17685701	-0.006029199	0.9841944	-4.3447612e-17	0	300
1.8354999999998997e-10	0.17699206	-0.006239257	0.9841689	-4.3447705e-17	0	300
1.8364999999998995e-10	0.17712952	-0.0064468132	0.9841429	-4.344781e-17	0	300
1.8374999999998993e-10	0.1772693	-0.0066518458	0.9841164	-4.344792e-17	0	300
1.838499999999899e-10	0.1774114	-0.0068543297	0.98408943	-4.3448012e-17	0	300
1.839499999999899e-10	0.17755574	-0.007054244	0.9840621	-4.344813e-17	0	300
1.8404999999998987e-10	0.17770231	-0.0072515663	0.9840343	-4.3448227e-17	0	300
1.8414999999998985e-10	0.17785105	-0.0074462756	0.98400587	-4.3448327e-17	0	300
1.8424999999998983e-10	0.17800194	-0.00763835	0.98397726	-4.3448423e-17	0	300
1.843499999999898e-10	0.17815492	-0.007827771	0.983948	-4.344853e-17	0	300
1.8444999999998978e-10	0.17830995	-0.008014519	0.9839185	-4.3448615e-17	0	300
1.8454999999998976e-10	0.17846698	-0.008198575	0.98388845	-4.3448717e-17	0	300
1.8464999999998974e-10	0.17862599	-0.008379923	0.9838581	-4.3448813e-17	0	300
1.8474999999998972e-10	0.1787869	-0.0085585425	0.98382735	-4.3448912e-17	0	300
1.848499999999897e-10	0.17894971	-0.008734418	0.9837962	-4.344901e-17	0	300
1.8494999999998968e-10	0.17911434	-0.008907534	0.98376465	-4.3449098e-17	0	300
1.8504999999998966e-10	0.17928079	-0.009077874	0.9837327	-4.34492e-17	0	300
1.8514999999998964e-10	0.17944895	-0.009245424	0.9837006	-4.34493e-17	0	300
1.8524999999998962e-10	0.17961887	-0.00941017	0.98366785	-4.3449386e-17	0	300
1.853499999999896e-10	0.1797904	-0.009572096	0.983635	-4.3449475e-17	0	300
1.8544999999998957e-10	0.17996359	-0.009731194	0.9836017	-4.3449577e-17	0	300
1.8554999999998955e-10	0.18013836	-0.009887447	0.983568	-4.3449677e-17	0	300
1.8564999999998953e-10	0.18031465	-0.010040845	0.98353416	-4.3449766e-17	0	300
1.857499999999895e-10	0.18049243	-0.010191377	0.9834999	-4.3449855e-17	0	300
1.858499999999895e-10	0.18067168	-0.010339032	0.98346543	-4.344996e-17	0	300
1.8594999999998947e-10	0.18085231	-0.0104838	0.9834306	-4.3450027e-17	0	300
1.8604999999998945e-10	0.1810343	-0.010625673	0.9833955	-4.345014e-17	0	300
1.8614999999998943e-10	0.18121764	-0.010764642	0.9833601	-4.3450216e-17	0	300
1.862499999999894e-10	0.18140224	-0.010900699	0.9833245	-4.3450295e-17	0	300
1.8634999999998938e-10	0.18158807	-0.011033836	0.98328876	-4.3450395e-17	0	300
1.8644999999998936e-10	0.1817751	-0.011164046	0.9832525	-4.345048e-17	0	300
1.8654999999998934e-10	0.18196328	-0.011291323	0.9832162	-4.345056e-17	0	300
1.8664999999998932e-10	0.18215254	-0.011415662	0.98317957	-4.345066e-17	0	300
1.867499999999893e-10	0.18234286	-0.011537059	0.9831428	-4.3450735e-17	0	300
1.8684999999998928e-10	0.18253422	-0.011655508	0.98310584	-4.3450828e-17	0	300
1.8694999999998926e-10	0.18272653	-0.011771005	0.9830686	-4.3450914e-17	0	300
1.8704999999998924e-10	0.18291979	-0.011883546	0.9830313	-4.3450994e-17	0	300
1.8714999999998922e-10	0.18311395	-0.0119931325	0.9829935	-4.3451086e-17	0	300
1.872499999999892e-10	0.18330894	-0.012099759	0.9829558	-4.3451166e-17	0	300
1.8734999999998917e-10	0.18350473	-0.012203423	0.98291785	-4.3451255e-17	0	300
1.8744999999998915e-10	0.1837013	-0.012304127	0.9828797	-4.345133e-17	0	300
1.8754999999998913e-10	0.18389857	-0.0124018695	0.9828415	-4.3451417e-17	0	300
1.876499999999891e-10	0.18409654	-0.012496648	0.98280305	-4.34515e-17	0	300
1.877499999999891e-10	0.18429515	-0.012588467	0.9827645	-4.3451576e-17	0	300
1.8784999999998907e-10	0.18449432	-0.012677327	0.9827258	-4.3451662e-17	0	300
1.8794999999998905e-10	0.18469408	-0.012763228	0.98268706	-4.345174e-17	0	300
1.8804999999998903e-10	0.18489435	-0.012846176	0.9826482	-4.345182e-17	0	300
1.88149999999989e-10	0.18509507	-0.012926171	0.9826092	-4.34519e-17	0	300
1.8824999999998898e-10	0.18529622	-0.013003216	0.9825701	-4.3451983e-17	0	300
1.8834999999998896e-10	0.18549779	-0.013077317	0.982531	-4.345205e-17	0	300
1.8844999999998894e-10	0.18569967	-0.013148479	0.98249173	-4.345214e-17	0	300
1.8854999999998892e-10	0.18590188	-0.013216708	0.98245233	-4.345221e-17	0	300
1.886499999999889e-10	0.18610434	-0.013282005	0.98241293	-4.3452294e-17	0	300
1.8874999999998888e-10	0.18630703	-0.013344381	0.9823735	-4.3452367e-17	0	300
1.8884999999998886e-10	0.18650994	-0.013403839	0.982334	-4.3452453e-17	0	300
1.8894999999998884e-10	0.18671297	-0.01346039	0.98229456	-4.345252e-17	0	300
1.8904999999998882e-10	0.18691613	-0.01351404	0.9822549	-4.3452595e-17	0	300
1.891499999999888e-10	0.18711932	-0.013564797	0.9822154	-4.3452678e-17	0	300
1.8924999999998877e-10	0.18732256	-0.013612671	0.98217577	-4.3452747e-17	0	300
1.8934999999998875e-10	0.1875258	-0.013657669	0.9821362	-4.3452813e-17	0	300
1.8944999999998873e-10	0.187729	-0.013699802	0.98209655	-4.34529e-17	0	300
1.895499999999887e-10	0.18793207	-0.01373908	0.9820569	-4.3452962e-17	0	300
1.896499999999887e-10	0.18813507	-0.013775515	0.9820174	-4.3453042e-17	0	300
1.8974999999998867e-10	0.1883379	-0.013809117	0.9819778	-4.345311e-17	0	300
1.8984999999998865e-10	0.18854053	-0.013839895	0.9819384	-4.3453184e-17	0	300
1.8994999999998863e-10	0.1887429	-0.013867867	0.9818989	-4.3453247e-17	0	300
1.900499999999886e-10	0.18894503	-0.01389304	0.98185945	-4.3453326e-17	0	300
1.9014999999998858e-10	0.18914683	-0.01391543	0.98182005	-4.34534e-17	0	300
1.9024999999998856e-10	0.1893483	-0.01393505	0.98178065	-4.3453465e-17	0	300
1.9034999999998854e-10	0.18954939	-0.0139519125	0.9817414	-4.345354e-17	0	300
1.9044999999998852e-10	0.18975005	-0.013966033	0.98170227	-4.3453594e-17	0	300
1.905499999999885e-10	0.18995027	-0.013977429	0.9816632	-4.3453667e-17	0	300
1.9064999999998848e-10	0.19015	-0.013986109	0.9816242	-4.3453743e-17	0	300
1.9074999999998846e-10	0.1903492	-0.0139920935	0.9815853	-4.3453813e-17	0	300
1.9084999999998844e-10	0.19054784	-0.013995398	0.9815464	-4.345388e-17	0	300
1.9094999999998842e-10	0.19074593	-0.013996036	0.9815077	-4.3453955e-17	0	300
1.910499999999884e-10	0.19094338	-0.013994028	0.9814692	-4.345401e-17	0	300
1.9114999999998837e-10	0.19114015	-0.01398939	0.98143077	-4.3454074e-17	0	300
1.9124999999998835e-10	0.19133626	-0.013982139	0.98139244	-4.3454147e-17	0	300
1.9134999999998833e-10	0.19153164	-0.013972292	0.9813543	-4.3454213e-17	0	300
1.914499999999883e-10	0.19172625	-0.013959866	0.98131615	-4.345427e-17	0	300
1.915499999999883e-10	0.1919201	-0.013944886	0.9812783	-4.3454332e-17	0	300
1.9164999999998827e-10	0.19211313	-0.013927365	0.9812406	-4.34544e-17	0	300
1.9174999999998825e-10	0.19230528	-0.013907325	0.98120296	-4.3454478e-17	0	300
1.9184999999998823e-10	0.19249658	-0.013884786	0.9811655	-4.345453e-17	0	300
1.919499999999882e-10	0.19268696	-0.013859765	0.98112833	-4.3454603e-17	0	300
1.9204999999998819e-10	0.1928764	-0.013832288	0.98109126	-4.3454653e-17	0	300
1.9214999999998816e-10	0.19306487	-0.01380237	0.9810544	-4.345472e-17	0	300
1.9224999999998814e-10	0.19325233	-0.013770036	0.98101765	-4.3454766e-17	0	300
1.9234999999998812e-10	0.19343878	-0.013735305	0.9809812	-4.345485e-17	0	300
1.924499999999881e-10	0.19362414	-0.013698199	0.98094493	-4.3454904e-17	0	300
1.9254999999998808e-10	0.19380844	-0.013658741	0.9809089	-4.3454977e-17	0	300
1.9264999999998806e-10	0.19399163	-0.013616953	0.980873	-4.345502e-17	0	300
1.9274999999998804e-10	0.19417368	-0.013572859	0.9808373	-4.3455083e-17	0	300
1.9284999999998802e-10	0.19435453	-0.013526478	0.9808019	-4.3455153e-17	0	300
1.92949999999988e-10	0.19453423	-0.013477838	0.9807668	-4.3455196e-17	0	300
1.9304999999998798e-10	0.19471267	-0.01342696	0.9807317	-4.3455252e-17	0	300
1.9314999999998795e-10	0.1948899	-0.013373868	0.98069715	-4.3455318e-17	0	300
1.9324999999998793e-10	0.19506584	-0.013318585	0.9806627	-4.3455378e-17	0	300
1.933499999999879e-10	0.19524048	-0.013261137	0.9806285	-4.345544e-17	0	300
1.934499999999879e-10	0.1954138	-0.013201547	0.9805944	-4.3455503e-17	0	300
1.9354999999998787e-10	0.19558576	-0.013139842	0.9805608	-4.3455553e-17	0	300
1.9364999999998785e-10	0.19575638	-0.013076043	0.9805274	-4.3455596e-17	0	300
1.9374999999998783e-10	0.19592556	-0.013010181	0.9804943	-4.345566e-17	0	300
1.938499999999878e-10	0.19609337	-0.012942276	0.9804614	-4.3455712e-17	0	300
1.9394999999998779e-10	0.19625972	-0.012872355	0.9804288	-4.345578e-17	0	300
1.9404999999998776e-10	0.19642462	-0.012800447	0.9803965	-4.345583e-17	0	300
1.9414999999998774e-10	0.19658801	-0.012726575	0.98036444	-4.3455897e-17	0	300
1.9424999999998772e-10	0.1967499	-0.012650766	0.9803328	-4.3455943e-17	0	300
1.943499999999877e-10	0.19691029	-0.012573048	0.9803014	-4.345599e-17	0	300
1.9444999999998768e-10	0.1970691	-0.012493446	0.98027027	-4.3456046e-17	0	300
1.9454999999998766e-10	0.19722638	-0.012411987	0.9802395	-4.3456106e-17	0	300
1.9464999999998764e-10	0.19738203	-0.012328696	0.980209	-4.3456152e-17	0	300
1.9474999999998762e-10	0.1975361	-0.012243605	0.98017883	-4.3456205e-17	0	300
1.948499999999876e-10	0.19768855	-0.012156739	0.980149	-4.345625e-17	0	300
1.9494999999998758e-10	0.19783933	-0.0120681245	0.98011947	-4.3456314e-17	0	300
1.9504999999998755e-10	0.19798847	-0.01197779	0.98009014	-4.345637e-17	0	300
1.9514999999998753e-10	0.19813593	-0.011885764	0.9800613	-4.3456417e-17	0	300
1.952499999999875e-10	0.19828168	-0.011792074	0.98003274	-4.3456466e-17	0	300
1.953499999999875e-10	0.19842575	-0.0116967475	0.9800045	-4.3456516e-17	0	300
1.9544999999998747e-10	0.19856808	-0.011599814	0.97997665	-4.345657e-17	0	300
1.9554999999998745e-10	0.19870864	-0.011501299	0.9799491	-4.3456625e-17	0	300
1.9564999999998743e-10	0.19884746	-0.011401236	0.9799219	-4.345667e-17	0	300
1.957499999999874e-10	0.19898449	-0.011299649	0.9798951	-4.3456708e-17	0	300
1.9584999999998739e-10	0.19911976	-0.011196568	0.97986853	-4.3456767e-17	0	300
1.9594999999998737e-10	0.1992532	-0.011092023	0.9798425	-4.3456814e-17	0	300
1.9604999999998734e-10	0.19938484	-0.010986041	0.97981673	-4.345686e-17	0	300
1.9614999999998732e-10	0.19951461	-0.010878653	0.9797914	-4.345691e-17	0	300
1.962499999999873e-10	0.1996426	-0.010769888	0.9797663	-4.3456953e-17	0	300
1.9634999999998728e-10	0.19976868	-0.010659772	0.9797416	-4.3457002e-17	0	300
1.9644999999998726e-10	0.19989291	-0.010548336	0.97971725	-4.3457052e-17	0	300
1.9654999999998724e-10	0.20001523	-0.01043561	0.97969335	-4.345709e-17	0	300
1.9664999999998722e-10	0.20013571	-0.010321624	0.9796698	-4.3457144e-17	0	300
1.967499999999872e-10	0.20025428	-0.010206405	0.9796466	-4.3457197e-17	0	300
1.9684999999998718e-10	0.20037091	-0.010089983	0.9796237	-4.3457234e-17	0	300
1.9694999999998716e-10	0.20048565	-0.009972389	0.9796013	-4.3457277e-17	0	300
1.9704999999998713e-10	0.20059845	-0.009853651	0.97957927	-4.3457326e-17	0	300
1.9714999999998711e-10	0.20070927	-0.009733799	0.9795577	-4.3457363e-17	0	300
1.972499999999871e-10	0.20081818	-0.009612861	0.9795363	-4.3457412e-17	0	300
1.9734999999998707e-10	0.20092511	-0.009490869	0.97951543	-4.3457455e-17	0	300
1.9744999999998705e-10	0.2010301	-0.009367852	0.9794949	-4.3457515e-17	0	300
1.9754999999998703e-10	0.2011331	-0.009243838	0.9794748	-4.3457538e-17	0	300
1.97649999999987e-10	0.20123413	-0.009118856	0.9794551	-4.3457594e-17	0	300
1.9774999999998699e-10	0.20133317	-0.008992938	0.97943574	-4.3457637e-17	0	300
1.9784999999998697e-10	0.2014302	-0.008866113	0.9794168	-4.3457677e-17	0	300
1.9794999999998694e-10	0.20152527	-0.00873841	0.97939825	-4.3457723e-17	0	300
1.9804999999998692e-10	0.2016183	-0.008609857	0.97938	-4.345777e-17	0	300
1.981499999999869e-10	0.20170936	-0.008480486	0.97936225	-4.345781e-17	0	300
1.9824999999998688e-10	0.20179836	-0.008350326	0.979345	-4.3457846e-17	0	300
1.9834999999998686e-10	0.20188537	-0.008219404	0.9793279	-4.345789e-17	0	300
1.9844999999998684e-10	0.20197037	-0.008087752	0.9793114	-4.345792e-17	0	300
1.9854999999998682e-10	0.20205332	-0.0079553975	0.97929525	-4.345797e-17	0	300
1.986499999999868e-10	0.20213425	-0.007822371	0.9792795	-4.345801e-17	0	300
1.9874999999998678e-10	0.20221315	-0.0076887016	0.97926414	-4.345805e-17	0	300
1.9884999999998676e-10	0.20229004	-0.007554417	0.97924924	-4.34581e-17	0	300
1.9894999999998673e-10	0.20236489	-0.007419548	0.97923476	-4.3458124e-17	0	300
1.9904999999998671e-10	0.20243767	-0.0072841216	0.9792205	-4.3458177e-17	0	300
1.991499999999867e-10	0.20250845	-0.007148168	0.9792068	-4.345821e-17	0	300
1.9924999999998667e-10	0.2025772	-0.0070117163	0.9791934	-4.3458246e-17	0	300
1.9934999999998665e-10	0.2026439	-0.0068747946	0.9791805	-4.3458286e-17	0	300
1.9944999999998663e-10	0.20270857	-0.0067374315	0.9791679	-4.3458332e-17	0	300
1.995499999999866e-10	0.20277119	-0.006599656	0.9791558	-4.3458362e-17	0	300
1.996499999999866e-10	0.20283177	-0.0064614955	0.97914416	-4.3458405e-17	0	300
1.9974999999998657e-10	0.20289034	-0.006322979	0.9791328	-4.3458438e-17	0	300
1.9984999999998655e-10	0.20294687	-0.006184135	0.9791219	-4.3458475e-17	0	300
1.9994999999998652e-10	0.20300137	-0.006044991	0.9791114	-4.345851e-17	0	300
2.000499999999865e-10	0.20305383	-0.005905575	0.9791012	-4.3458537e-17	0	300
2.0014999999998648e-10	0.20310429	-0.0057659154	0.9790915	-4.3458584e-17	0	300
2.0024999999998646e-10	0.20315275	-0.0056260396	0.9790823	-4.345863e-17	0	300
2.0034999999998644e-10	0.20319915	-0.0054859747	0.97907335	-4.3458657e-17	0	300
2.0044999999998642e-10	0.20324355	-0.0053457483	0.97906476	-4.34587e-17	0	300
2.005499999999864e-10	0.20328595	-0.005205388	0.9790568	-4.3458733e-17	0	300
2.0064999999998638e-10	0.20332634	-0.005064922	0.979049	-4.3458762e-17	0	300
2.0074999999998636e-10	0.2033647	-0.0049243746	0.9790416	-4.3458796e-17	0	300
2.0084999999998634e-10	0.20340107	-0.004783775	0.9790348	-4.3458835e-17	0	300
2.0094999999998631e-10	0.2034355	-0.004643149	0.97902817	-4.3458862e-17	0	300
2.010499999999863e-10	0.20346792	-0.0045025237	0.9790221	-4.34589e-17	0	300
2.0114999999998627e-10	0.20349835	-0.004361924	0.97901636	-4.345894e-17	0	300
2.0124999999998625e-10	0.20352682	-0.004221378	0.97901094	-4.3458964e-17	0	300
2.0134999999998623e-10	0.20355333	-0.0040809102	0.97900605	-4.3459004e-17	0	300
2.014499999999862e-10	0.20357786	-0.003940547	0.97900146	-4.3459054e-17	0	300
2.015499999999862e-10	0.20360047	-0.0038003144	0.97899723	-4.3459073e-17	0	300
2.0164999999998617e-10	0.20362115	-0.0036602372	0.9789934	-4.345911e-17	0	300
2.0174999999998615e-10	0.20363988	-0.0035203416	0.9789901	-4.3459143e-17	0	300
2.0184999999998612e-10	0.2036567	-0.0033806516	0.9789871	-4.345917e-17	0	300
2.019499999999861e-10	0.20367156	-0.0032411928	0.97898436	-4.345921e-17	0	300
2.0204999999998608e-10	0.20368458	-0.0031019899	0.9789822	-4.3459246e-17	0	300
2.0214999999998606e-10	0.20369565	-0.0029630668	0.97898024	-4.3459285e-17	0	300
2.0224999999998604e-10	0.20370486	-0.0028244487	0.9789787	-4.3459305e-17	0	300
2.0234999999998602e-10	0.20371218	-0.0026861585	0.97897756	-4.3459335e-17	0	300
2.02449999999986e-10	0.20371763	-0.0025482222	0.9789768	-4.3459368e-17	0	300
2.0254999999998598e-10	0.20372126	-0.002410661	0.9789763	-4.34594e-17	0	300
2.0264999999998596e-10	0.20372301	-0.0022734993	0.9789763	-4.345943e-17	0	300
2.0274999999998594e-10	0.20372295	-0.0021367604	0.97897667	-4.3459464e-17	0	300
2.0284999999998591e-10	0.20372105	-0.0020004676	0.9789774	-4.3459497e-17	0	300
2.029499999999859e-10	0.20371732	-0.0018646435	0.97897834	-4.3459533e-17	0	300
2.0304999999998587e-10	0.20371181	-0.0017293106	0.9789798	-4.3459557e-17	0	300
2.0314999999998585e-10	0.2037045	-0.001594491	0.9789816	-4.3459586e-17	0	300
2.0324999999998583e-10	0.20369546	-0.0014602072	0.97898364	-4.3459613e-17	0	300
2.033499999999858e-10	0.20368463	-0.0013264804	0.97898614	-4.3459646e-17	0	300
2.034499999999858e-10	0.20367204	-0.0011933328	0.978989	-4.3459666e-17	0	300
2.0354999999998577e-10	0.20365775	-0.0010607856	0.9789921	-4.3459705e-17	0	300
2.0364999999998575e-10	0.20364168	-0.0009288598	0.97899556	-4.3459725e-17	0	300
2.0374999999998573e-10	0.20362395	-0.00079757697	0.9789995	-4.3459755e-17	0	300
2.038499999999857e-10	0.2036045	-0.0006669566	0.9790036	-4.3459785e-17	0	300
2.0394999999998568e-10	0.20358339	-0.00053701946	0.9790082	-4.345981e-17	0	300
2.0404999999998566e-10	0.2035606	-0.00040778617	0.9790131	-4.3459854e-17	0	300
2.0414999999998564e-10	0.20353614	-0.00027927608	0.9790181	-4.3459877e-17	0	300
2.0424999999998562e-10	0.20351008	-0.00015150901	0.97902364	-4.345991e-17	0	300
2.043499999999856e-10	0.20348237	-2.4504101e-05	0.9790295	-4.3459927e-17	0	300
2.0444999999998558e-10	0.20345306	0.000101719124	0.97903556	-4.3459967e-17	0	300
2.0454999999998556e-10	0.20342219	0.00022714213	0.97904193	-4.3459987e-17	0	300
2.0464999999998554e-10	0.20338973	0.00035174645	0.9790488	-4.3460016e-17	0	300
2.0474999999998552e-10	0.20335567	0.00047551366	0.97905594	-4.3460036e-17	0	300
2.048499999999855e-10	0.20332012	0.0005984256	0.9790633	-4.3460063e-17	0	300
2.0494999999998547e-10	0.20328301	0.0007204648	0.979071	-4.3460102e-17	0	300
2.0504999999998545e-10	0.20324439	0.0008416136	0.97907895	-4.3460126e-17	0	300
2.0514999999998543e-10	0.2032043	0.0009618548	0.97908723	-4.3460152e-17	0	300
2.052499999999854e-10	0.2031627	0.0010811716	0.97909594	-4.346018e-17	0	300
2.053499999999854e-10	0.20311968	0.0011995473	0.9791047	-4.3460202e-17	0	300
2.0544999999998537e-10	0.2030752	0.0013169652	0.97911394	-4.3460235e-17	0	300
2.0554999999998535e-10	0.20302927	0.00143341	0.97912323	-4.346026e-17	0	300
2.0564999999998533e-10	0.20298196	0.001548865	0.97913307	-4.346029e-17	0	300
2.057499999999853e-10	0.20293324	0.001663315	0.979143	-4.3460308e-17	0	300
2.0584999999998528e-10	0.20288314	0.0017767448	0.97915334	-4.346034e-17	0	300
2.0594999999998526e-10	0.20283172	0.0018891396	0.9791639	-4.3460367e-17	0	300
2.0604999999998524e-10	0.20277894	0.0020004844	0.9791746	-4.3460384e-17	0	300
2.0614999999998522e-10	0.20272483	0.0021107648	0.9791857	-4.3460404e-17	0	300
2.062499999999852e-10	0.20266943	0.002219967	0.97919697	-4.3460427e-17	0	300
2.0634999999998518e-10	0.20261273	0.0023280769	0.97920865	-4.3460466e-17	0	300
2.0644999999998516e-10	0.20255476	0.002435081	0.9792205	-4.3460483e-17	0	300
2.0654999999998514e-10	0.20249557	0.002540966	0.97923255	-4.3460506e-17	0	300
2.0664999999998512e-10	0.20243517	0.0026457193	0.9792449	-4.3460556e-17	0	300
2.067499999999851e-10	0.20237352	0.002749328	0.9792574	-4.3460552e-17	0	300
2.0684999999998507e-10	0.20231071	0.0028517793	0.9792702	-4.3460586e-17	0	300
2.0694999999998505e-10	0.20224673	0.002953062	0.97928333	-4.3460615e-17	0	300
2.0704999999998503e-10	0.2021816	0.0030531632	0.9792966	-4.346063e-17	0	300
2.07149999999985e-10	0.20211531	0.0031520727	0.9793101	-4.3460645e-17	0	300
2.07249999999985e-10	0.20204794	0.0032497786	0.97932374	-4.3460688e-17	0	300
2.0734999999998497e-10	0.20197946	0.00334627	0.9793377	-4.34607e-17	0	300
2.0744999999998495e-10	0.2019099	0.0034415359	0.9793518	-4.3460728e-17	0	300
2.0754999999998493e-10	0.2018393	0.0035355669	0.9793662	-4.3460744e-17	0	300
2.076499999999849e-10	0.20176767	0.0036283524	0.9793807	-4.346078e-17	0	300
2.0774999999998488e-10	0.201695	0.0037198826	0.9793956	-4.3460794e-17	0	300
2.0784999999998486e-10	0.20162135	0.0038101482	0.9794104	-4.3460817e-17	0	300
2.0794999999998484e-10	0.20154676	0.0038991398	0.9794256	-4.3460844e-17	0	300
2.0804999999998482e-10	0.20147118	0.0039868494	0.979441	-4.3460863e-17	0	300
2.081499999999848e-10	0.20139466	0.004073267	0.9794565	-4.3460883e-17	0	300
2.0824999999998478e-10	0.20131725	0.0041583856	0.9794721	-4.3460897e-17	0	300
2.0834999999998476e-10	0.20123895	0.0042421967	0.9794881	-4.3460926e-17	0	300
2.0844999999998474e-10	0.20115975	0.0043246928	0.9795041	-4.3460943e-17	0	300
2.0854999999998472e-10	0.20107971	0.004405867	0.9795203	-4.3460976e-17	0	300
2.086499999999847e-10	0.20099886	0.0044857105	0.9795368	-4.3460993e-17	0	300
2.0874999999998467e-10	0.20091717	0.004564218	0.9795533	-4.3461022e-17	0	300
2.0884999999998465e-10	0.20083466	0.0046413834	0.97957	-4.3461036e-17	0	300
2.0894999999998463e-10	0.20075142	0.0047171987	0.9795869	-4.346107e-17	0	300
2.090499999999846e-10	0.20066741	0.0047916593	0.9796039	-4.346108e-17	0	300
2.091499999999846e-10	0.20058268	0.0048647597	0.97962093	-4.3461105e-17	0	300
2.0924999999998457e-10	0.20049727	0.0049364935	0.97963834	-4.346112e-17	0	300
2.0934999999998455e-10	0.20041111	0.0050068568	0.97965586	-4.3461145e-17	0	300
2.0944999999998453e-10	0.20032431	0.005075844	0.9796734	-4.3461168e-17	0	300
2.095499999999845e-10	0.20023686	0.00514345	0.979691	-4.346119e-17	0	300
2.0964999999998449e-10	0.20014879	0.0052096723	0.9797089	-4.3461208e-17	0	300
2.0974999999998446e-10	0.2000601	0.005274506	0.9797268	-4.3461214e-17	0	300
2.0984999999998444e-10	0.1999708	0.005337947	0.97974485	-4.3461237e-17	0	300
2.0994999999998442e-10	0.19988097	0.005399994	0.97976303	-4.3461274e-17	0	300
2.100499999999844e-10	0.19979058	0.0054606413	0.9797814	-4.3461297e-17	0	300
2.1014999999998438e-10	0.19969966	0.0055198874	0.9797998	-4.3461307e-17	0	300
2.1024999999998436e-10	0.19960822	0.005577731	0.9798182	-4.3461327e-17	0	300
2.1034999999998434e-10	0.19951633	0.0056341668	0.9798368	-4.3461356e-17	0	300
2.1044999999998432e-10	0.19942394	0.005689196	0.9798554	-4.3461363e-17	0	300
2.105499999999843e-10	0.1993311	0.0057428144	0.97987413	-4.3461386e-17	0	300
2.1064999999998427e-10	0.19923784	0.0057950215	0.979893	-4.3461406e-17	0	300
2.1074999999998425e-10	0.1991442	0.0058458177	0.979912	-4.3461423e-17	0	300
2.1084999999998423e-10	0.19905014	0.0058952	0.979931	-4.3461446e-17	0	300
2.109499999999842e-10	0.19895574	0.0059431694	0.9799501	-4.3461462e-17	0	300
2.110499999999842e-10	0.19886097	0.0059897243	0.97996914	-4.346148e-17	0	300
2.1114999999998417e-10	0.1987659	0.006034865	0.97998834	-4.3461495e-17	0	300
2.1124999999998415e-10	0.1986705	0.0060785925	0.9800076	-4.3461515e-17	0	300
2.1134999999998413e-10	0.19857486	0.0061209053	0.980027	-4.3461542e-17	0	300
2.114499999999841e-10	0.1984789	0.0061618066	0.9800464	-4.3461565e-17	0	300
2.1154999999998409e-10	0.19838272	0.0062012966	0.98006576	-4.3461585e-17	0	300
2.1164999999998406e-10	0.1982863	0.006239376	0.9800853	-4.3461595e-17	0	300
2.1174999999998404e-10	0.1981897	0.006276046	0.9801048	-4.346161e-17	0	300
2.1184999999998402e-10	0.19809288	0.006311309	0.98012435	-4.3461634e-17	0	300
2.11949999999984e-10	0.1979959	0.0063451678	0.9801439	-4.346165e-17	0	300
2.1204999999998398e-10	0.19789878	0.006377623	0.9801635	-4.346166e-17	0	300
2.1214999999998396e-10	0.19780153	0.0064086784	0.9801832	-4.3461694e-17	0	300
2.1224999999998394e-10	0.19770415	0.0064383363	0.9802028	-4.3461707e-17	0	300
2.1234999999998392e-10	0.19760668	0.0064666	0.98022246	-4.3461724e-17	0	300
2.124499999999839e-10	0.19750917	0.006493472	0.98024213	-4.346174e-17	0	300
2.1254999999998388e-10	0.19741157	0.006518956	0.98026186	-4.3461757e-17	0	300
2.1264999999998385e-10	0.19731396	0.0065430575	0.98028153	-4.346177e-17	0	300
2.1274999999998383e-10	0.1972163	0.0065657776	0.98030126	-4.346179e-17	0	300
2.128499999999838e-10	0.19711865	0.0065871226	0.98032093	-4.3461826e-17	0	300
2.129499999999838e-10	0.19702105	0.0066070966	0.9803407	-4.3461826e-17	0	300
2.1304999999998377e-10	0.19692346	0.006625703	0.9803604	-4.3461843e-17	0	300
2.1314999999998375e-10	0.19682592	0.006642949	0.98038	-4.3461846e-17	0	300
2.1324999999998373e-10	0.1967285	0.0066588377	0.98039967	-4.3461883e-17	0	300
2.133499999999837e-10	0.19663115	0.006673375	0.9804193	-4.346189e-17	0	300
2.1344999999998369e-10	0.19653387	0.0066865664	0.98043895	-4.3461916e-17	0	300
2.1354999999998367e-10	0.19643676	0.0066984193	0.9804585	-4.3461926e-17	0	300
2.1364999999998364e-10	0.19633979	0.006708937	0.98047805	-4.346195e-17	0	300
2.1374999999998362e-10	0.19624297	0.006718128	0.9804976	-4.3461965e-17	0	300
2.138499999999836e-10	0.19614632	0.0067259967	0.9805171	-4.3461972e-17	0	300
2.1394999999998358e-10	0.1960499	0.0067325523	0.98053664	-4.3461985e-17	0	300
2.1404999999998356e-10	0.19595367	0.0067377994	0.98055595	-4.3462002e-17	0	300
2.1414999999998354e-10	0.19585767	0.0067417463	0.9805754	-4.3462018e-17	0	300
2.1424999999998352e-10	0.19576192	0.0067443987	0.98059464	-4.3462045e-17	0	300
2.143499999999835e-10	0.19566643	0.0067457664	0.98061395	-4.346206e-17	0	300
2.1444999999998348e-10	0.19557121	0.0067458553	0.98063314	-4.3462065e-17	0	300
2.1454999999998345e-10	0.1954763	0.0067446744	0.98065233	-4.346207e-17	0	300
2.1464999999998343e-10	0.19538172	0.00674223	0.9806713	-4.3462104e-17	0	300
2.147499999999834e-10	0.19528744	0.006738533	0.9806903	-4.3462117e-17	0	300
2.148499999999834e-10	0.19519351	0.0067335903	0.98070925	-4.3462127e-17	0	300
2.1494999999998337e-10	0.19509995	0.0067274086	0.9807281	-4.3462144e-17	0	300
2.1504999999998335e-10	0.19500676	0.0067200004	0.980747	-4.346216e-17	0	300
2.1514999999998333e-10	0.19491395	0.0067113712	0.9807656	-4.346217e-17	0	300
2.152499999999833e-10	0.19482154	0.006701533	0.9807843	-4.346218e-17	0	300
2.1534999999998329e-10	0.19472957	0.0066904947	0.9808029	-4.3462194e-17	0	300
2.1544999999998327e-10	0.19463803	0.0066782637	0.98082125	-4.3462223e-17	0	300
2.1554999999998324e-10	0.19454694	0.0066648507	0.98083967	-4.346223e-17	0	300
2.1564999999998322e-10	0.1944563	0.0066502662	0.98085797	-4.3462243e-17	0	300
2.157499999999832e-10	0.19436614	0.0066345194	0.9808761	-4.3462263e-17	0	300
2.1584999999998318e-10	0.19427648	0.006617621	0.9808942	-4.3462276e-17	0	300
2.1594999999998316e-10	0.19418731	0.0065995813	0.9809122	-4.34623e-17	0	300
2.1604999999998314e-10	0.1940987	0.0065804105	0.9809301	-4.3462303e-17	0	300
2.1614999999998312e-10	0.19401059	0.0065601184	0.98094785	-4.3462326e-17	0	300
2.162499999999831e-10	0.19392303	0.0065387166	0.98096555	-4.3462326e-17	0	300
2.1634999999998308e-10	0.19383603	0.0065162163	0.980983	-4.3462352e-17	0	300
2.1644999999998306e-10	0.1937496	0.006492628	0.98100054	-4.3462366e-17	0	300
2.1654999999998303e-10	0.19366375	0.0064679617	0.98101777	-4.3462385e-17	0	300
2.1664999999998301e-10	0.1935785	0.006442231	0.98103493	-4.3462392e-17	0	300
2.16749999999983e-10	0.19349387	0.006415446	0.981052	-4.3462402e-17	0	300
2.1684999999998297e-10	0.19340986	0.0063876184	0.98106897	-4.3462422e-17	0	300
2.1694999999998295e-10	0.19332649	0.00635876	0.9810858	-4.346244e-17	0	300
2.1704999999998293e-10	0.19324377	0.006328882	0.9811025	-4.3462442e-17	0	300
2.171499999999829e-10	0.19316168	0.006297997	0.98111916	-4.346245e-17	0	300
2.172499999999829e-10	0.19308028	0.006266117	0.9811355	-4.346247e-17	0	300
2.1734999999998287e-10	0.19299954	0.006233254	0.9811518	-4.346248e-17	0	300
2.1744999999998285e-10	0.1929195	0.00619942	0.981168	-4.346249e-17	0	300
2.1754999999998282e-10	0.19284019	0.006164629	0.98118395	-4.346251e-17	0	300
2.176499999999828e-10	0.19276157	0.0061288904	0.9811998	-4.3462528e-17	0	300
2.1774999999998278e-10	0.19268368	0.0060922196	0.98121554	-4.3462538e-17	0	300
2.1784999999998276e-10	0.19260652	0.0060546277	0.9812311	-4.3462554e-17	0	300
2.1794999999998274e-10	0.19253008	0.006016128	0.9812466	-4.3462558e-17	0	300
2.1804999999998272e-10	0.19245443	0.0059767338	0.9812618	-4.3462567e-17	0	300
2.181499999999827e-10	0.19237952	0.0059364564	0.9812769	-4.3462584e-17	0	300
2.1824999999998268e-10	0.19230539	0.0058953115	0.9812919	-4.346259e-17	0	300
2.1834999999998266e-10	0.19223203	0.0058533098	0.98130673	-4.3462614e-17	0	300
2.1844999999998263e-10	0.19215947	0.0058104657	0.98132133	-4.3462617e-17	0	300
2.1854999999998261e-10	0.19208774	0.0057667918	0.9813359	-4.3462624e-17	0	300
2.186499999999826e-10	0.19201677	0.0057223025	0.9813501	-4.346264e-17	0	300
2.1874999999998257e-10	0.19194663	0.00567701	0.9813643	-4.346265e-17	0	300
2.1884999999998255e-10	0.19187734	0.005630929	0.98137826	-4.3462667e-17	0	300
2.1894999999998253e-10	0.19180885	0.005584073	0.98139215	-4.3462687e-17	0	300
2.190499999999825e-10	0.1917412	0.0055364543	0.98140574	-4.3462693e-17	0	300
2.191499999999825e-10	0.19167441	0.0054880874	0.9814193	-4.346272e-17	0	300
2.1924999999998247e-10	0.19160849	0.0054389867	0.9814326	-4.3462713e-17	0	300
2.1934999999998245e-10	0.1915434	0.0053891647	0.9814458	-4.3462736e-17	0	300
2.1944999999998242e-10	0.1914792	0.0053386367	0.9814587	-4.346275e-17	0	300
2.195499999999824e-10	0.19141588	0.0052874153	0.9814715	-4.3462753e-17	0	300
2.1964999999998238e-10	0.19135343	0.005235515	0.9814842	-4.3462763e-17	0	300
2.1974999999998236e-10	0.19129188	0.0051829503	0.9814966	-4.3462773e-17	0	300
2.1984999999998234e-10	0.1912312	0.0051297345	0.98150885	-4.346279e-17	0	300
2.1994999999998232e-10	0.19117148	0.005075882	0.9815209	-4.3462802e-17	0	300
2.200499999999823e-10	0.1911126	0.005021407	0.9815329	-4.34628e-17	0	300
2.2014999999998228e-10	0.19105469	0.004966323	0.9815445	-4.3462826e-17	0	300
2.2024999999998226e-10	0.19099765	0.004910645	0.98155606	-4.3462832e-17	0	300
2.2034999999998224e-10	0.19094156	0.004854387	0.98156744	-4.3462835e-17	0	300
2.2044999999998221e-10	0.19088636	0.004797562	0.98157865	-4.346284e-17	0	300
2.205499999999822e-10	0.19083212	0.0047401865	0.9815896	-4.3462862e-17	0	300
2.2064999999998217e-10	0.19077885	0.0046822727	0.98160034	-4.3462872e-17	0	300
2.2074999999998215e-10	0.19072647	0.004623837	0.981611	-4.3462885e-17	0	300
2.2084999999998213e-10	0.19067505	0.0045648906	0.9816214	-4.34629e-17	0	300
2.209499999999821e-10	0.19062456	0.0045054504	0.9816316	-4.3462905e-17	0	300
2.210499999999821e-10	0.19057505	0.0044455295	0.9816417	-4.346292e-17	0	300
2.2114999999998207e-10	0.1905265	0.004385143	0.98165154	-4.3462918e-17	0	300
2.2124999999998205e-10	0.19047889	0.0043243044	0.9816612	-4.3462928e-17	0	300
2.2134999999998203e-10	0.19043225	0.004263029	0.98167056	-4.3462945e-17	0	300
2.21449999999982e-10	0.1903866	0.0042013293	0.9816799	-4.3462958e-17	0	300
2.2154999999998198e-10	0.19034189	0.0041392213	0.9816889	-4.3462955e-17	0	300
2.2164999999998196e-10	0.19029814	0.0040767184	0.9816979	-4.3462968e-17	0	300
2.2174999999998194e-10	0.19025537	0.0040138355	0.9817066	-4.3462984e-17	0	300
2.2184999999998192e-10	0.19021359	0.003950586	0.981715	-4.3462998e-17	0	300
2.219499999999819e-10	0.19017276	0.0038869847	0.9817233	-4.3463e-17	0	300
2.2204999999998188e-10	0.19013293	0.0038230456	0.9817315	-4.346301e-17	0	300
2.2214999999998186e-10	0.19009405	0.003758783	0.9817393	-4.3463008e-17	0	300
2.2224999999998184e-10	0.19005617	0.0036942104	0.98174703	-4.3463027e-17	0	300
2.2234999999998181e-10	0.19001928	0.0036293431	0.98175454	-4.3463044e-17	0	300
2.224499999999818e-10	0.18998338	0.0035641943	0.9817618	-4.346305e-17	0	300
2.2254999999998177e-10	0.18994844	0.0034987784	0.98176897	-4.3463047e-17	0	300
2.2264999999998175e-10	0.18991451	0.0034331097	0.98177594	-4.3463064e-17	0	300
2.2274999999998173e-10	0.18988156	0.0033672017	0.98178256	-4.3463074e-17	0	300
2.228499999999817e-10	0.18984959	0.0033010677	0.9817891	-4.3463087e-17	0	300
2.229499999999817e-10	0.18981858	0.003234723	0.9817955	-4.3463084e-17	0	300
2.2304999999998167e-10	0.18978858	0.0031681808	0.9818015	-4.34631e-17	0	300
2.2314999999998165e-10	0.18975955	0.003101454	0.9818075	-4.346311e-17	0	300
2.2324999999998163e-10	0.18973151	0.0030345581	0.98181325	-4.346312e-17	0	300
2.233499999999816e-10	0.18970445	0.0029675062	0.9818188	-4.3463117e-17	0	300
2.2344999999998158e-10	0.18967837	0.0029003113	0.9818241	-4.3463127e-17	0	300
2.2354999999998156e-10	0.18965328	0.002832987	0.9818293	-4.3463143e-17	0	300
2.2364999999998154e-10	0.18962914	0.0027655475	0.98183423	-4.3463156e-17	0	300
2.2374999999998152e-10	0.189606	0.0026980059	0.98183894	-4.3463163e-17	0	300
2.238499999999815e-10	0.18958384	0.0026303756	0.9818435	-4.3463173e-17	0	300
2.2394999999998148e-10	0.18956265	0.00256267	0.98184794	-4.3463176e-17	0	300
2.2404999999998146e-10	0.18954241	0.0024949024	0.98185205	-4.3463183e-17	0	300
2.2414999999998144e-10	0.18952315	0.0024270858	0.981856	-4.3463183e-17	0	300
2.2424999999998142e-10	0.18950488	0.0023592336	0.98185986	-4.346321e-17	0	300
2.243499999999814e-10	0.18948753	0.0022913585	0.98186344	-4.3463223e-17	0	300
2.2444999999998137e-10	0.18947119	0.0022234737	0.98186684	-4.3463216e-17	0	300
2.2454999999998135e-10	0.18945578	0.0021555922	0.98187006	-4.3463226e-17	0	300
2.2464999999998133e-10	0.18944132	0.0020877265	0.981873	-4.346324e-17	0	300
2.247499999999813e-10	0.18942782	0.0020198894	0.9818759	-4.3463242e-17	0	300
2.248499999999813e-10	0.18941529	0.0019520937	0.9818785	-4.3463242e-17	0	300
2.2494999999998127e-10	0.18940368	0.0018843518	0.98188096	-4.3463262e-17	0	300
2.2504999999998125e-10	0.18939301	0.0018166762	0.9818833	-4.3463272e-17	0	300
2.2514999999998123e-10	0.1893833	0.0017490797	0.9818853	-4.346327e-17	0	300
2.252499999999812e-10	0.1893745	0.0016815738	0.9818871	-4.3463292e-17	0	300
2.2534999999998118e-10	0.18936665	0.0016141714	0.9818888	-4.3463282e-17	0	300
2.2544999999998116e-10	0.1893597	0.0015468841	0.9818904	-4.34633e-17	0	300
2.2554999999998114e-10	0.18935372	0.0014797242	0.9818917	-4.346331e-17	0	300
2.2564999999998112e-10	0.18934861	0.0014127035	0.9818928	-4.3463315e-17	0	300
2.257499999999811e-10	0.18934444	0.0013458334	0.98189384	-4.3463322e-17	0	300
2.2584999999998108e-10	0.18934114	0.0012791264	0.9818946	-4.346333e-17	0	300
2.2594999999998106e-10	0.18933879	0.0012125934	0.98189515	-4.3463345e-17	0	300
2.2604999999998104e-10	0.18933728	0.0011462463	0.9818957	-4.3463342e-17	0	300
2.2614999999998102e-10	0.1893367	0.0010800962	0.9818959	-4.346335e-17	0	300
2.26249999999981e-10	0.18933702	0.0010141548	0.9818959	-4.3463348e-17	0	300
2.2634999999998097e-10	0.18933818	0.0009484327	0.98189586	-4.346336e-17	0	300
2.2644999999998095e-10	0.18934023	0.0008829415	0.98189557	-4.3463358e-17	0	300
2.2654999999998093e-10	0.18934317	0.0008176916	0.9818951	-4.3463378e-17	0	300
2.266499999999809e-10	0.18934695	0.0007526942	0.98189443	-4.3463398e-17	0	300
2.267499999999809e-10	0.18935157	0.0006879599	0.9818936	-4.3463415e-17	0	300
2.2684999999998087e-10	0.18935707	0.0006234994	0.98189265	-4.34634e-17	0	300
2.2694999999998085e-10	0.1893634	0.00055932294	0.9818915	-4.346341e-17	0	300
2.2704999999998083e-10	0.18937057	0.000495441	0.9818902	-4.3463415e-17	0	300
2.271499999999808e-10	0.18937857	0.00043186394	0.98188865	-4.3463428e-17	0	300
2.2724999999998078e-10	0.1893874	0.00036860167	0.9818871	-4.346343e-17	0	300
2.2734999999998076e-10	0.18939705	0.00030566414	0.9818853	-4.3463438e-17	0	300
2.2744999999998074e-10	0.18940751	0.00024306147	0.9818832	-4.3463448e-17	0	300
2.2754999999998072e-10	0.18941876	0.00018080321	0.9818812	-4.3463454e-17	0	300
2.276499999999807e-10	0.18943083	0.00011889903	0.9818789	-4.3463464e-17	0	300
2.2774999999998068e-10	0.18944366	5.7358484e-05	0.9818764	-4.3463458e-17	0	300
2.2784999999998066e-10	0.1894573	-3.8092985e-06	0.98187387	-4.3463464e-17	0	300
2.2794999999998064e-10	0.18947169	-6.459473e-05	0.98187107	-4.3463487e-17	0	300
2.2804999999998062e-10	0.18948686	-0.00012498902	0.98186815	-4.3463487e-17	0	300
2.281499999999806e-10	0.18950279	-0.00018498304	0.9818651	-4.346349e-17	0	300
2.2824999999998057e-10	0.18951946	-0.00024456804	0.9818619	-4.3463504e-17	0	300
2.2834999999998055e-10	0.18953687	-0.00030373526	0.98185843	-4.3463507e-17	0	300
2.2844999999998053e-10	0.18955505	-0.00036247613	0.98185503	-4.346351e-17	0	300
2.285499999999805e-10	0.18957393	-0.0004207822	0.98185134	-4.346351e-17	0	300
2.286499999999805e-10	0.18959352	-0.00047864515	0.9818475	-4.346352e-17	0	300
2.2874999999998047e-10	0.18961386	-0.0005360568	0.9818436	-4.3463524e-17	0	300
2.2884999999998045e-10	0.18963487	-0.0005930093	0.9818395	-4.3463524e-17	0	300
2.2894999999998043e-10	0.18965659	-0.0006494946	0.98183537	-4.346354e-17	0	300
2.290499999999804e-10	0.18967898	-0.000705505	0.98183095	-4.3463544e-17	0	300
2.2914999999998039e-10	0.18970206	-0.0007610329	0.9818264	-4.346355e-17	0	300
2.2924999999998036e-10	0.1897258	-0.0008160707	0.9818218	-4.3463553e-17	0	300
2.2934999999998034e-10	0.18975021	-0.00087061117	0.981817	-4.3463557e-17	0	300
2.2944999999998032e-10	0.18977527	-0.0009246473	0.9818121	-4.3463563e-17	0	300
2.295499999999803e-10	0.18980098	-0.0009781716	0.9818071	-4.3463573e-17	0	300
2.2964999999998028e-10	0.1898273	-0.0010311775	0.9818019	-4.3463583e-17	0	300
2.2974999999998026e-10	0.18985426	-0.0010836581	0.9817966	-4.346359e-17	0	300
2.2984999999998024e-10	0.18988186	-0.0011356067	0.98179126	-4.3463593e-17	0	300
2.2994999999998022e-10	0.18991002	-0.0011870171	0.9817858	-4.3463606e-17	0	300
2.300499999999802e-10	0.18993881	-0.0012378825	0.98178005	-4.34636e-17	0	300
2.3014999999998017e-10	0.18996818	-0.001288197	0.98177433	-4.346362e-17	0	300
2.3024999999998015e-10	0.18999812	-0.0013379548	0.9817684	-4.3463616e-17	0	300
2.3034999999998013e-10	0.19002864	-0.0013871494	0.98176247	-4.346363e-17	0	300
2.304499999999801e-10	0.1900597	-0.0014357755	0.98175627	-4.3463633e-17	0	300
2.305499999999801e-10	0.19009137	-0.0014838271	0.9817502	-4.346364e-17	0	300
2.3064999999998007e-10	0.19012353	-0.001531299	0.9817438	-4.346364e-17	0	300
2.3074999999998005e-10	0.19015624	-0.0015781857	0.9817374	-4.3463646e-17	0	300
2.3084999999998003e-10	0.19018948	-0.0016244822	0.98173094	-4.346364e-17	0	300
2.3094999999998e-10	0.19022319	-0.0016701833	0.98172414	-4.3463653e-17	0	300
2.3104999999997999e-10	0.19025746	-0.001715284	0.98171747	-4.346367e-17	0	300
2.3114999999997996e-10	0.19029221	-0.0017597796	0.98171055	-4.3463663e-17	0	300
2.3124999999997994e-10	0.19032744	-0.0018036659	0.98170364	-4.346367e-17	0	300
2.3134999999997992e-10	0.19036314	-0.0018469377	0.9816966	-4.3463686e-17	0	300
2.314499999999799e-10	0.19039929	-0.0018895915	0.98168945	-4.3463696e-17	0	300
2.3154999999997988e-10	0.19043592	-0.0019316222	0.9816823	-4.346368e-17	0	300
2.3164999999997986e-10	0.19047299	-0.0019730262	0.981675	-4.3463686e-17	0	300
2.3174999999997984e-10	0.19051048	-0.0020137997	0.9816676	-4.3463712e-17	0	300
2.3184999999997982e-10	0.1905484	-0.002053939	0.9816601	-4.3463706e-17	0	300
2.319499999999798e-10	0.19058676	-0.0020934406	0.98165256	-4.3463712e-17	0	300
2.3204999999997978e-10	0.19062552	-0.0021323005	0.98164487	-4.3463712e-17	0	300
2.3214999999997975e-10	0.19066466	-0.0021705157	0.9816372	-4.3463726e-17	0	300
2.3224999999997973e-10	0.1907042	-0.0022080832	0.9816294	-4.3463742e-17	0	300
2.323499999999797e-10	0.1907441	-0.0022449994	0.9816215	-4.346373e-17	0	300
2.324499999999797e-10	0.19078436	-0.002281262	0.9816135	-4.346373e-17	0	300
2.3254999999997967e-10	0.19082502	-0.002316868	0.9816056	-4.346373e-17	0	300
2.3264999999997965e-10	0.190866	-0.0023518146	0.9815975	-4.3463745e-17	0	300
2.3274999999997963e-10	0.19090733	-0.0023860997	0.98158926	-4.3463745e-17	0	300
2.328499999999796e-10	0.19094898	-0.0024197206	0.98158103	-4.346377e-17	0	300
2.3294999999997964e-10	0.19099092	-0.0024526757	0.98157275	-4.346376e-17	0	300
2.3304999999997967e-10	0.19103318	-0.0024849623	0.98156434	-4.346376e-17	0	300
2.331499999999797e-10	0.19107577	-0.0025165789	0.98155594	-4.3463765e-17	0	300
2.3324999999997973e-10	0.19111863	-0.0025475235	0.9815475	-4.346377e-17	0	300
2.3334999999997976e-10	0.19116177	-0.0025777945	0.98153883	-4.3463782e-17	0	300
2.334499999999798e-10	0.19120517	-0.0026073908	0.9815303	-4.346378e-17	0	300
2.335499999999798e-10	0.19124883	-0.0026363104	0.9815217	-4.3463782e-17	0	300
2.3364999999997985e-10	0.19129273	-0.0026645523	0.981513	-4.3463785e-17	0	300
2.337499999999799e-10	0.1913369	-0.0026921157	0.9815042	-4.3463795e-17	0	300
2.338499999999799e-10	0.19138128	-0.0027189995	0.98149544	-4.3463798e-17	0	300
2.3394999999997994e-10	0.19142586	-0.0027452027	0.9814867	-4.34638e-17	0	300
2.3404999999998e-10	0.19147067	-0.0027707252	0.98147774	-4.3463818e-17	0	300
2.3414999999998e-10	0.19151567	-0.0027955654	0.98146886	-4.3463818e-17	0	300
2.3424999999998004e-10	0.19156088	-0.0028197237	0.9814599	-4.346382e-17	0	300
2.3434999999998007e-10	0.19160624	-0.0028431998	0.9814508	-4.3463815e-17	0	300
2.344499999999801e-10	0.19165178	-0.002865993	0.9814419	-4.346383e-17	0	300
2.3454999999998013e-10	0.19169748	-0.0028881035	0.98143286	-4.3463825e-17	0	300
2.3464999999998016e-10	0.19174334	-0.0029095323	0.98142374	-4.346384e-17	0	300
2.347499999999802e-10	0.19178934	-0.002930278	0.9814146	-4.346385e-17	0	300
2.348499999999802e-10	0.19183546	-0.0029503424	0.9814055	-4.346385e-17	0	300
2.3494999999998025e-10	0.19188173	-0.0029697253	0.9813963	-4.346385e-17	0	300
2.350499999999803e-10	0.19192809	-0.0029884274	0.9813872	-4.346385e-17	0	300
2.351499999999803e-10	0.19197454	-0.0030064494	0.9813779	-4.346386e-17	0	300
2.3524999999998034e-10	0.1920211	-0.0030237925	0.9813687	-4.3463864e-17	0	300
2.3534999999998037e-10	0.19206776	-0.003040457	0.9813595	-4.346387e-17	0	300
2.354499999999804e-10	0.19211447	-0.0030564447	0.9813501	-4.3463868e-17	0	300
2.3554999999998044e-10	0.19216123	-0.0030717566	0.9813409	-4.3463874e-17	0	300
2.3564999999998047e-10	0.19220808	-0.0030863937	0.98133165	-4.346387e-17	0	300
2.357499999999805e-10	0.19225499	-0.0031003577	0.98132235	-4.3463878e-17	0	300
2.3584999999998053e-10	0.1923019	-0.0031136505	0.981313	-4.3463878e-17	0	300
2.3594999999998056e-10	0.19234884	-0.0031262736	0.9813037	-4.3463884e-17	0	300
2.360499999999806e-10	0.19239582	-0.0031382288	0.98129445	-4.3463894e-17	0	300
2.361499999999806e-10	0.1924428	-0.0031495178	0.98128515	-4.34639e-17	0	300
2.3624999999998065e-10	0.1924898	-0.0031601428	0.9812757	-4.3463908e-17	0	300
2.363499999999807e-10	0.19253679	-0.0031701066	0.9812664	-4.3463904e-17	0	300
2.364499999999807e-10	0.19258374	-0.00317941	0.981257	-4.3463898e-17	0	300
2.3654999999998074e-10	0.1926307	-0.0031880566	0.9812477	-4.3463924e-17	0	300
2.3664999999998077e-10	0.19267759	-0.0031960483	0.98123837	-4.3463924e-17	0	300
2.367499999999808e-10	0.19272447	-0.003203388	0.9812291	-4.3463924e-17	0	300
2.3684999999998083e-10	0.19277129	-0.0032100787	0.9812198	-4.346392e-17	0	300
2.3694999999998086e-10	0.19281805	-0.0032161225	0.98121053	-4.346393e-17	0	300
2.370499999999809e-10	0.19286475	-0.0032215226	0.9812013	-4.346394e-17	0	300
2.3714999999998093e-10	0.19291136	-0.0032262825	0.981192	-4.3463944e-17	0	300
2.3724999999998096e-10	0.19295788	-0.003230404	0.98118275	-4.346393e-17	0	300
2.37349999999981e-10	0.19300434	-0.0032338917	0.9811735	-4.3463947e-17	0	300
2.37449999999981e-10	0.19305068	-0.0032367485	0.98116434	-4.3463947e-17	0	300
2.3754999999998105e-10	0.1930969	-0.0032389774	0.98115516	-4.346396e-17	0	300
2.376499999999811e-10	0.19314303	-0.0032405825	0.98114604	-4.346396e-17	0	300
2.377499999999811e-10	0.19318898	-0.0032415674	0.9811369	-4.346397e-17	0	300
2.3784999999998114e-10	0.19323486	-0.0032419353	0.98112774	-4.346396e-17	0	300
2.3794999999998117e-10	0.19328058	-0.0032416896	0.9811186	-4.3463967e-17	0	300
2.380499999999812e-10	0.19332615	-0.0032408356	0.9811096	-4.3463977e-17	0	300
2.3814999999998123e-10	0.19337156	-0.0032393765	0.98110056	-4.346397e-17	0	300
2.3824999999998126e-10	0.19341683	-0.0032373162	0.9810916	-4.346397e-17	0	300
2.383499999999813e-10	0.19346191	-0.0032346586	0.9810826	-4.3463984e-17	0	300
2.384499999999813e-10	0.1935068	-0.003231409	0.9810736	-4.346399e-17	0	300
2.3854999999998136e-10	0.19355153	-0.0032275706	0.9810648	-4.3463987e-17	0	300
2.386499999999814e-10	0.19359607	-0.0032231482	0.981056	-4.346399e-17	0	300
2.387499999999814e-10	0.19364037	-0.0032181465	0.9810472	-4.3463994e-17	0	300
2.3884999999998145e-10	0.19368449	-0.0032125697	0.98103833	-4.3464e-17	0	300
2.389499999999815e-10	0.1937284	-0.003206423	0.98102957	-4.346401e-17	0	300
2.390499999999815e-10	0.19377208	-0.003199711	0.981021	-4.3464e-17	0	300
2.3914999999998154e-10	0.19381554	-0.003192438	0.9810123	-4.3464007e-17	0	300
2.3924999999998157e-10	0.19385876	-0.003184609	0.98100364	-4.3464007e-17	0	300
2.393499999999816e-10	0.19390173	-0.0031762295	0.9809952	-4.3464023e-17	0	300
2.3944999999998163e-10	0.19394448	-0.003167304	0.98098665	-4.3464007e-17	0	300
2.3954999999998166e-10	0.19398698	-0.0031578378	0.9809782	-4.346401e-17	0	300
2.396499999999817e-10	0.19402918	-0.003147836	0.9809698	-4.3464023e-17	0	300
2.397499999999817e-10	0.19407113	-0.0031373042	0.98096144	-4.3464033e-17	0	300
2.3984999999998175e-10	0.19411281	-0.0031262473	0.9809532	-4.3464043e-17	0	300
2.399499999999818e-10	0.1941542	-0.00311467	0.980945	-4.3464037e-17	0	300
2.400499999999818e-10	0.19419532	-0.0031025794	0.98093677	-4.3464037e-17	0	300
2.4014999999998185e-10	0.19423614	-0.00308998	0.98092866	-4.3464046e-17	0	300
2.402499999999819e-10	0.19427669	-0.003076877	0.9809206	-4.346405e-17	0	300
2.403499999999819e-10	0.1943169	-0.0030632766	0.98091257	-4.3464056e-17	0	300
2.4044999999998194e-10	0.19435683	-0.0030491843	0.98090464	-4.346405e-17	0	300
2.4054999999998197e-10	0.1943964	-0.0030346056	0.98089665	-4.346406e-17	0	300
2.40649999999982e-10	0.1944357	-0.003019547	0.98088896	-4.3464056e-17	0	300
2.4074999999998203e-10	0.19447467	-0.0030040138	0.98088115	-4.3464073e-17	0	300
2.4084999999998206e-10	0.19451329	-0.0029880118	0.9808735	-4.346406e-17	0	300
2.409499999999821e-10	0.19455157	-0.0029715467	0.9808659	-4.3464066e-17	0	300
2.410499999999821e-10	0.19458953	-0.0029546258	0.9808583	-4.346408e-17	0	300
2.4114999999998215e-10	0.1946271	-0.0029372536	0.9808509	-4.346406e-17	0	300
2.412499999999822e-10	0.19466439	-0.002919437	0.9808434	-4.3464063e-17	0	300
2.413499999999822e-10	0.19470128	-0.002901182	0.98083615	-4.3464076e-17	0	300
2.4144999999998225e-10	0.19473782	-0.0028824946	0.98082876	-4.3464086e-17	0	300
2.415499999999823e-10	0.194774	-0.0028633813	0.98082155	-4.3464083e-17	0	300
2.416499999999823e-10	0.19480981	-0.002843848	0.9808144	-4.3464076e-17	0	300
2.4174999999998234e-10	0.19484523	-0.0028239014	0.9808074	-4.34641e-17	0	300
2.4184999999998237e-10	0.19488029	-0.0028035478	0.9808004	-4.3464103e-17	0	300
2.419499999999824e-10	0.19491497	-0.0027827932	0.9807936	-4.3464093e-17	0	300
2.4204999999998243e-10	0.19494924	-0.0027616443	0.98078674	-4.34641e-17	0	300
2.4214999999998246e-10	0.19498315	-0.0027401072	0.98078	-4.3464103e-17	0	300
2.422499999999825e-10	0.19501665	-0.0027181888	0.98077327	-4.3464106e-17	0	300
2.423499999999825e-10	0.19504973	-0.0026958957	0.9807667	-4.3464113e-17	0	300
2.4244999999998255e-10	0.19508244	-0.002673234	0.98076016	-4.3464116e-17	0	300
2.425499999999826e-10	0.19511473	-0.0026502106	0.9807538	-4.3464106e-17	0	300
2.426499999999826e-10	0.19514662	-0.002626832	0.9807474	-4.3464106e-17	0	300
2.4274999999998264e-10	0.1951781	-0.0026031046	0.98074114	-4.346412e-17	0	300
2.428499999999827e-10	0.19520915	-0.0025790352	0.98073494	-4.3464123e-17	0	300
2.429499999999827e-10	0.19523978	-0.0025546306	0.9807289	-4.3464132e-17	0	300
2.4304999999998274e-10	0.19527002	-0.002529897	0.98072284	-4.346413e-17	0	300
2.4314999999998277e-10	0.19529982	-0.0025048421	0.9807168	-4.346413e-17	0	300
2.432499999999828e-10	0.19532916	-0.0024794717	0.980711	-4.3464123e-17	0	300
2.4334999999998283e-10	0.1953581	-0.0024537926	0.98070526	-4.3464136e-17	0	300
2.4344999999998286e-10	0.1953866	-0.0024278122	0.98069966	-4.3464136e-17	0	300
2.435499999999829e-10	0.19541468	-0.0024015366	0.9806941	-4.346413e-17	0	300
2.436499999999829e-10	0.19544229	-0.0023749731	0.9806885	-4.3464132e-17	0	300
2.4374999999998295e-10	0.19546947	-0.0023481275	0.9806832	-4.3464142e-17	0	300
2.43849999999983e-10	0.19549619	-0.002321008	0.9806778	-4.3464152e-17	0	300
2.43949999999983e-10	0.1955225	-0.0022936205	0.9806726	-4.3464146e-17	0	300
2.4404999999998304e-10	0.19554834	-0.002265972	0.9806675	-4.3464152e-17	0	300
2.4414999999998307e-10	0.19557375	-0.0022380697	0.9806623	-4.346416e-17	0	300
2.442499999999831e-10	0.19559866	-0.00220992	0.98065734	-4.3464146e-17	0	300
2.4434999999998313e-10	0.19562317	-0.0021815298	0.98065245	-4.3464162e-17	0	300
2.4444999999998317e-10	0.1956472	-0.0021529058	0.98064774	-4.3464172e-17	0	300
2.445499999999832e-10	0.19567075	-0.0021240553	0.98064303	-4.3464166e-17	0	300
2.4464999999998323e-10	0.19569388	-0.002094985	0.98063844	-4.346417e-17	0	300
2.4474999999998326e-10	0.19571653	-0.0020657014	0.98063385	-4.346417e-17	0	300
2.448499999999833e-10	0.19573873	-0.0020362115	0.9806296	-4.3464166e-17	0	300
2.449499999999833e-10	0.19576046	-0.0020065221	0.98062515	-4.346417e-17	0	300
2.4504999999998335e-10	0.19578172	-0.0019766402	0.9806209	-4.346418e-17	0	300
2.451499999999834e-10	0.19580251	-0.0019465724	0.9806167	-4.3464185e-17	0	300
2.452499999999834e-10	0.19582286	-0.0019163259	0.9806127	-4.3464176e-17	0	300
2.4534999999998344e-10	0.19584271	-0.0018859071	0.98060876	-4.3464192e-17	0	300
2.4544999999998347e-10	0.19586211	-0.0018553229	0.9806049	-4.346419e-17	0	300
2.455499999999835e-10	0.19588104	-0.00182458	0.9806011	-4.3464192e-17	0	300
2.4564999999998353e-10	0.1958995	-0.0017936853	0.98059744	-4.346419e-17	0	300
2.4574999999998356e-10	0.1959175	-0.0017626456	0.9805939	-4.34642e-17	0	300
2.458499999999836e-10	0.19593501	-0.0017314675	0.98059034	-4.34642e-17	0	300
2.459499999999836e-10	0.19595203	-0.0017001578	0.9805869	-4.3464195e-17	0	300
2.4604999999998366e-10	0.19596861	-0.0016687231	0.98058367	-4.34642e-17	0	300
2.461499999999837e-10	0.19598472	-0.0016371703	0.9805805	-4.34642e-17	0	300
2.462499999999837e-10	0.19600035	-0.0016055059	0.98057735	-4.3464205e-17	0	300
2.4634999999998375e-10	0.1960155	-0.0015737364	0.98057425	-4.3464212e-17	0	300
2.464499999999838e-10	0.1960302	-0.0015418688	0.9805714	-4.346421e-17	0	300
2.465499999999838e-10	0.19604442	-0.0015099094	0.9805686	-4.34642e-17	0	300
2.4664999999998384e-10	0.19605818	-0.0014778647	0.9805658	-4.3464212e-17	0	300
2.4674999999998387e-10	0.19607145	-0.0014457417	0.9805632	-4.3464212e-17	0	300
2.468499999999839e-10	0.19608425	-0.0014135465	0.98056054	-4.346422e-17	0	300
2.4694999999998393e-10	0.19609658	-0.0013812856	0.98055816	-4.3464222e-17	0	300
2.4704999999998396e-10	0.19610845	-0.0013489658	0.9805558	-4.346421e-17	0	300
2.47149999999984e-10	0.19611984	-0.0013165935	0.9805535	-4.3464225e-17	0	300
2.47249999999984e-10	0.19613078	-0.0012841747	0.9805514	-4.346422e-17	0	300
2.4734999999998405e-10	0.19614124	-0.001251716	0.9805492	-4.3464215e-17	0	300
2.474499999999841e-10	0.19615126	-0.0012192241	0.9805472	-4.3464225e-17	0	300
2.475499999999841e-10	0.19616076	-0.0011867046	0.9805454	-4.3464222e-17	0	300
2.4764999999998415e-10	0.19616985	-0.0011541646	0.9805436	-4.3464235e-17	0	300
2.477499999999842e-10	0.19617847	-0.0011216094	0.9805418	-4.3464235e-17	0	300
2.478499999999842e-10	0.1961866	-0.001089046	0.9805402	-4.3464235e-17	0	300
2.4794999999998424e-10	0.19619429	-0.0010564801	0.9805387	-4.3464232e-17	0	300
2.4804999999998427e-10	0.19620153	-0.0010239182	0.98053724	-4.346423e-17	0	300
2.481499999999843e-10	0.1962083	-0.0009913661	0.9805359	-4.3464245e-17	0	300
2.4824999999998433e-10	0.19621462	-0.00095882994	0.9805347	-4.3464245e-17	0	300
2.4834999999998436e-10	0.19622047	-0.0009263158	0.9805335	-4.3464245e-17	0	300
2.484499999999844e-10	0.19622588	-0.0008938296	0.98053247	-4.346424e-17	0	300
2.485499999999844e-10	0.19623084	-0.00086137734	0.98053145	-4.3464242e-17	0	300
2.4864999999998445e-10	0.19623536	-0.0008289647	0.98053056	-4.3464245e-17	0	300
2.487499999999845e-10	0.19623943	-0.000796598	0.9805298	-4.3464248e-17	0	300
2.488499999999845e-10	0.19624305	-0.00076428254	0.98052907	-4.346425e-17	0	300
2.4894999999998455e-10	0.1962462	-0.0007320243	0.9805284	-4.3464245e-17	0	300
2.490499999999846e-10	0.19624896	-0.000699829	0.9805278	-4.3464265e-17	0	300
2.491499999999846e-10	0.19625126	-0.00066770194	0.98052734	-4.3464265e-17	0	300
2.4924999999998464e-10	0.19625312	-0.0006356492	0.98052704	-4.3464268e-17	0	300
2.4934999999998467e-10	0.19625457	-0.000603676	0.9805267	-4.3464268e-17	0	300
2.494499999999847e-10	0.19625558	-0.0005717879	0.98052657	-4.346427e-17	0	300
2.4954999999998473e-10	0.19625613	-0.0005399904	0.98052645	-4.346426e-17	0	300
2.4964999999998476e-10	0.19625628	-0.00050828897	0.98052645	-4.3464275e-17	0	300
2.497499999999848e-10	0.19625601	-0.00047668896	0.98052645	-4.346427e-17	0	300
2.498499999999848e-10	0.1962553	-0.0004451957	0.98052657	-4.346427e-17	0	300
2.4994999999998485e-10	0.1962542	-0.0004138143	0.9805268	-4.346426e-17	0	300
2.500499999999849e-10	0.19625267	-0.00038255012	0.9805271	-4.3464275e-17	0	300
2.501499999999849e-10	0.19625074	-0.0003514082	0.9805275	-4.3464275e-17	0	300
2.5024999999998494e-10	0.19624837	-0.00032039368	0.98052806	-4.346426e-17	0	300
2.50349999999985e-10	0.19624561	-0.00028951155	0.98052853	-4.346428e-17	0	300
2.50449999999985e-10	0.19624245	-0.00025876673	0.9805292	-4.3464275e-17	0	300
2.5054999999998504e-10	0.1962389	-0.00022816431	0.9805298	-4.3464265e-17	0	300
2.5064999999998507e-10	0.19623496	-0.000197709	0.9805307	-4.3464285e-17	0	300
2.507499999999851e-10	0.1962306	-0.00016740552	0.9805316	-4.3464285e-17	0	300
2.5084999999998513e-10	0.19622587	-0.0001372587	0.98053247	-4.346429e-17	0	300
2.5094999999998516e-10	0.19622073	-0.000107273365	0.98053354	-4.3464275e-17	0	300
2.510499999999852e-10	0.19621521	-7.745394e-05	0.9805347	-4.3464275e-17	0	300
2.511499999999852e-10	0.19620933	-4.780523e-05	0.9805358	-4.3464288e-17	0	300
2.5124999999998525e-10	0.19620307	-1.8331535e-05	0.9805371	-4.346428e-17	0	300
2.513499999999853e-10	0.19619642	1.0962554e-05	0.9805384	-4.3464295e-17	0	300
2.514499999999853e-10	0.1961894	4.0072762e-05	0.9805398	-4.346428e-17	0	300
2.5154999999998534e-10	0.19618203	6.899462e-05	0.98054135	-4.3464295e-17	0	300
2.5164999999998537e-10	0.1961743	9.772399e-05	0.9805428	-4.3464298e-17	0	300
2.517499999999854e-10	0.19616619	0.00012625667	0.98054445	-4.3464288e-17	0	300
2.5184999999998544e-10	0.19615774	0.00015458849	0.9805461	-4.3464295e-17	0	300
2.5194999999998547e-10	0.19614893	0.00018271546	0.98054796	-4.3464305e-17	0	300
2.520499999999855e-10	0.19613981	0.00021063352	0.9805498	-4.34643e-17	0	300
2.5214999999998553e-10	0.19613028	0.00023833872	0.9805516	-4.3464314e-17	0	300
2.5224999999998556e-10	0.19612047	0.00026582708	0.98055357	-4.3464305e-17	0	300
2.523499999999856e-10	0.19611031	0.00029309493	0.98055565	-4.346431e-17	0	300
2.524499999999856e-10	0.19609979	0.0003201384	0.9805578	-4.3464314e-17	0	300
2.5254999999998565e-10	0.19608895	0.00034695392	0.98056	-4.346432e-17	0	300
2.526499999999857e-10	0.19607781	0.0003735378	0.9805622	-4.346431e-17	0	300
2.527499999999857e-10	0.19606633	0.00039988648	0.9805645	-4.3464314e-17	0	300
2.5284999999998574e-10	0.19605455	0.00042599664	0.98056686	-4.3464314e-17	0	300
2.5294999999998577e-10	0.19604245	0.0004518647	0.9805692	-4.3464328e-17	0	300
2.530499999999858e-10	0.19603004	0.00047748728	0.98057175	-4.3464318e-17	0	300
2.5314999999998583e-10	0.19601732	0.00050286116	0.98057425	-4.3464328e-17	0	300
2.5324999999998586e-10	0.19600433	0.0005279831	0.9805769	-4.346431e-17	0	300
2.533499999999859e-10	0.19599102	0.00055284984	0.9805796	-4.3464324e-17	0	300
2.5344999999998593e-10	0.19597743	0.00057745836	0.98058224	-4.346432e-17	0	300
2.5354999999998596e-10	0.19596356	0.00060180586	0.980585	-4.3464318e-17	0	300
2.53649999999986e-10	0.1959494	0.00062588917	0.98058796	-4.3464334e-17	0	300
2.53749999999986e-10	0.19593498	0.0006497054	0.9805907	-4.346432e-17	0	300
2.5384999999998605e-10	0.19592026	0.0006732518	0.98059374	-4.3464324e-17	0	300
2.539499999999861e-10	0.1959053	0.0006965256	0.9805967	-4.346433e-17	0	300
2.540499999999861e-10	0.19589005	0.0007195241	0.9805997	-4.346433e-17	0	300
2.5414999999998614e-10	0.19587457	0.0007422449	0.98060286	-4.346433e-17	0	300
2.5424999999998617e-10	0.1958588	0.00076468504	0.980606	-4.346433e-17	0	300
2.543499999999862e-10	0.19584282	0.0007868425	0.9806092	-4.346433e-17	0	300
2.5444999999998623e-10	0.19582656	0.00080871454	0.9806125	-4.346434e-17	0	300
2.5454999999998626e-10	0.19581006	0.0008302989	0.98061574	-4.346433e-17	0	300
2.546499999999863e-10	0.19579336	0.00085159345	0.98061913	-4.346434e-17	0	300
2.547499999999863e-10	0.1957764	0.0008725959	0.98062253	-4.3464338e-17	0	300
2.5484999999998636e-10	0.19575922	0.0008933039	0.9806259	-4.3464344e-17	0	300
2.549499999999864e-10	0.19574182	0.00091371563	0.98062944	-4.3464348e-17	0	300
2.550499999999864e-10	0.19572419	0.0009338292	0.980633	-4.3464354e-17	0	300
2.5514999999998645e-10	0.19570635	0.0009536425	0.9806365	-4.3464344e-17	0	300
2.552499999999865e-10	0.19568832	0.0009731536	0.9806402	-4.3464338e-17	0	300
2.553499999999865e-10	0.1956701	0.0009923611	0.98064387	-4.3464344e-17	0	300
2.5544999999998654e-10	0.19565164	0.0010112628	0.98064756	-4.346435e-17	0	300
2.5554999999998657e-10	0.19563301	0.0010298573	0.98065126	-4.3464357e-17	0	300
2.556499999999866e-10	0.19561419	0.0010481428	0.98065495	-4.3464344e-17	0	300
2.5574999999998663e-10	0.19559516	0.0010661181	0.98065877	-4.346436e-17	0	300
2.5584999999998666e-10	0.19557598	0.0010837815	0.9806626	-4.3464354e-17	0	300
2.559499999999867e-10	0.1955566	0.0011011318	0.9806664	-4.3464357e-17	0	300
2.560499999999867e-10	0.19553706	0.0011181674	0.98067033	-4.3464357e-17	0	300
2.5614999999998675e-10	0.19551736	0.0011348875	0.9806744	-4.346436e-17	0	300
2.562499999999868e-10	0.19549748	0.0011512905	0.9806783	-4.346436e-17	0	300
2.563499999999868e-10	0.19547747	0.0011673754	0.9806824	-4.3464354e-17	0	300
2.5644999999998685e-10	0.1954573	0.0011831411	0.98068637	-4.3464357e-17	0	300
2.565499999999869e-10	0.19543697	0.0011985868	0.9806904	-4.3464364e-17	0	300
2.566499999999869e-10	0.19541651	0.0012137115	0.98069453	-4.346436e-17	0	300
2.5674999999998694e-10	0.1953959	0.0012285141	0.98069865	-4.346437e-17	0	300
2.5684999999998697e-10	0.1953752	0.0012429943	0.98070276	-4.3464364e-17	0	300
2.56949999999987e-10	0.19535431	0.001257151	0.98070705	-4.3464367e-17	0	300
2.5704999999998703e-10	0.19533335	0.0012709838	0.98071116	-4.3464364e-17	0	300
2.5714999999998706e-10	0.19531223	0.0012844919	0.9807154	-4.346437e-17	0	300
2.572499999999871e-10	0.19529101	0.0012976746	0.9807197	-4.3464367e-17	0	300
2.573499999999871e-10	0.19526967	0.0013105319	0.98072386	-4.3464364e-17	0	300
2.5744999999998715e-10	0.19524825	0.0013230633	0.9807282	-4.3464364e-17	0	300
2.575499999999872e-10	0.19522673	0.0013352681	0.9807325	-4.346437e-17	0	300
2.576499999999872e-10	0.19520509	0.0013471462	0.9807369	-4.3464357e-17	0	300
2.5774999999998725e-10	0.1951834	0.0013586979	0.9807412	-4.3464367e-17	0	300
2.578499999999873e-10	0.19516157	0.0013699224	0.98074555	-4.3464374e-17	0	300
2.579499999999873e-10	0.1951397	0.0013808198	0.98074996	-4.3464367e-17	0	300
2.5804999999998734e-10	0.19511776	0.0013913903	0.9807543	-4.3464367e-17	0	300
2.5814999999998737e-10	0.19509569	0.0014016336	0.9807588	-4.3464377e-17	0	300
2.582499999999874e-10	0.1950736	0.00141155	0.98076326	-4.3464374e-17	0	300
2.5834999999998743e-10	0.19505146	0.0014211396	0.98076767	-4.346438e-17	0	300
2.5844999999998746e-10	0.19502921	0.0014304029	0.9807721	-4.346439e-17	0	300
2.585499999999875e-10	0.19500697	0.0014393397	0.9807765	-4.3464377e-17	0	300
2.586499999999875e-10	0.19498464	0.0014479506	0.980781	-4.3464397e-17	0	300
2.5874999999998755e-10	0.19496226	0.001456236	0.9807855	-4.3464374e-17	0	300
2.588499999999876e-10	0.19493987	0.0014641965	0.98078996	-4.3464394e-17	0	300
2.589499999999876e-10	0.19491741	0.0014718324	0.9807944	-4.3464377e-17	0	300
2.5904999999998764e-10	0.19489491	0.001479144	0.98079884	-4.346438e-17	0	300
2.591499999999877e-10	0.19487241	0.0014861326	0.9808035	-4.3464384e-17	0	300
2.592499999999877e-10	0.19484991	0.0014927986	0.98080796	-4.3464384e-17	0	300
2.5934999999998774e-10	0.19482736	0.0014991426	0.9808125	-4.3464394e-17	0	300
2.5944999999998777e-10	0.19480479	0.0015051654	0.980817	-4.346439e-17	0	300
2.595499999999878e-10	0.19478224	0.0015108681	0.98082155	-4.3464404e-17	0	300
2.5964999999998783e-10	0.19475967	0.0015162516	0.980826	-4.3464394e-17	0	300
2.5974999999998786e-10	0.19473708	0.0015213162	0.98083055	-4.3464394e-17	0	300
2.598499999999879e-10	0.19471452	0.001526064	0.9808351	-4.3464404e-17	0	300
2.599499999999879e-10	0.19469193	0.0015304951	0.9808396	-4.3464397e-17	0	300
2.6004999999998795e-10	0.1946694	0.0015346115	0.98084414	-4.3464387e-17	0	300
2.60149999999988e-10	0.19464685	0.0015384137	0.98084867	-4.3464397e-17	0	300
2.60249999999988e-10	0.19462433	0.001541903	0.98085314	-4.34644e-17	0	300
2.6034999999998804e-10	0.19460183	0.0015450811	0.9808576	-4.34644e-17	0	300
2.6044999999998807e-10	0.19457936	0.0015479489	0.98086214	-4.34644e-17	0	300
2.605499999999881e-10	0.19455695	0.001550508	0.9808667	-4.3464404e-17	0	300
2.6064999999998813e-10	0.19453457	0.0015527598	0.9808711	-4.34644e-17	0	300
2.6074999999998817e-10	0.19451219	0.0015547057	0.98087555	-4.34644e-17	0	300
2.608499999999882e-10	0.1944899	0.0015563475	0.9808801	-4.34644e-17	0	300
2.6094999999998823e-10	0.1944676	0.0015576861	0.9808845	-4.3464407e-17	0	300
2.6104999999998826e-10	0.1944454	0.001558724	0.98088896	-4.34644e-17	0	300
2.611499999999883e-10	0.19442326	0.0015594622	0.9808934	-4.346441e-17	0	300
2.612499999999883e-10	0.19440114	0.0015599027	0.98089784	-4.3464414e-17	0	300
2.6134999999998835e-10	0.19437912	0.0015600474	0.98090225	-4.3464404e-17	0	300
2.614499999999884e-10	0.19435716	0.0015598976	0.9809066	-4.3464417e-17	0	300
2.615499999999884e-10	0.19433525	0.0015594558	0.980911	-4.346441e-17	0	300
2.6164999999998844e-10	0.19431344	0.0015587236	0.9809154	-4.346441e-17	0	300
2.6174999999998847e-10	0.19429171	0.0015577028	0.9809197	-4.34644e-17	0	300
2.618499999999885e-10	0.19427004	0.0015563954	0.9809241	-4.346441e-17	0	300
2.6194999999998853e-10	0.19424845	0.0015548035	0.9809284	-4.346441e-17	0	300
2.6204999999998856e-10	0.19422698	0.0015529292	0.9809326	-4.346441e-17	0	300
2.621499999999886e-10	0.19420557	0.0015507746	0.98093694	-4.346441e-17	0	300
2.622499999999886e-10	0.19418429	0.0015483416	0.98094124	-4.346442e-17	0	300
2.6234999999998866e-10	0.19416308	0.0015456327	0.98094547	-4.3464414e-17	0	300
2.624499999999887e-10	0.19414198	0.0015426499	0.98094976	-4.3464427e-17	0	300
2.625499999999887e-10	0.19412099	0.001539396	0.9809539	-4.346442e-17	0	300
2.6264999999998875e-10	0.1941001	0.0015358723	0.9809581	-4.346442e-17	0	300
2.627499999999888e-10	0.19407935	0.0015320821	0.9809622	-4.3464424e-17	0	300
2.628499999999888e-10	0.19405869	0.0015280269	0.9809663	-4.346442e-17	0	300
2.6294999999998884e-10	0.19403817	0.0015237097	0.9809705	-4.3464424e-17	0	300
2.6304999999998887e-10	0.19401772	0.0015191326	0.9809747	-4.3464414e-17	0	300
2.631499999999889e-10	0.19399744	0.0015142986	0.9809787	-4.3464427e-17	0	300
2.6324999999998893e-10	0.1939773	0.0015092096	0.9809827	-4.3464424e-17	0	300
2.6334999999998896e-10	0.19395727	0.0015038684	0.98098665	-4.346441e-17	0	300
2.63449999999989e-10	0.19393738	0.0014982775	0.98099077	-4.3464417e-17	0	300
2.63549999999989e-10	0.1939176	0.0014924395	0.9809947	-4.346442e-17	0	300
2.6364999999998905e-10	0.19389799	0.0014863571	0.9809986	-4.3464424e-17	0	300
2.637499999999891e-10	0.19387852	0.0014800328	0.98100257	-4.3464434e-17	0	300
2.638499999999891e-10	0.19385917	0.0014734694	0.98100644	-4.346443e-17	0	300
2.6394999999998915e-10	0.19384	0.0014666696	0.98101026	-4.346443e-17	0	300
2.640499999999892e-10	0.19382097	0.0014596363	0.9810141	-4.346443e-17	0	300
2.641499999999892e-10	0.19380207	0.001452372	0.9810178	-4.3464437e-17	0	300
2.6424999999998924e-10	0.19378337	0.0014448796	0.9810215	-4.3464437e-17	0	300
2.6434999999998927e-10	0.1937648	0.001437162	0.9810253	-4.3464434e-17	0	300
2.644499999999893e-10	0.1937464	0.001429222	0.981029	-4.346444e-17	0	300
2.6454999999998933e-10	0.19372816	0.0014210622	0.9810326	-4.3464437e-17	0	300
2.6464999999998936e-10	0.19371009	0.0014126858	0.9810363	-4.3464434e-17	0	300
2.647499999999894e-10	0.19369218	0.0014040957	0.9810399	-4.346443e-17	0	300
2.648499999999894e-10	0.19367445	0.0013952947	0.98104346	-4.3464434e-17	0	300
2.6494999999998945e-10	0.19365689	0.0013862858	0.9810469	-4.3464434e-17	0	300
2.650499999999895e-10	0.19363949	0.0013770721	0.9810505	-4.346443e-17	0	300
2.651499999999895e-10	0.19362229	0.0013676565	0.9810539	-4.3464437e-17	0	300
2.6524999999998955e-10	0.19360526	0.0013580419	0.9810574	-4.3464434e-17	0	300
2.653499999999896e-10	0.19358842	0.0013482318	0.9810607	-4.346444e-17	0	300
2.654499999999896e-10	0.19357175	0.0013382287	0.981064	-4.3464434e-17	0	300
2.6554999999998964e-10	0.19355527	0.001328036	0.98106736	-4.346444e-17	0	300
2.6564999999998967e-10	0.19353898	0.0013176566	0.9810705	-4.3464437e-17	0	300
2.657499999999897e-10	0.19352289	0.0013070935	0.98107386	-4.346443e-17	0	300
2.6584999999998973e-10	0.19350696	0.0012963504	0.981077	-4.3464437e-17	0	300
2.6594999999998976e-10	0.19349125	0.0012854299	0.9810801	-4.3464444e-17	0	300
2.660499999999898e-10	0.19347572	0.0012743352	0.9810832	-4.3464444e-17	0	300
2.661499999999898e-10	0.1934604	0.0012630697	0.9810864	-4.346445e-17	0	300
2.6624999999998985e-10	0.1934453	0.0012516363	0.9810894	-4.346445e-17	0	300
2.663499999999899e-10	0.19343035	0.0012400387	0.98109233	-4.3464444e-17	0	300
2.664499999999899e-10	0.19341561	0.0012282794	0.98109525	-4.3464447e-17	0	300
2.6654999999998994e-10	0.1934011	0.001216362	0.9810983	-4.346445e-17	0	300
2.6664999999999e-10	0.19338676	0.0012042897	0.9811011	-4.3464447e-17	0	300
2.6674999999999e-10	0.19337268	0.0011920658	0.9811039	-4.346444e-17	0	300
2.6684999999999004e-10	0.19335878	0.0011796932	0.9811067	-4.346446e-17	0	300
2.6694999999999007e-10	0.19334507	0.0011671755	0.9811095	-4.346445e-17	0	300
2.670499999999901e-10	0.19333158	0.0011545157	0.9811121	-4.346445e-17	0	300
2.6714999999999013e-10	0.1933183	0.0011417173	0.9811148	-4.3464447e-17	0	300
2.6724999999999016e-10	0.19330522	0.0011287832	0.98111737	-4.3464457e-17	0	300
2.673499999999902e-10	0.19329238	0.0011157173	0.98112	-4.346445e-17	0	300
2.674499999999902e-10	0.19327974	0.0011025224	0.98112255	-4.346446e-17	0	300
2.6754999999999025e-10	0.19326735	0.0010892018	0.981125	-4.346445e-17	0	300
2.676499999999903e-10	0.19325513	0.0010757588	0.9811275	-4.3464447e-17	0	300
2.677499999999903e-10	0.19324315	0.0010621968	0.9811299	-4.346445e-17	0	300
2.6784999999999034e-10	0.19323137	0.001048519	0.9811322	-4.3464463e-17	0	300
2.6794999999999037e-10	0.19321981	0.0010347287	0.98113465	-4.3464453e-17	0	300
2.680499999999904e-10	0.1932085	0.0010208292	0.98113686	-4.346446e-17	0	300
2.6814999999999044e-10	0.19319741	0.0010068236	0.9811391	-4.346445e-17	0	300
2.6824999999999047e-10	0.1931865	0.0009927155	0.9811414	-4.3464457e-17	0	300
2.683499999999905e-10	0.19317587	0.000978508	0.9811435	-4.3464463e-17	0	300
2.6844999999999053e-10	0.19316539	0.0009642046	0.98114556	-4.346445e-17	0	300
2.6854999999999056e-10	0.19315518	0.00094980845	0.9811475	-4.346445e-17	0	300
2.686499999999906e-10	0.19314519	0.0009353226	0.9811495	-4.3464453e-17	0	300
2.687499999999906e-10	0.19313544	0.0009207506	0.9811515	-4.3464467e-17	0	300
2.6884999999999065e-10	0.19312587	0.0009060958	0.9811535	-4.346447e-17	0	300
2.689499999999907e-10	0.19311655	0.0008913612	0.98115534	-4.346447e-17	0	300
2.690499999999907e-10	0.19310747	0.00087655033	0.98115724	-4.3464457e-17	0	300
2.6914999999999074e-10	0.19309859	0.00086166617	0.981159	-4.346445e-17	0	300
2.6924999999999077e-10	0.19308996	0.00084671227	0.98116064	-4.3464463e-17	0	300
2.693499999999908e-10	0.19308154	0.0008316917	0.98116237	-4.346446e-17	0	300
2.6944999999999083e-10	0.19307338	0.00081660773	0.98116404	-4.3464467e-17	0	300
2.6954999999999086e-10	0.1930654	0.00080146367	0.98116565	-4.3464463e-17	0	300
2.696499999999909e-10	0.19305767	0.00078626256	0.9811672	-4.346446e-17	0	300
2.6974999999999093e-10	0.19305016	0.00077100773	0.9811687	-4.346446e-17	0	300
2.6984999999999096e-10	0.19304287	0.00075570244	0.9811702	-4.3464467e-17	0	300
2.69949999999991e-10	0.19303586	0.00074035	0.9811716	-4.346446e-17	0	300
2.70049999999991e-10	0.19302903	0.0007249533	0.981173	-4.3464463e-17	0	300
2.7014999999999105e-10	0.19302243	0.0007095157	0.98117423	-4.3464453e-17	0	300
2.702499999999911e-10	0.19301605	0.00069404027	0.98117554	-4.3464457e-17	0	300
2.703499999999911e-10	0.19300991	0.0006785301	0.9811768	-4.346447e-17	0	300
2.7044999999999114e-10	0.193004	0.0006629884	0.981178	-4.3464463e-17	0	300
2.7054999999999117e-10	0.19299829	0.0006474183	0.9811791	-4.3464467e-17	0	300
2.706499999999912e-10	0.19299284	0.00063182274	0.98118025	-4.3464473e-17	0	300
2.7074999999999123e-10	0.19298759	0.00061620504	0.9811813	-4.3464477e-17	0	300
2.7084999999999126e-10	0.19298255	0.0006005682	0.98118234	-4.346447e-17	0	300
2.709499999999913e-10	0.19297777	0.0005849151	0.98118323	-4.346447e-17	0	300
2.710499999999913e-10	0.1929732	0.00056924886	0.98118424	-4.3464467e-17	0	300
2.7114999999999136e-10	0.19296885	0.0005535726	0.9811852	-4.3464463e-17	0	300
2.712499999999914e-10	0.19296473	0.0005378892	0.981186	-4.346446e-17	0	300
2.713499999999914e-10	0.19296083	0.0005222019	0.9811867	-4.3464487e-17	0	300
2.7144999999999145e-10	0.19295715	0.00050651334	0.98118746	-4.3464463e-17	0	300
2.715499999999915e-10	0.19295368	0.00049082685	0.9811881	-4.346446e-17	0	300
2.716499999999915e-10	0.19295044	0.00047514518	0.98118883	-4.346447e-17	0	300
2.7174999999999154e-10	0.19294743	0.0004594713	0.9811894	-4.3464473e-17	0	300
2.7184999999999157e-10	0.19294465	0.00044380818	0.98119	-4.346447e-17	0	300
2.719499999999916e-10	0.19294205	0.00042815856	0.98119056	-4.346448e-17	0	300
2.7204999999999163e-10	0.1929397	0.00041252538	0.98119104	-4.3464487e-17	0	300
2.7214999999999166e-10	0.19293754	0.00039691143	0.98119146	-4.346449e-17	0	300
2.722499999999917e-10	0.1929356	0.0003813196	0.9811919	-4.346447e-17	0	300
2.723499999999917e-10	0.19293389	0.00036575258	0.98119223	-4.3464473e-17	0	300
2.7244999999999175e-10	0.19293237	0.00035021314	0.9811925	-4.3464473e-17	0	300
2.725499999999918e-10	0.19293107	0.0003347042	0.9811929	-4.3464473e-17	0	300
2.726499999999918e-10	0.19292998	0.0003192283	0.981193	-4.3464473e-17	0	300
2.7274999999999185e-10	0.19292912	0.00030378823	0.9811932	-4.3464473e-17	0	300
2.728499999999919e-10	0.19292845	0.00028838665	0.98119336	-4.3464487e-17	0	300
2.729499999999919e-10	0.19292799	0.00027302626	0.9811935	-4.3464473e-17	0	300
2.7304999999999194e-10	0.19292775	0.00025770976	0.9811936	-4.3464483e-17	0	300
2.7314999999999197e-10	0.19292772	0.00024243964	0.9811934	-4.3464487e-17	0	300
2.73249999999992e-10	0.19292785	0.00022721851	0.98119354	-4.346449e-17	0	300
2.7334999999999203e-10	0.19292821	0.00021204897	0.9811935	-4.3464483e-17	0	300
2.7344999999999206e-10	0.19292879	0.0001969335	0.9811934	-4.3464473e-17	0	300
2.735499999999921e-10	0.19292954	0.00018187474	0.98119324	-4.3464487e-17	0	300
2.736499999999921e-10	0.19293049	0.00016687502	0.9811931	-4.3464483e-17	0	300
2.7374999999999215e-10	0.19293167	0.00015193678	0.9811929	-4.346448e-17	0	300
2.738499999999922e-10	0.19293302	0.00013706254	0.9811926	-4.3464483e-17	0	300
2.739499999999922e-10	0.19293454	0.00012225474	0.9811923	-4.3464483e-17	0	300
2.7404999999999224e-10	0.1929363	0.00010751574	0.981192	-4.346448e-17	0	300
2.741499999999923e-10	0.19293824	9.28478e-05	0.9811916	-4.3464487e-17	0	300
2.742499999999923e-10	0.19294035	7.825327e-05	0.98119116	-4.3464477e-17	0	300
2.7434999999999234e-10	0.19294265	6.373457e-05	0.9811907	-4.3464477e-17	0	300
2.7444999999999237e-10	0.19294515	4.9293878e-05	0.98119026	-4.346449e-17	0	300
2.745499999999924e-10	0.19294785	3.4933495e-05	0.9811897	-4.346447e-17	0	300
2.7464999999999243e-10	0.19295071	2.0655492e-05	0.9811891	-4.346448e-17	0	300
2.7474999999999246e-10	0.19295375	6.4621727e-06	0.9811885	-4.346449e-17	0	300
2.748499999999925e-10	0.19295695	-7.644498e-06	0.98118794	-4.346448e-17	0	300
2.749499999999925e-10	0.19296038	-2.1662281e-05	0.9811872	-4.3464483e-17	0	300
2.7504999999999255e-10	0.19296396	-3.5588928e-05	0.98118645	-4.3464496e-17	0	300
2.751499999999926e-10	0.1929677	-4.9422706e-05	0.9811857	-4.346449e-17	0	300
2.752499999999926e-10	0.19297163	-6.316154e-05	0.981185	-4.346449e-17	0	300
2.7534999999999264e-10	0.19297571	-7.6803284e-05	0.9811842	-4.3464487e-17	0	300
2.754499999999927e-10	0.19298002	-9.034599e-05	0.98118335	-4.3464487e-17	0	300
2.755499999999927e-10	0.19298445	-0.000103787825	0.9811825	-4.34645e-17	0	300
2.7564999999999274e-10	0.19298904	-0.000117126794	0.9811816	-4.3464487e-17	0	300
2.7574999999999277e-10	0.19299379	-0.00013036099	0.98118067	-4.3464493e-17	0	300
2.758499999999928e-10	0.1929987	-0.00014348868	0.9811797	-4.3464483e-17	0	300
2.7594999999999283e-10	0.1930038	-0.00015650794	0.98117864	-4.3464483e-17	0	300
2.7604999999999286e-10	0.19300903	-0.00016941715	0.9811777	-4.3464487e-17	0	300
2.761499999999929e-10	0.19301444	-0.0001822145	0.98117656	-4.3464493e-17	0	300
2.762499999999929e-10	0.19301999	-0.00019489811	0.98117536	-4.346448e-17	0	300
2.7634999999999295e-10	0.19302571	-0.00020746651	0.98117423	-4.3464483e-17	0	300
2.76449999999993e-10	0.19303155	-0.00021991796	0.98117316	-4.3464496e-17	0	300
2.76549999999993e-10	0.19303754	-0.00023225074	0.9811719	-4.3464487e-17	0	300
2.7664999999999304e-10	0.19304368	-0.00024446342	0.98117065	-4.3464483e-17	0	300
2.7674999999999307e-10	0.19304997	-0.0002565544	0.98116946	-4.346449e-17	0	300
2.768499999999931e-10	0.19305642	-0.00026852216	0.98116815	-4.3464487e-17	0	300
2.7694999999999313e-10	0.19306299	-0.0002803652	0.98116696	-4.3464506e-17	0	300
2.7704999999999317e-10	0.1930697	-0.0002920821	0.9811655	-4.3464493e-17	0	300
2.771499999999932e-10	0.19307655	-0.00030367132	0.9811643	-4.3464477e-17	0	300
2.7724999999999323e-10	0.19308351	-0.00031513153	0.9811628	-4.3464496e-17	0	300
2.7734999999999326e-10	0.19309062	-0.0003264614	0.9811614	-4.346449e-17	0	300
2.774499999999933e-10	0.19309786	-0.00033765953	0.98116	-4.3464487e-17	0	300
2.775499999999933e-10	0.19310525	-0.0003487248	0.98115844	-4.3464493e-17	0	300
2.7764999999999335e-10	0.19311272	-0.00035965574	0.9811571	-4.34645e-17	0	300
2.777499999999934e-10	0.19312035	-0.00037045122	0.9811555	-4.3464503e-17	0	300
2.778499999999934e-10	0.19312806	-0.00038110997	0.98115396	-4.346449e-17	0	300
2.7794999999999344e-10	0.19313593	-0.00039163098	0.9811525	-4.3464503e-17	0	300
2.7804999999999347e-10	0.19314389	-0.00040201296	0.98115087	-4.3464487e-17	0	300
2.781499999999935e-10	0.19315198	-0.0004122549	0.98114926	-4.3464503e-17	0	300
2.7824999999999353e-10	0.19316016	-0.00042235578	0.9811476	-4.3464496e-17	0	300
2.7834999999999356e-10	0.19316849	-0.00043231447	0.981146	-4.346451e-17	0	300
2.784499999999936e-10	0.19317687	-0.00044213008	0.98114437	-4.3464506e-17	0	300
2.785499999999936e-10	0.19318539	-0.00045180155	0.9811426	-4.34645e-17	0	300
2.7864999999999366e-10	0.193194	-0.00046132802	0.98114085	-4.34645e-17	0	300
2.787499999999937e-10	0.19320273	-0.00047070856	0.9811391	-4.34645e-17	0	300
2.788499999999937e-10	0.19321156	-0.00047994233	0.9811374	-4.34645e-17	0	300
2.7894999999999375e-10	0.19322045	-0.0004890284	0.98113567	-4.346449e-17	0	300
2.790499999999938e-10	0.19322947	-0.0004979661	0.98113376	-4.3464496e-17	0	300
2.791499999999938e-10	0.19323856	-0.00050675456	0.98113203	-4.34645e-17	0	300
2.7924999999999384e-10	0.19324774	-0.00051539316	0.9811303	-4.3464503e-17	0	300
2.7934999999999387e-10	0.193257	-0.0005238811	0.98112833	-4.3464493e-17	0	300
2.794499999999939e-10	0.19326635	-0.0005322178	0.9811265	-4.34645e-17	0	300
2.7954999999999393e-10	0.19327578	-0.00054040254	0.9811246	-4.3464493e-17	0	300
2.7964999999999396e-10	0.19328529	-0.00054843497	0.9811227	-4.3464503e-17	0	300
2.79749999999994e-10	0.19329488	-0.00055631425	0.9811208	-4.3464493e-17	0	300
2.79849999999994e-10	0.19330454	-0.00056404003	0.9811188	-4.3464516e-17	0	300
2.7994999999999405e-10	0.19331428	-0.00057161174	0.981117	-4.3464496e-17	0	300
2.800499999999941e-10	0.19332409	-0.0005790291	0.981115	-4.3464496e-17	0	300
2.801499999999941e-10	0.19333397	-0.0005862914	0.9811131	-4.34645e-17	0	300
2.8024999999999415e-10	0.19334391	-0.0005933984	0.98111105	-4.3464503e-17	0	300
2.803499999999942e-10	0.19335392	-0.0006003496	0.98110914	-4.3464506e-17	0	300
2.804499999999942e-10	0.19336396	-0.0006071448	0.981107	-4.3464496e-17	0	300
2.8054999999999424e-10	0.19337413	-0.00061378354	0.9811051	-4.3464496e-17	0	300
2.8064999999999427e-10	0.19338427	-0.00062026555	0.981103	-4.346451e-17	0	300
2.807499999999943e-10	0.19339453	-0.0006265907	0.98110104	-4.34645e-17	0	300
2.8084999999999433e-10	0.1934048	-0.0006327586	0.98109895	-4.3464493e-17	0	300
2.8094999999999436e-10	0.19341516	-0.0006387692	0.98109686	-4.3464503e-17	0	300
2.810499999999944e-10	0.19342554	-0.00064462225	0.98109484	-4.3464513e-17	0	300
2.811499999999944e-10	0.19343597	-0.0006503177	0.9810927	-4.34645e-17	0	300
2.8124999999999445e-10	0.19344646	-0.0006558555	0.98109066	-4.3464496e-17	0	300
2.813499999999945e-10	0.19345698	-0.0006612355	0.9810885	-4.3464496e-17	0	300
2.814499999999945e-10	0.19346753	-0.0006664575	0.98108643	-4.3464496e-17	0	300
2.8154999999999455e-10	0.19347814	-0.0006715218	0.98108435	-4.3464516e-17	0	300
2.816499999999946e-10	0.19348875	-0.0006764284	0.98108214	-4.3464503e-17	0	300
2.817499999999946e-10	0.1934994	-0.0006811772	0.9810801	-4.34645e-17	0	300
2.8184999999999464e-10	0.1935101	-0.0006857683	0.98107797	-4.346451e-17	0	300
2.8194999999999467e-10	0.19352081	-0.0006902018	0.98107576	-4.34645e-17	0	300
2.820499999999947e-10	0.19353156	-0.00069447793	0.9810737	-4.3464496e-17	0	300
2.8214999999999473e-10	0.19354233	-0.00069859676	0.9810715	-4.3464503e-17	0	300
2.8224999999999476e-10	0.19355312	-0.0007025585	0.9810694	-4.3464516e-17	0	300
2.823499999999948e-10	0.19356392	-0.00070636347	0.9810672	-4.3464506e-17	0	300
2.824499999999948e-10	0.19357476	-0.0007100117	0.981065	-4.3464503e-17	0	300
2.8254999999999485e-10	0.1935856	-0.0007135037	0.9810629	-4.3464503e-17	0	300
2.826499999999949e-10	0.19359642	-0.00071683974	0.9810606	-4.346452e-17	0	300
2.827499999999949e-10	0.19360732	-0.0007200202	0.9810586	-4.3464506e-17	0	300
2.8284999999999494e-10	0.19361816	-0.0007230454	0.98105645	-4.3464506e-17	0	300
2.82949999999995e-10	0.19362906	-0.0007259155	0.9810543	-4.3464503e-17	0	300
2.83049999999995e-10	0.19363993	-0.0007286313	0.98105204	-4.3464516e-17	0	300
2.8314999999999504e-10	0.19365081	-0.000731193	0.98105	-4.346452e-17	0	300
2.8324999999999507e-10	0.1936617	-0.0007336013	0.98104775	-4.34645e-17	0	300
2.833499999999951e-10	0.19367258	-0.00073585653	0.9810456	-4.3464513e-17	0	300
2.8344999999999513e-10	0.19368345	-0.00073795934	0.98104334	-4.3464516e-17	0	300
2.8354999999999516e-10	0.19369432	-0.0007399101	0.98104125	-4.3464503e-17	0	300
2.836499999999952e-10	0.19370517	-0.0007417095	0.98103905	-4.3464516e-17	0	300
2.837499999999952e-10	0.19371603	-0.0007433582	0.9810369	-4.3464506e-17	0	300
2.8384999999999525e-10	0.19372688	-0.0007448566	0.98103464	-4.34645e-17	0	300
2.839499999999953e-10	0.1937377	-0.0007462056	0.9810326	-4.346451e-17	0	300
2.840499999999953e-10	0.1937485	-0.00074740575	0.98103046	-4.34645e-17	0	300
2.8414999999999534e-10	0.1937593	-0.00074845785	0.9810283	-4.3464506e-17	0	300
2.8424999999999537e-10	0.1937701	-0.00074936234	0.9810261	-4.3464496e-17	0	300
2.843499999999954e-10	0.19378084	-0.0007501202	0.98102397	-4.3464513e-17	0	300
2.8444999999999544e-10	0.19379155	-0.0007507321	0.9810219	-4.346452e-17	0	300
2.8454999999999547e-10	0.19380225	-0.000751199	0.9810196	-4.346451e-17	0	300
2.846499999999955e-10	0.19381294	-0.0007515216	0.9810176	-4.3464513e-17	0	300
2.8474999999999553e-10	0.19382356	-0.0007517006	0.9810155	-4.346452e-17	0	300
2.8484999999999556e-10	0.19383419	-0.0007517369	0.98101336	-4.3464516e-17	0	300
2.849499999999956e-10	0.19384478	-0.0007516318	0.9810113	-4.346451e-17	0	300
2.850499999999956e-10	0.19385532	-0.0007513857	0.98100907	-4.346451e-17	0	300
2.8514999999999565e-10	0.1938658	-0.0007509998	0.981007	-4.346452e-17	0	300
2.852499999999957e-10	0.1938763	-0.0007504746	0.98100495	-4.3464513e-17	0	300
2.853499999999957e-10	0.19388673	-0.0007498116	0.9810028	-4.346451e-17	0	300
2.8544999999999574e-10	0.19389713	-0.0007490115	0.9810007	-4.346451e-17	0	300
2.8554999999999577e-10	0.19390747	-0.0007480754	0.98099875	-4.3464523e-17	0	300
2.856499999999958e-10	0.19391777	-0.00074700423	0.98099667	-4.3464513e-17	0	300
2.8574999999999583e-10	0.19392803	-0.0007457989	0.9809946	-4.3464516e-17	0	300
2.8584999999999586e-10	0.19393824	-0.00074446085	0.98099256	-4.3464516e-17	0	300
2.859499999999959e-10	0.19394842	-0.00074299093	0.9809905	-4.3464523e-17	0	300
2.860499999999959e-10	0.1939585	-0.00074139016	0.98098856	-4.3464516e-17	0	300
2.8614999999999596e-10	0.19396856	-0.0007396598	0.9809866	-4.3464526e-17	0	300
2.86249999999996e-10	0.19397855	-0.0007378009	0.98098457	-4.346453e-17	0	300
2.86349999999996e-10	0.19398847	-0.00073581474	0.98098254	-4.346452e-17	0	300
2.8644999999999605e-10	0.19399837	-0.0007337022	0.9809806	-4.346451e-17	0	300
2.865499999999961e-10	0.1940082	-0.0007314648	0.98097867	-4.346451e-17	0	300
2.866499999999961e-10	0.19401798	-0.0007291035	0.9809766	-4.3464523e-17	0	300
2.8674999999999614e-10	0.19402765	-0.00072661956	0.9809748	-4.346452e-17	0	300
2.8684999999999617e-10	0.1940373	-0.00072401424	0.9809729	-4.346452e-17	0	300
2.869499999999962e-10	0.19404688	-0.00072128884	0.98097086	-4.346451e-17	0	300
2.8704999999999623e-10	0.19405639	-0.0007184445	0.980969	-4.3464513e-17	0	300
2.8714999999999626e-10	0.19406584	-0.0007154827	0.9809672	-4.346452e-17	0	300
2.872499999999963e-10	0.1940752	-0.00071240444	0.98096526	-4.3464506e-17	0	300
2.873499999999963e-10	0.1940845	-0.00070921105	0.9809634	-4.3464516e-17	0	300
2.8744999999999636e-10	0.19409373	-0.00070590386	0.9809615	-4.3464516e-17	0	300
2.875499999999964e-10	0.1941029	-0.0007024845	0.9809598	-4.3464516e-17	0	300
2.876499999999964e-10	0.194112	-0.000698954	0.980958	-4.3464526e-17	0	300
2.8774999999999645e-10	0.19412099	-0.00069531373	0.9809562	-4.346452e-17	0	300
2.878499999999965e-10	0.1941299	-0.00069156516	0.9809543	-4.3464506e-17	0	300
2.879499999999965e-10	0.19413877	-0.0006877095	0.9809526	-4.346451e-17	0	300
2.8804999999999654e-10	0.19414754	-0.00068374834	0.98095083	-4.346452e-17	0	300
2.8814999999999657e-10	0.19415621	-0.0006796831	0.98094916	-4.3464513e-17	0	300
2.882499999999966e-10	0.19416484	-0.00067551504	0.9809474	-4.3464526e-17	0	300
2.8834999999999663e-10	0.19417337	-0.0006712456	0.98094565	-4.3464513e-17	0	300
2.8844999999999666e-10	0.19418181	-0.00066687615	0.98094404	-4.3464516e-17	0	300
2.885499999999967e-10	0.19419017	-0.0006624084	0.98094225	-4.3464513e-17	0	300
2.886499999999967e-10	0.19419846	-0.0006578437	0.98094064	-4.346452e-17	0	300
2.8874999999999675e-10	0.19420666	-0.00065318326	0.98093903	-4.3464513e-17	0	300
2.888499999999968e-10	0.19421475	-0.0006484289	0.98093736	-4.346452e-17	0	300
2.889499999999968e-10	0.19422275	-0.00064358185	0.9809358	-4.3464523e-17	0	300
2.8904999999999685e-10	0.19423068	-0.00063864357	0.98093414	-4.3464516e-17	0	300
2.891499999999969e-10	0.1942385	-0.00063361565	0.98093265	-4.3464516e-17	0	300
2.892499999999969e-10	0.19424623	-0.00062849955	0.9809311	-4.3464516e-17	0	300
2.8934999999999694e-10	0.19425389	-0.00062329683	0.98092955	-4.3464526e-17	0	300
2.8944999999999697e-10	0.19426143	-0.000618009	0.98092806	-4.3464523e-17	0	300
2.89549999999997e-10	0.1942689	-0.0006126377	0.9809265	-4.3464523e-17	0	300
2.8964999999999703e-10	0.19427627	-0.0006071842	0.9809251	-4.3464516e-17	0	300
2.8974999999999706e-10	0.19428355	-0.0006016502	0.9809237	-4.346452e-17	0	300
2.898499999999971e-10	0.19429073	-0.0005960372	0.9809222	-4.3464513e-17	0	300
2.899499999999971e-10	0.19429776	-0.00059034687	0.98092085	-4.3464523e-17	0	300
2.9004999999999715e-10	0.19430476	-0.0005845805	0.98091936	-4.3464526e-17	0	300
2.901499999999972e-10	0.19431165	-0.00057873985	0.98091805	-4.3464513e-17	0	300
2.902499999999972e-10	0.19431841	-0.00057282654	0.9809166	-4.346452e-17	0	300
2.9034999999999724e-10	0.19432507	-0.00056684186	0.98091537	-4.346452e-17	0	300
2.904499999999973e-10	0.19433166	-0.00056078756	0.980914	-4.346452e-17	0	300
2.905499999999973e-10	0.19433811	-0.0005546652	0.98091274	-4.346451e-17	0	300
2.9064999999999734e-10	0.1943445	-0.0005484764	0.9809115	-4.346452e-17	0	300
2.9074999999999737e-10	0.19435078	-0.0005422227	0.9809103	-4.3464533e-17	0	300
2.908499999999974e-10	0.19435693	-0.0005359057	0.98090893	-4.3464516e-17	0	300
2.9094999999999743e-10	0.194363	-0.0005295271	0.98090774	-4.3464533e-17	0	300
2.9104999999999746e-10	0.19436897	-0.0005230882	0.98090655	-4.3464516e-17	0	300
2.911499999999975e-10	0.19437483	-0.0005165907	0.9809055	-4.3464523e-17	0	300
2.912499999999975e-10	0.19438057	-0.00051003625	0.9809043	-4.3464526e-17	0	300
2.9134999999999755e-10	0.19438621	-0.0005034263	0.98090315	-4.3464523e-17	0	300
2.914499999999976e-10	0.19439176	-0.0004967626	0.9809021	-4.346452e-17	0	300
2.915499999999976e-10	0.19439718	-0.00049004663	0.980901	-4.3464523e-17	0	300
2.9164999999999764e-10	0.19440252	-0.00048328005	0.98089993	-4.346453e-17	0	300
2.917499999999977e-10	0.19440773	-0.00047646443	0.98089886	-4.346451e-17	0	300
2.918499999999977e-10	0.19441283	-0.0004696014	0.9808978	-4.346453e-17	0	300
2.9194999999999774e-10	0.19441783	-0.00046269255	0.98089683	-4.3464523e-17	0	300
2.9204999999999777e-10	0.1944227	-0.00045573935	0.9808959	-4.346452e-17	0	300
2.921499999999978e-10	0.1944275	-0.00044874352	0.9808949	-4.3464526e-17	0	300
2.9224999999999783e-10	0.1944322	-0.00044170665	0.9808939	-4.3464523e-17	0	300
2.9234999999999786e-10	0.19443676	-0.0004346303	0.98089296	-4.3464533e-17	0	300
2.924499999999979e-10	0.1944412	-0.00042751603	0.9808922	-4.3464516e-17	0	300
2.925499999999979e-10	0.19444555	-0.00042036542	0.9808913	-4.346453e-17	0	300
2.9264999999999795e-10	0.19444978	-0.00041318004	0.9808904	-4.3464523e-17	0	300
2.92749999999998e-10	0.19445392	-0.00040596144	0.9808897	-4.3464526e-17	0	300
2.92849999999998e-10	0.19445793	-0.00039871118	0.9808888	-4.346452e-17	0	300
2.9294999999999804e-10	0.19446185	-0.0003914308	0.980888	-4.346452e-17	0	300
2.9304999999999807e-10	0.19446567	-0.0003841219	0.9808872	-4.3464526e-17	0	300
2.931499999999981e-10	0.19446936	-0.00037678593	0.98088646	-4.3464536e-17	0	300
2.9324999999999813e-10	0.19447295	-0.00036942455	0.98088574	-4.3464516e-17	0	300
2.9334999999999816e-10	0.19447644	-0.0003620393	0.9808851	-4.346453e-17	0	300
2.934499999999982e-10	0.1944798	-0.00035463163	0.98088443	-4.3464533e-17	0	300
2.9354999999999823e-10	0.19448307	-0.00034720305	0.9808838	-4.3464523e-17	0	300
2.9364999999999826e-10	0.1944862	-0.00033975518	0.9808832	-4.346453e-17	0	300
2.937499999999983e-10	0.19448923	-0.00033228955	0.98088247	-4.346453e-17	0	300
2.938499999999983e-10	0.19449218	-0.00032480754	0.980882	-4.3464526e-17	0	300
2.9394999999999835e-10	0.19449499	-0.0003173108	0.9808814	-4.3464526e-17	0	300
2.940499999999984e-10	0.19449772	-0.00030980073	0.98088086	-4.3464526e-17	0	300
2.941499999999984e-10	0.19450034	-0.0003022789	0.9808803	-4.3464523e-17	0	300
2.9424999999999844e-10	0.1945028	-0.00029474674	0.9808798	-4.3464533e-17	0	300
2.9434999999999847e-10	0.19450521	-0.00028720568	0.9808794	-4.3464526e-17	0	300
2.944499999999985e-10	0.19450748	-0.00027965725	0.98087883	-4.3464513e-17	0	300
2.9454999999999853e-10	0.19450966	-0.0002721029	0.9808784	-4.346453e-17	0	300
2.9464999999999856e-10	0.19451173	-0.00026454416	0.980878	-4.346454e-17	0	300
2.947499999999986e-10	0.1945137	-0.00025698243	0.98087764	-4.3464526e-17	0	300
2.948499999999986e-10	0.19451554	-0.00024941922	0.9808773	-4.3464523e-17	0	300
2.9494999999999866e-10	0.19451728	-0.00024185579	0.9808769	-4.346452e-17	0	300
2.950499999999987e-10	0.19451892	-0.00023429375	0.9808766	-4.3464516e-17	0	300
2.951499999999987e-10	0.19452044	-0.00022673445	0.9808763	-4.346452e-17	0	300
2.9524999999999875e-10	0.19452187	-0.0002191793	0.98087597	-4.3464526e-17	0	300
2.953499999999988e-10	0.19452319	-0.0002116297	0.98087573	-4.346452e-17	0	300
2.954499999999988e-10	0.19452439	-0.00020408702	0.98087543	-4.346453e-17	0	300
2.9554999999999884e-10	0.19452551	-0.00019655272	0.9808752	-4.3464533e-17	0	300
2.9564999999999887e-10	0.19452651	-0.00018902817	0.980875	-4.3464523e-17	0	300
2.957499999999989e-10	0.19452742	-0.00018151474	0.98087496	-4.346452e-17	0	300
2.9584999999999893e-10	0.19452819	-0.00017401371	0.9808747	-4.3464533e-17	0	300
2.9594999999999896e-10	0.19452891	-0.00016652649	0.98087454	-4.3464513e-17	0	300
2.96049999999999e-10	0.19452952	-0.00015905427	0.98087454	-4.3464536e-17	0	300
2.96149999999999e-10	0.19453001	-0.00015159832	0.98087436	-4.3464523e-17	0	300
2.9624999999999905e-10	0.1945304	-0.00014416009	0.9808742	-4.3464523e-17	0	300
2.963499999999991e-10	0.1945307	-0.00013674077	0.9808741	-4.3464536e-17	0	300
2.964499999999991e-10	0.1945309	-0.00012934158	0.98087424	-4.3464526e-17	0	300
2.9654999999999915e-10	0.19453098	-0.000121963836	0.9808741	-4.3464533e-17	0	300
2.966499999999992e-10	0.19453098	-0.00011460891	0.9808742	-4.3464533e-17	0	300
2.967499999999992e-10	0.19453089	-0.000107277876	0.9808742	-4.3464526e-17	0	300
2.9684999999999924e-10	0.19453067	-9.9972065e-05	0.9808742	-4.3464536e-17	0	300
2.9694999999999927e-10	0.1945304	-9.269255e-05	0.9808743	-4.3464523e-17	0	300
2.970499999999993e-10	0.19453	-8.5440784e-05	0.9808743	-4.346453e-17	0	300
2.9714999999999933e-10	0.1945295	-7.8217774e-05	0.9808744	-4.3464523e-17	0	300
2.9724999999999936e-10	0.19452891	-7.102487e-05	0.98087454	-4.3464526e-17	0	300
2.973499999999994e-10	0.19452822	-6.386311e-05	0.9808747	-4.3464523e-17	0	300
2.974499999999994e-10	0.19452746	-5.673362e-05	0.9808749	-4.3464533e-17	0	300
2.9754999999999945e-10	0.1945266	-4.9637725e-05	0.980875	-4.3464533e-17	0	300
2.976499999999995e-10	0.19452566	-4.2576477e-05	0.9808752	-4.346453e-17	0	300
2.977499999999995e-10	0.19452459	-3.5550856e-05	0.9808755	-4.3464533e-17	0	300
2.9784999999999955e-10	0.19452344	-2.8562154e-05	0.9808756	-4.346454e-17	0	300
2.979499999999996e-10	0.19452223	-2.1611391e-05	0.9808759	-4.346454e-17	0	300
2.980499999999996e-10	0.19452092	-1.469967e-05	0.9808761	-4.3464516e-17	0	300
2.9814999999999964e-10	0.1945195	-7.8280245e-06	0.98087645	-4.3464533e-17	0	300
2.9824999999999967e-10	0.19451798	-9.975665e-07	0.98087674	-4.3464533e-17	0	300
2.983499999999997e-10	0.1945164	5.79067e-06	0.98087704	-4.346454e-17	0	300
2.9844999999999973e-10	0.19451474	1.2535714e-05	0.9808774	-4.346453e-17	0	300
2.9854999999999976e-10	0.19451298	1.92365e-05	0.98087776	-4.3464533e-17	0	300
2.986499999999998e-10	0.19451115	2.589207e-05	0.9808781	-4.3464543e-17	0	300
2.987499999999998e-10	0.19450922	3.2501353e-05	0.9808785	-4.3464523e-17	0	300
2.9884999999999985e-10	0.19450721	3.9063478e-05	0.98087883	-4.3464536e-17	0	300
2.989499999999999e-10	0.19450511	4.5577413e-05	0.98087925	-4.3464533e-17	0	300
2.990499999999999e-10	0.19450296	5.2042313e-05	0.9808797	-4.3464536e-17	0	300
2.9914999999999994e-10	0.1945007	5.8457284e-05	0.98088014	-4.3464526e-17	0	300
2.9925e-10	0.19449836	6.482141e-05	0.9808806	-4.3464526e-17	0	300
2.9935e-10	0.19449598	7.1133785e-05	0.9808811	-4.3464536e-17	0	300
2.994e-10	0.19449475	7.427031e-05	0.9808813	-4.3464536e-17	0	300
2.9950000000000005e-10	0.19449224	8.0503494e-05	0.98088175	-4.3464533e-17	0	300
2.996000000000001e-10	0.19448963	8.6682754e-05	0.98088235	-4.346453e-17	0	300
2.997000000000001e-10	0.19448698	9.280727e-05	0.9808828	-4.3464536e-17	0	300
2.9980000000000014e-10	0.19448422	9.887628e-05	0.9808834	-4.3464536e-17	0	300
2.9990000000000017e-10	0.19448142	0.00010488896	0.98088396	-4.3464536e-17	0	300
3.000000000000002e-10	0.19447854	0.00011084448	0.9808847	-4.346454e-17	0	300
3.0010000000000024e-10	0.19447558	0.00011674223	0.98088515	-4.346453e-17	0	300
3.0020000000000027e-10	0.19447258	0.00012258132	0.9808858	-4.3464533e-17	0	300
3.003000000000003e-10	0.19446948	0.000128361	0.9808864	-4.3464526e-17	0	300
3.0040000000000033e-10	0.19446631	0.00013408062	0.98088694	-4.3464526e-17	0	300
3.0050000000000036e-10	0.1944631	0.00013973944	0.98088765	-4.3464536e-17	0	300
3.006000000000004e-10	0.19445981	0.00014533695	0.98088825	-4.3464533e-17	0	300
3.007000000000004e-10	0.19445643	0.00015087228	0.98088896	-4.346453e-17	0	300
3.0080000000000045e-10	0.19445302	0.0001563449	0.9808897	-4.3464533e-17	0	300
3.009000000000005e-10	0.19444954	0.00016175411	0.9808904	-4.346454e-17	0	300
3.010000000000005e-10	0.194446	0.0001670993	0.98089105	-4.3464533e-17	0	300
3.0110000000000054e-10	0.1944424	0.0001723798	0.9808917	-4.346453e-17	0	300
3.0120000000000057e-10	0.19443876	0.00017759507	0.98089254	-4.3464536e-17	0	300
3.013000000000006e-10	0.19443503	0.00018274461	0.98089325	-4.3464526e-17	0	300
3.0140000000000063e-10	0.19443128	0.00018782784	0.98089397	-4.3464533e-17	0	300
3.0150000000000066e-10	0.19442745	0.00019284422	0.9808947	-4.346453e-17	0	300
3.016000000000007e-10	0.19442357	0.00019779321	0.9808955	-4.3464536e-17	0	300
3.0170000000000073e-10	0.19441962	0.0002026743	0.9808963	-4.346453e-17	0	300
3.0180000000000076e-10	0.19441564	0.00020748706	0.98089707	-4.3464536e-17	0	300
3.019000000000008e-10	0.1944116	0.0002122309	0.9808979	-4.346454e-17	0	300
3.020000000000008e-10	0.19440752	0.00021690544	0.98089874	-4.3464523e-17	0	300
3.0210000000000085e-10	0.19440335	0.00022151007	0.9808995	-4.3464526e-17	0	300
3.022000000000009e-10	0.19439918	0.00022604449	0.98090047	-4.3464533e-17	0	300
3.023000000000009e-10	0.19439493	0.0002305082	0.98090124	-4.3464536e-17	0	300
3.0240000000000094e-10	0.19439065	0.00023490074	0.9809021	-4.346453e-17	0	300
3.0250000000000097e-10	0.19438633	0.00023922179	0.98090297	-4.346453e-17	0	300
3.02600000000001e-10	0.19438195	0.00024347095	0.98090374	-4.346454e-17	0	300
3.0270000000000103e-10	0.19437751	0.00024764784	0.9809047	-4.3464533e-17	0	300
3.0280000000000106e-10	0.19437307	0.00025175215	0.9809056	-4.3464543e-17	0	300
3.029000000000011e-10	0.19436854	0.00025578355	0.9809065	-4.3464546e-17	0	300
3.030000000000011e-10	0.19436403	0.0002597417	0.98090744	-4.3464533e-17	0	300
3.0310000000000116e-10	0.19435944	0.00026362634	0.98090833	-4.3464523e-17	0	300
3.032000000000012e-10	0.1943548	0.00026743714	0.9809092	-4.3464523e-17	0	300
3.033000000000012e-10	0.19435015	0.00027117386	0.9809102	-4.3464533e-17	0	300
3.0340000000000125e-10	0.19434547	0.00027483646	0.9809111	-4.3464533e-17	0	300
3.035000000000013e-10	0.19434074	0.00027842453	0.980912	-4.346453e-17	0	300
3.036000000000013e-10	0.19433598	0.00028193792	0.9809129	-4.3464536e-17	0	300
3.0370000000000134e-10	0.1943312	0.0002853763	0.980914	-4.346453e-17	0	300
3.0380000000000137e-10	0.19432636	0.00028873957	0.9809149	-4.3464526e-17	0	300
3.039000000000014e-10	0.19432153	0.00029202746	0.9809158	-4.3464536e-17	0	300
3.0400000000000143e-10	0.19431666	0.00029524	0.9809168	-4.346454e-17	0	300
3.0410000000000146e-10	0.19431174	0.00029837695	0.98091775	-4.3464543e-17	0	300
3.042000000000015e-10	0.1943068	0.00030143824	0.98091877	-4.3464546e-17	0	300
3.043000000000015e-10	0.19430184	0.00030442374	0.9809197	-4.3464523e-17	0	300
3.0440000000000155e-10	0.19429688	0.00030733334	0.9809208	-4.3464536e-17	0	300
3.045000000000016e-10	0.19429189	0.00031016703	0.9809217	-4.3464536e-17	0	300
3.046000000000016e-10	0.19428685	0.0003129248	0.9809228	-4.3464533e-17	0	300
3.0470000000000165e-10	0.1942818	0.0003156065	0.9809238	-4.346452e-17	0	300
3.048000000000017e-10	0.19427672	0.0003182121	0.98092484	-4.346454e-17	0	300
3.049000000000017e-10	0.19427165	0.0003207416	0.9809258	-4.3464533e-17	0	300
3.0500000000000174e-10	0.19426656	0.00032319492	0.98092675	-4.3464533e-17	0	300
3.0510000000000177e-10	0.19426143	0.0003255721	0.9809278	-4.3464533e-17	0	300
3.052000000000018e-10	0.1942563	0.00032787313	0.9809289	-4.3464523e-17	0	300
3.0530000000000183e-10	0.19425115	0.00033009812	0.98092985	-4.346453e-17	0	300
3.0540000000000186e-10	0.19424598	0.00033224715	0.9809309	-4.3464523e-17	0	300
3.055000000000019e-10	0.1942408	0.00033432024	0.980932	-4.3464533e-17	0	300
3.056000000000019e-10	0.1942356	0.0003363176	0.980933	-4.3464543e-17	0	300
3.0570000000000195e-10	0.19423041	0.00033823916	0.9809341	-4.3464536e-17	0	300
3.05800000000002e-10	0.19422522	0.00034008513	0.9809351	-4.346454e-17	0	300
3.05900000000002e-10	0.19421998	0.0003418555	0.98093617	-4.3464533e-17	0	300
3.0600000000000205e-10	0.19421475	0.00034355052	0.9809371	-4.346455e-17	0	300
3.061000000000021e-10	0.19420955	0.00034517024	0.98093814	-4.3464533e-17	0	300
3.062000000000021e-10	0.1942043	0.00034671492	0.98093927	-4.3464536e-17	0	300
3.0630000000000214e-10	0.19419907	0.0003481846	0.98094034	-4.3464523e-17	0	300
3.0640000000000217e-10	0.19419381	0.00034957952	0.9809413	-4.3464533e-17	0	300
3.065000000000022e-10	0.19418857	0.0003509	0.98094237	-4.346453e-17	0	300
3.0660000000000223e-10	0.19418333	0.00035214622	0.98094344	-4.346454e-17	0	300
3.0670000000000226e-10	0.1941781	0.00035331838	0.98094445	-4.3464536e-17	0	300
3.068000000000023e-10	0.19417284	0.00035441678	0.98094547	-4.3464526e-17	0	300
3.069000000000023e-10	0.1941676	0.00035544168	0.98094654	-4.3464546e-17	0	300
3.0700000000000235e-10	0.19416237	0.00035639317	0.9809476	-4.3464543e-17	0	300
3.071000000000024e-10	0.19415712	0.00035727158	0.98094875	-4.3464533e-17	0	300
3.072000000000024e-10	0.19415188	0.00035807723	0.98094964	-4.3464543e-17	0	300
3.0730000000000244e-10	0.19414666	0.00035881044	0.98095083	-4.346452e-17	0	300
3.074000000000025e-10	0.19414145	0.00035947157	0.9809518	-4.3464533e-17	0	300
3.075000000000025e-10	0.19413623	0.00036006083	0.98095274	-4.346453e-17	0	300
3.0760000000000254e-10	0.19413105	0.0003605787	0.9809538	-4.3464533e-17	0	300
3.0770000000000257e-10	0.19412585	0.00036102554	0.9809548	-4.3464533e-17	0	300
3.078000000000026e-10	0.19412065	0.00036140153	0.98095584	-4.3464536e-17	0	300
3.0790000000000263e-10	0.19411549	0.00036170703	0.9809569	-4.346453e-17	0	300
3.0800000000000266e-10	0.19411033	0.00036194245	0.9809579	-4.346454e-17	0	300
3.081000000000027e-10	0.19410518	0.00036210832	0.98095894	-4.3464533e-17	0	300
3.082000000000027e-10	0.19410004	0.00036220482	0.9809601	-4.346452e-17	0	300
3.0830000000000275e-10	0.19409493	0.00036223253	0.980961	-4.346454e-17	0	300
3.084000000000028e-10	0.19408983	0.00036219187	0.98096204	-4.3464533e-17	0	300
3.085000000000028e-10	0.19408473	0.0003620832	0.9809632	-4.3464533e-17	0	300
3.0860000000000284e-10	0.19407968	0.0003619071	0.9809641	-4.346454e-17	0	300
3.0870000000000287e-10	0.19407463	0.00036166384	0.98096514	-4.3464526e-17	0	300
3.088000000000029e-10	0.1940696	0.00036135392	0.98096615	-4.3464533e-17	0	300
3.0890000000000293e-10	0.19406459	0.0003609779	0.9809671	-4.3464533e-17	0	300
3.0900000000000297e-10	0.19405958	0.0003605362	0.98096806	-4.3464536e-17	0	300
3.09100000000003e-10	0.19405463	0.00036002937	0.9809692	-4.3464536e-17	0	300
3.0920000000000303e-10	0.1940497	0.00035945774	0.9809702	-4.346454e-17	0	300
3.0930000000000306e-10	0.19404477	0.00035882203	0.98097104	-4.346453e-17	0	300
3.094000000000031e-10	0.19403987	0.00035812258	0.98097205	-4.3464526e-17	0	300
3.095000000000031e-10	0.194035	0.00035736014	0.980973	-4.3464536e-17	0	300
3.0960000000000315e-10	0.19403015	0.00035653508	0.9809741	-4.3464533e-17	0	300
3.097000000000032e-10	0.19402531	0.000355648	0.980975	-4.3464536e-17	0	300
3.098000000000032e-10	0.19402051	0.0003546995	0.9809759	-4.3464536e-17	0	300
3.0990000000000324e-10	0.19401576	0.00035369003	0.9809769	-4.346453e-17	0	300
3.1000000000000327e-10	0.19401102	0.0003526202	0.9809778	-4.3464526e-17	0	300
3.101000000000033e-10	0.1940063	0.00035149063	0.98097885	-4.346454e-17	0	300
3.1020000000000333e-10	0.19400163	0.0003503019	0.9809798	-4.346454e-17	0	300
3.1030000000000336e-10	0.19399698	0.0003490545	0.98098063	-4.346454e-17	0	300
3.104000000000034e-10	0.19399235	0.00034774916	0.9809816	-4.3464536e-17	0	300
3.105000000000034e-10	0.19398776	0.00034638637	0.9809824	-4.3464543e-17	0	300
3.1060000000000346e-10	0.19398321	0.0003449668	0.9809834	-4.346454e-17	0	300
3.107000000000035e-10	0.1939787	0.00034349106	0.98098433	-4.3464543e-17	0	300
3.108000000000035e-10	0.19397421	0.00034195985	0.98098516	-4.3464546e-17	0	300
3.1090000000000355e-10	0.19396974	0.0003403737	0.98098606	-4.3464536e-17	0	300
3.110000000000036e-10	0.19396533	0.00033873323	0.9809871	-4.346454e-17	0	300
3.111000000000036e-10	0.19396096	0.00033703918	0.9809879	-4.346454e-17	0	300
3.1120000000000364e-10	0.19395661	0.00033529213	0.98098874	-4.3464533e-17	0	300
3.1130000000000367e-10	0.19395229	0.00033349262	0.9809897	-4.346454e-17	0	300
3.114000000000037e-10	0.19394803	0.00033164147	0.9809904	-4.3464533e-17	0	300
3.1150000000000373e-10	0.19394378	0.00032973953	0.98099124	-4.346454e-17	0	300
3.1160000000000376e-10	0.1939396	0.00032778713	0.9809922	-4.3464536e-17	0	300
3.117000000000038e-10	0.19393542	0.00032578516	0.9809929	-4.3464536e-17	0	300
3.118000000000038e-10	0.19393131	0.00032373425	0.9809938	-4.3464523e-17	0	300
3.1190000000000386e-10	0.19392724	0.00032163505	0.9809946	-4.346454e-17	0	300
3.120000000000039e-10	0.19392323	0.00031948838	0.98099536	-4.346455e-17	0	300
3.121000000000039e-10	0.19391921	0.0003172948	0.98099625	-4.3464526e-17	0	300
3.1220000000000395e-10	0.19391528	0.00031505508	0.980997	-4.3464546e-17	0	300
3.12300000000004e-10	0.19391134	0.00031276993	0.9809978	-4.346454e-17	0	300
3.12400000000004e-10	0.1939075	0.00031043997	0.9809985	-4.346454e-17	0	300
3.1250000000000404e-10	0.19390367	0.00030806594	0.98099923	-4.3464536e-17	0	300
3.1260000000000407e-10	0.19389988	0.0003056487	0.98100007	-4.3464533e-17	0	300
3.127000000000041e-10	0.19389614	0.0003031888	0.98100084	-4.3464526e-17	0	300
3.1280000000000413e-10	0.19389246	0.00030068704	0.98100156	-4.346454e-17	0	300
3.1290000000000416e-10	0.1938888	0.00029814418	0.9810023	-4.3464543e-17	0	300
3.130000000000042e-10	0.19388522	0.00029556104	0.981003	-4.346454e-17	0	300
3.131000000000042e-10	0.19388165	0.0002929382	0.98100376	-4.3464533e-17	0	300
3.1320000000000425e-10	0.19387814	0.00029027648	0.9810043	-4.346454e-17	0	300
3.133000000000043e-10	0.19387469	0.0002875766	0.9810052	-4.346453e-17	0	300
3.134000000000043e-10	0.19387126	0.0002848394	0.9810058	-4.3464536e-17	0	300
3.1350000000000435e-10	0.1938679	0.00028206545	0.9810065	-4.346454e-17	0	300
3.136000000000044e-10	0.19386458	0.00027925568	0.98100716	-4.3464536e-17	0	300
3.137000000000044e-10	0.1938613	0.00027641075	0.9810078	-4.3464533e-17	0	300
3.1380000000000444e-10	0.19385809	0.00027353145	0.98100847	-4.346454e-17	0	300
3.1390000000000447e-10	0.19385493	0.00027061842	0.9810091	-4.3464543e-17	0	300
3.140000000000045e-10	0.1938518	0.00026767259	0.9810096	-4.3464543e-17	0	300
3.1410000000000453e-10	0.19384871	0.00026469465	0.9810104	-4.346454e-17	0	300
3.1420000000000456e-10	0.19384569	0.00026168537	0.9810109	-4.346454e-17	0	300
3.143000000000046e-10	0.19384272	0.0002586455	0.98101145	-4.3464536e-17	0	300
3.144000000000046e-10	0.19383982	0.00025557587	0.98101205	-4.346454e-17	0	300
3.1450000000000465e-10	0.19383691	0.00025247724	0.9810127	-4.3464543e-17	0	300
3.146000000000047e-10	0.1938341	0.00024935027	0.9810133	-4.3464543e-17	0	300
3.147000000000047e-10	0.19383132	0.00024619582	0.9810138	-4.3464543e-17	0	300
3.1480000000000474e-10	0.1938286	0.00024301469	0.9810143	-4.3464536e-17	0	300
3.149000000000048e-10	0.19382592	0.00023980759	0.98101485	-4.3464543e-17	0	300
3.150000000000048e-10	0.1938233	0.00023657533	0.9810153	-4.3464533e-17	0	300
3.1510000000000484e-10	0.19382074	0.00023331858	0.9810158	-4.346454e-17	0	300
3.1520000000000487e-10	0.19381823	0.00023003822	0.98101646	-4.3464536e-17	0	300
3.153000000000049e-10	0.19381577	0.00022673493	0.981017	-4.3464543e-17	0	300
3.1540000000000493e-10	0.19381332	0.0002234095	0.9810174	-4.346453e-17	0	300
3.1550000000000496e-10	0.19381097	0.0002200626	0.9810179	-4.346454e-17	0	300
3.15600000000005e-10	0.19380866	0.00021669513	0.9810182	-4.3464556e-17	0	300
3.15700000000005e-10	0.19380641	0.00021330777	0.9810188	-4.346453e-17	0	300
3.1580000000000505e-10	0.1938042	0.0002099013	0.9810192	-4.3464546e-17	0	300
3.159000000000051e-10	0.19380204	0.00020647646	0.9810197	-4.3464556e-17	0	300
3.160000000000051e-10	0.19379994	0.0002030341	0.98102015	-4.3464546e-17	0	300
3.1610000000000514e-10	0.19379789	0.00019957493	0.98102045	-4.3464543e-17	0	300
3.1620000000000517e-10	0.1937959	0.00019609973	0.981021	-4.3464543e-17	0	300
3.163000000000052e-10	0.19379395	0.00019260922	0.9810213	-4.3464536e-17	0	300
3.1640000000000524e-10	0.19379207	0.00018910419	0.9810216	-4.3464533e-17	0	300
3.1650000000000527e-10	0.19379023	0.00018558542	0.9810221	-4.346454e-17	0	300
3.166000000000053e-10	0.19378845	0.00018205364	0.9810224	-4.3464536e-17	0	300
3.1670000000000533e-10	0.19378674	0.00017850955	0.9810228	-4.346454e-17	0	300
3.1680000000000536e-10	0.19378504	0.00017495385	0.9810231	-4.3464526e-17	0	300
3.169000000000054e-10	0.19378342	0.00017138738	0.9810233	-4.346455e-17	0	300
3.170000000000054e-10	0.19378184	0.00016781084	0.9810238	-4.3464536e-17	0	300
3.1710000000000545e-10	0.19378032	0.00016422501	0.9810241	-4.346454e-17	0	300
3.172000000000055e-10	0.19377886	0.00016063057	0.9810243	-4.346454e-17	0	300
3.173000000000055e-10	0.19377746	0.00015702826	0.9810247	-4.3464543e-17	0	300
3.1740000000000554e-10	0.19377607	0.00015341886	0.9810249	-4.3464533e-17	0	300
3.1750000000000557e-10	0.19377477	0.00014980306	0.98102516	-4.3464543e-17	0	300
3.176000000000056e-10	0.19377351	0.0001461816	0.98102534	-4.3464543e-17	0	300
3.1770000000000563e-10	0.1937723	0.0001425552	0.9810257	-4.3464536e-17	0	300
3.1780000000000566e-10	0.19377115	0.00013892457	0.9810258	-4.3464543e-17	0	300
3.179000000000057e-10	0.19377008	0.00013529047	0.98102605	-4.3464536e-17	0	300
3.1800000000000573e-10	0.19376904	0.0001316535	0.9810263	-4.3464533e-17	0	300
3.1810000000000576e-10	0.19376802	0.00012801442	0.98102653	-4.3464543e-17	0	300
3.182000000000058e-10	0.19376707	0.00012437388	0.98102677	-4.346454e-17	0	300
3.183000000000058e-10	0.19376618	0.00012073261	0.98102695	-4.3464536e-17	0	300
3.1840000000000585e-10	0.19376534	0.00011709131	0.9810271	-4.3464536e-17	0	300
3.185000000000059e-10	0.19376454	0.0001134506	0.98102725	-4.3464536e-17	0	300
3.186000000000059e-10	0.19376379	0.000109811284	0.98102736	-4.3464543e-17	0	300
3.1870000000000594e-10	0.1937631	0.0001061739	0.9810275	-4.3464543e-17	0	300
3.1880000000000597e-10	0.19376247	0.00010253911	0.9810276	-4.3464546e-17	0	300
3.18900000000006e-10	0.19376189	9.890763e-05	0.9810278	-4.3464543e-17	0	300
3.1900000000000603e-10	0.19376132	9.528004e-05	0.98102784	-4.3464546e-17	0	300
3.1910000000000606e-10	0.19376083	9.1657064e-05	0.98102796	-4.3464546e-17	0	300
3.192000000000061e-10	0.19376037	8.803926e-05	0.9810281	-4.346454e-17	0	300
3.193000000000061e-10	0.19376	8.4427345e-05	0.98102814	-4.3464536e-17	0	300
3.1940000000000616e-10	0.19375965	8.082194e-05	0.98102826	-4.3464546e-17	0	300
3.195000000000062e-10	0.19375935	7.722361e-05	0.98102826	-4.346454e-17	0	300
3.196000000000062e-10	0.1937591	7.3632975e-05	0.9810283	-4.3464536e-17	0	300
3.1970000000000625e-10	0.19375888	7.0050664e-05	0.9810283	-4.3464546e-17	0	300
3.198000000000063e-10	0.19375873	6.6477376e-05	0.9810284	-4.346455e-17	0	300
3.199000000000063e-10	0.19375864	6.291372e-05	0.98102844	-4.346454e-17	0	300
3.2000000000000634e-10	0.19375856	5.9360205e-05	0.98102844	-4.3464546e-17	0	300
3.2010000000000637e-10	0.19375853	5.5817516e-05	0.98102844	-4.346454e-17	0	300
3.202000000000064e-10	0.19375858	5.228621e-05	0.98102844	-4.346454e-17	0	300
3.2030000000000643e-10	0.19375867	4.8766888e-05	0.9810284	-4.3464543e-17	0	300
3.2040000000000646e-10	0.19375879	4.5260098e-05	0.9810284	-4.346453e-17	0	300
3.205000000000065e-10	0.19375895	4.1766394e-05	0.9810284	-4.3464526e-17	0	300
3.206000000000065e-10	0.19375917	3.8286387e-05	0.9810283	-4.3464536e-17	0	300
3.2070000000000655e-10	0.19375944	3.4820718e-05	0.9810282	-4.3464543e-17	0	300
3.208000000000066e-10	0.19375974	3.1369953e-05	0.98102826	-4.346454e-17	0	300
3.209000000000066e-10	0.19376013	2.7934613e-05	0.9810281	-4.346454e-17	0	300
3.2100000000000665e-10	0.19376051	2.4515164e-05	0.981028	-4.3464546e-17	0	300
3.211000000000067e-10	0.19376096	2.111234e-05	0.981028	-4.346454e-17	0	300
3.212000000000067e-10	0.19376145	1.7726601e-05	0.98102796	-4.346453e-17	0	300
3.2130000000000674e-10	0.19376199	1.435855e-05	0.9810278	-4.3464546e-17	0	300
3.2140000000000677e-10	0.19376256	1.1008621e-05	0.9810276	-4.346455e-17	0	300
3.215000000000068e-10	0.1937632	7.677366e-06	0.9810276	-4.3464533e-17	0	300
3.2160000000000683e-10	0.19376385	4.3653163e-06	0.9810274	-4.346455e-17	0	300
3.2170000000000686e-10	0.19376457	1.0729309e-06	0.9810273	-4.3464543e-17	0	300
3.218000000000069e-10	0.19376531	-2.1992832e-06	0.981027	-4.3464546e-17	0	300
3.219000000000069e-10	0.19376609	-5.450785e-06	0.981027	-4.3464543e-17	0	300
3.2200000000000695e-10	0.19376694	-8.681114e-06	0.9810269	-4.3464536e-17	0	300
3.22100000000007e-10	0.19376782	-1.1889761e-05	0.98102665	-4.3464543e-17	0	300
3.22200000000007e-10	0.19376872	-1.5076321e-05	0.9810263	-4.346454e-17	0	300
3.2230000000000705e-10	0.19376966	-1.8240291e-05	0.9810263	-4.3464523e-17	0	300
3.224000000000071e-10	0.19377065	-2.1381262e-05	0.98102605	-4.346454e-17	0	300
3.225000000000071e-10	0.19377169	-2.4498739e-05	0.9810259	-4.3464536e-17	0	300
3.2260000000000714e-10	0.19377275	-2.7592198e-05	0.98102564	-4.3464543e-17	0	300
3.2270000000000717e-10	0.19377385	-3.0661293e-05	0.98102546	-4.3464533e-17	0	300
3.228000000000072e-10	0.19377503	-3.3705597e-05	0.9810252	-4.346454e-17	0	300
3.2290000000000723e-10	0.19377619	-3.672471e-05	0.9810249	-4.3464546e-17	0	300
3.2300000000000726e-10	0.1937774	-3.9718194e-05	0.9810248	-4.3464533e-17	0	300
3.231000000000073e-10	0.19377866	-4.2685657e-05	0.98102444	-4.3464543e-17	0	300
3.232000000000073e-10	0.19377995	-4.562662e-05	0.98102427	-4.346454e-17	0	300
3.2330000000000735e-10	0.19378127	-4.854083e-05	0.98102397	-4.3464533e-17	0	300
3.234000000000074e-10	0.19378264	-5.1427778e-05	0.9810237	-4.3464536e-17	0	300
3.235000000000074e-10	0.19378404	-5.42871e-05	0.9810234	-4.3464533e-17	0	300
3.2360000000000744e-10	0.19378546	-5.7118472e-05	0.9810232	-4.346454e-17	0	300
3.237000000000075e-10	0.19378692	-5.9921498e-05	0.9810229	-4.3464536e-17	0	300
3.238000000000075e-10	0.19378844	-6.2695835e-05	0.9810225	-4.3464536e-17	0	300
3.2390000000000754e-10	0.19378994	-6.5441156e-05	0.98102224	-4.3464543e-17	0	300
3.2400000000000757e-10	0.1937915	-6.815716e-05	0.98102194	-4.3464543e-17	0	300
3.241000000000076e-10	0.19379309	-7.084342e-05	0.98102164	-4.3464543e-17	0	300
3.2420000000000763e-10	0.19379471	-7.3499774e-05	0.9810213	-4.3464543e-17	0	300
3.2430000000000766e-10	0.19379637	-7.612576e-05	0.9810209	-4.3464533e-17	0	300
3.244000000000077e-10	0.19379807	-7.872112e-05	0.9810207	-4.3464533e-17	0	300
3.245000000000077e-10	0.19379976	-8.1285594e-05	0.9810203	-4.346455e-17	0	300
3.2460000000000775e-10	0.1938015	-8.381878e-05	0.98102	-4.3464546e-17	0	300
3.247000000000078e-10	0.19380328	-8.632035e-05	0.98101956	-4.346455e-17	0	300
3.248000000000078e-10	0.19380508	-8.879006e-05	0.98101914	-4.3464546e-17	0	300
3.2490000000000784e-10	0.19380692	-9.1227615e-05	0.98101896	-4.3464536e-17	0	300
3.2500000000000787e-10	0.19380876	-9.363271e-05	0.98101854	-4.3464536e-17	0	300
3.251000000000079e-10	0.19381066	-9.600517e-05	0.98101807	-4.3464543e-17	0	300
3.2520000000000793e-10	0.19381258	-9.834467e-05	0.98101777	-4.3464533e-17	0	300
3.2530000000000797e-10	0.19381453	-0.000100651	0.9810173	-4.3464546e-17	0	300
3.25400000000008e-10	0.19381648	-0.00010292382	0.981017	-4.3464533e-17	0	300
3.2550000000000803e-10	0.1938185	-0.000105163	0.9810165	-4.3464536e-17	0	300
3.2560000000000806e-10	0.19382049	-0.00010736828	0.98101616	-4.3464543e-17	0	300
3.257000000000081e-10	0.19382253	-0.000109539535	0.9810158	-4.3464536e-17	0	300
3.258000000000081e-10	0.19382457	-0.00011167642	0.9810154	-4.346454e-17	0	300
3.2590000000000815e-10	0.19382666	-0.00011377882	0.9810149	-4.346454e-17	0	300
3.260000000000082e-10	0.19382876	-0.00011584662	0.9810145	-4.3464543e-17	0	300
3.261000000000082e-10	0.1938309	-0.000117879594	0.9810141	-4.3464546e-17	0	300
3.2620000000000824e-10	0.19383304	-0.00011987758	0.9810136	-4.3464556e-17	0	300
3.2630000000000827e-10	0.1938352	-0.00012184045	0.9810133	-4.346454e-17	0	300
3.264000000000083e-10	0.19383737	-0.0001237681	0.9810128	-4.346453e-17	0	300
3.2650000000000833e-10	0.19383956	-0.00012566028	0.9810124	-4.3464543e-17	0	300
3.2660000000000836e-10	0.1938418	-0.0001275169	0.981012	-4.3464546e-17	0	300
3.267000000000084e-10	0.19384405	-0.00012933776	0.9810115	-4.346453e-17	0	300
3.268000000000084e-10	0.19384632	-0.00013112283	0.98101103	-4.3464523e-17	0	300
3.2690000000000846e-10	0.19384857	-0.00013287205	0.98101056	-4.3464543e-17	0	300
3.270000000000085e-10	0.19385085	-0.0001345853	0.98101014	-4.346454e-17	0	300
3.271000000000085e-10	0.19385317	-0.00013626232	0.98100966	-4.3464546e-17	0	300
3.2720000000000855e-10	0.19385548	-0.00013790317	0.9810092	-4.346454e-17	0	300
3.273000000000086e-10	0.19385782	-0.00013950771	0.98100877	-4.3464533e-17	0	300
3.274000000000086e-10	0.19386016	-0.00014107593	0.98100823	-4.3464546e-17	0	300
3.2750000000000864e-10	0.1938625	-0.00014260772	0.98100775	-4.346454e-17	0	300
3.2760000000000867e-10	0.19386488	-0.00014410306	0.98100746	-4.346454e-17	0	300
3.277000000000087e-10	0.19386727	-0.00014556188	0.9810069	-4.346454e-17	0	300
3.2780000000000873e-10	0.19386965	-0.00014698418	0.9810064	-4.346454e-17	0	300
3.2790000000000876e-10	0.19387206	-0.00014836977	0.98100585	-4.346453e-17	0	300
3.280000000000088e-10	0.19387448	-0.00014971885	0.98100543	-4.3464543e-17	0	300
3.281000000000088e-10	0.1938769	-0.00015103116	0.981005	-4.3464546e-17	0	300
3.2820000000000885e-10	0.19387934	-0.00015230679	0.9810045	-4.346454e-17	0	300
3.283000000000089e-10	0.19388181	-0.00015354567	0.981004	-4.3464536e-17	0	300
3.284000000000089e-10	0.19388424	-0.00015474786	0.9810035	-4.346453e-17	0	300
3.2850000000000895e-10	0.1938867	-0.0001559134	0.981003	-4.3464546e-17	0	300
3.28600000000009e-10	0.19388917	-0.00015704219	0.98100245	-4.346454e-17	0	300
3.28700000000009e-10	0.19389164	-0.00015813428	0.98100203	-4.3464543e-17	0	300
3.2880000000000904e-10	0.19389415	-0.00015918985	0.9810015	-4.3464553e-17	0	300
3.2890000000000907e-10	0.19389662	-0.00016020879	0.98100096	-4.3464536e-17	0	300
3.290000000000091e-10	0.19389914	-0.00016119113	0.98100054	-4.346453e-17	0	300
3.2910000000000913e-10	0.19390163	-0.00016213699	0.981	-4.346454e-17	0	300
3.2920000000000916e-10	0.19390415	-0.00016304631	0.98099947	-4.346455e-17	0	300
3.293000000000092e-10	0.19390664	-0.00016391922	0.980999	-4.3464553e-17	0	300
3.294000000000092e-10	0.19390917	-0.00016475584	0.98099846	-4.3464543e-17	0	300
3.2950000000000925e-10	0.19391166	-0.00016555625	0.98099804	-4.3464533e-17	0	300
3.296000000000093e-10	0.19391418	-0.00016632049	0.9809975	-4.346454e-17	0	300
3.297000000000093e-10	0.19391671	-0.00016704873	0.9809971	-4.346455e-17	0	300
3.2980000000000935e-10	0.19391921	-0.00016774097	0.98099655	-4.346454e-17	0	300
3.299000000000094e-10	0.19392176	-0.00016839734	0.980996	-4.346453e-17	0	300
3.300000000000094e-10	0.19392428	-0.00016901789	0.98099554	-4.346454e-17	0	300
3.3010000000000944e-10	0.19392678	-0.0001696028	0.980995	-4.3464536e-17	0	300
3.3020000000000947e-10	0.19392931	-0.0001701521	0.9809945	-4.3464546e-17	0	300
3.303000000000095e-10	0.19393183	-0.00017066595	0.980994	-4.346455e-17	0	300
3.3040000000000953e-10	0.19393435	-0.00017114442	0.98099345	-4.346454e-17	0	300
3.3050000000000956e-10	0.19393687	-0.0001715877	0.980993	-4.3464546e-17	0	300
3.306000000000096e-10	0.19393939	-0.00017199595	0.98099244	-4.346455e-17	0	300
3.307000000000096e-10	0.19394189	-0.00017236931	0.98099196	-4.346454e-17	0	300
3.3080000000000965e-10	0.19394441	-0.00017270779	0.9809914	-4.346453e-17	0	300
3.309000000000097e-10	0.19394691	-0.00017301165	0.980991	-4.3464533e-17	0	300
3.310000000000097e-10	0.19394942	-0.00017328108	0.9809905	-4.346455e-17	0	300
3.3110000000000974e-10	0.1939519	-0.0001735163	0.98099	-4.3464536e-17	0	300
3.312000000000098e-10	0.1939544	-0.00017371745	0.98098946	-4.3464533e-17	0	300
3.313000000000098e-10	0.1939569	-0.00017388457	0.98098904	-4.346453e-17	0	300
3.3140000000000984e-10	0.19395939	-0.00017401799	0.98098844	-4.346454e-17	0	300
3.3150000000000987e-10	0.19396186	-0.00017411783	0.980988	-4.3464546e-17	0	300
3.316000000000099e-10	0.19396433	-0.00017418426	0.9809875	-4.3464543e-17	0	300
3.3170000000000993e-10	0.19396678	-0.0001742176	0.980987	-4.3464533e-17	0	300
3.3180000000000996e-10	0.19396925	-0.00017421792	0.98098654	-4.346454e-17	0	300
3.3190000000001e-10	0.1939717	-0.00017418548	0.98098606	-4.3464543e-17	0	300
3.3200000000001e-10	0.19397415	-0.00017412058	0.9809856	-4.3464543e-17	0	300
3.3210000000001005e-10	0.19397657	-0.00017402331	0.9809851	-4.3464526e-17	0	300
3.322000000000101e-10	0.193979	-0.00017389392	0.9809845	-4.346454e-17	0	300
3.323000000000101e-10	0.1939814	-0.00017373261	0.9809841	-4.3464533e-17	0	300
3.3240000000001014e-10	0.1939838	-0.00017353962	0.9809837	-4.3464536e-17	0	300
3.3250000000001017e-10	0.19398619	-0.00017331525	0.98098314	-4.3464543e-17	0	300
3.326000000000102e-10	0.19398856	-0.00017305976	0.98098266	-4.3464536e-17	0	300
3.3270000000001024e-10	0.19399095	-0.00017277325	0.9809821	-4.3464543e-17	0	300
3.3280000000001027e-10	0.1939933	-0.00017245607	0.9809817	-4.3464536e-17	0	300
3.329000000000103e-10	0.19399564	-0.00017210843	0.98098123	-4.346453e-17	0	300
3.3300000000001033e-10	0.19399796	-0.0001717307	0.9809809	-4.3464543e-17	0	300
3.3310000000001036e-10	0.1940003	-0.00017132303	0.98098034	-4.346455e-17	0	300
3.332000000000104e-10	0.19400261	-0.00017088564	0.9809798	-4.346455e-17	0	300
3.333000000000104e-10	0.1940049	-0.00017041888	0.9809794	-4.346454e-17	0	300
3.3340000000001045e-10	0.19400719	-0.00016992309	0.9809791	-4.3464546e-17	0	300
3.335000000000105e-10	0.19400945	-0.00016939848	0.98097855	-4.346454e-17	0	300
3.336000000000105e-10	0.1940117	-0.00016884538	0.980978	-4.3464543e-17	0	300
3.3370000000001054e-10	0.19401395	-0.00016826404	0.9809776	-4.346453e-17	0	300
3.3380000000001057e-10	0.19401619	-0.00016765477	0.9809771	-4.3464533e-17	0	300
3.339000000000106e-10	0.1940184	-0.00016701782	0.98097676	-4.3464546e-17	0	300
3.3400000000001063e-10	0.19402058	-0.00016635332	0.9809763	-4.3464536e-17	0	300
3.3410000000001066e-10	0.19402276	-0.00016566174	0.98097587	-4.3464546e-17	0	300
3.342000000000107e-10	0.19402492	-0.00016494328	0.98097545	-4.346455e-17	0	300
3.3430000000001073e-10	0.19402705	-0.00016419843	0.98097503	-4.3464533e-17	0	300
3.3440000000001076e-10	0.1940292	-0.00016342728	0.9809745	-4.3464536e-17	0	300
3.345000000000108e-10	0.19403131	-0.00016263027	0.98097414	-4.3464546e-17	0	300
3.346000000000108e-10	0.19403343	-0.00016180763	0.9809737	-4.3464543e-17	0	300
3.3470000000001085e-10	0.19403549	-0.00016095967	0.9809733	-4.3464536e-17	0	300
3.348000000000109e-10	0.19403757	-0.0001600868	0.9809728	-4.3464553e-17	0	300
3.349000000000109e-10	0.1940396	-0.00015918928	0.9809725	-4.346454e-17	0	300
3.3500000000001094e-10	0.19404162	-0.0001582674	0.98097205	-4.3464546e-17	0	300
3.3510000000001097e-10	0.19404362	-0.00015732166	0.98097175	-4.3464543e-17	0	300
3.35200000000011e-10	0.19404562	-0.0001563522	0.98097134	-4.346455e-17	0	300
3.3530000000001103e-10	0.19404759	-0.00015535942	0.98097086	-4.3464536e-17	0	300
3.3540000000001106e-10	0.19404952	-0.00015434358	0.9809705	-4.3464536e-17	0	300
3.355000000000111e-10	0.19405146	-0.00015330515	0.9809701	-4.3464536e-17	0	300
3.356000000000111e-10	0.19405337	-0.00015224432	0.9809697	-4.3464546e-17	0	300
3.3570000000001116e-10	0.19405524	-0.0001511616	0.9809693	-4.3464546e-17	0	300
3.358000000000112e-10	0.1940571	-0.00015005717	0.98096895	-4.3464533e-17	0	300
3.359000000000112e-10	0.19405895	-0.00014893146	0.9809686	-4.3464536e-17	0	300
3.3600000000001125e-10	0.19406079	-0.0001477848	0.9809682	-4.3464536e-17	0	300
3.361000000000113e-10	0.19406259	-0.00014661765	0.98096794	-4.3464546e-17	0	300
3.362000000000113e-10	0.19406438	-0.00014543021	0.9809676	-4.346453e-17	0	300
3.3630000000001134e-10	0.19406614	-0.00014422295	0.9809671	-4.3464546e-17	0	300
3.3640000000001137e-10	0.19406788	-0.00014299618	0.9809668	-4.3464543e-17	0	300
3.365000000000114e-10	0.19406961	-0.00014175022	0.9809665	-4.346454e-17	0	300
3.3660000000001143e-10	0.1940713	-0.00014048531	0.98096615	-4.3464533e-17	0	300
3.3670000000001146e-10	0.19407296	-0.00013920199	0.9809658	-4.3464543e-17	0	300
3.368000000000115e-10	0.19407462	-0.00013790058	0.98096555	-4.3464536e-17	0	300
3.369000000000115e-10	0.19407624	-0.00013658132	0.9809651	-4.346454e-17	0	300
3.3700000000001155e-10	0.19407785	-0.00013524469	0.98096484	-4.3464533e-17	0	300
3.371000000000116e-10	0.19407943	-0.00013389111	0.9809645	-4.346454e-17	0	300
3.372000000000116e-10	0.19408098	-0.00013252084	0.9809641	-4.346454e-17	0	300
3.3730000000001165e-10	0.19408253	-0.00013113422	0.9809638	-4.346454e-17	0	300
3.374000000000117e-10	0.19408403	-0.0001297317	0.9809636	-4.3464543e-17	0	300
3.375000000000117e-10	0.19408551	-0.00012831352	0.98096323	-4.3464543e-17	0	300
3.3760000000001174e-10	0.19408698	-0.00012688013	0.98096293	-4.346455e-17	0	300
3.3770000000001177e-10	0.19408841	-0.00012543183	0.98096275	-4.346454e-17	0	300
3.378000000000118e-10	0.19408983	-0.00012396912	0.9809624	-4.3464543e-17	0	300
3.3790000000001183e-10	0.19409123	-0.00012249222	0.98096216	-4.346454e-17	0	300
3.3800000000001186e-10	0.1940926	-0.000121001605	0.98096186	-4.3464543e-17	0	300
3.381000000000119e-10	0.19409397	-0.00011949749	0.9809616	-4.346454e-17	0	300
3.382000000000119e-10	0.19409528	-0.00011798038	0.9809614	-4.3464536e-17	0	300
3.3830000000001195e-10	0.19409657	-0.00011645059	0.98096097	-4.3464553e-17	0	300
3.38400000000012e-10	0.19409785	-0.000114908515	0.9809608	-4.346454e-17	0	300
3.38500000000012e-10	0.1940991	-0.00011335454	0.9809606	-4.3464543e-17	0	300
3.3860000000001204e-10	0.19410032	-0.000111789035	0.98096025	-4.346455e-17	0	300
3.387000000000121e-10	0.19410151	-0.00011021235	0.98096013	-4.3464536e-17	0	300
3.388000000000121e-10	0.19410267	-0.00010862487	0.9809599	-4.3464543e-17	0	300
3.3890000000001214e-10	0.19410384	-0.00010702691	0.98095965	-4.3464536e-17	0	300
3.3900000000001217e-10	0.19410495	-0.000105418854	0.98095936	-4.3464543e-17	0	300
3.391000000000122e-10	0.19410604	-0.00010380116	0.9809592	-4.3464546e-17	0	300
3.3920000000001223e-10	0.19410713	-0.000102174105	0.9809589	-4.3464546e-17	0	300
3.3930000000001226e-10	0.19410817	-0.00010053801	0.98095876	-4.3464536e-17	0	300
3.394000000000123e-10	0.19410919	-9.889337e-05	0.9809586	-4.346454e-17	0	300
3.395000000000123e-10	0.1941102	-9.724053e-05	0.98095834	-4.3464543e-17	0	300
3.3960000000001235e-10	0.19411117	-9.557989e-05	0.9809581	-4.346454e-17	0	300
3.397000000000124e-10	0.19411212	-9.3911745e-05	0.98095787	-4.3464536e-17	0	300
3.398000000000124e-10	0.19411303	-9.223644e-05	0.98095775	-4.346454e-17	0	300
3.3990000000001244e-10	0.19411391	-9.055428e-05	0.98095757	-4.346454e-17	0	300
3.400000000000125e-10	0.19411479	-8.8865694e-05	0.98095745	-4.3464543e-17	0	300
3.401000000000125e-10	0.19411564	-8.717106e-05	0.98095727	-4.3464536e-17	0	300
3.4020000000001254e-10	0.19411644	-8.547072e-05	0.9809571	-4.3464536e-17	0	300
3.4030000000001257e-10	0.19411726	-8.376499e-05	0.9809569	-4.346455e-17	0	300
3.404000000000126e-10	0.19411801	-8.205429e-05	0.9809568	-4.3464536e-17	0	300
3.4050000000001263e-10	0.19411877	-8.033895e-05	0.9809567	-4.3464543e-17	0	300
3.4060000000001266e-10	0.19411948	-7.8619225e-05	0.98095655	-4.346455e-17	0	300
3.407000000000127e-10	0.19412017	-7.68956e-05	0.98095644	-4.3464546e-17	0	300
3.408000000000127e-10	0.19412085	-7.51684e-05	0.9809562	-4.346454e-17	0	300
3.4090000000001275e-10	0.19412148	-7.3437914e-05	0.980956	-4.3464543e-17	0	300
3.410000000000128e-10	0.19412209	-7.1704584e-05	0.9809559	-4.3464553e-17	0	300
3.411000000000128e-10	0.19412269	-6.996868e-05	0.9809558	-4.3464543e-17	0	300
3.4120000000001284e-10	0.19412325	-6.823049e-05	0.9809557	-4.3464533e-17	0	300
3.4130000000001287e-10	0.1941238	-6.649046e-05	0.9809556	-4.346453e-17	0	300
3.414000000000129e-10	0.19412433	-6.474885e-05	0.98095554	-4.3464533e-17	0	300
3.4150000000001293e-10	0.19412482	-6.300608e-05	0.9809554	-4.346454e-17	0	300
3.4160000000001297e-10	0.1941253	-6.126234e-05	0.9809552	-4.3464536e-17	0	300
3.41700000000013e-10	0.19412574	-5.9518057e-05	0.9809552	-4.3464543e-17	0	300
3.4180000000001303e-10	0.19412617	-5.777346e-05	0.98095506	-4.3464536e-17	0	300
3.4190000000001306e-10	0.19412656	-5.6029006e-05	0.98095495	-4.3464536e-17	0	300
3.420000000000131e-10	0.19412693	-5.4284857e-05	0.9809549	-4.3464543e-17	0	300
3.421000000000131e-10	0.19412728	-5.254153e-05	0.9809548	-4.3464536e-17	0	300
3.4220000000001315e-10	0.19412759	-5.0799175e-05	0.98095477	-4.346454e-17	0	300
3.423000000000132e-10	0.19412792	-4.905817e-05	0.98095477	-4.346454e-17	0	300
3.424000000000132e-10	0.19412819	-4.73189e-05	0.98095465	-4.3464543e-17	0	300
3.4250000000001324e-10	0.19412845	-4.5581575e-05	0.98095465	-4.3464543e-17	0	300
3.4260000000001327e-10	0.19412868	-4.3846525e-05	0.98095465	-4.3464546e-17	0	300
3.427000000000133e-10	0.19412889	-4.211412e-05	0.9809545	-4.346455e-17	0	300
3.4280000000001333e-10	0.19412906	-4.038467e-05	0.9809545	-4.3464553e-17	0	300
3.4290000000001336e-10	0.19412923	-3.8658498e-05	0.98095447	-4.3464543e-17	0	300
3.430000000000134e-10	0.19412936	-3.693585e-05	0.9809544	-4.3464543e-17	0	300
3.431000000000134e-10	0.19412947	-3.5217105e-05	0.9809544	-4.3464546e-17	0	300
3.4320000000001346e-10	0.19412956	-3.3502256e-05	0.98095447	-4.346454e-17	0	300
3.433000000000135e-10	0.19412965	-3.179181e-05	0.9809544	-4.3464543e-17	0	300
3.434000000000135e-10	0.19412968	-3.0086096e-05	0.9809544	-4.346453e-17	0	300
3.4350000000001355e-10	0.19412969	-2.8385419e-05	0.9809544	-4.3464536e-17	0	300
3.436000000000136e-10	0.19412969	-2.668998e-05	0.98095447	-4.3464536e-17	0	300
3.437000000000136e-10	0.19412968	-2.5000094e-05	0.9809544	-4.3464536e-17	0	300
3.4380000000001364e-10	0.19412965	-2.3315995e-05	0.9809544	-4.3464543e-17	0	300
3.4390000000001367e-10	0.19412957	-2.1637998e-05	0.9809544	-4.3464546e-17	0	300
3.440000000000137e-10	0.19412947	-1.9966308e-05	0.9809544	-4.3464546e-17	0	300
3.4410000000001373e-10	0.19412936	-1.8301345e-05	0.98095447	-4.3464546e-17	0	300
3.4420000000001376e-10	0.19412923	-1.6643386e-05	0.98095447	-4.3464543e-17	0	300
3.443000000000138e-10	0.19412908	-1.4992577e-05	0.9809545	-4.3464546e-17	0	300
3.444000000000138e-10	0.19412893	-1.3349143e-05	0.98095465	-4.3464543e-17	0	300
3.4450000000001385e-10	0.19412874	-1.17132895e-05	0.98095465	-4.346454e-17	0	300
3.446000000000139e-10	0.19412853	-1.0085241e-05	0.98095465	-4.346455e-17	0	300
3.447000000000139e-10	0.1941283	-8.465282e-06	0.98095465	-4.3464546e-17	0	300
3.4480000000001395e-10	0.19412805	-6.8537643e-06	0.98095465	-4.3464536e-17	0	300
3.44900000000014e-10	0.19412777	-5.2508117e-06	0.9809548	-4.3464543e-17	0	300
3.45000000000014e-10	0.1941275	-3.6565236e-06	0.9809549	-4.3464546e-17	0	300
3.4510000000001404e-10	0.19412719	-2.0713792e-06	0.9809549	-4.3464546e-17	0	300
3.4520000000001407e-10	0.19412684	-4.9558605e-07	0.9809549	-4.3464556e-17	0	300
3.453000000000141e-10	0.1941265	1.0707763e-06	0.98095495	-4.3464543e-17	0	300
3.4540000000001413e-10	0.19412613	2.6272678e-06	0.9809551	-4.3464543e-17	0	300
3.4550000000001416e-10	0.19412577	4.1737258e-06	0.9809552	-4.3464543e-17	0	300
3.456000000000142e-10	0.19412532	5.709998e-06	0.98095524	-4.3464543e-17	0	300
3.457000000000142e-10	0.19412492	7.235796e-06	0.9809553	-4.346455e-17	0	300
3.4580000000001425e-10	0.19412446	8.750998e-06	0.98095536	-4.3464543e-17	0	300
3.459000000000143e-10	0.19412401	1.025531e-05	0.9809556	-4.3464546e-17	0	300
3.460000000000143e-10	0.19412354	1.1748556e-05	0.98095566	-4.3464546e-17	0	300
3.4610000000001435e-10	0.19412306	1.3230498e-05	0.9809557	-4.3464543e-17	0	300
3.462000000000144e-10	0.19412254	1.47010705e-05	0.9809559	-4.346454e-17	0	300
3.463000000000144e-10	0.194122	1.6159918e-05	0.98095596	-4.3464546e-17	0	300
3.4640000000001444e-10	0.19412147	1.7606959e-05	0.980956	-4.3464543e-17	0	300
3.4650000000001447e-10	0.19412088	1.9041958e-05	0.9809561	-4.3464546e-17	0	300
3.466000000000145e-10	0.19412032	2.0464802e-05	0.9809562	-4.3464536e-17	0	300
3.4670000000001453e-10	0.19411972	2.1875243e-05	0.98095644	-4.3464546e-17	0	300
3.4680000000001456e-10	0.19411911	2.327306e-05	0.9809565	-4.3464543e-17	0	300
3.469000000000146e-10	0.19411847	2.4658106e-05	0.9809566	-4.346454e-17	0	300
3.470000000000146e-10	0.19411781	2.6030197e-05	0.9809568	-4.3464553e-17	0	300
3.4710000000001465e-10	0.19411716	2.7389124e-05	0.9809569	-4.346455e-17	0	300
3.472000000000147e-10	0.19411647	2.8734716e-05	0.98095703	-4.3464556e-17	0	300
3.473000000000147e-10	0.19411579	3.0066736e-05	0.9809572	-4.3464533e-17	0	300
3.4740000000001474e-10	0.19411504	3.1385083e-05	0.98095727	-4.3464553e-17	0	300
3.475000000000148e-10	0.19411433	3.268958e-05	0.98095745	-4.3464543e-17	0	300
3.476000000000148e-10	0.19411357	3.398006e-05	0.98095757	-4.3464543e-17	0	300
3.4770000000001484e-10	0.19411282	3.5256344e-05	0.98095775	-4.346455e-17	0	300
3.4780000000001487e-10	0.19411203	3.651827e-05	0.98095787	-4.3464536e-17	0	300
3.479000000000149e-10	0.19411123	3.776565e-05	0.980958	-4.3464543e-17	0	300
3.4800000000001493e-10	0.19411042	3.899837e-05	0.9809582	-4.346455e-17	0	300
3.4810000000001496e-10	0.19410962	4.0216324e-05	0.98095834	-4.3464533e-17	0	300
3.48200000000015e-10	0.19410875	4.1419316e-05	0.98095864	-4.346454e-17	0	300
3.48300000000015e-10	0.1941079	4.2607237e-05	0.9809587	-4.3464553e-17	0	300
3.4840000000001505e-10	0.19410706	4.3779888e-05	0.9809589	-4.3464543e-17	0	300
3.485000000000151e-10	0.19410619	4.493715e-05	0.9809592	-4.3464543e-17	0	300
3.486000000000151e-10	0.19410531	4.607887e-05	0.98095924	-4.346454e-17	0	300
3.4870000000001514e-10	0.1941044	4.7204983e-05	0.98095936	-4.3464533e-17	0	300
3.4880000000001517e-10	0.19410346	4.8315436e-05	0.98095965	-4.3464543e-17	0	300
3.489000000000152e-10	0.19410254	4.9410035e-05	0.9809598	-4.3464546e-17	0	300
3.4900000000001524e-10	0.1941016	5.0488656e-05	0.98095995	-4.3464543e-17	0	300
3.4910000000001527e-10	0.19410063	5.1551193e-05	0.98096013	-4.3464536e-17	0	300
3.492000000000153e-10	0.19409968	5.2597592e-05	0.98096037	-4.3464553e-17	0	300
3.4930000000001533e-10	0.1940987	5.3627726e-05	0.9809606	-4.3464543e-17	0	300
3.4940000000001536e-10	0.19409773	5.4641438e-05	0.9809607	-4.3464553e-17	0	300
3.495000000000154e-10	0.19409671	5.5638666e-05	0.9809609	-4.3464546e-17	0	300
3.496000000000154e-10	0.1940957	5.6619338e-05	0.98096114	-4.3464536e-17	0	300
3.4970000000001545e-10	0.19409469	5.7583336e-05	0.9809613	-4.3464546e-17	0	300
3.498000000000155e-10	0.19409366	5.8530626e-05	0.98096156	-4.3464543e-17	0	300
3.499000000000155e-10	0.19409263	5.9461054e-05	0.9809618	-4.3464533e-17	0	300
3.5000000000001554e-10	0.19409157	6.0374685e-05	0.9809619	-4.3464546e-17	0	300
3.5010000000001557e-10	0.19409052	6.127133e-05	0.9809622	-4.3464543e-17	0	300
3.502000000000156e-10	0.19408947	6.215091e-05	0.9809624	-4.3464543e-17	0	300
3.5030000000001563e-10	0.1940884	6.301347e-05	0.98096263	-4.3464526e-17	0	300
3.5040000000001566e-10	0.1940873	6.3858846e-05	0.9809629	-4.346454e-17	0	300
3.505000000000157e-10	0.1940862	6.468699e-05	0.980963	-4.3464543e-17	0	300
3.506000000000157e-10	0.19408512	6.549792e-05	0.9809633	-4.3464543e-17	0	300
3.5070000000001576e-10	0.194084	6.629155e-05	0.98096335	-4.3464536e-17	0	300
3.508000000000158e-10	0.19408289	6.706778e-05	0.9809637	-4.3464553e-17	0	300
3.509000000000158e-10	0.19408175	6.7826695e-05	0.9809639	-4.346454e-17	0	300
3.5100000000001585e-10	0.19408067	6.856815e-05	0.98096406	-4.3464533e-17	0	300
3.511000000000159e-10	0.19407952	6.9292204e-05	0.98096436	-4.3464546e-17	0	300
3.512000000000159e-10	0.19407837	6.999872e-05	0.98096454	-4.346455e-17	0	300
3.5130000000001594e-10	0.19407722	7.068777e-05	0.9809648	-4.3464543e-17	0	300
3.5140000000001597e-10	0.19407609	7.1359325e-05	0.980965	-4.3464543e-17	0	300
3.51500000000016e-10	0.19407494	7.201331e-05	0.9809653	-4.3464536e-17	0	300
3.5160000000001603e-10	0.19407377	7.264977e-05	0.9809655	-4.346455e-17	0	300
3.5170000000001606e-10	0.1940726	7.326863e-05	0.98096573	-4.3464543e-17	0	300
3.518000000000161e-10	0.19407146	7.387004e-05	0.980966	-4.346455e-17	0	300
3.519000000000161e-10	0.19407025	7.4453856e-05	0.9809662	-4.3464543e-17	0	300
3.5200000000001616e-10	0.19406909	7.50201e-05	0.9809665	-4.346453e-17	0	300
3.521000000000162e-10	0.1940679	7.556874e-05	0.9809666	-4.3464543e-17	0	300
3.522000000000162e-10	0.1940667	7.609985e-05	0.98096704	-4.3464543e-17	0	300
3.5230000000001625e-10	0.19406553	7.661341e-05	0.98096716	-4.3464543e-17	0	300
3.524000000000163e-10	0.19406435	7.710946e-05	0.9809674	-4.3464556e-17	0	300
3.525000000000163e-10	0.19406314	7.758803e-05	0.98096764	-4.3464536e-17	0	300
3.5260000000001634e-10	0.19406196	7.8049125e-05	0.9809679	-4.346454e-17	0	300
3.5270000000001637e-10	0.19406077	7.849283e-05	0.9809681	-4.346454e-17	0	300
3.528000000000164e-10	0.19405955	7.891915e-05	0.98096836	-4.346454e-17	0	300
3.5290000000001643e-10	0.19405836	7.9328056e-05	0.98096865	-4.3464533e-17	0	300
3.5300000000001646e-10	0.19405714	7.971963e-05	0.98096883	-4.3464546e-17	0	300
3.531000000000165e-10	0.19405596	8.009384e-05	0.9809691	-4.3464553e-17	0	300
3.532000000000165e-10	0.19405475	8.045081e-05	0.9809693	-4.346454e-17	0	300
3.5330000000001655e-10	0.19405356	8.079059e-05	0.9809695	-4.346454e-17	0	300
3.534000000000166e-10	0.19405235	8.1113256e-05	0.9809698	-4.3464543e-17	0	300
3.535000000000166e-10	0.19405113	8.141888e-05	0.98097	-4.3464543e-17	0	300
3.5360000000001665e-10	0.19404994	8.170745e-05	0.9809703	-4.346455e-17	0	300
3.537000000000167e-10	0.19404873	8.1978986e-05	0.9809705	-4.346455e-17	0	300
3.538000000000167e-10	0.19404753	8.223363e-05	0.98097074	-4.3464536e-17	0	300
3.5390000000001674e-10	0.19404632	8.2471415e-05	0.980971	-4.3464543e-17	0	300
3.5400000000001677e-10	0.19404511	8.2692364e-05	0.98097116	-4.3464553e-17	0	300
3.541000000000168e-10	0.19404392	8.2896535e-05	0.98097146	-4.346456e-17	0	300
3.5420000000001683e-10	0.19404271	8.308401e-05	0.9809717	-4.3464546e-17	0	300
3.5430000000001686e-10	0.19404152	8.325489e-05	0.980972	-4.3464526e-17	0	300
3.544000000000169e-10	0.19404033	8.3409235e-05	0.9809722	-4.3464533e-17	0	300
3.545000000000169e-10	0.19403912	8.354712e-05	0.98097247	-4.3464546e-17	0	300
3.5460000000001695e-10	0.19403791	8.3668616e-05	0.9809727	-4.3464556e-17	0	300
3.54700000000017e-10	0.19403674	8.3773804e-05	0.9809728	-4.346454e-17	0	300
3.54800000000017e-10	0.19403553	8.386277e-05	0.9809731	-4.3464536e-17	0	300
3.5490000000001704e-10	0.19403437	8.3935585e-05	0.9809734	-4.3464536e-17	0	300
3.550000000000171e-10	0.19403318	8.399234e-05	0.9809736	-4.3464543e-17	0	300
3.551000000000171e-10	0.19403198	8.403312e-05	0.98097384	-4.3464543e-17	0	300
3.5520000000001714e-10	0.19403082	8.405803e-05	0.9809741	-4.3464543e-17	0	300
3.5530000000001717e-10	0.19402966	8.4067186e-05	0.9809744	-4.3464543e-17	0	300
3.554000000000172e-10	0.19402848	8.406073e-05	0.9809745	-4.3464536e-17	0	300
3.5550000000001723e-10	0.19402732	8.4038686e-05	0.9809748	-4.3464536e-17	0	300
3.5560000000001726e-10	0.19402617	8.4001156e-05	0.98097503	-4.3464556e-17	0	300
3.557000000000173e-10	0.194025	8.394828e-05	0.9809752	-4.3464543e-17	0	300
3.558000000000173e-10	0.19402385	8.388019e-05	0.9809755	-4.346454e-17	0	300
3.5590000000001735e-10	0.1940227	8.379705e-05	0.98097575	-4.3464546e-17	0	300
3.560000000000174e-10	0.19402157	8.3698906e-05	0.980976	-4.346454e-17	0	300
3.561000000000174e-10	0.19402042	8.358586e-05	0.98097616	-4.3464533e-17	0	300
3.5620000000001744e-10	0.19401929	8.345802e-05	0.98097634	-4.3464546e-17	0	300
3.563000000000175e-10	0.19401817	8.331549e-05	0.98097664	-4.3464543e-17	0	300
3.564000000000175e-10	0.19401705	8.315846e-05	0.9809768	-4.346455e-17	0	300
3.5650000000001754e-10	0.19401594	8.2987106e-05	0.98097706	-4.3464543e-17	0	300
3.5660000000001757e-10	0.19401483	8.280142e-05	0.9809773	-4.3464543e-17	0	300
3.567000000000176e-10	0.19401371	8.2601575e-05	0.98097754	-4.3464553e-17	0	300
3.5680000000001763e-10	0.1940126	8.2387654e-05	0.9809778	-4.346454e-17	0	300
3.5690000000001766e-10	0.19401152	8.215987e-05	0.98097795	-4.346454e-17	0	300
3.570000000000177e-10	0.19401044	8.1918246e-05	0.98097813	-4.346455e-17	0	300
3.571000000000177e-10	0.19400936	8.1662954e-05	0.9809785	-4.346454e-17	0	300
3.5720000000001775e-10	0.19400829	8.139407e-05	0.9809786	-4.3464546e-17	0	300
3.573000000000178e-10	0.19400723	8.1111844e-05	0.9809787	-4.346454e-17	0	300
3.574000000000178e-10	0.19400617	8.081641e-05	0.9809791	-4.3464543e-17	0	300
3.5750000000001784e-10	0.19400512	8.050782e-05	0.98097926	-4.346454e-17	0	300
3.5760000000001787e-10	0.19400409	8.018624e-05	0.9809795	-4.3464553e-17	0	300
3.577000000000179e-10	0.19400305	7.9851845e-05	0.9809797	-4.3464536e-17	0	300
3.5780000000001793e-10	0.19400203	7.950474e-05	0.9809798	-4.346454e-17	0	300
3.5790000000001797e-10	0.19400099	7.9145095e-05	0.98098004	-4.346455e-17	0	300
3.58000000000018e-10	0.19399999	7.877307e-05	0.9809803	-4.346455e-17	0	300
3.5810000000001803e-10	0.19399899	7.838869e-05	0.98098046	-4.3464546e-17	0	300
3.5820000000001806e-10	0.19399798	7.79922e-05	0.98098063	-4.3464556e-17	0	300
3.583000000000181e-10	0.193997	7.758375e-05	0.9809809	-4.3464546e-17	0	300
3.584000000000181e-10	0.19399603	7.716345e-05	0.9809811	-4.3464543e-17	0	300
3.5850000000001815e-10	0.19399506	7.673153e-05	0.9809813	-4.3464533e-17	0	300
3.586000000000182e-10	0.1939941	7.628804e-05	0.98098147	-4.346455e-17	0	300
3.587000000000182e-10	0.19399314	7.583324e-05	0.9809816	-4.3464546e-17	0	300
3.5880000000001824e-10	0.1939922	7.536721e-05	0.9809818	-4.346454e-17	0	300
3.5890000000001827e-10	0.19399124	7.489012e-05	0.98098207	-4.3464543e-17	0	300
3.590000000000183e-10	0.19399032	7.440209e-05	0.98098224	-4.3464526e-17	0	300
3.5910000000001833e-10	0.19398941	7.39034e-05	0.98098236	-4.3464543e-17	0	300
3.5920000000001836e-10	0.1939885	7.339412e-05	0.98098254	-4.3464563e-17	0	300
3.593000000000184e-10	0.19398761	7.287439e-05	0.9809828	-4.3464546e-17	0	300
3.594000000000184e-10	0.19398674	7.2344425e-05	0.9809829	-4.346455e-17	0	300
3.5950000000001846e-10	0.19398583	7.18044e-05	0.9809831	-4.3464543e-17	0	300
3.596000000000185e-10	0.19398499	7.12544e-05	0.9809833	-4.3464543e-17	0	300
3.597000000000185e-10	0.19398415	7.069467e-05	0.98098344	-4.3464546e-17	0	300
3.5980000000001855e-10	0.19398326	7.0125294e-05	0.98098356	-4.3464546e-17	0	300
3.599000000000186e-10	0.19398242	6.954655e-05	0.9809837	-4.3464533e-17	0	300
3.600000000000186e-10	0.19398162	6.8958536e-05	0.980984	-4.3464533e-17	0	300
3.6010000000001864e-10	0.19398078	6.83614e-05	0.98098415	-4.3464536e-17	0	300
3.6020000000001867e-10	0.19398	6.7755354e-05	0.9809842	-4.3464543e-17	0	300
3.603000000000187e-10	0.19397919	6.7140594e-05	0.98098445	-4.3464536e-17	0	300
3.6040000000001873e-10	0.1939784	6.651722e-05	0.9809846	-4.3464556e-17	0	300
3.6050000000001876e-10	0.19397764	6.5885426e-05	0.98098475	-4.3464536e-17	0	300
3.606000000000188e-10	0.19397688	6.524539e-05	0.98098487	-4.3464543e-17	0	300
3.607000000000188e-10	0.19397612	6.459727e-05	0.9809849	-4.3464536e-17	0	300
3.6080000000001885e-10	0.19397539	6.3941276e-05	0.9809853	-4.346455e-17	0	300
3.609000000000189e-10	0.19397464	6.327747e-05	0.98098534	-4.3464546e-17	0	300
3.610000000000189e-10	0.19397393	6.260621e-05	0.98098546	-4.3464546e-17	0	300
3.6110000000001895e-10	0.19397321	6.192758e-05	0.9809856	-4.3464546e-17	0	300
3.61200000000019e-10	0.19397253	6.1241735e-05	0.9809858	-4.3464536e-17	0	300
3.61300000000019e-10	0.19397183	6.0548908e-05	0.9809859	-4.346455e-17	0	300
3.6140000000001904e-10	0.19397119	5.9849204e-05	0.980986	-4.346454e-17	0	300
3.6150000000001907e-10	0.19397052	5.914279e-05	0.9809861	-4.346455e-17	0	300
3.616000000000191e-10	0.19396985	5.8429836e-05	0.98098624	-4.3464543e-17	0	300
3.6170000000001913e-10	0.1939692	5.7710553e-05	0.9809865	-4.346454e-17	0	300
3.6180000000001916e-10	0.1939686	5.6985136e-05	0.9809866	-4.3464543e-17	0	300
3.619000000000192e-10	0.19396798	5.6253724e-05	0.9809867	-4.3464546e-17	0	300
3.620000000000192e-10	0.19396737	5.551651e-05	0.9809868	-4.3464536e-17	0	300
3.6210000000001925e-10	0.19396678	5.4773674e-05	0.9809869	-4.3464546e-17	0	300
3.622000000000193e-10	0.1939662	5.402531e-05	0.9809871	-4.3464543e-17	0	300
3.623000000000193e-10	0.19396564	5.327175e-05	0.9809872	-4.3464546e-17	0	300
3.6240000000001935e-10	0.19396508	5.251304e-05	0.98098725	-4.346455e-17	0	300
3.625000000000194e-10	0.19396454	5.174935e-05	0.9809873	-4.3464546e-17	0	300
3.626000000000194e-10	0.19396399	5.098096e-05	0.9809874	-4.3464536e-17	0	300
3.6270000000001944e-10	0.19396348	5.0207924e-05	0.98098755	-4.3464536e-17	0	300
3.6280000000001947e-10	0.19396296	4.9430553e-05	0.98098767	-4.3464546e-17	0	300
3.629000000000195e-10	0.19396247	4.8648846e-05	0.98098785	-4.346454e-17	0	300
3.6300000000001953e-10	0.19396198	4.7863083e-05	0.98098797	-4.3464536e-17	0	300
3.6310000000001956e-10	0.1939615	4.7073412e-05	0.980988	-4.3464536e-17	0	300
3.632000000000196e-10	0.19396105	4.6280056e-05	0.9809881	-4.3464546e-17	0	300
3.633000000000196e-10	0.1939606	4.548304e-05	0.98098814	-4.3464553e-17	0	300
3.6340000000001965e-10	0.19396016	4.4682693e-05	0.9809882	-4.3464546e-17	0	300
3.635000000000197e-10	0.19395974	4.3878936e-05	0.9809883	-4.346455e-17	0	300
3.636000000000197e-10	0.19395931	4.3072214e-05	0.98098844	-4.3464543e-17	0	300
3.6370000000001974e-10	0.19395891	4.2262556e-05	0.98098856	-4.3464543e-17	0	300
3.638000000000198e-10	0.19395849	4.1450145e-05	0.9809886	-4.3464536e-17	0	300
3.639000000000198e-10	0.19395813	4.063518e-05	0.9809887	-4.346453e-17	0	300
3.6400000000001984e-10	0.19395776	3.9817707e-05	0.9809888	-4.3464536e-17	0	300
3.6410000000001987e-10	0.19395739	3.899806e-05	0.9809888	-4.346454e-17	0	300
3.642000000000199e-10	0.19395706	3.8176404e-05	0.98098886	-4.3464546e-17	0	300
3.6430000000001993e-10	0.19395673	3.7352744e-05	0.9809889	-4.3464533e-17	0	300
3.6440000000001996e-10	0.1939564	3.6527457e-05	0.980989	-4.3464543e-17	0	300
3.6450000000002e-10	0.1939561	3.570057e-05	0.98098904	-4.346455e-17	0	300
3.6460000000002e-10	0.19395581	3.4872242e-05	0.98098916	-4.346453e-17	0	300
3.6470000000002005e-10	0.19395553	3.404278e-05	0.98098916	-4.3464546e-17	0	300
3.648000000000201e-10	0.19395524	3.3212134e-05	0.98098916	-4.3464546e-17	0	300
3.649000000000201e-10	0.19395497	3.238067e-05	0.9809893	-4.3464543e-17	0	300
3.6500000000002014e-10	0.19395474	3.1548487e-05	0.98098934	-4.346454e-17	0	300
3.6510000000002017e-10	0.1939545	3.071582e-05	0.9809894	-4.3464543e-17	0	300
3.652000000000202e-10	0.19395429	2.9882704e-05	0.98098946	-4.3464546e-17	0	300
3.6530000000002023e-10	0.19395408	2.9049246e-05	0.9809895	-4.3464543e-17	0	300
3.6540000000002027e-10	0.19395386	2.8215749e-05	0.9809895	-4.3464543e-17	0	300
3.655000000000203e-10	0.19395366	2.7382275e-05	0.9809896	-4.3464546e-17	0	300
3.6560000000002033e-10	0.19395351	2.6549053e-05	0.9809896	-4.346454e-17	0	300
3.6570000000002036e-10	0.19395332	2.5716008e-05	0.98098963	-4.346455e-17	0	300
3.658000000000204e-10	0.19395316	2.4883406e-05	0.98098963	-4.346454e-17	0	300
3.659000000000204e-10	0.19395302	2.4051506e-05	0.9809897	-4.346455e-17	0	300
3.6600000000002045e-10	0.19395289	2.3220398e-05	0.98098975	-4.3464536e-17	0	300
3.661000000000205e-10	0.19395275	2.2390217e-05	0.98098975	-4.346454e-17	0	300
3.662000000000205e-10	0.19395265	2.1561116e-05	0.98098975	-4.3464536e-17	0	300
3.6630000000002054e-10	0.19395253	2.073322e-05	0.98098975	-4.346455e-17	0	300
3.6640000000002057e-10	0.19395246	1.9906645e-05	0.9809898	-4.3464546e-17	0	300
3.665000000000206e-10	0.19395238	1.9081532e-05	0.9809898	-4.346454e-17	0	300
3.6660000000002063e-10	0.1939523	1.8258059e-05	0.9809898	-4.3464546e-17	0	300
3.6670000000002066e-10	0.19395226	1.7436361e-05	0.9809899	-4.3464543e-17	0	300
3.668000000000207e-10	0.1939522	1.661652e-05	0.9809899	-4.3464536e-17	0	300
3.669000000000207e-10	0.19395219	1.5798785e-05	0.9809899	-4.3464536e-17	0	300
3.6700000000002076e-10	0.19395214	1.4983276e-05	0.98098993	-4.346455e-17	0	300
3.671000000000208e-10	0.19395213	1.41701075e-05	0.9809898	-4.3464543e-17	0	300
3.672000000000208e-10	0.19395214	1.3359409e-05	0.9809898	-4.346455e-17	0	300
3.6730000000002085e-10	0.19395214	1.255134e-05	0.9809898	-4.3464546e-17	0	300
3.674000000000209e-10	0.19395214	1.17460295e-05	0.9809899	-4.346455e-17	0	300
3.675000000000209e-10	0.19395217	1.0943608e-05	0.9809898	-4.346455e-17	0	300
3.6760000000002094e-10	0.19395222	1.0144193e-05	0.9809898	-4.3464536e-17	0	300
3.6770000000002097e-10	0.19395228	9.347899e-06	0.9809899	-4.346453e-17	0	300
3.67800000000021e-10	0.19395232	8.554824e-06	0.9809898	-4.346454e-17	0	300
3.6790000000002103e-10	0.1939524	7.765101e-06	0.9809898	-4.346454e-17	0	300
3.6800000000002106e-10	0.19395247	6.9789094e-06	0.9809899	-4.3464546e-17	0	300
3.681000000000211e-10	0.19395256	6.1962905e-06	0.9809899	-4.346455e-17	0	300
3.682000000000211e-10	0.19395265	5.417418e-06	0.9809897	-4.3464556e-17	0	300
3.6830000000002116e-10	0.19395277	4.6424434e-06	0.9809897	-4.3464553e-17	0	300
3.684000000000212e-10	0.19395287	3.8713974e-06	0.9809897	-4.346454e-17	0	300
3.685000000000212e-10	0.193953	3.1045001e-06	0.9809897	-4.346453e-17	0	300
3.6860000000002125e-10	0.19395314	2.341723e-06	0.9809897	-4.346454e-17	0	300
3.687000000000213e-10	0.19395328	1.5831818e-06	0.9809896	-4.3464546e-17	0	300
3.688000000000213e-10	0.19395345	8.289933e-07	0.9809896	-4.3464543e-17	0	300
3.6890000000002134e-10	0.19395357	7.929361e-08	0.9809896	-4.3464553e-17	0	300
3.6900000000002137e-10	0.19395374	-6.6582027e-07	0.9809895	-4.346455e-17	0	300
3.691000000000214e-10	0.19395393	-1.4062875e-06	0.9809896	-4.3464533e-17	0	300
3.6920000000002143e-10	0.19395411	-2.1420349e-06	0.9809895	-4.3464536e-17	0	300
3.6930000000002146e-10	0.1939543	-2.8728903e-06	0.98098946	-4.3464546e-17	0	300
3.694000000000215e-10	0.19395451	-3.598817e-06	0.98098946	-4.3464543e-17	0	300
3.695000000000215e-10	0.19395472	-4.3196164e-06	0.9809894	-4.3464546e-17	0	300
3.6960000000002155e-10	0.19395493	-5.035264e-06	0.9809892	-4.3464536e-17	0	300
3.697000000000216e-10	0.19395518	-5.7457096e-06	0.98098916	-4.346454e-17	0	300
3.698000000000216e-10	0.19395542	-6.4508163e-06	0.98098916	-4.3464543e-17	0	300
3.6990000000002165e-10	0.19395566	-7.1505256e-06	0.98098916	-4.3464546e-17	0	300
3.700000000000217e-10	0.1939559	-7.844706e-06	0.9809891	-4.3464546e-17	0	300
3.701000000000217e-10	0.19395614	-8.533333e-06	0.9809891	-4.3464543e-17	0	300
3.7020000000002174e-10	0.1939564	-9.216399e-06	0.9809891	-4.346455e-17	0	300
3.7030000000002177e-10	0.19395669	-9.893627e-06	0.98098904	-4.346454e-17	0	300
3.704000000000218e-10	0.19395697	-1.0564927e-05	0.980989	-4.3464536e-17	0	300
3.7050000000002183e-10	0.19395724	-1.1230411e-05	0.98098886	-4.3464543e-17	0	300
3.7060000000002186e-10	0.19395758	-1.18897515e-05	0.98098886	-4.346454e-17	0	300
3.707000000000219e-10	0.19395787	-1.2542853e-05	0.9809887	-4.346454e-17	0	300
3.708000000000219e-10	0.1939582	-1.3189719e-05	0.9809886	-4.3464546e-17	0	300
3.7090000000002195e-10	0.1939585	-1.3830328e-05	0.9809886	-4.3464536e-17	0	300
3.71000000000022e-10	0.19395885	-1.44644055e-05	0.98098856	-4.346455e-17	0	300
3.71100000000022e-10	0.1939592	-1.5092012e-05	0.9809885	-4.346453e-17	0	300
3.7120000000002204e-10	0.19395955	-1.5712936e-05	0.98098844	-4.346455e-17	0	300
3.713000000000221e-10	0.19395989	-1.6327192e-05	0.98098826	-4.346454e-17	0	300
3.714000000000221e-10	0.19396025	-1.6934822e-05	0.98098826	-4.3464533e-17	0	300
3.7150000000002214e-10	0.1939606	-1.7535516e-05	0.98098814	-4.346454e-17	0	300
3.7160000000002217e-10	0.193961	-1.8129442e-05	0.9809881	-4.3464546e-17	0	300
3.717000000000222e-10	0.19396138	-1.8716371e-05	0.980988	-4.346454e-17	0	300
3.7180000000002223e-10	0.19396175	-1.929632e-05	0.980988	-4.346454e-17	0	300
3.7190000000002226e-10	0.19396214	-1.986934e-05	0.9809879	-4.346454e-17	0	300
3.720000000000223e-10	0.19396254	-2.0435198e-05	0.9809878	-4.3464546e-17	0	300
3.721000000000223e-10	0.19396296	-2.0993884e-05	0.9809878	-4.3464546e-17	0	300
3.7220000000002235e-10	0.19396338	-2.1545398e-05	0.9809876	-4.346454e-17	0	300
3.723000000000224e-10	0.19396377	-2.2089662e-05	0.98098755	-4.346454e-17	0	300
3.724000000000224e-10	0.19396418	-2.2626655e-05	0.9809875	-4.346454e-17	0	300
3.7250000000002244e-10	0.19396462	-2.3156303e-05	0.98098737	-4.3464536e-17	0	300
3.7260000000002247e-10	0.19396506	-2.3678575e-05	0.98098725	-4.3464543e-17	0	300
3.727000000000225e-10	0.1939655	-2.4193298e-05	0.9809872	-4.346453e-17	0	300
3.7280000000002254e-10	0.19396593	-2.4700646e-05	0.9809872	-4.3464543e-17	0	300
3.7290000000002257e-10	0.19396639	-2.5200346e-05	0.980987	-4.346454e-17	0	300
3.730000000000226e-10	0.19396682	-2.5692476e-05	0.98098695	-4.3464533e-17	0	300
3.7310000000002263e-10	0.1939673	-2.6176922e-05	0.98098683	-4.3464546e-17	0	300
3.7320000000002266e-10	0.19396774	-2.6653708e-05	0.9809867	-4.3464546e-17	0	300
3.733000000000227e-10	0.19396824	-2.7122675e-05	0.98098665	-4.3464536e-17	0	300
3.734000000000227e-10	0.1939687	-2.758392e-05	0.9809866	-4.3464536e-17	0	300
3.7350000000002275e-10	0.19396919	-2.8037372e-05	0.9809865	-4.3464553e-17	0	300
3.736000000000228e-10	0.19396967	-2.848293e-05	0.9809864	-4.3464533e-17	0	300
3.737000000000228e-10	0.19397016	-2.8920473e-05	0.9809863	-4.3464536e-17	0	300
3.7380000000002284e-10	0.19397067	-2.9350202e-05	0.9809861	-4.3464543e-17	0	300
3.7390000000002287e-10	0.19397114	-2.9771974e-05	0.98098606	-4.3464553e-17	0	300
3.740000000000229e-10	0.19397165	-3.018571e-05	0.980986	-4.3464546e-17	0	300
3.7410000000002293e-10	0.19397216	-3.059139e-05	0.980986	-4.346455e-17	0	300
3.7420000000002296e-10	0.19397265	-3.098903e-05	0.98098576	-4.3464546e-17	0	300
3.74300000000023e-10	0.19397318	-3.1378557e-05	0.9809856	-4.3464553e-17	0	300
3.7440000000002303e-10	0.19397369	-3.1760017e-05	0.9809856	-4.3464543e-17	0	300
3.7450000000002306e-10	0.19397423	-3.213334e-05	0.9809855	-4.3464546e-17	0	300
3.746000000000231e-10	0.19397473	-3.2498494e-05	0.9809854	-4.3464553e-17	0	300
3.747000000000231e-10	0.19397524	-3.2855507e-05	0.98098534	-4.346455e-17	0	300
3.7480000000002315e-10	0.19397578	-3.320429e-05	0.98098516	-4.3464546e-17	0	300
3.749000000000232e-10	0.19397631	-3.354496e-05	0.98098505	-4.3464546e-17	0	300
3.750000000000232e-10	0.19397685	-3.387733e-05	0.9809849	-4.3464543e-17	0	300
3.7510000000002324e-10	0.19397739	-3.4201563e-05	0.9809848	-4.346454e-17	0	300
3.7520000000002327e-10	0.19397795	-3.451752e-05	0.9809848	-4.3464543e-17	0	300
3.753000000000233e-10	0.19397846	-3.482528e-05	0.9809846	-4.3464543e-17	0	300
3.7540000000002333e-10	0.19397901	-3.51248e-05	0.98098457	-4.3464553e-17	0	300
3.7550000000002336e-10	0.19397956	-3.5416073e-05	0.98098445	-4.346455e-17	0	300
3.756000000000234e-10	0.19398011	-3.569911e-05	0.98098433	-4.346454e-17	0	300
3.757000000000234e-10	0.19398066	-3.597395e-05	0.98098415	-4.346455e-17	0	300
3.7580000000002346e-10	0.19398122	-3.624051e-05	0.980984	-4.3464543e-17	0	300
3.759000000000235e-10	0.19398178	-3.6498815e-05	0.9809839	-4.346454e-17	0	300
3.760000000000235e-10	0.19398233	-3.674894e-05	0.98098385	-4.3464543e-17	0	300
3.7610000000002355e-10	0.1939829	-3.6990812e-05	0.9809838	-4.3464546e-17	0	300
3.762000000000236e-10	0.19398347	-3.722444e-05	0.9809837	-4.3464543e-17	0	300
3.763000000000236e-10	0.19398402	-3.7449903e-05	0.9809835	-4.3464546e-17	0	300
3.7640000000002364e-10	0.19398457	-3.7667145e-05	0.9809834	-4.346455e-17	0	300
3.7650000000002367e-10	0.19398513	-3.7876263e-05	0.98098326	-4.3464543e-17	0	300
3.766000000000237e-10	0.1939857	-3.807717e-05	0.9809832	-4.3464546e-17	0	300
3.7670000000002373e-10	0.19398628	-3.8269827e-05	0.98098314	-4.3464543e-17	0	300
3.7680000000002376e-10	0.19398683	-3.84544e-05	0.9809829	-4.3464533e-17	0	300
3.769000000000238e-10	0.19398738	-3.8630875e-05	0.98098284	-4.346453e-17	0	300
3.770000000000238e-10	0.19398797	-3.8799204e-05	0.98098266	-4.346454e-17	0	300
3.7710000000002385e-10	0.19398853	-3.8959475e-05	0.9809826	-4.3464543e-17	0	300
3.772000000000239e-10	0.1939891	-3.9111666e-05	0.9809825	-4.3464553e-17	0	300
3.773000000000239e-10	0.19398965	-3.9255814e-05	0.9809823	-4.346455e-17	0	300
3.7740000000002395e-10	0.19399023	-3.9391998e-05	0.98098224	-4.346454e-17	0	300
3.77500000000024e-10	0.19399081	-3.9520255e-05	0.9809822	-4.346454e-17	0	300
3.77600000000024e-10	0.19399138	-3.9640545e-05	0.98098207	-4.346455e-17	0	300
3.7770000000002404e-10	0.1939919	-3.9752857e-05	0.980982	-4.3464533e-17	0	300
3.7780000000002407e-10	0.19399248	-3.9857332e-05	0.98098195	-4.3464543e-17	0	300
3.779000000000241e-10	0.19399306	-3.9953844e-05	0.98098165	-4.3464546e-17	0	300
3.7800000000002413e-10	0.1939936	-4.004261e-05	0.9809815	-4.3464543e-17	0	300
3.7810000000002416e-10	0.19399418	-4.012354e-05	0.9809815	-4.346454e-17	0	300
3.782000000000242e-10	0.19399476	-4.019675e-05	0.9809814	-4.3464543e-17	0	300
3.783000000000242e-10	0.1939953	-4.026229e-05	0.9809813	-4.3464543e-17	0	300
3.7840000000002425e-10	0.19399588	-4.0320116e-05	0.9809812	-4.3464546e-17	0	300
3.785000000000243e-10	0.1939964	-4.0370407e-05	0.98098105	-4.3464536e-17	0	300
3.786000000000243e-10	0.19399698	-4.0413088e-05	0.980981	-4.3464546e-17	0	300
3.7870000000002435e-10	0.19399752	-4.0448165e-05	0.9809808	-4.346455e-17	0	300
3.788000000000244e-10	0.19399808	-4.0475858e-05	0.98098075	-4.346454e-17	0	300
3.789000000000244e-10	0.1939986	-4.0496172e-05	0.9809806	-4.3464543e-17	0	300
3.7900000000002444e-10	0.19399917	-4.0509047e-05	0.98098046	-4.3464536e-17	0	300
3.7910000000002447e-10	0.19399972	-4.0514562e-05	0.9809804	-4.3464546e-17	0	300
3.792000000000245e-10	0.19400027	-4.0512845e-05	0.98098034	-4.3464543e-17	0	300
3.7930000000002453e-10	0.1940008	-4.0503863e-05	0.9809803	-4.3464546e-17	0	300
3.7940000000002456e-10	0.19400135	-4.0487746e-05	0.98098004	-4.3464543e-17	0	300
3.795000000000246e-10	0.19400188	-4.046451e-05	0.98097986	-4.3464536e-17	0	300
3.796000000000246e-10	0.1940024	-4.043419e-05	0.9809798	-4.3464546e-17	0	300
3.7970000000002465e-10	0.19400296	-4.0396902e-05	0.98097974	-4.3464543e-17	0	300
3.798000000000247e-10	0.19400346	-4.035265e-05	0.9809797	-4.3464543e-17	0	300
3.799000000000247e-10	0.194004	-4.0301464e-05	0.9809796	-4.3464533e-17	0	300
3.8000000000002474e-10	0.19400454	-4.0243423e-05	0.9809794	-4.3464543e-17	0	300
3.801000000000248e-10	0.19400504	-4.0178613e-05	0.9809793	-4.3464543e-17	0	300
3.802000000000248e-10	0.19400558	-4.0107e-05	0.9809792	-4.3464546e-17	0	300
3.8030000000002484e-10	0.19400609	-4.002873e-05	0.9809791	-4.3464543e-17	0	300
3.8040000000002487e-10	0.19400662	-3.9943763e-05	0.980979	-4.346453e-17	0	300
3.805000000000249e-10	0.19400711	-3.9852268e-05	0.98097885	-4.3464533e-17	0	300
3.8060000000002493e-10	0.19400764	-3.975425e-05	0.9809787	-4.3464556e-17	0	300
3.8070000000002496e-10	0.19400814	-3.9649753e-05	0.98097867	-4.346455e-17	0	300
3.80800000000025e-10	0.19400865	-3.9538972e-05	0.9809786	-4.3464533e-17	0	300
3.80900000000025e-10	0.19400916	-3.9421746e-05	0.9809785	-4.346454e-17	0	300
3.8100000000002505e-10	0.19400966	-3.929821e-05	0.9809784	-4.3464536e-17	0	300
3.811000000000251e-10	0.19401014	-3.9168386e-05	0.9809783	-4.3464536e-17	0	300
3.812000000000251e-10	0.19401065	-3.9032515e-05	0.98097825	-4.3464546e-17	0	300
3.8130000000002514e-10	0.19401114	-3.8890368e-05	0.980978	-4.3464533e-17	0	300
3.8140000000002517e-10	0.19401163	-3.8742208e-05	0.98097795	-4.3464543e-17	0	300
3.815000000000252e-10	0.1940121	-3.8587994e-05	0.9809779	-4.3464543e-17	0	300
3.8160000000002523e-10	0.1940126	-3.8427832e-05	0.98097783	-4.3464553e-17	0	300
3.8170000000002527e-10	0.19401306	-3.8261755e-05	0.9809777	-4.3464533e-17	0	300
3.818000000000253e-10	0.19401354	-3.808987e-05	0.9809776	-4.3464536e-17	0	300
3.8190000000002533e-10	0.194014	-3.791224e-05	0.98097754	-4.3464536e-17	0	300
3.8200000000002536e-10	0.19401449	-3.772893e-05	0.9809775	-4.346454e-17	0	300
3.821000000000254e-10	0.19401495	-3.7539994e-05	0.98097736	-4.3464533e-17	0	300
3.822000000000254e-10	0.19401541	-3.7345493e-05	0.9809773	-4.3464546e-17	0	300
3.8230000000002545e-10	0.19401586	-3.714546e-05	0.98097706	-4.3464536e-17	0	300
3.824000000000255e-10	0.19401631	-3.694002e-05	0.980977	-4.3464543e-17	0	300
3.825000000000255e-10	0.19401677	-3.6729183e-05	0.98097694	-4.3464543e-17	0	300
3.8260000000002554e-10	0.19401722	-3.6513153e-05	0.9809769	-4.3464543e-17	0	300
3.8270000000002557e-10	0.19401765	-3.629186e-05	0.98097676	-4.3464546e-17	0	300
3.828000000000256e-10	0.19401808	-3.60655e-05	0.9809767	-4.346454e-17	0	300
3.8290000000002563e-10	0.19401853	-3.5834022e-05	0.98097664	-4.3464546e-17	0	300
3.8300000000002566e-10	0.19401895	-3.5597546e-05	0.98097646	-4.3464536e-17	0	300
3.831000000000257e-10	0.19401936	-3.53561e-05	0.9809764	-4.3464536e-17	0	300
3.832000000000257e-10	0.1940198	-3.510987e-05	0.98097634	-4.3464536e-17	0	300
3.8330000000002576e-10	0.1940202	-3.485883e-05	0.98097634	-4.3464543e-17	0	300
3.834000000000258e-10	0.1940206	-3.4603072e-05	0.9809762	-4.3464536e-17	0	300
3.835000000000258e-10	0.19402103	-3.4342745e-05	0.9809761	-4.346455e-17	0	300
3.8360000000002585e-10	0.1940214	-3.407783e-05	0.98097605	-4.3464556e-17	0	300
3.837000000000259e-10	0.1940218	-3.380847e-05	0.9809759	-4.3464543e-17	0	300
3.838000000000259e-10	0.19402221	-3.3534685e-05	0.9809758	-4.3464536e-17	0	300
3.8390000000002594e-10	0.19402258	-3.3256598e-05	0.98097575	-4.3464536e-17	0	300
3.8400000000002597e-10	0.19402297	-3.2974334e-05	0.9809757	-4.3464543e-17	0	300
3.84100000000026e-10	0.19402333	-3.2687843e-05	0.9809756	-4.3464543e-17	0	300
3.8420000000002603e-10	0.19402373	-3.2397285e-05	0.98097557	-4.3464543e-17	0	300
3.8430000000002606e-10	0.19402409	-3.2102726e-05	0.98097557	-4.346455e-17	0	300
3.844000000000261e-10	0.19402446	-3.1804204e-05	0.9809755	-4.3464536e-17	0	300
3.845000000000261e-10	0.1940248	-3.1501877e-05	0.98097533	-4.346454e-17	0	300
3.8460000000002615e-10	0.19402516	-3.1195774e-05	0.9809753	-4.346454e-17	0	300
3.847000000000262e-10	0.19402552	-3.0885978e-05	0.9809752	-4.346454e-17	0	300
3.848000000000262e-10	0.19402584	-3.057258e-05	0.98097515	-4.3464546e-17	0	300
3.8490000000002625e-10	0.19402617	-3.025561e-05	0.98097515	-4.346455e-17	0	300
3.850000000000263e-10	0.1940265	-2.9935316e-05	0.98097503	-4.3464543e-17	0	300
3.851000000000263e-10	0.19402684	-2.961163e-05	0.9809749	-4.3464536e-17	0	300
3.8520000000002634e-10	0.19402716	-2.928457e-05	0.9809749	-4.346454e-17	0	300
3.8530000000002637e-10	0.19402748	-2.8954384e-05	0.9809748	-4.3464533e-17	0	300
3.854000000000264e-10	0.19402778	-2.862108e-05	0.9809748	-4.346454e-17	0	300
3.8550000000002643e-10	0.19402808	-2.8284638e-05	0.9809746	-4.3464543e-17	0	300
3.8560000000002646e-10	0.19402839	-2.7945292e-05	0.9809746	-4.3464543e-17	0	300
3.857000000000265e-10	0.19402869	-2.7603028e-05	0.98097456	-4.346454e-17	0	300
3.858000000000265e-10	0.19402899	-2.7257904e-05	0.9809745	-4.346454e-17	0	300
3.8590000000002655e-10	0.19402926	-2.6910117e-05	0.98097444	-4.3464536e-17	0	300
3.860000000000266e-10	0.19402954	-2.6559737e-05	0.9809744	-4.3464543e-17	0	300
3.861000000000266e-10	0.19402981	-2.62067e-05	0.9809744	-4.3464546e-17	0	300
3.8620000000002665e-10	0.19403009	-2.5851179e-05	0.9809743	-4.3464536e-17	0	300
3.863000000000267e-10	0.19403034	-2.5493282e-05	0.9809743	-4.3464543e-17	0	300
3.864000000000267e-10	0.19403061	-2.5133095e-05	0.9809742	-4.3464546e-17	0	300
3.8650000000002674e-10	0.19403085	-2.4770568e-05	0.9809742	-4.3464536e-17	0	300
3.8660000000002677e-10	0.1940311	-2.4405927e-05	0.9809741	-4.3464543e-17	0	300
3.867000000000268e-10	0.19403133	-2.4039213e-05	0.980974	-4.3464553e-17	0	300
3.8680000000002683e-10	0.1940316	-2.3670354e-05	0.98097396	-4.3464543e-17	0	300
3.8690000000002686e-10	0.19403179	-2.3299674e-05	0.98097396	-4.346454e-17	0	300
3.870000000000269e-10	0.19403204	-2.2927117e-05	0.9809739	-4.3464543e-17	0	300
3.871000000000269e-10	0.19403224	-2.2552886e-05	0.9809739	-4.3464536e-17	0	300
3.8720000000002695e-10	0.19403246	-2.2176873e-05	0.98097384	-4.346454e-17	0	300
3.87300000000027e-10	0.19403267	-2.1799227e-05	0.98097384	-4.3464543e-17	0	300
3.87400000000027e-10	0.19403288	-2.1420134e-05	0.9809738	-4.3464533e-17	0	300
3.8750000000002704e-10	0.19403306	-2.1039546e-05	0.9809738	-4.3464543e-17	0	300
3.876000000000271e-10	0.19403325	-2.0657732e-05	0.9809737	-4.346454e-17	0	300
3.877000000000271e-10	0.19403343	-2.0274609e-05	0.9809736	-4.3464536e-17	0	300
3.8780000000002714e-10	0.19403362	-1.9890194e-05	0.9809737	-4.346454e-17	0	300
3.8790000000002717e-10	0.19403379	-1.9504621e-05	0.9809736	-4.346454e-17	0	300
3.880000000000272e-10	0.19403395	-1.9118084e-05	0.9809736	-4.346455e-17	0	300
3.8810000000002723e-10	0.19403411	-1.8730601e-05	0.9809735	-4.3464546e-17	0	300
3.8820000000002726e-10	0.19403428	-1.8342143e-05	0.98097336	-4.346455e-17	0	300
3.883000000000273e-10	0.19403443	-1.7952872e-05	0.98097336	-4.3464546e-17	0	300
3.884000000000273e-10	0.19403458	-1.756281e-05	0.98097336	-4.346453e-17	0	300
3.8850000000002735e-10	0.19403473	-1.7172051e-05	0.98097324	-4.3464543e-17	0	300
3.886000000000274e-10	0.19403486	-1.6780672e-05	0.98097336	-4.3464546e-17	0	300
3.887000000000274e-10	0.194035	-1.6388825e-05	0.98097336	-4.3464536e-17	0	300
3.8880000000002744e-10	0.19403511	-1.5996444e-05	0.98097324	-4.3464543e-17	0	300
3.8890000000002747e-10	0.19403525	-1.5603677e-05	0.98097324	-4.346454e-17	0	300
3.890000000000275e-10	0.19403535	-1.5210515e-05	0.98097324	-4.3464546e-17	0	300
3.8910000000002754e-10	0.19403547	-1.48169875e-05	0.98097324	-4.3464543e-17	0	300
3.8920000000002757e-10	0.19403557	-1.4423299e-05	0.98097324	-4.3464546e-17	0	300
3.893000000000276e-10	0.19403568	-1.4029545e-05	0.98097324	-4.346454e-17	0	300
3.8940000000002763e-10	0.19403577	-1.3635725e-05	0.9809731	-4.3464546e-17	0	300
3.8950000000002766e-10	0.19403586	-1.324177e-05	0.9809731	-4.346455e-17	0	300
3.896000000000277e-10	0.19403598	-1.2847899e-05	0.9809731	-4.346455e-17	0	300
3.897000000000277e-10	0.19403604	-1.2454196e-05	0.9809731	-4.346454e-17	0	300
3.8980000000002775e-10	0.19403611	-1.2060573e-05	0.9809731	-4.3464546e-17	0	300
3.899000000000278e-10	0.19403619	-1.1667254e-05	0.9809731	-4.346455e-17	0	300
3.900000000000278e-10	0.19403625	-1.1274308e-05	0.980973	-4.346455e-17	0	300
3.9010000000002784e-10	0.1940363	-1.0881784e-05	0.9809731	-4.3464536e-17	0	300
3.9020000000002787e-10	0.19403638	-1.048963e-05	0.980973	-4.3464546e-17	0	300
3.903000000000279e-10	0.19403642	-1.0097898e-05	0.980973	-4.3464546e-17	0	300
3.9040000000002793e-10	0.19403647	-9.706698e-06	0.980973	-4.3464546e-17	0	300
3.9050000000002796e-10	0.19403651	-9.316104e-06	0.98097306	-4.3464546e-17	0	300
3.90600000000028e-10	0.19403656	-8.926172e-06	0.98097306	-4.346455e-17	0	300
3.9070000000002803e-10	0.19403659	-8.53696e-06	0.980973	-4.3464543e-17	0	300
3.9080000000002806e-10	0.19403663	-8.1485305e-06	0.980973	-4.3464543e-17	0	300
3.909000000000281e-10	0.19403666	-7.760951e-06	0.980973	-4.3464543e-17	0	300
3.910000000000281e-10	0.19403666	-7.374312e-06	0.980973	-4.3464556e-17	0	300
3.9110000000002815e-10	0.19403669	-6.9887105e-06	0.980973	-4.3464543e-17	0	300
3.912000000000282e-10	0.19403669	-6.60423e-06	0.980973	-4.3464543e-17	0	300
3.913000000000282e-10	0.19403669	-6.220933e-06	0.980973	-4.3464543e-17	0	300
3.9140000000002824e-10	0.19403669	-5.8388537e-06	0.980973	-4.3464543e-17	0	300
3.9150000000002827e-10	0.19403669	-5.4580864e-06	0.980973	-4.3464536e-17	0	300
3.916000000000283e-10	0.19403666	-5.0786875e-06	0.980973	-4.3464556e-17	0	300
3.9170000000002833e-10	0.19403666	-4.7007134e-06	0.980973	-4.3464536e-17	0	300
3.9180000000002836e-10	0.19403662	-4.3242662e-06	0.980973	-4.3464536e-17	0	300
3.919000000000284e-10	0.1940366	-3.94936e-06	0.980973	-4.3464536e-17	0	300
3.920000000000284e-10	0.19403657	-3.5760374e-06	0.980973	-4.3464546e-17	0	300
3.9210000000002846e-10	0.19403653	-3.2043292e-06	0.980973	-4.3464546e-17	0	300
3.922000000000285e-10	0.19403648	-2.8342877e-06	0.980973	-4.3464546e-17	0	300
3.923000000000285e-10	0.19403645	-2.4659435e-06	0.980973	-4.3464546e-17	0	300
3.9240000000002855e-10	0.1940364	-2.0993489e-06	0.980973	-4.3464553e-17	0	300
3.925000000000286e-10	0.19403635	-1.7345484e-06	0.980973	-4.346455e-17	0	300
3.926000000000286e-10	0.19403629	-1.3716098e-06	0.98097306	-4.3464543e-17	0	300
3.9270000000002864e-10	0.19403623	-1.0106579e-06	0.980973	-4.346455e-17	0	300
3.9280000000002867e-10	0.19403617	-6.5168865e-07	0.98097306	-4.3464536e-17	0	300
3.929000000000287e-10	0.19403608	-2.9481726e-07	0.98097306	-4.3464533e-17	0	300
3.9300000000002873e-10	0.194036	5.98761e-08	0.98097306	-4.346454e-17	0	300
3.9310000000002876e-10	0.19403595	4.124063e-07	0.98097306	-4.3464536e-17	0	300
3.932000000000288e-10	0.19403586	7.6269725e-07	0.9809731	-4.3464543e-17	0	300
3.933000000000288e-10	0.19403574	1.1107257e-06	0.9809731	-4.3464536e-17	0	300
3.9340000000002885e-10	0.19403565	1.4564306e-06	0.9809731	-4.346454e-17	0	300
3.935000000000289e-10	0.19403554	1.7997085e-06	0.9809732	-4.3464543e-17	0	300
3.936000000000289e-10	0.19403544	2.140399e-06	0.98097324	-4.3464543e-17	0	300
3.9370000000002895e-10	0.19403532	2.478533e-06	0.98097324	-4.346454e-17	0	300
3.93800000000029e-10	0.1940352	2.8140312e-06	0.98097324	-4.346454e-17	0	300
3.93900000000029e-10	0.19403508	3.1468542e-06	0.98097324	-4.346455e-17	0	300
3.9400000000002904e-10	0.19403496	3.4770674e-06	0.9809733	-4.3464546e-17	0	300
3.9410000000002907e-10	0.19403484	3.8045869e-06	0.9809733	-4.346454e-17	0	300
3.942000000000291e-10	0.19403471	4.1293033e-06	0.9809734	-4.3464543e-17	0	300
3.9430000000002913e-10	0.19403458	4.4512976e-06	0.9809734	-4.346455e-17	0	300
3.9440000000002916e-10	0.19403444	4.770504e-06	0.9809735	-4.346454e-17	0	300
3.945000000000292e-10	0.19403431	5.0867666e-06	0.9809735	-4.3464543e-17	0	300
3.946000000000292e-10	0.19403416	5.4000757e-06	0.9809735	-4.3464546e-17	0	300
3.9470000000002925e-10	0.19403401	5.710413e-06	0.98097354	-4.3464533e-17	0	300
3.948000000000293e-10	0.19403385	6.017819e-06	0.98097354	-4.3464536e-17	0	300
3.949000000000293e-10	0.1940337	6.3222337e-06	0.98097354	-4.346454e-17	0	300
3.9500000000002935e-10	0.19403353	6.623548e-06	0.9809736	-4.3464543e-17	0	300
3.951000000000294e-10	0.19403338	6.921775e-06	0.9809736	-4.346454e-17	0	300
3.952000000000294e-10	0.1940332	7.216826e-06	0.9809737	-4.3464543e-17	0	300
3.9530000000002944e-10	0.19403303	7.5086205e-06	0.9809737	-4.3464546e-17	0	300
3.9540000000002947e-10	0.19403286	7.797192e-06	0.9809737	-4.3464546e-17	0	300
3.955000000000295e-10	0.1940327	8.082529e-06	0.9809738	-4.346455e-17	0	300
3.9560000000002953e-10	0.1940325	8.364702e-06	0.9809738	-4.346456e-17	0	300
3.9570000000002956e-10	0.19403233	8.643602e-06	0.98097384	-4.346455e-17	0	300
3.958000000000296e-10	0.19403213	8.918911e-06	0.98097384	-4.346454e-17	0	300
3.959000000000296e-10	0.19403192	9.190917e-06	0.98097396	-4.3464536e-17	0	300
3.9600000000002965e-10	0.19403176	9.459642e-06	0.980974	-4.346454e-17	0	300
3.961000000000297e-10	0.19403157	9.724997e-06	0.980974	-4.3464536e-17	0	300
3.962000000000297e-10	0.19403137	9.986802e-06	0.9809741	-4.3464553e-17	0	300
3.9630000000002974e-10	0.19403115	1.0245105e-05	0.9809741	-4.346455e-17	0	300
3.964000000000298e-10	0.19403097	1.0499966e-05	0.9809741	-4.3464546e-17	0	300
3.965000000000298e-10	0.19403076	1.0751345e-05	0.98097414	-4.346455e-17	0	300
3.9660000000002984e-10	0.19403057	1.09993e-05	0.98097414	-4.346454e-17	0	300
3.9670000000002987e-10	0.19403037	1.1243623e-05	0.9809742	-4.3464536e-17	0	300
3.968000000000299e-10	0.19403014	1.1484266e-05	0.9809742	-4.3464533e-17	0	300
3.9690000000002993e-10	0.19402991	1.1721383e-05	0.9809743	-4.3464536e-17	0	300
3.9700000000002996e-10	0.19402972	1.1954978e-05	0.9809743	-4.346455e-17	0	300
3.9710000000003e-10	0.1940295	1.218479e-05	0.98097444	-4.3464536e-17	0	300
3.9720000000003e-10	0.19402926	1.2410951e-05	0.98097456	-4.3464543e-17	0	300
3.9730000000003005e-10	0.19402905	1.2633535e-05	0.98097456	-4.3464546e-17	0	300
3.974000000000301e-10	0.19402882	1.2852364e-05	0.9809746	-4.3464536e-17	0	300
3.975000000000301e-10	0.19402859	1.3067534e-05	0.9809746	-4.3464546e-17	0	300
3.9760000000003014e-10	0.19402835	1.3278872e-05	0.9809746	-4.3464543e-17	0	300
3.9770000000003017e-10	0.19402811	1.3486427e-05	0.98097473	-4.3464543e-17	0	300
3.978000000000302e-10	0.1940279	1.3690335e-05	0.98097473	-4.346454e-17	0	300
3.9790000000003023e-10	0.19402765	1.3890471e-05	0.98097473	-4.3464543e-17	0	300
3.9800000000003027e-10	0.19402741	1.4086714e-05	0.9809748	-4.3464546e-17	0	300
3.981000000000303e-10	0.1940272	1.4279196e-05	0.9809748	-4.346453e-17	0	300
3.9820000000003033e-10	0.19402695	1.4467816e-05	0.98097485	-4.3464543e-17	0	300
3.9830000000003036e-10	0.19402671	1.4652701e-05	0.980975	-4.3464553e-17	0	300
3.984000000000304e-10	0.19402646	1.4833684e-05	0.980975	-4.3464543e-17	0	300
3.985000000000304e-10	0.1940262	1.5010852e-05	0.98097515	-4.346454e-17	0	300
3.9860000000003045e-10	0.19402596	1.5184249e-05	0.98097515	-4.346454e-17	0	300
3.987000000000305e-10	0.19402573	1.5353806e-05	0.98097515	-4.346455e-17	0	300
3.988000000000305e-10	0.19402549	1.5519501e-05	0.9809753	-4.3464553e-17	0	300
3.9890000000003054e-10	0.19402522	1.568131e-05	0.9809753	-4.3464543e-17	0	300
3.9900000000003057e-10	0.19402497	1.583932e-05	0.98097533	-4.3464543e-17	0	300
3.991000000000306e-10	0.19402471	1.5993475e-05	0.98097533	-4.3464533e-17	0	300
3.9920000000003063e-10	0.19402446	1.6143702e-05	0.9809754	-4.3464536e-17	0	300
3.9930000000003066e-10	0.19402422	1.629009e-05	0.9809755	-4.3464543e-17	0	300
3.994000000000307e-10	0.19402397	1.6432701e-05	0.98097557	-4.3464546e-17	0	300
3.995000000000307e-10	0.1940237	1.6571403e-05	0.9809756	-4.3464556e-17	0	300
3.9960000000003076e-10	0.19402345	1.6706255e-05	0.9809756	-4.3464543e-17	0	300
3.997000000000308e-10	0.19402319	1.68372e-05	0.9809756	-4.3464546e-17	0	300
3.998000000000308e-10	0.19402294	1.6964323e-05	0.98097575	-4.3464556e-17	0	300
3.9990000000003085e-10	0.19402269	1.7087641e-05	0.98097575	-4.3464543e-17	0	300
4.000000000000309e-10	0.1940224	1.7207094e-05	0.9809758	-4.3464546e-17	0	300
4.001000000000309e-10	0.19402213	1.7322756e-05	0.98097587	-4.3464536e-17	0	300
4.0020000000003094e-10	0.19402188	1.7434662e-05	0.98097587	-4.3464533e-17	0	300
4.0030000000003097e-10	0.19402164	1.7542752e-05	0.98097587	-4.3464546e-17	0	300
4.00400000000031e-10	0.19402137	1.7646966e-05	0.98097605	-4.346455e-17	0	300
4.0050000000003103e-10	0.1940211	1.7747443e-05	0.98097616	-4.346455e-17	0	300
4.0060000000003106e-10	0.19402085	1.784406e-05	0.9809762	-4.346454e-17	0	300
4.007000000000311e-10	0.19402058	1.7936893e-05	0.9809762	-4.3464543e-17	0	300
4.008000000000311e-10	0.19402033	1.8026043e-05	0.9809763	-4.3464543e-17	0	300
4.0090000000003115e-10	0.19402006	1.8111412e-05	0.9809763	-4.3464546e-17	0	300
4.010000000000312e-10	0.19401982	1.8192986e-05	0.98097634	-4.3464543e-17	0	300
4.011000000000312e-10	0.19401956	1.8270783e-05	0.9809764	-4.346454e-17	0	300
4.0120000000003125e-10	0.19401929	1.8344876e-05	0.9809764	-4.3464546e-17	0	300
4.013000000000313e-10	0.19401902	1.841528e-05	0.98097646	-4.346453e-17	0	300
4.014000000000313e-10	0.19401877	1.8481922e-05	0.9809765	-4.346455e-17	0	300
4.0150000000003134e-10	0.19401851	1.8544915e-05	0.98097664	-4.346456e-17	0	300
4.0160000000003137e-10	0.19401824	1.8604263e-05	0.9809767	-4.3464556e-17	0	300
4.017000000000314e-10	0.19401798	1.8660014e-05	0.9809767	-4.3464543e-17	0	300
4.0180000000003143e-10	0.19401774	1.8711959e-05	0.98097676	-4.3464533e-17	0	300
4.0190000000003146e-10	0.19401744	1.8760315e-05	0.98097694	-4.3464536e-17	0	300
4.020000000000315e-10	0.1940172	1.8805122e-05	0.98097694	-4.3464543e-17	0	300
4.021000000000315e-10	0.19401693	1.884631e-05	0.98097694	-4.3464546e-17	0	300
4.0220000000003155e-10	0.19401667	1.888389e-05	0.98097694	-4.346455e-17	0	300
4.023000000000316e-10	0.19401643	1.8917963e-05	0.980977	-4.346454e-17	0	300
4.024000000000316e-10	0.19401616	1.8948518e-05	0.98097706	-4.3464546e-17	0	300
4.0250000000003165e-10	0.19401592	1.8975592e-05	0.9809772	-4.3464543e-17	0	300
4.026000000000317e-10	0.19401565	1.8999128e-05	0.9809772	-4.3464546e-17	0	300
4.027000000000317e-10	0.19401541	1.9019299e-05	0.9809773	-4.3464546e-17	0	300
4.0280000000003174e-10	0.19401516	1.9036019e-05	0.9809773	-4.3464543e-17	0	300
4.0290000000003177e-10	0.1940149	1.904933e-05	0.98097736	-4.346454e-17	0	300
4.030000000000318e-10	0.19401465	1.9059284e-05	0.9809774	-4.3464543e-17	0	300
4.0310000000003183e-10	0.1940144	1.9065908e-05	0.9809774	-4.346453e-17	0	300
4.0320000000003186e-10	0.19401416	1.9069212e-05	0.9809774	-4.3464553e-17	0	300
4.033000000000319e-10	0.19401392	1.90692e-05	0.9809775	-4.3464536e-17	0	300
4.034000000000319e-10	0.19401367	1.9065941e-05	0.98097754	-4.346455e-17	0	300
4.0350000000003195e-10	0.19401343	1.9059487e-05	0.9809776	-4.3464553e-17	0	300
4.03600000000032e-10	0.19401318	1.9049732e-05	0.9809776	-4.3464536e-17	0	300
4.03700000000032e-10	0.19401294	1.903685e-05	0.9809778	-4.346454e-17	0	300
4.0380000000003204e-10	0.1940127	1.9020732e-05	0.9809778	-4.3464543e-17	0	300
4.039000000000321e-10	0.19401246	1.9001604e-05	0.9809779	-4.3464543e-17	0	300
4.040000000000321e-10	0.19401222	1.8979357e-05	0.9809779	-4.3464533e-17	0	300
4.0410000000003214e-10	0.19401199	1.895395e-05	0.9809779	-4.3464543e-17	0	300
4.0420000000003217e-10	0.19401175	1.8925535e-05	0.9809779	-4.3464546e-17	0	300
4.043000000000322e-10	0.19401154	1.8894125e-05	0.9809781	-4.3464543e-17	0	300
4.0440000000003223e-10	0.1940113	1.8859664e-05	0.9809781	-4.3464563e-17	0	300
4.0450000000003226e-10	0.19401106	1.8822226e-05	0.98097813	-4.3464553e-17	0	300
4.046000000000323e-10	0.19401085	1.8781746e-05	0.98097813	-4.346455e-17	0	300
4.047000000000323e-10	0.19401062	1.8738489e-05	0.9809782	-4.3464546e-17	0	300
4.0480000000003235e-10	0.19401038	1.8692299e-05	0.9809782	-4.3464543e-17	0	300
4.049000000000324e-10	0.19401014	1.8643173e-05	0.9809783	-4.3464533e-17	0	300
4.050000000000324e-10	0.19400993	1.8591261e-05	0.9809783	-4.3464533e-17	0	300
4.0510000000003244e-10	0.19400969	1.85366e-05	0.9809784	-4.3464543e-17	0	300
4.0520000000003247e-10	0.19400948	1.8479159e-05	0.9809785	-4.3464546e-17	0	300
4.053000000000325e-10	0.19400927	1.8418945e-05	0.9809784	-4.3464543e-17	0	300
4.0540000000003254e-10	0.19400904	1.8355911e-05	0.9809785	-4.346454e-17	0	300
4.0550000000003257e-10	0.19400883	1.8290246e-05	0.98097855	-4.3464536e-17	0	300
4.056000000000326e-10	0.19400859	1.8221917e-05	0.98097855	-4.346454e-17	0	300
4.0570000000003263e-10	0.1940084	1.8150802e-05	0.9809786	-4.3464533e-17	0	300
4.0580000000003266e-10	0.19400819	1.8077066e-05	0.9809786	-4.3464556e-17	0	300
4.059000000000327e-10	0.19400796	1.8000857e-05	0.98097867	-4.346456e-17	0	300
4.060000000000327e-10	0.19400775	1.7921982e-05	0.98097867	-4.3464543e-17	0	300
4.0610000000003275e-10	0.19400755	1.7840723e-05	0.9809787	-4.346454e-17	0	300
4.062000000000328e-10	0.19400735	1.7757002e-05	0.98097885	-4.3464536e-17	0	300
4.063000000000328e-10	0.19400713	1.7670678e-05	0.98097897	-4.346454e-17	0	300
4.0640000000003284e-10	0.19400693	1.7582039e-05	0.98097897	-4.3464543e-17	0	300
4.0650000000003287e-10	0.19400676	1.7491031e-05	0.98097897	-4.3464546e-17	0	300
4.066000000000329e-10	0.19400653	1.7397471e-05	0.9809791	-4.3464543e-17	0	300
4.0670000000003293e-10	0.19400632	1.7301612e-05	0.9809791	-4.3464553e-17	0	300
4.0680000000003296e-10	0.19400612	1.7203323e-05	0.9809791	-4.3464543e-17	0	300
4.06900000000033e-10	0.19400594	1.7102735e-05	0.9809792	-4.346456e-17	0	300
4.0700000000003303e-10	0.19400574	1.6999998e-05	0.9809792	-4.346455e-17	0	300
4.0710000000003306e-10	0.19400555	1.6895037e-05	0.9809792	-4.346454e-17	0	300
4.072000000000331e-10	0.19400537	1.6787744e-05	0.98097926	-4.3464543e-17	0	300
4.073000000000331e-10	0.19400518	1.6678348e-05	0.98097926	-4.3464546e-17	0	300
4.0740000000003315e-10	0.19400498	1.6566875e-05	0.98097926	-4.3464556e-17	0	300
4.075000000000332e-10	0.1940048	1.6453132e-05	0.9809793	-4.346454e-17	0	300
4.076000000000332e-10	0.19400461	1.6337313e-05	0.9809794	-4.346455e-17	0	300
4.0770000000003324e-10	0.19400442	1.621944e-05	0.98097944	-4.3464546e-17	0	300
4.0780000000003327e-10	0.19400425	1.6099457e-05	0.98097944	-4.3464543e-17	0	300
4.079000000000333e-10	0.19400407	1.597754e-05	0.98097944	-4.346454e-17	0	300
4.0800000000003333e-10	0.19400391	1.585372e-05	0.98097956	-4.3464536e-17	0	300
4.0810000000003336e-10	0.19400372	1.5727934e-05	0.9809796	-4.3464543e-17	0	300
4.082000000000334e-10	0.19400355	1.5600051e-05	0.9809796	-4.3464526e-17	0	300
4.083000000000334e-10	0.19400339	1.5470365e-05	0.9809796	-4.346455e-17	0	300
4.0840000000003346e-10	0.1940032	1.533893e-05	0.9809797	-4.346454e-17	0	300
4.085000000000335e-10	0.19400305	1.5205599e-05	0.9809797	-4.3464543e-17	0	300
4.086000000000335e-10	0.19400287	1.5070528e-05	0.98097974	-4.3464546e-17	0	300
4.0870000000003355e-10	0.19400272	1.4933719e-05	0.98097974	-4.3464533e-17	0	300
4.088000000000336e-10	0.19400254	1.4795119e-05	0.9809798	-4.3464543e-17	0	300
4.089000000000336e-10	0.19400239	1.465479e-05	0.9809798	-4.346454e-17	0	300
4.0900000000003364e-10	0.19400223	1.4512907e-05	0.98097986	-4.3464543e-17	0	300
4.0910000000003367e-10	0.19400209	1.4369548e-05	0.98097986	-4.3464553e-17	0	300
4.092000000000337e-10	0.19400194	1.4224584e-05	0.98097986	-4.346455e-17	0	300
4.0930000000003373e-10	0.19400178	1.40780385e-05	0.9809799	-4.3464556e-17	0	300
4.0940000000003376e-10	0.19400164	1.3929995e-05	0.9809799	-4.3464553e-17	0	300
4.095000000000338e-10	0.1940015	1.3780489e-05	0.9809799	-4.3464543e-17	0	300
4.096000000000338e-10	0.19400135	1.36296185e-05	0.98098004	-4.3464546e-17	0	300
4.0970000000003385e-10	0.19400123	1.3477315e-05	0.98098004	-4.3464553e-17	0	300
4.098000000000339e-10	0.19400108	1.3323687e-05	0.98098004	-4.3464543e-17	0	300
4.099000000000339e-10	0.19400094	1.3168703e-05	0.9809801	-4.3464546e-17	0	300
4.1000000000003395e-10	0.19400081	1.3012346e-05	0.98098016	-4.3464546e-17	0	300
4.10100000000034e-10	0.19400069	1.2854698e-05	0.98098016	-4.3464543e-17	0	300
4.10200000000034e-10	0.19400056	1.2695866e-05	0.98098016	-4.3464536e-17	0	300
4.1030000000003404e-10	0.19400044	1.2535919e-05	0.9809803	-4.3464546e-17	0	300
4.1040000000003407e-10	0.19400033	1.2374927e-05	0.9809803	-4.3464543e-17	0	300
4.105000000000341e-10	0.19400018	1.2212851e-05	0.9809803	-4.346455e-17	0	300
4.1060000000003413e-10	0.19400007	1.2049661e-05	0.9809803	-4.3464546e-17	0	300
4.1070000000003416e-10	0.19399998	1.1885464e-05	0.9809803	-4.3464543e-17	0	300
4.108000000000342e-10	0.19399986	1.1720314e-05	0.9809803	-4.346455e-17	0	300
4.109000000000342e-10	0.19399975	1.1554316e-05	0.9809803	-4.3464546e-17	0	300
4.1100000000003425e-10	0.19399965	1.1387471e-05	0.9809804	-4.3464546e-17	0	300
4.111000000000343e-10	0.19399956	1.1219763e-05	0.9809804	-4.3464543e-17	0	300
4.112000000000343e-10	0.19399944	1.10512765e-05	0.9809804	-4.3464543e-17	0	300
4.1130000000003434e-10	0.19399934	1.08820095e-05	0.9809804	-4.346454e-17	0	300
4.114000000000344e-10	0.19399926	1.0711993e-05	0.9809804	-4.3464546e-17	0	300
4.115000000000344e-10	0.19399917	1.0541308e-05	0.9809804	-4.346455e-17	0	300
4.1160000000003444e-10	0.19399908	1.036996e-05	0.9809804	-4.3464543e-17	0	300
4.1170000000003447e-10	0.19399899	1.01979085e-05	0.9809805	-4.3464533e-17	0	300
4.118000000000345e-10	0.1939989	1.002526e-05	0.9809805	-4.3464553e-17	0	300
4.1190000000003453e-10	0.19399883	9.852128e-06	0.9809805	-4.346455e-17	0	300
4.1200000000003456e-10	0.19399874	9.6785125e-06	0.9809805	-4.346455e-17	0	300
4.121000000000346e-10	0.19399868	9.504401e-06	0.9809805	-4.346455e-17	0	300
4.122000000000346e-10	0.1939986	9.329869e-06	0.9809805	-4.346456e-17	0	300
4.1230000000003465e-10	0.19399852	9.154941e-06	0.9809805	-4.3464546e-17	0	300
4.124000000000347e-10	0.19399846	8.979604e-06	0.9809805	-4.346455e-17	0	300
4.125000000000347e-10	0.19399837	8.803796e-06	0.9809805	-4.3464543e-17	0	300
4.1260000000003474e-10	0.1939983	8.627661e-06	0.9809805	-4.3464543e-17	0	300
4.127000000000348e-10	0.19399825	8.451221e-06	0.9809805	-4.346455e-17	0	300
4.128000000000348e-10	0.19399819	8.274413e-06	0.98098063	-4.346454e-17	0	300
4.1290000000003484e-10	0.19399813	8.097341e-06	0.98098063	-4.3464533e-17	0	300
4.1300000000003487e-10	0.19399807	7.919959e-06	0.98098063	-4.346454e-17	0	300
4.131000000000349e-10	0.19399801	7.742412e-06	0.98098075	-4.3464536e-17	0	300
4.1320000000003493e-10	0.19399792	7.5646863e-06	0.98098075	-4.3464536e-17	0	300
4.1330000000003496e-10	0.19399789	7.3868205e-06	0.98098075	-4.3464543e-17	0	300
4.13400000000035e-10	0.19399785	7.2087937e-06	0.98098075	-4.3464543e-17	0	300
4.13500000000035e-10	0.19399777	7.030626e-06	0.98098075	-4.3464533e-17	0	300
4.1360000000003505e-10	0.19399774	6.852429e-06	0.98098075	-4.3464533e-17	0	300
4.137000000000351e-10	0.19399771	6.67426e-06	0.98098075	-4.346454e-17	0	300
4.138000000000351e-10	0.19399765	6.496143e-06	0.98098075	-4.346454e-17	0	300
4.1390000000003514e-10	0.19399765	6.3180905e-06	0.98098075	-4.3464533e-17	0	300
4.1400000000003517e-10	0.19399759	6.1401665e-06	0.9809809	-4.3464536e-17	0	300
4.141000000000352e-10	0.19399756	5.962401e-06	0.98098075	-4.3464543e-17	0	300
4.1420000000003523e-10	0.19399753	5.7847883e-06	0.9809809	-4.3464536e-17	0	300
4.1430000000003527e-10	0.19399753	5.6073773e-06	0.9809809	-4.3464543e-17	0	300
4.144000000000353e-10	0.19399752	5.4302136e-06	0.9809809	-4.3464536e-17	0	300
4.1450000000003533e-10	0.19399747	5.2532837e-06	0.9809809	-4.3464536e-17	0	300
4.1460000000003536e-10	0.19399746	5.076665e-06	0.9809809	-4.3464536e-17	0	300
4.147000000000354e-10	0.19399744	4.9003675e-06	0.9809809	-4.3464536e-17	0	300
4.148000000000354e-10	0.19399744	4.7244134e-06	0.9809809	-4.3464533e-17	0	300
4.1490000000003545e-10	0.19399741	4.548815e-06	0.9809809	-4.3464533e-17	0	300
4.150000000000355e-10	0.19399741	4.3736e-06	0.9809809	-4.346454e-17	0	300
4.151000000000355e-10	0.1939974	4.198814e-06	0.9809809	-4.346454e-17	0	300
4.1520000000003554e-10	0.19399738	4.0244818e-06	0.9809809	-4.346454e-17	0	300
4.1530000000003557e-10	0.19399738	3.850634e-06	0.9809809	-4.346454e-17	0	300
4.154000000000356e-10	0.19399738	3.677284e-06	0.9809809	-4.3464546e-17	0	300
4.1550000000003563e-10	0.19399738	3.5044466e-06	0.9809809	-4.346454e-17	0	300
4.1560000000003566e-10	0.19399738	3.3321444e-06	0.9809809	-4.3464546e-17	0	300
4.157000000000357e-10	0.19399738	3.1603931e-06	0.9809809	-4.346454e-17	0	300
4.158000000000357e-10	0.19399738	2.989202e-06	0.9809809	-4.3464546e-17	0	300
4.1590000000003576e-10	0.19399737	2.818588e-06	0.9809809	-4.346454e-17	0	300
4.160000000000358e-10	0.19399738	2.648549e-06	0.9809809	-4.346454e-17	0	300
4.161000000000358e-10	0.19399738	2.4791138e-06	0.9809809	-4.346454e-17	0	300
4.1620000000003585e-10	0.19399738	2.3102766e-06	0.9809809	-4.346454e-17	0	300
4.163000000000359e-10	0.1939974	2.1420415e-06	0.9809809	-4.346454e-17	0	300
4.164000000000359e-10	0.19399741	1.974434e-06	0.9809809	-4.346454e-17	0	300
4.1650000000003594e-10	0.19399741	1.8074458e-06	0.9809809	-4.3464546e-17	0	300
4.1660000000003597e-10	0.19399744	1.6410659e-06	0.9809809	-4.346454e-17	0	300
4.16700000000036e-10	0.19399744	1.4753293e-06	0.9809809	-4.346454e-17	0	300
4.1680000000003603e-10	0.19399744	1.310243e-06	0.9809809	-4.346454e-17	0	300
4.1690000000003606e-10	0.19399744	1.1458405e-06	0.9809809	-4.3464543e-17	0	300
4.170000000000361e-10	0.19399747	9.821481e-07	0.9809809	-4.3464543e-17	0	300
4.171000000000361e-10	0.1939975	8.1915766e-07	0.9809809	-4.346455e-17	0	300
4.1720000000003615e-10	0.1939975	6.5689136e-07	0.9809809	-4.3464543e-17	0	300
4.173000000000362e-10	0.19399753	4.953753e-07	0.9809809	-4.346455e-17	0	300
4.174000000000362e-10	0.19399755	3.346167e-07	0.9809809	-4.3464536e-17	0	300
4.1750000000003625e-10	0.19399756	1.7465413e-07	0.9809809	-4.3464543e-17	0	300
4.176000000000363e-10	0.19399759	1.5530418e-08	0.9809809	-4.346455e-17	0	300
4.177000000000363e-10	0.19399762	-1.4275346e-07	0.9809809	-4.3464543e-17	0	300
4.1780000000003634e-10	0.19399765	-3.0014075e-07	0.9809809	-4.346455e-17	0	300
4.1790000000003637e-10	0.1939977	-4.566317e-07	0.9809808	-4.3464553e-17	0	300
4.180000000000364e-10	0.19399771	-6.1220516e-07	0.9809808	-4.3464546e-17	0	300
4.1810000000003643e-10	0.19399776	-7.668393e-07	0.9809808	-4.3464546e-17	0	300
4.1820000000003646e-10	0.19399782	-9.20512e-07	0.98098075	-4.3464546e-17	0	300
4.183000000000365e-10	0.19399786	-1.0731784e-06	0.9809807	-4.3464546e-17	0	300
4.184000000000365e-10	0.19399789	-1.2248281e-06	0.98098063	-4.346455e-17	0	300
4.1850000000003655e-10	0.19399792	-1.3753761e-06	0.98098063	-4.346455e-17	0	300
4.186000000000366e-10	0.19399801	-1.5246999e-06	0.98098063	-4.346455e-17	0	300
4.187000000000366e-10	0.19399804	-1.6728696e-06	0.98098063	-4.3464543e-17	0	300
4.1880000000003665e-10	0.19399808	-1.8198951e-06	0.98098063	-4.3464546e-17	0	300
4.189000000000367e-10	0.19399813	-1.9657764e-06	0.98098063	-4.3464546e-17	0	300
4.190000000000367e-10	0.19399819	-2.1104797e-06	0.98098063	-4.3464553e-17	0	300
4.1910000000003674e-10	0.19399828	-2.2539289e-06	0.9809806	-4.346455e-17	0	300
4.1920000000003677e-10	0.19399832	-2.3960197e-06	0.9809806	-4.346455e-17	0	300
4.193000000000368e-10	0.1939984	-2.5368504e-06	0.9809805	-4.346455e-17	0	300
4.1940000000003683e-10	0.19399846	-2.6763864e-06	0.9809806	-4.3464556e-17	0	300
4.1950000000003686e-10	0.19399852	-2.8145423e-06	0.9809806	-4.346454e-17	0	300
4.196000000000369e-10	0.1939986	-2.9513637e-06	0.9809806	-4.3464546e-17	0	300
4.197000000000369e-10	0.19399866	-3.0868594e-06	0.9809805	-4.346455e-17	0	300
4.1980000000003695e-10	0.19399874	-3.221021e-06	0.9809805	-4.3464556e-17	0	300
4.19900000000037e-10	0.1939988	-3.3538618e-06	0.9809805	-4.3464543e-17	0	300
4.20000000000037e-10	0.1939989	-3.4852674e-06	0.9809805	-4.3464533e-17	0	300
4.2010000000003704e-10	0.19399896	-3.6152896e-06	0.9809805	-4.346454e-17	0	300
4.202000000000371e-10	0.19399905	-3.7437599e-06	0.9809805	-4.3464543e-17	0	300
4.203000000000371e-10	0.19399914	-3.8707003e-06	0.98098046	-4.3464543e-17	0	300
4.2040000000003714e-10	0.1939992	-3.9961233e-06	0.98098046	-4.346454e-17	0	300
4.2050000000003717e-10	0.19399929	-4.1200265e-06	0.9809804	-4.346454e-17	0	300
4.206000000000372e-10	0.19399938	-4.2424667e-06	0.9809804	-4.3464533e-17	0	300
4.2070000000003723e-10	0.19399947	-4.363394e-06	0.98098046	-4.3464543e-17	0	300
4.2080000000003726e-10	0.19399957	-4.482833e-06	0.9809804	-4.3464543e-17	0	300
4.209000000000373e-10	0.19399966	-4.600687e-06	0.9809804	-4.3464553e-17	0	300
4.210000000000373e-10	0.19399974	-4.716898e-06	0.9809804	-4.3464546e-17	0	300
4.2110000000003735e-10	0.19399983	-4.831445e-06	0.9809804	-4.346455e-17	0	300
4.212000000000374e-10	0.19399993	-4.944461e-06	0.98098034	-4.346455e-17	0	300
4.213000000000374e-10	0.19400002	-5.0558715e-06	0.98098034	-4.3464546e-17	0	300
4.2140000000003744e-10	0.19400012	-5.165607e-06	0.98098034	-4.3464546e-17	0	300
4.2150000000003747e-10	0.19400021	-5.273765e-06	0.98098034	-4.3464546e-17	0	300
4.216000000000375e-10	0.1940003	-5.380331e-06	0.9809803	-4.3464556e-17	0	300
4.2170000000003753e-10	0.19400042	-5.4852258e-06	0.9809803	-4.3464546e-17	0	300
4.2180000000003757e-10	0.1940005	-5.5884725e-06	0.9809803	-4.3464533e-17	0	300
4.219000000000376e-10	0.19400062	-5.6900944e-06	0.9809803	-4.3464536e-17	0	300
4.2200000000003763e-10	0.1940007	-5.7901016e-06	0.9809803	-4.346455e-17	0	300
4.2210000000003766e-10	0.19400083	-5.8883816e-06	0.98098016	-4.3464553e-17	0	300
4.222000000000377e-10	0.19400091	-5.984991e-06	0.9809801	-4.346456e-17	0	300
4.223000000000377e-10	0.19400102	-6.079928e-06	0.9809801	-4.3464543e-17	0	300
4.2240000000003775e-10	0.19400114	-6.173188e-06	0.9809801	-4.3464543e-17	0	300
4.225000000000378e-10	0.19400126	-6.264663e-06	0.98098004	-4.3464553e-17	0	300
4.226000000000378e-10	0.19400135	-6.354443e-06	0.98098004	-4.3464546e-17	0	300
4.2270000000003784e-10	0.19400147	-6.4424835e-06	0.98098004	-4.346453e-17	0	300
4.2280000000003787e-10	0.19400159	-6.5287445e-06	0.98098004	-4.346454e-17	0	300
4.229000000000379e-10	0.19400167	-6.6133116e-06	0.9809799	-4.3464546e-17	0	300
4.2300000000003793e-10	0.19400181	-6.6960556e-06	0.9809799	-4.3464536e-17	0	300
4.2310000000003796e-10	0.19400194	-6.7770866e-06	0.9809799	-4.3464536e-17	0	300
4.23200000000038e-10	0.19400203	-6.8563345e-06	0.9809799	-4.346454e-17	0	300
4.23300000000038e-10	0.19400215	-6.93369e-06	0.9809798	-4.346454e-17	0	300
4.2340000000003806e-10	0.19400226	-7.009314e-06	0.9809798	-4.3464543e-17	0	300
4.235000000000381e-10	0.19400238	-7.0831857e-06	0.9809798	-4.3464546e-17	0	300
4.236000000000381e-10	0.1940025	-7.1553286e-06	0.9809798	-4.3464546e-17	0	300
4.2370000000003815e-10	0.1940026	-7.2256967e-06	0.9809798	-4.346455e-17	0	300
4.238000000000382e-10	0.19400273	-7.2942084e-06	0.9809798	-4.3464546e-17	0	300
4.239000000000382e-10	0.19400284	-7.3608944e-06	0.98097974	-4.346456e-17	0	300
4.2400000000003824e-10	0.19400297	-7.425873e-06	0.98097974	-4.346455e-17	0	300
4.2410000000003827e-10	0.19400308	-7.4890404e-06	0.98097974	-4.3464543e-17	0	300
4.242000000000383e-10	0.19400322	-7.5504595e-06	0.9809797	-4.3464546e-17	0	300
4.2430000000003833e-10	0.19400331	-7.610016e-06	0.98097956	-4.3464536e-17	0	300
4.2440000000003836e-10	0.19400345	-7.66784e-06	0.9809796	-4.3464543e-17	0	300
4.245000000000384e-10	0.19400355	-7.7239965e-06	0.9809796	-4.3464546e-17	0	300
4.246000000000384e-10	0.19400367	-7.778486e-06	0.9809795	-4.3464533e-17	0	300
4.2470000000003846e-10	0.19400379	-7.83115e-06	0.9809795	-4.3464543e-17	0	300
4.248000000000385e-10	0.19400391	-7.882013e-06	0.9809795	-4.3464546e-17	0	300
4.249000000000385e-10	0.19400403	-7.931156e-06	0.98097944	-4.3464546e-17	0	300
4.2500000000003855e-10	0.19400413	-7.978551e-06	0.98097944	-4.3464543e-17	0	300
4.251000000000386e-10	0.19400427	-8.024228e-06	0.98097944	-4.3464543e-17	0	300
4.252000000000386e-10	0.19400437	-8.068209e-06	0.9809794	-4.3464546e-17	0	300
4.2530000000003864e-10	0.1940045	-8.110496e-06	0.9809794	-4.3464543e-17	0	300
4.2540000000003867e-10	0.19400463	-8.151125e-06	0.9809794	-4.3464536e-17	0	300
4.255000000000387e-10	0.19400471	-8.190145e-06	0.9809794	-4.3464546e-17	0	300
4.2560000000003873e-10	0.19400486	-8.227531e-06	0.9809793	-4.346454e-17	0	300
4.2570000000003876e-10	0.19400497	-8.263167e-06	0.9809793	-4.346455e-17	0	300
4.258000000000388e-10	0.1940051	-8.296996e-06	0.9809793	-4.3464546e-17	0	300
4.259000000000388e-10	0.1940052	-8.329169e-06	0.98097926	-4.3464546e-17	0	300
4.2600000000003885e-10	0.19400531	-8.35974e-06	0.98097926	-4.3464543e-17	0	300
4.261000000000389e-10	0.19400543	-8.3887635e-06	0.98097926	-4.346455e-17	0	300
4.262000000000389e-10	0.19400555	-8.416089e-06	0.98097926	-4.346456e-17	0	300
4.2630000000003895e-10	0.19400567	-8.441794e-06	0.98097926	-4.3464553e-17	0	300
4.26400000000039e-10	0.19400579	-8.465861e-06	0.9809792	-4.3464536e-17	0	300
4.26500000000039e-10	0.19400588	-8.488288e-06	0.9809792	-4.3464546e-17	0	300
4.2660000000003904e-10	0.194006	-8.509089e-06	0.9809792	-4.3464533e-17	0	300
4.2670000000003907e-10	0.19400613	-8.528363e-06	0.98097914	-4.3464536e-17	0	300
4.268000000000391e-10	0.19400622	-8.546069e-06	0.98097914	-4.346454e-17	0	300
4.2690000000003913e-10	0.19400635	-8.562204e-06	0.98097914	-4.3464546e-17	0	300
4.2700000000003916e-10	0.19400647	-8.576799e-06	0.980979	-4.346455e-17	0	300
4.271000000000392e-10	0.19400656	-8.5898555e-06	0.98097897	-4.346453e-17	0	300
4.272000000000392e-10	0.19400668	-8.601375e-06	0.98097885	-4.346454e-17	0	300
4.2730000000003925e-10	0.1940068	-8.611352e-06	0.98097885	-4.346454e-17	0	300
4.274000000000393e-10	0.19400692	-8.619809e-06	0.9809789	-4.3464543e-17	0	300
4.275000000000393e-10	0.19400702	-8.626751e-06	0.98097885	-4.3464543e-17	0	300
4.2760000000003934e-10	0.19400713	-8.632245e-06	0.98097885	-4.346454e-17	0	300
4.277000000000394e-10	0.19400725	-8.636362e-06	0.98097885	-4.3464546e-17	0	300
4.278000000000394e-10	0.19400734	-8.639038e-06	0.98097885	-4.3464543e-17	0	300
4.2790000000003944e-10	0.19400744	-8.64031e-06	0.98097885	-4.3464533e-17	0	300
4.2800000000003947e-10	0.19400758	-8.640026e-06	0.98097885	-4.346454e-17	0	300
4.281000000000395e-10	0.19400766	-8.638311e-06	0.9809787	-4.3464536e-17	0	300
4.2820000000003953e-10	0.19400775	-8.635263e-06	0.9809787	-4.3464543e-17	0	300
4.2830000000003956e-10	0.19400787	-8.630908e-06	0.98097867	-4.3464546e-17	0	300
4.284000000000396e-10	0.19400798	-8.625242e-06	0.98097867	-4.346454e-17	0	300
4.285000000000396e-10	0.19400808	-8.618242e-06	0.98097867	-4.346455e-17	0	300
4.2860000000003965e-10	0.19400819	-8.6098125e-06	0.9809786	-4.3464543e-17	0	300
4.287000000000397e-10	0.19400829	-8.600051e-06	0.9809786	-4.3464553e-17	0	300
4.288000000000397e-10	0.19400838	-8.589e-06	0.9809786	-4.346454e-17	0	300
4.2890000000003974e-10	0.1940085	-8.576683e-06	0.9809786	-4.346455e-17	0	300
4.290000000000398e-10	0.1940086	-8.5631245e-06	0.9809786	-4.3464533e-17	0	300
4.291000000000398e-10	0.1940087	-8.5481315e-06	0.9809786	-4.346454e-17	0	300
4.2920000000003984e-10	0.19400877	-8.531745e-06	0.98097855	-4.346454e-17	0	300
4.2930000000003987e-10	0.19400889	-8.514127e-06	0.98097855	-4.3464536e-17	0	300
4.294000000000399e-10	0.19400898	-8.495355e-06	0.9809785	-4.3464533e-17	0	300
4.2950000000003993e-10	0.19400907	-8.475425e-06	0.9809785	-4.3464533e-17	0	300
4.2960000000003996e-10	0.19400917	-8.454309e-06	0.98097837	-4.346453e-17	0	300
4.2970000000004e-10	0.19400926	-8.43198e-06	0.98097837	-4.346453e-17	0	300
4.2980000000004e-10	0.19400935	-8.4084395e-06	0.98097837	-4.3464533e-17	0	300
4.2990000000004005e-10	0.19400945	-8.38372e-06	0.98097837	-4.3464546e-17	0	300
4.300000000000401e-10	0.19400954	-8.357799e-06	0.9809783	-4.346454e-17	0	300
4.301000000000401e-10	0.19400965	-8.330748e-06	0.9809783	-4.3464543e-17	0	300
4.3020000000004014e-10	0.19400972	-8.302595e-06	0.9809783	-4.3464543e-17	0	300
4.3030000000004017e-10	0.19400983	-8.273271e-06	0.9809783	-4.3464546e-17	0	300
4.304000000000402e-10	0.19400991	-8.242837e-06	0.9809783	-4.3464546e-17	0	300
4.3050000000004023e-10	0.19400999	-8.211221e-06	0.98097825	-4.3464543e-17	0	300
4.3060000000004026e-10	0.1940101	-8.178561e-06	0.98097825	-4.346455e-17	0	300
4.307000000000403e-10	0.19401017	-8.144857e-06	0.98097825	-4.346454e-17	0	300
4.3080000000004033e-10	0.19401026	-8.110104e-06	0.98097825	-4.346454e-17	0	300
4.3090000000004036e-10	0.19401035	-8.074274e-06	0.98097825	-4.3464543e-17	0	300
4.310000000000404e-10	0.19401044	-8.037429e-06	0.98097825	-4.3464543e-17	0	300
4.311000000000404e-10	0.19401053	-7.999584e-06	0.9809782	-4.346455e-17	0	300
4.3120000000004045e-10	0.19401059	-7.960694e-06	0.9809782	-4.346454e-17	0	300
4.313000000000405e-10	0.1940107	-7.920814e-06	0.9809782	-4.3464546e-17	0	300
4.314000000000405e-10	0.19401076	-7.880016e-06	0.9809782	-4.3464543e-17	0	300
4.3150000000004054e-10	0.19401084	-7.838305e-06	0.9809782	-4.3464543e-17	0	300
4.3160000000004057e-10	0.19401091	-7.79569e-06	0.98097813	-4.3464536e-17	0	300
4.317000000000406e-10	0.194011	-7.7521945e-06	0.98097813	-4.346454e-17	0	300
4.3180000000004063e-10	0.19401108	-7.707784e-06	0.98097813	-4.346454e-17	0	300
4.3190000000004066e-10	0.19401115	-7.66238e-06	0.9809781	-4.346455e-17	0	300
4.320000000000407e-10	0.19401123	-7.6161527e-06	0.9809781	-4.3464543e-17	0	300
4.321000000000407e-10	0.1940113	-7.5691e-06	0.9809781	-4.3464543e-17	0	300
4.3220000000004076e-10	0.19401139	-7.5211747e-06	0.9809781	-4.3464553e-17	0	300
4.323000000000408e-10	0.19401146	-7.472382e-06	0.980978	-4.3464546e-17	0	300
4.324000000000408e-10	0.19401154	-7.4227096e-06	0.980978	-4.346455e-17	0	300
4.3250000000004085e-10	0.1940116	-7.3722463e-06	0.980978	-4.346455e-17	0	300
4.326000000000409e-10	0.19401169	-7.32091e-06	0.980978	-4.346455e-17	0	300
4.327000000000409e-10	0.19401175	-7.2687817e-06	0.980978	-4.346454e-17	0	300
4.3280000000004094e-10	0.19401182	-7.2158755e-06	0.980978	-4.346454e-17	0	300
4.3290000000004097e-10	0.19401188	-7.1622067e-06	0.980978	-4.346454e-17	0	300
4.33000000000041e-10	0.19401196	-7.1078307e-06	0.9809779	-4.3464536e-17	0	300
4.3310000000004103e-10	0.19401203	-7.0527085e-06	0.980978	-4.346453e-17	0	300
4.3320000000004106e-10	0.1940121	-6.9969046e-06	0.9809779	-4.3464543e-17	0	300
4.333000000000411e-10	0.19401218	-6.9404114e-06	0.9809779	-4.3464533e-17	0	300
4.334000000000411e-10	0.19401222	-6.883217e-06	0.9809779	-4.346454e-17	0	300
4.3350000000004115e-10	0.19401231	-6.825272e-06	0.9809779	-4.3464543e-17	0	300
4.336000000000412e-10	0.19401237	-6.766626e-06	0.9809779	-4.346455e-17	0	300
4.337000000000412e-10	0.19401243	-6.707335e-06	0.98097783	-4.3464543e-17	0	300
4.3380000000004125e-10	0.1940125	-6.6472903e-06	0.9809778	-4.3464543e-17	0	300
4.339000000000413e-10	0.19401255	-6.586564e-06	0.9809778	-4.3464546e-17	0	300
4.340000000000413e-10	0.19401263	-6.5252434e-06	0.9809778	-4.346454e-17	0	300
4.3410000000004134e-10	0.19401267	-6.463356e-06	0.9809778	-4.3464546e-17	0	300
4.3420000000004137e-10	0.19401272	-6.400885e-06	0.9809777	-4.3464543e-17	0	300
4.343000000000414e-10	0.19401279	-6.3378766e-06	0.9809777	-4.3464543e-17	0	300
4.3440000000004143e-10	0.19401285	-6.2743134e-06	0.9809777	-4.3464543e-17	0	300
4.3450000000004146e-10	0.19401291	-6.2101026e-06	0.9809777	-4.3464546e-17	0	300
4.346000000000415e-10	0.19401295	-6.145372e-06	0.98097765	-4.3464546e-17	0	300
4.347000000000415e-10	0.19401301	-6.080167e-06	0.9809777	-4.3464553e-17	0	300
4.3480000000004155e-10	0.19401306	-6.0144675e-06	0.9809777	-4.346454e-17	0	300
4.349000000000416e-10	0.19401312	-5.9483164e-06	0.9809777	-4.346455e-17	0	300
4.350000000000416e-10	0.19401318	-5.881747e-06	0.98097765	-4.346455e-17	0	300
4.3510000000004165e-10	0.19401321	-5.8147716e-06	0.98097765	-4.3464543e-17	0	300
4.352000000000417e-10	0.19401325	-5.747419e-06	0.98097765	-4.346455e-17	0	300
4.353000000000417e-10	0.1940133	-5.6796775e-06	0.98097765	-4.346455e-17	0	300
4.3540000000004174e-10	0.19401334	-5.611557e-06	0.98097765	-4.3464553e-17	0	300
4.3550000000004177e-10	0.19401339	-5.5430173e-06	0.98097765	-4.346456e-17	0	300
4.356000000000418e-10	0.19401342	-5.4740776e-06	0.98097765	-4.3464546e-17	0	300
4.3570000000004183e-10	0.19401346	-5.4048046e-06	0.98097765	-4.3464546e-17	0	300
4.3580000000004186e-10	0.1940135	-5.3352287e-06	0.98097765	-4.346455e-17	0	300
4.359000000000419e-10	0.19401354	-5.265397e-06	0.98097765	-4.346455e-17	0	300
4.360000000000419e-10	0.19401357	-5.1953057e-06	0.9809776	-4.346455e-17	0	300
4.3610000000004195e-10	0.1940136	-5.1249663e-06	0.98097754	-4.346455e-17	0	300
4.36200000000042e-10	0.19401364	-5.0544604e-06	0.98097754	-4.346455e-17	0	300
4.36300000000042e-10	0.19401366	-4.983783e-06	0.9809776	-4.346455e-17	0	300
4.3640000000004204e-10	0.19401368	-4.912964e-06	0.98097754	-4.346454e-17	0	300
4.365000000000421e-10	0.1940137	-4.842008e-06	0.98097754	-4.3464546e-17	0	300
4.366000000000421e-10	0.19401374	-4.7709177e-06	0.98097754	-4.3464546e-17	0	300
4.3670000000004214e-10	0.19401377	-4.6996984e-06	0.98097754	-4.3464546e-17	0	300
4.3680000000004217e-10	0.19401377	-4.628408e-06	0.98097754	-4.3464546e-17	0	300
4.369000000000422e-10	0.1940138	-4.5570796e-06	0.98097754	-4.3464546e-17	0	300
4.3700000000004223e-10	0.19401383	-4.4857056e-06	0.98097754	-4.3464546e-17	0	300
4.3710000000004226e-10	0.19401383	-4.4142926e-06	0.98097754	-4.3464546e-17	0	300
4.372000000000423e-10	0.19401386	-4.3428995e-06	0.98097754	-4.346455e-17	0	300
4.373000000000423e-10	0.1940139	-4.271525e-06	0.98097754	-4.346455e-17	0	300
4.3740000000004235e-10	0.1940139	-4.200163e-06	0.98097754	-4.346455e-17	0	300
4.375000000000424e-10	0.1940139	-4.128825e-06	0.98097754	-4.346455e-17	0	300
4.376000000000424e-10	0.19401392	-4.057501e-06	0.98097754	-4.346455e-17	0	300
4.3770000000004244e-10	0.19401392	-3.9862266e-06	0.98097754	-4.346455e-17	0	300
4.3780000000004247e-10	0.19401392	-3.9150395e-06	0.98097754	-4.346455e-17	0	300
4.379000000000425e-10	0.19401395	-3.8439343e-06	0.98097754	-4.346455e-17	0	300
4.3800000000004253e-10	0.19401395	-3.7729214e-06	0.98097754	-4.3464556e-17	0	300
4.3810000000004257e-10	0.19401398	-3.7020252e-06	0.98097754	-4.346455e-17	0	300
4.382000000000426e-10	0.19401398	-3.6312335e-06	0.98097754	-4.3464536e-17	0	300
4.3830000000004263e-10	0.19401398	-3.5605726e-06	0.98097754	-4.346455e-17	0	300
4.3840000000004266e-10	0.19401398	-3.4900527e-06	0.98097754	-4.3464556e-17	0	300
4.385000000000427e-10	0.19401398	-3.4196696e-06	0.98097754	-4.3464556e-17	0	300
4.386000000000427e-10	0.19401401	-3.3493966e-06	0.98097754	-4.3464556e-17	0	300
4.3870000000004275e-10	0.19401401	-3.279284e-06	0.9809775	-4.3464556e-17	0	300
4.388000000000428e-10	0.194014	-3.209354e-06	0.98097754	-4.3464556e-17	0	300
4.389000000000428e-10	0.19401401	-3.1396157e-06	0.98097754	-4.3464556e-17	0	300
4.3900000000004284e-10	0.19401401	-3.0700694e-06	0.98097754	-4.3464543e-17	0	300
4.3910000000004287e-10	0.19401401	-3.00073e-06	0.98097754	-4.3464556e-17	0	300
4.392000000000429e-10	0.19401403	-2.9316034e-06	0.98097754	-4.3464543e-17	0	300
4.3930000000004293e-10	0.19401401	-2.8626912e-06	0.9809775	-4.3464556e-17	0	300
4.3940000000004296e-10	0.19401403	-2.793992e-06	0.98097754	-4.3464556e-17	0	300
4.39500000000043e-10	0.19401404	-2.7255078e-06	0.98097754	-4.3464556e-17	0	300
4.39600000000043e-10	0.19401403	-2.6572402e-06	0.98097754	-4.3464556e-17	0	300
4.3970000000004306e-10	0.19401403	-2.589185e-06	0.9809775	-4.3464556e-17	0	300
4.398000000000431e-10	0.19401403	-2.5213492e-06	0.98097754	-4.3464556e-17	0	300
4.399000000000431e-10	0.19401403	-2.4537321e-06	0.9809775	-4.3464556e-17	0	300
4.4000000000004315e-10	0.19401403	-2.3863254e-06	0.98097754	-4.3464556e-17	0	300
4.401000000000432e-10	0.19401403	-2.3191365e-06	0.9809775	-4.3464556e-17	0	300
4.402000000000432e-10	0.19401401	-2.2521626e-06	0.9809775	-4.3464556e-17	0	300
4.4030000000004324e-10	0.19401403	-2.1854014e-06	0.98097754	-4.3464556e-17	0	300
4.4040000000004327e-10	0.19401403	-2.1188573e-06	0.98097754	-4.3464556e-17	0	300
4.405000000000433e-10	0.19401403	-2.0525258e-06	0.98097754	-4.3464556e-17	0	300
4.4060000000004333e-10	0.19401401	-1.9864112e-06	0.98097754	-4.3464556e-17	0	300
4.4070000000004336e-10	0.19401401	-1.9205117e-06	0.98097754	-4.3464556e-17	0	300
4.408000000000434e-10	0.19401401	-1.8548276e-06	0.98097754	-4.3464556e-17	0	300
4.409000000000434e-10	0.19401401	-1.7893606e-06	0.98097754	-4.3464556e-17	0	300
4.4100000000004346e-10	0.19401401	-1.7241122e-06	0.98097754	-4.3464556e-17	0	300
4.411000000000435e-10	0.19401401	-1.6590856e-06	0.98097754	-4.3464556e-17	0	300
4.412000000000435e-10	0.19401401	-1.5942751e-06	0.9809775	-4.3464556e-17	0	300
4.4130000000004355e-10	0.19401401	-1.5296811e-06	0.98097754	-4.3464556e-17	0	300
4.414000000000436e-10	0.19401401	-1.46531e-06	0.98097754	-4.3464556e-17	0	300
4.415000000000436e-10	0.19401401	-1.4011638e-06	0.9809775	-4.3464556e-17	0	300
4.4160000000004364e-10	0.19401401	-1.3372455e-06	0.98097754	-4.3464556e-17	0	300
4.4170000000004367e-10	0.19401401	-1.2735785e-06	0.98097754	-4.3464556e-17	0	300
4.418000000000437e-10	0.19401401	-1.2101532e-06	0.9809775	-4.3464543e-17	0	300
4.4190000000004373e-10	0.19401401	-1.1469862e-06	0.98097754	-4.3464556e-17	0	300
4.4200000000004376e-10	0.194014	-1.0840822e-06	0.9809775	-4.346455e-17	0	300
4.421000000000438e-10	0.194014	-1.0214192e-06	0.98097754	-4.346455e-17	0	300
4.422000000000438e-10	0.19401398	-9.590202e-07	0.98097754	-4.3464543e-17	0	300
4.4230000000004385e-10	0.19401398	-8.968628e-07	0.98097754	-4.346455e-17	0	300
4.424000000000439e-10	0.19401398	-8.3502505e-07	0.98097754	-4.346455e-17	0	300
4.425000000000439e-10	0.19401397	-7.734942e-07	0.98097754	-4.346455e-17	0	300
4.4260000000004395e-10	0.19401397	-7.122281e-07	0.9809775	-4.3464536e-17	0	300
4.42700000000044e-10	0.19401395	-6.512383e-07	0.98097754	-4.346455e-17	0	300
4.42800000000044e-10	0.19401394	-5.9053673e-07	0.98097754	-4.346455e-17	0	300
4.4290000000004404e-10	0.19401394	-5.3012275e-07	0.98097754	-4.346455e-17	0	300
4.4300000000004407e-10	0.19401392	-4.7001927e-07	0.98097754	-4.346455e-17	0	300
4.431000000000441e-10	0.19401392	-4.1024754e-07	0.98097754	-4.346455e-17	0	300
4.4320000000004413e-10	0.19401391	-3.5079685e-07	0.98097754	-4.346455e-17	0	300
4.4330000000004416e-10	0.1940139	-2.9168473e-07	0.98097754	-4.346455e-17	0	300
4.434000000000442e-10	0.1940139	-2.3293921e-07	0.98097754	-4.3464546e-17	0	300
4.435000000000442e-10	0.19401386	-1.745626e-07	0.98097754	-4.3464546e-17	0	300
4.4360000000004425e-10	0.19401386	-1.1656252e-07	0.98097754	-4.3464546e-17	0	300
4.437000000000443e-10	0.19401385	-5.892818e-08	0.98097754	-4.3464546e-17	0	300
4.438000000000443e-10	0.19401383	-1.6832473e-09	0.98097754	-4.3464546e-17	0	300
4.4390000000004434e-10	0.19401379	5.5199706e-08	0.98097754	-4.3464546e-17	0	300
4.440000000000444e-10	0.19401377	1.1168618e-07	0.98097754	-4.3464546e-17	0	300
4.441000000000444e-10	0.19401377	1.6779038e-07	0.98097754	-4.3464546e-17	0	300
4.4420000000004444e-10	0.19401374	2.2350483e-07	0.98097754	-4.3464546e-17	0	300
4.4430000000004447e-10	0.19401373	2.7881367e-07	0.9809776	-4.346456e-17	0	300
4.444000000000445e-10	0.1940137	3.3372933e-07	0.9809776	-4.346456e-17	0	300
4.4450000000004453e-10	0.19401368	3.88211e-07	0.98097754	-4.3464553e-17	0	300
4.4460000000004456e-10	0.19401367	4.4225823e-07	0.98097754	-4.346455e-17	0	300
4.447000000000446e-10	0.19401366	4.9585583e-07	0.9809776	-4.346455e-17	0	300
4.448000000000446e-10	0.19401363	5.490265e-07	0.9809776	-4.346455e-17	0	300
4.4490000000004465e-10	0.19401361	6.017707e-07	0.9809776	-4.346455e-17	0	300
4.450000000000447e-10	0.1940136	6.54068e-07	0.9809776	-4.346455e-17	0	300
4.451000000000447e-10	0.19401354	7.0590477e-07	0.9809776	-4.346455e-17	0	300
4.4520000000004474e-10	0.1940135	7.5728815e-07	0.9809776	-4.346455e-17	0	300
4.4530000000004477e-10	0.1940135	8.081896e-07	0.9809776	-4.346455e-17	0	300
4.454000000000448e-10	0.19401348	8.584849e-07	0.98097765	-4.346455e-17	0	300
4.4550000000004484e-10	0.19401345	9.081459e-07	0.98097765	-4.346454e-17	0	300
4.4560000000004487e-10	0.19401342	9.572647e-07	0.98097765	-4.346454e-17	0	300
4.457000000000449e-10	0.19401339	1.0058462e-06	0.98097765	-4.3464553e-17	0	300
4.4580000000004493e-10	0.19401336	1.0538512e-06	0.98097765	-4.3464553e-17	0	300
4.4590000000004496e-10	0.19401333	1.1013175e-06	0.98097765	-4.3464546e-17	0	300
4.46000000000045e-10	0.19401328	1.1482276e-06	0.98097765	-4.346455e-17	0	300
4.46100000000045e-10	0.19401327	1.1945959e-06	0.98097765	-4.346455e-17	0	300
4.4620000000004505e-10	0.19401324	1.2403787e-06	0.98097765	-4.3464543e-17	0	300
4.463000000000451e-10	0.19401321	1.285611e-06	0.98097765	-4.346455e-17	0	300
4.464000000000451e-10	0.19401316	1.3302655e-06	0.98097765	-4.346455e-17	0	300
4.4650000000004514e-10	0.19401312	1.3743488e-06	0.9809777	-4.346455e-17	0	300
4.4660000000004517e-10	0.1940131	1.4178287e-06	0.9809777	-4.3464543e-17	0	300
4.467000000000452e-10	0.19401306	1.4607338e-06	0.9809777	-4.346454e-17	0	300
4.4680000000004523e-10	0.19401303	1.5030196e-06	0.98097765	-4.346454e-17	0	300
4.4690000000004526e-10	0.194013	1.5446739e-06	0.9809777	-4.3464546e-17	0	300
4.470000000000453e-10	0.19401295	1.5856863e-06	0.9809777	-4.3464546e-17	0	300
4.4710000000004533e-10	0.19401291	1.6260631e-06	0.9809777	-4.3464546e-17	0	300
4.4720000000004536e-10	0.19401288	1.6657715e-06	0.9809777	-4.3464543e-17	0	300
4.473000000000454e-10	0.19401285	1.7048519e-06	0.9809777	-4.3464543e-17	0	300
4.474000000000454e-10	0.19401279	1.7433026e-06	0.9809777	-4.3464543e-17	0	300
4.4750000000004545e-10	0.19401276	1.7811191e-06	0.9809777	-4.3464543e-17	0	300
4.476000000000455e-10	0.1940127	1.8182739e-06	0.9809778	-4.3464543e-17	0	300
4.477000000000455e-10	0.19401266	1.8548104e-06	0.9809777	-4.3464553e-17	0	300
4.4780000000004554e-10	0.19401261	1.8907028e-06	0.9809778	-4.3464546e-17	0	300
4.4790000000004557e-10	0.19401258	1.9259737e-06	0.9809778	-4.3464546e-17	0	300
4.480000000000456e-10	0.19401255	1.9606166e-06	0.9809779	-4.3464546e-17	0	300
4.4810000000004563e-10	0.1940125	1.9946153e-06	0.9809779	-4.3464543e-17	0	300
4.4820000000004566e-10	0.19401245	2.02793e-06	0.9809779	-4.3464543e-17	0	300
4.483000000000457e-10	0.19401243	2.0605155e-06	0.9809779	-4.3464536e-17	0	300
4.484000000000457e-10	0.19401239	2.0923599e-06	0.9809779	-4.3464543e-17	0	300
4.4850000000004576e-10	0.19401233	2.1235207e-06	0.9809779	-4.3464536e-17	0	300
4.486000000000458e-10	0.1940123	2.1539943e-06	0.9809779	-4.3464536e-17	0	300
4.487000000000458e-10	0.19401227	2.1838482e-06	0.9809779	-4.3464533e-17	0	300
4.4880000000004585e-10	0.1940122	2.2130375e-06	0.9809779	-4.346454e-17	0	300
4.489000000000459e-10	0.19401217	2.2415727e-06	0.9809779	-4.346454e-17	0	300
4.490000000000459e-10	0.1940121	2.2694217e-06	0.98097795	-4.346454e-17	0	300
4.4910000000004594e-10	0.19401208	2.2966337e-06	0.98097795	-4.3464536e-17	0	300
4.4920000000004597e-10	0.19401202	2.323201e-06	0.98097795	-4.346453e-17	0	300
4.49300000000046e-10	0.19401199	2.3491136e-06	0.980978	-4.3464543e-17	0	300
4.4940000000004603e-10	0.19401194	2.3743642e-06	0.98097795	-4.346453e-17	0	300
4.4950000000004606e-10	0.1940119	2.3989287e-06	0.980978	-4.3464546e-17	0	300
4.496000000000461e-10	0.19401185	2.4228004e-06	0.980978	-4.3464546e-17	0	300
4.497000000000461e-10	0.1940118	2.445995e-06	0.980978	-4.3464546e-17	0	300
4.4980000000004615e-10	0.19401178	2.468558e-06	0.980978	-4.3464553e-17	0	300
4.499000000000462e-10	0.19401172	2.4904914e-06	0.980978	-4.3464543e-17	0	300
4.500000000000462e-10	0.19401169	2.5117638e-06	0.980978	-4.3464543e-17	0	300
4.5010000000004625e-10	0.19401163	2.5323693e-06	0.980978	-4.3464543e-17	0	300
4.502000000000463e-10	0.19401158	2.5523204e-06	0.980978	-4.346455e-17	0	300
4.503000000000463e-10	0.19401152	2.5716313e-06	0.9809781	-4.346455e-17	0	300
4.5040000000004634e-10	0.19401148	2.5902445e-06	0.9809781	-4.3464546e-17	0	300
4.5050000000004637e-10	0.19401145	2.608252e-06	0.9809781	-4.346454e-17	0	300
4.506000000000464e-10	0.19401142	2.6255966e-06	0.9809781	-4.3464553e-17	0	300
4.5070000000004643e-10	0.19401136	2.6422617e-06	0.9809781	-4.3464546e-17	0	300
4.5080000000004646e-10	0.19401132	2.6582613e-06	0.9809781	-4.3464543e-17	0	300
4.509000000000465e-10	0.1940113	2.6736222e-06	0.98097813	-4.3464543e-17	0	300
4.510000000000465e-10	0.19401124	2.688343e-06	0.9809781	-4.3464543e-17	0	300
4.5110000000004655e-10	0.19401118	2.7024648e-06	0.9809781	-4.3464543e-17	0	300
4.512000000000466e-10	0.19401115	2.7159995e-06	0.9809781	-4.346455e-17	0	300
4.513000000000466e-10	0.1940111	2.728919e-06	0.98097813	-4.346454e-17	0	300
4.5140000000004665e-10	0.19401106	2.741232e-06	0.98097813	-4.346454e-17	0	300
4.515000000000467e-10	0.194011	2.752965e-06	0.98097813	-4.3464546e-17	0	300
4.516000000000467e-10	0.19401099	2.7641108e-06	0.98097813	-4.3464546e-17	0	300
4.5170000000004674e-10	0.19401091	2.7746942e-06	0.98097813	-4.3464543e-17	0	300
4.5180000000004677e-10	0.19401088	2.7846945e-06	0.9809782	-4.3464543e-17	0	300
4.519000000000468e-10	0.19401085	2.794101e-06	0.9809782	-4.3464543e-17	0	300
4.5200000000004683e-10	0.19401081	2.8028599e-06	0.9809782	-4.346455e-17	0	300
4.5210000000004686e-10	0.19401076	2.8110455e-06	0.9809782	-4.3464543e-17	0	300
4.522000000000469e-10	0.19401072	2.8186682e-06	0.9809782	-4.346454e-17	0	300
4.523000000000469e-10	0.19401067	2.8257978e-06	0.9809782	-4.346454e-17	0	300
4.5240000000004695e-10	0.19401065	2.832408e-06	0.9809782	-4.3464546e-17	0	300
4.52500000000047e-10	0.19401062	2.8385002e-06	0.9809782	-4.346456e-17	0	300
4.52600000000047e-10	0.19401056	2.8440165e-06	0.9809782	-4.346456e-17	0	300
4.5270000000004704e-10	0.19401053	2.8489449e-06	0.9809782	-4.3464556e-17	0	300
4.528000000000471e-10	0.19401048	2.8532913e-06	0.9809782	-4.3464556e-17	0	300
4.529000000000471e-10	0.19401045	2.8571258e-06	0.9809782	-4.346455e-17	0	300
4.5300000000004714e-10	0.1940104	2.8604775e-06	0.98097825	-4.346455e-17	0	300
4.5310000000004717e-10	0.19401038	2.8633335e-06	0.98097825	-4.346455e-17	0	300
4.532000000000472e-10	0.19401035	2.8656623e-06	0.98097825	-4.3464546e-17	0	300
4.5330000000004723e-10	0.1940103	2.867495e-06	0.98097825	-4.346454e-17	0	300
4.5340000000004726e-10	0.19401026	2.8687982e-06	0.98097825	-4.346454e-17	0	300
4.535000000000473e-10	0.19401023	2.869605e-06	0.98097825	-4.346454e-17	0	300
4.536000000000473e-10	0.19401018	2.8698903e-06	0.98097825	-4.3464546e-17	0	300
4.5370000000004735e-10	0.19401015	2.8695654e-06	0.98097825	-4.346455e-17	0	300
4.538000000000474e-10	0.19401011	2.8687978e-06	0.98097825	-4.3464543e-17	0	300
4.539000000000474e-10	0.19401008	2.8675881e-06	0.98097825	-4.346455e-17	0	300
4.5400000000004744e-10	0.19401005	2.8659351e-06	0.98097825	-4.3464543e-17	0	300
4.5410000000004747e-10	0.19400999	2.8638449e-06	0.9809783	-4.3464543e-17	0	300
4.542000000000475e-10	0.19400996	2.8613263e-06	0.9809783	-4.3464543e-17	0	300
4.5430000000004753e-10	0.19400993	2.8583709e-06	0.9809783	-4.346454e-17	0	300
4.5440000000004757e-10	0.19400991	2.8549673e-06	0.9809783	-4.346454e-17	0	300
4.545000000000476e-10	0.19400987	2.8511113e-06	0.9809783	-4.346454e-17	0	300
4.5460000000004763e-10	0.19400984	2.846819e-06	0.9809783	-4.346454e-17	0	300
4.5470000000004766e-10	0.1940098	2.84213e-06	0.9809783	-4.3464546e-17	0	300
4.548000000000477e-10	0.19400978	2.8370239e-06	0.9809783	-4.3464543e-17	0	300
4.549000000000477e-10	0.19400975	2.8314876e-06	0.9809783	-4.3464543e-17	0	300
4.5500000000004775e-10	0.19400972	2.825545e-06	0.9809783	-4.3464543e-17	0	300
4.551000000000478e-10	0.19400969	2.8192176e-06	0.98097837	-4.3464543e-17	0	300
4.552000000000478e-10	0.19400966	2.81242e-06	0.9809783	-4.346453e-17	0	300
4.5530000000004784e-10	0.19400962	2.805194e-06	0.98097837	-4.3464543e-17	0	300
4.5540000000004787e-10	0.1940096	2.7975975e-06	0.98097837	-4.3464543e-17	0	300
4.555000000000479e-10	0.19400957	2.7896087e-06	0.98097837	-4.3464533e-17	0	300
4.5560000000004793e-10	0.19400953	2.7812644e-06	0.98097837	-4.3464533e-17	0	300
4.5570000000004796e-10	0.19400948	2.772514e-06	0.98097837	-4.3464533e-17	0	300
4.55800000000048e-10	0.19400945	2.7633455e-06	0.98097837	-4.3464533e-17	0	300
4.55900000000048e-10	0.19400944	2.753838e-06	0.98097837	-4.3464533e-17	0	300
4.5600000000004806e-10	0.19400941	2.7440083e-06	0.98097837	-4.3464533e-17	0	300
4.561000000000481e-10	0.19400938	2.733853e-06	0.9809784	-4.346454e-17	0	300
4.562000000000481e-10	0.19400935	2.7233943e-06	0.9809784	-4.3464533e-17	0	300
4.5630000000004815e-10	0.19400933	2.7126548e-06	0.98097837	-4.3464536e-17	0	300
4.564000000000482e-10	0.19400929	2.7016279e-06	0.9809784	-4.3464536e-17	0	300
4.565000000000482e-10	0.19400927	2.6902849e-06	0.98097837	-4.3464543e-17	0	300
4.5660000000004824e-10	0.19400924	2.678591e-06	0.98097837	-4.3464536e-17	0	300
4.5670000000004827e-10	0.19400921	2.6666137e-06	0.98097837	-4.3464543e-17	0	300
4.568000000000483e-10	0.1940092	2.6543898e-06	0.98097837	-4.3464536e-17	0	300
4.5690000000004833e-10	0.1940092	2.641942e-06	0.9809785	-4.3464543e-17	0	300
4.5700000000004836e-10	0.19400917	2.6292569e-06	0.9809785	-4.3464533e-17	0	300
4.571000000000484e-10	0.19400916	2.6163261e-06	0.9809785	-4.346454e-17	0	300
4.572000000000484e-10	0.19400914	2.6031685e-06	0.98097837	-4.3464546e-17	0	300
4.5730000000004845e-10	0.1940091	2.589698e-06	0.9809785	-4.346454e-17	0	300
4.574000000000485e-10	0.1940091	2.5759691e-06	0.9809785	-4.346454e-17	0	300
4.575000000000485e-10	0.19400905	2.562018e-06	0.9809785	-4.346454e-17	0	300
4.5760000000004855e-10	0.19400904	2.547864e-06	0.9809785	-4.346454e-17	0	300
4.577000000000486e-10	0.19400902	2.533499e-06	0.9809785	-4.3464533e-17	0	300
4.578000000000486e-10	0.194009	2.5189483e-06	0.9809785	-4.3464533e-17	0	300
4.5790000000004864e-10	0.19400898	2.5042004e-06	0.9809785	-4.3464533e-17	0	300
4.5800000000004867e-10	0.19400896	2.4892543e-06	0.9809785	-4.346453e-17	0	300
4.581000000000487e-10	0.19400896	2.4741262e-06	0.9809785	-4.346453e-17	0	300
4.5820000000004873e-10	0.19400893	2.458807e-06	0.9809785	-4.346453e-17	0	300
4.5830000000004876e-10	0.1940089	2.4432907e-06	0.9809785	-4.346453e-17	0	300
4.584000000000488e-10	0.19400889	2.4275987e-06	0.9809785	-4.346453e-17	0	300
4.585000000000488e-10	0.19400889	2.411732e-06	0.9809785	-4.3464536e-17	0	300
4.5860000000004885e-10	0.19400887	2.39568e-06	0.9809785	-4.3464536e-17	0	300
4.587000000000489e-10	0.19400883	2.3794641e-06	0.9809785	-4.3464536e-17	0	300
4.588000000000489e-10	0.1940088	2.3630384e-06	0.9809786	-4.3464543e-17	0	300
4.5890000000004895e-10	0.1940088	2.3464129e-06	0.98097855	-4.3464536e-17	0	300
4.59000000000049e-10	0.19400877	2.3296461e-06	0.9809786	-4.3464536e-17	0	300
4.59100000000049e-10	0.19400877	2.3127395e-06	0.9809786	-4.3464536e-17	0	300
4.5920000000004904e-10	0.19400874	2.2956833e-06	0.9809786	-4.3464533e-17	0	300
4.5930000000004907e-10	0.19400874	2.2784468e-06	0.9809786	-4.3464533e-17	0	300
4.594000000000491e-10	0.19400872	2.261063e-06	0.9809786	-4.3464533e-17	0	300
4.5950000000004913e-10	0.19400871	2.2435588e-06	0.9809786	-4.3464533e-17	0	300
4.5960000000004916e-10	0.1940087	2.2259521e-06	0.9809786	-4.3464533e-17	0	300
4.597000000000492e-10	0.19400868	2.2081872e-06	0.9809786	-4.3464533e-17	0	300
4.598000000000492e-10	0.19400868	2.1903234e-06	0.9809786	-4.3464533e-17	0	300
4.5990000000004925e-10	0.19400865	2.1723718e-06	0.9809786	-4.3464533e-17	0	300
4.600000000000493e-10	0.19400865	2.1543476e-06	0.9809786	-4.346454e-17	0	300
4.601000000000493e-10	0.19400865	2.1362628e-06	0.9809786	-4.3464533e-17	0	300
4.6020000000004934e-10	0.19400863	2.1181302e-06	0.9809786	-4.346454e-17	0	300
4.603000000000494e-10	0.19400862	2.0999457e-06	0.9809786	-4.346454e-17	0	300
4.604000000000494e-10	0.19400862	2.0817401e-06	0.9809786	-4.346454e-17	0	300
4.6050000000004944e-10	0.19400862	2.0635111e-06	0.9809786	-4.346454e-17	0	300
4.6060000000004947e-10	0.19400862	2.0452712e-06	0.9809786	-4.3464533e-17	0	300
4.607000000000495e-10	0.19400862	2.0270331e-06	0.9809786	-4.346454e-17	0	300
4.6080000000004953e-10	0.1940086	2.0087982e-06	0.9809786	-4.346454e-17	0	300
4.6090000000004956e-10	0.1940086	1.9905756e-06	0.9809786	-4.346454e-17	0	300
4.610000000000496e-10	0.19400859	1.9723852e-06	0.9809786	-4.3464533e-17	0	300
4.611000000000496e-10	0.19400859	1.9542254e-06	0.9809786	-4.3464533e-17	0	300
4.6120000000004965e-10	0.19400859	1.9360987e-06	0.9809786	-4.3464533e-17	0	300
4.613000000000497e-10	0.19400859	1.9179972e-06	0.9809786	-4.346454e-17	0	300
4.614000000000497e-10	0.19400859	1.8999386e-06	0.9809786	-4.3464533e-17	0	300
4.6150000000004974e-10	0.1940086	1.8819171e-06	0.9809786	-4.346454e-17	0	300
4.6160000000004977e-10	0.1940086	1.8639611e-06	0.9809786	-4.3464533e-17	0	300
4.617000000000498e-10	0.19400859	1.8460428e-06	0.9809786	-4.3464533e-17	0	300
