# t (s)	mx ()	my ()	mz ()	E_total (J)	J (A/m2)	T (K)
0	0	0	1	-4.1875195e-17	0	300
1e-13	0.1940095	-4.41317e-08	0.98097837	-4.346452e-17	-2.3980596e+07	300
2e-13	0.1940095	-9.074784e-08	0.98097837	-4.346452e-17	-2.3980596e+07	300
3.4999999999999997e-13	0.1940095	-1.6570758e-07	0.98097837	-4.3464533e-17	-2.6971428e+07	300
4.4999999999999995e-13	0.1940095	-2.1929057e-07	0.98097837	-4.3464526e-17	-2.6971428e+07	300
5.5e-13	0.1940095	-2.7595937e-07	0.98097837	-4.3464533e-17	-3.123985e+07	300
6.5e-13	0.1940095	-3.3590155e-07	0.98097837	-4.3464526e-17	-3.123985e+07	300
7.499999999999999e-13	0.1940095	-3.9931862e-07	0.98097837	-4.3464526e-17	-3.513605e+07	300
8.499999999999999e-13	0.1940095	-4.6642003e-07	0.98097837	-4.3464526e-17	-3.513605e+07	300
9.5e-13	0.1940095	-5.374252e-07	0.98097837	-4.3464533e-17	-4.0696576e+07	300
1.05e-12	0.1940095	-6.1257873e-07	0.98097837	-4.3464526e-17	-4.0696576e+07	300
1.15e-12	0.1940095	-6.921293e-07	0.98097837	-4.3464526e-17	-4.57722e+07	300
1.25e-12	0.1940095	-7.763409e-07	0.98097837	-4.3464526e-17	-4.57722e+07	300
1.35e-12	0.19400948	-8.654956e-07	0.98097837	-4.346454e-17	-5.1480852e+07	300
1.4499999999999999e-12	0.1940095	-9.598953e-07	0.98097837	-4.3464526e-17	-5.1480852e+07	300
1.5499999999999999e-12	0.1940095	-1.0598567e-06	0.98097837	-4.3464526e-17	-5.790147e+07	300
1.6499999999999998e-12	0.1940095	-1.1657179e-06	0.98097837	-4.3464526e-17	-5.790147e+07	300
1.7499999999999998e-12	0.1940095	-1.2778353e-06	0.98097837	-4.3464526e-17	-6.5122864e+07	300
1.85e-12	0.1940095	-1.396591e-06	0.98097837	-4.3464526e-17	-6.5122864e+07	300
1.95e-12	0.1940095	-1.5223853e-06	0.98097837	-4.3464526e-17	-7.32449e+07	300
2.05e-12	0.1940095	-1.6556472e-06	0.98097837	-4.3464526e-17	-7.32449e+07	300
2.15e-12	0.19400948	-1.7968229e-06	0.98097837	-4.3464526e-17	-8.237989e+07	300
2.25e-12	0.19400948	-1.9463969e-06	0.98097837	-4.3464526e-17	-8.237989e+07	300
2.35e-12	0.19400948	-2.1048759e-06	0.98097837	-4.3464526e-17	-9.265418e+07	300
2.45e-12	0.1940095	-2.2727972e-06	0.98097837	-4.3464526e-17	-9.265418e+07	300
2.55e-12	0.19400948	-2.4507306e-06	0.98097837	-4.3464526e-17	-1.0420985e+08	300
2.65e-12	0.1940095	-2.6392793e-06	0.98097837	-4.3464526e-17	-1.0420985e+08	300
2.7499999999999998e-12	0.19400948	-2.839079e-06	0.98097837	-4.3464526e-17	-1.1720671e+08	300
2.8499999999999998e-12	0.19400948	-3.0508231e-06	0.98097837	-4.3464526e-17	-1.1720671e+08	300
2.9499999999999997e-12	0.1940095	-3.2752373e-06	0.98097837	-4.3464526e-17	-1.3182451e+08	300
3.0499999999999997e-12	0.1940095	-3.513091e-06	0.98097837	-4.3464526e-17	-1.3182451e+08	300
3.1499999999999997e-12	0.19400948	-3.765202e-06	0.98097837	-4.3464526e-17	-1.4826539e+08	300
3.2499999999999997e-12	0.1940095	-4.0324176e-06	0.98097837	-4.3464526e-17	-1.4826539e+08	300
3.3499999999999997e-12	0.19400948	-4.315658e-06	0.98097837	-4.3464526e-17	-1.6675674e+08	300
3.4499999999999996e-12	0.19400948	-4.615834e-06	0.98097837	-4.3464526e-17	-1.6675674e+08	300
3.5499999999999996e-12	0.19400948	-4.9339465e-06	0.98097837	-4.3464526e-17	-1.8755424e+08	300
3.65e-12	0.1940095	-5.2711357e-06	0.98097837	-4.3464526e-17	-1.8755424e+08	300
3.75e-12	0.19400951	-5.628559e-06	0.98097837	-4.3464526e-17	-2.1094554e+08	300
3.85e-12	0.19400951	-6.007408e-06	0.98097837	-4.3464533e-17	-2.1094554e+08	300
3.95e-12	0.19400954	-6.4089295e-06	0.98097837	-4.3464526e-17	-2.3725408e+08	300
4.05e-12	0.19400959	-6.8342247e-06	0.9809783	-4.3464543e-17	-2.3725408e+08	300
4.15e-12	0.19400963	-7.284479e-06	0.9809783	-4.3464543e-17	-2.6684371e+08	300
4.25e-12	0.1940097	-7.761175e-06	0.9809783	-4.3464543e-17	-2.6684371e+08	300
4.35e-12	0.19400975	-8.265972e-06	0.9809783	-4.3464536e-17	-3.001236e+08	300
4.45e-12	0.19400981	-8.800574e-06	0.9809783	-4.346454e-17	-3.001236e+08	300
4.55e-12	0.19400987	-9.366898e-06	0.9809783	-4.346454e-17	-3.3755395e+08	300
4.65e-12	0.19400993	-9.9669005e-06	0.9809783	-4.346454e-17	-3.3755395e+08	300
4.75e-12	0.19400999	-1.0602659e-05	0.9809783	-4.3464536e-17	-3.7965238e+08	300
4.85e-12	0.19401008	-1.1276339e-05	0.9809783	-4.3464543e-17	-3.7965238e+08	300
4.95e-12	0.19401012	-1.1990173e-05	0.98097825	-4.346455e-17	-4.2700102e+08	300
5.05e-12	0.19401023	-1.2746494e-05	0.98097825	-4.3464553e-17	-4.2700102e+08	300
5.15e-12	0.19401033	-1.3547689e-05	0.98097825	-4.346456e-17	-4.8025462e+08	300
5.25e-12	0.19401045	-1.4396326e-05	0.98097825	-4.346455e-17	-4.8025462e+08	300
5.35e-12	0.19401056	-1.5295418e-05	0.98097825	-4.3464546e-17	-5.4014957e+08	300
5.45e-12	0.19401066	-1.624809e-05	0.98097825	-4.3464546e-17	-5.4014957e+08	300
5.5499999999999996e-12	0.1940108	-1.7257637e-05	0.98097813	-4.3464536e-17	-6.07514e+08	300
5.6499999999999996e-12	0.19401094	-1.8327502e-05	0.98097813	-4.346454e-17	-6.07514e+08	300
5.7499999999999995e-12	0.19401109	-1.9461284e-05	0.98097813	-4.346454e-17	-6.8327936e+08	300
5.8499999999999995e-12	0.19401124	-2.066277e-05	0.9809781	-4.3464543e-17	-6.8327936e+08	300
5.9499999999999995e-12	0.19401142	-2.1935944e-05	0.9809781	-4.346454e-17	-7.6849325e+08	300
6.0499999999999995e-12	0.19401157	-2.328525e-05	0.9809781	-4.3464543e-17	-7.6849325e+08	300
6.1499999999999994e-12	0.19401175	-2.471541e-05	0.980978	-4.3464546e-17	-8.643339e+08	300
6.2499999999999994e-12	0.19401191	-2.623145e-05	0.9809779	-4.346453e-17	-8.643339e+08	300
6.349999999999999e-12	0.1940121	-2.7838803e-05	0.98097783	-4.346454e-17	-9.721263e+08	300
6.449999999999999e-12	0.19401227	-2.9543013e-05	0.98097783	-4.346454e-17	-9.721263e+08	300
6.549999999999999e-12	0.19401246	-3.1349977e-05	0.98097783	-4.346455e-17	-1.0933608e+09	300
6.649999999999999e-12	0.1940127	-3.3265835e-05	0.9809778	-4.3464553e-17	-1.0933608e+09	300
6.749999999999999e-12	0.19401291	-3.5297086e-05	0.9809778	-4.3464546e-17	-1.2297133e+09	300
6.849999999999999e-12	0.19401316	-3.7450744e-05	0.98097765	-4.3464536e-17	-1.2297133e+09	300
6.949999999999999e-12	0.19401345	-3.9734092e-05	0.9809776	-4.346454e-17	-1.3830687e+09	300
7.049999999999999e-12	0.19401373	-4.2154752e-05	0.9809776	-4.3464553e-17	-1.3830687e+09	300
7.149999999999999e-12	0.19401404	-4.4721244e-05	0.98097754	-4.346455e-17	-1.555547e+09	300
7.249999999999999e-12	0.19401437	-4.744224e-05	0.9809774	-4.3464536e-17	-1.555547e+09	300
7.35e-12	0.19401471	-5.032697e-05	0.98097736	-4.3464543e-17	-1.7495323e+09	300
7.400000000000002e-12	0.1940149	-5.18339e-05	0.98097736	-4.3464546e-17	-1.7495323e+09	300
7.500000000000003e-12	0.19401526	-5.4983557e-05	0.9809773	-4.3464553e-17	-1.7495323e+09	300
7.600000000000005e-12	0.19401564	-5.832329e-05	0.9809772	-4.346454e-17	-1.9677056e+09	300
7.700000000000006e-12	0.19401604	-6.186479e-05	0.9809771	-4.346454e-17	-1.9677056e+09	300
7.800000000000008e-12	0.1940165	-6.561997e-05	0.98097706	-4.346454e-17	-2.213082e+09	300
7.90000000000001e-12	0.19401696	-6.960168e-05	0.9809769	-4.346454e-17	-2.213082e+09	300
8.000000000000011e-12	0.19401748	-7.3823634e-05	0.98097676	-4.3464543e-17	-2.489053e+09	300
8.100000000000013e-12	0.19401799	-7.83002e-05	0.98097676	-4.3464546e-17	-2.489053e+09	300
8.200000000000014e-12	0.19401854	-8.304721e-05	0.98097664	-4.3464546e-17	-2.799431e+09	300
8.300000000000016e-12	0.19401912	-8.808095e-05	0.98097646	-4.3464543e-17	-2.799431e+09	300
8.400000000000018e-12	0.19401973	-9.34186e-05	0.98097634	-4.3464543e-17	-3.1485048e+09	300
8.500000000000019e-12	0.19402042	-9.9078614e-05	0.9809763	-4.3464533e-17	-3.1485048e+09	300
8.60000000000002e-12	0.19402114	-0.00010508034	0.9809761	-4.3464546e-17	-3.5410967e+09	300
8.700000000000022e-12	0.19402188	-0.000111444766	0.9809759	-4.346454e-17	-3.5410967e+09	300
8.800000000000024e-12	0.19402267	-0.00011819377	0.98097575	-4.3464546e-17	-3.9826294e+09	300
8.900000000000025e-12	0.1940235	-0.00012535052	0.9809756	-4.3464546e-17	-3.9826294e+09	300
9.000000000000027e-12	0.19402446	-0.00013293936	0.98097545	-4.3464543e-17	-4.4792e+09	300
9.100000000000029e-12	0.19402544	-0.00014098622	0.9809753	-4.3464546e-17	-4.4792e+09	300
9.20000000000003e-12	0.19402651	-0.00014951873	0.98097503	-4.3464536e-17	-5.0376663e+09	300
9.300000000000032e-12	0.19402762	-0.00015856628	0.9809748	-4.3464536e-17	-5.0376663e+09	300
9.400000000000033e-12	0.19402881	-0.00016816014	0.98097456	-4.3464543e-17	-5.665737e+09	300
9.500000000000035e-12	0.19403006	-0.00017833336	0.9809743	-4.3464543e-17	-5.665737e+09	300
9.600000000000037e-12	0.19403136	-0.00018912098	0.9809741	-4.346454e-17	-6.372081e+09	300
9.700000000000038e-12	0.19403279	-0.00020056033	0.9809738	-4.3464543e-17	-6.372081e+09	300
9.80000000000004e-12	0.19403425	-0.00021269076	0.9809734	-4.3464543e-17	-7.1664456e+09	300
9.900000000000041e-12	0.1940358	-0.00022555419	0.9809732	-4.3464536e-17	-7.1664456e+09	300
1.0000000000000043e-11	0.19403745	-0.00023919488	0.9809729	-4.3464543e-17	-8.059788e+09	300
1.0100000000000045e-11	0.19403923	-0.00025366005	0.98097247	-4.3464546e-17	-8.059788e+09	300
1.0200000000000046e-11	0.1940411	-0.00026899896	0.9809722	-4.346454e-17	-9.064429e+09	300
1.0300000000000048e-11	0.19404313	-0.00028526442	0.98097175	-4.346454e-17	-9.064429e+09	300
1.040000000000005e-11	0.19404522	-0.00030251246	0.98097134	-4.3464536e-17	-1.0194215e+10	300
1.0500000000000051e-11	0.1940475	-0.00032080262	0.98097086	-4.3464523e-17	-1.0194215e+10	300
1.0600000000000053e-11	0.19404987	-0.0003401979	0.9809704	-4.3464536e-17	-1.1464717e+10	300
1.0700000000000054e-11	0.19405238	-0.0003607652	0.9809699	-4.3464546e-17	-1.1464717e+10	300
1.0800000000000056e-11	0.19405508	-0.00038257538	0.9809693	-4.3464533e-17	-1.2893434e+10	300
1.0900000000000057e-11	0.19405793	-0.00040570335	0.9809688	-4.3464546e-17	-1.2893434e+10	300
1.1000000000000059e-11	0.19406097	-0.0004302285	0.9809682	-4.3464533e-17	-1.4500034e+10	300
1.110000000000006e-11	0.19406416	-0.00045623534	0.9809675	-4.3464533e-17	-1.4500034e+10	300
1.1200000000000062e-11	0.19406754	-0.0004838136	0.98096675	-4.3464533e-17	-1.6306621e+10	300
1.1300000000000064e-11	0.1940711	-0.0005130583	0.9809661	-4.3464533e-17	-1.6306621e+10	300
1.1400000000000065e-11	0.1940749	-0.00054407015	0.98096526	-4.346453e-17	-1.8338036e+10	300
1.1500000000000067e-11	0.1940789	-0.0005769558	0.9809646	-4.3464533e-17	-1.8338036e+10	300
1.1600000000000069e-11	0.19408314	-0.00061182864	0.9809637	-4.3464533e-17	-2.062219e+10	300
1.170000000000007e-11	0.19408767	-0.00064880867	0.98096275	-4.3464523e-17	-2.062219e+10	300
1.1800000000000072e-11	0.19409245	-0.0006880226	0.9809618	-4.3464523e-17	-2.3190442e+10	300
1.1900000000000073e-11	0.19409752	-0.0007296053	0.98096085	-4.3464523e-17	-2.3190442e+10	300
1.2000000000000075e-11	0.19410294	-0.00077369984	0.9809597	-4.346453e-17	-2.6078015e+10	300
1.2100000000000076e-11	0.19410866	-0.00082045724	0.98095846	-4.3464513e-17	-2.6078015e+10	300
1.2200000000000078e-11	0.19411474	-0.0008700384	0.9809572	-4.3464506e-17	-2.9324476e+10	300
1.230000000000008e-11	0.19412118	-0.0009226134	0.98095596	-4.346451e-17	-2.9324476e+10	300
1.2400000000000081e-11	0.194128	-0.0009783623	0.9809545	-4.34645e-17	-3.2974254e+10	300
1.2500000000000083e-11	0.19413525	-0.0010374768	0.98095304	-4.3464503e-17	-3.2974254e+10	300
1.2600000000000084e-11	0.19414288	-0.00110016	0.9809515	-4.3464493e-17	-3.7077234e+10	300
1.2700000000000086e-11	0.19415101	-0.0011666266	0.98094976	-4.3464493e-17	-3.7077234e+10	300
1.2800000000000088e-11	0.19415966	-0.0012371044	0.98094803	-4.3464493e-17	-4.168941e+10	300
1.290000000000009e-11	0.19416876	-0.0013118344	0.9809462	-4.3464457e-17	-4.168941e+10	300
1.3000000000000091e-11	0.19417849	-0.0013910728	0.980944	-4.3464457e-17	-4.6873625e+10	300
1.3100000000000092e-11	0.19418874	-0.0014750904	0.9809419	-4.3464453e-17	-4.6873625e+10	300
1.3200000000000094e-11	0.19419964	-0.0015641747	0.98093957	-4.3464437e-17	-5.2700377e+10	300
1.3300000000000096e-11	0.19421117	-0.0016586301	0.9809372	-4.346443e-17	-5.2700377e+10	300
1.3400000000000097e-11	0.19422342	-0.0017587796	0.9809346	-4.3464414e-17	-5.924874e+10	300
1.3500000000000099e-11	0.19423643	-0.0018649645	0.9809318	-4.3464384e-17	-5.924874e+10	300
1.36000000000001e-11	0.19425018	-0.0019775468	0.9809289	-4.3464377e-17	-6.6607366e+10	300
1.3700000000000102e-11	0.19426475	-0.0020969107	0.9809257	-4.3464354e-17	-6.6607366e+10	300
1.3800000000000104e-11	0.19428027	-0.0022234623	0.98092234	-4.3464334e-17	-7.487562e+10	300
1.3900000000000105e-11	0.19429666	-0.002357632	0.9809188	-4.3464308e-17	-7.487562e+10	300
1.4000000000000107e-11	0.19431406	-0.0024998758	0.98091507	-4.346427e-17	-8.416479e+10	300
1.4100000000000108e-11	0.1943325	-0.0026506772	0.9809111	-4.3464248e-17	-8.416479e+10	300
1.420000000000011e-11	0.19435206	-0.0028105474	0.9809067	-4.34642e-17	-9.459951e+10	300
1.4300000000000112e-11	0.19437279	-0.0029800283	0.9809021	-4.3464166e-17	-9.459951e+10	300
1.4400000000000113e-11	0.19439477	-0.0031596934	0.9808972	-4.346412e-17	-1.0631923e+11	300
1.4500000000000115e-11	0.19441806	-0.0033501498	0.98089194	-4.3464063e-17	-1.0631923e+11	300
1.4600000000000116e-11	0.19444275	-0.0035520408	0.9808864	-4.3464007e-17	-1.194799e+11	300
1.4700000000000115e-11	0.19446893	-0.0037660464	0.9808803	-4.3463937e-17	-1.194799e+11	300
1.4800000000000113e-11	0.19449666	-0.0039928877	0.98087394	-4.346386e-17	-1.342558e+11	300
1.490000000000011e-11	0.19452608	-0.004233326	0.98086715	-4.3463775e-17	-1.342558e+11	300
1.500000000000011e-11	0.1945573	-0.0044881697	0.98085976	-4.3463673e-17	-1.5529561e+11	300
1.5100000000000108e-11	0.19459033	-0.004758271	0.980852	-4.3463573e-17	-1.5529561e+11	300
1.5200000000000106e-11	0.19462538	-0.005044532	0.98084366	-4.3463438e-17	-1.5529561e+11	300
1.5300000000000105e-11	0.19466248	-0.0053479094	0.98083466	-4.3463315e-17	-1.7959497e+11	300
1.5400000000000103e-11	0.19470182	-0.005669412	0.980825	-4.3463166e-17	-1.7959497e+11	300
1.55000000000001e-11	0.19474353	-0.0060101086	0.9808148	-4.3463e-17	-2.0764608e+11	300
1.56000000000001e-11	0.19478773	-0.0063711274	0.9808037	-4.346281e-17	-2.0764608e+11	300
1.5700000000000098e-11	0.19483456	-0.006753661	0.9807919	-4.346258e-17	-2.0764608e+11	300
1.5800000000000097e-11	0.1948842	-0.007158972	0.98077923	-4.3462342e-17	-2.4001118e+11	300
1.5900000000000095e-11	0.1949368	-0.00758839	0.98076546	-4.346208e-17	-2.4001118e+11	300
1.6000000000000093e-11	0.19499251	-0.008043323	0.98075086	-4.3461763e-17	-2.7733095e+11	300
1.6100000000000092e-11	0.19505157	-0.008525256	0.98073506	-4.346142e-17	-2.7733095e+11	300
1.620000000000009e-11	0.19511414	-0.00903576	0.9807181	-4.346104e-17	-2.7733095e+11	300
1.630000000000009e-11	0.19518042	-0.0095764855	0.9806997	-4.346061e-17	-3.2033358e+11	300
1.6400000000000087e-11	0.19525062	-0.010149182	0.9806801	-4.3460116e-17	-3.2033358e+11	300
1.6500000000000085e-11	0.19532499	-0.010755691	0.9806587	-4.345958e-17	-3.69844e+11	300
1.6600000000000084e-11	0.19540377	-0.011397952	0.9806359	-4.3458958e-17	-3.69844e+11	300
1.6700000000000082e-11	0.1954872	-0.012078014	0.9806111	-4.345828e-17	-3.69844e+11	300
1.680000000000008e-11	0.19557557	-0.0127980355	0.98058444	-4.3457512e-17	-4.2679334e+11	300
1.690000000000008e-11	0.19566914	-0.013560283	0.98055553	-4.345665e-17	-4.2679334e+11	300
1.7000000000000077e-11	0.19576824	-0.014367148	0.9805242	-4.3455685e-17	-4.922279e+11	300
1.7100000000000075e-11	0.19587314	-0.015221145	0.98049045	-4.3454603e-17	-4.922279e+11	300
1.7200000000000074e-11	0.19598421	-0.01612492	0.98045385	-4.3453382e-17	-4.922279e+11	300
1.7300000000000072e-11	0.19610178	-0.017081253	0.98041415	-4.345203e-17	-5.6731723e+11	300
1.740000000000007e-11	0.19622621	-0.018093063	0.9803712	-4.345049e-17	-5.6731723e+11	300
1.750000000000007e-11	0.1963579	-0.019163411	0.9803245	-4.344879e-17	-6.533604e+11	300
1.7600000000000067e-11	0.19649728	-0.02029552	0.9802737	-4.344687e-17	-6.533604e+11	300
1.7700000000000066e-11	0.19664474	-0.021492755	0.9802188	-4.3444717e-17	-6.533604e+11	300
1.7800000000000064e-11	0.19680074	-0.022758648	0.980159	-4.344232e-17	-7.517895e+11	300
1.7900000000000062e-11	0.19696575	-0.024096897	0.9800939	-4.3439625e-17	-7.517895e+11	300
1.800000000000006e-11	0.19714025	-0.025511367	0.9800231	-4.343661e-17	-8.641688e+11	300
1.810000000000006e-11	0.19732478	-0.027006092	0.9799459	-4.343325e-17	-8.641688e+11	300
1.8200000000000057e-11	0.1975199	-0.028585292	0.9798619	-4.3429477e-17	-8.641688e+11	300
1.8300000000000056e-11	0.1977261	-0.030253358	0.9797702	-4.342526e-17	-9.921876e+11	300
1.8400000000000054e-11	0.19794407	-0.032014865	0.9796704	-4.3420553e-17	-9.921876e+11	300
1.8500000000000052e-11	0.19817439	-0.033874586	0.9795613	-4.3415306e-17	-1.1376453e+12	300
1.860000000000005e-11	0.19841766	-0.03583745	0.97944224	-4.3409433e-17	-1.1376453e+12	300
1.870000000000005e-11	0.19867462	-0.03790859	0.9793123	-4.3402878e-17	-1.1376453e+12	300
1.8800000000000048e-11	0.19894597	-0.040093325	0.9791703	-4.339555e-17	-1.3024245e+12	300
1.8900000000000046e-11	0.1992324	-0.04239713	0.9790151	-4.3387407e-17	-1.3024245e+12	300
1.9000000000000044e-11	0.19953468	-0.04482569	0.9788455	-4.3378314e-17	-1.4884493e+12	300
1.9100000000000043e-11	0.19985366	-0.047384832	0.97865987	-4.3368176e-17	-1.4884493e+12	300
1.920000000000004e-11	0.20019007	-0.050080545	0.9784569	-4.33569e-17	-1.4884493e+12	300
1.930000000000004e-11	0.2005448	-0.052918993	0.97823495	-4.3344357e-17	-1.6976275e+12	300
1.9400000000000038e-11	0.20091873	-0.055906452	0.9779922	-4.3330397e-17	-1.6976275e+12	300
1.9500000000000036e-11	0.20131275	-0.059049338	0.97772646	-4.3314886e-17	-1.9317678e+12	300
1.9600000000000034e-11	0.20172778	-0.062354162	0.9774358	-4.329767e-17	-1.9317678e+12	300
1.9700000000000033e-11	0.20216483	-0.06582753	0.97711784	-4.3278543e-17	-1.9317678e+12	300
1.980000000000003e-11	0.20262481	-0.069476105	0.97677	-4.3257357e-17	-2.1924737e+12	300
1.990000000000003e-11	0.20310879	-0.07330657	0.97638965	-4.323386e-17	-2.1924737e+12	300
2.0000000000000028e-11	0.20361772	-0.07732562	0.9759736	-4.3207872e-17	-2.4810068e+12	300
2.0100000000000026e-11	0.20415269	-0.08153991	0.975519	-4.3179122e-17	-2.4810068e+12	300
2.0200000000000025e-11	0.20471478	-0.085956015	0.9750221	-4.314735e-17	-2.4810068e+12	300
2.0300000000000023e-11	0.205305	-0.09058039	0.9744793	-4.3112313e-17	-2.7981216e+12	300
2.040000000000002e-11	0.20592451	-0.09541931	0.9738868	-4.307364e-17	-2.7981216e+12	300
2.050000000000002e-11	0.20657435	-0.10047884	0.9732402	-4.303108e-17	-3.1438691e+12	300
2.0600000000000018e-11	0.20725562	-0.10576476	0.97253525	-4.298425e-17	-3.1438691e+12	300
2.0700000000000016e-11	0.20796944	-0.11128246	0.971767	-4.293279e-17	-3.1438691e+12	300
2.0800000000000015e-11	0.2087169	-0.11703695	0.9709306	-4.2876348e-17	-3.517378e+12	300
2.0900000000000013e-11	0.20949906	-0.12303275	0.97002065	-4.2814508e-17	-3.517378e+12	300
2.100000000000001e-11	0.21031697	-0.12927379	0.9690317	-4.2746835e-17	-3.9166214e+12	300
2.110000000000001e-11	0.21117172	-0.13576335	0.967958	-4.2672918e-17	-3.9166214e+12	300
2.1200000000000008e-11	0.2120643	-0.14250399	0.96679336	-4.259229e-17	-3.9166214e+12	300
2.1300000000000007e-11	0.21299568	-0.14949748	0.9655319	-4.250451e-17	-4.3381886e+12	300
2.1400000000000005e-11	0.21396683	-0.1567446	0.96416706	-4.240909e-17	-4.3381886e+12	300
2.1500000000000003e-11	0.2149787	-0.16424522	0.9626925	-4.2305554e-17	-4.7770826e+12	300
2.1600000000000002e-11	0.2160321	-0.17199816	0.9611017	-4.2193434e-17	-4.7770826e+12	300
2.175e-11	0.21769187	-0.18409503	0.958483	-4.2008132e-17	-5.226582e+12	300
2.1849999999999998e-11	0.21885261	-0.19246551	0.9565726	-4.187251e-17	-5.226582e+12	300
2.1949999999999996e-11	0.2200575	-0.20107447	0.95452327	-4.172669e-17	-5.226582e+12	300
2.2049999999999994e-11	0.22130717	-0.20991488	0.9523288	-4.1570286e-17	-5.678198e+12	300
2.2149999999999993e-11	0.22260217	-0.21897835	0.9499833	-4.140289e-17	-5.678198e+12	300
2.224999999999999e-11	0.22394297	-0.22825505	0.9474814	-4.1224177e-17	-6.1217697e+12	300
2.234999999999999e-11	0.22533002	-0.2377336	0.9448181	-4.1033866e-17	-6.1217697e+12	300
2.2449999999999988e-11	0.22676371	-0.24740124	0.94198895	-4.0831713e-17	-6.1217697e+12	300
2.2549999999999986e-11	0.22824433	-0.2572437	0.9389903	-4.0617543e-17	-6.545725e+12	300
2.2649999999999984e-11	0.22977215	-0.26724523	0.93581915	-4.0391272e-17	-6.545725e+12	300
2.2749999999999983e-11	0.23134741	-0.27738887	0.9324733	-4.015285e-17	-6.937534e+12	300
2.284999999999998e-11	0.23297033	-0.28765628	0.92895186	-3.9902352e-17	-6.937534e+12	300
2.294999999999998e-11	0.23464103	-0.29802793	0.9252544	-3.963993e-17	-6.937534e+12	300
2.3049999999999978e-11	0.23635969	-0.30848333	0.92138195	-3.9365833e-17	-7.284339e+12	300
2.3149999999999976e-11	0.23812647	-0.319001	0.9173367	-3.9080373e-17	-7.284339e+12	300
2.3249999999999975e-11	0.23994152	-0.32955867	0.9131218	-3.878398e-17	-7.5737376e+12	300
2.3349999999999973e-11	0.24180499	-0.34013358	0.90874165	-3.8477223e-17	-7.5737376e+12	300
2.344999999999997e-11	0.2437171	-0.35070252	0.9042021	-3.8160654e-17	-7.5737376e+12	300
2.354999999999997e-11	0.24567804	-0.36124203	0.8995096	-3.7835033e-17	-7.794647e+12	300
2.3649999999999968e-11	0.24768817	-0.37172872	0.8946725	-3.750114e-17	-7.794647e+12	300
2.3749999999999966e-11	0.24974775	-0.3821393	0.8896998	-3.7159805e-17	-7.938157e+12	300
2.3849999999999965e-11	0.25185722	-0.3924509	0.88460124	-3.6812002e-17	-7.938157e+12	300
2.3949999999999963e-11	0.254017	-0.4026412	0.8793883	-3.6458707e-17	-7.938157e+12	300
2.404999999999996e-11	0.25622758	-0.41268867	0.8740726	-3.6100954e-17	-7.9982735e+12	300
2.414999999999996e-11	0.25848958	-0.4225726	0.8686666	-3.5739804e-17	-7.9982735e+12	300
2.4249999999999958e-11	0.26080367	-0.43227345	0.8631837	-3.5376364e-17	-7.9724355e+12	300
2.4349999999999957e-11	0.26317045	-0.44177285	0.8576373	-3.5011723e-17	-7.9724355e+12	300
2.4449999999999955e-11	0.26559076	-0.45105365	0.8520413	-3.4647003e-17	-7.9724355e+12	300
2.4549999999999953e-11	0.26806536	-0.4601003	0.8464097	-3.4283275e-17	-7.861747e+12	300
2.4649999999999952e-11	0.27059504	-0.46889848	0.84075654	-3.3921585e-17	-7.861747e+12	300
2.474999999999995e-11	0.27318066	-0.47743544	0.83509564	-3.3562986e-17	-7.6708766e+12	300
2.484999999999995e-11	0.27582306	-0.4857002	0.8294408	-3.320844e-17	-7.6708766e+12	300
2.4949999999999947e-11	0.27852303	-0.49368307	0.8238052	-3.2858896e-17	-7.6708766e+12	300
2.5049999999999945e-11	0.28128138	-0.5013759	0.81820154	-3.2515203e-17	-7.407647e+12	300
2.5149999999999944e-11	0.28409886	-0.5087722	0.812642	-3.2178176e-17	-7.407647e+12	300
2.5249999999999942e-11	0.28697613	-0.5158667	0.8071382	-3.1848535e-17	-7.0823707e+12	300
2.534999999999994e-11	0.28991386	-0.52265584	0.80170065	-3.152694e-17	-7.0823707e+12	300
2.544999999999994e-11	0.29291254	-0.529137	0.79633945	-3.1213998e-17	-7.0823707e+12	300
2.5549999999999937e-11	0.2959726	-0.53530914	0.7910636	-3.0910208e-17	-6.7070266e+12	300
2.5649999999999935e-11	0.29909432	-0.5411721	0.78588146	-3.061599e-17	-6.7070266e+12	300
2.5749999999999934e-11	0.30227795	-0.5467268	0.7808001	-3.0331734e-17	-6.294392e+12	300
2.5849999999999932e-11	0.3055235	-0.55197537	0.77582616	-3.005771e-17	-6.294392e+12	300
2.594999999999993e-11	0.30883092	-0.55692047	0.7709651	-2.9794162e-17	-6.294392e+12	300
2.604999999999993e-11	0.31219998	-0.5615658	0.7662216	-2.9541237e-17	-5.8572124e+12	300
2.6149999999999927e-11	0.3156303	-0.5659156	0.7615994	-2.9299032e-17	-5.8572124e+12	300
2.6249999999999926e-11	0.31912136	-0.5699746	0.75710183	-2.9067606e-17	-5.407508e+12	300
2.6349999999999924e-11	0.32267246	-0.57374835	0.75273097	-2.8846954e-17	-5.407508e+12	300
2.6449999999999922e-11	0.32628283	-0.5772425	0.74848837	-2.8637003e-17	-5.407508e+12	300
2.654999999999992e-11	0.3299515	-0.58046323	0.7443751	-2.8437665e-17	-4.9560457e+12	300
2.664999999999992e-11	0.33367738	-0.583417	0.74039125	-2.8248813e-17	-4.9560457e+12	300
2.6749999999999917e-11	0.3374592	-0.5861103	0.73653674	-2.8070268e-17	-4.5120037e+12	300
2.6849999999999916e-11	0.34129566	-0.58855015	0.73281074	-2.790184e-17	-4.5120037e+12	300
2.6949999999999914e-11	0.34518522	-0.5907432	0.7292119	-2.7743302e-17	-4.5120037e+12	300
2.7049999999999912e-11	0.3491263	-0.5926966	0.7257388	-2.7594416e-17	-4.0828118e+12	300
2.714999999999991e-11	0.35311723	-0.5944173	0.7223892	-2.7454927e-17	-4.0828118e+12	300
2.724999999999991e-11	0.35715613	-0.59591216	0.71916085	-2.7324538e-17	-3.6741448e+12	300
2.7349999999999907e-11	0.3612412	-0.5971882	0.7160512	-2.7202991e-17	-3.6741448e+12	300
2.7449999999999906e-11	0.3653704	-0.59825224	0.7130577	-2.7089958e-17	-3.6741448e+12	300
2.7549999999999904e-11	0.36954176	-0.599111	0.7101769	-2.6985168e-17	-3.2900262e+12	300
2.7649999999999903e-11	0.3737532	-0.59977126	0.70740587	-2.6888303e-17	-3.2900262e+12	300
2.77499999999999e-11	0.37800246	-0.60023934	0.7047415	-2.6799059e-17	-2.9330102e+12	300
2.78499999999999e-11	0.38228753	-0.6005216	0.7021802	-2.6717128e-17	-2.9330102e+12	300
2.7949999999999898e-11	0.38660598	-0.6006244	0.6997188	-2.6642215e-17	-2.9330102e+12	300
2.8049999999999896e-11	0.39095575	-0.6005536	0.6973537	-2.6574006e-17	-2.6044022e+12	300
2.8149999999999894e-11	0.39533448	-0.60031515	0.6950816	-2.6512207e-17	-2.6044022e+12	300
2.8249999999999893e-11	0.39973986	-0.5999148	0.692899	-2.6456533e-17	-2.3044922e+12	300
2.834999999999989e-11	0.40416968	-0.59935784	0.69080263	-2.64067e-17	-2.3044922e+12	300
2.844999999999989e-11	0.40862155	-0.59864986	0.68878895	-2.6362421e-17	-2.3044922e+12	300
2.8549999999999888e-11	0.4130934	-0.59779596	0.6868547	-2.6323431e-17	-2.0327824e+12	300
2.8649999999999886e-11	0.41758278	-0.59680104	0.68499684	-2.6289461e-17	-2.0327824e+12	300
2.8749999999999885e-11	0.42208758	-0.59566987	0.683212	-2.6260268e-17	-1.7881925e+12	300
2.8849999999999883e-11	0.42660546	-0.59440726	0.6814972	-2.6235587e-17	-1.7881925e+12	300
2.894999999999988e-11	0.43113434	-0.5930177	0.67984945	-2.6215188e-17	-1.7881925e+12	300
2.904999999999988e-11	0.435672	-0.5915053	0.67826587	-2.6198863e-17	-1.5692376e+12	300
2.914999999999988e-11	0.44021633	-0.5898743	0.6767437	-2.6186363e-17	-1.5692376e+12	300
2.9249999999999886e-11	0.44476533	-0.58812875	0.67528015	-2.6177485e-17	-1.4113665e+12	300
2.934999999999989e-11	0.44931686	-0.58627236	0.6738728	-2.6172036e-17	-1.4113665e+12	300
2.9449999999999896e-11	0.45386893	-0.58430904	0.672519	-2.6169812e-17	-1.2678308e+12	300
2.95499999999999e-11	0.45841965	-0.58224213	0.6712165	-2.6170633e-17	-1.2678308e+12	300
2.9649999999999905e-11	0.46296707	-0.5800752	0.669963	-2.6174312e-17	-1.1376453e+12	300
2.974999999999991e-11	0.46750933	-0.57781136	0.66875625	-2.6180697e-17	-1.1376453e+12	300
2.9849999999999915e-11	0.47204462	-0.57545406	0.6675944	-2.6189617e-17	-1.01982477e+12	300
2.994999999999992e-11	0.4765712	-0.57300603	0.66647506	-2.6200914e-17	-1.01982477e+12	300
3.0049999999999925e-11	0.48108736	-0.5704704	0.6653967	-2.6214457e-17	-9.13401e+11	300
3.014999999999993e-11	0.48559144	-0.5678499	0.6643574	-2.6230092e-17	-9.13401e+11	300
3.0249999999999934e-11	0.49008182	-0.56514716	0.6633556	-2.6247696e-17	-8.1743754e+11	300
3.034999999999994e-11	0.49455696	-0.56236494	0.6623895	-2.6267145e-17	-8.1743754e+11	300
3.0449999999999944e-11	0.4990154	-0.55950564	0.6614578	-2.6288318e-17	-7.310396e+11	300
3.054999999999995e-11	0.5034556	-0.55657166	0.66055894	-2.6311097e-17	-7.310396e+11	300
3.0649999999999954e-11	0.50787616	-0.5535654	0.65969145	-2.6335378e-17	-6.533604e+11	300
3.074999999999996e-11	0.5122758	-0.55048895	0.65885425	-2.6361083e-17	-6.533604e+11	300
3.0849999999999963e-11	0.5166532	-0.54734457	0.6580461	-2.6388086e-17	-5.836057e+11	300
3.094999999999997e-11	0.52100706	-0.54413426	0.65726584	-2.6416307e-17	-5.836057e+11	300
3.104999999999997e-11	0.52533615	-0.54086006	0.65651226	-2.6445672e-17	-5.2103525e+11	300
3.114999999999998e-11	0.52963936	-0.53752387	0.6557846	-2.6476084e-17	-5.2103525e+11	300
3.124999999999998e-11	0.5339156	-0.5341275	0.65508175	-2.6507486e-17	-4.6496383e+11	300
3.134999999999999e-11	0.53816366	-0.5306728	0.65440285	-2.6539789e-17	-4.6496383e+11	300
3.144999999999999e-11	0.5423827	-0.5271614	0.6537471	-2.6572937e-17	-4.1475985e+11	300
3.155e-11	0.5465716	-0.5235951	0.65311366	-2.6606865e-17	-4.1475985e+11	300
3.165e-11	0.5507294	-0.5199753	0.65250194	-2.6641517e-17	-3.69844e+11	300
3.1700000000000004e-11	0.5527964	-0.51814586	0.65220404	-2.665909e-17	-3.69844e+11	300
3.180000000000001e-11	0.556906	-0.5144489	0.6516234	-2.669472e-17	-3.296868e+11	300
3.1900000000000014e-11	0.5609822	-0.5107022	0.65106285	-2.6730934e-17	-3.296868e+11	300
3.200000000000002e-11	0.56502444	-0.5069073	0.65052164	-2.676769e-17	-2.938061e+11	300
3.2100000000000024e-11	0.56903183	-0.5030655	0.6499994	-2.6804928e-17	-2.938061e+11	300
3.220000000000003e-11	0.57300365	-0.49917832	0.64949554	-2.684263e-17	-2.6176394e+11	300
3.230000000000003e-11	0.57693917	-0.49524674	0.64900964	-2.6880741e-17	-2.6176394e+11	300
3.240000000000004e-11	0.5808376	-0.4912722	0.6485411	-2.6919225e-17	-2.3316349e+11	300
3.250000000000004e-11	0.58469844	-0.4872558	0.64808977	-2.6958044e-17	-2.3316349e+11	300
3.260000000000005e-11	0.58852106	-0.48319876	0.6476551	-2.6997185e-17	-2.0764608e+11	300
3.270000000000005e-11	0.5923048	-0.47910213	0.6472368	-2.7036595e-17	-2.0764608e+11	300
3.280000000000006e-11	0.59604925	-0.47496703	0.6468346	-2.7076252e-17	-1.8488812e+11	300
3.290000000000006e-11	0.59975374	-0.47079456	0.6464481	-2.7116137e-17	-1.8488812e+11	300
3.300000000000007e-11	0.60341775	-0.46658576	0.64607704	-2.7156212e-17	-1.6459812e+11	300
3.310000000000007e-11	0.60704076	-0.46234155	0.64572126	-2.7196474e-17	-1.6459812e+11	300
3.3200000000000077e-11	0.6106225	-0.45806292	0.6453804	-2.7236879e-17	-1.4651394e+11	300
3.330000000000008e-11	0.61416245	-0.45375082	0.64505446	-2.727742e-17	-1.4651394e+11	300
3.3400000000000086e-11	0.61766005	-0.4494062	0.6447429	-2.7318075e-17	-1.3040012e+11	300
3.350000000000009e-11	0.6211151	-0.44502988	0.64444584	-2.735882e-17	-1.3040012e+11	300
3.3600000000000096e-11	0.62452716	-0.44062275	0.64416295	-2.739965e-17	-1.1604545e+11	300
3.37000000000001e-11	0.62789583	-0.43618557	0.64389414	-2.7440547e-17	-1.1604545e+11	300
3.3800000000000106e-11	0.6312208	-0.4317193	0.64363927	-2.7481493e-17	-1.032606e+11	300
3.390000000000011e-11	0.6345018	-0.42722473	0.6433982	-2.7522471e-17	-1.032606e+11	300
3.4000000000000115e-11	0.6377385	-0.4227025	0.6431708	-2.7563483e-17	-9.187608e+10	300
3.410000000000012e-11	0.64093053	-0.41815346	0.642957	-2.7604508e-17	-9.187608e+10	300
3.4200000000000125e-11	0.6440778	-0.4135783	0.6427567	-2.764553e-17	-8.174021e+10	300
3.430000000000013e-11	0.64717984	-0.40897787	0.6425697	-2.7686547e-17	-8.174021e+10	300
3.4400000000000135e-11	0.6502366	-0.40435272	0.64239603	-2.7727559e-17	-7.27174e+10	300
3.450000000000014e-11	0.6532477	-0.3997036	0.64223564	-2.7768542e-17	-7.27174e+10	300
3.4600000000000144e-11	0.65621305	-0.39503115	0.6420885	-2.7809495e-17	-6.4686506e+10	300
3.470000000000015e-11	0.65913236	-0.39033607	0.64195436	-2.7850414e-17	-6.4686506e+10	300
3.4800000000000154e-11	0.66200554	-0.38561898	0.64183336	-2.7891286e-17	-5.753932e+10	300
3.490000000000016e-11	0.66483223	-0.38088053	0.6417254	-2.793211e-17	-5.753932e+10	300
3.5000000000000163e-11	0.66761243	-0.37612134	0.6416304	-2.7972883e-17	-5.1179282e+10	300
3.510000000000017e-11	0.6703459	-0.37134194	0.64154834	-2.8013596e-17	-5.1179282e+10	300
3.520000000000017e-11	0.6730325	-0.366543	0.6414794	-2.8054247e-17	-4.5520224e+10	300
3.530000000000018e-11	0.6756721	-0.3617251	0.6414231	-2.809483e-17	-4.5520224e+10	300
3.540000000000018e-11	0.6782646	-0.3568887	0.64137983	-2.8135344e-17	-4.048532e+10	300
3.550000000000019e-11	0.68080986	-0.3520345	0.64134943	-2.817578e-17	-4.048532e+10	300
3.560000000000019e-11	0.6833077	-0.347163	0.64133185	-2.821615e-17	-3.600605e+10	300
3.57000000000002e-11	0.68575805	-0.3422747	0.641327	-2.825643e-17	-3.600605e+10	300
3.58000000000002e-11	0.68816084	-0.3373702	0.6413352	-2.829664e-17	-3.202137e+10	300
3.590000000000021e-11	0.690516	-0.3324499	0.6413561	-2.8336763e-17	-3.202137e+10	300
3.600000000000021e-11	0.6928234	-0.3275145	0.6413899	-2.8376798e-17	-2.8476875e+10	300
3.6100000000000217e-11	0.6950828	-0.3225643	0.64143646	-2.8416748e-17	-2.8476875e+10	300
3.620000000000022e-11	0.6972944	-0.31759995	0.6414958	-2.8456618e-17	-2.5324102e+10	300
3.6300000000000226e-11	0.699458	-0.31262186	0.64156806	-2.8496395e-17	-2.5324102e+10	300
3.640000000000023e-11	0.7015735	-0.30763054	0.6416531	-2.8536087e-17	-2.2519888e+10	300
3.6500000000000236e-11	0.7036408	-0.30262646	0.641751	-2.857569e-17	-2.2519888e+10	300
3.660000000000024e-11	0.7056601	-0.29761007	0.64186174	-2.86152e-17	-2.0025805e+10	300
3.6700000000000245e-11	0.7076311	-0.29258183	0.64198524	-2.8654622e-17	-2.0025805e+10	300
3.680000000000025e-11	0.70955384	-0.28754225	0.6421217	-2.8693962e-17	-1.7807634e+10	300
3.6900000000000255e-11	0.7114282	-0.28249177	0.6422709	-2.8733204e-17	-1.7807634e+10	300
3.700000000000026e-11	0.7132542	-0.27743083	0.6424329	-2.8772353e-17	-1.5834917e+10	300
3.7100000000000265e-11	0.7150319	-0.2723598	0.6426079	-2.881143e-17	-1.5834917e+10	300
3.720000000000027e-11	0.7167611	-0.26727924	0.6427958	-2.885041e-17	-1.4080543e+10	300
3.7300000000000274e-11	0.71844196	-0.26218942	0.6429965	-2.8889303e-17	-1.4080543e+10	300
3.740000000000028e-11	0.7200742	-0.257091	0.64321005	-2.8928107e-17	-1.2520386e+10	300
3.7500000000000284e-11	0.721658	-0.25198415	0.6434366	-2.8966826e-17	-1.2520386e+10	300
3.760000000000029e-11	0.7231932	-0.24686944	0.64367604	-2.9005462e-17	-1.1132978e+10	300
3.7700000000000294e-11	0.72468	-0.24174729	0.64392835	-2.9044015e-17	-1.1132978e+10	300
3.78000000000003e-11	0.72611815	-0.23661804	0.64419365	-2.9082483e-17	-9.899216e+09	300
3.7900000000000303e-11	0.7275077	-0.23148215	0.6444718	-2.9120864e-17	-9.899216e+09	300
3.800000000000031e-11	0.7288488	-0.22634003	0.64476293	-2.9159165e-17	-8.802104e+09	300
3.810000000000031e-11	0.7301412	-0.22119203	0.64506704	-2.9197394e-17	-8.802104e+09	300
3.820000000000032e-11	0.7313851	-0.21603858	0.6453841	-2.9235534e-17	-7.826524e+09	300
3.830000000000032e-11	0.7325803	-0.21088012	0.64571404	-2.9273614e-17	-7.826524e+09	300
3.840000000000033e-11	0.73372704	-0.20571695	0.646057	-2.93116e-17	-6.959025e+09	300
3.850000000000033e-11	0.7348251	-0.20054957	0.64641297	-2.934952e-17	-6.959025e+09	300
3.860000000000034e-11	0.7358746	-0.19537829	0.6467818	-2.9387368e-17	-6.1876434e+09	300
3.870000000000034e-11	0.73687536	-0.19020353	0.64716375	-2.9425137e-17	-6.1876434e+09	300
3.880000000000035e-11	0.7378278	-0.18502568	0.64755857	-2.9462843e-17	-5.5017375e+09	300
3.890000000000035e-11	0.7387315	-0.17984512	0.6479664	-2.950048e-17	-5.5017375e+09	300
3.9000000000000356e-11	0.73958665	-0.17466222	0.6483872	-2.9538044e-17	-4.891841e+09	300
3.910000000000036e-11	0.74039334	-0.16947737	0.648821	-2.9575545e-17	-4.891841e+09	300
3.9200000000000366e-11	0.74115145	-0.16429096	0.6492678	-2.9612983e-17	-4.349536e+09	300
3.930000000000037e-11	0.741861	-0.15910335	0.6497276	-2.965036e-17	-4.349536e+09	300
3.9400000000000376e-11	0.74252194	-0.15391494	0.65020037	-2.9687674e-17	-3.8673367e+09	300
3.950000000000038e-11	0.74313444	-0.14872609	0.6506861	-2.9724924e-17	-3.8673367e+09	300
3.9600000000000385e-11	0.7436985	-0.14353716	0.6511848	-2.9762117e-17	-3.4385833e+09	300
3.970000000000039e-11	0.7442141	-0.13834856	0.65169644	-2.9799258e-17	-3.4385833e+09	300
3.9800000000000395e-11	0.7446813	-0.13316065	0.6522211	-2.9836342e-17	-3.0573548e+09	300
3.99000000000004e-11	0.7450999	-0.1279738	0.6527587	-2.9873376e-17	-3.0573548e+09	300
4.0000000000000405e-11	0.7454703	-0.12278837	0.6533092	-2.9910355e-17	-2.718385e+09	300
4.010000000000041e-11	0.7457922	-0.117604755	0.6538728	-2.994729e-17	-2.718385e+09	300
4.0200000000000414e-11	0.74606574	-0.112423316	0.65444916	-2.9984172e-17	-2.4169912e+09	300
4.030000000000042e-11	0.74629104	-0.107244425	0.6550385	-3.0021e-17	-2.4169912e+09	300
4.0400000000000424e-11	0.74646795	-0.10206845	0.6556407	-3.00578e-17	-2.1490092e+09	300
4.050000000000043e-11	0.7465967	-0.09689576	0.65625596	-3.0094548e-17	-2.1490092e+09	300
4.0600000000000434e-11	0.7466771	-0.09172675	0.65688396	-3.0131258e-17	-1.9107359e+09	300
4.070000000000044e-11	0.7467093	-0.08656177	0.6575248	-3.0167922e-17	-1.9107359e+09	300
4.0800000000000443e-11	0.7466934	-0.081401184	0.65817857	-3.0204556e-17	-1.6988785e+09	300
4.090000000000045e-11	0.74662924	-0.07624538	0.6588452	-3.024114e-17	-1.6988785e+09	300
4.100000000000045e-11	0.74651706	-0.07109472	0.65952456	-3.02777e-17	-1.5105092e+09	300
4.110000000000046e-11	0.7463567	-0.0659496	0.6602168	-3.031422e-17	-1.5105092e+09	300
4.120000000000046e-11	0.74614847	-0.060810357	0.66092175	-3.0350716e-17	-1.3430241e+09	300
4.130000000000047e-11	0.74589205	-0.055677377	0.6616395	-3.0387175e-17	-1.3430241e+09	300
4.140000000000047e-11	0.7455878	-0.050551046	0.6623699	-3.042361e-17	-1.1941085e+09	300
4.150000000000048e-11	0.7452356	-0.045431726	0.663113	-3.0460016e-17	-1.1941085e+09	300
4.160000000000048e-11	0.7448355	-0.040319797	0.6638689	-3.0496396e-17	-1.0617036e+09	300
4.1700000000000487e-11	0.7443876	-0.035215635	0.6646374	-3.0532755e-17	-1.0617036e+09	300
4.180000000000049e-11	0.74389195	-0.03011961	0.66541845	-3.0569088e-17	-9.439792e+08	300
4.1900000000000496e-11	0.7433485	-0.025032103	0.6662122	-3.06054e-17	-9.439792e+08	300
4.20000000000005e-11	0.74275744	-0.019953497	0.6670184	-3.0641688e-17	-8.3930765e+08	300
4.2100000000000506e-11	0.7421186	-0.014884163	0.6678372	-3.0677965e-17	-8.3930765e+08	300
4.220000000000051e-11	0.7414323	-0.009824488	0.66866857	-3.071423e-17	-7.462419e+08	300
4.2300000000000516e-11	0.74069846	-0.0047748485	0.6695123	-3.0750462e-17	-7.462419e+08	300
4.240000000000052e-11	0.7399171	0.0002643708	0.6703685	-3.0786696e-17	-6.6349523e+08	300
4.2500000000000525e-11	0.7390884	0.005292788	0.67123705	-3.0822904e-17	-6.6349523e+08	300
4.260000000000053e-11	0.7382122	0.010310018	0.67211807	-3.0859114e-17	-5.899235e+08	300
4.2700000000000535e-11	0.73728883	0.01531568	0.6730112	-3.0895312e-17	-5.899235e+08	300
4.280000000000054e-11	0.73631823	0.02030938	0.6739169	-3.0931506e-17	-5.2450957e+08	300
4.2900000000000545e-11	0.73530036	0.025290733	0.67483455	-3.096768e-17	-5.2450957e+08	300
4.300000000000055e-11	0.7342355	0.030259348	0.67576456	-3.1003864e-17	-4.6634886e+08	300
4.3100000000000554e-11	0.73312354	0.03521484	0.6767067	-3.1040035e-17	-4.6634886e+08	300
4.320000000000056e-11	0.7319646	0.040156815	0.6776609	-3.1076203e-17	-4.146372e+08	300
4.3300000000000564e-11	0.7307589	0.04508488	0.67862713	-3.1112367e-17	-4.146372e+08	300
4.340000000000057e-11	0.72950625	0.049998634	0.6796054	-3.1148535e-17	-3.686595e+08	300
4.3500000000000574e-11	0.728207	0.05489769	0.6805957	-3.118471e-17	-3.686595e+08	300
4.360000000000058e-11	0.72686106	0.059781637	0.68159777	-3.1220877e-17	-3.2778e+08	300
4.370000000000058e-11	0.7254686	0.06465009	0.68261176	-3.125705e-17	-3.2778e+08	300
4.380000000000059e-11	0.72402966	0.069502644	0.6836375	-3.129324e-17	-2.914334e+08	300
4.390000000000059e-11	0.72254425	0.0743389	0.68467504	-3.1329423e-17	-2.914334e+08	300
4.40000000000006e-11	0.7210126	0.07915844	0.68572426	-3.1365607e-17	-2.5911715e+08	300
4.41000000000006e-11	0.71943474	0.08396089	0.68678504	-3.140181e-17	-2.5911715e+08	300
4.420000000000061e-11	0.7178108	0.08874582	0.6878575	-3.1438018e-17	-2.3038429e+08	300
4.430000000000061e-11	0.71614087	0.093512826	0.68894136	-3.1474242e-17	-2.3038429e+08	300
4.440000000000062e-11	0.71442497	0.09826149	0.6900367	-3.151047e-17	-2.048375e+08	300
4.450000000000062e-11	0.71266335	0.10299142	0.6911434	-3.1546716e-17	-2.048375e+08	300
4.4600000000000627e-11	0.7108561	0.10770218	0.69226146	-3.158298e-17	-1.821235e+08	300
4.470000000000063e-11	0.7090032	0.11239338	0.6933908	-3.161925e-17	-1.821235e+08	300
4.4800000000000636e-11	0.70710486	0.117064595	0.6945312	-3.1655537e-17	-1.619282e+08	300
4.490000000000064e-11	0.70516115	0.121715404	0.69568276	-3.169184e-17	-1.619282e+08	300
4.5000000000000646e-11	0.7031724	0.1263454	0.6968455	-3.1728157e-17	-1.4397229e+08	300
4.510000000000065e-11	0.7011384	0.13095416	0.6980191	-3.1764497e-17	-1.4397229e+08	300
4.5200000000000656e-11	0.6990595	0.13554123	0.69920355	-3.180086e-17	-1.2800745e+08	300
4.530000000000066e-11	0.6969358	0.14010626	0.7003989	-3.1837242e-17	-1.2800745e+08	300
4.5400000000000665e-11	0.6947674	0.14464873	0.70160484	-3.1873635e-17	-1.1381292e+08	300
4.550000000000067e-11	0.6925545	0.14916831	0.7028216	-3.1910057e-17	-1.1381292e+08	300
4.5600000000000675e-11	0.69029725	0.15366448	0.70404893	-3.1946503e-17	-1.0119238e+08	300
4.570000000000068e-11	0.68799555	0.15813689	0.70528674	-3.1982968e-17	-1.0119238e+08	300
4.5800000000000685e-11	0.68565	0.1625851	0.7065351	-3.2019457e-17	-8.997131e+07	300
4.590000000000069e-11	0.68326044	0.16700861	0.7077936	-3.2055972e-17	-8.997131e+07	300
4.6000000000000694e-11	0.68082714	0.17140707	0.7090624	-3.2092523e-17	-7.999452e+07	300
4.61000000000007e-11	0.6783502	0.17578	0.71034133	-3.2129085e-17	-7.999452e+07	300
4.6200000000000704e-11	0.6758299	0.180127	0.71163046	-3.2165686e-17	-7.112404e+07	300
4.630000000000071e-11	0.6732663	0.18444757	0.71292955	-3.2202297e-17	-7.112404e+07	300
4.6400000000000713e-11	0.67065966	0.18874134	0.7142385	-3.2238947e-17	-6.3237184e+07	300
4.650000000000072e-11	0.66801006	0.19300783	0.7155572	-3.227562e-17	-6.3237184e+07	300
4.660000000000072e-11	0.6653179	0.19724663	0.7168857	-3.231233e-17	-5.6224896e+07	300
4.670000000000073e-11	0.6625831	0.20145728	0.71822387	-3.2349065e-17	-5.6224896e+07	300
4.680000000000073e-11	0.6598061	0.20563935	0.7195714	-3.2385825e-17	-4.9990184e+07	300
4.690000000000074e-11	0.65698695	0.20979239	0.7209285	-3.2422625e-17	-4.9990184e+07	300
4.700000000000074e-11	0.6541259	0.21391596	0.72229487	-3.245945e-17	-4.444683e+07	300
4.710000000000075e-11	0.6512233	0.2180096	0.7236704	-3.2496307e-17	-4.444683e+07	300
4.720000000000075e-11	0.64827913	0.2220729	0.7250551	-3.2533192e-17	-3.9518172e+07	300
4.730000000000076e-11	0.6452937	0.22610539	0.72644883	-3.257011e-17	-3.9518172e+07	300
4.740000000000076e-11	0.64226747	0.23010662	0.7278514	-3.2607066e-17	-3.513605e+07	300
4.7500000000000767e-11	0.6392003	0.23407617	0.7292628	-3.264405e-17	-3.513605e+07	300
4.760000000000077e-11	0.6360928	0.23801357	0.7306829	-3.2681072e-17	-3.123985e+07	300
4.7700000000000776e-11	0.6329448	0.24191839	0.73211163	-3.2718117e-17	-3.123985e+07	300
4.780000000000078e-11	0.629757	0.24579014	0.73354876	-3.2755207e-17	-2.7775696e+07	300
4.7900000000000786e-11	0.62652934	0.24962841	0.7349943	-3.2792315e-17	-2.7775696e+07	300
4.800000000000079e-11	0.6232622	0.25343278	0.736448	-3.2829472e-17	-2.4695678e+07	300
4.8100000000000795e-11	0.6199559	0.25720274	0.7379099	-3.286666e-17	-2.4695678e+07	300
4.82000000000008e-11	0.61661065	0.2609379	0.7393797	-3.2903865e-17	-2.19572e+07	300
4.8300000000000805e-11	0.6132267	0.26463774	0.7408575	-3.2941115e-17	-2.19572e+07	300
4.840000000000081e-11	0.6098044	0.2683019	0.74234307	-3.2978407e-17	-1.9522388e+07	300
4.8500000000000815e-11	0.60634404	0.27192986	0.7438363	-3.3015723e-17	-1.9522388e+07	300
4.860000000000082e-11	0.602846	0.27552122	0.74533683	-3.3053072e-17	-1.735757e+07	300
4.8700000000000824e-11	0.5993104	0.2790755	0.74684495	-3.3090454e-17	-1.735757e+07	300
4.880000000000083e-11	0.5957377	0.28259227	0.74836034	-3.3127875e-17	-1.5432806e+07	300
4.8900000000000834e-11	0.59212816	0.28607112	0.7498828	-3.3165324e-17	-1.5432806e+07	300
4.900000000000084e-11	0.58848214	0.2895115	0.7514124	-3.3202808e-17	-1.3721477e+07	300
4.9100000000000844e-11	0.58479995	0.2929131	0.75294876	-3.3240326e-17	-1.3721477e+07	300
4.920000000000085e-11	0.581082	0.2962754	0.7544919	-3.3277873e-17	-1.2199916e+07	300
4.9300000000000853e-11	0.57732856	0.29959795	0.75604165	-3.3315454e-17	-1.2199916e+07	300
4.940000000000086e-11	0.5735401	0.30288035	0.75759804	-3.335307e-17	-1.0847079e+07	300
4.950000000000086e-11	0.56971675	0.30612215	0.7591607	-3.3390717e-17	-1.0847079e+07	300
4.960000000000087e-11	0.5658591	0.3093229	0.7607295	-3.342839e-17	-9.644256e+06	300
4.970000000000087e-11	0.5619675	0.31248215	0.7623043	-3.34661e-17	-9.644256e+06	300
4.980000000000088e-11	0.5580422	0.31559953	0.7638852	-3.3503846e-17	-8.574814e+06	300
4.990000000000088e-11	0.5540837	0.31867453	0.7654718	-3.354161e-17	-8.574814e+06	300
5.000000000000089e-11	0.5500923	0.3217068	0.76706415	-3.3579407e-17	-7.6239605e+06	300
5.010000000000089e-11	0.5460686	0.32469586	0.7686619	-3.361724e-17	-7.6239605e+06	300
5.02000000000009e-11	0.5420129	0.32764125	0.77026516	-3.3655094e-17	-6.7785465e+06	300
5.03000000000009e-11	0.5379254	0.33054268	0.77187353	-3.3692982e-17	-6.7785465e+06	300
5.0400000000000906e-11	0.53380704	0.33339956	0.773487	-3.373089e-17	-6.0268795e+06	300
5.050000000000091e-11	0.5296577	0.33621156	0.77510536	-3.3768835e-17	-6.0268795e+06	300
5.0600000000000916e-11	0.5254782	0.33897832	0.7767285	-3.3806796e-17	-5.3585645e+06	300
5.070000000000092e-11	0.5212688	0.34169933	0.7783563	-3.3844796e-17	-5.3585645e+06	300
5.0800000000000926e-11	0.51703	0.34437424	0.7799885	-3.3882813e-17	-4.764358e+06	300
5.090000000000093e-11	0.5127623	0.34700257	0.78162515	-3.392085e-17	-4.764358e+06	300
5.1000000000000935e-11	0.5084662	0.34958404	0.7832658	-3.3958917e-17	-4.236043e+06	300
5.110000000000094e-11	0.5041421	0.35211816	0.78491056	-3.3997004e-17	-4.236043e+06	300
5.1200000000000945e-11	0.4997905	0.35460457	0.78655916	-3.403512e-17	0	300
5.130000000000095e-11	0.49541187	0.35704285	0.78821146	-3.4073247e-17	0	300
5.1400000000000955e-11	0.4910068	0.3594326	0.7898673	-3.41114e-17	0	300
5.150000000000096e-11	0.4865757	0.36177355	0.79152656	-3.4149576e-17	0	300
5.1600000000000964e-11	0.48211914	0.36406517	0.793189	-3.4187762e-17	0	300
5.170000000000097e-11	0.47763762	0.36630723	0.79485446	-3.4225964e-17	0	300
5.1800000000000974e-11	0.47313172	0.36849922	0.7965229	-3.4264183e-17	0	300
5.190000000000098e-11	0.46860194	0.37064087	0.79819393	-3.4302426e-17	0	300
5.2000000000000984e-11	0.46404877	0.37273178	0.79986763	-3.4340688e-17	0	300
5.210000000000099e-11	0.4594728	0.37477165	0.80154365	-3.4378946e-17	0	300
5.2200000000000993e-11	0.45487466	0.37676004	0.80322194	-3.4417232e-17	0	300
5.2300000000001e-11	0.45025486	0.3786967	0.8049023	-3.4455527e-17	0	300
5.2400000000001e-11	0.44561392	0.38058126	0.8065846	-3.4493822e-17	0	300
5.250000000000101e-11	0.44095254	0.38241333	0.80826867	-3.4532134e-17	0	300
5.260000000000101e-11	0.4362712	0.38419265	0.80995417	-3.457045e-17	0	300
5.270000000000102e-11	0.4315705	0.38591892	0.81164116	-3.460879e-17	0	300
5.280000000000102e-11	0.42685115	0.38759172	0.81332934	-3.464711e-17	0	300
5.290000000000103e-11	0.4221137	0.38921085	0.81501865	-3.4685453e-17	0	300
5.300000000000103e-11	0.4173587	0.390776	0.8167087	-3.4723785e-17	0	300
5.3100000000001037e-11	0.41258687	0.39228687	0.81839955	-3.4762123e-17	0	300
5.320000000000104e-11	0.4077988	0.39374313	0.8200909	-3.4800468e-17	0	300
5.3300000000001046e-11	0.40299505	0.39514452	0.82178265	-3.48388e-17	0	300
5.340000000000105e-11	0.39817643	0.3964908	0.8234746	-3.487714e-17	0	300
5.3500000000001056e-11	0.39334348	0.39778164	0.8251664	-3.491548e-17	0	300
5.360000000000106e-11	0.38849688	0.3990169	0.8268583	-3.4953797e-17	0	300
5.3700000000001066e-11	0.38363728	0.4001962	0.8285496	-3.499213e-17	0	300
5.380000000000107e-11	0.37876534	0.40131935	0.83024055	-3.503045e-17	0	300
5.3900000000001075e-11	0.3738818	0.40238613	0.8319308	-3.506874e-17	0	300
5.400000000000108e-11	0.36898726	0.40339634	0.83362013	-3.5107034e-17	0	300
5.4100000000001085e-11	0.3640825	0.40434974	0.83530843	-3.5145316e-17	0	300
5.420000000000109e-11	0.35916805	0.4052461	0.8369956	-3.5183598e-17	0	300
5.4300000000001095e-11	0.35424483	0.40608528	0.8386813	-3.5221843e-17	0	300
5.44000000000011e-11	0.3493134	0.406867	0.8403654	-3.526008e-17	0	300
5.4500000000001104e-11	0.34437448	0.4075911	0.8420477	-3.5298298e-17	0	300
5.460000000000111e-11	0.3394288	0.40825754	0.84372824	-3.53365e-17	0	300
5.4700000000001114e-11	0.3344771	0.40886605	0.84540653	-3.537467e-17	0	300
5.480000000000112e-11	0.32952017	0.4094165	0.84708256	-3.541283e-17	0	300
5.4900000000001124e-11	0.3245586	0.40990868	0.8487562	-3.5450956e-17	0	300
5.500000000000113e-11	0.3195932	0.4103426	0.85042715	-3.5489063e-17	0	300
5.510000000000113e-11	0.3146247	0.41071793	0.8520953	-3.552714e-17	0	300
5.520000000000114e-11	0.30965388	0.4110348	0.8537604	-3.5565176e-17	0	300
5.530000000000114e-11	0.30468142	0.41129297	0.85542244	-3.5603187e-17	0	300
5.540000000000115e-11	0.29970816	0.4114924	0.85708094	-3.564118e-17	0	300
5.550000000000115e-11	0.2947348	0.41163296	0.85873604	-3.567913e-17	0	300
5.560000000000116e-11	0.28976214	0.41171467	0.8603875	-3.5717037e-17	0	300
5.570000000000116e-11	0.2847909	0.4117373	0.862035	-3.5754902e-17	0	300
5.580000000000117e-11	0.2798219	0.411701	0.86367846	-3.5792737e-17	0	300
5.590000000000117e-11	0.27485585	0.41160563	0.8653176	-3.583053e-17	0	300
5.6000000000001177e-11	0.2698936	0.4114512	0.8669524	-3.5868282e-17	0	300
5.610000000000118e-11	0.26493585	0.41123766	0.8685827	-3.5905988e-17	0	300
5.6200000000001186e-11	0.25998345	0.41096503	0.8702082	-3.5943645e-17	0	300
5.630000000000119e-11	0.25503716	0.41063336	0.8718288	-3.598126e-17	0	300
5.6400000000001196e-11	0.25009775	0.4102426	0.8734442	-3.6018822e-17	0	300
5.65000000000012e-11	0.24516603	0.40979284	0.8750544	-3.6056323e-17	0	300
5.6600000000001206e-11	0.24024282	0.40928409	0.87665915	-3.6093794e-17	0	300
5.670000000000121e-11	0.23532881	0.40871638	0.8782582	-3.61312e-17	0	300
5.6800000000001215e-11	0.23042494	0.40808988	0.8798517	-3.6168532e-17	0	300
5.690000000000122e-11	0.22553188	0.4074046	0.881439	-3.6205824e-17	0	300
5.7000000000001225e-11	0.2206505	0.40666068	0.8830203	-3.6243044e-17	0	300
5.710000000000123e-11	0.21578154	0.40585816	0.8845952	-3.628021e-17	0	300
5.7200000000001235e-11	0.21092585	0.40499726	0.8861638	-3.6317315e-17	0	300
5.730000000000124e-11	0.20608419	0.40407795	0.88772565	-3.6354353e-17	0	300
5.7400000000001244e-11	0.20125742	0.40310055	0.8892808	-3.6391335e-17	0	300
5.750000000000125e-11	0.19644627	0.40206513	0.89082885	-3.6428227e-17	0	300
5.7600000000001254e-11	0.19165158	0.4009719	0.8923699	-3.6465056e-17	0	300
5.770000000000126e-11	0.1868741	0.3998209	0.8939037	-3.650181e-17	0	300
5.7800000000001263e-11	0.18211469	0.39861253	0.89542997	-3.6538507e-17	0	300
5.790000000000127e-11	0.17737412	0.39734685	0.8969487	-3.6575114e-17	0	300
5.800000000000127e-11	0.17265317	0.3960242	0.8984597	-3.6611646e-17	0	300
5.810000000000128e-11	0.16795264	0.3946447	0.8999628	-3.664811e-17	0	300
5.820000000000128e-11	0.16327333	0.39320868	0.90145785	-3.668448e-17	0	300
5.830000000000129e-11	0.15861604	0.39171636	0.9029446	-3.6720777e-17	0	300
5.840000000000129e-11	0.15398152	0.390168	0.90442306	-3.6756975e-17	0	300
5.85000000000013e-11	0.14937058	0.38856396	0.90589297	-3.679311e-17	0	300
5.86000000000013e-11	0.14478403	0.38690445	0.9073542	-3.6829155e-17	0	300
5.870000000000131e-11	0.1402226	0.3851898	0.9088066	-3.68651e-17	0	300
5.880000000000131e-11	0.13568708	0.38342038	0.91025007	-3.6900974e-17	0	300
5.890000000000132e-11	0.13117824	0.38159645	0.91168433	-3.6936734e-17	0	300
5.900000000000132e-11	0.12669687	0.37971842	0.9131094	-3.6972412e-17	0	300
5.910000000000133e-11	0.12224372	0.37778667	0.91452515	-3.7008e-17	0	300
5.920000000000133e-11	0.11781955	0.37580153	0.9159313	-3.704348e-17	0	300
5.930000000000134e-11	0.11342512	0.37376335	0.9173277	-3.7078867e-17	0	300
5.940000000000134e-11	0.109061174	0.3716727	0.91871434	-3.7114168e-17	0	300
5.950000000000135e-11	0.104728445	0.36952975	0.9200912	-3.7149356e-17	0	300
5.960000000000135e-11	0.100427695	0.3673351	0.9214578	-3.7184435e-17	0	300
5.970000000000136e-11	0.09615965	0.36508915	0.92281425	-3.721943e-17	0	300
5.980000000000136e-11	0.091925055	0.3627923	0.9241604	-3.7254306e-17	0	300
5.990000000000136e-11	0.087724596	0.36044508	0.925496	-3.7289084e-17	0	300
6.000000000000137e-11	0.08355902	0.35804796	0.92682105	-3.7323752e-17	0	300
6.010000000000137e-11	0.07942902	0.3556014	0.9281355	-3.735831e-17	0	300
6.020000000000138e-11	0.07533532	0.35310593	0.9294389	-3.7392762e-17	0	300
6.030000000000138e-11	0.07127858	0.35056198	0.9307316	-3.7427104e-17	0	300
6.040000000000139e-11	0.06725953	0.3479702	0.93201303	-3.7461316e-17	0	300
6.05000000000014e-11	0.06327881	0.34533095	0.93328345	-3.7495422e-17	0	300
6.06000000000014e-11	0.05933711	0.34264493	0.9345424	-3.752942e-17	0	300
6.07000000000014e-11	0.0554351	0.33991274	0.93579	-3.756331e-17	0	300
6.080000000000141e-11	0.051573444	0.33713475	0.93702614	-3.7597063e-17	0	300
6.090000000000141e-11	0.047752768	0.33431172	0.9382507	-3.763071e-17	0	300
6.100000000000142e-11	0.043973718	0.3314441	0.93946356	-3.7664227e-17	0	300
6.110000000000142e-11	0.040236924	0.32853264	0.94066447	-3.769763e-17	0	300
6.120000000000143e-11	0.03654301	0.32557786	0.9418535	-3.773092e-17	0	300
6.130000000000143e-11	0.03289259	0.3225804	0.9430305	-3.7764064e-17	0	300
6.140000000000144e-11	0.029286249	0.3195409	0.9441954	-3.7797098e-17	0	300
6.150000000000144e-11	0.025724595	0.31646	0.94534814	-3.7830007e-17	0	300
6.160000000000145e-11	0.022208203	0.31333834	0.9464887	-3.7862786e-17	0	300
6.170000000000145e-11	0.018737642	0.31017664	0.9476166	-3.7895437e-17	0	300
6.180000000000146e-11	0.015313469	0.30697548	0.9487324	-3.7927968e-17	0	300
6.190000000000146e-11	0.011936241	0.30373567	0.94983536	-3.7960367e-17	0	300
6.200000000000147e-11	0.00860649	0.30045778	0.9509257	-3.7992627e-17	0	300
6.210000000000147e-11	0.0053247474	0.29714257	0.9520035	-3.802476e-17	0	300
6.220000000000148e-11	0.0020915263	0.29379076	0.95306844	-3.8056773e-17	0	300
6.230000000000148e-11	-0.0010926698	0.29040304	0.9541206	-3.8088643e-17	0	300
6.240000000000149e-11	-0.0042273477	0.28698015	0.9551597	-3.8120384e-17	0	300
6.250000000000149e-11	-0.007312027	0.28352284	0.9561859	-3.8151975e-17	0	300
6.26000000000015e-11	-0.0103462385	0.2800319	0.95719904	-3.8183445e-17	0	300
6.27000000000015e-11	-0.013329528	0.27650794	0.95819914	-3.8214775e-17	0	300
6.28000000000015e-11	-0.016261451	0.27295187	0.9591859	-3.8245976e-17	0	300
6.290000000000151e-11	-0.019141575	0.26936436	0.9601596	-3.8277042e-17	0	300
6.300000000000151e-11	-0.021969482	0.2657462	0.96112007	-3.830796e-17	0	300
6.310000000000152e-11	-0.02474477	0.2620982	0.96206707	-3.833874e-17	0	300
6.320000000000152e-11	-0.027467044	0.25842115	0.9630008	-3.836938e-17	0	300
6.330000000000153e-11	-0.030135922	0.25471586	0.96392095	-3.8399895e-17	0	300
6.340000000000153e-11	-0.03275104	0.25098303	0.96482784	-3.8430262e-17	0	300
6.350000000000154e-11	-0.035312045	0.24722357	0.9657211	-3.8460484e-17	0	300
6.360000000000154e-11	-0.037818603	0.24343824	0.9666007	-3.8490563e-17	0	300
6.370000000000155e-11	-0.040270377	0.23962793	0.96746695	-3.852051e-17	0	300
6.380000000000155e-11	-0.042667065	0.23579332	0.9683194	-3.855032e-17	0	300
6.390000000000156e-11	-0.04500836	0.23193537	0.96915835	-3.8579965e-17	0	300
6.400000000000156e-11	-0.04729399	0.22805485	0.9699835	-3.860949e-17	0	300
6.410000000000157e-11	-0.049523674	0.22415262	0.9707951	-3.863886e-17	0	300
6.420000000000157e-11	-0.05169716	0.22022949	0.97159284	-3.8668083e-17	0	300
6.430000000000158e-11	-0.053814214	0.21628633	0.972377	-3.8697167e-17	0	300
6.440000000000158e-11	-0.055874586	0.21232395	0.9731473	-3.8726135e-17	0	300
6.450000000000159e-11	-0.057878077	0.20834322	0.9739039	-3.8754927e-17	0	300
6.460000000000159e-11	-0.059824493	0.20434502	0.9746467	-3.8783577e-17	0	300
6.47000000000016e-11	-0.061713647	0.20033015	0.9753756	-3.881209e-17	0	300
6.48000000000016e-11	-0.06354536	0.19629951	0.97609085	-3.8840458e-17	0	300
6.49000000000016e-11	-0.06531947	0.19225393	0.9767922	-3.8868688e-17	0	300
6.500000000000161e-11	-0.06703586	0.18819433	0.9774798	-3.8896752e-17	0	300
6.510000000000162e-11	-0.068694375	0.18412149	0.9781537	-3.8924678e-17	0	300
6.520000000000162e-11	-0.070294924	0.1800363	0.97881377	-3.895247e-17	0	300
6.530000000000163e-11	-0.071837395	0.17593965	0.97945994	-3.8980112e-17	0	300
6.540000000000163e-11	-0.073321715	0.1718324	0.98009235	-3.9007604e-17	0	300
6.550000000000163e-11	-0.07474781	0.16771537	0.9807112	-3.9034954e-17	0	300
6.560000000000164e-11	-0.076115616	0.16358949	0.981316	-3.9062162e-17	0	300
6.570000000000164e-11	-0.07742511	0.15945555	0.9819073	-3.908923e-17	0	300
6.580000000000165e-11	-0.07867625	0.15531448	0.9824848	-3.9116147e-17	0	300
6.590000000000165e-11	-0.07986905	0.15116712	0.9830487	-3.9142908e-17	0	300
6.600000000000166e-11	-0.08100348	0.14701432	0.98359877	-3.9169543e-17	0	300
6.610000000000166e-11	-0.082079574	0.14285697	0.9841353	-3.9196026e-17	0	300
6.620000000000167e-11	-0.08309736	0.1386959	0.9846581	-3.922235e-17	0	300
6.630000000000167e-11	-0.0840569	0.13453194	0.9851675	-3.9248542e-17	0	300
6.640000000000168e-11	-0.084958225	0.13036601	0.98566335	-3.9274595e-17	0	300
6.650000000000168e-11	-0.08580144	0.12619895	0.9861457	-3.9300502e-17	0	300
6.660000000000169e-11	-0.08658662	0.12203159	0.9866145	-3.932627e-17	0	300
6.670000000000169e-11	-0.08731385	0.11786477	0.98707	-3.9351883e-17	0	300
6.68000000000017e-11	-0.087983266	0.11369935	0.987512	-3.937735e-17	0	300
6.69000000000017e-11	-0.088595	0.10953617	0.9879407	-3.940268e-17	0	300
6.700000000000171e-11	-0.08914919	0.10537605	0.98835623	-3.9427865e-17	0	300
6.710000000000171e-11	-0.08964599	0.10121983	0.98875844	-3.9452905e-17	0	300
6.720000000000172e-11	-0.09008558	0.097068354	0.9891474	-3.9477804e-17	0	300
6.730000000000172e-11	-0.090468116	0.09292243	0.9895234	-3.950256e-17	0	300
6.740000000000173e-11	-0.09079383	0.08878287	0.98988616	-3.9527193e-17	0	300
6.750000000000173e-11	-0.09106293	0.084650494	0.99023604	-3.955166e-17	0	300
6.760000000000174e-11	-0.09127562	0.08052613	0.9905729	-3.9575996e-17	0	300
6.770000000000174e-11	-0.091432154	0.076410554	0.9908969	-3.9600183e-17	0	300
6.780000000000175e-11	-0.09153276	0.07230458	0.99120814	-3.962423e-17	0	300
6.790000000000175e-11	-0.09157772	0.068208985	0.99150664	-3.964816e-17	0	300
6.800000000000176e-11	-0.0915673	0.06412457	0.9917923	-3.9671923e-17	0	300
6.810000000000176e-11	-0.09150179	0.0600521	0.99206555	-3.969556e-17	0	300
6.820000000000177e-11	-0.09138149	0.05599235	0.99232614	-3.971906e-17	0	300
6.830000000000177e-11	-0.0912067	0.051946104	0.99257433	-3.9742422e-17	0	300
6.840000000000177e-11	-0.09097776	0.04791409	0.9928102	-3.9765636e-17	0	300
6.850000000000178e-11	-0.09069498	0.04389708	0.9930338	-3.978872e-17	0	300
6.860000000000178e-11	-0.09035872	0.03989582	0.99324507	-3.9811657e-17	0	300
6.870000000000179e-11	-0.08996935	0.03591103	0.9934442	-3.9834474e-17	0	300
6.88000000000018e-11	-0.08952721	0.031943455	0.99363136	-3.9857152e-17	0	300
6.89000000000018e-11	-0.08903272	0.027993802	0.9938066	-3.9879698e-17	0	300
6.90000000000018e-11	-0.08848622	0.024062794	0.9939699	-3.9902098e-17	0	300
6.910000000000181e-11	-0.087888144	0.020151129	0.9941215	-3.992436e-17	0	300
6.920000000000181e-11	-0.087238885	0.016259503	0.9942613	-3.9946504e-17	0	300
6.930000000000182e-11	-0.08653889	0.012388609	0.99438953	-3.9968497e-17	0	300
6.940000000000182e-11	-0.08578857	0.008539116	0.9945064	-3.9990368e-17	0	300
6.950000000000183e-11	-0.08498836	0.0047117025	0.9946118	-4.0012103e-17	0	300
6.960000000000183e-11	-0.08413873	0.00090702344	0.9947058	-4.003373e-17	0	300
6.970000000000184e-11	-0.08324014	-0.0028742712	0.99478877	-4.0055182e-17	0	300
6.980000000000184e-11	-0.082293026	-0.006631538	0.99486053	-4.0076533e-17	0	300
6.990000000000185e-11	-0.081297904	-0.010364147	0.9949213	-4.0097732e-17	0	300
7.000000000000185e-11	-0.08025525	-0.014071472	0.9949712	-4.0118832e-17	0	300
7.010000000000186e-11	-0.07916555	-0.017752904	0.9950103	-4.013979e-17	0	300
7.020000000000186e-11	-0.07802933	-0.02140784	0.99503875	-4.0160625e-17	0	300
7.030000000000187e-11	-0.07684707	-0.025035687	0.9950566	-4.018132e-17	0	300
7.040000000000187e-11	-0.075619325	-0.028635863	0.9950641	-4.020189e-17	0	300
7.050000000000188e-11	-0.074346595	-0.032207794	0.99506116	-4.0222332e-17	0	300
7.060000000000188e-11	-0.07302944	-0.035750918	0.9950479	-4.0242648e-17	0	300
7.070000000000189e-11	-0.07166839	-0.039264694	0.9950246	-4.026285e-17	0	300
7.080000000000189e-11	-0.07026398	-0.042748563	0.99499136	-4.028293e-17	0	300
7.09000000000019e-11	-0.06881679	-0.046202008	0.9949482	-4.0302876e-17	0	300
7.10000000000019e-11	-0.06732737	-0.049624506	0.99489516	-4.032271e-17	0	300
7.11000000000019e-11	-0.06579631	-0.053015545	0.9948325	-4.0342393e-17	0	300
7.120000000000191e-11	-0.064224154	-0.05637463	0.9947603	-4.0361987e-17	0	300
7.130000000000191e-11	-0.06261151	-0.05970128	0.99467874	-4.0381445e-17	0	300
7.140000000000192e-11	-0.060958948	-0.06299501	0.9945878	-4.040077e-17	0	300
7.150000000000192e-11	-0.059267078	-0.06625535	0.99448764	-4.042e-17	0	300
7.160000000000193e-11	-0.057536487	-0.069481865	0.99437857	-4.0439093e-17	0	300
7.170000000000193e-11	-0.055767782	-0.072674096	0.9942604	-4.045806e-17	0	300
7.180000000000194e-11	-0.05396157	-0.075831614	0.9941334	-4.047692e-17	0	300
7.190000000000194e-11	-0.05211846	-0.078954	0.99399793	-4.0495656e-17	0	300
7.200000000000195e-11	-0.050239086	-0.08204085	0.99385375	-4.0514284e-17	0	300
7.210000000000195e-11	-0.048324056	-0.085091755	0.99370104	-4.0532803e-17	0	300
7.220000000000196e-11	-0.046373997	-0.08810633	0.99354017	-4.055119e-17	0	300
7.230000000000196e-11	-0.04438954	-0.09108421	0.993371	-4.0569454e-17	0	300
7.240000000000197e-11	-0.04237131	-0.094025016	0.99319386	-4.0587622e-17	0	300
7.250000000000197e-11	-0.040319957	-0.0969284	0.99300873	-4.060566e-17	0	300
7.260000000000198e-11	-0.038236115	-0.09979404	0.99281585	-4.0623604e-17	0	300
7.270000000000198e-11	-0.036120422	-0.10262157	0.9926152	-4.0641422e-17	0	300
7.280000000000199e-11	-0.03397353	-0.105410695	0.9924071	-4.0659127e-17	0	300
7.290000000000199e-11	-0.03179608	-0.10816109	0.99219155	-4.0676722e-17	0	300
7.3000000000002e-11	-0.029588722	-0.11087248	0.99196863	-4.0694216e-17	0	300
7.3100000000002e-11	-0.027352115	-0.11354455	0.99173874	-4.0711577e-17	0	300
7.3200000000002e-11	-0.025086906	-0.11617707	0.9915017	-4.0728835e-17	0	300
7.330000000000201e-11	-0.02279375	-0.11876973	0.9912577	-4.0745997e-17	0	300
7.340000000000202e-11	-0.020473307	-0.12132231	0.9910071	-4.0763027e-17	0	300
7.350000000000202e-11	-0.018126233	-0.12383455	0.9907497	-4.0779964e-17	0	300
7.360000000000203e-11	-0.015753187	-0.12630622	0.9904861	-4.0796816e-17	0	300
7.370000000000203e-11	-0.013354829	-0.12873712	0.9902158	-4.0813525e-17	0	300
7.380000000000204e-11	-0.010931823	-0.13112701	0.9899394	-4.083014e-17	0	300
7.390000000000204e-11	-0.008484824	-0.13347574	0.9896568	-4.084664e-17	0	300
7.400000000000205e-11	-0.0060144956	-0.13578308	0.9893684	-4.086305e-17	0	300
7.410000000000205e-11	-0.0035215006	-0.13804887	0.9890739	-4.0879345e-17	0	300
7.420000000000205e-11	-0.001006498	-0.14027296	0.9887739	-4.089553e-17	0	300
7.430000000000206e-11	0.0015298501	-0.14245518	0.9884682	-4.091164e-17	0	300
7.440000000000206e-11	0.004086882	-0.14459538	0.98815715	-4.0927623e-17	0	300
7.450000000000207e-11	0.006663941	-0.14669344	0.9878408	-4.094351e-17	0	300
7.460000000000207e-11	0.009260365	-0.14874923	0.98751926	-4.0959294e-17	0	300
7.470000000000208e-11	0.011875498	-0.15076268	0.9871925	-4.097497e-17	0	300
7.480000000000208e-11	0.014508682	-0.15273361	0.98686105	-4.0990548e-17	0	300
7.490000000000209e-11	0.017159263	-0.154662	0.98652464	-4.100603e-17	0	300
7.500000000000209e-11	0.019826584	-0.15654773	0.98618364	-4.102141e-17	0	300
7.51000000000021e-11	0.022509992	-0.15839073	0.9858382	-4.103669e-17	0	300
7.52000000000021e-11	0.025208842	-0.16019094	0.98548824	-4.105186e-17	0	300
7.530000000000211e-11	0.027922481	-0.16194835	0.985134	-4.106695e-17	0	300
7.540000000000211e-11	0.03065026	-0.16366288	0.9847757	-4.108193e-17	0	300
7.550000000000212e-11	0.033391543	-0.1653345	0.9844133	-4.109682e-17	0	300
7.560000000000212e-11	0.036145676	-0.16696317	0.9840471	-4.1111614e-17	0	300
7.570000000000213e-11	0.03891203	-0.16854894	0.9836771	-4.1126305e-17	0	300
7.580000000000213e-11	0.041689966	-0.17009176	0.98330355	-4.114092e-17	0	300
7.590000000000214e-11	0.044478845	-0.17159164	0.9829264	-4.115541e-17	0	300
7.600000000000214e-11	0.04727804	-0.17304862	0.982546	-4.1169835e-17	0	300
7.610000000000215e-11	0.05008692	-0.1744627	0.98216224	-4.1184135e-17	0	300
7.620000000000215e-11	0.052904867	-0.17583393	0.9817754	-4.119837e-17	0	300
7.630000000000216e-11	0.055731256	-0.17716232	0.98138565	-4.1212494e-17	0	300
7.640000000000216e-11	0.058565464	-0.17844796	0.98099303	-4.1226523e-17	0	300
7.650000000000217e-11	0.061406877	-0.17969093	0.9805976	-4.1240472e-17	0	300
7.660000000000217e-11	0.064254895	-0.18089126	0.98019964	-4.1254336e-17	0	300
7.670000000000218e-11	0.06710891	-0.18204899	0.9797992	-4.1268097e-17	0	300
7.680000000000218e-11	0.0699683	-0.18316428	0.9793962	-4.128177e-17	0	300
7.690000000000218e-11	0.072832495	-0.18423721	0.97899115	-4.1295358e-17	0	300
7.700000000000219e-11	0.07570087	-0.18526784	0.97858393	-4.130884e-17	0	300
7.71000000000022e-11	0.07857286	-0.18625633	0.9781747	-4.1322238e-17	0	300
7.72000000000022e-11	0.081447855	-0.18720278	0.9777635	-4.133556e-17	0	300
7.73000000000022e-11	0.0843253	-0.18810734	0.97735053	-4.134878e-17	0	300
7.740000000000221e-11	0.08720459	-0.18897009	0.9769361	-4.1361932e-17	0	300
7.750000000000221e-11	0.09008518	-0.18979122	0.97652006	-4.137498e-17	0	300
7.760000000000222e-11	0.09296648	-0.19057082	0.9761026	-4.1387942e-17	0	300
7.770000000000222e-11	0.09584795	-0.19130912	0.9756838	-4.140083e-17	0	300
7.780000000000223e-11	0.098729014	-0.19200623	0.9752639	-4.1413618e-17	0	300
7.790000000000223e-11	0.10160911	-0.19266237	0.9748429	-4.1426337e-17	0	300
7.800000000000224e-11	0.1044877	-0.19327766	0.97442096	-4.143895e-17	0	300
7.810000000000224e-11	0.10736425	-0.19385232	0.9739982	-4.1451496e-17	0	300
7.820000000000225e-11	0.11023821	-0.19438654	0.97357476	-4.146395e-17	0	300
7.830000000000225e-11	0.11310906	-0.19488049	0.9731506	-4.147632e-17	0	300
7.840000000000226e-11	0.11597626	-0.19533443	0.972726	-4.1488613e-17	0	300
7.850000000000226e-11	0.11883929	-0.19574851	0.97230107	-4.150083e-17	0	300
7.860000000000227e-11	0.121697634	-0.196123	0.97187567	-4.151296e-17	0	300
7.870000000000227e-11	0.12455077	-0.19645807	0.97145027	-4.1525e-17	0	300
7.880000000000228e-11	0.12739822	-0.196754	0.97102475	-4.153697e-17	0	300
7.890000000000228e-11	0.13023946	-0.19701096	0.9705993	-4.154885e-17	0	300
7.900000000000229e-11	0.133074	-0.19722925	0.970174	-4.156065e-17	0	300
7.910000000000229e-11	0.13590136	-0.1974091	0.96974885	-4.1572374e-17	0	300
7.92000000000023e-11	0.13872105	-0.19755074	0.96932423	-4.1584024e-17	0	300
7.93000000000023e-11	0.14153259	-0.19765446	0.96889997	-4.1595584e-17	0	300
7.94000000000023e-11	0.14433551	-0.1977205	0.9684762	-4.1607072e-17	0	300
7.950000000000231e-11	0.14712936	-0.19774912	0.9680532	-4.1618484e-17	0	300
7.960000000000232e-11	0.14991364	-0.19774061	0.96763074	-4.1629813e-17	0	300
7.970000000000232e-11	0.15268794	-0.19769526	0.96720946	-4.164107e-17	0	300
7.980000000000232e-11	0.15545177	-0.1976133	0.96678895	-4.1652263e-17	0	300
7.990000000000233e-11	0.15820475	-0.19749509	0.96636945	-4.1663354e-17	0	300
8.000000000000233e-11	0.16094638	-0.19734086	0.96595114	-4.1674385e-17	0	300
8.010000000000234e-11	0.16367626	-0.19715095	0.9655341	-4.168532e-17	0	300
8.020000000000234e-11	0.16639397	-0.1969256	0.9651183	-4.1696216e-17	0	300
8.030000000000235e-11	0.16909908	-0.19666517	0.964704	-4.1707022e-17	0	300
8.040000000000235e-11	0.17179117	-0.19636993	0.96429116	-4.1717746e-17	0	300
8.050000000000236e-11	0.17446984	-0.19604024	0.96387994	-4.1728406e-17	0	300
8.060000000000236e-11	0.17713474	-0.19567639	0.96347046	-4.1738998e-17	0	300
8.070000000000237e-11	0.1797854	-0.19527867	0.96306264	-4.17495e-17	0	300
8.080000000000237e-11	0.18242145	-0.19484743	0.9626568	-4.175994e-17	0	300
8.090000000000238e-11	0.18504255	-0.194383	0.9622528	-4.1770305e-17	0	300
8.100000000000238e-11	0.18764828	-0.19388573	0.961851	-4.178061e-17	0	300
8.110000000000239e-11	0.1902383	-0.19335592	0.96145123	-4.179083e-17	0	300
8.120000000000239e-11	0.19281222	-0.1927939	0.96105355	-4.180098e-17	0	300
8.13000000000024e-11	0.19536972	-0.19220003	0.9606582	-4.1811078e-17	0	300
8.14000000000024e-11	0.19791043	-0.19157466	0.9602653	-4.182108e-17	0	300
8.150000000000241e-11	0.20043398	-0.19091813	0.95987475	-4.1831036e-17	0	300
8.160000000000241e-11	0.20294005	-0.19023079	0.9594867	-4.184092e-17	0	300
8.170000000000242e-11	0.20542835	-0.18951298	0.9591013	-4.1850737e-17	0	300
8.180000000000242e-11	0.20789851	-0.18876506	0.95871854	-4.186047e-17	0	300
8.190000000000243e-11	0.21035022	-0.18798739	0.9583385	-4.1870152e-17	0	300
8.200000000000243e-11	0.21278316	-0.18718031	0.9579613	-4.1879764e-17	0	300
8.210000000000244e-11	0.215197	-0.1863442	0.9575869	-4.1889313e-17	0	300
8.220000000000244e-11	0.2175915	-0.18547943	0.95721555	-4.189877e-17	0	300
8.230000000000245e-11	0.21996628	-0.18458633	0.9568473	-4.1908196e-17	0	300
8.240000000000245e-11	0.22232115	-0.1836653	0.956482	-4.1917536e-17	0	300
8.250000000000246e-11	0.22465579	-0.18271673	0.95611984	-4.1926824e-17	0	300
8.260000000000246e-11	0.22696987	-0.18174095	0.955761	-4.1936035e-17	0	300
8.270000000000246e-11	0.22926319	-0.18073834	0.9554055	-4.194519e-17	0	300
8.280000000000247e-11	0.23153543	-0.17970927	0.9550532	-4.195428e-17	0	300
8.290000000000247e-11	0.23378636	-0.17865413	0.9547044	-4.1963322e-17	0	300
8.300000000000248e-11	0.23601572	-0.1775733	0.95435905	-4.1972286e-17	0	300
8.310000000000248e-11	0.23822328	-0.17646717	0.9540171	-4.198118e-17	0	300
8.320000000000249e-11	0.24040875	-0.17533606	0.9536789	-4.1990024e-17	0	300
8.33000000000025e-11	0.24257198	-0.17418045	0.9533444	-4.1998812e-17	0	300
8.34000000000025e-11	0.24471264	-0.17300063	0.95301354	-4.2007527e-17	0	300
8.35000000000025e-11	0.24683058	-0.171797	0.9526864	-4.20162e-17	0	300
8.360000000000251e-11	0.24892554	-0.17057003	0.9523632	-4.2024795e-17	0	300
8.370000000000251e-11	0.25099733	-0.16932	0.95204383	-4.2033335e-17	0	300
8.380000000000252e-11	0.25304574	-0.16804734	0.9517282	-4.2041802e-17	0	300
8.390000000000252e-11	0.2550706	-0.16675244	0.95141673	-4.205024e-17	0	300
8.400000000000253e-11	0.25707164	-0.16543569	0.95110923	-4.2058597e-17	0	300
8.410000000000253e-11	0.25904873	-0.16409744	0.95080584	-4.206692e-17	0	300
8.420000000000254e-11	0.2610017	-0.16273816	0.95050657	-4.2075164e-17	0	300
8.430000000000254e-11	0.26293033	-0.16135815	0.9502114	-4.2083363e-17	0	300
8.440000000000255e-11	0.2648344	-0.15995784	0.9499204	-4.2091492e-17	0	300
8.450000000000255e-11	0.2667139	-0.15853767	0.94963384	-4.2099566e-17	0	300
8.460000000000256e-11	0.26856852	-0.15709794	0.9493513	-4.2107593e-17	0	300
8.470000000000256e-11	0.2703982	-0.1556391	0.9490734	-4.2115573e-17	0	300
8.480000000000257e-11	0.2722027	-0.1541615	0.9487997	-4.2123478e-17	0	300
8.490000000000257e-11	0.27398193	-0.15266557	0.94853044	-4.2131353e-17	0	300
8.500000000000258e-11	0.2757358	-0.15115169	0.9482657	-4.213914e-17	0	300
8.510000000000258e-11	0.27746406	-0.14962022	0.94800544	-4.2146904e-17	0	300
8.520000000000259e-11	0.27916667	-0.1480716	0.94774956	-4.215461e-17	0	300
8.530000000000259e-11	0.2808435	-0.14650618	0.94749844	-4.2162253e-17	0	300
8.54000000000026e-11	0.28249437	-0.14492437	0.9472518	-4.216986e-17	0	300
8.55000000000026e-11	0.28411925	-0.14332655	0.9470098	-4.21774e-17	0	300
8.56000000000026e-11	0.28571796	-0.14171316	0.94677246	-4.2184888e-17	0	300
8.570000000000261e-11	0.28729048	-0.1400845	0.9465398	-4.219234e-17	0	300
8.580000000000261e-11	0.28883666	-0.13844101	0.94631183	-4.2199724e-17	0	300
8.590000000000262e-11	0.2903564	-0.1367831	0.94608873	-4.220707e-17	0	300
8.600000000000262e-11	0.2918496	-0.1351111	0.94587034	-4.2214362e-17	0	300
8.610000000000263e-11	0.29331625	-0.13342544	0.94565684	-4.2221598e-17	0	300
8.620000000000263e-11	0.29475623	-0.13172649	0.9454479	-4.2228788e-17	0	300
8.630000000000264e-11	0.29616946	-0.13001463	0.945244	-4.223595e-17	0	300
8.640000000000264e-11	0.29755586	-0.12829025	0.945045	-4.2243035e-17	0	300
8.650000000000265e-11	0.29891542	-0.12655374	0.9448508	-4.225009e-17	0	300
8.660000000000265e-11	0.30024803	-0.12480549	0.9446615	-4.225709e-17	0	300
8.670000000000266e-11	0.30155367	-0.123045854	0.9444772	-4.226405e-17	0	300
8.680000000000266e-11	0.30283228	-0.12127525	0.9442978	-4.227094e-17	0	300
8.690000000000267e-11	0.30408382	-0.119494036	0.9441234	-4.2277807e-17	0	300
8.700000000000267e-11	0.30530825	-0.11770259	0.9439541	-4.2284642e-17	0	300
8.710000000000268e-11	0.30650556	-0.11590128	0.9437896	-4.2291396e-17	0	300
8.720000000000268e-11	0.30767566	-0.11409051	0.94363016	-4.2298132e-17	0	300
8.730000000000269e-11	0.3088186	-0.11227062	0.94347584	-4.2304806e-17	0	300
8.740000000000269e-11	0.30993438	-0.11044202	0.9433264	-4.231143e-17	0	300
8.75000000000027e-11	0.31102285	-0.10860507	0.9431821	-4.2318037e-17	0	300
8.76000000000027e-11	0.3120841	-0.10676013	0.9430429	-4.232459e-17	0	300
8.77000000000027e-11	0.3131181	-0.10490759	0.94290876	-4.2331097e-17	0	300
8.780000000000271e-11	0.31412488	-0.1030478	0.94277966	-4.233756e-17	0	300
8.790000000000272e-11	0.3151044	-0.101181135	0.94265556	-4.2343988e-17	0	300
8.800000000000272e-11	0.31605673	-0.099307954	0.9425367	-4.2350367e-17	0	300
8.810000000000273e-11	0.3169818	-0.097428635	0.94242287	-4.2356706e-17	0	300
8.820000000000273e-11	0.31787962	-0.09554353	0.9423141	-4.2363003e-17	0	300
8.830000000000273e-11	0.31875032	-0.09365301	0.9422104	-4.236925e-17	0	300
8.840000000000274e-11	0.31959382	-0.09175741	0.94211185	-4.237548e-17	0	300
8.850000000000274e-11	0.32041016	-0.08985711	0.94201845	-4.238165e-17	0	300
8.860000000000275e-11	0.32119945	-0.08795247	0.94193006	-4.238779e-17	0	300
8.870000000000275e-11	0.32196167	-0.08604383	0.94184685	-4.2393903e-17	0	300
8.880000000000276e-11	0.32269683	-0.08413155	0.9417687	-4.239996e-17	0	300
8.890000000000276e-11	0.323405	-0.08221597	0.9416957	-4.2405987e-17	0	300
8.900000000000277e-11	0.32408628	-0.08029745	0.9416277	-4.2411965e-17	0	300
8.910000000000277e-11	0.32474065	-0.07837634	0.9415648	-4.2417898e-17	0	300
8.920000000000278e-11	0.32536817	-0.07645297	0.94150716	-4.2423817e-17	0	300
8.930000000000278e-11	0.32596895	-0.074527696	0.94145447	-4.2429684e-17	0	300
8.940000000000279e-11	0.32654303	-0.07260086	0.9414067	-4.2435523e-17	0	300
8.950000000000279e-11	0.32709044	-0.07067278	0.9413642	-4.244132e-17	0	300
8.96000000000028e-11	0.32761136	-0.06874381	0.9413267	-4.244708e-17	0	300
8.97000000000028e-11	0.32810572	-0.0668143	0.9412942	-4.245281e-17	0	300
8.980000000000281e-11	0.3285737	-0.06488456	0.9412667	-4.2458493e-17	0	300
8.990000000000281e-11	0.32901534	-0.062954925	0.94124436	-4.246416e-17	0	300
9.000000000000282e-11	0.32943073	-0.061025724	0.94122684	-4.246979e-17	0	300
9.010000000000282e-11	0.32981995	-0.059097286	0.94121444	-4.247537e-17	0	300
9.020000000000283e-11	0.33018318	-0.057169944	0.941207	-4.2480926e-17	0	300
9.030000000000283e-11	0.3305204	-0.055244002	0.94120455	-4.248645e-17	0	300
9.040000000000284e-11	0.33083174	-0.053319793	0.941207	-4.249193e-17	0	300
9.050000000000284e-11	0.33111736	-0.051397633	0.9412144	-4.2497383e-17	0	300
9.060000000000285e-11	0.3313773	-0.049477827	0.9412267	-4.2502806e-17	0	300
9.070000000000285e-11	0.33161172	-0.047560703	0.94124395	-4.2508203e-17	0	300
9.080000000000286e-11	0.33182064	-0.045646567	0.94126606	-4.2513556e-17	0	300
9.090000000000286e-11	0.3320043	-0.043735716	0.9412929	-4.2518877e-17	0	300
9.100000000000287e-11	0.33216277	-0.04182847	0.94132465	-4.252418e-17	0	300
9.110000000000287e-11	0.33229616	-0.03992513	0.9413612	-4.252944e-17	0	300
9.120000000000287e-11	0.3324046	-0.038025994	0.94140255	-4.2534676e-17	0	300
9.130000000000288e-11	0.3324882	-0.03613136	0.94144875	-4.2539864e-17	0	300
9.140000000000288e-11	0.33254713	-0.034241524	0.94149965	-4.254505e-17	0	300
9.150000000000289e-11	0.33258155	-0.032356784	0.9415552	-4.255019e-17	0	300
9.16000000000029e-11	0.3325915	-0.030477427	0.94161546	-4.2555286e-17	0	300
9.17000000000029e-11	0.3325772	-0.028603744	0.94168043	-4.256038e-17	0	300
9.18000000000029e-11	0.33253878	-0.026736017	0.94175005	-4.2565437e-17	0	300
9.190000000000291e-11	0.33247638	-0.024874533	0.9418243	-4.2570466e-17	0	300
9.200000000000291e-11	0.33239016	-0.02301957	0.9419031	-4.2575453e-17	0	300
9.210000000000292e-11	0.33228025	-0.021171413	0.94198644	-4.258043e-17	0	300
9.220000000000292e-11	0.33214682	-0.019330334	0.9420743	-4.2585366e-17	0	300
9.230000000000293e-11	0.33199003	-0.0174966	0.9421667	-4.259027e-17	0	300
9.240000000000293e-11	0.33181006	-0.01567049	0.9422635	-4.2595153e-17	0	300
9.250000000000294e-11	0.331607	-0.0138522675	0.9423648	-4.2600036e-17	0	300
9.260000000000294e-11	0.33138114	-0.012042196	0.9424703	-4.2604854e-17	0	300
9.270000000000295e-11	0.33113253	-0.010240538	0.9425805	-4.2609665e-17	0	300
9.280000000000295e-11	0.33086142	-0.008447555	0.94269484	-4.261444e-17	0	300
9.290000000000296e-11	0.33056793	-0.0066635003	0.9428136	-4.261919e-17	0	300
9.300000000000296e-11	0.33025226	-0.004888633	0.9429365	-4.2623922e-17	0	300
9.310000000000297e-11	0.3299146	-0.0031231996	0.9430637	-4.2628637e-17	0	300
9.320000000000297e-11	0.32955515	-0.001367447	0.9431951	-4.2633296e-17	0	300
9.330000000000298e-11	0.32917404	0.00037837564	0.9433305	-4.2637938e-17	0	300
9.340000000000298e-11	0.3287715	0.0021140287	0.9434701	-4.2642567e-17	0	300
9.350000000000299e-11	0.32834774	0.0038392725	0.9436139	-4.2647176e-17	0	300
9.360000000000299e-11	0.32790285	0.0055538686	0.9437616	-4.2651755e-17	0	300
9.3700000000003e-11	0.32743716	0.007257586	0.9439134	-4.2656298e-17	0	300
9.3800000000003e-11	0.32695073	0.008950192	0.94406915	-4.2660818e-17	0	300
9.3900000000003e-11	0.32644385	0.010631459	0.9442289	-4.2665347e-17	0	300
9.400000000000301e-11	0.3259167	0.012301164	0.9443924	-4.266982e-17	0	300
9.410000000000301e-11	0.32536948	0.013959083	0.9445598	-4.267428e-17	0	300
9.420000000000302e-11	0.3248024	0.015604999	0.944731	-4.267872e-17	0	300
9.430000000000302e-11	0.32421562	0.017238695	0.94490594	-4.2683125e-17	0	300
9.440000000000303e-11	0.3236094	0.018859958	0.9450847	-4.2687522e-17	0	300
9.450000000000303e-11	0.32298395	0.020468581	0.9452671	-4.2691877e-17	0	300
9.460000000000304e-11	0.32233948	0.022064354	0.945453	-4.2696234e-17	0	300
9.470000000000304e-11	0.3216762	0.023647076	0.9456427	-4.2700546e-17	0	300
9.480000000000305e-11	0.3209943	0.025216542	0.9458357	-4.2704853e-17	0	300
9.490000000000305e-11	0.32029405	0.026772562	0.9460324	-4.2709135e-17	0	300
9.500000000000306e-11	0.3195756	0.028314937	0.9462325	-4.2713387e-17	0	300
9.510000000000306e-11	0.31883922	0.029843476	0.946436	-4.2717612e-17	0	300
9.520000000000307e-11	0.31808516	0.031357996	0.9466429	-4.272183e-17	0	300
9.530000000000307e-11	0.31731358	0.032858297	0.94685304	-4.2726026e-17	0	300
9.540000000000308e-11	0.31652477	0.03434422	0.9470665	-4.2730208e-17	0	300
9.550000000000308e-11	0.31571895	0.035815567	0.9472832	-4.2734344e-17	0	300
9.560000000000309e-11	0.3148963	0.037272174	0.94750303	-4.273849e-17	0	300
9.570000000000309e-11	0.31405705	0.038713865	0.947726	-4.274259e-17	0	300
9.58000000000031e-11	0.3132015	0.04014047	0.9479521	-4.2746686e-17	0	300
9.59000000000031e-11	0.3123299	0.04155183	0.9481812	-4.2750752e-17	0	300
9.60000000000031e-11	0.31144238	0.042947773	0.94841325	-4.2754812e-17	0	300
9.610000000000311e-11	0.31053925	0.044328146	0.94864815	-4.2758842e-17	0	300
9.620000000000312e-11	0.3096207	0.045692787	0.94888616	-4.2762836e-17	0	300
9.630000000000312e-11	0.30868706	0.047041554	0.94912684	-4.2766823e-17	0	300
9.640000000000313e-11	0.30773848	0.04837429	0.9493705	-4.2770803e-17	0	300
9.650000000000313e-11	0.30677527	0.049690854	0.94961673	-4.2774767e-17	0	300
9.660000000000314e-11	0.30579764	0.0509911	0.9498656	-4.277869e-17	0	300
9.670000000000314e-11	0.30480587	0.052274883	0.9501172	-4.2782625e-17	0	300
9.680000000000315e-11	0.30380017	0.053542078	0.95037127	-4.2786513e-17	0	300
9.690000000000315e-11	0.30278078	0.054792542	0.9506279	-4.2790387e-17	0	300
9.700000000000315e-11	0.30174798	0.056026153	0.9508871	-4.279425e-17	0	300
9.710000000000316e-11	0.300702	0.057242785	0.9511487	-4.2798087e-17	0	300
9.720000000000316e-11	0.29964313	0.058442317	0.9514126	-4.2801905e-17	0	300
9.730000000000317e-11	0.29857156	0.059624616	0.951679	-4.2805713e-17	0	300
9.740000000000317e-11	0.29748762	0.060789578	0.9519475	-4.2809492e-17	0	300
9.750000000000318e-11	0.2963915	0.061937094	0.95221823	-4.2813264e-17	0	300
9.760000000000318e-11	0.29528344	0.06306704	0.9524912	-4.2817e-17	0	300
9.770000000000319e-11	0.29416373	0.06417933	0.9527662	-4.2820748e-17	0	300
9.780000000000319e-11	0.29303268	0.06527384	0.9530432	-4.282446e-17	0	300
9.79000000000032e-11	0.29189047	0.06635049	0.9533224	-4.2828156e-17	0	300
9.80000000000032e-11	0.29073742	0.06740918	0.95360345	-4.2831826e-17	0	300
9.810000000000321e-11	0.28957373	0.06844981	0.95388645	-4.283549e-17	0	300
9.820000000000321e-11	0.2883997	0.0694723	0.9541712	-4.283914e-17	0	300
9.830000000000322e-11	0.28721553	0.07047655	0.9544578	-4.284277e-17	0	300
9.840000000000322e-11	0.28602156	0.0714625	0.9547461	-4.2846374e-17	0	300
9.850000000000323e-11	0.28481802	0.07243005	0.9550361	-4.2849974e-17	0	300
9.860000000000323e-11	0.28360516	0.07337914	0.9553278	-4.2853547e-17	0	300
9.870000000000324e-11	0.28238323	0.0743097	0.95562094	-4.2857094e-17	0	300
9.880000000000324e-11	0.28115252	0.075221635	0.95591575	-4.286066e-17	0	300
9.890000000000325e-11	0.2799133	0.076114915	0.95621186	-4.286418e-17	0	300
9.900000000000325e-11	0.2786658	0.07698947	0.9565095	-4.286768e-17	0	300
9.910000000000326e-11	0.2774103	0.07784522	0.95680845	-4.2871176e-17	0	300
9.920000000000326e-11	0.2761471	0.07868215	0.9571087	-4.2874657e-17	0	300
9.930000000000327e-11	0.2748764	0.07950017	0.9574103	-4.2878115e-17	0	300
9.940000000000327e-11	0.27359852	0.08029926	0.9577129	-4.288154e-17	0	300
9.950000000000328e-11	0.27231365	0.08107935	0.95801675	-4.2884977e-17	0	300
9.960000000000328e-11	0.27102214	0.08184042	0.95832175	-4.288839e-17	0	300
9.970000000000328e-11	0.2697242	0.08258244	0.9586277	-4.2891786e-17	0	300
9.980000000000329e-11	0.2684201	0.08330535	0.9589346	-4.2895148e-17	0	300
9.99000000000033e-11	0.2671101	0.08400913	0.95924246	-4.289852e-17	0	300
1.000000000000033e-10	0.26579452	0.08469377	0.9595512	-4.2901868e-17	0	300
1.001000000000033e-10	0.26447353	0.085359216	0.95986074	-4.2905203e-17	0	300
1.0020000000000331e-10	0.2631475	0.08600547	0.96017104	-4.290851e-17	0	300
1.0030000000000331e-10	0.2618166	0.08663252	0.9604821	-4.2911794e-17	0	300
1.0040000000000332e-10	0.26048112	0.08724033	0.9607938	-4.2915096e-17	0	300
1.0050000000000332e-10	0.25914136	0.08782892	0.96110606	-4.2918355e-17	0	300
1.0060000000000333e-10	0.25779754	0.08839825	0.9614189	-4.292161e-17	0	300
1.0070000000000333e-10	0.25644994	0.08894833	0.96173227	-4.292483e-17	0	300
1.0080000000000334e-10	0.25509882	0.08947916	0.962046	-4.292806e-17	0	300
1.0090000000000334e-10	0.25374442	0.089990765	0.96236	-4.293127e-17	0	300
1.0100000000000335e-10	0.25238705	0.09048313	0.9626746	-4.2934452e-17	0	300
1.0110000000000335e-10	0.2510269	0.09095627	0.96298945	-4.2937622e-17	0	300
1.0120000000000336e-10	0.24966429	0.091410205	0.9633044	-4.2940785e-17	0	300
1.0130000000000336e-10	0.24829945	0.091844924	0.9636196	-4.2943915e-17	0	300
1.0140000000000337e-10	0.24693266	0.09226049	0.96393496	-4.2947055e-17	0	300
1.0150000000000337e-10	0.24556415	0.092656896	0.96425027	-4.295016e-17	0	300
1.0160000000000338e-10	0.24419418	0.09303418	0.96456575	-4.2953256e-17	0	300
1.0170000000000338e-10	0.24282302	0.09339237	0.9648811	-4.2956336e-17	0	300
1.0180000000000339e-10	0.24145092	0.09373149	0.9651964	-4.2959394e-17	0	300
1.0190000000000339e-10	0.24007812	0.094051614	0.96551156	-4.2962457e-17	0	300
1.020000000000034e-10	0.2387049	0.09435273	0.9658265	-4.2965475e-17	0	300
1.021000000000034e-10	0.23733146	0.09463493	0.9661413	-4.2968512e-17	0	300
1.022000000000034e-10	0.23595813	0.094898224	0.9664558	-4.297151e-17	0	300
1.0230000000000341e-10	0.23458509	0.09514266	0.96676993	-4.297449e-17	0	300
1.0240000000000342e-10	0.2332126	0.09536834	0.9670837	-4.297748e-17	0	300
1.0250000000000342e-10	0.23184095	0.095575266	0.967397	-4.2980427e-17	0	300
1.0260000000000342e-10	0.23047036	0.09576351	0.96770984	-4.298338e-17	0	300
1.0270000000000343e-10	0.22910103	0.09593315	0.9680222	-4.29863e-17	0	300
1.0280000000000343e-10	0.22773327	0.096084245	0.9683339	-4.2989212e-17	0	300
1.0290000000000344e-10	0.22636731	0.09621686	0.9686451	-4.299211e-17	0	300
1.0300000000000344e-10	0.22500336	0.09633107	0.9689555	-4.2995e-17	0	300
1.0310000000000345e-10	0.2236417	0.09642694	0.9692651	-4.2997864e-17	0	300
1.0320000000000345e-10	0.22228251	0.09650456	0.9695742	-4.3000716e-17	0	300
1.0330000000000346e-10	0.22092608	0.096564	0.9698823	-4.3003568e-17	0	300
1.0340000000000346e-10	0.21957263	0.09660536	0.9701896	-4.300639e-17	0	300
1.0350000000000347e-10	0.21822236	0.09662871	0.97049594	-4.30092e-17	0	300
1.0360000000000347e-10	0.21687558	0.09663415	0.97080135	-4.3011982e-17	0	300
1.0370000000000348e-10	0.21553242	0.09662177	0.9711057	-4.3014768e-17	0	300
1.0380000000000348e-10	0.2141932	0.09659166	0.9714091	-4.3017538e-17	0	300
1.0390000000000349e-10	0.21285808	0.09654392	0.9717114	-4.3020294e-17	0	300
1.0400000000000349e-10	0.21152732	0.09647864	0.9720125	-4.3023027e-17	0	300
1.041000000000035e-10	0.21020114	0.09639596	0.97231257	-4.302575e-17	0	300
1.042000000000035e-10	0.20887975	0.09629596	0.9726113	-4.302845e-17	0	300
1.0430000000000351e-10	0.2075634	0.09617873	0.9729088	-4.3031153e-17	0	300
1.0440000000000351e-10	0.20625225	0.09604443	0.973205	-4.3033817e-17	0	300
1.0450000000000352e-10	0.20494655	0.09589314	0.9734998	-4.3036487e-17	0	300
1.0460000000000352e-10	0.20364654	0.095724985	0.97379327	-4.3039137e-17	0	300
1.0470000000000353e-10	0.20235237	0.095540084	0.97408533	-4.3041777e-17	0	300
1.0480000000000353e-10	0.20106432	0.09533857	0.97437584	-4.3044388e-17	0	300
1.0490000000000354e-10	0.19978252	0.09512056	0.97466487	-4.3047005e-17	0	300
1.0500000000000354e-10	0.19850725	0.09488618	0.9749524	-4.3049586e-17	0	300
1.0510000000000355e-10	0.19723867	0.09463556	0.9752384	-4.3052163e-17	0	300
1.0520000000000355e-10	0.19597699	0.09436884	0.97552264	-4.3054734e-17	0	300
1.0530000000000356e-10	0.1947224	0.094086155	0.97580534	-4.305729e-17	0	300
1.0540000000000356e-10	0.19347513	0.093787625	0.97608614	-4.3059813e-17	0	300
1.0550000000000356e-10	0.19223532	0.093473405	0.97636545	-4.3062334e-17	0	300
1.0560000000000357e-10	0.1910032	0.09314365	0.9766427	-4.3064836e-17	0	300
1.0570000000000357e-10	0.18977897	0.09279849	0.97691834	-4.306733e-17	0	300
1.0580000000000358e-10	0.1885628	0.09243806	0.9771921	-4.3069806e-17	0	300
1.0590000000000358e-10	0.18735486	0.092062525	0.9774639	-4.3072274e-17	0	300
1.0600000000000359e-10	0.18615533	0.09167204	0.97773397	-4.3074726e-17	0	300
1.061000000000036e-10	0.18496446	0.091266744	0.9780019	-4.3077154e-17	0	300
1.062000000000036e-10	0.18378234	0.09084681	0.97826785	-4.3079576e-17	0	300
1.063000000000036e-10	0.18260919	0.09041238	0.97853184	-4.3081985e-17	0	300
1.0640000000000361e-10	0.18144517	0.089963615	0.97879374	-4.3084377e-17	0	300
1.0650000000000361e-10	0.18029046	0.089500695	0.9790536	-4.3086756e-17	0	300
1.0660000000000362e-10	0.1791452	0.08902376	0.9793113	-4.3089122e-17	0	300
1.0670000000000362e-10	0.17800957	0.088532984	0.97956693	-4.3091468e-17	0	300
1.0680000000000363e-10	0.17688376	0.08802855	0.97982025	-4.309382e-17	0	300
1.0690000000000363e-10	0.17576791	0.08751061	0.9800714	-4.3096143e-17	0	300
1.0700000000000364e-10	0.17466217	0.08697935	0.98032045	-4.3098436e-17	0	300
1.0710000000000364e-10	0.17356668	0.08643491	0.9805671	-4.310075e-17	0	300
1.0720000000000365e-10	0.17248163	0.0858775	0.9808115	-4.3103032e-17	0	300
1.0730000000000365e-10	0.17140715	0.085307285	0.9810536	-4.3105295e-17	0	300
1.0740000000000366e-10	0.17034337	0.08472444	0.9812934	-4.310755e-17	0	300
1.0750000000000366e-10	0.16929045	0.08412914	0.9815306	-4.310979e-17	0	300
1.0760000000000367e-10	0.16824853	0.08352159	0.98176557	-4.3112025e-17	0	300
1.0770000000000367e-10	0.16721775	0.08290195	0.9819981	-4.3114245e-17	0	300
1.0780000000000368e-10	0.16619822	0.0822704	0.9822282	-4.311645e-17	0	300
1.0790000000000368e-10	0.16519013	0.081627145	0.98245573	-4.311864e-17	0	300
1.0800000000000369e-10	0.16419354	0.08097236	0.9826808	-4.312082e-17	0	300
1.0810000000000369e-10	0.1632086	0.08030625	0.9829034	-4.312298e-17	0	300
1.082000000000037e-10	0.16223545	0.07962897	0.9831235	-4.312512e-17	0	300
1.083000000000037e-10	0.16127422	0.07894074	0.9833409	-4.3127265e-17	0	300
1.084000000000037e-10	0.16032499	0.07824175	0.9835558	-4.3129382e-17	0	300
1.0850000000000371e-10	0.15938789	0.07753219	0.98376805	-4.31315e-17	0	300
1.0860000000000371e-10	0.15846305	0.076812245	0.9839777	-4.3133598e-17	0	300
1.0870000000000372e-10	0.15755053	0.076082125	0.9841846	-4.3135682e-17	0	300
1.0880000000000372e-10	0.15665048	0.075342014	0.98438907	-4.3137753e-17	0	300
1.0890000000000373e-10	0.15576302	0.07459212	0.98459065	-4.3139805e-17	0	300
1.0900000000000373e-10	0.15488818	0.07383263	0.98478955	-4.3141856e-17	0	300
1.0910000000000374e-10	0.1540261	0.07306376	0.9849858	-4.314389e-17	0	300
1.0920000000000374e-10	0.15317687	0.072285704	0.9851793	-4.314591e-17	0	300
1.0930000000000375e-10	0.15234062	0.07149865	0.98537	-4.3147908e-17	0	300
1.0940000000000375e-10	0.15151733	0.07070281	0.98555803	-4.314991e-17	0	300
1.0950000000000376e-10	0.1507072	0.0698984	0.98574317	-4.3151895e-17	0	300
1.0960000000000376e-10	0.14991026	0.06908559	0.98592556	-4.3153854e-17	0	300
1.0970000000000377e-10	0.14912657	0.06826462	0.98610526	-4.3155816e-17	0	300
1.0980000000000377e-10	0.14835623	0.06743567	0.98628193	-4.315776e-17	0	300
1.0990000000000378e-10	0.14759931	0.06659896	0.9864558	-4.3159697e-17	0	300
1.1000000000000378e-10	0.14685586	0.065754674	0.986627	-4.3161623e-17	0	300
1.1010000000000379e-10	0.146126	0.06490305	0.9867951	-4.3163525e-17	0	300
1.1020000000000379e-10	0.14540973	0.06404426	0.9869605	-4.3165428e-17	0	300
1.103000000000038e-10	0.14470713	0.06317853	0.987123	-4.3167297e-17	0	300
1.104000000000038e-10	0.14401829	0.062306084	0.9872826	-4.3169176e-17	0	300
1.105000000000038e-10	0.14334323	0.061427087	0.9874393	-4.317104e-17	0	300
1.1060000000000381e-10	0.14268199	0.060541783	0.98759305	-4.3172882e-17	0	300
1.1070000000000382e-10	0.14203465	0.05965036	0.987744	-4.3174722e-17	0	300
1.1080000000000382e-10	0.14140125	0.05875303	0.9878919	-4.3176535e-17	0	300
1.1090000000000383e-10	0.14078179	0.057850007	0.988037	-4.3178355e-17	0	300
1.1100000000000383e-10	0.14017636	0.056941487	0.988179	-4.3180158e-17	0	300
1.1110000000000383e-10	0.13958499	0.056027684	0.9883182	-4.3181955e-17	0	300
1.1120000000000384e-10	0.13900767	0.05510882	0.9884545	-4.3183728e-17	0	300
1.1130000000000384e-10	0.13844447	0.05418507	0.9885878	-4.31855e-17	0	300
1.1140000000000385e-10	0.1378954	0.05325667	0.9887181	-4.318725e-17	0	300
1.1150000000000385e-10	0.1373605	0.05232382	0.9888456	-4.3188982e-17	0	300
1.1160000000000386e-10	0.13683976	0.05138672	0.98897	-4.319072e-17	0	300
1.1170000000000386e-10	0.13633324	0.05044558	0.98909146	-4.3192443e-17	0	300
1.1180000000000387e-10	0.13584092	0.049500614	0.98921	-4.3194164e-17	0	300
1.1190000000000387e-10	0.13536283	0.048552014	0.98932564	-4.3195858e-17	0	300
1.1200000000000388e-10	0.13489895	0.047599997	0.98943824	-4.319754e-17	0	300
1.1210000000000388e-10	0.13444932	0.046644766	0.9895479	-4.319922e-17	0	300
1.1220000000000389e-10	0.13401392	0.045686524	0.98965466	-4.320086e-17	0	300
1.1230000000000389e-10	0.13359278	0.044725478	0.9897584	-4.320253e-17	0	300
1.124000000000039e-10	0.13318586	0.043761823	0.98985934	-4.320417e-17	0	300
1.125000000000039e-10	0.1327932	0.042795774	0.9899571	-4.320581e-17	0	300
1.1260000000000391e-10	0.13241473	0.04182752	0.99005204	-4.3207442e-17	0	300
1.1270000000000391e-10	0.1320505	0.040857274	0.990144	-4.3209053e-17	0	300
1.1280000000000392e-10	0.13170046	0.03988523	0.99023306	-4.321065e-17	0	300
1.1290000000000392e-10	0.13136457	0.038911592	0.99031925	-4.3212236e-17	0	300
1.1300000000000393e-10	0.13104287	0.037936553	0.99040246	-4.321382e-17	0	300
1.1310000000000393e-10	0.13073531	0.036960326	0.99048275	-4.3215403e-17	0	300
1.1320000000000394e-10	0.13044184	0.035983097	0.9905602	-4.321696e-17	0	300
1.1330000000000394e-10	0.13016248	0.03500506	0.9906346	-4.3218516e-17	0	300
1.1340000000000395e-10	0.12989715	0.034026414	0.99070597	-4.3220045e-17	0	300
1.1350000000000395e-10	0.12964585	0.033047356	0.9907748	-4.322157e-17	0	300
1.1360000000000396e-10	0.12940854	0.032068074	0.9908406	-4.3223102e-17	0	300
1.1370000000000396e-10	0.12918517	0.03108877	0.9909035	-4.3224607e-17	0	300
1.1380000000000397e-10	0.1289757	0.030109625	0.9909636	-4.3226113e-17	0	300
1.1390000000000397e-10	0.12878011	0.029130835	0.9910208	-4.32276e-17	0	300
1.1400000000000397e-10	0.12859832	0.02815259	0.99107516	-4.3229087e-17	0	300
1.1410000000000398e-10	0.12843029	0.02717507	0.9911267	-4.323054e-17	0	300
1.1420000000000398e-10	0.12827598	0.026198471	0.99117535	-4.3232012e-17	0	300
1.1430000000000399e-10	0.12813532	0.025222972	0.9912213	-4.3233468e-17	0	300
1.14400000000004e-10	0.12800828	0.024248756	0.9912643	-4.32349e-17	0	300
1.14500000000004e-10	0.12789477	0.02327601	0.99130464	-4.3236347e-17	0	300
1.14600000000004e-10	0.12779474	0.022304913	0.9913422	-4.3237766e-17	0	300
1.1470000000000401e-10	0.12770815	0.02133564	0.991377	-4.3239196e-17	0	300
1.1480000000000401e-10	0.1276349	0.020368379	0.99140894	-4.32406e-17	0	300
1.1490000000000402e-10	0.12757492	0.019403297	0.9914384	-4.324198e-17	0	300
1.1500000000000402e-10	0.12752819	0.018440578	0.9914649	-4.3243388e-17	0	300
1.1510000000000403e-10	0.12749456	0.017480386	0.9914889	-4.3244748e-17	0	300
1.1520000000000403e-10	0.12747402	0.016522901	0.99151003	-4.3246124e-17	0	300
1.1530000000000404e-10	0.12746647	0.015568287	0.9915286	-4.324748e-17	0	300
1.1540000000000404e-10	0.12747182	0.0146167185	0.9915445	-4.3248837e-17	0	300
1.1550000000000405e-10	0.12749001	0.013668359	0.9915577	-4.325018e-17	0	300
1.1560000000000405e-10	0.12752093	0.012723375	0.9915684	-4.3251517e-17	0	300
1.1570000000000406e-10	0.12756452	0.01178193	0.99157643	-4.3252847e-17	0	300
1.1580000000000406e-10	0.12762067	0.010844188	0.9915818	-4.3254158e-17	0	300
1.1590000000000407e-10	0.1276893	0.009910306	0.9915848	-4.3255478e-17	0	300
1.1600000000000407e-10	0.12777032	0.008980443	0.9915852	-4.3256775e-17	0	300
1.1610000000000408e-10	0.12786365	0.008054757	0.99158293	-4.325807e-17	0	300
1.1620000000000408e-10	0.12796915	0.0071334024	0.9915783	-4.3259356e-17	0	300
1.1630000000000409e-10	0.12808678	0.0062165316	0.9915711	-4.3260623e-17	0	300
1.1640000000000409e-10	0.12821639	0.0053042965	0.99156153	-4.3261903e-17	0	300
1.1650000000000407e-10	0.1283579	0.0043968456	0.9915494	-4.3263164e-17	0	300
1.1660000000000405e-10	0.12851122	0.0034943265	0.99153495	-4.326441e-17	0	300
1.1670000000000403e-10	0.12867624	0.002596884	0.9915181	-4.3265662e-17	0	300
1.16800000000004e-10	0.12885284	0.0017046618	0.9914987	-4.3266903e-17	0	300
1.1690000000000399e-10	0.1290409	0.0008178011	0.9914771	-4.3268127e-17	0	300
1.1700000000000396e-10	0.12924036	-6.3558226e-05	0.9914531	-4.3269338e-17	0	300
1.1710000000000394e-10	0.12945105	-0.0009392798	0.9914268	-4.3270562e-17	0	300
1.1720000000000392e-10	0.12967288	-0.0018092273	0.9913983	-4.3271783e-17	0	300
1.173000000000039e-10	0.12990576	-0.0026732679	0.99136746	-4.3272968e-17	0	300
1.1740000000000388e-10	0.13014954	-0.0035312704	0.9913343	-4.3274162e-17	0	300
1.1750000000000386e-10	0.13040413	-0.0043831053	0.991299	-4.327535e-17	0	300
1.1760000000000384e-10	0.13066939	-0.005228646	0.9912614	-4.3276525e-17	0	300
1.1770000000000382e-10	0.13094519	-0.0060677673	0.9912218	-4.3277693e-17	0	300
1.178000000000038e-10	0.13123144	-0.0069003464	0.99117994	-4.3278847e-17	0	300
1.1790000000000378e-10	0.131528	-0.0077262623	0.9911361	-4.3279992e-17	0	300
1.1800000000000375e-10	0.13183475	-0.008545397	0.99108994	-4.328115e-17	0	300
1.1810000000000373e-10	0.13215157	-0.009357633	0.9910418	-4.3282298e-17	0	300
1.182000000000037e-10	0.13247831	-0.010162856	0.9909916	-4.3283437e-17	0	300
1.183000000000037e-10	0.13281485	-0.010960957	0.9909394	-4.328455e-17	0	300
1.1840000000000367e-10	0.13316108	-0.011751821	0.9908851	-4.3285673e-17	0	300
1.1850000000000365e-10	0.13351685	-0.012535345	0.99082893	-4.3286788e-17	0	300
1.1860000000000363e-10	0.13388206	-0.01331142	0.99077076	-4.3287887e-17	0	300
1.187000000000036e-10	0.13425653	-0.014079945	0.99071074	-4.3288985e-17	0	300
1.1880000000000359e-10	0.13464016	-0.014840818	0.99064887	-4.3290084e-17	0	300
1.1890000000000357e-10	0.1350328	-0.015593939	0.99058497	-4.3291162e-17	0	300
1.1900000000000354e-10	0.13543431	-0.016339213	0.9905193	-4.3292238e-17	0	300
1.1910000000000352e-10	0.13584459	-0.017076544	0.99045175	-4.329333e-17	0	300
1.192000000000035e-10	0.13626346	-0.01780584	0.9903827	-4.3294375e-17	0	300
1.1930000000000348e-10	0.13669081	-0.018527012	0.9903115	-4.3295437e-17	0	300
1.1940000000000346e-10	0.13712648	-0.019239973	0.9902388	-4.329649e-17	0	300
1.1950000000000344e-10	0.13757035	-0.019944638	0.99016434	-4.3297532e-17	0	300
1.1960000000000342e-10	0.13802227	-0.02064092	0.9900883	-4.3298587e-17	0	300
1.197000000000034e-10	0.13848211	-0.021328742	0.9900105	-4.32996e-17	0	300
1.1980000000000338e-10	0.13894972	-0.02200802	0.989931	-4.330065e-17	0	300
1.1990000000000335e-10	0.13942495	-0.022678683	0.98985004	-4.3301658e-17	0	300
1.2000000000000333e-10	0.13990766	-0.023340654	0.9897675	-4.3302667e-17	0	300
1.201000000000033e-10	0.14039773	-0.02399386	0.9896834	-4.330367e-17	0	300
1.202000000000033e-10	0.14089498	-0.024638237	0.9895977	-4.3304675e-17	0	300
1.2030000000000327e-10	0.1413993	-0.025273709	0.98951066	-4.330567e-17	0	300
1.2040000000000325e-10	0.14191052	-0.025900219	0.9894221	-4.3306667e-17	0	300
1.2050000000000323e-10	0.1424285	-0.026517697	0.98933214	-4.3307653e-17	0	300
1.206000000000032e-10	0.1429531	-0.027126089	0.9892408	-4.3308632e-17	0	300
1.2070000000000319e-10	0.14348418	-0.027725328	0.9891481	-4.3309615e-17	0	300
1.2080000000000317e-10	0.1440216	-0.028315363	0.989054	-4.3310565e-17	0	300
1.2090000000000314e-10	0.1445652	-0.028896146	0.98895866	-4.331152e-17	0	300
1.2100000000000312e-10	0.14511482	-0.029467607	0.98886204	-4.331248e-17	0	300
1.211000000000031e-10	0.14567032	-0.030029716	0.98876417	-4.3313433e-17	0	300
1.2120000000000308e-10	0.14623159	-0.030582413	0.98866516	-4.331437e-17	0	300
1.2130000000000306e-10	0.14679845	-0.031125661	0.9885647	-4.3315323e-17	0	300
1.2140000000000304e-10	0.14737073	-0.031659413	0.98846334	-4.331624e-17	0	300
1.2150000000000302e-10	0.14794835	-0.032183625	0.98836064	-4.331717e-17	0	300
1.21600000000003e-10	0.14853111	-0.032698266	0.98825705	-4.331809e-17	0	300
1.2170000000000298e-10	0.14911887	-0.03320329	0.9881522	-4.3319005e-17	0	300
1.2180000000000296e-10	0.14971147	-0.03369867	0.9880464	-4.3319912e-17	0	300
1.2190000000000293e-10	0.15030882	-0.034184374	0.9879396	-4.3320812e-17	0	300
1.2200000000000291e-10	0.1509107	-0.034660365	0.98783183	-4.3321725e-17	0	300
1.221000000000029e-10	0.15151702	-0.035126623	0.987723	-4.3322612e-17	0	300
1.2220000000000287e-10	0.15212764	-0.035583116	0.9876133	-4.3323502e-17	0	300
1.2230000000000285e-10	0.15274233	-0.036029827	0.9875027	-4.332438e-17	0	300
1.2240000000000283e-10	0.15336104	-0.03646673	0.9873913	-4.3325265e-17	0	300
1.225000000000028e-10	0.15398356	-0.0368938	0.98727894	-4.3326132e-17	0	300
1.226000000000028e-10	0.15460975	-0.037311032	0.98716575	-4.3327e-17	0	300
1.2270000000000277e-10	0.15523951	-0.037718404	0.9870518	-4.332785e-17	0	300
1.2280000000000275e-10	0.15587266	-0.038115904	0.98693717	-4.3328713e-17	0	300
1.2290000000000272e-10	0.15650906	-0.038503516	0.9868218	-4.332957e-17	0	300
1.230000000000027e-10	0.15714854	-0.03888124	0.9867057	-4.3330414e-17	0	300
1.2310000000000268e-10	0.157791	-0.039249063	0.98658895	-4.333125e-17	0	300
1.2320000000000266e-10	0.1584363	-0.03960698	0.98647153	-4.3332095e-17	0	300
1.2330000000000264e-10	0.15908426	-0.039954986	0.98635346	-4.3332922e-17	0	300
1.2340000000000262e-10	0.15973473	-0.04029309	0.986235	-4.3333746e-17	0	300
1.235000000000026e-10	0.1603876	-0.040621277	0.9861158	-4.3334576e-17	0	300
1.2360000000000258e-10	0.16104273	-0.04093956	0.9859961	-4.3335383e-17	0	300
1.2370000000000256e-10	0.16169995	-0.041247945	0.98587596	-4.3336178e-17	0	300
1.2380000000000253e-10	0.16235916	-0.041546434	0.9857553	-4.3336998e-17	0	300
1.2390000000000251e-10	0.16302016	-0.041835032	0.9856342	-4.333781e-17	0	300
1.240000000000025e-10	0.1636829	-0.04211376	0.98551273	-4.333859e-17	0	300
1.2410000000000247e-10	0.16434714	-0.04238262	0.98539084	-4.333938e-17	0	300
1.2420000000000245e-10	0.16501279	-0.042641632	0.98526853	-4.3340178e-17	0	300
1.2430000000000243e-10	0.16567972	-0.04289081	0.9851459	-4.3340955e-17	0	300
1.244000000000024e-10	0.16634779	-0.043130167	0.985023	-4.334173e-17	0	300
1.245000000000024e-10	0.16701685	-0.043359734	0.9848998	-4.3342497e-17	0	300
1.2460000000000237e-10	0.16768678	-0.043579515	0.98477644	-4.3343268e-17	0	300
1.2470000000000235e-10	0.16835743	-0.043789554	0.9846528	-4.334404e-17	0	300
1.2480000000000232e-10	0.16902868	-0.04398986	0.98452896	-4.334479e-17	0	300
1.249000000000023e-10	0.1697004	-0.044180475	0.984405	-4.3345535e-17	0	300
1.2500000000000228e-10	0.17037244	-0.044361405	0.9842808	-4.3346276e-17	0	300
1.2510000000000226e-10	0.17104466	-0.044532694	0.98415655	-4.3347024e-17	0	300
1.2520000000000224e-10	0.17171697	-0.044694375	0.98403215	-4.334777e-17	0	300
1.2530000000000222e-10	0.17238922	-0.044846468	0.98390776	-4.3348503e-17	0	300
1.254000000000022e-10	0.17306128	-0.044989027	0.9837832	-4.3349244e-17	0	300
1.2550000000000218e-10	0.17373301	-0.045122076	0.98365873	-4.3349955e-17	0	300
1.2560000000000216e-10	0.17440432	-0.045245655	0.9835342	-4.3350683e-17	0	300
1.2570000000000214e-10	0.17507504	-0.045359805	0.98340976	-4.3351394e-17	0	300
1.2580000000000211e-10	0.17574508	-0.045464564	0.9832853	-4.335211e-17	0	300
1.259000000000021e-10	0.17641431	-0.04555998	0.98316115	-4.3352817e-17	0	300
1.2600000000000207e-10	0.17708257	-0.04564609	0.9830369	-4.335353e-17	0	300
1.2610000000000205e-10	0.1777498	-0.045722947	0.98291284	-4.335423e-17	0	300
1.2620000000000203e-10	0.17841583	-0.04579059	0.9827889	-4.3354908e-17	0	300
1.26300000000002e-10	0.17908056	-0.045849077	0.98266524	-4.335562e-17	0	300
1.26400000000002e-10	0.17974389	-0.045898452	0.9825417	-4.3356295e-17	0	300
1.2650000000000197e-10	0.18040566	-0.045938764	0.98241836	-4.335697e-17	0	300
1.2660000000000195e-10	0.18106578	-0.045970075	0.98229545	-4.335765e-17	0	300
1.2670000000000193e-10	0.18172415	-0.04599243	0.98217267	-4.3358326e-17	0	300
1.268000000000019e-10	0.18238063	-0.046005886	0.9820502	-4.3359004e-17	0	300
1.2690000000000188e-10	0.18303512	-0.0460105	0.98192805	-4.3359663e-17	0	300
1.2700000000000186e-10	0.18368751	-0.04600634	0.9818062	-4.3360318e-17	0	300
1.2710000000000184e-10	0.18433768	-0.045993447	0.9816848	-4.3360983e-17	0	300
1.2720000000000182e-10	0.18498552	-0.045971896	0.98156375	-4.3361635e-17	0	300
1.273000000000018e-10	0.18563092	-0.045941744	0.98144317	-4.3362283e-17	0	300
1.2740000000000178e-10	0.1862738	-0.045903053	0.98132306	-4.3362912e-17	0	300
1.2750000000000176e-10	0.18691403	-0.045855887	0.98120326	-4.3363567e-17	0	300
1.2760000000000174e-10	0.1875515	-0.04580032	0.98108405	-4.3364202e-17	0	300
1.2770000000000171e-10	0.18818614	-0.045736402	0.98096526	-4.3364828e-17	0	300
1.278000000000017e-10	0.1888178	-0.04566421	0.980847	-4.336546e-17	0	300
1.2790000000000167e-10	0.18944642	-0.045583818	0.9807294	-4.336608e-17	0	300
1.2800000000000165e-10	0.19007191	-0.045495294	0.98061216	-4.3366694e-17	0	300
1.2810000000000163e-10	0.19069412	-0.045398697	0.9804956	-4.3367313e-17	0	300
1.282000000000016e-10	0.19131301	-0.045294113	0.98037964	-4.3367925e-17	0	300
1.283000000000016e-10	0.19192845	-0.045181602	0.98026425	-4.3368537e-17	0	300
1.2840000000000157e-10	0.19254036	-0.045061246	0.9801495	-4.336914e-17	0	300
1.2850000000000155e-10	0.19314863	-0.04493312	0.98003554	-4.3369745e-17	0	300
1.2860000000000153e-10	0.19375318	-0.0447973	0.9799222	-4.3370327e-17	0	300
1.287000000000015e-10	0.19435392	-0.044653863	0.9798094	-4.337093e-17	0	300
1.2880000000000148e-10	0.19495076	-0.044502884	0.97969747	-4.3371515e-17	0	300
1.2890000000000146e-10	0.19554362	-0.04434444	0.9795862	-4.3372097e-17	0	300
1.2900000000000144e-10	0.19613242	-0.044178613	0.9794756	-4.337268e-17	0	300
1.2910000000000142e-10	0.19671708	-0.044005487	0.97936594	-4.337325e-17	0	300
1.292000000000014e-10	0.19729747	-0.043825135	0.9792569	-4.3373824e-17	0	300
1.2930000000000138e-10	0.19787356	-0.043637644	0.97914875	-4.3374397e-17	0	300
1.2940000000000136e-10	0.19844523	-0.0434431	0.9790414	-4.3374972e-17	0	300
1.2950000000000134e-10	0.19901246	-0.04324158	0.9789348	-4.3375518e-17	0	300
1.2960000000000132e-10	0.19957511	-0.043033168	0.97882926	-4.3376074e-17	0	300
1.297000000000013e-10	0.20013314	-0.042817947	0.97872436	-4.3376633e-17	0	300
1.2980000000000127e-10	0.20068644	-0.042596016	0.9786203	-4.3377196e-17	0	300
1.2990000000000125e-10	0.20123498	-0.04236745	0.9785174	-4.337774e-17	0	300
1.3000000000000123e-10	0.20177867	-0.042132333	0.9784152	-4.3378278e-17	0	300
1.301000000000012e-10	0.20231742	-0.041890763	0.97831404	-4.337882e-17	0	300
1.302000000000012e-10	0.20285119	-0.04164282	0.9782138	-4.337935e-17	0	300
1.3030000000000117e-10	0.2033799	-0.04138859	0.97811437	-4.3379896e-17	0	300
1.3040000000000115e-10	0.2039035	-0.04112817	0.978016	-4.3380412e-17	0	300
1.3050000000000113e-10	0.2044219	-0.040861648	0.9779186	-4.3380935e-17	0	300
1.306000000000011e-10	0.20493504	-0.040589117	0.9778222	-4.338146e-17	0	300
1.3070000000000108e-10	0.20544288	-0.04031066	0.9777269	-4.3381977e-17	0	300
1.3080000000000106e-10	0.20594531	-0.040026367	0.97763246	-4.3382506e-17	0	300
1.3090000000000104e-10	0.20644234	-0.03973634	0.97753906	-4.338302e-17	0	300
1.3100000000000102e-10	0.20693387	-0.039440665	0.97744673	-4.3383522e-17	0	300
1.31100000000001e-10	0.20741986	-0.039139442	0.97735566	-4.338402e-17	0	300
1.3120000000000098e-10	0.20790023	-0.03883275	0.97726536	-4.3384528e-17	0	300
1.3130000000000096e-10	0.20837495	-0.038520694	0.9771763	-4.3385018e-17	0	300
1.3140000000000094e-10	0.20884395	-0.038203362	0.97708815	-4.338552e-17	0	300
1.3150000000000092e-10	0.20930721	-0.03788085	0.97700137	-4.338601e-17	0	300
1.316000000000009e-10	0.20976464	-0.03755325	0.97691554	-4.33865e-17	0	300
1.3170000000000087e-10	0.21021624	-0.037220664	0.9768308	-4.3386986e-17	0	300
1.3180000000000085e-10	0.2106619	-0.03688318	0.9767472	-4.3387463e-17	0	300
1.3190000000000083e-10	0.21110164	-0.036540892	0.97666484	-4.338796e-17	0	300
1.320000000000008e-10	0.21153538	-0.0361939	0.9765836	-4.3388426e-17	0	300
1.321000000000008e-10	0.21196309	-0.0358423	0.97650343	-4.3388895e-17	0	300
1.3220000000000077e-10	0.21238473	-0.035486184	0.9764244	-4.338937e-17	0	300
1.3230000000000075e-10	0.21280022	-0.035125654	0.9763468	-4.338983e-17	0	300
1.3240000000000073e-10	0.21320958	-0.0347608	0.9762701	-4.3390292e-17	0	300
1.325000000000007e-10	0.21361275	-0.034391716	0.9761947	-4.339074e-17	0	300
1.3260000000000068e-10	0.2140097	-0.03401851	0.9761205	-4.3391218e-17	0	300
1.3270000000000066e-10	0.2144004	-0.03364127	0.97604746	-4.3391655e-17	0	300
1.3280000000000064e-10	0.2147848	-0.033260092	0.97597563	-4.3392115e-17	0	300
1.3290000000000062e-10	0.21516289	-0.03287508	0.9759051	-4.339257e-17	0	300
1.330000000000006e-10	0.21553461	-0.032486323	0.97583574	-4.3392998e-17	0	300
1.3310000000000058e-10	0.21589997	-0.032093924	0.9757676	-4.3393445e-17	0	300
1.3320000000000056e-10	0.21625893	-0.031697974	0.9757007	-4.339388e-17	0	300
1.3330000000000054e-10	0.21661144	-0.031298574	0.9756351	-4.3394315e-17	0	300
1.3340000000000052e-10	0.21695748	-0.030895822	0.9755707	-4.3394755e-17	0	300
1.335000000000005e-10	0.21729706	-0.030489812	0.9755076	-4.3395172e-17	0	300
1.3360000000000047e-10	0.21763015	-0.030080643	0.9754456	-4.3395606e-17	0	300
1.3370000000000045e-10	0.2179567	-0.029668408	0.97538507	-4.3396026e-17	0	300
1.3380000000000043e-10	0.21827674	-0.029253203	0.9753257	-4.339645e-17	0	300
1.339000000000004e-10	0.21859019	-0.028835135	0.97526765	-4.339686e-17	0	300
1.340000000000004e-10	0.21889709	-0.02841429	0.9752109	-4.339728e-17	0	300
1.3410000000000037e-10	0.21919739	-0.027990766	0.97515535	-4.339769e-17	0	300
1.3420000000000035e-10	0.21949108	-0.027564658	0.9751011	-4.3398097e-17	0	300
1.3430000000000033e-10	0.21977817	-0.027136074	0.9750482	-4.339851e-17	0	300
1.344000000000003e-10	0.22005863	-0.02670509	0.9749965	-4.3398914e-17	0	300
1.3450000000000029e-10	0.22033246	-0.02627182	0.97494614	-4.3399318e-17	0	300
1.3460000000000026e-10	0.22059964	-0.025836349	0.974897	-4.3399715e-17	0	300
1.3470000000000024e-10	0.22086018	-0.02539877	0.97484934	-4.3400112e-17	0	300
1.3480000000000022e-10	0.22111404	-0.024959188	0.97480285	-4.3400512e-17	0	300
1.349000000000002e-10	0.22136128	-0.02451769	0.9747576	-4.340089e-17	0	300
1.3500000000000018e-10	0.22160184	-0.024074374	0.9747138	-4.3401287e-17	0	300
1.3510000000000016e-10	0.22183573	-0.02362933	0.9746712	-4.3401664e-17	0	300
1.3520000000000014e-10	0.22206296	-0.023182658	0.9746299	-4.3402044e-17	0	300
1.3530000000000012e-10	0.22228348	-0.022734446	0.97458994	-4.3402435e-17	0	300
1.354000000000001e-10	0.22249737	-0.02228479	0.97455126	-4.3402802e-17	0	300
1.3550000000000007e-10	0.2227046	-0.021833783	0.9745139	-4.3403183e-17	0	300
1.3560000000000005e-10	0.22290519	-0.021381516	0.9744778	-4.3403553e-17	0	300
1.3570000000000003e-10	0.2230991	-0.020928083	0.974443	-4.340392e-17	0	300
1.358e-10	0.22328636	-0.020473573	0.97440964	-4.3404288e-17	0	300
1.3594999999999998e-10	0.2235548	-0.01978999	0.9743618	-4.340484e-17	0	300
1.3604999999999996e-10	0.22372551	-0.019333193	0.9743317	-4.3405194e-17	0	300
1.3614999999999994e-10	0.22388959	-0.018875634	0.9743027	-4.340556e-17	0	300
1.3624999999999992e-10	0.22404703	-0.018417409	0.974275	-4.3405916e-17	0	300
1.363499999999999e-10	0.22419794	-0.017958606	0.97424877	-4.340627e-17	0	300
1.3644999999999988e-10	0.22434223	-0.017499309	0.9742236	-4.3406637e-17	0	300
1.3654999999999985e-10	0.22447996	-0.017039616	0.9741999	-4.3406974e-17	0	300
1.3664999999999983e-10	0.22461113	-0.016579608	0.9741774	-4.3407335e-17	0	300
1.367499999999998e-10	0.2247358	-0.016119374	0.97415626	-4.3407676e-17	0	300
1.368499999999998e-10	0.22485393	-0.015659	0.9741363	-4.3408007e-17	0	300
1.3694999999999977e-10	0.22496559	-0.015198572	0.9741176	-4.340836e-17	0	300
1.3704999999999975e-10	0.22507077	-0.014738178	0.9741003	-4.3408688e-17	0	300
1.3714999999999973e-10	0.22516952	-0.014277902	0.9740843	-4.3409036e-17	0	300
1.372499999999997e-10	0.22526182	-0.01381783	0.9740693	-4.340936e-17	0	300
1.3734999999999969e-10	0.22534771	-0.013358046	0.97405577	-4.3409694e-17	0	300
1.3744999999999966e-10	0.22542723	-0.0128986295	0.9740434	-4.3410025e-17	0	300
1.3754999999999964e-10	0.22550038	-0.012439668	0.9740323	-4.3410356e-17	0	300
1.3764999999999962e-10	0.22556722	-0.011981241	0.9740225	-4.3410677e-17	0	300
1.377499999999996e-10	0.22562775	-0.011523433	0.9740138	-4.3411e-17	0	300
1.3784999999999958e-10	0.22568199	-0.011066322	0.9740065	-4.3411335e-17	0	300
1.3794999999999956e-10	0.22573002	-0.010609989	0.97400045	-4.341165e-17	0	300
1.3804999999999954e-10	0.22577181	-0.010154517	0.97399545	-4.3411967e-17	0	300
1.3814999999999952e-10	0.22580743	-0.009699981	0.97399175	-4.3412278e-17	0	300
1.382499999999995e-10	0.22583689	-0.009246462	0.97398925	-4.3412596e-17	0	300
1.3834999999999948e-10	0.22586024	-0.008794036	0.97398806	-4.3412917e-17	0	300
1.3844999999999945e-10	0.22587751	-0.00834278	0.97398794	-4.341322e-17	0	300
1.3854999999999943e-10	0.22588871	-0.007892772	0.9739891	-4.3413522e-17	0	300
1.386499999999994e-10	0.22589394	-0.007444086	0.9739914	-4.341383e-17	0	300
1.387499999999994e-10	0.22589314	-0.006996799	0.9739948	-4.3414128e-17	0	300
1.3884999999999937e-10	0.22588643	-0.006550983	0.9739994	-4.3414442e-17	0	300
1.3894999999999935e-10	0.22587383	-0.0061067133	0.9740053	-4.341473e-17	0	300
1.3904999999999933e-10	0.22585535	-0.005664061	0.9740122	-4.341504e-17	0	300
1.391499999999993e-10	0.22583106	-0.005223099	0.97402036	-4.341533e-17	0	300
1.3924999999999929e-10	0.22580096	-0.0047838977	0.97402954	-4.3415633e-17	0	300
1.3934999999999927e-10	0.22576517	-0.0043465286	0.97404	-4.341592e-17	0	300
1.3944999999999924e-10	0.22572364	-0.0039110603	0.97405154	-4.3416212e-17	0	300
1.3954999999999922e-10	0.22567648	-0.0034775634	0.974064	-4.3416497e-17	0	300
1.396499999999992e-10	0.2256237	-0.0030461045	0.9740778	-4.3416788e-17	0	300
1.3974999999999918e-10	0.22556534	-0.002616752	0.9740926	-4.3417073e-17	0	300
1.3984999999999916e-10	0.22550151	-0.002189571	0.97410846	-4.341736e-17	0	300
1.3994999999999914e-10	0.22543214	-0.0017646293	0.9741255	-4.3417635e-17	0	300
1.4004999999999912e-10	0.22535738	-0.0013419895	0.97414345	-4.341792e-17	0	300
1.401499999999991e-10	0.22527726	-0.00092171726	0.97416264	-4.3418198e-17	0	300
1.4024999999999908e-10	0.22519177	-0.00050387497	0.9741829	-4.3418475e-17	0	300
1.4034999999999906e-10	0.225101	-8.852559e-05	0.974204	-4.3418753e-17	0	300
1.4044999999999903e-10	0.22500503	0.000324269	0.97422624	-4.341902e-17	0	300
1.4054999999999901e-10	0.22490387	0.0007344489	0.97424954	-4.3419303e-17	0	300
1.40649999999999e-10	0.22479755	0.0011419537	0.9742738	-4.3419574e-17	0	300
1.4074999999999897e-10	0.22468616	0.0015467245	0.9742992	-4.341984e-17	0	300
1.4084999999999895e-10	0.22456974	0.0019487031	0.97432536	-4.34201e-17	0	300
1.4094999999999893e-10	0.22444835	0.002347832	0.9743525	-4.3420368e-17	0	300
1.410499999999989e-10	0.22432202	0.002744055	0.97438085	-4.3420633e-17	0	300
1.4114999999999889e-10	0.22419086	0.0031373163	0.97440994	-4.3420887e-17	0	300
1.4124999999999887e-10	0.22405484	0.0035275617	0.97444016	-4.3421155e-17	0	300
1.4134999999999884e-10	0.22391409	0.003914736	0.9744711	-4.342141e-17	0	300
1.4144999999999882e-10	0.22376862	0.004298788	0.9745031	-4.3421675e-17	0	300
1.415499999999988e-10	0.2236185	0.004679665	0.974536	-4.3421936e-17	0	300
1.4164999999999878e-10	0.2234638	0.005057316	0.9745699	-4.3422188e-17	0	300
1.4174999999999876e-10	0.22330457	0.0054316893	0.97460455	-4.3422446e-17	0	300
1.4184999999999874e-10	0.22314084	0.005802738	0.9746402	-4.3422694e-17	0	300
1.4194999999999872e-10	0.22297269	0.0061704125	0.97467655	-4.342296e-17	0	300
1.420499999999987e-10	0.2228002	0.006534665	0.9747139	-4.3423194e-17	0	300
1.4214999999999868e-10	0.2226234	0.0068954485	0.9747522	-4.342344e-17	0	300
1.4224999999999866e-10	0.22244233	0.0072527183	0.97479105	-4.3423683e-17	0	300
1.4234999999999863e-10	0.22225711	0.0076064304	0.974831	-4.342393e-17	0	300
1.4244999999999861e-10	0.22206774	0.007956538	0.9748716	-4.342417e-17	0	300
1.425499999999986e-10	0.22187433	0.0083030015	0.974913	-4.342442e-17	0	300
1.4264999999999857e-10	0.22167689	0.008645777	0.9749553	-4.3424656e-17	0	300
1.4274999999999855e-10	0.22147553	0.008984823	0.97499824	-4.3424894e-17	0	300
1.4284999999999853e-10	0.2212703	0.009320101	0.975042	-4.342514e-17	0	300
1.429499999999985e-10	0.22106121	0.009651571	0.9750865	-4.342536e-17	0	300
1.430499999999985e-10	0.2208484	0.009979192	0.9751317	-4.3425606e-17	0	300
1.4314999999999847e-10	0.22063185	0.010302932	0.9751777	-4.3425834e-17	0	300
1.4324999999999845e-10	0.2204117	0.010622751	0.9752245	-4.342607e-17	0	300
1.4334999999999842e-10	0.220188	0.010938615	0.9752719	-4.3426307e-17	0	300
1.434499999999984e-10	0.21996078	0.0112504875	0.9753199	-4.342654e-17	0	300
1.4354999999999838e-10	0.21973012	0.011558337	0.97536874	-4.342678e-17	0	300
1.4364999999999836e-10	0.21949607	0.01186213	0.97541803	-4.3426995e-17	0	300
1.4374999999999834e-10	0.21925873	0.012161834	0.9754683	-4.3427227e-17	0	300
1.4384999999999832e-10	0.21901812	0.01245742	0.9755188	-4.3427445e-17	0	300
1.439499999999983e-10	0.21877433	0.012748856	0.9755703	-4.3427667e-17	0	300
1.4404999999999828e-10	0.2185274	0.013036114	0.9756221	-4.342789e-17	0	300
1.4414999999999826e-10	0.21827745	0.013319167	0.9756747	-4.3428114e-17	0	300
1.4424999999999824e-10	0.21802449	0.013597986	0.97572786	-4.3428332e-17	0	300
1.4434999999999821e-10	0.21776865	0.013872545	0.9757815	-4.3428544e-17	0	300
1.444499999999982e-10	0.2175099	0.014142822	0.9758358	-4.342876e-17	0	300
1.4454999999999817e-10	0.21724837	0.0144087905	0.97589064	-4.3428984e-17	0	300
1.4464999999999815e-10	0.21698411	0.014670425	0.97594595	-4.3429186e-17	0	300
1.4474999999999813e-10	0.21671718	0.014927707	0.97600174	-4.3429414e-17	0	300
1.448499999999981e-10	0.21644768	0.015180613	0.97605807	-4.3429616e-17	0	300
1.449499999999981e-10	0.21617565	0.015429123	0.97611505	-4.342983e-17	0	300
1.4504999999999807e-10	0.2159011	0.015673216	0.97617227	-4.3430056e-17	0	300
1.4514999999999805e-10	0.21562421	0.015912876	0.9762301	-4.343026e-17	0	300
1.4524999999999803e-10	0.21534497	0.016148085	0.97628844	-4.3430466e-17	0	300
1.45349999999998e-10	0.21506344	0.016378824	0.9763471	-4.3430668e-17	0	300
1.4544999999999798e-10	0.21477975	0.016605077	0.9764062	-4.343089e-17	0	300
1.4554999999999796e-10	0.21449392	0.016826833	0.97646576	-4.3431088e-17	0	300
1.4564999999999794e-10	0.214206	0.017044071	0.9765258	-4.3431293e-17	0	300
1.4574999999999792e-10	0.2139161	0.017256785	0.976586	-4.3431495e-17	0	300
1.458499999999979e-10	0.21362424	0.017464962	0.9766467	-4.34317e-17	0	300
1.4594999999999788e-10	0.21333052	0.017668584	0.97670776	-4.3431892e-17	0	300
1.4604999999999786e-10	0.213035	0.017867647	0.97676927	-4.3432094e-17	0	300
1.4614999999999784e-10	0.21273777	0.01806214	0.976831	-4.343229e-17	0	300
1.4624999999999781e-10	0.21243884	0.018252054	0.976893	-4.343248e-17	0	300
1.463499999999978e-10	0.21213831	0.018437384	0.97695535	-4.343267e-17	0	300
1.4644999999999777e-10	0.21183625	0.018618118	0.9770181	-4.3432872e-17	0	300
1.4654999999999775e-10	0.21153271	0.018794253	0.977081	-4.3433077e-17	0	300
1.4664999999999773e-10	0.21122776	0.018965784	0.97714424	-4.3433265e-17	0	300
1.467499999999977e-10	0.21092145	0.019132705	0.9772078	-4.343346e-17	0	300
1.468499999999977e-10	0.2106139	0.019295014	0.97727144	-4.3433646e-17	0	300
1.4694999999999767e-10	0.21030512	0.01945271	0.9773354	-4.3433828e-17	0	300
1.4704999999999765e-10	0.20999518	0.019605791	0.9773995	-4.3434017e-17	0	300
1.4714999999999763e-10	0.20968416	0.019754253	0.97746396	-4.3434218e-17	0	300
1.472499999999976e-10	0.20937213	0.0198981	0.97752845	-4.34344e-17	0	300
1.4734999999999758e-10	0.20905918	0.020037336	0.9775932	-4.3434582e-17	0	300
1.4744999999999756e-10	0.2087453	0.020171952	0.9776581	-4.3434764e-17	0	300
1.4754999999999754e-10	0.20843062	0.02030196	0.9777232	-4.3434953e-17	0	300
1.4764999999999752e-10	0.20811516	0.020427363	0.9777883	-4.343514e-17	0	300
1.477499999999975e-10	0.207799	0.020548161	0.97785366	-4.343531e-17	0	300
1.4784999999999748e-10	0.20748222	0.020664362	0.9779191	-4.3435502e-17	0	300
1.4794999999999746e-10	0.20716488	0.020775974	0.9779847	-4.3435677e-17	0	300
1.4804999999999744e-10	0.20684701	0.020883	0.97805023	-4.3435846e-17	0	300
1.4814999999999742e-10	0.20652871	0.020985449	0.978116	-4.343603e-17	0	300
1.482499999999974e-10	0.20621002	0.02108333	0.9781817	-4.34362e-17	0	300
1.4834999999999737e-10	0.20589101	0.021176653	0.97824764	-4.3436392e-17	0	300
1.4844999999999735e-10	0.20557174	0.021265425	0.97831345	-4.3436544e-17	0	300
1.4854999999999733e-10	0.20525226	0.021349663	0.9783793	-4.343673e-17	0	300
1.486499999999973e-10	0.20493266	0.021429373	0.9784452	-4.343689e-17	0	300
1.487499999999973e-10	0.204613	0.021504564	0.97851115	-4.3437077e-17	0	300
1.4884999999999727e-10	0.20429331	0.02157526	0.97857696	-4.3437243e-17	0	300
1.4894999999999725e-10	0.20397365	0.02164147	0.9786428	-4.343741e-17	0	300
1.4904999999999723e-10	0.20365411	0.021703204	0.97870874	-4.3437577e-17	0	300
1.491499999999972e-10	0.20333472	0.021760486	0.97877455	-4.3437745e-17	0	300
1.4924999999999718e-10	0.20301555	0.021813327	0.9788403	-4.343791e-17	0	300
1.4934999999999716e-10	0.20269668	0.021861743	0.9789059	-4.3438066e-17	0	300
1.4944999999999714e-10	0.20237814	0.021905754	0.9789715	-4.3438252e-17	0	300
1.4954999999999712e-10	0.20206	0.021945378	0.979037	-4.3438407e-17	0	300
1.496499999999971e-10	0.2017423	0.021980634	0.9791024	-4.3438563e-17	0	300
1.4974999999999708e-10	0.20142512	0.022011539	0.97916776	-4.3438725e-17	0	300
1.4984999999999706e-10	0.20110852	0.022038117	0.97923285	-4.3438897e-17	0	300
1.4994999999999704e-10	0.20079254	0.022060392	0.9792979	-4.3439052e-17	0	300
1.5004999999999702e-10	0.20047721	0.02207838	0.97936267	-4.343921e-17	0	300
1.50149999999997e-10	0.20016265	0.022092106	0.9794275	-4.3439367e-17	0	300
1.5024999999999697e-10	0.19984885	0.022101592	0.97949207	-4.343954e-17	0	300
1.5034999999999695e-10	0.1995359	0.022106864	0.97955644	-4.3439684e-17	0	300
1.5044999999999693e-10	0.19922388	0.022107948	0.9796205	-4.3439837e-17	0	300
1.505499999999969e-10	0.19891277	0.022104863	0.9796846	-4.3439992e-17	0	300
1.506499999999969e-10	0.19860266	0.02209764	0.97974837	-4.3440148e-17	0	300
1.5074999999999687e-10	0.19829363	0.022086304	0.97981185	-4.34403e-17	0	300
1.5084999999999685e-10	0.19798571	0.022070881	0.9798752	-4.344045e-17	0	300
1.5094999999999683e-10	0.19767892	0.0220514	0.97993827	-4.34406e-17	0	300
1.510499999999968e-10	0.19737335	0.022027891	0.98000103	-4.3440756e-17	0	300
1.5114999999999678e-10	0.19706905	0.022000378	0.98006356	-4.3440895e-17	0	300
1.5124999999999676e-10	0.19676605	0.021968894	0.9801259	-4.3441044e-17	0	300
1.5134999999999674e-10	0.1964644	0.02193347	0.9801878	-4.344119e-17	0	300
1.5144999999999672e-10	0.19616418	0.021894133	0.9802495	-4.344134e-17	0	300
1.515499999999967e-10	0.1958654	0.021850916	0.9803109	-4.3441478e-17	0	300
1.5164999999999668e-10	0.19556811	0.02180385	0.9803721	-4.3441623e-17	0	300
1.5174999999999666e-10	0.19527237	0.021752968	0.98043275	-4.3441775e-17	0	300
1.5184999999999664e-10	0.19497825	0.021698302	0.98049325	-4.34419e-17	0	300
1.5194999999999662e-10	0.19468576	0.02163989	0.9805534	-4.3442063e-17	0	300
1.520499999999966e-10	0.19439495	0.021577757	0.98061305	-4.34422e-17	0	300
1.5214999999999657e-10	0.19410586	0.02151194	0.9806724	-4.344235e-17	0	300
1.5224999999999655e-10	0.19381857	0.02144248	0.9807315	-4.3442467e-17	0	300
1.5234999999999653e-10	0.19353308	0.021369409	0.9807902	-4.3442613e-17	0	300
1.524499999999965e-10	0.19324946	0.021292757	0.98084855	-4.344275e-17	0	300
1.525499999999965e-10	0.19296773	0.021212569	0.9809064	-4.3442897e-17	0	300
1.5264999999999647e-10	0.19268796	0.021128876	0.9809639	-4.3443036e-17	0	300
1.5274999999999645e-10	0.19241016	0.021041716	0.9810209	-4.3443172e-17	0	300
1.5284999999999643e-10	0.1921344	0.020951128	0.9810776	-4.34433e-17	0	300
1.529499999999964e-10	0.19186069	0.020857148	0.9811338	-4.3443427e-17	0	300
1.5304999999999639e-10	0.1915891	0.020759817	0.98118967	-4.3443565e-17	0	300
1.5314999999999636e-10	0.19131964	0.020659171	0.98124504	-4.344371e-17	0	300
1.5324999999999634e-10	0.19105236	0.020555252	0.98130006	-4.3443824e-17	0	300
1.5334999999999632e-10	0.1907873	0.020448096	0.9813545	-4.344396e-17	0	300
1.534499999999963e-10	0.19052452	0.020337744	0.9814085	-4.3444085e-17	0	300
1.5354999999999628e-10	0.19026399	0.020224242	0.98146206	-4.3444227e-17	0	300
1.5364999999999626e-10	0.19000581	0.020107623	0.9815151	-4.344434e-17	0	300
1.5374999999999624e-10	0.18975	0.019987931	0.98156774	-4.344448e-17	0	300
1.5384999999999622e-10	0.18949658	0.019865211	0.98161983	-4.3444594e-17	0	300
1.539499999999962e-10	0.18924558	0.019739494	0.98167145	-4.344472e-17	0	300
1.5404999999999617e-10	0.18899703	0.019610835	0.9817226	-4.344484e-17	0	300
1.5414999999999615e-10	0.188751	0.019479267	0.98177326	-4.3444985e-17	0	300
1.5424999999999613e-10	0.18850745	0.01934484	0.9818234	-4.3445107e-17	0	300
1.543499999999961e-10	0.18826652	0.01920759	0.98187286	-4.3445223e-17	0	300
1.544499999999961e-10	0.1880281	0.019067563	0.9819219	-4.3445352e-17	0	300
1.5454999999999607e-10	0.18779236	0.018924804	0.9819705	-4.3445468e-17	0	300
1.5464999999999605e-10	0.18755922	0.018779356	0.9820185	-4.344558e-17	0	300
1.5474999999999603e-10	0.18732877	0.01863126	0.982066	-4.34457e-17	0	300
1.54849999999996e-10	0.18710099	0.018480565	0.9821129	-4.3445812e-17	0	300
1.5494999999999599e-10	0.18687597	0.018327313	0.9821592	-4.344593e-17	0	300
1.5504999999999596e-10	0.1866537	0.018171545	0.9822049	-4.3446044e-17	0	300
1.5514999999999594e-10	0.18643418	0.018013313	0.9822502	-4.344617e-17	0	300
1.5524999999999592e-10	0.18621747	0.01785266	0.9822949	-4.344627e-17	0	300
1.553499999999959e-10	0.1860036	0.017689629	0.982339	-4.3446398e-17	0	300
1.5544999999999588e-10	0.18579257	0.017524265	0.9823825	-4.3446514e-17	0	300
1.5554999999999586e-10	0.1855844	0.017356616	0.98242545	-4.344663e-17	0	300
1.5564999999999584e-10	0.18537913	0.017186727	0.98246783	-4.344674e-17	0	300
1.5574999999999582e-10	0.18517676	0.017014643	0.98250955	-4.3446844e-17	0	300
1.558499999999958e-10	0.18497734	0.016840411	0.98255074	-4.3446964e-17	0	300
1.5594999999999578e-10	0.18478087	0.016664078	0.98259133	-4.3447063e-17	0	300
1.5604999999999575e-10	0.18458739	0.01648569	0.98263127	-4.3447172e-17	0	300
1.5614999999999573e-10	0.18439688	0.016305294	0.98267066	-4.3447288e-17	0	300
1.562499999999957e-10	0.18420938	0.016122933	0.9827094	-4.3447394e-17	0	300
1.563499999999957e-10	0.1840249	0.015938658	0.98274755	-4.3447516e-17	0	300
1.5644999999999567e-10	0.18384348	0.015752511	0.982785	-4.3447605e-17	0	300
1.5654999999999565e-10	0.1836651	0.015564548	0.98282194	-4.3447715e-17	0	300
1.5664999999999563e-10	0.1834898	0.015374803	0.98285836	-4.3447814e-17	0	300
1.567499999999956e-10	0.1833176	0.015183333	0.98289406	-4.3447926e-17	0	300
1.5684999999999559e-10	0.18314847	0.014990182	0.98292905	-4.3448026e-17	0	300
1.5694999999999557e-10	0.18298247	0.0147953965	0.98296344	-4.3448125e-17	0	300
1.5704999999999554e-10	0.1828196	0.014599023	0.9829973	-4.344823e-17	0	300
1.5714999999999552e-10	0.18265988	0.014401108	0.98303044	-4.344833e-17	0	300
1.572499999999955e-10	0.1825033	0.014201703	0.983063	-4.3448423e-17	0	300
1.5734999999999548e-10	0.18234986	0.01400085	0.98309493	-4.3448535e-17	0	300
1.5744999999999546e-10	0.18219963	0.013798597	0.9831261	-4.344864e-17	0	300
1.5754999999999544e-10	0.18205255	0.013594994	0.98315674	-4.3448744e-17	0	300
1.5764999999999542e-10	0.18190867	0.013390087	0.9831867	-4.3448833e-17	0	300
1.577499999999954e-10	0.18176797	0.01318392	0.98321605	-4.3448936e-17	0	300
1.5784999999999538e-10	0.18163046	0.012976543	0.9832447	-4.344902e-17	0	300
1.5794999999999535e-10	0.18149619	0.012768002	0.98327273	-4.344912e-17	0	300
1.5804999999999533e-10	0.18136512	0.012558345	0.98330015	-4.3449223e-17	0	300
1.581499999999953e-10	0.18123725	0.012347616	0.9833269	-4.344932e-17	0	300
1.582499999999953e-10	0.18111262	0.012135863	0.983353	-4.3449405e-17	0	300
1.5834999999999527e-10	0.18099123	0.011923133	0.98337835	-4.344951e-17	0	300
1.5844999999999525e-10	0.18087305	0.011709475	0.9834032	-4.3449604e-17	0	300
1.5854999999999523e-10	0.1807581	0.01149493	0.9834274	-4.3449693e-17	0	300
1.586499999999952e-10	0.1806464	0.0112795485	0.98345095	-4.3449792e-17	0	300
1.5874999999999519e-10	0.18053794	0.011063375	0.9834738	-4.344988e-17	0	300
1.5884999999999517e-10	0.18043269	0.010846456	0.9834959	-4.3449968e-17	0	300
1.5894999999999514e-10	0.1803307	0.010628836	0.9835174	-4.3450057e-17	0	300
1.5904999999999512e-10	0.18023193	0.010410562	0.9835384	-4.3450143e-17	0	300
1.591499999999951e-10	0.18013637	0.010191683	0.9835586	-4.3450246e-17	0	300
1.5924999999999508e-10	0.18004408	0.009972236	0.98357826	-4.345033e-17	0	300
1.5934999999999506e-10	0.179955	0.0097522745	0.98359716	-4.3450418e-17	0	300
1.5944999999999504e-10	0.17986916	0.009531839	0.9836154	-4.3450504e-17	0	300
1.5954999999999502e-10	0.17978655	0.009310975	0.9836331	-4.3450573e-17	0	300
1.59649999999995e-10	0.17970714	0.009089729	0.9836501	-4.345069e-17	0	300
1.5974999999999498e-10	0.17963094	0.008868145	0.9836665	-4.345076e-17	0	300
1.5984999999999496e-10	0.17955795	0.008646265	0.9836822	-4.3450838e-17	0	300
1.5994999999999493e-10	0.17948815	0.008424135	0.9836972	-4.345093e-17	0	300
1.6004999999999491e-10	0.17942159	0.008201799	0.9837116	-4.3451007e-17	0	300
1.601499999999949e-10	0.17935817	0.007979301	0.9837254	-4.3451096e-17	0	300
1.6024999999999487e-10	0.17929795	0.0077566826	0.98373854	-4.3451172e-17	0	300
1.6034999999999485e-10	0.1792409	0.0075339875	0.9837511	-4.345126e-17	0	300
1.6044999999999483e-10	0.17918703	0.007311259	0.9837631	-4.3451354e-17	0	300
1.605499999999948e-10	0.17913628	0.0070885406	0.9837742	-4.3451434e-17	0	300
1.606499999999948e-10	0.1790887	0.006865873	0.9837849	-4.3451523e-17	0	300
1.6074999999999477e-10	0.17904425	0.0066432995	0.98379487	-4.345159e-17	0	300
1.6084999999999475e-10	0.17900291	0.0064208605	0.9838042	-4.3451662e-17	0	300
1.6094999999999472e-10	0.17896467	0.006198599	0.9838129	-4.3451755e-17	0	300
1.610499999999947e-10	0.17892957	0.005976556	0.98382103	-4.3451824e-17	0	300
1.6114999999999468e-10	0.17889751	0.0057547726	0.9838285	-4.3451903e-17	0	300
1.6124999999999466e-10	0.17886853	0.005533288	0.98383534	-4.3451986e-17	0	300
1.6134999999999464e-10	0.17884263	0.005312143	0.98384166	-4.3452052e-17	0	300
1.6144999999999462e-10	0.17881978	0.005091379	0.9838473	-4.345213e-17	0	300
1.615499999999946e-10	0.17879994	0.0048710336	0.9838523	-4.34522e-17	0	300
1.6164999999999458e-10	0.17878312	0.004651148	0.9838568	-4.345227e-17	0	300
1.6174999999999456e-10	0.17876928	0.004431761	0.9838606	-4.3452357e-17	0	300
1.6184999999999453e-10	0.17875846	0.0042129103	0.9838638	-4.3452416e-17	0	300
1.6194999999999451e-10	0.17875056	0.0039946344	0.9838664	-4.34525e-17	0	300
1.620499999999945e-10	0.17874564	0.0037769717	0.9838685	-4.3452592e-17	0	300
1.6214999999999447e-10	0.17874363	0.0035599594	0.98387	-4.3452655e-17	0	300
1.6224999999999445e-10	0.17874457	0.0033436352	0.9838708	-4.345272e-17	0	300
1.6234999999999443e-10	0.17874838	0.0031280362	0.9838712	-4.345281e-17	0	300
1.624499999999944e-10	0.17875504	0.0029131982	0.98387086	-4.3452876e-17	0	300
1.625499999999944e-10	0.17876461	0.0026991582	0.9838699	-4.3452942e-17	0	300
1.6264999999999437e-10	0.178777	0.0024859514	0.9838685	-4.3453012e-17	0	300
1.6274999999999435e-10	0.17879218	0.0022736124	0.98386645	-4.3453088e-17	0	300
1.6284999999999432e-10	0.1788102	0.0020621782	0.983864	-4.3453157e-17	0	300
1.629499999999943e-10	0.17883095	0.0018516816	0.98386085	-4.3453224e-17	0	300
1.6304999999999428e-10	0.17885448	0.0016421579	0.98385715	-4.345328e-17	0	300
1.6314999999999426e-10	0.17888074	0.0014336405	0.9838529	-4.3453353e-17	0	300
1.6324999999999424e-10	0.17890972	0.0012261628	0.98384815	-4.3453435e-17	0	300
1.6334999999999422e-10	0.17894134	0.0010197574	0.98384285	-4.3453508e-17	0	300
1.634499999999942e-10	0.17897567	0.00081445766	0.9838371	-4.3453578e-17	0	300
1.6354999999999418e-10	0.17901263	0.00061029533	0.98383063	-4.3453624e-17	0	300
1.6364999999999416e-10	0.1790522	0.00040730208	0.9838238	-4.3453703e-17	0	300
1.6374999999999414e-10	0.17909437	0.00020550954	0.9838163	-4.3453773e-17	0	300
1.6384999999999411e-10	0.17913911	4.948204e-06	0.9838084	-4.3453826e-17	0	300
1.639499999999941e-10	0.17918639	-0.00019435139	0.9837998	-4.3453905e-17	0	300
1.6404999999999407e-10	0.17923617	-0.00039235916	0.98379093	-4.3453965e-17	0	300
1.6414999999999405e-10	0.17928849	-0.00058904535	0.98378146	-4.3454028e-17	0	300
1.6424999999999403e-10	0.17934325	-0.00078438106	0.9837716	-4.345409e-17	0	300
1.64349999999994e-10	0.17940043	-0.0009783376	0.98376113	-4.3454137e-17	0	300
1.64449999999994e-10	0.17946006	-0.0011708864	0.9837503	-4.3454226e-17	0	300
1.6454999999999397e-10	0.17952208	-0.0013620004	0.9837388	-4.3454286e-17	0	300
1.6464999999999395e-10	0.17958644	-0.0015516513	0.9837269	-4.3454335e-17	0	300
1.6474999999999393e-10	0.17965315	-0.0017398129	0.9837145	-4.3454398e-17	0	300
1.648499999999939e-10	0.17972218	-0.0019264582	0.9837017	-4.3454464e-17	0	300
1.6494999999999388e-10	0.17979346	-0.0021115618	0.9836884	-4.3454537e-17	0	300
1.6504999999999386e-10	0.179867	-0.0022950978	0.98367476	-4.3454584e-17	0	300
1.6514999999999384e-10	0.17994279	-0.0024770414	0.9836605	-4.3454653e-17	0	300
1.6524999999999382e-10	0.18002075	-0.0026573683	0.9836459	-4.345472e-17	0	300
1.653499999999938e-10	0.18010089	-0.0028360535	0.9836308	-4.3454772e-17	0	300
1.6544999999999378e-10	0.18018316	-0.003013074	0.9836153	-4.3454825e-17	0	300
1.6554999999999376e-10	0.18026753	-0.0031884061	0.9835994	-4.3454908e-17	0	300
1.6564999999999374e-10	0.18035397	-0.0033620275	0.98358303	-4.3454954e-17	0	300
1.6574999999999371e-10	0.18044248	-0.003533916	0.9835664	-4.3455014e-17	0	300
1.658499999999937e-10	0.18053302	-0.0037040499	0.9835491	-4.345507e-17	0	300
1.6594999999999367e-10	0.18062553	-0.0038724076	0.98353165	-4.3455123e-17	0	300
1.6604999999999365e-10	0.18072	-0.0040389686	0.9835137	-4.3455192e-17	0	300
1.6614999999999363e-10	0.18081638	-0.004203712	0.98349535	-4.3455255e-17	0	300
1.662499999999936e-10	0.1809147	-0.004366619	0.9834766	-4.3455295e-17	0	300
1.663499999999936e-10	0.1810149	-0.0045276694	0.9834575	-4.3455348e-17	0	300
1.6644999999999357e-10	0.18111688	-0.0046868436	0.98343796	-4.345541e-17	0	300
1.6654999999999355e-10	0.18122068	-0.004844125	0.9834181	-4.3455467e-17	0	300
1.6664999999999353e-10	0.1813263	-0.004999494	0.98339796	-4.345553e-17	0	300
1.667499999999935e-10	0.18143359	-0.005152935	0.98337746	-4.3455573e-17	0	300
1.6684999999999348e-10	0.18154265	-0.005304429	0.9833565	-4.3455636e-17	0	300
1.6694999999999346e-10	0.18165337	-0.005453961	0.98333526	-4.345569e-17	0	300
1.6704999999999344e-10	0.18176574	-0.005601514	0.9833137	-4.3455738e-17	0	300
1.6714999999999342e-10	0.18187971	-0.0057470733	0.9832918	-4.345579e-17	0	300
1.672499999999934e-10	0.18199529	-0.0058906227	0.9832696	-4.345584e-17	0	300
1.6734999999999338e-10	0.18211243	-0.006032149	0.9832471	-4.3455897e-17	0	300
1.6744999999999336e-10	0.18223104	-0.006171637	0.98322415	-4.3455957e-17	0	300
1.6754999999999334e-10	0.18235117	-0.0063090743	0.9832011	-4.345601e-17	0	300
1.6764999999999332e-10	0.18247278	-0.0064444463	0.98317754	-4.345607e-17	0	300
1.677499999999933e-10	0.18259576	-0.0065777414	0.98315394	-4.345612e-17	0	300
1.6784999999999327e-10	0.18272018	-0.0067089475	0.9831298	-4.3456165e-17	0	300
1.6794999999999325e-10	0.18284592	-0.006838052	0.9831055	-4.3456218e-17	0	300
1.6804999999999323e-10	0.18297301	-0.0069650454	0.983081	-4.345627e-17	0	300
1.681499999999932e-10	0.18310142	-0.0070899148	0.9830561	-4.3456324e-17	0	300
1.682499999999932e-10	0.18323104	-0.007212651	0.98303115	-4.3456374e-17	0	300
1.6834999999999317e-10	0.18336192	-0.007333244	0.98300576	-4.3456417e-17	0	300
1.6844999999999315e-10	0.18349397	-0.007451685	0.98298025	-4.3456466e-17	0	300
1.6854999999999313e-10	0.18362719	-0.0075679645	0.98295444	-4.3456516e-17	0	300
1.686499999999931e-10	0.18376155	-0.0076820757	0.9829283	-4.3456572e-17	0	300
1.6874999999999308e-10	0.18389702	-0.007794008	0.98290217	-4.3456622e-17	0	300
1.6884999999999306e-10	0.18403354	-0.007903757	0.9828757	-4.3456668e-17	0	300
1.6894999999999304e-10	0.18417108	-0.008011312	0.982849	-4.3456724e-17	0	300
1.6904999999999302e-10	0.18430962	-0.008116671	0.982822	-4.3456757e-17	0	300
1.69149999999993e-10	0.18444915	-0.008219824	0.98279494	-4.345681e-17	0	300
1.6924999999999298e-10	0.1845896	-0.008320767	0.9827676	-4.3456857e-17	0	300
1.6934999999999296e-10	0.18473095	-0.008419496	0.98274016	-4.345691e-17	0	300
1.6944999999999294e-10	0.18487316	-0.008516005	0.9827125	-4.3456956e-17	0	300
1.6954999999999292e-10	0.18501621	-0.0086102905	0.98268473	-4.3456992e-17	0	300
1.696499999999929e-10	0.18516007	-0.008702348	0.9826568	-4.345705e-17	0	300
1.6974999999999287e-10	0.1853047	-0.008792173	0.98262864	-4.34571e-17	0	300
1.6984999999999285e-10	0.18545006	-0.008879767	0.9826003	-4.345713e-17	0	300
1.6994999999999283e-10	0.18559614	-0.008965122	0.9825718	-4.3457187e-17	0	300
1.700499999999928e-10	0.1857429	-0.00904824	0.98254323	-4.3457234e-17	0	300
1.701499999999928e-10	0.18589029	-0.009129117	0.9825145	-4.3457287e-17	0	300
1.7024999999999277e-10	0.18603829	-0.009207755	0.98248565	-4.3457323e-17	0	300
1.7034999999999275e-10	0.18618685	-0.009284151	0.9824567	-4.3457363e-17	0	300
1.7044999999999273e-10	0.18633598	-0.009358304	0.9824276	-4.3457403e-17	0	300
1.705499999999927e-10	0.18648562	-0.009430216	0.98239845	-4.345746e-17	0	300
1.7064999999999268e-10	0.18663576	-0.009499887	0.9823691	-4.34575e-17	0	300
1.7074999999999266e-10	0.18678632	-0.0095673185	0.98233974	-4.3457558e-17	0	300
1.7084999999999264e-10	0.1869373	-0.009632511	0.9823103	-4.3457585e-17	0	300
1.7094999999999262e-10	0.18708868	-0.009695467	0.9822807	-4.3457637e-17	0	300
1.710499999999926e-10	0.18724042	-0.009756189	0.9822511	-4.345767e-17	0	300
1.7114999999999258e-10	0.18739249	-0.009814679	0.9822213	-4.3457714e-17	0	300
1.7124999999999256e-10	0.18754485	-0.009870941	0.9821916	-4.3457757e-17	0	300
1.7134999999999254e-10	0.18769747	-0.009924977	0.98216164	-4.34578e-17	0	300
1.7144999999999252e-10	0.18785033	-0.009976793	0.98213184	-4.3457836e-17	0	300
1.715499999999925e-10	0.18800339	-0.010026392	0.98210186	-4.3457892e-17	0	300
1.7164999999999247e-10	0.18815663	-0.010073778	0.982072	-4.3457932e-17	0	300
1.7174999999999245e-10	0.18831001	-0.010118958	0.9820419	-4.345796e-17	0	300
1.7184999999999243e-10	0.18846351	-0.010161935	0.98201185	-4.3458015e-17	0	300
1.719499999999924e-10	0.18861705	-0.010202719	0.9819819	-4.3458044e-17	0	300
1.720499999999924e-10	0.1887707	-0.010241312	0.98195183	-4.3458084e-17	0	300
1.7214999999999237e-10	0.18892434	-0.010277723	0.9819217	-4.3458134e-17	0	300
1.7224999999999235e-10	0.18907799	-0.010311957	0.98189163	-4.3458173e-17	0	300
1.7234999999999233e-10	0.1892316	-0.010344025	0.98186153	-4.3458207e-17	0	300
1.724499999999923e-10	0.18938516	-0.01037393	0.98183143	-4.345825e-17	0	300
1.7254999999999229e-10	0.1895386	-0.010401683	0.98180133	-4.3458296e-17	0	300
1.7264999999999226e-10	0.18969193	-0.010427292	0.98177135	-4.3458326e-17	0	300
1.7274999999999224e-10	0.18984511	-0.010450767	0.9817413	-4.3458362e-17	0	300
1.7284999999999222e-10	0.18999812	-0.010472115	0.98171127	-4.345841e-17	0	300
1.729499999999922e-10	0.19015095	-0.010491347	0.98168135	-4.3458448e-17	0	300
1.7304999999999218e-10	0.1903035	-0.01050847	0.9816515	-4.345848e-17	0	300
1.7314999999999216e-10	0.19045581	-0.010523499	0.9816216	-4.3458524e-17	0	300
1.7324999999999214e-10	0.19060785	-0.010536442	0.98159176	-4.3458554e-17	0	300
1.7334999999999212e-10	0.19075955	-0.010547308	0.98156196	-4.34586e-17	0	300
1.734499999999921e-10	0.19091094	-0.010556109	0.9815323	-4.3458633e-17	0	300
1.7354999999999207e-10	0.19106193	-0.0105628595	0.9815027	-4.3458666e-17	0	300
1.7364999999999205e-10	0.19121253	-0.010567568	0.98147315	-4.3458716e-17	0	300
1.7374999999999203e-10	0.19136274	-0.010570249	0.98144364	-4.3458746e-17	0	300
1.73849999999992e-10	0.19151248	-0.010570912	0.9814143	-4.3458786e-17	0	300
1.73949999999992e-10	0.19166175	-0.010569572	0.98138493	-4.345882e-17	0	300
1.7404999999999197e-10	0.19181053	-0.010566242	0.98135567	-4.3458855e-17	0	300
1.7414999999999195e-10	0.19195879	-0.0105609335	0.9813266	-4.3458895e-17	0	300
1.7424999999999193e-10	0.19210652	-0.010553662	0.9812977	-4.3458918e-17	0	300
1.743499999999919e-10	0.19225365	-0.01054444	0.98126864	-4.345896e-17	0	300
1.7444999999999189e-10	0.19240019	-0.010533282	0.98123986	-4.345899e-17	0	300
1.7454999999999186e-10	0.19254613	-0.010520204	0.9812112	-4.345903e-17	0	300
1.7464999999999184e-10	0.19269142	-0.010505218	0.9811827	-4.345906e-17	0	300
1.7474999999999182e-10	0.19283605	-0.01048834	0.9811543	-4.3459093e-17	0	300
1.748499999999918e-10	0.19297996	-0.010469586	0.98112595	-4.345914e-17	0	300
1.7494999999999178e-10	0.1931232	-0.010448971	0.98109776	-4.345917e-17	0	300
1.7504999999999176e-10	0.19326568	-0.010426511	0.98106974	-4.3459202e-17	0	300
1.7514999999999174e-10	0.19340742	-0.010402221	0.98104185	-4.3459246e-17	0	300
1.7524999999999172e-10	0.19354838	-0.010376118	0.98101413	-4.3459262e-17	0	300
1.753499999999917e-10	0.19368856	-0.01034822	0.9809866	-4.34593e-17	0	300
1.7544999999999168e-10	0.19382787	-0.01031854	0.98095924	-4.345933e-17	0	300
1.7554999999999165e-10	0.19396636	-0.010287097	0.980932	-4.345936e-17	0	300
1.7564999999999163e-10	0.194104	-0.01025391	0.9809049	-4.345939e-17	0	300
1.757499999999916e-10	0.19424075	-0.010218993	0.980878	-4.345943e-17	0	300
1.758499999999916e-10	0.19437657	-0.010182367	0.98085123	-4.345947e-17	0	300
1.7594999999999157e-10	0.19451152	-0.010144046	0.98082477	-4.345949e-17	0	300
1.7604999999999155e-10	0.1946455	-0.010104049	0.98079836	-4.3459523e-17	0	300
1.7614999999999153e-10	0.1947785	-0.0100623965	0.98077226	-4.3459563e-17	0	300
1.762499999999915e-10	0.19491054	-0.010019105	0.9807462	-4.345958e-17	0	300
1.7634999999999149e-10	0.19504157	-0.009974194	0.98072046	-4.345962e-17	0	300
1.7644999999999147e-10	0.19517158	-0.009927682	0.98069483	-4.3459636e-17	0	300
1.7654999999999144e-10	0.19530055	-0.009879586	0.9806695	-4.3459676e-17	0	300
1.7664999999999142e-10	0.19542848	-0.009829927	0.98064435	-4.3459715e-17	0	300
1.767499999999914e-10	0.19555533	-0.009778726	0.9806193	-4.3459752e-17	0	300
1.7684999999999138e-10	0.19568111	-0.009726	0.98059446	-4.345978e-17	0	300
1.7694999999999136e-10	0.19580576	-0.009671769	0.98056996	-4.3459798e-17	0	300
1.7704999999999134e-10	0.19592929	-0.009616053	0.98054564	-4.345983e-17	0	300
1.7714999999999132e-10	0.19605169	-0.009558872	0.9805215	-4.345985e-17	0	300
1.772499999999913e-10	0.19617292	-0.009500246	0.9804976	-4.3459904e-17	0	300
1.7734999999999128e-10	0.196293	-0.009440196	0.98047405	-4.3459917e-17	0	300
1.7744999999999126e-10	0.19641186	-0.009378739	0.98045063	-4.3459957e-17	0	300
1.7754999999999123e-10	0.19652957	-0.0093159005	0.98042744	-4.3459983e-17	0	300
1.7764999999999121e-10	0.19664603	-0.009251699	0.98040456	-4.3460003e-17	0	300
1.777499999999912e-10	0.19676128	-0.009186153	0.98038185	-4.3460026e-17	0	300
1.7784999999999117e-10	0.19687529	-0.009119287	0.9803594	-4.3460063e-17	0	300
1.7794999999999115e-10	0.19698802	-0.009051119	0.98033714	-4.3460093e-17	0	300
1.7804999999999113e-10	0.19709949	-0.008981673	0.9803152	-4.3460126e-17	0	300
1.781499999999911e-10	0.1972097	-0.008910967	0.9802935	-4.346015e-17	0	300
1.7824999999999109e-10	0.19731858	-0.008839025	0.98027205	-4.3460165e-17	0	300
1.7834999999999107e-10	0.19742617	-0.008765866	0.98025084	-4.3460202e-17	0	300
1.7844999999999104e-10	0.19753245	-0.008691514	0.98022985	-4.3460238e-17	0	300
1.7854999999999102e-10	0.19763738	-0.008615989	0.9802092	-4.3460255e-17	0	300
1.78649999999991e-10	0.19774097	-0.008539313	0.9801889	-4.3460275e-17	0	300
1.7874999999999098e-10	0.1978432	-0.008461508	0.98016864	-4.3460314e-17	0	300
1.7884999999999096e-10	0.19794407	-0.008382596	0.98014885	-4.346034e-17	0	300
1.7894999999999094e-10	0.19804358	-0.008302598	0.98012924	-4.3460357e-17	0	300
1.7904999999999092e-10	0.1981417	-0.008221536	0.98010975	-4.346039e-17	0	300
1.791499999999909e-10	0.19823842	-0.008139433	0.98009086	-4.346041e-17	0	300
1.7924999999999088e-10	0.19833374	-0.00805631	0.9800721	-4.3460443e-17	0	300
1.7934999999999086e-10	0.19842765	-0.00797219	0.9800536	-4.346047e-17	0	300
1.7944999999999083e-10	0.19852012	-0.007887094	0.98003536	-4.34605e-17	0	300
1.7954999999999081e-10	0.19861117	-0.0078010466	0.98001736	-4.346052e-17	0	300
1.796499999999908e-10	0.1987008	-0.0077140667	0.9799997	-4.346054e-17	0	300
1.7974999999999077e-10	0.19878894	-0.0076261787	0.9799824	-4.3460562e-17	0	300
1.7984999999999075e-10	0.19887568	-0.007537404	0.97996527	-4.3460592e-17	0	300
1.7994999999999073e-10	0.19896092	-0.0074477657	0.9799485	-4.3460615e-17	0	300
1.800499999999907e-10	0.19904469	-0.007357286	0.97993207	-4.3460642e-17	0	300
1.801499999999907e-10	0.19912702	-0.007265986	0.97991586	-4.3460658e-17	0	300
1.8024999999999067e-10	0.19920783	-0.0071738907	0.97989994	-4.346068e-17	0	300
1.8034999999999065e-10	0.19928718	-0.0070810197	0.9798842	-4.3460708e-17	0	300
1.8044999999999062e-10	0.19936503	-0.0069873957	0.9798689	-4.3460734e-17	0	300
1.805499999999906e-10	0.19944137	-0.006893044	0.9798539	-4.3460758e-17	0	300
1.8064999999999058e-10	0.19951624	-0.006797983	0.9798392	-4.3460787e-17	0	300
1.8074999999999056e-10	0.1995896	-0.0067022378	0.9798248	-4.3460797e-17	0	300
1.8084999999999054e-10	0.19966143	-0.0066058296	0.9798106	-4.3460834e-17	0	300
1.8094999999999052e-10	0.19973175	-0.0065087816	0.9797968	-4.3460854e-17	0	300
1.810499999999905e-10	0.19980055	-0.0064111147	0.97978324	-4.3460883e-17	0	300
1.8114999999999048e-10	0.19986784	-0.0063128513	0.97977006	-4.3460906e-17	0	300
1.8124999999999046e-10	0.19993359	-0.0062140157	0.9797571	-4.346092e-17	0	300
1.8134999999999044e-10	0.19999781	-0.0061146277	0.97974443	-4.3460946e-17	0	300
1.8144999999999041e-10	0.20006052	-0.006014711	0.97973204	-4.3460976e-17	0	300
1.815499999999904e-10	0.2001217	-0.0059142867	0.9797201	-4.3460993e-17	0	300
1.8164999999999037e-10	0.20018134	-0.0058133784	0.9797084	-4.346101e-17	0	300
1.8174999999999035e-10	0.20023943	-0.0057120062	0.979697	-4.3461026e-17	0	300
1.8184999999999033e-10	0.20029598	-0.005610193	0.9796858	-4.3461042e-17	0	300
1.819499999999903e-10	0.20035098	-0.0055079614	0.979675	-4.346107e-17	0	300
1.820499999999903e-10	0.20040448	-0.005405333	0.97966456	-4.34611e-17	0	300
1.8214999999999027e-10	0.20045643	-0.005302328	0.9796543	-4.3461118e-17	0	300
1.8224999999999025e-10	0.20050684	-0.00519897	0.9796444	-4.346114e-17	0	300
1.8234999999999022e-10	0.20055568	-0.00509528	0.9796349	-4.3461168e-17	0	300
1.824499999999902e-10	0.200603	-0.004991279	0.9796256	-4.3461168e-17	0	300
1.8254999999999018e-10	0.20064881	-0.00488699	0.97961664	-4.34612e-17	0	300
1.8264999999999016e-10	0.20069307	-0.004782433	0.9796079	-4.3461218e-17	0	300
1.8274999999999014e-10	0.20073578	-0.00467763	0.97959954	-4.3461244e-17	0	300
1.8284999999999012e-10	0.20077696	-0.004572602	0.9795915	-4.3461267e-17	0	300
1.829499999999901e-10	0.2008166	-0.004467371	0.9795837	-4.3461277e-17	0	300
1.8304999999999008e-10	0.20085473	-0.0043619564	0.97957623	-4.3461304e-17	0	300
1.8314999999999006e-10	0.20089133	-0.0042563807	0.97956914	-4.3461317e-17	0	300
1.8324999999999004e-10	0.20092641	-0.004150664	0.9795623	-4.346134e-17	0	300
1.8334999999999001e-10	0.20095998	-0.0040448275	0.9795557	-4.346136e-17	0	300
1.8344999999999e-10	0.200992	-0.003938892	0.9795495	-4.3461373e-17	0	300
1.8354999999998997e-10	0.2010225	-0.0038328771	0.9795435	-4.3461403e-17	0	300
1.8364999999998995e-10	0.2010515	-0.0037268037	0.97953784	-4.3461413e-17	0	300
1.8374999999998993e-10	0.20107903	-0.0036206923	0.97953254	-4.3461426e-17	0	300
1.838499999999899e-10	0.20110503	-0.003514563	0.97952753	-4.346145e-17	0	300
1.839499999999899e-10	0.20112953	-0.003408436	0.97952276	-4.3461476e-17	0	300
1.8404999999998987e-10	0.2011525	-0.0033023306	0.9795182	-4.34615e-17	0	300
1.8414999999998985e-10	0.20117405	-0.0031962676	0.97951406	-4.3461512e-17	0	300
1.8424999999998983e-10	0.20119408	-0.0030902657	0.97951025	-4.346153e-17	0	300
1.843499999999898e-10	0.20121263	-0.002984345	0.97950673	-4.346155e-17	0	300
1.8444999999998978e-10	0.20122974	-0.0028785248	0.9795034	-4.346156e-17	0	300
1.8454999999998976e-10	0.20124534	-0.0027728244	0.97950053	-4.346159e-17	0	300
1.8464999999998974e-10	0.20125952	-0.0026672632	0.9794978	-4.3461588e-17	0	300
1.8474999999998972e-10	0.20127222	-0.002561859	0.97949535	-4.3461618e-17	0	300
1.848499999999897e-10	0.2012835	-0.0024566317	0.9794933	-4.3461648e-17	0	300
1.8494999999998968e-10	0.20129332	-0.0023516004	0.9794914	-4.346167e-17	0	300
1.8504999999998966e-10	0.20130171	-0.0022467822	0.9794898	-4.3461674e-17	0	300
1.8514999999998964e-10	0.20130868	-0.0021421965	0.9794886	-4.346169e-17	0	300
1.8524999999998962e-10	0.20131424	-0.0020378614	0.9794876	-4.346171e-17	0	300
1.853499999999896e-10	0.20131838	-0.0019337944	0.9794869	-4.3461737e-17	0	300
1.8544999999998957e-10	0.20132113	-0.0018300136	0.9794865	-4.346175e-17	0	300
1.8554999999998955e-10	0.20132247	-0.001726537	0.9794863	-4.3461757e-17	0	300
1.8564999999998953e-10	0.20132244	-0.001623382	0.97948647	-4.3461777e-17	0	300
1.857499999999895e-10	0.201321	-0.0015205656	0.9794868	-4.34618e-17	0	300
1.858499999999895e-10	0.20131826	-0.0014181058	0.97948754	-4.34618e-17	0	300
1.8594999999998947e-10	0.2013141	-0.0013160188	0.97948855	-4.3461826e-17	0	300
1.8604999999998945e-10	0.20130861	-0.0012143217	0.9794897	-4.3461846e-17	0	300
1.8614999999998943e-10	0.20130181	-0.0011130314	0.97949123	-4.3461856e-17	0	300
1.862499999999894e-10	0.20129365	-0.0010121644	0.9794929	-4.3461873e-17	0	300
1.8634999999998938e-10	0.20128419	-0.0009117367	0.97949487	-4.3461902e-17	0	300
1.8644999999998936e-10	0.2012734	-0.0008117644	0.97949713	-4.346192e-17	0	300
1.8654999999998934e-10	0.20126134	-0.0007122637	0.97949964	-4.3461926e-17	0	300
1.8664999999998932e-10	0.20124796	-0.00061325025	0.9795025	-4.346194e-17	0	300
1.867499999999893e-10	0.20123331	-0.0005147395	0.9795055	-4.3461955e-17	0	300
1.8684999999998928e-10	0.2012174	-0.00041674712	0.9795088	-4.3461975e-17	0	300
1.8694999999998926e-10	0.2012002	-0.000319288	0.9795124	-4.346197e-17	0	300
1.8704999999998924e-10	0.2011818	-0.00022237714	0.9795161	-4.3462015e-17	0	300
1.8714999999998922e-10	0.20116216	-0.0001260296	0.97952026	-4.346201e-17	0	300
1.872499999999892e-10	0.20114128	-3.0259689e-05	0.9795245	-4.3462025e-17	0	300
1.8734999999998917e-10	0.20111918	6.491812e-05	0.979529	-4.3462045e-17	0	300
1.8744999999998915e-10	0.20109591	0.00015948965	0.9795338	-4.3462068e-17	0	300
1.8754999999998913e-10	0.20107143	0.000253441	0.9795388	-4.3462084e-17	0	300
1.876499999999891e-10	0.2010458	0.0003467583	0.9795439	-4.3462088e-17	0	300
1.877499999999891e-10	0.20101899	0.0004394279	0.97954947	-4.3462104e-17	0	300
1.8784999999998907e-10	0.200991	0.0005314365	0.9795551	-4.3462124e-17	0	300
1.8794999999998905e-10	0.20096192	0.00062277087	0.979561	-4.3462137e-17	0	300
1.8804999999998903e-10	0.2009317	0.00071341824	0.97956717	-4.3462154e-17	0	300
1.88149999999989e-10	0.20090036	0.00080336584	0.97957355	-4.3462164e-17	0	300
1.8824999999998898e-10	0.2008679	0.000892601	0.97958004	-4.346219e-17	0	300
1.8834999999998896e-10	0.20083438	0.0009811113	0.9795869	-4.34622e-17	0	300
1.8844999999998894e-10	0.20079976	0.0010688847	0.9795939	-4.3462217e-17	0	300
1.8854999999998892e-10	0.20076409	0.0011559096	0.97960114	-4.346222e-17	0	300
1.886499999999889e-10	0.20072737	0.0012421741	0.9796086	-4.346224e-17	0	300
1.8874999999998888e-10	0.20068963	0.0013276667	0.9796163	-4.346225e-17	0	300
1.8884999999998886e-10	0.20065087	0.001412376	0.97962403	-4.346227e-17	0	300
1.8894999999998884e-10	0.20061108	0.0014962913	0.97963214	-4.346227e-17	0	300
1.8904999999998882e-10	0.20057032	0.0015794015	0.97964036	-4.3462293e-17	0	300
1.891499999999888e-10	0.20052858	0.001661696	0.97964877	-4.3462296e-17	0	300
1.8924999999998877e-10	0.20048586	0.0017431647	0.9796574	-4.346232e-17	0	300
1.8934999999998875e-10	0.2004422	0.0018237972	0.97966623	-4.3462336e-17	0	300
1.8944999999998873e-10	0.20039758	0.0019035838	0.9796753	-4.346235e-17	0	300
1.895499999999887e-10	0.20035203	0.0019825143	0.9796844	-4.3462346e-17	0	300
1.896499999999887e-10	0.20030561	0.0020605794	0.97969383	-4.3462372e-17	0	300
1.8974999999998867e-10	0.20025827	0.00213777	0.97970337	-4.3462385e-17	0	300
1.8984999999998865e-10	0.20021006	0.0022140772	0.97971314	-4.3462402e-17	0	300
1.8994999999998863e-10	0.200161	0.0022894917	0.979723	-4.3462405e-17	0	300
1.900499999999886e-10	0.20011105	0.002364005	0.979733	-4.346242e-17	0	300
1.9014999999998858e-10	0.20006028	0.0024376088	0.97974336	-4.346245e-17	0	300
1.9024999999998856e-10	0.20000869	0.002510295	0.9797537	-4.346245e-17	0	300
1.9034999999998854e-10	0.1999563	0.0025820557	0.9797642	-4.346247e-17	0	300
1.9044999999998852e-10	0.1999031	0.0026528828	0.97977495	-4.3462485e-17	0	300
1.905499999999885e-10	0.19984914	0.002722769	0.9797859	-4.3462478e-17	0	300
1.9064999999998848e-10	0.1997944	0.0027917074	0.9797969	-4.3462505e-17	0	300
1.9074999999998846e-10	0.19973892	0.0028596902	0.9798082	-4.346251e-17	0	300
1.9084999999998844e-10	0.19968273	0.002926711	0.9798194	-4.3462534e-17	0	300
1.9094999999998842e-10	0.1996258	0.0029927634	0.97983086	-4.3462528e-17	0	300
1.910499999999884e-10	0.19956817	0.0030578403	0.9798424	-4.3462554e-17	0	300
1.9114999999998837e-10	0.19950986	0.0031219365	0.9798542	-4.3462558e-17	0	300
1.9124999999998835e-10	0.19945088	0.0031850452	0.979866	-4.3462584e-17	0	300
1.9134999999998833e-10	0.19939123	0.0032471612	0.9798781	-4.346258e-17	0	300
1.914499999999883e-10	0.19933096	0.003308279	0.9798902	-4.34626e-17	0	300
1.915499999999883e-10	0.19927005	0.0033683926	0.9799024	-4.3462607e-17	0	300
1.9164999999998827e-10	0.19920853	0.003427498	0.9799148	-4.3462617e-17	0	300
1.9174999999998825e-10	0.1991464	0.0034855893	0.9799273	-4.346263e-17	0	300
1.9184999999998823e-10	0.19908373	0.0035426624	0.97993994	-4.3462644e-17	0	300
1.919499999999882e-10	0.19902049	0.0035987129	0.9799527	-4.346265e-17	0	300
1.9204999999998819e-10	0.19895667	0.003653737	0.9799655	-4.3462677e-17	0	300
1.9214999999998816e-10	0.19889234	0.0037077302	0.97997844	-4.3462683e-17	0	300
1.9224999999998814e-10	0.19882748	0.003760689	0.97999144	-4.3462687e-17	0	300
1.9234999999998812e-10	0.19876213	0.0038126095	0.98000467	-4.3462703e-17	0	300
1.924499999999881e-10	0.19869627	0.0038634886	0.9800179	-4.3462713e-17	0	300
1.9254999999998808e-10	0.19862996	0.003913324	0.98003125	-4.3462736e-17	0	300
1.9264999999998806e-10	0.19856319	0.0039621107	0.98004466	-4.3462736e-17	0	300
1.9274999999998804e-10	0.19849595	0.0040098485	0.9800582	-4.346275e-17	0	300
1.9284999999998802e-10	0.19842835	0.0040565333	0.9800718	-4.3462756e-17	0	300
1.92949999999988e-10	0.1983603	0.004102164	0.9800855	-4.346277e-17	0	300
1.9304999999998798e-10	0.19829184	0.0041467375	0.9800992	-4.3462783e-17	0	300
1.9314999999998795e-10	0.19822304	0.0041902526	0.9801131	-4.3462783e-17	0	300
1.9324999999998793e-10	0.19815382	0.004232708	0.9801269	-4.3462802e-17	0	300
1.933499999999879e-10	0.1980843	0.004274101	0.9801409	-4.3462816e-17	0	300
1.934499999999879e-10	0.19801444	0.0043144315	0.98015505	-4.346283e-17	0	300
1.9354999999998787e-10	0.19794424	0.0043536983	0.9801691	-4.3462832e-17	0	300
1.9364999999998785e-10	0.19787377	0.004391901	0.9801833	-4.3462845e-17	0	300
1.9374999999998783e-10	0.19780296	0.004429038	0.9801975	-4.346285e-17	0	300
1.938499999999878e-10	0.19773193	0.00446511	0.9802118	-4.346286e-17	0	300
1.9394999999998779e-10	0.19766062	0.004500116	0.9802261	-4.3462875e-17	0	300
1.9404999999998776e-10	0.19758907	0.0045340573	0.9802406	-4.3462882e-17	0	300
1.9414999999998774e-10	0.19751729	0.004566933	0.9802549	-4.3462892e-17	0	300
1.9424999999998772e-10	0.1974453	0.004598743	0.98026943	-4.3462895e-17	0	300
1.943499999999877e-10	0.1973731	0.004629489	0.98028386	-4.3462918e-17	0	300
1.9444999999998768e-10	0.19730075	0.004659172	0.9802984	-4.3462918e-17	0	300
1.9454999999998766e-10	0.1972282	0.004687792	0.980313	-4.346293e-17	0	300
1.9464999999998764e-10	0.19715549	0.0047153514	0.9803276	-4.3462945e-17	0	300
1.9474999999998762e-10	0.19708267	0.00474185	0.9803422	-4.3462958e-17	0	300
1.948499999999876e-10	0.19700971	0.004767291	0.98035693	-4.346297e-17	0	300
1.9494999999998758e-10	0.19693664	0.0047916747	0.9803716	-4.3462974e-17	0	300
1.9504999999998755e-10	0.19686349	0.0048150048	0.9803864	-4.3462998e-17	0	300
1.9514999999998753e-10	0.19679023	0.0048372825	0.98040104	-4.3463008e-17	0	300
1.952499999999875e-10	0.19671693	0.0048585096	0.9804157	-4.346301e-17	0	300
1.953499999999875e-10	0.19664356	0.00487869	0.9804305	-4.3463014e-17	0	300
1.9544999999998747e-10	0.19657016	0.0048978254	0.98044527	-4.346302e-17	0	300
1.9554999999998745e-10	0.19649673	0.0049159187	0.98046005	-4.3463024e-17	0	300
1.9564999999998743e-10	0.19642328	0.004932974	0.98047477	-4.346305e-17	0	300
1.957499999999874e-10	0.19634986	0.004948993	0.98048955	-4.346305e-17	0	300
1.9584999999998739e-10	0.19627644	0.00496398	0.9805042	-4.3463057e-17	0	300
1.9594999999998737e-10	0.19620305	0.0049779383	0.98051906	-4.3463074e-17	0	300
1.9604999999998734e-10	0.19612971	0.004990872	0.9805337	-4.3463074e-17	0	300
1.9614999999998732e-10	0.19605643	0.0050027845	0.98054856	-4.346309e-17	0	300
1.962499999999873e-10	0.19598323	0.0050136806	0.9805632	-4.3463097e-17	0	300
1.9634999999998728e-10	0.1959101	0.005023564	0.9805778	-4.3463103e-17	0	300
1.9644999999998726e-10	0.19583707	0.0050324393	0.98059255	-4.346311e-17	0	300
1.9654999999998724e-10	0.19576412	0.0050403113	0.9806072	-4.346312e-17	0	300
1.9664999999998722e-10	0.19569133	0.005047184	0.9806218	-4.3463137e-17	0	300
1.967499999999872e-10	0.1956187	0.005053064	0.9806365	-4.346315e-17	0	300
1.9684999999998718e-10	0.19554618	0.0050579538	0.980651	-4.346315e-17	0	300
1.9694999999998716e-10	0.19547383	0.0050618607	0.98066556	-4.3463153e-17	0	300
1.9704999999998713e-10	0.19540168	0.0050647897	0.98068005	-4.3463176e-17	0	300
1.9714999999998711e-10	0.1953297	0.005066746	0.98069453	-4.3463176e-17	0	300
1.972499999999871e-10	0.1952579	0.0050677345	0.98070896	-4.3463186e-17	0	300
1.9734999999998707e-10	0.19518635	0.005067763	0.9807234	-4.3463196e-17	0	300
1.9744999999998705e-10	0.195115	0.005066836	0.9807376	-4.34632e-17	0	300
1.9754999999998703e-10	0.1950439	0.0050649596	0.980752	-4.3463206e-17	0	300
1.97649999999987e-10	0.19497305	0.00506214	0.9807662	-4.34632e-17	0	300
1.9774999999998699e-10	0.19490245	0.005058385	0.98078036	-4.3463223e-17	0	300
1.9784999999998697e-10	0.1948321	0.005053699	0.98079455	-4.3463236e-17	0	300
1.9794999999998694e-10	0.19476208	0.00504809	0.9808087	-4.346324e-17	0	300
1.9804999999998692e-10	0.19469234	0.0050415653	0.9808227	-4.346325e-17	0	300
1.981499999999869e-10	0.19462287	0.00503413	0.98083663	-4.3463252e-17	0	300
1.9824999999998688e-10	0.19455376	0.0050257933	0.9808505	-4.3463266e-17	0	300
1.9834999999998686e-10	0.19448498	0.00501656	0.9808643	-4.3463272e-17	0	300
1.9844999999998684e-10	0.19441654	0.0050064395	0.9808781	-4.346328e-17	0	300
1.9854999999998682e-10	0.19434842	0.0049954383	0.9808917	-4.3463292e-17	0	300
1.986499999999868e-10	0.19428068	0.004983565	0.9809054	-4.346329e-17	0	300
1.9874999999998678e-10	0.19421333	0.0049708253	0.980919	-4.346332e-17	0	300
1.9884999999998676e-10	0.19414634	0.004957228	0.9809325	-4.346332e-17	0	300
1.9894999999998673e-10	0.19407974	0.0049427813	0.9809459	-4.346333e-17	0	300
1.9904999999998671e-10	0.19401355	0.0049274927	0.98095906	-4.3463325e-17	0	300
1.991499999999867e-10	0.19394776	0.0049113706	0.98097235	-4.3463342e-17	0	300
1.9924999999998667e-10	0.19388242	0.0048944233	0.9809855	-4.3463342e-17	0	300
1.9934999999998665e-10	0.1938175	0.004876659	0.98099864	-4.3463348e-17	0	300
1.9944999999998663e-10	0.193753	0.0048580854	0.9810115	-4.346336e-17	0	300
1.995499999999866e-10	0.19368896	0.004838713	0.9810244	-4.3463368e-17	0	300
1.996499999999866e-10	0.1936254	0.0048185484	0.98103714	-4.346337e-17	0	300
1.9974999999998657e-10	0.19356231	0.0047976016	0.9810499	-4.346338e-17	0	300
1.9984999999998655e-10	0.1934997	0.0047758804	0.9810625	-4.3463398e-17	0	300
1.9994999999998652e-10	0.19343753	0.004753394	0.9810749	-4.3463395e-17	0	300
2.000499999999865e-10	0.19337592	0.004730152	0.98108727	-4.3463408e-17	0	300
2.0014999999998648e-10	0.19331478	0.004706164	0.98109967	-4.346341e-17	0	300
2.0024999999998646e-10	0.19325416	0.0046814373	0.9811119	-4.3463424e-17	0	300
2.0034999999998644e-10	0.19319405	0.0046559824	0.981124	-4.3463424e-17	0	300
2.0044999999998642e-10	0.19313446	0.004629808	0.98113596	-4.346344e-17	0	300
2.005499999999864e-10	0.19307543	0.0046029245	0.9811479	-4.3463434e-17	0	300
2.0064999999998638e-10	0.19301693	0.00457534	0.9811595	-4.3463438e-17	0	300
2.0074999999998636e-10	0.192959	0.004547065	0.9811713	-4.346345e-17	0	300
2.0084999999998634e-10	0.19290163	0.0045181094	0.98118275	-4.346345e-17	0	300
2.0094999999998631e-10	0.19284481	0.0044884817	0.9811942	-4.3463474e-17	0	300
2.010499999999863e-10	0.19278857	0.004458193	0.9812055	-4.3463477e-17	0	300
2.0114999999998627e-10	0.1927329	0.004427253	0.9812167	-4.346348e-17	0	300
2.0124999999998625e-10	0.19267784	0.0043956707	0.9812279	-4.3463474e-17	0	300
2.0134999999998623e-10	0.19262338	0.0043634563	0.9812389	-4.346349e-17	0	300
2.014499999999862e-10	0.19256952	0.0043306197	0.98124975	-4.3463497e-17	0	300
2.015499999999862e-10	0.19251625	0.0042971727	0.9812605	-4.3463517e-17	0	300
2.0164999999998617e-10	0.19246358	0.0042631226	0.9812709	-4.3463517e-17	0	300
2.0174999999998615e-10	0.19241157	0.0042284816	0.9812816	-4.3463524e-17	0	300
2.0184999999998612e-10	0.19236016	0.0041932594	0.9812919	-4.346352e-17	0	300
2.019499999999861e-10	0.1923094	0.004157466	0.98130214	-4.3463527e-17	0	300
2.0204999999998608e-10	0.19225927	0.0041211117	0.98131216	-4.346354e-17	0	300
2.0214999999998606e-10	0.1922098	0.004084207	0.9813222	-4.346355e-17	0	300
2.0224999999998604e-10	0.19216095	0.0040467624	0.98133194	-4.346355e-17	0	300
2.0234999999998602e-10	0.19211277	0.0040087886	0.9813418	-4.3463553e-17	0	300
2.02449999999986e-10	0.19206524	0.003970296	0.9813514	-4.3463563e-17	0	300
2.0254999999998598e-10	0.19201837	0.003931294	0.9813608	-4.346357e-17	0	300
2.0264999999998596e-10	0.19197218	0.0038917945	0.98137	-4.3463577e-17	0	300
2.0274999999998594e-10	0.19192667	0.0038518072	0.9813793	-4.346358e-17	0	300
2.0284999999998591e-10	0.19188182	0.0038113433	0.9813883	-4.3463593e-17	0	300
2.029499999999859e-10	0.19183767	0.0037704129	0.9813972	-4.3463587e-17	0	300
2.0304999999998587e-10	0.19179419	0.003729027	0.981406	-4.3463606e-17	0	300
2.0314999999998585e-10	0.19175142	0.003687196	0.9814146	-4.3463603e-17	0	300
2.0324999999998583e-10	0.19170931	0.0036449307	0.98142314	-4.346361e-17	0	300
2.033499999999858e-10	0.19166794	0.0036022419	0.9814315	-4.346362e-17	0	300
2.034499999999858e-10	0.19162723	0.00355914	0.9814397	-4.3463623e-17	0	300
2.0354999999998577e-10	0.19158724	0.003515636	0.9814477	-4.346363e-17	0	300
2.0364999999998575e-10	0.19154797	0.0034717403	0.9814556	-4.3463643e-17	0	300
2.0374999999998573e-10	0.1915094	0.003427464	0.98146343	-4.3463646e-17	0	300
2.038499999999857e-10	0.19147155	0.0033828176	0.9814712	-4.3463653e-17	0	300
2.0394999999998568e-10	0.19143441	0.0033378121	0.98147863	-4.3463653e-17	0	300
2.0404999999998566e-10	0.19139796	0.003292458	0.981486	-4.3463653e-17	0	300
2.0414999999998564e-10	0.19136228	0.0032467658	0.98149323	-4.3463663e-17	0	300
2.0424999999998562e-10	0.1913273	0.0032007466	0.98150027	-4.3463666e-17	0	300
2.043499999999856e-10	0.19129303	0.0031544112	0.98150724	-4.3463663e-17	0	300
2.0444999999998558e-10	0.1912595	0.00310777	0.98151404	-4.3463683e-17	0	300
2.0454999999998556e-10	0.19122669	0.0030608338	0.98152065	-4.3463676e-17	0	300
2.0464999999998554e-10	0.19119464	0.0030136136	0.98152715	-4.3463676e-17	0	300
2.0474999999998552e-10	0.1911633	0.0029661197	0.9815336	-4.3463696e-17	0	300
2.048499999999855e-10	0.1911327	0.0029183635	0.9815397	-4.3463706e-17	0	300
2.0494999999998547e-10	0.19110282	0.0028703546	0.9815458	-4.3463702e-17	0	300
2.0504999999998545e-10	0.19107369	0.0028221044	0.98155165	-4.346372e-17	0	300
2.0514999999998543e-10	0.1910453	0.002773623	0.9815574	-4.3463722e-17	0	300
2.052499999999854e-10	0.19101763	0.0027249218	0.9815631	-4.346373e-17	0	300
2.053499999999854e-10	0.19099069	0.0026760104	0.9815686	-4.3463735e-17	0	300
2.0544999999998537e-10	0.19096452	0.0026268999	0.9815739	-4.346373e-17	0	300
2.0554999999998535e-10	0.19093908	0.0025776008	0.981579	-4.3463735e-17	0	300
2.0564999999998533e-10	0.19091436	0.0025281233	0.98158413	-4.3463742e-17	0	300
2.057499999999853e-10	0.1908904	0.002478478	0.9815889	-4.3463752e-17	0	300
2.0584999999998528e-10	0.19086717	0.0024286758	0.98159367	-4.3463755e-17	0	300
2.0594999999998526e-10	0.19084468	0.0023787264	0.98159826	-4.346376e-17	0	300
2.0604999999998524e-10	0.19082293	0.002328641	0.98160267	-4.346377e-17	0	300
2.0614999999998522e-10	0.19080192	0.0022784288	0.98160696	-4.346377e-17	0	300
2.062499999999852e-10	0.19078162	0.0022281008	0.98161113	-4.3463775e-17	0	300
2.0634999999998518e-10	0.1907621	0.002177667	0.9816151	-4.3463775e-17	0	300
2.0644999999998516e-10	0.19074328	0.0021271377	0.981619	-4.3463782e-17	0	300
2.0654999999998514e-10	0.19072522	0.002076523	0.98162264	-4.3463785e-17	0	300
2.0664999999998512e-10	0.19070785	0.002025833	0.9816262	-4.34638e-17	0	300
2.067499999999851e-10	0.19069128	0.0019750774	0.9816296	-4.3463795e-17	0	300
2.0684999999998507e-10	0.1906754	0.0019242668	0.9816329	-4.34638e-17	0	300
2.0694999999998505e-10	0.19066024	0.001873411	0.98163605	-4.346381e-17	0	300
2.0704999999998503e-10	0.19064581	0.0018225197	0.981639	-4.3463805e-17	0	300
2.07149999999985e-10	0.19063213	0.001771603	0.9816418	-4.3463818e-17	0	300
2.07249999999985e-10	0.19061917	0.0017206703	0.98164445	-4.346382e-17	0	300
2.0734999999998497e-10	0.19060689	0.0016697313	0.98164696	-4.3463815e-17	0	300
2.0744999999998495e-10	0.19059536	0.0016187961	0.98164934	-4.346383e-17	0	300
2.0754999999998493e-10	0.19058457	0.0015678742	0.98165166	-4.3463825e-17	0	300
2.076499999999849e-10	0.19057447	0.0015169748	0.9816538	-4.3463845e-17	0	300
2.0774999999998488e-10	0.19056508	0.0014661077	0.98165566	-4.3463845e-17	0	300
2.0784999999998486e-10	0.19055638	0.001415282	0.98165745	-4.346383e-17	0	300
2.0794999999998484e-10	0.19054842	0.0013645072	0.9816592	-4.3463848e-17	0	300
2.0804999999998482e-10	0.19054115	0.0013137929	0.9816607	-4.3463858e-17	0	300
2.081499999999848e-10	0.19053459	0.0012631479	0.98166215	-4.346385e-17	0	300
2.0824999999998478e-10	0.1905287	0.0012125815	0.9816635	-4.3463864e-17	0	300
2.0834999999998476e-10	0.19052352	0.0011621026	0.98166454	-4.346386e-17	0	300
2.0844999999998474e-10	0.19051902	0.0011117203	0.98166555	-4.346386e-17	0	300
2.0854999999998472e-10	0.19051525	0.0010614436	0.9816663	-4.3463874e-17	0	300
2.086499999999847e-10	0.19051214	0.0010112812	0.9816671	-4.3463874e-17	0	300
2.0874999999998467e-10	0.19050968	0.000961242	0.98166764	-4.3463874e-17	0	300
2.0884999999998465e-10	0.19050793	0.0009113346	0.98166806	-4.3463884e-17	0	300
2.0894999999998463e-10	0.19050685	0.0008615675	0.9816684	-4.3463884e-17	0	300
2.090499999999846e-10	0.19050643	0.00081194955	0.9816686	-4.346389e-17	0	300
2.091499999999846e-10	0.19050667	0.00076248875	0.9816686	-4.3463894e-17	0	300
2.0924999999998457e-10	0.19050756	0.00071319373	0.9816686	-4.3463888e-17	0	300
2.0934999999998455e-10	0.19050914	0.00066407275	0.98166823	-4.34639e-17	0	300
2.0944999999998453e-10	0.19051133	0.0006151339	0.9816679	-4.3463917e-17	0	300
2.095499999999845e-10	0.1905142	0.00056638545	0.9816674	-4.3463914e-17	0	300
2.0964999999998449e-10	0.1905177	0.00051783526	0.98166686	-4.346392e-17	0	300
2.0974999999998446e-10	0.19052182	0.00046949135	0.98166615	-4.3463924e-17	0	300
2.0984999999998444e-10	0.19052662	0.00042136144	0.9816653	-4.3463924e-17	0	300
2.0994999999998442e-10	0.190532	0.0003734534	0.9816643	-4.3463917e-17	0	300
2.100499999999844e-10	0.19053802	0.00032577495	0.9816631	-4.3463927e-17	0	300
2.1014999999998438e-10	0.19054465	0.00027833358	0.9816619	-4.346394e-17	0	300
2.1024999999998436e-10	0.19055192	0.00023113686	0.9816605	-4.346393e-17	0	300
2.1034999999998434e-10	0.19055976	0.00018419197	0.981659	-4.346393e-17	0	300
2.1044999999998432e-10	0.19056824	0.00013750637	0.98165745	-4.3463947e-17	0	300
2.105499999999843e-10	0.19057727	9.108731e-05	0.9816556	-4.3463954e-17	0	300
2.1064999999998427e-10	0.19058692	4.494178e-05	0.98165387	-4.3463954e-17	0	300
2.1074999999998425e-10	0.19059716	-9.232681e-07	0.98165184	-4.3463954e-17	0	300
2.1084999999998423e-10	0.19060798	-4.6500805e-05	0.98164976	-4.3463957e-17	0	300
2.109499999999842e-10	0.19061936	-9.17841e-05	0.9816476	-4.3463964e-17	0	300
2.110499999999842e-10	0.19063133	-0.00013676647	0.9816453	-4.3463964e-17	0	300
2.1114999999998417e-10	0.19064383	-0.00018144122	0.98164284	-4.3463967e-17	0	300
2.1124999999998415e-10	0.19065692	-0.00022580188	0.98164034	-4.346397e-17	0	300
2.1134999999998413e-10	0.19067055	-0.00026984204	0.9816377	-4.3463977e-17	0	300
2.114499999999841e-10	0.1906847	-0.00031355536	0.981635	-4.3463984e-17	0	300
2.1154999999998409e-10	0.19069944	-0.0003569357	0.9816321	-4.3463977e-17	0	300
2.1164999999998406e-10	0.19071467	-0.00039997697	0.9816292	-4.3463984e-17	0	300
2.1174999999998404e-10	0.19073045	-0.0004426731	0.98162603	-4.346399e-17	0	300
2.1184999999998402e-10	0.19074674	-0.00048501822	0.9816229	-4.3463984e-17	0	300
2.11949999999984e-10	0.19076353	-0.0005270065	0.98161966	-4.346399e-17	0	300
2.1204999999998398e-10	0.19078085	-0.00056863227	0.98161626	-4.3463997e-17	0	300
2.1214999999998396e-10	0.19079867	-0.00060988986	0.98161274	-4.3464007e-17	0	300
2.1224999999998394e-10	0.190817	-0.0006507739	0.9816092	-4.3464007e-17	0	300
2.1234999999998392e-10	0.19083577	-0.00069127884	0.9816055	-4.3464013e-17	0	300
2.124499999999839e-10	0.19085507	-0.00073139963	0.9816018	-4.3464017e-17	0	300
2.1254999999998388e-10	0.19087481	-0.0007711311	0.9815978	-4.3464023e-17	0	300
2.1264999999998385e-10	0.190895	-0.00081046775	0.98159397	-4.346401e-17	0	300
2.1274999999998383e-10	0.19091572	-0.0008494052	0.9815898	-4.3464023e-17	0	300
2.128499999999838e-10	0.19093686	-0.0008879385	0.9815858	-4.3464023e-17	0	300
2.129499999999838e-10	0.19095844	-0.00092606264	0.98158145	-4.3464043e-17	0	300
2.1304999999998377e-10	0.19098048	-0.000963773	0.98157716	-4.346404e-17	0	300
2.1314999999998375e-10	0.1910029	-0.0010010652	0.98157275	-4.3464043e-17	0	300
2.1324999999998373e-10	0.19102581	-0.0010379348	0.9815682	-4.346404e-17	0	300
2.133499999999837e-10	0.19104911	-0.0010743774	0.9815636	-4.346403e-17	0	300
2.1344999999998369e-10	0.19107284	-0.001110389	0.98155904	-4.3464046e-17	0	300
2.1354999999998367e-10	0.19109696	-0.0011459654	0.9815542	-4.3464046e-17	0	300
2.1364999999998364e-10	0.19112149	-0.0011811027	0.9815494	-4.346405e-17	0	300
2.1374999999998362e-10	0.19114639	-0.0012157967	0.98154455	-4.3464056e-17	0	300
2.138499999999836e-10	0.1911717	-0.0012500437	0.9815395	-4.3464046e-17	0	300
2.1394999999998358e-10	0.19119738	-0.0012838405	0.9815344	-4.3464056e-17	0	300
2.1404999999998356e-10	0.19122341	-0.001317183	0.98152936	-4.3464056e-17	0	300
2.1414999999998354e-10	0.19124982	-0.0013500683	0.9815241	-4.3464053e-17	0	300
2.1424999999998352e-10	0.19127658	-0.0013824926	0.9815188	-4.346407e-17	0	300
2.143499999999835e-10	0.1913037	-0.0014144527	0.98151356	-4.3464063e-17	0	300
2.1444999999998348e-10	0.19133116	-0.0014459456	0.9815081	-4.3464083e-17	0	300
2.1454999999998345e-10	0.19135894	-0.0014769684	0.9815026	-4.346409e-17	0	300
2.1464999999998343e-10	0.19138706	-0.001507518	0.98149705	-4.346409e-17	0	300
2.147499999999834e-10	0.19141549	-0.0015375917	0.98149157	-4.3464083e-17	0	300
2.148499999999834e-10	0.19144422	-0.0015671868	0.9814857	-4.3464086e-17	0	300
2.1494999999998337e-10	0.19147328	-0.0015963006	0.9814801	-4.3464086e-17	0	300
2.1504999999998335e-10	0.19150262	-0.0016249309	0.9814743	-4.346409e-17	0	300
2.1514999999998333e-10	0.19153227	-0.0016530751	0.9814684	-4.3464093e-17	0	300
2.152499999999833e-10	0.19156218	-0.001680731	0.9814625	-4.3464096e-17	0	300
2.1534999999998329e-10	0.19159237	-0.0017078961	0.9814565	-4.3464106e-17	0	300
2.1544999999998327e-10	0.1916228	-0.0017345692	0.98145056	-4.3464096e-17	0	300
2.1554999999998324e-10	0.19165352	-0.0017607477	0.9814445	-4.3464103e-17	0	300
2.1564999999998322e-10	0.19168448	-0.0017864297	0.9814382	-4.346411e-17	0	300
2.157499999999832e-10	0.1917157	-0.0018116138	0.98143214	-4.3464113e-17	0	300
2.1584999999998318e-10	0.19174717	-0.0018362985	0.9814259	-4.346411e-17	0	300
2.1594999999998316e-10	0.19177884	-0.0018604819	0.9814196	-4.3464123e-17	0	300
2.1604999999998314e-10	0.19181073	-0.0018841627	0.98141325	-4.3464123e-17	0	300
2.1614999999998312e-10	0.19184285	-0.0019073396	0.9814069	-4.3464116e-17	0	300
2.162499999999831e-10	0.19187519	-0.0019300114	0.9814005	-4.3464126e-17	0	300
2.1634999999998308e-10	0.1919077	-0.0019521769	0.9813942	-4.3464123e-17	0	300
2.1644999999998306e-10	0.19194043	-0.0019738353	0.98138756	-4.3464132e-17	0	300
2.1654999999998303e-10	0.19197333	-0.0019949856	0.98138106	-4.3464132e-17	0	300
2.1664999999998301e-10	0.19200641	-0.0020156268	0.98137456	-4.3464136e-17	0	300
2.16749999999983e-10	0.19203968	-0.0020357587	0.981368	-4.3464132e-17	0	300
2.1684999999998297e-10	0.19207308	-0.0020553803	0.9813614	-4.346414e-17	0	300
2.1694999999998295e-10	0.19210663	-0.0020744912	0.9813547	-4.3464146e-17	0	300
2.1704999999998293e-10	0.19214039	-0.002093091	0.98134804	-4.3464142e-17	0	300
2.171499999999829e-10	0.19217423	-0.002111179	0.9813413	-4.346416e-17	0	300
2.172499999999829e-10	0.19220823	-0.0021287557	0.9813346	-4.3464146e-17	0	300
2.1734999999998287e-10	0.19224237	-0.0021458208	0.9813278	-4.346416e-17	0	300
2.1744999999998285e-10	0.1922766	-0.002162374	0.981321	-4.3464152e-17	0	300
2.1754999999998282e-10	0.19231096	-0.0021784157	0.9813142	-4.346415e-17	0	300
2.176499999999828e-10	0.19234541	-0.002193946	0.9813074	-4.346416e-17	0	300
2.1774999999998278e-10	0.19237997	-0.002208965	0.9813006	-4.3464152e-17	0	300
2.1784999999998276e-10	0.19241463	-0.002223473	0.9812937	-4.346416e-17	0	300
2.1794999999998274e-10	0.19244936	-0.002237471	0.98128676	-4.346417e-17	0	300
2.1804999999998272e-10	0.19248417	-0.0022509594	0.9812798	-4.3464162e-17	0	300
2.181499999999827e-10	0.19251904	-0.0022639388	0.98127294	-4.3464172e-17	0	300
2.1824999999998268e-10	0.192554	-0.0022764094	0.98126596	-4.346418e-17	0	300
2.1834999999998266e-10	0.19258898	-0.0022883727	0.9812591	-4.3464172e-17	0	300
2.1844999999998263e-10	0.19262403	-0.0022998294	0.9812522	-4.3464176e-17	0	300
2.1854999999998261e-10	0.19265912	-0.0023107808	0.98124516	-4.346418e-17	0	300
2.186499999999826e-10	0.19269423	-0.0023212275	0.9812382	-4.3464172e-17	0	300
2.1874999999998257e-10	0.19272938	-0.0023311714	0.9812313	-4.3464192e-17	0	300
2.1884999999998255e-10	0.19276457	-0.002340613	0.9812242	-4.3464192e-17	0	300
2.1894999999998253e-10	0.19279975	-0.002349554	0.98121727	-4.34642e-17	0	300
2.190499999999825e-10	0.19283494	-0.002357996	0.9812103	-4.3464185e-17	0	300
2.191499999999825e-10	0.19287014	-0.0023659407	0.9812032	-4.3464192e-17	0	300
2.1924999999998247e-10	0.1929053	-0.002373389	0.9811962	-4.3464205e-17	0	300
2.1934999999998245e-10	0.19294047	-0.002380343	0.9811893	-4.3464192e-17	0	300
2.1944999999998242e-10	0.19297566	-0.0023868047	0.98118234	-4.3464205e-17	0	300
2.195499999999824e-10	0.1930108	-0.0023927763	0.98117536	-4.3464202e-17	0	300
2.1964999999998238e-10	0.19304588	-0.002398259	0.9811684	-4.3464195e-17	0	300
2.1974999999998236e-10	0.19308096	-0.002403255	0.9811614	-4.34642e-17	0	300
2.1984999999998234e-10	0.19311596	-0.0024077664	0.9811545	-4.3464215e-17	0	300
2.1994999999998232e-10	0.19315095	-0.0024117962	0.98114747	-4.34642e-17	0	300
2.200499999999823e-10	0.19318585	-0.0024153455	0.98114055	-4.3464215e-17	0	300
2.2014999999998228e-10	0.1932207	-0.0024184173	0.98113364	-4.3464215e-17	0	300
2.2024999999998226e-10	0.19325548	-0.0024210138	0.98112667	-4.346423e-17	0	300
2.2034999999998224e-10	0.19329019	-0.0024231377	0.9811198	-4.3464215e-17	0	300
2.2044999999998221e-10	0.1933248	-0.002424791	0.98111296	-4.3464205e-17	0	300
2.205499999999822e-10	0.19335933	-0.002425977	0.98110604	-4.3464215e-17	0	300
2.2064999999998217e-10	0.19339378	-0.0024266988	0.9810992	-4.3464232e-17	0	300
2.2074999999998215e-10	0.19342811	-0.0024269582	0.9810924	-4.3464225e-17	0	300
2.2084999999998213e-10	0.19346237	-0.0024267582	0.98108554	-4.346423e-17	0	300
2.209499999999821e-10	0.19349647	-0.0024261018	0.98107874	-4.346424e-17	0	300
2.210499999999821e-10	0.19353049	-0.0024249926	0.981072	-4.3464232e-17	0	300
2.2114999999998207e-10	0.19356436	-0.002423433	0.98106533	-4.346423e-17	0	300
2.2124999999998205e-10	0.19359812	-0.0024214264	0.9810586	-4.346425e-17	0	300
2.2134999999998203e-10	0.19363175	-0.0024189758	0.98105186	-4.346424e-17	0	300
2.21449999999982e-10	0.1936652	-0.0024160848	0.9810452	-4.3464235e-17	0	300
2.2154999999998198e-10	0.19369859	-0.0024127562	0.9810385	-4.346425e-17	0	300
2.2164999999998196e-10	0.19373178	-0.002408994	0.981032	-4.3464242e-17	0	300
2.2174999999998194e-10	0.19376479	-0.002404801	0.9810254	-4.3464245e-17	0	300
2.2184999999998192e-10	0.19379766	-0.0024001808	0.98101896	-4.3464242e-17	0	300
2.219499999999819e-10	0.19383037	-0.0023951372	0.98101234	-4.346425e-17	0	300
2.2204999999998188e-10	0.1938629	-0.002389674	0.9810059	-4.3464245e-17	0	300
2.2214999999998186e-10	0.19389525	-0.0023837946	0.98099947	-4.346425e-17	0	300
2.2224999999998184e-10	0.19392744	-0.0023775024	0.98099315	-4.3464255e-17	0	300
2.2234999999998181e-10	0.19395943	-0.002370802	0.9809867	-4.3464258e-17	0	300
2.224499999999818e-10	0.19399124	-0.0023636962	0.98098034	-4.3464255e-17	0	300
2.2254999999998177e-10	0.19402282	-0.0023561898	0.9809741	-4.3464248e-17	0	300
2.2264999999998175e-10	0.19405422	-0.0023482866	0.9809679	-4.3464255e-17	0	300
2.2274999999998173e-10	0.19408545	-0.0023399899	0.98096156	-4.346426e-17	0	300
2.228499999999817e-10	0.19411643	-0.0023313044	0.9809554	-4.346426e-17	0	300
2.229499999999817e-10	0.19414718	-0.0023222337	0.9809493	-4.3464275e-17	0	300
2.2304999999998167e-10	0.19417776	-0.0023127822	0.98094326	-4.3464268e-17	0	300
2.2314999999998165e-10	0.19420809	-0.0023029542	0.9809371	-4.346427e-17	0	300
2.2324999999998163e-10	0.19423819	-0.0022927537	0.9809311	-4.3464265e-17	0	300
2.233499999999816e-10	0.19426808	-0.002282185	0.9809252	-4.3464275e-17	0	300
2.2344999999998158e-10	0.19429773	-0.0022712527	0.98091936	-4.346428e-17	0	300
2.2354999999998156e-10	0.19432713	-0.0022599606	0.98091346	-4.3464275e-17	0	300
2.2364999999998154e-10	0.19435626	-0.0022483133	0.9809076	-4.3464278e-17	0	300
2.2374999999998152e-10	0.19438519	-0.0022363155	0.98090196	-4.3464285e-17	0	300
2.238499999999815e-10	0.19441383	-0.0022239713	0.9808962	-4.3464288e-17	0	300
2.2394999999998148e-10	0.19444224	-0.002211285	0.9808906	-4.346429e-17	0	300
2.2404999999998146e-10	0.19447038	-0.002198262	0.9808849	-4.3464298e-17	0	300
2.2414999999998144e-10	0.19449827	-0.0021849063	0.98087937	-4.3464295e-17	0	300
2.2424999999998142e-10	0.19452588	-0.0021712221	0.9808739	-4.3464278e-17	0	300
2.243499999999814e-10	0.19455321	-0.0021572148	0.9808684	-4.346429e-17	0	300
2.2444999999998137e-10	0.19458029	-0.002142889	0.980863	-4.346429e-17	0	300
2.2454999999998135e-10	0.1946071	-0.0021282486	0.98085773	-4.3464285e-17	0	300
2.2464999999998133e-10	0.1946336	-0.0021132992	0.98085237	-4.3464308e-17	0	300
2.247499999999813e-10	0.1946598	-0.002098045	0.9808471	-4.34643e-17	0	300
2.248499999999813e-10	0.19468577	-0.0020824913	0.980842	-4.346429e-17	0	300
2.2494999999998127e-10	0.19471142	-0.0020666425	0.98083687	-4.34643e-17	0	300
2.2504999999998125e-10	0.19473678	-0.0020505036	0.9808318	-4.3464314e-17	0	300
2.2514999999998123e-10	0.19476184	-0.0020340793	0.98082685	-4.3464308e-17	0	300
2.252499999999812e-10	0.19478661	-0.0020173746	0.98082185	-4.346431e-17	0	300
2.2534999999998118e-10	0.19481105	-0.0020003947	0.98081696	-4.34643e-17	0	300
2.2544999999998116e-10	0.19483523	-0.001983144	0.9808122	-4.3464314e-17	0	300
2.2554999999998114e-10	0.19485907	-0.0019656278	0.9808074	-4.34643e-17	0	300
2.2564999999998112e-10	0.19488263	-0.0019478509	0.9808028	-4.34643e-17	0	300
2.257499999999811e-10	0.19490586	-0.0019298185	0.9807981	-4.346433e-17	0	300
2.2584999999998108e-10	0.19492877	-0.0019115352	0.98079354	-4.3464308e-17	0	300
2.2594999999998106e-10	0.19495137	-0.0018930064	0.98078907	-4.3464308e-17	0	300
2.2604999999998104e-10	0.19497368	-0.001874237	0.98078454	-4.3464314e-17	0	300
2.2614999999998102e-10	0.19499563	-0.0018552318	0.98078024	-4.3464314e-17	0	300
2.26249999999981e-10	0.19501726	-0.0018359963	0.9807759	-4.3464324e-17	0	300
2.2634999999998097e-10	0.19503859	-0.0018165351	0.9807716	-4.3464314e-17	0	300
2.2644999999998095e-10	0.19505957	-0.0017968537	0.98076737	-4.346433e-17	0	300
2.2654999999998093e-10	0.19508022	-0.001776957	0.98076326	-4.346431e-17	0	300
2.266499999999809e-10	0.19510055	-0.0017568503	0.9807592	-4.3464324e-17	0	300
2.267499999999809e-10	0.19512054	-0.0017365381	0.98075527	-4.346433e-17	0	300
2.2684999999998087e-10	0.19514018	-0.001716026	0.9807513	-4.3464328e-17	0	300
2.2694999999998085e-10	0.19515952	-0.0016953192	0.9807476	-4.3464334e-17	0	300
2.2704999999998083e-10	0.19517852	-0.0016744224	0.9807437	-4.3464328e-17	0	300
2.271499999999808e-10	0.19519717	-0.0016533411	0.9807399	-4.3464344e-17	0	300
2.2724999999998078e-10	0.19521546	-0.0016320804	0.98073626	-4.3464344e-17	0	300
2.2734999999998076e-10	0.19523345	-0.0016106453	0.9807327	-4.3464338e-17	0	300
2.2744999999998074e-10	0.19525105	-0.001589041	0.9807291	-4.346433e-17	0	300
2.2754999999998072e-10	0.19526833	-0.0015672725	0.98072577	-4.346433e-17	0	300
2.276499999999807e-10	0.19528528	-0.0015453452	0.9807224	-4.3464334e-17	0	300
2.2774999999998068e-10	0.19530186	-0.0015232638	0.980719	-4.3464344e-17	0	300
2.2784999999998066e-10	0.1953181	-0.0015010339	0.9807158	-4.3464328e-17	0	300
2.2794999999998064e-10	0.195334	-0.00147866	0.9807127	-4.3464338e-17	0	300
2.2804999999998062e-10	0.19534954	-0.0014561475	0.98070955	-4.3464344e-17	0	300
2.281499999999806e-10	0.19536473	-0.0014335021	0.9807065	-4.3464354e-17	0	300
2.2824999999998057e-10	0.19537959	-0.0014107281	0.98070353	-4.346434e-17	0	300
2.2834999999998055e-10	0.19539407	-0.001387831	0.9807007	-4.3464344e-17	0	300
2.2844999999998053e-10	0.19540821	-0.0013648159	0.98069775	-4.3464344e-17	0	300
2.285499999999805e-10	0.19542202	-0.0013416875	0.980695	-4.346435e-17	0	300
2.286499999999805e-10	0.19543543	-0.0013184511	0.9806924	-4.346436e-17	0	300
2.2874999999998047e-10	0.19544855	-0.0012951118	0.9806897	-4.3464357e-17	0	300
2.2884999999998045e-10	0.19546127	-0.0012716745	0.9806872	-4.3464348e-17	0	300
2.2894999999998043e-10	0.19547366	-0.0012481443	0.98068476	-4.3464354e-17	0	300
2.290499999999804e-10	0.19548568	-0.0012245262	0.9806823	-4.346435e-17	0	300
2.2914999999998039e-10	0.19549735	-0.0012008253	0.98068005	-4.346435e-17	0	300
2.2924999999998036e-10	0.19550867	-0.0011770464	0.9806778	-4.3464357e-17	0	300
2.2934999999998034e-10	0.19551964	-0.0011531945	0.9806756	-4.3464357e-17	0	300
2.2944999999998032e-10	0.19553027	-0.0011292746	0.98067343	-4.3464364e-17	0	300
2.295499999999803e-10	0.19554055	-0.0011052917	0.98067135	-4.346436e-17	0	300
2.2964999999998028e-10	0.19555046	-0.0010812505	0.9806693	-4.3464357e-17	0	300
2.2974999999998026e-10	0.19556001	-0.0010571559	0.9806675	-4.346437e-17	0	300
2.2984999999998024e-10	0.1955692	-0.0010330131	0.9806656	-4.3464364e-17	0	300
2.2994999999998022e-10	0.19557808	-0.0010088268	0.9806639	-4.346436e-17	0	300
2.300499999999802e-10	0.19558658	-0.0009846016	0.9806621	-4.3464364e-17	0	300
2.3014999999998017e-10	0.19559471	-0.0009603426	0.9806605	-4.346437e-17	0	300
2.3024999999998015e-10	0.19560254	-0.0009360544	0.9806589	-4.3464357e-17	0	300
2.3034999999998013e-10	0.19561	-0.00091174175	0.98065746	-4.346437e-17	0	300
2.304499999999801e-10	0.19561711	-0.00088740955	0.980656	-4.3464367e-17	0	300
2.305499999999801e-10	0.19562386	-0.0008630623	0.9806546	-4.3464367e-17	0	300
2.3064999999998007e-10	0.19563027	-0.0008387048	0.9806533	-4.346437e-17	0	300
2.3074999999998005e-10	0.19563636	-0.0008143416	0.9806521	-4.3464367e-17	0	300
2.3084999999998003e-10	0.19564208	-0.0007899774	0.980651	-4.3464364e-17	0	300
2.3094999999998e-10	0.19564746	-0.00076561666	0.98064995	-4.3464377e-17	0	300
2.3104999999997999e-10	0.1956525	-0.0007412641	0.98064893	-4.3464384e-17	0	300
2.3114999999997996e-10	0.19565721	-0.00071692426	0.980648	-4.3464384e-17	0	300
2.3124999999997994e-10	0.19566157	-0.0006926013	0.9806471	-4.3464377e-17	0	300
2.3134999999997992e-10	0.1956656	-0.00066829997	0.9806462	-4.346438e-17	0	300
2.314499999999799e-10	0.1956693	-0.0006440245	0.9806455	-4.3464377e-17	0	300
2.3154999999997988e-10	0.19567265	-0.0006197798	0.9806448	-4.3464374e-17	0	300
2.3164999999997986e-10	0.19567566	-0.00059556967	0.9806442	-4.346437e-17	0	300
2.3174999999997984e-10	0.19567835	-0.00057139853	0.9806437	-4.346439e-17	0	300
2.3184999999997982e-10	0.19568071	-0.00054727105	0.9806433	-4.3464384e-17	0	300
2.319499999999798e-10	0.19568273	-0.0005231912	0.98064286	-4.346439e-17	0	300
2.3204999999997978e-10	0.19568443	-0.00049916335	0.98064244	-4.346438e-17	0	300
2.3214999999997975e-10	0.1956858	-0.00047519166	0.98064226	-4.3464377e-17	0	300
2.3224999999997973e-10	0.19568685	-0.00045128027	0.98064196	-4.3464387e-17	0	300
2.323499999999797e-10	0.19568759	-0.00042743332	0.9806418	-4.346438e-17	0	300
2.324499999999797e-10	0.19568798	-0.00040365488	0.9806417	-4.3464387e-17	0	300
2.3254999999997967e-10	0.19568807	-0.00037994905	0.9806417	-4.3464397e-17	0	300
2.3264999999997965e-10	0.19568783	-0.00035631974	0.9806417	-4.3464397e-17	0	300
2.3274999999997963e-10	0.1956873	-0.00033277101	0.9806419	-4.3464384e-17	0	300
2.328499999999796e-10	0.19568643	-0.0003093067	0.98064196	-4.34644e-17	0	300
2.3294999999997964e-10	0.19568527	-0.00028593064	0.9806422	-4.3464394e-17	0	300
2.3304999999997967e-10	0.19568379	-0.00026264676	0.98064256	-4.346439e-17	0	300
2.331499999999797e-10	0.19568203	-0.00023945894	0.98064286	-4.34644e-17	0	300
2.3324999999997973e-10	0.19567993	-0.00021637083	0.9806433	-4.3464397e-17	0	300
2.3334999999997976e-10	0.19567756	-0.00019338621	0.9806437	-4.3464404e-17	0	300
2.334499999999798e-10	0.19567487	-0.0001705087	0.9806443	-4.3464397e-17	0	300
2.335499999999798e-10	0.19567189	-0.00014774204	0.9806448	-4.34644e-17	0	300
2.3364999999997985e-10	0.19566861	-0.0001250897	0.9806455	-4.346441e-17	0	300
2.337499999999799e-10	0.19566506	-0.00010255531	0.98064625	-4.346441e-17	0	300
2.338499999999799e-10	0.19566119	-8.0142316e-05	0.98064697	-4.3464404e-17	0	300
2.3394999999997994e-10	0.19565704	-5.7854177e-05	0.9806478	-4.3464407e-17	0	300
2.3404999999998e-10	0.19565263	-3.569437e-05	0.9806487	-4.3464397e-17	0	300
2.3414999999998e-10	0.19564793	-1.36662275e-05	0.9806496	-4.3464404e-17	0	300
2.3424999999998004e-10	0.19564295	8.226954e-06	0.9806506	-4.3464407e-17	0	300
2.3434999999998007e-10	0.19563766	2.9981999e-05	0.98065174	-4.346441e-17	0	300
2.344499999999801e-10	0.19563213	5.159552e-05	0.9806527	-4.3464407e-17	0	300
2.3454999999998013e-10	0.19562635	7.306439e-05	0.98065394	-4.3464417e-17	0	300
2.3464999999998016e-10	0.19562024	9.43855e-05	0.9806551	-4.34644e-17	0	300
2.347499999999802e-10	0.19561389	0.00011555571	0.9806563	-4.346441e-17	0	300
2.348499999999802e-10	0.1956073	0.00013657213	0.9806577	-4.3464414e-17	0	300
2.3494999999998025e-10	0.19560045	0.00015743161	0.98065907	-4.3464414e-17	0	300
2.350499999999803e-10	0.19559333	0.00017813116	0.98066044	-4.3464407e-17	0	300
2.351499999999803e-10	0.19558595	0.00019866799	0.980662	-4.34644e-17	0	300
2.3524999999998034e-10	0.19557834	0.00021903912	0.9806634	-4.3464417e-17	0	300
2.3534999999998037e-10	0.19557045	0.00023924198	0.980665	-4.3464404e-17	0	300
2.354499999999804e-10	0.19556236	0.00025927363	0.98066664	-4.3464407e-17	0	300
2.3554999999998044e-10	0.19555399	0.00027913152	0.9806683	-4.3464397e-17	0	300
2.3564999999998047e-10	0.1955454	0.00029881304	0.98067003	-4.3464424e-17	0	300
2.357499999999805e-10	0.19553657	0.00031831546	0.98067164	-4.346442e-17	0	300
2.3584999999998053e-10	0.19552751	0.0003376362	0.98067355	-4.3464417e-17	0	300
2.3594999999998056e-10	0.19551821	0.0003567728	0.98067546	-4.346442e-17	0	300
2.360499999999806e-10	0.19550869	0.00037572288	0.98067737	-4.3464424e-17	0	300
2.361499999999806e-10	0.19549897	0.000394484	0.9806792	-4.3464424e-17	0	300
2.3624999999998065e-10	0.19548899	0.0004130538	0.9806813	-4.346442e-17	0	300
2.363499999999807e-10	0.19547883	0.00043142991	0.98068327	-4.3464414e-17	0	300
2.364499999999807e-10	0.19546844	0.00044961023	0.9806854	-4.3464424e-17	0	300
2.3654999999998074e-10	0.19545783	0.00046759238	0.9806874	-4.3464424e-17	0	300
2.3664999999998077e-10	0.19544703	0.0004853743	0.9806896	-4.3464434e-17	0	300
2.367499999999808e-10	0.19543602	0.0005029539	0.9806918	-4.3464417e-17	0	300
2.3684999999998083e-10	0.19542482	0.0005203291	0.98069406	-4.346442e-17	0	300
2.3694999999998086e-10	0.19541341	0.000537498	0.9806962	-4.3464427e-17	0	300
2.370499999999809e-10	0.19540182	0.0005544586	0.98069865	-4.3464434e-17	0	300
2.3714999999998093e-10	0.19539002	0.00057120906	0.980701	-4.3464434e-17	0	300
2.3724999999998096e-10	0.19537804	0.00058774743	0.98070335	-4.3464437e-17	0	300
2.37349999999981e-10	0.1953659	0.0006040722	0.9807058	-4.346443e-17	0	300
2.37449999999981e-10	0.19535357	0.0006201814	0.98070824	-4.3464424e-17	0	300
2.3754999999998105e-10	0.19534105	0.00063607335	0.9807106	-4.3464427e-17	0	300
2.376499999999811e-10	0.19532835	0.0006517464	0.9807133	-4.3464437e-17	0	300
2.377499999999811e-10	0.19531552	0.0006671991	0.9807158	-4.3464437e-17	0	300
2.3784999999998114e-10	0.19530249	0.0006824298	0.9807184	-4.346444e-17	0	300
2.3794999999998117e-10	0.19528934	0.000697437	0.980721	-4.346445e-17	0	300
2.380499999999812e-10	0.19527598	0.0007122194	0.9807238	-4.3464424e-17	0	300
2.3814999999998123e-10	0.19526252	0.0007267754	0.98072636	-4.3464437e-17	0	300
2.3824999999998126e-10	0.19524886	0.00074110396	0.98072916	-4.3464447e-17	0	300
2.383499999999813e-10	0.19523504	0.00075520365	0.98073184	-4.3464437e-17	0	300
2.384499999999813e-10	0.19522113	0.00076907326	0.98073465	-4.346444e-17	0	300
2.3854999999998136e-10	0.19520704	0.0007827116	0.9807374	-4.3464434e-17	0	300
2.386499999999814e-10	0.19519281	0.00079611765	0.9807403	-4.3464444e-17	0	300
2.387499999999814e-10	0.19517846	0.0008092903	0.9807432	-4.346444e-17	0	300
2.3884999999998145e-10	0.195164	0.0008222283	0.98074615	-4.346444e-17	0	300
2.389499999999815e-10	0.19514938	0.00083493086	0.9807489	-4.346443e-17	0	300
2.390499999999815e-10	0.19513465	0.0008473972	0.9807519	-4.346444e-17	0	300
2.3914999999998154e-10	0.1951198	0.00085962616	0.98075485	-4.3464434e-17	0	300
2.3924999999998157e-10	0.19510484	0.0008716171	0.98075783	-4.3464437e-17	0	300
2.393499999999816e-10	0.19508977	0.0008833693	0.9807609	-4.3464434e-17	0	300
2.3944999999998163e-10	0.19507456	0.000894882	0.980764	-4.3464447e-17	0	300
2.3954999999998166e-10	0.19505927	0.00090615446	0.980767	-4.3464447e-17	0	300
2.396499999999817e-10	0.19504389	0.0009171859	0.98077	-4.346445e-17	0	300
2.397499999999817e-10	0.1950284	0.0009279762	0.9807731	-4.3464447e-17	0	300
2.3984999999998175e-10	0.1950128	0.00093852467	0.9807762	-4.3464447e-17	0	300
2.399499999999818e-10	0.19499712	0.0009488307	0.9807794	-4.3464447e-17	0	300
2.400499999999818e-10	0.19498135	0.0009588937	0.9807825	-4.346445e-17	0	300
2.4014999999998185e-10	0.1949655	0.0009687137	0.98078567	-4.3464447e-17	0	300
2.402499999999819e-10	0.19494957	0.0009782901	0.9807888	-4.3464457e-17	0	300
2.403499999999819e-10	0.19493355	0.0009876227	0.98079205	-4.346445e-17	0	300
2.4044999999998194e-10	0.19491746	0.0009967112	0.98079526	-4.3464457e-17	0	300
2.4054999999998197e-10	0.19490132	0.0010055555	0.9807985	-4.3464447e-17	0	300
2.40649999999982e-10	0.19488509	0.0010141553	0.9808017	-4.346445e-17	0	300
2.4074999999998203e-10	0.19486879	0.0010225108	0.9808051	-4.346446e-17	0	300
2.4084999999998206e-10	0.19485246	0.0010306219	0.98080826	-4.346446e-17	0	300
2.409499999999821e-10	0.19483607	0.0010384883	0.9808115	-4.3464453e-17	0	300
2.410499999999821e-10	0.1948196	0.0010461103	0.9808149	-4.3464447e-17	0	300
2.4114999999998215e-10	0.1948031	0.001053488	0.98081815	-4.346445e-17	0	300
2.412499999999822e-10	0.19478656	0.0010606213	0.9808214	-4.3464444e-17	0	300
2.413499999999822e-10	0.19476995	0.0010675108	0.9808247	-4.346446e-17	0	300
2.4144999999998225e-10	0.19475332	0.0010741564	0.9808281	-4.346447e-17	0	300
2.415499999999823e-10	0.19473664	0.0010805584	0.9808314	-4.3464463e-17	0	300
2.416499999999823e-10	0.19471996	0.0010867172	0.9808347	-4.346446e-17	0	300
2.4174999999998234e-10	0.19470322	0.0010926332	0.98083806	-4.346446e-17	0	300
2.4184999999998237e-10	0.19468647	0.0010983065	0.9808414	-4.3464457e-17	0	300
2.419499999999824e-10	0.19466968	0.0011037381	0.98084486	-4.346447e-17	0	300
2.4204999999998243e-10	0.19465287	0.0011089279	0.98084813	-4.3464457e-17	0	300
2.4214999999998246e-10	0.19463605	0.0011138767	0.9808515	-4.346447e-17	0	300
2.422499999999825e-10	0.19461922	0.0011185854	0.98085487	-4.3464463e-17	0	300
2.423499999999825e-10	0.19460239	0.0011230537	0.98085827	-4.3464457e-17	0	300
2.4244999999998255e-10	0.19458555	0.0011272833	0.98086154	-4.346446e-17	0	300
2.425499999999826e-10	0.1945687	0.0011312742	0.9808649	-4.3464467e-17	0	300
2.426499999999826e-10	0.19455184	0.0011350275	0.9808682	-4.3464467e-17	0	300
2.4274999999998264e-10	0.19453499	0.0011385437	0.98087174	-4.346446e-17	0	300
2.428499999999827e-10	0.19451815	0.0011418237	0.98087513	-4.346446e-17	0	300
2.429499999999827e-10	0.19450131	0.0011448687	0.9808784	-4.3464453e-17	0	300
2.4304999999998274e-10	0.1944845	0.001147679	0.9808818	-4.346447e-17	0	300
2.4314999999998277e-10	0.1944677	0.0011502559	0.9808851	-4.346446e-17	0	300
2.432499999999828e-10	0.19445093	0.0011526004	0.9808885	-4.3464467e-17	0	300
2.4334999999998283e-10	0.19443415	0.0011547134	0.9808918	-4.3464467e-17	0	300
2.4344999999998286e-10	0.1944174	0.0011565959	0.98089516	-4.3464467e-17	0	300
2.435499999999829e-10	0.1944007	0.0011582489	0.98089856	-4.3464463e-17	0	300
2.436499999999829e-10	0.19438402	0.0011596737	0.9809019	-4.3464463e-17	0	300
2.4374999999998295e-10	0.19436736	0.0011608712	0.9809051	-4.3464473e-17	0	300
2.43849999999983e-10	0.19435076	0.001161843	0.9809085	-4.3464477e-17	0	300
2.43949999999983e-10	0.1943342	0.0011625898	0.98091185	-4.346446e-17	0	300
2.4404999999998304e-10	0.19431767	0.0011631136	0.9809151	-4.3464473e-17	0	300
2.4414999999998307e-10	0.19430119	0.0011634149	0.9809185	-4.3464467e-17	0	300
2.442499999999831e-10	0.19428475	0.0011634956	0.9809216	-4.346447e-17	0	300
2.4434999999998313e-10	0.19426835	0.0011633568	0.980925	-4.3464467e-17	0	300
2.4444999999998317e-10	0.19425201	0.0011629999	0.9809283	-4.3464467e-17	0	300
2.445499999999832e-10	0.19423574	0.0011624263	0.9809316	-4.346447e-17	0	300
2.4464999999998323e-10	0.19421951	0.0011616375	0.98093474	-4.346448e-17	0	300
2.4474999999998326e-10	0.19420336	0.0011606351	0.980938	-4.3464463e-17	0	300
2.448499999999833e-10	0.19418727	0.0011594205	0.9809413	-4.346447e-17	0	300
2.449499999999833e-10	0.19417126	0.0011579952	0.98094445	-4.346447e-17	0	300
2.4504999999998335e-10	0.1941553	0.0011563611	0.9809476	-4.3464477e-17	0	300
2.451499999999834e-10	0.1941394	0.0011545194	0.9809509	-4.3464473e-17	0	300
2.452499999999834e-10	0.19412361	0.0011524721	0.98095393	-4.346447e-17	0	300
2.4534999999998344e-10	0.19410789	0.0011502207	0.98095703	-4.3464483e-17	0	300
2.4544999999998347e-10	0.19409223	0.0011477668	0.98096025	-4.346447e-17	0	300
2.455499999999835e-10	0.19407666	0.0011451123	0.9809634	-4.3464463e-17	0	300
2.4564999999998353e-10	0.19406117	0.001142259	0.9809665	-4.3464467e-17	0	300
2.4574999999998356e-10	0.19404577	0.0011392082	0.9809695	-4.346447e-17	0	300
2.458499999999836e-10	0.19403046	0.0011359622	0.9809726	-4.3464477e-17	0	300
2.459499999999836e-10	0.19401523	0.0011325227	0.9809756	-4.3464477e-17	0	300
2.4604999999998366e-10	0.19400014	0.0011288916	0.98097867	-4.3464477e-17	0	300
2.461499999999837e-10	0.1939851	0.0011250707	0.9809817	-4.346448e-17	0	300
2.462499999999837e-10	0.19397017	0.001121062	0.9809847	-4.346448e-17	0	300
2.4634999999998375e-10	0.19395535	0.0011168672	0.98098767	-4.3464473e-17	0	300
2.464499999999838e-10	0.19394062	0.0011124883	0.9809905	-4.346447e-17	0	300
2.465499999999838e-10	0.19392602	0.0011079274	0.9809935	-4.3464493e-17	0	300
2.4664999999998384e-10	0.19391151	0.0011031866	0.9809965	-4.3464473e-17	0	300
2.4674999999998387e-10	0.19389708	0.0010982675	0.9809993	-4.3464473e-17	0	300
2.468499999999839e-10	0.1938828	0.0010931726	0.98100215	-4.3464463e-17	0	300
2.4694999999998393e-10	0.1938686	0.0010879036	0.98100495	-4.3464477e-17	0	300
2.4704999999998396e-10	0.19385454	0.0010824627	0.98100793	-4.3464477e-17	0	300
2.47149999999984e-10	0.1938406	0.0010768522	0.9810107	-4.3464463e-17	0	300
2.47249999999984e-10	0.19382676	0.0010710738	0.9810134	-4.346448e-17	0	300
2.4734999999998405e-10	0.19381306	0.0010651301	0.98101616	-4.3464473e-17	0	300
2.474499999999841e-10	0.19379947	0.0010590231	0.98101896	-4.3464483e-17	0	300
2.475499999999841e-10	0.19378601	0.0010527547	0.98102164	-4.3464487e-17	0	300
2.4764999999998415e-10	0.19377267	0.0010463272	0.9810243	-4.346448e-17	0	300
2.477499999999842e-10	0.19375947	0.001039743	0.9810269	-4.3464487e-17	0	300
2.478499999999842e-10	0.19374639	0.001033004	0.98102945	-4.3464477e-17	0	300
2.4794999999998424e-10	0.19373345	0.0010261128	0.9810321	-4.3464477e-17	0	300
2.4804999999998427e-10	0.19372061	0.0010190714	0.9810347	-4.346449e-17	0	300
2.481499999999843e-10	0.19370794	0.0010118822	0.98103726	-4.346448e-17	0	300
2.4824999999998433e-10	0.1936954	0.0010045473	0.9810397	-4.346448e-17	0	300
2.4834999999998436e-10	0.19368298	0.0009970693	0.98104227	-4.346449e-17	0	300
2.484499999999844e-10	0.19367073	0.00098945	0.9810446	-4.3464487e-17	0	300
2.485499999999844e-10	0.19365859	0.000981692	0.98104715	-4.346448e-17	0	300
2.4864999999998445e-10	0.19364661	0.00097379775	0.9810495	-4.3464483e-17	0	300
2.487499999999845e-10	0.19363475	0.0009657694	0.9810519	-4.346448e-17	0	300
2.488499999999845e-10	0.19362307	0.0009576095	0.98105425	-4.34645e-17	0	300
2.4894999999998455e-10	0.1936115	0.00094932015	0.9810566	-4.3464483e-17	0	300
2.490499999999846e-10	0.1936001	0.00094090373	0.98105884	-4.346449e-17	0	300
2.491499999999846e-10	0.19358884	0.0009323628	0.9810611	-4.3464483e-17	0	300
2.4924999999998464e-10	0.19357772	0.0009236996	0.98106337	-4.3464493e-17	0	300
2.4934999999998467e-10	0.19356677	0.0009149165	0.9810655	-4.3464493e-17	0	300
2.494499999999847e-10	0.19355597	0.00090601604	0.98106766	-4.346449e-17	0	300
2.4954999999998473e-10	0.19354531	0.00089700066	0.9810698	-4.346448e-17	0	300
2.4964999999998476e-10	0.1935348	0.00088787265	0.981072	-4.346449e-17	0	300
2.497499999999848e-10	0.19352446	0.00087863446	0.98107404	-4.3464493e-17	0	300
2.498499999999848e-10	0.19351427	0.00086928846	0.9810761	-4.3464493e-17	0	300
2.4994999999998485e-10	0.19350424	0.00085983705	0.9810781	-4.3464506e-17	0	300
2.500499999999849e-10	0.19349435	0.0008502829	0.98108006	-4.3464493e-17	0	300
2.501499999999849e-10	0.19348465	0.0008406282	0.98108196	-4.34645e-17	0	300
2.5024999999998494e-10	0.1934751	0.0008308756	0.9810839	-4.3464483e-17	0	300
2.50349999999985e-10	0.19346568	0.0008210275	0.9810858	-4.346449e-17	0	300
2.50449999999985e-10	0.19345646	0.0008110862	0.9810876	-4.3464493e-17	0	300
2.5054999999998504e-10	0.19344738	0.00080105424	0.9810895	-4.346449e-17	0	300
2.5064999999998507e-10	0.19343847	0.00079093414	0.9810912	-4.34645e-17	0	300
2.507499999999851e-10	0.19342974	0.0007807282	0.98109305	-4.3464496e-17	0	300
2.5084999999998513e-10	0.19342114	0.0007704389	0.9810948	-4.346449e-17	0	300
2.5094999999998516e-10	0.1934127	0.0007600688	0.98109645	-4.34645e-17	0	300
2.510499999999852e-10	0.19340447	0.0007496204	0.9810981	-4.3464506e-17	0	300
2.511499999999852e-10	0.19339636	0.00073909597	0.9810997	-4.3464487e-17	0	300
2.5124999999998525e-10	0.19338845	0.0007284983	0.9811014	-4.34645e-17	0	300
2.513499999999853e-10	0.19338068	0.00071782933	0.9811029	-4.3464506e-17	0	300
2.514499999999853e-10	0.1933731	0.00070709194	0.9811045	-4.3464496e-17	0	300
2.5154999999998534e-10	0.19336568	0.00069628836	0.981106	-4.3464483e-17	0	300
2.5164999999998537e-10	0.1933584	0.0006854213	0.98110735	-4.3464506e-17	0	300
2.517499999999854e-10	0.19335133	0.0006744929	0.9811088	-4.34645e-17	0	300
2.5184999999998544e-10	0.19334441	0.0006635058	0.9811102	-4.34645e-17	0	300
2.5194999999998547e-10	0.19333765	0.0006524622	0.9811115	-4.3464513e-17	0	300
2.520499999999855e-10	0.19333108	0.0006413648	0.9811129	-4.3464487e-17	0	300
2.5214999999998553e-10	0.19332466	0.0006302158	0.98111415	-4.346449e-17	0	300
2.5224999999998556e-10	0.19331841	0.0006190177	0.9811154	-4.346449e-17	0	300
2.523499999999856e-10	0.19331233	0.000607773	0.98111665	-4.34645e-17	0	300
2.524499999999856e-10	0.19330643	0.000596484	0.9811179	-4.34645e-17	0	300
2.5254999999998565e-10	0.19330068	0.0005851533	0.9811189	-4.3464493e-17	0	300
2.526499999999857e-10	0.19329512	0.00057378307	0.9811201	-4.3464506e-17	0	300
2.527499999999857e-10	0.19328973	0.0005623756	0.9811212	-4.3464483e-17	0	300
2.5284999999998574e-10	0.19328448	0.0005509334	0.9811223	-4.34645e-17	0	300
2.5294999999998577e-10	0.19327942	0.000539459	0.98112327	-4.3464493e-17	0	300
2.530499999999858e-10	0.19327453	0.0005279545	0.9811243	-4.3464503e-17	0	300
2.5314999999998583e-10	0.19326979	0.0005164223	0.98112524	-4.3464513e-17	0	300
2.5324999999998586e-10	0.19326523	0.00050486485	0.98112625	-4.3464496e-17	0	300
2.533499999999859e-10	0.19326083	0.00049328426	0.9811271	-4.3464496e-17	0	300
2.5344999999998593e-10	0.19325662	0.00048168306	0.9811279	-4.346451e-17	0	300
2.5354999999998596e-10	0.19325256	0.00047006353	0.98112863	-4.34645e-17	0	300
2.53649999999986e-10	0.19324867	0.00045842788	0.98112947	-4.34645e-17	0	300
2.53749999999986e-10	0.19324496	0.00044677834	0.98113024	-4.3464496e-17	0	300
2.5384999999998605e-10	0.19324142	0.00043511746	0.9811311	-4.346449e-17	0	300
2.539499999999861e-10	0.19323802	0.00042344737	0.9811317	-4.3464506e-17	0	300
2.540499999999861e-10	0.1932348	0.00041177034	0.98113227	-4.3464496e-17	0	300
2.5414999999998614e-10	0.19323173	0.00040008858	0.9811329	-4.3464493e-17	0	300
2.5424999999998617e-10	0.19322884	0.00038840433	0.98113346	-4.3464503e-17	0	300
2.543499999999862e-10	0.19322613	0.00037671984	0.9811341	-4.3464503e-17	0	300
2.5444999999998623e-10	0.19322358	0.00036503733	0.98113465	-4.34645e-17	0	300
2.5454999999998626e-10	0.19322118	0.00035335898	0.98113513	-4.3464513e-17	0	300
2.546499999999863e-10	0.19321898	0.00034168683	0.9811356	-4.3464493e-17	0	300
2.547499999999863e-10	0.19321689	0.00033002323	0.98113596	-4.3464506e-17	0	300
2.5484999999998636e-10	0.193215	0.00031837018	0.98113644	-4.3464506e-17	0	300
2.549499999999864e-10	0.19321327	0.00030672984	0.98113674	-4.3464496e-17	0	300
2.550499999999864e-10	0.19321167	0.00029510437	0.98113704	-4.346451e-17	0	300
2.5514999999998645e-10	0.19321024	0.00028349587	0.9811373	-4.346452e-17	0	300
2.552499999999865e-10	0.193209	0.00027190644	0.98113763	-4.3464516e-17	0	300
2.553499999999865e-10	0.19320789	0.00026033816	0.98113775	-4.3464506e-17	0	300
2.5544999999998654e-10	0.19320695	0.00024879302	0.98113805	-4.3464503e-17	0	300
2.5554999999998657e-10	0.19320616	0.00023727308	0.9811381	-4.3464503e-17	0	300
2.556499999999866e-10	0.19320555	0.00022578037	0.98113835	-4.346451e-17	0	300
2.5574999999998663e-10	0.19320507	0.00021431687	0.98113847	-4.346453e-17	0	300
2.5584999999998666e-10	0.19320475	0.00020288455	0.9811386	-4.3464503e-17	0	300
2.559499999999867e-10	0.19320458	0.00019148538	0.9811386	-4.3464503e-17	0	300
2.560499999999867e-10	0.19320455	0.00018012131	0.9811386	-4.3464503e-17	0	300
2.5614999999998675e-10	0.1932047	0.00016879418	0.9811386	-4.3464523e-17	0	300
2.562499999999868e-10	0.19320498	0.00015750596	0.9811385	-4.3464516e-17	0	300
2.563499999999868e-10	0.19320542	0.00014625846	0.98113847	-4.346451e-17	0	300
2.5644999999998685e-10	0.19320601	0.00013505349	0.98113835	-4.3464513e-17	0	300
2.565499999999869e-10	0.19320673	0.00012389307	0.9811382	-4.3464506e-17	0	300
2.566499999999869e-10	0.19320762	0.00011277885	0.98113805	-4.3464506e-17	0	300
2.5674999999998694e-10	0.1932086	0.00010171271	0.9811378	-4.346451e-17	0	300
2.5684999999998697e-10	0.19320977	9.069636e-05	0.9811376	-4.3464503e-17	0	300
2.56949999999987e-10	0.1932111	7.973157e-05	0.9811374	-4.3464506e-17	0	300
2.5704999999998703e-10	0.19321255	6.882018e-05	0.98113704	-4.3464503e-17	0	300
2.5714999999998706e-10	0.19321415	5.7963814e-05	0.98113674	-4.346451e-17	0	300
2.572499999999871e-10	0.19321588	4.716428e-05	0.98113644	-4.3464513e-17	0	300
2.573499999999871e-10	0.19321777	3.642319e-05	0.9811361	-4.346452e-17	0	300
2.5744999999998715e-10	0.19321977	2.5742233e-05	0.98113567	-4.3464513e-17	0	300
2.575499999999872e-10	0.1932219	1.5122969e-05	0.98113525	-4.3464516e-17	0	300
2.576499999999872e-10	0.19322418	4.567155e-06	0.98113483	-4.3464503e-17	0	300
2.5774999999998725e-10	0.1932266	-5.9237445e-06	0.98113436	-4.3464516e-17	0	300
2.578499999999873e-10	0.19322914	-1.6348062e-05	0.9811338	-4.34645e-17	0	300
2.579499999999873e-10	0.19323182	-2.6704267e-05	0.98113334	-4.346452e-17	0	300
2.5804999999998734e-10	0.19323465	-3.6990885e-05	0.98113286	-4.3464513e-17	0	300
2.5814999999998737e-10	0.19323759	-4.7206348e-05	0.9811322	-4.3464503e-17	0	300
2.582499999999874e-10	0.19324064	-5.7349243e-05	0.98113155	-4.3464516e-17	0	300
2.5834999999998743e-10	0.19324383	-6.741805e-05	0.981131	-4.346451e-17	0	300
2.5844999999998746e-10	0.19324714	-7.741135e-05	0.98113036	-4.34645e-17	0	300
2.585499999999875e-10	0.1932506	-8.732766e-05	0.98112965	-4.3464506e-17	0	300
2.586499999999875e-10	0.19325414	-9.716563e-05	0.9811288	-4.3464513e-17	0	300
2.5874999999998755e-10	0.19325781	-0.00010692393	0.9811282	-4.346451e-17	0	300
2.588499999999876e-10	0.19326162	-0.00011660127	0.98112744	-4.3464513e-17	0	300
2.589499999999876e-10	0.19326553	-0.0001261963	0.9811268	-4.3464513e-17	0	300
2.5904999999998764e-10	0.19326955	-0.00013570779	0.98112583	-4.346451e-17	0	300
2.591499999999877e-10	0.19327371	-0.00014513443	0.98112506	-4.346452e-17	0	300
2.592499999999877e-10	0.19327796	-0.00015447498	0.9811243	-4.3464513e-17	0	300
2.5934999999998774e-10	0.19328232	-0.00016372823	0.9811234	-4.3464506e-17	0	300
2.5944999999998777e-10	0.19328679	-0.00017289289	0.9811225	-4.3464503e-17	0	300
2.595499999999878e-10	0.1932914	-0.00018196792	0.98112154	-4.3464513e-17	0	300
2.5964999999998783e-10	0.19329607	-0.00019095211	0.9811206	-4.346452e-17	0	300
2.5974999999998786e-10	0.19330087	-0.00019984433	0.98111975	-4.3464516e-17	0	300
2.598499999999879e-10	0.19330578	-0.0002086435	0.98111874	-4.3464513e-17	0	300
2.599499999999879e-10	0.19331077	-0.00021734853	0.9811178	-4.3464516e-17	0	300
2.6004999999998795e-10	0.19331586	-0.00022595841	0.9811167	-4.3464506e-17	0	300
2.60149999999988e-10	0.19332105	-0.00023447213	0.98111564	-4.3464506e-17	0	300
2.60249999999988e-10	0.19332637	-0.00024288858	0.9811146	-4.3464523e-17	0	300
2.6034999999998804e-10	0.19333175	-0.0002512068	0.98111355	-4.346451e-17	0	300
2.6044999999998807e-10	0.19333723	-0.0002594259	0.9811125	-4.346451e-17	0	300
2.605499999999881e-10	0.19334282	-0.0002675449	0.98111135	-4.346451e-17	0	300
2.6064999999998813e-10	0.1933485	-0.00027556292	0.9811102	-4.346452e-17	0	300
2.6074999999998817e-10	0.19335426	-0.00028347917	0.9811091	-4.3464506e-17	0	300
2.608499999999882e-10	0.1933601	-0.0002912926	0.98110795	-4.346452e-17	0	300
2.6094999999998823e-10	0.19336605	-0.00029900248	0.9811067	-4.346452e-17	0	300
2.6104999999998826e-10	0.19337206	-0.00030660804	0.98110557	-4.346451e-17	0	300
2.611499999999883e-10	0.19337814	-0.00031410845	0.9811044	-4.3464506e-17	0	300
2.612499999999883e-10	0.1933843	-0.00032150297	0.98110306	-4.346452e-17	0	300
2.6134999999998835e-10	0.1933906	-0.00032879083	0.9811019	-4.3464513e-17	0	300
2.614499999999884e-10	0.19339693	-0.00033597153	0.9811006	-4.3464513e-17	0	300
2.615499999999884e-10	0.19340333	-0.0003430442	0.98109937	-4.3464516e-17	0	300
2.6164999999998844e-10	0.19340982	-0.00035000828	0.9810981	-4.3464513e-17	0	300
2.6174999999998847e-10	0.19341636	-0.00035686302	0.9810968	-4.3464513e-17	0	300
2.618499999999885e-10	0.193423	-0.0003636078	0.98109555	-4.3464513e-17	0	300
2.6194999999998853e-10	0.1934297	-0.00037024217	0.981094	-4.3464526e-17	0	300
2.6204999999998856e-10	0.19343647	-0.00037676547	0.98109275	-4.3464526e-17	0	300
2.621499999999886e-10	0.19344327	-0.00038317722	0.98109144	-4.3464516e-17	0	300
2.622499999999886e-10	0.19345018	-0.00038947692	0.98109007	-4.3464516e-17	0	300
2.6234999999998866e-10	0.19345713	-0.00039566404	0.9810887	-4.346452e-17	0	300
2.624499999999887e-10	0.19346416	-0.0004017382	0.9810872	-4.346452e-17	0	300
2.625499999999887e-10	0.19347122	-0.00040769883	0.9810858	-4.3464526e-17	0	300
2.6264999999998875e-10	0.19347836	-0.00041354564	0.98108447	-4.3464523e-17	0	300
2.627499999999888e-10	0.19348557	-0.00041927802	0.9810829	-4.346453e-17	0	300
2.628499999999888e-10	0.1934928	-0.00042489584	0.9810816	-4.3464513e-17	0	300
2.6294999999998884e-10	0.19350009	-0.00043039874	0.9810802	-4.3464526e-17	0	300
2.6304999999998887e-10	0.19350743	-0.0004357864	0.98107857	-4.346453e-17	0	300
2.631499999999889e-10	0.19351482	-0.00044105842	0.98107713	-4.346453e-17	0	300
2.6324999999998893e-10	0.19352227	-0.0004462145	0.9810757	-4.346451e-17	0	300
2.6334999999998896e-10	0.19352975	-0.00045125445	0.9810743	-4.346452e-17	0	300
2.63449999999989e-10	0.1935373	-0.0004561781	0.98107266	-4.3464513e-17	0	300
2.63549999999989e-10	0.19354488	-0.00046098515	0.98107123	-4.346451e-17	0	300
2.6364999999998905e-10	0.19355248	-0.00046567546	0.9810697	-4.346452e-17	0	300
2.637499999999891e-10	0.19356015	-0.00047024875	0.9810682	-4.3464516e-17	0	300
2.638499999999891e-10	0.19356783	-0.00047470498	0.9810667	-4.3464533e-17	0	300
2.6394999999998915e-10	0.19357556	-0.00047904407	0.98106503	-4.3464526e-17	0	300
2.640499999999892e-10	0.19358332	-0.0004832659	0.9810636	-4.346452e-17	0	300
2.641499999999892e-10	0.19359112	-0.00048737027	0.981062	-4.3464523e-17	0	300
2.6424999999998924e-10	0.19359894	-0.0004913574	0.9810605	-4.346452e-17	0	300
2.6434999999998927e-10	0.1936068	-0.00049522705	0.98105884	-4.3464526e-17	0	300
2.644499999999893e-10	0.19361468	-0.0004989791	0.9810573	-4.3464526e-17	0	300
2.6454999999998933e-10	0.19362259	-0.0005026139	0.98105574	-4.3464533e-17	0	300
2.6464999999998936e-10	0.19363052	-0.00050613144	0.9810542	-4.3464516e-17	0	300
2.647499999999894e-10	0.19363844	-0.0005095318	0.9810526	-4.3464526e-17	0	300
2.648499999999894e-10	0.19364643	-0.00051281496	0.9810509	-4.346452e-17	0	300
2.6494999999998945e-10	0.19365439	-0.0005159811	0.9810494	-4.3464516e-17	0	300
2.650499999999895e-10	0.19366243	-0.0005190303	0.98104775	-4.346452e-17	0	300
2.651499999999895e-10	0.19367044	-0.0005219629	0.98104626	-4.3464516e-17	0	300
2.6524999999998955e-10	0.19367847	-0.000524779	0.98104453	-4.3464526e-17	0	300
2.653499999999896e-10	0.19368649	-0.0005274789	0.9810429	-4.3464516e-17	0	300
2.654499999999896e-10	0.19369455	-0.00053006265	0.9810414	-4.3464503e-17	0	300
2.6554999999998964e-10	0.19370261	-0.00053253066	0.9810399	-4.3464526e-17	0	300
2.6564999999998967e-10	0.19371067	-0.00053488306	0.98103815	-4.3464523e-17	0	300
2.657499999999897e-10	0.19371876	-0.00053712016	0.98103666	-4.3464526e-17	0	300
2.6584999999998973e-10	0.19372682	-0.0005392421	0.981035	-4.3464526e-17	0	300
2.6594999999998976e-10	0.19373491	-0.0005412496	0.9810333	-4.3464523e-17	0	300
2.660499999999898e-10	0.19374298	-0.0005431427	0.9810318	-4.3464526e-17	0	300
2.661499999999898e-10	0.19375107	-0.00054492196	0.9810301	-4.3464526e-17	0	300
2.6624999999998985e-10	0.19375913	-0.0005465875	0.98102856	-4.3464523e-17	0	300
2.663499999999899e-10	0.19376723	-0.0005481399	0.9810269	-4.3464526e-17	0	300
2.664499999999899e-10	0.19377528	-0.00054957933	0.9810253	-4.3464526e-17	0	300
2.6654999999998994e-10	0.19378336	-0.00055090646	0.9810237	-4.3464523e-17	0	300
2.6664999999999e-10	0.19379142	-0.0005521217	0.9810221	-4.346452e-17	0	300
2.6674999999999e-10	0.19379947	-0.0005532256	0.98102045	-4.3464523e-17	0	300
2.6684999999999004e-10	0.1938075	-0.0005542184	0.9810189	-4.346452e-17	0	300
2.6694999999999007e-10	0.19381551	-0.0005551008	0.98101735	-4.3464523e-17	0	300
2.670499999999901e-10	0.19382353	-0.0005558732	0.9810157	-4.3464526e-17	0	300
2.6714999999999013e-10	0.19383155	-0.00055653637	0.981014	-4.3464516e-17	0	300
2.6724999999999016e-10	0.19383952	-0.0005570906	0.98101246	-4.3464513e-17	0	300
2.673499999999902e-10	0.19384748	-0.0005575368	0.9810109	-4.346453e-17	0	300
2.674499999999902e-10	0.19385543	-0.00055787514	0.9810093	-4.346452e-17	0	300
2.6754999999999025e-10	0.19386335	-0.00055810646	0.98100775	-4.346452e-17	0	300
2.676499999999903e-10	0.19387126	-0.0005582313	0.98100615	-4.3464523e-17	0	300
2.677499999999903e-10	0.19387913	-0.0005582504	0.98100454	-4.3464516e-17	0	300
2.6784999999999034e-10	0.193887	-0.0005581642	0.9810029	-4.346453e-17	0	300
2.6794999999999037e-10	0.19389482	-0.0005579737	0.9810015	-4.3464516e-17	0	300
2.680499999999904e-10	0.19390261	-0.0005576793	0.9809998	-4.346453e-17	0	300
2.6814999999999044e-10	0.19391039	-0.00055728183	0.98099834	-4.3464523e-17	0	300
2.6824999999999047e-10	0.19391815	-0.0005567819	0.98099685	-4.3464533e-17	0	300
2.683499999999905e-10	0.19392586	-0.00055618025	0.98099524	-4.3464526e-17	0	300
2.6844999999999053e-10	0.19393353	-0.00055547775	0.9809937	-4.346453e-17	0	300
2.6854999999999056e-10	0.19394119	-0.00055467495	0.9809922	-4.346452e-17	0	300
2.686499999999906e-10	0.1939488	-0.0005537729	0.98099065	-4.3464523e-17	0	300
2.687499999999906e-10	0.19395638	-0.0005527722	0.98098916	-4.3464526e-17	0	300
2.6884999999999065e-10	0.19396392	-0.00055167376	0.98098767	-4.3464536e-17	0	300
2.689499999999907e-10	0.19397143	-0.0005504784	0.98098624	-4.346453e-17	0	300
2.690499999999907e-10	0.19397888	-0.0005491869	0.98098475	-4.3464536e-17	0	300
2.6914999999999074e-10	0.19398631	-0.00054780004	0.9809832	-4.346453e-17	0	300
2.6924999999999077e-10	0.19399369	-0.0005463188	0.98098177	-4.3464536e-17	0	300
2.693499999999908e-10	0.194001	-0.000544744	0.9809802	-4.3464526e-17	0	300
2.6944999999999083e-10	0.1940083	-0.00054307655	0.9809788	-4.3464526e-17	0	300
2.6954999999999086e-10	0.19401555	-0.00054131733	0.9809774	-4.346453e-17	0	300
2.696499999999909e-10	0.19402276	-0.0005394671	0.9809759	-4.3464526e-17	0	300
2.6974999999999093e-10	0.1940299	-0.000537527	0.98097444	-4.3464533e-17	0	300
2.6984999999999096e-10	0.194037	-0.00053549773	0.9809731	-4.346453e-17	0	300
2.69949999999991e-10	0.19404408	-0.0005333805	0.98097163	-4.3464536e-17	0	300
2.70049999999991e-10	0.19405107	-0.0005311761	0.9809704	-4.3464516e-17	0	300
2.7014999999999105e-10	0.19405803	-0.00052888534	0.9809689	-4.3464533e-17	0	300
2.702499999999911e-10	0.19406494	-0.0005265095	0.9809674	-4.3464523e-17	0	300
2.703499999999911e-10	0.19407178	-0.0005240492	0.98096615	-4.3464533e-17	0	300
2.7044999999999114e-10	0.19407856	-0.0005215056	0.9809648	-4.346453e-17	0	300
2.7054999999999117e-10	0.1940853	-0.00051887974	0.9809634	-4.346452e-17	0	300
2.706499999999912e-10	0.19409199	-0.0005161726	0.98096204	-4.346454e-17	0	300
2.7074999999999123e-10	0.19409862	-0.0005133853	0.9809608	-4.3464526e-17	0	300
2.7084999999999126e-10	0.1941052	-0.0005105187	0.98095953	-4.3464536e-17	0	300
2.709499999999913e-10	0.19411168	-0.0005075739	0.9809582	-4.346453e-17	0	300
2.710499999999913e-10	0.19411814	-0.0005045519	0.9809569	-4.3464533e-17	0	300
2.7114999999999136e-10	0.19412452	-0.00050145376	0.9809556	-4.3464526e-17	0	300
2.712499999999914e-10	0.19413085	-0.00049828057	0.9809543	-4.346453e-17	0	300
2.713499999999914e-10	0.19413713	-0.00049503334	0.98095316	-4.3464536e-17	0	300
2.7144999999999145e-10	0.19414331	-0.00049171323	0.9809518	-4.3464533e-17	0	300
2.715499999999915e-10	0.19414946	-0.00048832136	0.9809506	-4.3464526e-17	0	300
2.716499999999915e-10	0.19415551	-0.0004848587	0.98094946	-4.346453e-17	0	300
2.7174999999999154e-10	0.19416153	-0.00048132622	0.9809482	-4.3464533e-17	0	300
2.7184999999999157e-10	0.19416748	-0.00047772544	0.980947	-4.346452e-17	0	300
2.719499999999916e-10	0.19417334	-0.00047405701	0.9809458	-4.3464533e-17	0	300
2.7204999999999163e-10	0.19417915	-0.00047032227	0.9809447	-4.3464533e-17	0	300
2.7214999999999166e-10	0.1941849	-0.0004665223	0.98094356	-4.346453e-17	0	300
2.722499999999917e-10	0.19419056	-0.0004626583	0.9809424	-4.3464533e-17	0	300
2.723499999999917e-10	0.19419616	-0.00045873126	0.9809413	-4.346453e-17	0	300
2.7244999999999175e-10	0.19420168	-0.00045474246	0.9809402	-4.3464523e-17	0	300
2.725499999999918e-10	0.19420716	-0.00045069307	0.980939	-4.3464523e-17	0	300
2.726499999999918e-10	0.19421256	-0.00044658393	0.98093796	-4.346453e-17	0	300
2.7274999999999185e-10	0.19421786	-0.00044241638	0.98093694	-4.3464533e-17	0	300
2.728499999999919e-10	0.1942231	-0.00043819158	0.9809359	-4.3464536e-17	0	300
2.729499999999919e-10	0.19422829	-0.00043391055	0.98093474	-4.3464536e-17	0	300
2.7304999999999194e-10	0.19423337	-0.00042957457	0.98093385	-4.346453e-17	0	300
2.7314999999999197e-10	0.1942384	-0.00042518487	0.98093283	-4.346453e-17	0	300
2.73249999999992e-10	0.19424334	-0.00042074255	0.9809319	-4.3464526e-17	0	300
2.7334999999999203e-10	0.19424823	-0.0004162488	0.9809309	-4.3464523e-17	0	300
2.7344999999999206e-10	0.19425301	-0.0004117047	0.9809299	-4.3464526e-17	0	300
2.735499999999921e-10	0.19425774	-0.00040711145	0.980929	-4.3464533e-17	0	300
2.736499999999921e-10	0.19426239	-0.0004024702	0.98092794	-4.3464546e-17	0	300
2.7374999999999215e-10	0.19426697	-0.00039778216	0.9809271	-4.346453e-17	0	300
2.738499999999922e-10	0.19427145	-0.0003930486	0.9809263	-4.3464533e-17	0	300
2.739499999999922e-10	0.19427586	-0.00038827045	0.9809254	-4.3464536e-17	0	300
2.7404999999999224e-10	0.1942802	-0.00038344908	0.9809245	-4.3464536e-17	0	300
2.741499999999923e-10	0.19428447	-0.00037858562	0.98092365	-4.3464523e-17	0	300
2.742499999999923e-10	0.19428866	-0.00037368134	0.9809227	-4.3464533e-17	0	300
2.7434999999999234e-10	0.19429275	-0.00036873735	0.9809219	-4.346453e-17	0	300
2.7444999999999237e-10	0.19429678	-0.0003637548	0.98092115	-4.346454e-17	0	300
2.745499999999924e-10	0.19430073	-0.000358735	0.98092043	-4.3464533e-17	0	300
2.7464999999999243e-10	0.19430457	-0.00035367886	0.98091954	-4.3464533e-17	0	300
2.7474999999999246e-10	0.19430837	-0.00034858764	0.98091877	-4.3464523e-17	0	300
2.748499999999925e-10	0.19431207	-0.00034346254	0.98091805	-4.3464533e-17	0	300
2.749499999999925e-10	0.19431569	-0.00033830485	0.9809173	-4.346453e-17	0	300
2.7504999999999255e-10	0.19431925	-0.0003331157	0.9809166	-4.346453e-17	0	300
2.751499999999926e-10	0.19432269	-0.00032789615	0.9809159	-4.3464523e-17	0	300
2.752499999999926e-10	0.1943261	-0.0003226475	0.9809153	-4.3464533e-17	0	300
2.7534999999999264e-10	0.1943294	-0.00031737087	0.98091465	-4.346453e-17	0	300
2.754499999999927e-10	0.19433261	-0.00031206742	0.980914	-4.3464536e-17	0	300
2.755499999999927e-10	0.19433576	-0.00030673837	0.9809133	-4.3464543e-17	0	300
2.7564999999999274e-10	0.19433883	-0.00030138466	0.9809127	-4.346453e-17	0	300
2.7574999999999277e-10	0.19434181	-0.00029600784	0.9809122	-4.3464546e-17	0	300
2.758499999999928e-10	0.1943447	-0.00029060876	0.9809115	-4.3464536e-17	0	300
2.7594999999999283e-10	0.19434753	-0.00028518864	0.98091096	-4.346453e-17	0	300
2.7604999999999286e-10	0.19435027	-0.0002797486	0.98091036	-4.3464536e-17	0	300
2.761499999999929e-10	0.19435292	-0.0002742899	0.9809098	-4.3464536e-17	0	300
2.762499999999929e-10	0.19435552	-0.0002688136	0.9809093	-4.3464533e-17	0	300
2.7634999999999295e-10	0.194358	-0.0002633209	0.9809089	-4.346453e-17	0	300
2.76449999999993e-10	0.19436042	-0.00025781276	0.98090833	-4.3464536e-17	0	300
2.76549999999993e-10	0.19436273	-0.00025229045	0.9809079	-4.3464543e-17	0	300
2.7664999999999304e-10	0.19436501	-0.00024675517	0.98090744	-4.3464536e-17	0	300
2.7674999999999307e-10	0.19436717	-0.00024120788	0.980907	-4.346454e-17	0	300
2.768499999999931e-10	0.19436926	-0.0002356497	0.98090667	-4.3464523e-17	0	300
2.7694999999999313e-10	0.19437128	-0.00023008171	0.9809062	-4.3464523e-17	0	300
2.7704999999999317e-10	0.19437324	-0.00022450523	0.98090583	-4.3464536e-17	0	300
2.771499999999932e-10	0.19437505	-0.00021892117	0.9809055	-4.3464526e-17	0	300
2.7724999999999323e-10	0.19437684	-0.00021333063	0.98090506	-4.346453e-17	0	300
2.7734999999999326e-10	0.19437854	-0.00020773473	0.98090476	-4.346454e-17	0	300
2.774499999999933e-10	0.19438013	-0.00020213454	0.98090446	-4.3464533e-17	0	300
2.775499999999933e-10	0.19438167	-0.00019653115	0.98090416	-4.3464533e-17	0	300
2.7764999999999335e-10	0.19438311	-0.00019092574	0.9809039	-4.3464533e-17	0	300
2.777499999999934e-10	0.1943845	-0.00018531932	0.98090357	-4.3464536e-17	0	300
2.778499999999934e-10	0.19438578	-0.00017971297	0.9809032	-4.346453e-17	0	300
2.7794999999999344e-10	0.194387	-0.00017410766	0.98090297	-4.3464536e-17	0	300
2.7804999999999347e-10	0.19438814	-0.00016850446	0.98090273	-4.3464536e-17	0	300
2.781499999999935e-10	0.19438918	-0.0001629045	0.98090255	-4.3464536e-17	0	300
2.7824999999999353e-10	0.19439015	-0.0001573087	0.9809023	-4.3464526e-17	0	300
2.7834999999999356e-10	0.19439107	-0.00015171815	0.9809023	-4.3464526e-17	0	300
2.784499999999936e-10	0.19439188	-0.0001461339	0.9809021	-4.346453e-17	0	300
2.785499999999936e-10	0.19439262	-0.00014055682	0.98090196	-4.3464533e-17	0	300
2.7864999999999366e-10	0.19439332	-0.00013498808	0.9809017	-4.3464526e-17	0	300
2.787499999999937e-10	0.19439392	-0.00012942858	0.98090154	-4.3464543e-17	0	300
2.788499999999937e-10	0.19439442	-0.00012387928	0.9809015	-4.3464533e-17	0	300
2.7894999999999375e-10	0.19439486	-0.00011834124	0.9809014	-4.3464526e-17	0	300
2.790499999999938e-10	0.19439523	-0.00011281538	0.98090136	-4.3464533e-17	0	300
2.791499999999938e-10	0.19439554	-0.00010730264	0.98090124	-4.3464543e-17	0	300
2.7924999999999384e-10	0.19439575	-0.00010180407	0.98090124	-4.3464526e-17	0	300
2.7934999999999387e-10	0.19439587	-9.632054e-05	0.98090124	-4.3464536e-17	0	300
2.794499999999939e-10	0.19439596	-9.0852984e-05	0.9809011	-4.3464536e-17	0	300
2.7954999999999393e-10	0.19439597	-8.540219e-05	0.9809012	-4.3464536e-17	0	300
2.7964999999999396e-10	0.19439588	-7.996934e-05	0.9809012	-4.3464523e-17	0	300
2.79749999999994e-10	0.19439574	-7.455524e-05	0.98090124	-4.3464526e-17	0	300
2.79849999999994e-10	0.19439553	-6.916076e-05	0.98090124	-4.346453e-17	0	300
2.7994999999999405e-10	0.19439523	-6.378676e-05	0.98090136	-4.3464526e-17	0	300
2.800499999999941e-10	0.19439489	-5.8434194e-05	0.98090136	-4.3464553e-17	0	300
2.801499999999941e-10	0.19439445	-5.310395e-05	0.9809015	-4.3464526e-17	0	300
2.8024999999999415e-10	0.19439395	-4.7796813e-05	0.98090154	-4.346455e-17	0	300
2.803499999999942e-10	0.19439338	-4.2513668e-05	0.9809017	-4.346454e-17	0	300
2.804499999999942e-10	0.19439274	-3.7255366e-05	0.98090184	-4.346453e-17	0	300
2.8054999999999424e-10	0.19439204	-3.2022723e-05	0.98090196	-4.3464536e-17	0	300
2.8064999999999427e-10	0.19439127	-2.6816684e-05	0.9809021	-4.3464543e-17	0	300
2.807499999999943e-10	0.19439043	-2.1637934e-05	0.9809023	-4.346453e-17	0	300
2.8084999999999433e-10	0.19438952	-1.6487229e-05	0.9809024	-4.3464533e-17	0	300
2.8094999999999436e-10	0.19438857	-1.1365485e-05	0.9809026	-4.3464536e-17	0	300
2.810499999999944e-10	0.19438753	-6.2734434e-06	0.9809028	-4.346454e-17	0	300
2.811499999999944e-10	0.19438642	-1.2119262e-06	0.9809031	-4.346453e-17	0	300
2.8124999999999445e-10	0.19438525	3.8182716e-06	0.98090327	-4.346453e-17	0	300
2.813499999999945e-10	0.194384	8.816486e-06	0.98090357	-4.3464546e-17	0	300
2.814499999999945e-10	0.19438271	1.3781885e-05	0.9809038	-4.346454e-17	0	300
2.8154999999999455e-10	0.19438136	1.8713763e-05	0.980904	-4.3464543e-17	0	300
2.816499999999946e-10	0.19437993	2.361141e-05	0.9809042	-4.3464543e-17	0	300
2.817499999999946e-10	0.19437844	2.847406e-05	0.9809046	-4.3464533e-17	0	300
2.8184999999999464e-10	0.19437692	3.3301098e-05	0.98090494	-4.3464533e-17	0	300
2.8194999999999467e-10	0.19437529	3.8091694e-05	0.9809052	-4.3464533e-17	0	300
2.820499999999947e-10	0.19437364	4.2845288e-05	0.9809055	-4.3464523e-17	0	300
2.8214999999999473e-10	0.19437191	4.7561123e-05	0.9809059	-4.3464536e-17	0	300
2.8224999999999476e-10	0.19437012	5.223858e-05	0.9809062	-4.346453e-17	0	300
2.823499999999948e-10	0.19436829	5.687699e-05	0.9809066	-4.346454e-17	0	300
2.824499999999948e-10	0.1943664	6.147566e-05	0.98090696	-4.3464533e-17	0	300
2.8254999999999485e-10	0.19436446	6.603408e-05	0.98090744	-4.3464533e-17	0	300
2.826499999999949e-10	0.19436245	7.055156e-05	0.98090786	-4.346454e-17	0	300
2.827499999999949e-10	0.19436039	7.50276e-05	0.9809083	-4.3464536e-17	0	300
2.8284999999999494e-10	0.19435824	7.9461664e-05	0.98090863	-4.346453e-17	0	300
2.82949999999995e-10	0.19435611	8.385303e-05	0.980909	-4.346454e-17	0	300
2.83049999999995e-10	0.1943539	8.8201115e-05	0.9809094	-4.346454e-17	0	300
2.8314999999999504e-10	0.19435161	9.2505485e-05	0.98090994	-4.3464536e-17	0	300
2.8324999999999507e-10	0.1943493	9.676564e-05	0.9809104	-4.346455e-17	0	300
2.833499999999951e-10	0.19434693	0.000100980826	0.9809109	-4.3464536e-17	0	300
2.8344999999999513e-10	0.1943445	0.00010515058	0.9809114	-4.3464526e-17	0	300
2.8354999999999516e-10	0.19434205	0.00010927451	0.98091185	-4.3464546e-17	0	300
2.836499999999952e-10	0.19433953	0.00011335203	0.9809123	-4.3464536e-17	0	300
2.837499999999952e-10	0.19433695	0.00011738271	0.9809128	-4.346454e-17	0	300
2.8384999999999525e-10	0.19433437	0.000121366036	0.9809133	-4.3464526e-17	0	300
2.839499999999953e-10	0.1943317	0.00012530164	0.9809139	-4.3464543e-17	0	300
2.840499999999953e-10	0.19432902	0.00012918901	0.9809144	-4.3464536e-17	0	300
2.8414999999999534e-10	0.19432628	0.00013302769	0.9809149	-4.3464536e-17	0	300
2.8424999999999537e-10	0.19432348	0.00013681728	0.98091555	-4.346455e-17	0	300
2.843499999999954e-10	0.19432068	0.00014055747	0.9809161	-4.3464526e-17	0	300
2.8444999999999544e-10	0.19431779	0.00014424781	0.98091674	-4.346454e-17	0	300
2.8454999999999547e-10	0.19431491	0.00014788785	0.9809173	-4.346455e-17	0	300
2.846499999999955e-10	0.19431196	0.00015147739	0.98091775	-4.346454e-17	0	300
2.8474999999999553e-10	0.19430898	0.00015501585	0.98091847	-4.3464546e-17	0	300
2.8484999999999556e-10	0.19430597	0.00015850311	0.980919	-4.3464536e-17	0	300
2.849499999999956e-10	0.19430292	0.00016193876	0.98091966	-4.3464533e-17	0	300
2.850499999999956e-10	0.19429982	0.00016532259	0.98092026	-4.3464533e-17	0	300
2.8514999999999565e-10	0.19429672	0.00016865415	0.9809208	-4.3464533e-17	0	300
2.852499999999957e-10	0.19429356	0.00017193328	0.9809215	-4.3464546e-17	0	300
2.853499999999957e-10	0.19429037	0.00017515966	0.98092216	-4.3464523e-17	0	300
2.8544999999999574e-10	0.19428715	0.00017833285	0.9809228	-4.3464543e-17	0	300
2.8554999999999577e-10	0.1942839	0.00018145275	0.9809234	-4.3464526e-17	0	300
2.856499999999958e-10	0.19428064	0.00018451906	0.98092407	-4.346454e-17	0	300
2.8574999999999583e-10	0.1942773	0.00018753156	0.9809248	-4.3464536e-17	0	300
2.8584999999999586e-10	0.19427398	0.00019049006	0.98092544	-4.3464536e-17	0	300
2.859499999999959e-10	0.19427058	0.0001933944	0.98092604	-4.3464533e-17	0	300
2.860499999999959e-10	0.19426721	0.0001962443	0.98092675	-4.3464543e-17	0	300
2.8614999999999596e-10	0.19426379	0.0001990397	0.9809274	-4.3464536e-17	0	300
2.86249999999996e-10	0.19426036	0.00020178026	0.9809281	-4.346454e-17	0	300
2.86349999999996e-10	0.19425687	0.00020446596	0.98092884	-4.3464546e-17	0	300
2.8644999999999605e-10	0.19425336	0.00020709648	0.9809295	-4.346454e-17	0	300
2.865499999999961e-10	0.19424985	0.0002096717	0.9809302	-4.3464533e-17	0	300
2.866499999999961e-10	0.19424628	0.00021219157	0.98093086	-4.346454e-17	0	300
2.8674999999999614e-10	0.19424273	0.0002146559	0.98093164	-4.346454e-17	0	300
2.8684999999999617e-10	0.19423912	0.00021706452	0.98093224	-4.3464543e-17	0	300
2.869499999999962e-10	0.19423552	0.00021941724	0.98093307	-4.3464536e-17	0	300
2.8704999999999623e-10	0.19423187	0.00022171403	0.98093385	-4.346454e-17	0	300
2.8714999999999626e-10	0.1942282	0.00022395494	0.98093456	-4.346453e-17	0	300
2.872499999999963e-10	0.19422455	0.0002261397	0.98093534	-4.3464543e-17	0	300
2.873499999999963e-10	0.19422084	0.00022826823	0.980936	-4.3464533e-17	0	300
2.8744999999999636e-10	0.19421715	0.00023034059	0.98093677	-4.346453e-17	0	300
2.875499999999964e-10	0.19421342	0.00023235672	0.9809374	-4.3464546e-17	0	300
2.876499999999964e-10	0.1942097	0.00023431658	0.98093826	-4.3464546e-17	0	300
2.8774999999999645e-10	0.19420594	0.00023622025	0.9809389	-4.346453e-17	0	300
2.878499999999965e-10	0.19420217	0.00023806763	0.98093975	-4.3464546e-17	0	300
2.879499999999965e-10	0.19419838	0.00023985878	0.98094046	-4.3464543e-17	0	300
2.8804999999999654e-10	0.19419459	0.00024159373	0.9809412	-4.3464543e-17	0	300
2.8814999999999657e-10	0.1941908	0.00024327255	0.980942	-4.3464546e-17	0	300
2.882499999999966e-10	0.19418697	0.00024489508	0.98094267	-4.346454e-17	0	300
2.8834999999999663e-10	0.19418316	0.00024646145	0.9809435	-4.3464543e-17	0	300
2.8844999999999666e-10	0.19417933	0.00024797162	0.98094434	-4.3464536e-17	0	300
2.885499999999967e-10	0.19417548	0.00024942585	0.98094493	-4.3464543e-17	0	300
2.886499999999967e-10	0.19417164	0.00025082412	0.98094577	-4.3464546e-17	0	300
2.8874999999999675e-10	0.1941678	0.0002521664	0.98094654	-4.346454e-17	0	300
2.888499999999968e-10	0.1941639	0.00025345283	0.9809474	-4.3464546e-17	0	300
2.889499999999968e-10	0.19416004	0.0002546836	0.9809481	-4.3464536e-17	0	300
2.8904999999999685e-10	0.19415617	0.00025585873	0.9809489	-4.3464536e-17	0	300
2.891499999999969e-10	0.19415231	0.0002569785	0.98094964	-4.346455e-17	0	300
2.892499999999969e-10	0.19414842	0.0002580429	0.9809505	-4.346455e-17	0	300
2.8934999999999694e-10	0.19414455	0.00025905215	0.9809512	-4.3464536e-17	0	300
2.8944999999999697e-10	0.19414067	0.00026000632	0.98095196	-4.3464543e-17	0	300
2.89549999999997e-10	0.1941368	0.0002609058	0.98095286	-4.346454e-17	0	300
2.8964999999999703e-10	0.19413291	0.00026175057	0.9809536	-4.3464533e-17	0	300
2.8974999999999706e-10	0.19412903	0.00026254077	0.9809544	-4.346454e-17	0	300
2.898499999999971e-10	0.19412515	0.00026327663	0.9809551	-4.3464546e-17	0	300
2.899499999999971e-10	0.19412129	0.00026395838	0.9809559	-4.3464533e-17	0	300
2.9004999999999715e-10	0.19411738	0.00026458618	0.9809566	-4.3464523e-17	0	300
2.901499999999972e-10	0.19411354	0.0002651603	0.98095745	-4.3464536e-17	0	300
2.902499999999972e-10	0.19410968	0.000265681	0.98095816	-4.3464536e-17	0	300
2.9034999999999724e-10	0.19410582	0.00026614842	0.980959	-4.3464536e-17	0	300
2.904499999999973e-10	0.19410197	0.00026656289	0.98095965	-4.3464533e-17	0	300
2.905499999999973e-10	0.19409811	0.00026692462	0.9809605	-4.3464553e-17	0	300
2.9064999999999734e-10	0.19409429	0.00026723385	0.98096114	-4.3464533e-17	0	300
2.9074999999999737e-10	0.19409044	0.0002674909	0.98096204	-4.3464543e-17	0	300
2.908499999999974e-10	0.19408663	0.000267696	0.98096275	-4.3464536e-17	0	300
2.9094999999999743e-10	0.19408283	0.00026784957	0.9809635	-4.346454e-17	0	300
2.9104999999999746e-10	0.19407901	0.00026795184	0.98096424	-4.3464546e-17	0	300
2.911499999999975e-10	0.19407521	0.00026800297	0.980965	-4.3464536e-17	0	300
2.912499999999975e-10	0.19407143	0.00026800338	0.9809658	-4.3464543e-17	0	300
2.9134999999999755e-10	0.19406766	0.00026795335	0.9809665	-4.346454e-17	0	300
2.914499999999976e-10	0.19406392	0.00026785312	0.98096734	-4.3464543e-17	0	300
2.915499999999976e-10	0.19406016	0.00026770323	0.98096806	-4.3464553e-17	0	300
2.9164999999999764e-10	0.19405644	0.00026750375	0.9809689	-4.3464543e-17	0	300
2.917499999999977e-10	0.19405273	0.0002672552	0.9809696	-4.346454e-17	0	300
2.918499999999977e-10	0.19404903	0.00026695788	0.98097026	-4.3464543e-17	0	300
2.9194999999999774e-10	0.19404534	0.00026661213	0.9809711	-4.3464526e-17	0	300
2.9204999999999777e-10	0.19404167	0.00026621838	0.9809717	-4.3464536e-17	0	300
2.921499999999978e-10	0.194038	0.0002657771	0.98097247	-4.3464546e-17	0	300
2.9224999999999783e-10	0.19403438	0.00026528855	0.98097324	-4.346454e-17	0	300
2.9234999999999786e-10	0.19403076	0.0002647531	0.9809739	-4.3464543e-17	0	300
2.924499999999979e-10	0.19402716	0.00026417113	0.9809747	-4.3464543e-17	0	300
2.925499999999979e-10	0.19402358	0.000263543	0.98097545	-4.3464543e-17	0	300
2.9264999999999795e-10	0.19402003	0.00026286935	0.9809761	-4.3464533e-17	0	300
2.92749999999998e-10	0.19401652	0.00026215045	0.9809767	-4.346454e-17	0	300
2.92849999999998e-10	0.19401295	0.00026138668	0.9809775	-4.3464533e-17	0	300
2.9294999999999804e-10	0.19400948	0.0002605784	0.98097825	-4.3464533e-17	0	300
2.9304999999999807e-10	0.194006	0.0002597262	0.9809789	-4.346454e-17	0	300
2.931499999999981e-10	0.19400255	0.00025883046	0.98097956	-4.346453e-17	0	300
2.9324999999999813e-10	0.19399911	0.00025789154	0.9809803	-4.3464536e-17	0	300
2.9334999999999816e-10	0.1939957	0.00025690996	0.98098093	-4.3464546e-17	0	300
2.934499999999982e-10	0.19399235	0.00025588615	0.98098165	-4.3464536e-17	0	300
2.9354999999999823e-10	0.19398898	0.0002548206	0.9809823	-4.346455e-17	0	300
2.9364999999999826e-10	0.19398564	0.00025371378	0.9809829	-4.346454e-17	0	300
2.937499999999983e-10	0.19398235	0.00025256613	0.9809836	-4.3464536e-17	0	300
2.938499999999983e-10	0.19397905	0.0002513781	0.9809844	-4.3464543e-17	0	300
2.9394999999999835e-10	0.19397579	0.00025015025	0.9809849	-4.3464526e-17	0	300
2.940499999999984e-10	0.19397256	0.00024888295	0.9809856	-4.3464536e-17	0	300
2.941499999999984e-10	0.19396937	0.00024757674	0.9809862	-4.346455e-17	0	300
2.9424999999999844e-10	0.19396618	0.00024623206	0.98098683	-4.3464543e-17	0	300
2.9434999999999847e-10	0.19396305	0.0002448494	0.9809875	-4.3464543e-17	0	300
2.944499999999985e-10	0.19395994	0.00024342924	0.9809881	-4.3464543e-17	0	300
2.9454999999999853e-10	0.19395682	0.00024197214	0.9809887	-4.3464543e-17	0	300
2.9464999999999856e-10	0.19395378	0.00024047865	0.9809893	-4.3464536e-17	0	300
2.947499999999986e-10	0.19395074	0.00023894917	0.98098993	-4.346454e-17	0	300
2.948499999999986e-10	0.19394773	0.00023738423	0.98099047	-4.3464546e-17	0	300
2.9494999999999866e-10	0.19394475	0.00023578442	0.9809911	-4.3464543e-17	0	300
2.950499999999987e-10	0.19394183	0.0002341502	0.9809916	-4.346454e-17	0	300
2.951499999999987e-10	0.19393891	0.0002324821	0.98099226	-4.3464536e-17	0	300
2.9524999999999875e-10	0.19393605	0.00023078073	0.9809929	-4.3464536e-17	0	300
2.953499999999988e-10	0.1939332	0.0002290465	0.98099345	-4.3464526e-17	0	300
2.954499999999988e-10	0.19393039	0.00022728002	0.98099405	-4.3464553e-17	0	300
2.9554999999999884e-10	0.19392759	0.00022548185	0.98099464	-4.3464543e-17	0	300
2.9564999999999887e-10	0.19392487	0.00022365243	0.9809952	-4.3464543e-17	0	300
2.957499999999989e-10	0.19392213	0.00022179235	0.98099566	-4.346453e-17	0	300
2.9584999999999893e-10	0.19391948	0.0002199022	0.98099625	-4.346454e-17	0	300
2.9594999999999896e-10	0.19391683	0.00021798245	0.9809967	-4.3464533e-17	0	300
2.96049999999999e-10	0.19391419	0.00021603364	0.9809972	-4.3464543e-17	0	300
2.96149999999999e-10	0.19391163	0.00021405645	0.9809978	-4.3464543e-17	0	300
2.9624999999999905e-10	0.19390908	0.00021205122	0.9809983	-4.3464536e-17	0	300
2.963499999999991e-10	0.19390658	0.00021001858	0.9809989	-4.346454e-17	0	300
2.964499999999991e-10	0.1939041	0.00020795906	0.98099923	-4.3464536e-17	0	300
2.9654999999999915e-10	0.19390166	0.0002058733	0.9809997	-4.3464546e-17	0	300
2.966499999999992e-10	0.19389924	0.0002037618	0.9810003	-4.346454e-17	0	300
2.967499999999992e-10	0.19389689	0.00020162512	0.9810007	-4.346454e-17	0	300
2.9684999999999924e-10	0.19389454	0.00019946393	0.98100126	-4.3464526e-17	0	300
2.9694999999999927e-10	0.19389227	0.00019727874	0.9810016	-4.3464536e-17	0	300
2.970499999999993e-10	0.19389	0.00019507005	0.9810021	-4.346453e-17	0	300
2.9714999999999933e-10	0.19388779	0.00019283847	0.9810026	-4.3464543e-17	0	300
2.9724999999999936e-10	0.1938856	0.0001905846	0.981003	-4.346454e-17	0	300
2.973499999999994e-10	0.19388345	0.00018830897	0.98100346	-4.346453e-17	0	300
2.974499999999994e-10	0.19388135	0.00018601216	0.9810039	-4.3464543e-17	0	300
2.9754999999999945e-10	0.19387928	0.00018369473	0.98100424	-4.3464526e-17	0	300
2.976499999999995e-10	0.19387722	0.00018135726	0.98100466	-4.346454e-17	0	300
2.977499999999995e-10	0.19387524	0.00017900026	0.9810051	-4.3464543e-17	0	300
2.9784999999999955e-10	0.1938733	0.00017662431	0.9810055	-4.3464543e-17	0	300
2.979499999999996e-10	0.19387133	0.00017423002	0.9810059	-4.3464543e-17	0	300
2.980499999999996e-10	0.19386947	0.00017181797	0.98100626	-4.3464546e-17	0	300
2.9814999999999964e-10	0.19386762	0.00016938866	0.98100656	-4.346454e-17	0	300
2.9824999999999967e-10	0.19386582	0.00016694267	0.981007	-4.3464543e-17	0	300
2.983499999999997e-10	0.19386405	0.0001644805	0.98100734	-4.3464533e-17	0	300
2.9844999999999973e-10	0.19386232	0.00016200283	0.98100775	-4.3464536e-17	0	300
2.9854999999999976e-10	0.19386062	0.00015951021	0.981008	-4.3464543e-17	0	300
2.986499999999998e-10	0.193859	0.00015700315	0.98100835	-4.3464546e-17	0	300
2.987499999999998e-10	0.19385737	0.00015448226	0.98100865	-4.346454e-17	0	300
2.9884999999999985e-10	0.19385578	0.00015194814	0.98100895	-4.3464546e-17	0	300
2.989499999999999e-10	0.19385424	0.00014940128	0.9810093	-4.346454e-17	0	300
2.990499999999999e-10	0.19385277	0.00014684229	0.98100954	-4.3464533e-17	0	300
2.9914999999999994e-10	0.1938513	0.00014427157	0.98100984	-4.3464543e-17	0	300
2.9925e-10	0.19384989	0.00014168971	0.9810102	-4.346454e-17	0	300
2.9935e-10	0.19384849	0.00013909745	0.9810105	-4.3464533e-17	0	300
2.994e-10	0.1938478	0.00013779757	0.98101056	-4.3464543e-17	0	300
2.9950000000000005e-10	0.1938465	0.00013519046	0.9810109	-4.3464526e-17	0	300
2.996000000000001e-10	0.1938452	0.00013257426	0.9810111	-4.3464533e-17	0	300
2.997000000000001e-10	0.19384398	0.00012994958	0.98101133	-4.3464543e-17	0	300
2.9980000000000014e-10	0.19384275	0.00012731683	0.98101157	-4.3464543e-17	0	300
2.9990000000000017e-10	0.19384159	0.00012467663	0.98101187	-4.3464536e-17	0	300
3.000000000000002e-10	0.19384044	0.00012202948	0.9810121	-4.346453e-17	0	300
3.0010000000000024e-10	0.19383937	0.00011937592	0.9810122	-4.3464546e-17	0	300
3.0020000000000027e-10	0.19383833	0.000116716525	0.98101246	-4.3464546e-17	0	300
3.003000000000003e-10	0.19383731	0.00011405181	0.9810127	-4.3464536e-17	0	300
3.0040000000000033e-10	0.19383635	0.000111382324	0.98101294	-4.346454e-17	0	300
3.0050000000000036e-10	0.1938354	0.000108708584	0.9810131	-4.3464536e-17	0	300
3.006000000000004e-10	0.1938345	0.00010603117	0.9810133	-4.3464543e-17	0	300
3.007000000000004e-10	0.19383365	0.00010335063	0.9810135	-4.3464546e-17	0	300
3.0080000000000045e-10	0.19383283	0.000100667414	0.9810136	-4.346454e-17	0	300
3.009000000000005e-10	0.19383205	9.798199e-05	0.9810138	-4.346454e-17	0	300
3.010000000000005e-10	0.1938313	9.5294905e-05	0.9810139	-4.346454e-17	0	300
3.0110000000000054e-10	0.19383058	9.260659e-05	0.98101413	-4.3464536e-17	0	300
3.0120000000000057e-10	0.19382992	8.99177e-05	0.98101425	-4.3464536e-17	0	300
3.013000000000006e-10	0.19382927	8.722873e-05	0.9810144	-4.346454e-17	0	300
3.0140000000000063e-10	0.19382869	8.4540035e-05	0.9810145	-4.3464543e-17	0	300
3.0150000000000066e-10	0.19382814	8.185219e-05	0.9810146	-4.346454e-17	0	300
3.016000000000007e-10	0.1938276	7.91657e-05	0.9810147	-4.346455e-17	0	300
3.0170000000000073e-10	0.19382712	7.6481e-05	0.98101485	-4.3464536e-17	0	300
3.0180000000000076e-10	0.19382668	7.379869e-05	0.98101497	-4.346453e-17	0	300
3.019000000000008e-10	0.19382627	7.111919e-05	0.9810149	-4.3464536e-17	0	300
3.020000000000008e-10	0.19382589	6.8442896e-05	0.9810149	-4.3464543e-17	0	300
3.0210000000000085e-10	0.19382554	6.57703e-05	0.981015	-4.3464543e-17	0	300
3.022000000000009e-10	0.19382523	6.310196e-05	0.98101515	-4.3464543e-17	0	300
3.023000000000009e-10	0.19382499	6.0438346e-05	0.9810152	-4.3464533e-17	0	300
3.0240000000000094e-10	0.19382475	5.7779896e-05	0.98101526	-4.3464543e-17	0	300
3.0250000000000097e-10	0.19382456	5.5127e-05	0.9810153	-4.3464546e-17	0	300
3.02600000000001e-10	0.1938244	5.2480194e-05	0.9810154	-4.3464536e-17	0	300
3.0270000000000103e-10	0.19382426	4.9839997e-05	0.9810154	-4.346454e-17	0	300
3.0280000000000106e-10	0.19382417	4.720671e-05	0.9810153	-4.3464546e-17	0	300
3.029000000000011e-10	0.19382413	4.4580866e-05	0.9810153	-4.346454e-17	0	300
3.030000000000011e-10	0.19382411	4.196288e-05	0.9810154	-4.346454e-17	0	300
3.0310000000000116e-10	0.19382411	3.9353203e-05	0.98101544	-4.346454e-17	0	300
3.032000000000012e-10	0.19382417	3.6752175e-05	0.98101544	-4.346454e-17	0	300
3.033000000000012e-10	0.19382426	3.416034e-05	0.9810154	-4.3464533e-17	0	300
3.0340000000000125e-10	0.19382435	3.157814e-05	0.9810153	-4.3464543e-17	0	300
3.035000000000013e-10	0.1938245	2.9005909e-05	0.9810153	-4.3464546e-17	0	300
3.036000000000013e-10	0.19382471	2.6444064e-05	0.9810153	-4.346455e-17	0	300
3.0370000000000134e-10	0.19382492	2.389302e-05	0.9810152	-4.346454e-17	0	300
3.0380000000000137e-10	0.19382516	2.1353282e-05	0.98101515	-4.346453e-17	0	300
3.039000000000014e-10	0.19382545	1.8825176e-05	0.9810151	-4.3464546e-17	0	300
3.0400000000000143e-10	0.19382578	1.630904e-05	0.98101515	-4.346454e-17	0	300
3.0410000000000146e-10	0.1938261	1.3805489e-05	0.98101497	-4.3464546e-17	0	300
3.042000000000015e-10	0.19382651	1.1314702e-05	0.9810149	-4.3464533e-17	0	300
3.043000000000015e-10	0.19382691	8.837108e-06	0.9810149	-4.3464546e-17	0	300
3.0440000000000155e-10	0.19382735	6.373123e-06	0.9810147	-4.3464533e-17	0	300
3.045000000000016e-10	0.19382784	3.9230954e-06	0.9810146	-4.346455e-17	0	300
3.046000000000016e-10	0.19382834	1.48747e-06	0.9810146	-4.3464536e-17	0	300
3.0470000000000165e-10	0.19382888	-9.3345875e-07	0.98101443	-4.3464553e-17	0	300
3.048000000000017e-10	0.19382946	-3.339257e-06	0.9810144	-4.346455e-17	0	300
3.049000000000017e-10	0.19383004	-5.729553e-06	0.98101425	-4.3464546e-17	0	300
3.0500000000000174e-10	0.19383068	-8.1040525e-06	0.98101413	-4.3464543e-17	0	300
3.0510000000000177e-10	0.19383135	-1.0462416e-05	0.981014	-4.346453e-17	0	300
3.052000000000018e-10	0.19383204	-1.2804201e-05	0.9810138	-4.3464553e-17	0	300
3.0530000000000183e-10	0.19383276	-1.5129173e-05	0.9810137	-4.346454e-17	0	300
3.0540000000000186e-10	0.19383352	-1.7436852e-05	0.98101354	-4.3464546e-17	0	300
3.055000000000019e-10	0.19383429	-1.9726975e-05	0.98101336	-4.346454e-17	0	300
3.056000000000019e-10	0.19383508	-2.1999258e-05	0.98101324	-4.346454e-17	0	300
3.0570000000000195e-10	0.19383591	-2.4253404e-05	0.98101306	-4.3464533e-17	0	300
3.05800000000002e-10	0.19383681	-2.6489019e-05	0.9810128	-4.3464553e-17	0	300
3.05900000000002e-10	0.19383767	-2.8705786e-05	0.98101276	-4.3464543e-17	0	300
3.0600000000000205e-10	0.1938386	-3.090341e-05	0.9810127	-4.3464546e-17	0	300
3.061000000000021e-10	0.19383955	-3.3081607e-05	0.98101234	-4.346453e-17	0	300
3.062000000000021e-10	0.19384052	-3.5240082e-05	0.98101217	-4.346454e-17	0	300
3.0630000000000214e-10	0.19384152	-3.737853e-05	0.9810119	-4.3464543e-17	0	300
3.0640000000000217e-10	0.19384253	-3.949672e-05	0.98101187	-4.3464533e-17	0	300
3.065000000000022e-10	0.1938436	-4.159433e-05	0.9810116	-4.3464536e-17	0	300
3.0660000000000223e-10	0.19384466	-4.3671098e-05	0.98101133	-4.3464553e-17	0	300
3.0670000000000226e-10	0.19384575	-4.5726778e-05	0.9810112	-4.346454e-17	0	300
3.068000000000023e-10	0.1938469	-4.7761176e-05	0.98101085	-4.346454e-17	0	300
3.069000000000023e-10	0.19384801	-4.9774007e-05	0.98101074	-4.346454e-17	0	300
3.0700000000000235e-10	0.19384916	-5.176512e-05	0.9810104	-4.346454e-17	0	300
3.071000000000024e-10	0.19385037	-5.3734155e-05	0.98101026	-4.346454e-17	0	300
3.072000000000024e-10	0.19385159	-5.5680837e-05	0.98100996	-4.3464546e-17	0	300
3.0730000000000244e-10	0.19385281	-5.760505e-05	0.98100966	-4.346454e-17	0	300
3.074000000000025e-10	0.19385406	-5.9506496e-05	0.98100954	-4.346455e-17	0	300
3.075000000000025e-10	0.19385535	-6.138499e-05	0.9810092	-4.3464543e-17	0	300
3.0760000000000254e-10	0.19385664	-6.324037e-05	0.98100895	-4.346454e-17	0	300
3.0770000000000257e-10	0.19385795	-6.507243e-05	0.9810087	-4.346453e-17	0	300
3.078000000000026e-10	0.19385928	-6.688093e-05	0.9810084	-4.346454e-17	0	300
3.0790000000000263e-10	0.19386065	-6.866563e-05	0.9810082	-4.3464553e-17	0	300
3.0800000000000266e-10	0.19386202	-7.042644e-05	0.9810079	-4.3464546e-17	0	300
3.081000000000027e-10	0.1938634	-7.216315e-05	0.98100764	-4.3464536e-17	0	300
3.082000000000027e-10	0.19386484	-7.387551e-05	0.9810074	-4.346454e-17	0	300
3.0830000000000275e-10	0.19386627	-7.556343e-05	0.9810071	-4.3464543e-17	0	300
3.084000000000028e-10	0.19386771	-7.722669e-05	0.9810068	-4.3464543e-17	0	300
3.085000000000028e-10	0.19386919	-7.8865094e-05	0.9810065	-4.3464526e-17	0	300
3.0860000000000284e-10	0.1938707	-8.047841e-05	0.98100615	-4.346454e-17	0	300
3.0870000000000287e-10	0.19387218	-8.206658e-05	0.9810059	-4.346454e-17	0	300
3.088000000000029e-10	0.19387372	-8.362936e-05	0.98100555	-4.3464536e-17	0	300
3.0890000000000293e-10	0.19387528	-8.5166736e-05	0.9810053	-4.346455e-17	0	300
3.0900000000000297e-10	0.19387685	-8.667841e-05	0.98100495	-4.3464536e-17	0	300
3.09100000000003e-10	0.19387843	-8.816416e-05	0.98100466	-4.3464543e-17	0	300
3.0920000000000303e-10	0.19388002	-8.962401e-05	0.9810043	-4.346454e-17	0	300
3.0930000000000306e-10	0.19388163	-9.105777e-05	0.981004	-4.346454e-17	0	300
3.094000000000031e-10	0.19388326	-9.246533e-05	0.98100364	-4.346454e-17	0	300
3.095000000000031e-10	0.1938849	-9.384665e-05	0.98100334	-4.3464543e-17	0	300
3.0960000000000315e-10	0.19388653	-9.52017e-05	0.981003	-4.346455e-17	0	300
3.097000000000032e-10	0.19388819	-9.653034e-05	0.9810026	-4.3464536e-17	0	300
3.098000000000032e-10	0.19388987	-9.7832526e-05	0.98100233	-4.346454e-17	0	300
3.0990000000000324e-10	0.19389154	-9.9108074e-05	0.98100203	-4.3464543e-17	0	300
3.1000000000000327e-10	0.19389324	-0.00010035706	0.98100173	-4.346455e-17	0	300
3.101000000000033e-10	0.19389495	-0.0001015793	0.9810014	-4.346454e-17	0	300
3.1020000000000333e-10	0.19389668	-0.00010277485	0.98100096	-4.3464536e-17	0	300
3.1030000000000336e-10	0.1938984	-0.00010394358	0.9810006	-4.3464533e-17	0	300
3.104000000000034e-10	0.19390012	-0.000105085455	0.9810003	-4.346454e-17	0	300
3.105000000000034e-10	0.19390188	-0.00010620052	0.981	-4.346453e-17	0	300
3.1060000000000346e-10	0.19390363	-0.0001072886	0.9809996	-4.3464546e-17	0	300
3.107000000000035e-10	0.19390538	-0.00010834979	0.98099935	-4.3464536e-17	0	300
3.108000000000035e-10	0.19390716	-0.00010938393	0.98099893	-4.3464533e-17	0	300
3.1090000000000355e-10	0.19390894	-0.000110391076	0.9809986	-4.3464533e-17	0	300
3.110000000000036e-10	0.19391072	-0.00011137118	0.9809981	-4.346455e-17	0	300
3.111000000000036e-10	0.19391252	-0.000112324335	0.9809978	-4.3464546e-17	0	300
3.1120000000000364e-10	0.19391432	-0.00011325039	0.9809975	-4.3464543e-17	0	300
3.1130000000000367e-10	0.19391613	-0.0001141494	0.98099715	-4.346454e-17	0	300
3.114000000000037e-10	0.19391796	-0.00011502134	0.9809967	-4.3464546e-17	0	300
3.1150000000000373e-10	0.19391978	-0.00011586618	0.98099643	-4.346455e-17	0	300
3.1160000000000376e-10	0.1939216	-0.000116683885	0.98099595	-4.346454e-17	0	300
3.117000000000038e-10	0.19392344	-0.00011747456	0.98099566	-4.3464553e-17	0	300
3.118000000000038e-10	0.19392526	-0.0001182382	0.9809953	-4.346453e-17	0	300
3.1190000000000386e-10	0.19392714	-0.000118974785	0.98099494	-4.3464543e-17	0	300
3.120000000000039e-10	0.19392896	-0.00011968438	0.9809945	-4.3464546e-17	0	300
3.121000000000039e-10	0.1939308	-0.00012036699	0.98099416	-4.3464533e-17	0	300
3.1220000000000395e-10	0.19393267	-0.00012102264	0.98099387	-4.3464536e-17	0	300
3.12300000000004e-10	0.19393452	-0.00012165148	0.9809935	-4.3464546e-17	0	300
3.12400000000004e-10	0.19393641	-0.00012225352	0.9809931	-4.3464533e-17	0	300
3.1250000000000404e-10	0.19393826	-0.00012282873	0.9809926	-4.346454e-17	0	300
3.1260000000000407e-10	0.19394012	-0.00012337722	0.9809923	-4.3464536e-17	0	300
3.127000000000041e-10	0.19394197	-0.00012389911	0.98099196	-4.3464536e-17	0	300
3.1280000000000413e-10	0.19394383	-0.00012439447	0.9809916	-4.3464546e-17	0	300
3.1290000000000416e-10	0.1939457	-0.00012486333	0.9809913	-4.346454e-17	0	300
3.130000000000042e-10	0.19394757	-0.00012530589	0.9809909	-4.3464543e-17	0	300
3.131000000000042e-10	0.19394943	-0.00012572214	0.9809904	-4.346455e-17	0	300
3.1320000000000425e-10	0.19395131	-0.00012611215	0.9809902	-4.3464546e-17	0	300
3.133000000000043e-10	0.19395316	-0.00012647593	0.98098975	-4.3464553e-17	0	300
3.134000000000043e-10	0.19395502	-0.0001268137	0.98098934	-4.3464543e-17	0	300
3.1350000000000435e-10	0.19395688	-0.00012712558	0.9809889	-4.3464543e-17	0	300
3.136000000000044e-10	0.19395876	-0.00012741168	0.9809887	-4.346454e-17	0	300
3.137000000000044e-10	0.19396059	-0.00012767206	0.9809882	-4.3464553e-17	0	300
3.1380000000000444e-10	0.19396245	-0.00012790688	0.98098785	-4.3464536e-17	0	300
3.1390000000000447e-10	0.1939643	-0.00012811624	0.9809875	-4.3464543e-17	0	300
3.140000000000045e-10	0.19396614	-0.00012830022	0.98098713	-4.3464546e-17	0	300
3.1410000000000453e-10	0.193968	-0.00012845901	0.9809867	-4.3464546e-17	0	300
3.1420000000000456e-10	0.19396983	-0.00012859263	0.9809865	-4.3464536e-17	0	300
3.143000000000046e-10	0.19397166	-0.00012870134	0.980986	-4.3464546e-17	0	300
3.144000000000046e-10	0.1939735	-0.00012878518	0.9809857	-4.346454e-17	0	300
3.1450000000000465e-10	0.19397531	-0.00012884437	0.9809854	-4.3464543e-17	0	300
3.146000000000047e-10	0.19397715	-0.00012887904	0.9809849	-4.3464546e-17	0	300
3.147000000000047e-10	0.19397897	-0.00012888935	0.98098457	-4.3464553e-17	0	300
3.1480000000000474e-10	0.19398078	-0.00012887541	0.9809843	-4.346455e-17	0	300
3.149000000000048e-10	0.19398256	-0.00012883739	0.98098385	-4.346454e-17	0	300
3.150000000000048e-10	0.19398436	-0.0001287754	0.9809835	-4.3464536e-17	0	300
3.1510000000000484e-10	0.19398615	-0.00012868967	0.9809832	-4.3464543e-17	0	300
3.1520000000000487e-10	0.19398794	-0.00012858036	0.9809828	-4.3464546e-17	0	300
3.153000000000049e-10	0.19398972	-0.0001284476	0.9809824	-4.3464536e-17	0	300
3.1540000000000493e-10	0.19399148	-0.00012829153	0.9809821	-4.3464546e-17	0	300
3.1550000000000496e-10	0.19399326	-0.00012811244	0.9809817	-4.3464543e-17	0	300
3.15600000000005e-10	0.19399498	-0.00012791045	0.9809814	-4.3464546e-17	0	300
3.15700000000005e-10	0.19399674	-0.0001276857	0.98098105	-4.3464543e-17	0	300
3.1580000000000505e-10	0.19399849	-0.00012743838	0.98098063	-4.346454e-17	0	300
3.159000000000051e-10	0.19400021	-0.00012716872	0.9809804	-4.3464536e-17	0	300
3.160000000000051e-10	0.19400191	-0.00012687694	0.98098	-4.3464536e-17	0	300
3.1610000000000514e-10	0.19400364	-0.00012656325	0.9809796	-4.3464546e-17	0	300
3.1620000000000517e-10	0.19400533	-0.00012622777	0.9809793	-4.346455e-17	0	300
3.163000000000052e-10	0.19400701	-0.0001258707	0.9809789	-4.346455e-17	0	300
3.1640000000000524e-10	0.19400871	-0.00012549231	0.9809787	-4.3464546e-17	0	300
3.1650000000000527e-10	0.19401036	-0.00012509289	0.98097837	-4.3464536e-17	0	300
3.166000000000053e-10	0.19401202	-0.0001246726	0.980978	-4.346453e-17	0	300
3.1670000000000533e-10	0.19401367	-0.00012423155	0.98097765	-4.3464533e-17	0	300
3.1680000000000536e-10	0.1940153	-0.00012376993	0.9809773	-4.3464546e-17	0	300
3.169000000000054e-10	0.19401693	-0.00012328805	0.98097694	-4.346454e-17	0	300
3.170000000000054e-10	0.19401854	-0.00012278609	0.98097664	-4.3464533e-17	0	300
3.1710000000000545e-10	0.19402015	-0.00012226423	0.98097634	-4.346455e-17	0	300
3.172000000000055e-10	0.19402176	-0.00012172271	0.980976	-4.3464543e-17	0	300
3.173000000000055e-10	0.19402331	-0.00012116185	0.98097575	-4.3464543e-17	0	300
3.1740000000000554e-10	0.19402489	-0.00012058174	0.98097533	-4.3464543e-17	0	300
3.1750000000000557e-10	0.19402643	-0.00011998262	0.9809751	-4.3464536e-17	0	300
3.176000000000056e-10	0.19402796	-0.00011936482	0.9809748	-4.3464556e-17	0	300
3.1770000000000563e-10	0.1940295	-0.00011872845	0.98097444	-4.346454e-17	0	300
3.1780000000000566e-10	0.19403102	-0.00011807385	0.98097414	-4.3464546e-17	0	300
3.179000000000057e-10	0.1940325	-0.00011740119	0.98097396	-4.3464546e-17	0	300
3.1800000000000573e-10	0.194034	-0.000116710675	0.9809735	-4.3464536e-17	0	300
3.1810000000000576e-10	0.19403547	-0.00011600267	0.9809733	-4.346455e-17	0	300
3.182000000000058e-10	0.19403693	-0.000115277304	0.98097295	-4.346454e-17	0	300
3.183000000000058e-10	0.19403838	-0.00011453481	0.98097277	-4.346454e-17	0	300
3.1840000000000585e-10	0.19403982	-0.00011377546	0.98097235	-4.3464543e-17	0	300
3.185000000000059e-10	0.19404122	-0.00011299955	0.9809721	-4.3464533e-17	0	300
3.186000000000059e-10	0.19404261	-0.00011220732	0.98097193	-4.346455e-17	0	300
3.1870000000000594e-10	0.19404401	-0.00011139901	0.9809716	-4.346455e-17	0	300
3.1880000000000597e-10	0.19404536	-0.00011057484	0.98097134	-4.346454e-17	0	300
3.18900000000006e-10	0.19404674	-0.000109735156	0.98097104	-4.346453e-17	0	300
3.1900000000000603e-10	0.19404806	-0.00010888011	0.9809708	-4.346453e-17	0	300
3.1910000000000606e-10	0.19404939	-0.00010800999	0.98097044	-4.346454e-17	0	300
3.192000000000061e-10	0.1940507	-0.00010712504	0.98097026	-4.346455e-17	0	300
3.193000000000061e-10	0.194052	-0.000106225576	0.98097	-4.3464536e-17	0	300
3.1940000000000616e-10	0.19405326	-0.00010531189	0.9809697	-4.3464533e-17	0	300
3.195000000000062e-10	0.19405451	-0.00010438418	0.98096955	-4.346454e-17	0	300
3.196000000000062e-10	0.19405578	-0.00010344269	0.98096913	-4.3464543e-17	0	300
3.1970000000000625e-10	0.19405699	-0.000102487684	0.98096895	-4.346455e-17	0	300
3.198000000000063e-10	0.19405822	-0.0001015195	0.98096883	-4.3464536e-17	0	300
3.199000000000063e-10	0.1940594	-0.00010053836	0.9809685	-4.3464543e-17	0	300
3.2000000000000634e-10	0.19406056	-9.9544515e-05	0.98096824	-4.3464543e-17	0	300
3.2010000000000637e-10	0.19406174	-9.853829e-05	0.98096806	-4.346453e-17	0	300
3.202000000000064e-10	0.19406289	-9.751992e-05	0.9809678	-4.3464543e-17	0	300
3.2030000000000643e-10	0.194064	-9.6489646e-05	0.98096764	-4.3464543e-17	0	300
3.2040000000000646e-10	0.19406511	-9.544774e-05	0.9809673	-4.3464543e-17	0	300
3.205000000000065e-10	0.1940662	-9.4394476e-05	0.9809671	-4.346454e-17	0	300
3.206000000000065e-10	0.19406728	-9.33302e-05	0.9809669	-4.346454e-17	0	300
3.2070000000000655e-10	0.19406833	-9.225512e-05	0.9809668	-4.3464543e-17	0	300
3.208000000000066e-10	0.19406936	-9.116948e-05	0.98096645	-4.346454e-17	0	300
3.209000000000066e-10	0.1940704	-9.007354e-05	0.9809663	-4.3464536e-17	0	300
3.2100000000000665e-10	0.19407137	-8.896756e-05	0.9809661	-4.3464543e-17	0	300
3.211000000000067e-10	0.19407235	-8.785191e-05	0.9809658	-4.3464533e-17	0	300
3.212000000000067e-10	0.19407332	-8.672683e-05	0.9809657	-4.346455e-17	0	300
3.2130000000000674e-10	0.19407427	-8.559257e-05	0.9809655	-4.3464543e-17	0	300
3.2140000000000677e-10	0.1940752	-8.444944e-05	0.9809654	-4.3464546e-17	0	300
3.215000000000068e-10	0.19407612	-8.329767e-05	0.98096514	-4.346453e-17	0	300
3.2160000000000683e-10	0.19407697	-8.2137594e-05	0.98096496	-4.3464543e-17	0	300
3.2170000000000686e-10	0.19407786	-8.096946e-05	0.98096484	-4.346454e-17	0	300
3.218000000000069e-10	0.19407871	-7.97935e-05	0.98096466	-4.346454e-17	0	300
3.219000000000069e-10	0.19407955	-7.861004e-05	0.9809644	-4.3464536e-17	0	300
3.2200000000000695e-10	0.19408038	-7.741924e-05	0.98096424	-4.3464536e-17	0	300
3.22100000000007e-10	0.19408116	-7.6221484e-05	0.9809641	-4.346455e-17	0	300
3.22200000000007e-10	0.19408193	-7.5017044e-05	0.98096395	-4.3464543e-17	0	300
3.2230000000000705e-10	0.19408269	-7.380616e-05	0.9809639	-4.3464536e-17	0	300
3.224000000000071e-10	0.19408344	-7.258902e-05	0.9809637	-4.3464546e-17	0	300
3.225000000000071e-10	0.19408417	-7.136594e-05	0.9809635	-4.3464526e-17	0	300
3.2260000000000714e-10	0.19408487	-7.013732e-05	0.98096335	-4.3464533e-17	0	300
3.2270000000000717e-10	0.19408555	-6.890335e-05	0.98096335	-4.346455e-17	0	300
3.228000000000072e-10	0.19408622	-6.766418e-05	0.98096305	-4.3464543e-17	0	300
3.2290000000000723e-10	0.19408688	-6.6420165e-05	0.980963	-4.346454e-17	0	300
3.2300000000000726e-10	0.19408749	-6.517154e-05	0.9809628	-4.3464556e-17	0	300
3.231000000000073e-10	0.19408813	-6.3918524e-05	0.98096263	-4.3464533e-17	0	300
3.232000000000073e-10	0.19408873	-6.2661406e-05	0.9809626	-4.3464533e-17	0	300
3.2330000000000735e-10	0.1940893	-6.1400475e-05	0.9809625	-4.346454e-17	0	300
3.234000000000074e-10	0.19408984	-6.01359e-05	0.9809624	-4.346455e-17	0	300
3.235000000000074e-10	0.1940904	-5.8868023e-05	0.9809623	-4.3464546e-17	0	300
3.2360000000000744e-10	0.19409092	-5.7597048e-05	0.9809622	-4.3464536e-17	0	300
3.237000000000075e-10	0.19409142	-5.632336e-05	0.9809621	-4.3464543e-17	0	300
3.238000000000075e-10	0.19409192	-5.5047105e-05	0.98096204	-4.346454e-17	0	300
3.2390000000000754e-10	0.19409236	-5.376863e-05	0.980962	-4.3464546e-17	0	300
3.2400000000000757e-10	0.19409283	-5.2488074e-05	0.98096174	-4.3464546e-17	0	300
3.241000000000076e-10	0.19409326	-5.1205705e-05	0.9809617	-4.3464543e-17	0	300
3.2420000000000763e-10	0.19409364	-4.992183e-05	0.98096156	-4.3464543e-17	0	300
3.2430000000000766e-10	0.19409403	-4.863682e-05	0.9809615	-4.3464543e-17	0	300
3.244000000000077e-10	0.19409442	-4.7350706e-05	0.98096144	-4.346455e-17	0	300
3.245000000000077e-10	0.19409476	-4.6063826e-05	0.98096144	-4.3464546e-17	0	300
3.2460000000000775e-10	0.1940951	-4.4776545e-05	0.9809613	-4.346454e-17	0	300
3.247000000000078e-10	0.19409542	-4.3488857e-05	0.98096126	-4.346454e-17	0	300
3.248000000000078e-10	0.19409573	-4.220121e-05	0.9809612	-4.3464543e-17	0	300
3.2490000000000784e-10	0.19409601	-4.09138e-05	0.98096114	-4.3464543e-17	0	300
3.2500000000000787e-10	0.19409628	-3.9626702e-05	0.9809611	-4.346454e-17	0	300
3.251000000000079e-10	0.19409652	-3.834031e-05	0.980961	-4.3464543e-17	0	300
3.2520000000000793e-10	0.19409676	-3.7054797e-05	0.980961	-4.3464543e-17	0	300
3.2530000000000797e-10	0.19409697	-3.5770478e-05	0.9809609	-4.3464546e-17	0	300
3.25400000000008e-10	0.19409716	-3.448725e-05	0.9809609	-4.346455e-17	0	300
3.2550000000000803e-10	0.19409736	-3.320568e-05	0.98096085	-4.346454e-17	0	300
3.2560000000000806e-10	0.19409752	-3.1925938e-05	0.98096085	-4.3464533e-17	0	300
3.257000000000081e-10	0.19409767	-3.0648243e-05	0.9809608	-4.3464536e-17	0	300
3.258000000000081e-10	0.19409779	-2.937276e-05	0.9809607	-4.346454e-17	0	300
3.2590000000000815e-10	0.19409792	-2.8099623e-05	0.9809607	-4.3464546e-17	0	300
3.260000000000082e-10	0.19409801	-2.6829051e-05	0.9809607	-4.3464536e-17	0	300
3.261000000000082e-10	0.19409809	-2.5561354e-05	0.9809607	-4.3464543e-17	0	300
3.2620000000000824e-10	0.19409816	-2.4296756e-05	0.9809607	-4.3464546e-17	0	300
3.2630000000000827e-10	0.19409819	-2.303551e-05	0.9809607	-4.3464546e-17	0	300
3.264000000000083e-10	0.1940982	-2.1777727e-05	0.98096067	-4.3464546e-17	0	300
3.2650000000000833e-10	0.19409823	-2.0523685e-05	0.98096067	-4.3464553e-17	0	300
3.2660000000000836e-10	0.19409823	-1.9273624e-05	0.9809607	-4.3464546e-17	0	300
3.267000000000084e-10	0.1940982	-1.802777e-05	0.9809607	-4.3464546e-17	0	300
3.268000000000084e-10	0.19409816	-1.6786282e-05	0.9809607	-4.3464546e-17	0	300
3.2690000000000846e-10	0.19409811	-1.5549398e-05	0.9809607	-4.346454e-17	0	300
3.270000000000085e-10	0.19409804	-1.4317292e-05	0.98096067	-4.346455e-17	0	300
3.271000000000085e-10	0.19409795	-1.3090113e-05	0.98096067	-4.346455e-17	0	300
3.2720000000000855e-10	0.19409785	-1.1868204e-05	0.9809607	-4.3464546e-17	0	300
3.273000000000086e-10	0.19409773	-1.0651688e-05	0.9809608	-4.346454e-17	0	300
3.274000000000086e-10	0.19409761	-9.440636e-06	0.9809608	-4.3464543e-17	0	300
3.2750000000000864e-10	0.19409746	-8.2352035e-06	0.9809608	-4.3464546e-17	0	300
3.2760000000000867e-10	0.1940973	-7.0356077e-06	0.9809609	-4.3464556e-17	0	300
3.277000000000087e-10	0.19409712	-5.8420064e-06	0.9809609	-4.3464546e-17	0	300
3.2780000000000873e-10	0.19409692	-4.6547484e-06	0.98096097	-4.346454e-17	0	300
3.2790000000000876e-10	0.19409673	-3.474045e-06	0.98096097	-4.3464546e-17	0	300
3.280000000000088e-10	0.19409652	-2.2998902e-06	0.98096097	-4.3464543e-17	0	300
3.281000000000088e-10	0.19409628	-1.132475e-06	0.9809611	-4.346454e-17	0	300
3.2820000000000885e-10	0.19409603	2.8023692e-08	0.9809612	-4.3464543e-17	0	300
3.283000000000089e-10	0.19409575	1.1812851e-06	0.9809612	-4.346454e-17	0	300
3.284000000000089e-10	0.19409549	2.3274097e-06	0.98096126	-4.3464546e-17	0	300
3.2850000000000895e-10	0.1940952	3.4661962e-06	0.98096126	-4.346455e-17	0	300
3.28600000000009e-10	0.1940949	4.5973557e-06	0.9809613	-4.3464543e-17	0	300
3.28700000000009e-10	0.19409457	5.7207612e-06	0.9809613	-4.346454e-17	0	300
3.2880000000000904e-10	0.19409424	6.8362483e-06	0.98096156	-4.346454e-17	0	300
3.2890000000000907e-10	0.1940939	7.943692e-06	0.9809616	-4.3464546e-17	0	300
3.290000000000091e-10	0.19409354	9.042917e-06	0.9809616	-4.346454e-17	0	300
3.2910000000000913e-10	0.19409317	1.0133745e-05	0.9809617	-4.346456e-17	0	300
3.2920000000000916e-10	0.19409278	1.1216125e-05	0.9809617	-4.346454e-17	0	300
3.293000000000092e-10	0.19409238	1.22897645e-05	0.98096186	-4.346454e-17	0	300
3.294000000000092e-10	0.19409198	1.3354709e-05	0.9809619	-4.3464553e-17	0	300
3.2950000000000925e-10	0.19409157	1.4410682e-05	0.98096204	-4.346454e-17	0	300
3.296000000000093e-10	0.19409114	1.5457688e-05	0.9809621	-4.346454e-17	0	300
3.297000000000093e-10	0.1940907	1.6495489e-05	0.98096216	-4.346454e-17	0	300
3.2980000000000935e-10	0.19409025	1.7524002e-05	0.98096216	-4.3464536e-17	0	300
3.299000000000094e-10	0.19408977	1.854311e-05	0.9809624	-4.3464536e-17	0	300
3.300000000000094e-10	0.19408932	1.955271e-05	0.9809625	-4.3464543e-17	0	300
3.3010000000000944e-10	0.1940888	2.0552612e-05	0.9809625	-4.3464546e-17	0	300
3.3020000000000947e-10	0.19408831	2.1542746e-05	0.98096263	-4.3464536e-17	0	300
3.303000000000095e-10	0.1940878	2.252291e-05	0.9809628	-4.346455e-17	0	300
3.3040000000000953e-10	0.19408727	2.3492998e-05	0.9809629	-4.346454e-17	0	300
3.3050000000000956e-10	0.19408673	2.4452913e-05	0.980963	-4.346455e-17	0	300
3.306000000000096e-10	0.19408618	2.5402565e-05	0.98096305	-4.3464546e-17	0	300
3.307000000000096e-10	0.19408563	2.6341797e-05	0.98096323	-4.3464546e-17	0	300
3.3080000000000965e-10	0.19408506	2.7270482e-05	0.9809633	-4.3464543e-17	0	300
3.309000000000097e-10	0.1940845	2.818861e-05	0.9809634	-4.346454e-17	0	300
3.310000000000097e-10	0.1940839	2.9095956e-05	0.9809636	-4.3464536e-17	0	300
3.3110000000000974e-10	0.19408329	2.999251e-05	0.9809637	-4.3464546e-17	0	300
3.312000000000098e-10	0.19408269	3.0878236e-05	0.9809638	-4.346455e-17	0	300
3.313000000000098e-10	0.19408208	3.1752952e-05	0.9809639	-4.346455e-17	0	300
3.3140000000000984e-10	0.19408146	3.2616717e-05	0.9809639	-4.3464546e-17	0	300
3.3150000000000987e-10	0.19408084	3.3469263e-05	0.9809642	-4.3464556e-17	0	300
3.316000000000099e-10	0.19408017	3.431059e-05	0.9809643	-4.346454e-17	0	300
3.3170000000000993e-10	0.19407953	3.5140583e-05	0.98096436	-4.3464543e-17	0	300
3.3180000000000996e-10	0.19407888	3.5959165e-05	0.9809646	-4.3464543e-17	0	300
3.3190000000001e-10	0.19407818	3.6766214e-05	0.98096466	-4.346454e-17	0	300
3.3200000000001e-10	0.19407752	3.7561655e-05	0.9809648	-4.3464526e-17	0	300
3.3210000000001005e-10	0.1940768	3.8345373e-05	0.98096496	-4.3464543e-17	0	300
3.322000000000101e-10	0.1940761	3.9117193e-05	0.9809651	-4.346455e-17	0	300
3.323000000000101e-10	0.1940754	3.9877094e-05	0.9809652	-4.3464536e-17	0	300
3.3240000000001014e-10	0.19407468	4.062498e-05	0.98096526	-4.3464546e-17	0	300
3.3250000000001017e-10	0.19407393	4.13608e-05	0.9809656	-4.346454e-17	0	300
3.326000000000102e-10	0.1940732	4.208439e-05	0.9809657	-4.3464546e-17	0	300
3.3270000000001024e-10	0.19407243	4.2795768e-05	0.98096573	-4.346454e-17	0	300
3.3280000000001027e-10	0.19407168	4.3494805e-05	0.98096585	-4.3464546e-17	0	300
3.329000000000103e-10	0.19407094	4.4181448e-05	0.98096615	-4.3464546e-17	0	300
3.3300000000001033e-10	0.19407015	4.485557e-05	0.98096627	-4.346454e-17	0	300
3.3310000000001036e-10	0.19406936	4.5517238e-05	0.9809664	-4.3464546e-17	0	300
3.332000000000104e-10	0.19406858	4.6166362e-05	0.98096657	-4.3464543e-17	0	300
3.333000000000104e-10	0.19406779	4.6802907e-05	0.9809667	-4.3464553e-17	0	300
3.3340000000001045e-10	0.19406699	4.7426875e-05	0.9809669	-4.346454e-17	0	300
3.335000000000105e-10	0.1940662	4.8038175e-05	0.98096704	-4.3464533e-17	0	300
3.336000000000105e-10	0.19406539	4.863679e-05	0.98096716	-4.346454e-17	0	300
3.3370000000001054e-10	0.19406456	4.9222646e-05	0.9809673	-4.3464546e-17	0	300
3.3380000000001057e-10	0.19406375	4.979572e-05	0.9809676	-4.3464546e-17	0	300
3.339000000000106e-10	0.19406293	5.0356015e-05	0.9809677	-4.346455e-17	0	300
3.3400000000001063e-10	0.19406211	5.090351e-05	0.9809678	-4.346453e-17	0	300
3.3410000000001066e-10	0.19406128	5.1438186e-05	0.98096806	-4.3464536e-17	0	300
3.342000000000107e-10	0.19406042	5.195996e-05	0.9809682	-4.3464536e-17	0	300
3.3430000000001073e-10	0.19405961	5.2468888e-05	0.98096836	-4.346453e-17	0	300
3.3440000000001076e-10	0.19405875	5.2964915e-05	0.9809686	-4.3464553e-17	0	300
3.345000000000108e-10	0.19405791	5.344807e-05	0.98096865	-4.3464546e-17	0	300
3.346000000000108e-10	0.19405705	5.391829e-05	0.98096883	-4.3464543e-17	0	300
3.3470000000001085e-10	0.19405618	5.4375596e-05	0.9809691	-4.3464543e-17	0	300
3.348000000000109e-10	0.19405532	5.4820026e-05	0.9809692	-4.3464543e-17	0	300
3.349000000000109e-10	0.19405448	5.5251556e-05	0.98096937	-4.346454e-17	0	300
3.3500000000001094e-10	0.1940536	5.567015e-05	0.9809696	-4.3464553e-17	0	300
3.3510000000001097e-10	0.19405271	5.6075947e-05	0.9809698	-4.3464543e-17	0	300
3.35200000000011e-10	0.19405186	5.646888e-05	0.9809699	-4.346455e-17	0	300
3.3530000000001103e-10	0.194051	5.6848883e-05	0.98097014	-4.3464546e-17	0	300
3.3540000000001106e-10	0.19405012	5.7216042e-05	0.98097026	-4.346454e-17	0	300
3.355000000000111e-10	0.19404925	5.7570367e-05	0.9809704	-4.346455e-17	0	300
3.356000000000111e-10	0.19404835	5.791181e-05	0.9809707	-4.3464543e-17	0	300
3.3570000000001116e-10	0.19404748	5.8240526e-05	0.9809708	-4.3464536e-17	0	300
3.358000000000112e-10	0.19404659	5.8556434e-05	0.9809709	-4.346454e-17	0	300
3.359000000000112e-10	0.19404572	5.8859638e-05	0.98097116	-4.3464536e-17	0	300
3.3600000000001125e-10	0.19404483	5.9150076e-05	0.98097134	-4.346455e-17	0	300
3.361000000000113e-10	0.19404395	5.9427766e-05	0.98097146	-4.346454e-17	0	300
3.362000000000113e-10	0.19404307	5.969277e-05	0.9809717	-4.3464546e-17	0	300
3.3630000000001134e-10	0.1940422	5.9945156e-05	0.9809718	-4.3464543e-17	0	300
3.3640000000001137e-10	0.1940413	6.018496e-05	0.98097193	-4.3464536e-17	0	300
3.365000000000114e-10	0.19404043	6.0412232e-05	0.9809723	-4.346454e-17	0	300
3.3660000000001143e-10	0.19403952	6.062699e-05	0.9809724	-4.346454e-17	0	300
3.3670000000001146e-10	0.19403867	6.08293e-05	0.9809725	-4.3464543e-17	0	300
3.368000000000115e-10	0.19403777	6.1019193e-05	0.9809727	-4.3464543e-17	0	300
3.369000000000115e-10	0.19403689	6.1196726e-05	0.9809729	-4.346454e-17	0	300
3.3700000000001155e-10	0.19403602	6.1361905e-05	0.98097306	-4.346454e-17	0	300
3.371000000000116e-10	0.19403514	6.1514795e-05	0.98097324	-4.346455e-17	0	300
3.372000000000116e-10	0.19403425	6.165546e-05	0.9809734	-4.346455e-17	0	300
3.3730000000001165e-10	0.19403338	6.1783954e-05	0.98097366	-4.346454e-17	0	300
3.374000000000117e-10	0.19403252	6.190031e-05	0.9809738	-4.346454e-17	0	300
3.375000000000117e-10	0.19403161	6.200462e-05	0.98097396	-4.3464543e-17	0	300
3.3760000000001174e-10	0.19403075	6.209692e-05	0.98097414	-4.3464543e-17	0	300
3.3770000000001177e-10	0.19402988	6.217725e-05	0.98097426	-4.3464533e-17	0	300
3.378000000000118e-10	0.19402902	6.2245774e-05	0.98097456	-4.346454e-17	0	300
3.3790000000001183e-10	0.19402815	6.230247e-05	0.9809747	-4.346454e-17	0	300
3.3800000000001186e-10	0.19402729	6.234733e-05	0.9809748	-4.346455e-17	0	300
3.381000000000119e-10	0.19402641	6.23805e-05	0.98097503	-4.3464543e-17	0	300
3.382000000000119e-10	0.19402555	6.2402025e-05	0.98097515	-4.3464526e-17	0	300
3.3830000000001195e-10	0.19402468	6.241202e-05	0.9809753	-4.3464546e-17	0	300
3.38400000000012e-10	0.19402385	6.2410465e-05	0.98097557	-4.3464543e-17	0	300
3.38500000000012e-10	0.19402298	6.239742e-05	0.9809757	-4.3464543e-17	0	300
3.3860000000001204e-10	0.19402212	6.237301e-05	0.98097587	-4.3464543e-17	0	300
3.387000000000121e-10	0.19402125	6.233732e-05	0.9809759	-4.346454e-17	0	300
3.388000000000121e-10	0.19402042	6.229042e-05	0.9809762	-4.3464546e-17	0	300
3.3890000000001214e-10	0.19401959	6.2232386e-05	0.98097634	-4.346454e-17	0	300
3.3900000000001217e-10	0.19401874	6.216328e-05	0.98097646	-4.346455e-17	0	300
3.391000000000122e-10	0.1940179	6.208322e-05	0.9809767	-4.346453e-17	0	300
3.3920000000001223e-10	0.19401708	6.1992265e-05	0.9809769	-4.346455e-17	0	300
3.3930000000001226e-10	0.19401625	6.18905e-05	0.98097694	-4.3464543e-17	0	300
3.394000000000123e-10	0.19401541	6.17781e-05	0.9809772	-4.3464546e-17	0	300
3.395000000000123e-10	0.19401461	6.16551e-05	0.9809775	-4.3464546e-17	0	300
3.3960000000001235e-10	0.19401377	6.15216e-05	0.98097754	-4.3464546e-17	0	300
3.397000000000124e-10	0.194013	6.1377716e-05	0.98097765	-4.346454e-17	0	300
3.398000000000124e-10	0.19401217	6.12235e-05	0.98097783	-4.346454e-17	0	300
3.3990000000001244e-10	0.19401138	6.1059094e-05	0.980978	-4.3464553e-17	0	300
3.400000000000125e-10	0.19401057	6.088453e-05	0.98097813	-4.3464533e-17	0	300
3.401000000000125e-10	0.1940098	6.069991e-05	0.9809783	-4.3464553e-17	0	300
3.4020000000001254e-10	0.19400899	6.0505354e-05	0.9809785	-4.346454e-17	0	300
3.4030000000001257e-10	0.19400822	6.030094e-05	0.9809786	-4.3464546e-17	0	300
3.404000000000126e-10	0.19400746	6.0086793e-05	0.9809787	-4.3464533e-17	0	300
3.4050000000001263e-10	0.19400667	5.9863065e-05	0.98097885	-4.3464553e-17	0	300
3.4060000000001266e-10	0.1940059	5.962982e-05	0.9809791	-4.346454e-17	0	300
3.407000000000127e-10	0.19400515	5.9387112e-05	0.98097926	-4.3464553e-17	0	300
3.408000000000127e-10	0.19400439	5.9135058e-05	0.9809794	-4.3464546e-17	0	300
3.4090000000001275e-10	0.19400363	5.8873728e-05	0.98097956	-4.3464546e-17	0	300
3.410000000000128e-10	0.1940029	5.8603197e-05	0.9809797	-4.3464533e-17	0	300
3.411000000000128e-10	0.19400215	5.832373e-05	0.9809798	-4.3464553e-17	0	300
3.4120000000001284e-10	0.1940014	5.803536e-05	0.98098004	-4.346455e-17	0	300
3.4130000000001287e-10	0.19400068	5.773812e-05	0.98098016	-4.346455e-17	0	300
3.414000000000129e-10	0.19399995	5.743212e-05	0.98098034	-4.3464543e-17	0	300
3.4150000000001293e-10	0.19399926	5.7117464e-05	0.9809804	-4.3464546e-17	0	300
3.4160000000001297e-10	0.19399855	5.6794328e-05	0.9809805	-4.346454e-17	0	300
3.41700000000013e-10	0.19399786	5.646285e-05	0.98098063	-4.3464536e-17	0	300
3.4180000000001303e-10	0.19399714	5.6123066e-05	0.9809809	-4.346455e-17	0	300
3.4190000000001306e-10	0.19399644	5.5775105e-05	0.980981	-4.346455e-17	0	300
3.420000000000131e-10	0.19399577	5.54191e-05	0.9809811	-4.3464546e-17	0	300
3.421000000000131e-10	0.19399509	5.5055196e-05	0.98098123	-4.346454e-17	0	300
3.4220000000001315e-10	0.19399443	5.4683376e-05	0.98098135	-4.346455e-17	0	300
3.423000000000132e-10	0.19399376	5.4303906e-05	0.9809815	-4.3464556e-17	0	300
3.424000000000132e-10	0.1939931	5.391678e-05	0.98098165	-4.346454e-17	0	300
3.4250000000001324e-10	0.19399244	5.352215e-05	0.98098177	-4.3464536e-17	0	300
3.4260000000001327e-10	0.19399181	5.3120195e-05	0.98098195	-4.346454e-17	0	300
3.427000000000133e-10	0.19399115	5.2711057e-05	0.9809822	-4.3464546e-17	0	300
3.4280000000001333e-10	0.19399054	5.2294752e-05	0.98098224	-4.346455e-17	0	300
3.4290000000001336e-10	0.19398993	5.1871408e-05	0.9809823	-4.3464533e-17	0	300
3.430000000000134e-10	0.19398932	5.14413e-05	0.9809824	-4.3464536e-17	0	300
3.431000000000134e-10	0.1939887	5.1004325e-05	0.98098254	-4.3464546e-17	0	300
3.4320000000001346e-10	0.19398811	5.056075e-05	0.9809826	-4.3464543e-17	0	300
3.433000000000135e-10	0.19398752	5.011067e-05	0.98098266	-4.346454e-17	0	300
3.434000000000135e-10	0.19398695	4.9654154e-05	0.9809829	-4.3464543e-17	0	300
3.4350000000001355e-10	0.19398637	4.919141e-05	0.980983	-4.3464533e-17	0	300
3.436000000000136e-10	0.19398582	4.8722603e-05	0.9809831	-4.3464556e-17	0	300
3.437000000000136e-10	0.19398524	4.824772e-05	0.98098326	-4.3464546e-17	0	300
3.4380000000001364e-10	0.1939847	4.7766975e-05	0.9809833	-4.3464543e-17	0	300
3.4390000000001367e-10	0.19398417	4.728044e-05	0.9809835	-4.3464543e-17	0	300
3.440000000000137e-10	0.19398361	4.6788322e-05	0.9809836	-4.3464546e-17	0	300
3.4410000000001373e-10	0.1939831	4.6290697e-05	0.9809837	-4.3464543e-17	0	300
3.4420000000001376e-10	0.19398257	4.578774e-05	0.98098373	-4.3464546e-17	0	300
3.443000000000138e-10	0.19398208	4.5279543e-05	0.98098385	-4.3464553e-17	0	300
3.444000000000138e-10	0.19398157	4.4766195e-05	0.9809839	-4.3464536e-17	0	300
3.4450000000001385e-10	0.1939811	4.4247863e-05	0.9809841	-4.3464543e-17	0	300
3.446000000000139e-10	0.1939806	4.372462e-05	0.9809842	-4.3464553e-17	0	300
3.447000000000139e-10	0.19398013	4.3196636e-05	0.9809843	-4.3464546e-17	0	300
3.4480000000001395e-10	0.19397967	4.2664076e-05	0.98098433	-4.3464543e-17	0	300
3.44900000000014e-10	0.19397919	4.212703e-05	0.98098445	-4.346455e-17	0	300
3.45000000000014e-10	0.19397874	4.1585517e-05	0.9809845	-4.3464543e-17	0	300
3.4510000000001404e-10	0.1939783	4.1039828e-05	0.9809846	-4.3464543e-17	0	300
3.4520000000001407e-10	0.19397788	4.049005e-05	0.98098475	-4.3464533e-17	0	300
3.453000000000141e-10	0.19397745	3.993632e-05	0.9809848	-4.346454e-17	0	300
3.4540000000001413e-10	0.19397703	3.937869e-05	0.9809849	-4.346456e-17	0	300
3.4550000000001416e-10	0.19397664	3.881731e-05	0.980985	-4.3464553e-17	0	300
3.456000000000142e-10	0.19397622	3.8252383e-05	0.98098505	-4.3464546e-17	0	300
3.457000000000142e-10	0.19397584	3.7683934e-05	0.9809851	-4.3464546e-17	0	300
3.4580000000001425e-10	0.19397543	3.7112186e-05	0.98098516	-4.3464546e-17	0	300
3.459000000000143e-10	0.19397508	3.653726e-05	0.9809852	-4.3464553e-17	0	300
3.460000000000143e-10	0.19397472	3.5959212e-05	0.9809853	-4.3464546e-17	0	300
3.4610000000001435e-10	0.19397435	3.53782e-05	0.98098534	-4.346454e-17	0	300
3.462000000000144e-10	0.19397402	3.479436e-05	0.9809854	-4.3464543e-17	0	300
3.463000000000144e-10	0.19397369	3.4207773e-05	0.9809855	-4.3464543e-17	0	300
3.4640000000001444e-10	0.19397335	3.3618624e-05	0.98098564	-4.3464536e-17	0	300
3.4650000000001447e-10	0.19397303	3.302697e-05	0.9809857	-4.3464546e-17	0	300
3.466000000000145e-10	0.1939727	3.2433083e-05	0.9809858	-4.346454e-17	0	300
3.4670000000001453e-10	0.19397241	3.183692e-05	0.9809859	-4.3464553e-17	0	300
3.4680000000001456e-10	0.19397211	3.1238564e-05	0.9809859	-4.3464543e-17	0	300
3.469000000000146e-10	0.19397181	3.0638297e-05	0.98098594	-4.3464536e-17	0	300
3.470000000000146e-10	0.19397154	3.0036117e-05	0.980986	-4.3464553e-17	0	300
3.4710000000001465e-10	0.19397128	2.943222e-05	0.98098606	-4.3464536e-17	0	300
3.472000000000147e-10	0.19397102	2.882665e-05	0.9809861	-4.346455e-17	0	300
3.473000000000147e-10	0.19397077	2.8219632e-05	0.9809861	-4.3464546e-17	0	300
3.4740000000001474e-10	0.19397052	2.7611122e-05	0.9809862	-4.3464536e-17	0	300
3.475000000000148e-10	0.19397026	2.7001346e-05	0.9809862	-4.346454e-17	0	300
3.476000000000148e-10	0.19397005	2.6390508e-05	0.98098624	-4.346454e-17	0	300
3.4770000000001484e-10	0.19396985	2.5778616e-05	0.98098624	-4.346455e-17	0	300
3.4780000000001487e-10	0.19396964	2.5165895e-05	0.9809864	-4.3464533e-17	0	300
3.479000000000149e-10	0.19396943	2.4552313e-05	0.9809865	-4.3464536e-17	0	300
3.4800000000001493e-10	0.19396925	2.3938035e-05	0.9809865	-4.346454e-17	0	300
3.4810000000001496e-10	0.19396906	2.3323286e-05	0.98098654	-4.346455e-17	0	300
3.48200000000015e-10	0.19396888	2.2708107e-05	0.9809866	-4.3464553e-17	0	300
3.48300000000015e-10	0.19396873	2.209266e-05	0.9809866	-4.346454e-17	0	300
3.4840000000001505e-10	0.19396856	2.147706e-05	0.9809866	-4.346455e-17	0	300
3.485000000000151e-10	0.19396842	2.0861364e-05	0.98098665	-4.3464546e-17	0	300
3.486000000000151e-10	0.19396827	2.0245605e-05	0.98098665	-4.3464543e-17	0	300
3.4870000000001514e-10	0.19396815	1.9630104e-05	0.9809867	-4.346454e-17	0	300
3.4880000000001517e-10	0.19396803	1.9014871e-05	0.9809867	-4.346454e-17	0	300
3.489000000000152e-10	0.19396791	1.83999e-05	0.9809868	-4.3464536e-17	0	300
3.4900000000001524e-10	0.1939678	1.7785384e-05	0.9809868	-4.346455e-17	0	300
3.4910000000001527e-10	0.1939677	1.7171515e-05	0.9809868	-4.3464546e-17	0	300
3.492000000000153e-10	0.19396763	1.655827e-05	0.9809868	-4.346454e-17	0	300
3.4930000000001533e-10	0.19396754	1.594579e-05	0.98098683	-4.3464543e-17	0	300
3.4940000000001536e-10	0.19396746	1.5334193e-05	0.9809869	-4.3464543e-17	0	300
3.495000000000154e-10	0.19396739	1.4723549e-05	0.9809869	-4.3464543e-17	0	300
3.496000000000154e-10	0.19396731	1.4113937e-05	0.9809869	-4.3464533e-17	0	300
3.4970000000001545e-10	0.19396727	1.3505551e-05	0.9809869	-4.346454e-17	0	300
3.498000000000155e-10	0.1939672	1.2898465e-05	0.9809869	-4.3464546e-17	0	300
3.499000000000155e-10	0.19396716	1.2292757e-05	0.9809869	-4.3464546e-17	0	300
3.5000000000001554e-10	0.19396715	1.1688569e-05	0.98098695	-4.346455e-17	0	300
3.5010000000001557e-10	0.19396712	1.108591e-05	0.98098683	-4.3464543e-17	0	300
3.502000000000156e-10	0.19396713	1.0484892e-05	0.98098683	-4.346455e-17	0	300
3.5030000000001563e-10	0.19396712	9.885666e-06	0.98098683	-4.346455e-17	0	300
3.5040000000001566e-10	0.19396712	9.288289e-06	0.98098683	-4.3464536e-17	0	300
3.505000000000157e-10	0.1939671	8.692903e-06	0.98098695	-4.3464536e-17	0	300
3.506000000000157e-10	0.19396715	8.099707e-06	0.98098683	-4.3464536e-17	0	300
3.5070000000001576e-10	0.1939672	7.508693e-06	0.9809869	-4.3464546e-17	0	300
3.508000000000158e-10	0.19396722	6.919999e-06	0.9809869	-4.3464546e-17	0	300
3.509000000000158e-10	0.19396724	6.333733e-06	0.98098683	-4.3464546e-17	0	300
3.5100000000001585e-10	0.1939673	5.7499255e-06	0.98098683	-4.3464533e-17	0	300
3.511000000000159e-10	0.19396737	5.168715e-06	0.98098683	-4.3464546e-17	0	300
3.512000000000159e-10	0.19396745	4.590196e-06	0.98098683	-4.346455e-17	0	300
3.5130000000001594e-10	0.19396752	4.0144864e-06	0.9809868	-4.3464543e-17	0	300
3.5140000000001597e-10	0.1939676	3.441807e-06	0.9809868	-4.346454e-17	0	300
3.51500000000016e-10	0.1939677	2.8720988e-06	0.9809868	-4.346454e-17	0	300
3.5160000000001603e-10	0.19396779	2.305464e-06	0.9809867	-4.3464543e-17	0	300
3.5170000000001606e-10	0.19396791	1.7420493e-06	0.9809867	-4.3464536e-17	0	300
3.518000000000161e-10	0.19396803	1.1820051e-06	0.9809867	-4.3464546e-17	0	300
3.519000000000161e-10	0.19396815	6.252724e-07	0.9809867	-4.346454e-17	0	300
3.5200000000001616e-10	0.19396827	7.199412e-08	0.9809867	-4.346455e-17	0	300
3.521000000000162e-10	0.19396839	-4.778178e-07	0.9809866	-4.346454e-17	0	300
3.522000000000162e-10	0.19396855	-1.0240085e-06	0.9809866	-4.3464543e-17	0	300
3.5230000000001625e-10	0.19396868	-1.5665635e-06	0.9809866	-4.3464536e-17	0	300
3.524000000000163e-10	0.19396882	-2.1055039e-06	0.98098654	-4.3464546e-17	0	300
3.525000000000163e-10	0.19396897	-2.6407886e-06	0.9809864	-4.3464543e-17	0	300
3.5260000000001634e-10	0.19396913	-3.1723066e-06	0.9809865	-4.3464546e-17	0	300
3.5270000000001637e-10	0.1939693	-3.7000236e-06	0.9809864	-4.3464546e-17	0	300
3.528000000000164e-10	0.19396946	-4.2238225e-06	0.98098636	-4.3464543e-17	0	300
3.5290000000001643e-10	0.19396962	-4.743711e-06	0.9809863	-4.3464553e-17	0	300
3.5300000000001646e-10	0.1939698	-5.2596183e-06	0.9809863	-4.346453e-17	0	300
3.531000000000165e-10	0.19397	-5.771522e-06	0.9809863	-4.3464546e-17	0	300
3.532000000000165e-10	0.19397019	-6.2792915e-06	0.9809863	-4.3464536e-17	0	300
3.5330000000001655e-10	0.19397037	-6.782845e-06	0.98098624	-4.346454e-17	0	300
3.534000000000166e-10	0.19397059	-7.2822654e-06	0.9809861	-4.346455e-17	0	300
3.535000000000166e-10	0.19397078	-7.777311e-06	0.98098624	-4.3464553e-17	0	300
3.5360000000001665e-10	0.193971	-8.267931e-06	0.9809861	-4.3464543e-17	0	300
3.537000000000167e-10	0.19397122	-8.754197e-06	0.9809861	-4.3464533e-17	0	300
3.538000000000167e-10	0.19397144	-9.236003e-06	0.980986	-4.3464533e-17	0	300
3.5390000000001674e-10	0.19397168	-9.713133e-06	0.9809859	-4.3464536e-17	0	300
3.5400000000001677e-10	0.19397192	-1.0185597e-05	0.9809859	-4.3464553e-17	0	300
3.541000000000168e-10	0.19397216	-1.0653306e-05	0.9809859	-4.3464556e-17	0	300
3.5420000000001683e-10	0.19397241	-1.11161735e-05	0.9809858	-4.346453e-17	0	300
3.5430000000001686e-10	0.19397268	-1.1574147e-05	0.9809858	-4.346454e-17	0	300
3.544000000000169e-10	0.19397295	-1.2027161e-05	0.9809858	-4.3464543e-17	0	300
3.545000000000169e-10	0.19397323	-1.2475134e-05	0.98098564	-4.3464546e-17	0	300
3.5460000000001695e-10	0.19397351	-1.2918006e-05	0.98098564	-4.3464553e-17	0	300
3.54700000000017e-10	0.19397376	-1.3355669e-05	0.9809855	-4.3464533e-17	0	300
3.54800000000017e-10	0.19397406	-1.3788224e-05	0.9809854	-4.346453e-17	0	300
3.5490000000001704e-10	0.19397435	-1.4215566e-05	0.9809854	-4.346454e-17	0	300
3.550000000000171e-10	0.19397461	-1.4637743e-05	0.98098534	-4.346454e-17	0	300
3.551000000000171e-10	0.19397493	-1.5054666e-05	0.98098534	-4.3464536e-17	0	300
3.5520000000001714e-10	0.19397521	-1.5466343e-05	0.9809853	-4.3464543e-17	0	300
3.5530000000001717e-10	0.19397552	-1.5872662e-05	0.9809852	-4.3464553e-17	0	300
3.554000000000172e-10	0.19397582	-1.6273641e-05	0.9809852	-4.3464546e-17	0	300
3.5550000000001723e-10	0.19397615	-1.6669344e-05	0.98098505	-4.3464556e-17	0	300
3.5560000000001726e-10	0.19397645	-1.705956e-05	0.9809849	-4.3464536e-17	0	300
3.557000000000173e-10	0.19397677	-1.7444303e-05	0.9809849	-4.3464543e-17	0	300
3.558000000000173e-10	0.19397709	-1.7823582e-05	0.98098487	-4.346454e-17	0	300
3.5590000000001735e-10	0.19397743	-1.819734e-05	0.98098475	-4.346454e-17	0	300
3.560000000000174e-10	0.19397776	-1.8565395e-05	0.98098475	-4.346454e-17	0	300
3.561000000000174e-10	0.1939781	-1.8927964e-05	0.9809847	-4.3464536e-17	0	300
3.5620000000001744e-10	0.19397844	-1.928473e-05	0.9809847	-4.346455e-17	0	300
3.563000000000175e-10	0.19397877	-1.9635872e-05	0.98098457	-4.346455e-17	0	300
3.564000000000175e-10	0.19397911	-1.9981258e-05	0.98098445	-4.3464536e-17	0	300
3.5650000000001754e-10	0.19397947	-2.0320975e-05	0.98098445	-4.346454e-17	0	300
3.5660000000001757e-10	0.1939798	-2.065498e-05	0.98098433	-4.346454e-17	0	300
3.567000000000176e-10	0.19398016	-2.098324e-05	0.98098433	-4.3464533e-17	0	300
3.5680000000001763e-10	0.19398053	-2.1305568e-05	0.9809842	-4.3464546e-17	0	300
3.5690000000001766e-10	0.19398087	-2.1622167e-05	0.98098415	-4.3464546e-17	0	300
3.570000000000177e-10	0.19398126	-2.1932883e-05	0.98098403	-4.346454e-17	0	300
3.571000000000177e-10	0.19398162	-2.2237753e-05	0.980984	-4.3464543e-17	0	300
3.5720000000001775e-10	0.19398199	-2.253669e-05	0.9809839	-4.3464543e-17	0	300
3.573000000000178e-10	0.19398236	-2.2829772e-05	0.98098385	-4.346455e-17	0	300
3.574000000000178e-10	0.19398274	-2.3116976e-05	0.9809838	-4.3464543e-17	0	300
3.5750000000001784e-10	0.19398312	-2.339814e-05	0.98098373	-4.3464536e-17	0	300
3.5760000000001787e-10	0.19398351	-2.3673409e-05	0.98098373	-4.3464543e-17	0	300
3.577000000000179e-10	0.19398388	-2.3942692e-05	0.9809835	-4.3464556e-17	0	300
3.5780000000001793e-10	0.19398427	-2.4205885e-05	0.9809834	-4.3464536e-17	0	300
3.5790000000001797e-10	0.19398466	-2.4463168e-05	0.9809833	-4.346455e-17	0	300
3.58000000000018e-10	0.19398504	-2.4714438e-05	0.9809833	-4.3464543e-17	0	300
3.5810000000001803e-10	0.19398543	-2.4959672e-05	0.98098326	-4.3464536e-17	0	300
3.5820000000001806e-10	0.19398583	-2.5198886e-05	0.98098314	-4.3464543e-17	0	300
3.583000000000181e-10	0.19398624	-2.5432157e-05	0.98098314	-4.3464543e-17	0	300
3.584000000000181e-10	0.19398662	-2.5659383e-05	0.980983	-4.3464543e-17	0	300
3.5850000000001815e-10	0.19398701	-2.5880589e-05	0.9809829	-4.3464543e-17	0	300
3.586000000000182e-10	0.19398741	-2.609577e-05	0.9809828	-4.3464543e-17	0	300
3.587000000000182e-10	0.19398782	-2.63049e-05	0.9809827	-4.3464543e-17	0	300
3.5880000000001824e-10	0.1939882	-2.6508007e-05	0.98098266	-4.3464556e-17	0	300
3.5890000000001827e-10	0.19398862	-2.6705144e-05	0.9809826	-4.3464536e-17	0	300
3.590000000000183e-10	0.19398902	-2.68963e-05	0.98098254	-4.3464543e-17	0	300
3.5910000000001833e-10	0.19398943	-2.708146e-05	0.9809824	-4.3464543e-17	0	300
3.5920000000001836e-10	0.19398984	-2.7260525e-05	0.98098236	-4.346455e-17	0	300
3.593000000000184e-10	0.19399023	-2.743367e-05	0.98098224	-4.3464546e-17	0	300
3.594000000000184e-10	0.19399065	-2.7600912e-05	0.9809822	-4.3464546e-17	0	300
3.5950000000001846e-10	0.19399107	-2.7762082e-05	0.9809822	-4.3464533e-17	0	300
3.596000000000185e-10	0.19399148	-2.7917398e-05	0.98098207	-4.346454e-17	0	300
3.597000000000185e-10	0.19399187	-2.8066725e-05	0.98098195	-4.346454e-17	0	300
3.5980000000001855e-10	0.19399226	-2.821018e-05	0.98098177	-4.3464553e-17	0	300
3.599000000000186e-10	0.19399267	-2.8347624e-05	0.9809817	-4.3464546e-17	0	300
3.600000000000186e-10	0.19399309	-2.84792e-05	0.98098165	-4.346454e-17	0	300
3.6010000000001864e-10	0.19399351	-2.8604958e-05	0.9809816	-4.3464546e-17	0	300
3.6020000000001867e-10	0.1939939	-2.8724771e-05	0.9809816	-4.346454e-17	0	300
3.603000000000187e-10	0.19399431	-2.883874e-05	0.98098147	-4.3464543e-17	0	300
3.6040000000001873e-10	0.19399473	-2.8946855e-05	0.98098135	-4.346455e-17	0	300
3.6050000000001876e-10	0.19399515	-2.9049166e-05	0.9809813	-4.3464556e-17	0	300
3.606000000000188e-10	0.19399557	-2.914563e-05	0.98098123	-4.3464536e-17	0	300
3.607000000000188e-10	0.19399597	-2.923635e-05	0.9809811	-4.3464536e-17	0	300
3.6080000000001885e-10	0.19399637	-2.9321303e-05	0.980981	-4.346455e-17	0	300
3.609000000000189e-10	0.1939968	-2.9400517e-05	0.98098093	-4.3464556e-17	0	300
3.610000000000189e-10	0.1939972	-2.9474038e-05	0.9809809	-4.3464536e-17	0	300
3.6110000000001895e-10	0.1939976	-2.9541914e-05	0.98098075	-4.3464543e-17	0	300
3.61200000000019e-10	0.19399801	-2.9604089e-05	0.9809807	-4.3464536e-17	0	300
3.61300000000019e-10	0.19399843	-2.966066e-05	0.9809806	-4.346455e-17	0	300
3.6140000000001904e-10	0.19399881	-2.971166e-05	0.9809805	-4.3464543e-17	0	300
3.6150000000001907e-10	0.19399923	-2.9757073e-05	0.9809805	-4.3464556e-17	0	300
3.616000000000191e-10	0.19399963	-2.9796913e-05	0.98098046	-4.3464553e-17	0	300
3.6170000000001913e-10	0.19400004	-2.9831306e-05	0.9809804	-4.3464553e-17	0	300
3.6180000000001916e-10	0.19400042	-2.9860219e-05	0.98098016	-4.3464546e-17	0	300
3.619000000000192e-10	0.19400083	-2.9883711e-05	0.98098004	-4.3464546e-17	0	300
3.620000000000192e-10	0.19400124	-2.9901823e-05	0.98098	-4.3464546e-17	0	300
3.6210000000001925e-10	0.19400164	-2.9914581e-05	0.98098	-4.3464546e-17	0	300
3.622000000000193e-10	0.19400202	-2.9922088e-05	0.9809799	-4.3464546e-17	0	300
3.623000000000193e-10	0.19400242	-2.9924217e-05	0.9809798	-4.346454e-17	0	300
3.6240000000001935e-10	0.1940028	-2.9921179e-05	0.98097974	-4.3464553e-17	0	300
3.625000000000194e-10	0.1940032	-2.9912897e-05	0.98097974	-4.3464546e-17	0	300
3.626000000000194e-10	0.1940036	-2.9899462e-05	0.9809797	-4.3464546e-17	0	300
3.6270000000001944e-10	0.19400397	-2.988097e-05	0.9809795	-4.3464553e-17	0	300
3.6280000000001947e-10	0.19400437	-2.9857314e-05	0.9809794	-4.3464553e-17	0	300
3.629000000000195e-10	0.19400474	-2.982866e-05	0.9809794	-4.3464546e-17	0	300
3.6300000000001953e-10	0.19400513	-2.979495e-05	0.9809793	-4.3464533e-17	0	300
3.6310000000001956e-10	0.19400552	-2.9756306e-05	0.9809792	-4.346454e-17	0	300
3.632000000000196e-10	0.19400588	-2.9712752e-05	0.98097914	-4.3464553e-17	0	300
3.633000000000196e-10	0.19400626	-2.9664216e-05	0.980979	-4.3464546e-17	0	300
3.6340000000001965e-10	0.19400662	-2.9610934e-05	0.980979	-4.346454e-17	0	300
3.635000000000197e-10	0.19400701	-2.9552863e-05	0.98097885	-4.346455e-17	0	300
3.636000000000197e-10	0.19400738	-2.9489984e-05	0.9809788	-4.3464543e-17	0	300
3.6370000000001974e-10	0.19400774	-2.942239e-05	0.9809788	-4.3464556e-17	0	300
3.638000000000198e-10	0.19400811	-2.9350116e-05	0.9809787	-4.3464543e-17	0	300
3.639000000000198e-10	0.19400847	-2.9273273e-05	0.98097867	-4.3464536e-17	0	300
3.6400000000001984e-10	0.19400884	-2.9191817e-05	0.9809786	-4.346455e-17	0	300
3.6410000000001987e-10	0.1940092	-2.9105768e-05	0.9809785	-4.3464543e-17	0	300
3.642000000000199e-10	0.19400957	-2.9015218e-05	0.98097837	-4.3464536e-17	0	300
3.6430000000001993e-10	0.19400991	-2.892016e-05	0.9809783	-4.3464533e-17	0	300
3.6440000000001996e-10	0.19401029	-2.8820645e-05	0.9809782	-4.346454e-17	0	300
3.6450000000002e-10	0.19401063	-2.8716797e-05	0.98097813	-4.346454e-17	0	300
3.6460000000002e-10	0.19401097	-2.8608523e-05	0.9809781	-4.3464533e-17	0	300
3.6470000000002005e-10	0.19401132	-2.8495986e-05	0.9809781	-4.346454e-17	0	300
3.648000000000201e-10	0.19401167	-2.8379261e-05	0.980978	-4.3464543e-17	0	300
3.649000000000201e-10	0.19401202	-2.8258226e-05	0.98097795	-4.3464543e-17	0	300
3.6500000000002014e-10	0.19401234	-2.8133067e-05	0.9809778	-4.3464536e-17	0	300
3.6510000000002017e-10	0.19401269	-2.8003693e-05	0.9809778	-4.3464536e-17	0	300
3.652000000000202e-10	0.19401303	-2.7870297e-05	0.98097765	-4.346454e-17	0	300
3.6530000000002023e-10	0.19401337	-2.7732878e-05	0.98097765	-4.3464546e-17	0	300
3.6540000000002027e-10	0.19401368	-2.7591459e-05	0.9809776	-4.3464546e-17	0	300
3.655000000000203e-10	0.19401401	-2.744603e-05	0.98097754	-4.3464543e-17	0	300
3.6560000000002033e-10	0.19401436	-2.729681e-05	0.9809774	-4.3464543e-17	0	300
3.6570000000002036e-10	0.19401468	-2.7143591e-05	0.9809774	-4.3464543e-17	0	300
3.658000000000204e-10	0.19401498	-2.6986574e-05	0.9809774	-4.3464546e-17	0	300
3.659000000000204e-10	0.1940153	-2.6825865e-05	0.9809772	-4.346454e-17	0	300
3.6600000000002045e-10	0.19401564	-2.6661424e-05	0.98097724	-4.3464536e-17	0	300
3.661000000000205e-10	0.19401595	-2.6493264e-05	0.98097706	-4.3464536e-17	0	300
3.662000000000205e-10	0.19401625	-2.6321539e-05	0.98097706	-4.3464543e-17	0	300
3.6630000000002054e-10	0.19401655	-2.6146141e-05	0.980977	-4.3464546e-17	0	300
3.6640000000002057e-10	0.19401687	-2.596725e-05	0.9809769	-4.3464546e-17	0	300
3.665000000000206e-10	0.19401717	-2.5784928e-05	0.9809769	-4.3464543e-17	0	300
3.6660000000002063e-10	0.19401747	-2.5599125e-05	0.9809768	-4.3464543e-17	0	300
3.6670000000002066e-10	0.19401778	-2.5409878e-05	0.9809768	-4.346454e-17	0	300
3.668000000000207e-10	0.19401808	-2.5217361e-05	0.98097676	-4.346454e-17	0	300
3.669000000000207e-10	0.19401836	-2.5021523e-05	0.98097664	-4.3464543e-17	0	300
3.6700000000002076e-10	0.19401863	-2.4822404e-05	0.9809766	-4.3464536e-17	0	300
3.671000000000208e-10	0.19401892	-2.4620134e-05	0.9809765	-4.3464533e-17	0	300
3.672000000000208e-10	0.1940192	-2.4414843e-05	0.98097646	-4.346454e-17	0	300
3.6730000000002085e-10	0.19401948	-2.420633e-05	0.9809764	-4.3464536e-17	0	300
3.674000000000209e-10	0.19401976	-2.3994891e-05	0.98097634	-4.3464543e-17	0	300
3.675000000000209e-10	0.19402003	-2.3780469e-05	0.98097634	-4.3464553e-17	0	300
3.6760000000002094e-10	0.1940203	-2.356309e-05	0.9809762	-4.3464536e-17	0	300
3.6770000000002097e-10	0.19402057	-2.3342855e-05	0.9809762	-4.3464543e-17	0	300
3.67800000000021e-10	0.19402078	-2.3119926e-05	0.9809761	-4.346454e-17	0	300
3.6790000000002103e-10	0.19402106	-2.2894314e-05	0.9809761	-4.3464543e-17	0	300
3.6800000000002106e-10	0.1940213	-2.2665932e-05	0.98097605	-4.3464543e-17	0	300
3.681000000000211e-10	0.19402157	-2.2435052e-05	0.980976	-4.3464546e-17	0	300
3.682000000000211e-10	0.19402182	-2.220159e-05	0.980976	-4.3464543e-17	0	300
3.6830000000002116e-10	0.19402204	-2.1965629e-05	0.9809758	-4.346454e-17	0	300
3.684000000000212e-10	0.1940223	-2.1727215e-05	0.9809758	-4.346454e-17	0	300
3.685000000000212e-10	0.19402252	-2.1486365e-05	0.98097575	-4.3464543e-17	0	300
3.6860000000002125e-10	0.19402274	-2.1243357e-05	0.9809757	-4.346454e-17	0	300
3.687000000000213e-10	0.19402298	-2.0998095e-05	0.9809757	-4.3464543e-17	0	300
3.688000000000213e-10	0.19402319	-2.0750525e-05	0.9809756	-4.3464546e-17	0	300
3.6890000000002134e-10	0.19402343	-2.050081e-05	0.9809756	-4.346455e-17	0	300
3.6900000000002137e-10	0.19402362	-2.024899e-05	0.9809756	-4.346454e-17	0	300
3.691000000000214e-10	0.19402383	-1.999517e-05	0.98097557	-4.346455e-17	0	300
3.6920000000002143e-10	0.19402403	-1.9739404e-05	0.9809755	-4.3464536e-17	0	300
3.6930000000002146e-10	0.19402424	-1.9481664e-05	0.9809755	-4.346454e-17	0	300
3.694000000000215e-10	0.19402446	-1.9222176e-05	0.98097545	-4.3464536e-17	0	300
3.695000000000215e-10	0.19402465	-1.896092e-05	0.98097545	-4.3464533e-17	0	300
3.6960000000002155e-10	0.19402483	-1.8697916e-05	0.98097533	-4.3464536e-17	0	300
3.697000000000216e-10	0.19402501	-1.8433273e-05	0.9809753	-4.346454e-17	0	300
3.698000000000216e-10	0.19402519	-1.8167015e-05	0.9809752	-4.3464546e-17	0	300
3.6990000000002165e-10	0.19402537	-1.7899112e-05	0.9809752	-4.3464536e-17	0	300
3.700000000000217e-10	0.19402555	-1.7629749e-05	0.9809752	-4.346454e-17	0	300
3.701000000000217e-10	0.19402573	-1.7358967e-05	0.98097515	-4.3464536e-17	0	300
3.7020000000002174e-10	0.19402587	-1.7086737e-05	0.9809751	-4.3464533e-17	0	300
3.7030000000002177e-10	0.19402605	-1.6813268e-05	0.98097515	-4.3464543e-17	0	300
3.704000000000218e-10	0.1940262	-1.653851e-05	0.9809751	-4.3464543e-17	0	300
3.7050000000002183e-10	0.19402635	-1.6262626e-05	0.98097503	-4.346454e-17	0	300
3.7060000000002186e-10	0.19402653	-1.5985594e-05	0.98097503	-4.346455e-17	0	300
3.707000000000219e-10	0.19402663	-1.5707501e-05	0.980975	-4.3464546e-17	0	300
3.708000000000219e-10	0.19402678	-1.542837e-05	0.980975	-4.346455e-17	0	300
3.7090000000002195e-10	0.19402692	-1.5148384e-05	0.9809749	-4.3464543e-17	0	300
3.71000000000022e-10	0.19402707	-1.4867403e-05	0.9809749	-4.346456e-17	0	300
3.71100000000022e-10	0.19402719	-1.4585605e-05	0.9809749	-4.346455e-17	0	300
3.7120000000002204e-10	0.1940273	-1.4303023e-05	0.9809749	-4.346455e-17	0	300
3.713000000000221e-10	0.19402742	-1.4019744e-05	0.9809748	-4.3464546e-17	0	300
3.714000000000221e-10	0.19402753	-1.3735718e-05	0.9809748	-4.346454e-17	0	300
3.7150000000002214e-10	0.19402765	-1.3451101e-05	0.9809748	-4.3464543e-17	0	300
3.7160000000002217e-10	0.19402775	-1.31659845e-05	0.9809748	-4.346454e-17	0	300
3.717000000000222e-10	0.19402786	-1.2880356e-05	0.9809748	-4.346454e-17	0	300
3.7180000000002223e-10	0.19402796	-1.2594279e-05	0.9809747	-4.346455e-17	0	300
3.7190000000002226e-10	0.19402806	-1.2307806e-05	0.9809748	-4.3464543e-17	0	300
3.720000000000223e-10	0.19402814	-1.202089e-05	0.9809747	-4.346454e-17	0	300
3.721000000000223e-10	0.19402824	-1.173365e-05	0.9809747	-4.3464546e-17	0	300
3.7220000000002235e-10	0.19402832	-1.14461745e-05	0.9809747	-4.3464546e-17	0	300
3.723000000000224e-10	0.19402844	-1.1158539e-05	0.9809747	-4.3464543e-17	0	300
3.724000000000224e-10	0.1940285	-1.0870702e-05	0.9809747	-4.3464543e-17	0	300
3.7250000000002244e-10	0.19402856	-1.0582678e-05	0.9809747	-4.3464546e-17	0	300
3.7260000000002247e-10	0.19402865	-1.02945705e-05	0.9809747	-4.3464546e-17	0	300
3.727000000000225e-10	0.19402869	-1.0006447e-05	0.9809747	-4.3464553e-17	0	300
3.7280000000002254e-10	0.19402876	-9.718331e-06	0.9809747	-4.3464556e-17	0	300
3.7290000000002257e-10	0.19402882	-9.430313e-06	0.9809747	-4.3464556e-17	0	300
3.730000000000226e-10	0.1940289	-9.142466e-06	0.9809747	-4.346455e-17	0	300
3.7310000000002263e-10	0.19402894	-8.854834e-06	0.9809747	-4.346455e-17	0	300
3.7320000000002266e-10	0.19402899	-8.567447e-06	0.98097456	-4.3464546e-17	0	300
3.733000000000227e-10	0.19402905	-8.280345e-06	0.98097456	-4.3464546e-17	0	300
3.734000000000227e-10	0.1940291	-7.9934425e-06	0.98097456	-4.3464553e-17	0	300
3.7350000000002275e-10	0.19402912	-7.70688e-06	0.98097456	-4.3464556e-17	0	300
3.736000000000228e-10	0.19402915	-7.4206932e-06	0.98097444	-4.3464556e-17	0	300
3.737000000000228e-10	0.19402921	-7.134904e-06	0.98097444	-4.346455e-17	0	300
3.7380000000002284e-10	0.19402924	-6.849565e-06	0.98097444	-4.346455e-17	0	300
3.7390000000002287e-10	0.19402927	-6.5646927e-06	0.98097444	-4.3464556e-17	0	300
3.740000000000229e-10	0.19402929	-6.280323e-06	0.98097444	-4.3464543e-17	0	300
3.7410000000002293e-10	0.19402932	-5.996517e-06	0.98097444	-4.3464546e-17	0	300
3.7420000000002296e-10	0.19402933	-5.7132925e-06	0.98097444	-4.3464546e-17	0	300
3.74300000000023e-10	0.19402935	-5.430708e-06	0.98097444	-4.3464546e-17	0	300
3.7440000000002303e-10	0.19402938	-5.1488105e-06	0.98097456	-4.3464546e-17	0	300
3.7450000000002306e-10	0.19402939	-4.8676184e-06	0.98097456	-4.3464546e-17	0	300
3.746000000000231e-10	0.19402939	-4.5871857e-06	0.98097444	-4.3464546e-17	0	300
3.747000000000231e-10	0.19402939	-4.3075247e-06	0.98097444	-4.3464546e-17	0	300
3.7480000000002315e-10	0.1940294	-4.02875e-06	0.98097444	-4.3464546e-17	0	300
3.749000000000232e-10	0.1940294	-3.7509114e-06	0.98097444	-4.346454e-17	0	300
3.750000000000232e-10	0.19402939	-3.4740299e-06	0.98097444	-4.346454e-17	0	300
3.7510000000002324e-10	0.19402936	-3.1981765e-06	0.98097444	-4.3464546e-17	0	300
3.7520000000002327e-10	0.19402935	-2.9233984e-06	0.98097444	-4.3464546e-17	0	300
3.753000000000233e-10	0.19402933	-2.6497364e-06	0.98097444	-4.3464546e-17	0	300
3.7540000000002333e-10	0.19402929	-2.377276e-06	0.98097444	-4.3464543e-17	0	300
3.7550000000002336e-10	0.19402927	-2.106056e-06	0.98097444	-4.3464543e-17	0	300
3.756000000000234e-10	0.19402924	-1.8360865e-06	0.98097456	-4.3464543e-17	0	300
3.757000000000234e-10	0.19402923	-1.5673968e-06	0.98097456	-4.3464536e-17	0	300
3.7580000000002346e-10	0.19402917	-1.2999876e-06	0.98097456	-4.3464536e-17	0	300
3.759000000000235e-10	0.19402914	-1.0339144e-06	0.9809745	-4.3464536e-17	0	300
3.760000000000235e-10	0.1940291	-7.6920367e-07	0.98097456	-4.3464533e-17	0	300
3.7610000000002355e-10	0.19402905	-5.0590677e-07	0.98097456	-4.3464526e-17	0	300
3.762000000000236e-10	0.194029	-2.4401743e-07	0.98097456	-4.3464533e-17	0	300
3.763000000000236e-10	0.19402894	1.6418682e-08	0.98097456	-4.3464533e-17	0	300
3.7640000000002364e-10	0.19402888	2.75337e-07	0.9809746	-4.3464543e-17	0	300
3.7650000000002367e-10	0.19402884	5.326185e-07	0.9809746	-4.3464536e-17	0	300
3.766000000000237e-10	0.19402876	7.8821296e-07	0.9809746	-4.3464543e-17	0	300
3.7670000000002373e-10	0.19402872	1.04208e-06	0.9809746	-4.3464546e-17	0	300
3.7680000000002376e-10	0.19402863	1.2942783e-06	0.9809746	-4.3464546e-17	0	300
3.769000000000238e-10	0.19402857	1.5447715e-06	0.9809746	-4.3464546e-17	0	300
3.770000000000238e-10	0.19402848	1.7934813e-06	0.9809746	-4.346455e-17	0	300
3.7710000000002385e-10	0.1940284	2.0403454e-06	0.9809746	-4.346455e-17	0	300
3.772000000000239e-10	0.19402832	2.2853371e-06	0.9809747	-4.3464553e-17	0	300
3.773000000000239e-10	0.19402823	2.5283964e-06	0.9809747	-4.3464546e-17	0	300
3.7740000000002395e-10	0.19402814	2.7694155e-06	0.9809747	-4.3464546e-17	0	300
3.77500000000024e-10	0.19402803	3.0083343e-06	0.9809747	-4.3464543e-17	0	300
3.77600000000024e-10	0.19402793	3.245207e-06	0.9809747	-4.346454e-17	0	300
3.7770000000002404e-10	0.19402781	3.4800137e-06	0.9809747	-4.3464533e-17	0	300
3.7780000000002407e-10	0.19402769	3.7125728e-06	0.9809747	-4.3464536e-17	0	300
3.779000000000241e-10	0.1940276	3.9429196e-06	0.9809747	-4.3464536e-17	0	300
3.7800000000002413e-10	0.19402748	4.170976e-06	0.9809747	-4.3464546e-17	0	300
3.7810000000002416e-10	0.19402736	4.3966584e-06	0.9809748	-4.3464546e-17	0	300
3.782000000000242e-10	0.19402725	4.62001e-06	0.9809748	-4.3464556e-17	0	300
3.783000000000242e-10	0.19402713	4.840972e-06	0.9809748	-4.3464553e-17	0	300
3.7840000000002425e-10	0.19402699	5.0596163e-06	0.9809748	-4.3464553e-17	0	300
3.785000000000243e-10	0.19402687	5.2757987e-06	0.98097503	-4.3464543e-17	0	300
3.786000000000243e-10	0.19402674	5.4895327e-06	0.98097503	-4.346454e-17	0	300
3.7870000000002435e-10	0.19402656	5.7007956e-06	0.9809751	-4.346454e-17	0	300
3.788000000000244e-10	0.19402644	5.9095782e-06	0.9809751	-4.3464543e-17	0	300
3.789000000000244e-10	0.1940263	6.115915e-06	0.9809751	-4.346454e-17	0	300
3.7900000000002444e-10	0.19402617	6.3197886e-06	0.9809751	-4.346454e-17	0	300
3.7910000000002447e-10	0.19402604	6.521112e-06	0.9809751	-4.3464543e-17	0	300
3.792000000000245e-10	0.1940259	6.7199694e-06	0.98097515	-4.3464546e-17	0	300
3.7930000000002453e-10	0.19402575	6.916251e-06	0.98097515	-4.3464536e-17	0	300
3.7940000000002456e-10	0.19402559	7.109883e-06	0.98097515	-4.3464546e-17	0	300
3.795000000000246e-10	0.19402546	7.3008596e-06	0.9809752	-4.3464546e-17	0	300
3.796000000000246e-10	0.1940253	7.4893346e-06	0.9809752	-4.346455e-17	0	300
3.7970000000002465e-10	0.19402514	7.675266e-06	0.9809752	-4.346454e-17	0	300
3.798000000000247e-10	0.194025	7.8586e-06	0.9809753	-4.3464543e-17	0	300
3.799000000000247e-10	0.19402483	8.039317e-06	0.9809753	-4.3464543e-17	0	300
3.8000000000002474e-10	0.19402471	8.217194e-06	0.9809753	-4.3464533e-17	0	300
3.801000000000248e-10	0.19402453	8.392512e-06	0.9809754	-4.3464543e-17	0	300
3.802000000000248e-10	0.19402438	8.565177e-06	0.9809754	-4.346454e-17	0	300
3.8030000000002484e-10	0.19402424	8.735262e-06	0.9809755	-4.346455e-17	0	300
3.8040000000002487e-10	0.19402406	8.902691e-06	0.9809755	-4.3464543e-17	0	300
3.805000000000249e-10	0.1940239	9.067389e-06	0.9809756	-4.346454e-17	0	300
3.8060000000002493e-10	0.19402374	9.2293385e-06	0.9809756	-4.346455e-17	0	300
3.8070000000002496e-10	0.19402355	9.388562e-06	0.9809756	-4.3464533e-17	0	300
3.80800000000025e-10	0.19402339	9.54494e-06	0.9809757	-4.3464543e-17	0	300
3.80900000000025e-10	0.19402322	9.698621e-06	0.9809757	-4.3464546e-17	0	300
3.8100000000002505e-10	0.19402306	9.849637e-06	0.9809757	-4.3464543e-17	0	300
3.811000000000251e-10	0.19402288	9.997853e-06	0.98097575	-4.3464543e-17	0	300
3.812000000000251e-10	0.19402269	1.0143129e-05	0.98097575	-4.3464546e-17	0	300
3.8130000000002514e-10	0.19402252	1.028569e-05	0.98097575	-4.3464536e-17	0	300
3.8140000000002517e-10	0.19402234	1.0425465e-05	0.9809758	-4.346454e-17	0	300
3.815000000000252e-10	0.19402216	1.0562521e-05	0.98097587	-4.346453e-17	0	300
3.8160000000002523e-10	0.19402197	1.0696659e-05	0.98097587	-4.346454e-17	0	300
3.8170000000002527e-10	0.19402182	1.0827893e-05	0.980976	-4.3464543e-17	0	300
3.818000000000253e-10	0.19402161	1.09563225e-05	0.980976	-4.3464546e-17	0	300
3.8190000000002533e-10	0.19402143	1.1081915e-05	0.98097605	-4.346455e-17	0	300
3.8200000000002536e-10	0.19402125	1.1204731e-05	0.98097605	-4.346454e-17	0	300
3.821000000000254e-10	0.19402106	1.13247415e-05	0.98097605	-4.3464543e-17	0	300
3.822000000000254e-10	0.19402088	1.14419145e-05	0.98097616	-4.3464536e-17	0	300
3.8230000000002545e-10	0.19402072	1.1556149e-05	0.98097616	-4.346454e-17	0	300
3.824000000000255e-10	0.19402052	1.1667593e-05	0.9809762	-4.3464543e-17	0	300
3.825000000000255e-10	0.19402035	1.1776283e-05	0.9809763	-4.3464533e-17	0	300
3.8260000000002554e-10	0.19402015	1.18821445e-05	0.9809762	-4.346455e-17	0	300
3.8270000000002557e-10	0.19401997	1.1985161e-05	0.98097634	-4.346454e-17	0	300
3.828000000000256e-10	0.1940198	1.208527e-05	0.98097634	-4.346455e-17	0	300
3.8290000000002563e-10	0.19401959	1.2182635e-05	0.9809764	-4.3464546e-17	0	300
3.8300000000002566e-10	0.1940194	1.2277142e-05	0.9809764	-4.3464543e-17	0	300
3.831000000000257e-10	0.1940192	1.2368919e-05	0.9809764	-4.346454e-17	0	300
3.832000000000257e-10	0.19401902	1.2457907e-05	0.98097646	-4.3464543e-17	0	300
3.8330000000002576e-10	0.19401884	1.2543967e-05	0.9809766	-4.3464546e-17	0	300
3.834000000000258e-10	0.19401865	1.2627275e-05	0.98097664	-4.346455e-17	0	300
3.835000000000258e-10	0.19401845	1.2707842e-05	0.98097664	-4.3464546e-17	0	300
3.8360000000002585e-10	0.19401827	1.2785589e-05	0.9809767	-4.3464543e-17	0	300
3.837000000000259e-10	0.19401808	1.2860555e-05	0.9809767	-4.3464533e-17	0	300
3.838000000000259e-10	0.19401789	1.2932816e-05	0.98097676	-4.3464536e-17	0	300
3.8390000000002594e-10	0.19401771	1.3002331e-05	0.98097676	-4.3464533e-17	0	300
3.8400000000002597e-10	0.1940175	1.3069068e-05	0.98097676	-4.346455e-17	0	300
3.84100000000026e-10	0.19401732	1.3133169e-05	0.9809768	-4.3464546e-17	0	300
3.8420000000002603e-10	0.19401714	1.3194478e-05	0.9809768	-4.3464543e-17	0	300
3.8430000000002606e-10	0.19401693	1.3252956e-05	0.9809768	-4.3464546e-17	0	300
3.844000000000261e-10	0.19401675	1.3308737e-05	0.98097694	-4.3464543e-17	0	300
3.845000000000261e-10	0.19401655	1.3361895e-05	0.98097694	-4.346454e-17	0	300
3.8460000000002615e-10	0.19401638	1.3412254e-05	0.980977	-4.3464536e-17	0	300
3.847000000000262e-10	0.19401617	1.34599995e-05	0.98097706	-4.3464533e-17	0	300
3.848000000000262e-10	0.194016	1.3505034e-05	0.98097706	-4.3464543e-17	0	300
3.8490000000002625e-10	0.1940158	1.3547355e-05	0.98097724	-4.3464546e-17	0	300
3.850000000000263e-10	0.1940156	1.3587047e-05	0.98097724	-4.3464543e-17	0	300
3.851000000000263e-10	0.19401543	1.362413e-05	0.98097724	-4.3464546e-17	0	300
3.8520000000002634e-10	0.19401525	1.3658641e-05	0.9809773	-4.3464533e-17	0	300
3.8530000000002637e-10	0.19401504	1.3690393e-05	0.98097736	-4.346455e-17	0	300
3.854000000000264e-10	0.19401486	1.3719603e-05	0.98097736	-4.3464546e-17	0	300
3.8550000000002643e-10	0.19401467	1.3746284e-05	0.9809774	-4.346455e-17	0	300
3.8560000000002646e-10	0.19401449	1.3770412e-05	0.9809774	-4.3464546e-17	0	300
3.857000000000265e-10	0.19401431	1.37920715e-05	0.9809775	-4.346455e-17	0	300
3.858000000000265e-10	0.19401412	1.3811175e-05	0.9809775	-4.3464546e-17	0	300
3.8590000000002655e-10	0.19401395	1.382771e-05	0.98097754	-4.346455e-17	0	300
3.860000000000266e-10	0.19401376	1.3841755e-05	0.98097754	-4.3464546e-17	0	300
3.861000000000266e-10	0.19401357	1.3853405e-05	0.98097754	-4.3464543e-17	0	300
3.8620000000002665e-10	0.19401339	1.3862673e-05	0.98097765	-4.3464533e-17	0	300
3.863000000000267e-10	0.19401322	1.3869412e-05	0.98097765	-4.3464536e-17	0	300
3.864000000000267e-10	0.19401304	1.3873748e-05	0.98097765	-4.3464533e-17	0	300
3.8650000000002674e-10	0.19401285	1.3875715e-05	0.9809778	-4.3464533e-17	0	300
3.8660000000002677e-10	0.19401269	1.3875344e-05	0.9809778	-4.3464553e-17	0	300
3.867000000000268e-10	0.19401252	1.3872677e-05	0.98097783	-4.346455e-17	0	300
3.8680000000002683e-10	0.19401234	1.3867703e-05	0.9809779	-4.3464536e-17	0	300
3.8690000000002686e-10	0.19401218	1.3860442e-05	0.9809779	-4.3464546e-17	0	300
3.870000000000269e-10	0.194012	1.3850848e-05	0.9809779	-4.3464536e-17	0	300
3.871000000000269e-10	0.19401184	1.3839072e-05	0.98097795	-4.346454e-17	0	300
3.8720000000002695e-10	0.19401166	1.38250925e-05	0.98097795	-4.3464543e-17	0	300
3.87300000000027e-10	0.19401148	1.3808863e-05	0.98097795	-4.3464546e-17	0	300
3.87400000000027e-10	0.19401132	1.3790394e-05	0.98097795	-4.3464543e-17	0	300
3.8750000000002704e-10	0.19401117	1.376979e-05	0.980978	-4.3464543e-17	0	300
3.876000000000271e-10	0.19401099	1.3747023e-05	0.980978	-4.346454e-17	0	300
3.877000000000271e-10	0.19401082	1.3722144e-05	0.98097813	-4.3464543e-17	0	300
3.8780000000002714e-10	0.19401067	1.3695246e-05	0.98097813	-4.3464553e-17	0	300
3.8790000000002717e-10	0.1940105	1.3666232e-05	0.98097813	-4.346453e-17	0	300
3.880000000000272e-10	0.19401035	1.36350045e-05	0.98097825	-4.3464533e-17	0	300
3.8810000000002723e-10	0.19401017	1.3601722e-05	0.98097825	-4.346454e-17	0	300
3.8820000000002726e-10	0.19401003	1.35665e-05	0.9809784	-4.3464543e-17	0	300
3.883000000000273e-10	0.19400987	1.3529306e-05	0.9809784	-4.346454e-17	0	300
3.884000000000273e-10	0.19400969	1.3490105e-05	0.9809784	-4.3464543e-17	0	300
3.8850000000002735e-10	0.19400956	1.3448881e-05	0.9809785	-4.3464553e-17	0	300
3.886000000000274e-10	0.1940094	1.3405779e-05	0.9809785	-4.346454e-17	0	300
3.887000000000274e-10	0.19400924	1.3360669e-05	0.9809785	-4.3464556e-17	0	300
3.8880000000002744e-10	0.19400908	1.3313617e-05	0.9809785	-4.3464546e-17	0	300
3.8890000000002747e-10	0.19400895	1.3264752e-05	0.98097855	-4.346455e-17	0	300
3.890000000000275e-10	0.19400877	1.3214098e-05	0.98097855	-4.346454e-17	0	300
3.8910000000002754e-10	0.19400865	1.3161491e-05	0.98097855	-4.346454e-17	0	300
3.8920000000002757e-10	0.19400848	1.3106988e-05	0.98097867	-4.3464543e-17	0	300
3.893000000000276e-10	0.19400832	1.3050752e-05	0.98097867	-4.3464546e-17	0	300
3.8940000000002763e-10	0.19400817	1.2992675e-05	0.98097867	-4.3464543e-17	0	300
3.8950000000002766e-10	0.19400802	1.2932852e-05	0.98097867	-4.346455e-17	0	300
3.896000000000277e-10	0.19400789	1.2871208e-05	0.98097867	-4.3464546e-17	0	300
3.897000000000277e-10	0.19400775	1.28078755e-05	0.9809787	-4.3464543e-17	0	300
3.8980000000002775e-10	0.1940076	1.27429075e-05	0.9809787	-4.3464533e-17	0	300
3.899000000000278e-10	0.19400746	1.2676292e-05	0.9809788	-4.346454e-17	0	300
3.900000000000278e-10	0.19400732	1.2607909e-05	0.9809788	-4.3464536e-17	0	300
3.9010000000002784e-10	0.19400719	1.2537914e-05	0.9809789	-4.3464533e-17	0	300
3.9020000000002787e-10	0.19400704	1.2466344e-05	0.98097885	-4.3464533e-17	0	300
3.903000000000279e-10	0.1940069	1.2393222e-05	0.9809789	-4.3464543e-17	0	300
3.9040000000002793e-10	0.19400676	1.2318532e-05	0.980979	-4.3464533e-17	0	300
3.9050000000002796e-10	0.19400662	1.2242218e-05	0.980979	-4.3464533e-17	0	300
3.90600000000028e-10	0.1940065	1.2164337e-05	0.980979	-4.3464543e-17	0	300
3.9070000000002803e-10	0.19400635	1.2084856e-05	0.980979	-4.3464553e-17	0	300
3.9080000000002806e-10	0.19400623	1.200392e-05	0.9809791	-4.346455e-17	0	300
3.909000000000281e-10	0.19400612	1.192153e-05	0.9809791	-4.346455e-17	0	300
3.910000000000281e-10	0.19400598	1.1837614e-05	0.9809791	-4.3464546e-17	0	300
3.9110000000002815e-10	0.19400585	1.1752305e-05	0.98097914	-4.3464543e-17	0	300
3.912000000000282e-10	0.19400571	1.1665612e-05	0.98097914	-4.3464543e-17	0	300
3.913000000000282e-10	0.19400558	1.1577372e-05	0.98097914	-4.3464546e-17	0	300
3.9140000000002824e-10	0.19400546	1.1487768e-05	0.98097914	-4.3464533e-17	0	300
3.9150000000002827e-10	0.19400536	1.13968235e-05	0.98097914	-4.346455e-17	0	300
3.916000000000283e-10	0.19400522	1.1304571e-05	0.9809792	-4.3464546e-17	0	300
3.9170000000002833e-10	0.1940051	1.121104e-05	0.98097926	-4.3464553e-17	0	300
3.9180000000002836e-10	0.19400498	1.1116263e-05	0.98097926	-4.346455e-17	0	300
3.919000000000284e-10	0.19400486	1.10201245e-05	0.9809793	-4.3464546e-17	0	300
3.920000000000284e-10	0.19400476	1.0922723e-05	0.9809793	-4.3464546e-17	0	300
3.9210000000002846e-10	0.19400464	1.0824175e-05	0.9809793	-4.3464543e-17	0	300
3.922000000000285e-10	0.1940045	1.0724344e-05	0.98097944	-4.3464543e-17	0	300
3.923000000000285e-10	0.19400442	1.0623343e-05	0.98097944	-4.3464546e-17	0	300
3.9240000000002855e-10	0.1940043	1.0521267e-05	0.98097944	-4.3464546e-17	0	300
3.925000000000286e-10	0.19400418	1.0418066e-05	0.98097944	-4.346455e-17	0	300
3.926000000000286e-10	0.19400409	1.0313803e-05	0.98097944	-4.3464546e-17	0	300
3.9270000000002864e-10	0.194004	1.0208514e-05	0.98097944	-4.346454e-17	0	300
3.9280000000002867e-10	0.1940039	1.0102278e-05	0.9809795	-4.3464543e-17	0	300
3.929000000000287e-10	0.19400379	9.995052e-06	0.98097956	-4.346455e-17	0	300
3.9300000000002873e-10	0.19400367	9.886735e-06	0.9809797	-4.3464546e-17	0	300
3.9310000000002876e-10	0.1940036	9.777405e-06	0.9809797	-4.346454e-17	0	300
3.932000000000288e-10	0.1940035	9.667218e-06	0.9809797	-4.3464543e-17	0	300
3.933000000000288e-10	0.19400342	9.556157e-06	0.9809797	-4.3464536e-17	0	300
3.9340000000002885e-10	0.19400333	9.4443e-06	0.9809796	-4.3464546e-17	0	300
3.935000000000289e-10	0.19400325	9.331667e-06	0.9809796	-4.3464553e-17	0	300
3.936000000000289e-10	0.19400316	9.2183045e-06	0.9809796	-4.3464553e-17	0	300
3.9370000000002895e-10	0.19400308	9.104171e-06	0.9809797	-4.346455e-17	0	300
3.93800000000029e-10	0.19400299	8.989324e-06	0.98097974	-4.3464543e-17	0	300
3.93900000000029e-10	0.19400293	8.873778e-06	0.98097974	-4.346454e-17	0	300
3.9400000000002904e-10	0.19400282	8.757586e-06	0.98097974	-4.3464546e-17	0	300
3.9410000000002907e-10	0.19400275	8.640721e-06	0.9809798	-4.3464546e-17	0	300
3.942000000000291e-10	0.19400269	8.5231795e-06	0.9809798	-4.3464536e-17	0	300
3.9430000000002913e-10	0.19400261	8.4050025e-06	0.9809798	-4.3464536e-17	0	300
3.9440000000002916e-10	0.19400252	8.286346e-06	0.9809798	-4.3464546e-17	0	300
3.945000000000292e-10	0.19400248	8.167207e-06	0.9809798	-4.3464546e-17	0	300
3.946000000000292e-10	0.19400242	8.0474665e-06	0.98097986	-4.3464533e-17	0	300
3.9470000000002925e-10	0.19400235	7.927262e-06	0.98097986	-4.346454e-17	0	300
3.948000000000293e-10	0.19400229	7.806622e-06	0.98097986	-4.3464536e-17	0	300
3.949000000000293e-10	0.19400221	7.685557e-06	0.98097986	-4.3464536e-17	0	300
3.9500000000002935e-10	0.19400215	7.5641137e-06	0.9809799	-4.3464546e-17	0	300
3.951000000000294e-10	0.1940021	7.442271e-06	0.9809799	-4.346454e-17	0	300
3.952000000000294e-10	0.19400206	7.320083e-06	0.9809799	-4.3464546e-17	0	300
3.9530000000002944e-10	0.194002	7.197542e-06	0.9809799	-4.3464546e-17	0	300
3.9540000000002947e-10	0.19400194	7.0746323e-06	0.9809799	-4.346455e-17	0	300
3.955000000000295e-10	0.19400188	6.9513435e-06	0.9809799	-4.3464543e-17	0	300
3.9560000000002953e-10	0.19400182	6.8277573e-06	0.9809799	-4.3464543e-17	0	300
3.9570000000002956e-10	0.1940018	6.7039164e-06	0.98098	-4.3464536e-17	0	300
3.958000000000296e-10	0.19400173	6.5798454e-06	0.98098	-4.346454e-17	0	300
3.959000000000296e-10	0.1940017	6.4555115e-06	0.98098	-4.3464546e-17	0	300
3.9600000000002965e-10	0.19400164	6.3309167e-06	0.98098	-4.3464546e-17	0	300
3.961000000000297e-10	0.19400162	6.206121e-06	0.98098	-4.3464553e-17	0	300
3.962000000000297e-10	0.19400156	6.0812063e-06	0.98098	-4.3464553e-17	0	300
3.9630000000002974e-10	0.19400153	5.9561535e-06	0.98098004	-4.346455e-17	0	300
3.964000000000298e-10	0.1940015	5.831008e-06	0.98098004	-4.3464556e-17	0	300
3.965000000000298e-10	0.19400145	5.705797e-06	0.98098004	-4.3464556e-17	0	300
3.9660000000002984e-10	0.19400142	5.580519e-06	0.98098004	-4.3464556e-17	0	300
3.9670000000002987e-10	0.19400139	5.4551665e-06	0.98098004	-4.346455e-17	0	300
3.968000000000299e-10	0.19400135	5.3297654e-06	0.98098004	-4.3464546e-17	0	300
3.9690000000002993e-10	0.19400133	5.204356e-06	0.98098004	-4.3464546e-17	0	300
3.9700000000002996e-10	0.19400129	5.0789504e-06	0.98098004	-4.3464546e-17	0	300
3.9710000000003e-10	0.19400127	4.9535365e-06	0.98098004	-4.3464546e-17	0	300
3.9720000000003e-10	0.19400126	4.828163e-06	0.9809801	-4.3464546e-17	0	300
3.9730000000003005e-10	0.19400123	4.7028693e-06	0.98098004	-4.3464546e-17	0	300
3.974000000000301e-10	0.19400121	4.577695e-06	0.98098004	-4.3464546e-17	0	300
3.975000000000301e-10	0.19400118	4.4526523e-06	0.98098004	-4.3464546e-17	0	300
3.9760000000003014e-10	0.19400117	4.3277614e-06	0.98098004	-4.3464546e-17	0	300
3.9770000000003017e-10	0.19400115	4.2030274e-06	0.98098004	-4.3464543e-17	0	300
3.978000000000302e-10	0.19400114	4.078449e-06	0.9809801	-4.346455e-17	0	300
3.9790000000003023e-10	0.19400114	3.954093e-06	0.9809801	-4.346455e-17	0	300
3.9800000000003027e-10	0.19400112	3.829953e-06	0.98098004	-4.3464556e-17	0	300
3.981000000000303e-10	0.1940011	3.70602e-06	0.98098004	-4.3464556e-17	0	300
3.9820000000003033e-10	0.19400108	3.5823514e-06	0.9809801	-4.3464556e-17	0	300
3.9830000000003036e-10	0.1940011	3.4589534e-06	0.9809801	-4.346455e-17	0	300
3.984000000000304e-10	0.19400108	3.335836e-06	0.9809801	-4.3464556e-17	0	300
3.985000000000304e-10	0.19400106	3.2130197e-06	0.9809801	-4.346455e-17	0	300
3.9860000000003045e-10	0.19400106	3.0905403e-06	0.9809801	-4.346455e-17	0	300
3.987000000000305e-10	0.19400105	2.9684054e-06	0.9809801	-4.3464556e-17	0	300
3.988000000000305e-10	0.19400105	2.8466143e-06	0.9809801	-4.3464543e-17	0	300
3.9890000000003054e-10	0.19400105	2.725174e-06	0.9809801	-4.346455e-17	0	300
3.9900000000003057e-10	0.19400105	2.6041062e-06	0.9809801	-4.3464543e-17	0	300
3.991000000000306e-10	0.19400105	2.4834171e-06	0.98098016	-4.346455e-17	0	300
3.9920000000003063e-10	0.19400105	2.3631092e-06	0.98098016	-4.3464556e-17	0	300
3.9930000000003066e-10	0.19400105	2.243185e-06	0.98098016	-4.346455e-17	0	300
3.994000000000307e-10	0.19400105	2.1236706e-06	0.98098016	-4.346455e-17	0	300
3.995000000000307e-10	0.19400105	2.0045622e-06	0.9809801	-4.3464556e-17	0	300
3.9960000000003076e-10	0.19400105	1.8858411e-06	0.9809801	-4.3464543e-17	0	300
3.997000000000308e-10	0.19400105	1.7675118e-06	0.98098016	-4.346455e-17	0	300
3.998000000000308e-10	0.19400106	1.6495745e-06	0.9809801	-4.346455e-17	0	300
3.9990000000003085e-10	0.19400106	1.5320331e-06	0.98098016	-4.346455e-17	0	300
4.000000000000309e-10	0.19400106	1.4148912e-06	0.98098016	-4.3464543e-17	0	300
4.001000000000309e-10	0.19400106	1.2981478e-06	0.9809801	-4.3464543e-17	0	300
4.0020000000003094e-10	0.19400108	1.1818471e-06	0.9809801	-4.3464543e-17	0	300
4.0030000000003097e-10	0.19400106	1.0659589e-06	0.98098016	-4.346455e-17	0	300
4.00400000000031e-10	0.19400108	9.504846e-07	0.9809801	-4.346455e-17	0	300
4.0050000000003103e-10	0.1940011	8.3542307e-07	0.98098016	-4.3464543e-17	0	300
4.0060000000003106e-10	0.1940011	7.2080695e-07	0.98098016	-4.3464543e-17	0	300
4.007000000000311e-10	0.19400108	6.066401e-07	0.9809801	-4.346455e-17	0	300
4.008000000000311e-10	0.19400111	4.9291225e-07	0.9809801	-4.3464543e-17	0	300
4.0090000000003115e-10	0.19400112	3.79623e-07	0.9809801	-4.346455e-17	0	300
4.010000000000312e-10	0.19400114	2.6680016e-07	0.9809801	-4.346455e-17	0	300
4.011000000000312e-10	0.19400115	1.5447395e-07	0.98098004	-4.346455e-17	0	300
4.0120000000003125e-10	0.19400114	4.2649695e-08	0.98098004	-4.346455e-17	0	300
4.013000000000313e-10	0.19400117	-6.8651715e-08	0.98098004	-4.3464543e-17	0	300
4.014000000000313e-10	0.19400118	-1.7941268e-07	0.98098	-4.3464546e-17	0	300
4.0150000000003134e-10	0.19400121	-2.8958073e-07	0.98098004	-4.3464546e-17	0	300
4.0160000000003137e-10	0.19400121	-3.991353e-07	0.98098004	-4.3464546e-17	0	300
4.017000000000314e-10	0.19400123	-5.0806125e-07	0.98098004	-4.3464546e-17	0	300
4.0180000000003143e-10	0.19400126	-6.1635046e-07	0.98098004	-4.3464546e-17	0	300
4.0190000000003146e-10	0.19400127	-7.2392015e-07	0.9809801	-4.3464546e-17	0	300
4.020000000000315e-10	0.19400132	-8.307951e-07	0.9809801	-4.346454e-17	0	300
4.021000000000315e-10	0.19400133	-9.3691324e-07	0.98098	-4.346454e-17	0	300
4.0220000000003155e-10	0.19400138	-1.0423012e-06	0.98098004	-4.3464543e-17	0	300
4.023000000000316e-10	0.19400142	-1.1469642e-06	0.98098004	-4.3464536e-17	0	300
4.024000000000316e-10	0.19400144	-1.2508797e-06	0.98098004	-4.3464536e-17	0	300
4.0250000000003165e-10	0.19400148	-1.3540216e-06	0.98098	-4.3464543e-17	0	300
4.026000000000317e-10	0.19400151	-1.4564056e-06	0.98098004	-4.3464536e-17	0	300
4.027000000000317e-10	0.19400156	-1.558e-06	0.98098004	-4.346454e-17	0	300
4.0280000000003174e-10	0.19400159	-1.6588083e-06	0.98098004	-4.346454e-17	0	300
4.0290000000003177e-10	0.19400166	-1.7587372e-06	0.98098004	-4.3464533e-17	0	300
4.030000000000318e-10	0.19400169	-1.8577499e-06	0.98098004	-4.3464533e-17	0	300
4.0310000000003183e-10	0.19400173	-1.955876e-06	0.98098004	-4.346454e-17	0	300
4.0320000000003186e-10	0.19400178	-2.0530742e-06	0.98098004	-4.3464543e-17	0	300
4.033000000000319e-10	0.19400182	-2.1493202e-06	0.9809799	-4.3464543e-17	0	300
4.034000000000319e-10	0.19400185	-2.2446031e-06	0.98097986	-4.3464536e-17	0	300
4.0350000000003195e-10	0.19400191	-2.3389532e-06	0.98097986	-4.3464536e-17	0	300
4.03600000000032e-10	0.19400197	-2.432378e-06	0.9809799	-4.3464533e-17	0	300
4.03700000000032e-10	0.19400202	-2.5248269e-06	0.9809799	-4.346454e-17	0	300
4.0380000000003204e-10	0.19400206	-2.6163275e-06	0.9809799	-4.346454e-17	0	300
4.039000000000321e-10	0.19400212	-2.706806e-06	0.9809799	-4.3464546e-17	0	300
4.040000000000321e-10	0.19400218	-2.796179e-06	0.9809799	-4.3464543e-17	0	300
4.0410000000003214e-10	0.19400223	-2.8845504e-06	0.9809798	-4.3464543e-17	0	300
4.0420000000003217e-10	0.1940023	-2.9718885e-06	0.98097986	-4.3464543e-17	0	300
4.043000000000322e-10	0.19400236	-3.0581916e-06	0.9809798	-4.3464546e-17	0	300
4.0440000000003223e-10	0.19400242	-3.14338e-06	0.9809798	-4.3464553e-17	0	300
4.0450000000003226e-10	0.1940025	-3.2274013e-06	0.9809798	-4.3464546e-17	0	300
4.046000000000323e-10	0.19400254	-3.3103195e-06	0.9809798	-4.3464546e-17	0	300
4.047000000000323e-10	0.19400261	-3.3921274e-06	0.9809798	-4.346455e-17	0	300
4.0480000000003235e-10	0.19400269	-3.4727536e-06	0.9809798	-4.346455e-17	0	300
4.049000000000324e-10	0.19400278	-3.552145e-06	0.98097974	-4.3464546e-17	0	300
4.050000000000324e-10	0.19400285	-3.6302595e-06	0.98097974	-4.3464553e-17	0	300
4.0510000000003244e-10	0.19400291	-3.707195e-06	0.98097974	-4.346454e-17	0	300
4.0520000000003247e-10	0.194003	-3.7829222e-06	0.98097974	-4.3464543e-17	0	300
4.053000000000325e-10	0.19400308	-3.857431e-06	0.98097974	-4.346455e-17	0	300
4.0540000000003254e-10	0.19400315	-3.9306915e-06	0.98097974	-4.346454e-17	0	300
4.0550000000003257e-10	0.19400321	-4.0027e-06	0.9809797	-4.3464546e-17	0	300
4.056000000000326e-10	0.19400331	-4.0734367e-06	0.9809796	-4.3464533e-17	0	300
4.0570000000003263e-10	0.19400336	-4.142899e-06	0.9809795	-4.3464536e-17	0	300
4.0580000000003266e-10	0.19400345	-4.211123e-06	0.9809796	-4.3464536e-17	0	300
4.059000000000327e-10	0.19400352	-4.2781185e-06	0.9809796	-4.3464546e-17	0	300
4.060000000000327e-10	0.19400361	-4.343881e-06	0.9809796	-4.3464546e-17	0	300
4.0610000000003275e-10	0.1940037	-4.408344e-06	0.98097956	-4.3464533e-17	0	300
4.062000000000328e-10	0.19400376	-4.471555e-06	0.98097944	-4.3464543e-17	0	300
4.063000000000328e-10	0.19400385	-4.533518e-06	0.98097944	-4.3464543e-17	0	300
4.0640000000003284e-10	0.19400392	-4.5942706e-06	0.98097944	-4.346454e-17	0	300
4.0650000000003287e-10	0.194004	-4.6537357e-06	0.98097944	-4.346454e-17	0	300
4.066000000000329e-10	0.19400407	-4.711897e-06	0.98097944	-4.3464546e-17	0	300
4.0670000000003293e-10	0.19400418	-4.768757e-06	0.98097944	-4.3464536e-17	0	300
4.0680000000003296e-10	0.19400425	-4.8243687e-06	0.9809794	-4.3464536e-17	0	300
4.06900000000033e-10	0.19400433	-4.8787538e-06	0.9809794	-4.346454e-17	0	300
4.0700000000003303e-10	0.19400442	-4.9318937e-06	0.9809794	-4.346454e-17	0	300
4.0710000000003306e-10	0.19400449	-4.9837895e-06	0.9809794	-4.3464546e-17	0	300
4.072000000000331e-10	0.19400457	-5.0344843e-06	0.9809794	-4.346455e-17	0	300
4.073000000000331e-10	0.19400465	-5.083861e-06	0.9809794	-4.346455e-17	0	300
4.0740000000003315e-10	0.19400474	-5.13203e-06	0.9809794	-4.346454e-17	0	300
4.075000000000332e-10	0.19400482	-5.1789075e-06	0.9809793	-4.346454e-17	0	300
4.076000000000332e-10	0.19400491	-5.224445e-06	0.9809793	-4.3464543e-17	0	300
4.0770000000003324e-10	0.19400498	-5.268707e-06	0.9809793	-4.3464543e-17	0	300
4.0780000000003327e-10	0.19400509	-5.3117437e-06	0.9809793	-4.3464543e-17	0	300
4.079000000000333e-10	0.19400516	-5.3534854e-06	0.98097926	-4.3464546e-17	0	300
4.0800000000003333e-10	0.19400524	-5.39396e-06	0.98097926	-4.346454e-17	0	300
4.0810000000003336e-10	0.19400534	-5.4332336e-06	0.98097926	-4.346455e-17	0	300
4.082000000000334e-10	0.19400541	-5.471321e-06	0.9809792	-4.3464543e-17	0	300
4.083000000000334e-10	0.1940055	-5.50823e-06	0.98097926	-4.3464553e-17	0	300
4.0840000000003346e-10	0.1940056	-5.5438513e-06	0.98097926	-4.346456e-17	0	300
4.085000000000335e-10	0.19400568	-5.5781616e-06	0.9809792	-4.346456e-17	0	300
4.086000000000335e-10	0.19400574	-5.6112644e-06	0.9809792	-4.3464563e-17	0	300
4.0870000000003355e-10	0.19400583	-5.6431277e-06	0.9809792	-4.3464556e-17	0	300
4.088000000000336e-10	0.19400592	-5.673671e-06	0.9809792	-4.3464546e-17	0	300
4.089000000000336e-10	0.194006	-5.7030425e-06	0.98097914	-4.3464553e-17	0	300
4.0900000000003364e-10	0.1940061	-5.731255e-06	0.98097914	-4.346455e-17	0	300
4.0910000000003367e-10	0.19400616	-5.7583043e-06	0.98097914	-4.346455e-17	0	300
4.092000000000337e-10	0.19400626	-5.784196e-06	0.98097914	-4.3464546e-17	0	300
4.0930000000003373e-10	0.19400635	-5.808934e-06	0.98097914	-4.3464546e-17	0	300
4.0940000000003376e-10	0.19400643	-5.8323817e-06	0.98097897	-4.346454e-17	0	300
4.095000000000338e-10	0.19400652	-5.8546957e-06	0.98097897	-4.3464536e-17	0	300
4.096000000000338e-10	0.19400659	-5.8759e-06	0.980979	-4.3464543e-17	0	300
4.0970000000003385e-10	0.19400668	-5.895954e-06	0.98097897	-4.3464546e-17	0	300
4.098000000000339e-10	0.19400676	-5.9148997e-06	0.98097897	-4.3464546e-17	0	300
4.099000000000339e-10	0.19400685	-5.932622e-06	0.98097885	-4.346454e-17	0	300
4.1000000000003395e-10	0.19400692	-5.949176e-06	0.98097885	-4.3464543e-17	0	300
4.10100000000034e-10	0.19400701	-5.964596e-06	0.98097885	-4.3464543e-17	0	300
4.10200000000034e-10	0.19400707	-5.978908e-06	0.98097885	-4.3464553e-17	0	300
4.1030000000003404e-10	0.19400716	-5.9921695e-06	0.98097885	-4.346454e-17	0	300
4.1040000000003407e-10	0.19400725	-6.0043517e-06	0.9809788	-4.3464543e-17	0	300
4.105000000000341e-10	0.19400732	-6.015506e-06	0.98097885	-4.3464536e-17	0	300
4.1060000000003413e-10	0.1940074	-6.0256566e-06	0.9809788	-4.3464536e-17	0	300
4.1070000000003416e-10	0.19400746	-6.034802e-06	0.98097885	-4.3464553e-17	0	300
4.108000000000342e-10	0.19400753	-6.0429147e-06	0.9809787	-4.346454e-17	0	300
4.109000000000342e-10	0.19400764	-6.0499833e-06	0.9809788	-4.346454e-17	0	300
4.1100000000003425e-10	0.1940077	-6.0558946e-06	0.98097867	-4.3464536e-17	0	300
4.111000000000343e-10	0.19400775	-6.0608345e-06	0.9809788	-4.3464536e-17	0	300
4.112000000000343e-10	0.19400783	-6.06482e-06	0.9809788	-4.346454e-17	0	300
4.1130000000003434e-10	0.19400789	-6.067855e-06	0.9809787	-4.346454e-17	0	300
4.114000000000344e-10	0.19400798	-6.0699235e-06	0.98097867	-4.346454e-17	0	300
4.115000000000344e-10	0.19400805	-6.0710786e-06	0.98097867	-4.3464543e-17	0	300
4.1160000000003444e-10	0.19400813	-6.0712773e-06	0.9809787	-4.3464536e-17	0	300
4.1170000000003447e-10	0.19400817	-6.0705233e-06	0.9809787	-4.3464536e-17	0	300
4.118000000000345e-10	0.19400826	-6.0688076e-06	0.9809786	-4.3464546e-17	0	300
4.1190000000003453e-10	0.19400832	-6.0662296e-06	0.9809786	-4.346454e-17	0	300
4.1200000000003456e-10	0.1940084	-6.0627294e-06	0.9809786	-4.3464546e-17	0	300
4.121000000000346e-10	0.19400845	-6.0583093e-06	0.9809786	-4.3464543e-17	0	300
4.122000000000346e-10	0.19400851	-6.052979e-06	0.9809786	-4.3464543e-17	0	300
4.1230000000003465e-10	0.19400859	-6.046812e-06	0.9809786	-4.346455e-17	0	300
4.124000000000347e-10	0.19400868	-6.0398006e-06	0.98097855	-4.3464546e-17	0	300
4.125000000000347e-10	0.19400874	-6.031839e-06	0.98097855	-4.3464546e-17	0	300
4.1260000000003474e-10	0.1940088	-6.0229227e-06	0.98097855	-4.3464553e-17	0	300
4.127000000000348e-10	0.19400886	-6.0131906e-06	0.98097855	-4.3464543e-17	0	300
4.128000000000348e-10	0.19400893	-6.0027173e-06	0.9809785	-4.346455e-17	0	300
4.1290000000003484e-10	0.19400898	-5.991473e-06	0.98097855	-4.3464543e-17	0	300
4.1300000000003487e-10	0.19400905	-5.9794565e-06	0.9809785	-4.3464546e-17	0	300
4.131000000000349e-10	0.19400913	-5.96664e-06	0.9809785	-4.3464533e-17	0	300
4.1320000000003493e-10	0.19400917	-5.953046e-06	0.9809785	-4.3464546e-17	0	300
4.1330000000003496e-10	0.19400923	-5.938703e-06	0.9809785	-4.3464536e-17	0	300
4.13400000000035e-10	0.19400927	-5.92364e-06	0.9809784	-4.3464543e-17	0	300
4.13500000000035e-10	0.19400936	-5.9077784e-06	0.9809784	-4.3464543e-17	0	300
4.1360000000003505e-10	0.19400941	-5.8911355e-06	0.9809784	-4.346454e-17	0	300
4.137000000000351e-10	0.19400948	-5.873778e-06	0.9809784	-4.346454e-17	0	300
4.138000000000351e-10	0.19400953	-5.855632e-06	0.98097837	-4.346454e-17	0	300
4.1390000000003514e-10	0.19400959	-5.8367887e-06	0.98097837	-4.3464543e-17	0	300
4.1400000000003517e-10	0.19400963	-5.81727e-06	0.98097837	-4.3464536e-17	0	300
4.141000000000352e-10	0.1940097	-5.7970356e-06	0.98097825	-4.3464536e-17	0	300
4.1420000000003523e-10	0.19400975	-5.7761526e-06	0.98097825	-4.3464533e-17	0	300
4.1430000000003527e-10	0.19400983	-5.7545085e-06	0.98097825	-4.3464533e-17	0	300
4.144000000000353e-10	0.19400987	-5.7321936e-06	0.98097825	-4.346454e-17	0	300
4.1450000000003533e-10	0.19400993	-5.709165e-06	0.98097825	-4.346454e-17	0	300
4.1460000000003536e-10	0.19400999	-5.685464e-06	0.98097825	-4.346455e-17	0	300
4.147000000000354e-10	0.19401003	-5.6611407e-06	0.98097825	-4.3464543e-17	0	300
4.148000000000354e-10	0.1940101	-5.636197e-06	0.98097825	-4.3464543e-17	0	300
4.1490000000003545e-10	0.19401014	-5.6106533e-06	0.98097825	-4.3464543e-17	0	300
4.150000000000355e-10	0.19401018	-5.584488e-06	0.9809782	-4.3464546e-17	0	300
4.151000000000355e-10	0.19401026	-5.5577407e-06	0.9809782	-4.3464533e-17	0	300
4.1520000000003554e-10	0.19401032	-5.5303763e-06	0.9809782	-4.3464533e-17	0	300
4.1530000000003557e-10	0.19401038	-5.502363e-06	0.9809782	-4.3464543e-17	0	300
4.154000000000356e-10	0.1940104	-5.4738075e-06	0.9809782	-4.3464543e-17	0	300
4.1550000000003563e-10	0.19401045	-5.44468e-06	0.9809782	-4.3464543e-17	0	300
4.1560000000003566e-10	0.19401051	-5.414936e-06	0.9809782	-4.3464536e-17	0	300
4.157000000000357e-10	0.19401056	-5.3845943e-06	0.9809782	-4.346454e-17	0	300
4.158000000000357e-10	0.19401062	-5.353716e-06	0.9809782	-4.3464546e-17	0	300
4.1590000000003576e-10	0.19401065	-5.3223025e-06	0.98097813	-4.3464546e-17	0	300
4.160000000000358e-10	0.19401069	-5.290283e-06	0.98097813	-4.3464546e-17	0	300
4.161000000000358e-10	0.19401073	-5.2577484e-06	0.98097813	-4.3464546e-17	0	300
4.1620000000003585e-10	0.1940108	-5.2247537e-06	0.98097813	-4.346455e-17	0	300
4.163000000000359e-10	0.19401084	-5.191255e-06	0.98097813	-4.3464536e-17	0	300
4.164000000000359e-10	0.19401088	-5.1572783e-06	0.98097813	-4.3464543e-17	0	300
4.1650000000003594e-10	0.19401094	-5.122831e-06	0.98097813	-4.346454e-17	0	300
4.1660000000003597e-10	0.19401096	-5.0879316e-06	0.98097813	-4.346454e-17	0	300
4.16700000000036e-10	0.19401103	-5.052577e-06	0.98097813	-4.3464533e-17	0	300
4.1680000000003603e-10	0.19401103	-5.0168046e-06	0.98097813	-4.346454e-17	0	300
4.1690000000003606e-10	0.19401109	-4.9806167e-06	0.9809781	-4.3464533e-17	0	300
4.170000000000361e-10	0.19401112	-4.943976e-06	0.980978	-4.3464536e-17	0	300
4.171000000000361e-10	0.19401117	-4.906894e-06	0.980978	-4.3464543e-17	0	300
4.1720000000003615e-10	0.19401121	-4.86944e-06	0.980978	-4.3464543e-17	0	300
4.173000000000362e-10	0.19401126	-4.8316074e-06	0.980978	-4.3464536e-17	0	300
4.174000000000362e-10	0.19401129	-4.7934136e-06	0.980978	-4.3464536e-17	0	300
4.1750000000003625e-10	0.19401132	-4.7548883e-06	0.980978	-4.3464536e-17	0	300
4.176000000000363e-10	0.19401136	-4.716022e-06	0.980978	-4.3464533e-17	0	300
4.177000000000363e-10	0.19401139	-4.676834e-06	0.980978	-4.3464533e-17	0	300
4.1780000000003634e-10	0.19401143	-4.6372966e-06	0.980978	-4.3464533e-17	0	300
4.1790000000003637e-10	0.19401146	-4.597441e-06	0.980978	-4.3464533e-17	0	300
4.180000000000364e-10	0.19401151	-4.5572306e-06	0.980978	-4.346454e-17	0	300
4.1810000000003643e-10	0.19401152	-4.516675e-06	0.980978	-4.3464543e-17	0	300
4.1820000000003646e-10	0.19401157	-4.4757553e-06	0.980978	-4.346455e-17	0	300
4.183000000000365e-10	0.19401158	-4.4344833e-06	0.980978	-4.346455e-17	0	300
4.184000000000365e-10	0.19401161	-4.3929285e-06	0.980978	-4.346455e-17	0	300
4.1850000000003655e-10	0.19401166	-4.3511163e-06	0.980978	-4.346455e-17	0	300
4.186000000000366e-10	0.19401169	-4.308997e-06	0.980978	-4.3464536e-17	0	300
4.187000000000366e-10	0.1940117	-4.2665934e-06	0.980978	-4.346455e-17	0	300
4.1880000000003665e-10	0.19401173	-4.2239712e-06	0.98097795	-4.346454e-17	0	300
4.189000000000367e-10	0.19401175	-4.1811245e-06	0.98097795	-4.346454e-17	0	300
4.190000000000367e-10	0.19401178	-4.1380845e-06	0.98097795	-4.346454e-17	0	300
4.1910000000003674e-10	0.19401179	-4.094852e-06	0.98097795	-4.346454e-17	0	300
4.1920000000003677e-10	0.19401184	-4.051436e-06	0.98097795	-4.346454e-17	0	300
4.193000000000368e-10	0.19401185	-4.007865e-06	0.98097795	-4.3464546e-17	0	300
4.1940000000003683e-10	0.19401188	-3.9641495e-06	0.98097795	-4.3464546e-17	0	300
4.1950000000003686e-10	0.1940119	-3.9202673e-06	0.98097795	-4.346454e-17	0	300
4.196000000000369e-10	0.19401191	-3.8762773e-06	0.98097795	-4.3464543e-17	0	300
4.197000000000369e-10	0.19401193	-3.8321896e-06	0.98097795	-4.3464543e-17	0	300
4.1980000000003695e-10	0.19401194	-3.78804e-06	0.98097795	-4.3464543e-17	0	300
4.19900000000037e-10	0.19401197	-3.7438144e-06	0.98097795	-4.3464543e-17	0	300
4.20000000000037e-10	0.19401197	-3.6995525e-06	0.98097795	-4.3464536e-17	0	300
4.2010000000003704e-10	0.19401199	-3.6552665e-06	0.98097795	-4.346455e-17	0	300
4.202000000000371e-10	0.19401199	-3.61097e-06	0.9809779	-4.3464536e-17	0	300
4.203000000000371e-10	0.19401202	-3.5666424e-06	0.9809779	-4.346453e-17	0	300
4.2040000000003714e-10	0.19401202	-3.5223065e-06	0.9809779	-4.3464536e-17	0	300
4.2050000000003717e-10	0.19401205	-3.477996e-06	0.9809779	-4.346453e-17	0	300
4.206000000000372e-10	0.19401205	-3.4337133e-06	0.9809779	-4.3464536e-17	0	300
4.2070000000003723e-10	0.19401205	-3.3894446e-06	0.9809779	-4.3464536e-17	0	300
4.2080000000003726e-10	0.19401208	-3.345236e-06	0.9809779	-4.3464536e-17	0	300
4.209000000000373e-10	0.19401208	-3.301086e-06	0.9809779	-4.346453e-17	0	300
4.210000000000373e-10	0.19401208	-3.2570151e-06	0.9809779	-4.346453e-17	0	300
4.2110000000003735e-10	0.19401208	-3.213021e-06	0.9809779	-4.346453e-17	0	300
4.212000000000374e-10	0.19401208	-3.1691086e-06	0.9809779	-4.3464536e-17	0	300
4.213000000000374e-10	0.19401209	-3.1252907e-06	0.9809779	-4.3464536e-17	0	300
4.2140000000003744e-10	0.19401209	-3.0815695e-06	0.9809779	-4.3464536e-17	0	300
4.2150000000003747e-10	0.19401208	-3.0379515e-06	0.9809779	-4.3464536e-17	0	300
4.216000000000375e-10	0.19401208	-2.9944445e-06	0.9809779	-4.3464536e-17	0	300
4.2170000000003753e-10	0.19401208	-2.9510502e-06	0.9809779	-4.3464536e-17	0	300
4.2180000000003757e-10	0.1940121	-2.907779e-06	0.9809779	-4.3464536e-17	0	300
4.219000000000376e-10	0.19401209	-2.8646232e-06	0.9809779	-4.3464543e-17	0	300
4.2200000000003763e-10	0.1940121	-2.8215923e-06	0.9809779	-4.3464536e-17	0	300
4.2210000000003766e-10	0.19401208	-2.7786764e-06	0.9809779	-4.346453e-17	0	300
4.222000000000377e-10	0.19401208	-2.7358633e-06	0.9809779	-4.3464543e-17	0	300
4.223000000000377e-10	0.1940121	-2.6931693e-06	0.9809779	-4.3464536e-17	0	300
4.2240000000003775e-10	0.19401209	-2.650597e-06	0.9809779	-4.3464533e-17	0	300
4.225000000000378e-10	0.1940121	-2.6081514e-06	0.9809779	-4.3464543e-17	0	300
4.226000000000378e-10	0.1940121	-2.5658278e-06	0.9809779	-4.346453e-17	0	300
4.2270000000003784e-10	0.1940121	-2.523633e-06	0.9809779	-4.3464536e-17	0	300
4.2280000000003787e-10	0.19401209	-2.4815495e-06	0.9809779	-4.346453e-17	0	300
4.229000000000379e-10	0.1940121	-2.4395963e-06	0.9809779	-4.3464543e-17	0	300
4.2300000000003793e-10	0.1940121	-2.3977805e-06	0.9809779	-4.3464536e-17	0	300
4.2310000000003796e-10	0.1940121	-2.3561017e-06	0.9809779	-4.3464533e-17	0	300
4.23200000000038e-10	0.19401209	-2.3145485e-06	0.9809779	-4.346453e-17	0	300
4.23300000000038e-10	0.1940121	-2.2731165e-06	0.9809779	-4.346453e-17	0	300
4.2340000000003806e-10	0.1940121	-2.2318259e-06	0.9809779	-4.346453e-17	0	300
4.235000000000381e-10	0.1940121	-2.1906617e-06	0.9809779	-4.346453e-17	0	300
4.236000000000381e-10	0.19401212	-2.1496294e-06	0.9809779	-4.346453e-17	0	300
4.2370000000003815e-10	0.19401209	-2.108722e-06	0.9809779	-4.346453e-17	0	300
4.238000000000382e-10	0.1940121	-2.0679472e-06	0.9809779	-4.3464536e-17	0	300
4.239000000000382e-10	0.1940121	-2.0272998e-06	0.9809779	-4.3464536e-17	0	300
4.2400000000003824e-10	0.19401209	-1.9867814e-06	0.9809779	-4.3464536e-17	0	300
4.2410000000003827e-10	0.1940121	-1.946387e-06	0.9809779	-4.3464536e-17	0	300
4.242000000000383e-10	0.19401209	-1.9061256e-06	0.9809779	-4.3464536e-17	0	300
4.2430000000003833e-10	0.1940121	-1.8659923e-06	0.9809779	-4.3464533e-17	0	300
4.2440000000003836e-10	0.1940121	-1.8259844e-06	0.9809779	-4.3464543e-17	0	300
4.245000000000384e-10	0.19401209	-1.7861058e-06	0.9809779	-4.346453e-17	0	300
4.246000000000384e-10	0.19401209	-1.7463605e-06	0.9809779	-4.3464536e-17	0	300
4.2470000000003846e-10	0.19401209	-1.7067374e-06	0.9809779	-4.3464536e-17	0	300
4.248000000000385e-10	0.19401209	-1.6672417e-06	0.9809779	-4.3464536e-17	0	300
4.249000000000385e-10	0.19401209	-1.6278701e-06	0.9809779	-4.346453e-17	0	300
4.2500000000003855e-10	0.19401208	-1.58862e-06	0.9809779	-4.3464536e-17	0	300
4.251000000000386e-10	0.19401209	-1.549499e-06	0.9809779	-4.346453e-17	0	300
4.252000000000386e-10	0.19401209	-1.5105059e-06	0.9809779	-4.3464536e-17	0	300
4.2530000000003864e-10	0.1940121	-1.4716396e-06	0.9809779	-4.3464543e-17	0	300
4.2540000000003867e-10	0.19401209	-1.4329008e-06	0.9809779	-4.346453e-17	0	300
4.255000000000387e-10	0.19401209	-1.3942912e-06	0.9809779	-4.3464536e-17	0	300
4.2560000000003873e-10	0.19401208	-1.355805e-06	0.9809779	-4.3464536e-17	0	300
4.2570000000003876e-10	0.1940121	-1.3174538e-06	0.9809779	-4.3464536e-17	0	300
4.258000000000388e-10	0.19401208	-1.2792425e-06	0.9809779	-4.346453e-17	0	300
4.259000000000388e-10	0.19401209	-1.2411651e-06	0.9809779	-4.3464536e-17	0	300
4.2600000000003885e-10	0.19401209	-1.203232e-06	0.9809779	-4.3464536e-17	0	300
4.261000000000389e-10	0.19401209	-1.1654411e-06	0.9809779	-4.3464536e-17	0	300
4.262000000000389e-10	0.19401208	-1.1277939e-06	0.9809779	-4.346453e-17	0	300
4.2630000000003895e-10	0.19401209	-1.0902847e-06	0.9809779	-4.346453e-17	0	300
4.26400000000039e-10	0.19401206	-1.0529241e-06	0.9809779	-4.346453e-17	0	300
4.26500000000039e-10	0.19401206	-1.0157178e-06	0.9809779	-4.346453e-17	0	300
4.2660000000003904e-10	0.19401208	-9.786556e-07	0.9809779	-4.346453e-17	0	300
4.2670000000003907e-10	0.19401206	-9.4175317e-07	0.9809779	-4.3464536e-17	0	300
4.268000000000391e-10	0.19401208	-9.050191e-07	0.9809779	-4.346453e-17	0	300
4.2690000000003913e-10	0.19401205	-8.6844534e-07	0.9809779	-4.346453e-17	0	300
4.2700000000003916e-10	0.19401206	-8.320418e-07	0.9809779	-4.3464536e-17	0	300
4.271000000000392e-10	0.19401205	-7.957877e-07	0.9809779	-4.346453e-17	0	300
4.272000000000392e-10	0.19401205	-7.5969814e-07	0.9809779	-4.346453e-17	0	300
4.2730000000003925e-10	0.19401205	-7.237879e-07	0.9809779	-4.346453e-17	0	300
4.274000000000393e-10	0.19401205	-6.880739e-07	0.9809779	-4.3464536e-17	0	300
4.275000000000393e-10	0.19401202	-6.525535e-07	0.9809779	-4.346453e-17	0	300
4.2760000000003934e-10	0.19401205	-6.1723745e-07	0.9809779	-4.346453e-17	0	300
4.277000000000394e-10	0.19401202	-5.821091e-07	0.9809779	-4.346453e-17	0	300
4.278000000000394e-10	0.19401202	-5.471734e-07	0.9809779	-4.3464536e-17	0	300
4.2790000000003944e-10	0.19401199	-5.124519e-07	0.9809779	-4.3464536e-17	0	300
4.2800000000003947e-10	0.19401202	-4.7792935e-07	0.9809779	-4.3464536e-17	0	300
4.281000000000395e-10	0.19401199	-4.4360044e-07	0.9809779	-4.3464536e-17	0	300
4.2820000000003953e-10	0.19401199	-4.0947054e-07	0.98097795	-4.3464536e-17	0	300
4.2830000000003956e-10	0.19401199	-3.7555324e-07	0.98097795	-4.3464536e-17	0	300
4.284000000000396e-10	0.19401196	-3.4183452e-07	0.98097795	-4.3464536e-17	0	300
4.285000000000396e-10	0.19401196	-3.0836716e-07	0.98097795	-4.3464536e-17	0	300
4.2860000000003965e-10	0.19401196	-2.7510913e-07	0.98097795	-4.3464543e-17	0	300
4.287000000000397e-10	0.19401193	-2.420731e-07	0.98097795	-4.3464543e-17	0	300
4.288000000000397e-10	0.19401193	-2.0927223e-07	0.98097795	-4.3464543e-17	0	300
4.2890000000003974e-10	0.19401193	-1.7672969e-07	0.98097795	-4.346454e-17	0	300
4.290000000000398e-10	0.1940119	-1.4444413e-07	0.98097795	-4.346454e-17	0	300
4.291000000000398e-10	0.1940119	-1.1241772e-07	0.98097795	-4.346454e-17	0	300
4.2920000000003984e-10	0.19401187	-8.063742e-08	0.98097795	-4.346454e-17	0	300
4.2930000000003987e-10	0.19401187	-4.9119052e-08	0.98097795	-4.346454e-17	0	300
4.294000000000399e-10	0.19401185	-1.7869809e-08	0.98097795	-4.346454e-17	0	300
4.2950000000003993e-10	0.19401184	1.3117557e-08	0.98097795	-4.346454e-17	0	300
4.2960000000003996e-10	0.19401184	4.3827697e-08	0.98097795	-4.346454e-17	0	300
4.2970000000004e-10	0.1940118	7.42389e-08	0.98097795	-4.346454e-17	0	300
4.2980000000004e-10	0.1940118	1.04354456e-07	0.98097795	-4.346454e-17	0	300
4.2990000000004005e-10	0.19401178	1.341669e-07	0.98097795	-4.346454e-17	0	300
4.300000000000401e-10	0.19401178	1.6367247e-07	0.98097795	-4.346454e-17	0	300
4.301000000000401e-10	0.19401175	1.928642e-07	0.98097795	-4.346454e-17	0	300
4.3020000000004014e-10	0.19401173	2.2174106e-07	0.980978	-4.3464543e-17	0	300
4.3030000000004017e-10	0.19401172	2.5031247e-07	0.980978	-4.3464543e-17	0	300
4.304000000000402e-10	0.19401169	2.7854023e-07	0.980978	-4.3464543e-17	0	300
4.3050000000004023e-10	0.19401169	3.0637e-07	0.980978	-4.3464543e-17	0	300
4.3060000000004026e-10	0.19401166	3.3381184e-07	0.980978	-4.3464543e-17	0	300
4.307000000000403e-10	0.19401163	3.6088358e-07	0.980978	-4.3464543e-17	0	300
4.3080000000004033e-10	0.1940116	3.8762937e-07	0.980978	-4.346455e-17	0	300
4.3090000000004036e-10	0.19401158	4.140295e-07	0.980978	-4.3464543e-17	0	300
4.310000000000404e-10	0.19401155	4.4006651e-07	0.980978	-4.3464543e-17	0	300
4.311000000000404e-10	0.19401155	4.6574473e-07	0.980978	-4.3464543e-17	0	300
4.3120000000004045e-10	0.19401152	4.910553e-07	0.980978	-4.346454e-17	0	300
4.313000000000405e-10	0.1940115	5.16025e-07	0.980978	-4.346454e-17	0	300
4.314000000000405e-10	0.1940115	5.406506e-07	0.980978	-4.3464546e-17	0	300
4.3150000000004054e-10	0.19401148	5.6488074e-07	0.980978	-4.346454e-17	0	300
4.3160000000004057e-10	0.19401145	5.887036e-07	0.980978	-4.3464533e-17	0	300
4.317000000000406e-10	0.1940114	6.121113e-07	0.980978	-4.346454e-17	0	300
4.3180000000004063e-10	0.19401139	6.3517837e-07	0.980978	-4.346454e-17	0	300
4.3190000000004066e-10	0.19401139	6.578606e-07	0.980978	-4.3464533e-17	0	300
4.320000000000407e-10	0.19401133	6.801266e-07	0.980978	-4.3464543e-17	0	300
4.321000000000407e-10	0.19401133	7.020043e-07	0.980978	-4.3464543e-17	0	300
4.3220000000004076e-10	0.1940113	7.234946e-07	0.980978	-4.3464543e-17	0	300
4.323000000000408e-10	0.19401127	7.446394e-07	0.980978	-4.3464543e-17	0	300
4.324000000000408e-10	0.19401124	7.6539027e-07	0.9809781	-4.3464543e-17	0	300
4.3250000000004085e-10	0.19401124	7.8577324e-07	0.9809781	-4.3464543e-17	0	300
4.326000000000409e-10	0.19401118	8.057855e-07	0.9809781	-4.3464543e-17	0	300
4.327000000000409e-10	0.19401117	8.2541476e-07	0.98097813	-4.3464543e-17	0	300
4.3280000000004094e-10	0.19401112	8.44634e-07	0.98097813	-4.3464543e-17	0	300
4.3290000000004097e-10	0.1940111	8.6342254e-07	0.98097813	-4.346454e-17	0	300
4.33000000000041e-10	0.19401109	8.8176125e-07	0.98097813	-4.3464533e-17	0	300
4.3310000000004103e-10	0.19401106	8.9970774e-07	0.9809781	-4.3464526e-17	0	300
4.3320000000004106e-10	0.19401103	9.172535e-07	0.98097813	-4.3464526e-17	0	300
4.333000000000411e-10	0.194011	9.3440144e-07	0.98097813	-4.3464533e-17	0	300
4.334000000000411e-10	0.194011	9.5110977e-07	0.98097813	-4.3464533e-17	0	300
4.3350000000004115e-10	0.19401097	9.674236e-07	0.98097813	-4.346454e-17	0	300
4.336000000000412e-10	0.19401094	9.833356e-07	0.98097813	-4.3464536e-17	0	300
4.337000000000412e-10	0.1940109	9.988618e-07	0.98097813	-4.3464536e-17	0	300
4.3380000000004125e-10	0.19401087	1.0139962e-06	0.98097813	-4.3464536e-17	0	300
4.339000000000413e-10	0.19401082	1.0287428e-06	0.98097813	-4.3464536e-17	0	300
4.340000000000413e-10	0.19401082	1.0431252e-06	0.98097813	-4.3464536e-17	0	300
4.3410000000004134e-10	0.1940108	1.0571202e-06	0.98097813	-4.3464536e-17	0	300
4.3420000000004137e-10	0.19401075	1.0707336e-06	0.98097813	-4.3464536e-17	0	300
4.343000000000414e-10	0.19401073	1.0839165e-06	0.98097813	-4.3464536e-17	0	300
4.3440000000004143e-10	0.1940107	1.0966979e-06	0.98097813	-4.3464546e-17	0	300
4.3450000000004146e-10	0.19401069	1.1090503e-06	0.9809782	-4.3464546e-17	0	300
4.346000000000415e-10	0.19401066	1.1210205e-06	0.9809782	-4.3464546e-17	0	300
4.347000000000415e-10	0.19401063	1.1325862e-06	0.9809782	-4.3464546e-17	0	300
4.3480000000004155e-10	0.1940106	1.1436108e-06	0.9809782	-4.3464546e-17	0	300
4.349000000000416e-10	0.19401056	1.1541906e-06	0.9809782	-4.346454e-17	0	300
4.350000000000416e-10	0.19401054	1.1643883e-06	0.9809782	-4.3464543e-17	0	300
4.3510000000004165e-10	0.19401051	1.1741982e-06	0.9809782	-4.3464543e-17	0	300
4.352000000000417e-10	0.1940105	1.1836512e-06	0.9809782	-4.346455e-17	0	300
4.353000000000417e-10	0.19401045	1.1927475e-06	0.9809782	-4.3464543e-17	0	300
4.3540000000004174e-10	0.19401045	1.201483e-06	0.9809782	-4.346455e-17	0	300
4.3550000000004177e-10	0.19401039	1.2098582e-06	0.9809782	-4.3464543e-17	0	300
4.356000000000418e-10	0.19401038	1.2178759e-06	0.9809782	-4.3464543e-17	0	300
4.3570000000004183e-10	0.19401036	1.2255183e-06	0.9809782	-4.3464546e-17	0	300
4.3580000000004186e-10	0.19401033	1.2328136e-06	0.98097825	-4.3464546e-17	0	300
4.359000000000419e-10	0.1940103	1.2397464e-06	0.98097825	-4.346454e-17	0	300
4.360000000000419e-10	0.19401027	1.2463174e-06	0.98097825	-4.346454e-17	0	300
4.3610000000004195e-10	0.19401026	1.2525313e-06	0.98097825	-4.346454e-17	0	300
4.36200000000042e-10	0.19401023	1.2583837e-06	0.98097825	-4.3464553e-17	0	300
4.36300000000042e-10	0.19401021	1.2638407e-06	0.98097825	-4.346454e-17	0	300
4.3640000000004204e-10	0.19401018	1.2689417e-06	0.98097825	-4.346455e-17	0	300
4.365000000000421e-10	0.19401015	1.2737183e-06	0.98097825	-4.346455e-17	0	300
4.366000000000421e-10	0.19401012	1.2781794e-06	0.98097825	-4.346455e-17	0	300
4.3670000000004214e-10	0.19401011	1.2823174e-06	0.98097825	-4.346455e-17	0	300
4.3680000000004217e-10	0.1940101	1.2861348e-06	0.98097825	-4.346455e-17	0	300
4.369000000000422e-10	0.19401006	1.28956e-06	0.98097825	-4.346455e-17	0	300
4.3700000000004223e-10	0.19401005	1.2926182e-06	0.98097825	-4.346455e-17	0	300
4.3710000000004226e-10	0.19401002	1.2953655e-06	0.98097825	-4.3464543e-17	0	300
4.372000000000423e-10	0.19400999	1.297789e-06	0.98097825	-4.346455e-17	0	300
4.373000000000423e-10	0.19400997	1.2999084e-06	0.98097825	-4.346454e-17	0	300
4.3740000000004235e-10	0.19400994	1.3017095e-06	0.98097825	-4.3464533e-17	0	300
4.375000000000424e-10	0.19400991	1.3031963e-06	0.9809783	-4.346454e-17	0	300
4.376000000000424e-10	0.19400991	1.3043785e-06	0.9809783	-4.346454e-17	0	300
4.3770000000004244e-10	0.19400989	1.3052882e-06	0.9809783	-4.3464553e-17	0	300
4.3780000000004247e-10	0.19400987	1.3059405e-06	0.9809783	-4.346454e-17	0	300
4.379000000000425e-10	0.19400984	1.3063263e-06	0.9809783	-4.3464533e-17	0	300
4.3800000000004253e-10	0.19400981	1.3064339e-06	0.9809783	-4.3464533e-17	0	300
4.3810000000004257e-10	0.19400978	1.3062653e-06	0.9809783	-4.3464553e-17	0	300
4.382000000000426e-10	0.19400978	1.3058541e-06	0.9809783	-4.3464543e-17	0	300
4.3830000000004263e-10	0.19400975	1.3051834e-06	0.9809783	-4.3464543e-17	0	300
4.3840000000004266e-10	0.19400972	1.3042464e-06	0.9809783	-4.3464543e-17	0	300
4.385000000000427e-10	0.19400969	1.303018e-06	0.98097837	-4.3464543e-17	0	300
4.386000000000427e-10	0.1940097	1.301555e-06	0.9809783	-4.3464543e-17	0	300
4.3870000000004275e-10	0.19400966	1.2998528e-06	0.9809783	-4.3464543e-17	0	300
4.388000000000428e-10	0.19400966	1.2979065e-06	0.9809783	-4.3464543e-17	0	300
4.389000000000428e-10	0.19400966	1.2957462e-06	0.9809783	-4.3464536e-17	0	300
4.3900000000004284e-10	0.19400963	1.2933771e-06	0.9809783	-4.3464543e-17	0	300
4.3910000000004287e-10	0.19400963	1.2907932e-06	0.9809783	-4.3464536e-17	0	300
4.392000000000429e-10	0.1940096	1.2880256e-06	0.9809783	-4.3464543e-17	0	300
4.3930000000004293e-10	0.19400959	1.2850809e-06	0.9809783	-4.3464543e-17	0	300
4.3940000000004296e-10	0.19400957	1.281962e-06	0.9809783	-4.346454e-17	0	300
4.39500000000043e-10	0.19400954	1.2786802e-06	0.98097837	-4.346454e-17	0	300
4.39600000000043e-10	0.19400956	1.2752281e-06	0.98097837	-4.346454e-17	0	300
4.3970000000004306e-10	0.19400954	1.2715742e-06	0.98097837	-4.3464533e-17	0	300
4.398000000000431e-10	0.19400951	1.2677335e-06	0.98097837	-4.3464533e-17	0	300
4.399000000000431e-10	0.19400948	1.2637416e-06	0.98097837	-4.3464533e-17	0	300
4.4000000000004315e-10	0.19400951	1.2596036e-06	0.98097837	-4.346452e-17	0	300
4.401000000000432e-10	0.19400948	1.255334e-06	0.98097837	-4.3464526e-17	0	300
4.402000000000432e-10	0.19400947	1.2509498e-06	0.98097837	-4.3464533e-17	0	300
4.4030000000004324e-10	0.19400945	1.2464509e-06	0.98097837	-4.3464533e-17	0	300
4.4040000000004327e-10	0.19400944	1.241826e-06	0.98097837	-4.3464533e-17	0	300
4.405000000000433e-10	0.19400944	1.2370537e-06	0.98097837	-4.346454e-17	0	300
4.4060000000004333e-10	0.19400942	1.2321722e-06	0.98097837	-4.3464533e-17	0	300
4.4070000000004336e-10	0.19400941	1.2271815e-06	0.98097837	-4.3464533e-17	0	300
4.408000000000434e-10	0.19400941	1.2220904e-06	0.98097837	-4.3464533e-17	0	300
4.409000000000434e-10	0.1940094	1.2168949e-06	0.98097837	-4.346454e-17	0	300
4.4100000000004346e-10	0.1940094	1.2115989e-06	0.98097837	-4.3464533e-17	0	300
4.411000000000435e-10	0.19400938	1.2061739e-06	0.98097837	-4.346454e-17	0	300
4.412000000000435e-10	0.19400938	1.2006572e-06	0.98097837	-4.346454e-17	0	300
4.4130000000004355e-10	0.19400936	1.1950334e-06	0.9809784	-4.3464536e-17	0	300
4.414000000000436e-10	0.19400936	1.1893221e-06	0.9809784	-4.3464533e-17	0	300
4.415000000000436e-10	0.19400935	1.1835199e-06	0.9809784	-4.3464533e-17	0	300
4.4160000000004364e-10	0.19400935	1.177627e-06	0.98097837	-4.3464536e-17	0	300
4.4170000000004367e-10	0.19400933	1.1716612e-06	0.9809784	-4.3464536e-17	0	300
4.418000000000437e-10	0.19400933	1.165609e-06	0.9809784	-4.3464536e-17	0	300
4.4190000000004373e-10	0.19400932	1.1594743e-06	0.9809784	-4.3464536e-17	0	300
4.4200000000004376e-10	0.1940093	1.1532555e-06	0.9809784	-4.3464536e-17	0	300
4.421000000000438e-10	0.1940093	1.1469668e-06	0.98097837	-4.3464536e-17	0	300
4.422000000000438e-10	0.1940093	1.1406074e-06	0.9809784	-4.3464536e-17	0	300
4.4230000000004385e-10	0.19400929	1.1341855e-06	0.9809784	-4.3464536e-17	0	300
4.424000000000439e-10	0.19400929	1.1277006e-06	0.9809784	-4.3464536e-17	0	300
4.425000000000439e-10	0.19400926	1.1211521e-06	0.98097837	-4.3464536e-17	0	300
4.4260000000004395e-10	0.19400927	1.1145323e-06	0.9809784	-4.3464536e-17	0	300
4.42700000000044e-10	0.19400926	1.1078633e-06	0.9809784	-4.3464543e-17	0	300
4.42800000000044e-10	0.19400926	1.1011379e-06	0.9809784	-4.3464536e-17	0	300
4.4290000000004404e-10	0.19400926	1.094356e-06	0.9809784	-4.3464536e-17	0	300
4.4300000000004407e-10	0.19400926	1.0875074e-06	0.98097837	-4.3464536e-17	0	300
4.431000000000441e-10	0.19400924	1.0805909e-06	0.98097837	-4.3464536e-17	0	300
4.4320000000004413e-10	0.19400924	1.0736331e-06	0.9809784	-4.3464536e-17	0	300
4.4330000000004416e-10	0.19400924	1.0665998e-06	0.9809784	-4.346455e-17	0	300
4.434000000000442e-10	0.19400924	1.0595079e-06	0.98097837	-4.346453e-17	0	300
4.435000000000442e-10	0.19400921	1.0523489e-06	0.98097837	-4.346453e-17	0	300
4.4360000000004425e-10	0.19400921	1.045161e-06	0.98097837	-4.3464523e-17	0	300
4.437000000000443e-10	0.1940092	1.0379393e-06	0.9809784	-4.346453e-17	0	300
4.438000000000443e-10	0.1940092	1.0306848e-06	0.9809784	-4.3464523e-17	0	300
4.4390000000004434e-10	0.1940092	1.0234005e-06	0.98097837	-4.346453e-17	0	300
4.440000000000444e-10	0.1940092	1.0160843e-06	0.9809784	-4.3464543e-17	0	300
4.441000000000444e-10	0.1940092	1.0087547e-06	0.9809784	-4.3464536e-17	0	300
4.4420000000004444e-10	0.1940092	1.0014069e-06	0.9809785	-4.3464523e-17	0	300
4.4430000000004447e-10	0.19400918	9.940425e-07	0.9809784	-4.346453e-17	0	300
4.444000000000445e-10	0.19400918	9.866651e-07	0.9809784	-4.346453e-17	0	300
4.4450000000004453e-10	0.19400917	9.79286e-07	0.9809784	-4.3464543e-17	0	300
4.4460000000004456e-10	0.19400918	9.719122e-07	0.98097837	-4.3464536e-17	0	300
4.447000000000446e-10	0.19400917	9.645415e-07	0.9809784	-4.3464536e-17	0	300
4.448000000000446e-10	0.19400918	9.571731e-07	0.98097837	-4.3464523e-17	0	300
4.4490000000004465e-10	0.19400918	9.498078e-07	0.9809784	-4.346453e-17	0	300
4.450000000000447e-10	0.19400918	9.424474e-07	0.98097837	-4.346453e-17	0	300
4.451000000000447e-10	0.19400917	9.3509834e-07	0.98097837	-4.3464536e-17	0	300
4.4520000000004474e-10	0.19400917	9.2776725e-07	0.98097837	-4.346453e-17	0	300
4.4530000000004477e-10	0.19400917	9.2045514e-07	0.98097837	-4.346453e-17	0	300
4.454000000000448e-10	0.19400918	9.1315155e-07	0.9809784	-4.346453e-17	0	300
4.4550000000004484e-10	0.19400918	9.0587105e-07	0.9809784	-4.346453e-17	0	300
4.4560000000004487e-10	0.19400917	8.986033e-07	0.98097837	-4.346454e-17	0	300
4.457000000000449e-10	0.19400917	8.913512e-07	0.98097837	-4.346454e-17	0	300
4.4580000000004493e-10	0.19400917	8.8411275e-07	0.9809784	-4.3464523e-17	0	300
4.4590000000004496e-10	0.19400917	8.768882e-07	0.9809784	-4.3464523e-17	0	300
4.46000000000045e-10	0.19400917	8.6968396e-07	0.98097837	-4.3464536e-17	0	300
4.46100000000045e-10	0.19400917	8.6249514e-07	0.9809784	-4.3464536e-17	0	300
4.4620000000004505e-10	0.19400917	8.553171e-07	0.9809784	-4.3464536e-17	0	300
4.463000000000451e-10	0.19400917	8.4815713e-07	0.9809784	-4.3464523e-17	0	300
4.464000000000451e-10	0.19400917	8.410166e-07	0.98097837	-4.3464523e-17	0	300
4.4650000000004514e-10	0.19400917	8.338926e-07	0.98097837	-4.3464523e-17	0	300
4.4660000000004517e-10	0.19400917	8.2678525e-07	0.9809784	-4.3464523e-17	0	300
4.467000000000452e-10	0.19400917	8.1969745e-07	0.9809784	-4.3464536e-17	0	300
4.4680000000004523e-10	0.19400917	8.126251e-07	0.9809784	-4.3464536e-17	0	300
4.4690000000004526e-10	0.19400918	8.055699e-07	0.9809784	-4.3464523e-17	0	300
4.470000000000453e-10	0.19400917	7.98532e-07	0.98097837	-4.3464536e-17	0	300
4.4710000000004533e-10	0.19400917	7.9151187e-07	0.9809784	-4.3464536e-17	0	300
4.4720000000004536e-10	0.19400917	7.8450944e-07	0.9809784	-4.3464533e-17	0	300
4.473000000000454e-10	0.19400917	7.775282e-07	0.98097837	-4.346453e-17	0	300
4.474000000000454e-10	0.19400917	7.705594e-07	0.9809784	-4.3464523e-17	0	300
4.4750000000004545e-10	0.19400917	7.636056e-07	0.9809784	-4.3464523e-17	0	300
4.476000000000455e-10	0.19400917	7.5667015e-07	0.98097837	-4.3464533e-17	0	300
4.477000000000455e-10	0.19400917	7.4975003e-07	0.9809784	-4.3464523e-17	0	300
4.4780000000004554e-10	0.19400917	7.428399e-07	0.9809784	-4.3464523e-17	0	300
4.4790000000004557e-10	0.19400918	7.359421e-07	0.9809784	-4.3464533e-17	0	300
4.480000000000456e-10	0.19400917	7.2906744e-07	0.9809784	-4.3464533e-17	0	300
4.4810000000004563e-10	0.19400918	7.222087e-07	0.98097837	-4.3464523e-17	0	300
4.4820000000004566e-10	0.19400917	7.15367e-07	0.98097837	-4.3464523e-17	0	300
4.483000000000457e-10	0.19400917	7.08543e-07	0.9809784	-4.3464533e-17	0	300
4.484000000000457e-10	0.19400917	7.017378e-07	0.9809784	-4.3464523e-17	0	300
4.4850000000004576e-10	0.19400917	6.9494797e-07	0.9809784	-4.346453e-17	0	300
4.486000000000458e-10	0.19400917	6.881754e-07	0.9809784	-4.3464523e-17	0	300
4.487000000000458e-10	0.19400917	6.814191e-07	0.98097837	-4.3464533e-17	0	300
4.4880000000004585e-10	0.19400917	6.746821e-07	0.9809784	-4.346453e-17	0	300
4.489000000000459e-10	0.19400917	6.6795974e-07	0.98097837	-4.3464533e-17	0	300
4.490000000000459e-10	0.19400917	6.612575e-07	0.98097837	-4.3464523e-17	0	300
4.4910000000004594e-10	0.19400917	6.5457345e-07	0.9809784	-4.3464523e-17	0	300
4.4920000000004597e-10	0.19400917	6.479074e-07	0.98097837	-4.3464533e-17	0	300
4.49300000000046e-10	0.19400917	6.412562e-07	0.98097837	-4.3464533e-17	0	300
4.4940000000004603e-10	0.19400917	6.346263e-07	0.9809784	-4.3464533e-17	0	300
4.4950000000004606e-10	0.19400917	6.280131e-07	0.9809784	-4.3464533e-17	0	300
4.496000000000461e-10	0.19400917	6.214194e-07	0.9809784	-4.3464533e-17	0	300
4.497000000000461e-10	0.19400917	6.148407e-07	0.9809784	-4.3464523e-17	0	300
4.4980000000004615e-10	0.19400916	6.082819e-07	0.98097837	-4.3464523e-17	0	300
4.499000000000462e-10	0.19400917	6.017417e-07	0.9809784	-4.3464523e-17	0	300
4.500000000000462e-10	0.19400916	5.9521756e-07	0.9809784	-4.3464523e-17	0	300
4.5010000000004625e-10	0.19400916	5.8871194e-07	0.9809784	-4.3464523e-17	0	300
4.502000000000463e-10	0.19400917	5.822267e-07	0.9809784	-4.346453e-17	0	300
4.503000000000463e-10	0.19400916	5.757631e-07	0.98097837	-4.346453e-17	0	300
4.5040000000004634e-10	0.19400917	5.6931543e-07	0.9809784	-4.3464523e-17	0	300
4.5050000000004637e-10	0.19400917	5.628833e-07	0.9809784	-4.346453e-17	0	300
4.506000000000464e-10	0.19400917	5.5647e-07	0.9809784	-4.3464533e-17	0	300
4.5070000000004643e-10	0.19400916	5.50067e-07	0.98097837	-4.3464523e-17	0	300
4.5080000000004646e-10	0.19400917	5.4368167e-07	0.98097837	-4.3464523e-17	0	300
4.509000000000465e-10	0.19400917	5.373165e-07	0.9809784	-4.3464523e-17	0	300
4.510000000000465e-10	0.19400916	5.3096755e-07	0.9809784	-4.3464523e-17	0	300
4.5110000000004655e-10	0.19400916	5.2463133e-07	0.98097837	-4.3464533e-17	0	300
4.512000000000466e-10	0.19400916	5.18311e-07	0.98097837	-4.3464523e-17	0	300
4.513000000000466e-10	0.19400916	5.120102e-07	0.9809784	-4.3464533e-17	0	300
4.5140000000004665e-10	0.19400917	5.057233e-07	0.9809784	-4.3464533e-17	0	300
4.515000000000467e-10	0.19400916	4.9945345e-07	0.9809784	-4.3464546e-17	0	300
4.516000000000467e-10	0.19400917	4.932017e-07	0.9809784	-4.3464523e-17	0	300
4.5170000000004674e-10	0.19400917	4.869653e-07	0.9809784	-4.346453e-17	0	300
4.5180000000004677e-10	0.19400916	4.807461e-07	0.9809784	-4.346453e-17	0	300
4.519000000000468e-10	0.19400916	4.7454455e-07	0.9809784	-4.3464523e-17	0	300
4.5200000000004683e-10	0.19400916	4.683606e-07	0.9809784	-4.346454e-17	0	300
4.5210000000004686e-10	0.19400916	4.6219353e-07	0.98097837	-4.3464523e-17	0	300
4.522000000000469e-10	0.19400916	4.5604483e-07	0.9809784	-4.346454e-17	0	300
4.523000000000469e-10	0.19400916	4.4990782e-07	0.9809784	-4.346453e-17	0	300
4.5240000000004695e-10	0.19400916	4.437926e-07	0.9809784	-4.346453e-17	0	300
4.52500000000047e-10	0.19400916	4.3769285e-07	0.9809784	-4.3464523e-17	0	300
4.52600000000047e-10	0.19400916	4.3161492e-07	0.9809784	-4.3464523e-17	0	300
4.5270000000004704e-10	0.19400916	4.2555553e-07	0.9809784	-4.3464523e-17	0	300
4.528000000000471e-10	0.19400916	4.195133e-07	0.98097837	-4.3464523e-17	0	300
4.529000000000471e-10	0.19400916	4.1349261e-07	0.9809784	-4.3464523e-17	0	300
4.5300000000004714e-10	0.19400916	4.074913e-07	0.9809784	-4.3464523e-17	0	300
4.5310000000004717e-10	0.19400917	4.0150363e-07	0.98097837	-4.3464533e-17	0	300
4.532000000000472e-10	0.19400914	3.9553683e-07	0.9809784	-4.3464533e-17	0	300
4.5330000000004723e-10	0.19400916	3.8959075e-07	0.98097837	-4.3464523e-17	0	300
4.5340000000004726e-10	0.19400914	3.8366287e-07	0.9809784	-4.346454e-17	0	300
4.535000000000473e-10	0.19400914	3.7775246e-07	0.9809784	-4.3464523e-17	0	300
4.536000000000473e-10	0.19400916	3.7186095e-07	0.9809784	-4.3464523e-17	0	300
4.5370000000004735e-10	0.19400914	3.6598774e-07	0.9809784	-4.3464523e-17	0	300
4.538000000000474e-10	0.19400916	3.601341e-07	0.9809784	-4.3464523e-17	0	300
4.539000000000474e-10	0.19400914	3.5429952e-07	0.9809784	-4.3464533e-17	0	300
4.5400000000004744e-10	0.19400916	3.484852e-07	0.98097837	-4.3464523e-17	0	300
4.5410000000004747e-10	0.19400916	3.426954e-07	0.9809784	-4.3464523e-17	0	300
4.542000000000475e-10	0.19400916	3.3692376e-07	0.98097837	-4.3464533e-17	0	300
4.5430000000004753e-10	0.19400916	3.311696e-07	0.9809784	-4.3464523e-17	0	300
4.5440000000004757e-10	0.19400914	3.254387e-07	0.98097837	-4.3464523e-17	0	300
4.545000000000476e-10	0.19400914	3.1972957e-07	0.98097837	-4.3464526e-17	0	300
4.5460000000004763e-10	0.19400916	3.140393e-07	0.98097837	-4.3464523e-17	0	300
4.5470000000004766e-10	0.19400917	3.0836142e-07	0.9809784	-4.3464523e-17	0	300
4.548000000000477e-10	0.19400917	3.0271013e-07	0.9809784	-4.3464523e-17	0	300
4.549000000000477e-10	0.19400917	2.9707758e-07	0.9809784	-4.3464523e-17	0	300
4.5500000000004775e-10	0.19400918	2.9146898e-07	0.98097837	-4.3464523e-17	0	300
4.551000000000478e-10	0.19400917	2.8587772e-07	0.9809784	-4.3464523e-17	0	300
4.552000000000478e-10	0.19400917	2.8030982e-07	0.9809784	-4.3464533e-17	0	300
4.5530000000004784e-10	0.19400917	2.7476216e-07	0.9809784	-4.3464526e-17	0	300
4.5540000000004787e-10	0.19400917	2.692382e-07	0.9809784	-4.3464523e-17	0	300
4.555000000000479e-10	0.19400917	2.6373314e-07	0.98097837	-4.3464533e-17	0	300
4.5560000000004793e-10	0.19400917	2.5825383e-07	0.9809784	-4.3464533e-17	0	300
4.5570000000004796e-10	0.19400917	2.5279547e-07	0.98097837	-4.3464523e-17	0	300
4.55800000000048e-10	0.19400917	2.473661e-07	0.98097837	-4.3464533e-17	0	300
4.55900000000048e-10	0.19400917	2.4195495e-07	0.9809784	-4.346454e-17	0	300
4.5600000000004806e-10	0.19400917	2.3657532e-07	0.98097837	-4.3464533e-17	0	300
4.561000000000481e-10	0.19400917	2.312184e-07	0.9809784	-4.346453e-17	0	300
4.562000000000481e-10	0.19400917	2.2591644e-07	0.98097837	-4.346453e-17	0	300
4.5630000000004815e-10	0.19400917	2.2063657e-07	0.98097837	-4.3464533e-17	0	300
4.564000000000482e-10	0.19400917	2.1538361e-07	0.9809784	-4.346453e-17	0	300
4.565000000000482e-10	0.19400917	2.1012167e-07	0.98097837	-4.346454e-17	0	300
4.5660000000004824e-10	0.19400917	2.0488261e-07	0.98097837	-4.346453e-17	0	300
4.5670000000004827e-10	0.19400917	1.9966404e-07	0.9809784	-4.3464533e-17	0	300
4.568000000000483e-10	0.19400917	1.9447407e-07	0.9809784	-4.346453e-17	0	300
4.5690000000004833e-10	0.19400917	1.893108e-07	0.9809784	-4.346453e-17	0	300
4.5700000000004836e-10	0.19400917	1.8420587e-07	0.9809784	-4.346454e-17	0	300
4.571000000000484e-10	0.19400917	1.791293e-07	0.98097837	-4.3464546e-17	0	300
4.572000000000484e-10	0.19400917	1.7408362e-07	0.98097837	-4.346454e-17	0	300
4.5730000000004845e-10	0.19400918	1.690712e-07	0.9809784	-4.346453e-17	0	300
4.574000000000485e-10	0.19400918	1.6408063e-07	0.9809784	-4.346453e-17	0	300
4.575000000000485e-10	0.19400918	1.5911888e-07	0.9809784	-4.3464536e-17	0	300
4.5760000000004855e-10	0.19400918	1.5419434e-07	0.9809784	-4.346453e-17	0	300
4.577000000000486e-10	0.19400918	1.492977e-07	0.98097837	-4.346454e-17	0	300
4.578000000000486e-10	0.19400918	1.4443468e-07	0.98097837	-4.346453e-17	0	300
4.5790000000004864e-10	0.19400918	1.3960388e-07	0.9809784	-4.346454e-17	0	300
4.5800000000004867e-10	0.19400918	1.3481586e-07	0.9809784	-4.346453e-17	0	300
4.581000000000487e-10	0.19400918	1.3006706e-07	0.98097837	-4.346454e-17	0	300
4.5820000000004873e-10	0.19400918	1.2535449e-07	0.98097837	-4.3464536e-17	0	300
4.5830000000004876e-10	0.19400918	1.2068017e-07	0.9809784	-4.3464536e-17	0	300
4.584000000000488e-10	0.1940092	1.16045385e-07	0.9809784	-4.346453e-17	0	300
4.585000000000488e-10	0.1940092	1.11450404e-07	0.98097837	-4.346453e-17	0	300
4.5860000000004885e-10	0.1940092	1.068981e-07	0.98097837	-4.346453e-17	0	300
4.587000000000489e-10	0.1940092	1.02388185e-07	0.9809784	-4.346453e-17	0	300
4.588000000000489e-10	0.1940092	9.7922e-08	0.98097837	-4.346453e-17	0	300
4.5890000000004895e-10	0.1940092	9.349549e-08	0.9809784	-4.346453e-17	0	300
4.59000000000049e-10	0.19400921	8.911367e-08	0.98097837	-4.346453e-17	0	300
4.59100000000049e-10	0.19400921	8.477596e-08	0.9809784	-4.346453e-17	0	300
4.5920000000004904e-10	0.19400921	8.048566e-08	0.9809784	-4.346453e-17	0	300
4.5930000000004907e-10	0.19400921	7.625118e-08	0.98097837	-4.3464536e-17	0	300
4.594000000000491e-10	0.19400921	7.20579e-08	0.98097837	-4.346453e-17	0	300
4.5950000000004913e-10	0.19400923	6.790644e-08	0.9809784	-4.346453e-17	0	300
4.5960000000004916e-10	0.19400921	6.380617e-08	0.9809784	-4.3464543e-17	0	300
4.597000000000492e-10	0.19400921	5.97572e-08	0.9809784	-4.346453e-17	0	300
4.598000000000492e-10	0.19400923	5.576115e-08	0.9809784	-4.3464536e-17	0	300
4.5990000000004925e-10	0.19400923	5.1824678e-08	0.9809784	-4.346453e-17	0	300
4.600000000000493e-10	0.19400923	4.7940574e-08	0.9809784	-4.346453e-17	0	300
4.601000000000493e-10	0.19400926	4.41201e-08	0.9809784	-4.346453e-17	0	300
4.6020000000004934e-10	0.19400926	4.035381e-08	0.9809784	-4.346453e-17	0	300
4.603000000000494e-10	0.19400926	3.6639776e-08	0.9809784	-4.3464543e-17	0	300
4.604000000000494e-10	0.19400926	3.3001925e-08	0.9809784	-4.346453e-17	0	300
4.6050000000004944e-10	0.19400926	2.9408497e-08	0.98097837	-4.346453e-17	0	300
4.6060000000004947e-10	0.19400926	2.5869042e-08	0.9809784	-4.346453e-17	0	300
4.607000000000495e-10	0.19400926	2.2381876e-08	0.9809784	-4.346453e-17	0	300
4.6080000000004953e-10	0.19400926	1.8935594e-08	0.9809784	-4.346453e-17	0	300
4.6090000000004956e-10	0.19400926	1.5552182e-08	0.9809784	-4.346453e-17	0	300
4.610000000000496e-10	0.19400929	1.22179244e-08	0.9809784	-4.3464536e-17	0	300
4.611000000000496e-10	0.19400929	8.934464e-09	0.98097837	-4.346453e-17	0	300
4.6120000000004965e-10	0.19400927	5.7054663e-09	0.98097837	-4.346453e-17	0	300
4.613000000000497e-10	0.19400929	2.5244162e-09	0.98097837	-4.346453e-17	0	300
4.614000000000497e-10	0.19400929	-6.0741456e-10	0.9809785	-4.346453e-17	0	300
4.6150000000004974e-10	0.19400929	-3.6907508e-09	0.98097837	-4.346453e-17	0	300
4.6160000000004977e-10	0.19400929	-6.722935e-09	0.98097837	-4.346453e-17	0	300
4.617000000000498e-10	0.1940093	-9.712188e-09	0.98097837	-4.3464536e-17	0	300
