# t (s)	mx ()	my ()	mz ()	E_total (J)	J (A/m2)	T (K)
0	0	0	1	-4.1875188e-17	0	300
1e-13	0.1940095	-3.3154464e-08	0.98097837	-4.3464526e-17	-1.7985446e+07	300
2e-13	0.19400948	-6.817152e-08	0.98097837	-4.3464526e-17	-1.7985446e+07	300
3.4999999999999997e-13	0.19400948	-1.244712e-07	0.98097837	-4.3464533e-17	-2.0228572e+07	300
4.4999999999999995e-13	0.19400948	-1.6471404e-07	0.98097837	-4.3464533e-17	-2.0228572e+07	300
5.5e-13	0.19400948	-2.0727256e-07	0.98097837	-4.3464533e-17	-2.3429888e+07	300
6.5e-13	0.1940095	-2.5228536e-07	0.98097837	-4.3464533e-17	-2.3429888e+07	300
7.499999999999999e-13	0.19400948	-2.9990352e-07	0.98097837	-4.3464533e-17	-2.6352036e+07	300
8.499999999999999e-13	0.19400948	-3.5028467e-07	0.98097837	-4.3464533e-17	-2.6352036e+07	300
9.5e-13	0.19400948	-4.0359487e-07	0.98097837	-4.3464533e-17	-3.052243e+07	300
1.05e-12	0.19400948	-4.6001574e-07	0.98097837	-4.3464533e-17	-3.052243e+07	300
1.15e-12	0.19400948	-5.197322e-07	0.98097837	-4.3464526e-17	-3.432915e+07	300
1.25e-12	0.19400948	-5.8294364e-07	0.98097837	-4.3464533e-17	-3.432915e+07	300
1.35e-12	0.1940095	-6.498647e-07	0.98097837	-4.3464533e-17	-3.861064e+07	300
1.4499999999999999e-12	0.1940095	-7.207175e-07	0.98097837	-4.3464526e-17	-3.861064e+07	300
1.5499999999999999e-12	0.19400948	-7.957426e-07	0.98097837	-4.3464526e-17	-4.3426104e+07	300
1.6499999999999998e-12	0.19400948	-8.7519254e-07	0.98097837	-4.3464533e-17	-4.3426104e+07	300
1.7499999999999998e-12	0.19400948	-9.593339e-07	0.98097837	-4.3464533e-17	-4.8842148e+07	300
1.85e-12	0.1940095	-1.0484537e-06	0.98097837	-4.3464533e-17	-4.8842148e+07	300
1.95e-12	0.1940095	-1.1428548e-06	0.98097837	-4.3464533e-17	-5.493367e+07	300
2.05e-12	0.19400948	-1.242853e-06	0.98097837	-4.3464526e-17	-5.493367e+07	300
2.15e-12	0.1940095	-1.3487872e-06	0.98097837	-4.3464526e-17	-6.1784916e+07	300
2.25e-12	0.19400948	-1.4610197e-06	0.98097837	-4.3464526e-17	-6.1784916e+07	300
2.35e-12	0.1940095	-1.5799345e-06	0.98097837	-4.346454e-17	-6.949063e+07	300
2.45e-12	0.19400948	-1.7059299e-06	0.98097837	-4.3464526e-17	-6.949063e+07	300
2.55e-12	0.19400948	-1.8394383e-06	0.98097837	-4.3464526e-17	-7.8157384e+07	300
2.65e-12	0.19400948	-1.980913e-06	0.98097837	-4.3464526e-17	-7.8157384e+07	300
2.7499999999999998e-12	0.1940095	-2.1308338e-06	0.98097837	-4.3464526e-17	-8.790503e+07	300
2.8499999999999998e-12	0.19400948	-2.2897138e-06	0.98097837	-4.3464526e-17	-8.790503e+07	300
2.9499999999999997e-12	0.19400948	-2.4580954e-06	0.98097837	-4.3464526e-17	-9.886838e+07	300
3.0499999999999997e-12	0.1940095	-2.6365537e-06	0.98097837	-4.3464526e-17	-9.886838e+07	300
3.1499999999999997e-12	0.19400948	-2.825699e-06	0.98097837	-4.3464526e-17	-1.1119905e+08	300
3.2499999999999997e-12	0.1940095	-3.02618e-06	0.98097837	-4.3464526e-17	-1.1119905e+08	300
3.3499999999999997e-12	0.1940095	-3.2386856e-06	0.98097837	-4.3464526e-17	-1.25067544e+08	300
3.4499999999999996e-12	0.1940095	-3.4639447e-06	0.98097837	-4.3464526e-17	-1.25067544e+08	300
3.5499999999999996e-12	0.1940095	-3.7027244e-06	0.98097837	-4.3464533e-17	-1.4066568e+08	300
3.65e-12	0.19400948	-3.9558427e-06	0.98097837	-4.3464533e-17	-1.4066568e+08	300
3.75e-12	0.19400948	-4.2241495e-06	0.98097837	-4.346452e-17	-1.5820915e+08	300
3.85e-12	0.1940095	-4.508551e-06	0.98097837	-4.346452e-17	-1.5820915e+08	300
3.95e-12	0.1940095	-4.810011e-06	0.98097837	-4.3464526e-17	-1.7794056e+08	300
4.05e-12	0.1940095	-5.129579e-06	0.98097837	-4.346454e-17	-1.7794056e+08	300
4.15e-12	0.19400951	-5.468343e-06	0.98097837	-4.3464526e-17	-2.0013278e+08	300
4.25e-12	0.19400953	-5.827439e-06	0.98097837	-4.3464533e-17	-2.0013278e+08	300
4.35e-12	0.19400953	-6.208055e-06	0.98097837	-4.3464533e-17	-2.2509269e+08	300
4.45e-12	0.19400959	-6.611271e-06	0.9809783	-4.3464543e-17	-2.2509269e+08	300
4.55e-12	0.19400965	-7.0380765e-06	0.9809783	-4.3464543e-17	-2.5316547e+08	300
4.65e-12	0.19400969	-7.48998e-06	0.9809783	-4.3464543e-17	-2.5316547e+08	300
4.75e-12	0.19400975	-7.9685415e-06	0.9809783	-4.3464536e-17	-2.847393e+08	300
4.85e-12	0.1940098	-8.475337e-06	0.9809783	-4.346454e-17	-2.847393e+08	300
4.95e-12	0.19400987	-9.012148e-06	0.9809783	-4.346454e-17	-3.2025078e+08	300
5.05e-12	0.19400993	-9.580892e-06	0.9809783	-4.346454e-17	-3.2025078e+08	300
5.15e-12	0.19400999	-1.0183533e-05	0.9809783	-4.3464543e-17	-3.6019098e+08	300
5.25e-12	0.19401005	-1.0822086e-05	0.9809783	-4.3464543e-17	-3.6019098e+08	300
5.35e-12	0.19401011	-1.149876e-05	0.98097825	-4.3464543e-17	-4.0511216e+08	300
5.45e-12	0.1940102	-1.2215775e-05	0.98097825	-4.3464553e-17	-4.0511216e+08	300
5.5499999999999996e-12	0.19401029	-1.29754735e-05	0.98097825	-4.346454e-17	-4.5563546e+08	300
5.6499999999999996e-12	0.1940104	-1.3780306e-05	0.98097825	-4.346455e-17	-4.5563546e+08	300
5.7499999999999995e-12	0.19401051	-1.4632794e-05	0.98097825	-4.346455e-17	-5.124595e+08	300
5.8499999999999995e-12	0.19401063	-1.5536092e-05	0.98097825	-4.3464546e-17	-5.124595e+08	300
5.9499999999999995e-12	0.19401073	-1.6493246e-05	0.98097813	-4.3464546e-17	-5.763699e+08	300
6.0499999999999995e-12	0.19401088	-1.7507633e-05	0.98097813	-4.3464536e-17	-5.763699e+08	300
6.1499999999999994e-12	0.194011	-1.858268e-05	0.98097813	-4.3464533e-17	-6.482504e+08	300
6.2499999999999994e-12	0.19401118	-1.972195e-05	0.9809781	-4.3464543e-17	-6.482504e+08	300
6.349999999999999e-12	0.19401133	-2.0929308e-05	0.980978	-4.3464546e-17	-7.290947e+08	300
6.449999999999999e-12	0.19401148	-2.220882e-05	0.9809781	-4.3464536e-17	-7.290947e+08	300
6.549999999999999e-12	0.19401167	-2.3564897e-05	0.98097795	-4.3464536e-17	-8.2002054e+08	300
6.649999999999999e-12	0.19401184	-2.5002326e-05	0.9809779	-4.346454e-17	-8.2002054e+08	300
6.749999999999999e-12	0.19401203	-2.6526246e-05	0.98097783	-4.346453e-17	-9.222849e+08	300
6.849999999999999e-12	0.1940122	-2.814204e-05	0.98097783	-4.3464546e-17	-9.222849e+08	300
6.949999999999999e-12	0.19401237	-2.9855264e-05	0.98097783	-4.3464543e-17	-1.0373015e+09	300
7.049999999999999e-12	0.19401257	-3.1671814e-05	0.9809778	-4.3464546e-17	-1.0373015e+09	300
7.149999999999999e-12	0.19401279	-3.3597862e-05	0.9809778	-4.3464556e-17	-1.1666604e+09	300
7.249999999999999e-12	0.19401303	-3.5640045e-05	0.9809777	-4.3464533e-17	-1.1666604e+09	300
7.35e-12	0.19401328	-3.7805337e-05	0.98097765	-4.3464533e-17	-1.3121492e+09	300
7.400000000000002e-12	0.19401342	-3.893645e-05	0.9809776	-4.3464533e-17	-1.3121492e+09	300
7.500000000000003e-12	0.19401371	-4.130026e-05	0.98097754	-4.346454e-17	-1.3121492e+09	300
7.600000000000005e-12	0.19401401	-4.3806456e-05	0.98097754	-4.3464543e-17	-1.4757792e+09	300
7.700000000000006e-12	0.19401434	-4.646365e-05	0.9809774	-4.3464543e-17	-1.4757792e+09	300
7.800000000000008e-12	0.1940147	-4.928074e-05	0.98097736	-4.3464543e-17	-1.6598116e+09	300
7.90000000000001e-12	0.19401503	-5.226767e-05	0.9809773	-4.3464546e-17	-1.6598116e+09	300
8.000000000000011e-12	0.19401538	-5.5435015e-05	0.9809773	-4.346454e-17	-1.8667896e+09	300
8.100000000000013e-12	0.19401577	-5.879358e-05	0.9809771	-4.3464526e-17	-1.8667896e+09	300
8.200000000000014e-12	0.19401617	-6.235511e-05	0.9809771	-4.346454e-17	-2.0995732e+09	300
8.300000000000016e-12	0.19401662	-6.613155e-05	0.980977	-4.346453e-17	-2.0995732e+09	300
8.400000000000018e-12	0.1940171	-7.0135895e-05	0.9809769	-4.3464536e-17	-2.3613786e+09	300
8.500000000000019e-12	0.19401762	-7.438193e-05	0.9809767	-4.346454e-17	-2.3613786e+09	300
8.60000000000002e-12	0.19401814	-7.8884186e-05	0.98097664	-4.3464536e-17	-2.6558226e+09	300
8.700000000000022e-12	0.1940187	-8.365848e-05	0.9809766	-4.3464543e-17	-2.6558226e+09	300
8.800000000000024e-12	0.19401929	-8.872123e-05	0.98097646	-4.3464533e-17	-2.986972e+09	300
8.900000000000025e-12	0.19401993	-9.4089744e-05	0.98097634	-4.346454e-17	-2.986972e+09	300
9.000000000000027e-12	0.19402058	-9.9782475e-05	0.98097616	-4.3464543e-17	-3.3594002e+09	300
9.100000000000029e-12	0.19402128	-0.00010581896	0.9809761	-4.3464543e-17	-3.3594002e+09	300
9.20000000000003e-12	0.19402204	-0.00011222043	0.9809759	-4.346454e-17	-3.7782497e+09	300
9.300000000000032e-12	0.19402285	-0.000119008735	0.98097575	-4.346455e-17	-3.7782497e+09	300
9.400000000000033e-12	0.19402371	-0.00012620713	0.9809756	-4.3464536e-17	-4.2493028e+09	300
9.500000000000035e-12	0.19402465	-0.0001338402	0.9809754	-4.3464546e-17	-4.2493028e+09	300
9.600000000000037e-12	0.19402567	-0.00014193408	0.9809752	-4.346455e-17	-4.7790607e+09	300
9.700000000000038e-12	0.19402674	-0.00015051648	0.980975	-4.3464546e-17	-4.7790607e+09	300
9.80000000000004e-12	0.19402786	-0.00015961686	0.98097473	-4.3464546e-17	-5.374834e+09	300
9.900000000000041e-12	0.19402905	-0.00016926684	0.98097456	-4.3464546e-17	-5.374834e+09	300
1.0000000000000043e-11	0.19403028	-0.00017949966	0.98097426	-4.3464543e-17	-6.044841e+09	300
1.0100000000000045e-11	0.19403163	-0.00019035052	0.9809741	-4.3464543e-17	-6.044841e+09	300
1.0200000000000046e-11	0.19403303	-0.00020185692	0.9809738	-4.3464543e-17	-6.798321e+09	300
1.0300000000000048e-11	0.1940345	-0.00021405837	0.9809734	-4.3464533e-17	-6.798321e+09	300
1.040000000000005e-11	0.19403608	-0.00022699712	0.9809731	-4.3464526e-17	-7.645661e+09	300
1.0500000000000051e-11	0.19403772	-0.00024071771	0.9809728	-4.346455e-17	-7.645661e+09	300
1.0600000000000053e-11	0.19403951	-0.00025526746	0.9809724	-4.346454e-17	-8.598538e+09	300
1.0700000000000054e-11	0.19404143	-0.00027069607	0.980972	-4.3464546e-17	-8.598538e+09	300
1.0800000000000056e-11	0.19404346	-0.00028705646	0.9809717	-4.3464533e-17	-9.670075e+09	300
1.0900000000000057e-11	0.19404559	-0.00030440497	0.9809712	-4.3464536e-17	-9.670075e+09	300
1.1000000000000059e-11	0.19404787	-0.00032280147	0.98097086	-4.3464543e-17	-1.0875025e+10	300
1.110000000000006e-11	0.19405024	-0.0003423094	0.9809703	-4.346455e-17	-1.0875025e+10	300
1.1200000000000062e-11	0.19405277	-0.00036299592	0.98096985	-4.3464533e-17	-1.2229966e+10	300
1.1300000000000064e-11	0.19405548	-0.0003849323	0.9809693	-4.3464533e-17	-1.2229966e+10	300
1.1400000000000065e-11	0.19405834	-0.00040819362	0.98096865	-4.346456e-17	-1.3753527e+10	300
1.1500000000000067e-11	0.19406138	-0.00043286005	0.9809681	-4.3464533e-17	-1.3753527e+10	300
1.1600000000000069e-11	0.1940646	-0.00045901618	0.98096746	-4.346453e-17	-1.5466643e+10	300
1.170000000000007e-11	0.19406801	-0.00048675237	0.9809667	-4.3464533e-17	-1.5466643e+10	300
1.1800000000000072e-11	0.19407162	-0.000516164	0.98096603	-4.346454e-17	-1.739283e+10	300
1.1900000000000073e-11	0.1940754	-0.0005473521	0.9809652	-4.3464533e-17	-1.739283e+10	300
1.2000000000000075e-11	0.19407943	-0.0005804241	0.98096454	-4.3464516e-17	-1.9558513e+10	300
1.2100000000000076e-11	0.1940837	-0.0006154935	0.9809636	-4.3464526e-17	-1.9558513e+10	300
1.2200000000000078e-11	0.19408827	-0.00065268105	0.98096263	-4.346452e-17	-2.1993357e+10	300
1.230000000000008e-11	0.1940931	-0.00069211406	0.9809617	-4.3464526e-17	-2.1993357e+10	300
1.2400000000000081e-11	0.19409819	-0.00073392777	0.98096067	-4.3464516e-17	-2.4730692e+10	300
1.2500000000000083e-11	0.19410363	-0.0007782658	0.9809595	-4.346453e-17	-2.4730692e+10	300
1.2600000000000084e-11	0.19410938	-0.00082528	0.98095834	-4.3464513e-17	-2.7807926e+10	300
1.2700000000000086e-11	0.1941155	-0.0008751315	0.98095703	-4.346451e-17	-2.7807926e+10	300
1.2800000000000088e-11	0.194122	-0.00092799123	0.9809557	-4.346451e-17	-3.1267058e+10	300
1.290000000000009e-11	0.19412884	-0.0009840399	0.98095435	-4.34645e-17	-3.1267058e+10	300
1.3000000000000091e-11	0.19413611	-0.0010434698	0.98095286	-4.3464496e-17	-3.515522e+10	300
1.3100000000000092e-11	0.1941438	-0.0011064843	0.98095125	-4.3464496e-17	-3.515522e+10	300
1.3200000000000094e-11	0.194152	-0.0011732988	0.9809496	-4.3464483e-17	-3.952528e+10	300
1.3300000000000096e-11	0.19416064	-0.0012441416	0.9809478	-4.3464477e-17	-3.952528e+10	300
1.3400000000000097e-11	0.19416983	-0.0013192545	0.9809459	-4.3464467e-17	-4.4436554e+10	300
1.3500000000000099e-11	0.19417962	-0.0013988939	0.9809438	-4.346445e-17	-4.4436554e+10	300
1.36000000000001e-11	0.19418994	-0.0014833312	0.98094165	-4.3464457e-17	-4.9955525e+10	300
1.3700000000000102e-11	0.19420089	-0.0015728544	0.9809393	-4.346444e-17	-4.9955525e+10	300
1.3800000000000104e-11	0.1942125	-0.0016677685	0.9809368	-4.3464424e-17	-5.6156713e+10	300
1.3900000000000105e-11	0.19422483	-0.001768396	0.9809343	-4.3464417e-17	-5.6156713e+10	300
1.4000000000000107e-11	0.19423792	-0.0018750795	0.9809315	-4.3464387e-17	-6.312359e+10	300
1.4100000000000108e-11	0.19425175	-0.00198818	0.9809285	-4.346437e-17	-6.312359e+10	300
1.420000000000011e-11	0.19426644	-0.0021080824	0.9809253	-4.346435e-17	-7.094963e+10	300
1.4300000000000112e-11	0.194282	-0.0022351923	0.98092204	-4.3464318e-17	-7.094963e+10	300
1.4400000000000113e-11	0.19429852	-0.0023699403	0.98091835	-4.3464298e-17	-7.973942e+10	300
1.4500000000000115e-11	0.194316	-0.0025127814	0.98091465	-4.3464265e-17	-7.973942e+10	300
1.4600000000000116e-11	0.19433457	-0.0026641984	0.98091054	-4.3464232e-17	-8.960993e+10	300
1.4700000000000115e-11	0.1943542	-0.0028247014	0.98090625	-4.3464195e-17	-8.960993e+10	300
1.4800000000000113e-11	0.19437504	-0.0029948303	0.9809016	-4.346416e-17	-1.00691845e+11	300
1.490000000000011e-11	0.19439718	-0.0031751576	0.98089665	-4.3464113e-17	-1.00691845e+11	300
1.500000000000011e-11	0.19442059	-0.0033662873	0.98089135	-4.3464053e-17	-1.1647171e+11	300
1.5100000000000108e-11	0.19444542	-0.0035688602	0.98088574	-4.3463987e-17	-1.1647171e+11	300
1.5200000000000106e-11	0.19447175	-0.0037835534	0.9808797	-4.346392e-17	-1.1647171e+11	300
1.5300000000000105e-11	0.19449964	-0.004011083	0.9808733	-4.3463855e-17	-1.3469622e+11	300
1.5400000000000103e-11	0.19452924	-0.004252207	0.98086643	-4.3463762e-17	-1.3469622e+11	300
1.55000000000001e-11	0.19456059	-0.004507724	0.98085904	-4.346367e-17	-1.5573457e+11	300
1.56000000000001e-11	0.19459383	-0.004778483	0.9808511	-4.346356e-17	-1.5573457e+11	300
1.5700000000000098e-11	0.19462907	-0.0050653787	0.9808428	-4.3463448e-17	-1.5573457e+11	300
1.5800000000000097e-11	0.1946664	-0.0053693554	0.9808337	-4.34633e-17	-1.8000839e+11	300
1.5900000000000095e-11	0.19470595	-0.0056914124	0.98082405	-4.3463153e-17	-1.8000839e+11	300
1.6000000000000093e-11	0.19474788	-0.006032605	0.9808138	-4.3462988e-17	-2.079982e+11	300
1.6100000000000092e-11	0.1947923	-0.006394048	0.9808027	-4.346279e-17	-2.079982e+11	300
1.620000000000009e-11	0.19483939	-0.0067769187	0.9807908	-4.3462574e-17	-2.079982e+11	300
1.630000000000009e-11	0.1948893	-0.0071824556	0.980778	-4.346233e-17	-2.4025018e+11	300
1.6400000000000087e-11	0.19494216	-0.0076119713	0.9807643	-4.346205e-17	-2.4025018e+11	300
1.6500000000000085e-11	0.19499817	-0.008066846	0.98074955	-4.3461747e-17	-2.77383e+11	300
1.6600000000000084e-11	0.19505753	-0.008548536	0.98073363	-4.3461403e-17	-2.77383e+11	300
1.6700000000000082e-11	0.19512042	-0.009058578	0.98071665	-4.3461026e-17	-2.77383e+11	300
1.680000000000008e-11	0.19518705	-0.009598589	0.9806982	-4.346059e-17	-3.20095e+11	300
1.690000000000008e-11	0.19525759	-0.010170271	0.9806784	-4.3460112e-17	-3.20095e+11	300
1.7000000000000077e-11	0.19533235	-0.010775421	0.9806571	-4.345956e-17	-3.6917094e+11	300
1.7100000000000075e-11	0.1954115	-0.011415922	0.98063415	-4.345895e-17	-3.6917094e+11	300
1.7200000000000074e-11	0.19549535	-0.01209376	0.9806092	-4.3458263e-17	-3.6917094e+11	300
1.7300000000000072e-11	0.19558412	-0.012811022	0.9805826	-4.3457505e-17	-4.2548793e+11	300
1.740000000000007e-11	0.19567813	-0.013569898	0.9805536	-4.345664e-17	-4.2548793e+11	300
1.750000000000007e-11	0.19577765	-0.01437269	0.9805223	-4.3455675e-17	-4.900203e+11	300
1.7600000000000067e-11	0.19588305	-0.015221809	0.98048854	-4.3454603e-17	-4.900203e+11	300
1.7700000000000066e-11	0.19599459	-0.01611979	0.98045194	-4.3453392e-17	-4.900203e+11	300
1.7800000000000064e-11	0.19611269	-0.01706928	0.9804122	-4.345204e-17	-5.638421e+11	300
1.7900000000000062e-11	0.19623764	-0.018073058	0.9803692	-4.3450524e-17	-5.638421e+11	300
1.800000000000006e-11	0.19636989	-0.019134028	0.98032266	-4.344884e-17	-6.481265e+11	300
1.810000000000006e-11	0.19650982	-0.020255221	0.9802722	-4.3446927e-17	-6.481265e+11	300
1.8200000000000057e-11	0.19665785	-0.021439807	0.98021734	-4.3444806e-17	-6.481265e+11	300
1.8300000000000056e-11	0.19681445	-0.022691095	0.98015773	-4.3442444e-17	-7.441407e+11	300
1.8400000000000054e-11	0.19698006	-0.024012523	0.98009306	-4.3439797e-17	-7.441407e+11	300
1.8500000000000052e-11	0.19715522	-0.025407674	0.98002267	-4.3436832e-17	-8.53234e+11	300
1.860000000000005e-11	0.19734041	-0.026880266	0.97994626	-4.3433524e-17	-8.53234e+11	300
1.870000000000005e-11	0.19753617	-0.028434169	0.979863	-4.3429828e-17	-8.53234e+11	300
1.8800000000000048e-11	0.19774309	-0.03007338	0.9797724	-4.3425725e-17	-9.768183e+11	300
1.8900000000000046e-11	0.19796173	-0.03180205	0.97967374	-4.3421132e-17	-9.768183e+11	300
1.9000000000000044e-11	0.19819275	-0.033624448	0.97956616	-4.341601e-17	-1.116337e+12	300
1.9100000000000043e-11	0.19843675	-0.035544988	0.97944903	-4.34103e-17	-1.116337e+12	300
1.920000000000004e-11	0.19869447	-0.037568208	0.9793214	-4.3403947e-17	-1.116337e+12	300
1.930000000000004e-11	0.19896653	-0.03969876	0.9791822	-4.339688e-17	-1.2732207e+12	300
1.9400000000000038e-11	0.19925374	-0.041941408	0.9790303	-4.338901e-17	-1.2732207e+12	300
1.9500000000000036e-11	0.1995568	-0.04430104	0.9788648	-4.3380276e-17	-1.4488258e+12	300
1.9600000000000034e-11	0.19987653	-0.046782594	0.9786842	-4.3370562e-17	-1.4488258e+12	300
1.9700000000000033e-11	0.20021378	-0.049391117	0.9784871	-4.3359782e-17	-1.4488258e+12	300
1.980000000000003e-11	0.20056933	-0.0521317	0.9782722	-4.334783e-17	-1.6443553e+12	300
1.990000000000003e-11	0.20094413	-0.05500947	0.97803783	-4.3334596e-17	-1.6443553e+12	300
2.0000000000000028e-11	0.20133904	-0.05802958	0.97778213	-4.3319922e-17	-1.8607551e+12	300
2.0100000000000026e-11	0.201755	-0.061197177	0.9775033	-4.3303683e-17	-1.8607551e+12	300
2.0200000000000025e-11	0.20219305	-0.06451735	0.97719944	-4.3285743e-17	-1.8607551e+12	300
2.0300000000000023e-11	0.2026541	-0.06799515	0.97686815	-4.3265947e-17	-2.0985912e+12	300
2.040000000000002e-11	0.20313917	-0.071635514	0.97650725	-4.3244086e-17	-2.0985912e+12	300
2.050000000000002e-11	0.20364937	-0.075443245	0.9761144	-4.322001e-17	-2.3579017e+12	300
2.0600000000000018e-11	0.20418575	-0.07942294	0.9756866	-4.3193505e-17	-2.3579017e+12	300
2.0700000000000016e-11	0.20474939	-0.08357903	0.9752214	-4.3164362e-17	-2.3579017e+12	300
2.0800000000000015e-11	0.20534143	-0.08791561	0.9747156	-4.3132377e-17	-2.6380335e+12	300
2.0900000000000013e-11	0.20596299	-0.09243648	0.97416615	-4.3097308e-17	-2.6380335e+12	300
2.100000000000001e-11	0.20661521	-0.097145066	0.9735699	-4.3058883e-17	-2.937466e+12	300
2.110000000000001e-11	0.20729929	-0.10204435	0.9729233	-4.3016876e-17	-2.937466e+12	300
2.1200000000000008e-11	0.20801641	-0.10713685	0.9722226	-4.2971017e-17	-2.937466e+12	300
2.1300000000000007e-11	0.20876774	-0.11242449	0.9714644	-4.2921035e-17	-3.2536414e+12	300
2.1400000000000005e-11	0.20955452	-0.117908604	0.9706447	-4.2866627e-17	-3.2536414e+12	300
2.1500000000000003e-11	0.2103779	-0.12358982	0.96975964	-4.280751e-17	-3.582812e+12	300
2.1600000000000002e-11	0.21123916	-0.12946808	0.9688052	-4.27434e-17	-3.582812e+12	300
2.175e-11	0.21260457	-0.1386527	0.9672345	-4.263724e-17	-3.9199365e+12	300
2.1849999999999998e-11	0.21356565	-0.1450177	0.966089	-4.2559352e-17	-3.9199365e+12	300
2.1949999999999996e-11	0.21456876	-0.15157276	0.9648599	-4.247548e-17	-3.9199365e+12	300
2.2049999999999994e-11	0.21561506	-0.15831372	0.9635434	-4.2385304e-17	-4.2586486e+12	300
2.2149999999999993e-11	0.21670571	-0.16523544	0.9621358	-4.2288586e-17	-4.2586486e+12	300
2.224999999999999e-11	0.21784188	-0.1723317	0.96063334	-4.2185096e-17	-4.591327e+12	300
2.234999999999999e-11	0.2190247	-0.17959517	0.9590327	-4.2074585e-17	-4.591327e+12	300
2.2449999999999988e-11	0.22025523	-0.1870175	0.9573308	-4.1956887e-17	-4.591327e+12	300
2.2549999999999986e-11	0.22153454	-0.19458917	0.95552504	-4.1831844e-17	-4.909294e+12	300
2.2649999999999984e-11	0.2228637	-0.2022996	0.953613	-4.1699323e-17	-4.909294e+12	300
2.2749999999999983e-11	0.22424375	-0.21013711	0.95159245	-4.1559228e-17	-5.2031505e+12	300
2.284999999999998e-11	0.22567564	-0.21808903	0.94946253	-4.1411514e-17	-5.2031505e+12	300
2.294999999999998e-11	0.22716036	-0.22614174	0.9472221	-4.1256225e-17	-5.2031505e+12	300
2.3049999999999978e-11	0.22869885	-0.23428063	0.94487107	-4.1093396e-17	-5.4632545e+12	300
2.3149999999999976e-11	0.23029198	-0.24249032	0.9424097	-4.0923163e-17	-5.4632545e+12	300
2.3249999999999975e-11	0.23194063	-0.25075462	0.9398391	-4.0745673e-17	-5.6803034e+12	300
2.3349999999999973e-11	0.23364563	-0.25905684	0.9371613	-4.0561152e-17	-5.6803034e+12	300
2.344999999999997e-11	0.23540781	-0.26737964	0.9343786	-4.0369905e-17	-5.6803034e+12	300
2.354999999999997e-11	0.23722787	-0.2757053	0.93149424	-4.0172245e-17	-5.8459853e+12	300
2.3649999999999968e-11	0.2391066	-0.28401592	0.9285122	-3.996859e-17	-5.8459853e+12	300
2.3749999999999966e-11	0.24104464	-0.29229337	0.92543703	-3.9759386e-17	-5.953618e+12	300
2.3849999999999965e-11	0.24304265	-0.30051968	0.9222741	-3.9545116e-17	-5.953618e+12	300
2.3949999999999963e-11	0.24510126	-0.30867684	0.91902924	-3.932634e-17	-5.953618e+12	300
2.404999999999996e-11	0.247221	-0.31674722	0.9157094	-3.9103597e-17	-5.998705e+12	300
2.414999999999996e-11	0.24940237	-0.3247136	0.91232103	-3.887757e-17	-5.998705e+12	300
2.4249999999999958e-11	0.2516459	-0.33255938	0.90887195	-3.864885e-17	-5.9793264e+12	300
2.4349999999999957e-11	0.25395194	-0.34026846	0.9053698	-3.8418116e-17	-5.9793264e+12	300
2.4449999999999955e-11	0.2563208	-0.34782568	0.90182316	-3.818605e-17	-5.9793264e+12	300
2.4549999999999953e-11	0.25875282	-0.3552165	0.8982402	-3.7953313e-17	-5.89631e+12	300
2.4649999999999952e-11	0.26124817	-0.36242765	0.8946295	-3.7720617e-17	-5.89631e+12	300
2.474999999999995e-11	0.263807	-0.36944652	0.8909997	-3.7488626e-17	-5.7531575e+12	300
2.484999999999995e-11	0.2664293	-0.37626183	0.88735926	-3.7258008e-17	-5.7531575e+12	300
2.4949999999999947e-11	0.26911503	-0.3828633	0.88371694	-3.702941e-17	-5.7531575e+12	300
2.5049999999999945e-11	0.27186412	-0.38924164	0.8800809	-3.680343e-17	-5.555735e+12	300
2.5149999999999944e-11	0.27467623	-0.39538884	0.8764591	-3.6580676e-17	-5.555735e+12	300
2.5249999999999942e-11	0.2775511	-0.40129793	0.8728595	-3.63617e-17	-5.3117777e+12	300
2.534999999999994e-11	0.28048822	-0.40696317	0.86928934	-3.6146995e-17	-5.3117777e+12	300
2.544999999999994e-11	0.28348705	-0.41237977	0.8657556	-3.5937054e-17	-5.3117777e+12	300
2.5549999999999937e-11	0.2865469	-0.41754392	0.8622649	-3.5732313e-17	-5.03027e+12	300
2.5649999999999935e-11	0.28966698	-0.42245308	0.8588231	-3.5533135e-17	-5.03027e+12	300
2.5749999999999934e-11	0.29284638	-0.42710534	0.8554359	-3.53399e-17	-4.720794e+12	300
2.5849999999999932e-11	0.29608405	-0.4314999	0.8521082	-3.515286e-17	-4.720794e+12	300
2.594999999999993e-11	0.2993789	-0.4356367	0.84884423	-3.497229e-17	-4.720794e+12	300
2.604999999999993e-11	0.3027296	-0.43951654	0.84564835	-3.479839e-17	-4.3929093e+12	300
2.6149999999999927e-11	0.30613482	-0.4431408	0.84252363	-3.4631342e-17	-4.3929093e+12	300
2.6249999999999926e-11	0.3095931	-0.44651166	0.83947307	-3.4471237e-17	-4.055631e+12	300
2.6349999999999924e-11	0.3131028	-0.4496317	0.83649904	-3.4318185e-17	-4.055631e+12	300
2.6449999999999922e-11	0.3166623	-0.45250407	0.8336033	-3.417221e-17	-4.055631e+12	300
2.654999999999992e-11	0.32026982	-0.45513254	0.8307874	-3.4033357e-17	-3.7170341e+12	300
2.664999999999992e-11	0.3239234	-0.45752108	0.8280524	-3.390158e-17	-3.7170341e+12	300
2.6749999999999917e-11	0.32762122	-0.45967415	0.8253989	-3.377686e-17	-3.3840027e+12	300
2.6849999999999916e-11	0.3313612	-0.46159625	0.822827	-3.3659097e-17	-3.3840027e+12	300
2.6949999999999914e-11	0.33514124	-0.46329248	0.82033664	-3.354822e-17	-3.3840027e+12	300
2.7049999999999912e-11	0.33895928	-0.4647679	0.8179274	-3.3444093e-17	-3.0621088e+12	300
2.714999999999991e-11	0.34281296	-0.46602774	0.8155986	-3.3346595e-17	-3.0621088e+12	300
2.724999999999991e-11	0.3467002	-0.4670774	0.8133495	-3.325558e-17	-2.7556087e+12	300
2.7349999999999907e-11	0.3506186	-0.46792236	0.81117857	-3.317087e-17	-2.7556087e+12	300
2.7449999999999906e-11	0.35456595	-0.46856812	0.8090845	-3.3092307e-17	-2.7556087e+12	300
2.7549999999999904e-11	0.35853988	-0.4690202	0.807066	-3.3019697e-17	-2.4675198e+12	300
2.7649999999999903e-11	0.36253798	-0.46928412	0.80512106	-3.295284e-17	-2.4675198e+12	300
2.77499999999999e-11	0.36655796	-0.46936545	0.80324835	-3.2891567e-17	-2.1997578e+12	300
2.78499999999999e-11	0.37059742	-0.46926954	0.80144554	-3.2835652e-17	-2.1997578e+12	300
2.7949999999999898e-11	0.37465405	-0.4690019	0.79971105	-3.2784913e-17	-2.1997578e+12	300
2.8049999999999896e-11	0.3787254	-0.46856782	0.7980427	-3.273913e-17	-1.9533017e+12	300
2.8149999999999894e-11	0.3828093	-0.46797246	0.79643846	-3.2698112e-17	-1.9533017e+12	300
2.8249999999999893e-11	0.38690338	-0.46722108	0.7948963	-3.2661643e-17	-1.7283691e+12	300
2.834999999999989e-11	0.39100525	-0.46631855	0.7934141	-3.262954e-17	-1.7283691e+12	300
2.844999999999989e-11	0.39511275	-0.46526995	0.79199	-3.2601583e-17	-1.7283691e+12	300
2.8549999999999888e-11	0.39922357	-0.46407992	0.79062164	-3.2577605e-17	-1.5245868e+12	300
2.8649999999999886e-11	0.40333557	-0.46275327	0.78930724	-3.2557395e-17	-1.5245868e+12	300
2.8749999999999885e-11	0.40744665	-0.46129447	0.7880446	-3.2540772e-17	-1.3411444e+12	300
2.8849999999999883e-11	0.41155466	-0.45970795	0.78683203	-3.252757e-17	-1.3411444e+12	300
2.894999999999988e-11	0.4156574	-0.457998	0.78566754	-3.2517585e-17	-1.3411444e+12	300
2.904999999999988e-11	0.41975304	-0.45616883	0.7845492	-3.2510673e-17	-1.1769283e+12	300
2.914999999999988e-11	0.42383954	-0.45422444	0.7834751	-3.250665e-17	-1.1769283e+12	300
2.9249999999999886e-11	0.42791492	-0.4521687	0.7824439	-3.250537e-17	-1.0585249e+12	300
2.934999999999989e-11	0.4319774	-0.45000544	0.78145355	-3.250668e-17	-1.0585249e+12	300
2.9449999999999896e-11	0.43602508	-0.44773835	0.78050256	-3.251042e-17	-9.50873e+11	300
2.95499999999999e-11	0.4400562	-0.44537085	0.7795894	-3.251646e-17	-9.50873e+11	300
2.9649999999999905e-11	0.44406915	-0.4429065	0.77871263	-3.2524662e-17	-8.53234e+11	300
2.974999999999991e-11	0.4480621	-0.4403485	0.7778706	-3.2534903e-17	-8.53234e+11	300
2.9849999999999915e-11	0.45203355	-0.4377001	0.7770622	-3.2547056e-17	-7.648686e+11	300
2.994999999999992e-11	0.45598194	-0.43496433	0.776286	-3.256101e-17	-7.648686e+11	300
3.0049999999999925e-11	0.45990577	-0.43214422	0.7755407	-3.2576642e-17	-6.8505076e+11	300
3.014999999999993e-11	0.46380353	-0.42924264	0.7748254	-3.259382e-17	-6.8505076e+11	300
3.0249999999999934e-11	0.4676739	-0.42626226	0.77413857	-3.26125e-17	-6.130782e+11	300
3.034999999999994e-11	0.47151542	-0.4232059	0.77347946	-3.2632546e-17	-6.130782e+11	300
3.0449999999999944e-11	0.47532687	-0.4200761	0.77284694	-3.265388e-17	-5.4827968e+11	300
3.054999999999995e-11	0.47910702	-0.41687524	0.7722401	-3.26764e-17	-5.4827968e+11	300
3.0649999999999954e-11	0.48285466	-0.4136059	0.771658	-3.2700044e-17	-4.900203e+11	300
3.074999999999996e-11	0.48656857	-0.4102703	0.77109975	-3.2724714e-17	-4.900203e+11	300
3.0849999999999963e-11	0.4902477	-0.40687066	0.7705648	-3.275035e-17	-4.3770423e+11	300
3.094999999999997e-11	0.493891	-0.40340918	0.770052	-3.277689e-17	-4.3770423e+11	300
3.104999999999997e-11	0.49749744	-0.39988798	0.7695609	-3.2804246e-17	-3.9077646e+11	300
3.114999999999998e-11	0.501066	-0.39630905	0.7690908	-3.283236e-17	-3.9077646e+11	300
3.124999999999998e-11	0.5045959	-0.3926744	0.768641	-3.2861196e-17	-3.487229e+11	300
3.134999999999999e-11	0.508086	-0.38898584	0.768211	-3.2890683e-17	-3.487229e+11	300
3.144999999999999e-11	0.5115357	-0.38524517	0.7678002	-3.2920763e-17	-3.110699e+11	300
3.155e-11	0.514944	-0.38145423	0.767408	-3.29514e-17	-3.110699e+11	300
3.165e-11	0.51831025	-0.37761474	0.7670342	-3.2982527e-17	-2.77383e+11	300
3.1700000000000004e-11	0.5199774	-0.37567726	0.76685405	-3.2998273e-17	-2.77383e+11	300
3.180000000000001e-11	0.52327913	-0.37176797	0.76650655	-3.30301e-17	-2.4726512e+11	300
3.1900000000000014e-11	0.52653694	-0.36781415	0.7661762	-3.3062307e-17	-2.4726512e+11	300
3.200000000000002e-11	0.52975035	-0.36381721	0.76586264	-3.309489e-17	-2.203546e+11	300
3.2100000000000024e-11	0.5329186	-0.35977885	0.7655655	-3.312781e-17	-2.203546e+11	300
3.220000000000003e-11	0.536041	-0.35570025	0.7652845	-3.316103e-17	-1.9632297e+11	300
3.230000000000003e-11	0.53911716	-0.35158303	0.76501924	-3.31945e-17	-1.9632297e+11	300
3.240000000000004e-11	0.5421465	-0.3474284	0.76476943	-3.3228222e-17	-1.7487263e+11	300
3.250000000000004e-11	0.54512846	-0.34323776	0.76453483	-3.3262157e-17	-1.7487263e+11	300
3.260000000000005e-11	0.5480627	-0.33901227	0.764315	-3.3296276e-17	-1.5573457e+11	300
3.270000000000005e-11	0.5509486	-0.33475325	0.76411015	-3.3330568e-17	-1.5573457e+11	300
3.280000000000006e-11	0.55378586	-0.33046186	0.7639197	-3.3365008e-17	-1.3866608e+11	300
3.290000000000006e-11	0.556574	-0.32613933	0.76374364	-3.3399568e-17	-1.3866608e+11	300
3.300000000000007e-11	0.5593127	-0.32178673	0.76358175	-3.3434223e-17	-1.2344859e+11	300
3.310000000000007e-11	0.5620015	-0.31740525	0.7634338	-3.3468985e-17	-1.2344859e+11	300
3.3200000000000077e-11	0.5646403	-0.31299588	0.76329964	-3.3503816e-17	-1.0988545e+11	300
3.330000000000008e-11	0.56722844	-0.30855978	0.7631793	-3.3538696e-17	-1.0988545e+11	300
3.3400000000000086e-11	0.56976587	-0.30409783	0.7630724	-3.3573627e-17	-9.780009e+10	300
3.350000000000009e-11	0.5722522	-0.29961112	0.7629788	-3.3608583e-17	-9.780009e+10	300
3.3600000000000096e-11	0.57468724	-0.29510072	0.76289856	-3.3643556e-17	-8.7034085e+10	300
3.37000000000001e-11	0.57707065	-0.2905674	0.76283157	-3.367855e-17	-8.7034085e+10	300
3.3800000000000106e-11	0.5794023	-0.28601217	0.7627776	-3.3713526e-17	-7.7445456e+10	300
3.390000000000011e-11	0.58168197	-0.28143603	0.76273674	-3.37485e-17	-7.7445456e+10	300
3.4000000000000115e-11	0.58390945	-0.27683976	0.7627087	-3.378345e-17	-6.890706e+10	300
3.410000000000012e-11	0.58608454	-0.2722243	0.7626935	-3.3818366e-17	-6.890706e+10	300
3.4200000000000125e-11	0.588207	-0.26759046	0.7626913	-3.3853253e-17	-6.130516e+10	300
3.430000000000013e-11	0.59027684	-0.26293916	0.76270163	-3.3888104e-17	-6.130516e+10	300
3.4400000000000135e-11	0.59229386	-0.2582711	0.76272464	-3.392289e-17	-5.4538056e+10	300
3.450000000000014e-11	0.59425783	-0.25358716	0.7627603	-3.395763e-17	-5.4538056e+10	300
3.4600000000000144e-11	0.59616876	-0.24888813	0.7628085	-3.3992312e-17	-4.851488e+10	300
3.470000000000015e-11	0.5980264	-0.2441748	0.7628692	-3.402693e-17	-4.851488e+10	300
3.4800000000000154e-11	0.5998308	-0.23944789	0.7629423	-3.4061478e-17	-4.315449e+10	300
3.490000000000016e-11	0.6015818	-0.2347082	0.7630278	-3.409595e-17	-4.315449e+10	300
3.5000000000000163e-11	0.6032794	-0.22995642	0.76312584	-3.4130356e-17	-3.838446e+10	300
3.510000000000017e-11	0.6049234	-0.22519332	0.76323605	-3.4164674e-17	-3.838446e+10	300
3.520000000000017e-11	0.6065139	-0.22041959	0.7633586	-3.419891e-17	-3.4140168e+10	300
3.530000000000018e-11	0.60805076	-0.21563594	0.7634934	-3.423307e-17	-3.4140168e+10	300
3.540000000000018e-11	0.6095339	-0.21084307	0.7636405	-3.4267138e-17	-3.0363988e+10	300
3.550000000000019e-11	0.6109634	-0.20604163	0.7637999	-3.4301125e-17	-3.0363988e+10	300
3.560000000000019e-11	0.61233926	-0.20123236	0.7639714	-3.4335013e-17	-2.7004539e+10	300
3.57000000000002e-11	0.61366135	-0.19641586	0.76415503	-3.4368815e-17	-2.7004539e+10	300
3.58000000000002e-11	0.61492974	-0.19159281	0.76435083	-3.4402538e-17	-2.4016028e+10	300
3.590000000000021e-11	0.6161444	-0.18676385	0.7645588	-3.4436144e-17	-2.4016028e+10	300
3.600000000000021e-11	0.6173054	-0.18192965	0.76477873	-3.4469668e-17	-2.1357656e+10	300
3.6100000000000217e-11	0.6184126	-0.1770908	0.7650109	-3.4503083e-17	-2.1357656e+10	300
3.620000000000022e-11	0.6194662	-0.17224796	0.765255	-3.4536422e-17	-1.8993076e+10	300
3.6300000000000226e-11	0.6204661	-0.16740172	0.7655111	-3.4569665e-17	-1.8993076e+10	300
3.640000000000023e-11	0.6214124	-0.16255268	0.76577926	-3.46028e-17	-1.6889916e+10	300
3.6500000000000236e-11	0.62230515	-0.1577015	0.76605934	-3.4635846e-17	-1.6889916e+10	300
3.660000000000024e-11	0.6231444	-0.15284872	0.7663514	-3.4668797e-17	-1.5019354e+10	300
3.6700000000000245e-11	0.6239301	-0.14799497	0.7666553	-3.470165e-17	-1.5019354e+10	300
3.680000000000025e-11	0.62466246	-0.14314082	0.76697123	-3.4734412e-17	-1.3355726e+10	300
3.6900000000000255e-11	0.6253415	-0.13828683	0.767299	-3.4767076e-17	-1.3355726e+10	300
3.700000000000026e-11	0.6259672	-0.13343361	0.76763856	-3.479964e-17	-1.1876188e+10	300
3.7100000000000265e-11	0.62653965	-0.12858175	0.76799	-3.4832126e-17	-1.1876188e+10	300
3.720000000000027e-11	0.62705904	-0.123731755	0.7683532	-3.48645e-17	-1.0560408e+10	300
3.7300000000000274e-11	0.6275254	-0.11888421	0.76872814	-3.489679e-17	-1.0560408e+10	300
3.740000000000028e-11	0.6279388	-0.11403969	0.76911485	-3.4928992e-17	-9.39029e+09	300
3.7500000000000284e-11	0.6282993	-0.10919874	0.7695133	-3.49611e-17	-9.39029e+09	300
3.760000000000029e-11	0.6286071	-0.10436191	0.7699233	-3.4993108e-17	-8.3497334e+09	300
3.7700000000000294e-11	0.6288622	-0.09952973	0.7703452	-3.5025037e-17	-8.3497334e+09	300
3.78000000000003e-11	0.62906474	-0.09470277	0.7707786	-3.5056874e-17	-7.4244116e+09	300
3.7900000000000303e-11	0.6292149	-0.08988153	0.7712236	-3.5088628e-17	-7.4244116e+09	300
3.800000000000031e-11	0.62931263	-0.08506659	0.7716801	-3.512028e-17	-6.6015785e+09	300
3.810000000000031e-11	0.6293582	-0.08025844	0.7721481	-3.5151864e-17	-6.6015785e+09	300
3.820000000000032e-11	0.6293516	-0.07545763	0.7726277	-3.518335e-17	-5.869893e+09	300
3.830000000000032e-11	0.62929314	-0.07066468	0.7731187	-3.5214756e-17	-5.869893e+09	300
3.840000000000033e-11	0.6291829	-0.06588012	0.7736211	-3.5246086e-17	-5.219269e+09	300
3.850000000000033e-11	0.62902075	-0.061104454	0.7741349	-3.527733e-17	-5.219269e+09	300
3.860000000000034e-11	0.6288072	-0.056338213	0.77466	-3.530849e-17	-4.6407327e+09	300
3.870000000000034e-11	0.62854224	-0.051581908	0.7751963	-3.5339568e-17	-4.6407327e+09	300
3.880000000000035e-11	0.62822604	-0.046836037	0.77574396	-3.5370577e-17	-4.126303e+09	300
3.890000000000035e-11	0.62785864	-0.042101134	0.7763028	-3.54015e-17	-4.126303e+09	300
3.9000000000000356e-11	0.6274404	-0.03737768	0.7768728	-3.5432358e-17	-3.6688806e+09	300
3.910000000000036e-11	0.6269713	-0.0326662	0.77745396	-3.5463125e-17	-3.6688806e+09	300
3.9200000000000366e-11	0.6264516	-0.027967183	0.7780461	-3.5493824e-17	-3.2621524e+09	300
3.930000000000037e-11	0.62588143	-0.023281137	0.7786493	-3.5524456e-17	-3.2621524e+09	300
3.9400000000000376e-11	0.625261	-0.018608559	0.7792634	-3.555501e-17	-2.9005025e+09	300
3.950000000000038e-11	0.62459046	-0.013949941	0.77988845	-3.5585492e-17	-2.9005025e+09	300
3.9600000000000385e-11	0.6238699	-0.009305783	0.7805243	-3.5615912e-17	-2.5789376e+09	300
3.970000000000039e-11	0.6230997	-0.004676574	0.7811711	-3.564625e-17	-2.5789376e+09	300
3.9800000000000395e-11	0.6222799	-6.2805135e-05	0.78182864	-3.5676538e-17	-2.293016e+09	300
3.99000000000004e-11	0.62141067	0.0045350343	0.7824967	-3.570674e-17	-2.293016e+09	300
4.0000000000000405e-11	0.6204923	0.009116458	0.78317547	-3.573689e-17	-2.0387887e+09	300
4.010000000000041e-11	0.61952496	0.01368098	0.78386486	-3.5766972e-17	-2.0387887e+09	300
4.0200000000000414e-11	0.6185088	0.018228117	0.78456473	-3.5796992e-17	-1.8127433e+09	300
4.030000000000042e-11	0.61744416	0.022757389	0.78527504	-3.5826946e-17	-1.8127433e+09	300
4.0400000000000424e-11	0.6163311	0.027268313	0.7859957	-3.585683e-17	-1.6117568e+09	300
4.050000000000043e-11	0.6151699	0.03176041	0.7867267	-3.588667e-17	-1.6117568e+09	300
4.0600000000000434e-11	0.6139608	0.03623321	0.78746796	-3.5916444e-17	-1.4330519e+09	300
4.070000000000044e-11	0.6127039	0.040686227	0.7882194	-3.5946153e-17	-1.4330519e+09	300
4.0800000000000443e-11	0.61139965	0.045118995	0.78898096	-3.5975815e-17	-1.2741588e+09	300
4.090000000000045e-11	0.6100482	0.049531043	0.7897526	-3.6005415e-17	-1.2741588e+09	300
4.100000000000045e-11	0.6086496	0.053921893	0.79053414	-3.6034955e-17	-1.1328818e+09	300
4.110000000000046e-11	0.6072043	0.058291078	0.79132557	-3.606445e-17	-1.1328818e+09	300
4.120000000000046e-11	0.6057124	0.062638134	0.7921269	-3.6093884e-17	-1.0072681e+09	300
4.130000000000047e-11	0.6041744	0.0669626	0.79293793	-3.6123265e-17	-1.0072681e+09	300
4.140000000000047e-11	0.6025902	0.071264	0.79375863	-3.6152597e-17	-8.955814e+08	300
4.150000000000048e-11	0.6009604	0.07554187	0.794589	-3.6181873e-17	-8.955814e+08	300
4.160000000000048e-11	0.59928495	0.07979576	0.79542875	-3.62111e-17	-7.962777e+08	300
4.1700000000000487e-11	0.59756434	0.084025204	0.796278	-3.624027e-17	-7.962777e+08	300
4.180000000000049e-11	0.5957987	0.08822975	0.79713655	-3.6269408e-17	-7.079844e+08	300
4.1900000000000496e-11	0.5939884	0.09240895	0.7980044	-3.629848e-17	-7.079844e+08	300
4.20000000000005e-11	0.59213364	0.096562326	0.79888135	-3.6327526e-17	-6.2948077e+08	300
4.2100000000000506e-11	0.59023476	0.10068943	0.79976743	-3.6356507e-17	-6.2948077e+08	300
4.220000000000051e-11	0.58829206	0.10478984	0.8006625	-3.638545e-17	-5.596814e+08	300
4.2300000000000516e-11	0.5863058	0.10886306	0.80156654	-3.641434e-17	-5.596814e+08	300
4.240000000000052e-11	0.5842762	0.112908676	0.8024793	-3.6443186e-17	-4.976214e+08	300
4.2500000000000525e-11	0.58220375	0.11692624	0.80340093	-3.6471985e-17	-4.976214e+08	300
4.260000000000053e-11	0.5800886	0.120915286	0.8043311	-3.6500747e-17	-4.4244266e+08	300
4.2700000000000535e-11	0.5779311	0.124875404	0.8052697	-3.6529464e-17	-4.4244266e+08	300
4.280000000000054e-11	0.57573164	0.12880613	0.8062169	-3.6558134e-17	-3.9338218e+08	300
4.2900000000000545e-11	0.5734904	0.13270703	0.8071723	-3.6586768e-17	-3.9338218e+08	300
4.300000000000055e-11	0.5712077	0.13657767	0.80813605	-3.6615358e-17	-3.4976163e+08	300
4.3100000000000554e-11	0.568884	0.14041764	0.80910796	-3.6643903e-17	-3.4976163e+08	300
4.320000000000056e-11	0.5665196	0.14422646	0.8100879	-3.667241e-17	-3.109779e+08	300
4.3300000000000564e-11	0.56411487	0.14800373	0.8110758	-3.670088e-17	-3.109779e+08	300
4.340000000000057e-11	0.56167	0.15174901	0.81207144	-3.6729297e-17	-2.7649462e+08	300
4.3500000000000574e-11	0.55918556	0.1554619	0.8130748	-3.6757693e-17	-2.7649462e+08	300
4.360000000000058e-11	0.55666167	0.15914197	0.81408596	-3.6786032e-17	-2.4583499e+08	300
4.370000000000058e-11	0.55409884	0.16278878	0.8151046	-3.681435e-17	-2.4583499e+08	300
4.380000000000059e-11	0.5514974	0.16640194	0.8161305	-3.684262e-17	-2.1857507e+08	300
4.390000000000059e-11	0.5488577	0.16998097	0.8171638	-3.6870855e-17	-2.1857507e+08	300
4.40000000000006e-11	0.5461801	0.17352554	0.8182043	-3.689904e-17	-1.9433786e+08	300
4.41000000000006e-11	0.54346514	0.17703521	0.81925184	-3.692721e-17	-1.9433786e+08	300
4.420000000000061e-11	0.54071295	0.18050957	0.82030636	-3.6955326e-17	-1.7278821e+08	300
4.430000000000061e-11	0.53792405	0.18394819	0.82136774	-3.698341e-17	-1.7278821e+08	300
4.440000000000062e-11	0.53509885	0.18735069	0.8224358	-3.7011465e-17	-1.5362813e+08	300
4.450000000000062e-11	0.53223777	0.1907167	0.8235105	-3.7039477e-17	-1.5362813e+08	300
4.4600000000000627e-11	0.5293411	0.19404578	0.82459176	-3.7067452e-17	-1.3659262e+08	300
4.470000000000063e-11	0.5264093	0.19733755	0.8256793	-3.7095388e-17	-1.3659262e+08	300
4.4800000000000636e-11	0.52344286	0.20059164	0.8267732	-3.7123284e-17	-1.2144614e+08	300
4.490000000000064e-11	0.52044207	0.20380765	0.82787323	-3.7151153e-17	-1.2144614e+08	300
4.5000000000000646e-11	0.51740754	0.20698519	0.82897925	-3.717898e-17	-1.0797921e+08	300
4.510000000000065e-11	0.51433945	0.2101239	0.8300911	-3.7206776e-17	-1.0797921e+08	300
4.5200000000000656e-11	0.51123846	0.2132234	0.8312088	-3.723453e-17	-9.600558e+07	300
4.530000000000066e-11	0.5081049	0.21628329	0.8323322	-3.7262253e-17	-9.600558e+07	300
4.5400000000000665e-11	0.5049393	0.21930324	0.83346117	-3.728994e-17	-8.535969e+07	300
4.550000000000067e-11	0.501742	0.22228283	0.8345954	-3.7317595e-17	-8.535969e+07	300
4.5600000000000675e-11	0.4985135	0.22522178	0.8357349	-3.734521e-17	-7.589429e+07	300
4.570000000000068e-11	0.4952543	0.22811969	0.83687955	-3.7372784e-17	-7.589429e+07	300
4.5800000000000685e-11	0.49196488	0.23097622	0.8380292	-3.7400333e-17	-6.747848e+07	300
4.590000000000069e-11	0.48864558	0.233791	0.83918387	-3.7427828e-17	-6.747848e+07	300
4.6000000000000694e-11	0.48529702	0.2365637	0.8403431	-3.7455294e-17	-5.999589e+07	300
4.61000000000007e-11	0.4819196	0.23929399	0.8415071	-3.7482737e-17	-5.999589e+07	300
4.6200000000000704e-11	0.47851384	0.2419815	0.8426754	-3.7510133e-17	-5.3343028e+07	300
4.630000000000071e-11	0.47508025	0.24462593	0.8438482	-3.753749e-17	-5.3343028e+07	300
4.6400000000000713e-11	0.47161937	0.24722695	0.8450251	-3.7564813e-17	-4.742789e+07	300
4.650000000000072e-11	0.46813154	0.24978426	0.8462062	-3.75921e-17	-4.742789e+07	300
4.660000000000072e-11	0.46461743	0.2522975	0.8473912	-3.7619344e-17	-4.216867e+07	300
4.670000000000073e-11	0.46107745	0.2547664	0.84858	-3.7646568e-17	-4.216867e+07	300
4.680000000000073e-11	0.45751217	0.25719064	0.8497725	-3.7673733e-17	-3.749264e+07	300
4.690000000000074e-11	0.4539222	0.25956988	0.8509685	-3.770086e-17	-3.749264e+07	300
4.700000000000074e-11	0.45030788	0.2619039	0.85216784	-3.7727966e-17	-3.3335124e+07	300
4.710000000000075e-11	0.44666985	0.26419237	0.8533704	-3.7755015e-17	-3.3335124e+07	300
4.720000000000075e-11	0.44300872	0.266435	0.8545762	-3.778204e-17	-2.963863e+07	300
4.730000000000076e-11	0.43932486	0.2686315	0.85578495	-3.7809006e-17	-2.963863e+07	300
4.740000000000076e-11	0.43561894	0.27078164	0.85699654	-3.783595e-17	-2.6352036e+07	300
4.7500000000000767e-11	0.4318915	0.27288514	0.85821074	-3.786285e-17	-2.6352036e+07	300
4.760000000000077e-11	0.42814305	0.2749417	0.8594275	-3.7889706e-17	-2.3429888e+07	300
4.7700000000000776e-11	0.42437422	0.27695113	0.8606467	-3.7916523e-17	-2.3429888e+07	300
4.780000000000078e-11	0.4205855	0.27891314	0.8618681	-3.7943294e-17	-2.0831772e+07	300
4.7900000000000786e-11	0.41677758	0.28082746	0.8630917	-3.797003e-17	-2.0831772e+07	300
4.800000000000079e-11	0.4129509	0.28269395	0.86431724	-3.7996713e-17	-1.8521758e+07	300
4.8100000000000795e-11	0.40910614	0.28451228	0.8655447	-3.8023362e-17	-1.8521758e+07	300
4.82000000000008e-11	0.4052438	0.28628227	0.86677355	-3.8049967e-17	-1.64679e+07	300
4.8300000000000805e-11	0.40136454	0.2880037	0.8680041	-3.807653e-17	-1.64679e+07	300
4.840000000000081e-11	0.39746892	0.28967643	0.86923605	-3.8103036e-17	-1.4641791e+07	300
4.8500000000000815e-11	0.39355755	0.2913001	0.8704692	-3.812951e-17	-1.4641791e+07	300
4.860000000000082e-11	0.38963103	0.29287463	0.87170357	-3.815593e-17	-1.3018177e+07	300
4.8700000000000824e-11	0.38569	0.29439986	0.87293875	-3.8182306e-17	-1.3018177e+07	300
4.880000000000083e-11	0.38173497	0.2958755	0.8741747	-3.820863e-17	-1.1574604e+07	300
4.8900000000000834e-11	0.37776667	0.29730147	0.8754114	-3.823492e-17	-1.1574604e+07	300
4.900000000000084e-11	0.37378567	0.29867756	0.87664866	-3.8261163e-17	-1.0291108e+07	300
4.9100000000000844e-11	0.36979258	0.30000365	0.8778861	-3.8287342e-17	-1.0291108e+07	300
4.920000000000085e-11	0.36578804	0.30127954	0.87912387	-3.831348e-17	-9.149937e+06	300
4.9300000000000853e-11	0.3617726	0.30250508	0.88036174	-3.8339573e-17	-9.149937e+06	300
4.940000000000086e-11	0.35774702	0.30368024	0.8815994	-3.8365613e-17	-8.135309e+06	300
4.950000000000086e-11	0.35371187	0.30480477	0.8828369	-3.83916e-17	-8.135309e+06	300
4.960000000000087e-11	0.34966785	0.30587858	0.884074	-3.8417533e-17	-7.233192e+06	300
4.970000000000087e-11	0.34561545	0.30690166	0.88531053	-3.8443424e-17	-7.233192e+06	300
4.980000000000088e-11	0.34155548	0.30787373	0.8865463	-3.846925e-17	-6.43111e+06	300
4.990000000000088e-11	0.33748853	0.3087949	0.88778144	-3.8495027e-17	-6.43111e+06	300
5.000000000000089e-11	0.33341515	0.3096649	0.88901556	-3.852075e-17	-5.7179705e+06	300
5.010000000000089e-11	0.32933617	0.31048375	0.89024854	-3.8546418e-17	-5.7179705e+06	300
5.02000000000009e-11	0.3252521	0.3112514	0.8914802	-3.8572028e-17	-5.08391e+06	300
5.03000000000009e-11	0.32116368	0.31196776	0.89271045	-3.8597577e-17	-5.08391e+06	300
5.0400000000000906e-11	0.31707156	0.31263277	0.89393926	-3.8623084e-17	-4.52016e+06	300
5.050000000000091e-11	0.3129763	0.31324634	0.89516616	-3.8648525e-17	-4.52016e+06	300
5.0600000000000916e-11	0.30887872	0.31380856	0.89639133	-3.867391e-17	-4.0189235e+06	300
5.070000000000092e-11	0.30477947	0.3143193	0.8976145	-3.8699225e-17	-4.0189235e+06	300
5.0800000000000926e-11	0.30067903	0.31477857	0.8988354	-3.872448e-17	-3.5732685e+06	300
5.090000000000093e-11	0.29657826	0.31518644	0.90005416	-3.8749696e-17	-3.5732685e+06	300
5.1000000000000935e-11	0.29247776	0.31554282	0.90127033	-3.877482e-17	-3.177032e+06	300
5.110000000000094e-11	0.28837824	0.31584778	0.9024842	-3.8799906e-17	-3.177032e+06	300
5.1200000000000945e-11	0.2842803	0.31610128	0.903695	-3.8824936e-17	0	300
5.130000000000095e-11	0.28018466	0.31630343	0.90490305	-3.8849874e-17	0	300
5.1400000000000955e-11	0.276092	0.31645423	0.9061081	-3.8874766e-17	0	300
5.150000000000096e-11	0.27200297	0.31655368	0.90731	-3.8899584e-17	0	300
5.1600000000000964e-11	0.26791826	0.316602	0.9085085	-3.8924347e-17	0	300
5.170000000000097e-11	0.26383856	0.31659907	0.90970373	-3.8949033e-17	0	300
5.1800000000000974e-11	0.2597645	0.31654507	0.9108952	-3.8973663e-17	0	300
5.190000000000098e-11	0.25569677	0.3164401	0.9120831	-3.8998208e-17	0	300
5.2000000000000984e-11	0.2516361	0.3162842	0.91326714	-3.9022695e-17	0	300
5.210000000000099e-11	0.24758312	0.31607753	0.914447	-3.904711e-17	0	300
5.2200000000000993e-11	0.24353847	0.31582022	0.91562295	-3.9071456e-17	0	300
5.2300000000001e-11	0.23950289	0.31551236	0.9167944	-3.909574e-17	0	300
5.2400000000001e-11	0.23547703	0.31515405	0.9179616	-3.911994e-17	0	300
5.250000000000101e-11	0.23146154	0.31474552	0.91912407	-3.914407e-17	0	300
5.260000000000101e-11	0.22745714	0.3142869	0.92028207	-3.916813e-17	0	300
5.270000000000102e-11	0.22346443	0.31377834	0.92143506	-3.9192112e-17	0	300
5.280000000000102e-11	0.21948412	0.31322008	0.9225832	-3.921601e-17	0	300
5.290000000000103e-11	0.21551688	0.31261224	0.92372626	-3.9239857e-17	0	300
5.300000000000103e-11	0.21156341	0.31195506	0.9248642	-3.926362e-17	0	300
5.3100000000001037e-11	0.20762426	0.31124866	0.92599666	-3.9287287e-17	0	300
5.320000000000104e-11	0.20370021	0.3104934	0.92712367	-3.93109e-17	0	300
5.3300000000001046e-11	0.19979182	0.3096894	0.9282452	-3.9334427e-17	0	300
5.340000000000105e-11	0.19589984	0.308837	0.9293608	-3.9357876e-17	0	300
5.3500000000001056e-11	0.19202484	0.30793628	0.9304707	-3.9381232e-17	0	300
5.360000000000106e-11	0.18816753	0.30698764	0.9315746	-3.940453e-17	0	300
5.3700000000001066e-11	0.18432851	0.30599135	0.93267226	-3.9427733e-17	0	300
5.380000000000107e-11	0.18050846	0.30494764	0.93376386	-3.9450867e-17	0	300
5.3900000000001075e-11	0.17670798	0.3038568	0.9348492	-3.9473903e-17	0	300
5.400000000000108e-11	0.17292777	0.30271915	0.93592787	-3.9496852e-17	0	300
5.4100000000001085e-11	0.16916838	0.30153495	0.9370001	-3.9519738e-17	0	300
5.420000000000109e-11	0.16543049	0.30030453	0.93806565	-3.954253e-17	0	300
5.4300000000001095e-11	0.16171472	0.29902828	0.9391244	-3.956524e-17	0	300
5.44000000000011e-11	0.15802166	0.29770648	0.9401761	-3.9587855e-17	0	300
5.4500000000001104e-11	0.15435195	0.29633948	0.9412209	-3.9610407e-17	0	300
5.460000000000111e-11	0.15070622	0.29492763	0.94225854	-3.9632854e-17	0	300
5.4700000000001114e-11	0.14708501	0.29347134	0.9432889	-3.965522e-17	0	300
5.480000000000112e-11	0.14348897	0.29197094	0.9443119	-3.9677495e-17	0	300
5.4900000000001124e-11	0.13991871	0.29042682	0.9453275	-3.969968e-17	0	300
5.500000000000113e-11	0.13637477	0.28883934	0.9463354	-3.9721792e-17	0	300
5.510000000000113e-11	0.13285775	0.28720897	0.9473358	-3.9743805e-17	0	300
5.520000000000114e-11	0.12936825	0.2855361	0.9483283	-3.9765722e-17	0	300
5.530000000000114e-11	0.12590681	0.28382117	0.94931287	-3.978756e-17	0	300
5.540000000000115e-11	0.122474015	0.28206453	0.9502896	-3.9809288e-17	0	300
5.550000000000115e-11	0.119070396	0.28026667	0.9512583	-3.9830953e-17	0	300
5.560000000000116e-11	0.115696564	0.27842805	0.9522187	-3.985251e-17	0	300
5.570000000000116e-11	0.112353	0.27654907	0.9531709	-3.9873983e-17	0	300
5.580000000000117e-11	0.10904027	0.27463028	0.9541148	-3.9895358e-17	0	300
5.590000000000117e-11	0.10575891	0.27267206	0.95505005	-3.991663e-17	0	300
5.6000000000001177e-11	0.10250944	0.27067497	0.95597696	-3.9937832e-17	0	300
5.610000000000118e-11	0.099292375	0.26863942	0.95689535	-3.9958935e-17	0	300
5.6200000000001186e-11	0.09610822	0.26656598	0.9578048	-3.9979925e-17	0	300
5.630000000000119e-11	0.09295749	0.2644551	0.95870566	-4.0000843e-17	0	300
5.6400000000001196e-11	0.089840665	0.26230735	0.9595977	-4.002164e-17	0	300
5.65000000000012e-11	0.08675825	0.26012313	0.9604806	-4.0042374e-17	0	300
5.6600000000001206e-11	0.08371069	0.25790313	0.9613546	-4.006299e-17	0	300
5.670000000000121e-11	0.0806985	0.25564772	0.9622195	-4.0083535e-17	0	300
5.6800000000001215e-11	0.077722095	0.25335762	0.9630753	-4.0103966e-17	0	300
5.690000000000122e-11	0.07478196	0.25103322	0.9639217	-4.012429e-17	0	300
5.7000000000001225e-11	0.071878515	0.24867512	0.96475893	-4.0144538e-17	0	300
5.710000000000123e-11	0.069012225	0.24628392	0.9655867	-4.0164678e-17	0	300
5.7200000000001235e-11	0.06618349	0.24386017	0.96640515	-4.0184712e-17	0	300
5.730000000000124e-11	0.063392736	0.24140446	0.96721405	-4.0204667e-17	0	300
5.7400000000001244e-11	0.060640376	0.23891732	0.9680133	-4.022452e-17	0	300
5.750000000000125e-11	0.0579268	0.2363994	0.96880305	-4.0244272e-17	0	300
5.7600000000001254e-11	0.055252403	0.23385124	0.96958303	-4.0263933e-17	0	300
5.770000000000126e-11	0.052617565	0.23127346	0.9703533	-4.0283487e-17	0	300
5.7800000000001263e-11	0.050022658	0.22866668	0.97111374	-4.0302953e-17	0	300
5.790000000000127e-11	0.047468036	0.2260315	0.97186446	-4.0322325e-17	0	300
5.800000000000127e-11	0.04495405	0.22336851	0.97260517	-4.034158e-17	0	300
5.810000000000128e-11	0.04248105	0.22067839	0.97333604	-4.036075e-17	0	300
5.820000000000128e-11	0.04004936	0.2179617	0.97405684	-4.0379804e-17	0	300
5.830000000000129e-11	0.037659302	0.2152191	0.97476757	-4.0398783e-17	0	300
5.840000000000129e-11	0.03531118	0.21245123	0.9754684	-4.0417646e-17	0	300
5.85000000000013e-11	0.033005305	0.20965874	0.97615904	-4.043643e-17	0	300
5.86000000000013e-11	0.030741958	0.20684221	0.9768394	-4.0455094e-17	0	300
5.870000000000131e-11	0.028521422	0.20400237	0.9775097	-4.047367e-17	0	300
5.880000000000131e-11	0.026343966	0.20113982	0.9781698	-4.0492142e-17	0	300
5.890000000000132e-11	0.024209846	0.19825524	0.9788196	-4.0510522e-17	0	300
5.900000000000132e-11	0.02211931	0.19534926	0.97945917	-4.05288e-17	0	300
5.910000000000133e-11	0.020072594	0.19242255	0.9800885	-4.0546984e-17	0	300
5.920000000000133e-11	0.018069925	0.18947582	0.9807074	-4.0565053e-17	0	300
5.930000000000134e-11	0.016111521	0.18650965	0.9813159	-4.0583043e-17	0	300
5.940000000000134e-11	0.014197585	0.18352479	0.98191404	-4.0600923e-17	0	300
5.950000000000135e-11	0.012328307	0.18052188	0.9825019	-4.0618717e-17	0	300
5.960000000000135e-11	0.0105038695	0.17750157	0.9830792	-4.06364e-17	0	300
5.970000000000136e-11	0.00872445	0.17446458	0.9836462	-4.065399e-17	0	300
5.980000000000136e-11	0.0069902027	0.17141157	0.98420274	-4.067147e-17	0	300
5.990000000000136e-11	0.0053012804	0.16834319	0.9847488	-4.068887e-17	0	300
6.000000000000137e-11	0.0036578216	0.16526017	0.9852844	-4.0706163e-17	0	300
6.010000000000137e-11	0.0020599524	0.16216315	0.9858095	-4.0723362e-17	0	300
6.020000000000138e-11	0.00050779036	0.15905285	0.98632413	-4.0740455e-17	0	300
6.030000000000138e-11	-0.0009985603	0.15592992	0.9868283	-4.0757465e-17	0	300
6.040000000000139e-11	-0.002459004	0.15279508	0.9873221	-4.0774366e-17	0	300
6.05000000000014e-11	-0.0038734584	0.14964898	0.98780525	-4.079117e-17	0	300
6.06000000000014e-11	-0.005241851	0.14649233	0.988278	-4.0807874e-17	0	300
6.07000000000014e-11	-0.0065641203	0.1433258	0.9887403	-4.08245e-17	0	300
6.080000000000141e-11	-0.007840218	0.14015007	0.9891922	-4.0841017e-17	0	300
6.090000000000141e-11	-0.009070101	0.13696586	0.9896337	-4.0857422e-17	0	300
6.100000000000142e-11	-0.010253746	0.1337738	0.99006456	-4.087376e-17	0	300
6.110000000000142e-11	-0.011391131	0.13057463	0.9904852	-4.0890006e-17	0	300
6.120000000000143e-11	-0.012482256	0.12736897	0.9908952	-4.0906126e-17	0	300
6.130000000000143e-11	-0.0135271195	0.12415755	0.99129486	-4.0922157e-17	0	300
6.140000000000144e-11	-0.014525739	0.12094103	0.99168426	-4.0938115e-17	0	300
6.150000000000144e-11	-0.015478142	0.11772009	0.9920633	-4.095397e-17	0	300
6.160000000000145e-11	-0.016384365	0.11449539	0.99243206	-4.0969716e-17	0	300
6.170000000000145e-11	-0.017244454	0.111267634	0.99279034	-4.0985387e-17	0	300
6.180000000000146e-11	-0.018058471	0.10803748	0.9931383	-4.100094e-17	0	300
6.190000000000146e-11	-0.018826481	0.10480559	0.99347615	-4.1016416e-17	0	300
6.200000000000147e-11	-0.019548565	0.10157263	0.9938037	-4.1031795e-17	0	300
6.210000000000147e-11	-0.020224815	0.09833928	0.99412113	-4.10471e-17	0	300
6.220000000000148e-11	-0.020855328	0.09510619	0.9944284	-4.1062288e-17	0	300
6.230000000000148e-11	-0.021440215	0.091874	0.99472535	-4.1077405e-17	0	300
6.240000000000149e-11	-0.0219796	0.0886434	0.9950124	-4.1092417e-17	0	300
6.250000000000149e-11	-0.022473611	0.08541503	0.9952894	-4.110733e-17	0	300
6.26000000000015e-11	-0.02292239	0.08218953	0.99555635	-4.1122172e-17	0	300
6.27000000000015e-11	-0.023326086	0.07896754	0.9958133	-4.113692e-17	0	300
6.28000000000015e-11	-0.023684861	0.0757497	0.9960603	-4.115156e-17	0	300
6.290000000000151e-11	-0.023998888	0.07253667	0.9962976	-4.1166125e-17	0	300
6.300000000000151e-11	-0.024268348	0.06932904	0.9965249	-4.118061e-17	0	300
6.310000000000152e-11	-0.024493422	0.06612748	0.99674237	-4.119499e-17	0	300
6.320000000000152e-11	-0.024674319	0.06293257	0.99695015	-4.120928e-17	0	300
6.330000000000153e-11	-0.024811246	0.05974496	0.99714833	-4.1223502e-17	0	300
6.340000000000153e-11	-0.024904415	0.05656525	0.9973367	-4.123762e-17	0	300
6.350000000000154e-11	-0.02495406	0.053394053	0.99751556	-4.1251653e-17	0	300
6.360000000000154e-11	-0.024960414	0.05023197	0.997685	-4.1265615e-17	0	300
6.370000000000155e-11	-0.024923721	0.047079585	0.99784493	-4.1279466e-17	0	300
6.380000000000155e-11	-0.02484424	0.0439375	0.9979954	-4.1293247e-17	0	300
6.390000000000156e-11	-0.024722228	0.04080631	0.99813664	-4.1306925e-17	0	300
6.400000000000156e-11	-0.024557957	0.03768658	0.9982685	-4.1320527e-17	0	300
6.410000000000157e-11	-0.024351705	0.034578882	0.99839103	-4.133406e-17	0	300
6.420000000000157e-11	-0.024103766	0.0314838	0.99850446	-4.13475e-17	0	300
6.430000000000158e-11	-0.023814423	0.02840188	0.99860895	-4.1360847e-17	0	300
6.440000000000158e-11	-0.023483997	0.025333688	0.99870425	-4.137411e-17	0	300
6.450000000000159e-11	-0.023112785	0.022279765	0.9987907	-4.1387307e-17	0	300
6.460000000000159e-11	-0.022701116	0.019240659	0.9988682	-4.1400406e-17	0	300
6.47000000000016e-11	-0.022249307	0.016216904	0.99893695	-4.1413443e-17	0	300
6.48000000000016e-11	-0.021757707	0.013209028	0.9989969	-4.1426376e-17	0	300
6.49000000000016e-11	-0.021226645	0.010217553	0.99904823	-4.1439247e-17	0	300
6.500000000000161e-11	-0.02065647	0.0072429953	0.9990909	-4.145202e-17	0	300
6.510000000000162e-11	-0.020047544	0.0042858617	0.9991251	-4.1464715e-17	0	300
6.520000000000162e-11	-0.019400226	0.001346657	0.99915075	-4.1477347e-17	0	300
6.530000000000163e-11	-0.018714886	-0.0015741298	0.99916816	-4.1489887e-17	0	300
6.540000000000163e-11	-0.017991902	-0.0044760113	0.9991773	-4.1502358e-17	0	300
6.550000000000163e-11	-0.017231654	-0.0073585077	0.9991782	-4.1514726e-17	0	300
6.560000000000164e-11	-0.01643453	-0.010221147	0.9991709	-4.1527038e-17	0	300
6.570000000000164e-11	-0.015600925	-0.013063468	0.9991556	-4.1539263e-17	0	300
6.580000000000165e-11	-0.01473124	-0.015885012	0.99913216	-4.155142e-17	0	300
6.590000000000165e-11	-0.013825882	-0.018685335	0.9991011	-4.1563493e-17	0	300
6.600000000000166e-11	-0.012885261	-0.02146399	0.9990621	-4.157549e-17	0	300
6.610000000000166e-11	-0.011909796	-0.024220552	0.9990155	-4.1587425e-17	0	300
6.620000000000167e-11	-0.010899907	-0.026954591	0.9989612	-4.159927e-17	0	300
6.630000000000167e-11	-0.009856026	-0.02966569	0.9988995	-4.1611046e-17	0	300
6.640000000000168e-11	-0.008778583	-0.032353446	0.9988302	-4.162274e-17	0	300
6.650000000000168e-11	-0.0076680146	-0.035017453	0.9987536	-4.163437e-17	0	300
6.660000000000169e-11	-0.006524766	-0.03765732	0.9986696	-4.1645913e-17	0	300
6.670000000000169e-11	-0.0053492817	-0.040272664	0.99857867	-4.16574e-17	0	300
6.68000000000017e-11	-0.0041420124	-0.04286311	0.99848044	-4.1668806e-17	0	300
6.69000000000017e-11	-0.0029034151	-0.045428287	0.99837536	-4.1680155e-17	0	300
6.700000000000171e-11	-0.0016339488	-0.04796784	0.99826324	-4.169142e-17	0	300
6.710000000000171e-11	-0.00033407565	-0.050481416	0.9981444	-4.170261e-17	0	300
6.720000000000172e-11	0.0009957368	-0.052968673	0.99801886	-4.1713742e-17	0	300
6.730000000000172e-11	0.0023550186	-0.05542928	0.99788666	-4.1724787e-17	0	300
6.740000000000173e-11	0.0037432953	-0.057862908	0.9977479	-4.173577e-17	0	300
6.750000000000173e-11	0.0051600905	-0.060269233	0.9976027	-4.1746677e-17	0	300
6.760000000000174e-11	0.006604924	-0.06264796	0.99745125	-4.175753e-17	0	300
6.770000000000174e-11	0.008077312	-0.064998776	0.99729353	-4.1768306e-17	0	300
6.780000000000175e-11	0.00957677	-0.067321405	0.9971297	-4.1779013e-17	0	300
6.790000000000175e-11	0.011102809	-0.06961554	0.9969597	-4.1789644e-17	0	300
6.800000000000176e-11	0.012654938	-0.07188093	0.99678385	-4.1800212e-17	0	300
6.810000000000176e-11	0.014232663	-0.0741173	0.9966021	-4.1810737e-17	0	300
6.820000000000177e-11	0.015835492	-0.076324396	0.99641466	-4.182117e-17	0	300
6.830000000000177e-11	0.017462924	-0.078501955	0.99622154	-4.1831546e-17	0	300
6.840000000000177e-11	0.019114463	-0.08064975	0.9960228	-4.1841853e-17	0	300
6.850000000000178e-11	0.020789605	-0.08276754	0.9958186	-4.18521e-17	0	300
6.860000000000178e-11	0.02248785	-0.08485511	0.99560916	-4.1862264e-17	0	300
6.870000000000179e-11	0.024208695	-0.08691223	0.9953944	-4.187238e-17	0	300
6.88000000000018e-11	0.025951631	-0.08893871	0.9951745	-4.188243e-17	0	300
6.89000000000018e-11	0.02771616	-0.090934336	0.9949496	-4.1892403e-17	0	300
6.90000000000018e-11	0.029501762	-0.09289894	0.9947196	-4.1902326e-17	0	300
6.910000000000181e-11	0.03130794	-0.094832316	0.99448484	-4.191218e-17	0	300
6.920000000000181e-11	0.033134185	-0.09673431	0.99424535	-4.1921987e-17	0	300
6.930000000000182e-11	0.034979984	-0.09860473	0.9940011	-4.1931714e-17	0	300
6.940000000000182e-11	0.036844827	-0.100443445	0.9937524	-4.1941386e-17	0	300
6.950000000000183e-11	0.038728207	-0.102250285	0.99349904	-4.1951004e-17	0	300
6.960000000000183e-11	0.04062961	-0.10402513	0.99324155	-4.1960546e-17	0	300
6.970000000000184e-11	0.042548537	-0.105767846	0.9929798	-4.197004e-17	0	300
6.980000000000184e-11	0.044484463	-0.10747829	0.99271387	-4.1979456e-17	0	300
6.990000000000185e-11	0.04643689	-0.10915636	0.99244386	-4.1988836e-17	0	300
7.000000000000185e-11	0.048405305	-0.11080195	0.99216986	-4.1998137e-17	0	300
7.010000000000186e-11	0.050389197	-0.11241495	0.9918921	-4.2007378e-17	0	300
7.020000000000186e-11	0.052388065	-0.11399527	0.99161047	-4.201657e-17	0	300
7.030000000000187e-11	0.05440139	-0.11554283	0.9913254	-4.2025702e-17	0	300
7.040000000000187e-11	0.056428682	-0.11705753	0.9910366	-4.203477e-17	0	300
7.050000000000188e-11	0.05846942	-0.11853933	0.9907445	-4.2043787e-17	0	300
7.060000000000188e-11	0.060523108	-0.11998817	0.9904488	-4.2052744e-17	0	300
7.070000000000189e-11	0.06258924	-0.12140398	0.99015	-4.2061638e-17	0	300
7.080000000000189e-11	0.06466732	-0.1227867	0.9898481	-4.207047e-17	0	300
7.09000000000019e-11	0.066756845	-0.12413633	0.989543	-4.207926e-17	0	300
7.10000000000019e-11	0.06885731	-0.12545282	0.98923516	-4.2087985e-17	0	300
7.11000000000019e-11	0.07096824	-0.12673613	0.98892444	-4.2096674e-17	0	300
7.120000000000191e-11	0.07308911	-0.12798625	0.9886108	-4.210528e-17	0	300
7.130000000000191e-11	0.075219445	-0.1292032	0.98829466	-4.211385e-17	0	300
7.140000000000192e-11	0.07735875	-0.13038693	0.98797596	-4.2122353e-17	0	300
7.150000000000192e-11	0.07950653	-0.13153747	0.98765475	-4.2130793e-17	0	300
7.160000000000193e-11	0.08166231	-0.13265485	0.9873311	-4.2139194e-17	0	300
7.170000000000193e-11	0.0838256	-0.13373905	0.9870053	-4.2147532e-17	0	300
7.180000000000194e-11	0.08599592	-0.13479012	0.9866772	-4.2155827e-17	0	300
7.190000000000194e-11	0.088172786	-0.1358081	0.98634726	-4.216405e-17	0	300
7.200000000000195e-11	0.09035572	-0.13679299	0.98601514	-4.2172242e-17	0	300
7.210000000000195e-11	0.09254425	-0.13774487	0.98568124	-4.218037e-17	0	300
7.220000000000196e-11	0.0947379	-0.13866378	0.9853455	-4.2188445e-17	0	300
7.230000000000196e-11	0.096936226	-0.1395498	0.9850081	-4.2196475e-17	0	300
7.240000000000197e-11	0.09913872	-0.14040296	0.9846692	-4.2204456e-17	0	300
7.250000000000197e-11	0.10134494	-0.14122334	0.9843287	-4.2212363e-17	0	300
7.260000000000198e-11	0.10355444	-0.14201103	0.98398674	-4.2220225e-17	0	300
7.270000000000198e-11	0.10576674	-0.14276612	0.9836435	-4.2228033e-17	0	300
7.280000000000199e-11	0.107981406	-0.14348868	0.983299	-4.2235796e-17	0	300
7.290000000000199e-11	0.11019797	-0.1441788	0.9829534	-4.2243518e-17	0	300
7.3000000000002e-11	0.112416	-0.1448366	0.98260677	-4.2251178e-17	0	300
7.3100000000002e-11	0.114635035	-0.14546219	0.9822592	-4.2258805e-17	0	300
7.3200000000002e-11	0.11685465	-0.14605568	0.9819108	-4.226637e-17	0	300
7.330000000000201e-11	0.11907441	-0.14661716	0.9815614	-4.2273873e-17	0	300
7.340000000000202e-11	0.12129387	-0.14714678	0.98121166	-4.2281334e-17	0	300
7.350000000000202e-11	0.12351261	-0.14764467	0.98086107	-4.228876e-17	0	300
7.360000000000203e-11	0.1257302	-0.14811097	0.98051	-4.2296127e-17	0	300
7.370000000000203e-11	0.12794621	-0.1485458	0.98015857	-4.2303443e-17	0	300
7.380000000000204e-11	0.13016026	-0.1489493	0.9798067	-4.2310712e-17	0	300
7.390000000000204e-11	0.13237187	-0.14932168	0.9794547	-4.2317928e-17	0	300
7.400000000000205e-11	0.1345807	-0.14966302	0.9791025	-4.2325115e-17	0	300
7.410000000000205e-11	0.1367863	-0.14997351	0.9787502	-4.2332232e-17	0	300
7.420000000000205e-11	0.13898827	-0.15025334	0.97839785	-4.2339322e-17	0	300
7.430000000000206e-11	0.14118622	-0.15050264	0.97804564	-4.234636e-17	0	300
7.440000000000206e-11	0.14337978	-0.1507216	0.97769356	-4.235333e-17	0	300
7.450000000000207e-11	0.14556852	-0.1509104	0.9773418	-4.2360277e-17	0	300
7.460000000000207e-11	0.14775209	-0.15106924	0.97699016	-4.2367165e-17	0	300
7.470000000000208e-11	0.14993009	-0.1511983	0.9766391	-4.2374024e-17	0	300
7.480000000000208e-11	0.15210214	-0.15129775	0.97628844	-4.2380814e-17	0	300
7.490000000000209e-11	0.15426788	-0.15136778	0.9759383	-4.2387573e-17	0	300
7.500000000000209e-11	0.15642692	-0.15140866	0.97558904	-4.2394284e-17	0	300
7.51000000000021e-11	0.15857893	-0.1514205	0.97524023	-4.2400957e-17	0	300
7.52000000000021e-11	0.1607235	-0.15140358	0.97489226	-4.240756e-17	0	300
7.530000000000211e-11	0.16286035	-0.15135808	0.9745451	-4.2414133e-17	0	300
7.540000000000211e-11	0.16498907	-0.15128422	0.97419906	-4.2420674e-17	0	300
7.550000000000212e-11	0.16710934	-0.15118226	0.97385395	-4.242718e-17	0	300
7.560000000000212e-11	0.1692208	-0.15105239	0.97350997	-4.243361e-17	0	300
7.570000000000213e-11	0.1713231	-0.1508948	0.973167	-4.2440007e-17	0	300
7.580000000000213e-11	0.17341596	-0.15070976	0.97282535	-4.244638e-17	0	300
7.590000000000214e-11	0.17549904	-0.15049753	0.97248495	-4.2452702e-17	0	300
7.600000000000214e-11	0.17757195	-0.1502583	0.9721459	-4.245897e-17	0	300
7.610000000000215e-11	0.17963447	-0.1499923	0.97180843	-4.2465206e-17	0	300
7.620000000000215e-11	0.18168622	-0.14969985	0.9714723	-4.247138e-17	0	300
7.630000000000216e-11	0.1837269	-0.14938113	0.9711378	-4.2477534e-17	0	300
7.640000000000216e-11	0.18575622	-0.14903644	0.9708049	-4.2483626e-17	0	300
7.650000000000217e-11	0.18777387	-0.14866598	0.97047377	-4.2489704e-17	0	300
7.660000000000217e-11	0.1897796	-0.14827001	0.9701443	-4.249572e-17	0	300
7.670000000000218e-11	0.19177303	-0.14784883	0.96981674	-4.25017e-17	0	300
7.680000000000218e-11	0.19375394	-0.14740264	0.969491	-4.2507644e-17	0	300
7.690000000000218e-11	0.19572203	-0.14693178	0.9691673	-4.2513543e-17	0	300
7.700000000000219e-11	0.19767706	-0.14643647	0.96884537	-4.251941e-17	0	300
7.71000000000022e-11	0.1996187	-0.14591698	0.9685258	-4.2525226e-17	0	300
7.72000000000022e-11	0.2015467	-0.14537357	0.96820825	-4.2531007e-17	0	300
7.73000000000022e-11	0.20346083	-0.14480655	0.9678929	-4.2536744e-17	0	300
7.740000000000221e-11	0.20536079	-0.14421615	0.9675797	-4.254244e-17	0	300
7.750000000000221e-11	0.20724636	-0.14360268	0.9672689	-4.2548103e-17	0	300
7.760000000000222e-11	0.2091173	-0.14296642	0.96696043	-4.2553714e-17	0	300
7.770000000000222e-11	0.2109733	-0.14230762	0.96665436	-4.2559316e-17	0	300
7.780000000000223e-11	0.21281423	-0.14162657	0.9663508	-4.2564858e-17	0	300
7.790000000000223e-11	0.21463974	-0.14092359	0.9660496	-4.2570367e-17	0	300
7.800000000000224e-11	0.21644966	-0.14019893	0.9657511	-4.2575846e-17	0	300
7.810000000000224e-11	0.2182438	-0.1394529	0.96545523	-4.2581263e-17	0	300
7.820000000000225e-11	0.22002187	-0.13868578	0.96516204	-4.2586653e-17	0	300
7.830000000000225e-11	0.2217837	-0.13789786	0.96487147	-4.259203e-17	0	300
7.840000000000226e-11	0.22352907	-0.13708943	0.96458375	-4.259733e-17	0	300
7.850000000000226e-11	0.22525778	-0.1362608	0.96429884	-4.260263e-17	0	300
7.860000000000227e-11	0.22696961	-0.13541223	0.9640167	-4.2607878e-17	0	300
7.870000000000227e-11	0.2286644	-0.13454404	0.9637374	-4.261309e-17	0	300
7.880000000000228e-11	0.23034191	-0.13365655	0.9634612	-4.2618264e-17	0	300
7.890000000000228e-11	0.23200199	-0.13275003	0.96318793	-4.2623406e-17	0	300
7.900000000000229e-11	0.23364443	-0.13182479	0.9629178	-4.2628508e-17	0	300
7.910000000000229e-11	0.23526908	-0.1308811	0.9626506	-4.263357e-17	0	300
7.92000000000023e-11	0.23687577	-0.12991932	0.96238655	-4.263861e-17	0	300
7.93000000000023e-11	0.23846431	-0.12893969	0.9621257	-4.2643612e-17	0	300
7.94000000000023e-11	0.24003454	-0.12794258	0.96186805	-4.264857e-17	0	300
7.950000000000231e-11	0.2415863	-0.12692823	0.9616135	-4.265353e-17	0	300
7.960000000000232e-11	0.24311945	-0.12589698	0.96136236	-4.2658416e-17	0	300
7.970000000000232e-11	0.24463382	-0.12484913	0.9611145	-4.2663276e-17	0	300
7.980000000000232e-11	0.24612927	-0.12378499	0.9608699	-4.2668113e-17	0	300
7.990000000000233e-11	0.24760568	-0.122704856	0.96062887	-4.2672898e-17	0	300
8.000000000000233e-11	0.24906288	-0.12160903	0.96039104	-4.2677662e-17	0	300
8.010000000000234e-11	0.25050077	-0.120497845	0.96015674	-4.26824e-17	0	300
8.020000000000234e-11	0.2519192	-0.119371586	0.9599259	-4.26871e-17	0	300
8.030000000000235e-11	0.25331807	-0.11823057	0.95969856	-4.2691764e-17	0	300
8.040000000000235e-11	0.25469723	-0.1170751	0.95947474	-4.26964e-17	0	300
8.050000000000236e-11	0.25605655	-0.11590549	0.9592545	-4.2700996e-17	0	300
8.060000000000236e-11	0.25739598	-0.11472204	0.95903784	-4.2705575e-17	0	300
8.070000000000237e-11	0.25871536	-0.11352507	0.9588248	-4.271011e-17	0	300
8.080000000000237e-11	0.26001465	-0.11231488	0.9586155	-4.2714624e-17	0	300
8.090000000000238e-11	0.26129368	-0.111091785	0.9584097	-4.271909e-17	0	300
8.100000000000238e-11	0.2625524	-0.10985608	0.9582078	-4.272354e-17	0	300
8.110000000000239e-11	0.26379073	-0.10860808	0.95800936	-4.2727958e-17	0	300
8.120000000000239e-11	0.26500857	-0.107348114	0.95781475	-4.2732346e-17	0	300
8.13000000000024e-11	0.2662058	-0.10607644	0.9576241	-4.27367e-17	0	300
8.14000000000024e-11	0.26738238	-0.10479342	0.957437	-4.2741028e-17	0	300
8.150000000000241e-11	0.26853827	-0.103499345	0.9572538	-4.2745322e-17	0	300
8.160000000000241e-11	0.26967335	-0.102194495	0.9570744	-4.274959e-17	0	300
8.170000000000242e-11	0.2707876	-0.10087921	0.95689887	-4.2753833e-17	0	300
8.180000000000242e-11	0.2718809	-0.09955377	0.95672715	-4.2758038e-17	0	300
8.190000000000243e-11	0.2729532	-0.09821849	0.9565593	-4.2762213e-17	0	300
8.200000000000243e-11	0.27400455	-0.09687369	0.95639545	-4.2766376e-17	0	300
8.210000000000244e-11	0.2750348	-0.09551967	0.9562354	-4.277051e-17	0	300
8.220000000000244e-11	0.27604392	-0.0941567	0.95607924	-4.2774598e-17	0	300
8.230000000000245e-11	0.2770319	-0.09278511	0.9559272	-4.2778658e-17	0	300
8.240000000000245e-11	0.27799866	-0.09140521	0.95577884	-4.2782718e-17	0	300
8.250000000000246e-11	0.27894422	-0.09001729	0.95563465	-4.2786718e-17	0	300
8.260000000000246e-11	0.2798685	-0.08862165	0.9554944	-4.2790718e-17	0	300
8.270000000000246e-11	0.28077155	-0.0872186	0.95535797	-4.279468e-17	0	300
8.280000000000247e-11	0.28165326	-0.08580841	0.95522565	-4.2798613e-17	0	300
8.290000000000247e-11	0.28251365	-0.084391415	0.95509744	-4.2802527e-17	0	300
8.300000000000248e-11	0.2833527	-0.08296789	0.95497316	-4.2806415e-17	0	300
8.310000000000248e-11	0.28417045	-0.08153814	0.95485276	-4.281025e-17	0	300
8.320000000000249e-11	0.28496683	-0.08010244	0.9547365	-4.281409e-17	0	300
8.33000000000025e-11	0.28574184	-0.07866113	0.9546242	-4.281789e-17	0	300
8.34000000000025e-11	0.28649548	-0.07721445	0.954516	-4.2821668e-17	0	300
8.35000000000025e-11	0.2872278	-0.07576272	0.95441175	-4.282543e-17	0	300
8.360000000000251e-11	0.28793883	-0.07430623	0.9543115	-4.2829165e-17	0	300
8.370000000000251e-11	0.28862846	-0.07284526	0.95421547	-4.283286e-17	0	300
8.380000000000252e-11	0.28929684	-0.07138011	0.9541233	-4.2836554e-17	0	300
8.390000000000252e-11	0.28994384	-0.06991104	0.9540352	-4.2840203e-17	0	300
8.400000000000253e-11	0.29056966	-0.06843837	0.9539513	-4.284384e-17	0	300
8.410000000000253e-11	0.29117417	-0.06696237	0.9538712	-4.2847466e-17	0	300
8.420000000000254e-11	0.2917575	-0.065483324	0.95379514	-4.285104e-17	0	300
8.430000000000254e-11	0.29231963	-0.0640015	0.9537233	-4.2854603e-17	0	300
8.440000000000255e-11	0.29286063	-0.062517196	0.9536554	-4.285815e-17	0	300
8.450000000000255e-11	0.29338047	-0.061030675	0.95359147	-4.286167e-17	0	300
8.460000000000256e-11	0.29387927	-0.05954223	0.9535316	-4.2865164e-17	0	300
8.470000000000256e-11	0.29435706	-0.058052126	0.9534757	-4.2868635e-17	0	300
8.480000000000257e-11	0.29481384	-0.05656065	0.953424	-4.2872076e-17	0	300
8.490000000000257e-11	0.2952497	-0.055068046	0.953376	-4.2875507e-17	0	300
8.500000000000258e-11	0.2956647	-0.05357461	0.9533321	-4.2878925e-17	0	300
8.510000000000258e-11	0.29605886	-0.052080613	0.95329237	-4.28823e-17	0	300
8.520000000000259e-11	0.29643232	-0.0505863	0.9532564	-4.288567e-17	0	300
8.530000000000259e-11	0.29678506	-0.04909196	0.9532244	-4.2889007e-17	0	300
8.54000000000026e-11	0.29711717	-0.04759784	0.95319647	-4.2892332e-17	0	300
8.55000000000026e-11	0.29742873	-0.046104215	0.9531724	-4.2895624e-17	0	300
8.56000000000026e-11	0.29771978	-0.04461134	0.9531524	-4.2898923e-17	0	300
8.570000000000261e-11	0.2979905	-0.04311947	0.95313615	-4.290218e-17	0	300
8.580000000000261e-11	0.29824084	-0.041628867	0.95312387	-4.2905428e-17	0	300
8.590000000000262e-11	0.2984709	-0.040139787	0.9531156	-4.2908638e-17	0	300
8.600000000000262e-11	0.2986809	-0.03865248	0.953111	-4.291184e-17	0	300
8.610000000000263e-11	0.29887074	-0.0371672	0.95311034	-4.291502e-17	0	300
8.620000000000263e-11	0.29904062	-0.03568419	0.95311356	-4.291818e-17	0	300
8.630000000000264e-11	0.29919064	-0.034203704	0.9531206	-4.2921327e-17	0	300
8.640000000000264e-11	0.29932082	-0.032725986	0.95313144	-4.292444e-17	0	300
8.650000000000265e-11	0.2994313	-0.031251285	0.95314604	-4.2927547e-17	0	300
8.660000000000265e-11	0.2995222	-0.02977983	0.95316446	-4.293063e-17	0	300
8.670000000000266e-11	0.2995936	-0.028311867	0.95318675	-4.2933708e-17	0	300
8.680000000000266e-11	0.2996456	-0.026847636	0.9532126	-4.2936755e-17	0	300
8.690000000000267e-11	0.2996783	-0.025387375	0.95324224	-4.2939783e-17	0	300
8.700000000000267e-11	0.29969186	-0.023931306	0.95327556	-4.2942794e-17	0	300
8.710000000000268e-11	0.29968637	-0.022479672	0.9533126	-4.294579e-17	0	300
8.720000000000268e-11	0.29966187	-0.021032698	0.9533533	-4.294877e-17	0	300
8.730000000000269e-11	0.29961863	-0.019590609	0.9533976	-4.295173e-17	0	300
8.740000000000269e-11	0.29955664	-0.01815363	0.95344543	-4.2954665e-17	0	300
8.75000000000027e-11	0.29947606	-0.016721984	0.95349693	-4.2957584e-17	0	300
8.76000000000027e-11	0.29937705	-0.015295896	0.953552	-4.2960502e-17	0	300
8.77000000000027e-11	0.2992597	-0.013875577	0.9536108	-4.2963374e-17	0	300
8.780000000000271e-11	0.29912412	-0.01246125	0.9536728	-4.2966252e-17	0	300
8.790000000000272e-11	0.29897052	-0.0110531235	0.9537384	-4.2969118e-17	0	300
8.800000000000272e-11	0.29879895	-0.009651413	0.9538075	-4.297197e-17	0	300
8.810000000000273e-11	0.2986096	-0.008256325	0.95388013	-4.297479e-17	0	300
8.820000000000273e-11	0.29840258	-0.0068680653	0.953956	-4.2977585e-17	0	300
8.830000000000273e-11	0.29817808	-0.005486842	0.95403534	-4.2980387e-17	0	300
8.840000000000274e-11	0.29793614	-0.0041128546	0.9541181	-4.2983153e-17	0	300
8.850000000000274e-11	0.297677	-0.0027463043	0.9542041	-4.2985913e-17	0	300
8.860000000000275e-11	0.29740077	-0.0013873884	0.9542934	-4.298867e-17	0	300
8.870000000000275e-11	0.29710764	-3.6301324e-05	0.954386	-4.2991392e-17	0	300
8.880000000000276e-11	0.2967977	0.0013067639	0.9544817	-4.2994115e-17	0	300
8.890000000000276e-11	0.29647115	0.002641616	0.9545808	-4.299681e-17	0	300
8.900000000000277e-11	0.2961281	0.0039680684	0.95468295	-4.2999492e-17	0	300
8.910000000000277e-11	0.2957687	0.0052859345	0.95478827	-4.300217e-17	0	300
8.920000000000278e-11	0.29539317	0.0065950328	0.9548967	-4.3004822e-17	0	300
8.930000000000278e-11	0.29500166	0.007895182	0.95500827	-4.300747e-17	0	300
8.940000000000279e-11	0.29459426	0.009186204	0.9551229	-4.3010093e-17	0	300
8.950000000000279e-11	0.2941712	0.010467922	0.9552404	-4.3012704e-17	0	300
8.96000000000028e-11	0.29373264	0.011740167	0.955361	-4.3015304e-17	0	300
8.97000000000028e-11	0.29327875	0.013002764	0.95548475	-4.3017885e-17	0	300
8.980000000000281e-11	0.29280964	0.014255548	0.95561105	-4.302046e-17	0	300
8.990000000000281e-11	0.2923256	0.015498353	0.9557405	-4.3023017e-17	0	300
9.000000000000282e-11	0.29182664	0.016731014	0.95587265	-4.3025558e-17	0	300
9.010000000000282e-11	0.29131302	0.017953373	0.9560077	-4.302809e-17	0	300
9.020000000000283e-11	0.29078493	0.019165274	0.9561455	-4.30306e-17	0	300
9.030000000000283e-11	0.29024258	0.020366559	0.95628613	-4.3033115e-17	0	300
9.040000000000284e-11	0.28968605	0.021557078	0.95642936	-4.3035597e-17	0	300
9.050000000000284e-11	0.28911555	0.022736676	0.9565753	-4.3038078e-17	0	300
9.060000000000285e-11	0.2885313	0.023905214	0.95672387	-4.3040527e-17	0	300
9.070000000000285e-11	0.28793347	0.02506254	0.9568749	-4.3042985e-17	0	300
9.080000000000286e-11	0.28732225	0.026208516	0.95702875	-4.3045414e-17	0	300
9.090000000000286e-11	0.28669778	0.027342997	0.95718503	-4.3047846e-17	0	300
9.100000000000287e-11	0.28606024	0.028465858	0.9573438	-4.3050254e-17	0	300
9.110000000000287e-11	0.2854099	0.029576955	0.95750487	-4.3052653e-17	0	300
9.120000000000287e-11	0.2847469	0.030676162	0.95766854	-4.305504e-17	0	300
9.130000000000288e-11	0.28407142	0.03176335	0.9578345	-4.305741e-17	0	300
9.140000000000288e-11	0.28338364	0.032838386	0.95800287	-4.305977e-17	0	300
9.150000000000289e-11	0.28268376	0.03390116	0.9581734	-4.3062133e-17	0	300
9.16000000000029e-11	0.281972	0.034951538	0.95834637	-4.306446e-17	0	300
9.17000000000029e-11	0.28124854	0.035989407	0.9585214	-4.3066785e-17	0	300
9.18000000000029e-11	0.28051358	0.037014656	0.95869863	-4.3069098e-17	0	300
9.190000000000291e-11	0.27976727	0.038027175	0.95887804	-4.30714e-17	0	300
9.200000000000291e-11	0.27900982	0.039026845	0.95905954	-4.3073697e-17	0	300
9.210000000000292e-11	0.27824152	0.040013567	0.95924306	-4.3075963e-17	0	300
9.220000000000292e-11	0.27746248	0.040987235	0.95942867	-4.3078243e-17	0	300
9.230000000000293e-11	0.27667287	0.04194774	0.9596162	-4.3080493e-17	0	300
9.240000000000293e-11	0.27587298	0.04289499	0.95980567	-4.3082733e-17	0	300
9.250000000000294e-11	0.27506298	0.043828897	0.959997	-4.3084973e-17	0	300
9.260000000000294e-11	0.274243	0.044749357	0.9601902	-4.3087193e-17	0	300
9.270000000000295e-11	0.27341336	0.04565629	0.96038514	-4.30894e-17	0	300
9.280000000000295e-11	0.2725742	0.046549592	0.960582	-4.3091607e-17	0	300
9.290000000000296e-11	0.27172568	0.04742919	0.9607806	-4.3093787e-17	0	300
9.300000000000296e-11	0.2708681	0.048295006	0.9609809	-4.3095968e-17	0	300
9.310000000000297e-11	0.27000156	0.049146954	0.9611828	-4.3098135e-17	0	300
9.320000000000297e-11	0.26912636	0.049984958	0.9613861	-4.31003e-17	0	300
9.330000000000298e-11	0.26824263	0.05080894	0.9615912	-4.310243e-17	0	300
9.340000000000298e-11	0.26735064	0.051618848	0.9617977	-4.3104577e-17	0	300
9.350000000000299e-11	0.26645055	0.052414592	0.96200585	-4.310669e-17	0	300
9.360000000000299e-11	0.2655426	0.053196117	0.96221524	-4.3108802e-17	0	300
9.3700000000003e-11	0.26462695	0.053963363	0.9624261	-4.31109e-17	0	300
9.3800000000003e-11	0.26370388	0.054716263	0.96263844	-4.3112994e-17	0	300
9.3900000000003e-11	0.26277354	0.05545477	0.96285194	-4.311507e-17	0	300
9.400000000000301e-11	0.26183614	0.056178816	0.9630667	-4.3117147e-17	0	300
9.410000000000301e-11	0.26089188	0.05688836	0.9632827	-4.3119205e-17	0	300
9.420000000000302e-11	0.25994104	0.05758336	0.9634999	-4.3121266e-17	0	300
9.430000000000302e-11	0.25898376	0.058263753	0.9637183	-4.312329e-17	0	300
9.440000000000303e-11	0.25802028	0.058929507	0.96393776	-4.3125323e-17	0	300
9.450000000000303e-11	0.25705072	0.059580583	0.96415824	-4.312734e-17	0	300
9.460000000000304e-11	0.25607544	0.06021694	0.96437967	-4.3129353e-17	0	300
9.470000000000304e-11	0.25509456	0.060838543	0.9646022	-4.313134e-17	0	300
9.480000000000305e-11	0.25410825	0.061445355	0.96482563	-4.3133333e-17	0	300
9.490000000000305e-11	0.25311685	0.06203737	0.96504986	-4.313533e-17	0	300
9.500000000000306e-11	0.25212044	0.06261453	0.96527505	-4.313728e-17	0	300
9.510000000000306e-11	0.25111926	0.06317683	0.965501	-4.3139252e-17	0	300
9.520000000000307e-11	0.25011352	0.06372426	0.96572775	-4.3141208e-17	0	300
9.530000000000307e-11	0.24910347	0.06425677	0.96595526	-4.3143137e-17	0	300
9.540000000000308e-11	0.2480893	0.06477437	0.96618325	-4.3145062e-17	0	300
9.550000000000308e-11	0.2470712	0.06527704	0.96641207	-4.3146988e-17	0	300
9.560000000000309e-11	0.24604936	0.06576477	0.96664137	-4.314889e-17	0	300
9.570000000000309e-11	0.24502406	0.066237554	0.96687126	-4.3150787e-17	0	300
9.58000000000031e-11	0.2439954	0.066695385	0.96710163	-4.3152692e-17	0	300
9.59000000000031e-11	0.24296364	0.06713826	0.9673325	-4.3154562e-17	0	300
9.60000000000031e-11	0.24192901	0.067566186	0.96756375	-4.315643e-17	0	300
9.610000000000311e-11	0.2408917	0.06797917	0.9677954	-4.3158297e-17	0	300
9.620000000000312e-11	0.23985189	0.068377204	0.96802753	-4.3160157e-17	0	300
9.630000000000312e-11	0.2388098	0.068760306	0.9682598	-4.3161997e-17	0	300
9.640000000000313e-11	0.23776564	0.06912848	0.9684924	-4.3163826e-17	0	300
9.650000000000313e-11	0.2367196	0.06948175	0.96872514	-4.316566e-17	0	300
9.660000000000314e-11	0.2356719	0.069820136	0.968958	-4.3167466e-17	0	300
9.670000000000314e-11	0.2346227	0.07014364	0.9691913	-4.316928e-17	0	300
9.680000000000315e-11	0.23357227	0.0704523	0.9694245	-4.317107e-17	0	300
9.690000000000315e-11	0.23252076	0.070746146	0.9696577	-4.317286e-17	0	300
9.700000000000315e-11	0.23146836	0.07102518	0.9698911	-4.3174636e-17	0	300
9.710000000000316e-11	0.2304153	0.07128944	0.9701244	-4.3176393e-17	0	300
9.720000000000316e-11	0.22936176	0.07153898	0.97035754	-4.3178166e-17	0	300
9.730000000000317e-11	0.22830795	0.07177381	0.9705908	-4.317991e-17	0	300
9.740000000000317e-11	0.22725405	0.07199397	0.97082365	-4.3181657e-17	0	300
9.750000000000318e-11	0.22620027	0.07219952	0.97105646	-4.3183387e-17	0	300
9.760000000000318e-11	0.22514677	0.07239048	0.9712891	-4.3185098e-17	0	300
9.770000000000319e-11	0.22409381	0.07256691	0.97152144	-4.318683e-17	0	300
9.780000000000319e-11	0.22304155	0.07272885	0.97175354	-4.3188513e-17	0	300
9.79000000000032e-11	0.22199014	0.07287634	0.9719853	-4.319022e-17	0	300
9.80000000000032e-11	0.22093979	0.07300945	0.97221667	-4.3191897e-17	0	300
9.810000000000321e-11	0.21989073	0.073128216	0.97244763	-4.3193578e-17	0	300
9.820000000000321e-11	0.21884312	0.07323272	0.9726781	-4.3195243e-17	0	300
9.830000000000322e-11	0.21779712	0.073323	0.9729082	-4.3196913e-17	0	300
9.840000000000322e-11	0.21675295	0.07339913	0.9731377	-4.3198555e-17	0	300
9.850000000000323e-11	0.21571079	0.073461145	0.9733666	-4.3200206e-17	0	300
9.860000000000323e-11	0.21467082	0.07350916	0.973595	-4.320182e-17	0	300
9.870000000000324e-11	0.21363321	0.0735432	0.97382283	-4.3203458e-17	0	300
9.880000000000324e-11	0.21259815	0.07356335	0.9740499	-4.320506e-17	0	300
9.890000000000325e-11	0.21156581	0.07356969	0.97427636	-4.320666e-17	0	300
9.900000000000325e-11	0.21053639	0.0735623	0.974502	-4.3208266e-17	0	300
9.910000000000326e-11	0.20951003	0.07354124	0.974727	-4.3209867e-17	0	300
9.920000000000326e-11	0.20848694	0.0735066	0.974951	-4.321145e-17	0	300
9.930000000000327e-11	0.20746726	0.073458456	0.97517437	-4.3213007e-17	0	300
9.940000000000327e-11	0.20645118	0.07339689	0.9753969	-4.3214572e-17	0	300
9.950000000000328e-11	0.20543887	0.07332199	0.97561824	-4.3216137e-17	0	300
9.960000000000328e-11	0.20443052	0.073233865	0.9758389	-4.3217676e-17	0	300
9.970000000000328e-11	0.20342624	0.073132575	0.9760586	-4.321921e-17	0	300
9.980000000000329e-11	0.20242625	0.07301823	0.97627723	-4.3220733e-17	0	300
9.99000000000033e-11	0.20143068	0.07289091	0.97649485	-4.3222235e-17	0	300
1.000000000000033e-10	0.20043972	0.07275071	0.97671133	-4.322376e-17	0	300
1.001000000000033e-10	0.1994535	0.07259775	0.97692674	-4.3225256e-17	0	300
1.0020000000000331e-10	0.19847222	0.07243211	0.97714114	-4.322675e-17	0	300
1.0030000000000331e-10	0.19749597	0.07225389	0.97735435	-4.322824e-17	0	300
1.0040000000000332e-10	0.19652495	0.07206321	0.97756624	-4.3229706e-17	0	300
1.0050000000000332e-10	0.19555934	0.07186017	0.9777772	-4.323119e-17	0	300
1.0060000000000333e-10	0.19459924	0.07164486	0.9779867	-4.3232628e-17	0	300
1.0070000000000333e-10	0.19364484	0.07141742	0.9781951	-4.3234087e-17	0	300
1.0080000000000334e-10	0.19269624	0.07117793	0.97840196	-4.3235536e-17	0	300
1.0090000000000334e-10	0.19175361	0.070926525	0.9786077	-4.3236966e-17	0	300
1.0100000000000335e-10	0.19081712	0.07066331	0.97881186	-4.3238388e-17	0	300
1.0110000000000335e-10	0.18988687	0.07038839	0.9790149	-4.3239808e-17	0	300
1.0120000000000336e-10	0.18896303	0.07010191	0.9792164	-4.3241227e-17	0	300
1.0130000000000336e-10	0.18804573	0.06980396	0.9794165	-4.3242617e-17	0	300
1.0140000000000337e-10	0.18713513	0.06949468	0.97961503	-4.3244006e-17	0	300
1.0150000000000337e-10	0.1862313	0.06917419	0.97981226	-4.3245393e-17	0	300
1.0160000000000338e-10	0.18533444	0.068842605	0.98000777	-4.3246766e-17	0	300
1.0170000000000338e-10	0.18444464	0.06850006	0.98020184	-4.3248132e-17	0	300
1.0180000000000339e-10	0.18356206	0.068146676	0.9803944	-4.324949e-17	0	300
1.0190000000000339e-10	0.1826868	0.06778258	0.98058534	-4.3250836e-17	0	300
1.020000000000034e-10	0.18181899	0.067407906	0.9807747	-4.325218e-17	0	300
1.021000000000034e-10	0.18095875	0.067022786	0.98096234	-4.3253516e-17	0	300
1.022000000000034e-10	0.18010622	0.066627346	0.98114836	-4.3254852e-17	0	300
1.0230000000000341e-10	0.1792615	0.06622172	0.9813328	-4.325617e-17	0	300
1.0240000000000342e-10	0.1784247	0.06580605	0.98151535	-4.3257476e-17	0	300
1.0250000000000342e-10	0.17759596	0.06538047	0.98169625	-4.3258773e-17	0	300
1.0260000000000342e-10	0.17677537	0.06494512	0.98187554	-4.326008e-17	0	300
1.0270000000000343e-10	0.17596304	0.06450013	0.9820529	-4.326135e-17	0	300
1.0280000000000343e-10	0.1751591	0.064045645	0.9822286	-4.3262638e-17	0	300
1.0290000000000344e-10	0.17436361	0.06358181	0.9824024	-4.326391e-17	0	300
1.0300000000000344e-10	0.17357671	0.06310876	0.98257446	-4.3265166e-17	0	300
1.0310000000000345e-10	0.17279851	0.06262663	0.98274463	-4.326642e-17	0	300
1.0320000000000345e-10	0.1720291	0.06213558	0.982913	-4.3267674e-17	0	300
1.0330000000000346e-10	0.17126854	0.06163576	0.9830794	-4.3268905e-17	0	300
1.0340000000000346e-10	0.17051695	0.061127298	0.9832439	-4.327014e-17	0	300
1.0350000000000347e-10	0.16977444	0.060610346	0.9834065	-4.327136e-17	0	300
1.0360000000000347e-10	0.16904108	0.06008506	0.98356724	-4.3272577e-17	0	300
1.0370000000000348e-10	0.16831696	0.059551574	0.98372597	-4.32738e-17	0	300
1.0380000000000348e-10	0.16760215	0.059010047	0.9838827	-4.3275006e-17	0	300
1.0390000000000349e-10	0.16689676	0.058460638	0.9840375	-4.3276187e-17	0	300
1.0400000000000349e-10	0.16620086	0.057903484	0.9841904	-4.3277378e-17	0	300
1.041000000000035e-10	0.16551453	0.057338737	0.9843412	-4.3278556e-17	0	300
1.042000000000035e-10	0.16483785	0.05676655	0.98449	-4.327972e-17	0	300
1.0430000000000351e-10	0.16417086	0.05618709	0.9846368	-4.3280882e-17	0	300
1.0440000000000351e-10	0.16351369	0.055600487	0.9847815	-4.3282047e-17	0	300
1.0450000000000352e-10	0.16286635	0.055006914	0.9849241	-4.3283195e-17	0	300
1.0460000000000352e-10	0.16222894	0.054406524	0.9850647	-4.3284327e-17	0	300
1.0470000000000353e-10	0.16160154	0.053799458	0.9852032	-4.3285468e-17	0	300
1.0480000000000353e-10	0.16098416	0.05318588	0.98533964	-4.3286603e-17	0	300
1.0490000000000354e-10	0.16037692	0.052565955	0.985474	-4.3287715e-17	0	300
1.0500000000000354e-10	0.15977983	0.051939826	0.98560613	-4.328882e-17	0	300
1.0510000000000355e-10	0.15919296	0.051307656	0.98573613	-4.3289935e-17	0	300
1.0520000000000355e-10	0.1586164	0.050669607	0.98586416	-4.329103e-17	0	300
1.0530000000000356e-10	0.1580501	0.05002582	0.9859899	-4.3292115e-17	0	300
1.0540000000000356e-10	0.15749422	0.049376473	0.98611355	-4.3293217e-17	0	300
1.0550000000000356e-10	0.15694875	0.048721716	0.986235	-4.329428e-17	0	300
1.0560000000000357e-10	0.15641376	0.04806169	0.98635435	-4.329535e-17	0	300
1.0570000000000357e-10	0.15588924	0.04739658	0.98647153	-4.3296417e-17	0	300
1.0580000000000358e-10	0.1553753	0.046726536	0.98658645	-4.3297475e-17	0	300
1.0590000000000358e-10	0.15487191	0.04605171	0.9866993	-4.329851e-17	0	300
1.0600000000000359e-10	0.15437917	0.045372266	0.9868099	-4.3299563e-17	0	300
1.061000000000036e-10	0.15389703	0.044688363	0.9869182	-4.33006e-17	0	300
1.062000000000036e-10	0.15342559	0.04400015	0.98702437	-4.3301618e-17	0	300
1.063000000000036e-10	0.15296488	0.043307804	0.9871285	-4.3302644e-17	0	300
1.0640000000000361e-10	0.15251485	0.04261146	0.98723024	-4.3303656e-17	0	300
1.0650000000000361e-10	0.1520756	0.041911293	0.9873297	-4.330467e-17	0	300
1.0660000000000362e-10	0.15164712	0.041207463	0.9874271	-4.330568e-17	0	300
1.0670000000000362e-10	0.15122943	0.040500116	0.98752224	-4.3306677e-17	0	300
1.0680000000000363e-10	0.15082255	0.03978942	0.9876152	-4.330767e-17	0	300
1.0690000000000363e-10	0.15042648	0.039075524	0.9877058	-4.330865e-17	0	300
1.0700000000000364e-10	0.15004124	0.038358588	0.9877943	-4.3309625e-17	0	300
1.0710000000000364e-10	0.14966686	0.03763878	0.98788047	-4.3310585e-17	0	300
1.0720000000000365e-10	0.1493033	0.036916237	0.98796463	-4.3311564e-17	0	300
1.0730000000000365e-10	0.14895062	0.036191136	0.9880463	-4.3312504e-17	0	300
1.0740000000000366e-10	0.14860877	0.03546362	0.98812586	-4.3313467e-17	0	300
1.0750000000000366e-10	0.14827779	0.03473384	0.9882032	-4.3314416e-17	0	300
1.0760000000000367e-10	0.14795765	0.034001965	0.98827845	-4.3315346e-17	0	300
1.0770000000000367e-10	0.1476484	0.033268146	0.9883512	-4.331628e-17	0	300
1.0780000000000368e-10	0.14734995	0.032532528	0.98842186	-4.3317202e-17	0	300
1.0790000000000368e-10	0.14706238	0.03179528	0.98849034	-4.331812e-17	0	300
1.0800000000000369e-10	0.1467856	0.031056536	0.9885566	-4.3319048e-17	0	300
1.0810000000000369e-10	0.14651966	0.030316463	0.98862064	-4.3319958e-17	0	300
1.082000000000037e-10	0.14626452	0.029575206	0.9886824	-4.3320858e-17	0	300
1.083000000000037e-10	0.14602016	0.028832916	0.98874205	-4.3321745e-17	0	300
1.084000000000037e-10	0.14578654	0.028089747	0.9887996	-4.3322638e-17	0	300
1.0850000000000371e-10	0.14556369	0.027345847	0.98885465	-4.3323525e-17	0	300
1.0860000000000371e-10	0.14535156	0.026601365	0.9889078	-4.3324402e-17	0	300
1.0870000000000372e-10	0.14515011	0.025856448	0.9889586	-4.3325275e-17	0	300
1.0880000000000372e-10	0.14495936	0.025111245	0.98900735	-4.332614e-17	0	300
1.0890000000000373e-10	0.14477924	0.024365902	0.9890538	-4.3327002e-17	0	300
1.0900000000000373e-10	0.1446097	0.023620564	0.98909813	-4.3327856e-17	0	300
1.0910000000000374e-10	0.14445078	0.022875376	0.9891403	-4.3328716e-17	0	300
1.0920000000000374e-10	0.14430238	0.022130484	0.98918027	-4.3329563e-17	0	300
1.0930000000000375e-10	0.1441645	0.021386025	0.9892183	-4.3330407e-17	0	300
1.0940000000000375e-10	0.1440371	0.020642148	0.989254	-4.333123e-17	0	300
1.0950000000000376e-10	0.14392011	0.01989899	0.9892876	-4.3332048e-17	0	300
1.0960000000000376e-10	0.14381352	0.019156694	0.9893191	-4.333288e-17	0	300
1.0970000000000377e-10	0.14371727	0.018415395	0.98934853	-4.3333703e-17	0	300
1.0980000000000377e-10	0.14363134	0.017675234	0.9893758	-4.333452e-17	0	300
1.0990000000000378e-10	0.14355561	0.016936347	0.98940104	-4.3335327e-17	0	300
1.1000000000000378e-10	0.1434901	0.016198868	0.9894243	-4.333612e-17	0	300
1.1010000000000379e-10	0.14343478	0.015462937	0.9894453	-4.3336925e-17	0	300
1.1020000000000379e-10	0.14338952	0.014728678	0.9894643	-4.3337703e-17	0	300
1.103000000000038e-10	0.14335434	0.013996234	0.98948133	-4.3338507e-17	0	300
1.104000000000038e-10	0.14332911	0.013265729	0.9894963	-4.3339278e-17	0	300
1.105000000000038e-10	0.14331383	0.012537296	0.9895092	-4.3340055e-17	0	300
1.1060000000000381e-10	0.14330842	0.011811063	0.98952013	-4.3340836e-17	0	300
1.1070000000000382e-10	0.14331283	0.011087157	0.98952895	-4.3341604e-17	0	300
1.1080000000000382e-10	0.14332697	0.010365706	0.9895359	-4.3342358e-17	0	300
1.1090000000000383e-10	0.1433508	0.009646834	0.9895409	-4.3343116e-17	0	300
1.1100000000000383e-10	0.14338425	0.008930662	0.9895439	-4.3343867e-17	0	300
1.1110000000000383e-10	0.14342725	0.008217317	0.9895449	-4.3344618e-17	0	300
1.1120000000000384e-10	0.14347973	0.0075069168	0.9895441	-4.3345353e-17	0	300
1.1130000000000384e-10	0.14354163	0.0067995824	0.9895413	-4.3346097e-17	0	300
1.1140000000000385e-10	0.14361286	0.0060954317	0.98953664	-4.3346832e-17	0	300
1.1150000000000385e-10	0.14369339	0.005394581	0.9895301	-4.3347553e-17	0	300
1.1160000000000386e-10	0.14378306	0.0046971473	0.9895216	-4.3348294e-17	0	300
1.1170000000000386e-10	0.1438819	0.004003243	0.9895113	-4.3349012e-17	0	300
1.1180000000000387e-10	0.14398976	0.0033129817	0.98949915	-4.334972e-17	0	300
1.1190000000000387e-10	0.14410657	0.0026264752	0.9894852	-4.3350435e-17	0	300
1.1200000000000388e-10	0.14423227	0.0019438318	0.9894695	-4.3351133e-17	0	300
1.1210000000000388e-10	0.14436677	0.0012651604	0.98945194	-4.335184e-17	0	300
1.1220000000000389e-10	0.14451003	0.0005905683	0.9894326	-4.3352536e-17	0	300
1.1230000000000389e-10	0.14466189	-7.983972e-05	0.9894114	-4.3353234e-17	0	300
1.124000000000039e-10	0.1448223	-0.00074595993	0.98938864	-4.335392e-17	0	300
1.125000000000039e-10	0.14499119	-0.0014076901	0.98936397	-4.3354594e-17	0	300
1.1260000000000391e-10	0.14516845	-0.0020649293	0.9893378	-4.3355292e-17	0	300
1.1270000000000391e-10	0.14535399	-0.0027175783	0.9893098	-4.3355957e-17	0	300
1.1280000000000392e-10	0.14554775	-0.0033655397	0.9892801	-4.335662e-17	0	300
1.1290000000000392e-10	0.14574963	-0.004008718	0.9892489	-4.3357284e-17	0	300
1.1300000000000393e-10	0.14595953	-0.0046470175	0.9892159	-4.3357966e-17	0	300
1.1310000000000393e-10	0.14617732	-0.005280346	0.98918134	-4.3358614e-17	0	300
1.1320000000000394e-10	0.14640297	-0.0059086126	0.9891452	-4.3359272e-17	0	300
1.1330000000000394e-10	0.14663637	-0.0065317275	0.98910743	-4.335992e-17	0	300
1.1340000000000395e-10	0.14687741	-0.0071496023	0.98906803	-4.3360576e-17	0	300
1.1350000000000395e-10	0.147126	-0.0077621513	0.98902726	-4.3361205e-17	0	300
1.1360000000000396e-10	0.14738204	-0.0083692875	0.9889849	-4.3361847e-17	0	300
1.1370000000000396e-10	0.14764543	-0.008970931	0.988941	-4.3362482e-17	0	300
1.1380000000000397e-10	0.1479161	-0.009566998	0.9888958	-4.3363114e-17	0	300
1.1390000000000397e-10	0.14819388	-0.01015741	0.98884887	-4.3363743e-17	0	300
1.1400000000000397e-10	0.14847876	-0.010742087	0.9888006	-4.3364378e-17	0	300
1.1410000000000398e-10	0.1487706	-0.011320955	0.9887509	-4.3364993e-17	0	300
1.1420000000000398e-10	0.14906926	-0.011893937	0.98869973	-4.3365595e-17	0	300
1.1430000000000399e-10	0.14937468	-0.012460958	0.9886473	-4.3366227e-17	0	300
1.14400000000004e-10	0.14968675	-0.0130219525	0.98859346	-4.3366823e-17	0	300
1.14500000000004e-10	0.15000537	-0.013576846	0.98853827	-4.336742e-17	0	300
1.14600000000004e-10	0.15033045	-0.014125571	0.98848176	-4.3368027e-17	0	300
1.1470000000000401e-10	0.15066186	-0.014668061	0.988424	-4.3368623e-17	0	300
1.1480000000000401e-10	0.15099947	-0.015204251	0.98836493	-4.3369212e-17	0	300
1.1490000000000402e-10	0.15134323	-0.015734078	0.98830456	-4.3369814e-17	0	300
1.1500000000000402e-10	0.151693	-0.016257482	0.9882429	-4.3370396e-17	0	300
1.1510000000000403e-10	0.15204868	-0.016774403	0.9881801	-4.337099e-17	0	300
1.1520000000000403e-10	0.15241016	-0.017284779	0.988116	-4.3371558e-17	0	300
1.1530000000000404e-10	0.15277736	-0.017788557	0.9880508	-4.3372137e-17	0	300
1.1540000000000404e-10	0.15315013	-0.018285682	0.98798454	-4.33727e-17	0	300
1.1550000000000405e-10	0.15352838	-0.018776102	0.987917	-4.337328e-17	0	300
1.1560000000000405e-10	0.153912	-0.019259762	0.9878484	-4.337385e-17	0	300
1.1570000000000406e-10	0.15430088	-0.01973662	0.98777866	-4.33744e-17	0	300
1.1580000000000406e-10	0.1546949	-0.020206619	0.9877079	-4.337496e-17	0	300
1.1590000000000407e-10	0.15509398	-0.020669715	0.98763615	-4.3375518e-17	0	300
1.1600000000000407e-10	0.15549798	-0.021125866	0.98756325	-4.3376068e-17	0	300
1.1610000000000408e-10	0.15590681	-0.021575028	0.98748946	-4.337662e-17	0	300
1.1620000000000408e-10	0.15632033	-0.022017159	0.98741466	-4.3377176e-17	0	300
1.1630000000000409e-10	0.15673847	-0.02245222	0.9873389	-4.3377715e-17	0	300
1.1640000000000409e-10	0.15716109	-0.022880172	0.9872622	-4.3378248e-17	0	300
1.1650000000000407e-10	0.15758806	-0.023300987	0.9871846	-4.3378784e-17	0	300
1.1660000000000405e-10	0.15801933	-0.023714613	0.9871061	-4.337933e-17	0	300
1.1670000000000403e-10	0.15845476	-0.024121033	0.9870266	-4.3379856e-17	0	300
1.16800000000004e-10	0.15889421	-0.024520207	0.9869464	-4.3380372e-17	0	300
1.1690000000000399e-10	0.15933761	-0.024912111	0.98686534	-4.3380908e-17	0	300
1.1700000000000396e-10	0.15978482	-0.025296714	0.9867834	-4.338142e-17	0	300
1.1710000000000394e-10	0.16023573	-0.025673985	0.98670083	-4.3381944e-17	0	300
1.1720000000000392e-10	0.16069025	-0.026043907	0.9866174	-4.3382457e-17	0	300
1.173000000000039e-10	0.16114824	-0.026406454	0.9865333	-4.3382966e-17	0	300
1.1740000000000388e-10	0.1616096	-0.026761603	0.98644835	-4.3383482e-17	0	300
1.1750000000000386e-10	0.16207424	-0.027109332	0.98636276	-4.3383995e-17	0	300
1.1760000000000384e-10	0.16254206	-0.027449634	0.9862765	-4.3384485e-17	0	300
1.1770000000000382e-10	0.16301285	-0.027782476	0.9861897	-4.3384985e-17	0	300
1.178000000000038e-10	0.16348661	-0.028107854	0.9861022	-4.338549e-17	0	300
1.1790000000000378e-10	0.1639632	-0.02842575	0.98601407	-4.338598e-17	0	300
1.1800000000000375e-10	0.16444248	-0.028736155	0.9859253	-4.3386467e-17	0	300
1.1810000000000373e-10	0.16492435	-0.029039053	0.985836	-4.3386953e-17	0	300
1.182000000000037e-10	0.16540873	-0.029334443	0.98574615	-4.3387436e-17	0	300
1.183000000000037e-10	0.16589548	-0.029622309	0.9856558	-4.338792e-17	0	300
1.1840000000000367e-10	0.1663845	-0.029902648	0.98556507	-4.338839e-17	0	300
1.1850000000000365e-10	0.1668757	-0.030175462	0.98547363	-4.338888e-17	0	300
1.1860000000000363e-10	0.16736895	-0.030440737	0.9853819	-4.338934e-17	0	300
1.187000000000036e-10	0.16786411	-0.03069848	0.9852897	-4.3389802e-17	0	300
1.1880000000000359e-10	0.1683611	-0.030948687	0.98519707	-4.339028e-17	0	300
1.1890000000000357e-10	0.16885985	-0.031191364	0.9851041	-4.339075e-17	0	300
1.1900000000000354e-10	0.16936019	-0.031426508	0.9850106	-4.33912e-17	0	300
1.1910000000000352e-10	0.16986209	-0.031654123	0.98491687	-4.339166e-17	0	300
1.192000000000035e-10	0.17036535	-0.03187422	0.98482287	-4.3392115e-17	0	300
1.1930000000000348e-10	0.17086995	-0.03208681	0.9847285	-4.339257e-17	0	300
1.1940000000000346e-10	0.1713757	-0.03229189	0.98463386	-4.3393018e-17	0	300
1.1950000000000344e-10	0.17188258	-0.032489475	0.98453903	-4.3393485e-17	0	300
1.1960000000000342e-10	0.17239042	-0.03267958	0.9844439	-4.3393915e-17	0	300
1.197000000000034e-10	0.17289914	-0.032862216	0.9843485	-4.3394375e-17	0	300
1.1980000000000338e-10	0.17340866	-0.033037394	0.98425287	-4.3394808e-17	0	300
1.1990000000000335e-10	0.17391884	-0.033205137	0.9841571	-4.339525e-17	0	300
1.2000000000000333e-10	0.1744296	-0.033365455	0.9840611	-4.3395678e-17	0	300
1.201000000000033e-10	0.17494084	-0.033518367	0.9839651	-4.339611e-17	0	300
1.202000000000033e-10	0.17545244	-0.033663895	0.9838689	-4.339655e-17	0	300
1.2030000000000327e-10	0.17596431	-0.03380206	0.9837727	-4.3396956e-17	0	300
1.2040000000000325e-10	0.17647634	-0.033932876	0.9836762	-4.3397392e-17	0	300
1.2050000000000323e-10	0.17698845	-0.03405638	0.9835799	-4.3397816e-17	0	300
1.206000000000032e-10	0.17750055	-0.034172587	0.9834833	-4.3398233e-17	0	300
1.2070000000000319e-10	0.17801249	-0.034281526	0.983387	-4.3398643e-17	0	300
1.2080000000000317e-10	0.17852424	-0.034383222	0.9832904	-4.339906e-17	0	300
1.2090000000000314e-10	0.17903566	-0.03447771	0.983194	-4.3399477e-17	0	300
1.2100000000000312e-10	0.17954665	-0.034565013	0.9830975	-4.3399884e-17	0	300
1.211000000000031e-10	0.18005715	-0.034645163	0.9830011	-4.3400294e-17	0	300
1.2120000000000308e-10	0.18056703	-0.03471819	0.9829048	-4.3400694e-17	0	300
1.2130000000000306e-10	0.18107623	-0.03478413	0.9828086	-4.3401095e-17	0	300
1.2140000000000304e-10	0.18158461	-0.034843016	0.98271257	-4.3401485e-17	0	300
1.2150000000000302e-10	0.18209215	-0.034894887	0.9826165	-4.3401892e-17	0	300
1.21600000000003e-10	0.18259868	-0.034939777	0.98252076	-4.3402283e-17	0	300
1.2170000000000298e-10	0.18310419	-0.03497771	0.982425	-4.3402686e-17	0	300
1.2180000000000296e-10	0.1836085	-0.03500875	0.9823295	-4.3403067e-17	0	300
1.2190000000000293e-10	0.1841116	-0.035032917	0.9822343	-4.340345e-17	0	300
1.2200000000000291e-10	0.18461336	-0.03505026	0.9821392	-4.3403828e-17	0	300
1.221000000000029e-10	0.1851137	-0.03506082	0.98204446	-4.3404218e-17	0	300
1.2220000000000287e-10	0.18561253	-0.035064638	0.9819499	-4.34046e-17	0	300
1.2230000000000285e-10	0.1861098	-0.03506176	0.98185563	-4.3404973e-17	0	300
1.2240000000000283e-10	0.18660538	-0.03505222	0.9817615	-4.3405356e-17	0	300
1.225000000000028e-10	0.18709919	-0.035036087	0.9816678	-4.3405724e-17	0	300
1.226000000000028e-10	0.1875912	-0.03501338	0.98157454	-4.340608e-17	0	300
1.2270000000000277e-10	0.18808126	-0.034984164	0.98148143	-4.340646e-17	0	300
1.2280000000000275e-10	0.18856934	-0.034948487	0.9813888	-4.340684e-17	0	300
1.2290000000000272e-10	0.18905532	-0.034906387	0.9812965	-4.340718e-17	0	300
1.230000000000027e-10	0.18953916	-0.034857925	0.9812045	-4.3407543e-17	0	300
1.2310000000000268e-10	0.19002075	-0.034803152	0.9811131	-4.3407917e-17	0	300
1.2320000000000266e-10	0.19050005	-0.034742113	0.981022	-4.340827e-17	0	300
1.2330000000000264e-10	0.19097695	-0.03467486	0.9809312	-4.340861e-17	0	300
1.2340000000000262e-10	0.19145139	-0.03460146	0.9808411	-4.3408963e-17	0	300
1.235000000000026e-10	0.19192329	-0.034521952	0.98075134	-4.3409317e-17	0	300
1.2360000000000258e-10	0.19239259	-0.034436397	0.980662	-4.340967e-17	0	300
1.2370000000000256e-10	0.19285919	-0.034344852	0.9805733	-4.3410018e-17	0	300
1.2380000000000253e-10	0.19332305	-0.034247376	0.9804851	-4.3410356e-17	0	300
1.2390000000000251e-10	0.19378406	-0.034144018	0.98039716	-4.3410697e-17	0	300
1.240000000000025e-10	0.19424221	-0.034034844	0.98031	-4.3411037e-17	0	300
1.2410000000000247e-10	0.1946974	-0.03391991	0.98022336	-4.341138e-17	0	300
1.2420000000000245e-10	0.19514956	-0.03379928	0.9801373	-4.3411712e-17	0	300
1.2430000000000243e-10	0.19559862	-0.033673007	0.98005176	-4.3412037e-17	0	300
1.244000000000024e-10	0.19604452	-0.03354115	0.97996676	-4.3412364e-17	0	300
1.245000000000024e-10	0.19648719	-0.033403784	0.9798824	-4.3412702e-17	0	300
1.2460000000000237e-10	0.1969266	-0.03326096	0.9797988	-4.3413016e-17	0	300
1.2470000000000235e-10	0.19736265	-0.033112742	0.9797156	-4.3413354e-17	0	300
1.2480000000000232e-10	0.1977953	-0.0329592	0.9796333	-4.3413665e-17	0	300
1.249000000000023e-10	0.19822448	-0.032800384	0.9795515	-4.3413985e-17	0	300
1.2500000000000228e-10	0.19865018	-0.032636378	0.97947025	-4.34143e-17	0	300
1.2510000000000226e-10	0.19907223	-0.032467224	0.97938985	-4.3414614e-17	0	300
1.2520000000000224e-10	0.19949067	-0.032293007	0.9793101	-4.341494e-17	0	300
1.2530000000000222e-10	0.19990543	-0.032113783	0.97923106	-4.341524e-17	0	300
1.254000000000022e-10	0.20031643	-0.031929623	0.97915274	-4.341555e-17	0	300
1.2550000000000218e-10	0.20072363	-0.03174059	0.9790751	-4.341586e-17	0	300
1.2560000000000216e-10	0.201127	-0.031546757	0.97899806	-4.3416163e-17	0	300
1.2570000000000214e-10	0.20152643	-0.031348184	0.978922	-4.3416464e-17	0	300
1.2580000000000211e-10	0.20192192	-0.03114495	0.9788466	-4.3416765e-17	0	300
1.259000000000021e-10	0.2023134	-0.030937115	0.97877204	-4.341707e-17	0	300
1.2600000000000207e-10	0.20270085	-0.030724753	0.9786981	-4.341736e-17	0	300
1.2610000000000205e-10	0.2030842	-0.030507928	0.97862506	-4.3417658e-17	0	300
1.2620000000000203e-10	0.20346338	-0.030286716	0.9785527	-4.341797e-17	0	300
1.26300000000002e-10	0.20383841	-0.030061183	0.9784813	-4.341824e-17	0	300
1.26400000000002e-10	0.2042092	-0.029831402	0.9784106	-4.3418532e-17	0	300
1.2650000000000197e-10	0.20457572	-0.029597444	0.97834074	-4.3418826e-17	0	300
1.2660000000000195e-10	0.20493789	-0.029359376	0.97827166	-4.3419104e-17	0	300
1.2670000000000193e-10	0.20529574	-0.029117275	0.97820354	-4.3419385e-17	0	300
1.268000000000019e-10	0.20564918	-0.028871214	0.9781361	-4.341966e-17	0	300
1.2690000000000188e-10	0.2059982	-0.028621258	0.9780698	-4.3419948e-17	0	300
1.2700000000000186e-10	0.20634277	-0.028367484	0.97800416	-4.3420216e-17	0	300
1.2710000000000184e-10	0.2066828	-0.028109964	0.9779393	-4.3420504e-17	0	300
1.2720000000000182e-10	0.20701832	-0.027848769	0.9778755	-4.3420775e-17	0	300
1.273000000000018e-10	0.20734924	-0.027583977	0.97781247	-4.342105e-17	0	300
1.2740000000000178e-10	0.20767558	-0.027315654	0.9777503	-4.3421324e-17	0	300
1.2750000000000176e-10	0.20799726	-0.027043877	0.97768915	-4.3421582e-17	0	300
1.2760000000000174e-10	0.2083143	-0.026768722	0.9776288	-4.342185e-17	0	300
1.2770000000000171e-10	0.2086266	-0.026490254	0.9775694	-4.3422128e-17	0	300
1.278000000000017e-10	0.2089342	-0.026208555	0.97751087	-4.342237e-17	0	300
1.2790000000000167e-10	0.20923707	-0.025923697	0.9774534	-4.3422644e-17	0	300
1.2800000000000165e-10	0.20953515	-0.025635753	0.97739667	-4.34229e-17	0	300
1.2810000000000163e-10	0.20982842	-0.025344795	0.97734106	-4.342315e-17	0	300
1.282000000000016e-10	0.21011685	-0.025050905	0.9772863	-4.3423422e-17	0	300
1.283000000000016e-10	0.21040043	-0.024754144	0.97723234	-4.3423664e-17	0	300
1.2840000000000157e-10	0.21067914	-0.024454597	0.9771795	-4.3423918e-17	0	300
1.2850000000000155e-10	0.210953	-0.024152333	0.9771276	-4.342418e-17	0	300
1.2860000000000153e-10	0.2112219	-0.02384743	0.9770767	-4.3424418e-17	0	300
1.287000000000015e-10	0.21148588	-0.023539957	0.9770266	-4.342467e-17	0	300
1.2880000000000148e-10	0.21174487	-0.023229992	0.97697765	-4.3424918e-17	0	300
1.2890000000000146e-10	0.21199894	-0.02291761	0.97692955	-4.3425162e-17	0	300
1.2900000000000144e-10	0.21224803	-0.022602882	0.97688234	-4.34254e-17	0	300
1.2910000000000142e-10	0.21249211	-0.022285884	0.9768363	-4.342565e-17	0	300
1.292000000000014e-10	0.21273118	-0.021966688	0.9767911	-4.3425884e-17	0	300
1.2930000000000138e-10	0.21296522	-0.02164537	0.9767469	-4.3426125e-17	0	300
1.2940000000000136e-10	0.21319424	-0.021322003	0.97670376	-4.342635e-17	0	300
1.2950000000000134e-10	0.21341822	-0.02099666	0.9766616	-4.3426602e-17	0	300
1.2960000000000132e-10	0.21363711	-0.02066942	0.9766204	-4.3426833e-17	0	300
1.297000000000013e-10	0.21385095	-0.020340346	0.97658014	-4.3427065e-17	0	300
1.2980000000000127e-10	0.21405971	-0.02000952	0.9765409	-4.3427296e-17	0	300
1.2990000000000125e-10	0.21426344	-0.01967701	0.97650266	-4.342752e-17	0	300
1.3000000000000123e-10	0.21446203	-0.019342896	0.97646534	-4.3427746e-17	0	300
1.301000000000012e-10	0.21465558	-0.019007241	0.9764291	-4.3427968e-17	0	300
1.302000000000012e-10	0.21484399	-0.018670127	0.9763938	-4.3428193e-17	0	300
1.3030000000000117e-10	0.21502732	-0.018331619	0.9763596	-4.342841e-17	0	300
1.3040000000000115e-10	0.21520555	-0.017991796	0.9763264	-4.3428637e-17	0	300
1.3050000000000113e-10	0.2153787	-0.017650723	0.9762941	-4.342886e-17	0	300
1.306000000000011e-10	0.21554674	-0.017308477	0.9762628	-4.3429087e-17	0	300
1.3070000000000108e-10	0.2157097	-0.016965125	0.9762326	-4.342929e-17	0	300
1.3080000000000106e-10	0.21586752	-0.016620744	0.9762033	-4.3429507e-17	0	300
1.3090000000000104e-10	0.2160203	-0.0162754	0.97617507	-4.3429712e-17	0	300
1.3100000000000102e-10	0.21616797	-0.015929166	0.9761478	-4.3429937e-17	0	300
1.31100000000001e-10	0.21631053	-0.015582112	0.97612154	-4.3430142e-17	0	300
1.3120000000000098e-10	0.21644805	-0.0152343055	0.9760963	-4.343034e-17	0	300
1.3130000000000096e-10	0.2165805	-0.014885822	0.97607195	-4.3430556e-17	0	300
1.3140000000000094e-10	0.21670786	-0.014536727	0.9760488	-4.3430767e-17	0	300
1.3150000000000092e-10	0.2168302	-0.01418709	0.97602654	-4.3430966e-17	0	300
1.316000000000009e-10	0.21694744	-0.013836981	0.97600514	-4.3431174e-17	0	300
1.3170000000000087e-10	0.21705967	-0.013486465	0.9759848	-4.3431386e-17	0	300
1.3180000000000085e-10	0.21716689	-0.013135614	0.97596556	-4.3431568e-17	0	300
1.3190000000000083e-10	0.2172691	-0.012784495	0.97594726	-4.3431776e-17	0	300
1.320000000000008e-10	0.21736628	-0.012433172	0.9759299	-4.343198e-17	0	300
1.321000000000008e-10	0.21745852	-0.012081716	0.9759135	-4.3432167e-17	0	300
1.3220000000000077e-10	0.21754575	-0.01173019	0.9758982	-4.3432362e-17	0	300
1.3230000000000075e-10	0.217628	-0.0113786645	0.9758837	-4.3432564e-17	0	300
1.3240000000000073e-10	0.21770537	-0.011027201	0.97587025	-4.343276e-17	0	300
1.325000000000007e-10	0.21777774	-0.010675866	0.9758578	-4.343295e-17	0	300
1.3260000000000068e-10	0.21784526	-0.010324726	0.9758463	-4.3433143e-17	0	300
1.3270000000000066e-10	0.21790786	-0.009973842	0.9758359	-4.3433325e-17	0	300
1.3280000000000064e-10	0.2179656	-0.009623281	0.97582614	-4.3433517e-17	0	300
1.3290000000000062e-10	0.2180185	-0.009273104	0.9758176	-4.3433692e-17	0	300
1.330000000000006e-10	0.21806656	-0.008923376	0.97581	-4.3433904e-17	0	300
1.3310000000000058e-10	0.21810982	-0.008574158	0.97580326	-4.3434073e-17	0	300
1.3320000000000056e-10	0.21814828	-0.008225513	0.9757975	-4.343426e-17	0	300
1.3330000000000054e-10	0.21818197	-0.007877502	0.9757927	-4.3434443e-17	0	300
1.3340000000000052e-10	0.21821095	-0.0075301854	0.9757887	-4.343462e-17	0	300
1.335000000000005e-10	0.21823518	-0.007183624	0.97578585	-4.3434804e-17	0	300
1.3360000000000047e-10	0.21825476	-0.006837878	0.97578377	-4.3434986e-17	0	300
1.3370000000000045e-10	0.21826966	-0.006493007	0.9757827	-4.343516e-17	0	300
1.3380000000000043e-10	0.2182799	-0.0061490694	0.97578245	-4.3435337e-17	0	300
1.339000000000004e-10	0.21828553	-0.0058061234	0.9757832	-4.3435512e-17	0	300
1.340000000000004e-10	0.2182866	-0.005464228	0.9757848	-4.3435694e-17	0	300
1.3410000000000037e-10	0.21828312	-0.005123439	0.9757873	-4.3435846e-17	0	300
1.3420000000000035e-10	0.2182751	-0.004783813	0.9757907	-4.3436038e-17	0	300
1.3430000000000033e-10	0.21826258	-0.0044454066	0.97579503	-4.3436213e-17	0	300
1.344000000000003e-10	0.21824561	-0.0041082758	0.9758002	-4.343638e-17	0	300
1.3450000000000029e-10	0.2182242	-0.0037724741	0.9758062	-4.3436548e-17	0	300
1.3460000000000026e-10	0.21819837	-0.0034380576	0.97581315	-4.3436706e-17	0	300
1.3470000000000024e-10	0.2181682	-0.0031050793	0.97582084	-4.3436882e-17	0	300
1.3480000000000022e-10	0.21813366	-0.0027735918	0.97582954	-4.3437047e-17	0	300
1.349000000000002e-10	0.21809486	-0.0024436482	0.975839	-4.3437206e-17	0	300
1.3500000000000018e-10	0.21805173	-0.0021152997	0.9758494	-4.3437378e-17	0	300
1.3510000000000016e-10	0.21800439	-0.001788599	0.97586054	-4.3437554e-17	0	300
1.3520000000000014e-10	0.21795289	-0.0014635957	0.9758725	-4.3437702e-17	0	300
1.3530000000000012e-10	0.21789718	-0.00114034	0.9758854	-4.343786e-17	0	300
1.354000000000001e-10	0.21783736	-0.0008188818	0.97589904	-4.3438023e-17	0	300
1.3550000000000007e-10	0.21777344	-0.0004992689	0.9759135	-4.3438182e-17	0	300
1.3560000000000005e-10	0.21770549	-0.00018155092	0.9759287	-4.343835e-17	0	300
1.3570000000000003e-10	0.21763352	0.00013422611	0.97594476	-4.343849e-17	0	300
1.358e-10	0.21755752	0.00044801453	0.9759617	-4.3438642e-17	0	300
1.3594999999999998e-10	0.21743622	0.00091486773	0.9759884	-4.3438894e-17	0	300
1.3604999999999996e-10	0.2173505	0.0012234844	0.97600704	-4.3439046e-17	0	300
1.3614999999999994e-10	0.21726093	0.001529954	0.9760266	-4.3439195e-17	0	300
1.3624999999999992e-10	0.21716756	0.0018342324	0.97604686	-4.3439337e-17	0	300
1.363499999999999e-10	0.21707043	0.0021362766	0.9760679	-4.3439496e-17	0	300
1.3644999999999988e-10	0.2169696	0.0024360442	0.97608966	-4.343965e-17	0	300
1.3654999999999985e-10	0.21686506	0.0027334932	0.9761121	-4.3439807e-17	0	300
1.3664999999999983e-10	0.21675692	0.0030285819	0.9761353	-4.3439942e-17	0	300
1.367499999999998e-10	0.21664517	0.0033212712	0.97615916	-4.344009e-17	0	300
1.368499999999998e-10	0.2165299	0.0036115202	0.97618383	-4.3440237e-17	0	300
1.3694999999999977e-10	0.21641111	0.0038992902	0.97620916	-4.34404e-17	0	300
1.3704999999999975e-10	0.21628886	0.0041845427	0.9762351	-4.344052e-17	0	300
1.3714999999999973e-10	0.21616322	0.00446724	0.97626185	-4.3440674e-17	0	300
1.372499999999997e-10	0.21603417	0.0047473456	0.9762891	-4.3440823e-17	0	300
1.3734999999999969e-10	0.2159018	0.0050248224	0.976317	-4.3440968e-17	0	300
1.3744999999999966e-10	0.21576616	0.005299636	0.9763456	-4.3441097e-17	0	300
1.3754999999999964e-10	0.21562731	0.0055717505	0.976375	-4.3441246e-17	0	300
1.3764999999999962e-10	0.21548524	0.005841132	0.9764048	-4.3441385e-17	0	300
1.377499999999996e-10	0.21534005	0.006107747	0.97643536	-4.3441524e-17	0	300
1.3784999999999958e-10	0.21519175	0.006371564	0.97646636	-4.3441663e-17	0	300
1.3794999999999956e-10	0.21504042	0.0066325488	0.9764982	-4.3441805e-17	0	300
1.3804999999999954e-10	0.21488605	0.0068906713	0.97653055	-4.3441938e-17	0	300
1.3814999999999952e-10	0.21472877	0.007145901	0.97656345	-4.3442083e-17	0	300
1.382499999999995e-10	0.21456856	0.0073982086	0.9765969	-4.3442206e-17	0	300
1.3834999999999948e-10	0.21440548	0.0076475637	0.9766309	-4.3442348e-17	0	300
1.3844999999999945e-10	0.21423958	0.007893939	0.97666556	-4.3442484e-17	0	300
1.3854999999999943e-10	0.21407096	0.008137305	0.97670066	-4.344261e-17	0	300
1.386499999999994e-10	0.21389958	0.008377637	0.97673625	-4.3442735e-17	0	300
1.387499999999994e-10	0.21372558	0.008614908	0.9767725	-4.344287e-17	0	300
1.3884999999999937e-10	0.21354891	0.008849092	0.97680926	-4.3443006e-17	0	300
1.3894999999999935e-10	0.21336973	0.009080165	0.97684646	-4.3443142e-17	0	300
1.3904999999999933e-10	0.213188	0.009308103	0.97688425	-4.3443278e-17	0	300
1.391499999999993e-10	0.21300378	0.00953288	0.9769224	-4.3443393e-17	0	300
1.3924999999999929e-10	0.21281719	0.009754477	0.97696114	-4.344352e-17	0	300
1.3934999999999927e-10	0.2126282	0.009972871	0.9770002	-4.3443658e-17	0	300
1.3944999999999924e-10	0.2124369	0.01018804	0.9770398	-4.344378e-17	0	300
1.3954999999999922e-10	0.21224332	0.010399964	0.9770799	-4.3443903e-17	0	300
1.396499999999992e-10	0.21204753	0.010608624	0.9771204	-4.3444032e-17	0	300
1.3974999999999918e-10	0.21184957	0.010813999	0.97716135	-4.3444154e-17	0	300
1.3984999999999916e-10	0.21164948	0.011016073	0.9772027	-4.344427e-17	0	300
1.3994999999999914e-10	0.21144733	0.011214828	0.9772445	-4.34444e-17	0	300
1.4004999999999912e-10	0.21124315	0.011410245	0.9772865	-4.3444515e-17	0	300
1.401499999999991e-10	0.21103702	0.011602312	0.977329	-4.3444634e-17	0	300
1.4024999999999908e-10	0.21082897	0.01179101	0.97737193	-4.3444763e-17	0	300
1.4034999999999906e-10	0.21061906	0.011976326	0.9774152	-4.344488e-17	0	300
1.4044999999999903e-10	0.21040732	0.012158246	0.9774589	-4.3444998e-17	0	300
1.4054999999999901e-10	0.21019381	0.012336755	0.97750276	-4.3445127e-17	0	300
1.40649999999999e-10	0.20997863	0.012511844	0.9775471	-4.3445246e-17	0	300
1.4074999999999897e-10	0.20976175	0.012683498	0.9775918	-4.344536e-17	0	300
1.4084999999999895e-10	0.20954326	0.012851706	0.9776367	-4.3445468e-17	0	300
1.4094999999999893e-10	0.20932323	0.013016459	0.97768193	-4.34456e-17	0	300
1.410499999999989e-10	0.20910166	0.013177748	0.9777275	-4.3445713e-17	0	300
1.4114999999999889e-10	0.20887864	0.013335563	0.9777734	-4.3445825e-17	0	300
1.4124999999999887e-10	0.2086542	0.013489895	0.9778194	-4.344594e-17	0	300
1.4134999999999884e-10	0.20842843	0.013640737	0.9778658	-4.3446054e-17	0	300
1.4144999999999882e-10	0.20820135	0.013788081	0.9779124	-4.3446156e-17	0	300
1.415499999999988e-10	0.20797297	0.013931924	0.9779592	-4.344628e-17	0	300
1.4164999999999878e-10	0.20774342	0.014072257	0.9780064	-4.3446388e-17	0	300
1.4174999999999876e-10	0.20751272	0.014209077	0.9780538	-4.3446504e-17	0	300
1.4184999999999874e-10	0.2072809	0.014342377	0.97810125	-4.3446613e-17	0	300
1.4194999999999872e-10	0.20704801	0.014472159	0.978149	-4.3446725e-17	0	300
1.420499999999987e-10	0.20681415	0.014598415	0.978197	-4.3446828e-17	0	300
1.4214999999999868e-10	0.2065793	0.014721147	0.97824514	-4.344694e-17	0	300
1.4224999999999866e-10	0.20634353	0.014840351	0.97829336	-4.3447043e-17	0	300
1.4234999999999863e-10	0.20610695	0.014956027	0.9783418	-4.344716e-17	0	300
1.4244999999999861e-10	0.20586954	0.015068172	0.9783905	-4.344726e-17	0	300
1.425499999999986e-10	0.20563139	0.015176793	0.9784392	-4.3447367e-17	0	300
1.4264999999999857e-10	0.20539251	0.015281885	0.9784881	-4.3447476e-17	0	300
1.4274999999999855e-10	0.205153	0.015383452	0.9785371	-4.3447582e-17	0	300
1.4284999999999853e-10	0.20491287	0.015481499	0.9785862	-4.344769e-17	0	300
1.429499999999985e-10	0.20467214	0.015576023	0.9786355	-4.3447784e-17	0	300
1.430499999999985e-10	0.20443094	0.015667034	0.9786848	-4.3447893e-17	0	300
1.4314999999999847e-10	0.20418927	0.015754534	0.97873425	-4.3447996e-17	0	300
1.4324999999999845e-10	0.20394719	0.015838526	0.97878385	-4.3448105e-17	0	300
1.4334999999999842e-10	0.20370471	0.015919022	0.9788334	-4.34482e-17	0	300
1.434499999999984e-10	0.20346196	0.01599602	0.9788829	-4.3448297e-17	0	300
1.4354999999999838e-10	0.20321888	0.016069533	0.9789327	-4.344841e-17	0	300
1.4364999999999836e-10	0.20297563	0.016139565	0.97898245	-4.3448505e-17	0	300
1.4374999999999834e-10	0.20273219	0.016206127	0.97903204	-4.3448608e-17	0	300
1.4384999999999832e-10	0.20248859	0.016269222	0.9790819	-4.34487e-17	0	300
1.439499999999983e-10	0.20224494	0.016328868	0.9791317	-4.34488e-17	0	300
1.4404999999999828e-10	0.20200123	0.01638507	0.9791815	-4.3448902e-17	0	300
1.4414999999999826e-10	0.20175754	0.016437838	0.97923124	-4.3448995e-17	0	300
1.4424999999999824e-10	0.20151389	0.016487181	0.979281	-4.344908e-17	0	300
1.4434999999999821e-10	0.20127037	0.016533118	0.97933066	-4.344919e-17	0	300
1.444499999999982e-10	0.20102696	0.016575655	0.9793804	-4.3449276e-17	0	300
1.4454999999999817e-10	0.20078376	0.016614806	0.97943	-4.344938e-17	0	300
1.4464999999999815e-10	0.20054078	0.016650584	0.9794796	-4.344947e-17	0	300
1.4474999999999813e-10	0.2002981	0.016683007	0.97952914	-4.3449564e-17	0	300
1.448499999999981e-10	0.20005575	0.016712083	0.9795786	-4.3449667e-17	0	300
1.449499999999981e-10	0.19981372	0.01673783	0.9796281	-4.3449746e-17	0	300
1.4504999999999807e-10	0.19957215	0.016760267	0.9796773	-4.3449842e-17	0	300
1.4514999999999805e-10	0.19933099	0.016779404	0.97972643	-4.3449928e-17	0	300
1.4524999999999803e-10	0.19909036	0.01679526	0.9797756	-4.3450027e-17	0	300
1.45349999999998e-10	0.19885026	0.016807854	0.9798246	-4.3450104e-17	0	300
1.4544999999999798e-10	0.19861072	0.016817203	0.97987336	-4.3450203e-17	0	300
1.4554999999999796e-10	0.19837178	0.01682332	0.97992206	-4.3450292e-17	0	300
1.4564999999999794e-10	0.19813356	0.016826231	0.9799707	-4.3450385e-17	0	300
1.4574999999999792e-10	0.19789603	0.016825952	0.98001915	-4.3450474e-17	0	300
1.458499999999979e-10	0.19765921	0.016822498	0.9800675	-4.3450557e-17	0	300
1.4594999999999788e-10	0.1974232	0.016815897	0.98011565	-4.3450656e-17	0	300
1.4604999999999786e-10	0.19718802	0.016806167	0.9801635	-4.3450732e-17	0	300
1.4614999999999784e-10	0.19695368	0.016793326	0.9802114	-4.3450825e-17	0	300
1.4624999999999781e-10	0.19672026	0.016777396	0.98025894	-4.34509e-17	0	300
1.463499999999978e-10	0.19648777	0.016758401	0.98030627	-4.3451e-17	0	300
1.4644999999999777e-10	0.19625628	0.016736366	0.9803535	-4.3451083e-17	0	300
1.4654999999999775e-10	0.19602579	0.016711306	0.98040056	-4.3451152e-17	0	300
1.4664999999999773e-10	0.19579634	0.016683253	0.98044735	-4.3451248e-17	0	300
1.467499999999977e-10	0.195568	0.016652223	0.9804939	-4.3451318e-17	0	300
1.468499999999977e-10	0.19534075	0.016618242	0.98054016	-4.3451414e-17	0	300
1.4694999999999767e-10	0.1951147	0.01658134	0.9805862	-4.3451503e-17	0	300
1.4704999999999765e-10	0.19488986	0.016541533	0.9806322	-4.345158e-17	0	300
1.4714999999999763e-10	0.1946662	0.016498856	0.9806776	-4.345165e-17	0	300
1.472499999999976e-10	0.19444385	0.016453326	0.980723	-4.3451735e-17	0	300
1.4734999999999758e-10	0.1942228	0.016404975	0.98076814	-4.3451817e-17	0	300
1.4744999999999756e-10	0.19400308	0.016353827	0.9808129	-4.34519e-17	0	300
1.4754999999999754e-10	0.19378471	0.016299909	0.9808574	-4.3451973e-17	0	300
1.4764999999999752e-10	0.19356777	0.016243245	0.9809016	-4.345206e-17	0	300
1.477499999999975e-10	0.19335225	0.016183872	0.9809456	-4.345214e-17	0	300
1.4784999999999748e-10	0.19313818	0.016121807	0.9809893	-4.3452214e-17	0	300
1.4794999999999746e-10	0.19292562	0.016057083	0.98103255	-4.3452294e-17	0	300
1.4804999999999744e-10	0.19271462	0.01598973	0.9810755	-4.3452377e-17	0	300
1.4814999999999742e-10	0.19250515	0.015919775	0.98111826	-4.345243e-17	0	300
1.482499999999974e-10	0.19229728	0.015847247	0.9811607	-4.3452522e-17	0	300
1.4834999999999737e-10	0.19209102	0.015772175	0.9812027	-4.3452592e-17	0	300
1.4844999999999735e-10	0.1918864	0.015694592	0.9812444	-4.3452664e-17	0	300
1.4854999999999733e-10	0.19168347	0.015614525	0.9812858	-4.3452747e-17	0	300
1.486499999999973e-10	0.19148226	0.0155320065	0.9813268	-4.3452813e-17	0	300
1.487499999999973e-10	0.19128275	0.015447066	0.9813676	-4.3452883e-17	0	300
1.4884999999999727e-10	0.19108501	0.015359733	0.981408	-4.3452962e-17	0	300
1.4894999999999725e-10	0.19088908	0.015270041	0.98144794	-4.345304e-17	0	300
1.4904999999999723e-10	0.1906949	0.015178021	0.9814875	-4.3453105e-17	0	300
1.491499999999972e-10	0.19050263	0.015083703	0.98152673	-4.3453184e-17	0	300
1.4924999999999718e-10	0.19031218	0.014987121	0.98156565	-4.3453247e-17	0	300
1.4934999999999716e-10	0.19012362	0.014888308	0.98160416	-4.3453323e-17	0	300
1.4944999999999714e-10	0.18993698	0.014787294	0.98164225	-4.3453402e-17	0	300
1.4954999999999712e-10	0.18975228	0.014684115	0.9816799	-4.3453465e-17	0	300
1.496499999999971e-10	0.18956953	0.014578799	0.9817172	-4.3453538e-17	0	300
1.4974999999999708e-10	0.18938875	0.014471382	0.9817541	-4.34536e-17	0	300
1.4984999999999706e-10	0.18921001	0.014361897	0.9817906	-4.3453677e-17	0	300
1.4994999999999704e-10	0.18903324	0.014250379	0.9818268	-4.3453753e-17	0	300
1.5004999999999702e-10	0.18885857	0.01413686	0.9818624	-4.3453813e-17	0	300
1.50149999999997e-10	0.18868592	0.014021373	0.9818977	-4.3453872e-17	0	300
1.5024999999999697e-10	0.18851538	0.013903953	0.9819326	-4.3453948e-17	0	300
1.5034999999999695e-10	0.18834695	0.013784636	0.9819671	-4.3454014e-17	0	300
1.5044999999999693e-10	0.18818066	0.013663453	0.98200107	-4.345407e-17	0	300
1.505499999999969e-10	0.18801647	0.013540441	0.9820345	-4.3454147e-17	0	300
1.506499999999969e-10	0.18785444	0.013415634	0.9820677	-4.3454213e-17	0	300
1.5074999999999687e-10	0.18769461	0.013289065	0.98210037	-4.3454273e-17	0	300
1.5084999999999685e-10	0.18753697	0.013160771	0.9821327	-4.3454335e-17	0	300
1.5094999999999683e-10	0.18738155	0.013030785	0.9821645	-4.3454398e-17	0	300
1.510499999999968e-10	0.18722835	0.012899144	0.98219585	-4.345446e-17	0	300
1.5114999999999678e-10	0.18707739	0.012765885	0.9822268	-4.345453e-17	0	300
1.5124999999999676e-10	0.18692867	0.012631038	0.9822572	-4.3454593e-17	0	300
1.5134999999999674e-10	0.18678224	0.012494642	0.9822873	-4.3454646e-17	0	300
1.5144999999999672e-10	0.1866381	0.012356732	0.98231685	-4.345473e-17	0	300
1.515499999999967e-10	0.18649624	0.012217344	0.9823459	-4.3454772e-17	0	300
1.5164999999999668e-10	0.1863567	0.012076511	0.9823744	-4.3454832e-17	0	300
1.5174999999999666e-10	0.18621951	0.011934273	0.9824027	-4.3454908e-17	0	300
1.5184999999999664e-10	0.18608463	0.01179066	0.9824303	-4.345496e-17	0	300
1.5194999999999662e-10	0.1859521	0.011645713	0.9824576	-4.3455004e-17	0	300
1.520499999999966e-10	0.18582189	0.011499466	0.9824843	-4.3455063e-17	0	300
1.5214999999999657e-10	0.18569408	0.011351954	0.9825105	-4.3455146e-17	0	300
1.5224999999999655e-10	0.18556865	0.011203215	0.9825363	-4.34552e-17	0	300
1.5234999999999653e-10	0.1854456	0.01105328	0.98256165	-4.3455252e-17	0	300
1.524499999999965e-10	0.18532494	0.010902191	0.98258644	-4.3455305e-17	0	300
1.525499999999965e-10	0.18520668	0.010749981	0.9826108	-4.3455354e-17	0	300
1.5264999999999647e-10	0.18509084	0.010596683	0.98263466	-4.3455437e-17	0	300
1.5274999999999645e-10	0.18497741	0.010442339	0.982658	-4.3455487e-17	0	300
1.5284999999999643e-10	0.18486641	0.010286978	0.9826809	-4.3455533e-17	0	300
1.529499999999964e-10	0.18475783	0.010130643	0.9827034	-4.3455603e-17	0	300
1.5304999999999639e-10	0.18465167	0.009973365	0.98272526	-4.3455646e-17	0	300
1.5314999999999636e-10	0.18454798	0.00981518	0.9827467	-4.345571e-17	0	300
1.5324999999999634e-10	0.18444672	0.009656124	0.9827676	-4.3455758e-17	0	300
1.5334999999999632e-10	0.18434793	0.009496234	0.9827881	-4.3455824e-17	0	300
1.534499999999963e-10	0.18425156	0.009335545	0.982808	-4.3455867e-17	0	300
1.5354999999999628e-10	0.18415765	0.009174093	0.98282737	-4.345593e-17	0	300
1.5364999999999626e-10	0.1840662	0.009011911	0.9828464	-4.3455983e-17	0	300
1.5374999999999624e-10	0.18397722	0.008849037	0.9828649	-4.345603e-17	0	300
1.5384999999999622e-10	0.18389069	0.008685505	0.98288286	-4.3456072e-17	0	300
1.539499999999962e-10	0.18380663	0.00852135	0.9829004	-4.345613e-17	0	300
1.5404999999999617e-10	0.18372501	0.008356608	0.98291725	-4.345618e-17	0	300
1.5414999999999615e-10	0.18364587	0.0081913145	0.9829338	-4.3456245e-17	0	300
1.5424999999999613e-10	0.1835692	0.008025502	0.9829499	-4.3456288e-17	0	300
1.543499999999961e-10	0.18349499	0.007859207	0.9829654	-4.3456354e-17	0	300
1.544499999999961e-10	0.18342322	0.0076924637	0.9829804	-4.345639e-17	0	300
1.5454999999999607e-10	0.18335393	0.007525307	0.9829949	-4.345644e-17	0	300
1.5464999999999605e-10	0.1832871	0.0073577706	0.98300904	-4.345649e-17	0	300
1.5474999999999603e-10	0.18322273	0.0071898885	0.9830225	-4.345654e-17	0	300
1.54849999999996e-10	0.18316078	0.007021697	0.98303556	-4.3456592e-17	0	300
1.5494999999999599e-10	0.18310131	0.006853227	0.9830481	-4.3456635e-17	0	300
1.5504999999999596e-10	0.18304427	0.006684514	0.98306024	-4.3456688e-17	0	300
1.5514999999999594e-10	0.18298966	0.0065155914	0.98307174	-4.3456734e-17	0	300
1.5524999999999592e-10	0.18293749	0.006346492	0.9830828	-4.3456784e-17	0	300
1.553499999999959e-10	0.18288775	0.0061772503	0.9830935	-4.3456833e-17	0	300
1.5544999999999588e-10	0.18284044	0.0060078977	0.9831036	-4.3456873e-17	0	300
1.5554999999999586e-10	0.18279555	0.0058384687	0.98311317	-4.345693e-17	0	300
1.5564999999999584e-10	0.18275306	0.005668995	0.9831223	-4.345698e-17	0	300
1.5574999999999582e-10	0.18271297	0.0054995096	0.983131	-4.3457032e-17	0	300
1.558499999999958e-10	0.1826753	0.005330045	0.98313916	-4.3457075e-17	0	300
1.5594999999999578e-10	0.18264	0.0051606325	0.9831469	-4.3457118e-17	0	300
1.5604999999999575e-10	0.18260708	0.0049913046	0.9831542	-4.345716e-17	0	300
1.5614999999999573e-10	0.18257657	0.004822092	0.983161	-4.345721e-17	0	300
1.562499999999957e-10	0.18254837	0.004653028	0.98316723	-4.345725e-17	0	300
1.563499999999957e-10	0.18252255	0.004484143	0.98317313	-4.3457293e-17	0	300
1.5644999999999567e-10	0.18249908	0.0043154676	0.9831784	-4.345734e-17	0	300
1.5654999999999565e-10	0.18247789	0.0041470327	0.98318326	-4.3457383e-17	0	300
1.5664999999999563e-10	0.18245909	0.0039788694	0.9831876	-4.3457432e-17	0	300
1.567499999999956e-10	0.18244255	0.0038110074	0.9831917	-4.345747e-17	0	300
1.5684999999999559e-10	0.18242833	0.0036434769	0.9831951	-4.3457505e-17	0	300
1.5694999999999557e-10	0.18241641	0.0034763077	0.9831981	-4.3457568e-17	0	300
1.5704999999999554e-10	0.18240675	0.0033095295	0.9832007	-4.34576e-17	0	300
1.5714999999999552e-10	0.18239938	0.0031431715	0.9832028	-4.345764e-17	0	300
1.572499999999955e-10	0.18239424	0.0029772627	0.9832045	-4.3457684e-17	0	300
1.5734999999999548e-10	0.18239135	0.002811832	0.98320574	-4.3457733e-17	0	300
1.5744999999999546e-10	0.18239066	0.002646907	0.9832065	-4.3457767e-17	0	300
1.5754999999999544e-10	0.18239218	0.0024825174	0.98320687	-4.3457816e-17	0	300
1.5764999999999542e-10	0.18239594	0.00231869	0.98320675	-4.3457846e-17	0	300
1.577499999999954e-10	0.18240184	0.0021554532	0.98320615	-4.34579e-17	0	300
1.5784999999999538e-10	0.18240993	0.0019928336	0.98320514	-4.3457935e-17	0	300
1.5794999999999535e-10	0.18242016	0.0018308586	0.9832038	-4.3457975e-17	0	300
1.5804999999999533e-10	0.18243253	0.0016695551	0.98320186	-4.3458005e-17	0	300
1.581499999999953e-10	0.18244702	0.0015089494	0.98319966	-4.3458058e-17	0	300
1.582499999999953e-10	0.18246362	0.0013490679	0.983197	-4.345809e-17	0	300
1.5834999999999527e-10	0.18248232	0.001189936	0.98319393	-4.3458134e-17	0	300
1.5844999999999525e-10	0.18250309	0.0010315799	0.98319036	-4.345818e-17	0	300
1.5854999999999523e-10	0.18252587	0.00087402435	0.98318636	-4.34582e-17	0	300
1.586499999999952e-10	0.18255073	0.00071729446	0.9831821	-4.3458243e-17	0	300
1.5874999999999519e-10	0.1825776	0.000561415	0.98317736	-4.3458286e-17	0	300
1.5884999999999517e-10	0.18260644	0.00040640988	0.98317224	-4.3458322e-17	0	300
1.5894999999999514e-10	0.18263733	0.0002523036	0.9831666	-4.345837e-17	0	300
1.5904999999999512e-10	0.18267012	9.91195e-05	0.9831607	-4.34584e-17	0	300
1.591499999999951e-10	0.1827049	-5.311909e-05	0.9831543	-4.3458445e-17	0	300
1.5924999999999508e-10	0.1827416	-0.00020438903	0.9831476	-4.3458475e-17	0	300
1.5934999999999506e-10	0.1827802	-0.00035466775	0.9831405	-4.3458504e-17	0	300
1.5944999999999504e-10	0.1828207	-0.0005039327	0.9831331	-4.345856e-17	0	300
1.5954999999999502e-10	0.18286306	-0.0006521621	0.9831252	-4.3458587e-17	0	300
1.59649999999995e-10	0.18290727	-0.00079933426	0.98311704	-4.3458614e-17	0	300
1.5974999999999498e-10	0.18295331	-0.00094542775	0.9831083	-4.345866e-17	0	300
1.5984999999999496e-10	0.18300116	-0.0010904216	0.98309934	-4.34587e-17	0	300
1.5994999999999493e-10	0.18305078	-0.0012342953	0.98309004	-4.3458726e-17	0	300
1.6004999999999491e-10	0.1831022	-0.0013770282	0.9830805	-4.3458772e-17	0	300
1.601499999999949e-10	0.18315536	-0.0015186006	0.9830704	-4.3458812e-17	0	300
1.6024999999999487e-10	0.18321025	-0.0016589931	0.98306006	-4.3458832e-17	0	300
1.6034999999999485e-10	0.18326685	-0.001798186	0.9830493	-4.3458868e-17	0	300
1.6044999999999483e-10	0.18332511	-0.0019361608	0.9830383	-4.3458915e-17	0	300
1.605499999999948e-10	0.18338504	-0.0020728987	0.9830268	-4.3458934e-17	0	300
1.606499999999948e-10	0.18344662	-0.0022083814	0.9830151	-4.3458978e-17	0	300
1.6074999999999477e-10	0.1835098	-0.0023425913	0.9830031	-4.345902e-17	0	300
1.6084999999999475e-10	0.18357459	-0.0024755108	0.98299074	-4.3459044e-17	0	300
1.6094999999999472e-10	0.18364096	-0.002607123	0.98297805	-4.345908e-17	0	300
1.610499999999947e-10	0.18370885	-0.0027374108	0.98296505	-4.3459103e-17	0	300
1.6114999999999468e-10	0.1837783	-0.0028663578	0.98295176	-4.345914e-17	0	300
1.6124999999999466e-10	0.18384923	-0.0029939483	0.9829381	-4.3459176e-17	0	300
1.6134999999999464e-10	0.18392165	-0.0031201662	0.9829243	-4.345921e-17	0	300
1.6144999999999462e-10	0.18399554	-0.0032449965	0.9829101	-4.3459236e-17	0	300
1.615499999999946e-10	0.18407086	-0.0033684245	0.98289555	-4.3459275e-17	0	300
1.6164999999999458e-10	0.18414758	-0.0034904345	0.98288083	-4.3459292e-17	0	300
1.6174999999999456e-10	0.18422571	-0.0036110138	0.9828658	-4.3459348e-17	0	300
1.6184999999999453e-10	0.18430518	-0.0037301471	0.98285043	-4.3459375e-17	0	300
1.6194999999999451e-10	0.18438601	-0.0038478218	0.9828349	-4.345939e-17	0	300
1.620499999999945e-10	0.18446815	-0.0039640246	0.9828191	-4.345943e-17	0	300
1.6214999999999447e-10	0.18455158	-0.0040787426	0.98280287	-4.345946e-17	0	300
1.6224999999999445e-10	0.18463628	-0.004191963	0.9827864	-4.345949e-17	0	300
1.6234999999999443e-10	0.18472224	-0.0043036747	0.9827699	-4.3459514e-17	0	300
1.624499999999944e-10	0.1848094	-0.0044138655	0.9827529	-4.345956e-17	0	300
1.625499999999944e-10	0.18489778	-0.0045225243	0.98273593	-4.3459586e-17	0	300
1.6264999999999437e-10	0.18498732	-0.004629639	0.9827185	-4.3459623e-17	0	300
1.6274999999999435e-10	0.185078	-0.0047352007	0.9827009	-4.345965e-17	0	300
1.6284999999999432e-10	0.18516982	-0.004839198	0.9826831	-4.345967e-17	0	300
1.629499999999943e-10	0.18526271	-0.004941622	0.98266506	-4.34597e-17	0	300
1.6304999999999428e-10	0.18535669	-0.005042462	0.9826469	-4.3459732e-17	0	300
1.6314999999999426e-10	0.18545175	-0.005141711	0.9826283	-4.3459765e-17	0	300
1.6324999999999424e-10	0.18554778	-0.0052393572	0.9826096	-4.34598e-17	0	300
1.6334999999999422e-10	0.18564485	-0.0053353948	0.9825908	-4.3459815e-17	0	300
1.634499999999942e-10	0.18574288	-0.0054298146	0.9825717	-4.3459844e-17	0	300
1.6354999999999418e-10	0.18584186	-0.0055226088	0.9825524	-4.345988e-17	0	300
1.6364999999999416e-10	0.18594176	-0.0056137703	0.982533	-4.3459914e-17	0	300
1.6374999999999414e-10	0.18604258	-0.005703293	0.9825134	-4.3459934e-17	0	300
1.6384999999999411e-10	0.18614423	-0.0057911687	0.9824935	-4.3459967e-17	0	300
1.639499999999941e-10	0.18624678	-0.0058773924	0.9824736	-4.346e-17	0	300
1.6404999999999407e-10	0.18635014	-0.0059619574	0.98245347	-4.3460026e-17	0	300
1.6414999999999405e-10	0.18645431	-0.006044859	0.9824331	-4.346005e-17	0	300
1.6424999999999403e-10	0.18655924	-0.0061260913	0.9824126	-4.346008e-17	0	300
1.64349999999994e-10	0.18666492	-0.00620565	0.98239195	-4.3460106e-17	0	300
1.64449999999994e-10	0.18677136	-0.0062835296	0.9823712	-4.3460132e-17	0	300
1.6454999999999397e-10	0.18687847	-0.006359727	0.98235035	-4.3460165e-17	0	300
1.6464999999999395e-10	0.18698627	-0.006434238	0.9823292	-4.3460195e-17	0	300
1.6474999999999393e-10	0.18709472	-0.0065070596	0.982308	-4.3460218e-17	0	300
1.648499999999939e-10	0.1872038	-0.006578189	0.9822867	-4.3460238e-17	0	300
1.6494999999999388e-10	0.18731347	-0.0066476217	0.98226523	-4.346027e-17	0	300
1.6504999999999386e-10	0.18742372	-0.0067153564	0.9822437	-4.3460298e-17	0	300
1.6514999999999384e-10	0.18753453	-0.006781392	0.98222196	-4.346032e-17	0	300
1.6524999999999382e-10	0.18764588	-0.0068457243	0.98220026	-4.3460337e-17	0	300
1.653499999999938e-10	0.18775772	-0.0069083543	0.98217833	-4.3460377e-17	0	300
1.6544999999999378e-10	0.18787004	-0.00696928	0.98215634	-4.3460404e-17	0	300
1.6554999999999376e-10	0.18798284	-0.0070285005	0.9821343	-4.3460433e-17	0	300
1.6564999999999374e-10	0.18809603	-0.0070860162	0.98211205	-4.3460443e-17	0	300
1.6574999999999371e-10	0.18820965	-0.007141825	0.9820899	-4.346048e-17	0	300
1.658499999999937e-10	0.18832365	-0.0071959295	0.9820676	-4.3460503e-17	0	300
1.6594999999999367e-10	0.18843801	-0.007248329	0.98204505	-4.3460526e-17	0	300
1.6604999999999365e-10	0.1885527	-0.0072990246	0.9820225	-4.3460546e-17	0	300
1.6614999999999363e-10	0.18866773	-0.0073480178	0.98200005	-4.3460576e-17	0	300
1.662499999999936e-10	0.18878302	-0.0073953094	0.98197746	-4.34606e-17	0	300
1.663499999999936e-10	0.18889858	-0.007440902	0.9819547	-4.3460622e-17	0	300
1.6644999999999357e-10	0.18901438	-0.0074847974	0.9819319	-4.3460655e-17	0	300
1.6654999999999355e-10	0.1891304	-0.0075269984	0.9819093	-4.3460668e-17	0	300
1.6664999999999353e-10	0.1892466	-0.007567507	0.98188645	-4.3460695e-17	0	300
1.667499999999935e-10	0.18936297	-0.007606327	0.9818636	-4.3460718e-17	0	300
1.6684999999999348e-10	0.1894795	-0.0076434617	0.9818407	-4.3460744e-17	0	300
1.6694999999999346e-10	0.18959613	-0.0076789134	0.9818179	-4.3460764e-17	0	300
1.6704999999999344e-10	0.18971291	-0.0077126883	0.9817948	-4.346078e-17	0	300
1.6714999999999342e-10	0.18982974	-0.00774479	0.9817719	-4.3460814e-17	0	300
1.672499999999934e-10	0.18994662	-0.007775223	0.98174894	-4.346084e-17	0	300
1.6734999999999338e-10	0.19006354	-0.0078039905	0.98172593	-4.346086e-17	0	300
1.6744999999999336e-10	0.19018045	-0.0078310985	0.981703	-4.346088e-17	0	300
1.6754999999999334e-10	0.19029738	-0.007856554	0.98168	-4.3460903e-17	0	300
1.6764999999999332e-10	0.19041425	-0.007880362	0.981657	-4.3460923e-17	0	300
1.677499999999933e-10	0.19053108	-0.007902525	0.9816341	-4.346095e-17	0	300
1.6784999999999327e-10	0.19064784	-0.007923055	0.9816111	-4.3460986e-17	0	300
1.6794999999999325e-10	0.19076449	-0.007941956	0.98158824	-4.3460993e-17	0	300
1.6804999999999323e-10	0.190881	-0.007959232	0.9815652	-4.346102e-17	0	300
1.681499999999932e-10	0.1909974	-0.007974894	0.98154235	-4.3461042e-17	0	300
1.682499999999932e-10	0.19111362	-0.0079889465	0.98151946	-4.346106e-17	0	300
1.6834999999999317e-10	0.19122969	-0.008001399	0.98149663	-4.3461082e-17	0	300
1.6844999999999315e-10	0.19134553	-0.008012259	0.9814738	-4.3461105e-17	0	300
1.6854999999999313e-10	0.19146112	-0.0080215335	0.98145103	-4.3461128e-17	0	300
1.686499999999931e-10	0.1915765	-0.008029233	0.98142844	-4.346114e-17	0	300
1.6874999999999308e-10	0.1916916	-0.008035364	0.9814057	-4.3461178e-17	0	300
1.6884999999999306e-10	0.19180642	-0.008039935	0.981383	-4.3461188e-17	0	300
1.6894999999999304e-10	0.19192092	-0.008042956	0.9813605	-4.3461214e-17	0	300
1.6904999999999302e-10	0.19203511	-0.008044436	0.981338	-4.3461227e-17	0	300
1.69149999999993e-10	0.19214894	-0.008044385	0.9813156	-4.346126e-17	0	300
1.6924999999999298e-10	0.19226241	-0.008042811	0.9812932	-4.346128e-17	0	300
1.6934999999999296e-10	0.1923755	-0.008039727	0.9812709	-4.3461294e-17	0	300
1.6944999999999294e-10	0.19248818	-0.008035141	0.98124874	-4.3461317e-17	0	300
1.6954999999999292e-10	0.19260044	-0.008029064	0.98122656	-4.346135e-17	0	300
1.696499999999929e-10	0.19271229	-0.008021506	0.9812045	-4.3461356e-17	0	300
1.6974999999999287e-10	0.19282365	-0.008012479	0.9811827	-4.3461373e-17	0	300
1.6984999999999285e-10	0.19293453	-0.0080019925	0.98116076	-4.3461403e-17	0	300
1.6994999999999283e-10	0.19304495	-0.00799006	0.981139	-4.346142e-17	0	300
1.700499999999928e-10	0.19315481	-0.007976689	0.98111737	-4.3461433e-17	0	300
1.701499999999928e-10	0.19326417	-0.007961896	0.98109573	-4.3461462e-17	0	300
1.7024999999999277e-10	0.19337298	-0.00794569	0.98107433	-4.3461472e-17	0	300
1.7034999999999275e-10	0.19348122	-0.007928084	0.98105294	-4.346149e-17	0	300
1.7044999999999273e-10	0.19358888	-0.007909087	0.98103166	-4.3461525e-17	0	300
1.705499999999927e-10	0.19369595	-0.007888718	0.98101056	-4.3461532e-17	0	300
1.7064999999999268e-10	0.19380239	-0.007866983	0.98098963	-4.3461552e-17	0	300
1.7074999999999266e-10	0.1939082	-0.007843899	0.9809687	-4.3461568e-17	0	300
1.7084999999999264e-10	0.19401339	-0.007819477	0.980948	-4.3461595e-17	0	300
1.7094999999999262e-10	0.1941179	-0.007793729	0.98092735	-4.3461605e-17	0	300
1.710499999999926e-10	0.19422172	-0.0077666715	0.9809068	-4.3461634e-17	0	300
1.7114999999999258e-10	0.19432488	-0.007738315	0.9808864	-4.3461638e-17	0	300
1.7124999999999256e-10	0.19442731	-0.007708675	0.98086625	-4.3461658e-17	0	300
1.7134999999999254e-10	0.19452901	-0.0076777646	0.9808462	-4.346167e-17	0	300
1.7144999999999252e-10	0.19463	-0.0076455977	0.98082626	-4.3461707e-17	0	300
1.715499999999925e-10	0.19473019	-0.0076121874	0.98080647	-4.346172e-17	0	300
1.7164999999999247e-10	0.19482966	-0.00757755	0.98078686	-4.346173e-17	0	300
1.7174999999999245e-10	0.19492833	-0.0075416975	0.98076737	-4.3461757e-17	0	300
1.7184999999999243e-10	0.19502622	-0.007504646	0.98074806	-4.3461773e-17	0	300
1.719499999999924e-10	0.19512327	-0.0074664094	0.9807288	-4.346179e-17	0	300
1.720499999999924e-10	0.19521952	-0.007427003	0.98070973	-4.3461797e-17	0	300
1.7214999999999237e-10	0.19531493	-0.0073864404	0.98069096	-4.3461823e-17	0	300
1.7224999999999235e-10	0.1954095	-0.007344737	0.98067224	-4.3461836e-17	0	300
1.7234999999999233e-10	0.1955032	-0.007301909	0.9806537	-4.3461853e-17	0	300
1.724499999999923e-10	0.19559607	-0.0072579714	0.98063546	-4.346187e-17	0	300
1.7254999999999229e-10	0.19568802	-0.007212938	0.9806172	-4.346189e-17	0	300
1.7264999999999226e-10	0.19577907	-0.007166826	0.9805993	-4.346191e-17	0	300
1.7274999999999224e-10	0.19586922	-0.00711965	0.9805814	-4.346192e-17	0	300
1.7284999999999222e-10	0.19595847	-0.007071426	0.9805638	-4.346194e-17	0	300
1.729499999999922e-10	0.19604677	-0.0070221694	0.9805464	-4.3461965e-17	0	300
1.7304999999999218e-10	0.19613415	-0.006971896	0.98052907	-4.346197e-17	0	300
1.7314999999999216e-10	0.19622058	-0.006920622	0.980512	-4.3461992e-17	0	300
1.7324999999999214e-10	0.19630602	-0.006868364	0.9804951	-4.3461992e-17	0	300
1.7334999999999212e-10	0.19639051	-0.006815137	0.9804784	-4.3462018e-17	0	300
1.734499999999921e-10	0.19647403	-0.0067609567	0.98046196	-4.3462035e-17	0	300
1.7354999999999207e-10	0.19655654	-0.0067058415	0.98044556	-4.3462055e-17	0	300
1.7364999999999205e-10	0.19663805	-0.0066498057	0.98042953	-4.346207e-17	0	300
1.7374999999999203e-10	0.19671857	-0.006592867	0.98041356	-4.3462084e-17	0	300
1.73849999999992e-10	0.19679807	-0.0065350407	0.9803978	-4.3462098e-17	0	300
1.73949999999992e-10	0.19687654	-0.0064763445	0.9803823	-4.346211e-17	0	300
1.7404999999999197e-10	0.19695398	-0.006416794	0.980367	-4.3462124e-17	0	300
1.7414999999999195e-10	0.19703037	-0.006356406	0.980352	-4.346215e-17	0	300
1.7424999999999193e-10	0.1971057	-0.006295198	0.980337	-4.3462157e-17	0	300
1.743499999999919e-10	0.19717999	-0.006233186	0.98032236	-4.3462177e-17	0	300
1.7444999999999189e-10	0.19725323	-0.006170388	0.9803079	-4.3462197e-17	0	300
1.7454999999999186e-10	0.19732538	-0.006106818	0.98029363	-4.3462207e-17	0	300
1.7464999999999184e-10	0.19739646	-0.0060424954	0.9802795	-4.3462213e-17	0	300
1.7474999999999182e-10	0.19746642	-0.005977436	0.9802658	-4.3462233e-17	0	300
1.748499999999918e-10	0.19753534	-0.0059116567	0.980252	-4.3462253e-17	0	300
1.7494999999999178e-10	0.19760314	-0.005845176	0.9802387	-4.3462256e-17	0	300
1.7504999999999176e-10	0.19766982	-0.005778009	0.98022556	-4.3462273e-17	0	300
1.7514999999999174e-10	0.19773541	-0.0057101725	0.98021257	-4.3462276e-17	0	300
1.7524999999999172e-10	0.19779986	-0.0056416853	0.9801998	-4.3462296e-17	0	300
1.753499999999917e-10	0.19786322	-0.005572563	0.98018724	-4.3462303e-17	0	300
1.7544999999999168e-10	0.19792545	-0.0055028237	0.9801749	-4.346232e-17	0	300
1.7554999999999165e-10	0.19798656	-0.0054324833	0.98016286	-4.3462352e-17	0	300
1.7564999999999163e-10	0.1980465	-0.00536156	0.980151	-4.346235e-17	0	300
1.757499999999916e-10	0.19810535	-0.0052900687	0.9801394	-4.346237e-17	0	300
1.758499999999916e-10	0.19816303	-0.005218029	0.980128	-4.3462376e-17	0	300
1.7594999999999157e-10	0.19821958	-0.005145457	0.98011684	-4.3462405e-17	0	300
1.7604999999999155e-10	0.19827497	-0.0050723697	0.9801058	-4.3462415e-17	0	300
1.7614999999999153e-10	0.19832918	-0.004998784	0.98009515	-4.3462412e-17	0	300
1.762499999999915e-10	0.19838227	-0.004924717	0.98008466	-4.3462445e-17	0	300
1.7634999999999149e-10	0.1984342	-0.0048501855	0.9800744	-4.346245e-17	0	300
1.7644999999999147e-10	0.19848499	-0.004775207	0.98006433	-4.3462468e-17	0	300
1.7654999999999144e-10	0.19853458	-0.0046997974	0.9800546	-4.346248e-17	0	300
1.7664999999999142e-10	0.19858304	-0.0046239747	0.98004496	-4.3462495e-17	0	300
1.767499999999914e-10	0.19863029	-0.004547756	0.9800357	-4.3462498e-17	0	300
1.7684999999999138e-10	0.19867638	-0.0044711567	0.9800265	-4.346251e-17	0	300
1.7694999999999136e-10	0.19872133	-0.004394195	0.9800176	-4.3462524e-17	0	300
1.7704999999999134e-10	0.19876511	-0.004316888	0.98000896	-4.346253e-17	0	300
1.7714999999999132e-10	0.1988077	-0.00423925	0.98000056	-4.346255e-17	0	300
1.772499999999913e-10	0.19884913	-0.0041613	0.9799924	-4.3462564e-17	0	300
1.7734999999999128e-10	0.19888939	-0.0040830537	0.97998446	-4.3462574e-17	0	300
1.7744999999999126e-10	0.19892846	-0.0040045287	0.9799768	-4.3462587e-17	0	300
1.7754999999999123e-10	0.19896635	-0.0039257407	0.9799693	-4.3462594e-17	0	300
1.7764999999999121e-10	0.19900312	-0.0038467057	0.97996193	-4.34626e-17	0	300
1.777499999999912e-10	0.19903867	-0.003767441	0.97995496	-4.3462627e-17	0	300
1.7784999999999117e-10	0.19907306	-0.003687963	0.9799482	-4.3462634e-17	0	300
1.7794999999999115e-10	0.19910628	-0.0036082878	0.9799416	-4.346264e-17	0	300
1.7804999999999113e-10	0.19913833	-0.003528431	0.9799353	-4.346266e-17	0	300
1.781499999999911e-10	0.19916925	-0.00344841	0.9799292	-4.346268e-17	0	300
1.7824999999999109e-10	0.19919896	-0.0033682398	0.9799234	-4.3462693e-17	0	300
1.7834999999999107e-10	0.19922751	-0.0032879375	0.97991776	-4.34627e-17	0	300
1.7844999999999104e-10	0.1992549	-0.0032075178	0.9799124	-4.3462713e-17	0	300
1.7854999999999102e-10	0.19928116	-0.0031269973	0.97990716	-4.346272e-17	0	300
1.78649999999991e-10	0.19930623	-0.0030463922	0.97990227	-4.346272e-17	0	300
1.7874999999999098e-10	0.19933015	-0.002965717	0.9798975	-4.3462743e-17	0	300
1.7884999999999096e-10	0.19935293	-0.0028849887	0.97989315	-4.3462756e-17	0	300
1.7894999999999094e-10	0.19937453	-0.002804222	0.9798888	-4.3462766e-17	0	300
1.7904999999999092e-10	0.199395	-0.002723433	0.97988486	-4.3462773e-17	0	300
1.791499999999909e-10	0.19941436	-0.002642636	0.979881	-4.3462776e-17	0	300
1.7924999999999088e-10	0.19943252	-0.002561847	0.9798775	-4.3462792e-17	0	300
1.7934999999999086e-10	0.1994496	-0.002481081	0.9798741	-4.346281e-17	0	300
1.7944999999999083e-10	0.19946551	-0.0024003533	0.97987103	-4.346281e-17	0	300
1.7954999999999081e-10	0.19948032	-0.0023196787	0.9798681	-4.346282e-17	0	300
1.796499999999908e-10	0.19949399	-0.002239072	0.9798653	-4.346284e-17	0	300
1.7974999999999077e-10	0.19950652	-0.0021585478	0.97986305	-4.3462842e-17	0	300
1.7984999999999075e-10	0.19951797	-0.0020781208	0.9798607	-4.3462855e-17	0	300
1.7994999999999073e-10	0.19952829	-0.0019978054	0.97985876	-4.3462872e-17	0	300
1.800499999999907e-10	0.19953753	-0.0019176168	0.97985697	-4.3462875e-17	0	300
1.801499999999907e-10	0.19954565	-0.0018375686	0.97985536	-4.3462882e-17	0	300
1.8024999999999067e-10	0.1995527	-0.0017576749	0.97985405	-4.3462885e-17	0	300
1.8034999999999065e-10	0.19955865	-0.00167795	0.9798529	-4.34629e-17	0	300
1.8044999999999062e-10	0.19956349	-0.0015984081	0.97985196	-4.3462918e-17	0	300
1.805499999999906e-10	0.19956727	-0.0015190626	0.9798512	-4.346292e-17	0	300
1.8064999999999058e-10	0.19956997	-0.0014399271	0.97985077	-4.3462935e-17	0	300
1.8074999999999056e-10	0.19957164	-0.0013610156	0.97985053	-4.3462948e-17	0	300
1.8084999999999054e-10	0.19957224	-0.0012823415	0.9798505	-4.3462965e-17	0	300
1.8094999999999052e-10	0.19957176	-0.0012039181	0.97985065	-4.346297e-17	0	300
1.810499999999905e-10	0.19957027	-0.0011257583	0.97985095	-4.3462984e-17	0	300
1.8114999999999048e-10	0.19956772	-0.0010478755	0.9798515	-4.3462994e-17	0	300
1.8124999999999046e-10	0.19956413	-0.00097028236	0.97985226	-4.3463e-17	0	300
1.8134999999999044e-10	0.19955954	-0.0008929921	0.9798533	-4.3463e-17	0	300
1.8144999999999041e-10	0.19955394	-0.000816017	0.97985446	-4.3463024e-17	0	300
1.815499999999904e-10	0.1995473	-0.00073936954	0.97985584	-4.3463024e-17	0	300
1.8164999999999037e-10	0.19953969	-0.0006630623	0.9798573	-4.3463027e-17	0	300
1.8174999999999035e-10	0.19953105	-0.0005871074	0.9798591	-4.3463034e-17	0	300
1.8184999999999033e-10	0.19952144	-0.0005115168	0.979861	-4.346305e-17	0	300
1.819499999999903e-10	0.19951084	-0.00043630265	0.9798633	-4.3463057e-17	0	300
1.820499999999903e-10	0.19949931	-0.00036147668	0.9798657	-4.3463074e-17	0	300
1.8214999999999027e-10	0.19948679	-0.0002870505	0.9798681	-4.3463087e-17	0	300
1.8224999999999025e-10	0.19947332	-0.00021303573	0.9798709	-4.3463077e-17	0	300
1.8234999999999022e-10	0.1994589	-0.00013944364	0.9798738	-4.3463084e-17	0	300
1.824499999999902e-10	0.19944356	-6.628549e-05	0.9798769	-4.3463107e-17	0	300
1.8254999999999018e-10	0.19942725	6.42793e-06	0.97988015	-4.3463117e-17	0	300
1.8264999999999016e-10	0.19941005	7.868533e-05	0.97988373	-4.3463117e-17	0	300
1.8274999999999014e-10	0.19939196	0.00015047617	0.97988737	-4.346312e-17	0	300
1.8284999999999012e-10	0.19937295	0.00022178979	0.9798912	-4.3463137e-17	0	300
1.829499999999901e-10	0.19935304	0.00029261576	0.97989523	-4.3463123e-17	0	300
1.8304999999999008e-10	0.19933227	0.00036294392	0.97989935	-4.3463163e-17	0	300
1.8314999999999006e-10	0.1993106	0.00043276395	0.9799037	-4.346316e-17	0	300
1.8324999999999004e-10	0.19928809	0.00050206605	0.9799083	-4.346317e-17	0	300
1.8334999999999001e-10	0.1992647	0.00057084044	0.979913	-4.346317e-17	0	300
1.8344999999999e-10	0.1992405	0.0006390772	0.97991794	-4.3463183e-17	0	300
1.8354999999998997e-10	0.19921544	0.0007067671	0.9799229	-4.346319e-17	0	300
1.8364999999998995e-10	0.19918959	0.00077390077	0.97992814	-4.3463203e-17	0	300
1.8374999999998993e-10	0.1991629	0.00084046903	0.97993356	-4.3463213e-17	0	300
1.838499999999899e-10	0.1991354	0.00090646284	0.97993904	-4.346322e-17	0	300
1.839499999999899e-10	0.19910711	0.0009718736	0.97994477	-4.346323e-17	0	300
1.8404999999998987e-10	0.19907804	0.0010366923	0.9799505	-4.3463233e-17	0	300
1.8414999999998985e-10	0.19904819	0.0011009106	0.97995657	-4.346323e-17	0	300
1.8424999999998983e-10	0.1990176	0.0011645203	0.9799627	-4.3463256e-17	0	300
1.843499999999898e-10	0.19898622	0.001227513	0.97996897	-4.346326e-17	0	300
1.8444999999998978e-10	0.19895415	0.0012898805	0.9799755	-4.3463266e-17	0	300
1.8454999999998976e-10	0.1989213	0.0013516155	0.9799821	-4.346328e-17	0	300
1.8464999999998974e-10	0.19888777	0.0014127102	0.9799889	-4.3463285e-17	0	300
1.8474999999998972e-10	0.1988535	0.0014731569	0.9799957	-4.346329e-17	0	300
1.848499999999897e-10	0.19881853	0.0015329483	0.9800027	-4.34633e-17	0	300
1.8494999999998968e-10	0.1987829	0.0015920772	0.98000973	-4.3463305e-17	0	300
1.8504999999998966e-10	0.19874655	0.0016505369	0.98001724	-4.346332e-17	0	300
1.8514999999998964e-10	0.19870959	0.0017083203	0.9800246	-4.3463322e-17	0	300
1.8524999999998962e-10	0.19867194	0.0017654208	0.98003215	-4.3463332e-17	0	300
1.853499999999896e-10	0.19863367	0.0018218319	0.9800398	-4.346334e-17	0	300
1.8544999999998957e-10	0.19859473	0.0018775474	0.98004764	-4.3463348e-17	0	300
1.8554999999998955e-10	0.1985552	0.0019325609	0.9800556	-4.3463355e-17	0	300
1.8564999999998953e-10	0.19851506	0.0019868666	0.9800637	-4.3463358e-17	0	300
1.857499999999895e-10	0.19847432	0.0020404588	0.9800718	-4.346336e-17	0	300
1.858499999999895e-10	0.19843298	0.0020933317	0.98008007	-4.346337e-17	0	300
1.8594999999998947e-10	0.1983911	0.00214548	0.9800885	-4.3463375e-17	0	300
1.8604999999998945e-10	0.19834861	0.002196898	0.98009706	-4.3463385e-17	0	300
1.8614999999998943e-10	0.1983056	0.002247581	0.98010564	-4.3463398e-17	0	300
1.862499999999894e-10	0.19826204	0.002297524	0.98011434	-4.34634e-17	0	300
1.8634999999998938e-10	0.19821794	0.002346722	0.9801232	-4.3463415e-17	0	300
1.8644999999998936e-10	0.19817333	0.0023951705	0.9801321	-4.346342e-17	0	300
1.8654999999998934e-10	0.19812822	0.0024428652	0.9801412	-4.346341e-17	0	300
1.8664999999998932e-10	0.19808263	0.0024898015	0.98015034	-4.346342e-17	0	300
1.867499999999893e-10	0.19803652	0.0025359758	0.98015964	-4.346344e-17	0	300
1.8684999999998928e-10	0.19798996	0.0025813833	0.9801689	-4.3463434e-17	0	300
1.8694999999998926e-10	0.19794294	0.0026260212	0.98017836	-4.346345e-17	0	300
1.8704999999998924e-10	0.19789547	0.0026698853	0.98018783	-4.346345e-17	0	300
1.8714999999998922e-10	0.19784757	0.0027129722	0.9801975	-4.346345e-17	0	300
1.872499999999892e-10	0.19779924	0.0027552787	0.9802072	-4.346346e-17	0	300
1.8734999999998917e-10	0.1977505	0.0027968017	0.98021704	-4.346347e-17	0	300
1.8744999999998915e-10	0.19770136	0.002837539	0.9802268	-4.3463484e-17	0	300
1.8754999999998913e-10	0.19765183	0.0028774864	0.9802367	-4.3463474e-17	0	300
1.876499999999891e-10	0.19760194	0.0029166422	0.9802467	-4.346349e-17	0	300
1.877499999999891e-10	0.19755167	0.002955004	0.9802568	-4.3463504e-17	0	300
1.8784999999998907e-10	0.19750103	0.0029925692	0.980267	-4.34635e-17	0	300
1.8794999999998905e-10	0.19745007	0.0030293355	0.9802771	-4.3463507e-17	0	300
1.8804999999998903e-10	0.19739878	0.0030653018	0.98028755	-4.3463524e-17	0	300
1.88149999999989e-10	0.19734718	0.0031004655	0.9802978	-4.3463537e-17	0	300
1.8824999999998898e-10	0.19729525	0.0031348253	0.9803082	-4.3463524e-17	0	300
1.8834999999998896e-10	0.19724302	0.00316838	0.9803187	-4.346354e-17	0	300
1.8844999999998894e-10	0.19719052	0.0032011278	0.98032916	-4.346354e-17	0	300
1.8854999999998892e-10	0.19713777	0.0032330677	0.9803397	-4.3463547e-17	0	300
1.886499999999889e-10	0.19708472	0.0032641985	0.98035043	-4.346356e-17	0	300
1.8874999999998888e-10	0.19703144	0.0032945203	0.9803611	-4.3463567e-17	0	300
1.8884999999998886e-10	0.19697793	0.0033240314	0.9803719	-4.3463567e-17	0	300
1.8894999999998884e-10	0.19692421	0.0033527315	0.9803827	-4.3463583e-17	0	300
1.8904999999998882e-10	0.19687025	0.0033806204	0.98039335	-4.3463596e-17	0	300
1.891499999999888e-10	0.19681609	0.0034076984	0.9804043	-4.3463587e-17	0	300
1.8924999999998877e-10	0.19676174	0.0034339651	0.9804152	-4.3463593e-17	0	300
1.8934999999998875e-10	0.19670722	0.0034594198	0.9804261	-4.3463596e-17	0	300
1.8944999999998873e-10	0.19665253	0.0034840635	0.9804371	-4.3463603e-17	0	300
1.895499999999887e-10	0.19659767	0.0035078968	0.98044807	-4.34636e-17	0	300
1.896499999999887e-10	0.1965427	0.00353092	0.98045903	-4.3463616e-17	0	300
1.8974999999998867e-10	0.19648756	0.0035531337	0.98047006	-4.3463623e-17	0	300
1.8984999999998865e-10	0.1964323	0.0035745392	0.9804812	-4.3463613e-17	0	300
1.8994999999998863e-10	0.19637692	0.003595137	0.9804923	-4.3463643e-17	0	300
1.900499999999886e-10	0.19632149	0.003614928	0.98050344	-4.3463643e-17	0	300
1.9014999999998858e-10	0.19626594	0.0036339145	0.9805146	-4.3463643e-17	0	300
1.9024999999998856e-10	0.1962103	0.0036520972	0.98052573	-4.346364e-17	0	300
1.9034999999998854e-10	0.19615461	0.003669478	0.9805369	-4.3463656e-17	0	300
1.9044999999998852e-10	0.19609883	0.003686058	0.9805481	-4.346366e-17	0	300
1.905499999999885e-10	0.19604306	0.00370184	0.98055923	-4.3463663e-17	0	300
1.9064999999998848e-10	0.19598721	0.0037168255	0.9805704	-4.3463663e-17	0	300
1.9074999999998846e-10	0.19593135	0.0037310165	0.98058164	-4.3463663e-17	0	300
1.9084999999998844e-10	0.19587548	0.0037444157	0.98059285	-4.3463683e-17	0	300
1.9094999999998842e-10	0.19581962	0.003757025	0.980604	-4.3463683e-17	0	300
1.910499999999884e-10	0.19576374	0.003768847	0.98061526	-4.346369e-17	0	300
1.9114999999998837e-10	0.19570789	0.003779885	0.98062634	-4.3463706e-17	0	300
1.9124999999998835e-10	0.19565208	0.003790141	0.98063755	-4.3463712e-17	0	300
1.9134999999998833e-10	0.1955963	0.0037996185	0.98064876	-4.3463696e-17	0	300
1.914499999999883e-10	0.19554058	0.0038083203	0.9806599	-4.3463716e-17	0	300
1.915499999999883e-10	0.19548489	0.0038162498	0.98067117	-4.346373e-17	0	300
1.9164999999998827e-10	0.1954293	0.00382341	0.98068225	-4.346372e-17	0	300
1.9174999999998825e-10	0.19537376	0.0038298047	0.98069346	-4.346374e-17	0	300
1.9184999999998823e-10	0.19531834	0.003835437	0.9807044	-4.346373e-17	0	300
1.919499999999882e-10	0.19526301	0.0038403112	0.9807155	-4.3463742e-17	0	300
1.9204999999998819e-10	0.1952078	0.0038444304	0.98072666	-4.346375e-17	0	300
1.9214999999998816e-10	0.19515267	0.0038477995	0.9807376	-4.3463735e-17	0	300
1.9224999999998814e-10	0.1950977	0.0038504216	0.9807487	-4.3463752e-17	0	300
1.9234999999998812e-10	0.19504286	0.0038523013	0.98075974	-4.346377e-17	0	300
1.924499999999881e-10	0.19498816	0.0038534424	0.9807707	-4.3463762e-17	0	300
1.9254999999998808e-10	0.19493365	0.00385385	0.98078156	-4.3463765e-17	0	300
1.9264999999998806e-10	0.1948793	0.0038535285	0.9807926	-4.3463772e-17	0	300
1.9274999999998804e-10	0.19482508	0.0038524815	0.9808034	-4.3463782e-17	0	300
1.9284999999998802e-10	0.19477111	0.0038507155	0.9808142	-4.3463785e-17	0	300
1.92949999999988e-10	0.19471727	0.0038482337	0.98082507	-4.3463782e-17	0	300
1.9304999999998798e-10	0.19466369	0.0038450414	0.98083574	-4.346379e-17	0	300
1.9314999999998795e-10	0.19461027	0.0038411443	0.98084646	-4.3463792e-17	0	300
1.9324999999998793e-10	0.1945571	0.003836547	0.9808572	-4.34638e-17	0	300
1.933499999999879e-10	0.19450416	0.0038312548	0.98086774	-4.3463808e-17	0	300
1.934499999999879e-10	0.19445144	0.003825273	0.98087835	-4.3463808e-17	0	300
1.9354999999998787e-10	0.19439897	0.0038186067	0.98088884	-4.346381e-17	0	300
1.9364999999998785e-10	0.19434679	0.0038112625	0.9808994	-4.3463815e-17	0	300
1.9374999999998783e-10	0.19429483	0.0038032448	0.98090976	-4.3463835e-17	0	300
1.938499999999878e-10	0.19424316	0.00379456	0.98092014	-4.3463835e-17	0	300
1.9394999999998779e-10	0.19419177	0.0037852137	0.98093045	-4.3463825e-17	0	300
1.9404999999998776e-10	0.19414064	0.0037752117	0.98094076	-4.346384e-17	0	300
1.9414999999998774e-10	0.19408983	0.00376456	0.98095083	-4.346384e-17	0	300
1.9424999999998772e-10	0.19403933	0.003753265	0.980961	-4.3463838e-17	0	300
1.943499999999877e-10	0.19398913	0.0037413323	0.9809711	-4.3463855e-17	0	300
1.9444999999998768e-10	0.19393924	0.0037287683	0.9809811	-4.3463858e-17	0	300
1.9454999999998766e-10	0.19388969	0.0037155794	0.98099107	-4.346386e-17	0	300
1.9464999999998764e-10	0.19384046	0.0037017725	0.9810009	-4.3463868e-17	0	300
1.9474999999998762e-10	0.19379157	0.003687353	0.98101085	-4.3463878e-17	0	300
1.948499999999876e-10	0.19374302	0.0036723283	0.98102057	-4.346387e-17	0	300
1.9494999999998758e-10	0.19369483	0.003656705	0.98103017	-4.3463878e-17	0	300
1.9504999999998755e-10	0.19364703	0.0036404892	0.9810398	-4.346388e-17	0	300
1.9514999999998753e-10	0.19359957	0.0036236872	0.9810493	-4.3463878e-17	0	300
1.952499999999875e-10	0.19355248	0.0036063073	0.9810588	-4.3463888e-17	0	300
1.953499999999875e-10	0.19350578	0.0035883551	0.98106813	-4.346389e-17	0	300
1.9544999999998747e-10	0.19345948	0.0035698386	0.98107743	-4.3463894e-17	0	300
1.9554999999998745e-10	0.19341356	0.0035507644	0.9810867	-4.3463898e-17	0	300
1.9564999999998743e-10	0.19336802	0.003531139	0.9810958	-4.3463908e-17	0	300
1.957499999999874e-10	0.19332291	0.0035109702	0.98110485	-4.346391e-17	0	300
1.9584999999998739e-10	0.1932782	0.0034902655	0.9811139	-4.3463917e-17	0	300
1.9594999999998737e-10	0.1932339	0.0034690308	0.9811228	-4.346392e-17	0	300
1.9604999999998734e-10	0.19319007	0.0034472751	0.9811315	-4.346392e-17	0	300
1.9614999999998732e-10	0.19314663	0.0034250044	0.9811403	-4.3463917e-17	0	300
1.962499999999873e-10	0.19310363	0.0034022268	0.98114896	-4.346393e-17	0	300
1.9634999999998728e-10	0.19306105	0.0033789496	0.98115754	-4.346393e-17	0	300
1.9644999999998726e-10	0.19301893	0.00335518	0.981166	-4.3463947e-17	0	300
1.9654999999998724e-10	0.19297725	0.0033309266	0.9811743	-4.346393e-17	0	300
1.9664999999998722e-10	0.19293606	0.003306196	0.98118263	-4.3463947e-17	0	300
1.967499999999872e-10	0.1928953	0.0032809959	0.98119086	-4.3463957e-17	0	300
1.9684999999998718e-10	0.19285503	0.0032553344	0.98119897	-4.3463944e-17	0	300
1.9694999999998716e-10	0.1928152	0.003229219	0.9812069	-4.3463954e-17	0	300
1.9704999999998713e-10	0.19277588	0.0032026574	0.98121476	-4.3463954e-17	0	300
1.9714999999998711e-10	0.19273701	0.0031756577	0.9812227	-4.3463957e-17	0	300
1.972499999999871e-10	0.19269863	0.003148228	0.9812304	-4.3463964e-17	0	300
1.9734999999998707e-10	0.19266073	0.0031203746	0.98123795	-4.346397e-17	0	300
1.9744999999998705e-10	0.19262333	0.0030921076	0.9812455	-4.3463974e-17	0	300
1.9754999999998703e-10	0.19258644	0.003063433	0.98125297	-4.346399e-17	0	300
1.97649999999987e-10	0.19255003	0.00303436	0.9812602	-4.3463977e-17	0	300
1.9774999999998699e-10	0.19251414	0.0030048962	0.9812675	-4.3463984e-17	0	300
1.9784999999998697e-10	0.19247875	0.0029750492	0.98127455	-4.3464e-17	0	300
1.9794999999998694e-10	0.19244388	0.0029448278	0.9812817	-4.346399e-17	0	300
1.9804999999998692e-10	0.1924095	0.0029142392	0.9812886	-4.3464003e-17	0	300
1.981499999999869e-10	0.19237565	0.0028832925	0.98129535	-4.3463994e-17	0	300
1.9824999999998688e-10	0.19234231	0.0028519952	0.981302	-4.3464e-17	0	300
1.9834999999998686e-10	0.1923095	0.002820355	0.9813086	-4.3464007e-17	0	300
1.9844999999998684e-10	0.19227722	0.00278838	0.98131514	-4.3464013e-17	0	300
1.9854999999998682e-10	0.19224548	0.0027560794	0.9813216	-4.346402e-17	0	300
1.986499999999868e-10	0.19221425	0.0027234603	0.9813279	-4.346402e-17	0	300
1.9874999999998678e-10	0.19218358	0.0026905315	0.98133403	-4.3464023e-17	0	300
1.9884999999998676e-10	0.19215341	0.0026573006	0.98134017	-4.3464023e-17	0	300
1.9894999999998673e-10	0.1921238	0.0026237762	0.98134613	-4.346403e-17	0	300
1.9904999999998671e-10	0.19209474	0.0025899662	0.98135185	-4.346403e-17	0	300
1.991499999999867e-10	0.19206622	0.0025558788	0.9813577	-4.346403e-17	0	300
1.9924999999998667e-10	0.19203822	0.0025215223	0.9813634	-4.3464023e-17	0	300
1.9934999999998665e-10	0.19201079	0.0024869049	0.9813689	-4.3464037e-17	0	300
1.9944999999998663e-10	0.19198391	0.0024520347	0.9813743	-4.3464043e-17	0	300
1.995499999999866e-10	0.19195758	0.00241692	0.9813797	-4.3464043e-17	0	300
1.996499999999866e-10	0.19193178	0.0023815683	0.9813848	-4.346405e-17	0	300
1.9974999999998657e-10	0.19190657	0.0023459883	0.9813898	-4.3464046e-17	0	300
1.9984999999998655e-10	0.1918819	0.0023101885	0.98139495	-4.346405e-17	0	300
1.9994999999998652e-10	0.19185778	0.0022741766	0.9813998	-4.346406e-17	0	300
2.000499999999865e-10	0.19183421	0.0022379605	0.98140454	-4.3464056e-17	0	300
2.0014999999998648e-10	0.19181123	0.002201549	0.9814092	-4.346406e-17	0	300
2.0024999999998646e-10	0.19178876	0.0021649497	0.9814137	-4.3464063e-17	0	300
2.0034999999998644e-10	0.19176689	0.0021281703	0.98141813	-4.346407e-17	0	300
2.0044999999998642e-10	0.19174558	0.0020912199	0.9814225	-4.3464073e-17	0	300
2.005499999999864e-10	0.1917248	0.0020541055	0.9814268	-4.346407e-17	0	300
2.0064999999998638e-10	0.1917046	0.0020168358	0.98143077	-4.346408e-17	0	300
2.0074999999998636e-10	0.19168496	0.0019794188	0.98143476	-4.3464073e-17	0	300
2.0084999999998634e-10	0.1916659	0.0019418622	0.9814386	-4.346408e-17	0	300
2.0094999999998631e-10	0.19164737	0.0019041742	0.98144233	-4.3464076e-17	0	300
2.010499999999863e-10	0.19162942	0.0018663626	0.981446	-4.346409e-17	0	300
2.0114999999998627e-10	0.19161204	0.0018284356	0.9814496	-4.3464093e-17	0	300
2.0124999999998625e-10	0.19159521	0.0017904002	0.98145294	-4.3464093e-17	0	300
2.0134999999998623e-10	0.19157892	0.0017522655	0.9814563	-4.3464096e-17	0	300
2.014499999999862e-10	0.19156323	0.0017140385	0.9814594	-4.3464106e-17	0	300
2.015499999999862e-10	0.1915481	0.0016757273	0.98146254	-4.346411e-17	0	300
2.0164999999998617e-10	0.1915335	0.0016373396	0.9814655	-4.34641e-17	0	300
2.0174999999998615e-10	0.19151947	0.0015988833	0.98146844	-4.3464113e-17	0	300
2.0184999999998612e-10	0.19150601	0.0015603658	0.98147106	-4.3464116e-17	0	300
2.019499999999861e-10	0.1914931	0.0015217949	0.9814738	-4.3464103e-17	0	300
2.0204999999998608e-10	0.19148073	0.0014831781	0.9814763	-4.346412e-17	0	300
2.0214999999998606e-10	0.19146894	0.0014445231	0.9814788	-4.346412e-17	0	300
2.0224999999998604e-10	0.19145769	0.0014058374	0.981481	-4.3464126e-17	0	300
2.0234999999998602e-10	0.19144699	0.0013671286	0.9814832	-4.346411e-17	0	300
2.02449999999986e-10	0.19143686	0.001328404	0.98148525	-4.3464116e-17	0	300
2.0254999999998598e-10	0.19142723	0.0012896709	0.98148733	-4.3464126e-17	0	300
2.0264999999998596e-10	0.19141819	0.0012509373	0.9814891	-4.3464126e-17	0	300
2.0274999999998594e-10	0.19140968	0.0012122098	0.9814909	-4.3464132e-17	0	300
2.0284999999998591e-10	0.19140172	0.0011734964	0.9814926	-4.3464126e-17	0	300
2.029499999999859e-10	0.19139431	0.0011348034	0.9814941	-4.3464132e-17	0	300
2.0304999999998587e-10	0.19138743	0.0010961386	0.9814955	-4.346414e-17	0	300
2.0314999999998585e-10	0.19138111	0.001057509	0.9814968	-4.3464146e-17	0	300
2.0324999999998583e-10	0.1913753	0.001018922	0.981498	-4.346414e-17	0	300
2.033499999999858e-10	0.19137004	0.0009803841	0.9814992	-4.3464142e-17	0	300
2.034499999999858e-10	0.1913653	0.0009419024	0.98150015	-4.346415e-17	0	300
2.0354999999998577e-10	0.19136108	0.00090348406	0.9815011	-4.3464162e-17	0	300
2.0364999999998575e-10	0.19135742	0.0008651357	0.9815019	-4.3464166e-17	0	300
2.0374999999998573e-10	0.19135426	0.0008268642	0.9815026	-4.3464152e-17	0	300
2.038499999999857e-10	0.19135162	0.00078867655	0.9815031	-4.3464156e-17	0	300
2.0394999999998568e-10	0.1913495	0.000750579	0.98150367	-4.346416e-17	0	300
2.0404999999998566e-10	0.1913479	0.00071257865	0.98150396	-4.346418e-17	0	300
2.0414999999998564e-10	0.19134681	0.0006746816	0.9815043	-4.346416e-17	0	300
2.0424999999998562e-10	0.19134624	0.00063689466	0.9815045	-4.3464176e-17	0	300
2.043499999999856e-10	0.19134617	0.0005992242	0.98150456	-4.3464182e-17	0	300
2.0444999999998558e-10	0.19134662	0.00056167645	0.98150444	-4.3464176e-17	0	300
2.0454999999998556e-10	0.19134751	0.00052425807	0.98150444	-4.346418e-17	0	300
2.0464999999998554e-10	0.19134897	0.000486975	0.9815041	-4.346417e-17	0	300
2.0474999999998552e-10	0.19135088	0.00044983372	0.98150384	-4.3464182e-17	0	300
2.048499999999855e-10	0.19135329	0.0004128401	0.98150337	-4.3464182e-17	0	300
2.0494999999998547e-10	0.19135618	0.0003760003	0.9815029	-4.3464192e-17	0	300
2.0504999999998545e-10	0.19135955	0.00033932037	0.9815023	-4.3464182e-17	0	300
2.0514999999998543e-10	0.19136344	0.0003028062	0.9815016	-4.3464195e-17	0	300
2.052499999999854e-10	0.19136778	0.0002664636	0.98150074	-4.3464195e-17	0	300
2.053499999999854e-10	0.19137257	0.0002302985	0.9814998	-4.3464192e-17	0	300
2.0544999999998537e-10	0.19137783	0.00019431651	0.98149884	-4.34642e-17	0	300
2.0554999999998535e-10	0.1913836	0.00015852335	0.98149776	-4.34642e-17	0	300
2.0564999999998533e-10	0.19138978	0.0001229244	0.9814966	-4.3464195e-17	0	300
2.057499999999853e-10	0.19139643	8.752532e-05	0.9814953	-4.3464195e-17	0	300
2.0584999999998528e-10	0.19140355	5.2331554e-05	0.9814939	-4.3464205e-17	0	300
2.0594999999998526e-10	0.19141108	1.7348433e-05	0.9814925	-4.34642e-17	0	300
2.0604999999998524e-10	0.19141908	-1.7418733e-05	0.9814909	-4.3464202e-17	0	300
2.0614999999998522e-10	0.19142753	-5.196475e-05	0.9814894	-4.3464205e-17	0	300
2.062499999999852e-10	0.19143641	-8.62844e-05	0.9814876	-4.346422e-17	0	300
2.0634999999998518e-10	0.19144571	-0.000120372715	0.9814858	-4.3464222e-17	0	300
2.0644999999998516e-10	0.19145542	-0.00015422478	0.98148394	-4.3464215e-17	0	300
2.0654999999998514e-10	0.19146557	-0.00018783551	0.9814819	-4.346423e-17	0	300
2.0664999999998512e-10	0.19147614	-0.00022120011	0.9814799	-4.3464215e-17	0	300
2.067499999999851e-10	0.19148712	-0.00025431378	0.9814777	-4.346423e-17	0	300
2.0684999999998507e-10	0.19149852	-0.000287172	0.9814756	-4.346423e-17	0	300
2.0694999999998505e-10	0.19151029	-0.00031977007	0.9814732	-4.346423e-17	0	300
2.0704999999998503e-10	0.1915225	-0.00035210338	0.9814709	-4.3464225e-17	0	300
2.07149999999985e-10	0.19153506	-0.0003841676	0.98146844	-4.3464225e-17	0	300
2.07249999999985e-10	0.19154802	-0.00041595826	0.9814659	-4.3464235e-17	0	300
2.0734999999998497e-10	0.19156137	-0.00044747128	0.9814632	-4.346423e-17	0	300
2.0744999999998495e-10	0.19157508	-0.0004787023	0.9814605	-4.3464242e-17	0	300
2.0754999999998493e-10	0.1915892	-0.00050964725	0.9814577	-4.3464242e-17	0	300
2.076499999999849e-10	0.19160368	-0.000540302	0.9814549	-4.3464248e-17	0	300
2.0774999999998488e-10	0.1916185	-0.00057066267	0.981452	-4.3464242e-17	0	300
2.0784999999998486e-10	0.1916337	-0.00060072524	0.98144907	-4.3464248e-17	0	300
2.0794999999998484e-10	0.19164924	-0.00063048594	0.98144597	-4.346424e-17	0	300
2.0804999999998482e-10	0.19166514	-0.0006599412	0.9814428	-4.3464248e-17	0	300
2.081499999999848e-10	0.19168136	-0.00068908714	0.9814397	-4.346425e-17	0	300
2.0824999999998478e-10	0.19169796	-0.00071792037	0.9814364	-4.3464248e-17	0	300
2.0834999999998476e-10	0.19171485	-0.0007464373	0.98143303	-4.346425e-17	0	300
2.0844999999998474e-10	0.1917321	-0.0007746346	0.98142964	-4.3464245e-17	0	300
2.0854999999998472e-10	0.19174966	-0.0008025089	0.98142624	-4.3464265e-17	0	300
2.086499999999847e-10	0.19176754	-0.0008300571	0.9814228	-4.3464255e-17	0	300
2.0874999999998467e-10	0.19178572	-0.0008572759	0.9814192	-4.3464265e-17	0	300
2.0884999999998465e-10	0.19180422	-0.0008841622	0.98141545	-4.3464255e-17	0	300
2.0894999999998463e-10	0.19182299	-0.00091071316	0.9814118	-4.346426e-17	0	300
2.090499999999846e-10	0.19184206	-0.0009369257	0.981408	-4.3464258e-17	0	300
2.091499999999846e-10	0.19186148	-0.0009627971	0.9814042	-4.346426e-17	0	300
2.0924999999998457e-10	0.19188112	-0.0009883244	0.98140025	-4.346427e-17	0	300
2.0934999999998455e-10	0.19190106	-0.0010135053	0.98139644	-4.346427e-17	0	300
2.0944999999998453e-10	0.19192125	-0.0010383371	0.9813924	-4.346426e-17	0	300
2.095499999999845e-10	0.19194175	-0.0010628172	0.98138833	-4.346427e-17	0	300
2.0964999999998449e-10	0.19196248	-0.0010869433	0.9813843	-4.346427e-17	0	300
2.0974999999998446e-10	0.19198349	-0.0011107128	0.9813801	-4.346427e-17	0	300
2.0984999999998444e-10	0.19200474	-0.0011341238	0.981376	-4.346429e-17	0	300
2.0994999999998442e-10	0.19202624	-0.001157174	0.98137164	-4.3464285e-17	0	300
2.100499999999844e-10	0.19204795	-0.0011798614	0.98136747	-4.3464288e-17	0	300
2.1014999999998438e-10	0.19206992	-0.0012021837	0.98136306	-4.3464278e-17	0	300
2.1024999999998436e-10	0.19209212	-0.0012241391	0.9813586	-4.3464275e-17	0	300
2.1034999999998434e-10	0.19211453	-0.001245726	0.9813542	-4.346427e-17	0	300
2.1044999999998432e-10	0.19213718	-0.0012669426	0.98134977	-4.346429e-17	0	300
2.105499999999843e-10	0.19216001	-0.0012877871	0.98134524	-4.34643e-17	0	300
2.1064999999998427e-10	0.19218308	-0.0013082577	0.98134065	-4.3464295e-17	0	300
2.1074999999998425e-10	0.19220632	-0.0013283533	0.98133606	-4.34643e-17	0	300
2.1084999999998423e-10	0.19222978	-0.001348072	0.98133147	-4.3464295e-17	0	300
2.109499999999842e-10	0.19225341	-0.0013674127	0.98132676	-4.346429e-17	0	300
2.110499999999842e-10	0.19227724	-0.001386374	0.981322	-4.346429e-17	0	300
2.1114999999998417e-10	0.19230123	-0.001404955	0.9813172	-4.3464295e-17	0	300
2.1124999999998415e-10	0.19232541	-0.0014231545	0.9813125	-4.3464295e-17	0	300
2.1134999999998413e-10	0.19234973	-0.001440971	0.9813077	-4.3464308e-17	0	300
2.114499999999841e-10	0.19237423	-0.0014584042	0.98130274	-4.346431e-17	0	300
2.1154999999998409e-10	0.19239888	-0.0014754528	0.9812978	-4.3464295e-17	0	300
2.1164999999998406e-10	0.19242369	-0.0014921161	0.98129296	-4.3464308e-17	0	300
2.1174999999998404e-10	0.19244865	-0.0015083932	0.9812881	-4.3464308e-17	0	300
2.1184999999998402e-10	0.19247372	-0.0015242839	0.98128307	-4.34643e-17	0	300
2.11949999999984e-10	0.19249894	-0.0015397874	0.98127806	-4.346431e-17	0	300
2.1204999999998398e-10	0.19252427	-0.0015549029	0.9812731	-4.3464305e-17	0	300
2.1214999999998396e-10	0.19254974	-0.0015696303	0.98126805	-4.346431e-17	0	300
2.1224999999998394e-10	0.19257532	-0.0015839691	0.9812629	-4.3464314e-17	0	300
2.1234999999998392e-10	0.19260101	-0.0015979193	0.98125786	-4.346431e-17	0	300
2.124499999999839e-10	0.1926268	-0.0016114806	0.98125273	-4.3464324e-17	0	300
2.1254999999998388e-10	0.19265269	-0.0016246529	0.98124754	-4.3464328e-17	0	300
2.1264999999998385e-10	0.19267868	-0.0016374358	0.9812425	-4.3464324e-17	0	300
2.1274999999998383e-10	0.19270477	-0.0016498298	0.98123723	-4.346432e-17	0	300
2.128499999999838e-10	0.19273093	-0.0016618348	0.98123205	-4.3464314e-17	0	300
2.129499999999838e-10	0.19275716	-0.0016734512	0.9812268	-4.346432e-17	0	300
2.1304999999998377e-10	0.19278345	-0.001684679	0.98122156	-4.3464324e-17	0	300
2.1314999999998375e-10	0.19280985	-0.0016955185	0.98121643	-4.346432e-17	0	300
2.1324999999998373e-10	0.19283628	-0.00170597	0.9812112	-4.346433e-17	0	300
2.133499999999837e-10	0.19286275	-0.0017160345	0.9812059	-4.3464328e-17	0	300
2.1344999999998369e-10	0.19288932	-0.0017257116	0.98120064	-4.3464328e-17	0	300
2.1354999999998367e-10	0.1929159	-0.0017350031	0.9811954	-4.3464334e-17	0	300
2.1364999999998364e-10	0.19294253	-0.0017439087	0.9811901	-4.3464328e-17	0	300
2.1374999999998362e-10	0.19296917	-0.0017524296	0.9811847	-4.3464338e-17	0	300
2.138499999999836e-10	0.19299588	-0.0017605664	0.9811795	-4.3464344e-17	0	300
2.1394999999998358e-10	0.1930226	-0.0017683202	0.9811741	-4.3464334e-17	0	300
2.1404999999998356e-10	0.19304931	-0.0017756919	0.98116887	-4.346433e-17	0	300
2.1414999999998354e-10	0.19307607	-0.0017826821	0.9811635	-4.346434e-17	0	300
2.1424999999998352e-10	0.19310284	-0.0017892923	0.98115826	-4.346434e-17	0	300
2.143499999999835e-10	0.19312957	-0.0017955236	0.9811529	-4.3464338e-17	0	300
2.1444999999998348e-10	0.19315633	-0.0018013773	0.9811475	-4.3464348e-17	0	300
2.1454999999998345e-10	0.19318311	-0.0018068544	0.9811423	-4.3464338e-17	0	300
2.1464999999998343e-10	0.19320984	-0.0018119564	0.9811369	-4.3464348e-17	0	300
2.147499999999834e-10	0.19323656	-0.0018166843	0.98113155	-4.3464348e-17	0	300
2.148499999999834e-10	0.19326325	-0.0018210403	0.98112637	-4.346435e-17	0	300
2.1494999999998337e-10	0.19328994	-0.0018250253	0.981121	-4.3464348e-17	0	300
2.1504999999998335e-10	0.19331658	-0.0018286412	0.9811157	-4.3464348e-17	0	300
2.1514999999998333e-10	0.19334319	-0.0018318895	0.9811105	-4.3464348e-17	0	300
2.152499999999833e-10	0.19336975	-0.0018347721	0.9811051	-4.3464354e-17	0	300
2.1534999999998329e-10	0.19339626	-0.0018372904	0.9810999	-4.3464354e-17	0	300
2.1544999999998327e-10	0.19342273	-0.0018394464	0.98109466	-4.346435e-17	0	300
2.1554999999998324e-10	0.19344914	-0.001841242	0.98108935	-4.346436e-17	0	300
2.1564999999998322e-10	0.19347551	-0.0018426789	0.98108405	-4.346435e-17	0	300
2.157499999999832e-10	0.19350177	-0.0018437594	0.98107886	-4.3464357e-17	0	300
2.1584999999998318e-10	0.19352801	-0.0018444856	0.9810737	-4.346436e-17	0	300
2.1594999999998316e-10	0.19355416	-0.0018448592	0.9810685	-4.3464364e-17	0	300
2.1604999999998314e-10	0.19358023	-0.0018448825	0.9810633	-4.3464364e-17	0	300
2.1614999999998312e-10	0.19360621	-0.0018445578	0.9810581	-4.346437e-17	0	300
2.162499999999831e-10	0.1936321	-0.0018438874	0.981053	-4.3464367e-17	0	300
2.1634999999998308e-10	0.19365793	-0.0018428733	0.9810478	-4.346436e-17	0	300
2.1644999999998306e-10	0.19368364	-0.0018415181	0.9810426	-4.346437e-17	0	300
2.1654999999998303e-10	0.19370924	-0.0018398243	0.9810376	-4.3464364e-17	0	300
2.1664999999998301e-10	0.19373477	-0.0018377941	0.9810325	-4.346437e-17	0	300
2.16749999999983e-10	0.19376016	-0.0018354302	0.9810275	-4.3464377e-17	0	300
2.1684999999998297e-10	0.19378543	-0.0018327348	0.9810224	-4.3464374e-17	0	300
2.1694999999998295e-10	0.19381061	-0.001829711	0.9810174	-4.3464377e-17	0	300
2.1704999999998293e-10	0.19383566	-0.0018263607	0.98101246	-4.3464364e-17	0	300
2.171499999999829e-10	0.19386059	-0.0018226875	0.9810074	-4.3464377e-17	0	300
2.172499999999829e-10	0.19388539	-0.0018186936	0.9810025	-4.3464374e-17	0	300
2.1734999999998287e-10	0.19391006	-0.0018143818	0.9809976	-4.3464387e-17	0	300
2.1744999999998285e-10	0.1939346	-0.0018097546	0.98099273	-4.3464367e-17	0	300
2.1754999999998282e-10	0.193959	-0.0018048156	0.98098785	-4.3464374e-17	0	300
2.176499999999828e-10	0.19398326	-0.0017995671	0.9809831	-4.3464374e-17	0	300
2.1774999999998278e-10	0.19400734	-0.0017940121	0.9809782	-4.3464374e-17	0	300
2.1784999999998276e-10	0.1940313	-0.0017881538	0.9809735	-4.346438e-17	0	300
2.1794999999998274e-10	0.19405511	-0.0017819951	0.9809687	-4.3464374e-17	0	300
2.1804999999998272e-10	0.19407873	-0.001775539	0.98096406	-4.3464377e-17	0	300
2.181499999999827e-10	0.19410221	-0.0017687886	0.9809593	-4.3464384e-17	0	300
2.1824999999998268e-10	0.19412553	-0.0017617472	0.98095465	-4.3464387e-17	0	300
2.1834999999998266e-10	0.19414867	-0.0017544175	0.9809501	-4.346439e-17	0	300
2.1844999999998263e-10	0.19417165	-0.001746803	0.98094547	-4.3464387e-17	0	300
2.1854999999998261e-10	0.19419447	-0.0017389071	0.98094094	-4.3464384e-17	0	300
2.186499999999826e-10	0.19421707	-0.0017307329	0.98093647	-4.3464384e-17	0	300
2.1874999999998257e-10	0.19423953	-0.0017222834	0.980932	-4.346438e-17	0	300
2.1884999999998255e-10	0.19426179	-0.0017135624	0.9809276	-4.346439e-17	0	300
2.1894999999998253e-10	0.19428386	-0.0017045727	0.9809232	-4.3464387e-17	0	300
2.190499999999825e-10	0.19430573	-0.0016953181	0.98091877	-4.3464394e-17	0	300
2.191499999999825e-10	0.19432744	-0.0016858019	0.9809145	-4.346439e-17	0	300
2.1924999999998247e-10	0.19434893	-0.0016760274	0.9809102	-4.3464397e-17	0	300
2.1934999999998245e-10	0.19437023	-0.0016659985	0.98090595	-4.3464407e-17	0	300
2.1944999999998242e-10	0.19439133	-0.001655718	0.98090166	-4.34644e-17	0	300
2.195499999999824e-10	0.19441222	-0.0016451901	0.9808976	-4.3464397e-17	0	300
2.1964999999998238e-10	0.19443288	-0.0016344178	0.9808934	-4.3464404e-17	0	300
2.1974999999998236e-10	0.19445339	-0.0016234048	0.9808893	-4.3464397e-17	0	300
2.1984999999998234e-10	0.19447364	-0.0016121549	0.98088527	-4.3464404e-17	0	300
2.1994999999998232e-10	0.1944937	-0.0016006714	0.9808813	-4.3464414e-17	0	300
2.200499999999823e-10	0.19451353	-0.0015889583	0.98087734	-4.3464397e-17	0	300
2.2014999999998228e-10	0.19453315	-0.0015770191	0.98087335	-4.3464397e-17	0	300
2.2024999999998226e-10	0.19455254	-0.0015648574	0.9808696	-4.3464404e-17	0	300
2.2034999999998224e-10	0.1945717	-0.0015524769	0.9808658	-4.3464397e-17	0	300
2.2044999999998221e-10	0.19459063	-0.0015398813	0.9808619	-4.3464407e-17	0	300
2.205499999999822e-10	0.19460936	-0.0015270745	0.9808582	-4.3464404e-17	0	300
2.2064999999998217e-10	0.19462784	-0.00151406	0.9808546	-4.3464414e-17	0	300
2.2074999999998215e-10	0.19464609	-0.0015008415	0.980851	-4.346441e-17	0	300
2.2084999999998213e-10	0.19466409	-0.0014874231	0.9808473	-4.346441e-17	0	300
2.209499999999821e-10	0.1946819	-0.0014738082	0.9808437	-4.346442e-17	0	300
2.210499999999821e-10	0.19469942	-0.001460001	0.98084027	-4.3464414e-17	0	300
2.2114999999998207e-10	0.19471674	-0.0014460051	0.98083675	-4.3464424e-17	0	300
2.2124999999998205e-10	0.19473381	-0.0014318244	0.9808334	-4.3464427e-17	0	300
2.2134999999998203e-10	0.1947506	-0.0014174626	0.98083	-4.346442e-17	0	300
2.21449999999982e-10	0.19476719	-0.0014029234	0.98082674	-4.3464424e-17	0	300
2.2154999999998198e-10	0.19478351	-0.0013882112	0.98082346	-4.3464427e-17	0	300
2.2164999999998196e-10	0.19479957	-0.0013733291	0.98082024	-4.3464417e-17	0	300
2.2174999999998194e-10	0.19481541	-0.0013582817	0.9808171	-4.3464414e-17	0	300
2.2184999999998192e-10	0.19483098	-0.0013430726	0.980814	-4.346441e-17	0	300
2.219499999999819e-10	0.19484633	-0.0013277053	0.9808109	-4.346442e-17	0	300
2.2204999999998188e-10	0.1948614	-0.0013121844	0.9808079	-4.3464417e-17	0	300
2.2214999999998186e-10	0.1948762	-0.001296513	0.9808049	-4.346443e-17	0	300
2.2224999999998184e-10	0.19489078	-0.0012806958	0.9808021	-4.3464424e-17	0	300
2.2234999999998181e-10	0.19490507	-0.0012647363	0.98079914	-4.346442e-17	0	300
2.224499999999818e-10	0.19491911	-0.0012486381	0.9807964	-4.3464414e-17	0	300
2.2254999999998177e-10	0.19493291	-0.0012324054	0.98079354	-4.3464424e-17	0	300
2.2264999999998175e-10	0.19494644	-0.0012160422	0.9807909	-4.3464434e-17	0	300
2.2274999999998173e-10	0.19495969	-0.0011995524	0.98078823	-4.3464427e-17	0	300
2.228499999999817e-10	0.1949727	-0.0011829396	0.98078567	-4.3464427e-17	0	300
2.229499999999817e-10	0.19498545	-0.0011662081	0.98078316	-4.3464424e-17	0	300
2.2304999999998167e-10	0.1949979	-0.0011493614	0.98078054	-4.3464417e-17	0	300
2.2314999999998165e-10	0.19501013	-0.0011324037	0.9807781	-4.3464434e-17	0	300
2.2324999999998163e-10	0.19502208	-0.0011153388	0.9807757	-4.3464424e-17	0	300
2.233499999999816e-10	0.19503376	-0.0010981705	0.9807735	-4.346443e-17	0	300
2.2344999999998158e-10	0.19504519	-0.0010809029	0.9807711	-4.3464424e-17	0	300
2.2354999999998156e-10	0.19505633	-0.0010635396	0.9807689	-4.3464427e-17	0	300
2.2364999999998154e-10	0.1950672	-0.0010460847	0.9807667	-4.3464427e-17	0	300
2.2374999999998152e-10	0.19507782	-0.0010285418	0.9807647	-4.3464434e-17	0	300
2.238499999999815e-10	0.19508818	-0.001010915	0.9807626	-4.346443e-17	0	300
2.2394999999998148e-10	0.19509824	-0.0009932083	0.9807605	-4.346443e-17	0	300
2.2404999999998146e-10	0.19510806	-0.00097542483	0.98075855	-4.3464437e-17	0	300
2.2414999999998144e-10	0.19511761	-0.00095756917	0.9807567	-4.3464444e-17	0	300
2.2424999999998142e-10	0.19512688	-0.00093964464	0.98075473	-4.3464437e-17	0	300
2.243499999999814e-10	0.19513589	-0.00092165516	0.98075294	-4.3464424e-17	0	300
2.2444999999998137e-10	0.19514464	-0.00090360484	0.9807512	-4.3464434e-17	0	300
2.2454999999998135e-10	0.19515309	-0.0008854972	0.9807495	-4.3464437e-17	0	300
2.2464999999998133e-10	0.19516131	-0.0008673358	0.9807479	-4.3464437e-17	0	300
2.247499999999813e-10	0.19516926	-0.0008491248	0.98074627	-4.3464434e-17	0	300
2.248499999999813e-10	0.1951769	-0.00083086756	0.98074484	-4.3464437e-17	0	300
2.2494999999998127e-10	0.1951843	-0.0008125681	0.9807433	-4.346443e-17	0	300
2.2504999999998125e-10	0.19519144	-0.0007942301	0.98074186	-4.3464437e-17	0	300
2.2514999999998123e-10	0.1951983	-0.0007758572	0.98074055	-4.346444e-17	0	300
2.252499999999812e-10	0.19520491	-0.00075745303	0.9807391	-4.3464447e-17	0	300
2.2534999999998118e-10	0.19521123	-0.0007390212	0.9807379	-4.346445e-17	0	300
2.2544999999998116e-10	0.19521728	-0.00072056556	0.9807367	-4.346444e-17	0	300
2.2554999999998114e-10	0.19522308	-0.0007020897	0.98073554	-4.3464444e-17	0	300
2.2564999999998112e-10	0.1952286	-0.0006835971	0.9807344	-4.3464447e-17	0	300
2.257499999999811e-10	0.19523388	-0.0006650916	0.98073334	-4.346445e-17	0	300
2.2584999999998108e-10	0.1952389	-0.0006465764	0.98073226	-4.3464434e-17	0	300
2.2594999999998106e-10	0.19524364	-0.00062805536	0.9807313	-4.3464447e-17	0	300
2.2604999999998104e-10	0.19524811	-0.00060953177	0.9807305	-4.346443e-17	0	300
2.2614999999998102e-10	0.19525234	-0.00059100916	0.98072964	-4.3464444e-17	0	300
2.26249999999981e-10	0.19525626	-0.0005724912	0.98072886	-4.3464457e-17	0	300
2.2634999999998097e-10	0.19525999	-0.00055398117	0.9807281	-4.3464453e-17	0	300
2.2644999999998095e-10	0.19526342	-0.00053548266	0.9807273	-4.3464447e-17	0	300
2.2654999999998093e-10	0.19526659	-0.000516999	0.9807267	-4.3464447e-17	0	300
2.266499999999809e-10	0.19526954	-0.0004985336	0.9807262	-4.346445e-17	0	300
2.267499999999809e-10	0.19527219	-0.00048008983	0.9807255	-4.346445e-17	0	300
2.2684999999998087e-10	0.19527462	-0.00046167083	0.9807251	-4.346445e-17	0	300
2.2694999999998085e-10	0.1952768	-0.00044328012	0.9807247	-4.346446e-17	0	300
2.2704999999998083e-10	0.1952787	-0.00042492079	0.9807243	-4.3464447e-17	0	300
2.271499999999808e-10	0.19528037	-0.00040659626	0.98072386	-4.3464447e-17	0	300
2.2724999999998078e-10	0.19528177	-0.00038830965	0.9807236	-4.346444e-17	0	300
2.2734999999998076e-10	0.19528292	-0.0003700642	0.9807235	-4.3464453e-17	0	300
2.2744999999998074e-10	0.19528385	-0.00035186321	0.9807233	-4.3464453e-17	0	300
2.2754999999998072e-10	0.19528452	-0.0003337096	0.9807231	-4.3464447e-17	0	300
2.276499999999807e-10	0.19528496	-0.00031560668	0.9807229	-4.3464453e-17	0	300
2.2774999999998068e-10	0.19528514	-0.00029755753	0.980723	-4.3464457e-17	0	300
2.2784999999998066e-10	0.19528507	-0.00027956505	0.98072296	-4.346446e-17	0	300
2.2794999999998064e-10	0.19528477	-0.0002616325	0.9807229	-4.346447e-17	0	300
2.2804999999998062e-10	0.19528425	-0.00024376268	0.98072314	-4.346446e-17	0	300
2.281499999999806e-10	0.19528346	-0.00022595881	0.98072326	-4.3464467e-17	0	300
2.2824999999998057e-10	0.19528244	-0.00020822359	0.98072344	-4.3464463e-17	0	300
2.2834999999998055e-10	0.19528121	-0.00019056014	0.9807237	-4.346445e-17	0	300
2.2844999999998053e-10	0.19527973	-0.00017297118	0.980724	-4.3464463e-17	0	300
2.285499999999805e-10	0.19527802	-0.00015545965	0.98072433	-4.3464457e-17	0	300
2.286499999999805e-10	0.1952761	-0.00013802835	0.9807247	-4.3464463e-17	0	300
2.2874999999998047e-10	0.19527394	-0.00012067994	0.98072505	-4.3464453e-17	0	300
2.2884999999998045e-10	0.19527155	-0.00010341734	0.9807255	-4.3464463e-17	0	300
2.2894999999998043e-10	0.19526896	-8.6243155e-05	0.9807261	-4.346446e-17	0	300
2.290499999999804e-10	0.19526611	-6.916006e-05	0.98072666	-4.346446e-17	0	300
2.2914999999998039e-10	0.19526309	-5.217076e-05	0.9807272	-4.3464453e-17	0	300
2.2924999999998036e-10	0.19525981	-3.527786e-05	0.980728	-4.3464457e-17	0	300
2.2934999999998034e-10	0.19525634	-1.8483883e-05	0.98072857	-4.3464463e-17	0	300
2.2944999999998032e-10	0.19525263	-1.7913244e-06	0.9807293	-4.346447e-17	0	300
2.295499999999803e-10	0.19524874	1.4797213e-05	0.98073006	-4.3464463e-17	0	300
2.2964999999998028e-10	0.19524464	3.127929e-05	0.9807309	-4.3464473e-17	0	300
2.2974999999998026e-10	0.19524032	4.765241e-05	0.98073167	-4.3464453e-17	0	300
2.2984999999998024e-10	0.19523579	6.391418e-05	0.9807326	-4.346446e-17	0	300
2.2994999999998022e-10	0.19523107	8.006225e-05	0.9807336	-4.3464467e-17	0	300
2.300499999999802e-10	0.19522613	9.609433e-05	0.9807346	-4.3464463e-17	0	300
2.3014999999998017e-10	0.19522102	0.00011200809	0.98073554	-4.3464463e-17	0	300
2.3024999999998015e-10	0.19521569	0.00012780138	0.9807367	-4.346446e-17	0	300
2.3034999999998013e-10	0.19521019	0.00014347196	0.9807377	-4.3464463e-17	0	300
2.304499999999801e-10	0.19520448	0.00015901768	0.9807389	-4.3464453e-17	0	300
2.305499999999801e-10	0.19519858	0.00017443637	0.98073995	-4.3464473e-17	0	300
2.3064999999998007e-10	0.1951925	0.00018972583	0.98074126	-4.3464477e-17	0	300
2.3074999999998005e-10	0.19518623	0.00020488404	0.98074245	-4.346447e-17	0	300
2.3084999999998003e-10	0.19517979	0.00021990896	0.98074377	-4.3464467e-17	0	300
2.3094999999998e-10	0.19517316	0.00023479848	0.9807451	-4.3464467e-17	0	300
2.3104999999997999e-10	0.19516635	0.0002495508	0.98074645	-4.3464463e-17	0	300
2.3114999999997996e-10	0.19515938	0.00026416391	0.9807479	-4.3464467e-17	0	300
2.3124999999997994e-10	0.19515224	0.000278636	0.9807492	-4.3464477e-17	0	300
2.3134999999997992e-10	0.19514489	0.00029296518	0.98075074	-4.346447e-17	0	300
2.314499999999799e-10	0.19513741	0.00030714975	0.9807522	-4.346447e-17	0	300
2.3154999999997988e-10	0.19512974	0.00032118784	0.9807537	-4.3464473e-17	0	300
2.3164999999997986e-10	0.19512193	0.0003350777	0.98075527	-4.3464473e-17	0	300
2.3174999999997984e-10	0.19511394	0.00034881776	0.98075676	-4.3464483e-17	0	300
2.3184999999997982e-10	0.19510579	0.00036240625	0.9807584	-4.3464483e-17	0	300
2.319499999999798e-10	0.1950975	0.00037584166	0.98076016	-4.3464477e-17	0	300
2.3204999999997978e-10	0.19508904	0.00038912223	0.98076177	-4.3464467e-17	0	300
2.3214999999997975e-10	0.19508046	0.00040224666	0.9807635	-4.3464473e-17	0	300
2.3224999999997973e-10	0.19507171	0.00041521335	0.9807652	-4.3464483e-17	0	300
2.323499999999797e-10	0.19506282	0.0004280209	0.980767	-4.3464483e-17	0	300
2.324499999999797e-10	0.19505377	0.0004406678	0.98076886	-4.3464477e-17	0	300
2.3254999999997967e-10	0.1950446	0.00045315266	0.98077065	-4.3464473e-17	0	300
2.3264999999997965e-10	0.19503531	0.0004654742	0.98077255	-4.346449e-17	0	300
2.3274999999997963e-10	0.19502582	0.0004776311	0.9807744	-4.3464487e-17	0	300
2.328499999999796e-10	0.19501625	0.0004896222	0.9807762	-4.346447e-17	0	300
2.3294999999997964e-10	0.19500655	0.00050144613	0.9807782	-4.3464487e-17	0	300
2.3304999999997967e-10	0.19499671	0.00051310187	0.9807801	-4.3464483e-17	0	300
2.331499999999797e-10	0.19498675	0.00052458805	0.9807822	-4.346448e-17	0	300
2.3324999999997973e-10	0.19497666	0.00053590373	0.9807842	-4.346449e-17	0	300
2.3334999999997976e-10	0.19496647	0.0005470478	0.98078626	-4.3464477e-17	0	300
2.334499999999798e-10	0.19495614	0.00055801956	0.9807883	-4.346448e-17	0	300
2.335499999999798e-10	0.19494572	0.0005688175	0.9807904	-4.3464477e-17	0	300
2.3364999999997985e-10	0.19493516	0.00057944085	0.9807924	-4.3464483e-17	0	300
2.337499999999799e-10	0.19492452	0.0005898888	0.98079455	-4.3464473e-17	0	300
2.338499999999799e-10	0.19491377	0.0006001604	0.9807967	-4.3464477e-17	0	300
2.3394999999997994e-10	0.1949029	0.0006102548	0.98079896	-4.346448e-17	0	300
2.3404999999998e-10	0.19489193	0.0006201714	0.9808011	-4.3464477e-17	0	300
2.3414999999998e-10	0.19488089	0.0006299092	0.98080325	-4.3464477e-17	0	300
2.3424999999998004e-10	0.19486973	0.0006394677	0.9808055	-4.3464493e-17	0	300
2.3434999999998007e-10	0.19485849	0.0006488461	0.9808078	-4.3464487e-17	0	300
2.344499999999801e-10	0.19484714	0.0006580438	0.98081	-4.3464487e-17	0	300
2.3454999999998013e-10	0.19483571	0.0006670602	0.9808124	-4.3464487e-17	0	300
2.3464999999998016e-10	0.19482423	0.0006758945	0.9808146	-4.3464483e-17	0	300
2.347499999999802e-10	0.19481264	0.0006845465	0.98081684	-4.346448e-17	0	300
2.348499999999802e-10	0.19480097	0.00069301564	0.9808192	-4.346448e-17	0	300
2.3494999999998025e-10	0.19478923	0.00070130127	0.98082155	-4.3464487e-17	0	300
2.350499999999803e-10	0.1947774	0.0007094032	0.98082393	-4.3464487e-17	0	300
2.351499999999803e-10	0.19476551	0.0007173209	0.98082626	-4.3464477e-17	0	300
2.3524999999998034e-10	0.19475359	0.0007250541	0.98082864	-4.3464487e-17	0	300
2.3534999999998037e-10	0.19474155	0.0007326026	0.9808311	-4.346448e-17	0	300
2.354499999999804e-10	0.19472946	0.00073996594	0.98083353	-4.3464487e-17	0	300
2.3554999999998044e-10	0.19471733	0.0007471441	0.98083586	-4.3464487e-17	0	300
2.3564999999998047e-10	0.19470513	0.00075413665	0.98083836	-4.3464487e-17	0	300
2.357499999999805e-10	0.19469287	0.00076094357	0.9808408	-4.3464503e-17	0	300
2.3584999999998053e-10	0.19468056	0.00076756475	0.98084325	-4.34645e-17	0	300
2.3594999999998056e-10	0.19466819	0.0007740002	0.9808457	-4.3464496e-17	0	300
2.360499999999806e-10	0.19465578	0.0007802498	0.9808482	-4.3464483e-17	0	300
2.361499999999806e-10	0.19464335	0.00078631303	0.98085064	-4.3464506e-17	0	300
2.3624999999998065e-10	0.19463085	0.0007921906	0.98085314	-4.3464493e-17	0	300
2.363499999999807e-10	0.19461833	0.0007978823	0.98085576	-4.3464493e-17	0	300
2.364499999999807e-10	0.19460575	0.00080338825	0.98085815	-4.346449e-17	0	300
2.3654999999998074e-10	0.19459316	0.00080870854	0.9808607	-4.3464503e-17	0	300
2.3664999999998077e-10	0.19458053	0.0008138433	0.98086333	-4.3464487e-17	0	300
2.367499999999808e-10	0.19456786	0.00081879273	0.9808657	-4.3464493e-17	0	300
2.3684999999998083e-10	0.19455518	0.0008235571	0.98086834	-4.3464496e-17	0	300
2.3694999999998086e-10	0.19454247	0.0008281367	0.9808707	-4.3464487e-17	0	300
2.370499999999809e-10	0.19452974	0.0008325316	0.9808734	-4.3464483e-17	0	300
2.3714999999998093e-10	0.19451699	0.00083674234	0.98087585	-4.3464496e-17	0	300
2.3724999999998096e-10	0.19450423	0.0008407694	0.9808784	-4.34645e-17	0	300
2.37349999999981e-10	0.19449143	0.00084461283	0.98088086	-4.346449e-17	0	300
2.37449999999981e-10	0.19447865	0.00084827334	0.98088354	-4.346449e-17	0	300
2.3754999999998105e-10	0.19446586	0.0008517512	0.9808861	-4.3464506e-17	0	300
2.376499999999811e-10	0.19445306	0.000855047	0.9808886	-4.3464493e-17	0	300
2.377499999999811e-10	0.19444023	0.00085816113	0.9808913	-4.3464503e-17	0	300
2.3784999999998114e-10	0.19442743	0.00086109433	0.98089373	-4.346449e-17	0	300
2.3794999999998117e-10	0.19441465	0.000863847	0.98089635	-4.3464493e-17	0	300
2.380499999999812e-10	0.19440183	0.0008664198	0.98089886	-4.3464513e-17	0	300
2.3814999999998123e-10	0.19438903	0.0008688135	0.9809015	-4.346449e-17	0	300
2.3824999999998126e-10	0.19437625	0.00087102846	0.980904	-4.3464496e-17	0	300
2.383499999999813e-10	0.19436346	0.0008730657	0.9809065	-4.34645e-17	0	300
2.384499999999813e-10	0.19435069	0.0008749258	0.9809091	-4.34645e-17	0	300
2.3854999999998136e-10	0.19433796	0.00087660964	0.9809116	-4.3464496e-17	0	300
2.386499999999814e-10	0.1943252	0.0008781179	0.98091424	-4.34645e-17	0	300
2.387499999999814e-10	0.19431251	0.0008794515	0.98091674	-4.3464496e-17	0	300
2.3884999999998145e-10	0.19429982	0.00088061113	0.98091924	-4.34645e-17	0	300
2.389499999999815e-10	0.19428715	0.00088159763	0.98092186	-4.3464503e-17	0	300
2.390499999999815e-10	0.19427451	0.000882412	0.9809243	-4.3464503e-17	0	300
2.3914999999998154e-10	0.19426191	0.00088305504	0.9809268	-4.3464506e-17	0	300
2.3924999999998157e-10	0.19424933	0.000883528	0.9809293	-4.34645e-17	0	300
2.393499999999816e-10	0.19423679	0.0008838315	0.98093194	-4.3464493e-17	0	300
2.3944999999998163e-10	0.19422428	0.000883967	0.9809344	-4.3464506e-17	0	300
2.3954999999998166e-10	0.19421181	0.000883935	0.9809369	-4.3464506e-17	0	300
2.396499999999817e-10	0.1941994	0.0008837369	0.9809393	-4.3464493e-17	0	300
2.397499999999817e-10	0.19418702	0.00088337366	0.98094183	-4.346451e-17	0	300
2.3984999999998175e-10	0.19417468	0.00088284654	0.9809443	-4.3464493e-17	0	300
2.399499999999818e-10	0.19416237	0.0008821566	0.98094666	-4.346451e-17	0	300
2.400499999999818e-10	0.19415015	0.00088130485	0.9809492	-4.3464506e-17	0	300
2.4014999999998185e-10	0.19413795	0.0008802926	0.98095167	-4.34645e-17	0	300
2.402499999999819e-10	0.19412577	0.0008791209	0.9809541	-4.3464506e-17	0	300
2.403499999999819e-10	0.19411372	0.000877791	0.98095655	-4.34645e-17	0	300
2.4044999999998194e-10	0.19410166	0.0008763043	0.98095894	-4.34645e-17	0	300
2.4054999999998197e-10	0.1940897	0.00087466196	0.9809613	-4.346451e-17	0	300
2.40649999999982e-10	0.19407777	0.0008728652	0.9809637	-4.3464506e-17	0	300
2.4074999999998203e-10	0.19406593	0.00087091536	0.980966	-4.34645e-17	0	300
2.4084999999998206e-10	0.19405413	0.00086881383	0.98096836	-4.3464503e-17	0	300
2.409499999999821e-10	0.19404238	0.0008665618	0.98097074	-4.3464503e-17	0	300
2.410499999999821e-10	0.19403072	0.00086416065	0.98097306	-4.3464506e-17	0	300
2.4114999999998215e-10	0.19401914	0.000861612	0.9809754	-4.3464506e-17	0	300
2.412499999999822e-10	0.1940076	0.0008589169	0.9809777	-4.346451e-17	0	300
2.413499999999822e-10	0.19399616	0.0008560769	0.98098004	-4.3464503e-17	0	300
2.4144999999998225e-10	0.1939848	0.0008530936	0.98098224	-4.34645e-17	0	300
2.415499999999823e-10	0.19397348	0.00084996823	0.9809845	-4.3464516e-17	0	300
2.416499999999823e-10	0.19396228	0.0008467023	0.9809867	-4.346449e-17	0	300
2.4174999999998234e-10	0.19395112	0.00084329746	0.980989	-4.3464506e-17	0	300
2.4184999999998237e-10	0.19394004	0.0008397552	0.98099124	-4.34645e-17	0	300
2.419499999999824e-10	0.19392908	0.00083607686	0.9809934	-4.3464503e-17	0	300
2.4204999999998243e-10	0.19391818	0.00083226414	0.98099554	-4.3464506e-17	0	300
2.4214999999998246e-10	0.19390735	0.0008283184	0.9809978	-4.34645e-17	0	300
2.422499999999825e-10	0.19389664	0.00082424143	0.98099995	-4.3464503e-17	0	300
2.423499999999825e-10	0.193886	0.0008200346	0.98100203	-4.3464503e-17	0	300
2.4244999999998255e-10	0.19387543	0.00081569987	0.98100424	-4.346451e-17	0	300
2.425499999999826e-10	0.19386499	0.00081123866	0.98100626	-4.34645e-17	0	300
2.426499999999826e-10	0.19385464	0.0008066524	0.9810083	-4.3464506e-17	0	300
2.4274999999998264e-10	0.19384435	0.00080194307	0.98101044	-4.3464506e-17	0	300
2.428499999999827e-10	0.19383419	0.0007971119	0.9810124	-4.3464506e-17	0	300
2.429499999999827e-10	0.19382411	0.00079216115	0.98101443	-4.3464506e-17	0	300
2.4304999999998274e-10	0.19381413	0.0007870921	0.9810164	-4.3464516e-17	0	300
2.4314999999998277e-10	0.19380426	0.0007819063	0.9810185	-4.3464503e-17	0	300
2.432499999999828e-10	0.19379446	0.0007766059	0.9810204	-4.3464516e-17	0	300
2.4334999999998283e-10	0.19378477	0.0007711922	0.98102236	-4.346449e-17	0	300
2.4344999999998286e-10	0.19377519	0.0007656673	0.98102427	-4.3464506e-17	0	300
2.435499999999829e-10	0.19376571	0.0007600327	0.98102605	-4.3464506e-17	0	300
2.436499999999829e-10	0.19375636	0.0007542901	0.981028	-4.3464513e-17	0	300
2.4374999999998295e-10	0.19374709	0.00074844126	0.9810298	-4.34645e-17	0	300
2.43849999999983e-10	0.19373794	0.000742488	0.98103166	-4.346451e-17	0	300
2.43949999999983e-10	0.19372891	0.00073643227	0.98103356	-4.346451e-17	0	300
2.4404999999998304e-10	0.19371995	0.0007302756	0.98103535	-4.3464503e-17	0	300
2.4414999999998307e-10	0.19371113	0.00072401995	0.981037	-4.3464506e-17	0	300
2.442499999999831e-10	0.19370241	0.00071766693	0.9810388	-4.346452e-17	0	300
2.4434999999998313e-10	0.1936938	0.00071121845	0.98104054	-4.3464506e-17	0	300
2.4444999999998317e-10	0.19368531	0.00070467626	0.9810422	-4.3464506e-17	0	300
2.445499999999832e-10	0.1936769	0.00069804233	0.9810439	-4.346451e-17	0	300
2.4464999999998323e-10	0.19366868	0.0006913183	0.9810456	-4.3464516e-17	0	300
2.4474999999998326e-10	0.19366053	0.00068450626	0.98104715	-4.3464513e-17	0	300
2.448499999999833e-10	0.19365248	0.0006776078	0.9810488	-4.3464506e-17	0	300
2.449499999999833e-10	0.19364458	0.00067062484	0.98105043	-4.3464513e-17	0	300
2.4504999999998335e-10	0.19363679	0.0006635592	0.981052	-4.3464513e-17	0	300
2.451499999999834e-10	0.1936291	0.0006564128	0.9810535	-4.3464516e-17	0	300
2.452499999999834e-10	0.19362155	0.0006491875	0.981055	-4.3464513e-17	0	300
2.4534999999998344e-10	0.19361411	0.00064188504	0.9810565	-4.346452e-17	0	300
2.4544999999998347e-10	0.19360681	0.00063450716	0.981058	-4.3464523e-17	0	300
2.455499999999835e-10	0.19359961	0.0006270559	0.98105943	-4.3464506e-17	0	300
2.4564999999998353e-10	0.19359255	0.00061953306	0.9810608	-4.3464523e-17	0	300
2.4574999999998356e-10	0.1935856	0.00061194063	0.9810623	-4.3464506e-17	0	300
2.458499999999836e-10	0.19357878	0.0006042803	0.98106366	-4.3464523e-17	0	300
2.459499999999836e-10	0.19357206	0.0005965542	0.9810649	-4.3464516e-17	0	300
2.4604999999998366e-10	0.1935655	0.0005887639	0.9810662	-4.3464516e-17	0	300
2.461499999999837e-10	0.19355904	0.0005809113	0.98106754	-4.3464506e-17	0	300
2.462499999999837e-10	0.1935527	0.0005729985	0.98106885	-4.3464506e-17	0	300
2.4634999999998375e-10	0.1935465	0.00056502706	0.98107004	-4.346452e-17	0	300
2.464499999999838e-10	0.19354042	0.0005569992	0.9810713	-4.3464516e-17	0	300
2.465499999999838e-10	0.1935345	0.00054891646	0.9810725	-4.3464513e-17	0	300
2.4664999999998384e-10	0.19352867	0.00054078083	0.9810737	-4.3464516e-17	0	300
2.4674999999998387e-10	0.19352297	0.0005325943	0.98107487	-4.3464526e-17	0	300
2.468499999999839e-10	0.1935174	0.00052435853	0.98107606	-4.3464516e-17	0	300
2.4694999999998393e-10	0.19351196	0.00051607547	0.9810771	-4.3464516e-17	0	300
2.4704999999998396e-10	0.19350663	0.0005077469	0.98107815	-4.3464513e-17	0	300
2.47149999999984e-10	0.19350144	0.00049937476	0.98107916	-4.3464513e-17	0	300
2.47249999999984e-10	0.1934964	0.0004909608	0.9810802	-4.346452e-17	0	300
2.4734999999998405e-10	0.19349147	0.00048250702	0.9810811	-4.346452e-17	0	300
2.474499999999841e-10	0.19348666	0.00047401505	0.98108214	-4.3464513e-17	0	300
2.475499999999841e-10	0.193482	0.00046548696	0.9810831	-4.3464526e-17	0	300
2.4764999999998415e-10	0.19347745	0.0004569245	0.98108405	-4.346451e-17	0	300
2.477499999999842e-10	0.19347301	0.00044832943	0.9810848	-4.3464526e-17	0	300
2.478499999999842e-10	0.19346872	0.0004397036	0.9810857	-4.346452e-17	0	300
2.4794999999998424e-10	0.19346458	0.00043104883	0.9810865	-4.3464536e-17	0	300
2.4804999999998427e-10	0.19346052	0.00042236684	0.9810874	-4.346452e-17	0	300
2.481499999999843e-10	0.19345665	0.0004136594	0.98108816	-4.3464526e-17	0	300
2.4824999999998433e-10	0.19345288	0.00040492846	0.9810889	-4.346453e-17	0	300
2.4834999999998436e-10	0.1934492	0.00039617566	0.9810896	-4.3464513e-17	0	300
2.484499999999844e-10	0.1934457	0.00038740295	0.9810904	-4.3464526e-17	0	300
2.485499999999844e-10	0.19344229	0.00037861208	0.98109114	-4.3464516e-17	0	300
2.4864999999998445e-10	0.19343904	0.0003698045	0.9810917	-4.34645e-17	0	300
2.487499999999845e-10	0.19343588	0.00036098232	0.9810924	-4.346452e-17	0	300
2.488499999999845e-10	0.19343288	0.0003521473	0.981093	-4.3464523e-17	0	300
2.4894999999998455e-10	0.19343	0.000343301	0.9810935	-4.346452e-17	0	300
2.490499999999846e-10	0.19342725	0.00033444527	0.9810941	-4.346452e-17	0	300
2.491499999999846e-10	0.1934246	0.00032558193	0.9810946	-4.346452e-17	0	300
2.4924999999998464e-10	0.19342211	0.00031671245	0.9810951	-4.3464513e-17	0	300
2.4934999999998467e-10	0.19341975	0.00030783875	0.9810956	-4.3464516e-17	0	300
2.494499999999847e-10	0.19341749	0.00029896235	0.9810961	-4.3464533e-17	0	300
2.4954999999998473e-10	0.19341539	0.00029008518	0.9810965	-4.3464523e-17	0	300
2.4964999999998476e-10	0.19341339	0.0002812088	0.9810969	-4.346451e-17	0	300
2.497499999999848e-10	0.19341151	0.00027233493	0.9810974	-4.3464523e-17	0	300
2.498499999999848e-10	0.19340977	0.0002634651	0.9810977	-4.3464513e-17	0	300
2.4994999999998485e-10	0.19340816	0.00025460095	0.981098	-4.346452e-17	0	300
2.500499999999849e-10	0.19340664	0.00024574433	0.98109835	-4.3464526e-17	0	300
2.501499999999849e-10	0.19340527	0.00023689665	0.98109865	-4.346453e-17	0	300
2.5024999999998494e-10	0.19340402	0.0002280596	0.98109883	-4.3464516e-17	0	300
2.50349999999985e-10	0.19340289	0.00021923473	0.98109907	-4.3464523e-17	0	300
2.50449999999985e-10	0.19340187	0.00021042366	0.98109925	-4.3464526e-17	0	300
2.5054999999998504e-10	0.19340098	0.000201628	0.9810995	-4.3464523e-17	0	300
2.5064999999998507e-10	0.1934002	0.00019284927	0.9810997	-4.3464516e-17	0	300
2.507499999999851e-10	0.19339955	0.00018408913	0.9810997	-4.3464533e-17	0	300
2.5084999999998513e-10	0.19339903	0.00017534899	0.98109996	-4.3464516e-17	0	300
2.5094999999998516e-10	0.19339862	0.00016663031	0.9810999	-4.3464523e-17	0	300
2.510499999999852e-10	0.19339833	0.00015793474	0.9811001	-4.3464526e-17	0	300
2.511499999999852e-10	0.19339816	0.00014926374	0.9811	-4.3464516e-17	0	300
2.5124999999998525e-10	0.19339809	0.0001406188	0.98110014	-4.3464526e-17	0	300
2.513499999999853e-10	0.19339813	0.00013200137	0.98110014	-4.346453e-17	0	300
2.514499999999853e-10	0.19339833	0.0001234129	0.9811	-4.346452e-17	0	300
2.5154999999998534e-10	0.19339861	0.0001148548	0.9811001	-4.3464523e-17	0	300
2.5164999999998537e-10	0.193399	0.00010632854	0.98109996	-4.346453e-17	0	300
2.517499999999854e-10	0.19339952	9.783553e-05	0.9810999	-4.3464526e-17	0	300
2.5184999999998544e-10	0.19340013	8.937711e-05	0.9810997	-4.3464516e-17	0	300
2.5194999999998547e-10	0.19340086	8.095468e-05	0.98109955	-4.3464523e-17	0	300
2.520499999999855e-10	0.1934017	7.256961e-05	0.98109937	-4.3464536e-17	0	300
2.5214999999998553e-10	0.19340265	6.422324e-05	0.98109925	-4.3464526e-17	0	300
2.5224999999998556e-10	0.1934037	5.591681e-05	0.98109907	-4.3464523e-17	0	300
2.523499999999856e-10	0.19340488	4.7651745e-05	0.98109883	-4.3464523e-17	0	300
2.524499999999856e-10	0.19340613	3.942929e-05	0.9810986	-4.3464526e-17	0	300
2.5254999999998565e-10	0.1934075	3.1250773e-05	0.98109835	-4.3464516e-17	0	300
2.526499999999857e-10	0.193409	2.3117425e-05	0.98109806	-4.3464526e-17	0	300
2.527499999999857e-10	0.1934106	1.5030464e-05	0.9810977	-4.3464526e-17	0	300
2.5284999999998574e-10	0.19341227	6.9912257e-06	0.9810974	-4.3464516e-17	0	300
2.5294999999998577e-10	0.19341408	-9.991909e-07	0.9810971	-4.3464533e-17	0	300
2.530499999999858e-10	0.19341597	-8.939476e-06	0.98109674	-4.3464526e-17	0	300
2.5314999999998583e-10	0.19341797	-1.6828533e-05	0.9810963	-4.3464533e-17	0	300
2.5324999999998586e-10	0.19342005	-2.4665222e-05	0.98109597	-4.3464523e-17	0	300
2.533499999999859e-10	0.19342224	-3.244837e-05	0.98109543	-4.346452e-17	0	300
2.5344999999998593e-10	0.19342452	-4.0176725e-05	0.981095	-4.346452e-17	0	300
2.5354999999998596e-10	0.1934269	-4.784923e-05	0.9810945	-4.346452e-17	0	300
2.53649999999986e-10	0.19342938	-5.5464843e-05	0.98109406	-4.346452e-17	0	300
2.53749999999986e-10	0.19343196	-6.3022446e-05	0.9810935	-4.346452e-17	0	300
2.5384999999998605e-10	0.19343463	-7.0521055e-05	0.98109305	-4.3464523e-17	0	300
2.539499999999861e-10	0.1934374	-7.795956e-05	0.98109245	-4.3464523e-17	0	300
2.540499999999861e-10	0.19344023	-8.533695e-05	0.98109186	-4.3464533e-17	0	300
2.5414999999998614e-10	0.19344318	-9.265214e-05	0.9810914	-4.346453e-17	0	300
2.5424999999998617e-10	0.19344619	-9.9904304e-05	0.98109066	-4.346452e-17	0	300
2.543499999999862e-10	0.19344929	-0.00010709227	0.9810901	-4.346454e-17	0	300
2.5444999999998623e-10	0.19345248	-0.000114215145	0.9810895	-4.3464523e-17	0	300
2.5454999999998626e-10	0.19345579	-0.000121272096	0.98108876	-4.3464536e-17	0	300
2.546499999999863e-10	0.19345915	-0.00012826215	0.9810881	-4.3464526e-17	0	300
2.547499999999863e-10	0.1934626	-0.0001351844	0.98108757	-4.3464513e-17	0	300
2.5484999999998636e-10	0.19346611	-0.00014203791	0.98108685	-4.3464533e-17	0	300
2.549499999999864e-10	0.19346972	-0.00014882191	0.9810861	-4.346453e-17	0	300
2.550499999999864e-10	0.19347343	-0.00015553553	0.9810854	-4.3464526e-17	0	300
2.5514999999998645e-10	0.19347717	-0.00016217804	0.98108464	-4.346453e-17	0	300
2.552499999999865e-10	0.19348103	-0.0001687485	0.9810839	-4.3464526e-17	0	300
2.553499999999865e-10	0.19348493	-0.00017524626	0.98108304	-4.3464533e-17	0	300
2.5544999999998654e-10	0.19348894	-0.00018167052	0.9810823	-4.3464536e-17	0	300
2.5554999999998657e-10	0.19349298	-0.00018802061	0.98108137	-4.346452e-17	0	300
2.556499999999866e-10	0.19349712	-0.0001942957	0.98108065	-4.3464523e-17	0	300
2.5574999999998663e-10	0.19350134	-0.00020049508	0.98107976	-4.346452e-17	0	300
2.5584999999998666e-10	0.1935056	-0.000206618	0.981079	-4.3464526e-17	0	300
2.559499999999867e-10	0.19350994	-0.0002126638	0.9810781	-4.346452e-17	0	300
2.560499999999867e-10	0.19351438	-0.0002186318	0.9810773	-4.3464523e-17	0	300
2.5614999999998675e-10	0.19351885	-0.00022452137	0.9810764	-4.3464533e-17	0	300
2.562499999999868e-10	0.19352339	-0.00023033185	0.9810754	-4.346453e-17	0	300
2.563499999999868e-10	0.19352801	-0.0002360627	0.9810746	-4.3464523e-17	0	300
2.5644999999998685e-10	0.19353266	-0.00024171337	0.9810735	-4.3464533e-17	0	300
2.565499999999869e-10	0.19353741	-0.0002472831	0.98107266	-4.3464523e-17	0	300
2.566499999999869e-10	0.1935422	-0.00025277154	0.9810717	-4.3464523e-17	0	300
2.5674999999998694e-10	0.19354704	-0.00025817807	0.98107076	-4.3464533e-17	0	300
2.5684999999998697e-10	0.19355196	-0.00026350215	0.98106974	-4.3464536e-17	0	300
2.56949999999987e-10	0.19355692	-0.00026874343	0.98106885	-4.346453e-17	0	300
2.5704999999998703e-10	0.19356193	-0.0002739014	0.9810677	-4.3464526e-17	0	300
2.5714999999998706e-10	0.19356701	-0.0002789755	0.98106676	-4.346452e-17	0	300
2.572499999999871e-10	0.19357212	-0.00028396538	0.98106587	-4.3464513e-17	0	300
2.573499999999871e-10	0.19357729	-0.00028887056	0.98106474	-4.346453e-17	0	300
2.5744999999998715e-10	0.1935825	-0.0002936907	0.9810637	-4.3464526e-17	0	300
2.575499999999872e-10	0.19358778	-0.00029842544	0.98106265	-4.346453e-17	0	300
2.576499999999872e-10	0.19359308	-0.00030307437	0.9810616	-4.346454e-17	0	300
2.5774999999998725e-10	0.19359845	-0.00030763712	0.9810605	-4.3464543e-17	0	300
2.578499999999873e-10	0.19360384	-0.0003121135	0.98105955	-4.3464523e-17	0	300
2.579499999999873e-10	0.1936093	-0.00031650305	0.98105836	-4.3464523e-17	0	300
2.5804999999998734e-10	0.19361478	-0.00032080564	0.9810573	-4.346453e-17	0	300
2.5814999999998737e-10	0.19362031	-0.000325021	0.9810561	-4.3464516e-17	0	300
2.582499999999874e-10	0.19362587	-0.00032914884	0.9810551	-4.3464516e-17	0	300
2.5834999999998743e-10	0.19363147	-0.0003331889	0.98105395	-4.346452e-17	0	300
2.5844999999998746e-10	0.19363712	-0.00033714098	0.9810529	-4.346453e-17	0	300
2.585499999999875e-10	0.19364278	-0.0003410049	0.9810517	-4.3464533e-17	0	300
2.586499999999875e-10	0.19364849	-0.00034478036	0.98105055	-4.3464523e-17	0	300
2.5874999999998755e-10	0.19365424	-0.0003484675	0.9810494	-4.3464526e-17	0	300
2.588499999999876e-10	0.19366	-0.00035206604	0.9810483	-4.3464526e-17	0	300
2.589499999999876e-10	0.19366579	-0.000355576	0.98104715	-4.3464536e-17	0	300
2.5904999999998764e-10	0.1936716	-0.00035899717	0.98104596	-4.346453e-17	0	300
2.591499999999877e-10	0.19367746	-0.00036232948	0.9810449	-4.3464536e-17	0	300
2.592499999999877e-10	0.19368333	-0.00036557287	0.98104364	-4.3464536e-17	0	300
2.5934999999998774e-10	0.19368923	-0.00036872717	0.98104244	-4.346453e-17	0	300
2.5944999999998777e-10	0.19369516	-0.00037179247	0.9810413	-4.3464533e-17	0	300
2.595499999999878e-10	0.1937011	-0.00037476872	0.9810401	-4.3464533e-17	0	300
2.5964999999998783e-10	0.19370705	-0.00037765596	0.9810389	-4.3464536e-17	0	300
2.5974999999998786e-10	0.19371304	-0.00038045415	0.98103774	-4.346453e-17	0	300
2.598499999999879e-10	0.19371906	-0.00038316342	0.98103654	-4.3464533e-17	0	300
2.599499999999879e-10	0.19372508	-0.00038578376	0.98103523	-4.3464543e-17	0	300
2.6004999999998795e-10	0.19373111	-0.00038831524	0.9810341	-4.346454e-17	0	300
2.60149999999988e-10	0.19373718	-0.00039075775	0.98103285	-4.346453e-17	0	300
2.60249999999988e-10	0.19374324	-0.00039311164	0.9810317	-4.3464533e-17	0	300
2.6034999999998804e-10	0.19374932	-0.00039537685	0.98103046	-4.3464543e-17	0	300
2.6044999999998807e-10	0.19375542	-0.00039755343	0.9810294	-4.3464533e-17	0	300
2.605499999999881e-10	0.1937615	-0.0003996417	0.9810281	-4.346453e-17	0	300
2.6064999999998813e-10	0.1937676	-0.00040164182	0.98102677	-4.346453e-17	0	300
2.6074999999998817e-10	0.19377372	-0.00040355383	0.9810256	-4.3464533e-17	0	300
2.608499999999882e-10	0.19377986	-0.00040537814	0.9810244	-4.3464536e-17	0	300
2.6094999999998823e-10	0.193786	-0.0004071147	0.9810232	-4.3464533e-17	0	300
2.6104999999998826e-10	0.19379212	-0.00040876388	0.981022	-4.3464533e-17	0	300
2.611499999999883e-10	0.19379824	-0.00041032574	0.9810208	-4.3464536e-17	0	300
2.612499999999883e-10	0.19380438	-0.00041180072	0.9810195	-4.3464536e-17	0	300
2.6134999999998835e-10	0.19381052	-0.00041318903	0.98101825	-4.3464533e-17	0	300
2.614499999999884e-10	0.19381665	-0.00041449093	0.9810171	-4.346453e-17	0	300
2.615499999999884e-10	0.19382279	-0.00041570677	0.9810158	-4.3464523e-17	0	300
2.6164999999998844e-10	0.19382891	-0.00041683693	0.98101467	-4.346452e-17	0	300
2.6174999999998847e-10	0.19383503	-0.00041788165	0.98101336	-4.346453e-17	0	300
2.618499999999885e-10	0.19384116	-0.00041884137	0.9810122	-4.3464543e-17	0	300
2.6194999999998853e-10	0.19384727	-0.0004197163	0.9810109	-4.3464533e-17	0	300
2.6204999999998856e-10	0.19385336	-0.00042050675	0.9810098	-4.346453e-17	0	300
2.621499999999886e-10	0.19385947	-0.00042121325	0.9810085	-4.3464533e-17	0	300
2.622499999999886e-10	0.19386557	-0.00042183607	0.98100734	-4.346452e-17	0	300
2.6234999999998866e-10	0.19387165	-0.00042237554	0.9810061	-4.3464536e-17	0	300
2.624499999999887e-10	0.1938777	-0.00042283224	0.9810049	-4.3464533e-17	0	300
2.625499999999887e-10	0.19388378	-0.00042320654	0.98100364	-4.346453e-17	0	300
2.6264999999998875e-10	0.1938898	-0.00042349892	0.9810025	-4.3464526e-17	0	300
2.627499999999888e-10	0.19389583	-0.00042370975	0.98100126	-4.3464533e-17	0	300
2.628499999999888e-10	0.19390184	-0.00042383955	0.98100007	-4.3464516e-17	0	300
2.6294999999998884e-10	0.19390784	-0.00042388862	0.98099893	-4.346454e-17	0	300
2.6304999999998887e-10	0.1939138	-0.0004238577	0.9809977	-4.346452e-17	0	300
2.631499999999889e-10	0.19391978	-0.0004237472	0.98099655	-4.3464536e-17	0	300
2.6324999999998893e-10	0.19392571	-0.0004235576	0.98099536	-4.3464523e-17	0	300
2.6334999999998896e-10	0.1939316	-0.00042328952	0.9809941	-4.346453e-17	0	300
2.63449999999989e-10	0.19393751	-0.0004229435	0.980993	-4.3464533e-17	0	300
2.63549999999989e-10	0.19394337	-0.0004225201	0.98099184	-4.3464536e-17	0	300
2.6364999999998905e-10	0.19394921	-0.00042201983	0.9809905	-4.3464523e-17	0	300
2.637499999999891e-10	0.19395503	-0.00042144317	0.98098946	-4.3464543e-17	0	300
2.638499999999891e-10	0.1939608	-0.0004207908	0.9809884	-4.3464543e-17	0	300
2.6394999999998915e-10	0.19396657	-0.00042006333	0.9809871	-4.346454e-17	0	300
2.640499999999892e-10	0.19397229	-0.00041926134	0.98098594	-4.3464533e-17	0	300
2.641499999999892e-10	0.19397801	-0.00041838546	0.9809848	-4.3464536e-17	0	300
2.6424999999998924e-10	0.19398372	-0.00041743624	0.98098373	-4.3464533e-17	0	300
2.6434999999998927e-10	0.19398934	-0.00041641443	0.98098266	-4.3464523e-17	0	300
2.644499999999893e-10	0.19399497	-0.00041532068	0.9809816	-4.3464533e-17	0	300
2.6454999999998933e-10	0.19400056	-0.00041415554	0.98098034	-4.3464526e-17	0	300
2.6464999999998936e-10	0.19400612	-0.00041291973	0.98097926	-4.346454e-17	0	300
2.647499999999894e-10	0.19401163	-0.00041161402	0.98097813	-4.3464536e-17	0	300
2.648499999999894e-10	0.19401711	-0.00041023898	0.980977	-4.346453e-17	0	300
2.6494999999998945e-10	0.19402257	-0.00040879525	0.98097587	-4.346453e-17	0	300
2.650499999999895e-10	0.19402798	-0.0004072836	0.9809749	-4.346454e-17	0	300
2.651499999999895e-10	0.19403335	-0.00040570478	0.98097384	-4.3464526e-17	0	300
2.6524999999998955e-10	0.19403869	-0.0004040594	0.98097277	-4.346453e-17	0	300
2.653499999999896e-10	0.194044	-0.00040234826	0.9809717	-4.346454e-17	0	300
2.654499999999896e-10	0.19404925	-0.00040057205	0.9809706	-4.346453e-17	0	300
2.6554999999998964e-10	0.19405445	-0.00039873153	0.9809696	-4.3464533e-17	0	300
2.6564999999998967e-10	0.19405964	-0.00039682744	0.98096853	-4.346454e-17	0	300
2.657499999999897e-10	0.19406477	-0.00039486057	0.9809676	-4.346453e-17	0	300
2.6584999999998973e-10	0.19406986	-0.00039283154	0.98096657	-4.346453e-17	0	300
2.6594999999998976e-10	0.19407491	-0.0003907413	0.9809655	-4.3464536e-17	0	300
2.660499999999898e-10	0.1940799	-0.00038859056	0.9809645	-4.3464533e-17	0	300
2.661499999999898e-10	0.19408487	-0.00038638007	0.98096347	-4.3464536e-17	0	300
2.6624999999998985e-10	0.19408979	-0.00038411067	0.98096246	-4.3464523e-17	0	300
2.663499999999899e-10	0.19409469	-0.00038178326	0.98096156	-4.3464533e-17	0	300
2.664499999999899e-10	0.19409949	-0.0003793985	0.9809606	-4.3464533e-17	0	300
2.6654999999998994e-10	0.19410425	-0.00037695712	0.98095965	-4.3464536e-17	0	300
2.6664999999999e-10	0.194109	-0.0003744601	0.98095864	-4.3464523e-17	0	300
2.6674999999999e-10	0.19411367	-0.000371908	0.9809578	-4.346453e-17	0	300
2.6684999999999004e-10	0.1941183	-0.00036930188	0.9809568	-4.346454e-17	0	300
2.6694999999999007e-10	0.1941229	-0.00036664246	0.98095596	-4.3464546e-17	0	300
2.670499999999901e-10	0.19412744	-0.00036393065	0.98095495	-4.3464536e-17	0	300
2.6714999999999013e-10	0.19413191	-0.00036116724	0.98095405	-4.346454e-17	0	300
2.6724999999999016e-10	0.19413635	-0.00035835308	0.9809533	-4.3464543e-17	0	300
2.673499999999902e-10	0.19414072	-0.0003554891	0.98095226	-4.3464536e-17	0	300
2.674499999999902e-10	0.19414504	-0.00035257605	0.98095155	-4.346453e-17	0	300
2.6754999999999025e-10	0.19414932	-0.00034961474	0.98095065	-4.3464523e-17	0	300
2.676499999999903e-10	0.19415352	-0.00034660622	0.9809498	-4.3464536e-17	0	300
2.677499999999903e-10	0.19415772	-0.00034355122	0.980949	-4.3464526e-17	0	300
2.6784999999999034e-10	0.19416182	-0.00034045056	0.9809481	-4.3464536e-17	0	300
2.6794999999999037e-10	0.19416589	-0.00033730525	0.9809474	-4.3464533e-17	0	300
2.680499999999904e-10	0.19416988	-0.00033411608	0.9809465	-4.3464543e-17	0	300
2.6814999999999044e-10	0.19417384	-0.00033088378	0.9809457	-4.346453e-17	0	300
2.6824999999999047e-10	0.19417773	-0.00032760948	0.98094493	-4.3464543e-17	0	300
2.683499999999905e-10	0.19418156	-0.00032429385	0.98094416	-4.3464533e-17	0	300
2.6844999999999053e-10	0.19418536	-0.0003209381	0.9809434	-4.3464546e-17	0	300
2.6854999999999056e-10	0.19418907	-0.00031754293	0.98094267	-4.3464536e-17	0	300
2.686499999999906e-10	0.19419275	-0.00031410926	0.98094195	-4.3464526e-17	0	300
2.687499999999906e-10	0.19419634	-0.00031063784	0.9809413	-4.346454e-17	0	300
2.6884999999999065e-10	0.1941999	-0.00030712964	0.9809405	-4.346454e-17	0	300
2.689499999999907e-10	0.19420339	-0.00030358558	0.9809399	-4.3464526e-17	0	300
2.690499999999907e-10	0.19420685	-0.00030000642	0.9809391	-4.346454e-17	0	300
2.6914999999999074e-10	0.19421022	-0.00029639318	0.98093843	-4.3464543e-17	0	300
2.6924999999999077e-10	0.19421354	-0.00029274676	0.9809377	-4.3464546e-17	0	300
2.693499999999908e-10	0.19421679	-0.000289068	0.9809371	-4.346454e-17	0	300
2.6944999999999083e-10	0.19422	-0.00028535788	0.98093647	-4.3464543e-17	0	300
2.6954999999999086e-10	0.19422314	-0.00028161716	0.9809358	-4.3464536e-17	0	300
2.696499999999909e-10	0.19422619	-0.00027784676	0.9809353	-4.3464536e-17	0	300
2.6974999999999093e-10	0.19422923	-0.00027404772	0.9809346	-4.3464526e-17	0	300
2.6984999999999096e-10	0.1942322	-0.00027022086	0.9809341	-4.3464543e-17	0	300
2.69949999999991e-10	0.1942351	-0.000266367	0.98093355	-4.3464526e-17	0	300
2.70049999999991e-10	0.19423793	-0.00026248716	0.9809329	-4.346455e-17	0	300
2.7014999999999105e-10	0.1942407	-0.00025858212	0.98093235	-4.346453e-17	0	300
2.702499999999911e-10	0.19424343	-0.0002546529	0.98093176	-4.346453e-17	0	300
2.703499999999911e-10	0.19424608	-0.00025070022	0.98093134	-4.3464533e-17	0	300
2.7044999999999114e-10	0.19424868	-0.00024672507	0.9809308	-4.3464533e-17	0	300
2.7054999999999117e-10	0.19425121	-0.00024272827	0.98093015	-4.346453e-17	0	300
2.706499999999912e-10	0.19425367	-0.0002387108	0.98092973	-4.3464536e-17	0	300
2.7074999999999123e-10	0.1942561	-0.00023467353	0.9809293	-4.346454e-17	0	300
2.7084999999999126e-10	0.19425844	-0.00023061724	0.9809287	-4.3464546e-17	0	300
2.709499999999913e-10	0.19426073	-0.0002265428	0.98092836	-4.3464543e-17	0	300
2.710499999999913e-10	0.19426295	-0.0002224513	0.9809279	-4.3464536e-17	0	300
2.7114999999999136e-10	0.19426513	-0.0002183435	0.98092747	-4.3464526e-17	0	300
2.712499999999914e-10	0.19426724	-0.00021422013	0.980927	-4.346454e-17	0	300
2.713499999999914e-10	0.19426927	-0.00021008217	0.9809266	-4.3464543e-17	0	300
2.7144999999999145e-10	0.19427127	-0.0002059305	0.9809262	-4.3464536e-17	0	300
2.715499999999915e-10	0.19427317	-0.00020176599	0.9809259	-4.3464556e-17	0	300
2.716499999999915e-10	0.19427504	-0.0001975894	0.98092544	-4.3464546e-17	0	300
2.7174999999999154e-10	0.19427684	-0.00019340175	0.9809251	-4.3464526e-17	0	300
2.7184999999999157e-10	0.19427857	-0.0001892039	0.9809247	-4.3464543e-17	0	300
2.719499999999916e-10	0.19428025	-0.00018499662	0.98092437	-4.346453e-17	0	300
2.7204999999999163e-10	0.19428186	-0.00018078086	0.98092407	-4.346453e-17	0	300
2.7214999999999166e-10	0.1942834	-0.00017655728	0.98092365	-4.3464543e-17	0	300
2.722499999999917e-10	0.19428492	-0.0001723268	0.9809234	-4.3464536e-17	0	300
2.723499999999917e-10	0.19428635	-0.00016809032	0.9809232	-4.3464546e-17	0	300
2.7244999999999175e-10	0.19428772	-0.00016384854	0.98092294	-4.346453e-17	0	300
2.725499999999918e-10	0.19428901	-0.00015960236	0.9809227	-4.346454e-17	0	300
2.726499999999918e-10	0.19429027	-0.00015535264	0.98092246	-4.346454e-17	0	300
2.7274999999999185e-10	0.19429144	-0.00015110002	0.98092216	-4.3464536e-17	0	300
2.728499999999919e-10	0.19429258	-0.00014684557	0.9809219	-4.3464533e-17	0	300
2.729499999999919e-10	0.19429365	-0.00014258997	0.98092175	-4.346454e-17	0	300
2.7304999999999194e-10	0.19429466	-0.00013833403	0.9809215	-4.3464543e-17	0	300
2.7314999999999197e-10	0.19429561	-0.00013407852	0.98092127	-4.3464546e-17	0	300
2.73249999999992e-10	0.19429648	-0.00012982427	0.98092115	-4.3464536e-17	0	300
2.7334999999999203e-10	0.19429731	-0.00012557204	0.980921	-4.346453e-17	0	300
2.7344999999999206e-10	0.19429809	-0.000121322664	0.9809208	-4.3464536e-17	0	300
2.735499999999921e-10	0.19429882	-0.00011707702	0.9809206	-4.3464546e-17	0	300
2.736499999999921e-10	0.19429946	-0.000112835725	0.98092043	-4.346454e-17	0	300
2.7374999999999215e-10	0.19430007	-0.000108599605	0.98092043	-4.3464543e-17	0	300
2.738499999999922e-10	0.19430059	-0.00010436946	0.9809203	-4.3464543e-17	0	300
2.739499999999922e-10	0.19430104	-0.00010014598	0.98092026	-4.3464546e-17	0	300
2.7404999999999224e-10	0.19430149	-9.593005e-05	0.98092014	-4.346454e-17	0	300
2.741499999999923e-10	0.19430184	-9.172218e-05	0.98092	-4.3464533e-17	0	300
2.742499999999923e-10	0.19430216	-8.752336e-05	0.98092	-4.3464536e-17	0	300
2.7434999999999234e-10	0.1943024	-8.333405e-05	0.98091996	-4.346455e-17	0	300
2.7444999999999237e-10	0.19430259	-7.915513e-05	0.98091984	-4.3464526e-17	0	300
2.745499999999924e-10	0.19430274	-7.498735e-05	0.9809199	-4.346454e-17	0	300
2.7464999999999243e-10	0.19430281	-7.083143e-05	0.98091984	-4.3464523e-17	0	300
2.7474999999999246e-10	0.19430284	-6.668804e-05	0.9809198	-4.3464543e-17	0	300
2.748499999999925e-10	0.19430281	-6.255783e-05	0.98091984	-4.346455e-17	0	300
2.749499999999925e-10	0.19430271	-5.844149e-05	0.98091984	-4.3464533e-17	0	300
2.7504999999999255e-10	0.19430259	-5.433976e-05	0.98091984	-4.346454e-17	0	300
2.751499999999926e-10	0.19430238	-5.0253257e-05	0.9809199	-4.3464536e-17	0	300
2.752499999999926e-10	0.19430216	-4.618264e-05	0.98091996	-4.3464536e-17	0	300
2.7534999999999264e-10	0.19430186	-4.212855e-05	0.98092	-4.346454e-17	0	300
2.754499999999927e-10	0.19430152	-3.8091748e-05	0.98092	-4.3464533e-17	0	300
2.755499999999927e-10	0.19430111	-3.40728e-05	0.9809202	-4.3464533e-17	0	300
2.7564999999999274e-10	0.19430065	-3.0072422e-05	0.98092026	-4.346454e-17	0	300
2.7574999999999277e-10	0.19430013	-2.6091147e-05	0.98092026	-4.3464543e-17	0	300
2.758499999999928e-10	0.19429958	-2.212964e-05	0.9809205	-4.3464546e-17	0	300
2.7594999999999283e-10	0.19429897	-1.8188597e-05	0.9809205	-4.346453e-17	0	300
2.7604999999999286e-10	0.1942983	-1.4268611e-05	0.9809207	-4.346454e-17	0	300
2.761499999999929e-10	0.1942976	-1.0370297e-05	0.98092085	-4.346454e-17	0	300
2.762499999999929e-10	0.19429682	-6.494226e-06	0.98092103	-4.3464533e-17	0	300
2.7634999999999295e-10	0.19429602	-2.6409898e-06	0.98092115	-4.346454e-17	0	300
2.76449999999993e-10	0.19429515	1.1887792e-06	0.9809214	-4.3464546e-17	0	300
2.76549999999993e-10	0.19429423	4.9944824e-06	0.98092145	-4.3464536e-17	0	300
2.7664999999999304e-10	0.19429328	8.775519e-06	0.98092175	-4.346454e-17	0	300
2.7674999999999307e-10	0.19429226	1.2531392e-05	0.98092186	-4.3464543e-17	0	300
2.768499999999931e-10	0.1942912	1.6261554e-05	0.9809221	-4.3464543e-17	0	300
2.7694999999999313e-10	0.1942901	1.9965411e-05	0.98092234	-4.346454e-17	0	300
2.7704999999999317e-10	0.19428895	2.3642433e-05	0.9809225	-4.3464553e-17	0	300
2.771499999999932e-10	0.19428775	2.7292115e-05	0.9809227	-4.346454e-17	0	300
2.7724999999999323e-10	0.19428653	3.0913878e-05	0.980923	-4.3464543e-17	0	300
2.7734999999999326e-10	0.19428524	3.45073e-05	0.9809233	-4.3464536e-17	0	300
2.774499999999933e-10	0.19428392	3.807181e-05	0.9809236	-4.346454e-17	0	300
2.775499999999933e-10	0.19428253	4.1607018e-05	0.9809239	-4.3464536e-17	0	300
2.7764999999999335e-10	0.19428113	4.5112334e-05	0.98092407	-4.346454e-17	0	300
2.777499999999934e-10	0.1942797	4.8587364e-05	0.98092437	-4.3464536e-17	0	300
2.778499999999934e-10	0.19427818	5.2031515e-05	0.9809246	-4.3464543e-17	0	300
2.7794999999999344e-10	0.19427663	5.5444383e-05	0.98092496	-4.3464536e-17	0	300
2.7804999999999347e-10	0.19427505	5.8825586e-05	0.9809254	-4.3464536e-17	0	300
2.781499999999935e-10	0.19427343	6.21746e-05	0.9809255	-4.3464543e-17	0	300
2.7824999999999353e-10	0.19427176	6.5491055e-05	0.98092604	-4.3464546e-17	0	300
2.7834999999999356e-10	0.19427006	6.87746e-05	0.9809262	-4.3464536e-17	0	300
2.784499999999936e-10	0.19426833	7.2024675e-05	0.9809265	-4.346453e-17	0	300
2.785499999999936e-10	0.19426656	7.524091e-05	0.98092693	-4.3464543e-17	0	300
2.7864999999999366e-10	0.19426472	7.842291e-05	0.98092735	-4.346454e-17	0	300
2.787499999999937e-10	0.19426289	8.1570295e-05	0.98092765	-4.3464543e-17	0	300
2.788499999999937e-10	0.19426101	8.468267e-05	0.98092806	-4.346453e-17	0	300
2.7894999999999375e-10	0.19425908	8.775964e-05	0.9809285	-4.3464543e-17	0	300
2.790499999999938e-10	0.19425711	9.080094e-05	0.98092884	-4.3464536e-17	0	300
2.791499999999938e-10	0.19425511	9.380612e-05	0.9809292	-4.3464536e-17	0	300
2.7924999999999384e-10	0.19425309	9.677497e-05	0.9809297	-4.346454e-17	0	300
2.7934999999999387e-10	0.19425103	9.970705e-05	0.9809301	-4.346454e-17	0	300
2.794499999999939e-10	0.19424894	0.00010260196	0.98093045	-4.346453e-17	0	300
2.7954999999999393e-10	0.19424681	0.000105459476	0.98093086	-4.3464533e-17	0	300
2.7964999999999396e-10	0.19424464	0.000108279186	0.98093134	-4.346453e-17	0	300
2.79749999999994e-10	0.19424245	0.000111060894	0.9809317	-4.346454e-17	0	300
2.79849999999994e-10	0.19424023	0.00011380421	0.9809321	-4.3464536e-17	0	300
2.7994999999999405e-10	0.19423795	0.000116508825	0.9809326	-4.3464543e-17	0	300
2.800499999999941e-10	0.19423568	0.0001191746	0.9809331	-4.3464526e-17	0	300
2.801499999999941e-10	0.19423336	0.00012180109	0.9809336	-4.346454e-17	0	300
2.8024999999999415e-10	0.19423102	0.00012438817	0.980934	-4.3464546e-17	0	300
2.803499999999942e-10	0.19422865	0.00012693554	0.98093456	-4.3464543e-17	0	300
2.804499999999942e-10	0.19422625	0.00012944303	0.98093504	-4.3464536e-17	0	300
2.8054999999999424e-10	0.19422384	0.00013191029	0.98093545	-4.3464543e-17	0	300
2.8064999999999427e-10	0.19422138	0.0001343372	0.9809359	-4.3464553e-17	0	300
2.807499999999943e-10	0.1942189	0.00013672351	0.98093647	-4.3464553e-17	0	300
2.8084999999999433e-10	0.1942164	0.00013906907	0.98093694	-4.3464543e-17	0	300
2.8094999999999436e-10	0.1942139	0.0001413736	0.9809375	-4.3464533e-17	0	300
2.810499999999944e-10	0.19421133	0.00014363705	0.98093796	-4.346453e-17	0	300
2.811499999999944e-10	0.19420877	0.00014585923	0.98093843	-4.3464526e-17	0	300
2.8124999999999445e-10	0.19420621	0.00014803982	0.980939	-4.3464536e-17	0	300
2.813499999999945e-10	0.19420359	0.00015017878	0.9809395	-4.346453e-17	0	300
2.814499999999945e-10	0.194201	0.00015227609	0.9809401	-4.346454e-17	0	300
2.8154999999999455e-10	0.19419831	0.00015433162	0.9809406	-4.3464536e-17	0	300
2.816499999999946e-10	0.19419567	0.00015634514	0.98094106	-4.3464543e-17	0	300
2.817499999999946e-10	0.19419298	0.00015831654	0.98094165	-4.3464543e-17	0	300
2.8184999999999464e-10	0.19419026	0.00016024572	0.9809422	-4.346453e-17	0	300
2.8194999999999467e-10	0.19418755	0.00016213264	0.9809427	-4.346455e-17	0	300
2.820499999999947e-10	0.19418485	0.00016397717	0.98094326	-4.3464536e-17	0	300
2.8214999999999473e-10	0.1941821	0.00016577929	0.9809438	-4.3464536e-17	0	300
2.8224999999999476e-10	0.19417934	0.00016753888	0.98094434	-4.3464536e-17	0	300
2.823499999999948e-10	0.19417654	0.00016925592	0.9809449	-4.3464543e-17	0	300
2.824499999999948e-10	0.19417377	0.00017093039	0.9809456	-4.3464536e-17	0	300
2.8254999999999485e-10	0.19417097	0.00017256223	0.980946	-4.3464536e-17	0	300
2.826499999999949e-10	0.19416815	0.00017415127	0.98094654	-4.3464533e-17	0	300
2.827499999999949e-10	0.19416535	0.00017569763	0.98094714	-4.346454e-17	0	300
2.8284999999999494e-10	0.19416249	0.00017720123	0.9809477	-4.3464543e-17	0	300
2.82949999999995e-10	0.19415966	0.0001786621	0.9809483	-4.3464546e-17	0	300
2.83049999999995e-10	0.1941568	0.00018008027	0.98094887	-4.3464546e-17	0	300
2.8314999999999504e-10	0.19415393	0.00018145562	0.9809494	-4.3464523e-17	0	300
2.8324999999999507e-10	0.19415106	0.00018278822	0.98095	-4.3464543e-17	0	300
2.833499999999951e-10	0.19414817	0.00018407822	0.98095053	-4.3464526e-17	0	300
2.8344999999999513e-10	0.19414529	0.00018532557	0.9809512	-4.3464536e-17	0	300
2.8354999999999516e-10	0.19414239	0.0001865302	0.9809517	-4.346454e-17	0	300
2.836499999999952e-10	0.19413948	0.00018769236	0.9809523	-4.3464543e-17	0	300
2.837499999999952e-10	0.19413657	0.0001888121	0.98095286	-4.3464546e-17	0	300
2.8384999999999525e-10	0.19413365	0.00018988925	0.98095345	-4.3464533e-17	0	300
2.839499999999953e-10	0.19413072	0.00019092401	0.98095405	-4.3464546e-17	0	300
2.840499999999953e-10	0.1941278	0.00019191645	0.98095465	-4.346454e-17	0	300
2.8414999999999534e-10	0.19412488	0.00019286663	0.9809552	-4.346455e-17	0	300
2.8424999999999537e-10	0.19412196	0.00019377464	0.9809558	-4.3464553e-17	0	300
2.843499999999954e-10	0.19411902	0.00019464051	0.9809564	-4.3464543e-17	0	300
2.8444999999999544e-10	0.19411609	0.0001954645	0.98095703	-4.346454e-17	0	300
2.8454999999999547e-10	0.19411315	0.00019624666	0.98095757	-4.346455e-17	0	300
2.846499999999955e-10	0.1941102	0.00019698715	0.98095816	-4.346454e-17	0	300
2.8474999999999553e-10	0.19410726	0.000197686	0.9809587	-4.3464536e-17	0	300
2.8484999999999556e-10	0.19410433	0.0001983433	0.9809593	-4.3464543e-17	0	300
2.849499999999956e-10	0.19410141	0.00019895934	0.98095983	-4.3464533e-17	0	300
2.850499999999956e-10	0.19409847	0.00019953407	0.98096055	-4.3464543e-17	0	300
2.8514999999999565e-10	0.19409552	0.00020006779	0.9809611	-4.346454e-17	0	300
2.852499999999957e-10	0.1940926	0.00020056053	0.9809617	-4.346454e-17	0	300
2.853499999999957e-10	0.19408965	0.00020101265	0.98096216	-4.3464546e-17	0	300
2.8544999999999574e-10	0.19408673	0.00020142425	0.9809628	-4.3464536e-17	0	300
2.8554999999999577e-10	0.19408381	0.00020179547	0.98096335	-4.346454e-17	0	300
2.856499999999958e-10	0.1940809	0.00020212642	0.98096395	-4.3464533e-17	0	300
2.8574999999999583e-10	0.19407798	0.0002024174	0.9809646	-4.346455e-17	0	300
2.8584999999999586e-10	0.19407506	0.00020266854	0.9809652	-4.3464546e-17	0	300
2.859499999999959e-10	0.19407216	0.00020288004	0.9809658	-4.3464543e-17	0	300
2.860499999999959e-10	0.19406927	0.00020305214	0.9809663	-4.3464533e-17	0	300
2.8614999999999596e-10	0.19406636	0.00020318496	0.98096687	-4.3464543e-17	0	300
2.86249999999996e-10	0.19406348	0.00020327879	0.98096746	-4.3464536e-17	0	300
2.86349999999996e-10	0.1940606	0.0002033337	0.980968	-4.3464546e-17	0	300
2.8644999999999605e-10	0.19405773	0.0002033501	0.9809686	-4.3464536e-17	0	300
2.865499999999961e-10	0.19405487	0.0002033282	0.98096925	-4.346454e-17	0	300
2.866499999999961e-10	0.19405203	0.00020326822	0.98096985	-4.346454e-17	0	300
2.8674999999999614e-10	0.19404918	0.00020317045	0.9809704	-4.346455e-17	0	300
2.8684999999999617e-10	0.19404635	0.00020303503	0.9809709	-4.3464543e-17	0	300
2.869499999999962e-10	0.19404353	0.00020286237	0.98097146	-4.3464546e-17	0	300
2.8704999999999623e-10	0.19404072	0.00020265265	0.9809721	-4.3464546e-17	0	300
2.8714999999999626e-10	0.19403791	0.00020240611	0.9809725	-4.3464533e-17	0	300
2.872499999999963e-10	0.19403516	0.00020212316	0.9809732	-4.346454e-17	0	300
2.873499999999963e-10	0.19403237	0.00020180386	0.9809737	-4.3464536e-17	0	300
2.8744999999999636e-10	0.1940296	0.00020144865	0.98097426	-4.3464543e-17	0	300
2.875499999999964e-10	0.19402686	0.00020105792	0.9809748	-4.3464543e-17	0	300
2.876499999999964e-10	0.19402412	0.00020063174	0.9809753	-4.3464536e-17	0	300
2.8774999999999645e-10	0.19402139	0.00020017053	0.98097587	-4.3464543e-17	0	300
2.878499999999965e-10	0.1940187	0.00019967459	0.98097646	-4.346455e-17	0	300
2.879499999999965e-10	0.19401602	0.0001991442	0.98097694	-4.346454e-17	0	300
2.8804999999999654e-10	0.19401333	0.00019857966	0.9809775	-4.346454e-17	0	300
2.8814999999999657e-10	0.19401069	0.00019798128	0.980978	-4.3464533e-17	0	300
2.882499999999966e-10	0.19400805	0.00019734944	0.98097855	-4.3464543e-17	0	300
2.8834999999999663e-10	0.19400543	0.00019668443	0.9809791	-4.3464543e-17	0	300
2.8844999999999666e-10	0.19400282	0.00019598666	0.9809796	-4.3464546e-17	0	300
2.885499999999967e-10	0.19400021	0.00019525645	0.98098016	-4.3464543e-17	0	300
2.886499999999967e-10	0.19399765	0.00019449406	0.98098063	-4.346454e-17	0	300
2.8874999999999675e-10	0.19399509	0.00019369993	0.9809812	-4.3464543e-17	0	300
2.888499999999968e-10	0.19399258	0.00019287433	0.9809816	-4.3464546e-17	0	300
2.889499999999968e-10	0.19399005	0.00019201764	0.9809822	-4.3464543e-17	0	300
2.8904999999999685e-10	0.19398755	0.00019113021	0.98098266	-4.346454e-17	0	300
2.891499999999969e-10	0.19398507	0.00019021233	0.9809831	-4.3464543e-17	0	300
2.892499999999969e-10	0.19398263	0.00018926452	0.9809836	-4.346455e-17	0	300
2.8934999999999694e-10	0.19398019	0.00018828698	0.9809841	-4.3464533e-17	0	300
2.8944999999999697e-10	0.19397777	0.00018728022	0.9809846	-4.3464546e-17	0	300
2.89549999999997e-10	0.19397537	0.00018624446	0.9809851	-4.3464526e-17	0	300
2.8964999999999703e-10	0.193973	0.00018518027	0.98098564	-4.3464543e-17	0	300
2.8974999999999706e-10	0.19397065	0.00018408785	0.980986	-4.3464533e-17	0	300
2.898499999999971e-10	0.19396833	0.00018296766	0.9809865	-4.346454e-17	0	300
2.899499999999971e-10	0.19396603	0.00018182001	0.98098695	-4.3464546e-17	0	300
2.9004999999999715e-10	0.19396372	0.00018064538	0.9809875	-4.3464533e-17	0	300
2.901499999999972e-10	0.19396149	0.00017944406	0.9809878	-4.3464543e-17	0	300
2.902499999999972e-10	0.19395922	0.00017821661	0.9809883	-4.3464543e-17	0	300
2.9034999999999724e-10	0.19395702	0.00017696328	0.98098874	-4.346454e-17	0	300
2.904499999999973e-10	0.19395483	0.00017568447	0.9809892	-4.346455e-17	0	300
2.905499999999973e-10	0.19395266	0.00017438072	0.9809896	-4.3464533e-17	0	300
2.9064999999999734e-10	0.1939505	0.00017305228	0.98099005	-4.3464543e-17	0	300
2.9074999999999737e-10	0.19394842	0.00017169958	0.9809905	-4.3464546e-17	0	300
2.908499999999974e-10	0.1939463	0.00017032305	0.9809908	-4.3464543e-17	0	300
2.9094999999999743e-10	0.19394425	0.00016892317	0.98099136	-4.346454e-17	0	300
2.9104999999999746e-10	0.19394219	0.00016750026	0.9809917	-4.346454e-17	0	300
2.911499999999975e-10	0.19394018	0.00016605482	0.9809921	-4.346454e-17	0	300
2.912499999999975e-10	0.1939382	0.00016458712	0.98099256	-4.346454e-17	0	300
2.9134999999999755e-10	0.19393623	0.00016309773	0.9809929	-4.3464543e-17	0	300
2.914499999999976e-10	0.19393429	0.00016158704	0.9809933	-4.346454e-17	0	300
2.915499999999976e-10	0.19393238	0.00016005538	0.9809937	-4.346454e-17	0	300
2.9164999999999764e-10	0.19393049	0.0001585033	0.9809941	-4.3464546e-17	0	300
2.917499999999977e-10	0.19392863	0.00015693113	0.98099446	-4.3464536e-17	0	300
2.918499999999977e-10	0.1939268	0.00015533935	0.9809949	-4.3464536e-17	0	300
2.9194999999999774e-10	0.193925	0.0001537283	0.9809951	-4.346454e-17	0	300
2.9204999999999777e-10	0.19392322	0.00015209842	0.9809956	-4.346455e-17	0	300
2.921499999999978e-10	0.19392146	0.00015045016	0.98099583	-4.3464546e-17	0	300
2.9224999999999783e-10	0.19391975	0.0001487839	0.9809962	-4.3464543e-17	0	300
2.9234999999999786e-10	0.19391803	0.00014710012	0.9809965	-4.3464533e-17	0	300
2.924499999999979e-10	0.19391637	0.00014539922	0.98099697	-4.346456e-17	0	300
2.925499999999979e-10	0.19391474	0.00014368165	0.98099715	-4.3464536e-17	0	300
2.9264999999999795e-10	0.19391312	0.00014194779	0.98099756	-4.3464543e-17	0	300
2.92749999999998e-10	0.19391155	0.00014019807	0.9809978	-4.3464543e-17	0	300
2.92849999999998e-10	0.19390999	0.00013843304	0.9809982	-4.346455e-17	0	300
2.9294999999999804e-10	0.19390845	0.00013665296	0.98099846	-4.346455e-17	0	300
2.9304999999999807e-10	0.19390696	0.00013485838	0.98099875	-4.346454e-17	0	300
2.931499999999981e-10	0.19390549	0.00013304969	0.98099905	-4.3464553e-17	0	300
2.9324999999999813e-10	0.19390404	0.00013122734	0.9809994	-4.3464543e-17	0	300
2.9334999999999816e-10	0.19390264	0.00012939166	0.98099965	-4.3464546e-17	0	300
2.934499999999982e-10	0.19390126	0.00012754317	0.9809999	-4.3464543e-17	0	300
2.9354999999999823e-10	0.19389991	0.00012568229	0.9810002	-4.346454e-17	0	300
2.9364999999999826e-10	0.19389859	0.00012380946	0.9810005	-4.3464543e-17	0	300
2.937499999999983e-10	0.19389728	0.00012192507	0.9810007	-4.3464546e-17	0	300
2.938499999999983e-10	0.19389601	0.00012002961	0.981001	-4.3464546e-17	0	300
2.9394999999999835e-10	0.1938948	0.00011812357	0.98100126	-4.3464536e-17	0	300
2.940499999999984e-10	0.19389358	0.000116207215	0.9810014	-4.3464543e-17	0	300
2.941499999999984e-10	0.19389242	0.00011428102	0.9810016	-4.346453e-17	0	300
2.9424999999999844e-10	0.19389123	0.00011234549	0.981002	-4.346455e-17	0	300
2.9434999999999847e-10	0.19389014	0.000110400986	0.98100215	-4.346454e-17	0	300
2.944499999999985e-10	0.19388905	0.00010844784	0.9810024	-4.346454e-17	0	300
2.9454999999999853e-10	0.19388798	0.00010648655	0.9810026	-4.3464546e-17	0	300
2.9464999999999856e-10	0.19388694	0.00010451754	0.9810028	-4.346455e-17	0	300
2.947499999999986e-10	0.19388594	0.0001025412	0.981003	-4.346454e-17	0	300
2.948499999999986e-10	0.19388495	0.00010055793	0.9810031	-4.346455e-17	0	300
2.9494999999999866e-10	0.19388404	9.856823e-05	0.98100334	-4.346454e-17	0	300
2.950499999999987e-10	0.19388312	9.65725e-05	0.9810035	-4.3464533e-17	0	300
2.951499999999987e-10	0.19388223	9.4571056e-05	0.98100376	-4.346455e-17	0	300
2.9524999999999875e-10	0.19388136	9.256442e-05	0.9810039	-4.346453e-17	0	300
2.953499999999988e-10	0.19388056	9.05529e-05	0.9810041	-4.3464543e-17	0	300
2.954499999999988e-10	0.19387975	8.8536995e-05	0.98100424	-4.346454e-17	0	300
2.9554999999999884e-10	0.19387898	8.6517095e-05	0.9810045	-4.3464536e-17	0	300
2.9564999999999887e-10	0.19387826	8.449358e-05	0.9810046	-4.3464536e-17	0	300
2.957499999999989e-10	0.19387756	8.246677e-05	0.9810048	-4.3464536e-17	0	300
2.9584999999999893e-10	0.19387688	8.043718e-05	0.98100483	-4.3464546e-17	0	300
2.9594999999999896e-10	0.19387622	7.84052e-05	0.981005	-4.3464546e-17	0	300
2.96049999999999e-10	0.1938756	7.6371216e-05	0.9810051	-4.3464543e-17	0	300
2.96149999999999e-10	0.19387501	7.43356e-05	0.9810052	-4.346454e-17	0	300
2.9624999999999905e-10	0.19387443	7.229867e-05	0.9810053	-4.3464536e-17	0	300
2.963499999999991e-10	0.19387391	7.026095e-05	0.98100543	-4.346454e-17	0	300
2.964499999999991e-10	0.1938734	6.822269e-05	0.98100555	-4.3464546e-17	0	300
2.9654999999999915e-10	0.19387293	6.6184286e-05	0.9810056	-4.346455e-17	0	300
2.966499999999992e-10	0.19387247	6.414618e-05	0.9810057	-4.3464543e-17	0	300
2.967499999999992e-10	0.19387206	6.2108644e-05	0.9810058	-4.3464536e-17	0	300
2.9684999999999924e-10	0.19387166	6.0072205e-05	0.9810059	-4.346455e-17	0	300
2.9694999999999927e-10	0.19387129	5.803724e-05	0.98100597	-4.3464543e-17	0	300
2.970499999999993e-10	0.19387095	5.6004017e-05	0.981006	-4.346453e-17	0	300
2.9714999999999933e-10	0.19387063	5.3973017e-05	0.981006	-4.346454e-17	0	300
2.9724999999999936e-10	0.19387037	5.194439e-05	0.98100615	-4.346454e-17	0	300
2.973499999999994e-10	0.19387011	4.9918795e-05	0.98100615	-4.3464536e-17	0	300
2.974499999999994e-10	0.19386989	4.7896323e-05	0.98100626	-4.3464546e-17	0	300
2.9754999999999945e-10	0.19386968	4.5877427e-05	0.9810063	-4.346455e-17	0	300
2.976499999999995e-10	0.19386952	4.3862477e-05	0.9810063	-4.346456e-17	0	300
2.977499999999995e-10	0.19386935	4.1851774e-05	0.9810064	-4.3464536e-17	0	300
2.9784999999999955e-10	0.19386922	3.9845632e-05	0.98100644	-4.3464536e-17	0	300
2.979499999999996e-10	0.19386914	3.7844497e-05	0.98100644	-4.346454e-17	0	300
2.980499999999996e-10	0.19386907	3.5848563e-05	0.98100644	-4.346454e-17	0	300
2.9814999999999964e-10	0.19386902	3.3858323e-05	0.9810064	-4.346455e-17	0	300
2.9824999999999967e-10	0.19386901	3.1874126e-05	0.9810064	-4.3464536e-17	0	300
2.983499999999997e-10	0.19386902	2.9896137e-05	0.9810064	-4.346454e-17	0	300
2.9844999999999973e-10	0.19386905	2.7924758e-05	0.98100644	-4.3464553e-17	0	300
2.9854999999999976e-10	0.19386911	2.5960335e-05	0.9810065	-4.3464546e-17	0	300
2.986499999999998e-10	0.19386922	2.4003164e-05	0.9810064	-4.3464533e-17	0	300
2.987499999999998e-10	0.19386934	2.2053573e-05	0.9810064	-4.3464543e-17	0	300
2.9884999999999985e-10	0.19386947	2.0111836e-05	0.9810064	-4.3464553e-17	0	300
2.989499999999999e-10	0.19386965	1.8178274e-05	0.98100626	-4.3464546e-17	0	300
2.990499999999999e-10	0.19386981	1.6253209e-05	0.98100626	-4.3464543e-17	0	300
2.9914999999999994e-10	0.19387002	1.4336999e-05	0.9810063	-4.3464546e-17	0	300
2.9925e-10	0.19387026	1.2429839e-05	0.9810062	-4.3464553e-17	0	300
2.9935e-10	0.19387053	1.053194e-05	0.98100615	-4.3464543e-17	0	300
2.994e-10	0.19387066	9.586605e-06	0.98100615	-4.3464533e-17	0	300
2.9950000000000005e-10	0.19387095	7.703402e-06	0.9810061	-4.346455e-17	0	300
2.996000000000001e-10	0.19387127	5.8302867e-06	0.981006	-4.3464536e-17	0	300
2.997000000000001e-10	0.1938716	3.9674915e-06	0.9810059	-4.346455e-17	0	300
2.9980000000000014e-10	0.19387197	2.1154658e-06	0.9810059	-4.3464543e-17	0	300
2.9990000000000017e-10	0.19387238	2.743102e-07	0.9810058	-4.3464536e-17	0	300
3.000000000000002e-10	0.19387278	-1.5556379e-06	0.9810057	-4.3464536e-17	0	300
3.0010000000000024e-10	0.19387323	-3.3740794e-06	0.9810056	-4.346455e-17	0	300
3.0020000000000027e-10	0.19387366	-5.18079e-06	0.9810056	-4.3464543e-17	0	300
3.003000000000003e-10	0.19387415	-6.9754988e-06	0.9810053	-4.346454e-17	0	300
3.0040000000000033e-10	0.19387466	-8.757939e-06	0.9810053	-4.3464546e-17	0	300
3.0050000000000036e-10	0.19387516	-1.05279305e-05	0.98100525	-4.3464536e-17	0	300
3.006000000000004e-10	0.19387572	-1.2285174e-05	0.9810052	-4.3464526e-17	0	300
3.007000000000004e-10	0.1938763	-1.4029285e-05	0.98100495	-4.3464546e-17	0	300
3.0080000000000045e-10	0.19387689	-1.5760153e-05	0.9810049	-4.3464533e-17	0	300
3.009000000000005e-10	0.19387749	-1.7477523e-05	0.9810048	-4.346455e-17	0	300
3.010000000000005e-10	0.19387813	-1.918117e-05	0.98100466	-4.346454e-17	0	300
3.0110000000000054e-10	0.19387877	-2.0870786e-05	0.9810045	-4.3464536e-17	0	300
3.0120000000000057e-10	0.19387946	-2.2546154e-05	0.98100436	-4.346453e-17	0	300
3.013000000000006e-10	0.19388014	-2.4206998e-05	0.98100424	-4.3464546e-17	0	300
3.0140000000000063e-10	0.19388087	-2.585322e-05	0.9810041	-4.346454e-17	0	300
3.0150000000000066e-10	0.1938816	-2.7484499e-05	0.98100394	-4.3464546e-17	0	300
3.016000000000007e-10	0.19388238	-2.910054e-05	0.9810038	-4.3464546e-17	0	300
3.0170000000000073e-10	0.19388315	-3.0701183e-05	0.98100364	-4.3464546e-17	0	300
3.0180000000000076e-10	0.19388393	-3.2286214e-05	0.9810035	-4.346454e-17	0	300
3.019000000000008e-10	0.19388476	-3.3855384e-05	0.9810033	-4.3464546e-17	0	300
3.020000000000008e-10	0.1938856	-3.5408542e-05	0.9810032	-4.346454e-17	0	300
3.0210000000000085e-10	0.19388644	-3.6945443e-05	0.98100305	-4.3464543e-17	0	300
3.022000000000009e-10	0.19388732	-3.8465874e-05	0.9810028	-4.3464536e-17	0	300
3.023000000000009e-10	0.19388822	-3.996976e-05	0.9810026	-4.3464556e-17	0	300
3.0240000000000094e-10	0.19388911	-4.145679e-05	0.98100245	-4.3464546e-17	0	300
3.0250000000000097e-10	0.19389004	-4.2926844e-05	0.9810023	-4.346455e-17	0	300
3.02600000000001e-10	0.19389099	-4.437973e-05	0.9810021	-4.346454e-17	0	300
3.0270000000000103e-10	0.19389194	-4.5815334e-05	0.9810019	-4.3464543e-17	0	300
3.0280000000000106e-10	0.19389294	-4.7233385e-05	0.9810017	-4.346454e-17	0	300
3.029000000000011e-10	0.19389391	-4.863389e-05	0.9810015	-4.3464536e-17	0	300
3.030000000000011e-10	0.19389492	-5.001656e-05	0.9810014	-4.3464546e-17	0	300
3.0310000000000116e-10	0.19389594	-5.138127e-05	0.9810011	-4.346453e-17	0	300
3.032000000000012e-10	0.19389695	-5.2727857e-05	0.98100096	-4.3464546e-17	0	300
3.033000000000012e-10	0.19389804	-5.4056247e-05	0.98100066	-4.3464553e-17	0	300
3.0340000000000125e-10	0.1938991	-5.5366327e-05	0.9810005	-4.3464556e-17	0	300
3.035000000000013e-10	0.19390017	-5.665791e-05	0.98100024	-4.3464543e-17	0	300
3.036000000000013e-10	0.19390127	-5.7930843e-05	0.98100007	-4.346454e-17	0	300
3.0370000000000134e-10	0.19390239	-5.9184942e-05	0.9809998	-4.3464546e-17	0	300
3.0380000000000137e-10	0.1939035	-6.0420152e-05	0.9809996	-4.346454e-17	0	300
3.039000000000014e-10	0.19390464	-6.163628e-05	0.98099935	-4.3464546e-17	0	300
3.0400000000000143e-10	0.19390579	-6.283332e-05	0.98099905	-4.346455e-17	0	300
3.0410000000000146e-10	0.19390695	-6.401121e-05	0.98099893	-4.346455e-17	0	300
3.042000000000015e-10	0.19390813	-6.516978e-05	0.98099875	-4.3464536e-17	0	300
3.043000000000015e-10	0.19390929	-6.630899e-05	0.98099846	-4.3464543e-17	0	300
3.0440000000000155e-10	0.1939105	-6.742871e-05	0.9809983	-4.346455e-17	0	300
3.045000000000016e-10	0.19391169	-6.852894e-05	0.980998	-4.3464546e-17	0	300
3.046000000000016e-10	0.19391291	-6.960946e-05	0.98099774	-4.346454e-17	0	300
3.0470000000000165e-10	0.19391415	-7.0670205e-05	0.98099744	-4.3464546e-17	0	300
3.048000000000017e-10	0.19391537	-7.171118e-05	0.9809972	-4.346454e-17	0	300
3.049000000000017e-10	0.19391662	-7.273228e-05	0.980997	-4.346455e-17	0	300
3.0500000000000174e-10	0.19391784	-7.373345e-05	0.98099667	-4.346455e-17	0	300
3.0510000000000177e-10	0.19391912	-7.471465e-05	0.9809965	-4.346455e-17	0	300
3.052000000000018e-10	0.1939204	-7.567588e-05	0.98099625	-4.346454e-17	0	300
3.0530000000000183e-10	0.19392169	-7.6617034e-05	0.980996	-4.3464536e-17	0	300
3.0540000000000186e-10	0.19392294	-7.753803e-05	0.9809957	-4.346455e-17	0	300
3.055000000000019e-10	0.19392425	-7.843882e-05	0.98099554	-4.3464553e-17	0	300
3.056000000000019e-10	0.19392556	-7.9319434e-05	0.9809952	-4.3464543e-17	0	300
3.0570000000000195e-10	0.19392686	-8.017982e-05	0.980995	-4.346453e-17	0	300
3.05800000000002e-10	0.19392818	-8.101985e-05	0.9809947	-4.3464553e-17	0	300
3.05900000000002e-10	0.19392954	-8.183946e-05	0.98099434	-4.3464543e-17	0	300
3.0600000000000205e-10	0.19393086	-8.263868e-05	0.9809942	-4.3464546e-17	0	300
3.061000000000021e-10	0.19393219	-8.341741e-05	0.9809939	-4.3464543e-17	0	300
3.062000000000021e-10	0.19393356	-8.417563e-05	0.9809936	-4.3464543e-17	0	300
3.0630000000000214e-10	0.19393492	-8.4913336e-05	0.9809933	-4.346454e-17	0	300
3.0640000000000217e-10	0.1939363	-8.563047e-05	0.9809931	-4.3464536e-17	0	300
3.065000000000022e-10	0.19393764	-8.632708e-05	0.98099273	-4.3464546e-17	0	300
3.0660000000000223e-10	0.19393903	-8.700311e-05	0.98099256	-4.3464543e-17	0	300
3.0670000000000226e-10	0.1939404	-8.765857e-05	0.98099226	-4.3464543e-17	0	300
3.068000000000023e-10	0.1939418	-8.8293455e-05	0.98099196	-4.3464553e-17	0	300
3.069000000000023e-10	0.19394319	-8.890783e-05	0.9809917	-4.346455e-17	0	300
3.0700000000000235e-10	0.19394457	-8.9501715e-05	0.98099136	-4.3464546e-17	0	300
3.071000000000024e-10	0.19394594	-9.007506e-05	0.9809911	-4.3464543e-17	0	300
3.072000000000024e-10	0.19394735	-9.062791e-05	0.9809908	-4.3464546e-17	0	300
3.0730000000000244e-10	0.19394878	-9.1160364e-05	0.9809905	-4.346455e-17	0	300
3.074000000000025e-10	0.19395016	-9.167239e-05	0.98099023	-4.3464546e-17	0	300
3.075000000000025e-10	0.19395156	-9.216403e-05	0.9809901	-4.3464553e-17	0	300
3.0760000000000254e-10	0.19395296	-9.263534e-05	0.9809897	-4.346455e-17	0	300
3.0770000000000257e-10	0.19395438	-9.308633e-05	0.98098946	-4.346454e-17	0	300
3.078000000000026e-10	0.1939558	-9.351711e-05	0.9809892	-4.3464543e-17	0	300
3.0790000000000263e-10	0.1939572	-9.392774e-05	0.98098886	-4.3464536e-17	0	300
3.0800000000000266e-10	0.19395861	-9.431828e-05	0.9809886	-4.3464546e-17	0	300
3.081000000000027e-10	0.19396001	-9.468874e-05	0.9809884	-4.3464536e-17	0	300
3.082000000000027e-10	0.19396143	-9.5039206e-05	0.980988	-4.3464533e-17	0	300
3.0830000000000275e-10	0.19396284	-9.536968e-05	0.9809877	-4.3464543e-17	0	300
3.084000000000028e-10	0.19396424	-9.568028e-05	0.9809874	-4.3464536e-17	0	300
3.085000000000028e-10	0.19396564	-9.597106e-05	0.9809872	-4.3464533e-17	0	300
3.0860000000000284e-10	0.19396704	-9.624211e-05	0.98098695	-4.3464543e-17	0	300
3.0870000000000287e-10	0.19396847	-9.6493546e-05	0.9809866	-4.3464546e-17	0	300
3.088000000000029e-10	0.19396988	-9.67253e-05	0.9809864	-4.3464536e-17	0	300
3.0890000000000293e-10	0.19397128	-9.693755e-05	0.98098606	-4.3464543e-17	0	300
3.0900000000000297e-10	0.19397268	-9.713042e-05	0.9809859	-4.346454e-17	0	300
3.09100000000003e-10	0.19397408	-9.7303935e-05	0.9809855	-4.3464543e-17	0	300
3.0920000000000303e-10	0.19397546	-9.7458236e-05	0.98098534	-4.346454e-17	0	300
3.0930000000000306e-10	0.19397688	-9.759344e-05	0.98098505	-4.3464536e-17	0	300
3.094000000000031e-10	0.19397825	-9.770961e-05	0.98098475	-4.3464533e-17	0	300
3.095000000000031e-10	0.19397965	-9.7806755e-05	0.98098445	-4.346455e-17	0	300
3.0960000000000315e-10	0.19398105	-9.7885124e-05	0.9809841	-4.346454e-17	0	300
3.097000000000032e-10	0.19398242	-9.794471e-05	0.98098385	-4.3464546e-17	0	300
3.098000000000032e-10	0.19398381	-9.798562e-05	0.9809836	-4.3464536e-17	0	300
3.0990000000000324e-10	0.19398516	-9.800808e-05	0.9809834	-4.3464533e-17	0	300
3.1000000000000327e-10	0.19398654	-9.801208e-05	0.9809831	-4.3464536e-17	0	300
3.101000000000033e-10	0.19398794	-9.799783e-05	0.9809828	-4.3464546e-17	0	300
3.1020000000000333e-10	0.19398926	-9.796538e-05	0.98098254	-4.3464536e-17	0	300
3.1030000000000336e-10	0.19399063	-9.791486e-05	0.98098224	-4.3464556e-17	0	300
3.104000000000034e-10	0.19399199	-9.7846394e-05	0.98098195	-4.3464536e-17	0	300
3.105000000000034e-10	0.19399333	-9.7760116e-05	0.9809817	-4.346455e-17	0	300
3.1060000000000346e-10	0.19399466	-9.765618e-05	0.98098147	-4.3464553e-17	0	300
3.107000000000035e-10	0.19399603	-9.753465e-05	0.9809811	-4.3464543e-17	0	300
3.108000000000035e-10	0.19399734	-9.739569e-05	0.9809809	-4.3464546e-17	0	300
3.1090000000000355e-10	0.19399868	-9.723948e-05	0.9809806	-4.346455e-17	0	300
3.110000000000036e-10	0.19399998	-9.706615e-05	0.9809804	-4.346454e-17	0	300
3.111000000000036e-10	0.1940013	-9.687575e-05	0.9809801	-4.3464546e-17	0	300
3.1120000000000364e-10	0.19400261	-9.666855e-05	0.9809798	-4.3464543e-17	0	300
3.1130000000000367e-10	0.19400392	-9.644461e-05	0.9809795	-4.3464543e-17	0	300
3.114000000000037e-10	0.19400519	-9.620402e-05	0.9809793	-4.3464533e-17	0	300
3.1150000000000373e-10	0.19400647	-9.5947e-05	0.9809791	-4.3464543e-17	0	300
3.1160000000000376e-10	0.19400775	-9.567378e-05	0.9809788	-4.346455e-17	0	300
3.117000000000038e-10	0.19400902	-9.538453e-05	0.9809785	-4.346454e-17	0	300
3.118000000000038e-10	0.19401029	-9.5079304e-05	0.9809783	-4.346454e-17	0	300
3.1190000000000386e-10	0.19401154	-9.475831e-05	0.9809781	-4.346454e-17	0	300
3.120000000000039e-10	0.19401276	-9.4421724e-05	0.9809778	-4.3464536e-17	0	300
3.121000000000039e-10	0.19401403	-9.40696e-05	0.9809776	-4.3464536e-17	0	300
3.1220000000000395e-10	0.19401523	-9.370218e-05	0.9809772	-4.3464543e-17	0	300
3.12300000000004e-10	0.19401646	-9.3319664e-05	0.98097706	-4.346454e-17	0	300
3.12400000000004e-10	0.19401768	-9.292217e-05	0.9809768	-4.346454e-17	0	300
3.1250000000000404e-10	0.19401886	-9.2509836e-05	0.98097664	-4.3464533e-17	0	300
3.1260000000000407e-10	0.19402006	-9.208281e-05	0.98097646	-4.3464546e-17	0	300
3.127000000000041e-10	0.19402125	-9.1641356e-05	0.98097605	-4.346454e-17	0	300
3.1280000000000413e-10	0.19402242	-9.118552e-05	0.9809759	-4.3464546e-17	0	300
3.1290000000000416e-10	0.19402356	-9.071553e-05	0.98097575	-4.346454e-17	0	300
3.130000000000042e-10	0.19402471	-9.02316e-05	0.9809754	-4.3464533e-17	0	300
3.131000000000042e-10	0.19402587	-8.9733876e-05	0.98097515	-4.3464553e-17	0	300
3.1320000000000425e-10	0.19402699	-8.922261e-05	0.9809749	-4.346454e-17	0	300
3.133000000000043e-10	0.19402811	-8.869785e-05	0.98097473	-4.3464536e-17	0	300
3.134000000000043e-10	0.19402924	-8.815985e-05	0.98097456	-4.3464543e-17	0	300
3.1350000000000435e-10	0.19403031	-8.7608736e-05	0.9809742	-4.3464543e-17	0	300
3.136000000000044e-10	0.19403142	-8.70448e-05	0.9809741	-4.346454e-17	0	300
3.137000000000044e-10	0.19403249	-8.6468164e-05	0.9809739	-4.3464553e-17	0	300
3.1380000000000444e-10	0.19403356	-8.5879015e-05	0.9809736	-4.346455e-17	0	300
3.1390000000000447e-10	0.19403464	-8.5277476e-05	0.98097336	-4.3464536e-17	0	300
3.140000000000045e-10	0.19403566	-8.466386e-05	0.98097324	-4.3464546e-17	0	300
3.1410000000000453e-10	0.19403669	-8.40383e-05	0.980973	-4.3464536e-17	0	300
3.1420000000000456e-10	0.19403772	-8.3400984e-05	0.9809728	-4.3464543e-17	0	300
3.143000000000046e-10	0.19403873	-8.2752056e-05	0.9809727	-4.3464546e-17	0	300
3.144000000000046e-10	0.19403975	-8.20918e-05	0.9809724	-4.3464543e-17	0	300
3.1450000000000465e-10	0.19404072	-8.142039e-05	0.9809722	-4.3464546e-17	0	300
3.146000000000047e-10	0.1940417	-8.073805e-05	0.98097205	-4.346455e-17	0	300
3.147000000000047e-10	0.19404265	-8.004492e-05	0.9809718	-4.346454e-17	0	300
3.1480000000000474e-10	0.1940436	-7.934119e-05	0.98097163	-4.3464553e-17	0	300
3.149000000000048e-10	0.19404456	-7.862707e-05	0.9809715	-4.3464536e-17	0	300
3.150000000000048e-10	0.19404547	-7.79028e-05	0.9809712	-4.3464546e-17	0	300
3.1510000000000484e-10	0.1940464	-7.716856e-05	0.98097104	-4.3464536e-17	0	300
3.1520000000000487e-10	0.19404729	-7.6424534e-05	0.9809709	-4.346454e-17	0	300
3.153000000000049e-10	0.19404818	-7.5671e-05	0.98097074	-4.346454e-17	0	300
3.1540000000000493e-10	0.19404905	-7.4908035e-05	0.9809705	-4.3464553e-17	0	300
3.1550000000000496e-10	0.19404992	-7.413587e-05	0.9809704	-4.3464543e-17	0	300
3.15600000000005e-10	0.19405076	-7.335478e-05	0.98097026	-4.3464543e-17	0	300
3.15700000000005e-10	0.19405158	-7.256494e-05	0.98097	-4.3464543e-17	0	300
3.1580000000000505e-10	0.19405241	-7.17665e-05	0.98096985	-4.3464546e-17	0	300
3.159000000000051e-10	0.19405322	-7.0959686e-05	0.9809697	-4.3464546e-17	0	300
3.160000000000051e-10	0.19405404	-7.014473e-05	0.98096955	-4.3464546e-17	0	300
3.1610000000000514e-10	0.1940548	-6.932183e-05	0.9809694	-4.346454e-17	0	300
3.1620000000000517e-10	0.19405557	-6.849122e-05	0.98096925	-4.3464553e-17	0	300
3.163000000000052e-10	0.19405633	-6.765302e-05	0.9809691	-4.346454e-17	0	300
3.1640000000000524e-10	0.19405708	-6.680749e-05	0.98096895	-4.346454e-17	0	300
3.1650000000000527e-10	0.19405779	-6.5954875e-05	0.9809688	-4.3464536e-17	0	300
3.166000000000053e-10	0.19405851	-6.509533e-05	0.98096865	-4.346455e-17	0	300
3.1670000000000533e-10	0.19405921	-6.422911e-05	0.9809685	-4.3464546e-17	0	300
3.1680000000000536e-10	0.19405991	-6.33563e-05	0.98096836	-4.3464553e-17	0	300
3.169000000000054e-10	0.19406058	-6.247722e-05	0.98096824	-4.3464543e-17	0	300
3.170000000000054e-10	0.19406125	-6.159202e-05	0.9809681	-4.346455e-17	0	300
3.1710000000000545e-10	0.19406189	-6.070099e-05	0.98096806	-4.3464546e-17	0	300
3.172000000000055e-10	0.1940625	-5.980425e-05	0.98096794	-4.3464543e-17	0	300
3.173000000000055e-10	0.19406313	-5.8902053e-05	0.98096764	-4.3464536e-17	0	300
3.1740000000000554e-10	0.19406372	-5.799459e-05	0.98096764	-4.346454e-17	0	300
3.1750000000000557e-10	0.19406432	-5.7082034e-05	0.98096746	-4.3464536e-17	0	300
3.176000000000056e-10	0.1940649	-5.6164623e-05	0.98096734	-4.3464546e-17	0	300
3.1770000000000563e-10	0.19406545	-5.5242508e-05	0.9809672	-4.3464546e-17	0	300
3.1780000000000566e-10	0.194066	-5.431595e-05	0.98096716	-4.3464543e-17	0	300
3.179000000000057e-10	0.19406652	-5.338517e-05	0.980967	-4.3464546e-17	0	300
3.1800000000000573e-10	0.19406705	-5.2450247e-05	0.9809669	-4.3464543e-17	0	300
3.1810000000000576e-10	0.19406757	-5.1511543e-05	0.9809668	-4.3464536e-17	0	300
3.182000000000058e-10	0.19406807	-5.056913e-05	0.98096675	-4.346454e-17	0	300
3.183000000000058e-10	0.19406854	-4.9623253e-05	0.9809667	-4.3464533e-17	0	300
3.1840000000000585e-10	0.194069	-4.8673966e-05	0.98096657	-4.3464543e-17	0	300
3.185000000000059e-10	0.19406945	-4.772173e-05	0.9809665	-4.3464536e-17	0	300
3.186000000000059e-10	0.19406989	-4.6766516e-05	0.9809664	-4.3464543e-17	0	300
3.1870000000000594e-10	0.19407031	-4.5808712e-05	0.9809663	-4.346453e-17	0	300
3.1880000000000597e-10	0.19407071	-4.4848257e-05	0.98096627	-4.3464536e-17	0	300
3.18900000000006e-10	0.19407111	-4.388557e-05	0.98096615	-4.3464543e-17	0	300
3.1900000000000603e-10	0.1940715	-4.292071e-05	0.980966	-4.3464543e-17	0	300
3.1910000000000606e-10	0.19407187	-4.195387e-05	0.9809659	-4.346455e-17	0	300
3.192000000000061e-10	0.19407222	-4.098535e-05	0.98096585	-4.3464543e-17	0	300
3.193000000000061e-10	0.19407254	-4.0015224e-05	0.98096585	-4.3464556e-17	0	300
3.1940000000000616e-10	0.1940729	-3.9043734e-05	0.98096573	-4.3464546e-17	0	300
3.195000000000062e-10	0.19407319	-3.807105e-05	0.98096573	-4.3464553e-17	0	300
3.196000000000062e-10	0.1940735	-3.7097336e-05	0.9809656	-4.3464546e-17	0	300
3.1970000000000625e-10	0.19407378	-3.612285e-05	0.9809655	-4.3464543e-17	0	300
3.198000000000063e-10	0.19407405	-3.5147787e-05	0.9809655	-4.3464533e-17	0	300
3.199000000000063e-10	0.19407432	-3.4172335e-05	0.9809655	-4.3464546e-17	0	300
3.2000000000000634e-10	0.19407456	-3.3196495e-05	0.9809654	-4.3464543e-17	0	300
3.2010000000000637e-10	0.19407478	-3.222068e-05	0.9809654	-4.3464546e-17	0	300
3.202000000000064e-10	0.194075	-3.124502e-05	0.9809654	-4.3464543e-17	0	300
3.2030000000000643e-10	0.1940752	-3.0269677e-05	0.98096526	-4.346454e-17	0	300
3.2040000000000646e-10	0.19407539	-2.9294788e-05	0.9809653	-4.3464543e-17	0	300
3.205000000000065e-10	0.19407555	-2.832053e-05	0.98096526	-4.346454e-17	0	300
3.206000000000065e-10	0.19407573	-2.7347176e-05	0.9809652	-4.3464543e-17	0	300
3.2070000000000655e-10	0.19407587	-2.6374815e-05	0.9809652	-4.346454e-17	0	300
3.208000000000066e-10	0.194076	-2.540373e-05	0.98096514	-4.346454e-17	0	300
3.209000000000066e-10	0.19407612	-2.4433957e-05	0.98096514	-4.3464536e-17	0	300
3.2100000000000665e-10	0.19407624	-2.34657e-05	0.98096514	-4.346454e-17	0	300
3.211000000000067e-10	0.19407636	-2.2499073e-05	0.9809651	-4.346454e-17	0	300
3.212000000000067e-10	0.19407643	-2.1534357e-05	0.9809651	-4.3464536e-17	0	300
3.2130000000000674e-10	0.1940765	-2.057166e-05	0.980965	-4.3464536e-17	0	300
3.2140000000000677e-10	0.19407657	-1.9611214e-05	0.980965	-4.346453e-17	0	300
3.215000000000068e-10	0.19407661	-1.865301e-05	0.980965	-4.346455e-17	0	300
3.2160000000000683e-10	0.19407666	-1.7697315e-05	0.98096496	-4.3464553e-17	0	300
3.2170000000000686e-10	0.19407667	-1.6744314e-05	0.98096496	-4.3464553e-17	0	300
3.218000000000069e-10	0.19407669	-1.579412e-05	0.98096496	-4.346454e-17	0	300
3.219000000000069e-10	0.19407667	-1.4846909e-05	0.98096496	-4.3464546e-17	0	300
3.2200000000000695e-10	0.19407669	-1.3902755e-05	0.98096496	-4.3464546e-17	0	300
3.22100000000007e-10	0.19407666	-1.2961849e-05	0.98096496	-4.346454e-17	0	300
3.22200000000007e-10	0.1940766	-1.2024397e-05	0.980965	-4.346454e-17	0	300
3.2230000000000705e-10	0.19407655	-1.1090484e-05	0.980965	-4.3464536e-17	0	300
3.224000000000071e-10	0.1940765	-1.0160306e-05	0.9809651	-4.346455e-17	0	300
3.225000000000071e-10	0.19407642	-9.233944e-06	0.98096514	-4.3464546e-17	0	300
3.2260000000000714e-10	0.19407634	-8.311597e-06	0.98096514	-4.346454e-17	0	300
3.2270000000000717e-10	0.19407624	-7.393391e-06	0.98096514	-4.346454e-17	0	300
3.228000000000072e-10	0.19407612	-6.4794303e-06	0.98096514	-4.3464536e-17	0	300
3.2290000000000723e-10	0.19407603	-5.5699315e-06	0.98096514	-4.3464546e-17	0	300
3.2300000000000726e-10	0.19407587	-4.664964e-06	0.98096514	-4.3464546e-17	0	300
3.231000000000073e-10	0.19407575	-3.764727e-06	0.98096514	-4.3464556e-17	0	300
3.232000000000073e-10	0.19407558	-2.869271e-06	0.98096514	-4.3464546e-17	0	300
3.2330000000000735e-10	0.19407542	-1.978784e-06	0.98096514	-4.3464533e-17	0	300
3.234000000000074e-10	0.19407526	-1.0933692e-06	0.98096526	-4.346453e-17	0	300
3.235000000000074e-10	0.19407508	-2.1315236e-07	0.9809654	-4.346454e-17	0	300
3.2360000000000744e-10	0.19407487	6.615687e-07	0.9809654	-4.346455e-17	0	300
3.237000000000075e-10	0.19407466	1.5309e-06	0.98096544	-4.346454e-17	0	300
3.238000000000075e-10	0.19407442	2.3946507e-06	0.98096544	-4.346454e-17	0	300
3.2390000000000754e-10	0.19407421	3.2527041e-06	0.98096544	-4.346455e-17	0	300
3.2400000000000757e-10	0.19407398	4.1048384e-06	0.98096555	-4.3464546e-17	0	300
3.241000000000076e-10	0.19407372	4.9509163e-06	0.98096555	-4.3464543e-17	0	300
3.2420000000000763e-10	0.19407345	5.790954e-06	0.9809657	-4.3464536e-17	0	300
3.2430000000000766e-10	0.1940732	6.6247867e-06	0.98096573	-4.3464546e-17	0	300
3.244000000000077e-10	0.19407293	7.4522172e-06	0.9809658	-4.3464536e-17	0	300
3.245000000000077e-10	0.19407263	8.2732895e-06	0.9809658	-4.3464536e-17	0	300
3.2460000000000775e-10	0.19407232	9.087946e-06	0.9809658	-4.3464546e-17	0	300
3.247000000000078e-10	0.19407204	9.895901e-06	0.98096585	-4.346454e-17	0	300
3.248000000000078e-10	0.19407171	1.0697152e-05	0.98096603	-4.3464536e-17	0	300
3.2490000000000784e-10	0.19407141	1.149173e-05	0.98096603	-4.3464543e-17	0	300
3.2500000000000787e-10	0.19407105	1.227929e-05	0.9809661	-4.346455e-17	0	300
3.251000000000079e-10	0.19407071	1.3059849e-05	0.9809661	-4.3464536e-17	0	300
3.2520000000000793e-10	0.19407035	1.3833336e-05	0.9809662	-4.346455e-17	0	300
3.2530000000000797e-10	0.19407001	1.459956e-05	0.9809663	-4.3464553e-17	0	300
3.25400000000008e-10	0.19406964	1.5358473e-05	0.98096645	-4.346454e-17	0	300
3.2550000000000803e-10	0.19406925	1.6109956e-05	0.9809665	-4.3464546e-17	0	300
3.2560000000000806e-10	0.19406886	1.6853837e-05	0.9809665	-4.346454e-17	0	300
3.257000000000081e-10	0.19406846	1.759023e-05	0.9809666	-4.346454e-17	0	300
3.258000000000081e-10	0.19406807	1.8318717e-05	0.9809667	-4.346454e-17	0	300
3.2590000000000815e-10	0.19406763	1.9039502e-05	0.98096687	-4.3464546e-17	0	300
3.260000000000082e-10	0.19406721	1.9752437e-05	0.9809669	-4.3464543e-17	0	300
3.261000000000082e-10	0.1940668	2.0457348e-05	0.980967	-4.3464543e-17	0	300
3.2620000000000824e-10	0.19406635	2.1154381e-05	0.98096704	-4.346453e-17	0	300
3.2630000000000827e-10	0.19406591	2.1843207e-05	0.98096704	-4.3464543e-17	0	300
3.264000000000083e-10	0.19406547	2.2523947e-05	0.98096716	-4.3464543e-17	0	300
3.2650000000000833e-10	0.19406502	2.3196437e-05	0.9809673	-4.346454e-17	0	300
3.2660000000000836e-10	0.19406456	2.3860743e-05	0.98096746	-4.3464546e-17	0	300
3.267000000000084e-10	0.19406408	2.4516707e-05	0.98096746	-4.3464536e-17	0	300
3.268000000000084e-10	0.1940636	2.5164234e-05	0.9809675	-4.3464536e-17	0	300
3.2690000000000846e-10	0.19406314	2.5803185e-05	0.98096776	-4.346454e-17	0	300
3.270000000000085e-10	0.19406262	2.6433681e-05	0.98096776	-4.3464546e-17	0	300
3.271000000000085e-10	0.19406213	2.7055527e-05	0.9809679	-4.3464543e-17	0	300
3.2720000000000855e-10	0.19406164	2.766869e-05	0.980968	-4.3464536e-17	0	300
3.273000000000086e-10	0.19406112	2.8273069e-05	0.9809681	-4.3464533e-17	0	300
3.274000000000086e-10	0.1940606	2.8868644e-05	0.98096824	-4.3464543e-17	0	300
3.2750000000000864e-10	0.19406007	2.9455347e-05	0.9809683	-4.3464536e-17	0	300
3.2760000000000867e-10	0.19405955	3.0033065e-05	0.98096836	-4.3464546e-17	0	300
3.277000000000087e-10	0.19405898	3.060175e-05	0.9809685	-4.3464536e-17	0	300
3.2780000000000873e-10	0.19405846	3.1161366e-05	0.9809685	-4.3464536e-17	0	300
3.2790000000000876e-10	0.1940579	3.1711934e-05	0.9809688	-4.346454e-17	0	300
3.280000000000088e-10	0.19405736	3.2253356e-05	0.9809688	-4.3464536e-17	0	300
3.281000000000088e-10	0.19405681	3.2785756e-05	0.9809689	-4.3464546e-17	0	300
3.2820000000000885e-10	0.19405623	3.330902e-05	0.98096913	-4.346455e-17	0	300
3.283000000000089e-10	0.19405568	3.3823093e-05	0.9809692	-4.3464553e-17	0	300
3.284000000000089e-10	0.19405511	3.4328034e-05	0.9809693	-4.346454e-17	0	300
3.2850000000000895e-10	0.19405451	3.4823704e-05	0.98096937	-4.3464536e-17	0	300
3.28600000000009e-10	0.19405395	3.5310102e-05	0.98096955	-4.346454e-17	0	300
3.28700000000009e-10	0.19405337	3.5787165e-05	0.98096967	-4.3464553e-17	0	300
3.2880000000000904e-10	0.19405276	3.6254827e-05	0.9809697	-4.3464546e-17	0	300
3.2890000000000907e-10	0.19405216	3.67131e-05	0.9809698	-4.3464553e-17	0	300
3.290000000000091e-10	0.19405158	3.7161884e-05	0.98096997	-4.3464536e-17	0	300
3.2910000000000913e-10	0.19405097	3.7601127e-05	0.98097014	-4.3464546e-17	0	300
3.2920000000000916e-10	0.19405034	3.8030867e-05	0.98097026	-4.346455e-17	0	300
3.293000000000092e-10	0.19404972	3.8451108e-05	0.9809703	-4.3464533e-17	0	300
3.294000000000092e-10	0.19404912	3.8861763e-05	0.9809704	-4.3464543e-17	0	300
3.2950000000000925e-10	0.19404851	3.9262843e-05	0.9809706	-4.3464533e-17	0	300
3.296000000000093e-10	0.19404787	3.965428e-05	0.98097074	-4.346454e-17	0	300
3.297000000000093e-10	0.19404723	4.0036044e-05	0.98097086	-4.3464543e-17	0	300
3.2980000000000935e-10	0.19404659	4.0408082e-05	0.9809709	-4.3464546e-17	0	300
3.299000000000094e-10	0.19404596	4.077042e-05	0.9809711	-4.3464536e-17	0	300
3.300000000000094e-10	0.1940453	4.1123094e-05	0.9809712	-4.3464543e-17	0	300
3.3010000000000944e-10	0.19404468	4.1465995e-05	0.98097134	-4.3464546e-17	0	300
3.3020000000000947e-10	0.19404401	4.1799227e-05	0.9809715	-4.3464543e-17	0	300
3.303000000000095e-10	0.19404335	4.212268e-05	0.9809717	-4.3464543e-17	0	300
3.3040000000000953e-10	0.19404271	4.243642e-05	0.98097175	-4.3464553e-17	0	300
3.3050000000000956e-10	0.19404206	4.274044e-05	0.9809719	-4.3464543e-17	0	300
3.306000000000096e-10	0.19404142	4.303476e-05	0.98097193	-4.3464536e-17	0	300
3.307000000000096e-10	0.19404078	4.3319396e-05	0.9809722	-4.3464553e-17	0	300
3.3080000000000965e-10	0.1940401	4.3594304e-05	0.9809723	-4.346455e-17	0	300
3.309000000000097e-10	0.19403943	4.3859523e-05	0.9809724	-4.3464536e-17	0	300
3.310000000000097e-10	0.19403878	4.4115146e-05	0.9809725	-4.3464553e-17	0	300
3.3110000000000974e-10	0.19403811	4.4361073e-05	0.9809725	-4.3464536e-17	0	300
3.312000000000098e-10	0.19403744	4.4597404e-05	0.98097277	-4.346453e-17	0	300
3.313000000000098e-10	0.19403678	4.4824053e-05	0.98097295	-4.3464546e-17	0	300
3.3140000000000984e-10	0.19403613	4.504112e-05	0.98097306	-4.3464533e-17	0	300
3.3150000000000987e-10	0.19403546	4.524861e-05	0.9809732	-4.3464543e-17	0	300
3.316000000000099e-10	0.19403479	4.544658e-05	0.98097336	-4.3464533e-17	0	300
3.3170000000000993e-10	0.19403411	4.563505e-05	0.9809734	-4.3464553e-17	0	300
3.3180000000000996e-10	0.19403344	4.5813948e-05	0.98097354	-4.346453e-17	0	300
3.3190000000001e-10	0.19403279	4.598336e-05	0.9809737	-4.346455e-17	0	300
3.3200000000001e-10	0.19403213	4.6143345e-05	0.9809739	-4.3464546e-17	0	300
3.3210000000001005e-10	0.19403145	4.629398e-05	0.98097396	-4.3464553e-17	0	300
3.322000000000101e-10	0.19403079	4.6435274e-05	0.9809741	-4.3464536e-17	0	300
3.323000000000101e-10	0.19403012	4.6567246e-05	0.9809742	-4.3464546e-17	0	300
3.3240000000001014e-10	0.19402945	4.6689915e-05	0.9809744	-4.3464546e-17	0	300
3.3250000000001017e-10	0.1940288	4.680342e-05	0.98097456	-4.3464536e-17	0	300
3.326000000000102e-10	0.19402814	4.6907702e-05	0.9809747	-4.346454e-17	0	300
3.3270000000001024e-10	0.19402748	4.7002846e-05	0.98097473	-4.346454e-17	0	300
3.3280000000001027e-10	0.19402683	4.708887e-05	0.980975	-4.3464543e-17	0	300
3.329000000000103e-10	0.19402617	4.7165842e-05	0.98097503	-4.3464533e-17	0	300
3.3300000000001033e-10	0.19402549	4.723384e-05	0.9809752	-4.3464546e-17	0	300
3.3310000000001036e-10	0.19402486	4.7292862e-05	0.9809753	-4.3464536e-17	0	300
3.332000000000104e-10	0.1940242	4.7342957e-05	0.9809755	-4.3464543e-17	0	300
3.333000000000104e-10	0.19402353	4.73842e-05	0.9809756	-4.3464553e-17	0	300
3.3340000000001045e-10	0.1940229	4.74166e-05	0.98097575	-4.3464556e-17	0	300
3.335000000000105e-10	0.19402224	4.7440273e-05	0.98097587	-4.3464543e-17	0	300
3.336000000000105e-10	0.19402161	4.745521e-05	0.980976	-4.346454e-17	0	300
3.3370000000001054e-10	0.19402096	4.746147e-05	0.9809761	-4.3464543e-17	0	300
3.3380000000001057e-10	0.19402032	4.745912e-05	0.9809762	-4.346454e-17	0	300
3.339000000000106e-10	0.19401968	4.7448295e-05	0.98097634	-4.3464553e-17	0	300
3.3400000000001063e-10	0.19401903	4.7428897e-05	0.98097646	-4.3464543e-17	0	300
3.3410000000001066e-10	0.1940184	4.7401067e-05	0.98097664	-4.3464533e-17	0	300
3.342000000000107e-10	0.19401777	4.7364843e-05	0.9809767	-4.3464536e-17	0	300
3.3430000000001073e-10	0.19401713	4.7320318e-05	0.9809768	-4.3464536e-17	0	300
3.3440000000001076e-10	0.19401652	4.726748e-05	0.98097694	-4.3464546e-17	0	300
3.345000000000108e-10	0.19401589	4.7206453e-05	0.9809772	-4.3464536e-17	0	300
3.346000000000108e-10	0.19401526	4.713726e-05	0.9809773	-4.3464546e-17	0	300
3.3470000000001085e-10	0.19401462	4.7059937e-05	0.9809774	-4.3464546e-17	0	300
3.348000000000109e-10	0.19401401	4.6974652e-05	0.9809775	-4.3464536e-17	0	300
3.349000000000109e-10	0.19401339	4.6881352e-05	0.98097754	-4.346454e-17	0	300
3.3500000000001094e-10	0.19401279	4.678022e-05	0.9809778	-4.346453e-17	0	300
3.3510000000001097e-10	0.1940122	4.6671255e-05	0.98097783	-4.3464553e-17	0	300
3.35200000000011e-10	0.19401157	4.6554487e-05	0.9809779	-4.3464543e-17	0	300
3.3530000000001103e-10	0.19401094	4.6429934e-05	0.980978	-4.3464533e-17	0	300
3.3540000000001106e-10	0.19401036	4.6297806e-05	0.9809782	-4.346455e-17	0	300
3.355000000000111e-10	0.19400977	4.6158053e-05	0.9809783	-4.346454e-17	0	300
3.356000000000111e-10	0.19400918	4.6010813e-05	0.9809785	-4.3464546e-17	0	300
3.3570000000001116e-10	0.19400859	4.5856126e-05	0.98097855	-4.346454e-17	0	300
3.358000000000112e-10	0.194008	4.569409e-05	0.98097867	-4.3464533e-17	0	300
3.359000000000112e-10	0.19400744	4.5524826e-05	0.9809788	-4.346455e-17	0	300
3.3600000000001125e-10	0.19400685	4.5348428e-05	0.98097897	-4.346455e-17	0	300
3.361000000000113e-10	0.19400628	4.5164994e-05	0.9809791	-4.3464546e-17	0	300
3.362000000000113e-10	0.19400571	4.4974535e-05	0.9809792	-4.3464543e-17	0	300
3.3630000000001134e-10	0.19400515	4.4777084e-05	0.98097926	-4.3464546e-17	0	300
3.3640000000001137e-10	0.19400457	4.4572833e-05	0.9809793	-4.3464556e-17	0	300
3.365000000000114e-10	0.19400403	4.4361692e-05	0.98097944	-4.346454e-17	0	300
3.3660000000001143e-10	0.19400346	4.4143893e-05	0.9809796	-4.3464543e-17	0	300
3.3670000000001146e-10	0.19400293	4.391948e-05	0.98097974	-4.3464553e-17	0	300
3.368000000000115e-10	0.19400238	4.3688487e-05	0.9809798	-4.3464546e-17	0	300
3.369000000000115e-10	0.19400184	4.3450967e-05	0.9809798	-4.3464543e-17	0	300
3.3700000000001155e-10	0.19400132	4.3207066e-05	0.9809799	-4.3464533e-17	0	300
3.371000000000116e-10	0.19400077	4.2956886e-05	0.9809802	-4.3464546e-17	0	300
3.372000000000116e-10	0.19400023	4.2700387e-05	0.9809803	-4.3464543e-17	0	300
3.3730000000001165e-10	0.19399974	4.2437772e-05	0.98098034	-4.3464553e-17	0	300
3.374000000000117e-10	0.1939992	4.216904e-05	0.98098046	-4.3464543e-17	0	300
3.375000000000117e-10	0.1939987	4.1894302e-05	0.9809805	-4.3464543e-17	0	300
3.3760000000001174e-10	0.1939982	4.161369e-05	0.9809806	-4.3464546e-17	0	300
3.3770000000001177e-10	0.19399771	4.1327316e-05	0.9809807	-4.346454e-17	0	300
3.378000000000118e-10	0.1939972	4.1035142e-05	0.9809809	-4.3464543e-17	0	300
3.3790000000001183e-10	0.1939967	4.073727e-05	0.980981	-4.3464543e-17	0	300
3.3800000000001186e-10	0.19399622	4.0433948e-05	0.98098105	-4.3464546e-17	0	300
3.381000000000119e-10	0.19399574	4.012508e-05	0.9809812	-4.346454e-17	0	300
3.382000000000119e-10	0.1939953	3.981085e-05	0.98098123	-4.3464536e-17	0	300
3.3830000000001195e-10	0.19399482	3.949128e-05	0.98098135	-4.346455e-17	0	300
3.38400000000012e-10	0.19399434	3.916654e-05	0.98098147	-4.3464553e-17	0	300
3.38500000000012e-10	0.19399388	3.8836642e-05	0.9809815	-4.3464533e-17	0	300
3.3860000000001204e-10	0.19399342	3.8501763e-05	0.9809816	-4.3464546e-17	0	300
3.387000000000121e-10	0.19399299	3.816185e-05	0.9809817	-4.3464546e-17	0	300
3.388000000000121e-10	0.19399254	3.781718e-05	0.98098177	-4.3464543e-17	0	300
3.3890000000001214e-10	0.19399211	3.7467784e-05	0.9809818	-4.346453e-17	0	300
3.3900000000001217e-10	0.19399168	3.711373e-05	0.9809818	-4.346455e-17	0	300
3.391000000000122e-10	0.19399126	3.675513e-05	0.98098195	-4.346455e-17	0	300
3.3920000000001223e-10	0.19399084	3.6392077e-05	0.98098224	-4.3464543e-17	0	300
3.3930000000001226e-10	0.19399044	3.6024732e-05	0.98098224	-4.3464543e-17	0	300
3.394000000000123e-10	0.19399004	3.5653084e-05	0.9809823	-4.3464543e-17	0	300
3.395000000000123e-10	0.19398963	3.527733e-05	0.98098236	-4.3464553e-17	0	300
3.3960000000001235e-10	0.19398925	3.4897534e-05	0.9809824	-4.3464553e-17	0	300
3.397000000000124e-10	0.19398886	3.451379e-05	0.9809825	-4.346455e-17	0	300
3.398000000000124e-10	0.1939885	3.4126242e-05	0.9809826	-4.346455e-17	0	300
3.3990000000001244e-10	0.19398811	3.373487e-05	0.9809827	-4.3464556e-17	0	300
3.400000000000125e-10	0.19398776	3.3339908e-05	0.9809828	-4.3464543e-17	0	300
3.401000000000125e-10	0.1939874	3.2941327e-05	0.9809828	-4.3464536e-17	0	300
3.4020000000001254e-10	0.19398704	3.253927e-05	0.9809829	-4.3464536e-17	0	300
3.4030000000001257e-10	0.19398671	3.2133914e-05	0.9809829	-4.3464533e-17	0	300
3.404000000000126e-10	0.19398637	3.1725216e-05	0.98098296	-4.3464546e-17	0	300
3.4050000000001263e-10	0.19398603	3.131342e-05	0.9809831	-4.346454e-17	0	300
3.4060000000001266e-10	0.19398572	3.089856e-05	0.98098314	-4.3464553e-17	0	300
3.407000000000127e-10	0.19398537	3.0480609e-05	0.98098314	-4.3464556e-17	0	300
3.408000000000127e-10	0.19398506	3.0059819e-05	0.98098326	-4.3464543e-17	0	300
3.4090000000001275e-10	0.19398478	2.9636249e-05	0.98098326	-4.3464553e-17	0	300
3.410000000000128e-10	0.19398446	2.9209898e-05	0.9809835	-4.3464546e-17	0	300
3.411000000000128e-10	0.19398418	2.8780949e-05	0.98098356	-4.3464553e-17	0	300
3.4120000000001284e-10	0.1939839	2.834957e-05	0.98098356	-4.3464543e-17	0	300
3.4130000000001287e-10	0.1939836	2.7915743e-05	0.9809836	-4.346454e-17	0	300
3.414000000000129e-10	0.19398333	2.7479597e-05	0.9809837	-4.3464546e-17	0	300
3.4150000000001293e-10	0.19398306	2.7041257e-05	0.98098373	-4.3464536e-17	0	300
3.4160000000001297e-10	0.19398281	2.6600777e-05	0.98098373	-4.3464543e-17	0	300
3.41700000000013e-10	0.19398254	2.6158175e-05	0.9809838	-4.3464546e-17	0	300
3.4180000000001303e-10	0.1939823	2.5713665e-05	0.9809838	-4.3464543e-17	0	300
3.4190000000001306e-10	0.19398206	2.5267289e-05	0.98098385	-4.3464533e-17	0	300
3.420000000000131e-10	0.1939818	2.4819106e-05	0.9809839	-4.3464536e-17	0	300
3.421000000000131e-10	0.19398159	2.43692e-05	0.9809839	-4.3464543e-17	0	300
3.4220000000001315e-10	0.19398138	2.3917795e-05	0.9809841	-4.346454e-17	0	300
3.423000000000132e-10	0.19398117	2.3464834e-05	0.9809841	-4.346455e-17	0	300
3.424000000000132e-10	0.19398096	2.3010523e-05	0.9809841	-4.346454e-17	0	300
3.4250000000001324e-10	0.19398074	2.255474e-05	0.9809842	-4.3464543e-17	0	300
3.4260000000001327e-10	0.19398056	2.2097836e-05	0.9809842	-4.346454e-17	0	300
3.427000000000133e-10	0.19398035	2.1639806e-05	0.9809842	-4.346455e-17	0	300
3.4280000000001333e-10	0.19398016	2.118067e-05	0.9809843	-4.3464546e-17	0	300
3.4290000000001336e-10	0.19397998	2.0720618e-05	0.98098433	-4.346455e-17	0	300
3.430000000000134e-10	0.1939798	2.0259662e-05	0.98098433	-4.346454e-17	0	300
3.431000000000134e-10	0.19397965	1.9797806e-05	0.9809844	-4.3464543e-17	0	300
3.4320000000001346e-10	0.19397949	1.9335312e-05	0.9809844	-4.3464543e-17	0	300
3.433000000000135e-10	0.19397934	1.887226e-05	0.98098445	-4.346454e-17	0	300
3.434000000000135e-10	0.1939792	1.8408527e-05	0.98098445	-4.3464543e-17	0	300
3.4350000000001355e-10	0.19397902	1.7944361e-05	0.9809845	-4.3464533e-17	0	300
3.436000000000136e-10	0.1939789	1.7479832e-05	0.9809845	-4.3464546e-17	0	300
3.437000000000136e-10	0.19397879	1.7015054e-05	0.9809845	-4.3464543e-17	0	300
3.4380000000001364e-10	0.19397867	1.6549966e-05	0.9809845	-4.346454e-17	0	300
3.4390000000001367e-10	0.19397856	1.6084812e-05	0.98098457	-4.3464546e-17	0	300
3.440000000000137e-10	0.19397843	1.5619737e-05	0.98098457	-4.3464543e-17	0	300
3.4410000000001373e-10	0.19397834	1.5154734e-05	0.98098457	-4.346455e-17	0	300
3.4420000000001376e-10	0.19397825	1.4689752e-05	0.9809846	-4.346454e-17	0	300
3.443000000000138e-10	0.19397815	1.422502e-05	0.9809846	-4.3464546e-17	0	300
3.444000000000138e-10	0.19397806	1.3760639e-05	0.9809846	-4.346455e-17	0	300
3.4450000000001385e-10	0.19397797	1.3296585e-05	0.9809847	-4.346455e-17	0	300
3.446000000000139e-10	0.19397792	1.2832919e-05	0.9809847	-4.3464543e-17	0	300
3.447000000000139e-10	0.19397785	1.2369832e-05	0.9809847	-4.3464546e-17	0	300
3.4480000000001395e-10	0.19397777	1.1907436e-05	0.98098475	-4.3464546e-17	0	300
3.44900000000014e-10	0.19397771	1.1445664e-05	0.98098475	-4.3464543e-17	0	300
3.45000000000014e-10	0.19397768	1.09846715e-05	0.98098475	-4.346455e-17	0	300
3.4510000000001404e-10	0.19397762	1.0524542e-05	0.98098475	-4.3464556e-17	0	300
3.4520000000001407e-10	0.19397758	1.0065327e-05	0.98098475	-4.3464543e-17	0	300
3.453000000000141e-10	0.19397755	9.607103e-06	0.98098475	-4.3464543e-17	0	300
3.4540000000001413e-10	0.19397752	9.149966e-06	0.98098475	-4.3464543e-17	0	300
3.4550000000001416e-10	0.1939775	8.69398e-06	0.9809848	-4.3464553e-17	0	300
3.456000000000142e-10	0.19397749	8.2391825e-06	0.9809848	-4.3464546e-17	0	300
3.457000000000142e-10	0.19397748	7.785664e-06	0.9809848	-4.3464553e-17	0	300
3.4580000000001425e-10	0.19397748	7.33347e-06	0.9809848	-4.3464553e-17	0	300
3.459000000000143e-10	0.19397745	6.882686e-06	0.9809848	-4.346456e-17	0	300
3.460000000000143e-10	0.19397749	6.4334236e-06	0.9809848	-4.3464566e-17	0	300
3.4610000000001435e-10	0.1939775	5.985736e-06	0.9809848	-4.3464546e-17	0	300
3.462000000000144e-10	0.1939775	5.5397054e-06	0.9809848	-4.3464543e-17	0	300
3.463000000000144e-10	0.19397753	5.095352e-06	0.9809848	-4.3464556e-17	0	300
3.4640000000001444e-10	0.19397758	4.6527866e-06	0.9809848	-4.346455e-17	0	300
3.4650000000001447e-10	0.19397761	4.2121237e-06	0.9809848	-4.3464543e-17	0	300
3.466000000000145e-10	0.19397767	3.7734258e-06	0.9809848	-4.3464543e-17	0	300
3.4670000000001453e-10	0.19397771	3.3367692e-06	0.9809848	-4.3464546e-17	0	300
3.4680000000001456e-10	0.19397777	2.9022108e-06	0.9809848	-4.3464546e-17	0	300
3.469000000000146e-10	0.19397783	2.4698284e-06	0.9809848	-4.3464546e-17	0	300
3.470000000000146e-10	0.19397789	2.0396978e-06	0.9809847	-4.3464546e-17	0	300
3.4710000000001465e-10	0.19397798	1.6118373e-06	0.9809848	-4.3464536e-17	0	300
3.472000000000147e-10	0.19397806	1.1863469e-06	0.9809847	-4.3464543e-17	0	300
3.473000000000147e-10	0.19397815	7.632459e-07	0.9809847	-4.3464546e-17	0	300
3.4740000000001474e-10	0.19397825	3.427009e-07	0.9809846	-4.3464553e-17	0	300
3.475000000000148e-10	0.19397834	-7.50332e-08	0.9809846	-4.3464556e-17	0	300
3.476000000000148e-10	0.19397846	-4.900654e-07	0.98098457	-4.3464536e-17	0	300
3.4770000000001484e-10	0.19397855	-9.02409e-07	0.9809845	-4.346454e-17	0	300
3.4780000000001487e-10	0.19397867	-1.3119552e-06	0.9809845	-4.346454e-17	0	300
3.479000000000149e-10	0.19397879	-1.7186596e-06	0.9809845	-4.346455e-17	0	300
3.4800000000001493e-10	0.1939789	-2.1224196e-06	0.9809845	-4.3464546e-17	0	300
3.4810000000001496e-10	0.19397907	-2.5231639e-06	0.9809845	-4.346454e-17	0	300
3.48200000000015e-10	0.19397919	-2.9206803e-06	0.98098445	-4.3464556e-17	0	300
3.48300000000015e-10	0.19397932	-3.315044e-06	0.98098445	-4.346454e-17	0	300
3.4840000000001505e-10	0.19397947	-3.7061832e-06	0.98098445	-4.3464536e-17	0	300
3.485000000000151e-10	0.19397962	-4.0941104e-06	0.98098445	-4.3464536e-17	0	300
3.486000000000151e-10	0.1939798	-4.478853e-06	0.98098433	-4.346454e-17	0	300
3.4870000000001514e-10	0.19397995	-4.860239e-06	0.9809844	-4.3464543e-17	0	300
3.4880000000001517e-10	0.19398011	-5.238215e-06	0.98098433	-4.3464553e-17	0	300
3.489000000000152e-10	0.19398028	-5.6128474e-06	0.9809842	-4.3464553e-17	0	300
3.4900000000001524e-10	0.19398043	-5.9840722e-06	0.9809842	-4.346455e-17	0	300
3.4910000000001527e-10	0.1939806	-6.35195e-06	0.9809841	-4.346454e-17	0	300
3.492000000000153e-10	0.19398078	-6.71636e-06	0.9809841	-4.3464536e-17	0	300
3.4930000000001533e-10	0.19398095	-7.077278e-06	0.9809841	-4.346454e-17	0	300
3.4940000000001536e-10	0.19398111	-7.4347813e-06	0.98098403	-4.3464543e-17	0	300
3.495000000000154e-10	0.1939813	-7.788848e-06	0.98098403	-4.3464553e-17	0	300
3.496000000000154e-10	0.19398147	-8.139314e-06	0.980984	-4.346455e-17	0	300
3.4970000000001545e-10	0.19398165	-8.486323e-06	0.980984	-4.3464533e-17	0	300
3.498000000000155e-10	0.19398186	-8.829766e-06	0.980984	-4.346455e-17	0	300
3.499000000000155e-10	0.19398203	-9.169483e-06	0.9809839	-4.346454e-17	0	300
3.5000000000001554e-10	0.19398226	-9.505412e-06	0.9809839	-4.3464543e-17	0	300
3.5010000000001557e-10	0.19398245	-9.837665e-06	0.98098385	-4.346454e-17	0	300
3.502000000000156e-10	0.19398266	-1.01661835e-05	0.98098385	-4.346455e-17	0	300
3.5030000000001563e-10	0.19398285	-1.0490854e-05	0.98098385	-4.3464546e-17	0	300
3.5040000000001566e-10	0.19398308	-1.0811542e-05	0.9809836	-4.3464543e-17	0	300
3.505000000000157e-10	0.19398332	-1.1128323e-05	0.98098356	-4.3464533e-17	0	300
3.506000000000157e-10	0.19398353	-1.1441141e-05	0.98098356	-4.3464536e-17	0	300
3.5070000000001576e-10	0.19398375	-1.1749931e-05	0.9809835	-4.3464536e-17	0	300
3.508000000000158e-10	0.19398397	-1.20546465e-05	0.9809835	-4.3464546e-17	0	300
3.509000000000158e-10	0.19398423	-1.2355238e-05	0.9809835	-4.3464543e-17	0	300
3.5100000000001585e-10	0.19398446	-1.2651655e-05	0.98098344	-4.346454e-17	0	300
3.511000000000159e-10	0.19398472	-1.294395e-05	0.98098344	-4.3464536e-17	0	300
3.512000000000159e-10	0.19398497	-1.3232007e-05	0.9809834	-4.3464546e-17	0	300
3.5130000000001594e-10	0.19398522	-1.351575e-05	0.9809833	-4.3464546e-17	0	300
3.5140000000001597e-10	0.19398546	-1.37953275e-05	0.9809832	-4.3464536e-17	0	300
3.51500000000016e-10	0.19398572	-1.40706425e-05	0.98098314	-4.3464536e-17	0	300
3.5160000000001603e-10	0.19398597	-1.434163e-05	0.980983	-4.346454e-17	0	300
3.5170000000001606e-10	0.19398622	-1.4608406e-05	0.980983	-4.346455e-17	0	300
3.518000000000161e-10	0.19398648	-1.4870862e-05	0.980983	-4.3464553e-17	0	300
3.519000000000161e-10	0.19398674	-1.5128974e-05	0.98098296	-4.3464526e-17	0	300
3.5200000000001616e-10	0.19398704	-1.538275e-05	0.9809829	-4.3464543e-17	0	300
3.521000000000162e-10	0.19398728	-1.5632188e-05	0.9809829	-4.3464546e-17	0	300
3.522000000000162e-10	0.19398755	-1.5877262e-05	0.9809828	-4.3464546e-17	0	300
3.5230000000001625e-10	0.19398782	-1.6117898e-05	0.9809828	-4.346455e-17	0	300
3.524000000000163e-10	0.19398811	-1.635413e-05	0.98098266	-4.346455e-17	0	300
3.525000000000163e-10	0.19398837	-1.6585915e-05	0.9809826	-4.346454e-17	0	300
3.5260000000001634e-10	0.19398865	-1.6813314e-05	0.98098254	-4.346455e-17	0	300
3.5270000000001637e-10	0.19398895	-1.7036258e-05	0.9809826	-4.3464543e-17	0	300
3.528000000000164e-10	0.1939892	-1.7254704e-05	0.98098254	-4.3464546e-17	0	300
3.5290000000001643e-10	0.19398952	-1.7468816e-05	0.9809824	-4.346454e-17	0	300
3.5300000000001646e-10	0.19398978	-1.76783e-05	0.9809823	-4.3464536e-17	0	300
3.531000000000165e-10	0.19399008	-1.7883342e-05	0.9809823	-4.346455e-17	0	300
3.532000000000165e-10	0.19399035	-1.8083956e-05	0.9809821	-4.3464546e-17	0	300
3.5330000000001655e-10	0.19399065	-1.8279983e-05	0.9809821	-4.3464553e-17	0	300
3.534000000000166e-10	0.19399095	-1.8471397e-05	0.98098207	-4.346455e-17	0	300
3.535000000000166e-10	0.19399124	-1.8658411e-05	0.980982	-4.3464536e-17	0	300
3.5360000000001665e-10	0.19399154	-1.8840941e-05	0.980982	-4.3464546e-17	0	300
3.537000000000167e-10	0.19399182	-1.9018824e-05	0.98098195	-4.3464546e-17	0	300
3.538000000000167e-10	0.19399212	-1.9192266e-05	0.9809819	-4.3464543e-17	0	300
3.5390000000001674e-10	0.1939924	-1.9361203e-05	0.9809819	-4.3464543e-17	0	300
3.5400000000001677e-10	0.19399273	-1.9525547e-05	0.9809818	-4.3464546e-17	0	300
3.541000000000168e-10	0.19399302	-1.9685396e-05	0.98098177	-4.3464533e-17	0	300
3.5420000000001683e-10	0.19399332	-1.984079e-05	0.9809816	-4.3464543e-17	0	300
3.5430000000001686e-10	0.19399363	-1.9991596e-05	0.98098165	-4.3464563e-17	0	300
3.544000000000169e-10	0.19399393	-2.0137924e-05	0.98098147	-4.3464546e-17	0	300
3.545000000000169e-10	0.19399422	-2.027975e-05	0.9809814	-4.3464546e-17	0	300
3.5460000000001695e-10	0.19399454	-2.0417034e-05	0.98098135	-4.346455e-17	0	300
3.54700000000017e-10	0.19399485	-2.0549825e-05	0.98098135	-4.3464543e-17	0	300
3.54800000000017e-10	0.19399515	-2.0678146e-05	0.98098135	-4.3464536e-17	0	300
3.5490000000001704e-10	0.19399546	-2.0801886e-05	0.9809813	-4.346454e-17	0	300
3.550000000000171e-10	0.19399574	-2.0921136e-05	0.9809811	-4.3464546e-17	0	300
3.551000000000171e-10	0.19399607	-2.1036012e-05	0.98098105	-4.3464556e-17	0	300
3.5520000000001714e-10	0.19399637	-2.1146401e-05	0.980981	-4.346455e-17	0	300
3.5530000000001717e-10	0.1939967	-2.1252366e-05	0.980981	-4.3464543e-17	0	300
3.554000000000172e-10	0.193997	-2.1353937e-05	0.98098093	-4.346454e-17	0	300
3.5550000000001723e-10	0.1939973	-2.1451084e-05	0.9809809	-4.3464546e-17	0	300
3.5560000000001726e-10	0.19399759	-2.1543754e-05	0.9809809	-4.3464543e-17	0	300
3.557000000000173e-10	0.19399789	-2.1632139e-05	0.98098075	-4.3464536e-17	0	300
3.558000000000173e-10	0.19399823	-2.1716092e-05	0.9809807	-4.346454e-17	0	300
3.5590000000001735e-10	0.19399852	-2.1795742e-05	0.9809806	-4.3464546e-17	0	300
3.560000000000174e-10	0.19399883	-2.1871032e-05	0.98098046	-4.346455e-17	0	300
3.561000000000174e-10	0.19399914	-2.1942014e-05	0.98098046	-4.3464536e-17	0	300
3.5620000000001744e-10	0.19399942	-2.2008668e-05	0.9809804	-4.3464556e-17	0	300
3.563000000000175e-10	0.19399974	-2.2071048e-05	0.98098034	-4.3464533e-17	0	300
3.564000000000175e-10	0.19400005	-2.2129083e-05	0.98098034	-4.3464546e-17	0	300
3.5650000000001754e-10	0.19400036	-2.2182918e-05	0.9809803	-4.346455e-17	0	300
3.5660000000001757e-10	0.19400066	-2.2232469e-05	0.9809802	-4.3464543e-17	0	300
3.567000000000176e-10	0.19400094	-2.2277885e-05	0.98098016	-4.3464536e-17	0	300
3.5680000000001763e-10	0.19400127	-2.2319144e-05	0.9809801	-4.3464546e-17	0	300
3.5690000000001766e-10	0.19400156	-2.235619e-05	0.98098	-4.346455e-17	0	300
3.570000000000177e-10	0.19400187	-2.2389124e-05	0.9809799	-4.3464543e-17	0	300
3.571000000000177e-10	0.19400217	-2.2417958e-05	0.9809798	-4.3464543e-17	0	300
3.5720000000001775e-10	0.19400248	-2.2442695e-05	0.9809798	-4.346454e-17	0	300
3.573000000000178e-10	0.19400276	-2.2463411e-05	0.98097974	-4.346454e-17	0	300
3.574000000000178e-10	0.19400308	-2.2479988e-05	0.9809797	-4.3464543e-17	0	300
3.5750000000001784e-10	0.19400334	-2.249261e-05	0.9809796	-4.3464543e-17	0	300
3.5760000000001787e-10	0.19400366	-2.2501286e-05	0.9809796	-4.3464546e-17	0	300
3.577000000000179e-10	0.19400394	-2.2505994e-05	0.98097956	-4.346454e-17	0	300
3.5780000000001793e-10	0.19400425	-2.2506689e-05	0.98097956	-4.3464543e-17	0	300
3.5790000000001797e-10	0.19400454	-2.2503558e-05	0.98097944	-4.346455e-17	0	300
3.58000000000018e-10	0.19400482	-2.2496679e-05	0.9809793	-4.3464546e-17	0	300
3.5810000000001803e-10	0.1940051	-2.2485798e-05	0.98097926	-4.3464546e-17	0	300
3.5820000000001806e-10	0.1940054	-2.2471222e-05	0.98097926	-4.3464543e-17	0	300
3.583000000000181e-10	0.19400567	-2.2452852e-05	0.9809792	-4.3464543e-17	0	300
3.584000000000181e-10	0.19400597	-2.2430744e-05	0.98097914	-4.3464546e-17	0	300
3.5850000000001815e-10	0.19400623	-2.2404896e-05	0.9809791	-4.3464543e-17	0	300
3.586000000000182e-10	0.19400652	-2.2375474e-05	0.9809791	-4.346455e-17	0	300
3.587000000000182e-10	0.1940068	-2.2342476e-05	0.98097897	-4.3464533e-17	0	300
3.5880000000001824e-10	0.19400708	-2.2305807e-05	0.98097897	-4.3464533e-17	0	300
3.5890000000001827e-10	0.19400735	-2.2265596e-05	0.98097885	-4.3464536e-17	0	300
3.590000000000183e-10	0.19400764	-2.2221877e-05	0.9809787	-4.3464536e-17	0	300
3.5910000000001833e-10	0.1940079	-2.2174645e-05	0.98097867	-4.3464546e-17	0	300
3.5920000000001836e-10	0.19400817	-2.2123975e-05	0.98097867	-4.3464543e-17	0	300
3.593000000000184e-10	0.19400844	-2.2069995e-05	0.98097855	-4.3464536e-17	0	300
3.594000000000184e-10	0.1940087	-2.2012511e-05	0.98097855	-4.346454e-17	0	300
3.5950000000001846e-10	0.19400898	-2.19516e-05	0.98097855	-4.3464533e-17	0	300
3.596000000000185e-10	0.19400924	-2.1887394e-05	0.9809785	-4.3464536e-17	0	300
3.597000000000185e-10	0.19400951	-2.1819891e-05	0.9809784	-4.346454e-17	0	300
3.5980000000001855e-10	0.19400975	-2.1749094e-05	0.9809784	-4.346455e-17	0	300
3.599000000000186e-10	0.19401002	-2.1674969e-05	0.98097837	-4.3464543e-17	0	300
3.600000000000186e-10	0.19401029	-2.1597705e-05	0.9809783	-4.3464533e-17	0	300
3.6010000000001864e-10	0.19401056	-2.1517206e-05	0.9809782	-4.3464546e-17	0	300
3.6020000000001867e-10	0.19401081	-2.1433507e-05	0.98097813	-4.3464543e-17	0	300
3.603000000000187e-10	0.19401106	-2.1346632e-05	0.98097813	-4.346454e-17	0	300
3.6040000000001873e-10	0.19401133	-2.1256728e-05	0.980978	-4.346455e-17	0	300
3.6050000000001876e-10	0.19401157	-2.1163718e-05	0.980978	-4.346455e-17	0	300
3.606000000000188e-10	0.1940118	-2.106761e-05	0.9809779	-4.3464533e-17	0	300
3.607000000000188e-10	0.19401206	-2.0968557e-05	0.9809779	-4.3464536e-17	0	300
3.6080000000001885e-10	0.19401231	-2.0866499e-05	0.9809779	-4.3464536e-17	0	300
3.609000000000189e-10	0.19401255	-2.0761492e-05	0.9809778	-4.346454e-17	0	300
3.610000000000189e-10	0.19401279	-2.065355e-05	0.9809778	-4.346455e-17	0	300
3.6110000000001895e-10	0.19401303	-2.054271e-05	0.98097765	-4.3464533e-17	0	300
3.61200000000019e-10	0.19401328	-2.0429128e-05	0.98097765	-4.3464533e-17	0	300
3.61300000000019e-10	0.1940135	-2.0312711e-05	0.98097754	-4.3464536e-17	0	300
3.6140000000001904e-10	0.19401376	-2.0193433e-05	0.98097754	-4.3464553e-17	0	300
3.6150000000001907e-10	0.194014	-2.00715e-05	0.9809775	-4.3464543e-17	0	300
3.616000000000191e-10	0.19401422	-1.9946814e-05	0.9809774	-4.3464546e-17	0	300
3.6170000000001913e-10	0.19401443	-1.9819523e-05	0.9809774	-4.3464543e-17	0	300
3.6180000000001916e-10	0.19401467	-1.968948e-05	0.98097736	-4.3464543e-17	0	300
3.619000000000192e-10	0.19401488	-1.955689e-05	0.9809773	-4.3464553e-17	0	300
3.620000000000192e-10	0.19401512	-1.9421872e-05	0.9809773	-4.346453e-17	0	300
3.6210000000001925e-10	0.19401534	-1.9284349e-05	0.9809773	-4.346454e-17	0	300
3.622000000000193e-10	0.19401555	-1.9144194e-05	0.9809773	-4.3464543e-17	0	300
3.623000000000193e-10	0.19401577	-1.9001629e-05	0.9809772	-4.346454e-17	0	300
3.6240000000001935e-10	0.19401598	-1.8856637e-05	0.9809772	-4.3464543e-17	0	300
3.625000000000194e-10	0.19401619	-1.8709363e-05	0.9809772	-4.3464533e-17	0	300
3.626000000000194e-10	0.1940164	-1.8559707e-05	0.980977	-4.346454e-17	0	300
3.6270000000001944e-10	0.19401664	-1.8407605e-05	0.980977	-4.3464536e-17	0	300
3.6280000000001947e-10	0.19401681	-1.8253304e-05	0.98097694	-4.3464546e-17	0	300
3.629000000000195e-10	0.19401701	-1.8096856e-05	0.98097694	-4.3464536e-17	0	300
3.6300000000001953e-10	0.19401723	-1.793809e-05	0.9809768	-4.3464546e-17	0	300
3.6310000000001956e-10	0.19401743	-1.777715e-05	0.9809768	-4.3464536e-17	0	300
3.632000000000196e-10	0.19401762	-1.7614055e-05	0.98097676	-4.3464546e-17	0	300
3.633000000000196e-10	0.19401781	-1.7448852e-05	0.9809767	-4.3464556e-17	0	300
3.6340000000001965e-10	0.194018	-1.7281638e-05	0.9809767	-4.346454e-17	0	300
3.635000000000197e-10	0.1940182	-1.7112428e-05	0.9809767	-4.3464536e-17	0	300
3.636000000000197e-10	0.1940184	-1.6941096e-05	0.9809766	-4.346454e-17	0	300
3.6370000000001974e-10	0.19401857	-1.6767879e-05	0.98097664	-4.3464543e-17	0	300
3.638000000000198e-10	0.19401875	-1.6592818e-05	0.9809766	-4.346453e-17	0	300
3.639000000000198e-10	0.19401893	-1.6415881e-05	0.9809765	-4.346454e-17	0	300
3.6400000000001984e-10	0.19401911	-1.6237154e-05	0.9809765	-4.346455e-17	0	300
3.6410000000001987e-10	0.19401929	-1.6056625e-05	0.9809764	-4.3464553e-17	0	300
3.642000000000199e-10	0.19401945	-1.5874393e-05	0.98097646	-4.346455e-17	0	300
3.6430000000001993e-10	0.19401962	-1.5690526e-05	0.9809763	-4.346454e-17	0	300
3.6440000000001996e-10	0.1940198	-1.5505118e-05	0.9809763	-4.3464543e-17	0	300
3.6450000000002e-10	0.19401991	-1.5318217e-05	0.9809763	-4.3464546e-17	0	300
3.6460000000002e-10	0.19402009	-1.5129736e-05	0.9809762	-4.346454e-17	0	300
3.6470000000002005e-10	0.19402024	-1.49396665e-05	0.9809762	-4.3464543e-17	0	300
3.648000000000201e-10	0.1940204	-1.4748231e-05	0.98097616	-4.3464546e-17	0	300
3.649000000000201e-10	0.19402054	-1.4555518e-05	0.98097616	-4.346455e-17	0	300
3.6500000000002014e-10	0.19402069	-1.4361418e-05	0.98097616	-4.3464543e-17	0	300
3.6510000000002017e-10	0.19402084	-1.4166026e-05	0.98097616	-4.346454e-17	0	300
3.652000000000202e-10	0.19402096	-1.39694685e-05	0.9809761	-4.3464543e-17	0	300
3.6530000000002023e-10	0.1940211	-1.3771749e-05	0.9809761	-4.346454e-17	0	300
3.6540000000002027e-10	0.19402122	-1.3572763e-05	0.9809761	-4.3464546e-17	0	300
3.655000000000203e-10	0.19402136	-1.3372573e-05	0.98097605	-4.346455e-17	0	300
3.6560000000002033e-10	0.1940215	-1.3171362e-05	0.98097605	-4.3464533e-17	0	300
3.6570000000002036e-10	0.19402161	-1.2969166e-05	0.98097605	-4.346454e-17	0	300
3.658000000000204e-10	0.19402173	-1.2766009e-05	0.980976	-4.3464536e-17	0	300
3.659000000000204e-10	0.19402185	-1.25618935e-05	0.980976	-4.3464536e-17	0	300
3.6600000000002045e-10	0.19402196	-1.23568325e-05	0.9809759	-4.346454e-17	0	300
3.661000000000205e-10	0.19402206	-1.21509e-05	0.9809759	-4.3464543e-17	0	300
3.662000000000205e-10	0.1940222	-1.1944164e-05	0.9809759	-4.3464536e-17	0	300
3.6630000000002054e-10	0.1940223	-1.1736661e-05	0.9809759	-4.346454e-17	0	300
3.6640000000002057e-10	0.1940224	-1.1528419e-05	0.98097587	-4.346454e-17	0	300
3.665000000000206e-10	0.19402248	-1.1319464e-05	0.9809758	-4.3464543e-17	0	300
3.6660000000002063e-10	0.19402258	-1.1109939e-05	0.9809758	-4.3464543e-17	0	300
3.6670000000002066e-10	0.19402267	-1.0899848e-05	0.9809758	-4.3464546e-17	0	300
3.668000000000207e-10	0.19402276	-1.0689234e-05	0.98097575	-4.3464546e-17	0	300
3.669000000000207e-10	0.19402285	-1.04781075e-05	0.9809758	-4.3464546e-17	0	300
3.6700000000002076e-10	0.19402295	-1.0266509e-05	0.9809757	-4.3464536e-17	0	300
3.671000000000208e-10	0.19402303	-1.0054498e-05	0.9809757	-4.3464536e-17	0	300
3.672000000000208e-10	0.1940231	-9.8421115e-06	0.9809757	-4.3464533e-17	0	300
3.6730000000002085e-10	0.19402316	-9.62934e-06	0.9809757	-4.3464533e-17	0	300
3.674000000000209e-10	0.19402324	-9.416341e-06	0.9809757	-4.3464533e-17	0	300
3.675000000000209e-10	0.1940233	-9.203133e-06	0.98097557	-4.3464536e-17	0	300
3.6760000000002094e-10	0.19402336	-8.9897185e-06	0.98097557	-4.346453e-17	0	300
3.6770000000002097e-10	0.19402345	-8.776172e-06	0.98097557	-4.3464533e-17	0	300
3.67800000000021e-10	0.1940235	-8.5624815e-06	0.98097557	-4.3464526e-17	0	300
3.6790000000002103e-10	0.19402355	-8.34865e-06	0.98097557	-4.3464533e-17	0	300
3.6800000000002106e-10	0.19402361	-8.134721e-06	0.98097557	-4.3464533e-17	0	300
3.681000000000211e-10	0.19402367	-7.9207775e-06	0.98097557	-4.346453e-17	0	300
3.682000000000211e-10	0.19402371	-7.706842e-06	0.9809755	-4.346453e-17	0	300
3.6830000000002116e-10	0.19402376	-7.492943e-06	0.9809755	-4.3464523e-17	0	300
3.684000000000212e-10	0.1940238	-7.2791054e-06	0.9809755	-4.3464536e-17	0	300
3.685000000000212e-10	0.19402385	-7.0653073e-06	0.9809755	-4.346454e-17	0	300
3.6860000000002125e-10	0.19402388	-6.8516692e-06	0.9809755	-4.3464546e-17	0	300
3.687000000000213e-10	0.1940239	-6.6382136e-06	0.9809755	-4.3464533e-17	0	300
3.688000000000213e-10	0.19402395	-6.424946e-06	0.9809755	-4.3464533e-17	0	300
3.6890000000002134e-10	0.194024	-6.211883e-06	0.9809755	-4.3464533e-17	0	300
3.6900000000002137e-10	0.19402401	-5.9989916e-06	0.9809755	-4.346454e-17	0	300
3.691000000000214e-10	0.19402404	-5.786379e-06	0.9809755	-4.3464543e-17	0	300
3.6920000000002143e-10	0.19402409	-5.5740666e-06	0.98097545	-4.3464543e-17	0	300
3.6930000000002146e-10	0.19402412	-5.362056e-06	0.98097545	-4.3464536e-17	0	300
3.694000000000215e-10	0.19402412	-5.1503566e-06	0.98097545	-4.3464536e-17	0	300
3.695000000000215e-10	0.19402415	-4.9390037e-06	0.98097545	-4.3464536e-17	0	300
3.6960000000002155e-10	0.19402416	-4.728071e-06	0.98097545	-4.3464536e-17	0	300
3.697000000000216e-10	0.19402418	-4.5175957e-06	0.98097545	-4.3464536e-17	0	300
3.698000000000216e-10	0.1940242	-4.3076034e-06	0.98097545	-4.3464543e-17	0	300
3.6990000000002165e-10	0.19402419	-4.098105e-06	0.98097545	-4.3464543e-17	0	300
3.700000000000217e-10	0.19402422	-3.8891208e-06	0.98097545	-4.3464543e-17	0	300
3.701000000000217e-10	0.19402424	-3.680686e-06	0.98097545	-4.3464543e-17	0	300
3.7020000000002174e-10	0.1940242	-3.4728166e-06	0.98097545	-4.3464543e-17	0	300
3.7030000000002177e-10	0.19402424	-3.2655234e-06	0.98097545	-4.3464546e-17	0	300
3.704000000000218e-10	0.19402424	-3.0588458e-06	0.98097545	-4.3464546e-17	0	300
3.7050000000002183e-10	0.19402424	-2.8528e-06	0.98097545	-4.3464533e-17	0	300
3.7060000000002186e-10	0.19402424	-2.6474283e-06	0.98097545	-4.346454e-17	0	300
3.707000000000219e-10	0.19402424	-2.4427718e-06	0.98097545	-4.3464533e-17	0	300
3.708000000000219e-10	0.19402424	-2.2388454e-06	0.98097545	-4.3464533e-17	0	300
3.7090000000002195e-10	0.19402422	-2.0356783e-06	0.98097545	-4.3464536e-17	0	300
3.71000000000022e-10	0.1940242	-1.8332895e-06	0.98097545	-4.346453e-17	0	300
3.71100000000022e-10	0.19402419	-1.6317161e-06	0.98097545	-4.3464543e-17	0	300
3.7120000000002204e-10	0.19402418	-1.4309688e-06	0.98097545	-4.346453e-17	0	300
3.713000000000221e-10	0.19402415	-1.231111e-06	0.98097545	-4.3464536e-17	0	300
3.714000000000221e-10	0.19402413	-1.0321506e-06	0.98097545	-4.3464536e-17	0	300
3.7150000000002214e-10	0.1940241	-8.340945e-07	0.98097545	-4.3464536e-17	0	300
3.7160000000002217e-10	0.19402409	-6.3698656e-07	0.98097545	-4.346453e-17	0	300
3.717000000000222e-10	0.19402404	-4.4085743e-07	0.98097545	-4.346453e-17	0	300
3.7180000000002223e-10	0.19402403	-2.457264e-07	0.98097545	-4.346453e-17	0	300
3.7190000000002226e-10	0.19402398	-5.168937e-08	0.98097545	-4.3464526e-17	0	300
3.720000000000223e-10	0.19402394	1.4122338e-07	0.98097545	-4.3464526e-17	0	300
3.721000000000223e-10	0.1940239	3.3298252e-07	0.98097545	-4.346454e-17	0	300
3.7220000000002235e-10	0.19402385	5.235218e-07	0.98097545	-4.346454e-17	0	300
3.723000000000224e-10	0.19402382	7.1290185e-07	0.98097545	-4.3464556e-17	0	300
3.724000000000224e-10	0.19402379	9.010429e-07	0.98097545	-4.346455e-17	0	300
3.7250000000002244e-10	0.19402371	1.0879618e-06	0.98097557	-4.346455e-17	0	300
3.7260000000002247e-10	0.19402367	1.2736095e-06	0.98097557	-4.346455e-17	0	300
3.727000000000225e-10	0.19402362	1.457978e-06	0.98097557	-4.3464546e-17	0	300
3.7280000000002254e-10	0.19402358	1.6410573e-06	0.98097557	-4.346454e-17	0	300
3.7290000000002257e-10	0.1940235	1.8228333e-06	0.9809756	-4.3464546e-17	0	300
3.730000000000226e-10	0.19402345	2.0032617e-06	0.9809756	-4.346455e-17	0	300
3.7310000000002263e-10	0.19402337	2.1823166e-06	0.9809757	-4.346455e-17	0	300
3.7320000000002266e-10	0.19402331	2.3599755e-06	0.9809757	-4.3464556e-17	0	300
3.733000000000227e-10	0.19402322	2.5361928e-06	0.9809757	-4.3464546e-17	0	300
3.734000000000227e-10	0.19402316	2.7108472e-06	0.9809756	-4.3464546e-17	0	300
3.7350000000002275e-10	0.19402307	2.883895e-06	0.9809757	-4.3464546e-17	0	300
3.736000000000228e-10	0.19402301	3.0553695e-06	0.9809757	-4.3464543e-17	0	300
3.737000000000228e-10	0.19402292	3.2251162e-06	0.9809757	-4.3464543e-17	0	300
3.7380000000002284e-10	0.19402285	3.3931162e-06	0.9809758	-4.346454e-17	0	300
3.7390000000002287e-10	0.19402273	3.559437e-06	0.98097587	-4.3464526e-17	0	300
3.740000000000229e-10	0.19402266	3.7240525e-06	0.98097587	-4.346454e-17	0	300
3.7410000000002293e-10	0.19402257	3.8869407e-06	0.98097575	-4.346455e-17	0	300
3.7420000000002296e-10	0.19402246	4.0479717e-06	0.98097587	-4.346454e-17	0	300
3.74300000000023e-10	0.19402237	4.2072024e-06	0.98097587	-4.3464546e-17	0	300
3.7440000000002303e-10	0.19402225	4.3645964e-06	0.98097587	-4.346455e-17	0	300
3.7450000000002306e-10	0.19402215	4.520103e-06	0.9809759	-4.3464543e-17	0	300
3.746000000000231e-10	0.19402206	4.6737405e-06	0.9809759	-4.346454e-17	0	300
3.747000000000231e-10	0.19402194	4.825514e-06	0.9809759	-4.346454e-17	0	300
3.7480000000002315e-10	0.19402182	4.9752052e-06	0.9809759	-4.3464536e-17	0	300
3.749000000000232e-10	0.1940217	5.122945e-06	0.9809759	-4.3464543e-17	0	300
3.750000000000232e-10	0.1940216	5.2687305e-06	0.980976	-4.346454e-17	0	300
3.7510000000002324e-10	0.19402146	5.4125558e-06	0.980976	-4.3464543e-17	0	300
3.7520000000002327e-10	0.19402137	5.5543896e-06	0.98097605	-4.3464536e-17	0	300
3.753000000000233e-10	0.19402125	5.69425e-06	0.980976	-4.3464546e-17	0	300
3.7540000000002333e-10	0.19402114	5.832029e-06	0.9809761	-4.3464546e-17	0	300
3.7550000000002336e-10	0.194021	5.96777e-06	0.98097616	-4.3464543e-17	0	300
3.756000000000234e-10	0.19402088	6.10144e-06	0.98097616	-4.3464546e-17	0	300
3.757000000000234e-10	0.19402075	6.2330964e-06	0.9809762	-4.346454e-17	0	300
3.7580000000002346e-10	0.19402066	6.362742e-06	0.9809762	-4.3464536e-17	0	300
3.759000000000235e-10	0.19402051	6.490308e-06	0.9809762	-4.3464543e-17	0	300
3.760000000000235e-10	0.19402039	6.615911e-06	0.9809762	-4.3464533e-17	0	300
3.7610000000002355e-10	0.19402027	6.7395144e-06	0.9809763	-4.3464536e-17	0	300
3.762000000000236e-10	0.19402014	6.8610716e-06	0.9809763	-4.3464543e-17	0	300
3.763000000000236e-10	0.19402003	6.9804805e-06	0.9809763	-4.3464553e-17	0	300
3.7640000000002364e-10	0.19401991	7.0977662e-06	0.9809763	-4.3464543e-17	0	300
3.7650000000002367e-10	0.19401978	7.212944e-06	0.98097634	-4.3464543e-17	0	300
3.766000000000237e-10	0.19401962	7.3260385e-06	0.98097634	-4.3464546e-17	0	300
3.7670000000002373e-10	0.19401951	7.437101e-06	0.98097634	-4.3464543e-17	0	300
3.7680000000002376e-10	0.19401938	7.5461317e-06	0.98097634	-4.3464536e-17	0	300
3.769000000000238e-10	0.19401926	7.653104e-06	0.9809764	-4.3464546e-17	0	300
3.770000000000238e-10	0.19401911	7.757882e-06	0.9809764	-4.3464536e-17	0	300
3.7710000000002385e-10	0.19401897	7.8605235e-06	0.98097646	-4.3464536e-17	0	300
3.772000000000239e-10	0.19401883	7.9610245e-06	0.9809766	-4.346454e-17	0	300
3.773000000000239e-10	0.1940187	8.059444e-06	0.9809766	-4.3464536e-17	0	300
3.7740000000002395e-10	0.19401857	8.1556545e-06	0.9809766	-4.3464543e-17	0	300
3.77500000000024e-10	0.19401842	8.249789e-06	0.9809767	-4.346454e-17	0	300
3.77600000000024e-10	0.1940183	8.341861e-06	0.98097676	-4.3464556e-17	0	300
3.7770000000002404e-10	0.19401816	8.431859e-06	0.98097676	-4.3464546e-17	0	300
3.7780000000002407e-10	0.194018	8.519684e-06	0.98097676	-4.346454e-17	0	300
3.779000000000241e-10	0.19401789	8.605375e-06	0.98097676	-4.3464543e-17	0	300
3.7800000000002413e-10	0.19401774	8.688787e-06	0.98097676	-4.3464533e-17	0	300
3.7810000000002416e-10	0.1940176	8.770121e-06	0.9809768	-4.346454e-17	0	300
3.782000000000242e-10	0.19401747	8.849375e-06	0.9809768	-4.3464543e-17	0	300
3.783000000000242e-10	0.19401732	8.92656e-06	0.9809768	-4.3464546e-17	0	300
3.7840000000002425e-10	0.19401719	9.001491e-06	0.9809769	-4.3464543e-17	0	300
3.785000000000243e-10	0.19401702	9.074277e-06	0.9809769	-4.3464543e-17	0	300
3.786000000000243e-10	0.19401689	9.144906e-06	0.9809769	-4.3464546e-17	0	300
3.7870000000002435e-10	0.19401675	9.213436e-06	0.98097694	-4.346455e-17	0	300
3.788000000000244e-10	0.1940166	9.279827e-06	0.98097694	-4.3464546e-17	0	300
3.789000000000244e-10	0.19401647	9.344175e-06	0.980977	-4.3464546e-17	0	300
3.7900000000002444e-10	0.19401631	9.406374e-06	0.980977	-4.3464536e-17	0	300
3.7910000000002447e-10	0.19401619	9.4665065e-06	0.980977	-4.3464533e-17	0	300
3.792000000000245e-10	0.19401604	9.524561e-06	0.980977	-4.3464533e-17	0	300
3.7930000000002453e-10	0.19401589	9.580482e-06	0.9809772	-4.3464536e-17	0	300
3.7940000000002456e-10	0.19401574	9.634242e-06	0.9809772	-4.3464553e-17	0	300
3.795000000000246e-10	0.19401559	9.685962e-06	0.98097724	-4.346455e-17	0	300
3.796000000000246e-10	0.19401544	9.735628e-06	0.98097724	-4.346455e-17	0	300
3.7970000000002465e-10	0.19401531	9.783218e-06	0.98097724	-4.346454e-17	0	300
3.798000000000247e-10	0.19401516	9.828743e-06	0.9809773	-4.3464536e-17	0	300
3.799000000000247e-10	0.19401503	9.87216e-06	0.9809773	-4.3464533e-17	0	300
3.8000000000002474e-10	0.19401488	9.913561e-06	0.98097736	-4.3464533e-17	0	300
3.801000000000248e-10	0.19401473	9.952954e-06	0.9809774	-4.3464536e-17	0	300
3.802000000000248e-10	0.19401461	9.990348e-06	0.9809774	-4.346454e-17	0	300
3.8030000000002484e-10	0.19401446	1.0025813e-05	0.98097736	-4.346454e-17	0	300
3.8040000000002487e-10	0.19401431	1.0059306e-05	0.9809774	-4.346455e-17	0	300
3.805000000000249e-10	0.19401418	1.0090758e-05	0.9809774	-4.346454e-17	0	300
3.8060000000002493e-10	0.19401404	1.0120123e-05	0.98097754	-4.3464543e-17	0	300
3.8070000000002496e-10	0.1940139	1.01476e-05	0.98097754	-4.346455e-17	0	300
3.80800000000025e-10	0.19401377	1.0173182e-05	0.98097754	-4.346454e-17	0	300
3.80900000000025e-10	0.19401363	1.0196851e-05	0.98097754	-4.346455e-17	0	300
3.8100000000002505e-10	0.19401348	1.0218545e-05	0.98097754	-4.346453e-17	0	300
3.811000000000251e-10	0.19401336	1.0238406e-05	0.9809776	-4.346454e-17	0	300
3.812000000000251e-10	0.19401321	1.0256373e-05	0.9809778	-4.3464543e-17	0	300
3.8130000000002514e-10	0.19401309	1.02724825e-05	0.9809778	-4.3464543e-17	0	300
3.8140000000002517e-10	0.19401294	1.0286689e-05	0.9809778	-4.3464533e-17	0	300
3.815000000000252e-10	0.1940128	1.0299035e-05	0.98097783	-4.3464543e-17	0	300
3.8160000000002523e-10	0.19401267	1.0309534e-05	0.98097783	-4.3464546e-17	0	300
3.8170000000002527e-10	0.19401252	1.0318283e-05	0.9809779	-4.3464553e-17	0	300
3.818000000000253e-10	0.1940124	1.0325292e-05	0.9809779	-4.346455e-17	0	300
3.8190000000002533e-10	0.19401228	1.03304155e-05	0.9809779	-4.3464546e-17	0	300
3.8200000000002536e-10	0.19401214	1.03337325e-05	0.9809779	-4.3464546e-17	0	300
3.821000000000254e-10	0.19401202	1.0335305e-05	0.98097795	-4.3464543e-17	0	300
3.822000000000254e-10	0.1940119	1.0335174e-05	0.98097795	-4.346454e-17	0	300
3.8230000000002545e-10	0.19401175	1.03333405e-05	0.98097795	-4.346454e-17	0	300
3.824000000000255e-10	0.19401161	1.0329764e-05	0.980978	-4.346453e-17	0	300
3.825000000000255e-10	0.19401148	1.0324427e-05	0.980978	-4.3464546e-17	0	300
3.8260000000002554e-10	0.19401138	1.0317433e-05	0.980978	-4.3464546e-17	0	300
3.8270000000002557e-10	0.19401124	1.0308831e-05	0.980978	-4.3464543e-17	0	300
3.828000000000256e-10	0.19401114	1.0298624e-05	0.980978	-4.346454e-17	0	300
3.8290000000002563e-10	0.194011	1.02867225e-05	0.9809781	-4.3464546e-17	0	300
3.8300000000002566e-10	0.19401087	1.0273271e-05	0.98097813	-4.3464536e-17	0	300
3.831000000000257e-10	0.19401076	1.02582735e-05	0.98097813	-4.3464546e-17	0	300
3.832000000000257e-10	0.19401062	1.0241738e-05	0.98097813	-4.3464546e-17	0	300
3.8330000000002576e-10	0.19401053	1.0223674e-05	0.9809782	-4.3464536e-17	0	300
3.834000000000258e-10	0.19401039	1.0204008e-05	0.9809782	-4.3464523e-17	0	300
3.835000000000258e-10	0.19401027	1.018277e-05	0.98097825	-4.346454e-17	0	300
3.8360000000002585e-10	0.19401014	1.0160067e-05	0.98097825	-4.346454e-17	0	300
3.837000000000259e-10	0.19401005	1.0135933e-05	0.98097825	-4.3464543e-17	0	300
3.838000000000259e-10	0.19400993	1.0110288e-05	0.98097837	-4.346454e-17	0	300
3.8390000000002594e-10	0.19400981	1.0083178e-05	0.98097837	-4.346454e-17	0	300
3.8400000000002597e-10	0.1940097	1.0054617e-05	0.98097837	-4.3464536e-17	0	300
3.84100000000026e-10	0.19400959	1.0024634e-05	0.98097837	-4.3464543e-17	0	300
3.8420000000002603e-10	0.19400948	9.993266e-06	0.9809784	-4.3464553e-17	0	300
3.8430000000002606e-10	0.19400936	9.96056e-06	0.9809785	-4.346455e-17	0	300
3.844000000000261e-10	0.19400924	9.926443e-06	0.9809784	-4.3464543e-17	0	300
3.845000000000261e-10	0.19400916	9.8908995e-06	0.9809785	-4.346454e-17	0	300
3.8460000000002615e-10	0.19400904	9.85405e-06	0.98097855	-4.346454e-17	0	300
3.847000000000262e-10	0.19400893	9.815918e-06	0.9809785	-4.3464543e-17	0	300
3.848000000000262e-10	0.19400881	9.7764305e-06	0.9809786	-4.3464536e-17	0	300
3.8490000000002625e-10	0.19400871	9.735623e-06	0.9809785	-4.346454e-17	0	300
3.850000000000263e-10	0.1940086	9.69345e-06	0.9809786	-4.3464533e-17	0	300
3.851000000000263e-10	0.1940085	9.649934e-06	0.9809786	-4.346453e-17	0	300
3.8520000000002634e-10	0.19400838	9.605217e-06	0.9809786	-4.3464536e-17	0	300
3.8530000000002637e-10	0.19400828	9.559295e-06	0.98097867	-4.3464533e-17	0	300
3.854000000000264e-10	0.19400819	9.512133e-06	0.98097867	-4.3464536e-17	0	300
3.8550000000002643e-10	0.19400808	9.463693e-06	0.9809787	-4.3464543e-17	0	300
3.8560000000002646e-10	0.19400798	9.41404e-06	0.9809787	-4.3464546e-17	0	300
3.857000000000265e-10	0.19400787	9.36318e-06	0.9809787	-4.3464553e-17	0	300
3.858000000000265e-10	0.19400778	9.311243e-06	0.9809787	-4.346455e-17	0	300
3.8590000000002655e-10	0.19400768	9.258185e-06	0.9809788	-4.346455e-17	0	300
3.860000000000266e-10	0.19400758	9.203997e-06	0.9809788	-4.3464546e-17	0	300
3.861000000000266e-10	0.19400747	9.148638e-06	0.9809788	-4.3464553e-17	0	300
3.8620000000002665e-10	0.1940074	9.092111e-06	0.9809788	-4.346455e-17	0	300
3.863000000000267e-10	0.1940073	9.034448e-06	0.9809788	-4.346455e-17	0	300
3.864000000000267e-10	0.19400717	8.97575e-06	0.9809789	-4.3464546e-17	0	300
3.8650000000002674e-10	0.19400711	8.91607e-06	0.9809789	-4.3464546e-17	0	300
3.8660000000002677e-10	0.19400701	8.855397e-06	0.9809789	-4.3464543e-17	0	300
3.867000000000268e-10	0.19400692	8.793691e-06	0.9809789	-4.3464543e-17	0	300
3.8680000000002683e-10	0.19400683	8.73095e-06	0.9809789	-4.3464546e-17	0	300
3.8690000000002686e-10	0.19400676	8.667195e-06	0.980979	-4.346454e-17	0	300
3.870000000000269e-10	0.19400665	8.602463e-06	0.9809791	-4.3464546e-17	0	300
3.871000000000269e-10	0.19400656	8.536827e-06	0.9809791	-4.3464543e-17	0	300
3.8720000000002695e-10	0.19400649	8.470266e-06	0.9809791	-4.3464536e-17	0	300
3.87300000000027e-10	0.19400641	8.402782e-06	0.9809791	-4.3464533e-17	0	300
3.87400000000027e-10	0.19400634	8.334355e-06	0.9809791	-4.3464546e-17	0	300
3.8750000000002704e-10	0.19400626	8.265118e-06	0.9809791	-4.3464543e-17	0	300
3.876000000000271e-10	0.19400616	8.195104e-06	0.98097914	-4.346455e-17	0	300
3.877000000000271e-10	0.19400609	8.124284e-06	0.98097914	-4.346455e-17	0	300
3.8780000000002714e-10	0.194006	8.05269e-06	0.98097914	-4.3464546e-17	0	300
3.8790000000002717e-10	0.19400594	7.980361e-06	0.98097914	-4.3464553e-17	0	300
3.880000000000272e-10	0.19400585	7.90728e-06	0.98097914	-4.3464556e-17	0	300
3.8810000000002723e-10	0.19400577	7.833472e-06	0.98097914	-4.3464536e-17	0	300
3.8820000000002726e-10	0.19400573	7.758815e-06	0.9809792	-4.346455e-17	0	300
3.883000000000273e-10	0.19400565	7.683362e-06	0.9809792	-4.346454e-17	0	300
3.884000000000273e-10	0.19400558	7.6072e-06	0.9809792	-4.3464546e-17	0	300
3.8850000000002735e-10	0.19400549	7.5303824e-06	0.9809792	-4.3464546e-17	0	300
3.886000000000274e-10	0.19400543	7.452923e-06	0.98097926	-4.3464543e-17	0	300
3.887000000000274e-10	0.19400537	7.3748547e-06	0.98097926	-4.346455e-17	0	300
3.8880000000002744e-10	0.19400531	7.296129e-06	0.98097926	-4.3464543e-17	0	300
3.8890000000002747e-10	0.19400525	7.216831e-06	0.98097926	-4.346454e-17	0	300
3.890000000000275e-10	0.19400518	7.136988e-06	0.98097926	-4.3464546e-17	0	300
3.8910000000002754e-10	0.19400513	7.0566007e-06	0.98097926	-4.346454e-17	0	300
3.8920000000002757e-10	0.19400506	6.975603e-06	0.98097926	-4.3464543e-17	0	300
3.893000000000276e-10	0.194005	6.8940535e-06	0.98097926	-4.3464543e-17	0	300
3.8940000000002763e-10	0.19400492	6.812008e-06	0.9809793	-4.3464556e-17	0	300
3.8950000000002766e-10	0.19400486	6.729497e-06	0.9809793	-4.3464553e-17	0	300
3.896000000000277e-10	0.1940048	6.646484e-06	0.9809793	-4.3464546e-17	0	300
3.897000000000277e-10	0.19400476	6.563022e-06	0.9809793	-4.346454e-17	0	300
3.8980000000002775e-10	0.19400471	6.479073e-06	0.9809793	-4.346454e-17	0	300
3.899000000000278e-10	0.19400467	6.3946063e-06	0.9809794	-4.3464536e-17	0	300
3.900000000000278e-10	0.19400463	6.3098128e-06	0.9809794	-4.346455e-17	0	300
3.9010000000002784e-10	0.19400457	6.224677e-06	0.9809794	-4.346455e-17	0	300
3.9020000000002787e-10	0.19400452	6.1391765e-06	0.9809794	-4.3464543e-17	0	300
3.903000000000279e-10	0.19400448	6.0533393e-06	0.9809794	-4.3464546e-17	0	300
3.9040000000002793e-10	0.19400445	5.9672466e-06	0.9809794	-4.346454e-17	0	300
3.9050000000002796e-10	0.1940044	5.8809e-06	0.9809794	-4.3464546e-17	0	300
3.90600000000028e-10	0.19400437	5.7943234e-06	0.9809794	-4.3464546e-17	0	300
3.9070000000002803e-10	0.19400433	5.7075003e-06	0.98097944	-4.3464546e-17	0	300
3.9080000000002806e-10	0.1940043	5.6204835e-06	0.9809794	-4.346455e-17	0	300
3.909000000000281e-10	0.19400425	5.5333107e-06	0.9809794	-4.3464536e-17	0	300
3.910000000000281e-10	0.19400422	5.4459897e-06	0.9809794	-4.3464536e-17	0	300
3.9110000000002815e-10	0.1940042	5.3584936e-06	0.98097944	-4.3464543e-17	0	300
3.912000000000282e-10	0.19400416	5.270836e-06	0.98097944	-4.3464543e-17	0	300
3.913000000000282e-10	0.19400413	5.18306e-06	0.98097944	-4.3464543e-17	0	300
3.9140000000002824e-10	0.1940041	5.0951558e-06	0.98097944	-4.3464546e-17	0	300
3.9150000000002827e-10	0.19400409	5.00715e-06	0.98097944	-4.3464546e-17	0	300
3.916000000000283e-10	0.19400404	4.9189575e-06	0.98097944	-4.346454e-17	0	300
3.9170000000002833e-10	0.19400403	4.830629e-06	0.98097944	-4.3464546e-17	0	300
3.9180000000002836e-10	0.194004	4.7422445e-06	0.98097944	-4.3464546e-17	0	300
3.919000000000284e-10	0.19400397	4.6538244e-06	0.98097944	-4.346454e-17	0	300
3.920000000000284e-10	0.19400394	4.56538e-06	0.98097944	-4.3464553e-17	0	300
3.9210000000002846e-10	0.19400394	4.476918e-06	0.98097944	-4.3464546e-17	0	300
3.922000000000285e-10	0.19400391	4.3884747e-06	0.9809795	-4.3464546e-17	0	300
3.923000000000285e-10	0.19400388	4.3000573e-06	0.9809795	-4.3464543e-17	0	300
3.9240000000002855e-10	0.19400387	4.211682e-06	0.9809795	-4.3464543e-17	0	300
3.925000000000286e-10	0.19400385	4.1233693e-06	0.9809795	-4.3464543e-17	0	300
3.926000000000286e-10	0.19400384	4.035137e-06	0.9809795	-4.3464543e-17	0	300
3.9270000000002864e-10	0.1940038	3.946995e-06	0.9809795	-4.3464543e-17	0	300
3.9280000000002867e-10	0.1940038	3.858944e-06	0.9809795	-4.3464543e-17	0	300
3.929000000000287e-10	0.19400379	3.7709897e-06	0.9809795	-4.3464536e-17	0	300
3.9300000000002873e-10	0.19400379	3.6831082e-06	0.9809795	-4.346455e-17	0	300
3.9310000000002876e-10	0.19400378	3.5953092e-06	0.9809795	-4.346455e-17	0	300
3.932000000000288e-10	0.19400376	3.507651e-06	0.9809795	-4.3464543e-17	0	300
3.933000000000288e-10	0.19400375	3.4201387e-06	0.9809795	-4.3464543e-17	0	300
3.9340000000002885e-10	0.19400375	3.3327838e-06	0.9809795	-4.3464543e-17	0	300
3.935000000000289e-10	0.19400373	3.2456037e-06	0.9809795	-4.3464543e-17	0	300
3.936000000000289e-10	0.19400373	3.1585782e-06	0.9809795	-4.3464543e-17	0	300
3.9370000000002895e-10	0.19400373	3.0717592e-06	0.9809795	-4.3464543e-17	0	300
3.93800000000029e-10	0.19400372	2.9851476e-06	0.9809795	-4.3464543e-17	0	300
3.93900000000029e-10	0.19400372	2.898723e-06	0.9809795	-4.346454e-17	0	300
3.9400000000002904e-10	0.1940037	2.812513e-06	0.9809795	-4.346454e-17	0	300
3.9410000000002907e-10	0.1940037	2.7265296e-06	0.9809795	-4.3464543e-17	0	300
3.942000000000291e-10	0.1940037	2.6407909e-06	0.9809795	-4.346454e-17	0	300
3.9430000000002913e-10	0.1940037	2.5553134e-06	0.9809795	-4.346454e-17	0	300
3.9440000000002916e-10	0.1940037	2.4700976e-06	0.9809795	-4.346454e-17	0	300
3.945000000000292e-10	0.1940037	2.3851521e-06	0.9809795	-4.346454e-17	0	300
3.946000000000292e-10	0.1940037	2.30048e-06	0.9809795	-4.3464546e-17	0	300
3.9470000000002925e-10	0.1940037	2.2160762e-06	0.9809795	-4.346454e-17	0	300
3.948000000000293e-10	0.1940037	2.1319415e-06	0.9809795	-4.3464546e-17	0	300
3.949000000000293e-10	0.1940037	2.048079e-06	0.9809795	-4.346454e-17	0	300
3.9500000000002935e-10	0.1940037	1.9644926e-06	0.9809795	-4.3464543e-17	0	300
3.951000000000294e-10	0.1940037	1.8811718e-06	0.9809795	-4.346454e-17	0	300
3.952000000000294e-10	0.1940037	1.7981257e-06	0.9809795	-4.346454e-17	0	300
3.9530000000002944e-10	0.1940037	1.7153488e-06	0.98097956	-4.3464543e-17	0	300
3.9540000000002947e-10	0.1940037	1.6328444e-06	0.9809795	-4.346454e-17	0	300
3.955000000000295e-10	0.19400372	1.5506157e-06	0.9809795	-4.3464543e-17	0	300
3.9560000000002953e-10	0.19400372	1.4686565e-06	0.9809795	-4.3464543e-17	0	300
3.9570000000002956e-10	0.19400372	1.3869766e-06	0.9809795	-4.3464543e-17	0	300
3.958000000000296e-10	0.19400372	1.3055743e-06	0.9809795	-4.3464546e-17	0	300
3.959000000000296e-10	0.19400372	1.2244451e-06	0.9809795	-4.3464543e-17	0	300
3.9600000000002965e-10	0.19400372	1.1435936e-06	0.9809795	-4.3464543e-17	0	300
3.961000000000297e-10	0.19400373	1.063022e-06	0.9809795	-4.3464543e-17	0	300
3.962000000000297e-10	0.19400372	9.827316e-07	0.9809795	-4.3464543e-17	0	300
3.9630000000002974e-10	0.19400372	9.027302e-07	0.9809795	-4.3464543e-17	0	300
3.964000000000298e-10	0.19400372	8.2301835e-07	0.9809795	-4.3464543e-17	0	300
3.965000000000298e-10	0.19400372	7.4359116e-07	0.9809795	-4.3464543e-17	0	300
3.9660000000002984e-10	0.19400373	6.644609e-07	0.9809795	-4.3464543e-17	0	300
3.9670000000002987e-10	0.19400373	5.85626e-07	0.9809795	-4.3464543e-17	0	300
3.968000000000299e-10	0.19400373	5.070878e-07	0.9809795	-4.3464543e-17	0	300
3.9690000000002993e-10	0.19400376	4.28855e-07	0.9809795	-4.3464543e-17	0	300
3.9700000000002996e-10	0.19400376	3.5094126e-07	0.9809795	-4.3464543e-17	0	300
3.9710000000003e-10	0.19400376	2.7340423e-07	0.98097956	-4.3464543e-17	0	300
3.9720000000003e-10	0.19400378	1.9622007e-07	0.9809795	-4.3464543e-17	0	300
3.9730000000003005e-10	0.19400376	1.1938697e-07	0.9809795	-4.3464543e-17	0	300
3.974000000000301e-10	0.19400379	4.29238e-08	0.9809795	-4.3464543e-17	0	300
3.975000000000301e-10	0.1940038	-3.3174132e-08	0.9809795	-4.3464543e-17	0	300
3.9760000000003014e-10	0.19400382	-1.0889417e-07	0.9809795	-4.3464543e-17	0	300
3.9770000000003017e-10	0.19400384	-1.8416782e-07	0.9809795	-4.3464543e-17	0	300
3.978000000000302e-10	0.19400384	-2.5903378e-07	0.9809795	-4.3464536e-17	0	300
3.9790000000003023e-10	0.19400385	-3.334853e-07	0.9809795	-4.346455e-17	0	300
3.9800000000003027e-10	0.19400387	-4.0748182e-07	0.9809795	-4.346455e-17	0	300
3.981000000000303e-10	0.1940039	-4.809772e-07	0.9809795	-4.3464543e-17	0	300
3.9820000000003033e-10	0.19400391	-5.539472e-07	0.9809795	-4.3464553e-17	0	300
3.9830000000003036e-10	0.19400392	-6.2644824e-07	0.9809795	-4.3464553e-17	0	300
3.984000000000304e-10	0.19400394	-6.9846743e-07	0.98097944	-4.3464553e-17	0	300
3.985000000000304e-10	0.19400395	-7.6997463e-07	0.98097944	-4.3464553e-17	0	300
3.9860000000003045e-10	0.194004	-8.4097314e-07	0.98097944	-4.3464553e-17	0	300
3.987000000000305e-10	0.19400401	-9.113777e-07	0.98097944	-4.3464553e-17	0	300
3.988000000000305e-10	0.19400404	-9.81225e-07	0.98097944	-4.3464546e-17	0	300
3.9890000000003054e-10	0.19400407	-1.050534e-06	0.98097944	-4.3464553e-17	0	300
3.9900000000003057e-10	0.19400409	-1.1193026e-06	0.98097944	-4.346454e-17	0	300
3.991000000000306e-10	0.19400412	-1.1874919e-06	0.98097944	-4.3464543e-17	0	300
3.9920000000003063e-10	0.19400415	-1.2551023e-06	0.98097944	-4.3464543e-17	0	300
3.9930000000003066e-10	0.1940042	-1.3221173e-06	0.98097944	-4.3464543e-17	0	300
3.994000000000307e-10	0.19400422	-1.3885162e-06	0.98097944	-4.3464543e-17	0	300
3.995000000000307e-10	0.19400425	-1.4542711e-06	0.98097944	-4.3464556e-17	0	300
3.9960000000003076e-10	0.1940043	-1.5193891e-06	0.98097944	-4.346455e-17	0	300
3.997000000000308e-10	0.19400431	-1.5838596e-06	0.98097944	-4.346456e-17	0	300
3.998000000000308e-10	0.19400434	-1.647686e-06	0.98097944	-4.346456e-17	0	300
3.9990000000003085e-10	0.19400439	-1.710858e-06	0.9809794	-4.346456e-17	0	300
4.000000000000309e-10	0.19400442	-1.7733873e-06	0.9809794	-4.346454e-17	0	300
4.001000000000309e-10	0.19400445	-1.8352434e-06	0.9809794	-4.346454e-17	0	300
4.0020000000003094e-10	0.1940045	-1.8964005e-06	0.9809794	-4.3464543e-17	0	300
4.0030000000003097e-10	0.19400454	-1.9568292e-06	0.9809794	-4.3464543e-17	0	300
4.00400000000031e-10	0.1940046	-2.0165332e-06	0.9809794	-4.3464536e-17	0	300
4.0050000000003103e-10	0.19400464	-2.0754978e-06	0.9809794	-4.3464536e-17	0	300
4.0060000000003106e-10	0.19400467	-2.1337019e-06	0.9809794	-4.346454e-17	0	300
4.007000000000311e-10	0.19400471	-2.1910728e-06	0.9809794	-4.3464546e-17	0	300
4.008000000000311e-10	0.19400477	-2.2476333e-06	0.9809794	-4.3464546e-17	0	300
4.0090000000003115e-10	0.1940048	-2.3034204e-06	0.9809794	-4.3464546e-17	0	300
4.010000000000312e-10	0.19400485	-2.358322e-06	0.9809793	-4.346454e-17	0	300
4.011000000000312e-10	0.19400492	-2.4123265e-06	0.9809793	-4.346455e-17	0	300
4.0120000000003125e-10	0.19400497	-2.4654478e-06	0.9809793	-4.346455e-17	0	300
4.013000000000313e-10	0.19400503	-2.5177728e-06	0.9809793	-4.3464543e-17	0	300
4.014000000000313e-10	0.19400507	-2.569314e-06	0.9809793	-4.3464543e-17	0	300
4.0150000000003134e-10	0.19400512	-2.6200264e-06	0.9809793	-4.3464546e-17	0	300
4.0160000000003137e-10	0.19400516	-2.6699145e-06	0.9809793	-4.3464546e-17	0	300
4.017000000000314e-10	0.19400522	-2.7189676e-06	0.9809793	-4.346454e-17	0	300
4.0180000000003143e-10	0.19400528	-2.7672031e-06	0.98097926	-4.3464553e-17	0	300
4.0190000000003146e-10	0.19400534	-2.8145373e-06	0.98097926	-4.3464543e-17	0	300
4.020000000000315e-10	0.1940054	-2.8610316e-06	0.98097926	-4.346455e-17	0	300
4.021000000000315e-10	0.19400543	-2.9067037e-06	0.98097926	-4.3464556e-17	0	300
4.0220000000003155e-10	0.19400549	-2.9514931e-06	0.98097926	-4.3464556e-17	0	300
4.023000000000316e-10	0.19400553	-2.9953985e-06	0.98097926	-4.346456e-17	0	300
4.024000000000316e-10	0.19400561	-3.0384303e-06	0.98097926	-4.346456e-17	0	300
4.0250000000003165e-10	0.19400565	-3.0805547e-06	0.9809792	-4.3464553e-17	0	300
4.026000000000317e-10	0.19400571	-3.121842e-06	0.9809792	-4.3464556e-17	0	300
4.027000000000317e-10	0.19400576	-3.1622894e-06	0.9809792	-4.346455e-17	0	300
4.0280000000003174e-10	0.19400582	-3.2018957e-06	0.9809792	-4.346455e-17	0	300
4.0290000000003177e-10	0.19400589	-3.2406506e-06	0.9809792	-4.3464546e-17	0	300
4.030000000000318e-10	0.19400594	-3.2785508e-06	0.9809792	-4.3464546e-17	0	300
4.0310000000003183e-10	0.194006	-3.315553e-06	0.98097914	-4.3464546e-17	0	300
4.0320000000003186e-10	0.19400606	-3.3516906e-06	0.98097914	-4.3464546e-17	0	300
4.033000000000319e-10	0.19400612	-3.3869737e-06	0.98097914	-4.3464536e-17	0	300
4.034000000000319e-10	0.19400615	-3.421404e-06	0.98097914	-4.346455e-17	0	300
4.0350000000003195e-10	0.1940062	-3.454993e-06	0.98097914	-4.3464543e-17	0	300
4.03600000000032e-10	0.19400628	-3.4877505e-06	0.98097914	-4.3464546e-17	0	300
4.03700000000032e-10	0.19400634	-3.5196558e-06	0.98097914	-4.3464533e-17	0	300
4.0380000000003204e-10	0.1940064	-3.5507599e-06	0.980979	-4.3464546e-17	0	300
4.039000000000321e-10	0.19400644	-3.5809771e-06	0.980979	-4.3464536e-17	0	300
4.040000000000321e-10	0.1940065	-3.6102851e-06	0.98097897	-4.3464536e-17	0	300
4.0410000000003214e-10	0.19400656	-3.638684e-06	0.980979	-4.3464536e-17	0	300
4.0420000000003217e-10	0.19400662	-3.6662493e-06	0.980979	-4.3464543e-17	0	300
4.043000000000322e-10	0.19400668	-3.692947e-06	0.98097897	-4.3464553e-17	0	300
4.0440000000003223e-10	0.19400674	-3.718801e-06	0.98097897	-4.346454e-17	0	300
4.0450000000003226e-10	0.19400682	-3.7438317e-06	0.98097897	-4.3464533e-17	0	300
4.046000000000323e-10	0.19400686	-3.7679285e-06	0.98097897	-4.3464543e-17	0	300
4.047000000000323e-10	0.19400692	-3.7911943e-06	0.98097885	-4.3464543e-17	0	300
4.0480000000003235e-10	0.19400696	-3.8136577e-06	0.98097885	-4.3464543e-17	0	300
4.049000000000324e-10	0.19400705	-3.835267e-06	0.98097885	-4.346454e-17	0	300
4.050000000000324e-10	0.1940071	-3.8560365e-06	0.9809788	-4.3464546e-17	0	300
4.0510000000003244e-10	0.19400716	-3.875948e-06	0.98097885	-4.3464546e-17	0	300
4.0520000000003247e-10	0.1940072	-3.8949747e-06	0.98097885	-4.346454e-17	0	300
4.053000000000325e-10	0.19400725	-3.913187e-06	0.98097885	-4.346455e-17	0	300
4.0540000000003254e-10	0.19400732	-3.9306206e-06	0.98097885	-4.3464536e-17	0	300
4.0550000000003257e-10	0.19400737	-3.947265e-06	0.98097885	-4.3464543e-17	0	300
4.056000000000326e-10	0.19400746	-3.9630636e-06	0.9809787	-4.346454e-17	0	300
4.0570000000003263e-10	0.19400752	-3.9780634e-06	0.9809788	-4.3464553e-17	0	300
4.0580000000003266e-10	0.19400755	-3.9921206e-06	0.9809787	-4.346454e-17	0	300
4.059000000000327e-10	0.19400762	-4.00538e-06	0.9809787	-4.346454e-17	0	300
4.060000000000327e-10	0.19400766	-4.017888e-06	0.9809787	-4.3464543e-17	0	300
4.0610000000003275e-10	0.1940077	-4.029658e-06	0.9809787	-4.3464543e-17	0	300
4.062000000000328e-10	0.19400777	-4.0406812e-06	0.9809787	-4.346453e-17	0	300
4.063000000000328e-10	0.19400784	-4.0509804e-06	0.9809787	-4.3464533e-17	0	300
4.0640000000003284e-10	0.19400789	-4.060559e-06	0.9809787	-4.346454e-17	0	300
4.0650000000003287e-10	0.19400795	-4.0693785e-06	0.9809787	-4.346454e-17	0	300
4.066000000000329e-10	0.194008	-4.0774885e-06	0.9809787	-4.3464533e-17	0	300
4.0670000000003293e-10	0.19400804	-4.084935e-06	0.9809787	-4.3464536e-17	0	300
4.0680000000003296e-10	0.19400808	-4.0916966e-06	0.9809786	-4.3464536e-17	0	300
4.06900000000033e-10	0.19400813	-4.09782e-06	0.9809787	-4.3464536e-17	0	300
4.0700000000003303e-10	0.19400817	-4.1033054e-06	0.9809787	-4.3464536e-17	0	300
4.0710000000003306e-10	0.19400825	-4.108045e-06	0.9809786	-4.3464546e-17	0	300
4.072000000000331e-10	0.19400828	-4.112129e-06	0.9809786	-4.3464546e-17	0	300
4.073000000000331e-10	0.19400834	-4.1156086e-06	0.9809786	-4.3464546e-17	0	300
4.0740000000003315e-10	0.19400838	-4.1184685e-06	0.9809786	-4.346454e-17	0	300
4.075000000000332e-10	0.19400842	-4.1206454e-06	0.9809786	-4.3464543e-17	0	300
4.076000000000332e-10	0.19400845	-4.122226e-06	0.9809786	-4.3464543e-17	0	300
4.0770000000003324e-10	0.1940085	-4.1232224e-06	0.9809786	-4.3464543e-17	0	300
4.0780000000003327e-10	0.19400853	-4.1236544e-06	0.98097855	-4.3464543e-17	0	300
4.079000000000333e-10	0.1940086	-4.1235303e-06	0.98097855	-4.3464543e-17	0	300
4.0800000000003333e-10	0.19400865	-4.122818e-06	0.98097855	-4.3464546e-17	0	300
4.0810000000003336e-10	0.19400866	-4.1215244e-06	0.98097855	-4.3464546e-17	0	300
4.082000000000334e-10	0.19400872	-4.1196963e-06	0.98097855	-4.3464546e-17	0	300
4.083000000000334e-10	0.19400877	-4.1172566e-06	0.98097855	-4.3464546e-17	0	300
4.0840000000003346e-10	0.1940088	-4.1142234e-06	0.98097855	-4.346455e-17	0	300
4.085000000000335e-10	0.19400886	-4.11063e-06	0.98097855	-4.346455e-17	0	300
4.086000000000335e-10	0.19400889	-4.106534e-06	0.98097855	-4.346455e-17	0	300
4.0870000000003355e-10	0.19400892	-4.101922e-06	0.98097855	-4.3464543e-17	0	300
4.088000000000336e-10	0.19400898	-4.0968325e-06	0.9809785	-4.346455e-17	0	300
4.089000000000336e-10	0.19400902	-4.0912423e-06	0.9809785	-4.3464543e-17	0	300
4.0900000000003364e-10	0.19400904	-4.0851455e-06	0.9809785	-4.346454e-17	0	300
4.0910000000003367e-10	0.19400907	-4.078518e-06	0.9809785	-4.346454e-17	0	300
4.092000000000337e-10	0.19400913	-4.0714167e-06	0.9809785	-4.346454e-17	0	300
4.0930000000003373e-10	0.19400916	-4.063845e-06	0.9809785	-4.346454e-17	0	300
4.0940000000003376e-10	0.19400918	-4.0558093e-06	0.9809784	-4.3464536e-17	0	300
4.095000000000338e-10	0.19400921	-4.047305e-06	0.9809785	-4.346455e-17	0	300
4.096000000000338e-10	0.19400929	-4.0383575e-06	0.9809785	-4.3464543e-17	0	300
4.0970000000003385e-10	0.19400932	-4.028836e-06	0.9809785	-4.3464543e-17	0	300
4.098000000000339e-10	0.19400935	-4.018806e-06	0.9809784	-4.3464533e-17	0	300
4.099000000000339e-10	0.19400938	-4.008332e-06	0.9809785	-4.346454e-17	0	300
4.1000000000003395e-10	0.19400942	-3.9974193e-06	0.9809784	-4.3464533e-17	0	300
4.10100000000034e-10	0.19400945	-3.9860797e-06	0.98097837	-4.346454e-17	0	300
4.10200000000034e-10	0.19400948	-3.9743154e-06	0.98097837	-4.3464546e-17	0	300
4.1030000000003404e-10	0.19400954	-3.9621677e-06	0.98097825	-4.3464533e-17	0	300
4.1040000000003407e-10	0.19400956	-3.9496076e-06	0.98097825	-4.346454e-17	0	300
4.105000000000341e-10	0.19400959	-3.9366373e-06	0.98097825	-4.3464536e-17	0	300
4.1060000000003413e-10	0.19400962	-3.9231963e-06	0.98097825	-4.3464536e-17	0	300
4.1070000000003416e-10	0.19400968	-3.9093293e-06	0.98097825	-4.3464536e-17	0	300
4.108000000000342e-10	0.19400969	-3.895078e-06	0.98097837	-4.3464536e-17	0	300
4.109000000000342e-10	0.19400972	-3.8804283e-06	0.98097837	-4.3464536e-17	0	300
4.1100000000003425e-10	0.19400975	-3.865375e-06	0.98097825	-4.346454e-17	0	300
4.111000000000343e-10	0.1940098	-3.84992e-06	0.98097825	-4.346454e-17	0	300
4.112000000000343e-10	0.19400983	-3.8341113e-06	0.98097825	-4.346454e-17	0	300
4.1130000000003434e-10	0.19400984	-3.81793e-06	0.98097825	-4.346454e-17	0	300
4.114000000000344e-10	0.1940099	-3.8013168e-06	0.98097825	-4.3464546e-17	0	300
4.115000000000344e-10	0.19400993	-3.7843245e-06	0.98097825	-4.346454e-17	0	300
4.1160000000003444e-10	0.19400994	-3.766981e-06	0.98097825	-4.3464536e-17	0	300
4.1170000000003447e-10	0.19400997	-3.7493114e-06	0.98097825	-4.3464536e-17	0	300
4.118000000000345e-10	0.19401002	-3.7313248e-06	0.98097825	-4.3464536e-17	0	300
4.1190000000003453e-10	0.19401005	-3.7130176e-06	0.98097825	-4.3464536e-17	0	300
4.1200000000003456e-10	0.19401006	-3.6943734e-06	0.98097825	-4.3464543e-17	0	300
4.121000000000346e-10	0.1940101	-3.675429e-06	0.98097825	-4.3464536e-17	0	300
4.122000000000346e-10	0.19401011	-3.6562024e-06	0.9809782	-4.3464536e-17	0	300
4.1230000000003465e-10	0.19401014	-3.6366773e-06	0.9809782	-4.346454e-17	0	300
4.124000000000347e-10	0.19401018	-3.6168735e-06	0.9809782	-4.3464546e-17	0	300
4.125000000000347e-10	0.1940102	-3.596799e-06	0.9809782	-4.3464546e-17	0	300
4.1260000000003474e-10	0.19401023	-3.5764838e-06	0.9809782	-4.3464546e-17	0	300
4.127000000000348e-10	0.19401026	-3.5559278e-06	0.9809782	-4.346454e-17	0	300
4.128000000000348e-10	0.19401027	-3.5351377e-06	0.9809782	-4.3464546e-17	0	300
4.1290000000003484e-10	0.19401029	-3.5141047e-06	0.9809782	-4.346454e-17	0	300
4.1300000000003487e-10	0.1940103	-3.492842e-06	0.9809782	-4.346454e-17	0	300
4.131000000000349e-10	0.19401033	-3.4713357e-06	0.9809782	-4.3464546e-17	0	300
4.1320000000003493e-10	0.19401035	-3.4495924e-06	0.9809782	-4.3464543e-17	0	300
4.1330000000003496e-10	0.19401038	-3.4276318e-06	0.9809782	-4.3464543e-17	0	300
4.13400000000035e-10	0.1940104	-3.4054315e-06	0.9809782	-4.346455e-17	0	300
4.13500000000035e-10	0.1940104	-3.3830468e-06	0.98097813	-4.3464543e-17	0	300
4.1360000000003505e-10	0.19401045	-3.360471e-06	0.98097813	-4.3464543e-17	0	300
4.137000000000351e-10	0.19401048	-3.3376919e-06	0.98097813	-4.346455e-17	0	300
4.138000000000351e-10	0.19401048	-3.3146969e-06	0.98097813	-4.346455e-17	0	300
4.1390000000003514e-10	0.1940105	-3.2915134e-06	0.98097813	-4.346455e-17	0	300
4.1400000000003517e-10	0.19401053	-3.2681014e-06	0.98097813	-4.346455e-17	0	300
4.141000000000352e-10	0.19401054	-3.244514e-06	0.98097813	-4.346455e-17	0	300
4.1420000000003523e-10	0.19401056	-3.2207722e-06	0.98097813	-4.3464543e-17	0	300
4.1430000000003527e-10	0.19401057	-3.1968693e-06	0.98097813	-4.3464546e-17	0	300
4.144000000000353e-10	0.19401059	-3.1728164e-06	0.98097813	-4.3464553e-17	0	300
4.1450000000003533e-10	0.19401062	-3.1486e-06	0.98097813	-4.3464546e-17	0	300
4.1460000000003536e-10	0.19401062	-3.1242544e-06	0.98097813	-4.3464533e-17	0	300
4.147000000000354e-10	0.19401065	-3.0997944e-06	0.98097813	-4.346454e-17	0	300
4.148000000000354e-10	0.19401066	-3.075236e-06	0.98097813	-4.346454e-17	0	300
4.1490000000003545e-10	0.19401067	-3.0505205e-06	0.98097813	-4.3464546e-17	0	300
4.150000000000355e-10	0.19401069	-3.0255746e-06	0.98097813	-4.3464553e-17	0	300
4.151000000000355e-10	0.1940107	-3.0005392e-06	0.98097813	-4.346454e-17	0	300
4.1520000000003554e-10	0.1940107	-2.9754146e-06	0.98097813	-4.346454e-17	0	300
4.1530000000003557e-10	0.19401072	-2.9502226e-06	0.98097813	-4.346454e-17	0	300
4.154000000000356e-10	0.19401073	-2.9249522e-06	0.98097813	-4.3464546e-17	0	300
4.1550000000003563e-10	0.19401073	-2.8996428e-06	0.98097813	-4.3464543e-17	0	300
4.1560000000003566e-10	0.19401075	-2.874297e-06	0.98097813	-4.3464546e-17	0	300
4.157000000000357e-10	0.19401076	-2.8489403e-06	0.98097813	-4.3464543e-17	0	300
4.158000000000357e-10	0.19401076	-2.8235654e-06	0.98097813	-4.346455e-17	0	300
4.1590000000003576e-10	0.19401076	-2.7981973e-06	0.98097813	-4.346455e-17	0	300
4.160000000000358e-10	0.19401076	-2.7728056e-06	0.98097813	-4.346455e-17	0	300
4.161000000000358e-10	0.19401078	-2.7474343e-06	0.98097813	-4.346455e-17	0	300
4.1620000000003585e-10	0.19401078	-2.7220951e-06	0.98097813	-4.3464543e-17	0	300
4.163000000000359e-10	0.19401078	-2.6968023e-06	0.98097813	-4.346455e-17	0	300
4.164000000000359e-10	0.19401078	-2.67156e-06	0.98097813	-4.346455e-17	0	300
4.1650000000003594e-10	0.19401078	-2.6463717e-06	0.98097813	-4.3464536e-17	0	300
4.1660000000003597e-10	0.19401078	-2.6212483e-06	0.9809781	-4.3464536e-17	0	300
4.16700000000036e-10	0.1940108	-2.5961906e-06	0.98097813	-4.3464543e-17	0	300
4.1680000000003603e-10	0.1940108	-2.571203e-06	0.9809781	-4.346455e-17	0	300
4.1690000000003606e-10	0.19401078	-2.5462848e-06	0.98097813	-4.3464536e-17	0	300
4.170000000000361e-10	0.1940108	-2.5214372e-06	0.9809781	-4.346455e-17	0	300
4.171000000000361e-10	0.1940108	-2.496664e-06	0.9809781	-4.3464543e-17	0	300
4.1720000000003615e-10	0.19401078	-2.4719593e-06	0.9809781	-4.346455e-17	0	300
4.173000000000362e-10	0.19401078	-2.4473238e-06	0.9809781	-4.3464543e-17	0	300
4.174000000000362e-10	0.1940108	-2.4227616e-06	0.9809781	-4.3464543e-17	0	300
4.1750000000003625e-10	0.1940108	-2.398269e-06	0.9809781	-4.3464536e-17	0	300
4.176000000000363e-10	0.1940108	-2.3738428e-06	0.9809781	-4.3464543e-17	0	300
4.177000000000363e-10	0.1940108	-2.349484e-06	0.9809781	-4.3464536e-17	0	300
4.1780000000003634e-10	0.1940108	-2.3251946e-06	0.98097813	-4.346455e-17	0	300
4.1790000000003637e-10	0.1940108	-2.3009807e-06	0.9809781	-4.3464543e-17	0	300
4.180000000000364e-10	0.1940108	-2.276827e-06	0.9809781	-4.3464536e-17	0	300
4.1810000000003643e-10	0.1940108	-2.2527443e-06	0.98097813	-4.3464536e-17	0	300
4.1820000000003646e-10	0.1940108	-2.2287343e-06	0.98097813	-4.346455e-17	0	300
4.183000000000365e-10	0.1940108	-2.2047784e-06	0.98097813	-4.3464543e-17	0	300
4.184000000000365e-10	0.1940108	-2.1808942e-06	0.98097813	-4.346455e-17	0	300
4.1850000000003655e-10	0.1940108	-2.1570781e-06	0.98097813	-4.3464543e-17	0	300
4.186000000000366e-10	0.1940108	-2.1333346e-06	0.9809781	-4.3464543e-17	0	300
4.187000000000366e-10	0.1940108	-2.1096619e-06	0.9809781	-4.346455e-17	0	300
4.1880000000003665e-10	0.1940108	-2.086057e-06	0.9809781	-4.346455e-17	0	300
4.189000000000367e-10	0.1940108	-2.062529e-06	0.98097813	-4.3464543e-17	0	300
4.190000000000367e-10	0.1940108	-2.0390721e-06	0.9809781	-4.346455e-17	0	300
4.1910000000003674e-10	0.1940108	-2.0156865e-06	0.98097813	-4.346455e-17	0	300
4.1920000000003677e-10	0.1940108	-1.9923675e-06	0.9809781	-4.346455e-17	0	300
4.193000000000368e-10	0.1940108	-1.9691267e-06	0.98097813	-4.3464536e-17	0	300
4.1940000000003683e-10	0.1940108	-1.9459762e-06	0.9809781	-4.3464543e-17	0	300
4.1950000000003686e-10	0.1940108	-1.922896e-06	0.9809781	-4.3464543e-17	0	300
4.196000000000369e-10	0.1940108	-1.8998928e-06	0.9809781	-4.3464543e-17	0	300
4.197000000000369e-10	0.1940108	-1.8769662e-06	0.9809781	-4.3464543e-17	0	300
4.1980000000003695e-10	0.1940108	-1.854117e-06	0.9809781	-4.3464543e-17	0	300
4.19900000000037e-10	0.1940108	-1.8313384e-06	0.9809781	-4.3464536e-17	0	300
4.20000000000037e-10	0.1940108	-1.8086293e-06	0.9809781	-4.3464543e-17	0	300
4.2010000000003704e-10	0.1940108	-1.78599e-06	0.9809781	-4.3464536e-17	0	300
4.202000000000371e-10	0.1940108	-1.7634043e-06	0.98097813	-4.3464536e-17	0	300
4.203000000000371e-10	0.1940108	-1.7408901e-06	0.9809781	-4.3464536e-17	0	300
4.2040000000003714e-10	0.1940108	-1.7184391e-06	0.98097813	-4.3464543e-17	0	300
4.2050000000003717e-10	0.1940108	-1.696062e-06	0.98097813	-4.3464536e-17	0	300
4.206000000000372e-10	0.1940108	-1.6737564e-06	0.98097813	-4.3464543e-17	0	300
4.2070000000003723e-10	0.1940108	-1.6515198e-06	0.98097813	-4.3464536e-17	0	300
4.2080000000003726e-10	0.1940108	-1.629358e-06	0.98097813	-4.3464536e-17	0	300
4.209000000000373e-10	0.1940108	-1.6072656e-06	0.98097813	-4.3464543e-17	0	300
4.210000000000373e-10	0.1940108	-1.585246e-06	0.98097813	-4.3464536e-17	0	300
4.2110000000003735e-10	0.1940108	-1.5632988e-06	0.98097813	-4.3464543e-17	0	300
4.212000000000374e-10	0.1940108	-1.5414129e-06	0.98097813	-4.3464536e-17	0	300
4.213000000000374e-10	0.1940108	-1.5195993e-06	0.98097813	-4.3464536e-17	0	300
4.2140000000003744e-10	0.1940108	-1.4978572e-06	0.98097813	-4.346455e-17	0	300
4.2150000000003747e-10	0.1940108	-1.4761894e-06	0.98097813	-4.346455e-17	0	300
4.216000000000375e-10	0.1940108	-1.4545983e-06	0.98097813	-4.3464543e-17	0	300
4.2170000000003753e-10	0.1940108	-1.4330739e-06	0.98097813	-4.346455e-17	0	300
4.2180000000003757e-10	0.1940108	-1.4116326e-06	0.98097813	-4.346455e-17	0	300
4.219000000000376e-10	0.1940108	-1.3902593e-06	0.98097813	-4.3464536e-17	0	300
4.2200000000003763e-10	0.1940108	-1.3689536e-06	0.98097813	-4.346455e-17	0	300
4.2210000000003766e-10	0.1940108	-1.3477154e-06	0.98097813	-4.3464543e-17	0	300
4.222000000000377e-10	0.1940108	-1.3265482e-06	0.98097813	-4.3464536e-17	0	300
4.223000000000377e-10	0.1940108	-1.3054472e-06	0.98097813	-4.3464536e-17	0	300
4.2240000000003775e-10	0.19401076	-1.2844074e-06	0.98097813	-4.346455e-17	0	300
4.225000000000378e-10	0.1940108	-1.263443e-06	0.98097813	-4.346455e-17	0	300
4.226000000000378e-10	0.19401081	-1.2425548e-06	0.98097813	-4.346455e-17	0	300
4.2270000000003784e-10	0.1940108	-1.22174e-06	0.98097813	-4.3464536e-17	0	300
4.2280000000003787e-10	0.19401081	-1.2009823e-06	0.98097813	-4.346455e-17	0	300
4.229000000000379e-10	0.1940108	-1.1802997e-06	0.98097813	-4.3464536e-17	0	300
4.2300000000003793e-10	0.19401081	-1.1597004e-06	0.98097813	-4.346455e-17	0	300
4.2310000000003796e-10	0.1940108	-1.1391782e-06	0.98097813	-4.346455e-17	0	300
4.23200000000038e-10	0.19401078	-1.1187228e-06	0.98097813	-4.346455e-17	0	300
4.23300000000038e-10	0.1940108	-1.098359e-06	0.98097813	-4.346455e-17	0	300
4.2340000000003806e-10	0.19401078	-1.078075e-06	0.98097813	-4.3464543e-17	0	300
4.235000000000381e-10	0.1940108	-1.0578806e-06	0.98097813	-4.346455e-17	0	300
4.236000000000381e-10	0.19401076	-1.0377711e-06	0.98097813	-4.346455e-17	0	300
4.2370000000003815e-10	0.1940108	-1.0177474e-06	0.98097813	-4.346455e-17	0	300
4.238000000000382e-10	0.19401078	-9.9781e-07	0.98097813	-4.346455e-17	0	300
4.239000000000382e-10	0.19401078	-9.77965e-07	0.98097813	-4.346455e-17	0	300
4.2400000000003824e-10	0.1940108	-9.582166e-07	0.98097813	-4.3464543e-17	0	300
4.2410000000003827e-10	0.19401078	-9.3857415e-07	0.98097813	-4.346455e-17	0	300
4.242000000000383e-10	0.1940108	-9.190318e-07	0.98097813	-4.3464543e-17	0	300
4.2430000000003833e-10	0.19401076	-8.995749e-07	0.98097813	-4.3464543e-17	0	300
4.2440000000003836e-10	0.19401076	-8.8020147e-07	0.98097813	-4.346455e-17	0	300
4.245000000000384e-10	0.19401076	-8.6092734e-07	0.98097813	-4.346455e-17	0	300
4.246000000000384e-10	0.19401076	-8.417571e-07	0.98097813	-4.346455e-17	0	300
4.2470000000003846e-10	0.19401076	-8.226994e-07	0.98097813	-4.3464543e-17	0	300
4.248000000000385e-10	0.19401075	-8.0377356e-07	0.98097813	-4.3464546e-17	0	300
4.249000000000385e-10	0.19401075	-7.8496385e-07	0.98097813	-4.3464553e-17	0	300
4.2500000000003855e-10	0.19401073	-7.662578e-07	0.98097813	-4.3464546e-17	0	300
4.251000000000386e-10	0.19401075	-7.476817e-07	0.98097813	-4.346454e-17	0	300
4.252000000000386e-10	0.19401072	-7.2922467e-07	0.98097813	-4.3464546e-17	0	300
4.2530000000003864e-10	0.19401073	-7.1089767e-07	0.98097813	-4.346454e-17	0	300
4.2540000000003867e-10	0.19401073	-6.927057e-07	0.98097813	-4.3464546e-17	0	300
4.255000000000387e-10	0.19401072	-6.746534e-07	0.98097813	-4.3464546e-17	0	300
4.2560000000003873e-10	0.1940107	-6.567536e-07	0.98097813	-4.3464546e-17	0	300
4.2570000000003876e-10	0.19401069	-6.389975e-07	0.98097813	-4.3464546e-17	0	300
4.258000000000388e-10	0.19401069	-6.2138827e-07	0.98097813	-4.3464546e-17	0	300
4.259000000000388e-10	0.19401069	-6.039586e-07	0.98097813	-4.3464553e-17	0	300
4.2600000000003885e-10	0.19401066	-5.866874e-07	0.98097813	-4.3464546e-17	0	300
4.261000000000389e-10	0.19401066	-5.695748e-07	0.98097813	-4.3464546e-17	0	300
4.262000000000389e-10	0.19401066	-5.5262456e-07	0.98097813	-4.3464546e-17	0	300
4.2630000000003895e-10	0.19401065	-5.358373e-07	0.98097813	-4.3464553e-17	0	300
4.26400000000039e-10	0.19401063	-5.1922103e-07	0.98097813	-4.3464546e-17	0	300
4.26500000000039e-10	0.19401063	-5.027673e-07	0.98097813	-4.3464546e-17	0	300
4.2660000000003904e-10	0.19401062	-4.864986e-07	0.98097813	-4.3464553e-17	0	300
4.2670000000003907e-10	0.1940106	-4.7043784e-07	0.98097813	-4.3464546e-17	0	300
4.268000000000391e-10	0.1940106	-4.5453584e-07	0.98097813	-4.346454e-17	0	300
4.2690000000003913e-10	0.1940106	-4.3885456e-07	0.98097813	-4.3464546e-17	0	300
4.2700000000003916e-10	0.19401059	-4.2335546e-07	0.98097813	-4.3464553e-17	0	300
4.271000000000392e-10	0.19401057	-4.080482e-07	0.98097813	-4.3464546e-17	0	300
4.272000000000392e-10	0.19401056	-3.9292905e-07	0.9809782	-4.3464543e-17	0	300
4.2730000000003925e-10	0.19401054	-3.7798384e-07	0.9809782	-4.346455e-17	0	300
4.274000000000393e-10	0.19401054	-3.6321825e-07	0.9809782	-4.3464543e-17	0	300
4.275000000000393e-10	0.19401054	-3.4865315e-07	0.9809782	-4.3464543e-17	0	300
4.2760000000003934e-10	0.19401051	-3.3427864e-07	0.9809782	-4.3464543e-17	0	300
4.277000000000394e-10	0.1940105	-3.200948e-07	0.9809782	-4.3464543e-17	0	300
4.278000000000394e-10	0.1940105	-3.0609985e-07	0.9809782	-4.346455e-17	0	300
4.2790000000003944e-10	0.19401048	-2.9229813e-07	0.9809782	-4.3464543e-17	0	300
4.2800000000003947e-10	0.19401047	-2.7868492e-07	0.9809782	-4.3464543e-17	0	300
4.281000000000395e-10	0.19401045	-2.6530745e-07	0.9809782	-4.346455e-17	0	300
4.2820000000003953e-10	0.19401045	-2.5217474e-07	0.9809782	-4.3464543e-17	0	300
4.2830000000003956e-10	0.19401044	-2.3927782e-07	0.9809782	-4.3464543e-17	0	300
4.284000000000396e-10	0.19401042	-2.265918e-07	0.9809782	-4.346455e-17	0	300
4.285000000000396e-10	0.1940104	-2.1408576e-07	0.9809782	-4.346455e-17	0	300
4.2860000000003965e-10	0.19401039	-2.0178254e-07	0.9809782	-4.346455e-17	0	300
4.287000000000397e-10	0.19401039	-1.8967933e-07	0.9809782	-4.346455e-17	0	300
4.288000000000397e-10	0.19401038	-1.7782102e-07	0.9809782	-4.3464546e-17	0	300
4.2890000000003974e-10	0.19401036	-1.6616664e-07	0.9809782	-4.3464546e-17	0	300
4.290000000000398e-10	0.19401033	-1.5470306e-07	0.9809782	-4.3464546e-17	0	300
4.291000000000398e-10	0.19401035	-1.4343942e-07	0.9809782	-4.3464546e-17	0	300
4.2920000000003984e-10	0.19401032	-1.3239529e-07	0.9809782	-4.3464546e-17	0	300
4.2930000000003987e-10	0.19401032	-1.2156562e-07	0.9809782	-4.3464546e-17	0	300
4.294000000000399e-10	0.19401029	-1.10927886e-07	0.9809782	-4.3464546e-17	0	300
4.2950000000003993e-10	0.19401029	-1.0050513e-07	0.9809782	-4.3464546e-17	0	300
4.2960000000003996e-10	0.19401027	-9.028335e-08	0.9809782	-4.3464546e-17	0	300
4.2970000000004e-10	0.19401026	-8.027723e-08	0.9809782	-4.346454e-17	0	300
4.2980000000004e-10	0.19401024	-7.047217e-08	0.9809782	-4.3464546e-17	0	300
4.2990000000004005e-10	0.19401023	-6.086677e-08	0.9809782	-4.346454e-17	0	300
4.300000000000401e-10	0.19401021	-5.1459153e-08	0.9809782	-4.3464546e-17	0	300
4.301000000000401e-10	0.1940102	-4.2276525e-08	0.9809782	-4.3464546e-17	0	300
4.3020000000004014e-10	0.19401018	-3.329035e-08	0.9809782	-4.346455e-17	0	300
4.3030000000004017e-10	0.19401017	-2.4514009e-08	0.9809782	-4.3464543e-17	0	300
4.304000000000402e-10	0.19401015	-1.5958989e-08	0.98097825	-4.346455e-17	0	300
4.3050000000004023e-10	0.19401014	-7.609572e-09	0.98097825	-4.346455e-17	0	300
4.3060000000004026e-10	0.19401012	5.170193e-10	0.98097825	-4.3464543e-17	0	300
4.307000000000403e-10	0.1940101	8.437837e-09	0.98097825	-4.346455e-17	0	300
4.3080000000004033e-10	0.19401008	1.6148078e-08	0.98097825	-4.346455e-17	0	300
4.3090000000004036e-10	0.19401006	2.364041e-08	0.98097825	-4.3464543e-17	0	300
4.310000000000404e-10	0.19401006	3.0920006e-08	0.98097825	-4.3464556e-17	0	300
4.311000000000404e-10	0.19401005	3.79886e-08	0.98097825	-4.346455e-17	0	300
4.3120000000004045e-10	0.19401003	4.4839595e-08	0.98097825	-4.3464556e-17	0	300
4.313000000000405e-10	0.19401	5.1467225e-08	0.98097825	-4.346455e-17	0	300
4.314000000000405e-10	0.19401	5.7891754e-08	0.98097825	-4.346455e-17	0	300
4.3150000000004054e-10	0.19400999	6.4092376e-08	0.98097825	-4.3464543e-17	0	300
4.3160000000004057e-10	0.19400996	7.00833e-08	0.98097825	-4.3464546e-17	0	300
4.317000000000406e-10	0.19400996	7.5855525e-08	0.98097825	-4.346454e-17	0	300
4.3180000000004063e-10	0.19400994	8.138244e-08	0.98097825	-4.3464546e-17	0	300
4.3190000000004066e-10	0.19400993	8.666365e-08	0.98097825	-4.3464546e-17	0	300
4.320000000000407e-10	0.19400991	9.173809e-08	0.98097825	-4.3464546e-17	0	300
4.321000000000407e-10	0.1940099	9.6608574e-08	0.98097825	-4.3464546e-17	0	300
4.3220000000004076e-10	0.19400989	1.0125552e-07	0.98097825	-4.346454e-17	0	300
4.323000000000408e-10	0.19400987	1.05688315e-07	0.98097825	-4.3464546e-17	0	300
4.324000000000408e-10	0.19400986	1.0991039e-07	0.98097825	-4.3464546e-17	0	300
4.3250000000004085e-10	0.19400984	1.1391532e-07	0.98097825	-4.3464546e-17	0	300
4.326000000000409e-10	0.19400984	1.17720646e-07	0.9809783	-4.3464546e-17	0	300
4.327000000000409e-10	0.19400981	1.2131542e-07	0.9809783	-4.3464553e-17	0	300
4.3280000000004094e-10	0.19400978	1.2471108e-07	0.9809783	-4.3464546e-17	0	300
4.3290000000004097e-10	0.19400978	1.2792552e-07	0.9809783	-4.3464543e-17	0	300
4.33000000000041e-10	0.19400975	1.3095712e-07	0.9809783	-4.346455e-17	0	300
4.3310000000004103e-10	0.19400975	1.3377954e-07	0.9809783	-4.346455e-17	0	300
4.3320000000004106e-10	0.19400974	1.3642395e-07	0.9809783	-4.346455e-17	0	300
4.333000000000411e-10	0.19400972	1.3890065e-07	0.9809783	-4.3464543e-17	0	300
4.334000000000411e-10	0.1940097	1.4118675e-07	0.9809783	-4.346455e-17	0	300
4.3350000000004115e-10	0.19400969	1.4328523e-07	0.9809783	-4.3464543e-17	0	300
4.336000000000412e-10	0.19400969	1.4519352e-07	0.9809783	-4.346455e-17	0	300
4.337000000000412e-10	0.19400968	1.4691608e-07	0.9809783	-4.3464543e-17	0	300
4.3380000000004125e-10	0.19400966	1.4847436e-07	0.9809783	-4.346455e-17	0	300
4.339000000000413e-10	0.19400965	1.4987083e-07	0.9809783	-4.3464543e-17	0	300
4.340000000000413e-10	0.19400965	1.5109566e-07	0.9809783	-4.3464536e-17	0	300
4.3410000000004134e-10	0.19400962	1.5217742e-07	0.9809783	-4.3464543e-17	0	300
4.3420000000004137e-10	0.19400962	1.5310636e-07	0.9809783	-4.3464543e-17	0	300
4.343000000000414e-10	0.1940096	1.538707e-07	0.9809783	-4.3464536e-17	0	300
4.3440000000004143e-10	0.19400959	1.5446889e-07	0.98097837	-4.3464543e-17	0	300
4.3450000000004146e-10	0.19400959	1.5493663e-07	0.9809783	-4.346454e-17	0	300
4.346000000000415e-10	0.19400957	1.5528352e-07	0.9809783	-4.3464546e-17	0	300
4.347000000000415e-10	0.19400956	1.5545658e-07	0.9809783	-4.346454e-17	0	300
4.3480000000004155e-10	0.19400954	1.5551896e-07	0.9809783	-4.346454e-17	0	300
4.349000000000416e-10	0.19400954	1.5546624e-07	0.9809783	-4.346454e-17	0	300
4.350000000000416e-10	0.19400951	1.5530026e-07	0.9809783	-4.3464546e-17	0	300
4.3510000000004165e-10	0.19400951	1.5504892e-07	0.9809783	-4.346454e-17	0	300
4.352000000000417e-10	0.19400951	1.5469578e-07	0.9809783	-4.346454e-17	0	300
4.353000000000417e-10	0.19400951	1.5422862e-07	0.9809783	-4.3464546e-17	0	300
4.3540000000004174e-10	0.19400948	1.5367607e-07	0.9809783	-4.3464546e-17	0	300
4.3550000000004177e-10	0.1940095	1.5303917e-07	0.9809783	-4.346454e-17	0	300
4.356000000000418e-10	0.19400948	1.5234943e-07	0.9809783	-4.3464553e-17	0	300
4.3570000000004183e-10	0.19400948	1.5159807e-07	0.9809783	-4.3464546e-17	0	300
4.3580000000004186e-10	0.19400948	1.5077592e-07	0.9809783	-4.3464546e-17	0	300
4.359000000000419e-10	0.19400948	1.4989249e-07	0.9809783	-4.3464546e-17	0	300
4.360000000000419e-10	0.19400948	1.4895122e-07	0.9809783	-4.3464546e-17	0	300
4.3610000000004195e-10	0.19400947	1.4796947e-07	0.9809783	-4.3464553e-17	0	300
4.36200000000042e-10	0.19400947	1.4694197e-07	0.9809783	-4.3464546e-17	0	300
4.36300000000042e-10	0.19400947	1.4586186e-07	0.9809783	-4.3464533e-17	0	300
4.3640000000004204e-10	0.19400947	1.4475114e-07	0.9809783	-4.346454e-17	0	300
4.365000000000421e-10	0.19400947	1.4361518e-07	0.9809783	-4.3464546e-17	0	300
4.366000000000421e-10	0.19400947	1.4245546e-07	0.9809783	-4.346454e-17	0	300
4.3670000000004214e-10	0.19400947	1.4126172e-07	0.9809783	-4.3464546e-17	0	300
4.3680000000004217e-10	0.19400947	1.4004235e-07	0.9809783	-4.3464546e-17	0	300
4.369000000000422e-10	0.19400945	1.3881086e-07	0.9809783	-4.346454e-17	0	300
4.3700000000004223e-10	0.19400945	1.3756286e-07	0.9809783	-4.346454e-17	0	300
4.3710000000004226e-10	0.19400945	1.3627499e-07	0.9809783	-4.346454e-17	0	300
4.372000000000423e-10	0.19400945	1.3497319e-07	0.9809783	-4.346454e-17	0	300
4.373000000000423e-10	0.19400945	1.3366514e-07	0.9809783	-4.3464546e-17	0	300
4.3740000000004235e-10	0.19400945	1.3234e-07	0.9809783	-4.3464533e-17	0	300
4.375000000000424e-10	0.19400944	1.3100211e-07	0.9809783	-4.346454e-17	0	300
4.376000000000424e-10	0.19400944	1.2965651e-07	0.9809783	-4.346454e-17	0	300
4.3770000000004244e-10	0.19400944	1.2830623e-07	0.9809783	-4.346454e-17	0	300
4.3780000000004247e-10	0.19400944	1.2695054e-07	0.9809783	-4.346454e-17	0	300
4.379000000000425e-10	0.19400944	1.2558962e-07	0.9809783	-4.3464546e-17	0	300
4.3800000000004253e-10	0.19400944	1.2422407e-07	0.9809783	-4.346454e-17	0	300
4.3810000000004257e-10	0.19400944	1.2285204e-07	0.9809783	-4.3464546e-17	0	300
4.382000000000426e-10	0.19400945	1.2147487e-07	0.9809783	-4.346454e-17	0	300
4.3830000000004263e-10	0.19400944	1.2009366e-07	0.9809783	-4.3464533e-17	0	300
4.3840000000004266e-10	0.19400944	1.1870554e-07	0.9809783	-4.3464533e-17	0	300
4.385000000000427e-10	0.19400945	1.1730805e-07	0.9809783	-4.346454e-17	0	300
4.386000000000427e-10	0.19400944	1.1590956e-07	0.9809783	-4.346454e-17	0	300
4.3870000000004275e-10	0.19400945	1.14509106e-07	0.9809783	-4.346454e-17	0	300
4.388000000000428e-10	0.19400944	1.1310209e-07	0.9809783	-4.346454e-17	0	300
4.389000000000428e-10	0.19400944	1.1169615e-07	0.9809783	-4.3464533e-17	0	300
4.3900000000004284e-10	0.19400942	1.10288624e-07	0.9809783	-4.3464546e-17	0	300
4.3910000000004287e-10	0.19400942	1.0887686e-07	0.9809783	-4.3464533e-17	0	300
4.392000000000429e-10	0.19400944	1.0745998e-07	0.9809783	-4.346454e-17	0	300
4.3930000000004293e-10	0.19400942	1.06041966e-07	0.98097837	-4.3464533e-17	0	300
4.3940000000004296e-10	0.19400944	1.04624235e-07	0.9809783	-4.346454e-17	0	300
4.39500000000043e-10	0.19400944	1.0320284e-07	0.9809783	-4.3464546e-17	0	300
4.39600000000043e-10	0.19400942	1.0177612e-07	0.9809783	-4.346454e-17	0	300
4.3970000000004306e-10	0.19400944	1.00346625e-07	0.9809783	-4.3464533e-17	0	300
4.398000000000431e-10	0.19400944	9.890914e-08	0.9809783	-4.346454e-17	0	300
4.399000000000431e-10	0.19400942	9.748456e-08	0.98097837	-4.3464546e-17	0	300
4.4000000000004315e-10	0.19400944	9.6043436e-08	0.98097837	-4.3464533e-17	0	300
4.401000000000432e-10	0.19400944	9.460172e-08	0.98097837	-4.346454e-17	0	300
4.402000000000432e-10	0.19400942	9.3160395e-08	0.98097837	-4.3464533e-17	0	300
4.4030000000004324e-10	0.19400942	9.171865e-08	0.98097837	-4.346454e-17	0	300
4.4040000000004327e-10	0.19400942	9.027701e-08	0.98097837	-4.3464533e-17	0	300
4.405000000000433e-10	0.19400942	8.8832024e-08	0.98097837	-4.346454e-17	0	300
4.4060000000004333e-10	0.19400942	8.739329e-08	0.98097837	-4.3464546e-17	0	300
4.4070000000004336e-10	0.19400942	8.5958305e-08	0.98097837	-4.346454e-17	0	300
4.408000000000434e-10	0.19400942	8.452082e-08	0.98097837	-4.3464546e-17	0	300
4.409000000000434e-10	0.19400942	8.3083535e-08	0.98097837	-4.346454e-17	0	300
4.4100000000004346e-10	0.19400941	8.1644316e-08	0.98097837	-4.346454e-17	0	300
4.411000000000435e-10	0.19400942	8.0202e-08	0.98097837	-4.346454e-17	0	300
4.412000000000435e-10	0.19400942	7.8760365e-08	0.98097837	-4.3464546e-17	0	300
4.4130000000004355e-10	0.19400944	7.731754e-08	0.98097837	-4.346454e-17	0	300
4.414000000000436e-10	0.19400942	7.587687e-08	0.98097837	-4.346454e-17	0	300
4.415000000000436e-10	0.19400942	7.443569e-08	0.98097837	-4.3464546e-17	0	300
4.4160000000004364e-10	0.19400942	7.299579e-08	0.98097837	-4.346454e-17	0	300
4.4170000000004367e-10	0.19400942	7.156774e-08	0.98097837	-4.346454e-17	0	300
4.418000000000437e-10	0.19400941	7.013918e-08	0.98097837	-4.346454e-17	0	300
4.4190000000004373e-10	0.19400942	6.8709966e-08	0.98097837	-4.3464546e-17	0	300
4.4200000000004376e-10	0.19400942	6.728169e-08	0.98097837	-4.346454e-17	0	300
4.421000000000438e-10	0.19400941	6.585262e-08	0.98097837	-4.346454e-17	0	300
4.422000000000438e-10	0.19400942	6.442778e-08	0.98097837	-4.3464546e-17	0	300
4.4230000000004385e-10	0.19400941	6.299945e-08	0.98097837	-4.346454e-17	0	300
4.424000000000439e-10	0.19400942	6.157239e-08	0.98097837	-4.346454e-17	0	300
4.425000000000439e-10	0.19400942	6.015583e-08	0.98097837	-4.3464546e-17	0	300
4.4260000000004395e-10	0.19400942	5.8738237e-08	0.98097837	-4.346454e-17	0	300
4.42700000000044e-10	0.19400941	5.731991e-08	0.98097837	-4.3464546e-17	0	300
4.42800000000044e-10	0.19400941	5.589945e-08	0.98097837	-4.346454e-17	0	300
4.4290000000004404e-10	0.19400941	5.4479386e-08	0.98097837	-4.3464533e-17	0	300
4.4300000000004407e-10	0.19400941	5.306461e-08	0.98097837	-4.3464546e-17	0	300
4.431000000000441e-10	0.19400941	5.1651654e-08	0.98097837	-4.3464546e-17	0	300
4.4320000000004413e-10	0.19400942	5.024029e-08	0.98097837	-4.346454e-17	0	300
4.4330000000004416e-10	0.19400941	4.8832504e-08	0.98097837	-4.3464546e-17	0	300
4.434000000000442e-10	0.19400941	4.742347e-08	0.98097837	-4.346454e-17	0	300
4.435000000000442e-10	0.19400941	4.6020375e-08	0.98097837	-4.3464546e-17	0	300
4.4360000000004425e-10	0.19400941	4.4631918e-08	0.98097837	-4.3464546e-17	0	300
4.437000000000443e-10	0.19400942	4.324758e-08	0.98097837	-4.3464546e-17	0	300
4.438000000000443e-10	0.19400942	4.186569e-08	0.98097837	-4.3464546e-17	0	300
4.4390000000004434e-10	0.19400942	4.0484395e-08	0.98097837	-4.346454e-17	0	300
4.440000000000444e-10	0.19400942	3.9104805e-08	0.98097837	-4.3464546e-17	0	300
4.441000000000444e-10	0.1940094	3.7725044e-08	0.98097837	-4.3464546e-17	0	300
4.4420000000004444e-10	0.19400941	3.6346222e-08	0.98097837	-4.346454e-17	0	300
4.4430000000004447e-10	0.19400941	3.4974846e-08	0.98097837	-4.346454e-17	0	300
4.444000000000445e-10	0.19400941	3.3596706e-08	0.98097837	-4.346454e-17	0	300
4.4450000000004453e-10	0.19400942	3.2222772e-08	0.98097837	-4.346454e-17	0	300
4.4460000000004456e-10	0.19400941	3.0851936e-08	0.98097837	-4.3464533e-17	0	300
4.447000000000446e-10	0.19400941	2.948343e-08	0.98097837	-4.3464546e-17	0	300
4.448000000000446e-10	0.19400941	2.8120525e-08	0.98097837	-4.3464533e-17	0	300
4.4490000000004465e-10	0.19400942	2.6756823e-08	0.98097837	-4.3464533e-17	0	300
4.450000000000447e-10	0.19400941	2.5397355e-08	0.98097837	-4.346454e-17	0	300
4.451000000000447e-10	0.19400942	2.40384e-08	0.98097837	-4.3464546e-17	0	300
4.4520000000004474e-10	0.19400941	2.2679274e-08	0.98097837	-4.346454e-17	0	300
4.4530000000004477e-10	0.19400941	2.1323473e-08	0.98097837	-4.346454e-17	0	300
4.454000000000448e-10	0.19400942	1.9968496e-08	0.98097837	-4.3464546e-17	0	300
4.4550000000004484e-10	0.19400941	1.8614571e-08	0.98097837	-4.346454e-17	0	300
4.4560000000004487e-10	0.19400941	1.7263545e-08	0.98097837	-4.3464546e-17	0	300
4.457000000000449e-10	0.19400942	1.5912718e-08	0.98097837	-4.346454e-17	0	300
4.4580000000004493e-10	0.19400941	1.4558964e-08	0.98097837	-4.3464546e-17	0	300
4.4590000000004496e-10	0.19400941	1.319988e-08	0.98097837	-4.3464546e-17	0	300
4.46000000000045e-10	0.19400942	1.1840626e-08	0.98097837	-4.346454e-17	0	300
4.46100000000045e-10	0.19400942	1.0484513e-08	0.98097837	-4.3464546e-17	0	300
4.4620000000004505e-10	0.19400942	9.132634e-09	0.98097837	-4.346454e-17	0	300
4.463000000000451e-10	0.19400941	7.783257e-09	0.98097837	-4.346454e-17	0	300
4.464000000000451e-10	0.19400942	6.438171e-09	0.98097837	-4.346454e-17	0	300
4.4650000000004514e-10	0.19400941	5.097661e-09	0.98097837	-4.346454e-17	0	300
4.4660000000004517e-10	0.19400942	3.7569237e-09	0.98097837	-4.3464546e-17	0	300
4.467000000000452e-10	0.19400941	2.4181475e-09	0.98097837	-4.346454e-17	0	300
4.4680000000004523e-10	0.19400941	1.0790302e-09	0.98097837	-4.346454e-17	0	300
4.4690000000004526e-10	0.1940094	-2.5181635e-10	0.98097837	-4.346454e-17	0	300
4.470000000000453e-10	0.19400942	-1.5794228e-09	0.98097837	-4.346454e-17	0	300
4.4710000000004533e-10	0.19400942	-2.9066314e-09	0.98097837	-4.346454e-17	0	300
4.4720000000004536e-10	0.19400941	-4.2290083e-09	0.98097837	-4.3464546e-17	0	300
4.473000000000454e-10	0.19400942	-5.5470366e-09	0.98097837	-4.3464533e-17	0	300
4.474000000000454e-10	0.19400941	-6.8660313e-09	0.98097837	-4.3464546e-17	0	300
4.4750000000004545e-10	0.19400941	-8.181843e-09	0.98097837	-4.346454e-17	0	300
4.476000000000455e-10	0.19400941	-9.4951815e-09	0.98097837	-4.346454e-17	0	300
4.477000000000455e-10	0.1940094	-1.0806417e-08	0.98097837	-4.3464546e-17	0	300
4.4780000000004554e-10	0.1940094	-1.2118733e-08	0.98097837	-4.3464533e-17	0	300
4.4790000000004557e-10	0.1940094	-1.343119e-08	0.98097837	-4.346454e-17	0	300
4.480000000000456e-10	0.1940094	-1.47387595e-08	0.98097837	-4.3464546e-17	0	300
4.4810000000004563e-10	0.1940094	-1.6043515e-08	0.98097837	-4.346454e-17	0	300
4.4820000000004566e-10	0.1940094	-1.7346252e-08	0.98097837	-4.346454e-17	0	300
4.483000000000457e-10	0.1940094	-1.8646745e-08	0.98097837	-4.346454e-17	0	300
4.484000000000457e-10	0.1940094	-1.9943514e-08	0.98097837	-4.3464533e-17	0	300
4.4850000000004576e-10	0.19400941	-2.1242016e-08	0.98097837	-4.346454e-17	0	300
4.486000000000458e-10	0.1940094	-2.2535659e-08	0.98097837	-4.3464533e-17	0	300
4.487000000000458e-10	0.1940094	-2.3829813e-08	0.98097837	-4.346454e-17	0	300
4.4880000000004585e-10	0.1940094	-2.511969e-08	0.98097837	-4.346454e-17	0	300
4.489000000000459e-10	0.19400941	-2.640104e-08	0.98097837	-4.3464533e-17	0	300
4.490000000000459e-10	0.1940094	-2.768445e-08	0.98097837	-4.346454e-17	0	300
4.4910000000004594e-10	0.19400941	-2.8962347e-08	0.98097837	-4.3464546e-17	0	300
4.4920000000004597e-10	0.19400941	-3.024229e-08	0.98097837	-4.3464546e-17	0	300
4.49300000000046e-10	0.1940094	-3.1520358e-08	0.98097837	-4.346454e-17	0	300
4.4940000000004603e-10	0.19400941	-3.2795754e-08	0.98097837	-4.346454e-17	0	300
4.4950000000004606e-10	0.19400941	-3.4070837e-08	0.98097837	-4.3464546e-17	0	300
4.496000000000461e-10	0.1940094	-3.5340975e-08	0.98097837	-4.3464546e-17	0	300
4.497000000000461e-10	0.1940094	-3.6611283e-08	0.98097837	-4.346454e-17	0	300
4.4980000000004615e-10	0.1940094	-3.7877328e-08	0.98097837	-4.346454e-17	0	300
4.499000000000462e-10	0.1940094	-3.9139536e-08	0.98097837	-4.346454e-17	0	300
4.500000000000462e-10	0.1940094	-4.0400437e-08	0.98097837	-4.3464546e-17	0	300
4.5010000000004625e-10	0.1940094	-4.1667505e-08	0.98097837	-4.3464546e-17	0	300
4.502000000000463e-10	0.1940094	-4.294037e-08	0.98097837	-4.346454e-17	0	300
4.503000000000463e-10	0.1940094	-4.4210395e-08	0.98097837	-4.3464546e-17	0	300
4.5040000000004634e-10	0.1940094	-4.547647e-08	0.98097837	-4.3464546e-17	0	300
4.5050000000004637e-10	0.19400941	-4.673899e-08	0.98097837	-4.346454e-17	0	300
4.506000000000464e-10	0.1940094	-4.799955e-08	0.98097837	-4.3464546e-17	0	300
4.5070000000004643e-10	0.1940094	-4.9257693e-08	0.98097837	-4.3464546e-17	0	300
4.5080000000004646e-10	0.1940094	-5.0514316e-08	0.98097837	-4.346454e-17	0	300
4.509000000000465e-10	0.1940094	-5.176753e-08	0.98097837	-4.3464546e-17	0	300
4.510000000000465e-10	0.1940094	-5.3019647e-08	0.98097837	-4.3464546e-17	0	300
4.5110000000004655e-10	0.1940094	-5.426645e-08	0.98097837	-4.3464546e-17	0	300
4.512000000000466e-10	0.1940094	-5.551078e-08	0.98097837	-4.346454e-17	0	300
4.513000000000466e-10	0.1940094	-5.675045e-08	0.98097837	-4.346454e-17	0	300
4.5140000000004665e-10	0.1940094	-5.798958e-08	0.98097837	-4.3464546e-17	0	300
4.515000000000467e-10	0.1940094	-5.92281e-08	0.98097837	-4.3464546e-17	0	300
4.516000000000467e-10	0.1940094	-6.0462554e-08	0.98097837	-4.346454e-17	0	300
4.5170000000004674e-10	0.1940094	-6.169594e-08	0.98097837	-4.3464546e-17	0	300
4.5180000000004677e-10	0.1940094	-6.292785e-08	0.98097837	-4.346454e-17	0	300
4.519000000000468e-10	0.1940094	-6.415658e-08	0.98097837	-4.346454e-17	0	300
4.5200000000004683e-10	0.1940094	-6.538423e-08	0.98097837	-4.3464546e-17	0	300
4.5210000000004686e-10	0.1940094	-6.6608976e-08	0.98097837	-4.3464546e-17	0	300
4.522000000000469e-10	0.1940094	-6.783197e-08	0.98097837	-4.3464546e-17	0	300
4.523000000000469e-10	0.1940094	-6.905e-08	0.98097837	-4.346454e-17	0	300
4.5240000000004695e-10	0.1940094	-7.025718e-08	0.98097837	-4.3464546e-17	0	300
4.52500000000047e-10	0.1940094	-7.1463504e-08	0.98097837	-4.346454e-17	0	300
4.52600000000047e-10	0.1940094	-7.266635e-08	0.98097837	-4.3464533e-17	0	300
4.5270000000004704e-10	0.1940094	-7.386669e-08	0.98097837	-4.3464546e-17	0	300
4.528000000000471e-10	0.1940094	-7.506402e-08	0.98097837	-4.346454e-17	0	300
4.529000000000471e-10	0.1940094	-7.626569e-08	0.98097837	-4.346454e-17	0	300
4.5300000000004714e-10	0.1940094	-7.7495855e-08	0.98097837	-4.346454e-17	0	300
4.5310000000004717e-10	0.1940094	-7.871954e-08	0.98097837	-4.346454e-17	0	300
4.532000000000472e-10	0.1940094	-7.99425e-08	0.98097837	-4.346454e-17	0	300
4.5330000000004723e-10	0.1940094	-8.116098e-08	0.98097837	-4.346454e-17	0	300
4.5340000000004726e-10	0.1940094	-8.23791e-08	0.98097837	-4.346454e-17	0	300
4.535000000000473e-10	0.1940094	-8.359741e-08	0.98097837	-4.346454e-17	0	300
4.536000000000473e-10	0.1940094	-8.481575e-08	0.98097837	-4.346454e-17	0	300
4.5370000000004735e-10	0.1940094	-8.603004e-08	0.98097837	-4.346454e-17	0	300
4.538000000000474e-10	0.1940094	-8.724102e-08	0.98097837	-4.346454e-17	0	300
4.539000000000474e-10	0.1940094	-8.844731e-08	0.98097837	-4.346454e-17	0	300
4.5400000000004744e-10	0.1940094	-8.965134e-08	0.98097837	-4.3464546e-17	0	300
4.5410000000004747e-10	0.1940094	-9.0853376e-08	0.98097837	-4.346454e-17	0	300
4.542000000000475e-10	0.1940094	-9.205226e-08	0.98097837	-4.3464546e-17	0	300
4.5430000000004753e-10	0.1940094	-9.324993e-08	0.98097837	-4.3464546e-17	0	300
4.5440000000004757e-10	0.1940094	-9.444075e-08	0.98097837	-4.3464546e-17	0	300
4.545000000000476e-10	0.1940094	-9.562852e-08	0.98097837	-4.3464546e-17	0	300
4.5460000000004763e-10	0.1940094	-9.681463e-08	0.98097837	-4.3464546e-17	0	300
4.5470000000004766e-10	0.1940094	-9.799774e-08	0.98097837	-4.3464546e-17	0	300
4.548000000000477e-10	0.1940094	-9.917875e-08	0.98097837	-4.3464546e-17	0	300
4.549000000000477e-10	0.1940094	-1.0035795e-07	0.98097837	-4.3464546e-17	0	300
4.5500000000004775e-10	0.1940094	-1.0153401e-07	0.98097837	-4.346454e-17	0	300
4.551000000000478e-10	0.1940094	-1.02708e-07	0.98097837	-4.346454e-17	0	300
4.552000000000478e-10	0.1940094	-1.03879685e-07	0.98097837	-4.346454e-17	0	300
4.5530000000004784e-10	0.1940094	-1.0504557e-07	0.98097837	-4.3464546e-17	0	300
4.5540000000004787e-10	0.1940094	-1.0621167e-07	0.98097837	-4.3464546e-17	0	300
4.555000000000479e-10	0.1940094	-1.0736856e-07	0.98097837	-4.3464546e-17	0	300
4.5560000000004793e-10	0.1940094	-1.08527175e-07	0.98097837	-4.3464546e-17	0	300
4.5570000000004796e-10	0.1940094	-1.096807e-07	0.98097837	-4.3464546e-17	0	300
4.55800000000048e-10	0.1940094	-1.1083573e-07	0.98097837	-4.346454e-17	0	300
4.55900000000048e-10	0.1940094	-1.11988626e-07	0.98097837	-4.3464546e-17	0	300
4.5600000000004806e-10	0.1940094	-1.1313706e-07	0.98097837	-4.346454e-17	0	300
4.561000000000481e-10	0.1940094	-1.14289804e-07	0.98097837	-4.346454e-17	0	300
4.562000000000481e-10	0.1940094	-1.15445715e-07	0.98097837	-4.346454e-17	0	300
4.5630000000004815e-10	0.1940094	-1.1661905e-07	0.98097837	-4.346454e-17	0	300
4.564000000000482e-10	0.1940094	-1.1778897e-07	0.98097837	-4.346454e-17	0	300
4.565000000000482e-10	0.1940094	-1.1895513e-07	0.98097837	-4.3464533e-17	0	300
4.5660000000004824e-10	0.1940094	-1.201183e-07	0.98097837	-4.346454e-17	0	300
4.5670000000004827e-10	0.1940094	-1.2128073e-07	0.98097837	-4.3464533e-17	0	300
4.568000000000483e-10	0.1940094	-1.2244143e-07	0.98097837	-4.3464533e-17	0	300
4.5690000000004833e-10	0.1940094	-1.236069e-07	0.98097837	-4.3464533e-17	0	300
4.5700000000004836e-10	0.1940094	-1.2477203e-07	0.98097837	-4.3464533e-17	0	300
4.571000000000484e-10	0.1940094	-1.2592773e-07	0.98097837	-4.346454e-17	0	300
4.572000000000484e-10	0.1940094	-1.2708345e-07	0.98097837	-4.346454e-17	0	300
4.5730000000004845e-10	0.1940094	-1.282346e-07	0.98097837	-4.346454e-17	0	300
4.574000000000485e-10	0.1940094	-1.2938129e-07	0.98097837	-4.346454e-17	0	300
4.575000000000485e-10	0.1940094	-1.30525e-07	0.98097837	-4.346454e-17	0	300
4.5760000000004855e-10	0.1940094	-1.3166519e-07	0.98097837	-4.346454e-17	0	300
4.577000000000486e-10	0.1940094	-1.3280278e-07	0.98097837	-4.346454e-17	0	300
4.578000000000486e-10	0.1940094	-1.33935e-07	0.98097837	-4.346454e-17	0	300
4.5790000000004864e-10	0.1940094	-1.3506724e-07	0.98097837	-4.346454e-17	0	300
4.5800000000004867e-10	0.1940094	-1.3619524e-07	0.98097837	-4.3464533e-17	0	300
4.581000000000487e-10	0.1940094	-1.3731987e-07	0.98097837	-4.346454e-17	0	300
4.5820000000004873e-10	0.1940094	-1.3844078e-07	0.98097837	-4.3464533e-17	0	300
4.5830000000004876e-10	0.1940094	-1.395603e-07	0.98097837	-4.3464533e-17	0	300
4.584000000000488e-10	0.1940094	-1.4067493e-07	0.98097837	-4.3464533e-17	0	300
4.585000000000488e-10	0.1940094	-1.4178775e-07	0.98097837	-4.3464533e-17	0	300
4.5860000000004885e-10	0.1940094	-1.4289748e-07	0.98097837	-4.3464533e-17	0	300
4.587000000000489e-10	0.1940094	-1.4400672e-07	0.98097837	-4.3464533e-17	0	300
4.588000000000489e-10	0.1940094	-1.4511093e-07	0.98097837	-4.346454e-17	0	300
4.5890000000004895e-10	0.1940094	-1.462119e-07	0.98097837	-4.346454e-17	0	300
4.59000000000049e-10	0.1940094	-1.4731415e-07	0.98097837	-4.3464533e-17	0	300
4.59100000000049e-10	0.1940094	-1.4841034e-07	0.98097837	-4.3464533e-17	0	300
4.5920000000004904e-10	0.1940094	-1.49506e-07	0.98097837	-4.3464533e-17	0	300
4.5930000000004907e-10	0.1940094	-1.505994e-07	0.98097837	-4.346454e-17	0	300
4.594000000000491e-10	0.1940094	-1.5168808e-07	0.98097837	-4.3464533e-17	0	300
4.5950000000004913e-10	0.1940094	-1.527741e-07	0.98097837	-4.346454e-17	0	300
4.5960000000004916e-10	0.1940094	-1.5385444e-07	0.98097837	-4.346454e-17	0	300
4.597000000000492e-10	0.1940094	-1.5493256e-07	0.98097837	-4.3464533e-17	0	300
4.598000000000492e-10	0.1940094	-1.560052e-07	0.98097837	-4.346454e-17	0	300
4.5990000000004925e-10	0.1940094	-1.5707413e-07	0.98097837	-4.346454e-17	0	300
4.600000000000493e-10	0.1940094	-1.5813829e-07	0.98097837	-4.346454e-17	0	300
4.601000000000493e-10	0.1940094	-1.5920233e-07	0.98097837	-4.346454e-17	0	300
4.6020000000004934e-10	0.1940094	-1.6026226e-07	0.98097837	-4.346454e-17	0	300
4.603000000000494e-10	0.1940094	-1.6131716e-07	0.98097837	-4.346454e-17	0	300
4.604000000000494e-10	0.1940094	-1.6236878e-07	0.98097837	-4.346454e-17	0	300
4.6050000000004944e-10	0.1940094	-1.6341869e-07	0.98097837	-4.346454e-17	0	300
4.6060000000004947e-10	0.1940094	-1.6446324e-07	0.98097837	-4.346454e-17	0	300
4.607000000000495e-10	0.1940094	-1.6550632e-07	0.98097837	-4.346454e-17	0	300
4.6080000000004953e-10	0.1940094	-1.6654587e-07	0.98097837	-4.346454e-17	0	300
4.6090000000004956e-10	0.1940094	-1.6758293e-07	0.98097837	-4.346454e-17	0	300
4.610000000000496e-10	0.1940094	-1.6861593e-07	0.98097837	-4.346454e-17	0	300
4.611000000000496e-10	0.1940094	-1.6965399e-07	0.98097837	-4.3464533e-17	0	300
4.6120000000004965e-10	0.1940094	-1.7068955e-07	0.98097837	-4.3464533e-17	0	300
4.613000000000497e-10	0.1940094	-1.717239e-07	0.98097837	-4.346454e-17	0	300
4.614000000000497e-10	0.1940094	-1.727547e-07	0.98097837	-4.3464546e-17	0	300
4.6150000000004974e-10	0.1940094	-1.7378377e-07	0.98097837	-4.346454e-17	0	300
4.6160000000004977e-10	0.1940094	-1.748121e-07	0.98097837	-4.346454e-17	0	300
4.617000000000498e-10	0.1940094	-1.758367e-07	0.98097837	-4.346454e-17	0	300
